repeat,episode_id,step_idx,task,hit_type,top_score,cp1_collect_ms,cp1_gate_ms,cp1_build_ms,cp1_search_ms,cp1_judge_ms,cp1_fetch_ms,cp1_total_ms,warm_start_action_approx,action_history_approx_active
0,0,0,put both the alphabet soup and the tomato sauce in the basket,FULL_HIT,0.998871,0.006344,0.003473,0.516001,35.372368,0.017164,0.008286,36.076914,0,0
0,0,1,put both the alphabet soup and the tomato sauce in the basket,FULL_HIT,0.998866,0.006307,0.002621,0.691256,33.305724,0.015919,0.007677,34.154460,0,0
0,0,2,put both the alphabet soup and the tomato sauce in the basket,FULL_HIT,0.998863,0.008103,0.002790,1.014829,34.797586,0.015454,0.007677,35.969024,0,0
0,0,3,put both the alphabet soup and the tomato sauce in the basket,FULL_HIT,0.998860,0.005923,0.002317,0.441559,34.583645,0.023895,0.009875,35.191480,0,0
0,0,4,put both the alphabet soup and the tomato sauce in the basket,FULL_HIT,0.998831,0.005938,0.002262,0.456643,34.828361,0.015921,0.007755,35.431241,0,0
0,0,5,put both the alphabet soup and the tomato sauce in the basket,FULL_HIT,0.998808,0.005543,0.002335,0.407874,34.179933,0.016313,0.007783,34.737833,0,0
0,0,6,put both the alphabet soup and the tomato sauce in the basket,FULL_HIT,0.998796,0.005697,0.002240,0.308659,34.071855,0.015044,0.008036,34.539195,0,0
0,0,7,put both the alphabet soup and the tomato sauce in the basket,FULL_HIT,0.998818,0.007662,0.002728,0.346074,32.970749,0.014493,0.009836,33.474635,0,0
0,0,8,put both the alphabet soup and the tomato sauce in the basket,FULL_HIT,0.998785,0.004612,0.002369,0.327337,33.097770,0.013006,0.006739,33.552288,0,0
0,0,9,put both the alphabet soup and the tomato sauce in the basket,FULL_HIT,0.998727,0.004626,0.002061,0.382837,32.830564,0.012889,0.007149,33.341345,0,0
0,0,10,put both the alphabet soup and the tomato sauce in the basket,FULL_HIT,0.998693,0.004286,0.002456,0.437402,33.022099,0.013520,0.006768,33.591353,0,0
0,0,11,put both the alphabet soup and the tomato sauce in the basket,FULL_HIT,0.998600,0.004805,0.002491,0.405527,32.904339,0.013071,0.007019,33.440442,0,0
0,0,12,put both the alphabet soup and the tomato sauce in the basket,FULL_HIT,0.998636,0.004698,0.002172,0.412029,32.701567,0.014810,0.006877,33.249319,0,0
0,0,13,put both the alphabet soup and the tomato sauce in the basket,FULL_HIT,0.998673,0.004857,0.002356,0.381822,33.983831,0.013298,0.006758,34.496964,0,0
0,0,14,put both the alphabet soup and the tomato sauce in the basket,FULL_HIT,0.998716,0.004523,0.002205,0.404712,33.390684,0.012883,0.006534,33.922947,0,0
0,0,15,put both the alphabet soup and the tomato sauce in the basket,FULL_HIT,0.998733,0.004399,0.002160,0.380973,68.876739,0.012491,0.006188,69.386057,0,0
0,0,16,put both the alphabet soup and the tomato sauce in the basket,FULL_HIT,0.998484,0.005347,0.002654,10.022051,52.191075,0.012552,0.007228,62.371645,0,0
0,0,17,put both the alphabet soup and the tomato sauce in the basket,FULL_HIT,0.998463,0.005309,0.002410,0.418362,36.844212,0.011466,0.005911,37.383853,0,0
0,0,18,put both the alphabet soup and the tomato sauce in the basket,FULL_HIT,0.998466,0.004442,0.002455,0.355633,35.204912,0.013154,0.006612,35.708889,0,0
0,0,19,put both the alphabet soup and the tomato sauce in the basket,FULL_HIT,0.998458,0.004803,0.002657,0.334129,33.748923,0.010789,0.006144,34.206418,0,0
0,0,20,put both the alphabet soup and the tomato sauce in the basket,FULL_HIT,0.998457,0.004865,0.002708,0.378235,33.646088,0.011139,0.005854,34.149996,0,0
0,0,21,put both the alphabet soup and the tomato sauce in the basket,FULL_HIT,0.998454,0.004510,0.002136,0.317373,34.337010,0.010910,0.005394,34.772221,0,0
0,0,22,put both the alphabet soup and the tomato sauce in the basket,FULL_HIT,0.998442,0.005070,0.001979,0.375003,34.096601,0.011118,0.005416,34.596166,0,0
0,0,23,put both the alphabet soup and the tomato sauce in the basket,FULL_HIT,0.998443,0.004368,0.002192,0.318894,33.320422,0.011338,0.005909,33.771233,0,0
0,0,24,put both the alphabet soup and the tomato sauce in the basket,FULL_HIT,0.998437,0.004470,0.002664,0.318537,33.444792,0.017939,0.005852,33.893173,0,0
0,0,25,put both the alphabet soup and the tomato sauce in the basket,FULL_HIT,0.998453,0.004812,0.002167,0.325276,34.882639,0.011102,0.005468,35.330642,0,0
0,0,26,put both the alphabet soup and the tomato sauce in the basket,FULL_HIT,0.998442,0.004990,0.002332,0.323508,35.779416,0.010295,0.005993,36.234884,0,0
0,0,27,put both the alphabet soup and the tomato sauce in the basket,FULL_HIT,0.998483,0.005028,0.002022,0.321336,33.655745,0.010826,0.005645,34.111713,0,0
0,0,28,put both the alphabet soup and the tomato sauce in the basket,FULL_HIT,0.998483,0.004376,0.002242,0.317662,33.990053,0.012056,0.006815,34.432284,0,0
0,0,29,put both the alphabet soup and the tomato sauce in the basket,FULL_HIT,0.998495,0.004998,0.002334,0.327567,33.482812,0.012633,0.006420,33.944602,0,0
0,0,30,put both the alphabet soup and the tomato sauce in the basket,FULL_HIT,0.998476,0.004703,0.002546,0.323379,33.785269,0.012441,0.006845,34.244197,0,0
0,0,31,put both the alphabet soup and the tomato sauce in the basket,FULL_HIT,0.998478,0.004194,0.002198,0.325703,33.372202,0.010370,0.005687,33.813385,0,0
0,0,32,put both the alphabet soup and the tomato sauce in the basket,FULL_HIT,0.998491,0.004572,0.003014,0.310729,33.185080,0.010814,0.005535,33.616085,0,0
0,0,33,put both the alphabet soup and the tomato sauce in the basket,FULL_HIT,0.998504,0.004857,0.002285,0.322331,33.619079,0.010854,0.005870,34.063443,0,0
0,0,34,put both the alphabet soup and the tomato sauce in the basket,FULL_HIT,0.998489,0.004539,0.002104,0.316231,33.152214,0.010586,0.005767,33.599465,0,0
0,0,35,put both the alphabet soup and the tomato sauce in the basket,FULL_HIT,0.998374,0.005156,0.002022,0.313151,33.349739,0.010987,0.006135,33.793724,0,0
0,0,36,put both the alphabet soup and the tomato sauce in the basket,FULL_HIT,0.998723,0.004282,0.001964,0.310922,33.335081,0.010850,0.005462,33.765013,0,0
0,0,37,put both the alphabet soup and the tomato sauce in the basket,FULL_HIT,0.998721,0.004995,0.002197,0.308653,33.508422,0.010567,0.005851,33.936917,0,0
0,0,38,put both the alphabet soup and the tomato sauce in the basket,FULL_HIT,0.998716,0.005161,0.002099,0.323789,33.183660,0.010871,0.005365,33.632730,0,0
0,0,39,put both the alphabet soup and the tomato sauce in the basket,FULL_HIT,0.998693,0.004314,0.002181,0.313081,33.299019,0.012249,0.005554,33.743915,0,0
0,0,40,put both the alphabet soup and the tomato sauce in the basket,FULL_HIT,0.998648,0.004491,0.002342,0.339283,33.408317,0.011617,0.006759,33.877657,0,0
0,0,41,put both the alphabet soup and the tomato sauce in the basket,FULL_HIT,0.998618,0.005181,0.002401,0.352026,34.055957,0.013218,0.007576,34.546908,0,0
0,0,42,put both the alphabet soup and the tomato sauce in the basket,FULL_HIT,0.998658,0.005151,0.002646,0.341600,34.461948,0.013757,0.006977,34.947687,0,0
0,0,43,put both the alphabet soup and the tomato sauce in the basket,FULL_HIT,0.998663,0.005574,0.002707,0.351547,35.955633,0.014155,0.006998,36.453103,0,0
0,0,44,put both the alphabet soup and the tomato sauce in the basket,FULL_HIT,0.998656,0.005574,0.002931,0.359155,36.614870,0.013999,0.006469,37.133779,0,0
0,0,45,put both the alphabet soup and the tomato sauce in the basket,FULL_HIT,0.998594,0.004679,0.002475,0.346079,35.283798,0.013079,0.006308,35.766442,0,0
0,0,46,put both the alphabet soup and the tomato sauce in the basket,FULL_HIT,0.998630,0.004901,0.002495,0.398473,39.247977,0.032558,0.024408,39.932859,0,0
0,0,47,put both the alphabet soup and the tomato sauce in the basket,FULL_HIT,0.998514,0.010486,0.002520,0.397157,34.147194,0.013639,0.007147,34.700665,0,0
0,0,48,put both the alphabet soup and the tomato sauce in the basket,FULL_HIT,0.998265,0.005070,0.002758,0.342915,33.729998,0.012770,0.007110,34.209549,0,0
0,0,49,put both the alphabet soup and the tomato sauce in the basket,FULL_HIT,0.998189,0.005707,0.002560,0.338918,33.309134,0.013530,0.006988,33.801491,0,0
0,0,50,put both the alphabet soup and the tomato sauce in the basket,FULL_HIT,0.998159,0.004563,0.002609,0.318804,35.620045,0.013429,0.006803,36.084147,0,0
0,0,51,put both the alphabet soup and the tomato sauce in the basket,FULL_HIT,0.998368,0.005271,0.002546,0.348393,33.577385,0.013553,0.006710,34.069665,0,0
0,0,52,put both the alphabet soup and the tomato sauce in the basket,FULL_HIT,0.998438,0.004662,0.002445,0.393940,33.837117,0.013675,0.006995,34.374640,0,0
0,0,53,put both the alphabet soup and the tomato sauce in the basket,FULL_HIT,0.998433,0.005849,0.002634,0.333442,34.869894,0.012913,0.006944,35.361789,0,0
0,0,54,put both the alphabet soup and the tomato sauce in the basket,FULL_HIT,0.998421,0.004269,0.002206,0.334833,33.304907,0.014205,0.007297,33.779486,0,0
0,0,55,put both the alphabet soup and the tomato sauce in the basket,FULL_HIT,0.998385,0.004747,0.002244,0.339584,34.243569,0.013285,0.007369,34.721455,0,0
0,0,56,put both the alphabet soup and the tomato sauce in the basket,FULL_HIT,0.998364,0.004631,0.002492,0.393909,34.816289,0.013273,0.007528,35.350930,0,0
0,0,57,put both the alphabet soup and the tomato sauce in the basket,FULL_HIT,0.998387,0.004146,0.002097,0.347862,33.679651,0.013104,0.007005,34.157422,0,0
0,1,0,put both the alphabet soup and the tomato sauce in the basket,FULL_HIT,0.998871,0.004455,0.002437,0.342292,33.590481,0.012799,0.006765,34.102260,0,0
0,1,1,put both the alphabet soup and the tomato sauce in the basket,FULL_HIT,0.998843,0.004721,0.002121,0.408225,33.529296,0.013289,0.007051,34.067602,0,0
0,1,2,put both the alphabet soup and the tomato sauce in the basket,FULL_HIT,0.998818,0.004685,0.002042,0.349388,33.445701,0.013153,0.006460,33.924234,0,0
0,1,3,put both the alphabet soup and the tomato sauce in the basket,FULL_HIT,0.998742,0.004278,0.002018,0.326681,34.031466,0.011702,0.007080,34.481167,0,0
0,1,4,put both the alphabet soup and the tomato sauce in the basket,FULL_HIT,0.998698,0.005146,0.002131,0.348396,33.921381,0.013143,0.006931,34.397666,0,0
0,1,5,put both the alphabet soup and the tomato sauce in the basket,FULL_HIT,0.998690,0.004570,0.002032,0.361761,34.283487,0.012359,0.006574,34.774536,0,0
0,1,6,put both the alphabet soup and the tomato sauce in the basket,FULL_HIT,0.998748,0.004741,0.002260,0.347513,34.586150,0.013227,0.006818,35.062433,0,0
0,1,7,put both the alphabet soup and the tomato sauce in the basket,FULL_HIT,0.998789,0.004287,0.002300,0.324069,33.417679,0.013199,0.007109,33.868941,0,0
0,1,8,put both the alphabet soup and the tomato sauce in the basket,FULL_HIT,0.998793,0.004627,0.002172,0.321742,33.469378,0.012976,0.006624,33.916680,0,0
0,1,9,put both the alphabet soup and the tomato sauce in the basket,FULL_HIT,0.998775,0.004136,0.002271,0.321238,33.694302,0.012757,0.006537,34.144244,0,0
0,1,10,put both the alphabet soup and the tomato sauce in the basket,FULL_HIT,0.998723,0.005076,0.002129,0.337975,34.933409,0.012541,0.006438,35.401170,0,0
0,1,11,put both the alphabet soup and the tomato sauce in the basket,FULL_HIT,0.998699,0.004065,0.001856,0.310143,31.897416,0.012819,0.006276,32.331382,0,0
0,1,12,put both the alphabet soup and the tomato sauce in the basket,FULL_HIT,0.998717,0.003748,0.001564,0.309845,32.527200,0.012717,0.006068,32.950057,0,0
0,1,13,put both the alphabet soup and the tomato sauce in the basket,FULL_HIT,0.998709,0.003536,0.001720,0.329083,31.791117,0.012298,0.006675,32.235305,0,0
0,1,14,put both the alphabet soup and the tomato sauce in the basket,FULL_HIT,0.998617,0.003633,0.001549,0.304414,31.739170,0.012741,0.006622,32.157450,0,0
0,1,15,put both the alphabet soup and the tomato sauce in the basket,FULL_HIT,0.998769,0.003842,0.001639,0.310946,31.450332,0.012095,0.006339,31.875368,0,0
0,1,16,put both the alphabet soup and the tomato sauce in the basket,FULL_HIT,0.998767,0.004010,0.002070,0.297545,31.537840,0.013786,0.006765,31.952689,0,0
0,1,17,put both the alphabet soup and the tomato sauce in the basket,FULL_HIT,0.998759,0.003632,0.001615,0.303844,31.627245,0.013008,0.006954,32.045406,0,0
0,1,18,put both the alphabet soup and the tomato sauce in the basket,FULL_HIT,0.998693,0.003641,0.001513,0.294839,31.315060,0.013324,0.006817,31.731208,0,0
0,1,19,put both the alphabet soup and the tomato sauce in the basket,FULL_HIT,0.998634,0.004029,0.001652,0.306282,31.367760,0.012287,0.006848,31.788884,0,0
0,1,20,put both the alphabet soup and the tomato sauce in the basket,FULL_HIT,0.998598,0.003624,0.001573,0.302747,31.327009,0.012728,0.006805,31.744950,0,0
0,1,21,put both the alphabet soup and the tomato sauce in the basket,FULL_HIT,0.998576,0.003835,0.001650,0.304512,68.296981,0.012274,0.005650,68.714737,0,0
0,1,22,put both the alphabet soup and the tomato sauce in the basket,FULL_HIT,0.998574,0.004525,0.002280,8.545035,64.976990,0.010677,0.005954,73.637081,0,0
0,1,23,put both the alphabet soup and the tomato sauce in the basket,FULL_HIT,0.998571,0.004412,0.001976,7.127087,61.484634,0.010395,0.005627,68.736883,0,0
0,1,24,put both the alphabet soup and the tomato sauce in the basket,FULL_HIT,0.998538,0.003578,0.001657,7.137036,63.491599,0.010300,0.005599,70.737343,0,0
0,1,25,put both the alphabet soup and the tomato sauce in the basket,FULL_HIT,0.998483,0.004034,0.001631,7.294932,69.224500,0.011600,0.006538,76.643931,0,0
0,1,26,put both the alphabet soup and the tomato sauce in the basket,FULL_HIT,0.998409,0.004146,0.002037,7.610986,66.827459,0.010280,0.006020,74.558228,0,0
0,1,27,put both the alphabet soup and the tomato sauce in the basket,FULL_HIT,0.998338,0.004403,0.001714,0.322825,32.043294,0.024256,0.006725,32.502729,0,0
0,1,28,put both the alphabet soup and the tomato sauce in the basket,FULL_HIT,0.998257,0.003997,0.001733,0.317089,31.988402,0.013075,0.006884,32.434110,0,0
0,1,29,put both the alphabet soup and the tomato sauce in the basket,FULL_HIT,0.998379,0.003823,0.001910,0.311038,31.770391,0.013206,0.006999,32.201790,0,0
0,1,30,put both the alphabet soup and the tomato sauce in the basket,FULL_HIT,0.998342,0.003986,0.001656,0.299978,31.562769,0.012910,0.006744,31.981390,0,0
0,1,31,put both the alphabet soup and the tomato sauce in the basket,FULL_HIT,0.998355,0.003750,0.001864,0.321109,31.549818,0.013217,0.007276,31.990484,0,0
0,1,32,put both the alphabet soup and the tomato sauce in the basket,FULL_HIT,0.998407,0.003886,0.001683,0.322785,31.662480,0.012380,0.006160,32.102491,0,0
0,1,33,put both the alphabet soup and the tomato sauce in the basket,FULL_HIT,0.998522,0.003920,0.001682,0.305188,31.671981,0.012728,0.007872,32.096134,0,0
0,1,34,put both the alphabet soup and the tomato sauce in the basket,FULL_HIT,0.998548,0.003792,0.001687,0.310523,31.565587,0.012862,0.007529,31.996042,0,0
0,1,35,put both the alphabet soup and the tomato sauce in the basket,FULL_HIT,0.998551,0.004071,0.001742,0.313420,31.784302,0.012912,0.006937,32.215650,0,0
0,1,36,put both the alphabet soup and the tomato sauce in the basket,FULL_HIT,0.998548,0.004193,0.001710,0.304085,31.662286,0.013329,0.006588,32.087236,0,0
0,1,37,put both the alphabet soup and the tomato sauce in the basket,FULL_HIT,0.998556,0.003635,0.001734,0.300854,37.957066,0.016724,0.006611,38.393324,0,0
0,1,38,put both the alphabet soup and the tomato sauce in the basket,FULL_HIT,0.998677,0.003960,0.001839,0.308245,33.145528,0.013311,0.006651,33.591671,0,0
0,1,39,put both the alphabet soup and the tomato sauce in the basket,FULL_HIT,0.998620,0.003749,0.001742,0.323953,32.909864,0.013373,0.006731,33.349099,0,0
0,1,40,put both the alphabet soup and the tomato sauce in the basket,FULL_HIT,0.998565,0.003809,0.001668,0.366665,37.149746,0.013591,0.017352,37.666189,0,0
0,1,41,put both the alphabet soup and the tomato sauce in the basket,FULL_HIT,0.998502,0.004193,0.001642,0.383963,36.723903,0.041196,0.006877,37.258418,0,0
0,1,42,put both the alphabet soup and the tomato sauce in the basket,FULL_HIT,0.998442,0.003947,0.001723,0.483216,33.740113,0.013056,0.006806,34.363615,0,0
0,1,43,put both the alphabet soup and the tomato sauce in the basket,FULL_HIT,0.998469,0.003920,0.001668,0.333597,32.540353,0.013210,0.006583,33.002158,0,0
0,1,44,put both the alphabet soup and the tomato sauce in the basket,FULL_HIT,0.998369,0.003850,0.001774,0.362894,31.923139,0.012757,0.006735,32.407550,0,0
0,1,45,put both the alphabet soup and the tomato sauce in the basket,FULL_HIT,0.998300,0.003617,0.001658,0.407184,31.911687,0.013046,0.006895,32.440633,0,0
0,1,46,put both the alphabet soup and the tomato sauce in the basket,FULL_HIT,0.998316,0.003997,0.001705,0.325049,32.127597,0.014039,0.006562,32.573145,0,0
0,1,47,put both the alphabet soup and the tomato sauce in the basket,FULL_HIT,0.998217,0.004131,0.001764,0.321481,31.743187,0.013361,0.006965,32.185089,0,0
0,1,48,put both the alphabet soup and the tomato sauce in the basket,FULL_HIT,0.998145,0.004118,0.001810,0.331296,31.628905,0.012761,0.007025,32.080957,0,0
0,1,49,put both the alphabet soup and the tomato sauce in the basket,FULL_HIT,0.998092,0.003925,0.001722,0.328184,33.485713,0.012915,0.006260,33.935534,0,0
0,1,50,put both the alphabet soup and the tomato sauce in the basket,FULL_HIT,0.998259,0.003887,0.001822,0.331223,32.156502,0.013821,0.006735,32.608241,0,0
0,1,51,put both the alphabet soup and the tomato sauce in the basket,FULL_HIT,0.998283,0.003670,0.001666,0.322478,31.966723,0.014207,0.006739,32.409680,0,0
0,1,52,put both the alphabet soup and the tomato sauce in the basket,FULL_HIT,0.998222,0.003947,0.001638,0.320229,32.025490,0.013123,0.007343,32.471292,0,0
0,1,53,put both the alphabet soup and the tomato sauce in the basket,FULL_HIT,0.998225,0.003801,0.001570,0.346419,31.883473,0.013911,0.006842,32.352946,0,0
0,1,54,put both the alphabet soup and the tomato sauce in the basket,FULL_HIT,0.998213,0.003820,0.001807,0.333277,31.853614,0.013371,0.006820,32.319825,0,0
0,1,55,put both the alphabet soup and the tomato sauce in the basket,FULL_HIT,0.998279,0.003708,0.001720,0.327887,31.713286,0.013394,0.009057,32.164881,0,0
0,1,56,put both the alphabet soup and the tomato sauce in the basket,FULL_HIT,0.998393,0.003746,0.001908,0.328045,31.799836,0.013360,0.006323,32.250137,0,0
0,1,57,put both the alphabet soup and the tomato sauce in the basket,FULL_HIT,0.998280,0.003983,0.001676,0.343354,31.739474,0.013005,0.006582,32.202794,0,0
0,2,0,put both the alphabet soup and the tomato sauce in the basket,FULL_HIT,0.998871,0.003909,0.001877,0.343696,32.007034,0.013630,0.006582,32.471355,0,0
0,2,1,put both the alphabet soup and the tomato sauce in the basket,FULL_HIT,0.998842,0.004218,0.001687,0.314775,31.706437,0.012792,0.006962,32.140067,0,0
0,2,2,put both the alphabet soup and the tomato sauce in the basket,FULL_HIT,0.998831,0.004091,0.001645,0.322292,31.958543,0.013024,0.006843,32.401153,0,0
0,2,3,put both the alphabet soup and the tomato sauce in the basket,FULL_HIT,0.998816,0.003781,0.001858,0.328556,31.776221,0.013675,0.006777,32.225064,0,0
0,2,4,put both the alphabet soup and the tomato sauce in the basket,FULL_HIT,0.998793,0.003852,0.001683,0.337959,31.857440,0.013460,0.006818,32.313514,0,0
0,2,5,put both the alphabet soup and the tomato sauce in the basket,FULL_HIT,0.998775,0.004030,0.001735,0.314033,31.833214,0.013392,0.006540,32.264611,0,0
0,2,6,put both the alphabet soup and the tomato sauce in the basket,FULL_HIT,0.998778,0.003753,0.001709,0.315793,32.904556,0.012445,0.006698,33.337220,0,0
0,2,7,put both the alphabet soup and the tomato sauce in the basket,FULL_HIT,0.998773,0.003809,0.001745,0.314201,32.226328,0.013696,0.007087,32.659401,0,0
0,2,8,put both the alphabet soup and the tomato sauce in the basket,FULL_HIT,0.998768,0.003987,0.001706,0.330052,31.664864,0.012943,0.006732,32.123058,0,0
0,2,9,put both the alphabet soup and the tomato sauce in the basket,FULL_HIT,0.998770,0.003930,0.001653,0.332277,32.116864,0.012618,0.006892,32.577524,0,0
0,2,10,put both the alphabet soup and the tomato sauce in the basket,FULL_HIT,0.998778,0.003806,0.001626,0.317152,32.357571,0.013144,0.006657,32.791487,0,0
0,2,11,put both the alphabet soup and the tomato sauce in the basket,FULL_HIT,0.998778,0.003848,0.002168,0.326998,33.493203,0.013666,0.006391,33.979976,0,0
0,2,12,put both the alphabet soup and the tomato sauce in the basket,FULL_HIT,0.998772,0.003828,0.001665,0.349207,33.630050,0.012951,0.015395,34.106994,0,0
0,2,13,put both the alphabet soup and the tomato sauce in the basket,FULL_HIT,0.998765,0.003693,0.001667,0.341097,32.326773,0.013292,0.007606,32.788354,0,0
0,2,14,put both the alphabet soup and the tomato sauce in the basket,FULL_HIT,0.998800,0.003840,0.001622,0.311000,32.520897,0.012991,0.006609,32.948812,0,0
0,2,15,put both the alphabet soup and the tomato sauce in the basket,FULL_HIT,0.998817,0.003808,0.001644,6.605362,32.010320,0.012627,0.006859,38.738755,0,0
0,2,16,put both the alphabet soup and the tomato sauce in the basket,FULL_HIT,0.998795,0.003680,0.001797,0.306853,32.114138,0.013772,0.006433,32.539741,0,0
0,2,17,put both the alphabet soup and the tomato sauce in the basket,FULL_HIT,0.998804,0.004363,0.001691,0.329138,33.062402,0.011152,0.005382,33.501221,0,0
0,2,18,put both the alphabet soup and the tomato sauce in the basket,FULL_HIT,0.998807,0.003768,0.001869,0.347411,33.150310,0.012407,0.006020,33.613009,0,0
0,2,19,put both the alphabet soup and the tomato sauce in the basket,FULL_HIT,0.998811,0.003971,0.001730,0.329414,33.198056,0.013143,0.006772,33.655137,0,0
0,2,20,put both the alphabet soup and the tomato sauce in the basket,FULL_HIT,0.998812,0.004072,0.001959,0.373649,32.838010,0.012219,0.013103,33.335677,0,0
0,2,21,put both the alphabet soup and the tomato sauce in the basket,FULL_HIT,0.998801,0.004281,0.001986,0.323539,32.592300,0.011677,0.005612,33.036644,0,0
0,2,22,put both the alphabet soup and the tomato sauce in the basket,FULL_HIT,0.998797,0.003989,0.001690,0.341942,32.445409,0.010617,0.005990,32.897175,0,0
0,2,23,put both the alphabet soup and the tomato sauce in the basket,FULL_HIT,0.998795,0.004272,0.001793,0.307462,32.341386,0.010909,0.005619,32.759757,0,0
0,2,24,put both the alphabet soup and the tomato sauce in the basket,FULL_HIT,0.998782,0.003996,0.001792,0.324687,32.386199,0.011757,0.005550,32.821698,0,0
0,2,25,put both the alphabet soup and the tomato sauce in the basket,FULL_HIT,0.998783,0.003760,0.001646,0.333428,32.776448,0.012042,0.005415,33.223107,0,0
0,2,26,put both the alphabet soup and the tomato sauce in the basket,FULL_HIT,0.998769,0.004012,0.001656,0.314526,32.661051,0.010148,0.005395,33.084775,0,0
0,2,27,put both the alphabet soup and the tomato sauce in the basket,FULL_HIT,0.998785,0.003977,0.001698,0.343033,32.921896,0.011264,0.005164,33.395545,0,0
0,2,28,put both the alphabet soup and the tomato sauce in the basket,FULL_HIT,0.998802,0.004026,0.001740,0.306034,32.622662,0.020902,0.005561,33.061314,0,0
0,2,29,put both the alphabet soup and the tomato sauce in the basket,FULL_HIT,0.998760,0.004479,0.001867,0.330856,32.645483,0.011341,0.005252,33.095166,0,0
0,2,30,put both the alphabet soup and the tomato sauce in the basket,FULL_HIT,0.998686,0.004172,0.001695,0.303858,32.244830,0.010268,0.005404,32.658843,0,0
0,2,31,put both the alphabet soup and the tomato sauce in the basket,FULL_HIT,0.998486,0.003861,0.001813,0.314454,33.394914,0.013602,0.006986,33.830034,0,0
0,2,32,put both the alphabet soup and the tomato sauce in the basket,FULL_HIT,0.998766,0.004350,0.002119,0.394303,32.374655,0.012997,0.006277,32.895684,0,0
0,2,33,put both the alphabet soup and the tomato sauce in the basket,FULL_HIT,0.998751,0.003890,0.001767,0.374134,31.951872,0.010385,0.005822,32.437765,0,0
0,2,34,put both the alphabet soup and the tomato sauce in the basket,FULL_HIT,0.998723,0.004125,0.001661,0.302270,32.686461,0.010621,0.005969,33.113925,0,0
0,2,35,put both the alphabet soup and the tomato sauce in the basket,FULL_HIT,0.998753,0.003731,0.001668,0.343459,39.020930,0.009717,0.005956,39.483643,0,0
0,2,36,put both the alphabet soup and the tomato sauce in the basket,FULL_HIT,0.998803,0.004005,0.001778,0.309236,32.679422,0.010902,0.005324,33.098741,0,0
0,2,37,put both the alphabet soup and the tomato sauce in the basket,FULL_HIT,0.998801,0.004000,0.001804,0.344068,32.106994,0.009997,0.005730,32.562148,0,0
0,2,38,put both the alphabet soup and the tomato sauce in the basket,FULL_HIT,0.998759,0.003780,0.001882,0.312685,32.153542,0.012781,0.005734,32.590309,0,0
0,2,39,put both the alphabet soup and the tomato sauce in the basket,FULL_HIT,0.998684,0.003915,0.001761,0.348650,31.867111,0.011488,0.005456,32.337817,0,0
0,2,40,put both the alphabet soup and the tomato sauce in the basket,FULL_HIT,0.998665,0.004096,0.001700,0.333471,32.150752,0.011420,0.005970,32.598134,0,0
0,2,41,put both the alphabet soup and the tomato sauce in the basket,FULL_HIT,0.998622,0.004424,0.001702,0.345480,32.088573,0.011829,0.005719,32.557869,0,0
0,2,42,put both the alphabet soup and the tomato sauce in the basket,FULL_HIT,0.998604,0.003958,0.001718,0.314401,31.898025,0.012846,0.006504,32.330003,0,0
0,2,43,put both the alphabet soup and the tomato sauce in the basket,FULL_HIT,0.998589,0.003675,0.001969,0.306677,31.817534,0.012461,0.006766,32.241197,0,0
0,2,44,put both the alphabet soup and the tomato sauce in the basket,FULL_HIT,0.998579,0.003870,0.001858,0.304189,32.440229,0.013260,0.007463,32.867837,0,0
0,2,45,put both the alphabet soup and the tomato sauce in the basket,FULL_HIT,0.998499,0.004637,0.002173,0.322082,33.474136,0.013884,0.007050,33.927123,0,0
0,2,46,put both the alphabet soup and the tomato sauce in the basket,FULL_HIT,0.998493,0.004787,0.001925,0.320270,32.907234,0.025870,0.006806,33.371435,0,0
0,2,47,put both the alphabet soup and the tomato sauce in the basket,FULL_HIT,0.998474,0.004974,0.002158,0.318860,33.316680,0.013893,0.006928,33.801351,0,0
0,2,48,put both the alphabet soup and the tomato sauce in the basket,FULL_HIT,0.998509,0.004569,0.001774,0.314053,33.362999,0.013177,0.006207,33.799605,0,0
0,2,49,put both the alphabet soup and the tomato sauce in the basket,FULL_HIT,0.998453,0.003818,0.001586,0.362810,32.094784,0.013872,0.006774,32.601944,0,0
0,2,50,put both the alphabet soup and the tomato sauce in the basket,FULL_HIT,0.998399,0.004137,0.001644,0.383719,31.850647,0.013194,0.006489,32.353710,0,0
0,2,51,put both the alphabet soup and the tomato sauce in the basket,FULL_HIT,0.998268,0.003760,0.001986,0.373479,31.706141,0.012989,0.006581,32.198528,0,0
0,2,52,put both the alphabet soup and the tomato sauce in the basket,FULL_HIT,0.998112,0.003891,0.001728,0.394869,31.596975,0.014054,0.006506,32.112374,0,0
0,2,53,put both the alphabet soup and the tomato sauce in the basket,FULL_HIT,0.998372,0.003986,0.001661,0.374825,32.002884,0.012830,0.006628,32.496823,0,0
0,2,54,put both the alphabet soup and the tomato sauce in the basket,FULL_HIT,0.998291,0.003950,0.001671,0.344638,32.308260,0.013683,0.007333,32.781921,0,0
0,3,0,put both the alphabet soup and the tomato sauce in the basket,FULL_HIT,0.998871,0.004522,0.001761,0.308854,32.739569,0.012814,0.007787,33.171803,0,0
0,3,1,put both the alphabet soup and the tomato sauce in the basket,FULL_HIT,0.998846,0.004325,0.001725,0.327088,33.620852,0.013959,0.006780,34.104329,0,0
0,3,2,put both the alphabet soup and the tomato sauce in the basket,FULL_HIT,0.998829,0.004196,0.001783,0.345428,33.024921,0.013154,0.006722,33.488905,0,0
0,3,3,put both the alphabet soup and the tomato sauce in the basket,FULL_HIT,0.998824,0.004146,0.001744,0.322672,31.985217,0.013780,0.006827,32.428835,0,0
0,3,4,put both the alphabet soup and the tomato sauce in the basket,FULL_HIT,0.998816,0.004302,0.001763,0.315697,32.072812,0.013636,0.007904,32.510116,0,0
0,3,5,put both the alphabet soup and the tomato sauce in the basket,FULL_HIT,0.998823,0.003876,0.001614,0.312570,31.927499,0.013843,0.006887,32.357961,0,0
0,3,6,put both the alphabet soup and the tomato sauce in the basket,FULL_HIT,0.998823,0.004314,0.001783,0.315984,32.088707,0.014398,0.007051,32.543311,0,0
0,3,7,put both the alphabet soup and the tomato sauce in the basket,FULL_HIT,0.998815,0.003872,0.001644,0.325352,32.007133,0.013192,0.007001,32.450902,0,0
0,3,8,put both the alphabet soup and the tomato sauce in the basket,FULL_HIT,0.998807,0.004118,0.001778,0.328301,31.933886,0.012919,0.006886,32.382139,0,0
0,3,9,put both the alphabet soup and the tomato sauce in the basket,FULL_HIT,0.998803,0.004050,0.001773,0.322859,31.922036,0.012549,0.006952,32.374312,0,0
0,3,10,put both the alphabet soup and the tomato sauce in the basket,FULL_HIT,0.998788,0.004065,0.001682,0.330372,32.155543,0.013309,0.006913,32.604759,0,0
0,3,11,put both the alphabet soup and the tomato sauce in the basket,FULL_HIT,0.998760,0.003844,0.001736,0.321889,31.862664,0.013839,0.006657,32.304839,0,0
0,3,12,put both the alphabet soup and the tomato sauce in the basket,FULL_HIT,0.998663,0.003733,0.001801,0.320760,31.855470,0.013403,0.006533,32.294288,0,0
0,3,13,put both the alphabet soup and the tomato sauce in the basket,FULL_HIT,0.998704,0.003810,0.001805,0.317801,31.901569,0.012742,0.006875,32.340737,0,0
0,3,14,put both the alphabet soup and the tomato sauce in the basket,FULL_HIT,0.998707,0.004184,0.001651,0.303742,31.866955,0.014097,0.006662,32.289366,0,0
0,3,15,put both the alphabet soup and the tomato sauce in the basket,FULL_HIT,0.998703,0.004161,0.001817,0.304789,32.427585,0.012988,0.006611,32.854326,0,0
0,3,16,put both the alphabet soup and the tomato sauce in the basket,FULL_HIT,0.998701,0.004135,0.001917,0.324119,32.082253,0.013616,0.006775,32.528293,0,0
0,3,17,put both the alphabet soup and the tomato sauce in the basket,FULL_HIT,0.998647,0.003974,0.001671,0.322873,32.219872,0.013314,0.007361,32.662391,0,0
0,3,18,put both the alphabet soup and the tomato sauce in the basket,FULL_HIT,0.998547,0.003787,0.001888,0.350862,33.420879,0.012709,0.006667,33.892570,0,0
0,3,19,put both the alphabet soup and the tomato sauce in the basket,FULL_HIT,0.998417,0.004007,0.001713,0.336038,33.187220,0.012950,0.006622,33.642290,0,0
0,3,20,put both the alphabet soup and the tomato sauce in the basket,FULL_HIT,0.998237,0.004219,0.002170,0.316834,32.044769,0.013214,0.007008,32.483992,0,0
0,3,21,put both the alphabet soup and the tomato sauce in the basket,FULL_HIT,0.998121,0.019798,0.001748,0.309299,32.131112,0.012579,0.007077,32.573781,0,0
0,3,22,put both the alphabet soup and the tomato sauce in the basket,FULL_HIT,0.998091,0.003937,0.001684,0.322403,31.976764,0.013831,0.007181,32.420383,0,0
0,3,23,put both the alphabet soup and the tomato sauce in the basket,FULL_HIT,0.998065,0.004282,0.001703,0.323550,32.124846,0.013517,0.007289,32.570182,0,0
0,3,24,put both the alphabet soup and the tomato sauce in the basket,FULL_HIT,0.998078,0.004000,0.001730,0.307316,34.160600,0.014319,0.006918,34.591906,0,0
0,3,25,put both the alphabet soup and the tomato sauce in the basket,FULL_HIT,0.998172,0.003793,0.001678,0.314890,33.045900,0.013351,0.006665,33.498638,0,0
0,3,26,put both the alphabet soup and the tomato sauce in the basket,FULL_HIT,0.998189,0.004486,0.001723,0.321890,32.132466,0.013140,0.006757,32.573948,0,0
0,3,27,put both the alphabet soup and the tomato sauce in the basket,FULL_HIT,0.998277,0.003941,0.001752,0.303144,32.165368,0.013389,0.006362,32.586790,0,0
0,3,28,put both the alphabet soup and the tomato sauce in the basket,FULL_HIT,0.998238,0.004088,0.001693,0.312251,31.793457,0.013449,0.006778,32.226069,0,0
0,3,29,put both the alphabet soup and the tomato sauce in the basket,FULL_HIT,0.998302,0.004126,0.001734,0.320369,31.808433,0.012433,0.006757,32.246776,0,0
0,3,30,put both the alphabet soup and the tomato sauce in the basket,FULL_HIT,0.998498,0.004057,0.001752,0.305811,31.810762,0.013106,0.006877,32.242592,0,0
0,3,31,put both the alphabet soup and the tomato sauce in the basket,FULL_HIT,0.998489,0.004466,0.001702,0.322491,31.820145,0.012996,0.006877,32.270363,0,0
0,3,32,put both the alphabet soup and the tomato sauce in the basket,FULL_HIT,0.998525,0.003707,0.001600,0.303357,38.858938,0.013771,0.006841,39.281649,0,0
0,3,33,put both the alphabet soup and the tomato sauce in the basket,FULL_HIT,0.998472,0.003700,0.001688,0.308236,31.872486,0.013576,0.006883,32.301432,0,0
0,3,34,put both the alphabet soup and the tomato sauce in the basket,FULL_HIT,0.998438,0.004016,0.001808,0.347003,32.067473,0.013198,0.006669,32.563013,0,0
0,3,35,put both the alphabet soup and the tomato sauce in the basket,FULL_HIT,0.998376,0.003888,0.001740,0.304043,31.719515,0.014019,0.006264,32.139784,0,0
0,3,36,put both the alphabet soup and the tomato sauce in the basket,FULL_HIT,0.998453,0.004550,0.001889,0.305896,31.609402,0.013226,0.007119,32.054557,0,0
0,3,37,put both the alphabet soup and the tomato sauce in the basket,FULL_HIT,0.998453,0.003872,0.001735,0.301163,31.681116,0.013112,0.006273,32.101374,0,0
0,3,38,put both the alphabet soup and the tomato sauce in the basket,FULL_HIT,0.998472,0.004048,0.001734,0.355496,31.856718,0.014076,0.006868,32.337012,0,0
0,3,39,put both the alphabet soup and the tomato sauce in the basket,FULL_HIT,0.998471,0.003868,0.002003,0.303907,32.588332,0.014600,0.006987,33.017032,0,0
0,3,40,put both the alphabet soup and the tomato sauce in the basket,FULL_HIT,0.998538,0.004036,0.001708,0.308993,34.813725,0.014814,0.006215,35.246801,0,0
0,3,41,put both the alphabet soup and the tomato sauce in the basket,FULL_HIT,0.998428,0.004316,0.002019,0.354029,69.240427,0.012768,0.006199,69.721086,0,0
0,3,42,put both the alphabet soup and the tomato sauce in the basket,FULL_HIT,0.998486,0.003954,0.001703,0.378824,33.787753,0.010916,0.005498,34.283051,0,0
0,3,43,put both the alphabet soup and the tomato sauce in the basket,FULL_HIT,0.998467,0.004080,0.001791,0.339662,32.380760,0.012214,0.005526,32.834028,0,0
0,3,44,put both the alphabet soup and the tomato sauce in the basket,FULL_HIT,0.998425,0.003912,0.001916,0.407441,32.616117,0.011580,0.005522,33.136250,0,0
0,3,45,put both the alphabet soup and the tomato sauce in the basket,FULL_HIT,0.998453,0.004094,0.001681,0.337185,32.128243,0.013159,0.006809,32.586538,0,0
0,3,46,put both the alphabet soup and the tomato sauce in the basket,FULL_HIT,0.998427,0.003809,0.001680,0.344915,35.911104,0.013317,0.007106,36.377381,0,0
0,3,47,put both the alphabet soup and the tomato sauce in the basket,FULL_HIT,0.997861,0.003951,0.002207,0.329395,32.510988,0.012589,0.007294,32.999496,0,0
0,3,48,put both the alphabet soup and the tomato sauce in the basket,FULL_HIT,0.997854,0.004195,0.001524,0.382728,32.973310,0.014214,0.006763,33.478164,0,0
0,3,49,put both the alphabet soup and the tomato sauce in the basket,FULL_HIT,0.997769,0.003992,0.001650,0.330331,32.517928,0.013486,0.007089,32.969896,0,0
0,3,50,put both the alphabet soup and the tomato sauce in the basket,FULL_HIT,0.997701,0.004163,0.001740,0.321677,31.843145,0.013047,0.007436,32.285610,0,0
0,3,51,put both the alphabet soup and the tomato sauce in the basket,FULL_HIT,0.997736,0.004001,0.001733,0.321096,37.829931,0.013177,0.006748,38.271486,0,0
0,3,52,put both the alphabet soup and the tomato sauce in the basket,FULL_HIT,0.997748,0.003885,0.001614,0.322916,32.041038,0.012992,0.006627,32.483226,0,0
0,3,53,put both the alphabet soup and the tomato sauce in the basket,FULL_HIT,0.997699,0.003907,0.001926,0.318713,31.862632,0.013117,0.006464,32.301396,0,0
0,3,54,put both the alphabet soup and the tomato sauce in the basket,FULL_HIT,0.997770,0.003920,0.001625,0.323433,31.836618,0.013000,0.006562,32.280916,0,0
0,3,55,put both the alphabet soup and the tomato sauce in the basket,FULL_HIT,0.997927,0.003852,0.001729,0.321996,31.810531,0.013222,0.006745,32.252857,0,0
0,3,56,put both the alphabet soup and the tomato sauce in the basket,FULL_HIT,0.997978,0.003851,0.001733,0.315916,31.686431,0.013178,0.006589,32.125528,0,0
0,3,57,put both the alphabet soup and the tomato sauce in the basket,FULL_HIT,0.997978,0.004178,0.001697,0.306183,31.710884,0.013070,0.006537,32.137458,0,0
0,3,58,put both the alphabet soup and the tomato sauce in the basket,FULL_HIT,0.998291,0.004028,0.001661,0.311566,31.616497,0.013284,0.007420,32.050009,0,0
0,4,0,put both the alphabet soup and the tomato sauce in the basket,FULL_HIT,0.998871,0.004050,0.001639,0.312605,32.053283,0.013086,0.007016,32.485685,0,0
0,4,1,put both the alphabet soup and the tomato sauce in the basket,FULL_HIT,0.998848,0.003967,0.001745,0.357903,33.406767,0.012643,0.006531,33.892133,0,0
0,4,2,put both the alphabet soup and the tomato sauce in the basket,FULL_HIT,0.998837,0.003788,0.001746,0.309675,32.363949,0.012609,0.006526,32.790315,0,0
0,4,3,put both the alphabet soup and the tomato sauce in the basket,FULL_HIT,0.998849,0.004098,0.001649,0.360137,34.717807,0.013486,0.006811,35.249036,0,0
0,4,4,put both the alphabet soup and the tomato sauce in the basket,FULL_HIT,0.998854,0.004514,0.001727,0.350313,32.497866,0.012712,0.006768,32.976715,0,0
0,4,5,put both the alphabet soup and the tomato sauce in the basket,FULL_HIT,0.998841,0.003940,0.001655,0.366471,32.742039,0.014183,0.006504,33.228478,0,0
0,4,6,put both the alphabet soup and the tomato sauce in the basket,FULL_HIT,0.998825,0.003888,0.001668,0.328339,32.788739,0.012691,0.007335,33.236123,0,0
0,4,7,put both the alphabet soup and the tomato sauce in the basket,FULL_HIT,0.998816,0.003938,0.001650,0.370820,32.493586,0.012921,0.006173,32.983277,0,0
0,4,8,put both the alphabet soup and the tomato sauce in the basket,FULL_HIT,0.998819,0.003906,0.001711,0.317895,32.245399,0.012902,0.006310,32.680034,0,0
0,4,9,put both the alphabet soup and the tomato sauce in the basket,FULL_HIT,0.998817,0.003957,0.001799,0.348234,31.804945,0.013016,0.006823,32.273291,0,0
0,4,10,put both the alphabet soup and the tomato sauce in the basket,FULL_HIT,0.998807,0.003856,0.001764,0.311032,31.663332,0.013099,0.007005,32.091361,0,0
0,4,11,put both the alphabet soup and the tomato sauce in the basket,FULL_HIT,0.998791,0.003801,0.001885,0.355999,31.804425,0.013593,0.006942,32.280725,0,0
0,4,12,put both the alphabet soup and the tomato sauce in the basket,FULL_HIT,0.998768,0.003765,0.001692,0.328310,31.694273,0.012497,0.006664,32.139640,0,0
0,4,13,put both the alphabet soup and the tomato sauce in the basket,FULL_HIT,0.998341,0.003827,0.001963,0.360276,37.718853,0.021443,0.006281,38.207202,0,0
0,4,14,put both the alphabet soup and the tomato sauce in the basket,FULL_HIT,0.998754,0.003810,0.001822,0.314428,33.910568,0.013000,0.006164,34.343752,0,0
0,4,15,put both the alphabet soup and the tomato sauce in the basket,FULL_HIT,0.998670,0.004010,0.001793,0.348387,33.205217,0.013685,0.006817,33.672920,0,0
0,4,16,put both the alphabet soup and the tomato sauce in the basket,FULL_HIT,0.998586,0.004650,0.001761,0.349333,32.568925,0.013953,0.006390,33.040235,0,0
0,4,17,put both the alphabet soup and the tomato sauce in the basket,FULL_HIT,0.998577,0.003783,0.001733,0.346653,32.285832,0.013257,0.007052,32.764478,0,0
0,4,18,put both the alphabet soup and the tomato sauce in the basket,FULL_HIT,0.998643,0.004146,0.001691,0.322030,32.087035,0.013399,0.006182,32.525693,0,0
0,4,19,put both the alphabet soup and the tomato sauce in the basket,FULL_HIT,0.998654,0.003930,0.001888,0.349276,32.070773,0.014154,0.006609,32.540188,0,0
0,4,20,put both the alphabet soup and the tomato sauce in the basket,FULL_HIT,0.998654,0.003704,0.001795,0.317682,31.962973,0.012688,0.006850,32.407043,0,0
0,4,21,put both the alphabet soup and the tomato sauce in the basket,FULL_HIT,0.998660,0.003781,0.002090,0.373047,31.998828,0.013237,0.006337,32.506571,0,0
0,4,22,put both the alphabet soup and the tomato sauce in the basket,FULL_HIT,0.998652,0.004070,0.001688,0.304987,31.997400,0.013226,0.006734,32.423378,0,0
0,4,23,put both the alphabet soup and the tomato sauce in the basket,FULL_HIT,0.998655,0.003654,0.001762,0.346721,32.608174,0.013014,0.006656,33.073154,0,0
0,4,24,put both the alphabet soup and the tomato sauce in the basket,FULL_HIT,0.998676,0.004348,0.001826,0.306123,32.054235,0.012391,0.006347,32.481637,0,0
0,4,25,put both the alphabet soup and the tomato sauce in the basket,FULL_HIT,0.998717,0.004083,0.001774,0.343317,31.944944,0.013512,0.006447,32.405729,0,0
0,4,26,put both the alphabet soup and the tomato sauce in the basket,FULL_HIT,0.998676,0.004012,0.001706,0.304450,31.919580,0.013630,0.006353,32.344032,0,0
0,4,27,put both the alphabet soup and the tomato sauce in the basket,FULL_HIT,0.998653,0.003863,0.001723,0.348532,32.504150,0.013814,0.007376,32.972441,0,0
0,4,28,put both the alphabet soup and the tomato sauce in the basket,FULL_HIT,0.998679,0.003834,0.001994,0.315081,32.001756,0.013042,0.006700,32.433310,0,0
0,4,29,put both the alphabet soup and the tomato sauce in the basket,FULL_HIT,0.998692,0.004029,0.001634,0.344566,32.044314,0.013507,0.007226,32.508885,0,0
0,4,30,put both the alphabet soup and the tomato sauce in the basket,FULL_HIT,0.998700,0.003966,0.001767,0.309103,32.394677,0.012798,0.006326,32.821569,0,0
0,4,31,put both the alphabet soup and the tomato sauce in the basket,FULL_HIT,0.998705,0.003860,0.001718,0.358357,32.302818,0.012608,0.007107,32.786069,0,0
0,4,32,put both the alphabet soup and the tomato sauce in the basket,FULL_HIT,0.998719,0.003912,0.001744,0.307226,32.917638,0.013012,0.013809,33.353582,0,0
0,4,33,put both the alphabet soup and the tomato sauce in the basket,FULL_HIT,0.998691,0.003884,0.001701,0.370350,33.302974,0.013112,0.007134,33.800741,0,0
0,4,34,put both the alphabet soup and the tomato sauce in the basket,FULL_HIT,0.998730,0.003697,0.001746,0.314934,38.913044,0.013051,0.006964,39.345928,0,0
0,4,35,put both the alphabet soup and the tomato sauce in the basket,FULL_HIT,0.998748,0.004256,0.001999,0.342128,34.300992,0.023424,0.016215,34.786134,0,0
0,4,36,put both the alphabet soup and the tomato sauce in the basket,FULL_HIT,0.998781,0.003922,0.001763,0.311001,32.515333,0.013438,0.006762,32.943363,0,0
0,4,37,put both the alphabet soup and the tomato sauce in the basket,FULL_HIT,0.998786,0.003771,0.001620,0.343508,31.801720,0.013373,0.006700,32.265656,0,0
0,4,38,put both the alphabet soup and the tomato sauce in the basket,FULL_HIT,0.998779,0.004552,0.001883,0.373684,33.755104,0.013129,0.006413,34.253815,0,0
0,4,39,put both the alphabet soup and the tomato sauce in the basket,FULL_HIT,0.998803,0.004642,0.002049,0.386549,33.660828,0.013103,0.006233,34.172612,0,0
0,4,40,put both the alphabet soup and the tomato sauce in the basket,FULL_HIT,0.998805,0.004484,0.001912,0.351491,33.340342,0.014270,0.006322,33.818911,0,0
0,4,41,put both the alphabet soup and the tomato sauce in the basket,FULL_HIT,0.998120,0.004326,0.001971,0.348113,34.041301,0.013467,0.007276,34.517041,0,0
0,4,42,put both the alphabet soup and the tomato sauce in the basket,FULL_HIT,0.998618,0.003777,0.001706,0.321643,32.518612,0.012399,0.007200,32.970861,0,0
0,4,43,put both the alphabet soup and the tomato sauce in the basket,FULL_HIT,0.998563,0.003721,0.001752,0.324753,32.343501,0.013019,0.007764,32.790432,0,0
0,4,44,put both the alphabet soup and the tomato sauce in the basket,FULL_HIT,0.998407,0.003828,0.001785,0.321724,32.028074,0.013326,0.006899,32.482874,0,0
0,4,45,put both the alphabet soup and the tomato sauce in the basket,FULL_HIT,0.998272,0.004522,0.001713,0.342576,31.982609,0.013067,0.006641,32.442095,0,0
0,4,46,put both the alphabet soup and the tomato sauce in the basket,FULL_HIT,0.998304,0.004077,0.001724,0.308721,32.638879,0.013216,0.007141,33.069832,0,0
0,4,47,put both the alphabet soup and the tomato sauce in the basket,FULL_HIT,0.998384,0.003813,0.001724,0.322184,32.844407,0.031955,0.007493,33.316070,0,0
0,4,48,put both the alphabet soup and the tomato sauce in the basket,FULL_HIT,0.998392,0.004141,0.001723,0.372381,34.383738,0.013486,0.006995,34.875937,0,0
0,4,49,put both the alphabet soup and the tomato sauce in the basket,FULL_HIT,0.998442,0.004367,0.001725,0.431084,33.185243,0.013188,0.006458,33.742987,0,0
0,4,50,put both the alphabet soup and the tomato sauce in the basket,FULL_HIT,0.998438,0.004093,0.001683,0.391994,32.469462,0.022206,0.006897,32.992208,0,0
0,4,51,put both the alphabet soup and the tomato sauce in the basket,FULL_HIT,0.998394,0.003786,0.001803,0.403345,32.428095,0.013073,0.006623,32.949622,0,0
0,4,52,put both the alphabet soup and the tomato sauce in the basket,FULL_HIT,0.998435,0.003927,0.001670,0.371306,31.851616,0.013151,0.007017,32.344998,0,0
0,4,53,put both the alphabet soup and the tomato sauce in the basket,FULL_HIT,0.998429,0.003734,0.001962,0.343118,32.062028,0.012242,0.007450,32.526134,0,0
0,4,0,turn on the stove and put the moka pot on it,FULL_HIT,0.998868,0.003811,0.001716,0.315112,32.856488,0.013854,0.007174,33.292831,0,0
0,4,1,turn on the stove and put the moka pot on it,FULL_HIT,0.998854,0.003976,0.001612,0.318373,39.188138,0.012974,0.006883,39.624389,0,0
0,4,2,turn on the stove and put the moka pot on it,FULL_HIT,0.998812,0.003945,0.001674,0.327004,32.346680,0.013670,0.006788,32.789672,0,0
0,4,3,turn on the stove and put the moka pot on it,FULL_HIT,0.998793,0.004021,0.001705,0.317457,32.249579,0.013052,0.006724,32.686294,0,0
0,4,4,turn on the stove and put the moka pot on it,FULL_HIT,0.998790,0.003964,0.001869,0.316057,32.624982,0.013268,0.007347,33.063571,0,0
0,4,5,turn on the stove and put the moka pot on it,FULL_HIT,0.998802,0.004126,0.001828,0.342591,33.620199,0.013218,0.009573,34.088225,0,0
0,4,6,turn on the stove and put the moka pot on it,FULL_HIT,0.998788,0.004189,0.001941,0.323122,32.347945,0.013303,0.007106,32.794249,0,0
0,4,7,turn on the stove and put the moka pot on it,FULL_HIT,0.998798,0.004207,0.001966,0.315947,32.549617,0.013954,0.007339,32.992331,0,0
0,4,8,turn on the stove and put the moka pot on it,FULL_HIT,0.998793,0.003919,0.001840,0.330439,32.446346,0.014074,0.007246,32.897932,0,0
0,4,9,turn on the stove and put the moka pot on it,FULL_HIT,0.998783,0.004264,0.002043,0.310825,32.637321,0.012934,0.007069,33.067832,0,0
0,4,10,turn on the stove and put the moka pot on it,FULL_HIT,0.998658,0.003982,0.002043,0.319714,32.869918,0.013669,0.006839,33.325358,0,0
0,4,11,turn on the stove and put the moka pot on it,FULL_HIT,0.997440,0.003702,0.001899,0.333190,32.616503,0.013712,0.007540,33.071523,0,0
0,4,12,turn on the stove and put the moka pot on it,FULL_HIT,0.997651,0.004432,0.001860,0.315998,32.372381,0.013578,0.007665,32.812812,0,0
0,4,13,turn on the stove and put the moka pot on it,FULL_HIT,0.997699,0.004010,0.001754,0.319020,32.130807,0.013962,0.006693,32.589399,0,0
0,4,14,turn on the stove and put the moka pot on it,FULL_HIT,0.998042,0.003971,0.010243,0.307876,32.068789,0.012752,0.007062,32.523025,0,0
0,4,15,turn on the stove and put the moka pot on it,FULL_HIT,0.997989,0.004027,0.001880,0.321661,32.080387,0.013141,0.006437,32.526978,0,0
0,4,16,turn on the stove and put the moka pot on it,FULL_HIT,0.997794,0.004332,0.001843,0.308344,31.696647,0.013667,0.006341,32.126449,0,0
0,4,17,turn on the stove and put the moka pot on it,FULL_HIT,0.998397,0.004083,0.002549,0.328793,32.206291,0.012463,0.007303,32.655986,0,0
0,4,18,turn on the stove and put the moka pot on it,FULL_HIT,0.998549,0.004088,0.001815,0.305406,32.119088,0.014198,0.006879,32.546252,0,0
0,4,19,turn on the stove and put the moka pot on it,FULL_HIT,0.998157,0.004153,0.001883,0.324900,32.633013,0.013236,0.006801,33.080755,0,0
0,4,20,turn on the stove and put the moka pot on it,FULL_HIT,0.998217,0.004249,0.001724,0.361230,40.294712,0.012698,0.007429,40.784429,0,0
0,4,21,turn on the stove and put the moka pot on it,FULL_HIT,0.998236,0.005232,0.002040,0.314320,34.322097,0.013681,0.007204,34.761084,0,0
0,4,22,turn on the stove and put the moka pot on it,FULL_HIT,0.998501,0.004694,0.001877,0.318187,32.455404,0.012474,0.006696,32.920157,0,0
0,4,23,turn on the stove and put the moka pot on it,FULL_HIT,0.998376,0.004714,0.001844,0.329936,32.794659,0.013091,0.007661,33.272340,0,0
0,4,24,turn on the stove and put the moka pot on it,FULL_HIT,0.998419,0.003853,0.001764,0.311796,32.970183,0.013911,0.007094,33.408025,0,0
0,4,25,turn on the stove and put the moka pot on it,FULL_HIT,0.998298,0.003975,0.001852,0.341204,33.385557,0.013112,0.006901,33.850550,0,0
0,4,26,turn on the stove and put the moka pot on it,FULL_HIT,0.998240,0.004304,0.001788,0.358673,33.978807,0.013068,0.007097,34.464049,0,0
0,4,27,turn on the stove and put the moka pot on it,FULL_HIT,0.998353,0.004222,0.002088,0.342923,33.668087,0.012374,0.007624,34.139428,0,0
0,4,28,turn on the stove and put the moka pot on it,FULL_HIT,0.998501,0.003914,0.001837,0.311647,32.556690,0.013202,0.006222,33.006671,0,0
0,4,29,turn on the stove and put the moka pot on it,FULL_HIT,0.998577,0.003949,0.001763,0.320377,32.477442,0.013963,0.006698,32.921190,0,0
0,4,30,turn on the stove and put the moka pot on it,FULL_HIT,0.998609,0.004101,0.001930,0.304148,32.069438,0.013080,0.006695,32.497674,0,0
0,4,31,turn on the stove and put the moka pot on it,FULL_HIT,0.998565,0.003888,0.001823,0.306933,31.793808,0.013992,0.007756,32.225586,0,0
0,4,32,turn on the stove and put the moka pot on it,FULL_HIT,0.998521,0.004124,0.001700,0.314031,32.346237,0.013313,0.006684,32.783582,0,0
0,4,33,turn on the stove and put the moka pot on it,FULL_HIT,0.998541,0.003986,0.001819,0.308633,32.015239,0.012739,0.007118,32.444136,0,0
0,4,34,turn on the stove and put the moka pot on it,FULL_HIT,0.998599,0.004364,0.001689,0.313659,32.007155,0.014280,0.006442,32.442362,0,0
0,4,35,turn on the stove and put the moka pot on it,FULL_HIT,0.998612,0.004090,0.001742,0.310694,31.940888,0.014466,0.006812,32.373249,0,0
0,4,36,turn on the stove and put the moka pot on it,FULL_HIT,0.998612,0.003917,0.001731,0.302537,31.966618,0.013314,0.006941,32.391930,0,0
0,4,37,turn on the stove and put the moka pot on it,FULL_HIT,0.998616,0.004003,0.001764,0.315472,32.382462,0.022462,0.006997,32.831942,0,0
0,4,38,turn on the stove and put the moka pot on it,FULL_HIT,0.998635,0.003857,0.001772,0.321750,34.275306,0.013751,0.006914,34.723089,0,0
0,4,39,turn on the stove and put the moka pot on it,FULL_HIT,0.998375,0.003960,0.002061,0.335069,34.214136,0.013955,0.006874,34.678650,0,0
0,4,40,turn on the stove and put the moka pot on it,FULL_HIT,0.998546,0.004346,0.002016,0.369616,35.354989,0.013223,0.007043,35.850872,0,0
0,4,41,turn on the stove and put the moka pot on it,FULL_HIT,0.998402,0.004122,0.001724,0.314658,32.608962,0.013977,0.007015,33.046227,0,0
0,4,42,turn on the stove and put the moka pot on it,FULL_HIT,0.998068,0.004498,0.002042,0.346189,33.604151,0.013020,0.006797,34.076001,0,0
0,4,43,turn on the stove and put the moka pot on it,FULL_HIT,0.997945,0.004287,0.001944,0.366708,34.052290,0.028222,0.008208,34.570261,0,0
0,4,44,turn on the stove and put the moka pot on it,FULL_HIT,0.997896,0.004190,0.001963,0.400304,33.937804,0.014802,0.006879,34.468390,0,0
0,4,45,turn on the stove and put the moka pot on it,FULL_HIT,0.998178,0.004679,0.001945,0.350827,33.379991,0.013372,0.006886,33.854742,0,0
0,4,46,turn on the stove and put the moka pot on it,FULL_HIT,0.998286,0.003905,0.001633,0.320866,32.707792,0.011604,0.005913,33.141185,0,0
0,4,47,turn on the stove and put the moka pot on it,FULL_HIT,0.998288,0.003866,0.001720,0.330125,32.889271,0.013810,0.007087,33.343364,0,0
0,4,48,turn on the stove and put the moka pot on it,FULL_HIT,0.998331,0.004251,0.002107,0.349835,32.448832,0.010676,0.005753,32.913528,0,0
0,4,49,turn on the stove and put the moka pot on it,FULL_HIT,0.998143,0.004050,0.001716,0.326234,32.354612,0.011245,0.005667,32.793363,0,0
0,5,0,put both the cream cheese box and the butter in the basket,FULL_HIT,0.998871,0.003857,0.001765,0.323693,29.304889,0.011115,0.005573,29.739725,0,0
0,5,1,put both the cream cheese box and the butter in the basket,FULL_HIT,0.998839,0.003865,0.001685,0.329239,28.842406,0.011433,0.006811,29.283931,0,0
0,5,2,put both the cream cheese box and the butter in the basket,FULL_HIT,0.998831,0.004050,0.001812,0.331131,29.209662,0.011672,0.006213,29.654312,0,0
0,5,3,put both the cream cheese box and the butter in the basket,FULL_HIT,0.998828,0.003962,0.001831,0.325794,35.189976,0.012571,0.005905,35.632207,0,0
0,5,4,put both the cream cheese box and the butter in the basket,FULL_HIT,0.998833,0.004210,0.001819,0.346506,29.082234,0.010462,0.005784,29.541408,0,0
0,5,5,put both the cream cheese box and the butter in the basket,FULL_HIT,0.998830,0.004088,0.001953,0.339335,29.028981,0.012298,0.006198,29.482534,0,0
0,5,6,put both the cream cheese box and the butter in the basket,FULL_HIT,0.998820,0.004063,0.001927,0.333908,29.026757,0.010745,0.005688,29.475414,0,0
0,5,7,put both the cream cheese box and the butter in the basket,FULL_HIT,0.998777,0.004128,0.002162,0.330251,29.444923,0.012252,0.005844,29.890530,0,0
0,5,8,put both the cream cheese box and the butter in the basket,FULL_HIT,0.998763,0.004380,0.002075,0.344287,29.261715,0.010430,0.005654,29.727763,0,0
0,5,9,put both the cream cheese box and the butter in the basket,FULL_HIT,0.998760,0.003978,0.001708,0.331086,29.114388,0.013589,0.007207,29.566138,0,0
0,5,10,put both the cream cheese box and the butter in the basket,FULL_HIT,0.998660,0.003909,0.001710,0.343137,29.024673,0.010092,0.005725,29.477981,0,0
0,5,11,put both the cream cheese box and the butter in the basket,FULL_HIT,0.998569,0.003911,0.001804,0.339140,29.160546,0.011833,0.006489,29.628468,0,0
0,5,12,put both the cream cheese box and the butter in the basket,FULL_HIT,0.998389,0.004444,0.001969,0.366401,29.018351,0.009969,0.005646,29.498495,0,0
0,5,13,put both the cream cheese box and the butter in the basket,FULL_HIT,0.998425,0.004427,0.001822,0.319537,28.965785,0.010797,0.005895,29.396714,0,0
0,5,14,put both the cream cheese box and the butter in the basket,FULL_HIT,0.998364,0.004316,0.001863,0.327564,28.956192,0.012019,0.005999,29.409987,0,0
0,5,15,put both the cream cheese box and the butter in the basket,FULL_HIT,0.998427,0.004047,0.001738,0.316081,29.031852,0.011614,0.005993,29.462205,0,0
0,5,16,put both the cream cheese box and the butter in the basket,FULL_HIT,0.998593,0.004167,0.001883,0.319050,28.853452,0.013624,0.006848,29.298704,0,0
0,5,17,put both the cream cheese box and the butter in the basket,FULL_HIT,0.998637,0.003935,0.001800,0.340284,29.491624,0.013040,0.006913,29.961406,0,0
0,5,18,put both the cream cheese box and the butter in the basket,FULL_HIT,0.998563,0.003874,0.001764,0.348656,29.089274,0.013432,0.006806,29.565226,0,0
0,5,19,put both the cream cheese box and the butter in the basket,FULL_HIT,0.998292,0.004552,0.001891,0.328664,28.927682,0.012962,0.017910,29.386552,0,0
0,5,20,put both the cream cheese box and the butter in the basket,FULL_HIT,0.998090,0.004224,0.001884,0.419063,32.164099,0.013729,0.007379,32.713760,0,0
0,5,21,put both the cream cheese box and the butter in the basket,FULL_HIT,0.998206,0.003899,0.001895,0.327853,30.385345,0.013512,0.007429,30.842728,0,0
0,5,22,put both the cream cheese box and the butter in the basket,FULL_HIT,0.998320,0.003786,0.001831,0.322458,29.822628,0.012727,0.007127,30.273565,0,0
0,5,23,put both the cream cheese box and the butter in the basket,FULL_HIT,0.998374,0.004216,0.001804,0.321728,29.304215,0.013792,0.006825,29.748803,0,0
0,5,24,put both the cream cheese box and the butter in the basket,FULL_HIT,0.998427,0.004310,0.001746,0.318102,29.308204,0.013589,0.007613,29.750237,0,0
0,5,25,put both the cream cheese box and the butter in the basket,FULL_HIT,0.998539,0.004460,0.001813,0.353092,28.879151,0.012062,0.006907,29.354674,0,0
0,5,26,put both the cream cheese box and the butter in the basket,FULL_HIT,0.998530,0.012951,0.001992,0.317519,28.914437,0.012970,0.006722,29.363873,0,0
0,5,27,put both the cream cheese box and the butter in the basket,FULL_HIT,0.997239,0.004671,0.001687,0.323500,28.783002,0.013230,0.006832,29.227627,0,0
0,5,28,put both the cream cheese box and the butter in the basket,FULL_HIT,0.998402,0.004114,0.001771,0.326965,28.857147,0.013387,0.006566,29.305832,0,0
0,5,29,put both the cream cheese box and the butter in the basket,FULL_HIT,0.998517,0.004043,0.001839,0.315551,28.776381,0.013790,0.006668,29.215488,0,0
0,5,30,put both the cream cheese box and the butter in the basket,FULL_HIT,0.998427,0.004084,0.001758,0.318799,28.858099,0.012893,0.006847,29.300181,0,0
0,5,31,put both the cream cheese box and the butter in the basket,FULL_HIT,0.998361,0.003865,0.001796,0.326897,28.829552,0.012820,0.007285,29.285841,0,0
0,5,32,put both the cream cheese box and the butter in the basket,FULL_HIT,0.998438,0.004011,0.001753,0.318168,30.112462,0.013780,0.006704,30.555064,0,0
0,5,33,put both the cream cheese box and the butter in the basket,FULL_HIT,0.998529,0.004286,0.001715,0.322104,29.134543,0.013121,0.006913,29.579196,0,0
0,5,34,put both the cream cheese box and the butter in the basket,FULL_HIT,0.998480,0.004155,0.001724,0.316514,29.030179,0.013284,0.006707,29.480081,0,0
0,5,35,put both the cream cheese box and the butter in the basket,FULL_HIT,0.998490,0.003747,0.001808,0.316635,28.998378,0.013426,0.007360,29.447394,0,0
0,5,36,put both the cream cheese box and the butter in the basket,FULL_HIT,0.998507,0.004252,0.001998,0.324405,29.071498,0.013559,0.007111,29.519666,0,0
0,5,37,put both the cream cheese box and the butter in the basket,FULL_HIT,0.998421,0.004206,0.001848,0.352814,30.255000,0.013656,0.007286,30.733571,0,0
0,5,38,put both the cream cheese box and the butter in the basket,FULL_HIT,0.998300,0.003814,0.001879,0.342164,30.647639,0.013760,0.007169,31.133684,0,0
0,5,39,put both the cream cheese box and the butter in the basket,FULL_HIT,0.998367,0.004117,0.001977,0.329997,30.666951,0.013914,0.007075,31.123415,0,0
0,5,40,put both the cream cheese box and the butter in the basket,FULL_HIT,0.998393,0.004309,0.001762,0.342845,28.759571,0.013478,0.006447,29.229537,0,0
0,5,41,put both the cream cheese box and the butter in the basket,FULL_HIT,0.998497,0.004576,0.001864,0.321952,28.721447,0.013070,0.007164,29.176031,0,0
0,5,42,put both the cream cheese box and the butter in the basket,FULL_HIT,0.998616,0.003852,0.001749,0.327775,28.908892,0.013868,0.006749,29.358959,0,0
0,5,43,put both the cream cheese box and the butter in the basket,FULL_HIT,0.998707,0.003823,0.002083,0.317114,28.769433,0.013361,0.006888,29.211678,0,0
0,5,44,put both the cream cheese box and the butter in the basket,FULL_HIT,0.998696,0.003811,0.001884,0.341852,28.876287,0.013165,0.007438,29.341194,0,0
0,5,45,put both the cream cheese box and the butter in the basket,FULL_HIT,0.998668,0.003741,0.001703,0.340704,28.676317,0.013612,0.006939,29.139914,0,0
0,5,46,put both the cream cheese box and the butter in the basket,FULL_HIT,0.998649,0.003875,0.001776,0.363309,32.467558,0.012512,0.007526,32.962966,0,0
0,5,47,put both the cream cheese box and the butter in the basket,FULL_HIT,0.998643,0.004275,0.001810,0.331572,28.838212,0.013296,0.007157,29.290267,0,0
0,5,48,put both the cream cheese box and the butter in the basket,FULL_HIT,0.998505,0.004281,0.001707,0.332606,28.786948,0.013213,0.006679,29.242744,0,0
0,5,49,put both the cream cheese box and the butter in the basket,FULL_HIT,0.998521,0.003934,0.001787,0.337928,28.603573,0.012990,0.007271,29.091828,0,0
0,6,0,put both the cream cheese box and the butter in the basket,FULL_HIT,0.998871,0.004047,0.001834,0.333728,29.007021,0.013142,0.007328,29.466371,0,0
0,6,1,put both the cream cheese box and the butter in the basket,FULL_HIT,0.998834,0.004398,0.001945,0.346226,29.075080,0.014569,0.006849,29.563675,0,0
0,6,2,put both the cream cheese box and the butter in the basket,FULL_HIT,0.998810,0.004431,0.001875,0.339043,28.893801,0.013192,0.006220,29.363254,0,0
0,6,3,put both the cream cheese box and the butter in the basket,FULL_HIT,0.998794,0.004227,0.001920,0.340420,28.961105,0.012736,0.006582,29.419425,0,0
0,6,4,put both the cream cheese box and the butter in the basket,FULL_HIT,0.998795,0.003745,0.001823,0.331435,28.785561,0.013653,0.006567,29.244493,0,0
0,6,5,put both the cream cheese box and the butter in the basket,FULL_HIT,0.998791,0.003895,0.001902,0.336518,28.851633,0.012928,0.006574,29.306871,0,0
0,6,6,put both the cream cheese box and the butter in the basket,FULL_HIT,0.998790,0.003895,0.001956,0.330532,29.721470,0.011103,0.006503,30.165767,0,0
0,6,7,put both the cream cheese box and the butter in the basket,FULL_HIT,0.998805,0.004571,0.002134,0.353762,30.866620,0.012704,0.006760,31.348788,0,0
0,6,8,put both the cream cheese box and the butter in the basket,FULL_HIT,0.998751,0.004600,0.002019,9.596961,51.994078,0.010733,0.006223,61.713745,0,0
0,6,9,put both the cream cheese box and the butter in the basket,FULL_HIT,0.998694,0.004290,0.001825,0.323349,31.038906,0.010246,0.005900,31.470733,0,0
0,6,10,put both the cream cheese box and the butter in the basket,FULL_HIT,0.998337,0.003977,0.001692,0.323933,28.819812,0.010992,0.006045,29.252266,0,0
0,6,11,put both the cream cheese box and the butter in the basket,FULL_HIT,0.998143,0.003966,0.001726,0.332675,28.801382,0.011221,0.005999,29.241456,0,0
0,6,12,put both the cream cheese box and the butter in the basket,FULL_HIT,0.997928,0.004020,0.001706,0.318356,28.780894,0.009730,0.005489,29.204979,0,0
0,6,13,put both the cream cheese box and the butter in the basket,FULL_HIT,0.998370,0.004351,0.001723,0.314792,28.932822,0.011145,0.005355,29.353539,0,0
0,6,14,put both the cream cheese box and the butter in the basket,FULL_HIT,0.998436,0.003958,0.001710,0.320859,35.395356,0.010926,0.005789,35.823556,0,0
0,6,15,put both the cream cheese box and the butter in the basket,FULL_HIT,0.998504,0.003757,0.001830,0.314824,29.253226,0.010766,0.006244,29.677694,0,0
0,6,16,put both the cream cheese box and the butter in the basket,FULL_HIT,0.998433,0.003921,0.001667,0.311460,29.319722,0.012550,0.006803,29.754546,0,0
0,6,17,put both the cream cheese box and the butter in the basket,FULL_HIT,0.998448,0.003795,0.001692,0.359197,30.123111,0.011229,0.006280,30.591614,0,0
0,6,18,put both the cream cheese box and the butter in the basket,FULL_HIT,0.998419,0.003735,0.001626,0.314395,28.984743,0.010903,0.005662,29.405794,0,0
0,6,19,put both the cream cheese box and the butter in the basket,FULL_HIT,0.998372,0.004011,0.001773,0.337737,28.909334,0.011138,0.006504,29.357293,0,0
0,6,20,put both the cream cheese box and the butter in the basket,FULL_HIT,0.998314,0.003978,0.001719,0.332500,28.807457,0.010180,0.005620,29.328451,0,0
0,6,21,put both the cream cheese box and the butter in the basket,FULL_HIT,0.998251,0.004522,0.001692,0.321263,28.797778,0.011553,0.005682,29.226928,0,0
0,6,22,put both the cream cheese box and the butter in the basket,FULL_HIT,0.998346,0.004216,0.001827,0.327100,29.094418,0.013227,0.007195,29.546540,0,0
0,6,23,put both the cream cheese box and the butter in the basket,FULL_HIT,0.998438,0.004125,0.001806,0.320436,28.998445,0.012776,0.006692,29.443012,0,0
0,6,24,put both the cream cheese box and the butter in the basket,FULL_HIT,0.998502,0.003967,0.001625,0.314642,28.850683,0.009813,0.005671,29.273857,0,0
0,6,25,put both the cream cheese box and the butter in the basket,FULL_HIT,0.998456,0.003802,0.001653,0.312332,28.540774,0.010009,0.005823,28.957698,0,0
0,6,26,put both the cream cheese box and the butter in the basket,FULL_HIT,0.998491,0.003978,0.001716,0.307052,28.607330,0.010938,0.005232,29.020809,0,0
0,6,27,put both the cream cheese box and the butter in the basket,FULL_HIT,0.998423,0.003853,0.001618,0.316884,28.580580,0.010117,0.005388,29.011219,0,0
0,6,28,put both the cream cheese box and the butter in the basket,FULL_HIT,0.998436,0.004042,0.001615,0.310218,28.596917,0.010399,0.005603,29.015226,0,0
0,6,29,put both the cream cheese box and the butter in the basket,FULL_HIT,0.998472,0.003979,0.001713,0.309166,28.704128,0.010636,0.006013,29.121423,0,0
0,6,30,put both the cream cheese box and the butter in the basket,FULL_HIT,0.998427,0.003956,0.001605,0.318737,28.615089,0.011094,0.005633,29.041695,0,0
0,6,31,put both the cream cheese box and the butter in the basket,FULL_HIT,0.998348,0.003802,0.001608,0.320540,28.647411,0.010498,0.005778,29.076067,0,0
0,6,32,put both the cream cheese box and the butter in the basket,FULL_HIT,0.998505,0.003962,0.001648,0.324561,28.792037,0.010686,0.005953,29.231355,0,0
0,6,33,put both the cream cheese box and the butter in the basket,FULL_HIT,0.998509,0.003992,0.001545,0.310009,28.484406,0.012520,0.006357,28.909272,0,0
0,6,34,put both the cream cheese box and the butter in the basket,FULL_HIT,0.998477,0.003789,0.001619,0.318692,28.623660,0.012583,0.006457,29.065441,0,0
0,6,35,put both the cream cheese box and the butter in the basket,FULL_HIT,0.998384,0.003764,0.001775,0.307742,28.635080,0.010822,0.006226,29.051818,0,0
0,6,36,put both the cream cheese box and the butter in the basket,FULL_HIT,0.998176,0.003954,0.001695,0.310635,29.617465,0.012558,0.007021,30.046975,0,0
0,6,37,put both the cream cheese box and the butter in the basket,FULL_HIT,0.998320,0.004154,0.002042,0.323141,29.572508,0.012584,0.006917,30.023116,0,0
0,6,38,put both the cream cheese box and the butter in the basket,FULL_HIT,0.998387,0.004253,0.002063,0.314997,29.297915,0.012799,0.007176,29.741030,0,0
0,6,39,put both the cream cheese box and the butter in the basket,FULL_HIT,0.998307,0.004368,0.002083,0.331101,29.361220,0.013604,0.006701,29.827811,0,0
0,6,40,put both the cream cheese box and the butter in the basket,FULL_HIT,0.998248,0.004245,0.001811,0.316149,28.836036,0.013653,0.006911,29.276818,0,0
0,6,41,put both the cream cheese box and the butter in the basket,FULL_HIT,0.998219,0.004509,0.002162,0.318141,28.702642,0.012320,0.006955,29.152234,0,0
0,6,42,put both the cream cheese box and the butter in the basket,FULL_HIT,0.998288,0.004153,0.002061,0.341737,28.931163,0.012796,0.007933,29.401857,0,0
0,6,43,put both the cream cheese box and the butter in the basket,FULL_HIT,0.998227,0.004692,0.002122,0.344789,28.752961,0.013198,0.007386,29.232317,0,0
0,6,44,put both the cream cheese box and the butter in the basket,FULL_HIT,0.998150,0.004508,0.002073,0.350078,28.799413,0.012975,0.007658,29.279764,0,0
0,6,45,put both the cream cheese box and the butter in the basket,FULL_HIT,0.998266,0.003977,0.001742,0.367271,28.736543,0.013564,0.006813,29.229645,0,0
0,6,46,put both the cream cheese box and the butter in the basket,FULL_HIT,0.998189,0.004625,0.001936,0.326157,28.676616,0.013185,0.007027,29.132423,0,0
0,6,47,put both the cream cheese box and the butter in the basket,FULL_HIT,0.998233,0.004259,0.002159,0.326685,28.967294,0.013591,0.006522,29.424176,0,0
0,7,0,put both the cream cheese box and the butter in the basket,FULL_HIT,0.998871,0.004248,0.002046,0.344964,28.885213,0.013194,0.007346,29.362550,0,0
0,7,1,put both the cream cheese box and the butter in the basket,FULL_HIT,0.998797,0.004329,0.001799,0.328397,29.114064,0.013409,0.007797,29.567699,0,0
0,7,2,put both the cream cheese box and the butter in the basket,FULL_HIT,0.998764,0.003917,0.001772,0.331733,28.910991,0.013080,0.007341,29.417487,0,0
0,7,3,put both the cream cheese box and the butter in the basket,FULL_HIT,0.998721,0.003901,0.001896,0.372367,30.398707,0.012858,0.007286,30.899065,0,0
0,7,4,put both the cream cheese box and the butter in the basket,FULL_HIT,0.998717,0.004033,0.001527,0.316666,29.039145,0.013437,0.006378,29.470433,0,0
0,7,5,put both the cream cheese box and the butter in the basket,FULL_HIT,0.998706,0.003603,0.001622,0.320522,28.658890,0.012437,0.007050,29.096155,0,0
0,7,6,put both the cream cheese box and the butter in the basket,FULL_HIT,0.998720,0.004041,0.001647,0.319040,28.829431,0.012266,0.007131,29.272304,0,0
0,7,7,put both the cream cheese box and the butter in the basket,FULL_HIT,0.998643,0.003794,0.001668,0.325534,28.668382,0.012620,0.006782,29.111020,0,0
0,7,8,put both the cream cheese box and the butter in the basket,FULL_HIT,0.998555,0.003828,0.001634,0.326182,28.735703,0.013373,0.007308,29.178605,0,0
0,7,9,put both the cream cheese box and the butter in the basket,FULL_HIT,0.998576,0.003811,0.001740,0.328396,28.519004,0.012636,0.008121,28.967020,0,0
0,7,10,put both the cream cheese box and the butter in the basket,FULL_HIT,0.998397,0.003851,0.001624,0.320973,28.699732,0.012981,0.006980,29.137142,0,0
0,7,11,put both the cream cheese box and the butter in the basket,FULL_HIT,0.998349,0.004010,0.001737,0.323679,28.685347,0.012894,0.015067,29.134429,0,0
0,7,12,put both the cream cheese box and the butter in the basket,FULL_HIT,0.998600,0.004024,0.001760,0.310057,32.623638,0.015099,0.007326,33.061035,0,0
0,7,13,put both the cream cheese box and the butter in the basket,FULL_HIT,0.998457,0.020296,0.001655,0.312922,31.613513,0.013380,0.007109,32.094550,0,0
0,7,14,put both the cream cheese box and the butter in the basket,FULL_HIT,0.998465,0.003908,0.001780,0.315995,28.786286,0.012545,0.007121,29.218504,0,0
0,7,15,put both the cream cheese box and the butter in the basket,FULL_HIT,0.998458,0.003884,0.001724,0.316884,28.641404,0.013358,0.006491,29.073357,0,0
0,7,16,put both the cream cheese box and the butter in the basket,FULL_HIT,0.998526,0.003819,0.001965,0.308037,29.070807,0.013268,0.007069,29.494961,0,0
0,7,17,put both the cream cheese box and the butter in the basket,FULL_HIT,0.998532,0.003809,0.001683,0.314962,32.339056,0.013326,0.006799,32.771366,0,0
0,7,18,put both the cream cheese box and the butter in the basket,FULL_HIT,0.998492,0.004203,0.001924,0.328108,32.876051,0.013563,0.006652,33.332794,0,0
0,7,19,put both the cream cheese box and the butter in the basket,FULL_HIT,0.998420,0.003837,0.001590,0.355569,41.124450,0.013164,0.007002,41.602321,0,0
0,7,20,put both the cream cheese box and the butter in the basket,FULL_HIT,0.998369,0.004235,0.001830,0.320704,31.423254,0.012506,0.006269,31.860752,0,0
0,7,21,put both the cream cheese box and the butter in the basket,FULL_HIT,0.998466,0.004526,0.001708,0.325467,29.457807,0.012790,0.006836,29.899934,0,0
0,7,22,put both the cream cheese box and the butter in the basket,FULL_HIT,0.998536,0.003617,0.001585,0.317077,29.084350,0.012404,0.006782,29.514152,0,0
0,7,23,put both the cream cheese box and the butter in the basket,FULL_HIT,0.998587,0.004262,0.001611,0.313380,28.615623,0.013180,0.006615,29.045598,0,0
0,7,24,put both the cream cheese box and the butter in the basket,FULL_HIT,0.998548,0.003990,0.001605,0.310424,28.611086,0.012691,0.006928,29.037451,0,0
0,7,25,put both the cream cheese box and the butter in the basket,FULL_HIT,0.998382,0.003927,0.001703,0.314745,28.524467,0.013744,0.006447,28.952062,0,0
0,7,26,put both the cream cheese box and the butter in the basket,FULL_HIT,0.998205,0.003875,0.002006,0.308622,28.318154,0.012613,0.006467,28.741237,0,0
0,7,27,put both the cream cheese box and the butter in the basket,FULL_HIT,0.998450,0.003792,0.001620,0.305831,28.289225,0.012701,0.006339,28.711050,0,0
0,7,28,put both the cream cheese box and the butter in the basket,FULL_HIT,0.998474,0.003926,0.001972,0.315273,28.388485,0.012619,0.006411,28.819408,0,0
0,7,29,put both the cream cheese box and the butter in the basket,FULL_HIT,0.998535,0.003902,0.001628,0.312818,28.858223,0.013648,0.044988,29.352035,0,0
0,7,30,put both the cream cheese box and the butter in the basket,FULL_HIT,0.998531,0.004466,0.002152,8.718870,61.934963,0.011606,0.006698,70.780373,0,0
0,7,31,put both the cream cheese box and the butter in the basket,FULL_HIT,0.998527,0.004872,0.002056,8.739865,55.581542,0.010593,0.006455,64.437963,0,0
0,7,32,put both the cream cheese box and the butter in the basket,FULL_HIT,0.998497,0.004241,0.002270,7.311403,65.390193,0.011308,0.006238,72.869991,0,0
0,7,33,put both the cream cheese box and the butter in the basket,FULL_HIT,0.998422,0.021475,0.001749,7.218852,59.853953,0.011920,0.006251,67.211771,0,0
0,7,34,put both the cream cheese box and the butter in the basket,FULL_HIT,0.998400,0.004251,0.001908,6.949632,60.313654,0.010671,0.005759,67.386613,0,0
0,7,35,put both the cream cheese box and the butter in the basket,FULL_HIT,0.998349,0.004392,0.002144,9.353511,59.713108,0.010695,0.005730,69.183405,0,0
0,7,36,put both the cream cheese box and the butter in the basket,FULL_HIT,0.998216,0.003855,0.001981,7.077773,58.010630,0.010822,0.006281,65.202667,0,0
0,7,37,put both the cream cheese box and the butter in the basket,FULL_HIT,0.998247,0.004095,0.001693,7.037229,59.258444,0.010446,0.005396,66.408061,0,0
0,7,38,put both the cream cheese box and the butter in the basket,FULL_HIT,0.998394,0.004008,0.001801,6.680979,58.731414,0.011144,0.006871,65.535719,0,0
0,7,39,put both the cream cheese box and the butter in the basket,FULL_HIT,0.998507,0.004271,0.001927,7.034915,60.230649,0.010741,0.006169,67.381473,0,0
0,7,40,put both the cream cheese box and the butter in the basket,FULL_HIT,0.998610,0.004062,0.001759,7.118190,57.043725,0.010791,0.005638,64.271914,0,0
0,7,41,put both the cream cheese box and the butter in the basket,FULL_HIT,0.998591,0.003892,0.001592,7.156773,57.254879,0.011944,0.007231,64.531645,0,0
0,7,42,put both the cream cheese box and the butter in the basket,FULL_HIT,0.998501,0.005752,0.002606,9.334157,32.418735,0.013242,0.006908,41.904379,0,0
0,7,43,put both the cream cheese box and the butter in the basket,FULL_HIT,0.998459,0.003809,0.002064,0.305307,28.069637,0.012905,0.007016,28.493781,0,0
0,7,44,put both the cream cheese box and the butter in the basket,FULL_HIT,0.998413,0.003748,0.001658,0.353514,28.260121,0.012993,0.007074,28.732870,0,0
0,7,45,put both the cream cheese box and the butter in the basket,FULL_HIT,0.998275,0.003822,0.001693,0.346781,28.003039,0.013549,0.007136,28.470590,0,0
0,8,0,put both the cream cheese box and the butter in the basket,FULL_HIT,0.998871,0.004157,0.001808,0.316597,28.344716,0.012584,0.006587,28.780206,0,0
0,8,1,put both the cream cheese box and the butter in the basket,FULL_HIT,0.998814,0.003913,0.001896,0.316214,28.468429,0.012998,0.006296,28.904274,0,0
0,8,2,put both the cream cheese box and the butter in the basket,FULL_HIT,0.998761,0.003738,0.001609,0.329503,28.850486,0.013305,0.006999,29.309345,0,0
0,8,3,put both the cream cheese box and the butter in the basket,FULL_HIT,0.998761,0.003989,0.001690,0.328574,30.553853,0.012905,0.007031,31.006073,0,0
0,8,4,put both the cream cheese box and the butter in the basket,FULL_HIT,0.998743,0.003890,0.001850,0.362705,29.319105,0.012759,0.006810,29.798444,0,0
0,8,5,put both the cream cheese box and the butter in the basket,FULL_HIT,0.998717,0.003865,0.001678,0.379764,32.861572,0.013968,0.006777,33.363381,0,0
0,8,6,put both the cream cheese box and the butter in the basket,FULL_HIT,0.998702,0.003944,0.001744,0.392991,30.221371,0.014512,0.007497,30.742806,0,0
0,8,7,put both the cream cheese box and the butter in the basket,FULL_HIT,0.998723,0.003970,0.001732,0.388456,30.280251,0.012471,0.006817,30.788259,0,0
0,8,8,put both the cream cheese box and the butter in the basket,FULL_HIT,0.998722,0.003940,0.001739,0.356826,29.404067,0.012709,0.006929,29.878539,0,0
0,8,9,put both the cream cheese box and the butter in the basket,FULL_HIT,0.998705,0.004124,0.001783,0.330432,29.102001,0.014256,0.006483,29.567949,0,0
0,8,10,put both the cream cheese box and the butter in the basket,FULL_HIT,0.998709,0.003840,0.001756,0.326564,29.056088,0.012268,0.007382,29.504628,0,0
0,8,11,put both the cream cheese box and the butter in the basket,FULL_HIT,0.998198,0.004005,0.002165,0.336968,29.082452,0.013113,0.006697,29.536238,0,0
0,8,12,put both the cream cheese box and the butter in the basket,FULL_HIT,0.998568,0.004385,0.001629,0.326402,29.170408,0.013089,0.007050,29.617535,0,0
0,8,13,put both the cream cheese box and the butter in the basket,FULL_HIT,0.998480,0.003943,0.001710,0.313871,29.069056,0.013109,0.007579,29.503918,0,0
0,8,14,put both the cream cheese box and the butter in the basket,FULL_HIT,0.998552,0.003914,0.001697,0.346709,30.154540,0.013398,0.007437,30.622091,0,0
0,8,15,put both the cream cheese box and the butter in the basket,FULL_HIT,0.998547,0.004284,0.001667,0.362358,29.487424,0.013438,0.007242,29.971611,0,0
0,8,16,put both the cream cheese box and the butter in the basket,FULL_HIT,0.998451,0.003962,0.001679,0.324922,29.223867,0.013997,0.006415,29.666495,0,0
0,8,17,put both the cream cheese box and the butter in the basket,FULL_HIT,0.998327,0.004033,0.001818,0.338413,29.404954,0.012970,0.007108,29.866241,0,0
0,8,18,put both the cream cheese box and the butter in the basket,FULL_HIT,0.998268,0.004086,0.001621,0.323923,29.317704,0.013403,0.006856,29.763050,0,0
0,8,19,put both the cream cheese box and the butter in the basket,FULL_HIT,0.998268,0.004041,0.001903,0.328884,29.479460,0.013271,0.006897,29.940695,0,0
0,8,20,put both the cream cheese box and the butter in the basket,FULL_HIT,0.998135,0.004102,0.001796,0.328627,29.290508,0.013277,0.007251,29.740907,0,0
0,8,21,put both the cream cheese box and the butter in the basket,FULL_HIT,0.998214,0.004350,0.001643,0.326136,29.817980,0.013473,0.006841,30.267042,0,0
0,8,22,put both the cream cheese box and the butter in the basket,FULL_HIT,0.998309,0.004092,0.001709,0.341962,30.780351,0.020889,0.006913,31.249981,0,0
0,8,23,put both the cream cheese box and the butter in the basket,FULL_HIT,0.998352,0.003930,0.002092,0.320334,29.535444,0.012243,0.006680,29.978026,0,0
0,8,24,put both the cream cheese box and the butter in the basket,FULL_HIT,0.998345,0.004165,0.002118,0.361795,30.834407,0.013292,0.007076,31.339560,0,0
0,8,25,put both the cream cheese box and the butter in the basket,FULL_HIT,0.998258,0.003922,0.001744,0.325995,29.803070,0.012653,0.006588,30.251754,0,0
0,8,26,put both the cream cheese box and the butter in the basket,FULL_HIT,0.997964,0.003880,0.001588,0.329253,28.974457,0.013581,0.006356,29.421718,0,0
0,8,27,put both the cream cheese box and the butter in the basket,FULL_HIT,0.998251,0.004096,0.001700,0.330230,28.817172,0.012930,0.006902,29.275650,0,0
0,8,28,put both the cream cheese box and the butter in the basket,FULL_HIT,0.998283,0.004031,0.001952,0.334317,28.791392,0.012727,0.006665,29.247195,0,0
0,8,29,put both the cream cheese box and the butter in the basket,FULL_HIT,0.998428,0.004073,0.001603,0.344594,29.131659,0.013193,0.007024,29.594584,0,0
0,8,30,put both the cream cheese box and the butter in the basket,FULL_HIT,0.998517,0.004034,0.001898,0.320672,29.377492,0.011844,0.006655,29.817232,0,0
0,8,31,put both the cream cheese box and the butter in the basket,FULL_HIT,0.998602,0.003846,0.001681,0.329791,29.139789,0.013500,0.006668,29.591281,0,0
0,8,32,put both the cream cheese box and the butter in the basket,FULL_HIT,0.998660,0.003789,0.001810,0.320895,29.001703,0.013126,0.006478,29.441345,0,0
0,8,33,put both the cream cheese box and the butter in the basket,FULL_HIT,0.998674,0.004267,0.001642,0.326248,28.862903,0.013239,0.007978,29.326899,0,0
0,8,34,put both the cream cheese box and the butter in the basket,FULL_HIT,0.998613,0.003947,0.001783,0.324816,28.884392,0.013660,0.006336,29.328748,0,0
0,8,35,put both the cream cheese box and the butter in the basket,FULL_HIT,0.998546,0.003929,0.001652,0.323298,28.764122,0.013315,0.006963,29.218586,0,0
0,8,36,put both the cream cheese box and the butter in the basket,FULL_HIT,0.998245,0.003824,0.001750,0.323089,28.649975,0.012654,0.007076,29.091763,0,0
0,8,37,put both the cream cheese box and the butter in the basket,FULL_HIT,0.997677,0.003994,0.002002,0.314102,28.680867,0.013317,0.006965,29.114331,0,0
0,8,38,put both the cream cheese box and the butter in the basket,FULL_HIT,0.998145,0.003976,0.001813,0.314379,28.661815,0.013253,0.007325,29.104614,0,0
0,8,39,put both the cream cheese box and the butter in the basket,FULL_HIT,0.998117,0.004159,0.001650,0.314046,28.723301,0.013054,0.007013,29.155708,0,0
0,8,40,put both the cream cheese box and the butter in the basket,FULL_HIT,0.998233,0.003882,0.001971,0.311761,29.542181,0.011532,0.011856,29.975531,0,0
0,8,41,put both the cream cheese box and the butter in the basket,FULL_HIT,0.998317,0.004543,0.001876,0.359952,63.075413,0.012497,0.006399,63.563862,0,0
0,8,42,put both the cream cheese box and the butter in the basket,FULL_HIT,0.998319,0.004354,0.002017,9.713982,44.756685,0.012497,0.006647,54.591628,0,0
0,8,43,put both the cream cheese box and the butter in the basket,FULL_HIT,0.998331,0.003941,0.001638,0.312416,28.327273,0.011349,0.005519,28.749266,0,0
0,8,44,put both the cream cheese box and the butter in the basket,FULL_HIT,0.998306,0.003858,0.001967,0.335593,38.583420,0.011808,0.005514,39.032083,0,0
0,8,45,put both the cream cheese box and the butter in the basket,FULL_HIT,0.998271,0.004244,0.001944,0.344535,30.352232,0.011113,0.006317,30.810246,0,0
0,8,46,put both the cream cheese box and the butter in the basket,FULL_HIT,0.998259,0.004144,0.002084,0.333184,30.149443,0.011205,0.005838,30.592811,0,0
0,8,47,put both the cream cheese box and the butter in the basket,FULL_HIT,0.998260,0.003978,0.001719,0.350055,28.462448,0.012160,0.005921,28.926136,0,0
0,9,0,put both the cream cheese box and the butter in the basket,FULL_HIT,0.998871,0.003888,0.001810,0.315235,28.588475,0.010985,0.006128,29.014010,0,0
0,9,1,put both the cream cheese box and the butter in the basket,FULL_HIT,0.998837,0.003882,0.002087,0.327418,29.015274,0.011037,0.006004,29.454010,0,0
0,9,2,put both the cream cheese box and the butter in the basket,FULL_HIT,0.998792,0.004279,0.001655,0.327953,28.699047,0.010408,0.005920,29.134929,0,0
0,9,3,put both the cream cheese box and the butter in the basket,FULL_HIT,0.998731,0.003755,0.001877,0.327544,30.009134,0.011091,0.005525,30.444192,0,0
0,9,4,put both the cream cheese box and the butter in the basket,FULL_HIT,0.998733,0.003928,0.001680,0.346417,29.200105,0.011409,0.006525,29.658753,0,0
0,9,5,put both the cream cheese box and the butter in the basket,FULL_HIT,0.998730,0.004215,0.001729,0.348864,28.948988,0.010652,0.006306,29.423133,0,0
0,9,6,put both the cream cheese box and the butter in the basket,FULL_HIT,0.998717,0.004283,0.001683,0.321918,28.533485,0.010719,0.005682,28.962549,0,0
0,9,7,put both the cream cheese box and the butter in the basket,FULL_HIT,0.998743,0.004086,0.001774,0.317417,28.909785,0.013111,0.007522,29.350036,0,0
0,9,8,put both the cream cheese box and the butter in the basket,FULL_HIT,0.998753,0.003706,0.001739,0.327446,28.910236,0.013420,0.006630,29.355360,0,0
0,9,9,put both the cream cheese box and the butter in the basket,FULL_HIT,0.998726,0.003893,0.001680,0.323022,29.405241,0.011284,0.006472,29.850606,0,0
0,9,10,put both the cream cheese box and the butter in the basket,FULL_HIT,0.998722,0.004058,0.001990,0.324034,28.874253,0.010121,0.005838,29.304711,0,0
0,9,11,put both the cream cheese box and the butter in the basket,FULL_HIT,0.998499,0.004034,0.001921,0.319428,28.615833,0.009917,0.005782,29.041195,0,0
0,9,12,put both the cream cheese box and the butter in the basket,FULL_HIT,0.997994,0.003893,0.001628,0.336039,28.526579,0.010890,0.005943,28.970360,0,0
0,9,13,put both the cream cheese box and the butter in the basket,FULL_HIT,0.998267,0.004015,0.001890,0.317401,28.756096,0.010379,0.005931,29.179537,0,0
0,9,14,put both the cream cheese box and the butter in the basket,FULL_HIT,0.998355,0.003973,0.001729,0.315362,28.666265,0.011291,0.005740,29.090471,0,0
0,9,15,put both the cream cheese box and the butter in the basket,FULL_HIT,0.998421,0.004280,0.001691,0.315463,28.719911,0.011304,0.005737,29.143834,0,0
0,9,16,put both the cream cheese box and the butter in the basket,FULL_HIT,0.998285,0.003942,0.001723,0.316675,28.605634,0.016992,0.005476,29.044859,0,0
0,9,17,put both the cream cheese box and the butter in the basket,FULL_HIT,0.998141,0.003972,0.001841,0.336262,28.666788,0.010900,0.006247,29.110359,0,0
0,9,18,put both the cream cheese box and the butter in the basket,FULL_HIT,0.998078,0.003863,0.001676,0.311711,28.636568,0.011969,0.005942,29.059858,0,0
0,9,19,put both the cream cheese box and the butter in the basket,FULL_HIT,0.998225,0.004246,0.001850,0.322517,28.733695,0.011799,0.006328,29.174890,0,0
0,9,20,put both the cream cheese box and the butter in the basket,FULL_HIT,0.998246,0.003958,0.001630,0.314166,28.985372,0.011969,0.005800,29.411499,0,0
0,9,21,put both the cream cheese box and the butter in the basket,FULL_HIT,0.998288,0.003997,0.001656,0.316916,30.745143,0.012910,0.007167,31.197429,0,0
0,9,22,put both the cream cheese box and the butter in the basket,FULL_HIT,0.998362,0.004339,0.002353,0.347384,30.156097,0.013410,0.007164,30.629624,0,0
0,9,23,put both the cream cheese box and the butter in the basket,FULL_HIT,0.998384,0.004995,0.002357,0.365588,29.868597,0.013230,0.007119,30.365892,0,0
0,9,24,put both the cream cheese box and the butter in the basket,FULL_HIT,0.998465,0.004653,0.001959,0.326874,29.119126,0.013296,0.006667,29.583542,0,0
0,9,25,put both the cream cheese box and the butter in the basket,FULL_HIT,0.998238,0.004454,0.001729,0.315153,29.318332,0.013260,0.006870,29.756594,0,0
0,9,26,put both the cream cheese box and the butter in the basket,FULL_HIT,0.998228,0.004586,0.001953,0.334493,29.106374,0.012552,0.007395,29.604301,0,0
0,9,27,put both the cream cheese box and the butter in the basket,FULL_HIT,0.998317,0.004182,0.002284,0.322675,28.959760,0.012779,0.007295,29.406422,0,0
0,9,28,put both the cream cheese box and the butter in the basket,FULL_HIT,0.996982,0.005033,0.001780,0.325730,28.893319,0.012874,0.007614,29.344800,0,0
0,9,29,put both the cream cheese box and the butter in the basket,FULL_HIT,0.998246,0.004171,0.002523,0.319850,28.846808,0.012549,0.006967,29.292793,0,0
0,9,30,put both the cream cheese box and the butter in the basket,FULL_HIT,0.998289,0.003955,0.001675,0.315626,28.870447,0.012056,0.007190,29.306731,0,0
0,9,31,put both the cream cheese box and the butter in the basket,FULL_HIT,0.998315,0.004419,0.002052,0.325951,29.042246,0.013531,0.006510,29.493592,0,0
0,9,32,put both the cream cheese box and the butter in the basket,FULL_HIT,0.998446,0.004665,0.001726,0.316968,28.997079,0.013125,0.007060,29.437955,0,0
0,9,33,put both the cream cheese box and the butter in the basket,FULL_HIT,0.998379,0.004237,0.001766,0.322224,28.854883,0.012730,0.007153,29.299293,0,0
0,9,34,put both the cream cheese box and the butter in the basket,FULL_HIT,0.998257,0.003919,0.001661,0.314655,28.702861,0.014314,0.008070,29.139544,0,0
0,9,35,put both the cream cheese box and the butter in the basket,FULL_HIT,0.998237,0.004175,0.001720,0.319358,29.167178,0.013366,0.007595,29.624902,0,0
0,9,36,put both the cream cheese box and the butter in the basket,FULL_HIT,0.998331,0.003845,0.001840,0.308936,29.725998,0.013675,0.007380,30.153701,0,0
0,9,37,put both the cream cheese box and the butter in the basket,FULL_HIT,0.998467,0.004519,0.001980,0.313692,29.775140,0.012781,0.007475,30.205489,0,0
0,9,38,put both the cream cheese box and the butter in the basket,FULL_HIT,0.997889,0.003878,0.001602,0.343866,30.052000,0.012875,0.006534,30.520245,0,0
0,9,39,put both the cream cheese box and the butter in the basket,FULL_HIT,0.998356,0.003940,0.001646,0.324853,29.164347,0.013548,0.007391,29.610039,0,0
0,9,40,put both the cream cheese box and the butter in the basket,FULL_HIT,0.998369,0.003647,0.001608,0.316536,28.969177,0.012747,0.006800,29.403670,0,0
0,9,41,put both the cream cheese box and the butter in the basket,FULL_HIT,0.998274,0.003919,0.001573,0.323506,28.975028,0.012383,0.007140,29.414761,0,0
0,9,42,put both the cream cheese box and the butter in the basket,FULL_HIT,0.998286,0.004069,0.001630,0.325264,28.890584,0.012699,0.007679,29.361546,0,0
0,9,43,put both the cream cheese box and the butter in the basket,FULL_HIT,0.998420,0.004828,0.002343,0.360756,28.895403,0.012189,0.006371,29.384646,0,0
0,9,44,put both the cream cheese box and the butter in the basket,FULL_HIT,0.998495,0.003827,0.001568,0.339620,29.238417,0.015154,0.007256,29.703565,0,0
0,9,45,put both the cream cheese box and the butter in the basket,FULL_HIT,0.998490,0.003589,0.001537,0.330297,28.683802,0.012594,0.006475,29.131929,0,0
0,9,46,put both the cream cheese box and the butter in the basket,FULL_HIT,0.998356,0.003947,0.001605,0.344327,28.665410,0.013373,0.006949,29.128639,0,0
0,9,47,put both the cream cheese box and the butter in the basket,FULL_HIT,0.998108,0.003871,0.002044,0.363227,28.516511,0.012818,0.006360,28.994060,0,0
0,9,48,put both the cream cheese box and the butter in the basket,FULL_HIT,0.998179,0.003647,0.001625,0.308214,28.457391,0.013052,0.007156,28.892793,0,0
0,10,0,pick up the book and place it in the back compartment of the caddy,FULL_HIT,0.998862,0.004369,0.001582,0.319516,108.253853,0.013515,0.007658,108.695625,0,0
0,10,1,pick up the book and place it in the back compartment of the caddy,FULL_HIT,0.998778,0.004130,0.001826,0.320661,29.549643,0.012973,0.006512,29.996661,0,0
0,10,2,pick up the book and place it in the back compartment of the caddy,FULL_HIT,0.998729,0.003745,0.001701,0.348898,27.055711,0.012994,0.006564,27.527596,0,0
0,10,3,pick up the book and place it in the back compartment of the caddy,FULL_HIT,0.998684,0.003927,0.001593,0.311833,25.843850,0.013282,0.007371,26.272203,0,0
0,10,4,pick up the book and place it in the back compartment of the caddy,FULL_HIT,0.998718,0.004037,0.001654,0.309286,26.171695,0.013198,0.006436,26.601022,0,0
0,10,5,pick up the book and place it in the back compartment of the caddy,FULL_HIT,0.998746,0.004063,0.001641,0.335595,26.106653,0.012775,0.006774,26.561561,0,0
0,10,6,pick up the book and place it in the back compartment of the caddy,FULL_HIT,0.998735,0.003849,0.001614,0.355666,26.065340,0.012434,0.006932,26.534976,0,0
0,10,7,pick up the book and place it in the back compartment of the caddy,FULL_HIT,0.998712,0.003869,0.001625,0.307995,25.965705,0.012736,0.007109,26.397952,0,0
0,10,8,pick up the book and place it in the back compartment of the caddy,FULL_HIT,0.998638,0.004134,0.001910,0.316768,26.320958,0.013181,0.007350,26.756691,0,0
0,10,9,pick up the book and place it in the back compartment of the caddy,FULL_HIT,0.998603,0.004012,0.001653,0.326094,26.188273,0.012103,0.006339,26.629990,0,0
0,10,10,pick up the book and place it in the back compartment of the caddy,FULL_HIT,0.998608,0.003883,0.001762,0.314687,26.341193,0.012617,0.006832,26.770166,0,0
0,10,11,pick up the book and place it in the back compartment of the caddy,FULL_HIT,0.998446,0.004099,0.001662,0.323500,26.343535,0.013150,0.007118,26.784657,0,0
0,10,12,pick up the book and place it in the back compartment of the caddy,FULL_HIT,0.998085,0.003804,0.001869,0.337658,62.123290,0.012635,0.007075,62.582507,0,0
0,10,13,pick up the book and place it in the back compartment of the caddy,FULL_HIT,0.998474,0.004495,0.001935,8.078796,58.822237,0.012724,0.005974,67.024074,0,0
0,10,14,pick up the book and place it in the back compartment of the caddy,FULL_HIT,0.998470,0.004152,0.001753,7.146940,61.712101,0.010909,0.006152,68.972073,0,0
0,10,15,pick up the book and place it in the back compartment of the caddy,FULL_HIT,0.998516,0.004230,0.001910,7.054296,55.223706,0.010595,0.006254,62.393433,0,0
0,10,16,pick up the book and place it in the back compartment of the caddy,FULL_HIT,0.998458,0.004150,0.002142,7.379340,53.980901,0.010387,0.005972,61.484002,0,0
0,10,17,pick up the book and place it in the back compartment of the caddy,FULL_HIT,0.998493,0.004607,0.001983,7.989190,54.658071,0.010620,0.006351,62.766900,0,0
0,10,18,pick up the book and place it in the back compartment of the caddy,FULL_HIT,0.998352,0.004088,0.002101,7.159732,53.573321,0.010307,0.006935,60.849883,0,0
0,10,19,pick up the book and place it in the back compartment of the caddy,FULL_HIT,0.998296,0.004190,0.001920,7.084720,55.648870,0.010334,0.006321,62.854364,0,0
0,10,20,pick up the book and place it in the back compartment of the caddy,FULL_HIT,0.998243,0.003750,0.001820,7.080211,48.824386,0.010135,0.006634,56.018076,0,0
0,10,21,pick up the book and place it in the back compartment of the caddy,FULL_HIT,0.998173,0.004207,0.001681,7.162211,51.035028,0.010422,0.006292,58.310684,0,0
0,10,22,pick up the book and place it in the back compartment of the caddy,FULL_HIT,0.998179,0.004302,0.002697,7.030429,50.317761,0.010711,0.006653,57.476485,0,0
0,10,23,pick up the book and place it in the back compartment of the caddy,FULL_HIT,0.998105,0.004274,0.001977,7.106773,52.379361,0.011722,0.006128,59.613128,0,0
0,10,24,pick up the book and place it in the back compartment of the caddy,FULL_HIT,0.997802,0.004388,0.001969,6.647635,54.905411,0.010709,0.006486,61.672950,0,0
0,10,25,pick up the book and place it in the back compartment of the caddy,FULL_HIT,0.997837,0.006511,0.002600,8.084675,54.812798,0.013267,0.006872,63.057562,0,0
0,10,26,pick up the book and place it in the back compartment of the caddy,FULL_HIT,0.998160,0.005327,0.002283,6.947269,52.621562,0.012744,0.006134,59.712550,0,0
0,10,27,pick up the book and place it in the back compartment of the caddy,FULL_HIT,0.998096,0.004636,0.002492,7.097994,49.281985,0.013105,0.006296,56.524869,0,0
0,10,28,pick up the book and place it in the back compartment of the caddy,FULL_HIT,0.998312,0.005149,0.002516,7.978357,52.580440,0.012693,0.007483,60.702872,0,0
0,10,29,pick up the book and place it in the back compartment of the caddy,FULL_HIT,0.998489,0.005523,0.002705,7.092082,54.157138,0.026837,0.016881,61.421427,0,0
0,10,30,pick up the book and place it in the back compartment of the caddy,FULL_HIT,0.998528,0.005020,0.002324,7.168017,57.997227,0.012474,0.006967,65.309410,0,0
0,10,31,pick up the book and place it in the back compartment of the caddy,FULL_HIT,0.998291,0.004999,0.002448,0.390450,28.475664,0.013474,0.006931,29.003228,0,0
0,10,32,pick up the book and place it in the back compartment of the caddy,FULL_HIT,0.998027,0.004327,0.001768,0.334252,27.145760,0.013109,0.006493,27.622101,0,0
0,11,0,turn on the stove and put the moka pot on it,FULL_HIT,0.998845,0.003717,0.001957,0.316826,135.981886,0.013869,0.007580,136.423611,0,0
0,11,1,turn on the stove and put the moka pot on it,FULL_HIT,0.998747,0.004014,0.001802,0.338813,28.889720,0.013310,0.006817,29.351199,0,0
0,11,2,turn on the stove and put the moka pot on it,FULL_HIT,0.998691,0.004319,0.002172,0.347293,28.726734,0.016608,0.006672,29.212415,0,0
0,11,3,turn on the stove and put the moka pot on it,FULL_HIT,0.998577,0.003947,0.001749,0.323186,28.578217,0.013647,0.007292,29.021240,0,0
0,11,4,turn on the stove and put the moka pot on it,FULL_HIT,0.998463,0.004089,0.001806,0.326357,28.765996,0.013911,0.007332,29.226779,0,0
0,11,5,turn on the stove and put the moka pot on it,FULL_HIT,0.998448,0.003888,0.001654,0.320078,28.952131,0.013530,0.006765,29.394385,0,0
0,11,6,turn on the stove and put the moka pot on it,FULL_HIT,0.998573,0.003923,0.001701,0.325169,28.759899,0.013593,0.006537,29.203948,0,0
0,11,7,turn on the stove and put the moka pot on it,FULL_HIT,0.998654,0.003943,0.001908,0.318217,28.870739,0.013765,0.007316,29.310114,0,0
0,11,8,turn on the stove and put the moka pot on it,FULL_HIT,0.998631,0.003948,0.001872,0.313340,29.144112,0.013920,0.006973,29.609510,0,0
0,11,9,turn on the stove and put the moka pot on it,FULL_HIT,0.998635,0.004216,0.001843,0.337852,29.184425,0.013539,0.006932,29.643012,0,0
0,11,10,turn on the stove and put the moka pot on it,FULL_HIT,0.998658,0.003932,0.001711,0.324467,29.513270,0.013875,0.007274,29.980226,0,0
0,11,11,turn on the stove and put the moka pot on it,FULL_HIT,0.998588,0.004377,0.002172,0.382054,39.788898,0.013774,0.007220,40.318609,0,0
0,11,12,turn on the stove and put the moka pot on it,FULL_HIT,0.998114,0.004308,0.001932,0.385579,31.717147,0.013654,0.007834,32.229219,0,0
0,11,13,turn on the stove and put the moka pot on it,FULL_HIT,0.998347,0.003707,0.001745,0.324460,31.213545,0.021808,0.006621,31.664676,0,0
0,11,14,turn on the stove and put the moka pot on it,FULL_HIT,0.998567,0.003871,0.001603,0.357106,29.939221,0.013132,0.006779,30.421708,0,0
0,11,15,turn on the stove and put the moka pot on it,FULL_HIT,0.998458,0.004009,0.001784,0.328262,29.777908,0.012879,0.007052,30.225466,0,0
0,11,16,turn on the stove and put the moka pot on it,FULL_HIT,0.998154,0.003871,0.001689,0.322088,29.638122,0.013127,0.006822,30.078586,0,0
0,11,17,turn on the stove and put the moka pot on it,FULL_HIT,0.998626,0.003884,0.001631,0.313331,29.527629,0.013916,0.006579,29.958042,0,0
0,11,18,turn on the stove and put the moka pot on it,FULL_HIT,0.998125,0.003999,0.001636,0.322000,29.304852,0.013521,0.006899,29.744345,0,0
0,11,19,turn on the stove and put the moka pot on it,FULL_HIT,0.998337,0.003950,0.001792,0.328910,29.183277,0.013357,0.006825,29.627815,0,0
0,11,20,turn on the stove and put the moka pot on it,FULL_HIT,0.997991,0.003875,0.001623,0.325322,29.479916,0.013411,0.007670,29.925311,0,0
0,11,21,turn on the stove and put the moka pot on it,FULL_HIT,0.998383,0.004153,0.001583,0.314177,30.645805,0.014117,0.007221,31.095906,0,0
0,11,22,turn on the stove and put the moka pot on it,FULL_HIT,0.998052,0.004442,0.002013,0.339801,31.421998,0.012832,0.006365,31.899394,0,0
0,11,23,turn on the stove and put the moka pot on it,FULL_HIT,0.998572,0.004598,0.002008,0.448832,56.167277,0.011973,0.006177,56.739564,0,0
0,11,24,turn on the stove and put the moka pot on it,FULL_HIT,0.998505,0.004223,0.001834,0.314147,31.286309,0.012055,0.006111,31.715617,0,0
0,11,25,turn on the stove and put the moka pot on it,FULL_HIT,0.998499,0.004224,0.001942,0.319545,31.229733,0.012116,0.005854,31.665386,0,0
0,11,26,turn on the stove and put the moka pot on it,FULL_HIT,0.998599,0.004723,0.002092,0.320126,31.460232,0.011311,0.005403,31.897912,0,0
0,11,27,turn on the stove and put the moka pot on it,FULL_HIT,0.998636,0.003954,0.001896,0.330719,40.363810,0.011615,0.006354,40.810761,0,0
0,11,28,turn on the stove and put the moka pot on it,FULL_HIT,0.998633,0.004033,0.002298,0.328773,31.683291,0.011759,0.006593,32.131753,0,0
0,11,29,turn on the stove and put the moka pot on it,FULL_HIT,0.998636,0.004119,0.001802,0.329080,31.941177,0.011427,0.005619,32.384412,0,0
0,11,30,turn on the stove and put the moka pot on it,FULL_HIT,0.998716,0.003845,0.001739,0.345581,31.995788,0.011384,0.005383,32.456033,0,0
0,11,31,turn on the stove and put the moka pot on it,FULL_HIT,0.998732,0.004254,0.001948,0.323953,31.590240,0.010963,0.006110,32.029671,0,0
0,11,32,turn on the stove and put the moka pot on it,FULL_HIT,0.998725,0.004545,0.001787,0.336439,31.818197,0.012206,0.005508,32.271540,0,0
0,11,33,turn on the stove and put the moka pot on it,FULL_HIT,0.998705,0.004170,0.001792,0.335726,29.649263,0.010849,0.006287,30.099454,0,0
0,11,34,turn on the stove and put the moka pot on it,FULL_HIT,0.998692,0.004024,0.001802,0.320163,29.770410,0.010836,0.006023,30.211035,0,0
0,11,35,turn on the stove and put the moka pot on it,FULL_HIT,0.998668,0.004471,0.001638,0.331693,29.556731,0.012022,0.006988,30.005078,0,0
0,11,36,turn on the stove and put the moka pot on it,FULL_HIT,0.998628,0.004365,0.001759,0.321849,29.745466,0.013580,0.007776,30.190502,0,0
0,11,37,turn on the stove and put the moka pot on it,FULL_HIT,0.998531,0.004360,0.001679,0.330664,29.578924,0.012679,0.006219,30.028887,0,0
0,11,38,turn on the stove and put the moka pot on it,FULL_HIT,0.998524,0.003810,0.001770,0.316132,29.458972,0.010563,0.005633,29.886209,0,0
0,11,39,turn on the stove and put the moka pot on it,FULL_HIT,0.998428,0.003974,0.001797,0.311892,29.129087,0.010394,0.005751,29.551670,0,0
0,11,40,turn on the stove and put the moka pot on it,FULL_HIT,0.998247,0.004132,0.001944,0.321773,30.253333,0.010346,0.005354,30.686604,0,0
0,11,41,turn on the stove and put the moka pot on it,FULL_HIT,0.998195,0.003921,0.001722,0.314599,29.600588,0.010125,0.005542,30.028842,0,0
0,11,42,turn on the stove and put the moka pot on it,FULL_HIT,0.998204,0.004116,0.001708,0.350770,29.363229,0.010446,0.005717,29.834322,0,0
0,11,43,turn on the stove and put the moka pot on it,FULL_HIT,0.997667,0.004122,0.001832,0.343942,29.244291,0.011271,0.006021,29.701536,0,0
0,11,44,turn on the stove and put the moka pot on it,FULL_HIT,0.997297,0.003799,0.001619,0.363432,29.101432,0.011643,0.006921,29.582088,0,0
0,11,45,turn on the stove and put the moka pot on it,FULL_HIT,0.997689,0.003925,0.001829,0.334859,28.938338,0.012137,0.014050,29.397479,0,0
0,11,46,turn on the stove and put the moka pot on it,FULL_HIT,0.998255,0.004050,0.001971,0.323835,29.054279,0.010980,0.006377,29.494975,0,0
0,11,47,turn on the stove and put the moka pot on it,FULL_HIT,0.998313,0.003899,0.001885,0.330508,29.173131,0.012907,0.006601,29.624377,0,0
0,11,48,turn on the stove and put the moka pot on it,FULL_HIT,0.998364,0.004049,0.001686,0.337453,36.954411,0.013466,0.006423,37.414649,0,0
0,11,49,turn on the stove and put the moka pot on it,FULL_HIT,0.998437,0.004179,0.002048,0.335954,31.529520,0.013706,0.006641,31.992990,0,0
0,11,50,turn on the stove and put the moka pot on it,FULL_HIT,0.998512,0.004583,0.002409,0.352889,32.168706,0.013719,0.007249,32.660395,0,0
0,12,0,turn on the stove and put the moka pot on it,FULL_HIT,0.998869,0.005687,0.002575,0.354778,32.447602,0.013460,0.007216,32.959701,0,0
0,12,1,turn on the stove and put the moka pot on it,FULL_HIT,0.998806,0.004754,0.002428,0.342346,32.641656,0.019298,0.006063,33.117094,0,0
0,12,2,turn on the stove and put the moka pot on it,FULL_HIT,0.998721,0.003885,0.001714,0.333323,32.105700,0.012859,0.007469,32.572339,0,0
0,12,3,turn on the stove and put the moka pot on it,FULL_HIT,0.998535,0.004268,0.002120,0.357093,32.692325,0.013630,0.007033,33.194527,0,0
0,12,4,turn on the stove and put the moka pot on it,FULL_HIT,0.998226,0.004335,0.001856,0.362593,32.010154,0.013275,0.007266,32.495488,0,0
0,12,5,turn on the stove and put the moka pot on it,FULL_HIT,0.998024,0.004222,0.001842,0.360854,34.540694,0.013213,0.007653,35.026399,0,0
0,12,6,turn on the stove and put the moka pot on it,FULL_HIT,0.998025,0.004359,0.001721,0.342355,29.852690,0.012588,0.007537,30.319447,0,0
0,12,7,turn on the stove and put the moka pot on it,FULL_HIT,0.998061,0.003939,0.001798,0.336669,29.937574,0.029494,0.006641,30.410944,0,0
0,12,8,turn on the stove and put the moka pot on it,FULL_HIT,0.998281,0.003915,0.001660,0.326566,30.701370,0.013223,0.007040,31.146170,0,0
0,12,9,turn on the stove and put the moka pot on it,FULL_HIT,0.998351,0.003959,0.001660,0.336956,29.933585,0.012544,0.007338,30.388051,0,0
0,12,10,turn on the stove and put the moka pot on it,FULL_HIT,0.998469,0.003841,0.001670,0.336184,29.795828,0.014306,0.017761,30.266780,0,0
0,12,11,turn on the stove and put the moka pot on it,FULL_HIT,0.998392,0.003890,0.001644,0.318522,30.446776,0.012841,0.006803,30.883634,0,0
0,12,12,turn on the stove and put the moka pot on it,FULL_HIT,0.998337,0.003921,0.001766,0.364135,30.002524,0.013517,0.006839,30.489536,0,0
0,12,13,turn on the stove and put the moka pot on it,FULL_HIT,0.997985,0.003773,0.001605,0.325928,29.214017,0.013793,0.007388,29.659717,0,0
0,12,14,turn on the stove and put the moka pot on it,FULL_HIT,0.998184,0.003873,0.001598,0.316343,29.161768,0.013286,0.007457,29.594393,0,0
0,12,15,turn on the stove and put the moka pot on it,FULL_HIT,0.998255,0.003706,0.001716,0.323913,29.138435,0.013526,0.006901,29.581907,0,0
0,12,16,turn on the stove and put the moka pot on it,FULL_HIT,0.998248,0.003931,0.001677,0.313789,36.349036,0.013476,0.006957,36.783432,0,0
0,12,17,turn on the stove and put the moka pot on it,FULL_HIT,0.998216,0.003741,0.001573,0.322328,29.580689,0.013060,0.007126,30.022621,0,0
0,12,18,turn on the stove and put the moka pot on it,FULL_HIT,0.998159,0.004001,0.001692,0.315321,29.504009,0.013687,0.006657,29.939170,0,0
0,12,19,turn on the stove and put the moka pot on it,FULL_HIT,0.998098,0.003774,0.001701,0.331536,29.507640,0.013879,0.007279,29.960862,0,0
0,12,20,turn on the stove and put the moka pot on it,FULL_HIT,0.998117,0.003875,0.001742,0.315873,29.293586,0.013631,0.008621,29.731110,0,0
0,12,21,turn on the stove and put the moka pot on it,FULL_HIT,0.998122,0.003932,0.001677,0.334622,29.177496,0.012429,0.007623,29.630192,0,0
0,12,22,turn on the stove and put the moka pot on it,FULL_HIT,0.997914,0.003899,0.001703,0.322750,29.318922,0.012898,0.006758,29.760183,0,0
0,12,23,turn on the stove and put the moka pot on it,FULL_HIT,0.997850,0.003753,0.001654,0.312365,29.171461,0.013699,0.006461,29.600136,0,0
0,12,24,turn on the stove and put the moka pot on it,FULL_HIT,0.998078,0.003972,0.001871,0.323747,29.098847,0.013704,0.006832,29.541859,0,0
0,12,25,turn on the stove and put the moka pot on it,FULL_HIT,0.998331,0.004416,0.001785,0.319764,29.109741,0.012842,0.006930,29.548225,0,0
0,12,26,turn on the stove and put the moka pot on it,FULL_HIT,0.998406,0.003916,0.001694,0.315909,29.129616,0.014113,0.007558,29.584626,0,0
0,12,27,turn on the stove and put the moka pot on it,FULL_HIT,0.998537,0.003913,0.001829,0.309822,29.562047,0.013031,0.006771,29.996031,0,0
0,12,28,turn on the stove and put the moka pot on it,FULL_HIT,0.998531,0.003991,0.001682,0.320184,29.096183,0.012635,0.007051,29.536198,0,0
0,12,29,turn on the stove and put the moka pot on it,FULL_HIT,0.998543,0.003991,0.001652,0.319409,29.109204,0.013128,0.006928,29.546553,0,0
0,12,30,turn on the stove and put the moka pot on it,FULL_HIT,0.998527,0.004249,0.001706,0.326099,29.199390,0.013234,0.007067,29.644014,0,0
0,12,31,turn on the stove and put the moka pot on it,FULL_HIT,0.998418,0.003661,0.001582,0.308325,29.118933,0.013689,0.007249,29.545941,0,0
0,12,32,turn on the stove and put the moka pot on it,FULL_HIT,0.998390,0.004016,0.001855,0.325561,29.100118,0.013516,0.007110,29.547467,0,0
0,12,33,turn on the stove and put the moka pot on it,FULL_HIT,0.998528,0.003892,0.001727,0.316153,29.121260,0.013794,0.006902,29.556900,0,0
0,12,34,turn on the stove and put the moka pot on it,FULL_HIT,0.998610,0.003764,0.001684,0.319881,29.155749,0.013329,0.007159,29.595289,0,0
0,12,35,turn on the stove and put the moka pot on it,FULL_HIT,0.998555,0.003787,0.001636,0.328572,29.475960,0.013178,0.006738,29.930699,0,0
0,12,36,turn on the stove and put the moka pot on it,FULL_HIT,0.998576,0.004177,0.002002,0.322363,39.624466,0.013114,0.007038,40.068978,0,0
0,12,37,turn on the stove and put the moka pot on it,FULL_HIT,0.998520,0.004743,0.002106,8.666809,55.486340,0.012346,0.007018,64.289161,0,0
0,12,38,turn on the stove and put the moka pot on it,FULL_HIT,0.998577,0.004248,0.001749,0.347453,29.977002,0.012745,0.016185,30.465128,0,0
0,12,39,turn on the stove and put the moka pot on it,FULL_HIT,0.998587,0.003909,0.001682,0.306271,28.978946,0.013589,0.006741,29.407100,0,0
0,12,40,turn on the stove and put the moka pot on it,FULL_HIT,0.998610,0.003927,0.001985,0.317844,28.916609,0.012040,0.006816,29.357435,0,0
0,12,41,turn on the stove and put the moka pot on it,FULL_HIT,0.998609,0.004208,0.001722,0.321238,28.835585,0.013496,0.007107,29.276551,0,0
0,12,42,turn on the stove and put the moka pot on it,FULL_HIT,0.998551,0.004025,0.001762,0.303516,28.886067,0.013671,0.006814,29.310767,0,0
0,12,43,turn on the stove and put the moka pot on it,FULL_HIT,0.998174,0.003709,0.001666,0.305616,28.989527,0.013487,0.006958,29.415547,0,0
0,12,44,turn on the stove and put the moka pot on it,FULL_HIT,0.998537,0.003898,0.001605,0.335780,28.957440,0.013219,0.007087,29.421143,0,0
0,12,45,turn on the stove and put the moka pot on it,FULL_HIT,0.998485,0.003884,0.001696,0.341405,28.776143,0.012970,0.006635,29.237470,0,0
0,12,46,turn on the stove and put the moka pot on it,FULL_HIT,0.998307,0.004011,0.001732,0.352032,28.893741,0.013477,0.007036,29.367540,0,0
0,12,47,turn on the stove and put the moka pot on it,FULL_HIT,0.998311,0.003555,0.001699,0.339803,28.905546,0.013590,0.007069,29.365710,0,0
0,12,48,turn on the stove and put the moka pot on it,FULL_HIT,0.998338,0.004127,0.001692,0.314265,28.836439,0.013059,0.007755,29.271533,0,0
0,12,49,turn on the stove and put the moka pot on it,FULL_HIT,0.998613,0.003993,0.001728,0.336684,28.958262,0.013033,0.007219,29.416329,0,0
0,12,50,turn on the stove and put the moka pot on it,FULL_HIT,0.998631,0.004577,0.001663,0.336087,29.072302,0.012602,0.007021,29.552630,0,0
0,12,51,turn on the stove and put the moka pot on it,FULL_HIT,0.998542,0.003745,0.001638,0.323634,28.959142,0.013934,0.007171,29.403073,0,0
0,12,52,turn on the stove and put the moka pot on it,FULL_HIT,0.998561,0.003927,0.001684,0.328089,29.596047,0.013323,0.006891,30.045392,0,0
0,12,53,turn on the stove and put the moka pot on it,FULL_HIT,0.998587,0.004040,0.001756,0.363195,30.848042,0.014349,0.007093,31.338538,0,0
0,12,54,turn on the stove and put the moka pot on it,FULL_HIT,0.998445,0.004066,0.001623,0.323082,30.054480,0.013744,0.007153,30.519979,0,0
0,12,55,turn on the stove and put the moka pot on it,FULL_HIT,0.998248,0.003982,0.001887,0.343053,33.642457,0.025084,0.007368,34.129220,0,0
0,12,56,turn on the stove and put the moka pot on it,FULL_HIT,0.998052,0.003780,0.001758,0.346532,29.260869,0.013140,0.007402,29.732046,0,0
0,12,57,turn on the stove and put the moka pot on it,FULL_HIT,0.998076,0.003926,0.001752,0.322284,29.626827,0.013139,0.006732,30.069260,0,0
0,12,58,turn on the stove and put the moka pot on it,FULL_HIT,0.998061,0.004046,0.001631,0.326309,29.134004,0.012908,0.006443,29.579071,0,0
0,12,59,turn on the stove and put the moka pot on it,FULL_HIT,0.997972,0.003753,0.001720,0.389320,29.183751,0.012848,0.006839,29.696746,0,0
0,12,60,turn on the stove and put the moka pot on it,FULL_HIT,0.998032,0.003895,0.001592,0.399451,29.322933,0.012591,0.006724,29.841758,0,0
0,12,0,put the white mug on the plate and put the chocolate pudding to the right of the plate,FULL_HIT,0.998870,0.004553,0.001655,0.323488,105.978519,0.014089,0.017449,106.438010,0,0
0,12,1,put the white mug on the plate and put the chocolate pudding to the right of the plate,FULL_HIT,0.998858,0.004502,0.001784,0.320750,30.291264,0.012781,0.007062,30.734351,0,0
0,12,2,put the white mug on the plate and put the chocolate pudding to the right of the plate,FULL_HIT,0.998811,0.004354,0.002020,0.316800,30.303969,0.013628,0.007403,30.756362,0,0
0,12,3,put the white mug on the plate and put the chocolate pudding to the right of the plate,FULL_HIT,0.998728,0.004214,0.001750,0.316756,30.047729,0.013330,0.007524,30.490341,0,0
0,12,4,put the white mug on the plate and put the chocolate pudding to the right of the plate,FULL_HIT,0.998594,0.004176,0.001765,0.313941,30.560905,0.014087,0.008249,31.002152,0,0
0,12,5,put the white mug on the plate and put the chocolate pudding to the right of the plate,FULL_HIT,0.998602,0.003893,0.001939,0.319278,30.425264,0.013523,0.007201,30.870248,0,0
0,12,6,put the white mug on the plate and put the chocolate pudding to the right of the plate,FULL_HIT,0.998632,0.004552,0.001846,0.330938,30.606963,0.014029,0.007146,31.064216,0,0
0,12,7,put the white mug on the plate and put the chocolate pudding to the right of the plate,FULL_HIT,0.998646,0.004225,0.001884,0.330977,31.163239,0.014562,0.007787,31.628507,0,0
0,12,8,put the white mug on the plate and put the chocolate pudding to the right of the plate,FULL_HIT,0.998640,0.004392,0.001876,0.329225,31.664114,0.014055,0.007811,32.129482,0,0
0,12,9,put the white mug on the plate and put the chocolate pudding to the right of the plate,FULL_HIT,0.998647,0.003973,0.001856,0.329476,31.474865,0.013459,0.007189,31.928940,0,0
0,12,10,put the white mug on the plate and put the chocolate pudding to the right of the plate,FULL_HIT,0.998572,0.003896,0.001823,0.329039,31.166796,0.013605,0.007903,31.626766,0,0
0,12,11,put the white mug on the plate and put the chocolate pudding to the right of the plate,FULL_HIT,0.997683,0.004092,0.001688,0.338044,29.353001,0.013553,0.007457,29.814684,0,0
0,12,12,put the white mug on the plate and put the chocolate pudding to the right of the plate,FULL_HIT,0.997998,0.004177,0.001693,0.330337,34.522463,0.013954,0.006698,34.983389,0,0
0,12,13,put the white mug on the plate and put the chocolate pudding to the right of the plate,FULL_HIT,0.998298,0.003863,0.001826,0.333520,29.174091,0.014588,0.007299,29.636951,0,0
0,12,14,put the white mug on the plate and put the chocolate pudding to the right of the plate,FULL_HIT,0.998397,0.003831,0.001714,0.321150,29.581078,0.013425,0.006915,30.021490,0,0
0,12,15,put the white mug on the plate and put the chocolate pudding to the right of the plate,FULL_HIT,0.998452,0.004011,0.001710,0.321775,29.205945,0.013403,0.006917,29.647094,0,0
0,12,16,put the white mug on the plate and put the chocolate pudding to the right of the plate,FULL_HIT,0.998465,0.003866,0.001621,0.349712,29.794591,0.012867,0.006701,30.267023,0,0
0,12,17,put the white mug on the plate and put the chocolate pudding to the right of the plate,FULL_HIT,0.998333,0.004040,0.001954,0.329690,29.025665,0.013593,0.006723,29.476919,0,0
0,12,18,put the white mug on the plate and put the chocolate pudding to the right of the plate,FULL_HIT,0.998337,0.003958,0.001743,0.338609,29.011339,0.013099,0.006719,29.471790,0,0
0,12,19,put the white mug on the plate and put the chocolate pudding to the right of the plate,FULL_HIT,0.998356,0.003893,0.001739,0.352251,28.983738,0.013581,0.006793,29.459504,0,0
0,12,20,put the white mug on the plate and put the chocolate pudding to the right of the plate,FULL_HIT,0.998295,0.004090,0.001571,0.334212,29.075314,0.013274,0.007789,29.549533,0,0
0,12,21,put the white mug on the plate and put the chocolate pudding to the right of the plate,FULL_HIT,0.998338,0.003936,0.001795,0.322004,31.009931,0.012747,0.006615,31.454165,0,0
0,12,22,put the white mug on the plate and put the chocolate pudding to the right of the plate,FULL_HIT,0.998282,0.003915,0.001753,0.323597,29.327453,0.020231,0.007302,29.779324,0,0
0,12,23,put the white mug on the plate and put the chocolate pudding to the right of the plate,FULL_HIT,0.998194,0.003951,0.001679,0.310504,29.354278,0.013204,0.007690,29.821139,0,0
0,12,24,put the white mug on the plate and put the chocolate pudding to the right of the plate,FULL_HIT,0.998358,0.003940,0.001658,0.376717,29.727618,0.012712,0.006380,30.235220,0,0
0,12,25,put the white mug on the plate and put the chocolate pudding to the right of the plate,FULL_HIT,0.998376,0.003934,0.002280,0.314869,28.989684,0.012678,0.006467,29.421751,0,0
0,12,26,put the white mug on the plate and put the chocolate pudding to the right of the plate,FULL_HIT,0.998478,0.004086,0.001668,0.314261,28.792061,0.013037,0.007253,29.228096,0,0
0,12,27,put the white mug on the plate and put the chocolate pudding to the right of the plate,FULL_HIT,0.998510,0.004161,0.001765,0.324822,28.801047,0.013477,0.007184,29.251664,0,0
0,12,28,put the white mug on the plate and put the chocolate pudding to the right of the plate,FULL_HIT,0.998043,0.003773,0.001904,0.318352,28.936701,0.013023,0.007274,29.375796,0,0
0,12,29,put the white mug on the plate and put the chocolate pudding to the right of the plate,FULL_HIT,0.998109,0.004018,0.001822,0.312347,28.762025,0.013198,0.006493,29.196877,0,0
0,12,30,put the white mug on the plate and put the chocolate pudding to the right of the plate,FULL_HIT,0.998264,0.004105,0.001717,0.332901,28.848713,0.013753,0.007028,29.300591,0,0
0,12,31,put the white mug on the plate and put the chocolate pudding to the right of the plate,FULL_HIT,0.998396,0.004131,0.001746,0.318205,28.847522,0.013151,0.006398,29.286161,0,0
0,12,32,put the white mug on the plate and put the chocolate pudding to the right of the plate,FULL_HIT,0.998288,0.004222,0.001605,0.315264,29.102137,0.012944,0.006720,29.537757,0,0
0,12,33,put the white mug on the plate and put the chocolate pudding to the right of the plate,FULL_HIT,0.998460,0.004846,0.002063,7.097961,83.474994,0.012386,0.006654,90.717415,0,0
0,12,34,put the white mug on the plate and put the chocolate pudding to the right of the plate,FULL_HIT,0.998510,0.004510,0.002315,0.326912,31.234692,0.011940,0.005687,31.692553,0,0
0,12,35,put the white mug on the plate and put the chocolate pudding to the right of the plate,FULL_HIT,0.998509,0.004288,0.002030,0.321567,32.314039,0.011101,0.006307,32.764320,0,0
0,12,36,put the white mug on the plate and put the chocolate pudding to the right of the plate,FULL_HIT,0.998435,0.004304,0.001954,0.353050,32.653727,0.010996,0.006037,33.134096,0,0
0,12,37,put the white mug on the plate and put the chocolate pudding to the right of the plate,FULL_HIT,0.998366,0.003868,0.001757,0.352531,29.019751,0.010920,0.006164,29.493979,0,0
0,12,38,put the white mug on the plate and put the chocolate pudding to the right of the plate,FULL_HIT,0.998292,0.003918,0.001767,0.311252,29.272833,0.010736,0.006521,29.696838,0,0
0,12,39,put the white mug on the plate and put the chocolate pudding to the right of the plate,FULL_HIT,0.998204,0.003913,0.001909,0.319209,29.139234,0.011728,0.006326,29.575881,0,0
0,12,40,put the white mug on the plate and put the chocolate pudding to the right of the plate,FULL_HIT,0.997594,0.004329,0.001757,0.338704,29.069235,0.011296,0.005802,29.526801,0,0
0,12,41,put the white mug on the plate and put the chocolate pudding to the right of the plate,FULL_HIT,0.998285,0.004412,0.001911,0.326836,29.080364,0.011377,0.006143,29.523836,0,0
0,12,42,put the white mug on the plate and put the chocolate pudding to the right of the plate,FULL_HIT,0.998253,0.004278,0.001945,0.378907,28.905035,0.010955,0.006196,29.417346,0,0
0,12,43,put the white mug on the plate and put the chocolate pudding to the right of the plate,FULL_HIT,0.998328,0.004128,0.001878,0.382867,28.994787,0.010508,0.007217,29.494220,0,0
0,12,44,put the white mug on the plate and put the chocolate pudding to the right of the plate,FULL_HIT,0.998247,0.004079,0.001776,0.359698,28.897806,0.011598,0.005936,29.374264,0,0
0,12,45,put the white mug on the plate and put the chocolate pudding to the right of the plate,FULL_HIT,0.998116,0.003854,0.001810,0.325031,28.987351,0.010623,0.005894,29.426613,0,0
0,13,0,turn on the stove and put the moka pot on it,FULL_HIT,0.998871,0.004233,0.001924,0.328065,29.390280,0.011456,0.005867,29.835463,0,0
0,13,1,turn on the stove and put the moka pot on it,FULL_HIT,0.998822,0.004168,0.002056,0.341497,29.662860,0.013773,0.006996,30.145457,0,0
0,13,2,turn on the stove and put the moka pot on it,FULL_HIT,0.998721,0.004142,0.001927,0.331481,29.532399,0.012977,0.006657,29.989652,0,0
0,13,3,turn on the stove and put the moka pot on it,FULL_HIT,0.998721,0.003938,0.001722,0.331498,29.171435,0.010484,0.006507,29.613348,0,0
0,13,4,turn on the stove and put the moka pot on it,FULL_HIT,0.998735,0.004011,0.001717,0.329475,29.296763,0.011671,0.005834,29.738597,0,0
0,13,5,turn on the stove and put the moka pot on it,FULL_HIT,0.998782,0.004122,0.002064,0.341041,29.201793,0.010866,0.005430,29.655651,0,0
0,13,6,turn on the stove and put the moka pot on it,FULL_HIT,0.998790,0.004101,0.001718,0.323084,29.154757,0.011104,0.005843,29.589183,0,0
0,13,7,turn on the stove and put the moka pot on it,FULL_HIT,0.998794,0.004424,0.001818,0.329512,33.325588,0.010614,0.005837,33.768668,0,0
0,13,8,turn on the stove and put the moka pot on it,FULL_HIT,0.998777,0.004247,0.001647,0.329754,29.411860,0.011028,0.005947,29.854861,0,0
0,13,9,turn on the stove and put the moka pot on it,FULL_HIT,0.998792,0.004249,0.001824,0.332511,29.534723,0.011235,0.005931,29.987208,0,0
0,13,10,turn on the stove and put the moka pot on it,FULL_HIT,0.998739,0.003985,0.001766,0.332997,29.440515,0.011635,0.006493,29.887850,0,0
0,13,11,turn on the stove and put the moka pot on it,FULL_HIT,0.998173,0.004305,0.001930,0.329659,29.499536,0.012200,0.006043,29.951588,0,0
0,13,12,turn on the stove and put the moka pot on it,FULL_HIT,0.998720,0.003952,0.001723,0.325026,29.374296,0.013590,0.006624,29.821091,0,0
0,13,13,turn on the stove and put the moka pot on it,FULL_HIT,0.997849,0.004104,0.001926,0.331103,29.291311,0.013543,0.006098,29.741256,0,0
0,13,14,turn on the stove and put the moka pot on it,FULL_HIT,0.998393,0.004168,0.001768,0.330521,29.239907,0.012013,0.005950,29.684122,0,0
0,13,15,turn on the stove and put the moka pot on it,FULL_HIT,0.998558,0.004546,0.002150,0.356000,29.678368,0.013045,0.007419,30.169939,0,0
0,13,16,turn on the stove and put the moka pot on it,FULL_HIT,0.998261,0.004593,0.001983,0.344231,29.878106,0.013931,0.007225,30.359137,0,0
0,13,17,turn on the stove and put the moka pot on it,FULL_HIT,0.998267,0.004849,0.002125,0.330414,29.810334,0.014345,0.007388,30.280425,0,0
0,13,18,turn on the stove and put the moka pot on it,FULL_HIT,0.998520,0.004752,0.002019,0.339201,29.842412,0.011836,0.006399,30.309983,0,0
0,13,19,turn on the stove and put the moka pot on it,FULL_HIT,0.998306,0.004718,0.001998,0.327070,29.544394,0.014473,0.006815,30.002317,0,0
0,13,20,turn on the stove and put the moka pot on it,FULL_HIT,0.998471,0.004165,0.002004,0.332439,29.608267,0.014922,0.007854,30.085045,0,0
0,13,21,turn on the stove and put the moka pot on it,FULL_HIT,0.998488,0.004761,0.002743,0.325504,29.960130,0.013132,0.007381,30.415332,0,0
0,13,22,turn on the stove and put the moka pot on it,FULL_HIT,0.998454,0.004027,0.002005,0.338952,29.957559,0.012530,0.006996,30.422475,0,0
0,13,23,turn on the stove and put the moka pot on it,FULL_HIT,0.998416,0.005063,0.001960,0.324049,29.665420,0.013041,0.007567,30.118913,0,0
0,13,24,turn on the stove and put the moka pot on it,FULL_HIT,0.998404,0.004531,0.001950,0.323786,29.844436,0.013324,0.006867,30.298884,0,0
0,13,25,turn on the stove and put the moka pot on it,FULL_HIT,0.998351,0.005197,0.002922,0.334514,31.731398,0.013575,0.007213,32.215338,0,0
0,13,26,turn on the stove and put the moka pot on it,FULL_HIT,0.998418,0.004559,0.002172,0.330276,31.857812,0.014172,0.008278,32.324374,0,0
0,13,27,turn on the stove and put the moka pot on it,FULL_HIT,0.998410,0.004598,0.002122,0.339108,31.741638,0.014539,0.007039,32.214928,0,0
0,13,28,turn on the stove and put the moka pot on it,FULL_HIT,0.998446,0.004734,0.001834,0.319975,32.120681,0.013722,0.006632,32.571963,0,0
0,13,29,turn on the stove and put the moka pot on it,FULL_HIT,0.998436,0.004811,0.002630,0.340551,34.266909,0.023373,0.007420,34.772548,0,0
0,13,30,turn on the stove and put the moka pot on it,FULL_HIT,0.998453,0.004540,0.001809,0.368930,30.310228,0.019736,0.006973,30.814000,0,0
0,13,31,turn on the stove and put the moka pot on it,FULL_HIT,0.998462,0.004242,0.001786,0.324456,29.343779,0.013604,0.006291,29.790054,0,0
0,13,32,turn on the stove and put the moka pot on it,FULL_HIT,0.998449,0.004550,0.001675,0.314865,29.327783,0.012921,0.006912,29.766220,0,0
0,13,33,turn on the stove and put the moka pot on it,FULL_HIT,0.998550,0.003759,0.001719,0.342410,29.169820,0.013334,0.007279,29.633662,0,0
0,13,34,turn on the stove and put the moka pot on it,FULL_HIT,0.998619,0.003892,0.001741,0.318056,29.179155,0.013331,0.006946,29.618378,0,0
0,13,35,turn on the stove and put the moka pot on it,FULL_HIT,0.998273,0.004588,0.001791,0.318007,29.240687,0.014406,0.006866,29.682321,0,0
0,13,36,turn on the stove and put the moka pot on it,FULL_HIT,0.997158,0.004019,0.001738,0.331370,29.393547,0.013601,0.006533,29.845890,0,0
0,13,37,turn on the stove and put the moka pot on it,FULL_HIT,0.997774,0.004344,0.001703,0.309767,29.623578,0.014003,0.006913,30.083457,0,0
0,13,38,turn on the stove and put the moka pot on it,FULL_HIT,0.997773,0.004144,0.002296,0.372324,32.288871,0.013681,0.007283,32.792255,0,0
0,13,39,turn on the stove and put the moka pot on it,FULL_HIT,0.998014,0.020147,0.001683,0.312003,30.213129,0.012849,0.006472,30.694047,0,0
0,13,40,turn on the stove and put the moka pot on it,FULL_HIT,0.998178,0.003886,0.001952,0.327028,29.258855,0.013057,0.006778,29.715276,0,0
0,13,41,turn on the stove and put the moka pot on it,FULL_HIT,0.998347,0.004336,0.001701,0.326410,29.134208,0.012761,0.007304,29.581921,0,0
0,13,42,turn on the stove and put the moka pot on it,FULL_HIT,0.998360,0.004143,0.001904,0.358143,29.341913,0.013022,0.006771,29.850184,0,0
0,13,43,turn on the stove and put the moka pot on it,FULL_HIT,0.998279,0.003913,0.001742,0.337403,29.146401,0.013316,0.006863,29.605680,0,0
0,13,44,turn on the stove and put the moka pot on it,FULL_HIT,0.998085,0.003576,0.001777,0.365989,34.895222,0.013294,0.006833,35.382502,0,0
0,13,45,turn on the stove and put the moka pot on it,FULL_HIT,0.997840,0.004080,0.001738,0.323347,29.230444,0.013995,0.006684,29.673789,0,0
0,14,0,turn on the stove and put the moka pot on it,FULL_HIT,0.998868,0.004006,0.001929,0.327821,29.340635,0.013079,0.007723,29.794575,0,0
0,14,1,turn on the stove and put the moka pot on it,FULL_HIT,0.998858,0.004185,0.001761,0.342653,29.265062,0.013959,0.007416,29.732453,0,0
0,14,2,turn on the stove and put the moka pot on it,FULL_HIT,0.998837,0.003821,0.001657,0.325484,29.375100,0.020525,0.006559,29.837828,0,0
0,14,3,turn on the stove and put the moka pot on it,FULL_HIT,0.998849,0.003798,0.001734,0.333123,29.335195,0.013175,0.007140,29.787930,0,0
0,14,4,turn on the stove and put the moka pot on it,FULL_HIT,0.998812,0.004055,0.001738,0.318603,29.230380,0.013866,0.006524,29.678854,0,0
0,14,5,turn on the stove and put the moka pot on it,FULL_HIT,0.998800,0.004233,0.001876,0.325982,29.552562,0.013715,0.006991,29.998619,0,0
0,14,6,turn on the stove and put the moka pot on it,FULL_HIT,0.998802,0.003971,0.001667,0.327498,29.286274,0.013187,0.006761,29.733070,0,0
0,14,7,turn on the stove and put the moka pot on it,FULL_HIT,0.998814,0.003999,0.001659,0.323407,29.299424,0.013253,0.006638,29.742749,0,0
0,14,8,turn on the stove and put the moka pot on it,FULL_HIT,0.998820,0.003991,0.001629,0.333233,29.257766,0.013265,0.006803,29.709805,0,0
0,14,9,turn on the stove and put the moka pot on it,FULL_HIT,0.998819,0.004527,0.002105,8.640077,62.334586,0.011421,0.007145,71.102813,0,0
0,14,10,turn on the stove and put the moka pot on it,FULL_HIT,0.998830,0.004327,0.001851,8.467151,58.283224,0.009876,0.005745,66.861635,0,0
0,14,11,turn on the stove and put the moka pot on it,FULL_HIT,0.998827,0.005197,0.001988,7.084222,61.018123,0.010151,0.005836,68.236543,0,0
0,14,12,turn on the stove and put the moka pot on it,FULL_HIT,0.997505,0.003767,0.001698,6.862746,58.312516,0.011346,0.005975,65.292986,0,0
0,14,13,turn on the stove and put the moka pot on it,FULL_HIT,0.998391,0.004426,0.001938,7.039096,57.792095,0.010014,0.005704,64.945015,0,0
0,14,14,turn on the stove and put the moka pot on it,FULL_HIT,0.998187,0.003856,0.001639,7.945706,60.685487,0.010866,0.005773,68.749911,0,0
0,14,15,turn on the stove and put the moka pot on it,FULL_HIT,0.998654,0.004628,0.002060,7.330313,59.052264,0.011515,0.006249,66.524824,0,0
0,14,16,turn on the stove and put the moka pot on it,FULL_HIT,0.998539,0.004279,0.001865,7.092418,61.736373,0.009830,0.005623,68.941661,0,0
0,14,17,turn on the stove and put the moka pot on it,FULL_HIT,0.998384,0.004050,0.001886,7.938079,57.795856,0.010729,0.005354,65.851374,0,0
0,14,18,turn on the stove and put the moka pot on it,FULL_HIT,0.998503,0.003688,0.001727,6.694548,60.421914,0.011355,0.005655,67.234902,0,0
0,14,19,turn on the stove and put the moka pot on it,FULL_HIT,0.998487,0.003994,0.001792,7.067568,60.308484,0.011188,0.006385,67.501830,0,0
0,14,20,turn on the stove and put the moka pot on it,FULL_HIT,0.998636,0.004185,0.001685,7.130093,60.513981,0.013233,0.007385,67.765060,0,0
0,14,21,turn on the stove and put the moka pot on it,FULL_HIT,0.998540,0.005440,0.002803,7.197766,57.955845,0.013214,0.007009,65.304844,0,0
0,14,22,turn on the stove and put the moka pot on it,FULL_HIT,0.998449,0.005525,0.002496,8.043514,60.222001,0.012331,0.006669,68.411557,0,0
0,14,23,turn on the stove and put the moka pot on it,FULL_HIT,0.998454,0.005287,0.001986,8.523826,58.348642,0.013267,0.007181,67.012325,0,0
0,14,24,turn on the stove and put the moka pot on it,FULL_HIT,0.998533,0.005064,0.001828,6.824741,59.475041,0.012943,0.007449,66.433694,0,0
0,14,25,turn on the stove and put the moka pot on it,FULL_HIT,0.998605,0.005158,0.002847,8.195801,57.410995,0.013052,0.006568,65.757326,0,0
0,14,26,turn on the stove and put the moka pot on it,FULL_HIT,0.998598,0.004178,0.002231,7.098729,58.038734,0.012420,0.007005,65.262168,0,0
0,14,27,turn on the stove and put the moka pot on it,FULL_HIT,0.998552,0.004026,0.001647,0.321075,28.690354,0.013167,0.006585,29.138906,0,0
0,14,28,turn on the stove and put the moka pot on it,FULL_HIT,0.998379,0.003666,0.001670,0.305254,28.344250,0.013638,0.007529,28.768653,0,0
0,14,29,turn on the stove and put the moka pot on it,FULL_HIT,0.998394,0.003653,0.001549,0.300132,28.431684,0.012731,0.006894,28.859541,0,0
0,14,30,turn on the stove and put the moka pot on it,FULL_HIT,0.998444,0.003804,0.001601,0.310142,28.392695,0.012770,0.006861,28.820526,0,0
0,14,31,turn on the stove and put the moka pot on it,FULL_HIT,0.998534,0.004050,0.001644,0.314446,30.921100,0.012946,0.006208,31.353620,0,0
0,14,32,turn on the stove and put the moka pot on it,FULL_HIT,0.998658,0.004070,0.001738,0.304609,31.074468,0.012633,0.006791,31.509021,0,0
0,14,33,turn on the stove and put the moka pot on it,FULL_HIT,0.998626,0.003966,0.001740,0.336657,31.385677,0.014290,0.007238,31.845473,0,0
0,14,34,turn on the stove and put the moka pot on it,FULL_HIT,0.998624,0.003854,0.001757,0.340696,31.593580,0.013204,0.006865,32.054566,0,0
0,14,35,turn on the stove and put the moka pot on it,FULL_HIT,0.998612,0.003960,0.001838,0.328769,31.402344,0.013763,0.008212,31.857304,0,0
0,14,36,turn on the stove and put the moka pot on it,FULL_HIT,0.998540,0.003918,0.001668,0.319915,39.485126,0.012703,0.007153,39.930880,0,0
0,14,37,turn on the stove and put the moka pot on it,FULL_HIT,0.998486,0.004152,0.001763,0.337176,31.460581,0.013005,0.006588,31.915717,0,0
0,14,38,turn on the stove and put the moka pot on it,FULL_HIT,0.997077,0.004005,0.001895,0.323406,31.278154,0.014072,0.006834,31.721502,0,0
0,14,39,turn on the stove and put the moka pot on it,FULL_HIT,0.997537,0.003915,0.001873,0.319533,31.402243,0.013598,0.007324,31.862942,0,0
0,14,40,turn on the stove and put the moka pot on it,FULL_HIT,0.997975,0.004159,0.001667,0.318685,31.730314,0.013053,0.007180,32.171233,0,0
0,14,41,turn on the stove and put the moka pot on it,FULL_HIT,0.998299,0.004255,0.001779,0.318304,31.443155,0.012976,0.006700,31.881241,0,0
0,14,42,turn on the stove and put the moka pot on it,FULL_HIT,0.998373,0.003993,0.001736,0.353501,31.878820,0.012868,0.006700,32.351843,0,0
0,14,43,turn on the stove and put the moka pot on it,FULL_HIT,0.998416,0.003991,0.001711,0.360242,31.740217,0.012719,0.006681,32.221519,0,0
0,14,44,turn on the stove and put the moka pot on it,FULL_HIT,0.998442,0.004190,0.001865,0.350586,31.702016,0.013896,0.006830,32.176219,0,0
0,14,45,turn on the stove and put the moka pot on it,FULL_HIT,0.998443,0.003923,0.001679,0.363671,32.068421,0.014063,0.006560,32.574957,0,0
0,14,46,turn on the stove and put the moka pot on it,FULL_HIT,0.998417,0.003868,0.001613,0.335842,29.709872,0.013143,0.006493,30.164169,0,0
0,14,47,turn on the stove and put the moka pot on it,FULL_HIT,0.998334,0.003912,0.001704,0.331148,30.752678,0.013250,0.006713,31.204405,0,0
0,14,48,turn on the stove and put the moka pot on it,FULL_HIT,0.998237,0.004030,0.001609,0.388303,29.299783,0.012542,0.006580,29.806081,0,0
0,14,49,turn on the stove and put the moka pot on it,FULL_HIT,0.998258,0.004294,0.001686,0.415707,33.783922,0.013571,0.006343,34.348977,0,0
0,14,50,turn on the stove and put the moka pot on it,FULL_HIT,0.998064,0.004063,0.001780,0.371038,31.751587,0.012298,0.007324,32.250985,0,0
0,14,51,turn on the stove and put the moka pot on it,FULL_HIT,0.998038,0.004122,0.001680,0.334791,62.924285,0.012167,0.006700,63.377500,0,0
0,14,52,turn on the stove and put the moka pot on it,FULL_HIT,0.998030,0.004810,0.001870,9.686604,71.399064,0.012551,0.006575,81.208587,0,0
0,14,53,turn on the stove and put the moka pot on it,FULL_HIT,0.997988,0.004547,0.002039,7.293101,57.452348,0.011837,0.006025,64.875092,0,0
0,14,54,turn on the stove and put the moka pot on it,FULL_HIT,0.997943,0.004550,0.001989,7.232729,61.445692,0.010925,0.006008,68.802570,0,0
0,14,55,turn on the stove and put the moka pot on it,FULL_HIT,0.998015,0.004319,0.001981,7.899966,56.440712,0.010523,0.005911,64.456179,0,0
0,14,56,turn on the stove and put the moka pot on it,FULL_HIT,0.998114,0.004471,0.002250,7.938954,60.127967,0.010827,0.006262,68.189448,0,0
0,14,57,turn on the stove and put the moka pot on it,FULL_HIT,0.998171,0.004719,0.002193,7.919331,58.614658,0.011047,0.006131,66.659544,0,0
0,14,58,turn on the stove and put the moka pot on it,FULL_HIT,0.998142,0.004741,0.001900,7.952523,58.041179,0.010667,0.012883,66.127953,0,0
0,14,59,turn on the stove and put the moka pot on it,FULL_HIT,0.998037,0.004081,0.001969,7.025114,61.426683,0.010537,0.006458,68.570529,0,0
0,14,0,put both the alphabet soup and the cream cheese box in the basket,FULL_HIT,0.998871,0.004004,0.001979,7.141832,131.804047,0.010995,0.006288,139.062904,0,0
0,14,1,put both the alphabet soup and the cream cheese box in the basket,FULL_HIT,0.998851,0.004144,0.002122,7.089318,60.065044,0.020307,0.006438,67.299112,0,0
0,14,2,put both the alphabet soup and the cream cheese box in the basket,FULL_HIT,0.998782,0.004720,0.001821,8.025502,55.316562,0.013950,0.007259,63.478400,0,0
0,14,3,put both the alphabet soup and the cream cheese box in the basket,FULL_HIT,0.998738,0.005730,0.002371,7.114799,51.777469,0.013228,0.007611,59.049186,0,0
0,14,4,put both the alphabet soup and the cream cheese box in the basket,FULL_HIT,0.998736,0.004290,0.001790,0.327909,30.676343,0.013712,0.007083,31.127962,0,0
0,14,5,put both the alphabet soup and the cream cheese box in the basket,FULL_HIT,0.998744,0.004173,0.001861,0.312828,30.661205,0.014216,0.007351,31.097875,0,0
0,14,6,put both the alphabet soup and the cream cheese box in the basket,FULL_HIT,0.998704,0.004363,0.001784,0.316996,30.866825,0.013280,0.007078,31.304474,0,0
0,14,7,put both the alphabet soup and the cream cheese box in the basket,FULL_HIT,0.998689,0.004345,0.001813,0.313249,30.740732,0.013295,0.007997,31.177504,0,0
0,14,8,put both the alphabet soup and the cream cheese box in the basket,FULL_HIT,0.998634,0.004080,0.001699,0.315860,30.808746,0.013041,0.007548,31.247064,0,0
0,14,9,put both the alphabet soup and the cream cheese box in the basket,FULL_HIT,0.998598,0.003893,0.001763,0.320335,30.883322,0.012968,0.007461,31.325522,0,0
0,14,10,put both the alphabet soup and the cream cheese box in the basket,FULL_HIT,0.998640,0.004190,0.001704,0.322760,31.084212,0.012545,0.006841,31.523447,0,0
0,14,11,put both the alphabet soup and the cream cheese box in the basket,FULL_HIT,0.998594,0.003757,0.001598,0.315348,28.905138,0.013186,0.006535,29.334917,0,0
0,14,12,put both the alphabet soup and the cream cheese box in the basket,FULL_HIT,0.998315,0.003714,0.001613,0.314866,28.971028,0.011978,0.006673,29.401076,0,0
0,14,13,put both the alphabet soup and the cream cheese box in the basket,FULL_HIT,0.998249,0.004027,0.001514,0.322735,29.561860,0.012800,0.007031,29.998695,0,0
0,14,14,put both the alphabet soup and the cream cheese box in the basket,FULL_HIT,0.998323,0.004095,0.001531,0.313291,29.180273,0.013144,0.006349,29.607759,0,0
0,14,15,put both the alphabet soup and the cream cheese box in the basket,FULL_HIT,0.998397,0.003711,0.001593,0.331079,38.480084,0.014418,0.007532,38.959067,0,0
0,14,16,put both the alphabet soup and the cream cheese box in the basket,FULL_HIT,0.998428,0.004209,0.001779,0.328643,40.333385,0.014400,0.006514,40.843749,0,0
0,14,17,put both the alphabet soup and the cream cheese box in the basket,FULL_HIT,0.998356,0.003733,0.001642,0.356815,29.326444,0.013771,0.006526,29.806513,0,0
0,14,18,put both the alphabet soup and the cream cheese box in the basket,FULL_HIT,0.998356,0.003950,0.001749,0.325532,29.673221,0.012784,0.007418,30.118639,0,0
0,14,19,put both the alphabet soup and the cream cheese box in the basket,FULL_HIT,0.998401,0.004248,0.001707,0.329190,29.633680,0.012888,0.012123,30.088540,0,0
0,14,20,put both the alphabet soup and the cream cheese box in the basket,FULL_HIT,0.998480,0.003844,0.001612,0.318242,29.162049,0.012970,0.006829,29.600746,0,0
0,14,21,put both the alphabet soup and the cream cheese box in the basket,FULL_HIT,0.998502,0.003928,0.001755,0.357945,29.071886,0.013360,0.006565,29.550815,0,0
0,14,22,put both the alphabet soup and the cream cheese box in the basket,FULL_HIT,0.998473,0.003774,0.001764,0.311460,29.248161,0.013573,0.007677,29.710014,0,0
0,14,23,put both the alphabet soup and the cream cheese box in the basket,FULL_HIT,0.998391,0.003947,0.001960,0.329495,28.719030,0.014110,0.006998,29.174761,0,0
0,14,24,put both the alphabet soup and the cream cheese box in the basket,FULL_HIT,0.998301,0.003836,0.001857,0.309600,28.840861,0.014458,0.007112,29.274517,0,0
0,14,25,put both the alphabet soup and the cream cheese box in the basket,FULL_HIT,0.998433,0.003864,0.001703,0.312384,28.856424,0.012834,0.007080,29.288626,0,0
0,14,26,put both the alphabet soup and the cream cheese box in the basket,FULL_HIT,0.998500,0.003812,0.001661,0.314976,28.822941,0.013001,0.007291,29.259700,0,0
0,14,27,put both the alphabet soup and the cream cheese box in the basket,FULL_HIT,0.998526,0.003981,0.001627,0.312624,28.754743,0.013060,0.006211,29.187989,0,0
0,14,28,put both the alphabet soup and the cream cheese box in the basket,FULL_HIT,0.998488,0.003698,0.001633,0.313618,28.842183,0.012268,0.006823,29.273621,0,0
0,14,29,put both the alphabet soup and the cream cheese box in the basket,FULL_HIT,0.998438,0.003907,0.001703,0.310084,28.731530,0.012785,0.006534,29.161432,0,0
0,14,30,put both the alphabet soup and the cream cheese box in the basket,FULL_HIT,0.998459,0.004188,0.001724,0.317161,28.846736,0.013387,0.006640,29.286686,0,0
0,14,31,put both the alphabet soup and the cream cheese box in the basket,FULL_HIT,0.998442,0.004451,0.001673,0.364005,29.205149,0.012683,0.007578,29.689723,0,0
0,14,32,put both the alphabet soup and the cream cheese box in the basket,FULL_HIT,0.998387,0.003850,0.001856,0.321026,28.824399,0.013447,0.007101,29.266530,0,0
0,14,33,put both the alphabet soup and the cream cheese box in the basket,FULL_HIT,0.998660,0.004668,0.001792,0.357804,31.508584,0.012945,0.006886,31.989698,0,0
0,14,34,put both the alphabet soup and the cream cheese box in the basket,FULL_HIT,0.998612,0.003718,0.001730,0.316834,37.726586,0.013630,0.006990,38.163822,0,0
0,14,35,put both the alphabet soup and the cream cheese box in the basket,FULL_HIT,0.998641,0.003736,0.001695,0.313552,30.851807,0.013266,0.006328,31.286142,0,0
0,14,36,put both the alphabet soup and the cream cheese box in the basket,FULL_HIT,0.998686,0.003876,0.001750,0.354064,29.409608,0.013347,0.018919,29.907405,0,0
0,14,37,put both the alphabet soup and the cream cheese box in the basket,FULL_HIT,0.998538,0.003882,0.001712,0.315720,29.025749,0.013482,0.006517,29.481078,0,0
0,14,38,put both the alphabet soup and the cream cheese box in the basket,FULL_HIT,0.998573,0.003746,0.001629,0.320687,28.808002,0.013174,0.011150,29.261521,0,0
0,14,39,put both the alphabet soup and the cream cheese box in the basket,FULL_HIT,0.998553,0.004220,0.001855,0.325592,29.457292,0.012634,0.006580,29.901336,0,0
0,14,40,put both the alphabet soup and the cream cheese box in the basket,FULL_HIT,0.998558,0.004349,0.002016,8.217475,67.539141,0.012161,0.021383,75.908045,0,0
0,14,41,put both the alphabet soup and the cream cheese box in the basket,FULL_HIT,0.998497,0.004784,0.002232,7.723788,58.892080,0.010864,0.015440,66.751375,0,0
0,14,42,put both the alphabet soup and the cream cheese box in the basket,FULL_HIT,0.998441,0.004167,0.001844,7.004493,56.746935,0.010877,0.013023,63.886072,0,0
0,14,43,put both the alphabet soup and the cream cheese box in the basket,FULL_HIT,0.998436,0.004074,0.001726,7.244525,57.387457,0.010017,0.005380,64.743172,0,0
0,14,44,put both the alphabet soup and the cream cheese box in the basket,FULL_HIT,0.998384,0.003731,0.001732,0.346435,28.662638,0.013116,0.006278,29.127183,0,0
0,14,45,put both the alphabet soup and the cream cheese box in the basket,FULL_HIT,0.998345,0.004181,0.001610,0.325742,28.219315,0.012635,0.025563,28.682475,0,0
0,14,46,put both the alphabet soup and the cream cheese box in the basket,FULL_HIT,0.998349,0.004001,0.001661,0.342272,31.462058,0.015568,0.008575,31.956782,0,0
0,14,47,put both the alphabet soup and the cream cheese box in the basket,FULL_HIT,0.998440,0.003968,0.001669,0.318184,28.555942,0.012753,0.006752,28.996740,0,0
0,14,48,put both the alphabet soup and the cream cheese box in the basket,FULL_HIT,0.998610,0.004347,0.001648,0.310465,28.541260,0.012894,0.006110,28.972516,0,0
0,14,49,put both the alphabet soup and the cream cheese box in the basket,FULL_HIT,0.998641,0.004377,0.001608,0.321889,28.660144,0.012702,0.006492,29.100376,0,0
0,14,50,put both the alphabet soup and the cream cheese box in the basket,FULL_HIT,0.998564,0.003778,0.001600,0.316213,28.486450,0.011947,0.006775,28.918843,0,0
0,15,0,put the black bowl in the bottom drawer of the cabinet and close it,FULL_HIT,0.998870,0.004073,0.001660,0.308502,128.603722,0.012750,0.006620,129.032895,0,0
0,15,1,put the black bowl in the bottom drawer of the cabinet and close it,FULL_HIT,0.998850,0.004064,0.001800,0.318764,28.226928,0.012708,0.006813,28.682701,0,0
0,15,2,put the black bowl in the bottom drawer of the cabinet and close it,FULL_HIT,0.998744,0.004314,0.001802,0.337775,30.442657,0.013280,0.019026,30.911980,0,0
0,15,3,put the black bowl in the bottom drawer of the cabinet and close it,FULL_HIT,0.998737,0.003832,0.001771,0.328242,28.491088,0.012491,0.007107,28.936143,0,0
0,15,4,put the black bowl in the bottom drawer of the cabinet and close it,FULL_HIT,0.998694,0.003844,0.001534,0.320668,28.795701,0.013353,0.006977,29.250872,0,0
0,15,5,put the black bowl in the bottom drawer of the cabinet and close it,FULL_HIT,0.998700,0.003743,0.001711,0.370283,31.962942,0.013697,0.006811,32.457820,0,0
0,15,6,put the black bowl in the bottom drawer of the cabinet and close it,FULL_HIT,0.998705,0.003852,0.001556,0.331936,29.682984,0.024394,0.006714,30.172420,0,0
0,15,7,put the black bowl in the bottom drawer of the cabinet and close it,FULL_HIT,0.998773,0.003574,0.001788,0.323245,29.074686,0.012329,0.007088,29.524363,0,0
0,15,8,put the black bowl in the bottom drawer of the cabinet and close it,FULL_HIT,0.998795,0.003860,0.001556,0.328782,28.838753,0.012880,0.008356,29.303799,0,0
0,15,9,put the black bowl in the bottom drawer of the cabinet and close it,FULL_HIT,0.998759,0.003798,0.001702,0.320336,29.130471,0.012584,0.006834,29.578755,0,0
0,15,10,put the black bowl in the bottom drawer of the cabinet and close it,FULL_HIT,0.998784,0.003592,0.001664,0.323378,28.950193,0.018505,0.019808,29.409841,0,0
0,15,11,put the black bowl in the bottom drawer of the cabinet and close it,FULL_HIT,0.998779,0.003930,0.001768,0.305400,28.883623,0.013691,0.018265,29.327472,0,0
0,15,12,put the black bowl in the bottom drawer of the cabinet and close it,FULL_HIT,0.998782,0.004416,0.001649,0.317774,28.772710,0.012893,0.006960,29.209581,0,0
0,15,13,put the black bowl in the bottom drawer of the cabinet and close it,FULL_HIT,0.998788,0.004058,0.001636,0.316644,28.751083,0.017845,0.006338,29.193906,0,0
0,15,14,put the black bowl in the bottom drawer of the cabinet and close it,FULL_HIT,0.998782,0.003825,0.001676,0.322058,28.815367,0.022693,0.006404,29.275373,0,0
0,15,15,put the black bowl in the bottom drawer of the cabinet and close it,FULL_HIT,0.998764,0.003714,0.017270,0.343699,28.859920,0.012118,0.007021,29.342925,0,0
0,15,16,put the black bowl in the bottom drawer of the cabinet and close it,FULL_HIT,0.998500,0.003741,0.001631,0.326808,28.726520,0.012893,0.006798,29.191927,0,0
0,15,17,put the black bowl in the bottom drawer of the cabinet and close it,FULL_HIT,0.998471,0.004284,0.001821,0.328836,28.712875,0.012024,0.006326,29.159594,0,0
0,15,18,put the black bowl in the bottom drawer of the cabinet and close it,FULL_HIT,0.998666,0.004374,0.001672,0.303978,28.694697,0.012512,0.006486,29.116576,0,0
0,15,19,put the black bowl in the bottom drawer of the cabinet and close it,FULL_HIT,0.998688,0.003947,0.001859,0.304919,28.728344,0.012758,0.006768,29.150226,0,0
0,15,20,put the black bowl in the bottom drawer of the cabinet and close it,FULL_HIT,0.998650,0.003752,0.001590,0.343572,30.570935,0.013047,0.018661,31.048866,0,0
0,15,21,put the black bowl in the bottom drawer of the cabinet and close it,FULL_HIT,0.998654,0.004000,0.001684,0.334815,30.324936,0.013236,0.007269,30.782887,0,0
0,15,22,put the black bowl in the bottom drawer of the cabinet and close it,FULL_HIT,0.998590,0.004002,0.001613,0.314112,31.387453,0.014226,0.007363,31.835880,0,0
0,15,23,put the black bowl in the bottom drawer of the cabinet and close it,FULL_HIT,0.998584,0.003701,0.001772,0.337965,29.896163,0.013013,0.021400,30.371319,0,0
0,15,24,put the black bowl in the bottom drawer of the cabinet and close it,FULL_HIT,0.998618,0.012267,0.001571,0.316329,29.139995,0.012768,0.006850,29.580823,0,0
0,15,25,put the black bowl in the bottom drawer of the cabinet and close it,FULL_HIT,0.998635,0.004230,0.001769,0.317294,28.924670,0.013732,0.006921,29.360679,0,0
0,15,26,put the black bowl in the bottom drawer of the cabinet and close it,FULL_HIT,0.998676,0.003993,0.001772,0.326410,31.299795,0.012741,0.006745,31.754344,0,0
0,15,27,put the black bowl in the bottom drawer of the cabinet and close it,FULL_HIT,0.998658,0.003999,0.001640,0.314304,29.640855,0.013144,0.006663,30.074590,0,0
0,15,28,put the black bowl in the bottom drawer of the cabinet and close it,FULL_HIT,0.998694,0.003899,0.001609,0.316643,29.611594,0.012875,0.006274,30.058400,0,0
0,15,29,put the black bowl in the bottom drawer of the cabinet and close it,FULL_HIT,0.998351,0.003864,0.001867,0.317361,29.140418,0.012394,0.006818,29.575773,0,0
0,15,30,put the black bowl in the bottom drawer of the cabinet and close it,FULL_HIT,0.998433,0.004014,0.001560,0.307642,28.899184,0.012692,0.006708,29.329681,0,0
0,15,31,put the black bowl in the bottom drawer of the cabinet and close it,FULL_HIT,0.998446,0.003854,0.001796,0.327674,28.776227,0.011845,0.016407,29.230495,0,0
0,15,32,put the black bowl in the bottom drawer of the cabinet and close it,FULL_HIT,0.998618,0.004371,0.001581,0.305732,28.803971,0.012419,0.006666,29.228636,0,0
0,15,33,put the black bowl in the bottom drawer of the cabinet and close it,FULL_HIT,0.998651,0.003873,0.001617,0.351962,28.924455,0.012757,0.019712,29.407470,0,0
0,15,34,put the black bowl in the bottom drawer of the cabinet and close it,FULL_HIT,0.998662,0.003577,0.001882,0.324816,29.139668,0.013064,0.006670,29.582426,0,0
0,15,35,put the black bowl in the bottom drawer of the cabinet and close it,FULL_HIT,0.998643,0.003854,0.001603,0.311801,28.854335,0.012757,0.006749,29.284135,0,0
0,15,36,put the black bowl in the bottom drawer of the cabinet and close it,FULL_HIT,0.998596,0.003891,0.001682,0.331199,28.827327,0.013271,0.006531,29.288864,0,0
0,15,37,put the black bowl in the bottom drawer of the cabinet and close it,FULL_HIT,0.998527,0.003792,0.001670,0.329573,28.758266,0.012470,0.006867,29.205198,0,0
0,15,38,put the black bowl in the bottom drawer of the cabinet and close it,FULL_HIT,0.998403,0.004314,0.001853,0.354361,31.193087,0.013155,0.006993,31.671378,0,0
0,15,39,put the black bowl in the bottom drawer of the cabinet and close it,FULL_HIT,0.998274,0.003903,0.001558,0.348581,29.280354,0.013150,0.006541,29.747193,0,0
0,15,40,put the black bowl in the bottom drawer of the cabinet and close it,FULL_HIT,0.998217,0.003705,0.001812,0.366093,28.979519,0.013128,0.006743,29.479011,0,0
0,15,41,put the black bowl in the bottom drawer of the cabinet and close it,FULL_HIT,0.998180,0.004314,0.001747,0.332136,29.024544,0.012683,0.006327,29.475061,0,0
0,15,0,put both the alphabet soup and the cream cheese box in the basket,FULL_HIT,0.998871,0.003870,0.001898,0.319378,28.788062,0.013424,0.006334,29.225249,0,0
0,15,1,put both the alphabet soup and the cream cheese box in the basket,FULL_HIT,0.998843,0.003902,0.001615,0.329155,28.816084,0.017436,0.007076,29.281535,0,0
0,15,2,put both the alphabet soup and the cream cheese box in the basket,FULL_HIT,0.998804,0.004136,0.001747,0.323880,31.675236,0.012991,0.005677,32.113137,0,0
0,15,3,put both the alphabet soup and the cream cheese box in the basket,FULL_HIT,0.998808,0.004367,0.002493,0.346591,53.451255,0.013417,0.024283,53.946494,0,0
0,15,4,put both the alphabet soup and the cream cheese box in the basket,FULL_HIT,0.998794,0.004536,0.001924,8.112346,37.413761,0.013337,0.017028,45.667689,0,0
0,15,5,put both the alphabet soup and the cream cheese box in the basket,FULL_HIT,0.998769,0.004328,0.001826,0.327721,31.290329,0.011349,0.005632,31.733571,0,0
0,15,6,put both the alphabet soup and the cream cheese box in the basket,FULL_HIT,0.998791,0.004632,0.001831,0.323752,31.139334,0.012641,0.006557,31.587042,0,0
0,15,7,put both the alphabet soup and the cream cheese box in the basket,FULL_HIT,0.998804,0.003882,0.001730,0.329518,28.990586,0.010904,0.015594,29.440665,0,0
0,15,8,put both the alphabet soup and the cream cheese box in the basket,FULL_HIT,0.998804,0.003732,0.001680,0.341873,28.763340,0.010587,0.005432,29.214086,0,0
0,15,9,put both the alphabet soup and the cream cheese box in the basket,FULL_HIT,0.998788,0.004245,0.001629,0.344641,30.270332,0.011833,0.015030,30.736945,0,0
0,15,10,put both the alphabet soup and the cream cheese box in the basket,FULL_HIT,0.998737,0.003986,0.001908,0.320802,29.447894,0.010811,0.005505,29.881183,0,0
0,15,11,put both the alphabet soup and the cream cheese box in the basket,FULL_HIT,0.998688,0.004084,0.001764,0.316742,28.894621,0.010422,0.011986,29.325191,0,0
0,15,12,put both the alphabet soup and the cream cheese box in the basket,FULL_HIT,0.998506,0.003949,0.001886,0.316112,28.791797,0.010133,0.009984,29.222707,0,0
0,15,13,put both the alphabet soup and the cream cheese box in the basket,FULL_HIT,0.998415,0.004340,0.001817,0.321892,31.117242,0.011449,0.006181,31.562026,0,0
0,15,14,put both the alphabet soup and the cream cheese box in the basket,FULL_HIT,0.998373,0.004113,0.001859,0.327614,29.374046,0.010622,0.014928,29.822611,0,0
0,15,15,put both the alphabet soup and the cream cheese box in the basket,FULL_HIT,0.998351,0.004271,0.001768,0.331330,28.925865,0.018281,0.005501,29.373751,0,0
0,15,16,put both the alphabet soup and the cream cheese box in the basket,FULL_HIT,0.998244,0.003947,0.001612,0.333811,29.013778,0.010293,0.012421,29.464490,0,0
0,15,17,put both the alphabet soup and the cream cheese box in the basket,FULL_HIT,0.998267,0.003898,0.001734,0.333339,29.026757,0.012934,0.006239,29.485872,0,0
0,15,18,put both the alphabet soup and the cream cheese box in the basket,FULL_HIT,0.998307,0.004184,0.002155,0.342554,29.156795,0.013444,0.007112,29.623135,0,0
0,15,19,put both the alphabet soup and the cream cheese box in the basket,FULL_HIT,0.998421,0.003959,0.001802,0.332269,28.737504,0.010201,0.005536,29.177643,0,0
0,15,20,put both the alphabet soup and the cream cheese box in the basket,FULL_HIT,0.998418,0.004093,0.001788,0.320256,28.703163,0.010406,0.005639,29.133730,0,0
0,15,21,put both the alphabet soup and the cream cheese box in the basket,FULL_HIT,0.998370,0.003810,0.001806,0.321667,28.630635,0.010728,0.005618,29.061569,0,0
0,15,22,put both the alphabet soup and the cream cheese box in the basket,FULL_HIT,0.998359,0.003793,0.001601,0.318737,28.559603,0.010021,0.005496,28.986903,0,0
0,15,23,put both the alphabet soup and the cream cheese box in the basket,FULL_HIT,0.998483,0.003992,0.001711,0.328166,29.062216,0.010439,0.010120,29.507153,0,0
0,15,24,put both the alphabet soup and the cream cheese box in the basket,FULL_HIT,0.998571,0.004271,0.001701,0.319312,28.911138,0.010626,0.005392,29.340362,0,0
0,15,25,put both the alphabet soup and the cream cheese box in the basket,FULL_HIT,0.998598,0.003759,0.001822,0.322705,28.870898,0.010945,0.015346,29.313534,0,0
0,15,26,put both the alphabet soup and the cream cheese box in the basket,FULL_HIT,0.998579,0.003918,0.001639,0.316194,30.496084,0.010744,0.016947,30.935257,0,0
0,15,27,put both the alphabet soup and the cream cheese box in the basket,FULL_HIT,0.998571,0.004281,0.001776,0.330432,29.291354,0.011228,0.005571,29.733049,0,0
0,15,28,put both the alphabet soup and the cream cheese box in the basket,FULL_HIT,0.998629,0.003968,0.001579,0.323910,29.009820,0.012113,0.005907,29.456054,0,0
0,15,29,put both the alphabet soup and the cream cheese box in the basket,FULL_HIT,0.998727,0.003590,0.001597,0.313583,29.067927,0.012127,0.005827,29.494345,0,0
0,15,30,put both the alphabet soup and the cream cheese box in the basket,FULL_HIT,0.998592,0.004484,0.001899,0.312401,28.599300,0.011088,0.024493,29.058121,0,0
0,15,31,put both the alphabet soup and the cream cheese box in the basket,FULL_HIT,0.998592,0.003998,0.001714,0.317922,28.648872,0.012552,0.006849,29.084675,0,0
0,15,32,put both the alphabet soup and the cream cheese box in the basket,FULL_HIT,0.998630,0.004016,0.001748,0.326601,30.864185,0.012970,0.006608,31.314531,0,0
0,15,33,put both the alphabet soup and the cream cheese box in the basket,FULL_HIT,0.998674,0.004198,0.001775,0.318402,31.194634,0.012304,0.006751,31.630605,0,0
0,15,34,put both the alphabet soup and the cream cheese box in the basket,FULL_HIT,0.998622,0.003546,0.001561,0.312521,28.907336,0.012670,0.006536,29.338677,0,0
0,15,35,put both the alphabet soup and the cream cheese box in the basket,FULL_HIT,0.998686,0.003891,0.001566,0.317043,28.970953,0.012767,0.006394,29.406029,0,0
0,15,36,put both the alphabet soup and the cream cheese box in the basket,FULL_HIT,0.998508,0.004108,0.001841,0.328983,31.353895,0.012546,0.006279,31.799677,0,0
0,15,37,put both the alphabet soup and the cream cheese box in the basket,FULL_HIT,0.998438,0.004046,0.001723,0.327708,29.155033,0.012714,0.006857,29.598131,0,0
0,15,38,put both the alphabet soup and the cream cheese box in the basket,FULL_HIT,0.998354,0.004309,0.001568,0.323906,29.180852,0.012787,0.006622,29.621740,0,0
0,15,39,put both the alphabet soup and the cream cheese box in the basket,FULL_HIT,0.998311,0.003923,0.001634,0.323389,29.291295,0.013036,0.006748,29.732562,0,0
0,15,40,put both the alphabet soup and the cream cheese box in the basket,FULL_HIT,0.998359,0.003982,0.001703,0.339642,28.769785,0.012644,0.006565,29.225814,0,0
0,15,41,put both the alphabet soup and the cream cheese box in the basket,FULL_HIT,0.998518,0.003780,0.001647,0.341043,28.695015,0.011959,0.006518,29.154482,0,0
0,15,42,put both the alphabet soup and the cream cheese box in the basket,FULL_HIT,0.998503,0.003819,0.001532,0.345000,29.727831,0.013429,0.006427,30.206486,0,0
0,15,43,put both the alphabet soup and the cream cheese box in the basket,FULL_HIT,0.998464,0.003868,0.001602,0.374164,28.651141,0.012784,0.006317,29.161502,0,0
0,15,44,put both the alphabet soup and the cream cheese box in the basket,FULL_HIT,0.998492,0.003932,0.001600,0.327612,28.821301,0.013030,0.020241,29.283265,0,0
0,15,45,put both the alphabet soup and the cream cheese box in the basket,FULL_HIT,0.998528,0.003946,0.001528,0.321218,28.810113,0.012037,0.006973,29.245151,0,0
0,15,46,put both the alphabet soup and the cream cheese box in the basket,FULL_HIT,0.998534,0.003821,0.001619,0.402430,28.733358,0.012794,0.011585,29.261036,0,0
0,16,0,put the black bowl in the bottom drawer of the cabinet and close it,FULL_HIT,0.998868,0.003893,0.001571,0.318783,29.018832,0.012703,0.007057,29.458956,0,0
0,16,1,put the black bowl in the bottom drawer of the cabinet and close it,FULL_HIT,0.998833,0.003933,0.001842,0.381772,29.051854,0.012464,0.006775,29.557587,0,0
0,16,2,put the black bowl in the bottom drawer of the cabinet and close it,FULL_HIT,0.998806,0.003874,0.001551,0.318017,29.016828,0.012736,0.006603,29.462110,0,0
0,16,3,put the black bowl in the bottom drawer of the cabinet and close it,FULL_HIT,0.998785,0.004073,0.001695,0.319145,30.381593,0.014197,0.008143,30.825834,0,0
0,16,4,put the black bowl in the bottom drawer of the cabinet and close it,FULL_HIT,0.998789,0.004129,0.002015,0.322350,30.935383,0.013711,0.006681,31.395897,0,0
0,16,5,put the black bowl in the bottom drawer of the cabinet and close it,FULL_HIT,0.998757,0.003926,0.001724,0.321024,29.882994,0.013064,0.007433,30.322562,0,0
0,16,6,put the black bowl in the bottom drawer of the cabinet and close it,FULL_HIT,0.998726,0.004120,0.001666,0.324558,29.029219,0.012726,0.007058,29.471156,0,0
0,16,7,put the black bowl in the bottom drawer of the cabinet and close it,FULL_HIT,0.998757,0.003743,0.001703,0.333479,29.021432,0.012315,0.007041,29.473336,0,0
0,16,8,put the black bowl in the bottom drawer of the cabinet and close it,FULL_HIT,0.998763,0.003686,0.002101,0.330676,29.254937,0.012986,0.006282,29.703998,0,0
0,16,9,put the black bowl in the bottom drawer of the cabinet and close it,FULL_HIT,0.998757,0.003989,0.001700,0.360779,29.104615,0.012532,0.007567,29.581037,0,0
0,16,10,put the black bowl in the bottom drawer of the cabinet and close it,FULL_HIT,0.998768,0.003919,0.001536,0.338825,30.762553,0.012580,0.006864,31.241830,0,0
0,16,11,put the black bowl in the bottom drawer of the cabinet and close it,FULL_HIT,0.998785,0.004072,0.001616,0.331776,30.427817,0.013613,0.007454,30.907509,0,0
0,16,12,put the black bowl in the bottom drawer of the cabinet and close it,FULL_HIT,0.998779,0.003850,0.001602,0.310704,28.945363,0.012811,0.006936,29.373862,0,0
0,16,13,put the black bowl in the bottom drawer of the cabinet and close it,FULL_HIT,0.998721,0.004913,0.002086,0.331051,29.464163,0.012442,0.006741,29.920142,0,0
0,16,14,put the black bowl in the bottom drawer of the cabinet and close it,FULL_HIT,0.998711,0.003795,0.001691,0.307152,28.869290,0.012635,0.020082,29.305679,0,0
0,16,15,put the black bowl in the bottom drawer of the cabinet and close it,FULL_HIT,0.998789,0.003659,0.001625,0.306928,28.779862,0.012985,0.006714,29.202784,0,0
0,16,16,put the black bowl in the bottom drawer of the cabinet and close it,FULL_HIT,0.998736,0.003989,0.001727,0.322132,31.053970,0.013031,0.006732,31.497828,0,0
0,16,17,put the black bowl in the bottom drawer of the cabinet and close it,FULL_HIT,0.998690,0.004150,0.001820,0.314878,31.347684,0.013012,0.006182,31.777585,0,0
0,16,18,put the black bowl in the bottom drawer of the cabinet and close it,FULL_HIT,0.998698,0.003823,0.001738,0.325455,29.171965,0.012407,0.007135,29.621947,0,0
0,16,19,put the black bowl in the bottom drawer of the cabinet and close it,FULL_HIT,0.998722,0.003941,0.001833,0.326797,29.111424,0.013124,0.023211,29.591310,0,0
0,16,20,put the black bowl in the bottom drawer of the cabinet and close it,FULL_HIT,0.998746,0.004761,0.002031,9.721929,76.439544,0.013348,0.006107,86.294250,0,0
0,16,21,put the black bowl in the bottom drawer of the cabinet and close it,FULL_HIT,0.998758,0.003960,0.001770,6.735808,57.278261,0.011860,0.006130,64.131085,0,0
0,16,22,put the black bowl in the bottom drawer of the cabinet and close it,FULL_HIT,0.998743,0.004629,0.002008,6.891070,62.052671,0.010779,0.006283,69.072849,0,0
0,16,23,put the black bowl in the bottom drawer of the cabinet and close it,FULL_HIT,0.998792,0.004518,0.002342,8.061444,59.468532,0.011348,0.005775,67.650226,0,0
0,16,24,put the black bowl in the bottom drawer of the cabinet and close it,FULL_HIT,0.998786,0.004370,0.001959,6.644031,60.362252,0.011871,0.005698,67.127392,0,0
0,16,25,put the black bowl in the bottom drawer of the cabinet and close it,FULL_HIT,0.998765,0.004190,0.001880,7.072097,56.584830,0.010826,0.006541,63.783678,0,0
0,16,26,put the black bowl in the bottom drawer of the cabinet and close it,FULL_HIT,0.998749,0.005629,0.002283,6.809816,59.341712,0.011513,0.005904,66.302623,0,0
0,16,27,put the black bowl in the bottom drawer of the cabinet and close it,FULL_HIT,0.998694,0.004310,0.001857,7.884089,56.387338,0.010444,0.007061,64.394655,0,0
0,16,28,put the black bowl in the bottom drawer of the cabinet and close it,FULL_HIT,0.998677,0.004587,0.001755,6.656337,52.019162,0.010907,0.005850,58.796770,0,0
0,16,29,put the black bowl in the bottom drawer of the cabinet and close it,FULL_HIT,0.998696,0.004868,0.002360,7.960187,57.881452,0.011020,0.006671,65.983983,0,0
0,16,30,put the black bowl in the bottom drawer of the cabinet and close it,FULL_HIT,0.998698,0.003839,0.002024,8.110085,59.333681,0.013580,0.005765,67.572940,0,0
0,16,31,put the black bowl in the bottom drawer of the cabinet and close it,FULL_HIT,0.998669,0.004425,0.001890,7.100704,58.053438,0.013120,0.018051,65.297271,0,0
0,16,32,put the black bowl in the bottom drawer of the cabinet and close it,FULL_HIT,0.998563,0.004613,0.001694,0.367570,30.907285,0.012872,0.007090,31.402475,0,0
0,16,33,put the black bowl in the bottom drawer of the cabinet and close it,FULL_HIT,0.998544,0.003947,0.002011,0.319582,30.791223,0.013074,0.007102,31.232619,0,0
0,16,34,put the black bowl in the bottom drawer of the cabinet and close it,FULL_HIT,0.998405,0.003908,0.001707,0.329623,31.070894,0.014067,0.006793,31.525291,0,0
0,16,35,put the black bowl in the bottom drawer of the cabinet and close it,FULL_HIT,0.998281,0.004128,0.002031,0.334401,31.572585,0.013108,0.007327,32.030843,0,0
0,16,36,put the black bowl in the bottom drawer of the cabinet and close it,FULL_HIT,0.997879,0.004099,0.001874,0.325618,29.080192,0.012839,0.006798,29.524902,0,0
0,16,37,put the black bowl in the bottom drawer of the cabinet and close it,FULL_HIT,0.998462,0.003874,0.001633,0.307481,28.672266,0.013347,0.006169,29.099931,0,0
0,16,38,put the black bowl in the bottom drawer of the cabinet and close it,FULL_HIT,0.998503,0.003747,0.001959,0.306675,28.750086,0.012588,0.006940,29.174736,0,0
0,16,39,put the black bowl in the bottom drawer of the cabinet and close it,FULL_HIT,0.998500,0.003768,0.001711,0.301789,28.896119,0.012637,0.006981,29.347117,0,0
0,16,40,put the black bowl in the bottom drawer of the cabinet and close it,FULL_HIT,0.998541,0.004375,0.001703,0.332224,29.409224,0.013277,0.007106,29.871616,0,0
0,16,41,put the black bowl in the bottom drawer of the cabinet and close it,FULL_HIT,0.998423,0.004048,0.001757,0.314801,29.265270,0.013085,0.006917,29.716751,0,0
0,16,42,put the black bowl in the bottom drawer of the cabinet and close it,FULL_HIT,0.998613,0.004164,0.001796,0.369795,31.150746,0.016766,0.009322,31.685221,0,0
0,16,43,put the black bowl in the bottom drawer of the cabinet and close it,FULL_HIT,0.998581,0.004473,0.001770,0.380408,30.352635,0.012216,0.007268,30.863653,0,0
0,16,44,put the black bowl in the bottom drawer of the cabinet and close it,FULL_HIT,0.998477,0.003841,0.001719,0.369704,30.110958,0.013184,0.006654,30.601637,0,0
0,16,45,put the black bowl in the bottom drawer of the cabinet and close it,FULL_HIT,0.998401,0.003831,0.001634,0.374961,28.767703,0.012993,0.007163,29.265143,0,0
0,16,46,put the black bowl in the bottom drawer of the cabinet and close it,FULL_HIT,0.998495,0.004009,0.001998,0.324399,31.159784,0.013568,0.006836,31.615558,0,0
0,16,47,put the black bowl in the bottom drawer of the cabinet and close it,FULL_HIT,0.998487,0.004297,0.001958,0.344226,31.235994,0.012894,0.006220,31.703622,0,0
0,16,48,put the black bowl in the bottom drawer of the cabinet and close it,FULL_HIT,0.998326,0.004119,0.002194,0.435484,31.340289,0.012974,0.006678,31.901316,0,0
0,16,49,put the black bowl in the bottom drawer of the cabinet and close it,FULL_HIT,0.998461,0.003912,0.001772,0.330037,31.263493,0.012820,0.007085,31.737546,0,0
0,16,50,put the black bowl in the bottom drawer of the cabinet and close it,FULL_HIT,0.998506,0.003959,0.002021,0.336673,31.875544,0.013958,0.007026,32.338503,0,0
0,16,51,put the black bowl in the bottom drawer of the cabinet and close it,FULL_HIT,0.998451,0.004342,0.001560,0.353737,29.626923,0.013142,0.007016,30.111221,0,0
0,16,52,put the black bowl in the bottom drawer of the cabinet and close it,FULL_HIT,0.998320,0.003877,0.001641,0.332904,29.363063,0.012265,0.006708,29.839162,0,0
0,16,53,put the black bowl in the bottom drawer of the cabinet and close it,FULL_HIT,0.998205,0.003896,0.001564,0.314229,29.115891,0.012724,0.006629,29.547821,0,0
0,16,54,put the black bowl in the bottom drawer of the cabinet and close it,FULL_HIT,0.998144,0.004194,0.001656,0.316224,29.006792,0.013066,0.006564,29.467890,0,0
0,16,0,put both moka pots on the stove,FULL_HIT,0.998836,0.004160,0.001625,0.321140,127.426206,0.026153,0.059408,127.941507,0,0
0,16,1,put both moka pots on the stove,FULL_HIT,0.998675,0.004566,0.002359,0.426473,44.090165,0.025328,0.006325,44.656882,0,0
0,16,2,put both moka pots on the stove,FULL_HIT,0.998500,0.003889,0.001691,0.323034,40.365790,0.013190,0.006366,40.805896,0,0
0,16,3,put both moka pots on the stove,FULL_HIT,0.998492,0.003817,0.001644,0.378220,40.476351,0.012840,0.020455,40.985696,0,0
0,16,4,put both moka pots on the stove,FULL_HIT,0.998446,0.003955,0.001554,0.330297,39.892912,0.012562,0.007070,40.340132,0,0
0,16,5,put both moka pots on the stove,FULL_HIT,0.998378,0.004151,0.001683,0.340979,39.777975,0.012635,0.006498,40.234375,0,0
0,16,6,put both moka pots on the stove,FULL_HIT,0.998371,0.003875,0.001591,0.304732,39.748988,0.013585,0.019734,40.184382,0,0
0,16,7,put both moka pots on the stove,FULL_HIT,0.998424,0.004629,0.001576,0.346201,39.720864,0.013434,0.006599,40.183875,0,0
0,16,8,put both moka pots on the stove,FULL_HIT,0.998479,0.004003,0.028707,0.314941,87.179963,0.011936,0.006515,87.640435,0,0
0,16,9,put both moka pots on the stove,FULL_HIT,0.998499,0.004719,0.002047,8.222051,74.629623,0.011384,0.017466,82.990576,0,0
0,16,10,put both moka pots on the stove,FULL_HIT,0.998635,0.004129,0.001812,6.717345,82.374334,0.011085,0.014977,89.220152,0,0
0,16,11,put both moka pots on the stove,FULL_HIT,0.998666,0.004212,0.001808,8.545873,76.188844,0.010793,0.006714,84.856229,0,0
0,16,12,put both moka pots on the stove,FULL_HIT,0.998637,0.004446,0.001752,6.773010,79.134493,0.011526,0.017160,86.035441,0,0
0,16,13,put both moka pots on the stove,FULL_HIT,0.998741,0.003966,0.001751,6.750507,78.746987,0.013451,0.016379,85.639222,0,0
0,16,14,put both moka pots on the stove,FULL_HIT,0.998714,0.004340,0.001904,7.091382,77.727671,0.010382,0.006020,84.948538,0,0
0,16,15,put both moka pots on the stove,FULL_HIT,0.998645,0.004680,0.001930,7.113070,82.688472,0.010749,0.005848,89.916890,0,0
0,16,16,put both moka pots on the stove,FULL_HIT,0.998616,0.004117,0.001714,7.159667,74.978612,0.010519,0.006321,82.267984,0,0
0,16,17,put both moka pots on the stove,FULL_HIT,0.998561,0.004347,0.001723,7.114828,73.498579,0.011419,0.006187,80.728111,0,0
0,16,18,put both moka pots on the stove,FULL_HIT,0.998539,0.005733,0.002426,6.808133,68.813601,0.014211,0.006765,75.777451,0,0
0,16,19,put both moka pots on the stove,FULL_HIT,0.998517,0.005681,0.002658,7.095597,75.257722,0.012983,0.007148,82.498224,0,0
0,16,20,put both moka pots on the stove,FULL_HIT,0.998613,0.005875,0.002659,9.255173,74.773859,0.012796,0.007103,84.172178,0,0
0,16,21,put both moka pots on the stove,FULL_HIT,0.998732,0.004918,0.002469,7.164913,71.469087,0.012586,0.006658,78.775863,0,0
0,16,22,put both moka pots on the stove,FULL_HIT,0.998669,0.005581,0.002427,7.396518,82.347947,0.014084,0.007028,89.901439,0,0
0,16,23,put both moka pots on the stove,FULL_HIT,0.998637,0.004371,0.001795,0.357692,40.537870,0.012679,0.006739,41.016760,0,0
0,16,24,put both moka pots on the stove,FULL_HIT,0.998646,0.003886,0.001635,0.298598,40.400081,0.013520,0.006664,40.819091,0,0
0,16,25,put both moka pots on the stove,FULL_HIT,0.998373,0.003709,0.001670,0.350524,40.170695,0.013823,0.006451,40.638948,0,0
0,16,26,put both moka pots on the stove,FULL_HIT,0.998453,0.003933,0.001636,0.329189,40.056527,0.013436,0.020428,40.518237,0,0
0,16,27,put both moka pots on the stove,FULL_HIT,0.998490,0.004031,0.001531,0.354692,40.320305,0.012404,0.007674,40.793045,0,0
0,16,28,put both moka pots on the stove,FULL_HIT,0.998461,0.003795,0.001591,0.323702,39.921162,0.012677,0.006553,40.361308,0,0
0,16,29,put both moka pots on the stove,FULL_HIT,0.998443,0.003969,0.001684,0.384633,40.116118,0.012827,0.025178,40.653232,0,0
0,16,30,put both moka pots on the stove,FULL_HIT,0.998444,0.003936,0.001605,0.307107,40.032910,0.013681,0.006607,40.457257,0,0
0,16,31,put both moka pots on the stove,FULL_HIT,0.998473,0.003631,0.001682,0.345382,40.812839,0.012560,0.006633,41.273018,0,0
0,16,32,put both moka pots on the stove,FULL_HIT,0.998516,0.003792,0.001703,0.298670,40.704651,0.012647,0.007728,41.122828,0,0
0,16,33,put both moka pots on the stove,FULL_HIT,0.998513,0.003725,0.001623,0.333510,40.088046,0.012839,0.007049,40.537963,0,0
0,16,34,put both moka pots on the stove,FULL_HIT,0.998446,0.003932,0.001766,0.318529,40.106345,0.012424,0.006906,40.540991,0,0
0,16,35,put both moka pots on the stove,FULL_HIT,0.998432,0.003803,0.001695,0.333301,39.862887,0.012977,0.006339,40.312476,0,0
0,16,36,put both moka pots on the stove,FULL_HIT,0.998400,0.003830,0.001710,0.309109,39.883729,0.012674,0.006580,40.310292,0,0
0,16,37,put both moka pots on the stove,FULL_HIT,0.998466,0.003762,0.001643,0.337218,39.899317,0.013243,0.019902,40.368392,0,0
0,16,38,put both moka pots on the stove,FULL_HIT,0.998338,0.004338,0.001691,0.304499,39.942214,0.013545,0.006579,40.364950,0,0
0,16,39,put both moka pots on the stove,FULL_HIT,0.997776,0.004262,0.001684,0.321379,39.789912,0.012352,0.006560,40.225327,0,0
0,16,40,put both moka pots on the stove,FULL_HIT,0.998443,0.003628,0.001594,0.310245,39.767779,0.013099,0.006674,40.195695,0,0
0,16,41,put both moka pots on the stove,FULL_HIT,0.998470,0.004257,0.001694,0.326546,39.721439,0.012593,0.020968,40.178598,0,0
0,16,42,put both moka pots on the stove,FULL_HIT,0.998500,0.003672,0.001782,0.307159,39.787079,0.012591,0.006382,40.210188,0,0
0,16,43,put both moka pots on the stove,FULL_HIT,0.998497,0.003961,0.001599,0.303891,39.820192,0.012791,0.006433,40.238393,0,0
0,16,44,put both moka pots on the stove,FULL_HIT,0.998588,0.004496,0.001804,0.342958,43.649392,0.013019,0.009993,44.116667,0,0
0,16,45,put both moka pots on the stove,FULL_HIT,0.998551,0.004407,0.001874,0.390159,87.003951,0.011172,0.005819,87.538124,0,0
0,16,46,put both moka pots on the stove,FULL_HIT,0.998556,0.004490,0.002046,8.850499,74.895858,0.012016,0.006222,83.879603,0,0
0,16,47,put both moka pots on the stove,FULL_HIT,0.998582,0.004145,0.001823,7.519603,60.303326,0.010725,0.006524,67.944261,0,0
0,16,48,put both moka pots on the stove,FULL_HIT,0.998583,0.004215,0.001851,0.433197,47.138698,0.011875,0.017380,47.701403,0,0
0,16,49,put both moka pots on the stove,FULL_HIT,0.998611,0.003909,0.001677,0.416011,44.968350,0.011814,0.006156,45.500294,0,0
0,16,50,put both moka pots on the stove,FULL_HIT,0.998640,0.004085,0.001922,0.383412,41.132775,0.010774,0.015493,41.642972,0,0
0,16,51,put both moka pots on the stove,FULL_HIT,0.998638,0.004203,0.001769,0.350737,40.366778,0.011773,0.005581,40.871540,0,0
0,16,52,put both moka pots on the stove,FULL_HIT,0.998626,0.003714,0.001725,1.020558,40.472079,0.011337,0.005924,41.607862,0,0
0,16,53,put both moka pots on the stove,FULL_HIT,0.998664,0.004165,0.002065,0.348155,42.338102,0.012373,0.006173,42.822165,0,0
0,16,54,put both moka pots on the stove,FULL_HIT,0.998635,0.004059,0.001722,0.409034,45.783642,0.013032,0.007393,46.327429,0,0
0,16,55,put both moka pots on the stove,FULL_HIT,0.998585,0.004267,0.002176,0.364637,47.378932,0.012938,0.007453,47.886082,0,0
0,16,56,put both moka pots on the stove,FULL_HIT,0.998543,0.004161,0.001760,0.343875,42.217531,0.011024,0.005709,42.688771,0,0
0,16,57,put both moka pots on the stove,FULL_HIT,0.998555,0.004578,0.001856,0.356008,40.492648,0.010194,0.006067,40.964747,0,0
0,16,58,put both moka pots on the stove,FULL_HIT,0.998086,0.003904,0.001756,0.309939,40.193292,0.010591,0.005353,40.629566,0,0
0,16,59,put both moka pots on the stove,FULL_HIT,0.997295,0.004015,0.002039,0.311535,40.209796,0.011849,0.006632,40.635750,0,0
0,16,60,put both moka pots on the stove,FULL_HIT,0.997629,0.004012,0.001722,0.310339,40.381801,0.011242,0.006194,40.815760,0,0
0,16,61,put both moka pots on the stove,FULL_HIT,0.998462,0.003980,0.001739,0.318334,40.253875,0.011539,0.017065,40.704182,0,0
0,16,62,put both moka pots on the stove,FULL_HIT,0.998454,0.003832,0.001541,0.379456,40.430031,0.013483,0.005758,40.929080,0,0
0,16,63,put both moka pots on the stove,FULL_HIT,0.998460,0.004105,0.001727,0.383969,40.425219,0.014589,0.007006,40.935321,0,0
0,16,64,put both moka pots on the stove,FULL_HIT,0.998432,0.005968,0.002640,0.396927,43.240925,0.014092,0.018525,43.800204,0,0
0,16,65,put both moka pots on the stove,FULL_HIT,0.998469,0.004491,0.002157,0.393735,41.571065,0.012294,0.006270,42.092955,0,0
0,16,66,put both moka pots on the stove,FULL_HIT,0.998475,0.003925,0.001781,0.384263,41.220990,0.013447,0.006785,41.733397,0,0
0,16,67,put both moka pots on the stove,FULL_HIT,0.998499,0.004913,0.002738,0.369540,43.255449,0.013515,0.006950,43.782538,0,0
0,16,68,put both moka pots on the stove,FULL_HIT,0.998546,0.005410,0.001912,0.354821,43.490502,0.014195,0.016049,43.992206,0,0
0,16,69,put both moka pots on the stove,FULL_HIT,0.998508,0.004808,0.001901,1.072620,42.916099,0.013352,0.008158,44.130688,0,0
0,16,70,put both moka pots on the stove,FULL_HIT,0.998532,0.004161,0.002161,0.360155,43.336740,0.013505,0.007109,43.827955,0,0
0,16,71,put both moka pots on the stove,FULL_HIT,0.998582,0.004527,0.002075,0.322113,44.014703,0.013411,0.018716,44.486153,0,0
0,16,72,put both moka pots on the stove,FULL_HIT,0.998596,0.004316,0.001786,0.350932,40.525633,0.013289,0.006598,41.018434,0,0
0,16,73,put both moka pots on the stove,FULL_HIT,0.998622,0.004090,0.001609,0.311948,40.759584,0.013530,0.008160,41.198053,0,0
0,17,0,put the black bowl in the bottom drawer of the cabinet and close it,FULL_HIT,0.998860,0.004232,0.002466,1.032983,29.219264,0.013346,0.007265,30.402295,0,0
0,17,1,put the black bowl in the bottom drawer of the cabinet and close it,FULL_HIT,0.998854,0.003864,0.001920,0.423811,29.429710,0.012951,0.007195,29.976322,0,0
0,17,2,put the black bowl in the bottom drawer of the cabinet and close it,FULL_HIT,0.998823,0.003885,0.001912,0.397589,29.007897,0.012450,0.006938,29.526981,0,0
0,17,3,put the black bowl in the bottom drawer of the cabinet and close it,FULL_HIT,0.998768,0.003976,0.001880,0.389257,29.795578,0.013330,0.007135,30.307884,0,0
0,17,4,put the black bowl in the bottom drawer of the cabinet and close it,FULL_HIT,0.998759,0.004301,0.001977,0.446592,32.983561,0.014264,0.006936,33.561514,0,0
0,17,5,put the black bowl in the bottom drawer of the cabinet and close it,FULL_HIT,0.998714,0.004429,0.002228,0.478113,34.496110,0.014500,0.007249,35.123719,0,0
0,17,6,put the black bowl in the bottom drawer of the cabinet and close it,FULL_HIT,0.998624,0.004248,0.002235,0.486171,33.582919,0.013894,0.007402,34.212854,0,0
0,17,7,put the black bowl in the bottom drawer of the cabinet and close it,FULL_HIT,0.998513,0.004339,0.002119,0.515601,31.083142,0.014090,0.018291,31.756200,0,0
0,17,8,put the black bowl in the bottom drawer of the cabinet and close it,FULL_HIT,0.998520,0.004116,0.001738,0.442627,30.342135,0.013236,0.007229,30.911116,0,0
0,17,9,put the black bowl in the bottom drawer of the cabinet and close it,FULL_HIT,0.998527,0.004083,0.001672,0.407527,29.584935,0.013090,0.006457,30.116285,0,0
0,17,10,put the black bowl in the bottom drawer of the cabinet and close it,FULL_HIT,0.998417,0.003903,0.001679,0.408887,29.408973,0.012953,0.006827,29.944501,0,0
0,17,11,put the black bowl in the bottom drawer of the cabinet and close it,FULL_HIT,0.998276,0.004386,0.001828,0.404808,31.872742,0.013296,0.021047,32.419023,0,0
0,17,12,put the black bowl in the bottom drawer of the cabinet and close it,FULL_HIT,0.998371,0.004082,0.001873,0.413154,32.033172,0.013806,0.006748,32.568799,0,0
0,17,13,put the black bowl in the bottom drawer of the cabinet and close it,FULL_HIT,0.998544,0.003790,0.001589,0.390539,29.607748,0.012470,0.006924,30.118879,0,0
0,17,14,put the black bowl in the bottom drawer of the cabinet and close it,FULL_HIT,0.998647,0.004003,0.001621,0.391566,29.345321,0.021543,0.006940,29.866034,0,0
0,17,15,put the black bowl in the bottom drawer of the cabinet and close it,FULL_HIT,0.998688,0.004089,0.002012,0.388893,29.389000,0.012916,0.006641,29.898580,0,0
0,17,16,put the black bowl in the bottom drawer of the cabinet and close it,FULL_HIT,0.998718,0.003864,0.002332,0.397298,29.313402,0.013391,0.020726,29.858967,0,0
0,17,17,put the black bowl in the bottom drawer of the cabinet and close it,FULL_HIT,0.998744,0.004421,0.001611,0.389323,29.323741,0.013120,0.006888,29.835121,0,0
0,17,18,put the black bowl in the bottom drawer of the cabinet and close it,FULL_HIT,0.998779,0.003609,0.001712,0.398743,29.421522,0.012885,0.006821,29.936168,0,0
0,17,19,put the black bowl in the bottom drawer of the cabinet and close it,FULL_HIT,0.998793,0.003657,0.001660,0.385569,30.141270,0.012817,0.006450,30.646135,0,0
0,17,20,put the black bowl in the bottom drawer of the cabinet and close it,FULL_HIT,0.998802,0.003801,0.001711,0.395500,30.382671,0.025955,0.006977,30.923650,0,0
0,17,21,put the black bowl in the bottom drawer of the cabinet and close it,FULL_HIT,0.998793,0.004007,0.001625,0.396883,30.883786,0.013198,0.006313,31.402488,0,0
0,17,22,put the black bowl in the bottom drawer of the cabinet and close it,FULL_HIT,0.998683,0.004176,0.001817,0.496227,30.547673,0.013387,0.006946,31.168727,0,0
0,17,23,put the black bowl in the bottom drawer of the cabinet and close it,FULL_HIT,0.998687,0.003732,0.001768,0.441233,30.009867,0.012839,0.019587,30.586032,0,0
0,17,24,put the black bowl in the bottom drawer of the cabinet and close it,FULL_HIT,0.998654,0.005208,0.002242,8.864576,62.466419,0.012925,0.006570,71.472907,0,0
0,17,25,put the black bowl in the bottom drawer of the cabinet and close it,FULL_HIT,0.998598,0.003940,0.001811,7.002962,59.531228,0.010233,0.005254,66.652042,0,0
0,17,26,put the black bowl in the bottom drawer of the cabinet and close it,FULL_HIT,0.998625,0.004669,0.002463,7.303843,59.705972,0.010269,0.014748,67.155813,0,0
0,17,27,put the black bowl in the bottom drawer of the cabinet and close it,FULL_HIT,0.998648,0.003984,0.001719,7.222204,54.483239,0.010160,0.005293,61.827705,0,0
0,17,28,put the black bowl in the bottom drawer of the cabinet and close it,FULL_HIT,0.998651,0.004220,0.002022,8.436966,59.636980,0.011165,0.006124,68.197955,0,0
0,17,29,put the black bowl in the bottom drawer of the cabinet and close it,FULL_HIT,0.998655,0.012655,0.001953,7.994890,40.125157,0.011797,0.005931,48.252255,0,0
0,17,30,put the black bowl in the bottom drawer of the cabinet and close it,FULL_HIT,0.998697,0.004210,0.001769,0.412843,31.025495,0.010900,0.005848,31.559767,0,0
0,17,31,put the black bowl in the bottom drawer of the cabinet and close it,FULL_HIT,0.998684,0.004069,0.001695,0.417432,32.627221,0.015789,0.006452,33.189954,0,0
0,17,32,put the black bowl in the bottom drawer of the cabinet and close it,FULL_HIT,0.998694,0.005693,0.002083,0.422822,31.449065,0.012792,0.006777,32.009149,0,0
0,17,33,put the black bowl in the bottom drawer of the cabinet and close it,FULL_HIT,0.998450,0.003771,0.001743,0.420186,31.296256,0.013126,0.006317,31.836494,0,0
0,17,34,put the black bowl in the bottom drawer of the cabinet and close it,FULL_HIT,0.998576,0.004105,0.001809,0.411660,31.007443,0.010329,0.016009,31.540442,0,0
0,17,35,put the black bowl in the bottom drawer of the cabinet and close it,FULL_HIT,0.998572,0.003837,0.001604,0.391705,29.005145,0.010573,0.005831,29.508836,0,0
0,17,36,put the black bowl in the bottom drawer of the cabinet and close it,FULL_HIT,0.998707,0.003910,0.001899,0.397203,29.106004,0.009846,0.005876,29.622867,0,0
0,17,37,put the black bowl in the bottom drawer of the cabinet and close it,FULL_HIT,0.998733,0.003820,0.001798,0.389679,28.883497,0.010245,0.005638,29.384028,0,0
0,17,38,put the black bowl in the bottom drawer of the cabinet and close it,FULL_HIT,0.998621,0.003960,0.001606,0.393249,28.853169,0.010221,0.015343,29.368819,0,0
0,17,39,put the black bowl in the bottom drawer of the cabinet and close it,FULL_HIT,0.998610,0.004410,0.001718,0.448286,28.999044,0.010614,0.005764,29.561610,0,0
0,17,40,put the black bowl in the bottom drawer of the cabinet and close it,FULL_HIT,0.998715,0.003896,0.001985,0.401263,29.200835,0.010812,0.005775,29.717535,0,0
0,17,41,put the black bowl in the bottom drawer of the cabinet and close it,FULL_HIT,0.998399,0.003669,0.001604,0.403570,30.185119,0.011022,0.005659,30.702028,0,0
0,17,42,put the black bowl in the bottom drawer of the cabinet and close it,FULL_HIT,0.998240,0.004447,0.001732,0.408745,30.012434,0.012115,0.007067,30.541818,0,0
0,17,43,put the black bowl in the bottom drawer of the cabinet and close it,FULL_HIT,0.998354,0.004004,0.001682,0.384232,32.018384,0.020927,0.015554,32.539575,0,0
0,17,44,put the black bowl in the bottom drawer of the cabinet and close it,FULL_HIT,0.998631,0.003889,0.001742,0.402863,31.546252,0.012786,0.005904,32.083363,0,0
0,17,45,put the black bowl in the bottom drawer of the cabinet and close it,FULL_HIT,0.998293,0.004568,0.001929,0.429837,30.798807,0.010327,0.005724,31.344556,0,0
0,18,0,put the black bowl in the bottom drawer of the cabinet and close it,FULL_HIT,0.998778,0.004346,0.002383,1.087459,29.946805,0.012298,0.015754,31.183398,0,0
0,18,1,put the black bowl in the bottom drawer of the cabinet and close it,FULL_HIT,0.998763,0.004658,0.002712,0.420996,30.516659,0.013251,0.006860,31.073794,0,0
0,18,2,put the black bowl in the bottom drawer of the cabinet and close it,FULL_HIT,0.998734,0.004849,0.002958,0.417835,30.343874,0.012828,0.006980,30.898245,0,0
0,18,3,put the black bowl in the bottom drawer of the cabinet and close it,FULL_HIT,0.998669,0.003973,0.001917,1.185773,29.417386,0.022724,0.014285,30.743773,0,0
0,18,4,put the black bowl in the bottom drawer of the cabinet and close it,FULL_HIT,0.998618,0.004599,0.002106,0.412276,29.443625,0.012998,0.006794,29.989673,0,0
0,18,5,put the black bowl in the bottom drawer of the cabinet and close it,FULL_HIT,0.998578,0.004613,0.001970,0.427070,32.207762,0.013509,0.006901,32.772126,0,0
0,18,6,put the black bowl in the bottom drawer of the cabinet and close it,FULL_HIT,0.998601,0.005057,0.001992,1.171031,32.169647,0.012325,0.007316,33.481877,0,0
0,18,7,put the black bowl in the bottom drawer of the cabinet and close it,FULL_HIT,0.998569,0.005004,0.002173,0.415180,29.739561,0.013538,0.006532,30.307182,0,0
0,18,8,put the black bowl in the bottom drawer of the cabinet and close it,FULL_HIT,0.998592,0.004388,0.001697,0.414716,29.804335,0.013493,0.007072,30.352674,0,0
0,18,9,put the black bowl in the bottom drawer of the cabinet and close it,FULL_HIT,0.998578,0.004089,0.001978,1.180842,29.577936,0.013782,0.006569,30.888082,0,0
0,18,10,put the black bowl in the bottom drawer of the cabinet and close it,FULL_HIT,0.998670,0.004013,0.002200,0.402088,29.500553,0.013261,0.016384,30.040720,0,0
0,18,11,put the black bowl in the bottom drawer of the cabinet and close it,FULL_HIT,0.998685,0.004364,0.001985,0.406020,30.396770,0.013018,0.006124,30.926738,0,0
0,18,12,put the black bowl in the bottom drawer of the cabinet and close it,FULL_HIT,0.998675,0.004077,0.001743,1.129444,30.819076,0.013411,0.007152,32.085876,0,0
0,18,13,put the black bowl in the bottom drawer of the cabinet and close it,FULL_HIT,0.998656,0.005591,0.002630,0.526153,34.876359,0.014427,0.007278,35.545885,0,0
0,18,14,put the black bowl in the bottom drawer of the cabinet and close it,FULL_HIT,0.998639,0.004528,0.001896,0.468978,32.648303,0.013673,0.007985,33.251838,0,0
0,18,15,put the black bowl in the bottom drawer of the cabinet and close it,FULL_HIT,0.998608,0.009835,0.001695,1.221958,30.293674,0.013109,0.006492,31.642858,0,0
0,18,16,put the black bowl in the bottom drawer of the cabinet and close it,FULL_HIT,0.998572,0.003809,0.001704,0.390173,29.668121,0.013470,0.006618,30.184180,0,0
0,18,17,put the black bowl in the bottom drawer of the cabinet and close it,FULL_HIT,0.998536,0.004232,0.002127,0.404794,29.346073,0.012436,0.019498,29.883240,0,0
0,18,18,put the black bowl in the bottom drawer of the cabinet and close it,FULL_HIT,0.998644,0.003646,0.001635,1.157186,29.389621,0.013733,0.006221,30.665887,0,0
0,18,19,put the black bowl in the bottom drawer of the cabinet and close it,FULL_HIT,0.998656,0.004009,0.001744,0.403120,32.286683,0.013022,0.019400,32.824229,0,0
0,18,20,put the black bowl in the bottom drawer of the cabinet and close it,FULL_HIT,0.998693,0.004093,0.001577,0.390023,31.841862,0.012690,0.006527,32.349774,0,0
0,18,21,put the black bowl in the bottom drawer of the cabinet and close it,FULL_HIT,0.998684,0.003973,0.001676,1.310080,31.938432,0.013055,0.006453,33.368737,0,0
0,18,22,put the black bowl in the bottom drawer of the cabinet and close it,FULL_HIT,0.998693,0.004113,0.001931,0.445939,29.964266,0.012916,0.006758,30.545078,0,0
0,18,23,put the black bowl in the bottom drawer of the cabinet and close it,FULL_HIT,0.998679,0.004039,0.001704,0.409938,29.432940,0.012293,0.006761,29.960281,0,0
0,18,24,put the black bowl in the bottom drawer of the cabinet and close it,FULL_HIT,0.998688,0.003487,0.001692,1.155009,29.373796,0.013216,0.006133,30.663035,0,0
0,18,25,put the black bowl in the bottom drawer of the cabinet and close it,FULL_HIT,0.998692,0.004089,0.001625,0.388959,29.145405,0.013226,0.006346,29.652211,0,0
0,18,26,put the black bowl in the bottom drawer of the cabinet and close it,FULL_HIT,0.998664,0.003894,0.001950,0.393139,29.167711,0.012357,0.006504,29.687043,0,0
0,18,27,put the black bowl in the bottom drawer of the cabinet and close it,FULL_HIT,0.998646,0.019516,0.001652,1.129743,29.208136,0.013206,0.020407,30.514105,0,0
0,18,28,put the black bowl in the bottom drawer of the cabinet and close it,FULL_HIT,0.998585,0.003982,0.001662,0.402353,28.915872,0.012627,0.006370,29.447338,0,0
0,18,29,put the black bowl in the bottom drawer of the cabinet and close it,FULL_HIT,0.998592,0.003868,0.001639,0.420230,29.179557,0.012541,0.006235,29.722549,0,0
0,18,30,put the black bowl in the bottom drawer of the cabinet and close it,FULL_HIT,0.998598,0.004288,0.007057,1.141177,29.126603,0.013004,0.005981,30.425258,0,0
0,18,31,put the black bowl in the bottom drawer of the cabinet and close it,FULL_HIT,0.998442,0.004556,0.001641,0.372822,28.933539,0.012826,0.006059,29.423604,0,0
0,18,32,put the black bowl in the bottom drawer of the cabinet and close it,FULL_HIT,0.998339,0.004491,0.001616,0.401545,29.234672,0.012999,0.006959,29.764400,0,0
0,18,33,put the black bowl in the bottom drawer of the cabinet and close it,FULL_HIT,0.998309,0.003733,0.001529,1.168250,29.482364,0.021038,0.008486,30.787059,0,0
0,18,34,put the black bowl in the bottom drawer of the cabinet and close it,FULL_HIT,0.998101,0.003805,0.001675,0.385738,28.739925,0.013024,0.006133,29.243094,0,0
0,18,35,put the black bowl in the bottom drawer of the cabinet and close it,FULL_HIT,0.997851,0.011479,0.001706,0.387792,30.026219,0.012859,0.006557,30.556862,0,0
0,18,36,put the black bowl in the bottom drawer of the cabinet and close it,FULL_HIT,0.998113,0.003902,0.001690,1.322298,31.795159,0.014373,0.007842,33.251413,0,0
0,18,37,put the black bowl in the bottom drawer of the cabinet and close it,FULL_HIT,0.997797,0.003763,0.006325,0.418245,29.831188,0.013233,0.006850,30.394056,0,0
0,18,38,put the black bowl in the bottom drawer of the cabinet and close it,FULL_HIT,0.998142,0.003837,0.001644,0.393377,29.302555,0.012860,0.017110,29.825278,0,0
0,18,39,put the black bowl in the bottom drawer of the cabinet and close it,FULL_HIT,0.998482,0.004822,0.002072,1.111280,63.795489,0.020376,0.007468,65.057139,0,0
0,18,40,put the black bowl in the bottom drawer of the cabinet and close it,FULL_HIT,0.998469,0.004801,0.001909,8.772400,33.480615,0.012768,0.006509,42.382659,0,0
0,18,41,put the black bowl in the bottom drawer of the cabinet and close it,FULL_HIT,0.998482,0.004787,0.001654,0.433287,33.207665,0.012912,0.006680,33.774364,0,0
0,18,42,put the black bowl in the bottom drawer of the cabinet and close it,FULL_HIT,0.998526,0.003639,0.001924,1.204091,32.481440,0.012815,0.006292,33.808129,0,0
0,18,43,put the black bowl in the bottom drawer of the cabinet and close it,FULL_HIT,0.998581,0.004331,0.001877,0.456954,31.807222,0.010756,0.006132,32.394830,0,0
0,18,44,put the black bowl in the bottom drawer of the cabinet and close it,FULL_HIT,0.998532,0.004008,0.001651,0.378474,29.155819,0.010488,0.005539,29.649711,0,0
0,18,45,put the black bowl in the bottom drawer of the cabinet and close it,FULL_HIT,0.998477,0.003673,0.001778,1.114583,29.155109,0.011106,0.005961,30.383036,0,0
0,18,46,put the black bowl in the bottom drawer of the cabinet and close it,FULL_HIT,0.998431,0.003841,0.001725,0.392436,29.266054,0.010775,0.014934,29.781319,0,0
0,18,47,put the black bowl in the bottom drawer of the cabinet and close it,FULL_HIT,0.998526,0.004251,0.002036,0.409356,31.584887,0.012442,0.005627,32.112798,0,0
0,18,48,put the black bowl in the bottom drawer of the cabinet and close it,FULL_HIT,0.998553,0.004023,0.001789,1.189485,29.486327,0.010453,0.005463,30.791826,0,0
0,18,49,put the black bowl in the bottom drawer of the cabinet and close it,FULL_HIT,0.998677,0.004060,0.001664,0.410976,29.809790,0.010317,0.005463,30.334310,0,0
0,18,50,put the black bowl in the bottom drawer of the cabinet and close it,FULL_HIT,0.998179,0.003897,0.001648,0.401411,29.435311,0.010823,0.005810,29.950810,0,0
0,18,51,put the black bowl in the bottom drawer of the cabinet and close it,FULL_HIT,0.998060,0.003639,0.001591,1.142087,29.512885,0.010402,0.005671,30.765796,0,0
0,18,52,put the black bowl in the bottom drawer of the cabinet and close it,FULL_HIT,0.998114,0.004533,0.001748,0.404916,29.237864,0.011182,0.005816,29.759269,0,0
0,18,53,put the black bowl in the bottom drawer of the cabinet and close it,FULL_HIT,0.998219,0.003978,0.001645,0.399252,29.188625,0.013731,0.007001,29.711209,0,0
0,18,54,put the black bowl in the bottom drawer of the cabinet and close it,FULL_HIT,0.998451,0.004037,0.001758,1.139767,29.594884,0.013230,0.006604,30.862865,0,0
0,18,55,put the black bowl in the bottom drawer of the cabinet and close it,FULL_HIT,0.998354,0.004136,0.001567,0.404693,31.338223,0.010081,0.005423,31.858553,0,0
0,18,56,put the black bowl in the bottom drawer of the cabinet and close it,FULL_HIT,0.998213,0.003878,0.001684,0.396027,32.233416,0.022358,0.005843,32.762761,0,0
0,18,57,put the black bowl in the bottom drawer of the cabinet and close it,FULL_HIT,0.997669,0.003719,0.001499,1.208961,31.770825,0.010658,0.005905,33.094058,0,0
0,18,58,put the black bowl in the bottom drawer of the cabinet and close it,FULL_HIT,0.996238,0.004013,0.001691,0.454383,32.105491,0.010800,0.025308,32.713854,0,0
0,18,59,put the black bowl in the bottom drawer of the cabinet and close it,FULL_HIT,0.995662,0.004036,0.001660,0.412474,29.489463,0.010547,0.005742,30.011436,0,0
0,18,60,put the black bowl in the bottom drawer of the cabinet and close it,FULL_HIT,0.995846,0.004049,0.002009,0.408426,29.956126,0.011187,0.006172,30.476656,0,0
0,18,61,put the black bowl in the bottom drawer of the cabinet and close it,FULL_HIT,0.996032,0.003826,0.001929,0.398710,29.327768,0.011673,0.006163,29.840843,0,0
0,18,62,put the black bowl in the bottom drawer of the cabinet and close it,FULL_HIT,0.995959,0.004133,0.001791,0.364483,31.743775,0.012007,0.005887,32.225510,0,0
0,18,63,put the black bowl in the bottom drawer of the cabinet and close it,FULL_HIT,0.995737,0.004387,0.001774,0.392037,31.566751,0.012765,0.005897,32.077961,0,0
0,18,64,put the black bowl in the bottom drawer of the cabinet and close it,FULL_HIT,0.995297,0.004124,0.001791,0.387075,29.414589,0.013058,0.005843,29.927781,0,0
0,18,65,put the black bowl in the bottom drawer of the cabinet and close it,FULL_HIT,0.995031,0.003932,0.001790,0.394489,29.236177,0.011469,0.006916,29.744696,0,0
0,18,66,put the black bowl in the bottom drawer of the cabinet and close it,FULL_HIT,0.995447,0.004148,0.001796,0.385288,30.016775,0.013253,0.017399,30.537957,0,0
0,18,67,put the black bowl in the bottom drawer of the cabinet and close it,FULL_HIT,0.995552,0.004502,0.001857,0.339019,29.702032,0.013398,0.006381,30.173857,0,0
0,18,68,put the black bowl in the bottom drawer of the cabinet and close it,FULL_HIT,0.995402,0.004928,0.001963,0.390947,29.766465,0.013050,0.007406,30.304990,0,0
0,18,69,put the black bowl in the bottom drawer of the cabinet and close it,FULL_HIT,0.995110,0.005449,0.002197,0.360874,29.414126,0.013111,0.015186,29.920416,0,0
0,18,70,put the black bowl in the bottom drawer of the cabinet and close it,FULL_HIT,0.994797,0.004034,0.001879,0.320294,29.718565,0.013646,0.006694,30.171953,0,0
0,18,71,put the black bowl in the bottom drawer of the cabinet and close it,FULL_HIT,0.994730,0.004879,0.001866,0.386193,29.394936,0.012523,0.006756,29.917408,0,0
0,18,72,put the black bowl in the bottom drawer of the cabinet and close it,FULL_HIT,0.994552,0.004736,0.002140,0.353755,29.325931,0.012730,0.006404,29.813378,0,0
0,18,73,put the black bowl in the bottom drawer of the cabinet and close it,FULL_HIT,0.994160,0.004330,0.002183,0.322182,29.386794,0.021066,0.006906,29.846773,0,0
0,18,74,put the black bowl in the bottom drawer of the cabinet and close it,FULL_HIT,0.994146,0.005382,0.002481,0.443622,32.451774,0.013952,0.006836,33.040873,0,0
0,18,75,put the black bowl in the bottom drawer of the cabinet and close it,FULL_HIT,0.994085,0.004885,0.001990,0.353343,30.914380,0.012811,0.006549,31.400383,0,0
0,18,76,put the black bowl in the bottom drawer of the cabinet and close it,FULL_HIT,0.993969,0.004557,0.001750,0.331009,29.436440,0.013024,0.006896,29.901929,0,0
0,18,77,put the black bowl in the bottom drawer of the cabinet and close it,FULL_HIT,0.994023,0.004373,0.001865,0.343377,30.569611,0.012393,0.006872,31.040763,0,0
0,18,78,put the black bowl in the bottom drawer of the cabinet and close it,FULL_HIT,0.994082,0.004033,0.002171,0.331838,29.391799,0.012583,0.007446,29.853197,0,0
0,18,79,put the black bowl in the bottom drawer of the cabinet and close it,FULL_HIT,0.994078,0.004315,0.001854,0.323508,29.367658,0.013538,0.006552,29.826162,0,0
0,18,80,put the black bowl in the bottom drawer of the cabinet and close it,FULL_HIT,0.994058,0.004548,0.002000,0.363730,31.173796,0.012520,0.007649,31.693588,0,0
0,18,81,put the black bowl in the bottom drawer of the cabinet and close it,FULL_HIT,0.994051,0.003735,0.001664,0.341722,29.865861,0.013576,0.007155,30.331533,0,0
0,18,82,put the black bowl in the bottom drawer of the cabinet and close it,FULL_HIT,0.994083,0.003634,0.001561,0.372944,29.360587,0.012857,0.007373,29.855772,0,0
0,18,83,put the black bowl in the bottom drawer of the cabinet and close it,FULL_HIT,0.994133,0.004341,0.001936,0.395313,31.744972,0.014074,0.006436,32.268035,0,0
0,18,84,put the black bowl in the bottom drawer of the cabinet and close it,FULL_HIT,0.994275,0.004158,0.001758,0.431408,32.100047,0.012433,0.006502,32.653850,0,0
0,18,85,put the black bowl in the bottom drawer of the cabinet and close it,FULL_HIT,0.994219,0.003753,0.001551,0.370283,29.731904,0.013287,0.007235,30.227457,0,0
0,18,86,put the black bowl in the bottom drawer of the cabinet and close it,FULL_HIT,0.994157,0.003911,0.001630,0.343101,31.685214,0.013232,0.007405,32.165713,0,0
0,18,87,put the black bowl in the bottom drawer of the cabinet and close it,FULL_HIT,0.994105,0.003956,0.001615,1.285351,31.291545,0.013640,0.006956,32.706155,0,0
0,18,88,put the black bowl in the bottom drawer of the cabinet and close it,FULL_HIT,0.994112,0.003946,0.001603,0.378797,32.448762,0.012866,0.006522,32.947669,0,0
0,18,89,put the black bowl in the bottom drawer of the cabinet and close it,FULL_HIT,0.994022,0.004198,0.001796,0.392488,30.844451,0.013564,0.006814,31.361445,0,0
0,18,90,put the black bowl in the bottom drawer of the cabinet and close it,FULL_HIT,0.994030,0.004094,0.001642,0.365959,29.790962,0.012549,0.006424,30.277292,0,0
0,18,91,put the black bowl in the bottom drawer of the cabinet and close it,FULL_HIT,0.994027,0.004318,0.001617,0.310700,29.181641,0.011853,0.006412,29.611417,0,0
0,18,92,put the black bowl in the bottom drawer of the cabinet and close it,FULL_HIT,0.993923,0.003723,0.001795,0.343340,28.967313,0.012829,0.006606,29.443230,0,0
0,18,93,put the black bowl in the bottom drawer of the cabinet and close it,FULL_HIT,0.993867,0.004038,0.002043,0.313922,29.065687,0.012840,0.006610,29.499030,0,0
0,18,94,put the black bowl in the bottom drawer of the cabinet and close it,FULL_HIT,0.993818,0.003890,0.001725,0.319120,28.920485,0.012549,0.006098,29.375541,0,0
0,18,95,put the black bowl in the bottom drawer of the cabinet and close it,FULL_HIT,0.993966,0.003841,0.002005,0.303993,28.835689,0.012499,0.006752,29.268317,0,0
0,18,96,put the black bowl in the bottom drawer of the cabinet and close it,FULL_HIT,0.993892,0.004264,0.001874,0.304689,28.764782,0.013091,0.007084,29.188539,0,0
0,18,97,put the black bowl in the bottom drawer of the cabinet and close it,FULL_HIT,0.993856,0.004034,0.001736,0.311598,28.697489,0.013077,0.006493,29.128800,0,0
0,18,98,put the black bowl in the bottom drawer of the cabinet and close it,FULL_HIT,0.993918,0.004087,0.001648,0.300275,28.652664,0.012337,0.006582,29.074423,0,0
0,18,99,put the black bowl in the bottom drawer of the cabinet and close it,FULL_HIT,0.993883,0.003689,0.001536,0.374347,28.559952,0.012828,0.006972,29.055927,0,0
0,18,100,put the black bowl in the bottom drawer of the cabinet and close it,FULL_HIT,0.993934,0.003849,0.001568,0.383652,29.137491,0.013252,0.007012,29.644844,0,0
0,18,0,put the yellow and white mug in the microwave and close it,FULL_HIT,0.998847,0.003834,0.001870,1.100762,101.928589,0.013238,0.006780,103.152376,0,0
0,18,1,put the yellow and white mug in the microwave and close it,FULL_HIT,0.998798,0.003912,0.001764,0.402103,34.515437,0.012118,0.016888,35.062831,0,0
0,18,2,put the yellow and white mug in the microwave and close it,FULL_HIT,0.998757,0.004367,0.001837,0.424983,34.543476,0.013185,0.006882,35.092391,0,0
0,18,3,put the yellow and white mug in the microwave and close it,FULL_HIT,0.998730,0.005673,0.002442,0.442313,36.682071,0.013352,0.023998,37.279640,0,0
0,18,4,put the yellow and white mug in the microwave and close it,FULL_HIT,0.998637,0.004269,0.001992,0.423364,35.970614,0.012355,0.006550,36.535569,0,0
0,18,5,put the yellow and white mug in the microwave and close it,FULL_HIT,0.998635,0.003966,0.001754,0.410925,33.288335,0.010873,0.015929,33.818247,0,0
0,18,6,put the yellow and white mug in the microwave and close it,FULL_HIT,0.998598,0.004130,0.001696,0.384881,33.020608,0.013940,0.020711,33.541012,0,0
0,18,7,put the yellow and white mug in the microwave and close it,FULL_HIT,0.998474,0.004141,0.001799,0.412630,32.770577,0.010123,0.016426,33.306633,0,0
0,18,8,put the yellow and white mug in the microwave and close it,FULL_HIT,0.998435,0.003891,0.001864,0.406122,32.779221,0.010199,0.005402,33.292863,0,0
0,18,9,put the yellow and white mug in the microwave and close it,FULL_HIT,0.998444,0.003969,0.001574,0.383690,32.943886,0.010070,0.005468,33.435937,0,0
0,18,10,put the yellow and white mug in the microwave and close it,FULL_HIT,0.998428,0.003952,0.001678,0.398173,32.440305,0.011036,0.005434,32.947956,0,0
0,18,11,put the yellow and white mug in the microwave and close it,FULL_HIT,0.998422,0.003935,0.001685,0.393909,32.714306,0.012884,0.006936,33.228588,0,0
0,18,12,put the yellow and white mug in the microwave and close it,FULL_HIT,0.998488,0.003961,0.001740,0.390616,32.337083,0.011331,0.005659,32.834349,0,0
0,18,13,put the yellow and white mug in the microwave and close it,FULL_HIT,0.998479,0.004272,0.001746,0.389286,32.293529,0.010253,0.006141,32.790862,0,0
0,18,14,put the yellow and white mug in the microwave and close it,FULL_HIT,0.998407,0.003880,0.002250,0.406025,34.974556,0.010975,0.016117,35.503591,0,0
0,18,15,put the yellow and white mug in the microwave and close it,FULL_HIT,0.998383,0.004109,0.001585,0.390910,32.868107,0.011232,0.005564,33.365382,0,0
0,18,16,put the yellow and white mug in the microwave and close it,FULL_HIT,0.998484,0.003914,0.001670,0.383290,33.117230,0.013010,0.007282,33.620044,0,0
0,18,17,put the yellow and white mug in the microwave and close it,FULL_HIT,0.998318,0.004043,0.002128,0.389398,32.770775,0.012770,0.006284,33.277368,0,0
0,18,18,put the yellow and white mug in the microwave and close it,FULL_HIT,0.998269,0.004250,0.001659,0.398485,32.634728,0.010269,0.016418,33.153385,0,0
0,18,19,put the yellow and white mug in the microwave and close it,FULL_HIT,0.998348,0.005892,0.002002,0.475520,33.845714,0.010457,0.007053,34.451526,0,0
0,18,20,put the yellow and white mug in the microwave and close it,FULL_HIT,0.998270,0.004171,0.001974,0.391970,32.472514,0.010275,0.005872,32.977294,0,0
0,18,21,put the yellow and white mug in the microwave and close it,FULL_HIT,0.998122,0.003653,0.001639,0.390512,32.367956,0.009853,0.005815,32.864471,0,0
0,18,22,put the yellow and white mug in the microwave and close it,FULL_HIT,0.997697,0.004107,0.001701,0.386144,32.310945,0.010730,0.006133,32.804012,0,0
0,18,23,put the yellow and white mug in the microwave and close it,FULL_HIT,0.997946,0.004187,0.001802,0.393123,35.085722,0.011142,0.006115,35.587898,0,0
0,18,24,put the yellow and white mug in the microwave and close it,FULL_HIT,0.998074,0.003847,0.001764,0.399079,32.859311,0.011780,0.006044,33.373084,0,0
0,18,25,put the yellow and white mug in the microwave and close it,FULL_HIT,0.998214,0.003985,0.001702,0.398872,32.820000,0.010753,0.006041,33.344056,0,0
0,18,26,put the yellow and white mug in the microwave and close it,FULL_HIT,0.998326,0.004038,0.001787,0.425559,33.737315,0.012377,0.005797,34.293559,0,0
0,18,27,put the yellow and white mug in the microwave and close it,FULL_HIT,0.998282,0.003810,0.001732,0.393607,34.937525,0.012793,0.006300,35.450641,0,0
0,18,28,put the yellow and white mug in the microwave and close it,FULL_HIT,0.998270,0.004245,0.001838,0.458955,35.323443,0.013017,0.006467,35.920455,0,0
0,18,29,put the yellow and white mug in the microwave and close it,FULL_HIT,0.997792,0.004543,0.002336,0.395831,34.981221,0.023273,0.018909,35.573774,0,0
0,18,30,put the yellow and white mug in the microwave and close it,FULL_HIT,0.998051,0.004320,0.002178,0.405123,32.992801,0.012718,0.019489,33.548010,0,0
0,18,31,put the yellow and white mug in the microwave and close it,FULL_HIT,0.998214,0.005775,0.002601,0.466282,35.514343,0.013441,0.006586,36.122964,0,0
0,18,32,put the yellow and white mug in the microwave and close it,FULL_HIT,0.998468,0.004301,0.002281,0.411749,33.970807,0.012869,0.007096,34.507968,0,0
0,18,33,put the yellow and white mug in the microwave and close it,FULL_HIT,0.998568,0.004448,0.002157,0.403633,33.362789,0.013253,0.006872,33.896931,0,0
0,18,34,put the yellow and white mug in the microwave and close it,FULL_HIT,0.998528,0.004091,0.001964,0.400105,32.716448,0.013412,0.006573,33.241981,0,0
0,18,35,put the yellow and white mug in the microwave and close it,FULL_HIT,0.998410,0.004502,0.001714,0.385075,33.228882,0.013275,0.006792,33.735942,0,0
0,18,36,put the yellow and white mug in the microwave and close it,FULL_HIT,0.998165,0.004513,0.001817,0.399720,32.704179,0.012841,0.006414,33.229064,0,0
0,18,37,put the yellow and white mug in the microwave and close it,FULL_HIT,0.997621,0.004380,0.001775,0.389895,32.847196,0.014235,0.006441,33.362232,0,0
0,18,38,put the yellow and white mug in the microwave and close it,FULL_HIT,0.997254,0.003910,0.001928,0.398011,32.402541,0.012365,0.018241,32.935539,0,0
0,18,39,put the yellow and white mug in the microwave and close it,FULL_HIT,0.997221,0.003860,0.001755,0.376804,32.399675,0.013672,0.015493,32.916675,0,0
0,18,40,put the yellow and white mug in the microwave and close it,FULL_HIT,0.997384,0.004508,0.001875,0.385204,33.240402,0.017098,0.010132,33.811656,0,0
0,18,41,put the yellow and white mug in the microwave and close it,FULL_HIT,0.997602,0.004042,0.001881,0.420592,34.076075,0.012679,0.008529,34.634779,0,0
0,18,42,put the yellow and white mug in the microwave and close it,FULL_HIT,0.997601,0.004330,0.002303,0.425962,36.116049,0.014151,0.007532,36.689662,0,0
0,18,43,put the yellow and white mug in the microwave and close it,FULL_HIT,0.997704,0.004556,0.001871,0.460711,34.819222,0.012722,0.007245,35.405551,0,0
0,18,44,put the yellow and white mug in the microwave and close it,FULL_HIT,0.997819,0.004331,0.001589,0.389522,33.704760,0.012988,0.007322,34.212810,0,0
0,18,45,put the yellow and white mug in the microwave and close it,FULL_HIT,0.997574,0.003731,0.001664,0.392644,33.109248,0.013223,0.006833,33.619095,0,0
0,18,46,put the yellow and white mug in the microwave and close it,FULL_HIT,0.997922,0.003652,0.001900,0.379897,32.697064,0.012781,0.007831,33.202836,0,0
0,18,47,put the yellow and white mug in the microwave and close it,FULL_HIT,0.997883,0.003874,0.001556,0.402018,32.588989,0.012925,0.007758,33.109486,0,0
0,18,48,put the yellow and white mug in the microwave and close it,FULL_HIT,0.997706,0.003822,0.001761,0.385693,32.284550,0.013641,0.007646,32.789574,0,0
0,18,49,put the yellow and white mug in the microwave and close it,FULL_HIT,0.997333,0.004147,0.001733,0.385879,32.160459,0.012908,0.007491,32.665156,0,0
0,18,50,put the yellow and white mug in the microwave and close it,FULL_HIT,0.996637,0.003717,0.001627,0.370649,32.160293,0.012778,0.006455,32.644727,0,0
0,18,51,put the yellow and white mug in the microwave and close it,FULL_HIT,0.996451,0.003922,0.001693,0.385451,34.548982,0.012067,0.006774,35.050236,0,0
0,18,52,put the yellow and white mug in the microwave and close it,FULL_HIT,0.995677,0.003931,0.001596,0.423596,35.318682,0.014521,0.019181,35.889996,0,0
0,18,53,put the yellow and white mug in the microwave and close it,FULL_HIT,0.988971,0.003604,0.001543,0.448118,34.246197,0.014086,0.006403,34.811669,0,0
0,18,54,put the yellow and white mug in the microwave and close it,FULL_HIT,0.996368,0.003819,0.001829,0.421504,32.544175,0.011946,0.018605,33.097011,0,0
0,18,55,put the yellow and white mug in the microwave and close it,FULL_HIT,0.997678,0.003666,0.001640,0.386286,32.151723,0.012641,0.007240,32.655624,0,0
0,18,56,put the yellow and white mug in the microwave and close it,FULL_HIT,0.997882,0.003688,0.001834,0.377495,32.178962,0.012998,0.007514,32.676417,0,0
0,18,57,put the yellow and white mug in the microwave and close it,FULL_HIT,0.998143,0.003910,0.001665,0.372548,32.048147,0.012832,0.006897,32.537978,0,0
0,18,58,put the yellow and white mug in the microwave and close it,FULL_HIT,0.997858,0.003801,0.001686,0.372316,31.970386,0.012907,0.006520,32.469207,0,0
0,18,59,put the yellow and white mug in the microwave and close it,FULL_HIT,0.998015,0.003897,0.001620,0.383247,31.919926,0.013002,0.006475,32.420809,0,0
0,18,60,put the yellow and white mug in the microwave and close it,FULL_HIT,0.998380,0.004097,0.001535,0.363377,31.876166,0.012550,0.006689,32.353750,0,0
0,18,61,put the yellow and white mug in the microwave and close it,FULL_HIT,0.998400,0.003683,0.001852,0.364906,31.688687,0.012265,0.007210,32.171685,0,0
0,18,62,put the yellow and white mug in the microwave and close it,FULL_HIT,0.998502,0.003848,0.001604,0.379360,32.638417,0.012725,0.006289,33.138842,0,0
0,18,63,put the yellow and white mug in the microwave and close it,FULL_HIT,0.998482,0.003890,0.001657,0.368331,32.139865,0.012998,0.020726,32.639792,0,0
0,18,64,put the yellow and white mug in the microwave and close it,FULL_HIT,0.998424,0.003903,0.001661,0.388866,32.070774,0.011757,0.007174,32.580874,0,0
0,18,65,put the yellow and white mug in the microwave and close it,FULL_HIT,0.998495,0.003870,0.001615,0.375253,32.037829,0.012432,0.006705,32.528270,0,0
0,18,66,put the yellow and white mug in the microwave and close it,FULL_HIT,0.998575,0.003586,0.001709,0.378030,31.747522,0.012791,0.006187,32.247295,0,0
0,18,67,put the yellow and white mug in the microwave and close it,FULL_HIT,0.998374,0.004536,0.001873,0.375439,34.595757,0.013690,0.006948,35.104187,0,0
0,18,68,put the yellow and white mug in the microwave and close it,FULL_HIT,0.998214,0.005078,0.002268,11.354356,76.754681,0.016229,0.008031,88.276050,0,0
0,18,69,put the yellow and white mug in the microwave and close it,FULL_HIT,0.997558,0.004417,0.002242,0.428149,37.511993,0.012709,0.018444,38.091273,0,0
0,18,70,put the yellow and white mug in the microwave and close it,FULL_HIT,0.997628,0.003975,0.001650,0.380099,34.499801,0.012851,0.006998,35.015942,0,0
0,18,71,put the yellow and white mug in the microwave and close it,FULL_HIT,0.997935,0.003781,0.001756,1.318195,33.367579,0.012641,0.006805,34.804985,0,0
0,18,72,put the yellow and white mug in the microwave and close it,FULL_HIT,0.996735,0.011037,0.013786,0.343375,32.287027,0.012642,0.006443,32.766624,0,0
0,18,73,put the yellow and white mug in the microwave and close it,FULL_HIT,0.984850,0.004263,0.001898,0.311544,34.539975,0.013082,0.006657,34.979246,0,0
0,18,74,put the yellow and white mug in the microwave and close it,FULL_HIT,0.953093,0.003859,0.001645,0.305957,32.736064,0.012906,0.006816,33.167143,0,0
0,18,75,put the yellow and white mug in the microwave and close it,FULL_HIT,0.934433,0.003982,0.001816,0.331591,32.323955,0.012750,0.019048,32.788963,0,0
0,18,76,put the yellow and white mug in the microwave and close it,FULL_HIT,0.948536,0.003759,0.001670,0.309242,32.201399,0.013083,0.007316,32.630324,0,0
0,18,77,put the yellow and white mug in the microwave and close it,FULL_HIT,0.940139,0.003829,0.001683,0.307947,32.383739,0.013422,0.007304,32.812014,0,0
0,18,78,put the yellow and white mug in the microwave and close it,FULL_HIT,0.934021,0.003681,0.001618,0.307179,32.028420,0.012301,0.007289,32.452338,0,0
0,18,79,put the yellow and white mug in the microwave and close it,FULL_HIT,0.921810,0.003784,0.001610,0.305002,32.149874,0.012146,0.006956,32.572052,0,0
0,18,80,put the yellow and white mug in the microwave and close it,FULL_HIT,0.908108,0.004315,0.001701,0.361999,32.178856,0.011980,0.006804,32.659359,0,0
0,19,0,put the black bowl in the bottom drawer of the cabinet and close it,FULL_HIT,0.998800,0.003785,0.001690,0.377082,28.763785,0.013308,0.007014,29.256478,0,0
0,19,1,put the black bowl in the bottom drawer of the cabinet and close it,FULL_HIT,0.998736,0.003848,0.001688,0.377410,29.904209,0.012873,0.006913,30.398010,0,0
0,19,2,put the black bowl in the bottom drawer of the cabinet and close it,FULL_HIT,0.998738,0.003993,0.001601,0.456842,29.728669,0.012449,0.006787,30.303184,0,0
0,19,3,put the black bowl in the bottom drawer of the cabinet and close it,FULL_HIT,0.998682,0.003853,0.001582,1.100808,30.935633,0.013936,0.007059,32.171982,0,0
0,19,4,put the black bowl in the bottom drawer of the cabinet and close it,FULL_HIT,0.998668,0.004018,0.001797,0.449263,30.954682,0.012776,0.007098,31.528815,0,0
0,19,5,put the black bowl in the bottom drawer of the cabinet and close it,FULL_HIT,0.998651,0.004385,0.001778,0.461993,32.589778,0.013728,0.006738,33.174091,0,0
0,19,6,put the black bowl in the bottom drawer of the cabinet and close it,FULL_HIT,0.998585,0.003882,0.001702,1.169635,29.932121,0.012913,0.006132,31.259005,0,0
0,19,7,put the black bowl in the bottom drawer of the cabinet and close it,FULL_HIT,0.998538,0.004238,0.001678,0.400574,29.323084,0.013308,0.015395,29.852746,0,0
0,19,8,put the black bowl in the bottom drawer of the cabinet and close it,FULL_HIT,0.998551,0.003890,0.001616,0.390618,29.207267,0.012143,0.015960,29.724437,0,0
0,19,9,put the black bowl in the bottom drawer of the cabinet and close it,FULL_HIT,0.998434,0.004052,0.001635,1.053729,29.146539,0.012872,0.006513,30.320582,0,0
0,19,10,put the black bowl in the bottom drawer of the cabinet and close it,FULL_HIT,0.998311,0.003780,0.001622,0.395098,28.981099,0.012749,0.007047,29.491468,0,0
0,19,11,put the black bowl in the bottom drawer of the cabinet and close it,FULL_HIT,0.998282,0.004103,0.001991,0.392085,31.331248,0.012866,0.006743,31.841923,0,0
0,19,12,put the black bowl in the bottom drawer of the cabinet and close it,FULL_HIT,0.998267,0.003809,0.001853,1.070101,29.435462,0.012087,0.006569,30.622500,0,0
0,19,13,put the black bowl in the bottom drawer of the cabinet and close it,FULL_HIT,0.998306,0.004154,0.001756,0.387967,29.327550,0.012692,0.006801,29.833470,0,0
0,19,14,put the black bowl in the bottom drawer of the cabinet and close it,FULL_HIT,0.998341,0.004057,0.001643,0.389848,29.132132,0.013386,0.006616,29.638302,0,0
0,19,15,put the black bowl in the bottom drawer of the cabinet and close it,FULL_HIT,0.998280,0.003791,0.001588,1.112023,29.391037,0.012590,0.006852,30.626465,0,0
0,19,16,put the black bowl in the bottom drawer of the cabinet and close it,FULL_HIT,0.998137,0.003883,0.001674,0.374970,29.244172,0.013421,0.006693,29.738417,0,0
0,19,17,put the black bowl in the bottom drawer of the cabinet and close it,FULL_HIT,0.998163,0.004449,0.001893,0.425343,30.211141,0.012979,0.020176,30.780459,0,0
0,19,18,put the black bowl in the bottom drawer of the cabinet and close it,FULL_HIT,0.998199,0.003881,0.001709,1.120084,29.526103,0.013298,0.006739,30.766068,0,0
0,19,19,put the black bowl in the bottom drawer of the cabinet and close it,FULL_HIT,0.998259,0.003825,0.002094,0.420064,29.590098,0.013407,0.006197,30.127010,0,0
0,19,20,put the black bowl in the bottom drawer of the cabinet and close it,FULL_HIT,0.998212,0.004213,0.001763,0.386193,29.429755,0.012340,0.006646,29.933780,0,0
0,19,21,put the black bowl in the bottom drawer of the cabinet and close it,FULL_HIT,0.998370,0.004149,0.001753,1.127614,29.495063,0.012996,0.006681,30.743134,0,0
0,19,22,put the black bowl in the bottom drawer of the cabinet and close it,FULL_HIT,0.998458,0.003688,0.001918,0.390585,29.365573,0.013472,0.006360,29.873934,0,0
0,19,23,put the black bowl in the bottom drawer of the cabinet and close it,FULL_HIT,0.998506,0.004364,0.001759,0.403378,29.282414,0.012296,0.007280,29.810497,0,0
0,19,24,put the black bowl in the bottom drawer of the cabinet and close it,FULL_HIT,0.998480,0.004112,0.001786,1.324642,29.346815,0.012978,0.006503,30.796565,0,0
0,19,25,put the black bowl in the bottom drawer of the cabinet and close it,FULL_HIT,0.998536,0.004105,0.001710,0.400511,29.061596,0.012224,0.006806,29.579081,0,0
0,19,26,put the black bowl in the bottom drawer of the cabinet and close it,FULL_HIT,0.998555,0.003872,0.001739,0.397337,29.146989,0.013016,0.006146,29.660249,0,0
0,19,27,put the black bowl in the bottom drawer of the cabinet and close it,FULL_HIT,0.998488,0.003901,0.001619,1.139010,29.272026,0.012173,0.006624,30.531768,0,0
0,19,28,put the black bowl in the bottom drawer of the cabinet and close it,FULL_HIT,0.998415,0.003977,0.001762,0.375470,29.067628,0.012910,0.006747,29.570692,0,0
0,19,29,put the black bowl in the bottom drawer of the cabinet and close it,FULL_HIT,0.998143,0.003958,0.001655,0.392296,29.198372,0.013004,0.007038,29.710900,0,0
0,19,30,put the black bowl in the bottom drawer of the cabinet and close it,FULL_HIT,0.998094,0.003972,0.001611,1.117635,29.061494,0.012354,0.006770,30.299139,0,0
0,19,31,put the black bowl in the bottom drawer of the cabinet and close it,FULL_HIT,0.997989,0.004059,0.001646,0.382296,29.247828,0.013818,0.019237,29.762867,0,0
0,19,32,put the black bowl in the bottom drawer of the cabinet and close it,FULL_HIT,0.997971,0.003731,0.001624,0.397245,29.388217,0.012555,0.006587,29.906394,0,0
0,19,33,put the black bowl in the bottom drawer of the cabinet and close it,FULL_HIT,0.998371,0.003714,0.001732,1.079000,30.130204,0.012884,0.006496,31.374045,0,0
0,19,34,put the black bowl in the bottom drawer of the cabinet and close it,FULL_HIT,0.998528,0.004057,0.001820,0.400574,30.763506,0.013053,0.006765,31.297082,0,0
0,19,35,put the black bowl in the bottom drawer of the cabinet and close it,FULL_HIT,0.998543,0.004323,0.001791,0.391392,33.692792,0.013298,0.006272,34.213057,0,0
0,19,36,put the black bowl in the bottom drawer of the cabinet and close it,FULL_HIT,0.998293,0.003950,0.001685,1.275592,29.999706,0.012530,0.007050,31.395918,0,0
0,19,37,put the black bowl in the bottom drawer of the cabinet and close it,FULL_HIT,0.998561,0.003893,0.001743,0.387865,29.580740,0.013507,0.006392,30.087621,0,0
0,19,38,put the black bowl in the bottom drawer of the cabinet and close it,FULL_HIT,0.998577,0.003827,0.001687,0.412167,29.550581,0.012724,0.006737,30.082882,0,0
0,19,39,put the black bowl in the bottom drawer of the cabinet and close it,FULL_HIT,0.998606,0.003686,0.001513,1.124220,29.455931,0.012380,0.006459,30.707627,0,0
0,19,40,put the black bowl in the bottom drawer of the cabinet and close it,FULL_HIT,0.998437,0.003649,0.001864,0.386856,29.445223,0.013148,0.007137,29.950998,0,0
0,19,41,put the black bowl in the bottom drawer of the cabinet and close it,FULL_HIT,0.998361,0.003986,0.001666,0.393454,29.737948,0.012929,0.007510,30.261446,0,0
0,19,42,put the black bowl in the bottom drawer of the cabinet and close it,FULL_HIT,0.998343,0.003484,0.001591,1.209076,30.242300,0.012726,0.006557,31.573388,0,0
0,19,43,put the black bowl in the bottom drawer of the cabinet and close it,FULL_HIT,0.998457,0.003847,0.001758,0.402070,30.001824,0.012599,0.007020,30.540919,0,0
0,19,44,put the black bowl in the bottom drawer of the cabinet and close it,FULL_HIT,0.998477,0.004098,0.001959,0.409203,31.350143,0.012905,0.006402,31.881594,0,0
0,19,45,put the black bowl in the bottom drawer of the cabinet and close it,FULL_HIT,0.998464,0.004493,0.002014,1.154442,30.382257,0.013446,0.006491,31.672912,0,0
0,19,46,put the black bowl in the bottom drawer of the cabinet and close it,FULL_HIT,0.998484,0.003935,0.001644,0.396365,29.308991,0.013746,0.006171,29.824448,0,0
0,19,47,put the black bowl in the bottom drawer of the cabinet and close it,FULL_HIT,0.998498,0.004046,0.001821,0.445101,29.464361,0.012345,0.006809,30.032850,0,0
0,19,48,put the black bowl in the bottom drawer of the cabinet and close it,FULL_HIT,0.998503,0.003857,0.001742,1.168407,30.635653,0.012955,0.006619,31.925807,0,0
0,19,49,put the black bowl in the bottom drawer of the cabinet and close it,FULL_HIT,0.998509,0.004720,0.001907,0.440216,34.703648,0.013357,0.005939,35.267798,0,0
0,19,50,put the black bowl in the bottom drawer of the cabinet and close it,FULL_HIT,0.998513,0.003734,0.001647,0.485746,30.785339,0.028074,0.006740,31.407822,0,0
0,19,51,put the black bowl in the bottom drawer of the cabinet and close it,FULL_HIT,0.998513,0.003837,0.001490,1.259396,30.728049,0.012521,0.007280,32.108166,0,0
0,19,52,put the black bowl in the bottom drawer of the cabinet and close it,FULL_HIT,0.998513,0.003904,0.001734,0.460082,31.790555,0.013048,0.006573,32.374322,0,0
0,19,53,put the black bowl in the bottom drawer of the cabinet and close it,FULL_HIT,0.998514,0.003929,0.001746,0.463178,29.644143,0.013050,0.006317,30.232397,0,0
0,19,54,put the black bowl in the bottom drawer of the cabinet and close it,FULL_HIT,0.998515,0.003467,0.002243,1.148877,29.734610,0.013049,0.006859,31.004582,0,0
0,20,0,put the white mug on the left plate and put the yellow and white mug on the right plate,FULL_HIT,0.998868,0.003844,0.001770,0.401867,155.227074,0.012302,0.009469,155.766945,0,0
0,20,1,put the white mug on the left plate and put the yellow and white mug on the right plate,FULL_HIT,0.998824,0.004449,0.001968,0.452600,27.618824,0.013679,0.006862,28.195638,0,0
0,20,2,put the white mug on the left plate and put the yellow and white mug on the right plate,FULL_HIT,0.998850,0.004275,0.001807,0.416486,27.590519,0.013081,0.006331,28.128706,0,0
0,20,3,put the white mug on the left plate and put the yellow and white mug on the right plate,FULL_HIT,0.998819,0.004152,0.002415,1.069589,26.960494,0.011903,0.006499,28.143374,0,0
0,20,4,put the white mug on the left plate and put the yellow and white mug on the right plate,FULL_HIT,0.998809,0.004606,0.001713,0.423481,26.918327,0.011181,0.005844,27.453290,0,0
0,20,5,put the white mug on the left plate and put the yellow and white mug on the right plate,FULL_HIT,0.998808,0.004121,0.001798,0.421153,27.286257,0.014168,0.006895,27.828458,0,0
0,20,6,put the white mug on the left plate and put the yellow and white mug on the right plate,FULL_HIT,0.998767,0.004143,0.001757,1.078930,26.933743,0.011538,0.005881,28.124462,0,0
0,20,7,put the white mug on the left plate and put the yellow and white mug on the right plate,FULL_HIT,0.998764,0.003847,0.001760,0.446878,26.868836,0.011370,0.005502,27.444840,0,0
0,20,8,put the white mug on the left plate and put the yellow and white mug on the right plate,FULL_HIT,0.998748,0.003746,0.001829,0.405067,26.755943,0.011682,0.005934,27.278210,0,0
0,20,9,put the white mug on the left plate and put the yellow and white mug on the right plate,FULL_HIT,0.997800,0.003982,0.001687,1.087256,26.574043,0.010535,0.012826,27.778420,0,0
0,20,10,put the white mug on the left plate and put the yellow and white mug on the right plate,FULL_HIT,0.998004,0.003761,0.001567,0.401061,26.467120,0.010785,0.014363,26.985568,0,0
0,20,11,put the white mug on the left plate and put the yellow and white mug on the right plate,FULL_HIT,0.998157,0.004068,0.001675,0.422295,26.813031,0.010736,0.005712,27.345131,0,0
0,20,12,put the white mug on the left plate and put the yellow and white mug on the right plate,FULL_HIT,0.998151,0.004302,0.001988,1.148970,29.480618,0.012316,0.005490,30.746274,0,0
0,20,13,put the white mug on the left plate and put the yellow and white mug on the right plate,FULL_HIT,0.998226,0.004054,0.001768,0.414985,27.704785,0.011786,0.006089,28.229369,0,0
0,20,14,put the white mug on the left plate and put the yellow and white mug on the right plate,FULL_HIT,0.998162,0.004010,0.001755,0.416240,27.655798,0.011067,0.006214,28.178004,0,0
0,20,15,put the white mug on the left plate and put the yellow and white mug on the right plate,FULL_HIT,0.998299,0.003926,0.001877,1.081127,27.267128,0.010946,0.006462,28.458691,0,0
0,20,16,put the white mug on the left plate and put the yellow and white mug on the right plate,FULL_HIT,0.998187,0.003805,0.001857,0.420977,27.448396,0.013643,0.007192,27.989704,0,0
0,20,17,put the white mug on the left plate and put the yellow and white mug on the right plate,FULL_HIT,0.998151,0.004215,0.001947,0.402342,26.737603,0.012461,0.006539,27.256651,0,0
0,20,18,put the white mug on the left plate and put the yellow and white mug on the right plate,FULL_HIT,0.998306,0.003859,0.001720,1.074230,26.728002,0.012781,0.016560,27.929800,0,0
0,20,19,put the white mug on the left plate and put the yellow and white mug on the right plate,FULL_HIT,0.998286,0.003866,0.001750,0.397130,27.316652,0.011807,0.009087,27.834524,0,0
0,20,20,put the white mug on the left plate and put the yellow and white mug on the right plate,FULL_HIT,0.998354,0.003896,0.001843,0.449966,27.225581,0.010237,0.014882,27.794278,0,0
0,20,21,put the white mug on the left plate and put the yellow and white mug on the right plate,FULL_HIT,0.998268,0.004061,0.001672,1.048991,27.638301,0.010635,0.005655,28.797526,0,0
0,20,22,put the white mug on the left plate and put the yellow and white mug on the right plate,FULL_HIT,0.998234,0.003788,0.001841,0.462186,28.612949,0.010789,0.015383,29.202219,0,0
0,20,23,put the white mug on the left plate and put the yellow and white mug on the right plate,FULL_HIT,0.997938,0.004092,0.002048,0.446921,28.666530,0.011749,0.007795,29.259515,0,0
0,20,24,put the white mug on the left plate and put the yellow and white mug on the right plate,FULL_HIT,0.998237,0.003764,0.001708,1.145393,27.491607,0.010736,0.005597,28.746835,0,0
0,20,25,put the white mug on the left plate and put the yellow and white mug on the right plate,FULL_HIT,0.998204,0.003911,0.001767,0.404150,26.741916,0.011728,0.014303,27.266626,0,0
0,20,26,put the white mug on the left plate and put the yellow and white mug on the right plate,FULL_HIT,0.998152,0.004032,0.001685,0.410957,26.721886,0.011296,0.005249,27.241758,0,0
0,20,27,put the white mug on the left plate and put the yellow and white mug on the right plate,FULL_HIT,0.998023,0.003890,0.001742,1.099142,26.856047,0.011280,0.005449,28.066181,0,0
0,20,28,put the white mug on the left plate and put the yellow and white mug on the right plate,FULL_HIT,0.998289,0.003732,0.001685,0.415206,26.464315,0.011664,0.005478,26.990780,0,0
0,20,29,put the white mug on the left plate and put the yellow and white mug on the right plate,FULL_HIT,0.998377,0.003885,0.002234,0.398510,26.518885,0.012363,0.006227,27.030917,0,0
0,20,30,put the white mug on the left plate and put the yellow and white mug on the right plate,FULL_HIT,0.998624,0.004052,0.001652,1.116085,26.770602,0.013042,0.007273,28.004853,0,0
0,20,31,put the white mug on the left plate and put the yellow and white mug on the right plate,FULL_HIT,0.998587,0.004858,0.002146,0.406341,27.003807,0.012889,0.006942,27.542103,0,0
0,20,32,put the white mug on the left plate and put the yellow and white mug on the right plate,FULL_HIT,0.998571,0.004747,0.002123,0.417932,27.110777,0.012542,0.017169,27.673283,0,0
0,20,33,put the white mug on the left plate and put the yellow and white mug on the right plate,FULL_HIT,0.998471,0.004393,0.002249,1.112665,27.209213,0.011917,0.006734,28.450707,0,0
0,20,34,put the white mug on the left plate and put the yellow and white mug on the right plate,FULL_HIT,0.998183,0.003849,0.001681,0.401691,27.074847,0.012978,0.006676,27.595049,0,0
0,20,35,put the white mug on the left plate and put the yellow and white mug on the right plate,FULL_HIT,0.998070,0.004169,0.001883,0.404646,26.845663,0.013704,0.006790,27.373080,0,0
0,20,36,put the white mug on the left plate and put the yellow and white mug on the right plate,FULL_HIT,0.997907,0.004319,0.002201,1.080969,26.989369,0.013665,0.006873,28.207702,0,0
0,20,37,put the white mug on the left plate and put the yellow and white mug on the right plate,FULL_HIT,0.997648,0.004429,0.001770,0.443007,27.102997,0.013555,0.006354,27.670313,0,0
0,20,38,put the white mug on the left plate and put the yellow and white mug on the right plate,FULL_HIT,0.997753,0.004857,0.002363,0.407587,28.110508,0.013182,0.006512,28.657305,0,0
0,20,39,put the white mug on the left plate and put the yellow and white mug on the right plate,FULL_HIT,0.998336,0.004571,0.001889,1.265514,29.346674,0.013056,0.006801,30.737668,0,0
0,20,40,put the white mug on the left plate and put the yellow and white mug on the right plate,FULL_HIT,0.998552,0.004157,0.001611,0.444773,29.039058,0.012495,0.006414,29.608592,0,0
0,20,41,put the white mug on the left plate and put the yellow and white mug on the right plate,FULL_HIT,0.998540,0.004164,0.002265,0.439025,28.713191,0.012695,0.015307,29.283783,0,0
0,20,42,put the white mug on the left plate and put the yellow and white mug on the right plate,FULL_HIT,0.998504,0.004091,0.001897,1.095633,27.855368,0.013285,0.015218,29.082641,0,0
0,20,43,put the white mug on the left plate and put the yellow and white mug on the right plate,FULL_HIT,0.998391,0.004280,0.001764,0.392784,26.911670,0.013116,0.021589,27.438162,0,0
0,20,44,put the white mug on the left plate and put the yellow and white mug on the right plate,FULL_HIT,0.998275,0.004018,0.001609,0.396588,26.955397,0.012910,0.015789,27.477788,0,0
0,20,45,put the white mug on the left plate and put the yellow and white mug on the right plate,FULL_HIT,0.998185,0.004313,0.002084,1.066343,28.600109,0.014941,0.007086,29.798662,0,0
0,21,0,put the white mug on the left plate and put the yellow and white mug on the right plate,FULL_HIT,0.998870,0.003626,0.001791,0.395223,27.504531,0.014121,0.007075,28.020281,0,0
0,21,1,put the white mug on the left plate and put the yellow and white mug on the right plate,FULL_HIT,0.998853,0.003628,0.001697,0.423432,26.990920,0.013031,0.006550,27.531035,0,0
0,21,2,put the white mug on the left plate and put the yellow and white mug on the right plate,FULL_HIT,0.998827,0.003919,0.001874,0.402871,26.608888,0.012349,0.006692,27.128122,0,0
0,21,3,put the white mug on the left plate and put the yellow and white mug on the right plate,FULL_HIT,0.998827,0.004562,0.001721,1.147679,26.676520,0.013286,0.006812,27.944219,0,0
0,21,4,put the white mug on the left plate and put the yellow and white mug on the right plate,FULL_HIT,0.998827,0.003673,0.001628,0.422744,26.671474,0.012368,0.006412,27.209627,0,0
0,21,5,put the white mug on the left plate and put the yellow and white mug on the right plate,FULL_HIT,0.998807,0.003748,0.001612,0.393899,26.589125,0.013009,0.006462,27.099589,0,0
0,21,6,put the white mug on the left plate and put the yellow and white mug on the right plate,FULL_HIT,0.998782,0.003964,0.001714,1.180292,26.656500,0.012571,0.006792,27.957761,0,0
0,21,7,put the white mug on the left plate and put the yellow and white mug on the right plate,FULL_HIT,0.998776,0.003819,0.001718,0.490163,28.539733,0.012705,0.009114,29.155362,0,0
0,21,8,put the white mug on the left plate and put the yellow and white mug on the right plate,FULL_HIT,0.998782,0.003916,0.001525,0.425141,27.471865,0.012933,0.007392,28.012000,0,0
0,21,9,put the white mug on the left plate and put the yellow and white mug on the right plate,FULL_HIT,0.998268,0.003873,0.002289,1.193697,26.955295,0.013955,0.006566,28.267467,0,0
0,21,10,put the white mug on the left plate and put the yellow and white mug on the right plate,FULL_HIT,0.998407,0.003845,0.001661,0.395606,26.714457,0.013826,0.006648,27.224433,0,0
0,21,11,put the white mug on the left plate and put the yellow and white mug on the right plate,FULL_HIT,0.998375,0.004206,0.001735,0.394546,26.529308,0.012919,0.006909,27.040972,0,0
0,21,12,put the white mug on the left plate and put the yellow and white mug on the right plate,FULL_HIT,0.998364,0.003859,0.001672,1.134587,26.512176,0.013149,0.006576,27.766840,0,0
0,21,13,put the white mug on the left plate and put the yellow and white mug on the right plate,FULL_HIT,0.998413,0.004005,0.001746,0.395927,26.553515,0.012886,0.006978,27.076102,0,0
0,21,14,put the white mug on the left plate and put the yellow and white mug on the right plate,FULL_HIT,0.998411,0.003638,0.001962,0.394578,26.461626,0.012923,0.007124,26.971879,0,0
0,21,15,put the white mug on the left plate and put the yellow and white mug on the right plate,FULL_HIT,0.998318,0.004266,0.001915,1.168002,28.993128,0.013434,0.007028,30.281672,0,0
0,21,16,put the white mug on the left plate and put the yellow and white mug on the right plate,FULL_HIT,0.998294,0.003955,0.001753,0.399008,29.006938,0.012929,0.006907,29.526397,0,0
0,21,17,put the white mug on the left plate and put the yellow and white mug on the right plate,FULL_HIT,0.998292,0.004055,0.001694,0.411219,28.964268,0.012411,0.006931,29.492635,0,0
0,21,18,put the white mug on the left plate and put the yellow and white mug on the right plate,FULL_HIT,0.998282,0.004011,0.001977,1.169280,28.939115,0.012947,0.006289,30.227539,0,0
0,21,19,put the white mug on the left plate and put the yellow and white mug on the right plate,FULL_HIT,0.998231,0.003977,0.001795,0.408817,28.936677,0.013030,0.006831,29.463011,0,0
0,21,20,put the white mug on the left plate and put the yellow and white mug on the right plate,FULL_HIT,0.998343,0.004014,0.001721,0.425942,29.363272,0.013436,0.007325,29.910833,0,0
0,21,21,put the white mug on the left plate and put the yellow and white mug on the right plate,FULL_HIT,0.998281,0.003926,0.001817,1.175748,29.364825,0.012953,0.007414,30.662491,0,0
0,21,22,put the white mug on the left plate and put the yellow and white mug on the right plate,FULL_HIT,0.998486,0.003919,0.001874,0.406139,28.444024,0.012789,0.005974,28.965894,0,0
0,21,23,put the white mug on the left plate and put the yellow and white mug on the right plate,FULL_HIT,0.998555,0.004389,0.001617,0.424138,27.444227,0.011932,0.006899,27.982803,0,0
0,21,24,put the white mug on the left plate and put the yellow and white mug on the right plate,FULL_HIT,0.998579,0.004334,0.001789,1.310873,30.400728,0.012769,0.006984,31.865383,0,0
0,21,25,put the white mug on the left plate and put the yellow and white mug on the right plate,FULL_HIT,0.998601,0.003741,0.001703,0.460576,34.991430,0.016577,0.008287,35.592628,0,0
0,21,26,put the white mug on the left plate and put the yellow and white mug on the right plate,FULL_HIT,0.998655,0.004165,0.001901,0.544043,36.995286,0.012628,0.006381,37.659919,0,0
0,21,27,put the white mug on the left plate and put the yellow and white mug on the right plate,FULL_HIT,0.998696,0.004780,0.001824,1.843691,32.266602,0.012589,0.006662,34.241632,0,0
0,21,28,put the white mug on the left plate and put the yellow and white mug on the right plate,FULL_HIT,0.998670,0.003812,0.001783,0.450350,28.318934,0.011535,0.006318,28.880822,0,0
0,21,29,put the white mug on the left plate and put the yellow and white mug on the right plate,FULL_HIT,0.998669,0.003633,0.001593,0.422929,28.111502,0.012946,0.005784,28.648510,0,0
0,21,30,put the white mug on the left plate and put the yellow and white mug on the right plate,FULL_HIT,0.998643,0.003930,0.001645,1.170925,28.130665,0.012763,0.005610,29.417573,0,0
0,21,31,put the white mug on the left plate and put the yellow and white mug on the right plate,FULL_HIT,0.998627,0.004085,0.001734,0.382167,28.391894,0.010091,0.016151,28.892672,0,0
0,21,32,put the white mug on the left plate and put the yellow and white mug on the right plate,FULL_HIT,0.998626,0.004524,0.001566,0.389005,26.382248,0.010946,0.014757,26.887682,0,0
0,21,33,put the white mug on the left plate and put the yellow and white mug on the right plate,FULL_HIT,0.998658,0.003932,0.001649,1.209547,26.944759,0.011137,0.005901,28.265979,0,0
0,21,34,put the white mug on the left plate and put the yellow and white mug on the right plate,FULL_HIT,0.998571,0.003812,0.001754,0.384091,26.461777,0.011056,0.005663,26.954077,0,0
0,21,35,put the white mug on the left plate and put the yellow and white mug on the right plate,FULL_HIT,0.998567,0.004105,0.001906,0.392091,28.925781,0.012344,0.006228,29.434034,0,0
0,21,36,put the white mug on the left plate and put the yellow and white mug on the right plate,FULL_HIT,0.998426,0.004090,0.001811,1.199176,27.783574,0.010109,0.006078,29.092743,0,0
0,21,37,put the white mug on the left plate and put the yellow and white mug on the right plate,FULL_HIT,0.998473,0.003709,0.001685,0.413646,26.784700,0.010591,0.005751,27.307516,0,0
0,21,38,put the white mug on the left plate and put the yellow and white mug on the right plate,FULL_HIT,0.998536,0.003859,0.001729,0.405530,27.140259,0.010354,0.005649,27.675705,0,0
0,21,39,put the white mug on the left plate and put the yellow and white mug on the right plate,FULL_HIT,0.998561,0.003850,0.001694,1.212539,27.660156,0.010098,0.005114,28.981603,0,0
0,21,40,put the white mug on the left plate and put the yellow and white mug on the right plate,FULL_HIT,0.998597,0.003911,0.001728,0.387117,28.837471,0.010732,0.005540,29.335504,0,0
0,21,41,put the white mug on the left plate and put the yellow and white mug on the right plate,FULL_HIT,0.998608,0.003754,0.001616,0.396685,28.855145,0.013806,0.019971,29.396937,0,0
0,21,42,put the white mug on the left plate and put the yellow and white mug on the right plate,FULL_HIT,0.998650,0.004057,0.001981,1.206755,29.208223,0.013776,0.006403,30.537694,0,0
0,21,43,put the white mug on the left plate and put the yellow and white mug on the right plate,FULL_HIT,0.998492,0.004066,0.001611,0.427013,27.545967,0.010088,0.005755,28.081598,0,0
0,21,44,put the white mug on the left plate and put the yellow and white mug on the right plate,FULL_HIT,0.998416,0.004015,0.001710,0.409836,27.318195,0.010401,0.005436,27.837626,0,0
0,22,0,put the white mug on the left plate and put the yellow and white mug on the right plate,FULL_HIT,0.998868,0.003942,0.001641,1.126203,27.188828,0.010312,0.005547,28.431669,0,0
0,22,1,put the white mug on the left plate and put the yellow and white mug on the right plate,FULL_HIT,0.998858,0.003789,0.001658,0.412944,27.001416,0.010567,0.005779,27.530203,0,0
0,22,2,put the white mug on the left plate and put the yellow and white mug on the right plate,FULL_HIT,0.998809,0.003850,0.001586,0.403948,26.725846,0.010966,0.005962,27.237637,0,0
0,22,3,put the white mug on the left plate and put the yellow and white mug on the right plate,FULL_HIT,0.998752,0.004110,0.001589,1.104708,27.730905,0.010660,0.006347,28.947431,0,0
0,22,4,put the white mug on the left plate and put the yellow and white mug on the right plate,FULL_HIT,0.998779,0.004048,0.001635,0.421338,26.995882,0.010527,0.006274,27.523858,0,0
0,22,5,put the white mug on the left plate and put the yellow and white mug on the right plate,FULL_HIT,0.998786,0.004013,0.001611,0.417057,27.219281,0.013649,0.020552,27.780825,0,0
0,22,6,put the white mug on the left plate and put the yellow and white mug on the right plate,FULL_HIT,0.998727,0.004106,0.001959,1.149418,26.752330,0.012622,0.006803,28.028875,0,0
0,22,7,put the white mug on the left plate and put the yellow and white mug on the right plate,FULL_HIT,0.998708,0.003711,0.001699,0.393669,26.661506,0.012180,0.006899,27.168163,0,0
0,22,8,put the white mug on the left plate and put the yellow and white mug on the right plate,FULL_HIT,0.998664,0.004110,0.001648,0.388389,26.510427,0.013576,0.006404,27.016611,0,0
0,22,9,put the white mug on the left plate and put the yellow and white mug on the right plate,FULL_HIT,0.998634,0.003761,0.001694,1.104678,26.567336,0.012550,0.006458,27.787980,0,0
0,22,10,put the white mug on the left plate and put the yellow and white mug on the right plate,FULL_HIT,0.998494,0.004000,0.001654,0.400471,26.362755,0.013201,0.006619,26.879370,0,0
0,22,11,put the white mug on the left plate and put the yellow and white mug on the right plate,FULL_HIT,0.998424,0.004104,0.001626,0.389203,26.459669,0.012867,0.019907,26.978917,0,0
0,22,12,put the white mug on the left plate and put the yellow and white mug on the right plate,FULL_HIT,0.998438,0.004079,0.001650,1.112073,26.542535,0.012532,0.007163,27.772476,0,0
0,22,13,put the white mug on the left plate and put the yellow and white mug on the right plate,FULL_HIT,0.998584,0.003740,0.001636,0.401103,26.531697,0.013239,0.006999,27.047781,0,0
0,22,14,put the white mug on the left plate and put the yellow and white mug on the right plate,FULL_HIT,0.998520,0.003970,0.001763,0.394185,26.614577,0.012593,0.006892,27.123590,0,0
0,22,15,put the white mug on the left plate and put the yellow and white mug on the right plate,FULL_HIT,0.998350,0.003659,0.001572,1.170447,26.467262,0.012014,0.006811,27.754267,0,0
0,22,16,put the white mug on the left plate and put the yellow and white mug on the right plate,FULL_HIT,0.998238,0.003688,0.001610,0.403502,26.333623,0.012844,0.014216,26.859952,0,0
0,22,17,put the white mug on the left plate and put the yellow and white mug on the right plate,FULL_HIT,0.998116,0.003917,0.001634,0.403002,26.757472,0.012745,0.006820,27.276402,0,0
0,22,18,put the white mug on the left plate and put the yellow and white mug on the right plate,FULL_HIT,0.998202,0.003794,0.001643,1.239721,26.766091,0.012194,0.006930,28.122897,0,0
0,22,19,put the white mug on the left plate and put the yellow and white mug on the right plate,FULL_HIT,0.998147,0.004110,0.001573,0.412014,26.621496,0.012065,0.007856,27.148435,0,0
0,22,20,put the white mug on the left plate and put the yellow and white mug on the right plate,FULL_HIT,0.998053,0.004137,0.001953,0.409960,27.054673,0.013169,0.007264,27.587109,0,0
0,22,21,put the white mug on the left plate and put the yellow and white mug on the right plate,FULL_HIT,0.998049,0.003730,0.001444,1.447654,27.833023,0.012699,0.020087,29.412620,0,0
0,22,22,put the white mug on the left plate and put the yellow and white mug on the right plate,FULL_HIT,0.998122,0.003669,0.001626,0.389671,26.920471,0.012144,0.006812,27.423232,0,0
0,22,23,put the white mug on the left plate and put the yellow and white mug on the right plate,FULL_HIT,0.998085,0.003724,0.001672,0.400081,26.533931,0.012899,0.006431,27.058685,0,0
0,22,24,put the white mug on the left plate and put the yellow and white mug on the right plate,FULL_HIT,0.998065,0.003995,0.001788,1.216141,29.416484,0.013111,0.007095,30.756100,0,0
0,22,25,put the white mug on the left plate and put the yellow and white mug on the right plate,FULL_HIT,0.997938,0.003723,0.001724,0.433310,28.879031,0.013457,0.020292,29.458109,0,0
0,22,26,put the white mug on the left plate and put the yellow and white mug on the right plate,FULL_HIT,0.997661,0.003847,0.001741,0.433855,28.100690,0.013071,0.006221,28.652543,0,0
0,22,27,put the white mug on the left plate and put the yellow and white mug on the right plate,FULL_HIT,0.997146,0.003936,0.001603,1.230461,29.883784,0.013461,0.006976,31.236685,0,0
0,22,28,put the white mug on the left plate and put the yellow and white mug on the right plate,FULL_HIT,0.997152,0.003809,0.001792,0.491312,29.816904,0.014439,0.006605,30.470380,0,0
0,22,29,put the white mug on the left plate and put the yellow and white mug on the right plate,FULL_HIT,0.996978,0.003871,0.001638,0.449127,27.921160,0.016615,0.006866,28.507041,0,0
0,22,30,put the white mug on the left plate and put the yellow and white mug on the right plate,FULL_HIT,0.997590,0.003501,0.001682,1.257724,27.222408,0.012952,0.006365,28.597859,0,0
0,22,31,put the white mug on the left plate and put the yellow and white mug on the right plate,FULL_HIT,0.997705,0.003924,0.001645,0.402006,26.839395,0.013608,0.018958,27.367661,0,0
0,22,32,put the white mug on the left plate and put the yellow and white mug on the right plate,FULL_HIT,0.997832,0.003650,0.001562,0.402450,26.704305,0.013181,0.006334,27.224363,0,0
0,22,33,put the white mug on the left plate and put the yellow and white mug on the right plate,FULL_HIT,0.997986,0.003940,0.001541,1.151922,26.697589,0.012461,0.006618,27.972846,0,0
0,22,34,put the white mug on the left plate and put the yellow and white mug on the right plate,FULL_HIT,0.998132,0.003808,0.001864,0.404270,28.789509,0.013639,0.006705,29.312850,0,0
0,22,35,put the white mug on the left plate and put the yellow and white mug on the right plate,FULL_HIT,0.998378,0.003843,0.001613,0.397433,26.953372,0.012342,0.006686,27.468219,0,0
0,22,36,put the white mug on the left plate and put the yellow and white mug on the right plate,FULL_HIT,0.998416,0.003787,0.001889,1.226763,27.170000,0.012687,0.006474,28.531252,0,0
0,22,37,put the white mug on the left plate and put the yellow and white mug on the right plate,FULL_HIT,0.998385,0.003763,0.001685,0.405666,26.637844,0.012540,0.006858,27.159356,0,0
0,22,38,put the white mug on the left plate and put the yellow and white mug on the right plate,FULL_HIT,0.998326,0.003889,0.001605,0.408180,26.633571,0.012683,0.006393,27.156573,0,0
0,22,39,put the white mug on the left plate and put the yellow and white mug on the right plate,FULL_HIT,0.998355,0.003787,0.001566,1.181720,26.753781,0.012800,0.006704,28.053847,0,0
0,22,40,put the white mug on the left plate and put the yellow and white mug on the right plate,FULL_HIT,0.998508,0.003549,0.001457,0.420634,26.461722,0.012917,0.006608,26.999072,0,0
0,22,41,put the white mug on the left plate and put the yellow and white mug on the right plate,FULL_HIT,0.998508,0.004101,0.001852,0.406311,29.028879,0.013674,0.006846,29.576906,0,0
0,22,42,put the white mug on the left plate and put the yellow and white mug on the right plate,FULL_HIT,0.998403,0.003889,0.001639,1.264138,27.584192,0.013200,0.006726,28.969939,0,0
0,23,0,put the white mug on the left plate and put the yellow and white mug on the right plate,FULL_HIT,0.998868,0.003887,0.001596,0.468061,29.582194,0.074909,0.010181,30.257655,0,0
0,23,1,put the white mug on the left plate and put the yellow and white mug on the right plate,FULL_HIT,0.998850,0.003751,0.001691,0.476683,29.524428,0.013318,0.012097,30.127970,0,0
0,23,2,put the white mug on the left plate and put the yellow and white mug on the right plate,FULL_HIT,0.998822,0.003882,0.001780,0.450201,35.220023,0.014401,0.015205,35.799656,0,0
0,23,3,put the white mug on the left plate and put the yellow and white mug on the right plate,FULL_HIT,0.998820,0.004316,0.001980,1.923931,37.237865,0.012968,0.007572,39.290956,0,0
0,23,4,put the white mug on the left plate and put the yellow and white mug on the right plate,FULL_HIT,0.998808,0.004353,0.001777,0.585797,30.001692,0.011748,0.015790,30.713126,0,0
0,23,5,put the white mug on the left plate and put the yellow and white mug on the right plate,FULL_HIT,0.998739,0.003965,0.001807,0.396051,26.601438,0.010766,0.005666,27.111040,0,0
0,23,6,put the white mug on the left plate and put the yellow and white mug on the right plate,FULL_HIT,0.998757,0.004155,0.001692,1.107749,26.536082,0.011415,0.005871,27.760343,0,0
0,23,7,put the white mug on the left plate and put the yellow and white mug on the right plate,FULL_HIT,0.998755,0.004289,0.001580,0.382895,26.272777,0.010711,0.005961,26.764426,0,0
0,23,8,put the white mug on the left plate and put the yellow and white mug on the right plate,FULL_HIT,0.998784,0.004287,0.001833,0.406277,28.716593,0.010158,0.005832,29.233497,0,0
0,23,9,put the white mug on the left plate and put the yellow and white mug on the right plate,FULL_HIT,0.998791,0.004596,0.001723,1.220288,28.793307,0.010966,0.005702,30.141379,0,0
0,23,10,put the white mug on the left plate and put the yellow and white mug on the right plate,FULL_HIT,0.998603,0.003923,0.001725,0.413450,26.886655,0.010653,0.005741,27.406261,0,0
0,23,11,put the white mug on the left plate and put the yellow and white mug on the right plate,FULL_HIT,0.998693,0.003694,0.001738,0.400135,27.211717,0.011181,0.005600,27.716756,0,0
0,23,12,put the white mug on the left plate and put the yellow and white mug on the right plate,FULL_HIT,0.998694,0.003783,0.001708,1.216238,27.021616,0.013093,0.007028,28.354354,0,0
0,23,13,put the white mug on the left plate and put the yellow and white mug on the right plate,FULL_HIT,0.998672,0.003920,0.001640,0.420207,26.721859,0.010797,0.005504,27.247955,0,0
0,23,14,put the white mug on the left plate and put the yellow and white mug on the right plate,FULL_HIT,0.998656,0.004069,0.001757,0.407375,28.998847,0.010848,0.005873,29.516040,0,0
0,23,15,put the white mug on the left plate and put the yellow and white mug on the right plate,FULL_HIT,0.998686,0.004051,0.001697,1.205333,26.925811,0.010348,0.005859,28.239257,0,0
0,23,16,put the white mug on the left plate and put the yellow and white mug on the right plate,FULL_HIT,0.998728,0.003899,0.001695,0.408092,26.838219,0.010823,0.006089,27.352278,0,0
0,23,17,put the white mug on the left plate and put the yellow and white mug on the right plate,FULL_HIT,0.998724,0.004457,0.002187,0.458916,26.795896,0.012754,0.006369,27.377413,0,0
0,23,18,put the white mug on the left plate and put the yellow and white mug on the right plate,FULL_HIT,0.998694,0.003957,0.001669,1.363993,27.272134,0.012529,0.006467,28.752892,0,0
0,23,19,put the white mug on the left plate and put the yellow and white mug on the right plate,FULL_HIT,0.998723,0.003547,0.001552,0.415307,27.016006,0.012358,0.006342,27.547154,0,0
0,23,20,put the white mug on the left plate and put the yellow and white mug on the right plate,FULL_HIT,0.998652,0.004034,0.001525,0.406346,26.914386,0.012677,0.006793,27.433439,0,0
0,23,21,put the white mug on the left plate and put the yellow and white mug on the right plate,FULL_HIT,0.998455,0.003992,0.001652,1.222088,26.832377,0.013646,0.006296,28.171398,0,0
0,23,22,put the white mug on the left plate and put the yellow and white mug on the right plate,FULL_HIT,0.997296,0.004030,0.001669,0.394437,26.582967,0.012716,0.006251,27.093006,0,0
0,23,23,put the white mug on the left plate and put the yellow and white mug on the right plate,FULL_HIT,0.998716,0.004413,0.001615,0.395343,26.615152,0.013490,0.006548,27.126635,0,0
0,23,24,put the white mug on the left plate and put the yellow and white mug on the right plate,FULL_HIT,0.998732,0.003727,0.001641,1.266377,27.089745,0.013536,0.007163,28.475144,0,0
0,23,25,put the white mug on the left plate and put the yellow and white mug on the right plate,FULL_HIT,0.998738,0.003887,0.001752,0.398318,26.879568,0.012804,0.006255,27.395056,0,0
0,23,26,put the white mug on the left plate and put the yellow and white mug on the right plate,FULL_HIT,0.998731,0.003805,0.001657,0.402835,26.813739,0.012423,0.007188,27.338862,0,0
0,23,27,put the white mug on the left plate and put the yellow and white mug on the right plate,FULL_HIT,0.998698,0.003852,0.001554,1.138473,26.884361,0.013228,0.006096,28.141415,0,0
0,23,28,put the white mug on the left plate and put the yellow and white mug on the right plate,FULL_HIT,0.998698,0.003723,0.001652,0.386548,26.685909,0.012544,0.006196,27.187138,0,0
0,23,29,put the white mug on the left plate and put the yellow and white mug on the right plate,FULL_HIT,0.998703,0.003771,0.001615,0.433968,27.614752,0.013517,0.007019,28.168753,0,0
0,23,30,put the white mug on the left plate and put the yellow and white mug on the right plate,FULL_HIT,0.998697,0.003969,0.001633,1.294216,29.441390,0.013832,0.006557,30.878276,0,0
0,23,31,put the white mug on the left plate and put the yellow and white mug on the right plate,FULL_HIT,0.998693,0.003734,0.001629,0.428779,28.009678,0.014319,0.008233,28.595930,0,0
0,23,32,put the white mug on the left plate and put the yellow and white mug on the right plate,FULL_HIT,0.998713,0.003664,0.001589,0.437046,27.401552,0.012473,0.006630,27.959779,0,0
0,23,33,put the white mug on the left plate and put the yellow and white mug on the right plate,FULL_HIT,0.998712,0.003950,0.001563,1.279695,27.420858,0.013128,0.006410,28.820782,0,0
0,23,34,put the white mug on the left plate and put the yellow and white mug on the right plate,FULL_HIT,0.998598,0.003765,0.001526,0.407761,26.503528,0.012922,0.006441,27.027293,0,0
0,23,35,put the white mug on the left plate and put the yellow and white mug on the right plate,FULL_HIT,0.998559,0.003735,0.001527,0.395791,26.441842,0.012987,0.006384,26.952730,0,0
0,23,36,put the white mug on the left plate and put the yellow and white mug on the right plate,FULL_HIT,0.998403,0.004627,0.001594,1.178167,26.898477,0.018415,0.006812,28.204833,0,0
0,23,37,put the white mug on the left plate and put the yellow and white mug on the right plate,FULL_HIT,0.998534,0.003648,0.001580,0.405857,26.680737,0.030188,0.006355,27.220824,0,0
0,23,38,put the white mug on the left plate and put the yellow and white mug on the right plate,FULL_HIT,0.998563,0.003759,0.001792,0.417275,26.591738,0.013581,0.006787,27.123270,0,0
0,23,39,put the white mug on the left plate and put the yellow and white mug on the right plate,FULL_HIT,0.998587,0.003640,0.001520,1.183486,26.611880,0.012790,0.007289,27.926180,0,0
0,23,40,put the white mug on the left plate and put the yellow and white mug on the right plate,FULL_HIT,0.998617,0.003708,0.001653,0.402601,26.686441,0.014563,0.007168,27.212992,0,0
0,23,41,put the white mug on the left plate and put the yellow and white mug on the right plate,FULL_HIT,0.998623,0.003691,0.001598,0.395401,27.560753,0.012705,0.006757,28.071850,0,0
0,23,42,put the white mug on the left plate and put the yellow and white mug on the right plate,FULL_HIT,0.998592,0.003871,0.001497,1.470292,27.451945,0.012723,0.006825,29.039716,0,0
0,23,43,put the white mug on the left plate and put the yellow and white mug on the right plate,FULL_HIT,0.998564,0.003953,0.001661,0.413111,26.487867,0.012558,0.006586,27.016069,0,0
0,24,0,put the white mug on the left plate and put the yellow and white mug on the right plate,FULL_HIT,0.998869,0.003893,0.001644,1.203470,26.729903,0.013194,0.006298,28.052091,0,0
0,24,1,put the white mug on the left plate and put the yellow and white mug on the right plate,FULL_HIT,0.998859,0.003867,0.001846,0.403756,27.052130,0.013434,0.021344,27.588799,0,0
0,24,2,put the white mug on the left plate and put the yellow and white mug on the right plate,FULL_HIT,0.998855,0.003637,0.001688,0.407942,27.237317,0.012294,0.006563,27.760791,0,0
0,24,3,put the white mug on the left plate and put the yellow and white mug on the right plate,FULL_HIT,0.998846,0.004632,0.001676,1.198601,28.571079,0.013151,0.006919,29.940098,0,0
0,24,4,put the white mug on the left plate and put the yellow and white mug on the right plate,FULL_HIT,0.998832,0.003903,0.001772,0.442327,28.728024,0.012527,0.006414,29.298660,0,0
0,24,5,put the white mug on the left plate and put the yellow and white mug on the right plate,FULL_HIT,0.998828,0.004080,0.001752,0.470819,28.186276,0.013766,0.019505,28.798571,0,0
0,24,6,put the white mug on the left plate and put the yellow and white mug on the right plate,FULL_HIT,0.998818,0.004417,0.001663,1.261392,27.016535,0.012223,0.006533,28.397524,0,0
0,24,7,put the white mug on the left plate and put the yellow and white mug on the right plate,FULL_HIT,0.998822,0.004260,0.001919,0.401709,26.607101,0.012079,0.019451,27.135993,0,0
0,24,8,put the white mug on the left plate and put the yellow and white mug on the right plate,FULL_HIT,0.998825,0.004171,0.001783,0.412036,28.885939,0.013702,0.019682,29.431118,0,0
0,24,9,put the white mug on the left plate and put the yellow and white mug on the right plate,FULL_HIT,0.998802,0.004277,0.001783,1.233684,29.225140,0.012404,0.006389,30.577261,0,0
0,24,10,put the white mug on the left plate and put the yellow and white mug on the right plate,FULL_HIT,0.998804,0.003751,0.001641,0.427064,35.683540,0.013723,0.006971,36.229491,0,0
0,24,11,put the white mug on the left plate and put the yellow and white mug on the right plate,FULL_HIT,0.998263,0.003908,0.001668,0.425399,29.264163,0.012694,0.007585,29.808042,0,0
0,24,12,put the white mug on the left plate and put the yellow and white mug on the right plate,FULL_HIT,0.998313,0.003871,0.001807,1.253483,28.811716,0.013608,0.006750,30.183861,0,0
0,24,13,put the white mug on the left plate and put the yellow and white mug on the right plate,FULL_HIT,0.998414,0.003845,0.001591,0.418917,27.100580,0.013513,0.006897,27.631839,0,0
0,24,14,put the white mug on the left plate and put the yellow and white mug on the right plate,FULL_HIT,0.998429,0.004411,0.001781,0.403066,29.205201,0.013431,0.006748,29.728220,0,0
0,24,15,put the white mug on the left plate and put the yellow and white mug on the right plate,FULL_HIT,0.998360,0.003911,0.001631,1.278602,29.480967,0.012603,0.006594,30.878752,0,0
0,24,16,put the white mug on the left plate and put the yellow and white mug on the right plate,FULL_HIT,0.998418,0.003794,0.001852,0.424415,30.034657,0.013540,0.006682,30.578891,0,0
0,24,17,put the white mug on the left plate and put the yellow and white mug on the right plate,FULL_HIT,0.998451,0.003822,0.001576,0.408398,27.074986,0.012574,0.006368,27.595966,0,0
0,24,18,put the white mug on the left plate and put the yellow and white mug on the right plate,FULL_HIT,0.998425,0.004051,0.001595,1.187146,26.949883,0.012718,0.007029,28.254529,0,0
0,24,19,put the white mug on the left plate and put the yellow and white mug on the right plate,FULL_HIT,0.998224,0.003830,0.001663,0.413517,26.622558,0.012741,0.006700,27.150865,0,0
0,24,20,put the white mug on the left plate and put the yellow and white mug on the right plate,FULL_HIT,0.997760,0.004220,0.001704,0.438188,57.165227,0.012017,0.016272,57.727219,0,0
0,24,21,put the white mug on the left plate and put the yellow and white mug on the right plate,FULL_HIT,0.997987,0.004662,0.002022,12.381189,62.491008,0.011081,0.006218,74.996672,0,0
0,24,22,put the white mug on the left plate and put the yellow and white mug on the right plate,FULL_HIT,0.998511,0.004464,0.002035,8.033389,52.587559,0.010311,0.006017,60.740582,0,0
0,24,23,put the white mug on the left plate and put the yellow and white mug on the right plate,FULL_HIT,0.998549,0.004389,0.001869,9.329966,54.517439,0.011878,0.006930,63.980499,0,0
0,24,24,put the white mug on the left plate and put the yellow and white mug on the right plate,FULL_HIT,0.998509,0.004276,0.001733,8.755415,57.278261,0.010793,0.014376,66.164871,0,0
0,24,25,put the white mug on the left plate and put the yellow and white mug on the right plate,FULL_HIT,0.998514,0.003719,0.001783,6.769198,49.802822,0.010154,0.005520,56.682909,0,0
0,24,26,put the white mug on the left plate and put the yellow and white mug on the right plate,FULL_HIT,0.998511,0.003933,0.001813,6.911969,53.398901,0.010788,0.006249,60.429269,0,0
0,24,27,put the white mug on the left plate and put the yellow and white mug on the right plate,FULL_HIT,0.998562,0.004789,0.002136,9.332022,51.801395,0.009859,0.006183,61.260044,0,0
0,24,28,put the white mug on the left plate and put the yellow and white mug on the right plate,FULL_HIT,0.998631,0.003731,0.002003,6.908760,54.691854,0.011400,0.006053,61.717985,0,0
0,24,29,put the white mug on the left plate and put the yellow and white mug on the right plate,FULL_HIT,0.998669,0.004241,0.001881,7.148978,55.030055,0.011439,0.006600,62.295646,0,0
0,24,30,put the white mug on the left plate and put the yellow and white mug on the right plate,FULL_HIT,0.998654,0.004192,0.001698,7.873397,51.476683,0.010795,0.006029,59.466874,0,0
0,24,31,put the white mug on the left plate and put the yellow and white mug on the right plate,FULL_HIT,0.998622,0.004109,0.001947,8.527106,52.315515,0.013278,0.006015,60.969023,0,0
0,24,32,put the white mug on the left plate and put the yellow and white mug on the right plate,FULL_HIT,0.998640,0.003833,0.001632,7.207857,50.881649,0.013056,0.006635,58.213872,0,0
0,24,33,put the white mug on the left plate and put the yellow and white mug on the right plate,FULL_HIT,0.998650,0.006427,0.002734,8.955597,54.712939,0.011997,0.006237,63.814017,0,0
0,24,34,put the white mug on the left plate and put the yellow and white mug on the right plate,FULL_HIT,0.997901,0.007845,0.002971,9.668967,55.380872,0.012504,0.006723,65.231739,0,0
0,24,35,put the white mug on the left plate and put the yellow and white mug on the right plate,FULL_HIT,0.997870,0.005087,0.002351,7.131120,50.867851,0.013200,0.006979,58.157892,0,0
0,24,36,put the white mug on the left plate and put the yellow and white mug on the right plate,FULL_HIT,0.998590,0.005475,0.002762,8.078155,47.203630,0.013178,0.007379,55.438808,0,0
0,24,37,put the white mug on the left plate and put the yellow and white mug on the right plate,FULL_HIT,0.998608,0.003731,0.001725,0.398150,26.138614,0.013523,0.006569,26.655084,0,0
0,24,38,put the white mug on the left plate and put the yellow and white mug on the right plate,FULL_HIT,0.998623,0.004099,0.001793,0.384983,28.125870,0.013481,0.007781,28.646044,0,0
0,24,39,put the white mug on the left plate and put the yellow and white mug on the right plate,FULL_HIT,0.998598,0.004097,0.001701,1.148254,28.591918,0.015094,0.007695,29.871384,0,0
0,24,40,put the white mug on the left plate and put the yellow and white mug on the right plate,FULL_HIT,0.998648,0.004414,0.001631,0.385057,26.550430,0.013561,0.007225,27.061258,0,0
0,24,41,put the white mug on the left plate and put the yellow and white mug on the right plate,FULL_HIT,0.998675,0.003888,0.001726,0.419597,26.496278,0.013620,0.006950,27.036045,0,0
0,25,0,pick up the book and place it in the back compartment of the caddy,FULL_HIT,0.998871,0.003828,0.001777,1.066608,26.688819,0.013396,0.006830,27.877787,0,0
0,25,1,pick up the book and place it in the back compartment of the caddy,FULL_HIT,0.998839,0.004272,0.001863,0.414992,29.308014,0.013866,0.013547,29.857356,0,0
0,25,2,pick up the book and place it in the back compartment of the caddy,FULL_HIT,0.998701,0.004228,0.001972,0.430425,29.299685,0.013384,0.007839,29.879943,0,0
0,25,3,pick up the book and place it in the back compartment of the caddy,FULL_HIT,0.998675,0.004188,0.002022,1.193650,29.608074,0.013591,0.007537,30.934480,0,0
0,25,4,pick up the book and place it in the back compartment of the caddy,FULL_HIT,0.998666,0.003964,0.001837,0.421441,29.299166,0.013202,0.007419,29.845583,0,0
0,25,5,pick up the book and place it in the back compartment of the caddy,FULL_HIT,0.998682,0.004300,0.001842,0.434719,30.320332,0.013915,0.006845,30.881262,0,0
0,25,6,pick up the book and place it in the back compartment of the caddy,FULL_HIT,0.998687,0.004178,0.002152,1.217290,29.951814,0.013433,0.007017,31.297570,0,0
0,25,7,pick up the book and place it in the back compartment of the caddy,FULL_HIT,0.998700,0.004218,0.001835,0.430954,38.658097,0.013860,0.007242,39.213765,0,0
0,25,8,pick up the book and place it in the back compartment of the caddy,FULL_HIT,0.998681,0.003987,0.001764,0.437849,30.130838,0.012924,0.006692,30.692580,0,0
0,25,9,pick up the book and place it in the back compartment of the caddy,FULL_HIT,0.998727,0.004222,0.001829,1.220634,30.479582,0.012896,0.007813,31.825342,0,0
0,25,10,pick up the book and place it in the back compartment of the caddy,FULL_HIT,0.998746,0.004163,0.001804,0.433804,29.828820,0.023861,0.011823,30.410200,0,0
0,25,11,pick up the book and place it in the back compartment of the caddy,FULL_HIT,0.998728,0.004212,0.001923,0.432697,29.882849,0.013670,0.007254,30.441187,0,0
0,25,12,pick up the book and place it in the back compartment of the caddy,FULL_HIT,0.998097,0.004248,0.001878,1.179645,29.344741,0.013832,0.007622,30.651959,0,0
0,25,13,pick up the book and place it in the back compartment of the caddy,FULL_HIT,0.998736,0.004111,0.001932,0.426716,29.379694,0.013308,0.007101,29.930042,0,0
0,25,14,pick up the book and place it in the back compartment of the caddy,FULL_HIT,0.998728,0.004389,0.001739,0.417929,29.366881,0.012961,0.006558,29.912569,0,0
0,25,15,pick up the book and place it in the back compartment of the caddy,FULL_HIT,0.998685,0.004141,0.001989,1.186814,29.115909,0.020003,0.007190,30.435586,0,0
0,25,16,pick up the book and place it in the back compartment of the caddy,FULL_HIT,0.998651,0.004211,0.001862,0.420845,29.225697,0.013567,0.026462,29.791393,0,0
0,25,17,pick up the book and place it in the back compartment of the caddy,FULL_HIT,0.998606,0.004475,0.001812,0.519154,32.204285,0.013692,0.006418,32.850769,0,0
0,25,18,pick up the book and place it in the back compartment of the caddy,FULL_HIT,0.998588,0.004109,0.001826,1.279970,30.937045,0.014694,0.006767,32.371114,0,0
0,25,19,pick up the book and place it in the back compartment of the caddy,FULL_HIT,0.998525,0.004128,0.001974,0.455141,31.523366,0.012903,0.020679,32.134214,0,0
0,25,20,pick up the book and place it in the back compartment of the caddy,FULL_HIT,0.998477,0.004210,0.001884,0.462037,30.385318,0.013962,0.006895,30.989584,0,0
0,25,21,pick up the book and place it in the back compartment of the caddy,FULL_HIT,0.998484,0.004486,0.001638,1.357372,29.114615,0.013613,0.007237,30.594927,0,0
0,25,22,pick up the book and place it in the back compartment of the caddy,FULL_HIT,0.998411,0.003913,0.001765,0.431910,28.789976,0.013647,0.005964,29.348470,0,0
0,25,23,pick up the book and place it in the back compartment of the caddy,FULL_HIT,0.998422,0.004370,0.002001,11.203226,54.188696,0.013685,0.012227,65.540575,0,0
0,25,24,pick up the book and place it in the back compartment of the caddy,FULL_HIT,0.998485,0.004148,0.001743,1.156097,37.595748,0.012481,0.006326,38.887039,0,0
0,25,25,pick up the book and place it in the back compartment of the caddy,FULL_HIT,0.998524,0.004022,0.001890,0.425669,29.624694,0.011366,0.006101,30.171859,0,0
0,25,26,pick up the book and place it in the back compartment of the caddy,FULL_HIT,0.998508,0.004649,0.002257,0.428378,29.449305,0.019171,0.006022,30.024000,0,0
0,25,27,pick up the book and place it in the back compartment of the caddy,FULL_HIT,0.998472,0.004218,0.001810,1.242021,29.637792,0.012225,0.005738,31.020747,0,0
0,25,28,pick up the book and place it in the back compartment of the caddy,FULL_HIT,0.998443,0.004041,0.001814,0.411009,29.763016,0.012088,0.005975,30.292703,0,0
0,25,29,pick up the book and place it in the back compartment of the caddy,FULL_HIT,0.998379,0.004085,0.001848,0.440751,29.590907,0.011527,0.006012,30.162423,0,0
0,25,30,pick up the book and place it in the back compartment of the caddy,FULL_HIT,0.998390,0.004143,0.001845,1.164143,29.814311,0.012182,0.005899,31.101205,0,0
0,25,31,pick up the book and place it in the back compartment of the caddy,FULL_HIT,0.998382,0.004335,0.001847,0.409642,30.164383,0.011994,0.005926,30.693393,0,0
0,25,32,pick up the book and place it in the back compartment of the caddy,FULL_HIT,0.998589,0.004248,0.002075,0.419335,31.844864,0.011915,0.015915,32.398273,0,0
0,25,33,pick up the book and place it in the back compartment of the caddy,FULL_HIT,0.998533,0.004768,0.001993,1.291206,30.952731,0.012642,0.006050,32.392719,0,0
0,25,34,pick up the book and place it in the back compartment of the caddy,FULL_HIT,0.998498,0.004333,0.002021,0.444375,29.215082,0.011139,0.008406,29.786802,0,0
0,26,0,pick up the book and place it in the back compartment of the caddy,FULL_HIT,0.998868,0.004155,0.001825,1.138637,27.666192,0.013256,0.007024,28.935415,0,0
0,26,1,pick up the book and place it in the back compartment of the caddy,FULL_HIT,0.998845,0.004721,0.002729,0.453338,27.568877,0.011667,0.012166,28.159010,0,0
0,26,2,pick up the book and place it in the back compartment of the caddy,FULL_HIT,0.998809,0.004232,0.002007,0.433615,29.795410,0.013675,0.006493,30.357903,0,0
0,26,3,pick up the book and place it in the back compartment of the caddy,FULL_HIT,0.998771,0.004202,0.001819,1.192570,29.712318,0.014615,0.007205,31.036736,0,0
0,26,4,pick up the book and place it in the back compartment of the caddy,FULL_HIT,0.998773,0.003971,0.001900,0.417086,29.520400,0.014762,0.006921,30.076944,0,0
0,26,5,pick up the book and place it in the back compartment of the caddy,FULL_HIT,0.998794,0.004473,0.001858,0.427187,29.413785,0.013146,0.010390,29.986589,0,0
0,26,6,pick up the book and place it in the back compartment of the caddy,FULL_HIT,0.998782,0.004086,0.001831,10.376546,29.557927,0.014166,0.007427,40.069269,0,0
0,26,7,pick up the book and place it in the back compartment of the caddy,FULL_HIT,0.998769,0.004024,0.001831,0.427164,29.467267,0.013719,0.007123,30.023736,0,0
0,26,8,pick up the book and place it in the back compartment of the caddy,FULL_HIT,0.998741,0.004111,0.001853,0.433225,29.612490,0.013846,0.008122,30.175127,0,0
0,26,9,pick up the book and place it in the back compartment of the caddy,FULL_HIT,0.998748,0.004227,0.001876,1.162058,29.591655,0.012970,0.006628,30.882197,0,0
0,26,10,pick up the book and place it in the back compartment of the caddy,FULL_HIT,0.998727,0.004054,0.001818,0.419831,29.389114,0.014135,0.007276,29.937956,0,0
0,26,11,pick up the book and place it in the back compartment of the caddy,FULL_HIT,0.998735,0.004513,0.001931,0.424606,29.503563,0.013432,0.007246,30.055792,0,0
0,26,12,pick up the book and place it in the back compartment of the caddy,FULL_HIT,0.998702,0.004220,0.002030,1.176892,29.637943,0.013678,0.021732,30.961393,0,0
0,26,13,pick up the book and place it in the back compartment of the caddy,FULL_HIT,0.998710,0.003968,0.001986,0.422968,29.422186,0.014101,0.007400,29.974297,0,0
0,26,14,pick up the book and place it in the back compartment of the caddy,FULL_HIT,0.998741,0.004179,0.001869,0.425956,29.644747,0.013697,0.006524,30.198513,0,0
0,26,15,pick up the book and place it in the back compartment of the caddy,FULL_HIT,0.998740,0.004081,0.001876,1.177672,29.426732,0.014241,0.007087,30.740657,0,0
0,26,16,pick up the book and place it in the back compartment of the caddy,FULL_HIT,0.997869,0.004058,0.001933,0.408766,29.690080,0.014441,0.008002,30.246428,0,0
0,26,17,pick up the book and place it in the back compartment of the caddy,FULL_HIT,0.997533,0.004101,0.002218,0.432603,29.642612,0.013777,0.007226,30.203587,0,0
0,26,18,pick up the book and place it in the back compartment of the caddy,FULL_HIT,0.998117,0.004304,0.002003,1.253522,29.559236,0.013519,0.007410,30.950240,0,0
0,26,19,pick up the book and place it in the back compartment of the caddy,FULL_HIT,0.998263,0.004098,0.001822,0.437504,29.203088,0.013862,0.006850,29.768634,0,0
0,26,20,pick up the book and place it in the back compartment of the caddy,FULL_HIT,0.997649,0.004070,0.002134,0.423184,29.096049,0.013756,0.006660,29.655952,0,0
0,26,21,pick up the book and place it in the back compartment of the caddy,FULL_HIT,0.997596,0.004410,0.002142,1.181912,29.244141,0.013947,0.007132,30.558005,0,0
0,26,22,pick up the book and place it in the back compartment of the caddy,FULL_HIT,0.998041,0.004269,0.001818,0.421223,29.102173,0.013519,0.007490,29.662718,0,0
0,26,23,pick up the book and place it in the back compartment of the caddy,FULL_HIT,0.998298,0.003982,0.001808,0.463872,30.472505,0.013459,0.006885,31.067770,0,0
0,26,24,pick up the book and place it in the back compartment of the caddy,FULL_HIT,0.998439,0.004288,0.001930,1.344557,29.689161,0.013278,0.015265,31.174503,0,0
0,26,25,pick up the book and place it in the back compartment of the caddy,FULL_HIT,0.998498,0.004720,0.002086,0.459644,29.969969,0.013001,0.006209,30.559102,0,0
0,26,26,pick up the book and place it in the back compartment of the caddy,FULL_HIT,0.998515,0.004669,0.002065,0.426397,29.558081,0.014513,0.007335,30.125953,0,0
0,26,27,pick up the book and place it in the back compartment of the caddy,FULL_HIT,0.998616,0.004404,0.001915,1.353935,30.567831,0.013993,0.006781,32.053160,0,0
0,26,28,pick up the book and place it in the back compartment of the caddy,FULL_HIT,0.998663,0.004572,0.001857,0.449321,29.519720,0.023091,0.006924,30.118470,0,0
0,26,29,pick up the book and place it in the back compartment of the caddy,FULL_HIT,0.998668,0.004223,0.001771,0.426477,27.905340,0.013249,0.020098,28.485660,0,0
0,26,30,pick up the book and place it in the back compartment of the caddy,FULL_HIT,0.998664,0.004119,0.001902,1.360878,32.158382,0.014913,0.009762,33.658958,0,0
0,26,31,pick up the book and place it in the back compartment of the caddy,FULL_HIT,0.998682,0.004287,0.001978,0.467359,30.366006,0.013669,0.006455,30.963977,0,0
0,26,32,pick up the book and place it in the back compartment of the caddy,FULL_HIT,0.998674,0.004364,0.001765,0.444836,29.878789,0.013182,0.006810,30.454598,0,0
0,26,33,pick up the book and place it in the back compartment of the caddy,FULL_HIT,0.998667,0.004341,0.001851,1.265957,29.778451,0.013686,0.007044,31.183469,0,0
0,26,34,pick up the book and place it in the back compartment of the caddy,FULL_HIT,0.998674,0.004455,0.001796,0.422473,29.529626,0.013405,0.006625,30.085274,0,0
0,26,35,pick up the book and place it in the back compartment of the caddy,FULL_HIT,0.998673,0.004025,0.002003,0.431643,29.354524,0.014032,0.006781,29.922422,0,0
0,27,0,pick up the book and place it in the back compartment of the caddy,FULL_HIT,0.998867,0.004023,0.002032,1.182127,29.576017,0.013379,0.008086,30.896631,0,0
0,27,1,pick up the book and place it in the back compartment of the caddy,FULL_HIT,0.998842,0.004052,0.001740,0.434648,29.801908,0.013072,0.006783,30.364556,0,0
0,27,2,pick up the book and place it in the back compartment of the caddy,FULL_HIT,0.998852,0.004428,0.002222,0.444322,29.919141,0.012747,0.006962,30.492153,0,0
0,27,3,pick up the book and place it in the back compartment of the caddy,FULL_HIT,0.998853,0.004520,0.001921,1.223216,29.999831,0.013765,0.008298,31.367856,0,0
0,27,4,pick up the book and place it in the back compartment of the caddy,FULL_HIT,0.998851,0.004289,0.001808,0.415812,29.656588,0.014968,0.007821,30.208890,0,0
0,27,5,pick up the book and place it in the back compartment of the caddy,FULL_HIT,0.998841,0.004067,0.001953,0.435056,29.412835,0.013850,0.006616,29.978039,0,0
0,27,6,pick up the book and place it in the back compartment of the caddy,FULL_HIT,0.998812,0.004112,0.002101,1.464116,31.655576,0.015510,0.007700,33.255402,0,0
0,27,7,pick up the book and place it in the back compartment of the caddy,FULL_HIT,0.998807,0.004132,0.001825,0.439151,30.253375,0.014022,0.007073,30.820917,0,0
0,27,8,pick up the book and place it in the back compartment of the caddy,FULL_HIT,0.998839,0.003735,0.001659,0.470767,27.504415,0.013259,0.007462,28.115031,0,0
0,27,9,pick up the book and place it in the back compartment of the caddy,FULL_HIT,0.998844,0.004275,0.001764,1.259655,27.129941,0.013310,0.006660,28.514673,0,0
0,27,10,pick up the book and place it in the back compartment of the caddy,FULL_HIT,0.998844,0.004114,0.001667,0.418314,26.925095,0.012936,0.007029,27.467522,0,0
0,27,11,pick up the book and place it in the back compartment of the caddy,FULL_HIT,0.998815,0.004002,0.001710,0.445611,31.245979,0.013988,0.007281,31.819385,0,0
0,27,12,pick up the book and place it in the back compartment of the caddy,FULL_HIT,0.998796,0.008915,0.003490,17.384795,52.397381,0.025567,0.011685,70.063967,0,0
0,27,13,pick up the book and place it in the back compartment of the caddy,FULL_HIT,0.998777,0.004142,0.001681,0.429027,27.128724,0.020416,0.005476,27.678021,0,0
0,27,14,pick up the book and place it in the back compartment of the caddy,FULL_HIT,0.998721,0.004108,0.001838,0.438301,27.290342,0.011681,0.005786,27.850522,0,0
0,27,15,pick up the book and place it in the back compartment of the caddy,FULL_HIT,0.998045,0.003973,0.001819,1.141930,26.999975,0.010742,0.006016,28.256478,0,0
0,27,16,pick up the book and place it in the back compartment of the caddy,FULL_HIT,0.997866,0.003961,0.001835,0.413285,26.891008,0.010295,0.005834,27.416176,0,0
0,27,17,pick up the book and place it in the back compartment of the caddy,FULL_HIT,0.998069,0.004212,0.001797,0.435018,29.187940,0.010388,0.005927,29.739253,0,0
0,27,18,pick up the book and place it in the back compartment of the caddy,FULL_HIT,0.998294,0.011827,0.002234,1.139650,27.168879,0.010234,0.005666,28.432780,0,0
0,27,19,pick up the book and place it in the back compartment of the caddy,FULL_HIT,0.998203,0.004303,0.001860,0.422538,27.171001,0.010585,0.005576,27.708809,0,0
0,27,20,pick up the book and place it in the back compartment of the caddy,FULL_HIT,0.998309,0.003962,0.001882,0.410721,26.910899,0.011697,0.005642,27.438086,0,0
0,27,21,pick up the book and place it in the back compartment of the caddy,FULL_HIT,0.998178,0.004255,0.001782,1.101217,26.723950,0.010585,0.006044,27.944810,0,0
0,27,22,pick up the book and place it in the back compartment of the caddy,FULL_HIT,0.998122,0.004367,0.001766,0.412856,29.344317,0.011175,0.005884,29.877217,0,0
0,27,23,pick up the book and place it in the back compartment of the caddy,FULL_HIT,0.998262,0.004240,0.001832,0.423180,29.241711,0.010757,0.005544,29.784543,0,0
0,27,24,pick up the book and place it in the back compartment of the caddy,FULL_HIT,0.998123,0.004299,0.001889,1.124110,29.288994,0.010646,0.005585,30.534987,0,0
0,27,25,pick up the book and place it in the back compartment of the caddy,FULL_HIT,0.998061,0.003931,0.001807,0.419237,29.697219,0.013116,0.006871,30.243844,0,0
0,27,26,pick up the book and place it in the back compartment of the caddy,FULL_HIT,0.997769,0.004601,0.002633,0.443645,29.598197,0.014091,0.006214,30.187105,0,0
0,27,27,pick up the book and place it in the back compartment of the caddy,FULL_HIT,0.997547,0.004507,0.001861,1.213933,29.362610,0.011588,0.005723,30.695155,0,0
0,27,28,pick up the book and place it in the back compartment of the caddy,FULL_HIT,0.997524,0.003823,0.001885,0.418132,29.194918,0.010398,0.005596,29.727810,0,0
0,27,29,pick up the book and place it in the back compartment of the caddy,FULL_HIT,0.997380,0.004025,0.001999,0.424926,29.457346,0.010343,0.005253,29.995611,0,0
0,27,30,pick up the book and place it in the back compartment of the caddy,FULL_HIT,0.997681,0.003839,0.001613,1.223663,27.558297,0.010866,0.014165,28.904435,0,0
0,29,0,pick up the book and place it in the back compartment of the caddy,FULL_HIT,0.998871,0.003858,0.001890,0.413883,27.217904,0.011305,0.005700,27.749357,0,0
0,29,1,pick up the book and place it in the back compartment of the caddy,FULL_HIT,0.998835,0.003928,0.001969,0.426938,27.143545,0.010607,0.005656,27.692235,0,0
0,29,2,pick up the book and place it in the back compartment of the caddy,FULL_HIT,0.998803,0.004376,0.001684,0.413023,27.034235,0.011677,0.005985,27.570659,0,0
0,29,3,pick up the book and place it in the back compartment of the caddy,FULL_HIT,0.998797,0.004455,0.001837,1.114705,27.293887,0.011637,0.005448,28.523474,0,0
0,29,4,pick up the book and place it in the back compartment of the caddy,FULL_HIT,0.998780,0.004564,0.001844,0.428647,30.373873,0.012839,0.006142,30.926686,0,0
0,29,5,pick up the book and place it in the back compartment of the caddy,FULL_HIT,0.998764,0.004359,0.001962,0.430292,29.503476,0.012033,0.006837,30.053044,0,0
0,29,6,pick up the book and place it in the back compartment of the caddy,FULL_HIT,0.998730,0.004048,0.001664,1.266958,27.171198,0.012177,0.005978,28.563342,0,0
0,29,7,pick up the book and place it in the back compartment of the caddy,FULL_HIT,0.998726,0.003866,0.002322,0.429708,27.456813,0.012425,0.006839,28.012774,0,0
0,29,8,pick up the book and place it in the back compartment of the caddy,FULL_HIT,0.998670,0.004534,0.002203,0.431469,27.626201,0.014420,0.007507,28.203574,0,0
0,29,9,pick up the book and place it in the back compartment of the caddy,FULL_HIT,0.998667,0.004914,0.002286,1.245993,27.644068,0.013234,0.006736,29.075688,0,0
0,29,10,pick up the book and place it in the back compartment of the caddy,FULL_HIT,0.998130,0.004627,0.002154,0.416266,26.936534,0.012791,0.011098,27.499294,0,0
0,29,11,pick up the book and place it in the back compartment of the caddy,FULL_HIT,0.998232,0.004173,0.001788,0.399806,27.033844,0.013597,0.007051,27.571972,0,0
0,29,12,pick up the book and place it in the back compartment of the caddy,FULL_HIT,0.998060,0.005275,0.002268,1.242084,29.588847,0.013338,0.006444,30.981555,0,0
0,29,13,pick up the book and place it in the back compartment of the caddy,FULL_HIT,0.998137,0.004315,0.002618,0.424810,27.357294,0.013954,0.006740,27.915078,0,0
0,29,14,pick up the book and place it in the back compartment of the caddy,FULL_HIT,0.997976,0.004430,0.001841,0.413923,27.289656,0.013040,0.020846,27.850263,0,0
0,29,15,pick up the book and place it in the back compartment of the caddy,FULL_HIT,0.997895,0.004186,0.001924,1.183888,27.187155,0.013290,0.010979,28.506990,0,0
0,29,16,pick up the book and place it in the back compartment of the caddy,FULL_HIT,0.998001,0.004449,0.002054,0.408550,27.080325,0.012760,0.006744,27.620483,0,0
0,29,17,pick up the book and place it in the back compartment of the caddy,FULL_HIT,0.998152,0.004179,0.001921,0.412842,26.935418,0.012359,0.007845,27.475962,0,0
0,29,18,pick up the book and place it in the back compartment of the caddy,FULL_HIT,0.998181,0.004488,0.001892,1.139150,27.073911,0.012591,0.006508,28.345768,0,0
0,29,19,pick up the book and place it in the back compartment of the caddy,FULL_HIT,0.998212,0.005206,0.002169,0.421598,29.194790,0.012741,0.011712,29.758528,0,0
0,29,20,pick up the book and place it in the back compartment of the caddy,FULL_HIT,0.998345,0.004754,0.002084,0.457402,31.236977,0.012304,0.007664,31.825217,0,0
0,29,21,pick up the book and place it in the back compartment of the caddy,FULL_HIT,0.998373,0.004143,0.001806,1.353883,28.701173,0.013054,0.007169,30.229327,0,0
0,29,22,pick up the book and place it in the back compartment of the caddy,FULL_HIT,0.998346,0.004244,0.001969,0.404572,28.286773,0.013643,0.006535,28.861780,0,0
0,29,23,pick up the book and place it in the back compartment of the caddy,FULL_HIT,0.998483,0.004013,0.001857,0.429580,27.343681,0.012811,0.006938,27.902940,0,0
0,29,24,pick up the book and place it in the back compartment of the caddy,FULL_HIT,0.998583,0.004107,0.002152,1.227989,26.713113,0.012424,0.007053,28.066600,0,0
0,29,25,pick up the book and place it in the back compartment of the caddy,FULL_HIT,0.998612,0.003907,0.001694,0.402836,26.658682,0.013286,0.007527,27.185107,0,0
0,29,26,pick up the book and place it in the back compartment of the caddy,FULL_HIT,0.998623,0.003846,0.001630,0.410102,26.616186,0.012461,0.006153,27.150062,0,0
0,29,27,pick up the book and place it in the back compartment of the caddy,FULL_HIT,0.998597,0.004007,0.001717,1.202613,26.532491,0.012918,0.012773,27.862367,0,0
0,29,28,pick up the book and place it in the back compartment of the caddy,FULL_HIT,0.998601,0.004198,0.001835,0.451674,29.828630,0.013306,0.011270,30.422536,0,0
0,29,29,pick up the book and place it in the back compartment of the caddy,FULL_HIT,0.998646,0.003958,0.002192,0.414661,28.904482,0.012347,0.006454,29.443380,0,0
0,29,30,pick up the book and place it in the back compartment of the caddy,FULL_HIT,0.998607,0.004515,0.001738,1.242078,29.255733,0.012929,0.006352,30.621284,0,0
0,30,0,put the white mug on the plate and put the chocolate pudding to the right of the plate,FULL_HIT,0.998870,0.004202,0.001982,0.414397,74.725242,0.013066,0.006660,75.265348,0,0
0,30,1,put the white mug on the plate and put the chocolate pudding to the right of the plate,FULL_HIT,0.998864,0.004288,0.001785,0.401043,30.793973,0.012610,0.006291,31.313872,0,0
0,30,2,put the white mug on the plate and put the chocolate pudding to the right of the plate,FULL_HIT,0.998853,0.003788,0.001763,0.397090,28.869657,0.012356,0.006625,29.397094,0,0
0,30,3,put the white mug on the plate and put the chocolate pudding to the right of the plate,FULL_HIT,0.998835,0.003774,0.001596,1.229939,28.967585,0.013474,0.006701,30.319189,0,0
0,30,4,put the white mug on the plate and put the chocolate pudding to the right of the plate,FULL_HIT,0.998794,0.003754,0.001622,0.452657,30.171585,0.013059,0.007250,30.745442,0,0
0,30,5,put the white mug on the plate and put the chocolate pudding to the right of the plate,FULL_HIT,0.998792,0.003945,0.001686,0.471486,29.619573,0.013028,0.007178,30.228795,0,0
0,30,6,put the white mug on the plate and put the chocolate pudding to the right of the plate,FULL_HIT,0.998801,0.003979,0.001525,1.140881,28.877227,0.013011,0.020028,30.182848,0,0
0,30,7,put the white mug on the plate and put the chocolate pudding to the right of the plate,FULL_HIT,0.998793,0.003918,0.001734,0.407171,56.597587,0.013134,0.007120,57.130052,0,0
0,30,8,put the white mug on the plate and put the chocolate pudding to the right of the plate,FULL_HIT,0.998787,0.004061,0.001753,0.403509,30.462088,0.013228,0.006950,30.991851,0,0
0,30,9,put the white mug on the plate and put the chocolate pudding to the right of the plate,FULL_HIT,0.998748,0.004317,0.001621,1.182342,29.440225,0.012867,0.006523,30.746069,0,0
0,30,10,put the white mug on the plate and put the chocolate pudding to the right of the plate,FULL_HIT,0.998779,0.003754,0.001932,0.400910,28.599377,0.012904,0.006688,29.131759,0,0
0,30,11,put the white mug on the plate and put the chocolate pudding to the right of the plate,FULL_HIT,0.998064,0.004038,0.001850,0.387903,28.658195,0.012911,0.006710,29.165756,0,0
0,30,12,put the white mug on the plate and put the chocolate pudding to the right of the plate,FULL_HIT,0.997872,0.003600,0.001618,1.114100,28.596410,0.013064,0.006530,29.830872,0,0
0,30,13,put the white mug on the plate and put the chocolate pudding to the right of the plate,FULL_HIT,0.998679,0.003779,0.001742,0.377511,28.402885,0.011724,0.006614,28.904804,0,0
0,30,14,put the white mug on the plate and put the chocolate pudding to the right of the plate,FULL_HIT,0.998488,0.003877,0.001766,0.385868,28.487208,0.013065,0.006493,28.994619,0,0
0,30,15,put the white mug on the plate and put the chocolate pudding to the right of the plate,FULL_HIT,0.998117,0.003894,0.001436,1.124625,28.725000,0.012978,0.006982,29.971122,0,0
0,30,16,put the white mug on the plate and put the chocolate pudding to the right of the plate,FULL_HIT,0.998094,0.004039,0.001811,0.386832,30.774892,0.013436,0.007353,31.297269,0,0
0,30,17,put the white mug on the plate and put the chocolate pudding to the right of the plate,FULL_HIT,0.998123,0.022498,0.011500,0.470624,32.295903,0.013340,0.006955,32.929451,0,0
0,30,18,put the white mug on the plate and put the chocolate pudding to the right of the plate,FULL_HIT,0.998252,0.004082,0.002042,1.292517,33.472338,0.013089,0.006536,34.900664,0,0
0,30,19,put the white mug on the plate and put the chocolate pudding to the right of the plate,FULL_HIT,0.998177,0.003845,0.001846,0.429742,32.424973,0.011190,0.005407,32.970487,0,0
0,30,20,put the white mug on the plate and put the chocolate pudding to the right of the plate,FULL_HIT,0.998255,0.004441,0.001995,0.656415,90.926941,0.011837,0.007329,91.715146,0,0
0,30,21,put the white mug on the plate and put the chocolate pudding to the right of the plate,FULL_HIT,0.998115,0.004285,0.002195,1.147986,29.714350,0.011010,0.014937,30.992227,0,0
0,30,22,put the white mug on the plate and put the chocolate pudding to the right of the plate,FULL_HIT,0.998197,0.004156,0.001692,0.398014,29.168380,0.011499,0.009311,29.691331,0,0
0,30,23,put the white mug on the plate and put the chocolate pudding to the right of the plate,FULL_HIT,0.998192,0.004547,0.001691,0.387135,28.492783,0.010553,0.005651,28.998298,0,0
0,30,24,put the white mug on the plate and put the chocolate pudding to the right of the plate,FULL_HIT,0.997875,0.003671,0.001865,1.090285,28.558365,0.010477,0.005305,29.764815,0,0
0,30,25,put the white mug on the plate and put the chocolate pudding to the right of the plate,FULL_HIT,0.997929,0.003896,0.001701,0.404151,28.664697,0.010939,0.005611,29.185168,0,0
0,30,26,put the white mug on the plate and put the chocolate pudding to the right of the plate,FULL_HIT,0.998053,0.003853,0.001863,0.382895,28.822048,0.011011,0.005472,29.319123,0,0
0,30,27,put the white mug on the plate and put the chocolate pudding to the right of the plate,FULL_HIT,0.998193,0.003831,0.001644,1.144026,28.761983,0.010701,0.005360,30.020343,0,0
0,30,28,put the white mug on the plate and put the chocolate pudding to the right of the plate,FULL_HIT,0.998102,0.004139,0.001957,0.390739,28.781712,0.012957,0.011779,29.303836,0,0
0,30,29,put the white mug on the plate and put the chocolate pudding to the right of the plate,FULL_HIT,0.998192,0.004335,0.001804,0.396698,29.248645,0.011623,0.010167,29.766562,0,0
0,30,30,put the white mug on the plate and put the chocolate pudding to the right of the plate,FULL_HIT,0.998489,0.003763,0.001883,1.108155,28.845084,0.010388,0.005704,30.069727,0,0
0,30,31,put the white mug on the plate and put the chocolate pudding to the right of the plate,FULL_HIT,0.998657,0.004003,0.009351,0.387197,28.701103,0.010244,0.013413,29.217951,0,0
0,30,32,put the white mug on the plate and put the chocolate pudding to the right of the plate,FULL_HIT,0.998669,0.004590,0.001976,0.396621,29.300592,0.010350,0.013775,29.824043,0,0
0,30,33,put the white mug on the plate and put the chocolate pudding to the right of the plate,FULL_HIT,0.998510,0.004188,0.002175,1.105551,29.387037,0.012750,0.006835,30.635618,0,0
0,30,34,put the white mug on the plate and put the chocolate pudding to the right of the plate,FULL_HIT,0.998388,0.004786,0.002604,0.454249,29.144819,0.011820,0.005666,29.752155,0,0
0,30,35,put the white mug on the plate and put the chocolate pudding to the right of the plate,FULL_HIT,0.998459,0.003891,0.002810,0.389228,28.765304,0.010166,0.005513,29.269773,0,0
0,30,36,put the white mug on the plate and put the chocolate pudding to the right of the plate,FULL_HIT,0.998414,0.003774,0.001734,1.147547,29.037830,0.010096,0.005601,30.302923,0,0
0,30,37,put the white mug on the plate and put the chocolate pudding to the right of the plate,FULL_HIT,0.998366,0.003661,0.001827,0.378384,28.527058,0.010491,0.005985,29.021180,0,0
0,30,38,put the white mug on the plate and put the chocolate pudding to the right of the plate,FULL_HIT,0.998288,0.003908,0.001750,0.397607,28.619853,0.010491,0.006219,29.141789,0,0
0,30,39,put the white mug on the plate and put the chocolate pudding to the right of the plate,FULL_HIT,0.997756,0.003722,0.001649,1.127000,28.597716,0.018469,0.009064,29.850687,0,0
0,30,40,put the white mug on the plate and put the chocolate pudding to the right of the plate,FULL_HIT,0.998421,0.005071,0.002218,0.414650,28.540415,0.011299,0.005358,29.082750,0,0
0,30,41,put the white mug on the plate and put the chocolate pudding to the right of the plate,FULL_HIT,0.998410,0.004151,0.001604,0.391402,28.648883,0.010968,0.005704,29.157070,0,0
0,30,42,put the white mug on the plate and put the chocolate pudding to the right of the plate,FULL_HIT,0.998458,0.027484,0.001655,1.123165,35.347707,0.011269,0.005697,36.613193,0,0
0,30,43,put the white mug on the plate and put the chocolate pudding to the right of the plate,FULL_HIT,0.998455,0.004045,0.002129,0.396663,29.065033,0.011964,0.005559,29.578632,0,0
0,30,44,put the white mug on the plate and put the chocolate pudding to the right of the plate,FULL_HIT,0.998466,0.003762,0.001852,0.385728,28.728827,0.012845,0.006196,29.238141,0,0
0,30,45,put the white mug on the plate and put the chocolate pudding to the right of the plate,FULL_HIT,0.998431,0.003638,0.001574,1.120852,28.783965,0.012371,0.006318,30.026154,0,0
0,30,46,put the white mug on the plate and put the chocolate pudding to the right of the plate,FULL_HIT,0.998395,0.003957,0.001991,0.395828,28.607082,0.010591,0.009480,29.125923,0,0
0,31,0,put the white mug on the plate and put the chocolate pudding to the right of the plate,FULL_HIT,0.998868,0.005171,0.002401,1.037491,29.436600,0.011822,0.007224,30.612777,0,0
0,31,1,put the white mug on the plate and put the chocolate pudding to the right of the plate,FULL_HIT,0.998809,0.004802,0.001925,0.421613,29.208454,0.011995,0.006090,29.764943,0,0
0,31,2,put the white mug on the plate and put the chocolate pudding to the right of the plate,FULL_HIT,0.998744,0.004691,0.002247,0.426238,29.613888,0.011581,0.006402,30.171686,0,0
0,31,3,put the white mug on the plate and put the chocolate pudding to the right of the plate,FULL_HIT,0.998742,0.004161,0.001725,1.271896,29.510304,0.013957,0.006755,30.907893,0,0
0,31,4,put the white mug on the plate and put the chocolate pudding to the right of the plate,FULL_HIT,0.998780,0.004327,0.001893,0.394125,29.172294,0.013196,0.006412,29.696903,0,0
0,31,5,put the white mug on the plate and put the chocolate pudding to the right of the plate,FULL_HIT,0.998797,0.005612,0.002318,0.423009,31.995496,0.013753,0.007195,32.569110,0,0
0,31,6,put the white mug on the plate and put the chocolate pudding to the right of the plate,FULL_HIT,0.998808,0.005028,0.002632,1.168061,31.947569,0.012992,0.006922,33.262092,0,0
0,31,7,put the white mug on the plate and put the chocolate pudding to the right of the plate,FULL_HIT,0.998789,0.004417,0.001944,0.423081,29.275518,0.013298,0.006353,29.828387,0,0
0,31,8,put the white mug on the plate and put the chocolate pudding to the right of the plate,FULL_HIT,0.998575,0.003852,0.001644,0.402119,29.024981,0.012930,0.006904,29.561691,0,0
0,31,9,put the white mug on the plate and put the chocolate pudding to the right of the plate,FULL_HIT,0.998694,0.003979,0.001669,1.180704,29.080446,0.022561,0.006656,30.394567,0,0
0,31,10,put the white mug on the plate and put the chocolate pudding to the right of the plate,FULL_HIT,0.997898,0.003857,0.001756,0.395006,28.657423,0.012477,0.007199,29.173555,0,0
0,31,11,put the white mug on the plate and put the chocolate pudding to the right of the plate,FULL_HIT,0.998205,0.003894,0.001857,0.405694,31.132716,0.012938,0.006749,31.662903,0,0
0,31,12,put the white mug on the plate and put the chocolate pudding to the right of the plate,FULL_HIT,0.998445,0.004472,0.001707,1.277573,29.303792,0.012436,0.007103,30.707282,0,0
0,31,13,put the white mug on the plate and put the chocolate pudding to the right of the plate,FULL_HIT,0.998298,0.003756,0.001740,0.407058,28.795826,0.013683,0.006741,29.322398,0,0
0,31,14,put the white mug on the plate and put the chocolate pudding to the right of the plate,FULL_HIT,0.997615,0.003729,0.001636,0.385747,28.931233,0.012543,0.006620,29.438861,0,0
0,31,15,put the white mug on the plate and put the chocolate pudding to the right of the plate,FULL_HIT,0.997694,0.003612,0.001708,1.114191,30.317700,0.014206,0.007079,31.561160,0,0
0,31,16,put the white mug on the plate and put the chocolate pudding to the right of the plate,FULL_HIT,0.997599,0.004029,0.001586,0.417907,34.733757,0.012517,0.007164,35.276145,0,0
0,31,17,put the white mug on the plate and put the chocolate pudding to the right of the plate,FULL_HIT,0.997752,0.003797,0.001511,0.419229,29.307951,0.013140,0.006527,29.854552,0,0
0,31,18,put the white mug on the plate and put the chocolate pudding to the right of the plate,FULL_HIT,0.997823,0.003964,0.001545,1.188150,29.092033,0.012622,0.006573,30.409118,0,0
0,31,19,put the white mug on the plate and put the chocolate pudding to the right of the plate,FULL_HIT,0.997948,0.004551,0.001598,0.402282,28.931348,0.012796,0.006650,29.467885,0,0
0,31,20,put the white mug on the plate and put the chocolate pudding to the right of the plate,FULL_HIT,0.998029,0.003742,0.001712,0.409510,29.504249,0.013691,0.007338,30.064551,0,0
0,31,21,put the white mug on the plate and put the chocolate pudding to the right of the plate,FULL_HIT,0.997799,0.003693,0.001562,1.121711,30.471453,0.013806,0.007282,31.721887,0,0
0,31,22,put the white mug on the plate and put the chocolate pudding to the right of the plate,FULL_HIT,0.997539,0.003947,0.001765,0.415968,29.792704,0.013082,0.006479,30.330799,0,0
0,31,23,put the white mug on the plate and put the chocolate pudding to the right of the plate,FULL_HIT,0.996224,0.003715,0.001558,0.404501,28.637972,0.012385,0.006838,29.162975,0,0
0,31,24,put the white mug on the plate and put the chocolate pudding to the right of the plate,FULL_HIT,0.995999,0.003389,0.001645,1.112960,28.664842,0.013100,0.006152,29.907661,0,0
0,31,25,put the white mug on the plate and put the chocolate pudding to the right of the plate,FULL_HIT,0.996269,0.003825,0.001676,0.393870,28.548833,0.012032,0.006954,29.063760,0,0
0,31,26,put the white mug on the plate and put the chocolate pudding to the right of the plate,FULL_HIT,0.997214,0.003920,0.001825,0.394123,28.592168,0.013660,0.006422,29.117306,0,0
0,31,27,put the white mug on the plate and put the chocolate pudding to the right of the plate,FULL_HIT,0.997503,0.009854,0.001817,1.118589,31.057322,0.012870,0.006429,32.317857,0,0
0,31,28,put the white mug on the plate and put the chocolate pudding to the right of the plate,FULL_HIT,0.996541,0.003720,0.001711,0.397689,29.217471,0.013527,0.019343,29.752447,0,0
0,31,29,put the white mug on the plate and put the chocolate pudding to the right of the plate,FULL_HIT,0.997735,0.003844,0.001820,0.395660,29.055156,0.013355,0.006834,29.586073,0,0
0,31,30,put the white mug on the plate and put the chocolate pudding to the right of the plate,FULL_HIT,0.998236,0.003611,0.001471,1.173213,28.986389,0.012665,0.007190,30.281911,0,0
0,31,31,put the white mug on the plate and put the chocolate pudding to the right of the plate,FULL_HIT,0.998285,0.003919,0.001605,0.415986,29.869984,0.024989,0.007672,30.431326,0,0
0,31,32,put the white mug on the plate and put the chocolate pudding to the right of the plate,FULL_HIT,0.998380,0.004056,0.001747,0.412089,29.712749,0.013034,0.006659,30.256356,0,0
0,31,33,put the white mug on the plate and put the chocolate pudding to the right of the plate,FULL_HIT,0.998541,0.003779,0.001633,1.177030,36.297824,0.013090,0.006960,37.599771,0,0
0,31,34,put the white mug on the plate and put the chocolate pudding to the right of the plate,FULL_HIT,0.998546,0.004199,0.001743,0.410088,30.957873,0.012535,0.007138,31.494606,0,0
0,31,35,put the white mug on the plate and put the chocolate pudding to the right of the plate,FULL_HIT,0.998321,0.004248,0.002037,0.431763,28.860247,0.013222,0.006773,29.425007,0,0
0,31,36,put the white mug on the plate and put the chocolate pudding to the right of the plate,FULL_HIT,0.998324,0.003619,0.001551,1.161801,28.887818,0.018466,0.006369,30.172475,0,0
0,31,37,put the white mug on the plate and put the chocolate pudding to the right of the plate,FULL_HIT,0.998342,0.003926,0.001799,0.396975,32.180415,0.012605,0.006013,32.711494,0,0
0,31,38,put the white mug on the plate and put the chocolate pudding to the right of the plate,FULL_HIT,0.998228,0.004218,0.001956,0.557223,61.115633,0.013592,0.010713,61.814400,0,0
0,31,39,put the white mug on the plate and put the chocolate pudding to the right of the plate,FULL_HIT,0.998189,0.005199,0.002220,10.911113,31.139587,0.012354,0.006877,42.196556,0,0
0,31,40,put the white mug on the plate and put the chocolate pudding to the right of the plate,FULL_HIT,0.998303,0.004171,0.001912,0.416474,29.415152,0.011184,0.005890,29.959420,0,0
0,31,41,put the white mug on the plate and put the chocolate pudding to the right of the plate,FULL_HIT,0.998368,0.003911,0.001682,0.391218,29.115951,0.014116,0.010816,29.640383,0,0
0,31,42,put the white mug on the plate and put the chocolate pudding to the right of the plate,FULL_HIT,0.998380,0.004235,0.001918,1.103792,29.141934,0.011965,0.005803,30.371512,0,0
0,31,43,put the white mug on the plate and put the chocolate pudding to the right of the plate,FULL_HIT,0.998424,0.004150,0.001771,0.403420,28.716958,0.011435,0.005779,29.242067,0,0
0,31,44,put the white mug on the plate and put the chocolate pudding to the right of the plate,FULL_HIT,0.998512,0.004408,0.001749,0.408603,31.519311,0.011637,0.009889,32.057618,0,0
0,31,45,put the white mug on the plate and put the chocolate pudding to the right of the plate,FULL_HIT,0.998461,0.004269,0.002192,1.220375,31.790681,0.011306,0.006533,33.153840,0,0
0,31,46,put the white mug on the plate and put the chocolate pudding to the right of the plate,FULL_HIT,0.998228,0.004051,0.001695,0.420040,29.778610,0.012226,0.005585,30.321190,0,0
0,32,0,put the white mug on the plate and put the chocolate pudding to the right of the plate,FULL_HIT,0.998870,0.004177,0.002036,1.126752,29.443317,0.011008,0.005921,30.694124,0,0
0,32,1,put the white mug on the plate and put the chocolate pudding to the right of the plate,FULL_HIT,0.998863,0.004636,0.001893,0.418297,29.484395,0.010803,0.005931,30.020949,0,0
0,32,2,put the white mug on the plate and put the chocolate pudding to the right of the plate,FULL_HIT,0.998796,0.003812,0.001803,0.414440,35.500133,0.012002,0.006645,36.038339,0,0
0,32,3,put the white mug on the plate and put the chocolate pudding to the right of the plate,FULL_HIT,0.998709,0.004053,0.001808,1.109289,29.377035,0.011399,0.006256,30.613006,0,0
0,32,4,put the white mug on the plate and put the chocolate pudding to the right of the plate,FULL_HIT,0.998661,0.004146,0.001965,0.457746,30.193849,0.013645,0.006887,30.797945,0,0
0,32,5,put the white mug on the plate and put the chocolate pudding to the right of the plate,FULL_HIT,0.998665,0.004711,0.002298,0.418884,30.155150,0.013582,0.006789,30.709116,0,0
0,32,6,put the white mug on the plate and put the chocolate pudding to the right of the plate,FULL_HIT,0.998704,0.004025,0.001963,1.148566,29.292843,0.010534,0.005976,30.559949,0,0
0,32,7,put the white mug on the plate and put the chocolate pudding to the right of the plate,FULL_HIT,0.998709,0.004453,0.001884,0.441264,31.792647,0.011259,0.006494,32.355732,0,0
0,32,8,put the white mug on the plate and put the chocolate pudding to the right of the plate,FULL_HIT,0.998683,0.004681,0.001710,0.423430,31.701790,0.011000,0.005838,32.245123,0,0
0,32,9,put the white mug on the plate and put the chocolate pudding to the right of the plate,FULL_HIT,0.998686,0.004425,0.001881,1.144292,31.777808,0.010849,0.005674,33.042919,0,0
0,32,10,put the white mug on the plate and put the chocolate pudding to the right of the plate,FULL_HIT,0.998613,0.004234,0.001919,0.411312,31.860374,0.011855,0.006948,32.393970,0,0
0,32,11,put the white mug on the plate and put the chocolate pudding to the right of the plate,FULL_HIT,0.997606,0.004185,0.002232,0.413458,31.668082,0.011411,0.006044,32.201065,0,0
0,32,12,put the white mug on the plate and put the chocolate pudding to the right of the plate,FULL_HIT,0.997910,0.004543,0.001812,1.252265,33.187722,0.011065,0.005892,34.572976,0,0
0,32,13,put the white mug on the plate and put the chocolate pudding to the right of the plate,FULL_HIT,0.997706,0.004079,0.002134,0.416848,31.526116,0.011359,0.006518,32.062905,0,0
0,32,14,put the white mug on the plate and put the chocolate pudding to the right of the plate,FULL_HIT,0.997604,0.004042,0.001912,0.409444,29.240440,0.012972,0.006045,29.778856,0,0
0,32,15,put the white mug on the plate and put the chocolate pudding to the right of the plate,FULL_HIT,0.997788,0.004239,0.001896,1.195027,32.099862,0.013223,0.006016,33.424786,0,0
0,32,16,put the white mug on the plate and put the chocolate pudding to the right of the plate,FULL_HIT,0.997999,0.003855,0.001731,0.421542,29.394922,0.014596,0.007053,29.948404,0,0
0,32,17,put the white mug on the plate and put the chocolate pudding to the right of the plate,FULL_HIT,0.998041,0.004956,0.002433,0.437463,29.821669,0.014080,0.006905,30.403643,0,0
0,32,18,put the white mug on the plate and put the chocolate pudding to the right of the plate,FULL_HIT,0.998093,0.005011,0.002204,1.142284,29.920505,0.013150,0.011856,31.212699,0,0
0,32,19,put the white mug on the plate and put the chocolate pudding to the right of the plate,FULL_HIT,0.998199,0.004180,0.002329,0.434493,29.626515,0.014132,0.007263,30.201698,0,0
0,32,20,put the white mug on the plate and put the chocolate pudding to the right of the plate,FULL_HIT,0.998206,0.004550,0.001856,0.413485,29.510097,0.012890,0.006995,30.055342,0,0
0,32,21,put the white mug on the plate and put the chocolate pudding to the right of the plate,FULL_HIT,0.998206,0.004928,0.002206,1.080112,35.332652,0.013021,0.007135,36.560774,0,0
0,32,22,put the white mug on the plate and put the chocolate pudding to the right of the plate,FULL_HIT,0.998026,0.004829,0.002057,0.418356,29.614961,0.014078,0.007804,30.176084,0,0
0,32,23,put the white mug on the plate and put the chocolate pudding to the right of the plate,FULL_HIT,0.997956,0.004270,0.002133,0.408531,29.507827,0.013499,0.006482,30.051891,0,0
0,32,24,put the white mug on the plate and put the chocolate pudding to the right of the plate,FULL_HIT,0.997447,0.004576,0.002409,1.095406,29.365758,0.013651,0.007128,30.603279,0,0
0,32,25,put the white mug on the plate and put the chocolate pudding to the right of the plate,FULL_HIT,0.998234,0.004371,0.002150,0.401366,29.631168,0.013490,0.006925,30.173097,0,0
0,32,26,put the white mug on the plate and put the chocolate pudding to the right of the plate,FULL_HIT,0.998310,0.004895,0.002183,0.421116,29.360757,0.013803,0.007022,29.918872,0,0
0,32,27,put the white mug on the plate and put the chocolate pudding to the right of the plate,FULL_HIT,0.998380,0.004836,0.002062,1.043827,29.447832,0.013594,0.006629,30.640965,0,0
0,32,28,put the white mug on the plate and put the chocolate pudding to the right of the plate,FULL_HIT,0.998558,0.004331,0.001866,0.413957,29.192946,0.013348,0.007307,29.739763,0,0
0,32,29,put the white mug on the plate and put the chocolate pudding to the right of the plate,FULL_HIT,0.998591,0.004329,0.001864,0.394657,29.533424,0.013844,0.006626,30.060127,0,0
0,32,30,put the white mug on the plate and put the chocolate pudding to the right of the plate,FULL_HIT,0.998663,0.003896,0.001784,1.056854,30.653667,0.014588,0.007444,31.848887,0,0
0,32,31,put the white mug on the plate and put the chocolate pudding to the right of the plate,FULL_HIT,0.998630,0.004636,0.002223,0.444359,30.027302,0.014112,0.007294,30.618914,0,0
0,32,32,put the white mug on the plate and put the chocolate pudding to the right of the plate,FULL_HIT,0.998636,0.003862,0.001922,0.413204,29.150597,0.013409,0.021828,29.708800,0,0
0,32,33,put the white mug on the plate and put the chocolate pudding to the right of the plate,FULL_HIT,0.998605,0.004146,0.002145,1.144377,28.855996,0.014228,0.006882,30.131725,0,0
0,32,34,put the white mug on the plate and put the chocolate pudding to the right of the plate,FULL_HIT,0.998652,0.004451,0.001779,0.414430,28.710736,0.013262,0.006813,29.255712,0,0
0,32,35,put the white mug on the plate and put the chocolate pudding to the right of the plate,FULL_HIT,0.998652,0.003812,0.001896,0.399214,28.721470,0.012996,0.006898,29.261219,0,0
0,32,36,put the white mug on the plate and put the chocolate pudding to the right of the plate,FULL_HIT,0.998578,0.003820,0.001761,1.350811,28.713592,0.013647,0.007881,30.193596,0,0
0,32,37,put the white mug on the plate and put the chocolate pudding to the right of the plate,FULL_HIT,0.998661,0.004373,0.001929,0.406267,30.202702,0.013962,0.007925,30.741593,0,0
0,32,38,put the white mug on the plate and put the chocolate pudding to the right of the plate,FULL_HIT,0.997525,0.004294,0.002009,0.457961,29.900352,0.040181,0.007633,30.528789,0,0
0,32,39,put the white mug on the plate and put the chocolate pudding to the right of the plate,FULL_HIT,0.998361,0.004110,0.001604,1.183821,29.266527,0.012853,0.007300,30.590405,0,0
0,32,40,put the white mug on the plate and put the chocolate pudding to the right of the plate,FULL_HIT,0.998346,0.003912,0.001763,0.413513,28.730722,0.013276,0.006443,29.273386,0,0
0,32,41,put the white mug on the plate and put the chocolate pudding to the right of the plate,FULL_HIT,0.998385,0.004231,0.001729,0.388254,37.032867,0.013235,0.006773,37.549232,0,0
0,32,42,put the white mug on the plate and put the chocolate pudding to the right of the plate,FULL_HIT,0.998341,0.004214,0.002032,1.156969,30.901499,0.013748,0.006970,32.193123,0,0
0,32,43,put the white mug on the plate and put the chocolate pudding to the right of the plate,FULL_HIT,0.998330,0.003855,0.002058,0.418566,30.847037,0.012979,0.012654,31.404016,0,0
0,34,0,put the white mug on the plate and put the chocolate pudding to the right of the plate,FULL_HIT,0.998870,0.004163,0.001917,1.116793,31.215514,0.013803,0.007504,32.470734,0,0
0,34,1,put the white mug on the plate and put the chocolate pudding to the right of the plate,FULL_HIT,0.998859,0.004116,0.001727,0.413561,31.729919,0.013449,0.006662,32.274664,0,0
0,34,2,put the white mug on the plate and put the chocolate pudding to the right of the plate,FULL_HIT,0.998855,0.004229,0.001852,0.413086,31.538191,0.013953,0.019879,32.124140,0,0
0,34,3,put the white mug on the plate and put the chocolate pudding to the right of the plate,FULL_HIT,0.998839,0.004118,0.001792,1.227719,31.641574,0.013260,0.007123,33.011540,0,0
0,34,4,put the white mug on the plate and put the chocolate pudding to the right of the plate,FULL_HIT,0.998825,0.004276,0.001864,0.409244,31.438455,0.013750,0.007781,31.978908,0,0
0,34,5,put the white mug on the plate and put the chocolate pudding to the right of the plate,FULL_HIT,0.998831,0.004163,0.002236,0.418382,31.366351,0.013708,0.020650,31.927923,0,0
0,34,6,put the white mug on the plate and put the chocolate pudding to the right of the plate,FULL_HIT,0.998814,0.003771,0.001825,1.218359,31.390592,0.013359,0.007670,32.737461,0,0
0,34,7,put the white mug on the plate and put the chocolate pudding to the right of the plate,FULL_HIT,0.998756,0.003880,0.001989,0.415061,31.345637,0.014232,0.007451,31.890971,0,0
0,34,8,put the white mug on the plate and put the chocolate pudding to the right of the plate,FULL_HIT,0.998639,0.004297,0.001583,0.419788,31.235516,0.013633,0.006780,31.783860,0,0
0,34,9,put the white mug on the plate and put the chocolate pudding to the right of the plate,FULL_HIT,0.998510,0.004273,0.001642,1.266332,51.406404,0.013262,0.006533,52.837919,0,0
0,34,10,put the white mug on the plate and put the chocolate pudding to the right of the plate,FULL_HIT,0.998466,0.005288,0.002318,8.733551,41.833647,0.011498,0.006847,50.703586,0,0
0,34,11,put the white mug on the plate and put the chocolate pudding to the right of the plate,FULL_HIT,0.998328,0.003974,0.001676,0.395201,29.438936,0.012520,0.006203,29.955293,0,0
0,34,12,put the white mug on the plate and put the chocolate pudding to the right of the plate,FULL_HIT,0.998387,0.004111,0.001734,1.077395,29.321518,0.011479,0.006113,30.537531,0,0
0,34,13,put the white mug on the plate and put the chocolate pudding to the right of the plate,FULL_HIT,0.998567,0.004097,0.001891,0.413694,35.089955,0.011691,0.005794,35.656023,0,0
0,34,14,put the white mug on the plate and put the chocolate pudding to the right of the plate,FULL_HIT,0.998572,0.004086,0.001729,0.481994,29.822051,0.010325,0.005465,30.417838,0,0
0,34,15,put the white mug on the plate and put the chocolate pudding to the right of the plate,FULL_HIT,0.998541,0.004246,0.001784,1.075795,29.138808,0.023416,0.005828,30.354765,0,0
0,34,16,put the white mug on the plate and put the chocolate pudding to the right of the plate,FULL_HIT,0.998461,0.003780,0.001839,0.384547,28.738805,0.010408,0.005436,29.237834,0,0
0,34,17,put the white mug on the plate and put the chocolate pudding to the right of the plate,FULL_HIT,0.998379,0.003983,0.001580,0.401537,28.779303,0.010615,0.005338,29.295569,0,0
0,34,18,put the white mug on the plate and put the chocolate pudding to the right of the plate,FULL_HIT,0.998413,0.003878,0.001913,1.024942,28.861208,0.010144,0.009416,30.005898,0,0
0,34,19,put the white mug on the plate and put the chocolate pudding to the right of the plate,FULL_HIT,0.998567,0.003955,0.001695,0.409519,28.702023,0.010464,0.006334,29.225284,0,0
0,34,20,put the white mug on the plate and put the chocolate pudding to the right of the plate,FULL_HIT,0.998526,0.004261,0.001725,0.393877,28.825555,0.010620,0.005749,29.334611,0,0
0,34,21,put the white mug on the plate and put the chocolate pudding to the right of the plate,FULL_HIT,0.998436,0.004361,0.001802,1.026065,28.684889,0.010449,0.005393,29.829059,0,0
0,34,22,put the white mug on the plate and put the chocolate pudding to the right of the plate,FULL_HIT,0.998379,0.003988,0.001819,0.373359,28.821862,0.010767,0.006402,29.310170,0,0
0,34,23,put the white mug on the plate and put the chocolate pudding to the right of the plate,FULL_HIT,0.997987,0.003921,0.001829,0.412462,28.719436,0.013130,0.007591,29.271129,0,0
0,34,24,put the white mug on the plate and put the chocolate pudding to the right of the plate,FULL_HIT,0.997772,0.004367,0.002283,1.159312,29.412656,0.012884,0.007632,30.708648,0,0
0,34,25,put the white mug on the plate and put the chocolate pudding to the right of the plate,FULL_HIT,0.998425,0.003966,0.001668,0.403327,29.252308,0.010424,0.005930,29.778002,0,0
0,34,26,put the white mug on the plate and put the chocolate pudding to the right of the plate,FULL_HIT,0.998436,0.004270,0.001787,0.398140,28.898826,0.010432,0.005265,29.409796,0,0
0,34,27,put the white mug on the plate and put the chocolate pudding to the right of the plate,FULL_HIT,0.998423,0.003815,0.001653,1.061754,28.889843,0.010466,0.005738,30.067016,0,0
0,34,28,put the white mug on the plate and put the chocolate pudding to the right of the plate,FULL_HIT,0.998454,0.003912,0.001651,0.388112,29.086244,0.010437,0.005330,29.592604,0,0
0,34,29,put the white mug on the plate and put the chocolate pudding to the right of the plate,FULL_HIT,0.998477,0.004494,0.001689,0.384339,29.032996,0.010874,0.026977,29.556589,0,0
0,34,30,put the white mug on the plate and put the chocolate pudding to the right of the plate,FULL_HIT,0.998339,0.004118,0.001783,9.589082,29.480814,0.010622,0.005823,39.191112,0,0
0,34,31,put the white mug on the plate and put the chocolate pudding to the right of the plate,FULL_HIT,0.998290,0.004289,0.001786,0.402888,30.075453,0.011101,0.005896,30.593723,0,0
0,34,32,put the white mug on the plate and put the chocolate pudding to the right of the plate,FULL_HIT,0.998242,0.004031,0.001629,0.417309,29.323934,0.011177,0.005657,29.857026,0,0
0,34,33,put the white mug on the plate and put the chocolate pudding to the right of the plate,FULL_HIT,0.998224,0.004047,0.001882,1.146201,29.205590,0.012541,0.006033,30.476955,0,0
0,34,34,put the white mug on the plate and put the chocolate pudding to the right of the plate,FULL_HIT,0.998201,0.003852,0.001679,0.395370,29.104032,0.012649,0.006593,29.620888,0,0
0,34,35,put the white mug on the plate and put the chocolate pudding to the right of the plate,FULL_HIT,0.998325,0.004158,0.002213,0.405839,30.334474,0.013067,0.011278,30.871955,0,0
0,34,36,put the white mug on the plate and put the chocolate pudding to the right of the plate,FULL_HIT,0.998406,0.005013,0.002268,1.210433,30.033882,0.013646,0.006550,31.387369,0,0
0,34,37,put the white mug on the plate and put the chocolate pudding to the right of the plate,FULL_HIT,0.998268,0.004448,0.002019,0.409150,29.655685,0.013165,0.006373,30.206502,0,0
0,34,38,put the white mug on the plate and put the chocolate pudding to the right of the plate,FULL_HIT,0.998408,0.004486,0.002124,0.419938,29.548347,0.013355,0.006361,30.110189,0,0
0,34,39,put the white mug on the plate and put the chocolate pudding to the right of the plate,FULL_HIT,0.998413,0.003935,0.001787,1.157733,29.849723,0.013805,0.006907,31.137657,0,0
0,35,0,put both the alphabet soup and the cream cheese box in the basket,FULL_HIT,0.998871,0.004492,0.001965,0.416988,78.819976,0.012902,0.007004,79.373131,0,0
0,35,1,put both the alphabet soup and the cream cheese box in the basket,FULL_HIT,0.998849,0.004036,0.002106,0.389464,28.787504,0.012298,0.007991,29.306418,0,0
0,35,2,put both the alphabet soup and the cream cheese box in the basket,FULL_HIT,0.998821,0.004461,0.002164,0.397626,28.556172,0.012491,0.007760,29.088411,0,0
0,35,3,put both the alphabet soup and the cream cheese box in the basket,FULL_HIT,0.998811,0.003952,0.001884,1.057392,29.086814,0.013013,0.007095,30.276840,0,0
0,35,4,put both the alphabet soup and the cream cheese box in the basket,FULL_HIT,0.998817,0.004449,0.001845,0.398259,28.812584,0.023829,0.006920,29.355253,0,0
0,35,5,put both the alphabet soup and the cream cheese box in the basket,FULL_HIT,0.998747,0.004382,0.002025,0.392582,28.865835,0.013498,0.007221,29.388904,0,0
0,35,6,put both the alphabet soup and the cream cheese box in the basket,FULL_HIT,0.998741,0.003780,0.002184,1.088780,29.339027,0.013020,0.012107,30.561872,0,0
0,35,7,put both the alphabet soup and the cream cheese box in the basket,FULL_HIT,0.998702,0.003929,0.001902,0.385692,29.197567,0.012835,0.007106,29.708608,0,0
0,35,8,put both the alphabet soup and the cream cheese box in the basket,FULL_HIT,0.998697,0.004102,0.001943,0.391537,29.605533,0.013873,0.020982,30.140478,0,0
0,35,9,put both the alphabet soup and the cream cheese box in the basket,FULL_HIT,0.998727,0.003769,0.001607,1.127136,31.104143,0.012589,0.006277,32.352998,0,0
0,35,10,put both the alphabet soup and the cream cheese box in the basket,FULL_HIT,0.998769,0.004144,0.001636,0.392507,28.805316,0.012927,0.007013,29.319310,0,0
0,35,11,put both the alphabet soup and the cream cheese box in the basket,FULL_HIT,0.998759,0.003793,0.001656,0.395886,28.733265,0.013469,0.007378,29.252118,0,0
0,35,12,put both the alphabet soup and the cream cheese box in the basket,FULL_HIT,0.998310,0.003739,0.001628,1.123501,29.271864,0.012701,0.007171,30.520362,0,0
0,35,13,put both the alphabet soup and the cream cheese box in the basket,FULL_HIT,0.998411,0.003909,0.002051,0.387176,28.922027,0.014395,0.006915,29.433026,0,0
0,35,14,put both the alphabet soup and the cream cheese box in the basket,FULL_HIT,0.998301,0.004128,0.001696,0.393830,31.225558,0.014241,0.006334,31.744167,0,0
0,35,15,put both the alphabet soup and the cream cheese box in the basket,FULL_HIT,0.998270,0.004034,0.001675,1.128810,29.268153,0.013913,0.007004,30.526402,0,0
0,35,16,put both the alphabet soup and the cream cheese box in the basket,FULL_HIT,0.998337,0.003795,0.001643,0.389211,29.311365,0.013989,0.007021,29.825913,0,0
0,35,17,put both the alphabet soup and the cream cheese box in the basket,FULL_HIT,0.998331,0.003592,0.001945,0.434618,30.893441,0.014301,0.007067,31.475260,0,0
0,35,18,put both the alphabet soup and the cream cheese box in the basket,FULL_HIT,0.998328,0.004081,0.001641,1.206612,30.010662,0.012378,0.017936,31.355378,0,0
0,35,19,put both the alphabet soup and the cream cheese box in the basket,FULL_HIT,0.998303,0.003853,0.001638,0.402544,29.432455,0.012537,0.007280,29.955700,0,0
0,35,20,put both the alphabet soup and the cream cheese box in the basket,FULL_HIT,0.998334,0.003667,0.001853,0.379269,29.487552,0.013419,0.006960,29.986871,0,0
0,35,21,put both the alphabet soup and the cream cheese box in the basket,FULL_HIT,0.998348,0.003519,0.001607,1.117415,29.051992,0.012798,0.007098,30.293238,0,0
0,35,22,put both the alphabet soup and the cream cheese box in the basket,FULL_HIT,0.998300,0.003680,0.001697,0.394706,28.882568,0.013184,0.006395,29.407603,0,0
0,35,23,put both the alphabet soup and the cream cheese box in the basket,FULL_HIT,0.998450,0.003727,0.001719,0.395549,29.016930,0.012689,0.006459,29.535145,0,0
0,35,24,put both the alphabet soup and the cream cheese box in the basket,FULL_HIT,0.998540,0.003807,0.001509,1.094370,28.888384,0.012808,0.006899,30.108346,0,0
0,35,25,put both the alphabet soup and the cream cheese box in the basket,FULL_HIT,0.998573,0.003685,0.001699,0.399347,29.011561,0.012067,0.006417,29.544638,0,0
0,35,26,put both the alphabet soup and the cream cheese box in the basket,FULL_HIT,0.998645,0.004045,0.001654,0.389925,29.279082,0.014097,0.009944,29.824529,0,0
0,35,27,put both the alphabet soup and the cream cheese box in the basket,FULL_HIT,0.998722,0.003638,0.001598,1.139528,31.996518,0.013257,0.010094,33.261973,0,0
0,35,28,put both the alphabet soup and the cream cheese box in the basket,FULL_HIT,0.998782,0.004102,0.002038,0.408489,29.148913,0.013114,0.006522,29.678820,0,0
0,35,29,put both the alphabet soup and the cream cheese box in the basket,FULL_HIT,0.998781,0.004518,0.001707,0.400047,29.113873,0.012464,0.006758,29.636406,0,0
0,35,30,put both the alphabet soup and the cream cheese box in the basket,FULL_HIT,0.998692,0.003778,0.001882,1.138843,29.579738,0.020693,0.006222,30.848550,0,0
0,35,31,put both the alphabet soup and the cream cheese box in the basket,FULL_HIT,0.998624,0.003731,0.001672,0.395105,29.235099,0.013026,0.014381,29.773879,0,0
0,35,32,put both the alphabet soup and the cream cheese box in the basket,FULL_HIT,0.998652,0.004035,0.008439,0.420953,30.179843,0.012336,0.011470,30.772151,0,0
0,35,33,put both the alphabet soup and the cream cheese box in the basket,FULL_HIT,0.998644,0.004259,0.001652,1.307370,32.333239,0.014007,0.007086,33.775481,0,0
0,35,34,put both the alphabet soup and the cream cheese box in the basket,FULL_HIT,0.998716,0.003915,0.018578,0.447022,29.914797,0.012962,0.005891,30.507215,0,0
0,35,35,put both the alphabet soup and the cream cheese box in the basket,FULL_HIT,0.998692,0.004470,0.001963,0.415270,30.721324,0.012208,0.006976,31.264267,0,0
0,35,36,put both the alphabet soup and the cream cheese box in the basket,FULL_HIT,0.998647,0.004526,0.001912,1.175733,48.238305,0.013373,0.007116,49.562530,0,0
0,35,37,put both the alphabet soup and the cream cheese box in the basket,FULL_HIT,0.998461,0.004790,0.002159,0.439557,31.900158,0.012956,0.006605,32.471683,0,0
0,35,38,put both the alphabet soup and the cream cheese box in the basket,FULL_HIT,0.998454,0.004108,0.001726,0.413443,30.178767,0.012633,0.010843,30.720156,0,0
0,35,39,put both the alphabet soup and the cream cheese box in the basket,FULL_HIT,0.998544,0.004368,0.001803,1.241029,29.910956,0.014235,0.007203,31.286754,0,0
0,35,40,put both the alphabet soup and the cream cheese box in the basket,FULL_HIT,0.998494,0.004466,0.002120,0.422542,29.933327,0.011171,0.005513,30.480665,0,0
0,35,41,put both the alphabet soup and the cream cheese box in the basket,FULL_HIT,0.998649,0.004464,0.001812,0.403797,29.380217,0.011417,0.005579,29.901297,0,0
0,35,42,put both the alphabet soup and the cream cheese box in the basket,FULL_HIT,0.998595,0.003988,0.001829,1.064960,29.383379,0.010955,0.015268,30.587967,0,0
0,35,43,put both the alphabet soup and the cream cheese box in the basket,FULL_HIT,0.998591,0.004155,0.001843,0.399981,38.635917,0.021479,0.009701,39.248293,0,0
0,35,44,put both the alphabet soup and the cream cheese box in the basket,FULL_HIT,0.998671,0.007386,0.001765,0.420071,37.116321,0.012485,0.006234,37.668410,0,0
0,35,45,put both the alphabet soup and the cream cheese box in the basket,FULL_HIT,0.998659,0.004249,0.001993,1.237907,29.952734,0.012359,0.005820,31.318396,0,0
0,35,46,put both the alphabet soup and the cream cheese box in the basket,FULL_HIT,0.998595,0.003850,0.007359,0.407959,29.819821,0.011255,0.005448,30.359634,0,0
0,35,47,put both the alphabet soup and the cream cheese box in the basket,FULL_HIT,0.998630,0.003893,0.001832,0.415398,29.666015,0.011778,0.006173,30.219269,0,0
0,35,48,put both the alphabet soup and the cream cheese box in the basket,FULL_HIT,0.998590,0.004425,0.002266,1.225604,32.573901,0.011377,0.007711,33.945173,0,0
0,38,0,put both the alphabet soup and the cream cheese box in the basket,FULL_HIT,0.998871,0.004217,0.001946,0.413570,30.483488,0.014594,0.007063,31.048312,0,0
0,38,1,put both the alphabet soup and the cream cheese box in the basket,FULL_HIT,0.998853,0.004427,0.002523,0.429299,30.178136,0.013500,0.007166,30.738726,0,0
0,38,2,put both the alphabet soup and the cream cheese box in the basket,FULL_HIT,0.998825,0.004161,0.001715,0.413608,29.727153,0.010519,0.005776,30.256453,0,0
0,38,3,put both the alphabet soup and the cream cheese box in the basket,FULL_HIT,0.998780,0.004086,0.002139,1.253619,32.741087,0.011680,0.005733,34.115429,0,0
0,38,4,put both the alphabet soup and the cream cheese box in the basket,FULL_HIT,0.998793,0.004075,0.001965,0.433258,32.267120,0.011054,0.016381,32.829940,0,0
0,38,5,put both the alphabet soup and the cream cheese box in the basket,FULL_HIT,0.998786,0.004596,0.002153,0.426605,32.002710,0.010531,0.006775,32.549995,0,0
0,38,6,put both the alphabet soup and the cream cheese box in the basket,FULL_HIT,0.998777,0.004377,0.001947,1.316500,32.280352,0.011969,0.006670,33.722672,0,0
0,38,7,put both the alphabet soup and the cream cheese box in the basket,FULL_HIT,0.998783,0.004371,0.001810,0.425103,32.275681,0.012098,0.005963,32.832489,0,0
0,38,8,put both the alphabet soup and the cream cheese box in the basket,FULL_HIT,0.998774,0.004579,0.002064,0.434617,32.238947,0.012320,0.006243,32.799569,0,0
0,38,9,put both the alphabet soup and the cream cheese box in the basket,FULL_HIT,0.998727,0.004376,0.001959,1.200662,33.057144,0.011187,0.005734,34.382162,0,0
0,38,10,put both the alphabet soup and the cream cheese box in the basket,FULL_HIT,0.998676,0.004158,0.001944,0.426983,29.808286,0.013252,0.006054,30.358034,0,0
0,38,11,put both the alphabet soup and the cream cheese box in the basket,FULL_HIT,0.998684,0.004395,0.002064,0.411647,29.735172,0.013006,0.013353,30.278768,0,0
0,38,12,put both the alphabet soup and the cream cheese box in the basket,FULL_HIT,0.998720,0.004207,0.001829,1.252980,30.146358,0.014828,0.008104,31.533083,0,0
0,38,13,put both the alphabet soup and the cream cheese box in the basket,FULL_HIT,0.998646,0.005046,0.002366,0.462778,30.552058,0.013883,0.007361,31.160022,0,0
0,38,14,put both the alphabet soup and the cream cheese box in the basket,FULL_HIT,0.998660,0.005070,0.002034,0.424288,30.197135,0.013667,0.007193,30.767268,0,0
0,38,15,put both the alphabet soup and the cream cheese box in the basket,FULL_HIT,0.998465,0.004789,0.004894,1.203369,29.909213,0.012610,0.007262,31.256936,0,0
0,38,16,put both the alphabet soup and the cream cheese box in the basket,FULL_HIT,0.998409,0.004096,0.002159,0.423624,30.756811,0.013707,0.006437,31.317307,0,0
0,38,17,put both the alphabet soup and the cream cheese box in the basket,FULL_HIT,0.998316,0.004601,0.002472,0.402588,29.459352,0.013139,0.007034,29.997245,0,0
0,38,18,put both the alphabet soup and the cream cheese box in the basket,FULL_HIT,0.998284,0.004873,0.002191,1.164139,29.656691,0.013770,0.021795,30.986209,0,0
0,38,19,put both the alphabet soup and the cream cheese box in the basket,FULL_HIT,0.998236,0.004534,0.002200,0.418345,29.438486,0.014007,0.008556,29.999844,0,0
0,38,20,put both the alphabet soup and the cream cheese box in the basket,FULL_HIT,0.998228,0.004901,0.002217,0.411747,29.330871,0.013187,0.020857,29.897607,0,0
0,38,21,put both the alphabet soup and the cream cheese box in the basket,FULL_HIT,0.998168,0.004754,0.002148,1.174000,29.632387,0.014404,0.007116,30.944100,0,0
0,38,22,put both the alphabet soup and the cream cheese box in the basket,FULL_HIT,0.998086,0.003915,0.001690,0.389778,29.163196,0.012989,0.006979,29.687324,0,0
0,38,23,put both the alphabet soup and the cream cheese box in the basket,FULL_HIT,0.998191,0.003944,0.001697,0.407761,28.973932,0.025210,0.006943,29.519789,0,0
0,38,24,put both the alphabet soup and the cream cheese box in the basket,FULL_HIT,0.998258,0.003642,0.001615,1.113714,29.045871,0.014868,0.007392,30.290455,0,0
0,38,25,put both the alphabet soup and the cream cheese box in the basket,FULL_HIT,0.998220,0.004337,0.001731,0.405670,28.953646,0.013998,0.007426,29.499391,0,0
0,38,26,put both the alphabet soup and the cream cheese box in the basket,FULL_HIT,0.998190,0.003936,0.001780,0.399646,30.488716,0.013062,0.020257,31.029229,0,0
0,38,27,put both the alphabet soup and the cream cheese box in the basket,FULL_HIT,0.998214,0.003764,0.001691,1.183238,62.111846,0.016962,0.008324,63.441604,0,0
0,38,28,put both the alphabet soup and the cream cheese box in the basket,FULL_HIT,0.998208,0.003926,0.001763,0.475963,30.632559,0.013993,0.011469,31.236266,0,0
0,38,29,put both the alphabet soup and the cream cheese box in the basket,FULL_HIT,0.998273,0.004210,0.001628,0.444012,32.968648,0.013702,0.006739,33.556964,0,0
0,38,30,put both the alphabet soup and the cream cheese box in the basket,FULL_HIT,0.998650,0.003789,0.001965,1.217388,30.565426,0.013667,0.006719,31.908180,0,0
0,38,31,put both the alphabet soup and the cream cheese box in the basket,FULL_HIT,0.998733,0.004300,0.001744,0.400665,30.260302,0.013797,0.006508,30.793907,0,0
0,38,32,put both the alphabet soup and the cream cheese box in the basket,FULL_HIT,0.998680,0.003857,0.001818,0.410515,29.940386,0.013641,0.020216,30.494868,0,0
0,38,33,put both the alphabet soup and the cream cheese box in the basket,FULL_HIT,0.998642,0.003881,0.001799,1.130477,30.278045,0.013286,0.007253,31.538622,0,0
0,38,34,put both the alphabet soup and the cream cheese box in the basket,FULL_HIT,0.998647,0.004019,0.001896,0.410942,29.092857,0.013408,0.007054,29.635365,0,0
0,38,35,put both the alphabet soup and the cream cheese box in the basket,FULL_HIT,0.998631,0.004066,0.001885,0.384454,29.007073,0.014184,0.006998,29.518564,0,0
0,38,36,put both the alphabet soup and the cream cheese box in the basket,FULL_HIT,0.998604,0.003730,0.001731,1.120918,29.104682,0.013765,0.006685,30.358690,0,0
0,38,37,put both the alphabet soup and the cream cheese box in the basket,FULL_HIT,0.998590,0.004074,0.001729,0.393497,29.016307,0.013731,0.006635,29.534301,0,0
0,38,38,put both the alphabet soup and the cream cheese box in the basket,FULL_HIT,0.998646,0.003908,0.001900,0.414523,28.959063,0.012909,0.006816,29.513063,0,0
0,38,39,put both the alphabet soup and the cream cheese box in the basket,FULL_HIT,0.998638,0.004142,0.002073,1.151729,31.411029,0.014274,0.006444,32.692332,0,0
0,38,40,put both the alphabet soup and the cream cheese box in the basket,FULL_HIT,0.998663,0.004078,0.001862,0.409940,29.389696,0.014436,0.007459,29.945817,0,0
0,38,41,put both the alphabet soup and the cream cheese box in the basket,FULL_HIT,0.998646,0.003841,0.001795,0.413892,29.212731,0.013360,0.006590,29.760570,0,0
0,38,42,put both the alphabet soup and the cream cheese box in the basket,FULL_HIT,0.998593,0.003631,0.001631,1.178424,29.380149,0.013403,0.007163,30.689656,0,0
0,38,43,put both the alphabet soup and the cream cheese box in the basket,FULL_HIT,0.998599,0.004335,0.001815,0.397525,29.131643,0.012871,0.006403,29.655031,0,0
0,38,44,put both the alphabet soup and the cream cheese box in the basket,FULL_HIT,0.998589,0.003988,0.001717,0.391572,36.590801,0.013429,0.006948,37.114377,0,0
0,38,45,put both the alphabet soup and the cream cheese box in the basket,FULL_HIT,0.998616,0.003956,0.001659,1.105460,73.221995,0.012588,0.012146,74.461176,0,0
0,38,46,put both the alphabet soup and the cream cheese box in the basket,FULL_HIT,0.998586,0.004166,0.002157,0.419361,32.407691,0.024520,0.007220,32.979343,0,0
0,38,47,put both the alphabet soup and the cream cheese box in the basket,FULL_HIT,0.998539,0.019513,0.001890,0.509980,83.905997,0.028824,0.041308,84.690242,0,0
0,38,48,put both the alphabet soup and the cream cheese box in the basket,FULL_HIT,0.998547,0.004636,0.001951,2.483557,31.200056,0.014041,0.006450,33.826931,0,0
0,38,49,put both the alphabet soup and the cream cheese box in the basket,FULL_HIT,0.998623,0.004304,0.001824,0.418108,31.503837,0.013756,0.006744,32.057506,0,0
0,38,50,put both the alphabet soup and the cream cheese box in the basket,FULL_HIT,0.998654,0.004132,0.001964,0.417001,31.463451,0.013442,0.007253,32.031295,0,0
0,38,51,put both the alphabet soup and the cream cheese box in the basket,FULL_HIT,0.998612,0.003888,0.001777,1.110721,31.185526,0.063498,0.011843,32.481592,0,0
0,38,52,put both the alphabet soup and the cream cheese box in the basket,FULL_HIT,0.998713,0.012363,0.001760,0.433238,29.575108,0.013326,0.007064,30.169253,0,0
0,38,53,put both the alphabet soup and the cream cheese box in the basket,FULL_HIT,0.998668,0.004694,0.001899,0.413820,34.191774,0.017068,0.007680,34.756260,0,0
0,38,54,put both the alphabet soup and the cream cheese box in the basket,FULL_HIT,0.998259,0.004359,0.001887,1.398996,32.960462,0.013728,0.006774,34.508839,0,0
0,39,0,put both the alphabet soup and the cream cheese box in the basket,FULL_HIT,0.998871,0.004005,0.001940,0.417527,30.353244,0.012952,0.006937,30.899266,0,0
0,39,1,put both the alphabet soup and the cream cheese box in the basket,FULL_HIT,0.998849,0.004008,0.001677,0.402977,29.707642,0.013311,0.019564,30.250161,0,0
0,39,2,put both the alphabet soup and the cream cheese box in the basket,FULL_HIT,0.998801,0.003870,0.001738,0.438029,29.355683,0.012909,0.022089,29.933695,0,0
0,39,3,put both the alphabet soup and the cream cheese box in the basket,FULL_HIT,0.998817,0.003744,0.001798,1.189674,32.120420,0.014696,0.011517,33.446224,0,0
0,39,4,put both the alphabet soup and the cream cheese box in the basket,FULL_HIT,0.998804,0.004234,0.001876,0.430396,31.993104,0.014500,0.006981,32.576780,0,0
0,39,5,put both the alphabet soup and the cream cheese box in the basket,FULL_HIT,0.998767,0.004189,0.002231,0.431518,31.992482,0.013890,0.006520,32.561574,0,0
0,39,6,put both the alphabet soup and the cream cheese box in the basket,FULL_HIT,0.998773,0.004001,0.001753,1.277710,60.227194,0.013473,0.006947,61.645660,0,0
0,39,7,put both the alphabet soup and the cream cheese box in the basket,FULL_HIT,0.998802,0.003962,0.001917,0.451687,30.957305,0.013299,0.007061,31.534732,0,0
0,39,8,put both the alphabet soup and the cream cheese box in the basket,FULL_HIT,0.998770,0.004002,0.001898,0.429399,30.393716,0.014257,0.006857,30.948835,0,0
0,39,9,put both the alphabet soup and the cream cheese box in the basket,FULL_HIT,0.998735,0.003940,0.001984,1.337715,30.285127,0.013370,0.006668,31.750092,0,0
0,39,10,put both the alphabet soup and the cream cheese box in the basket,FULL_HIT,0.998652,0.004430,0.001778,0.425711,30.107713,0.013153,0.006796,30.669747,0,0
0,39,11,put both the alphabet soup and the cream cheese box in the basket,FULL_HIT,0.998413,0.003938,0.001714,0.411387,29.435417,0.013641,0.006730,29.989571,0,0
0,39,12,put both the alphabet soup and the cream cheese box in the basket,FULL_HIT,0.998549,0.003703,0.001669,1.253753,29.506240,0.020005,0.007056,30.893411,0,0
0,39,13,put both the alphabet soup and the cream cheese box in the basket,FULL_HIT,0.998541,0.004257,0.001886,0.456600,30.597608,0.013344,0.019902,31.198999,0,0
0,39,14,put both the alphabet soup and the cream cheese box in the basket,FULL_HIT,0.998591,0.004041,0.001734,0.385973,29.282062,0.013591,0.021663,29.832945,0,0
0,39,15,put both the alphabet soup and the cream cheese box in the basket,FULL_HIT,0.998492,0.003945,0.001702,1.190177,29.560101,0.013834,0.006807,30.886127,0,0
0,39,16,put both the alphabet soup and the cream cheese box in the basket,FULL_HIT,0.998458,0.004182,0.001821,0.413601,29.411313,0.014469,0.007156,29.962661,0,0
0,39,17,put both the alphabet soup and the cream cheese box in the basket,FULL_HIT,0.998503,0.003717,0.001848,0.382641,28.928626,0.014334,0.006645,29.458871,0,0
0,39,18,put both the alphabet soup and the cream cheese box in the basket,FULL_HIT,0.998509,0.003997,0.001760,1.151648,31.625302,0.014381,0.006704,32.908333,0,0
0,39,19,put both the alphabet soup and the cream cheese box in the basket,FULL_HIT,0.998447,0.004315,0.001826,0.419629,31.665825,0.014217,0.007205,32.226887,0,0
0,39,20,put both the alphabet soup and the cream cheese box in the basket,FULL_HIT,0.998468,0.004154,0.002017,0.417995,31.638967,0.014063,0.006498,32.187673,0,0
0,39,21,put both the alphabet soup and the cream cheese box in the basket,FULL_HIT,0.998570,0.004221,0.001805,1.145742,31.734523,0.013280,0.019646,33.023571,0,0
0,39,22,put both the alphabet soup and the cream cheese box in the basket,FULL_HIT,0.998610,0.003921,0.001937,0.425282,31.581372,0.012630,0.011771,32.140910,0,0
0,39,23,put both the alphabet soup and the cream cheese box in the basket,FULL_HIT,0.998591,0.004605,0.001902,0.406983,38.222186,0.013910,0.006452,38.758793,0,0
0,39,24,put both the alphabet soup and the cream cheese box in the basket,FULL_HIT,0.998630,0.004200,0.001666,1.244611,29.794499,0.013180,0.006052,31.170953,0,0
0,39,25,put both the alphabet soup and the cream cheese box in the basket,FULL_HIT,0.998590,0.004111,0.001676,0.392325,29.427003,0.012954,0.011396,29.959677,0,0
0,39,26,put both the alphabet soup and the cream cheese box in the basket,FULL_HIT,0.998628,0.004397,0.001596,0.418153,29.400379,0.013043,0.006277,29.943228,0,0
0,39,27,put both the alphabet soup and the cream cheese box in the basket,FULL_HIT,0.998611,0.003913,0.001693,1.194365,29.308454,0.012659,0.006786,30.629667,0,0
0,39,28,put both the alphabet soup and the cream cheese box in the basket,FULL_HIT,0.998663,0.003777,0.001681,0.398018,29.198297,0.013065,0.006778,29.726523,0,0
0,39,29,put both the alphabet soup and the cream cheese box in the basket,FULL_HIT,0.998673,0.004252,0.001858,0.421230,32.168639,0.013511,0.006636,32.718679,0,0
0,39,30,put both the alphabet soup and the cream cheese box in the basket,FULL_HIT,0.998712,0.004307,0.001650,1.260278,30.057167,0.013013,0.014158,31.453411,0,0
0,39,31,put both the alphabet soup and the cream cheese box in the basket,FULL_HIT,0.998582,0.003821,0.001720,0.418082,29.783307,0.013851,0.006357,30.327712,0,0
0,39,32,put both the alphabet soup and the cream cheese box in the basket,FULL_HIT,0.998627,0.003747,0.001733,0.405211,30.081362,0.013062,0.006443,30.614173,0,0
0,39,33,put both the alphabet soup and the cream cheese box in the basket,FULL_HIT,0.998613,0.004140,0.001722,1.183363,29.596243,0.013927,0.006921,30.911318,0,0
0,39,34,put both the alphabet soup and the cream cheese box in the basket,FULL_HIT,0.998575,0.003814,0.001567,0.394401,29.344175,0.013763,0.006757,29.864731,0,0
0,39,35,put both the alphabet soup and the cream cheese box in the basket,FULL_HIT,0.998456,0.003916,0.001715,0.435515,29.585786,0.012719,0.006797,30.148827,0,0
0,39,36,put both the alphabet soup and the cream cheese box in the basket,FULL_HIT,0.998359,0.004062,0.001639,1.125090,29.277183,0.013482,0.006913,30.529401,0,0
0,39,37,put both the alphabet soup and the cream cheese box in the basket,FULL_HIT,0.998320,0.004382,0.001745,0.393831,29.106214,0.013484,0.011605,29.642220,0,0
0,39,38,put both the alphabet soup and the cream cheese box in the basket,FULL_HIT,0.998120,0.003897,0.001777,0.385151,29.030628,0.014117,0.006606,29.546724,0,0
0,39,39,put both the alphabet soup and the cream cheese box in the basket,FULL_HIT,0.997926,0.003994,0.001844,1.159481,32.060679,0.013661,0.005993,33.349825,0,0
0,39,40,put both the alphabet soup and the cream cheese box in the basket,FULL_HIT,0.997823,0.012439,0.001684,0.429876,30.760018,0.013008,0.006937,31.337024,0,0
0,39,41,put both the alphabet soup and the cream cheese box in the basket,FULL_HIT,0.997849,0.003996,0.001663,0.406426,31.709881,0.023105,0.025268,32.289569,0,0
0,39,42,put both the alphabet soup and the cream cheese box in the basket,FULL_HIT,0.997761,0.003871,0.001704,1.265435,38.139480,0.012941,0.006727,39.536637,0,0
0,39,43,put both the alphabet soup and the cream cheese box in the basket,FULL_HIT,0.997492,0.004158,0.001788,0.424552,31.133616,0.013232,0.006469,31.685743,0,0
0,39,44,put both the alphabet soup and the cream cheese box in the basket,FULL_HIT,0.997199,0.003915,0.001680,0.406655,29.546578,0.013382,0.011070,30.091655,0,0
0,39,45,put both the alphabet soup and the cream cheese box in the basket,FULL_HIT,0.997060,0.004047,0.001685,1.293473,32.329181,0.013129,0.006748,33.762573,0,0
0,39,46,put both the alphabet soup and the cream cheese box in the basket,FULL_HIT,0.996719,0.004055,0.001766,0.413030,30.029406,0.023290,0.007212,30.582073,0,0
0,39,47,put both the alphabet soup and the cream cheese box in the basket,FULL_HIT,0.997088,0.003672,0.001612,0.414731,37.265108,0.014030,0.006495,37.818955,0,0
0,39,48,put both the alphabet soup and the cream cheese box in the basket,FULL_HIT,0.997382,0.004859,0.002111,1.897933,39.490027,0.012343,0.007986,41.538607,0,0
0,39,49,put both the alphabet soup and the cream cheese box in the basket,FULL_HIT,0.997330,0.004594,0.002133,0.584757,36.166123,0.011487,0.006052,36.883904,0,0
0,39,50,put both the alphabet soup and the cream cheese box in the basket,FULL_HIT,0.996086,0.004018,0.001812,0.402245,29.417309,0.010875,0.006167,29.943387,0,0
0,39,51,put both the alphabet soup and the cream cheese box in the basket,FULL_HIT,0.996396,0.004138,0.001844,1.180717,30.046566,0.013995,0.006636,31.375466,0,0
0,39,52,put both the alphabet soup and the cream cheese box in the basket,FULL_HIT,0.996805,0.004555,0.002003,0.420216,29.729211,0.011126,0.005882,30.277059,0,0
0,39,53,put both the alphabet soup and the cream cheese box in the basket,FULL_HIT,0.996349,0.004666,0.001844,0.407001,29.623580,0.012099,0.005595,30.151197,0,0
0,39,54,put both the alphabet soup and the cream cheese box in the basket,FULL_HIT,0.996368,0.004470,0.001643,1.164182,29.357413,0.010437,0.005994,30.656589,0,0
0,39,55,put both the alphabet soup and the cream cheese box in the basket,FULL_HIT,0.993372,0.004141,0.001909,0.395363,29.585509,0.011888,0.005262,30.101086,0,0
0,40,0,put both moka pots on the stove,FULL_HIT,0.998838,0.003944,0.001893,1.068874,129.189415,0.010516,0.005914,130.379629,0,0
0,40,1,put both moka pots on the stove,FULL_HIT,0.998678,0.003959,0.002282,0.411520,41.337620,0.013620,0.007136,41.891902,0,0
0,40,2,put both moka pots on the stove,FULL_HIT,0.998612,0.004347,0.001786,0.397547,41.115000,0.012907,0.005847,41.639702,0,0
0,40,3,put both moka pots on the stove,FULL_HIT,0.998590,0.004423,0.001918,1.044665,40.898962,0.011826,0.010354,42.076394,0,0
0,40,4,put both moka pots on the stove,FULL_HIT,0.998578,0.004005,0.001787,0.405299,40.287705,0.010814,0.008090,40.824247,0,0
0,40,5,put both moka pots on the stove,FULL_HIT,0.998570,0.004057,0.001982,0.392559,40.647284,0.010735,0.010606,41.160642,0,0
0,40,6,put both moka pots on the stove,FULL_HIT,0.998567,0.003743,0.001885,1.063798,41.059751,0.010916,0.006060,42.238706,0,0
0,40,7,put both moka pots on the stove,FULL_HIT,0.998577,0.004013,0.001845,0.392487,40.580275,0.012035,0.005933,41.088304,0,0
0,40,8,put both moka pots on the stove,FULL_HIT,0.998586,0.004080,0.001749,0.403008,40.798529,0.011743,0.006046,41.318852,0,0
0,40,9,put both moka pots on the stove,FULL_HIT,0.998575,0.004272,0.001793,1.077688,41.016652,0.011618,0.005923,42.213227,0,0
0,40,10,put both moka pots on the stove,FULL_HIT,0.998590,0.003852,0.001937,0.392249,40.845712,0.012358,0.006569,41.365351,0,0
0,40,11,put both moka pots on the stove,FULL_HIT,0.998643,0.003782,0.001777,0.397200,40.618925,0.013101,0.006126,41.135897,0,0
0,40,12,put both moka pots on the stove,FULL_HIT,0.998711,0.003920,0.001689,1.072678,41.490450,0.013771,0.010933,42.693139,0,0
0,40,13,put both moka pots on the stove,FULL_HIT,0.998754,0.004191,0.001842,0.401508,44.934190,0.015517,0.009333,45.489527,0,0
0,40,14,put both moka pots on the stove,FULL_HIT,0.998737,0.004573,0.002212,0.433719,43.685138,0.014101,0.007195,44.267656,0,0
0,40,15,put both moka pots on the stove,FULL_HIT,0.998640,0.004579,0.002126,1.059431,41.859292,0.012467,0.006545,43.051916,0,0
0,40,16,put both moka pots on the stove,FULL_HIT,0.998658,0.003858,0.001784,0.405721,41.548739,0.012972,0.007160,42.083457,0,0
0,40,17,put both moka pots on the stove,FULL_HIT,0.998626,0.005497,0.002504,0.419937,42.679736,0.013518,0.021317,43.258579,0,0
0,40,18,put both moka pots on the stove,FULL_HIT,0.998626,0.004258,0.001966,1.062751,41.243712,0.013191,0.010488,42.452171,0,0
0,40,19,put both moka pots on the stove,FULL_HIT,0.998600,0.004210,0.002086,0.418395,41.073506,0.014223,0.007027,41.623863,0,0
0,40,20,put both moka pots on the stove,FULL_HIT,0.998677,0.004085,0.001893,0.396699,41.283498,0.013412,0.007508,41.808665,0,0
0,40,21,put both moka pots on the stove,FULL_HIT,0.998588,0.004266,0.002315,1.035279,41.386115,0.013180,0.017491,42.564457,0,0
0,40,22,put both moka pots on the stove,FULL_HIT,0.998187,0.004093,0.001955,0.386814,41.474555,0.012385,0.007225,41.987516,0,0
0,40,23,put both moka pots on the stove,FULL_HIT,0.997758,0.004325,0.001978,0.423425,41.231328,0.013337,0.012057,41.789081,0,0
0,40,24,put both moka pots on the stove,FULL_HIT,0.998277,0.004076,0.001881,1.030498,43.154833,0.015436,0.007201,44.322033,0,0
0,40,25,put both moka pots on the stove,FULL_HIT,0.998316,0.004398,0.001805,0.430903,41.221094,0.013194,0.006788,41.808784,0,0
0,40,26,put both moka pots on the stove,FULL_HIT,0.998301,0.004150,0.001679,0.376258,44.655517,0.012878,0.006466,45.155839,0,0
0,40,27,put both moka pots on the stove,FULL_HIT,0.998203,0.003683,0.001589,1.053662,48.733172,0.014381,0.007082,49.915735,0,0
0,40,28,put both moka pots on the stove,FULL_HIT,0.998265,0.004211,0.001608,0.394304,41.352560,0.013522,0.007818,41.872300,0,0
0,40,29,put both moka pots on the stove,FULL_HIT,0.998231,0.003875,0.001775,0.402681,41.535325,0.013020,0.006811,42.061193,0,0
0,40,30,put both moka pots on the stove,FULL_HIT,0.998220,0.004201,0.001694,1.010037,41.486007,0.013820,0.006748,42.636547,0,0
0,40,31,put both moka pots on the stove,FULL_HIT,0.998234,0.003941,0.001682,0.430595,41.245488,0.013542,0.006488,41.801961,0,0
0,40,32,put both moka pots on the stove,FULL_HIT,0.998239,0.003831,0.001936,0.385449,40.879250,0.014034,0.006340,41.402740,0,0
0,40,33,put both moka pots on the stove,FULL_HIT,0.998238,0.003855,0.001788,1.046017,40.680079,0.013743,0.007184,41.883342,0,0
0,40,34,put both moka pots on the stove,FULL_HIT,0.998254,0.003905,0.001625,0.388741,41.637713,0.013946,0.006693,42.162525,0,0
0,40,35,put both moka pots on the stove,FULL_HIT,0.998222,0.004077,0.001785,0.391341,41.791618,0.013755,0.007403,42.314611,0,0
0,40,36,put both moka pots on the stove,FULL_HIT,0.998211,0.003719,0.001814,1.107533,41.003988,0.014354,0.006220,42.240825,0,0
0,40,37,put both moka pots on the stove,FULL_HIT,0.998192,0.004316,0.001665,0.397127,40.707207,0.013466,0.007058,41.232428,0,0
0,40,38,put both moka pots on the stove,FULL_HIT,0.998170,0.004412,0.001823,0.376547,40.411238,0.013632,0.006624,40.914461,0,0
0,40,39,put both moka pots on the stove,FULL_HIT,0.998243,0.003731,0.001901,1.214814,41.042053,0.013835,0.006770,42.392824,0,0
0,40,40,put both moka pots on the stove,FULL_HIT,0.998546,0.004014,0.001692,0.402109,43.398123,0.012897,0.006896,43.924479,0,0
0,40,41,put both moka pots on the stove,FULL_HIT,0.998568,0.003983,0.001700,0.383644,40.351643,0.013673,0.007166,40.862785,0,0
0,40,42,put both moka pots on the stove,FULL_HIT,0.998611,0.003683,0.001713,1.115945,40.490792,0.012688,0.006132,41.729938,0,0
0,40,43,put both moka pots on the stove,FULL_HIT,0.998659,0.004128,0.001804,0.393502,61.203230,0.028407,0.015999,61.825753,0,0
0,40,44,put both moka pots on the stove,FULL_HIT,0.998638,0.009096,0.003552,0.734331,65.766501,0.013872,0.007655,66.685853,0,0
0,40,45,put both moka pots on the stove,FULL_HIT,0.998644,0.004254,0.001776,1.061198,44.921985,0.013467,0.007014,46.139729,0,0
0,40,46,put both moka pots on the stove,FULL_HIT,0.998665,0.004480,0.002098,0.424688,43.741144,0.015065,0.006968,44.326732,0,0
0,40,47,put both moka pots on the stove,FULL_HIT,0.998686,0.003942,0.001904,0.388065,43.308590,0.013278,0.006694,43.832736,0,0
0,40,48,put both moka pots on the stove,FULL_HIT,0.998677,0.003969,0.002003,1.075941,40.981204,0.013375,0.024303,42.200983,0,0
0,40,49,put both moka pots on the stove,FULL_HIT,0.998649,0.003942,0.001649,0.366445,40.687261,0.013369,0.006811,41.187861,0,0
0,40,50,put both moka pots on the stove,FULL_HIT,0.998636,0.003956,0.001689,0.392233,40.743427,0.013547,0.007217,41.259006,0,0
0,40,51,put both moka pots on the stove,FULL_HIT,0.998543,0.003898,0.001614,1.058004,41.105412,0.027464,0.006729,42.302245,0,0
0,40,52,put both moka pots on the stove,FULL_HIT,0.998403,0.003892,0.001702,0.374234,41.832595,0.012508,0.006667,42.330773,0,0
0,40,53,put both moka pots on the stove,FULL_HIT,0.998491,0.003995,0.001817,0.381790,40.444236,0.013707,0.015034,40.959161,0,0
0,40,54,put both moka pots on the stove,FULL_HIT,0.998389,0.003950,0.001575,1.040409,40.503077,0.013484,0.006839,41.671030,0,0
0,40,55,put both moka pots on the stove,FULL_HIT,0.998325,0.004296,0.001834,0.406369,42.888804,0.014012,0.007005,43.425282,0,0
0,40,56,put both moka pots on the stove,FULL_HIT,0.998379,0.003891,0.001714,0.411982,42.007357,0.013515,0.007197,42.552146,0,0
0,40,57,put both moka pots on the stove,FULL_HIT,0.998355,0.004087,0.001652,1.087031,42.108263,0.014196,0.007522,43.352893,0,0
0,40,58,put both moka pots on the stove,FULL_HIT,0.998266,0.004468,0.001578,0.388893,40.594087,0.013763,0.006914,41.113253,0,0
0,40,59,put both moka pots on the stove,FULL_HIT,0.998096,0.004319,0.001870,0.383321,40.600623,0.013599,0.007280,41.119601,0,0
0,40,60,put both moka pots on the stove,FULL_HIT,0.997892,0.003792,0.001733,0.411071,41.213554,0.013774,0.007649,41.765227,0,0
0,40,61,put both moka pots on the stove,FULL_HIT,0.998189,0.004106,0.001900,0.372268,42.542942,0.012833,0.007392,43.041034,0,0
0,40,62,put both moka pots on the stove,FULL_HIT,0.998107,0.003978,0.001623,0.358165,40.474491,0.013382,0.007136,40.957216,0,0
0,40,63,put both moka pots on the stove,FULL_HIT,0.998106,0.003773,0.001654,1.024224,40.431710,0.012968,0.006259,41.582382,0,0
0,40,64,put both moka pots on the stove,FULL_HIT,0.998086,0.004009,0.001722,0.393948,40.739015,0.020003,0.009399,41.298785,0,0
0,40,65,put both moka pots on the stove,FULL_HIT,0.997932,0.005995,0.001708,0.362860,40.454033,0.013779,0.006975,40.946727,0,0
0,40,66,put both moka pots on the stove,FULL_HIT,0.997785,0.004065,0.001721,0.383748,40.340108,0.013612,0.020099,40.866483,0,0
0,40,67,put both moka pots on the stove,FULL_HIT,0.997638,0.003825,0.001801,0.372851,43.520809,0.013821,0.007433,44.038510,0,0
0,40,68,put both moka pots on the stove,FULL_HIT,0.997639,0.003999,0.001866,0.337112,41.334420,0.013665,0.012313,41.804270,0,0
0,40,69,put both moka pots on the stove,FULL_HIT,0.997680,0.004158,0.001964,0.420305,44.663257,0.014005,0.006793,45.251014,0,0
0,40,70,put both moka pots on the stove,FULL_HIT,0.997610,0.003880,0.001713,0.354905,40.868232,0.014151,0.006911,41.365726,0,0
0,40,71,put both moka pots on the stove,FULL_HIT,0.997637,0.003775,0.001776,0.338644,42.730225,0.013441,0.022992,43.214051,0,0
0,40,72,put both moka pots on the stove,FULL_HIT,0.997591,0.003911,0.001832,1.090885,41.159784,0.013008,0.011949,42.383610,0,0
0,40,73,put both moka pots on the stove,FULL_HIT,0.998046,0.004051,0.001598,0.374388,40.822661,0.013966,0.007103,41.335234,0,0
0,40,74,put both moka pots on the stove,FULL_HIT,0.997988,0.003940,0.001641,0.377634,40.505185,0.013361,0.006947,41.015062,0,0
0,41,0,put both moka pots on the stove,FULL_HIT,0.998857,0.004470,0.001866,0.940154,40.395200,0.013623,0.007312,41.475019,0,0
0,41,1,put both moka pots on the stove,FULL_HIT,0.998779,0.004253,0.001875,0.391178,42.884812,0.013570,0.022015,43.421078,0,0
0,41,2,put both moka pots on the stove,FULL_HIT,0.998680,0.004437,0.002161,0.395722,43.567091,0.018005,0.014780,44.132313,0,0
0,41,3,put both moka pots on the stove,FULL_HIT,0.998701,0.005360,0.001866,1.015568,40.815808,0.013300,0.013037,41.996167,0,0
0,41,4,put both moka pots on the stove,FULL_HIT,0.998705,0.003791,0.001601,0.393892,40.576382,0.013063,0.007219,41.094272,0,0
0,41,5,put both moka pots on the stove,FULL_HIT,0.998671,0.003878,0.001762,0.400934,40.520249,0.013215,0.028916,41.069939,0,0
0,41,6,put both moka pots on the stove,FULL_HIT,0.998683,0.003656,0.001703,1.021054,40.577742,0.013745,0.011230,41.729257,0,0
0,41,7,put both moka pots on the stove,FULL_HIT,0.998727,0.004175,0.001804,0.388128,42.660014,0.013831,0.006934,43.172073,0,0
0,41,8,put both moka pots on the stove,FULL_HIT,0.998726,0.004071,0.002048,0.389924,42.652766,0.013438,0.007475,43.170883,0,0
0,41,9,put both moka pots on the stove,FULL_HIT,0.998707,0.003813,0.001645,1.044666,42.918220,0.013339,0.007169,44.093698,0,0
0,41,10,put both moka pots on the stove,FULL_HIT,0.998697,0.004036,0.002061,0.401198,89.236220,0.012599,0.007072,89.760231,0,0
0,41,11,put both moka pots on the stove,FULL_HIT,0.998715,0.004646,0.002007,8.635130,80.833489,0.011543,0.006485,89.602626,0,0
0,41,12,put both moka pots on the stove,FULL_HIT,0.998728,0.004064,0.001936,7.801002,75.252815,0.010746,0.020448,83.190133,0,0
0,41,13,put both moka pots on the stove,FULL_HIT,0.998711,0.004191,0.001811,7.370205,87.216432,0.011936,0.006294,94.718340,0,0
0,41,14,put both moka pots on the stove,FULL_HIT,0.998658,0.004761,0.001776,8.783533,80.906843,0.021622,0.006176,89.853976,0,0
0,41,15,put both moka pots on the stove,FULL_HIT,0.998580,0.004205,0.002047,7.918567,79.516477,0.012797,0.006745,87.569230,0,0
0,41,16,put both moka pots on the stove,FULL_HIT,0.998701,0.004196,0.002001,7.176635,81.733699,0.010756,0.010004,89.037513,0,0
0,41,17,put both moka pots on the stove,FULL_HIT,0.998654,0.004044,0.001690,7.160621,78.873482,0.011267,0.006152,86.157712,0,0
0,41,18,put both moka pots on the stove,FULL_HIT,0.998628,0.004241,0.001903,9.012109,69.529301,0.023294,0.020135,78.695066,0,0
0,41,19,put both moka pots on the stove,FULL_HIT,0.998651,0.003799,0.001653,0.377326,41.252232,0.013189,0.007082,41.753880,0,0
0,41,20,put both moka pots on the stove,FULL_HIT,0.998682,0.003816,0.001964,0.423173,43.481857,0.013115,0.022959,44.054257,0,0
0,41,21,put both moka pots on the stove,FULL_HIT,0.998732,0.003910,0.001718,1.110898,41.815334,0.013909,0.023841,43.071914,0,0
0,41,22,put both moka pots on the stove,FULL_HIT,0.998400,0.003930,0.001683,0.394826,40.777683,0.012843,0.006933,41.296403,0,0
0,41,23,put both moka pots on the stove,FULL_HIT,0.997207,0.003772,0.002101,0.411665,40.992106,0.012927,0.006903,41.530697,0,0
0,41,24,put both moka pots on the stove,FULL_HIT,0.997988,0.004152,0.001566,1.024046,40.386839,0.012838,0.007097,41.540055,0,0
0,41,25,put both moka pots on the stove,FULL_HIT,0.998007,0.003961,0.001596,0.402585,40.521609,0.013298,0.006706,41.047568,0,0
0,41,26,put both moka pots on the stove,FULL_HIT,0.998168,0.003870,0.001773,0.400970,40.610938,0.014268,0.006931,41.136094,0,0
0,41,27,put both moka pots on the stove,FULL_HIT,0.998259,0.003757,0.001720,1.125884,40.491478,0.014200,0.006909,41.742426,0,0
0,41,28,put both moka pots on the stove,FULL_HIT,0.998254,0.003866,0.001742,0.394808,41.906509,0.014536,0.013067,42.438088,0,0
0,41,29,put both moka pots on the stove,FULL_HIT,0.998375,0.003927,0.001820,0.387192,40.794398,0.013432,0.006738,41.306915,0,0
0,41,30,put both moka pots on the stove,FULL_HIT,0.998349,0.003845,0.001599,1.060166,40.889843,0.013604,0.007030,42.077232,0,0
0,41,31,put both moka pots on the stove,FULL_HIT,0.998450,0.004246,0.001668,0.393496,40.621358,0.013865,0.007040,41.141403,0,0
0,41,32,put both moka pots on the stove,FULL_HIT,0.998456,0.003847,0.002189,0.395597,40.742820,0.013548,0.007340,41.266975,0,0
0,41,33,put both moka pots on the stove,FULL_HIT,0.998502,0.003818,0.001647,1.074069,40.836539,0.013542,0.006863,42.036306,0,0
0,41,34,put both moka pots on the stove,FULL_HIT,0.998539,0.004491,0.001746,0.403976,41.046688,0.013617,0.006596,41.577400,0,0
0,41,35,put both moka pots on the stove,FULL_HIT,0.998546,0.003898,0.001696,0.396584,40.823487,0.013305,0.007562,41.372943,0,0
0,41,36,put both moka pots on the stove,FULL_HIT,0.998378,0.003766,0.001535,1.270827,40.605194,0.013267,0.009805,42.031436,0,0
0,41,37,put both moka pots on the stove,FULL_HIT,0.998133,0.003909,0.001836,0.408434,40.744225,0.014012,0.007417,41.291518,0,0
0,41,38,put both moka pots on the stove,FULL_HIT,0.998107,0.003837,0.001746,0.380848,40.507512,0.014053,0.006298,41.014049,0,0
0,41,39,put both moka pots on the stove,FULL_HIT,0.998442,0.003837,0.001611,1.053445,40.431737,0.012945,0.012507,41.617340,0,0
0,41,40,put both moka pots on the stove,FULL_HIT,0.998545,0.003763,0.001618,0.404904,40.380167,0.013415,0.011238,40.919070,0,0
0,41,41,put both moka pots on the stove,FULL_HIT,0.998610,0.003810,0.001827,0.399745,40.400866,0.013564,0.006894,40.926901,0,0
0,41,42,put both moka pots on the stove,FULL_HIT,0.998661,0.004289,0.001601,1.012603,40.586629,0.013314,0.007285,41.731645,0,0
0,41,43,put both moka pots on the stove,FULL_HIT,0.998646,0.004381,0.001869,0.404628,43.836322,0.013157,0.006845,44.376670,0,0
0,41,44,put both moka pots on the stove,FULL_HIT,0.998642,0.004964,0.001890,0.479495,44.426573,0.013631,0.007212,45.039473,0,0
0,41,45,put both moka pots on the stove,FULL_HIT,0.998667,0.004184,0.001562,1.052970,40.635713,0.013356,0.007082,41.824563,0,0
0,41,46,put both moka pots on the stove,FULL_HIT,0.998689,0.004476,0.001833,0.400219,40.341743,0.013335,0.017632,40.894083,0,0
0,41,47,put both moka pots on the stove,FULL_HIT,0.998706,0.003783,0.001774,0.390881,40.328810,0.013607,0.007156,40.845824,0,0
0,41,48,put both moka pots on the stove,FULL_HIT,0.998725,0.005151,0.002088,15.106102,100.546398,0.011351,0.008492,115.792827,0,0
0,41,49,put both moka pots on the stove,FULL_HIT,0.998704,0.004289,0.002025,7.363958,75.875231,0.010525,0.006215,83.365097,0,0
0,41,50,put both moka pots on the stove,FULL_HIT,0.998691,0.003988,0.002116,6.869566,77.403018,0.011541,0.017944,84.404827,0,0
0,41,51,put both moka pots on the stove,FULL_HIT,0.998666,0.004316,0.001702,8.032134,80.407856,0.011372,0.006051,88.559816,0,0
0,41,52,put both moka pots on the stove,FULL_HIT,0.998642,0.004309,0.001765,8.631926,79.369443,0.011386,0.006351,88.141803,0,0
0,41,53,put both moka pots on the stove,FULL_HIT,0.998624,0.005375,0.002368,8.266371,76.572694,0.011781,0.006148,84.987227,0,0
0,41,54,put both moka pots on the stove,FULL_HIT,0.998553,0.004275,0.001863,7.829719,75.306814,0.010649,0.006065,83.273233,0,0
0,41,55,put both moka pots on the stove,FULL_HIT,0.998456,0.004284,0.002033,7.147741,80.043551,0.010986,0.006410,87.327860,0,0
0,41,56,put both moka pots on the stove,FULL_HIT,0.998520,0.004033,0.001822,8.502638,76.657755,0.013155,0.005978,85.298254,0,0
0,41,57,put both moka pots on the stove,FULL_HIT,0.998475,0.004794,0.002539,8.854863,65.720352,0.013095,0.007019,74.725725,0,0
0,41,58,put both moka pots on the stove,FULL_HIT,0.998189,0.004233,0.001786,0.370992,42.557090,0.013311,0.006496,43.058364,0,0
0,41,59,put both moka pots on the stove,FULL_HIT,0.997825,0.003873,0.001586,0.372896,40.553913,0.013296,0.006566,41.049207,0,0
0,41,60,put both moka pots on the stove,FULL_HIT,0.997538,0.004438,0.001519,1.073101,41.244266,0.012779,0.006898,42.446950,0,0
0,41,61,put both moka pots on the stove,FULL_HIT,0.997919,0.003704,0.001859,0.372584,40.791706,0.013080,0.006453,41.292568,0,0
0,41,62,put both moka pots on the stove,FULL_HIT,0.997960,0.003918,0.001616,0.379606,42.563700,0.012694,0.020518,43.093460,0,0
0,41,63,put both moka pots on the stove,FULL_HIT,0.998128,0.004449,0.001659,1.056831,40.530137,0.013092,0.006619,41.713115,0,0
0,41,64,put both moka pots on the stove,FULL_HIT,0.998039,0.004368,0.001547,0.385954,40.659761,0.031749,0.007907,41.201456,0,0
0,41,65,put both moka pots on the stove,FULL_HIT,0.998088,0.004024,0.001684,0.424161,41.660720,0.012703,0.011248,42.247787,0,0
0,41,66,put both moka pots on the stove,FULL_HIT,0.998135,0.003810,0.001538,1.060683,40.508742,0.013491,0.021248,41.724014,0,0
0,41,67,put both moka pots on the stove,FULL_HIT,0.998035,0.004150,0.001624,0.382766,41.121962,0.013356,0.009076,41.657644,0,0
0,41,68,put both moka pots on the stove,FULL_HIT,0.998013,0.004299,0.002264,0.382147,45.039772,0.014252,0.006946,45.591656,0,0
0,41,69,put both moka pots on the stove,FULL_HIT,0.997753,0.004160,0.001775,0.416088,42.074327,0.012561,0.007429,42.618773,0,0
0,41,70,put both moka pots on the stove,FULL_HIT,0.998331,0.004643,0.001665,0.396699,40.866035,0.012975,0.010628,41.395965,0,0
0,41,71,put both moka pots on the stove,FULL_HIT,0.998355,0.003968,0.001820,0.353145,40.737892,0.013541,0.020758,41.235153,0,0
0,41,72,put both moka pots on the stove,FULL_HIT,0.998361,0.003779,0.001824,1.048589,41.028842,0.013599,0.006395,42.206903,0,0
0,41,73,put both moka pots on the stove,FULL_HIT,0.998363,0.004692,0.001746,0.378526,43.710680,0.014076,0.007000,44.221858,0,0
0,41,74,put both moka pots on the stove,FULL_HIT,0.998346,0.004449,0.001857,0.365321,42.976123,0.013573,0.006650,43.476541,0,0
0,42,0,put both moka pots on the stove,FULL_HIT,0.998865,0.004228,0.001729,0.942921,40.878190,0.013131,0.006856,41.951648,0,0
0,42,1,put both moka pots on the stove,FULL_HIT,0.998840,0.003796,0.001721,0.387668,41.002767,0.013692,0.021245,41.540231,0,0
0,42,2,put both moka pots on the stove,FULL_HIT,0.998827,0.003880,0.001691,0.385434,40.654785,0.014482,0.006595,41.167002,0,0
0,42,3,put both moka pots on the stove,FULL_HIT,0.998806,0.003818,0.001608,0.987655,41.727801,0.013275,0.006934,42.840659,0,0
0,42,4,put both moka pots on the stove,FULL_HIT,0.998789,0.003877,0.001753,0.406371,41.518512,0.014046,0.006684,42.049265,0,0
0,42,5,put both moka pots on the stove,FULL_HIT,0.998775,0.004590,0.001985,0.455621,42.963268,0.013533,0.012098,43.569568,0,0
0,42,6,put both moka pots on the stove,FULL_HIT,0.998753,0.004009,0.001814,1.158091,43.910899,0.013000,0.006669,45.197123,0,0
0,42,7,put both moka pots on the stove,FULL_HIT,0.998748,0.004075,0.002125,0.420643,43.131521,0.012951,0.006935,43.677082,0,0
0,42,8,put both moka pots on the stove,FULL_HIT,0.998755,0.003894,0.001697,0.417841,40.847391,0.012863,0.007233,41.388801,0,0
0,42,9,put both moka pots on the stove,FULL_HIT,0.998746,0.004044,0.001618,1.071892,40.352396,0.020986,0.007140,41.555934,0,0
0,42,10,put both moka pots on the stove,FULL_HIT,0.998773,0.004329,0.001702,0.383112,40.555359,0.013229,0.007238,41.063504,0,0
0,42,11,put both moka pots on the stove,FULL_HIT,0.998783,0.004023,0.001654,0.386884,40.186536,0.013369,0.020627,40.711190,0,0
0,42,12,put both moka pots on the stove,FULL_HIT,0.998805,0.004555,0.001810,1.087186,49.589597,0.013028,0.007133,50.811419,0,0
0,42,13,put both moka pots on the stove,FULL_HIT,0.998783,0.004439,0.002104,0.481013,51.323202,0.012990,0.021320,51.964786,0,0
0,42,14,put both moka pots on the stove,FULL_HIT,0.998741,0.004496,0.002054,0.470826,46.851411,0.012396,0.006171,47.449560,0,0
0,42,15,put both moka pots on the stove,FULL_HIT,0.998726,0.003835,0.001856,1.269312,48.274077,0.011596,0.011183,49.669209,0,0
0,42,16,put both moka pots on the stove,FULL_HIT,0.998706,0.004362,0.001866,0.453297,46.963660,0.011987,0.014754,47.546637,0,0
0,42,17,put both moka pots on the stove,FULL_HIT,0.998690,0.004371,0.001831,0.432755,47.849725,0.011656,0.006370,48.402797,0,0
0,42,18,put both moka pots on the stove,FULL_HIT,0.998681,0.004141,0.001792,1.274830,46.877572,0.013347,0.006488,48.287378,0,0
0,42,19,put both moka pots on the stove,FULL_HIT,0.998670,0.004046,0.001933,0.407021,43.729046,0.011839,0.005850,44.254943,0,0
0,42,20,put both moka pots on the stove,FULL_HIT,0.998570,0.004334,0.002155,0.397201,43.293140,0.012057,0.016071,43.825540,0,0
0,42,21,put both moka pots on the stove,FULL_HIT,0.998581,0.004113,0.001810,1.042306,43.399609,0.012479,0.010153,44.567240,0,0
0,42,22,put both moka pots on the stove,FULL_HIT,0.998637,0.004080,0.001872,0.400704,43.255224,0.011203,0.006279,43.774732,0,0
0,42,23,put both moka pots on the stove,FULL_HIT,0.998645,0.004212,0.001944,0.445511,43.107765,0.011266,0.011815,43.705018,0,0
0,42,24,put both moka pots on the stove,FULL_HIT,0.998648,0.004016,0.001926,1.054084,43.219122,0.012822,0.006258,44.413385,0,0
0,42,25,put both moka pots on the stove,FULL_HIT,0.998620,0.004084,0.002351,0.402423,43.251510,0.014201,0.007164,43.786407,0,0
0,42,26,put both moka pots on the stove,FULL_HIT,0.998626,0.004425,0.001892,0.391898,43.214448,0.012842,0.006171,43.729096,0,0
0,42,27,put both moka pots on the stove,FULL_HIT,0.998619,0.003882,0.001570,1.063015,41.366225,0.010990,0.006016,42.544689,0,0
0,42,28,put both moka pots on the stove,FULL_HIT,0.998607,0.004062,0.001713,0.387599,41.241755,0.010436,0.005947,41.760795,0,0
0,42,29,put both moka pots on the stove,FULL_HIT,0.998378,0.004005,0.001804,0.414460,41.133993,0.010958,0.006233,41.666609,0,0
0,42,30,put both moka pots on the stove,FULL_HIT,0.997738,0.003869,0.001607,1.041371,40.904219,0.011784,0.005648,42.064024,0,0
0,42,31,put both moka pots on the stove,FULL_HIT,0.996706,0.004047,0.001865,0.406567,43.279495,0.012350,0.005742,43.805830,0,0
0,42,32,put both moka pots on the stove,FULL_HIT,0.998556,0.004255,0.001873,0.386741,43.099311,0.011567,0.005678,43.615586,0,0
0,42,33,put both moka pots on the stove,FULL_HIT,0.998488,0.004187,0.001705,1.090331,43.770627,0.014254,0.010821,44.996728,0,0
0,42,34,put both moka pots on the stove,FULL_HIT,0.998502,0.004630,0.001923,0.418784,41.813876,0.012842,0.010874,42.382538,0,0
0,42,35,put both moka pots on the stove,FULL_HIT,0.998523,0.003949,0.001775,0.386676,41.287185,0.013648,0.006976,41.800809,0,0
0,42,36,put both moka pots on the stove,FULL_HIT,0.998519,0.004648,0.002041,1.082539,41.336730,0.014118,0.007551,42.560749,0,0
0,42,37,put both moka pots on the stove,FULL_HIT,0.998517,0.004323,0.002440,0.414029,41.743559,0.022682,0.018033,42.316535,0,0
0,42,38,put both moka pots on the stove,FULL_HIT,0.998492,0.004178,0.002475,0.406232,41.542766,0.013890,0.015998,42.089178,0,0
0,42,39,put both moka pots on the stove,FULL_HIT,0.998463,0.004368,0.001861,1.039614,42.465633,0.013707,0.013795,43.646945,0,0
0,42,40,put both moka pots on the stove,FULL_HIT,0.998472,0.004335,0.002070,0.413021,42.685484,0.014957,0.007334,43.255671,0,0
0,42,41,put both moka pots on the stove,FULL_HIT,0.998429,0.005031,0.002357,0.415862,44.715691,0.014461,0.007409,45.298372,0,0
0,42,42,put both moka pots on the stove,FULL_HIT,0.998324,0.004425,0.001888,1.116694,44.481663,0.013639,0.009583,45.740836,0,0
0,42,43,put both moka pots on the stove,FULL_HIT,0.998213,0.004627,0.002098,0.418774,43.443994,0.014246,0.006501,44.000047,0,0
0,42,44,put both moka pots on the stove,FULL_HIT,0.997908,0.005067,0.002716,0.403607,43.475036,0.013925,0.007527,44.021765,0,0
0,42,45,put both moka pots on the stove,FULL_HIT,0.997420,0.003849,0.001777,1.096086,41.499441,0.013142,0.006863,42.722528,0,0
0,42,46,put both moka pots on the stove,FULL_HIT,0.998278,0.004117,0.001986,0.394802,42.917558,0.015119,0.007841,43.449665,0,0
0,42,47,put both moka pots on the stove,FULL_HIT,0.998197,0.004036,0.001722,0.418717,41.981342,0.013467,0.013957,42.533699,0,0
0,42,48,put both moka pots on the stove,FULL_HIT,0.998209,0.004090,0.001609,1.064605,40.864115,0.013804,0.021283,42.070194,0,0
0,42,49,put both moka pots on the stove,FULL_HIT,0.998189,0.003870,0.001619,0.388533,40.609211,0.014472,0.007023,41.125291,0,0
0,42,50,put both moka pots on the stove,FULL_HIT,0.998065,0.003846,0.001670,0.396385,40.583972,0.013727,0.011540,41.111663,0,0
0,42,51,put both moka pots on the stove,FULL_HIT,0.998026,0.003778,0.001905,1.049243,40.557546,0.013066,0.007293,41.732143,0,0
0,42,52,put both moka pots on the stove,FULL_HIT,0.997917,0.004357,0.001611,0.375032,40.855946,0.012828,0.006212,41.356317,0,0
0,42,53,put both moka pots on the stove,FULL_HIT,0.997915,0.003817,0.001584,0.374163,40.847731,0.013837,0.006728,41.344899,0,0
0,42,54,put both moka pots on the stove,FULL_HIT,0.997960,0.003963,0.001610,1.063010,41.079969,0.014093,0.007800,42.271905,0,0
0,42,55,put both moka pots on the stove,FULL_HIT,0.997923,0.004126,0.001710,0.488144,41.783062,0.013654,0.009488,42.437870,0,0
0,42,56,put both moka pots on the stove,FULL_HIT,0.997912,0.004191,0.001857,0.376398,42.681798,0.013226,0.007222,43.196684,0,0
0,42,57,put both moka pots on the stove,FULL_HIT,0.997901,0.003936,0.001663,1.055148,42.895279,0.013724,0.007015,44.082482,0,0
0,42,58,put both moka pots on the stove,FULL_HIT,0.998246,0.004212,0.001849,0.406429,42.660260,0.013473,0.011592,43.200481,0,0
0,42,59,put both moka pots on the stove,FULL_HIT,0.998404,0.004036,0.001835,0.393712,42.676766,0.013837,0.007461,43.199501,0,0
0,42,60,put both moka pots on the stove,FULL_HIT,0.998445,0.003630,0.001705,1.002247,42.549600,0.014011,0.013318,43.687730,0,0
0,42,61,put both moka pots on the stove,FULL_HIT,0.998502,0.004552,0.001810,0.394921,43.200748,0.015090,0.017654,43.755364,0,0
0,42,62,put both moka pots on the stove,FULL_HIT,0.998452,0.003798,0.001794,0.446133,42.195810,0.012701,0.012842,42.775767,0,0
0,42,63,put both moka pots on the stove,FULL_HIT,0.998453,0.003914,0.001662,0.387673,42.192850,0.014047,0.008229,42.744775,0,0
0,42,64,put both moka pots on the stove,FULL_HIT,0.998024,0.004209,0.001632,0.388944,40.927135,0.013238,0.007017,41.443300,0,0
0,42,65,put both moka pots on the stove,FULL_HIT,0.997770,0.004443,0.001684,0.403810,40.673556,0.013702,0.015809,41.218913,0,0
0,42,66,put both moka pots on the stove,FULL_HIT,0.997917,0.003781,0.001906,1.097261,40.769605,0.013354,0.006498,41.993703,0,0
0,42,67,put both moka pots on the stove,FULL_HIT,0.996484,0.004069,0.001635,0.397995,41.062798,0.013262,0.006606,41.592092,0,0
0,42,68,put both moka pots on the stove,FULL_HIT,0.996715,0.004565,0.002086,16.440035,82.337037,0.012787,0.007622,98.912631,0,0
0,42,69,put both moka pots on the stove,FULL_HIT,0.997061,0.004076,0.001779,0.384686,43.327374,0.013596,0.006446,43.854801,0,0
0,42,70,put both moka pots on the stove,FULL_HIT,0.996937,0.004350,0.001818,0.381651,42.475724,0.012178,0.007382,42.992395,0,0
0,42,71,put both moka pots on the stove,FULL_HIT,0.997141,0.004253,0.001776,0.389875,40.929758,0.012284,0.007100,41.492683,0,0
0,42,72,put both moka pots on the stove,FULL_HIT,0.996538,0.004496,0.001768,1.130497,43.938884,0.013879,0.006851,45.201035,0,0
0,42,73,put both moka pots on the stove,FULL_HIT,0.996281,0.003915,0.001645,0.443682,43.417730,0.013470,0.017497,44.021523,0,0
0,42,74,put both moka pots on the stove,FULL_HIT,0.995745,0.003878,0.001738,0.338731,42.006880,0.013790,0.011410,42.524740,0,0
0,42,75,put both moka pots on the stove,FULL_HIT,0.995847,0.004162,0.001725,1.066715,40.849301,0.013724,0.006601,42.048505,0,0
0,42,76,put both moka pots on the stove,FULL_HIT,0.996125,0.004017,0.001680,0.353276,40.361805,0.013134,0.006873,40.841917,0,0
0,42,77,put both moka pots on the stove,FULL_HIT,0.996158,0.003894,0.001679,0.345451,40.142547,0.012783,0.006584,40.638145,0,0
0,42,78,put both moka pots on the stove,FULL_HIT,0.996312,0.003829,0.001657,1.120559,40.591023,0.014026,0.006579,41.839354,0,0
0,42,79,put both moka pots on the stove,FULL_HIT,0.996017,0.004123,0.001792,0.354380,42.559517,0.014101,0.006877,43.046442,0,0
0,42,80,put both moka pots on the stove,FULL_HIT,0.995728,0.004029,0.001800,0.312406,42.401123,0.014004,0.006451,42.843313,0,0
0,42,81,put both moka pots on the stove,FULL_HIT,0.996393,0.004098,0.001800,0.308445,42.394042,0.014164,0.021152,42.849036,0,0
0,42,82,put both moka pots on the stove,FULL_HIT,0.996273,0.004068,0.001767,0.306483,42.277906,0.013977,0.007538,42.714889,0,0
0,44,0,put both moka pots on the stove,FULL_HIT,0.998854,0.004222,0.001685,0.945914,40.398367,0.013361,0.006851,41.469184,0,0
0,44,1,put both moka pots on the stove,FULL_HIT,0.998831,0.004114,0.001849,0.422906,42.803899,0.013282,0.029268,43.375282,0,0
0,44,2,put both moka pots on the stove,FULL_HIT,0.998819,0.004347,0.001737,0.385373,42.709988,0.014703,0.023168,43.241862,0,0
0,44,3,put both moka pots on the stove,FULL_HIT,0.998743,0.004147,0.001691,1.015264,41.048133,0.013297,0.006960,42.189156,0,0
0,44,4,put both moka pots on the stove,FULL_HIT,0.998705,0.003847,0.001663,0.383713,40.560163,0.014083,0.006855,41.071851,0,0
0,44,5,put both moka pots on the stove,FULL_HIT,0.998667,0.004056,0.001621,0.404962,40.499548,0.012835,0.006530,41.028157,0,0
0,44,6,put both moka pots on the stove,FULL_HIT,0.998671,0.004175,0.001731,1.050517,41.987786,0.013565,0.006568,43.165122,0,0
0,44,7,put both moka pots on the stove,FULL_HIT,0.998704,0.003851,0.001842,0.402939,40.417230,0.013860,0.006786,40.943089,0,0
0,44,8,put both moka pots on the stove,FULL_HIT,0.998727,0.003711,0.001646,0.390032,40.363801,0.013799,0.007300,40.879806,0,0
0,44,9,put both moka pots on the stove,FULL_HIT,0.998736,0.003761,0.001678,1.023518,41.772501,0.014573,0.008447,42.929163,0,0
0,44,10,put both moka pots on the stove,FULL_HIT,0.998665,0.004173,0.001728,0.392381,43.729130,0.013833,0.007821,44.250449,0,0
0,44,11,put both moka pots on the stove,FULL_HIT,0.998578,0.004093,0.001920,0.401108,43.316592,0.013718,0.007911,43.844913,0,0
0,44,12,put both moka pots on the stove,FULL_HIT,0.998546,0.003810,0.001816,1.049127,42.874072,0.013586,0.006460,44.048451,0,0
0,44,13,put both moka pots on the stove,FULL_HIT,0.998601,0.004000,0.001736,0.452828,43.553512,0.014716,0.015195,44.169425,0,0
0,44,14,put both moka pots on the stove,FULL_HIT,0.998583,0.004254,0.001843,0.449982,42.877601,0.013362,0.006928,43.453293,0,0
0,44,15,put both moka pots on the stove,FULL_HIT,0.998578,0.004208,0.001635,1.229533,43.555352,0.014054,0.007368,44.925239,0,0
0,44,16,put both moka pots on the stove,FULL_HIT,0.998510,0.003848,0.001747,0.400017,41.483150,0.012894,0.006678,42.007382,0,0
0,44,17,put both moka pots on the stove,FULL_HIT,0.998480,0.003965,0.001875,0.384094,40.948736,0.013845,0.006940,41.452711,0,0
0,44,18,put both moka pots on the stove,FULL_HIT,0.998388,0.003830,0.001652,1.031483,40.479712,0.013322,0.006730,41.636750,0,0
0,44,19,put both moka pots on the stove,FULL_HIT,0.998451,0.004102,0.002127,0.386849,43.097227,0.013362,0.020798,43.627205,0,0
0,44,20,put both moka pots on the stove,FULL_HIT,0.998418,0.004344,0.001963,0.460797,41.499447,0.014073,0.006896,42.102816,0,0
0,44,21,put both moka pots on the stove,FULL_HIT,0.997357,0.003726,0.001871,1.210883,40.504393,0.013470,0.006819,41.840069,0,0
0,44,22,put both moka pots on the stove,FULL_HIT,0.996425,0.004441,0.001695,0.383314,40.394595,0.013335,0.012309,40.909498,0,0
0,44,23,put both moka pots on the stove,FULL_HIT,0.996599,0.003921,0.001735,0.381692,40.760402,0.013147,0.007480,41.266032,0,0
0,44,24,put both moka pots on the stove,FULL_HIT,0.996711,0.003815,0.001554,1.013492,40.501406,0.012829,0.007592,41.639226,0,0
0,44,25,put both moka pots on the stove,FULL_HIT,0.996743,0.004235,0.001900,0.454576,41.007249,0.013927,0.007418,41.610943,0,0
0,44,26,put both moka pots on the stove,FULL_HIT,0.996798,0.004684,0.002107,0.450975,45.770880,0.013024,0.028332,46.375881,0,0
0,44,27,put both moka pots on the stove,FULL_HIT,0.996906,0.003770,0.001713,1.122639,41.524352,0.013623,0.006797,42.774896,0,0
0,44,28,put both moka pots on the stove,FULL_HIT,0.997451,0.004043,0.001837,0.411579,57.284155,0.013244,0.006882,57.822440,0,0
0,44,29,put both moka pots on the stove,FULL_HIT,0.997002,0.004938,0.002093,8.349594,56.519762,0.010658,0.005781,64.998366,0,0
0,44,30,put both moka pots on the stove,FULL_HIT,0.997079,0.003859,0.001647,1.095246,41.626711,0.012729,0.005755,42.840675,0,0
0,44,31,put both moka pots on the stove,FULL_HIT,0.997218,0.004203,0.001896,0.395019,41.015441,0.010849,0.005522,41.534933,0,0
0,44,32,put both moka pots on the stove,FULL_HIT,0.997358,0.004049,0.001950,0.403088,40.633431,0.011548,0.006207,41.151384,0,0
0,44,33,put both moka pots on the stove,FULL_HIT,0.997335,0.003729,0.001560,1.034791,40.735841,0.010162,0.009966,41.889840,0,0
0,44,34,put both moka pots on the stove,FULL_HIT,0.997396,0.003928,0.001748,0.387620,40.681249,0.011336,0.020564,41.201061,0,0
0,44,35,put both moka pots on the stove,FULL_HIT,0.997442,0.003835,0.001741,0.397121,40.851374,0.017272,0.005641,41.369198,0,0
0,44,36,put both moka pots on the stove,FULL_HIT,0.997484,0.003658,0.001589,1.008391,40.933443,0.012570,0.006273,42.062598,0,0
0,44,37,put both moka pots on the stove,FULL_HIT,0.997526,0.003783,0.001779,0.394513,40.765733,0.011405,0.015222,41.283464,0,0
0,44,38,put both moka pots on the stove,FULL_HIT,0.997925,0.003948,0.001924,0.364101,41.188485,0.011414,0.005332,41.667135,0,0
0,44,39,put both moka pots on the stove,FULL_HIT,0.997998,0.003831,0.001800,0.393366,40.834855,0.012868,0.006368,41.349308,0,0
0,44,40,put both moka pots on the stove,FULL_HIT,0.998013,0.004169,0.001687,0.388849,41.114974,0.012981,0.013468,41.638339,0,0
0,44,41,put both moka pots on the stove,FULL_HIT,0.998297,0.003895,0.001699,0.389602,40.390806,0.010459,0.010085,40.898225,0,0
0,44,42,put both moka pots on the stove,FULL_HIT,0.998401,0.003992,0.001744,0.392990,40.426279,0.011328,0.006664,40.934934,0,0
0,44,43,put both moka pots on the stove,FULL_HIT,0.998428,0.003829,0.001719,0.372871,40.413421,0.011082,0.006315,40.908209,0,0
0,44,44,put both moka pots on the stove,FULL_HIT,0.998226,0.004001,0.001904,0.395922,40.428761,0.010985,0.005850,40.940284,0,0
0,44,45,put both moka pots on the stove,FULL_HIT,0.998191,0.004094,0.001875,0.398361,40.443418,0.011035,0.005726,40.955623,0,0
0,44,46,put both moka pots on the stove,FULL_HIT,0.998156,0.004011,0.001758,0.381795,40.378460,0.011953,0.006206,40.889498,0,0
0,44,47,put both moka pots on the stove,FULL_HIT,0.998255,0.003931,0.001585,0.377219,40.584728,0.010897,0.005910,41.076674,0,0
0,44,48,put both moka pots on the stove,FULL_HIT,0.998286,0.003979,0.001843,0.377961,40.678006,0.012593,0.005744,41.182439,0,0
0,44,49,put both moka pots on the stove,FULL_HIT,0.998344,0.004607,0.001695,0.402579,40.947637,0.012756,0.006463,41.471841,0,0
0,44,50,put both moka pots on the stove,FULL_HIT,0.998384,0.004054,0.001764,0.379810,43.591905,0.013914,0.007049,44.114990,0,0
0,44,51,put both moka pots on the stove,FULL_HIT,0.998504,0.004655,0.002531,0.389597,43.554537,0.013306,0.006760,44.081295,0,0
0,44,52,put both moka pots on the stove,FULL_HIT,0.998555,0.004498,0.002313,0.391362,44.579377,0.014296,0.007892,45.111774,0,0
0,44,53,put both moka pots on the stove,FULL_HIT,0.998495,0.004452,0.001719,0.384404,43.542305,0.013407,0.006672,44.056664,0,0
0,44,54,put both moka pots on the stove,FULL_HIT,0.998445,0.004358,0.002048,0.381846,43.139893,0.013837,0.007014,43.656869,0,0
0,44,55,put both moka pots on the stove,FULL_HIT,0.998427,0.004663,0.001918,0.381091,42.957640,0.012679,0.006821,43.467668,0,0
0,44,56,put both moka pots on the stove,FULL_HIT,0.998456,0.004103,0.002210,0.383689,42.448989,0.013761,0.020644,42.976476,0,0
0,44,57,put both moka pots on the stove,FULL_HIT,0.998385,0.004065,0.001744,0.395780,41.172328,0.013903,0.007478,41.718039,0,0
0,44,58,put both moka pots on the stove,FULL_HIT,0.998278,0.004063,0.001902,0.391159,41.002371,0.016861,0.010059,41.552816,0,0
0,44,59,put both moka pots on the stove,FULL_HIT,0.998304,0.004156,0.001667,0.397568,40.830573,0.013892,0.007181,41.355522,0,0
0,44,60,put both moka pots on the stove,FULL_HIT,0.997554,0.003897,0.001749,0.371660,40.754065,0.013761,0.006570,41.253047,0,0
0,44,61,put both moka pots on the stove,FULL_HIT,0.997545,0.004241,0.001752,0.382244,43.554161,0.014616,0.007343,44.072473,0,0
0,44,62,put both moka pots on the stove,FULL_HIT,0.997617,0.004033,0.001766,0.416779,44.559289,0.013703,0.006968,45.108658,0,0
0,44,63,put both moka pots on the stove,FULL_HIT,0.997703,0.004339,0.001658,0.407403,41.066118,0.012790,0.006831,41.598006,0,0
0,44,64,put both moka pots on the stove,FULL_HIT,0.997747,0.003550,0.001869,0.380737,40.444111,0.012807,0.006297,40.952288,0,0
0,44,65,put both moka pots on the stove,FULL_HIT,0.997785,0.004173,0.001965,0.379485,42.816286,0.013264,0.007123,43.324320,0,0
0,44,66,put both moka pots on the stove,FULL_HIT,0.997828,0.004042,0.001761,0.372192,42.749712,0.013736,0.007176,43.252260,0,0
0,44,67,put both moka pots on the stove,FULL_HIT,0.997852,0.003934,0.001709,0.373307,42.537778,0.013625,0.006916,43.043313,0,0
0,44,68,put both moka pots on the stove,FULL_HIT,0.997890,0.003970,0.001720,0.388015,42.590204,0.013012,0.006933,43.118411,0,0
0,44,69,put both moka pots on the stove,FULL_HIT,0.997893,0.004145,0.001687,0.389769,42.654137,0.013794,0.006462,43.173321,0,0
0,44,70,put both moka pots on the stove,FULL_HIT,0.997888,0.004198,0.001725,0.391716,42.888203,0.039898,0.006766,43.434446,0,0
0,44,71,put both moka pots on the stove,FULL_HIT,0.997886,0.003811,0.001749,0.386395,42.508111,0.013473,0.006657,43.020689,0,0
0,44,72,put both moka pots on the stove,FULL_HIT,0.997885,0.003787,0.001747,0.363559,42.219655,0.013359,0.006562,42.710911,0,0
0,44,73,put both moka pots on the stove,FULL_HIT,0.997902,0.003967,0.001945,0.373695,42.356711,0.014103,0.006610,42.864204,0,0
0,44,74,put both moka pots on the stove,FULL_HIT,0.997894,0.004164,0.002172,0.329393,42.111811,0.013300,0.006866,42.567019,0,0
0,44,75,put both moka pots on the stove,FULL_HIT,0.997870,0.004366,0.001758,0.299477,42.363628,0.013913,0.006962,42.802843,0,0
0,44,76,put both moka pots on the stove,FULL_HIT,0.997706,0.004028,0.001757,0.307129,42.186860,0.013908,0.006549,42.623588,0,0
0,44,77,put both moka pots on the stove,FULL_HIT,0.997548,0.003779,0.001706,0.342630,41.408398,0.013780,0.006952,41.875442,0,0
0,44,78,put both moka pots on the stove,FULL_HIT,0.997594,0.003768,0.001613,0.299436,40.222978,0.013780,0.009841,40.662930,0,0
0,44,79,put both moka pots on the stove,FULL_HIT,0.997614,0.003932,0.001529,0.308051,40.663749,0.012586,0.006388,41.093750,0,0
0,44,80,put both moka pots on the stove,FULL_HIT,0.997605,0.004205,0.001629,0.304682,40.379087,0.012965,0.006794,40.802310,0,0
0,44,81,put both moka pots on the stove,FULL_HIT,0.997594,0.003776,0.001628,0.296621,40.023429,0.014177,0.019502,40.457014,0,0
0,44,82,put both moka pots on the stove,FULL_HIT,0.997600,0.003965,0.001551,0.379993,40.174506,0.013093,0.006624,40.711027,0,0
0,44,83,put both moka pots on the stove,FULL_HIT,0.997639,0.004353,0.001855,0.374360,87.852396,0.012501,0.006795,88.376349,0,0
0,44,84,put both moka pots on the stove,FULL_HIT,0.997672,0.004421,0.001983,10.955403,83.038510,0.013722,0.015134,94.138388,0,0
0,44,85,put both moka pots on the stove,FULL_HIT,0.997674,0.004228,0.001959,0.374000,41.547436,0.013830,0.006494,42.051168,0,0
0,44,86,put both moka pots on the stove,FULL_HIT,0.997705,0.003680,0.001619,0.401524,43.359356,0.017264,0.007516,43.907398,0,0
0,44,87,put both moka pots on the stove,FULL_HIT,0.997704,0.003965,0.001862,0.402805,40.281468,0.012595,0.020702,40.825283,0,0
0,44,88,put both moka pots on the stove,FULL_HIT,0.997782,0.003902,0.001818,0.368297,40.222466,0.013167,0.007148,40.731083,0,0
0,44,89,put both moka pots on the stove,FULL_HIT,0.997829,0.004218,0.001875,0.379507,40.459972,0.013485,0.019440,40.980061,0,0
0,44,90,put both moka pots on the stove,FULL_HIT,0.997841,0.004272,0.001685,0.336064,40.168552,0.014022,0.022416,40.648301,0,0
0,44,91,put both moka pots on the stove,FULL_HIT,0.997920,0.003983,0.001655,0.352439,40.225499,0.013206,0.007876,40.705196,0,0
0,45,0,put the yellow and white mug in the microwave and close it,FULL_HIT,0.998844,0.004231,0.001843,0.991041,90.238134,0.013375,0.006691,91.360523,0,0
0,45,1,put the yellow and white mug in the microwave and close it,FULL_HIT,0.998819,0.004153,0.001782,0.405108,34.303373,0.013664,0.006982,34.838530,0,0
0,45,2,put the yellow and white mug in the microwave and close it,FULL_HIT,0.998789,0.004162,0.001900,0.405734,35.617300,0.013196,0.012005,36.170237,0,0
0,45,3,put the yellow and white mug in the microwave and close it,FULL_HIT,0.998777,0.004509,0.001996,1.139225,36.950595,0.014320,0.008545,38.228313,0,0
0,45,4,put the yellow and white mug in the microwave and close it,FULL_HIT,0.998713,0.004646,0.001879,0.451644,35.304442,0.013111,0.006740,35.886587,0,0
0,45,5,put the yellow and white mug in the microwave and close it,FULL_HIT,0.998668,0.003678,0.001828,0.414624,33.089252,0.012630,0.006903,33.628086,0,0
0,45,6,put the yellow and white mug in the microwave and close it,FULL_HIT,0.998683,0.003924,0.001846,1.227106,33.007383,0.013714,0.006768,34.364976,0,0
0,45,7,put the yellow and white mug in the microwave and close it,FULL_HIT,0.998662,0.004227,0.001742,0.405972,32.737402,0.012520,0.006511,33.268244,0,0
0,45,8,put the yellow and white mug in the microwave and close it,FULL_HIT,0.998677,0.003954,0.001891,0.394775,33.013180,0.013294,0.006517,33.544944,0,0
0,45,9,put the yellow and white mug in the microwave and close it,FULL_HIT,0.998695,0.003711,0.001694,1.081788,32.926184,0.013780,0.006597,34.132580,0,0
0,45,10,put the yellow and white mug in the microwave and close it,FULL_HIT,0.998607,0.003841,0.001704,0.405961,32.619562,0.014192,0.006741,33.150805,0,0
0,45,11,put the yellow and white mug in the microwave and close it,FULL_HIT,0.998584,0.003788,0.001603,0.394258,32.507569,0.012804,0.006860,33.023681,0,0
0,45,12,put the yellow and white mug in the microwave and close it,FULL_HIT,0.998568,0.004017,0.001741,1.290518,35.119401,0.014438,0.015854,36.555256,0,0
0,45,13,put the yellow and white mug in the microwave and close it,FULL_HIT,0.998581,0.004044,0.001864,0.402837,35.259657,0.013031,0.007943,35.790308,0,0
0,45,14,put the yellow and white mug in the microwave and close it,FULL_HIT,0.998606,0.004097,0.002528,0.384059,33.139717,0.013370,0.019514,33.660188,0,0
0,45,15,put the yellow and white mug in the microwave and close it,FULL_HIT,0.998733,0.003618,0.001499,1.125571,33.075853,0.013660,0.006317,34.324705,0,0
0,45,16,put the yellow and white mug in the microwave and close it,FULL_HIT,0.998697,0.003907,0.001644,0.389076,32.875553,0.013119,0.020957,33.402941,0,0
0,45,17,put the yellow and white mug in the microwave and close it,FULL_HIT,0.998639,0.004421,0.001724,0.399959,33.067601,0.013982,0.021226,33.612389,0,0
0,45,18,put the yellow and white mug in the microwave and close it,FULL_HIT,0.998587,0.004281,0.001607,1.169198,33.774977,0.013536,0.006746,35.075704,0,0
0,45,19,put the yellow and white mug in the microwave and close it,FULL_HIT,0.998585,0.003896,0.001772,0.387106,32.584904,0.013644,0.007089,33.096150,0,0
0,45,20,put the yellow and white mug in the microwave and close it,FULL_HIT,0.998099,0.003975,0.001953,0.402342,35.310862,0.014485,0.006735,35.852203,0,0
0,45,21,put the yellow and white mug in the microwave and close it,FULL_HIT,0.997709,0.004116,0.001801,1.102117,35.244676,0.014203,0.007331,36.480774,0,0
0,45,22,put the yellow and white mug in the microwave and close it,FULL_HIT,0.997884,0.004046,0.001760,0.405664,35.183225,0.014165,0.006856,35.724919,0,0
0,45,23,put the yellow and white mug in the microwave and close it,FULL_HIT,0.998108,0.004196,0.002140,0.406862,35.052977,0.014755,0.006905,35.588310,0,0
0,45,24,put the yellow and white mug in the microwave and close it,FULL_HIT,0.998415,0.004044,0.001786,1.183040,35.751267,0.013392,0.006763,37.077012,0,0
0,45,25,put the yellow and white mug in the microwave and close it,FULL_HIT,0.998467,0.004012,0.001953,0.393837,35.538791,0.014449,0.007085,36.069128,0,0
0,45,26,put the yellow and white mug in the microwave and close it,FULL_HIT,0.998477,0.004189,0.002126,0.410672,43.140754,0.013718,0.020171,43.693271,0,0
0,45,27,put the yellow and white mug in the microwave and close it,FULL_HIT,0.998282,0.004197,0.001825,1.166584,33.367567,0.013917,0.006847,34.660113,0,0
0,45,28,put the yellow and white mug in the microwave and close it,FULL_HIT,0.998169,0.004248,0.001696,0.387871,32.849652,0.013827,0.011254,33.368500,0,0
0,45,29,put the yellow and white mug in the microwave and close it,FULL_HIT,0.998090,0.003988,0.001693,0.399160,34.893210,0.012651,0.017363,35.439123,0,0
0,45,30,put the yellow and white mug in the microwave and close it,FULL_HIT,0.998036,0.003839,0.001794,1.186738,33.843245,0.012899,0.007019,35.163762,0,0
0,45,31,put the yellow and white mug in the microwave and close it,FULL_HIT,0.997978,0.003900,0.001641,0.411051,33.760886,0.013548,0.007011,34.296225,0,0
0,45,32,put the yellow and white mug in the microwave and close it,FULL_HIT,0.997678,0.004549,0.001687,0.402664,32.315195,0.013297,0.006921,32.844066,0,0
0,45,33,put the yellow and white mug in the microwave and close it,FULL_HIT,0.997986,0.004044,0.001700,1.189538,35.405402,0.013870,0.006368,36.723010,0,0
0,45,34,put the yellow and white mug in the microwave and close it,FULL_HIT,0.997940,0.004021,0.001791,0.393786,35.077576,0.012851,0.007378,35.598236,0,0
0,45,35,put the yellow and white mug in the microwave and close it,FULL_HIT,0.998288,0.004609,0.002293,0.401069,34.989167,0.013428,0.006558,35.526731,0,0
0,45,36,put the yellow and white mug in the microwave and close it,FULL_HIT,0.998492,0.003902,0.001757,1.191299,35.146918,0.013506,0.007223,36.464533,0,0
0,45,37,put the yellow and white mug in the microwave and close it,FULL_HIT,0.998381,0.004117,0.001886,0.402488,34.906380,0.012733,0.020657,35.446131,0,0
0,45,38,put the yellow and white mug in the microwave and close it,FULL_HIT,0.998450,0.004407,0.001838,0.401697,35.306886,0.013135,0.007085,35.842815,0,0
0,45,39,put the yellow and white mug in the microwave and close it,FULL_HIT,0.998486,0.003981,0.001772,1.226630,35.462977,0.014184,0.006862,36.822201,0,0
0,45,40,put the yellow and white mug in the microwave and close it,FULL_HIT,0.998356,0.004030,0.001961,0.439991,95.151019,0.020991,0.012891,95.813534,0,0
0,45,41,put the yellow and white mug in the microwave and close it,FULL_HIT,0.998207,0.003809,0.001961,6.995861,74.028914,0.011994,0.013647,81.165076,0,0
0,45,42,put the yellow and white mug in the microwave and close it,FULL_HIT,0.998121,0.004116,0.002175,8.881628,66.782389,0.010898,0.015932,75.814524,0,0
0,45,43,put the yellow and white mug in the microwave and close it,FULL_HIT,0.998194,0.004107,0.001926,7.175134,59.628301,0.010974,0.015478,66.937161,0,0
0,45,44,put the yellow and white mug in the microwave and close it,FULL_HIT,0.998181,0.004342,0.001845,6.830834,64.970124,0.010566,0.006121,71.925569,0,0
0,45,45,put the yellow and white mug in the microwave and close it,FULL_HIT,0.998509,0.004137,0.001849,7.828562,64.574128,0.013183,0.005984,72.523053,0,0
0,45,46,put the yellow and white mug in the microwave and close it,FULL_HIT,0.998547,0.004207,0.001893,6.843959,59.865759,0.010610,0.009649,66.844125,0,0
0,45,47,put the yellow and white mug in the microwave and close it,FULL_HIT,0.997776,0.004232,0.001942,7.172515,62.959716,0.010993,0.006964,70.257145,0,0
0,45,48,put the yellow and white mug in the microwave and close it,FULL_HIT,0.997557,0.004543,0.001922,9.044053,61.562254,0.010692,0.005865,70.745360,0,0
0,45,49,put the yellow and white mug in the microwave and close it,FULL_HIT,0.996864,0.004371,0.001943,7.206422,63.427787,0.012108,0.005908,70.763117,0,0
0,46,0,put the yellow and white mug in the microwave and close it,FULL_HIT,0.998869,0.004229,0.002180,8.190455,61.118154,0.012238,0.007125,69.448313,0,0
0,46,1,put the yellow and white mug in the microwave and close it,FULL_HIT,0.998860,0.006444,0.002652,7.061869,50.943875,0.012638,0.018984,58.175567,0,0
0,46,2,put the yellow and white mug in the microwave and close it,FULL_HIT,0.998824,0.003942,0.001602,0.412721,35.194720,0.013047,0.007203,35.747274,0,0
0,46,3,put the yellow and white mug in the microwave and close it,FULL_HIT,0.998788,0.004385,0.002172,1.129750,36.945442,0.013444,0.008000,38.213669,0,0
0,46,4,put the yellow and white mug in the microwave and close it,FULL_HIT,0.998712,0.013147,0.002445,0.423139,36.870669,0.012803,0.007446,37.440301,0,0
0,46,5,put the yellow and white mug in the microwave and close it,FULL_HIT,0.998622,0.004535,0.002054,0.442306,39.084122,0.012643,0.007158,39.668213,0,0
0,46,6,put the yellow and white mug in the microwave and close it,FULL_HIT,0.998547,0.004172,0.001826,1.233131,36.355043,0.013079,0.007131,37.719150,0,0
0,46,7,put the yellow and white mug in the microwave and close it,FULL_HIT,0.998496,0.004166,0.001764,0.386771,33.364562,0.013427,0.006962,33.872647,0,0
0,46,8,put the yellow and white mug in the microwave and close it,FULL_HIT,0.998514,0.004326,0.001715,0.387332,32.410103,0.012137,0.011850,32.926641,0,0
0,46,9,put the yellow and white mug in the microwave and close it,FULL_HIT,0.998387,0.004022,0.001749,1.082831,32.616939,0.012652,0.010978,33.829877,0,0
0,46,10,put the yellow and white mug in the microwave and close it,FULL_HIT,0.998452,0.004153,0.001847,0.389192,32.340132,0.012847,0.016808,32.862787,0,0
0,46,11,put the yellow and white mug in the microwave and close it,FULL_HIT,0.998543,0.004100,0.002158,0.402328,35.165376,0.013507,0.006838,35.709233,0,0
0,46,12,put the yellow and white mug in the microwave and close it,FULL_HIT,0.998517,0.003907,0.001847,1.054466,33.263852,0.013391,0.014515,34.467129,0,0
0,46,13,put the yellow and white mug in the microwave and close it,FULL_HIT,0.998550,0.003889,0.001886,0.388313,34.425209,0.012883,0.006632,34.935495,0,0
0,46,14,put the yellow and white mug in the microwave and close it,FULL_HIT,0.998615,0.003731,0.001574,0.401952,32.836077,0.012584,0.007204,33.368858,0,0
0,46,15,put the yellow and white mug in the microwave and close it,FULL_HIT,0.998626,0.004059,0.001629,1.149135,35.280932,0.014003,0.021895,36.571672,0,0
0,46,16,put the yellow and white mug in the microwave and close it,FULL_HIT,0.998536,0.004155,0.001821,0.385531,35.074574,0.012606,0.010916,35.594718,0,0
0,46,17,put the yellow and white mug in the microwave and close it,FULL_HIT,0.998550,0.004086,0.001693,0.386547,35.058084,0.013125,0.006709,35.569878,0,0
0,46,18,put the yellow and white mug in the microwave and close it,FULL_HIT,0.998523,0.004031,0.001746,1.140547,34.944598,0.012850,0.006436,36.206987,0,0
0,46,19,put the yellow and white mug in the microwave and close it,FULL_HIT,0.998297,0.004269,0.001644,0.378988,34.224926,0.014014,0.018411,34.812308,0,0
0,46,20,put the yellow and white mug in the microwave and close it,FULL_HIT,0.998389,0.004610,0.001670,0.396461,34.779945,0.017046,0.014776,35.363685,0,0
0,46,21,put the yellow and white mug in the microwave and close it,FULL_HIT,0.997882,0.004386,0.001734,1.195581,40.845919,0.013702,0.006824,42.195276,0,0
0,46,22,put the yellow and white mug in the microwave and close it,FULL_HIT,0.998283,0.004306,0.001602,0.396090,44.580918,0.013536,0.007018,45.103022,0,0
0,46,23,put the yellow and white mug in the microwave and close it,FULL_HIT,0.998464,0.004118,0.001848,0.403401,35.549732,0.013622,0.006913,36.088094,0,0
0,46,24,put the yellow and white mug in the microwave and close it,FULL_HIT,0.998439,0.004162,0.001735,1.137347,35.361291,0.013513,0.007379,36.639868,0,0
0,46,25,put the yellow and white mug in the microwave and close it,FULL_HIT,0.998417,0.003954,0.001848,0.383470,35.106194,0.013240,0.006055,35.611239,0,0
0,46,26,put the yellow and white mug in the microwave and close it,FULL_HIT,0.998419,0.003992,0.001750,0.398672,34.789513,0.012040,0.007621,35.311689,0,0
0,46,27,put the yellow and white mug in the microwave and close it,FULL_HIT,0.998405,0.003957,0.001915,1.086777,34.930776,0.013029,0.007124,36.157934,0,0
0,46,28,put the yellow and white mug in the microwave and close it,FULL_HIT,0.998348,0.004388,0.001735,0.389943,34.970850,0.013534,0.006487,35.483695,0,0
0,46,29,put the yellow and white mug in the microwave and close it,FULL_HIT,0.998426,0.003692,0.001600,0.401155,35.198947,0.013117,0.006544,35.724396,0,0
0,46,30,put the yellow and white mug in the microwave and close it,FULL_HIT,0.998049,0.003976,0.001887,1.084928,33.072316,0.012778,0.006669,34.280844,0,0
0,46,31,put the yellow and white mug in the microwave and close it,FULL_HIT,0.997966,0.003660,0.001625,0.381510,32.675167,0.013704,0.006340,33.184430,0,0
0,46,32,put the yellow and white mug in the microwave and close it,FULL_HIT,0.997900,0.003839,0.001583,0.380652,32.305104,0.012046,0.006932,32.819956,0,0
0,46,33,put the yellow and white mug in the microwave and close it,FULL_HIT,0.996899,0.003780,0.001557,1.032894,32.337884,0.012867,0.011040,33.498621,0,0
0,46,34,put the yellow and white mug in the microwave and close it,FULL_HIT,0.992836,0.004024,0.001705,0.392318,33.585324,0.013381,0.007057,34.099375,0,0
0,46,35,put the yellow and white mug in the microwave and close it,FULL_HIT,0.997295,0.004481,0.002032,16.753712,75.579839,0.012904,0.007168,92.467396,0,0
0,46,36,put the yellow and white mug in the microwave and close it,FULL_HIT,0.997508,0.003982,0.001610,1.083484,34.890085,0.013274,0.011322,36.102979,0,0
0,46,37,put the yellow and white mug in the microwave and close it,FULL_HIT,0.998138,0.003857,0.001710,0.383321,34.236408,0.012934,0.007852,34.746086,0,0
0,46,38,put the yellow and white mug in the microwave and close it,FULL_HIT,0.998304,0.003895,0.001750,0.382448,34.216760,0.012948,0.025421,34.740867,0,0
0,46,39,put the yellow and white mug in the microwave and close it,FULL_HIT,0.998198,0.004287,0.001711,1.037670,34.262483,0.013863,0.008065,35.428089,0,0
0,46,40,put the yellow and white mug in the microwave and close it,FULL_HIT,0.997976,0.004223,0.001644,0.376436,34.452849,0.012553,0.011407,34.959820,0,0
0,46,41,put the yellow and white mug in the microwave and close it,FULL_HIT,0.997812,0.004091,0.001738,0.394984,39.459468,0.013388,0.006854,39.978514,0,0
0,46,42,put the yellow and white mug in the microwave and close it,FULL_HIT,0.997758,0.004437,0.001709,1.114768,35.029431,0.012881,0.006319,36.268659,0,0
0,46,43,put the yellow and white mug in the microwave and close it,FULL_HIT,0.997807,0.003970,0.010533,0.428903,34.890648,0.012794,0.029396,35.478240,0,0
0,46,44,put the yellow and white mug in the microwave and close it,FULL_HIT,0.997777,0.003957,0.001600,0.378689,32.900830,0.013130,0.006915,33.400850,0,0
0,46,45,put the yellow and white mug in the microwave and close it,FULL_HIT,0.997573,0.003560,0.001598,1.350698,34.790061,0.012672,0.006940,36.272144,0,0
0,46,46,put the yellow and white mug in the microwave and close it,FULL_HIT,0.997976,0.003664,0.001612,0.399340,32.913480,0.013157,0.006357,33.444070,0,0
0,46,47,put the yellow and white mug in the microwave and close it,FULL_HIT,0.998342,0.003969,0.001731,0.410108,32.307990,0.013673,0.015216,32.851118,0,0
0,46,48,put the yellow and white mug in the microwave and close it,FULL_HIT,0.998354,0.003659,0.001483,1.058441,32.417152,0.012465,0.020195,33.610263,0,0
0,46,49,put the yellow and white mug in the microwave and close it,FULL_HIT,0.998289,0.003650,0.001645,0.365943,32.140423,0.012514,0.006386,32.633592,0,0
0,46,50,put the yellow and white mug in the microwave and close it,FULL_HIT,0.998354,0.003909,0.001698,0.376736,31.939290,0.022617,0.007075,32.458668,0,0
0,47,0,put the yellow and white mug in the microwave and close it,FULL_HIT,0.998858,0.003869,0.001668,1.049263,32.285169,0.012954,0.006873,33.456308,0,0
0,47,1,put the yellow and white mug in the microwave and close it,FULL_HIT,0.998676,0.003749,0.001583,0.377706,32.208698,0.012214,0.007198,32.706353,0,0
0,47,2,put the yellow and white mug in the microwave and close it,FULL_HIT,0.998678,0.004001,0.001738,0.376052,32.397301,0.013289,0.007047,32.899181,0,0
0,47,3,put the yellow and white mug in the microwave and close it,FULL_HIT,0.998681,0.003989,0.001582,1.025515,32.150825,0.013052,0.010324,33.302512,0,0
0,47,4,put the yellow and white mug in the microwave and close it,FULL_HIT,0.998688,0.004038,0.001584,0.376248,32.119000,0.012622,0.006540,32.613336,0,0
0,47,5,put the yellow and white mug in the microwave and close it,FULL_HIT,0.998693,0.003830,0.001656,0.381783,32.136334,0.013436,0.007091,32.636896,0,0
0,47,6,put the yellow and white mug in the microwave and close it,FULL_HIT,0.998631,0.003744,0.001502,1.026766,32.106263,0.013459,0.006938,33.254369,0,0
0,47,7,put the yellow and white mug in the microwave and close it,FULL_HIT,0.998641,0.004074,0.001757,0.371597,32.043746,0.013267,0.019587,32.547569,0,0
0,47,8,put the yellow and white mug in the microwave and close it,FULL_HIT,0.998637,0.003721,0.001561,0.416801,32.062876,0.013162,0.026180,32.620424,0,0
0,47,9,put the yellow and white mug in the microwave and close it,FULL_HIT,0.998639,0.015431,0.001524,1.099011,33.956844,0.013466,0.006928,35.199348,0,0
0,47,10,put the yellow and white mug in the microwave and close it,FULL_HIT,0.998616,0.003745,0.001738,0.445563,33.626417,0.012990,0.006628,34.210393,0,0
0,47,11,put the yellow and white mug in the microwave and close it,FULL_HIT,0.998637,0.003737,0.001800,0.388977,36.435129,0.016583,0.018579,36.964821,0,0
0,47,12,put the yellow and white mug in the microwave and close it,FULL_HIT,0.998768,0.003672,0.001690,1.127639,32.538572,0.012096,0.011418,33.790093,0,0
0,47,13,put the yellow and white mug in the microwave and close it,FULL_HIT,0.998666,0.003821,0.001599,0.382143,32.311722,0.012632,0.006442,32.824881,0,0
0,47,14,put the yellow and white mug in the microwave and close it,FULL_HIT,0.998576,0.003924,0.001744,0.381649,33.204047,0.014568,0.007168,33.710989,0,0
0,47,15,put the yellow and white mug in the microwave and close it,FULL_HIT,0.998597,0.003871,0.001559,1.186084,32.843987,0.013416,0.006890,34.149520,0,0
0,47,16,put the yellow and white mug in the microwave and close it,FULL_HIT,0.998415,0.003674,0.001717,0.384990,32.476998,0.013341,0.020953,33.005262,0,0
0,47,17,put the yellow and white mug in the microwave and close it,FULL_HIT,0.998567,0.003928,0.001633,0.401189,32.361949,0.013037,0.019326,32.895150,0,0
0,47,18,put the yellow and white mug in the microwave and close it,FULL_HIT,0.997748,0.003758,0.001743,1.026661,32.276606,0.012719,0.012262,33.429564,0,0
0,47,19,put the yellow and white mug in the microwave and close it,FULL_HIT,0.998330,0.003693,0.001733,0.400323,32.480190,0.013373,0.013603,33.008946,0,0
0,47,20,put the yellow and white mug in the microwave and close it,FULL_HIT,0.998175,0.003906,0.001852,0.389176,34.973235,0.012790,0.011370,35.490199,0,0
0,47,21,put the yellow and white mug in the microwave and close it,FULL_HIT,0.998124,0.003932,0.002112,1.148920,34.902348,0.012900,0.006723,36.173545,0,0
0,47,22,put the yellow and white mug in the microwave and close it,FULL_HIT,0.997831,0.003928,0.001794,0.384601,34.499186,0.012818,0.011686,35.008284,0,0
0,47,23,put the yellow and white mug in the microwave and close it,FULL_HIT,0.998272,0.003852,0.001577,0.385962,32.634200,0.012885,0.006224,33.144370,0,0
0,47,24,put the yellow and white mug in the microwave and close it,FULL_HIT,0.998321,0.003808,0.001634,1.062333,32.451934,0.013187,0.017368,33.645197,0,0
0,47,25,put the yellow and white mug in the microwave and close it,FULL_HIT,0.998363,0.003943,0.001641,0.385969,32.348472,0.013296,0.006555,32.853506,0,0
0,47,26,put the yellow and white mug in the microwave and close it,FULL_HIT,0.998527,0.003941,0.001865,0.381440,32.241049,0.012505,0.006209,32.742476,0,0
0,47,27,put the yellow and white mug in the microwave and close it,FULL_HIT,0.998409,0.003539,0.001514,1.078192,32.483671,0.012897,0.006487,33.685512,0,0
0,47,28,put the yellow and white mug in the microwave and close it,FULL_HIT,0.998391,0.003605,0.001639,0.374710,32.281530,0.012517,0.006195,32.773833,0,0
0,47,29,put the yellow and white mug in the microwave and close it,FULL_HIT,0.998272,0.004026,0.001760,0.385027,33.434148,0.012137,0.006738,33.936622,0,0
0,47,30,put the yellow and white mug in the microwave and close it,FULL_HIT,0.998430,0.003691,0.001494,1.029154,32.104968,0.013500,0.020619,33.270289,0,0
0,47,31,put the yellow and white mug in the microwave and close it,FULL_HIT,0.998462,0.003831,0.001678,0.371035,31.809772,0.011969,0.006718,32.319525,0,0
0,47,32,put the yellow and white mug in the microwave and close it,FULL_HIT,0.998498,0.004345,0.001870,0.381289,34.313932,0.013080,0.025979,34.840959,0,0
0,47,33,put the yellow and white mug in the microwave and close it,FULL_HIT,0.998465,0.004184,0.001685,1.099282,33.473662,0.013913,0.012548,34.703086,0,0
0,47,34,put the yellow and white mug in the microwave and close it,FULL_HIT,0.998446,0.003777,0.001701,0.374955,32.301734,0.020587,0.011790,32.820289,0,0
0,47,35,put the yellow and white mug in the microwave and close it,FULL_HIT,0.998467,0.003836,0.001665,0.382517,32.137388,0.012620,0.011533,32.644772,0,0
0,47,36,put the yellow and white mug in the microwave and close it,FULL_HIT,0.998234,0.003722,0.001590,1.143378,32.252422,0.013439,0.006352,33.514886,0,0
0,47,37,put the yellow and white mug in the microwave and close it,FULL_HIT,0.998081,0.003965,0.001725,0.378605,32.180173,0.012867,0.029915,32.718914,0,0
0,47,38,put the yellow and white mug in the microwave and close it,FULL_HIT,0.998077,0.004247,0.001637,0.393390,35.693249,0.013384,0.007042,36.208545,0,0
0,47,39,put the yellow and white mug in the microwave and close it,FULL_HIT,0.998001,0.005261,0.002660,9.480347,78.497216,0.013022,0.007240,88.119216,0,0
0,47,40,put the yellow and white mug in the microwave and close it,FULL_HIT,0.998013,0.004051,0.001786,7.292736,64.438644,0.011660,0.009849,71.861083,0,0
0,47,41,put the yellow and white mug in the microwave and close it,FULL_HIT,0.998125,0.004344,0.001900,7.016669,68.006963,0.011893,0.021810,75.171837,0,0
0,47,42,put the yellow and white mug in the microwave and close it,FULL_HIT,0.998085,0.004400,0.001780,7.910292,66.844762,0.011297,0.010819,74.885640,0,0
0,47,43,put the yellow and white mug in the microwave and close it,FULL_HIT,0.998146,0.004528,0.001709,6.901054,67.981209,0.011959,0.006092,75.001975,0,0
0,47,44,put the yellow and white mug in the microwave and close it,FULL_HIT,0.998411,0.004051,0.002019,0.425127,37.663619,0.012003,0.006135,38.208151,0,0
0,47,45,put the yellow and white mug in the microwave and close it,FULL_HIT,0.998441,0.003838,0.001845,1.236905,38.906808,0.010893,0.014420,40.270809,0,0
0,47,46,put the yellow and white mug in the microwave and close it,FULL_HIT,0.998386,0.004070,0.001771,0.431190,38.410283,0.012650,0.021122,38.982348,0,0
0,47,47,put the yellow and white mug in the microwave and close it,FULL_HIT,0.998495,0.003971,0.001753,0.435564,36.076775,0.021309,0.006788,36.647257,0,0
0,49,0,put the yellow and white mug in the microwave and close it,FULL_HIT,0.998858,0.003869,0.001517,1.172953,35.430207,0.013119,0.011106,36.730194,0,0
0,49,1,put the yellow and white mug in the microwave and close it,FULL_HIT,0.998804,0.004554,0.001694,0.418042,35.575211,0.010670,0.006306,36.109896,0,0
0,49,2,put the yellow and white mug in the microwave and close it,FULL_HIT,0.998672,0.004034,0.001764,0.387744,34.320499,0.010506,0.015400,34.831316,0,0
0,49,3,put the yellow and white mug in the microwave and close it,FULL_HIT,0.998604,0.004051,0.001695,1.073611,33.295366,0.010172,0.005931,34.480825,0,0
0,49,4,put the yellow and white mug in the microwave and close it,FULL_HIT,0.998499,0.003789,0.001580,0.390659,32.579425,0.010717,0.018403,33.094399,0,0
0,49,5,put the yellow and white mug in the microwave and close it,FULL_HIT,0.998411,0.003835,0.001644,0.385006,32.745496,0.010863,0.006614,33.241231,0,0
0,49,6,put the yellow and white mug in the microwave and close it,FULL_HIT,0.998395,0.003817,0.001547,1.099266,32.752413,0.010636,0.006024,33.962849,0,0
0,49,7,put the yellow and white mug in the microwave and close it,FULL_HIT,0.998367,0.003892,0.001652,0.384546,32.815335,0.010988,0.005515,33.324736,0,0
0,49,8,put the yellow and white mug in the microwave and close it,FULL_HIT,0.998408,0.004060,0.001700,0.379390,32.448026,0.012270,0.010714,32.949847,0,0
0,49,9,put the yellow and white mug in the microwave and close it,FULL_HIT,0.998497,0.003729,0.001560,1.063801,32.601453,0.013522,0.007181,33.787881,0,0
0,49,10,put the yellow and white mug in the microwave and close it,FULL_HIT,0.998504,0.004707,0.002766,0.401569,32.591118,0.012927,0.017600,33.144475,0,0
0,49,11,put the yellow and white mug in the microwave and close it,FULL_HIT,0.998654,0.004505,0.002236,0.398008,32.764819,0.012859,0.017389,33.306575,0,0
0,49,12,put the yellow and white mug in the microwave and close it,FULL_HIT,0.998554,0.004688,0.002363,1.040252,32.770130,0.013019,0.007209,33.946145,0,0
0,49,13,put the yellow and white mug in the microwave and close it,FULL_HIT,0.998603,0.003935,0.001657,0.427418,32.845186,0.012717,0.006781,33.395333,0,0
0,49,14,put the yellow and white mug in the microwave and close it,FULL_HIT,0.998560,0.004138,0.001863,0.376134,32.439365,0.012803,0.006985,32.939774,0,0
0,49,15,put the yellow and white mug in the microwave and close it,FULL_HIT,0.998527,0.004556,0.001900,1.221612,35.545201,0.013917,0.006559,36.904214,0,0
0,49,16,put the yellow and white mug in the microwave and close it,FULL_HIT,0.998505,0.004629,0.002155,0.398571,35.423681,0.013483,0.013735,35.960725,0,0
0,49,17,put the yellow and white mug in the microwave and close it,FULL_HIT,0.998400,0.004422,0.002359,0.390086,33.162130,0.013354,0.006477,33.682464,0,0
0,49,18,put the yellow and white mug in the microwave and close it,FULL_HIT,0.998042,0.004052,0.001821,1.070564,33.435437,0.013391,0.010054,34.642025,0,0
0,49,19,put the yellow and white mug in the microwave and close it,FULL_HIT,0.998534,0.003900,0.001938,0.380684,32.778702,0.013005,0.007252,33.294898,0,0
0,49,20,put the yellow and white mug in the microwave and close it,FULL_HIT,0.998534,0.004472,0.001764,0.394901,32.674842,0.013270,0.016600,33.207372,0,0
0,49,21,put the yellow and white mug in the microwave and close it,FULL_HIT,0.998437,0.003737,0.001439,1.085503,32.687875,0.020751,0.019610,33.916682,0,0
0,49,22,put the yellow and white mug in the microwave and close it,FULL_HIT,0.998303,0.004097,0.001717,0.376873,32.521755,0.013000,0.007229,33.021999,0,0
0,49,23,put the yellow and white mug in the microwave and close it,FULL_HIT,0.998401,0.006120,0.002008,0.453395,52.010371,0.012667,0.009820,52.622724,0,0
0,49,24,put the yellow and white mug in the microwave and close it,FULL_HIT,0.998388,0.004142,0.001707,1.935890,34.887023,0.013469,0.018772,36.962320,0,0
0,49,25,put the yellow and white mug in the microwave and close it,FULL_HIT,0.998328,0.003729,0.001578,0.402340,32.955117,0.012625,0.006575,33.477250,0,0
0,49,26,put the yellow and white mug in the microwave and close it,FULL_HIT,0.998230,0.003819,0.001972,0.412521,32.861445,0.012629,0.006338,33.393435,0,0
0,49,27,put the yellow and white mug in the microwave and close it,FULL_HIT,0.998163,0.003746,0.001498,1.045794,32.557799,0.012981,0.021050,33.738285,0,0
0,49,28,put the yellow and white mug in the microwave and close it,FULL_HIT,0.998058,0.004733,0.001833,0.404839,35.221458,0.013349,0.006534,35.755996,0,0
0,49,29,put the yellow and white mug in the microwave and close it,FULL_HIT,0.998143,0.004112,0.001724,0.384381,36.396145,0.013048,0.007193,36.941223,0,0
0,49,30,put the yellow and white mug in the microwave and close it,FULL_HIT,0.997828,0.004245,0.001763,1.209543,36.054227,0.013419,0.020519,37.427123,0,0
0,49,31,put the yellow and white mug in the microwave and close it,FULL_HIT,0.994906,0.003828,0.001642,0.406444,32.910508,0.012837,0.011335,33.443887,0,0
0,49,32,put the yellow and white mug in the microwave and close it,FULL_HIT,0.996142,0.003873,0.001622,0.371664,32.667734,0.012699,0.006500,33.157778,0,0
0,49,33,put the yellow and white mug in the microwave and close it,FULL_HIT,0.996726,0.003542,0.001727,1.062260,32.641518,0.013203,0.006571,33.832013,0,0
0,49,34,put the yellow and white mug in the microwave and close it,FULL_HIT,0.997239,0.003635,0.001590,0.375146,32.512310,0.013000,0.020597,33.022393,0,0
0,49,35,put the yellow and white mug in the microwave and close it,FULL_HIT,0.997838,0.003793,0.001655,0.370921,32.432632,0.013270,0.012952,32.931446,0,0
0,49,36,put the yellow and white mug in the microwave and close it,FULL_HIT,0.997992,0.003701,0.001577,1.102915,32.445373,0.013064,0.011464,33.675421,0,0
0,49,37,put the yellow and white mug in the microwave and close it,FULL_HIT,0.997968,0.004249,0.001616,0.381467,32.356478,0.012429,0.006365,32.855869,0,0
0,49,38,put the yellow and white mug in the microwave and close it,FULL_HIT,0.997628,0.003756,0.001673,0.408066,32.838126,0.013263,0.013544,33.375406,0,0
0,49,39,put the yellow and white mug in the microwave and close it,FULL_HIT,0.998037,0.003760,0.001625,1.152206,34.233768,0.013599,0.007203,35.522066,0,0
0,49,40,put the yellow and white mug in the microwave and close it,FULL_HIT,0.998077,0.004005,0.001674,0.428013,34.308785,0.013755,0.014195,34.868670,0,0
0,49,41,put the yellow and white mug in the microwave and close it,FULL_HIT,0.998104,0.004073,0.001798,0.379339,32.608975,0.012783,0.006376,33.109748,0,0
0,49,42,put the yellow and white mug in the microwave and close it,FULL_HIT,0.997659,0.003564,0.001808,1.087970,32.694011,0.014210,0.006714,33.913784,0,0
0,49,43,put the yellow and white mug in the microwave and close it,FULL_HIT,0.997807,0.003985,0.001589,0.412037,32.536407,0.012647,0.026524,33.101790,0,0
0,49,44,put the yellow and white mug in the microwave and close it,FULL_HIT,0.997555,0.003854,0.001633,0.385096,32.140528,0.012198,0.006736,32.658532,0,0
0,49,45,put the yellow and white mug in the microwave and close it,FULL_HIT,0.997704,0.003620,0.001579,1.037583,32.501958,0.013013,0.006654,33.665472,0,0
0,49,46,put the yellow and white mug in the microwave and close it,FULL_HIT,0.998050,0.004804,0.002006,8.927596,73.033536,0.012202,0.006365,82.094491,0,0
0,49,47,put the yellow and white mug in the microwave and close it,FULL_HIT,0.998324,0.011657,0.002326,0.406134,35.286833,0.012129,0.006369,35.828383,0,0
0,49,48,put the yellow and white mug in the microwave and close it,FULL_HIT,0.998331,0.003569,0.001557,1.212470,36.021620,0.012142,0.015288,37.396531,0,0
0,49,49,put the yellow and white mug in the microwave and close it,FULL_HIT,0.998260,0.004095,0.001541,0.408816,35.359653,0.012198,0.018093,35.900802,0,0
0,49,50,put the yellow and white mug in the microwave and close it,FULL_HIT,0.998125,0.004625,0.001882,0.436126,33.729127,0.010491,0.005891,34.283761,0,0
