repeat,episode_id,step_idx,task,hit_type,top_score,cp1_collect_ms,cp1_gate_ms,cp1_build_ms,cp1_search_ms,cp1_judge_ms,cp1_fetch_ms,cp1_total_ms,warm_start_action_approx,action_history_approx_active
0,0,0,put both the alphabet soup and the tomato sauce in the basket,FULL_HIT,0.998871,0.004908,0.002516,0.518867,8.346031,0.018446,0.008172,9.032389,0,0
0,0,1,put both the alphabet soup and the tomato sauce in the basket,FULL_HIT,0.998866,0.005036,0.002252,0.344952,7.959632,0.016452,0.008434,8.443981,0,0
0,0,2,put both the alphabet soup and the tomato sauce in the basket,FULL_HIT,0.998863,0.005607,0.002420,0.358466,8.277790,0.016949,0.008203,8.780520,0,0
0,0,3,put both the alphabet soup and the tomato sauce in the basket,FULL_HIT,0.998860,0.005014,0.001839,0.359063,7.824076,0.018655,0.008115,8.324732,0,0
0,0,4,put both the alphabet soup and the tomato sauce in the basket,FULL_HIT,0.998831,0.004765,0.001963,0.319933,7.689037,0.015969,0.007905,8.147416,0,0
0,0,5,put both the alphabet soup and the tomato sauce in the basket,FULL_HIT,0.998808,0.004840,0.001888,0.313709,7.702232,0.015834,0.008032,8.154043,0,0
0,0,6,put both the alphabet soup and the tomato sauce in the basket,FULL_HIT,0.998796,0.005103,0.001882,0.311899,7.636622,0.016518,0.008817,8.088796,0,0
0,0,7,put both the alphabet soup and the tomato sauce in the basket,FULL_HIT,0.998818,0.005540,0.002098,0.310350,7.287789,0.017010,0.009207,7.743817,0,0
0,0,8,put both the alphabet soup and the tomato sauce in the basket,FULL_HIT,0.998785,0.004994,0.001835,0.320184,7.315230,0.013874,0.005175,7.754393,0,0
0,0,9,put both the alphabet soup and the tomato sauce in the basket,FULL_HIT,0.998727,0.004647,0.001801,0.313005,7.252911,0.013280,0.005404,7.681773,0,0
0,0,10,put both the alphabet soup and the tomato sauce in the basket,FULL_HIT,0.998693,0.004812,0.001731,0.307907,7.157814,0.012739,0.005012,7.581487,0,0
0,0,11,put both the alphabet soup and the tomato sauce in the basket,FULL_HIT,0.998600,0.005679,0.002004,0.314201,7.276194,0.014067,0.005632,7.719546,0,0
0,0,12,put both the alphabet soup and the tomato sauce in the basket,FULL_HIT,0.998636,0.004571,0.002289,0.308417,7.260244,0.012950,0.004925,7.684917,0,0
0,0,13,put both the alphabet soup and the tomato sauce in the basket,FULL_HIT,0.998673,0.004624,0.001755,0.307944,7.207129,0.014246,0.005428,7.631397,0,0
0,0,14,put both the alphabet soup and the tomato sauce in the basket,FULL_HIT,0.998716,0.004669,0.001781,0.318648,7.233078,0.014207,0.004882,7.668594,0,0
0,0,15,put both the alphabet soup and the tomato sauce in the basket,FULL_HIT,0.998733,0.004495,0.001746,0.320880,7.280449,0.013953,0.005459,7.721332,0,0
0,0,16,put both the alphabet soup and the tomato sauce in the basket,FULL_HIT,0.998468,0.004867,0.001795,0.308392,7.196555,0.013412,0.005457,7.621861,0,0
0,0,17,put both the alphabet soup and the tomato sauce in the basket,FULL_HIT,0.998463,0.004552,0.002340,0.304680,7.199428,0.013766,0.005847,7.624162,0,0
0,0,18,put both the alphabet soup and the tomato sauce in the basket,FULL_HIT,0.998466,0.005624,0.001924,0.311219,7.246711,0.014468,0.005233,7.678930,0,0
0,0,19,put both the alphabet soup and the tomato sauce in the basket,FULL_HIT,0.998458,0.004510,0.001760,0.313243,7.283980,0.012929,0.004729,7.722629,0,0
0,0,20,put both the alphabet soup and the tomato sauce in the basket,FULL_HIT,0.998457,0.004597,0.001817,0.316334,7.196917,0.012304,0.005238,7.627542,0,0
0,0,21,put both the alphabet soup and the tomato sauce in the basket,FULL_HIT,0.998454,0.004599,0.001923,0.308350,7.289092,0.013375,0.005295,7.716528,0,0
0,0,22,put both the alphabet soup and the tomato sauce in the basket,FULL_HIT,0.998442,0.004748,0.001752,0.307393,7.228021,0.014090,0.005380,7.653131,0,0
0,0,23,put both the alphabet soup and the tomato sauce in the basket,FULL_HIT,0.998443,0.005066,0.001686,0.307698,7.273642,0.013644,0.005249,7.700075,0,0
0,0,24,put both the alphabet soup and the tomato sauce in the basket,FULL_HIT,0.998437,0.004588,0.001667,0.343346,7.214783,0.014093,0.005097,7.677183,0,0
0,0,25,put both the alphabet soup and the tomato sauce in the basket,FULL_HIT,0.998453,0.004509,0.001794,0.374409,7.173411,0.012871,0.005570,7.675389,0,0
0,0,26,put both the alphabet soup and the tomato sauce in the basket,FULL_HIT,0.998442,0.004625,0.001831,0.345780,7.211322,0.013677,0.005499,7.684726,0,0
0,0,27,put both the alphabet soup and the tomato sauce in the basket,FULL_HIT,0.998483,0.004668,0.001739,0.378756,7.174013,0.012706,0.005126,7.678533,0,0
0,0,28,put both the alphabet soup and the tomato sauce in the basket,FULL_HIT,0.998483,0.005049,0.001728,0.362225,7.226915,0.013672,0.005630,7.716749,0,0
0,0,29,put both the alphabet soup and the tomato sauce in the basket,FULL_HIT,0.998495,0.004622,0.001732,0.376719,7.216232,0.013152,0.005119,7.707606,0,0
0,0,30,put both the alphabet soup and the tomato sauce in the basket,FULL_HIT,0.998476,0.004498,0.001669,0.347298,7.291678,0.022853,0.005226,7.768158,0,0
0,0,31,put both the alphabet soup and the tomato sauce in the basket,FULL_HIT,0.998478,0.004726,0.001691,0.309770,7.196802,0.013208,0.005098,7.624886,0,0
0,0,32,put both the alphabet soup and the tomato sauce in the basket,FULL_HIT,0.998491,0.004940,0.001716,0.306310,7.282653,0.014478,0.005392,7.710061,0,0
0,0,33,put both the alphabet soup and the tomato sauce in the basket,FULL_HIT,0.998504,0.005414,0.001685,0.328180,7.210864,0.013623,0.005006,7.658855,0,0
0,0,34,put both the alphabet soup and the tomato sauce in the basket,FULL_HIT,0.998489,0.004453,0.001981,0.306933,7.199580,0.013265,0.005212,7.625829,0,0
0,0,35,put both the alphabet soup and the tomato sauce in the basket,FULL_HIT,0.998374,0.005010,0.001657,0.301729,7.172217,0.013200,0.005267,7.592734,0,0
0,0,36,put both the alphabet soup and the tomato sauce in the basket,FULL_HIT,0.998723,0.004560,0.001802,0.315281,7.207574,0.012669,0.005798,7.639088,0,0
0,0,37,put both the alphabet soup and the tomato sauce in the basket,FULL_HIT,0.998721,0.004571,0.001744,0.314453,7.455728,0.013083,0.004980,7.894495,0,0
0,0,38,put both the alphabet soup and the tomato sauce in the basket,FULL_HIT,0.998716,0.004679,0.001784,0.305389,7.228052,0.013490,0.005217,7.654291,0,0
0,0,39,put both the alphabet soup and the tomato sauce in the basket,FULL_HIT,0.998693,0.004562,0.001695,0.315582,7.148375,0.012674,0.005214,7.580886,0,0
0,0,40,put both the alphabet soup and the tomato sauce in the basket,FULL_HIT,0.998648,0.004994,0.001754,0.316595,7.199232,0.013833,0.005058,7.636657,0,0
0,0,41,put both the alphabet soup and the tomato sauce in the basket,FULL_HIT,0.998618,0.004703,0.017832,0.343258,7.336464,0.013775,0.005131,7.816777,0,0
0,0,42,put both the alphabet soup and the tomato sauce in the basket,FULL_HIT,0.998658,0.004733,0.001736,0.317575,7.263634,0.012867,0.005003,7.697902,0,0
0,0,43,put both the alphabet soup and the tomato sauce in the basket,FULL_HIT,0.998663,0.004540,0.001701,0.318007,7.175474,0.013653,0.005071,7.611482,0,0
0,0,44,put both the alphabet soup and the tomato sauce in the basket,FULL_HIT,0.998656,0.004602,0.001719,0.324719,7.216349,0.013152,0.005200,7.658229,0,0
0,0,45,put both the alphabet soup and the tomato sauce in the basket,FULL_HIT,0.998594,0.004390,0.001692,0.304468,7.241913,0.014035,0.005251,7.665924,0,0
0,0,46,put both the alphabet soup and the tomato sauce in the basket,FULL_HIT,0.998630,0.004650,0.001719,0.332894,7.179807,0.013524,0.005209,7.631388,0,0
0,0,47,put both the alphabet soup and the tomato sauce in the basket,FULL_HIT,0.998514,0.004483,0.001715,0.340916,7.217446,0.013925,0.005172,7.676791,0,0
0,0,48,put both the alphabet soup and the tomato sauce in the basket,FULL_HIT,0.998265,0.004968,0.001994,0.316890,7.209275,0.013437,0.005486,7.646762,0,0
0,0,49,put both the alphabet soup and the tomato sauce in the basket,FULL_HIT,0.998189,0.004583,0.001594,0.336294,7.267790,0.012821,0.005159,7.720318,0,0
0,0,50,put both the alphabet soup and the tomato sauce in the basket,FULL_HIT,0.998159,0.004691,0.001765,0.320989,7.187109,0.012520,0.005211,7.626241,0,0
0,0,51,put both the alphabet soup and the tomato sauce in the basket,FULL_HIT,0.998184,0.004556,0.001720,0.348795,7.286871,0.012966,0.005705,7.753391,0,0
0,0,52,put both the alphabet soup and the tomato sauce in the basket,FULL_HIT,0.998314,0.004459,0.017894,0.319829,7.232255,0.012960,0.006044,7.686915,0,0
0,0,53,put both the alphabet soup and the tomato sauce in the basket,FULL_HIT,0.998301,0.004588,0.001754,0.335734,7.237531,0.012826,0.005128,7.710304,0,0
0,0,54,put both the alphabet soup and the tomato sauce in the basket,FULL_HIT,0.998312,0.004513,0.001788,0.333708,7.343576,0.013535,0.005514,7.796082,0,0
0,0,55,put both the alphabet soup and the tomato sauce in the basket,FULL_HIT,0.998202,0.004368,0.001725,0.339416,7.142055,0.013247,0.005246,7.597656,0,0
0,0,56,put both the alphabet soup and the tomato sauce in the basket,FULL_HIT,0.998115,0.004712,0.001636,0.383171,7.381092,0.013253,0.005542,7.887822,0,0
0,0,57,put both the alphabet soup and the tomato sauce in the basket,FULL_HIT,0.998387,0.004621,0.001764,0.318775,7.454660,0.013749,0.005128,7.891216,0,0
0,1,0,put both the alphabet soup and the tomato sauce in the basket,FULL_HIT,0.998871,0.004670,0.001636,0.323670,7.353447,0.012903,0.005727,7.796557,0,0
0,1,1,put both the alphabet soup and the tomato sauce in the basket,FULL_HIT,0.998843,0.005124,0.001722,0.358329,7.286990,0.012721,0.005433,7.762092,0,0
0,1,2,put both the alphabet soup and the tomato sauce in the basket,FULL_HIT,0.998818,0.004599,0.001769,0.333541,7.327673,0.013559,0.004877,7.777107,0,0
0,1,3,put both the alphabet soup and the tomato sauce in the basket,FULL_HIT,0.998742,0.004721,0.002079,0.362855,7.303723,0.014594,0.005461,7.783799,0,0
0,1,4,put both the alphabet soup and the tomato sauce in the basket,FULL_HIT,0.998698,0.004590,0.001727,0.338291,7.344573,0.013339,0.005245,7.798721,0,0
0,1,5,put both the alphabet soup and the tomato sauce in the basket,FULL_HIT,0.998690,0.004599,0.001611,0.355783,7.282558,0.012660,0.005561,7.754024,0,0
0,1,6,put both the alphabet soup and the tomato sauce in the basket,FULL_HIT,0.998748,0.004838,0.001995,0.325643,7.270990,0.013794,0.005100,7.714145,0,0
0,1,7,put both the alphabet soup and the tomato sauce in the basket,FULL_HIT,0.998789,0.004854,0.001700,0.354213,7.295449,0.012670,0.005859,7.766098,0,0
0,1,8,put both the alphabet soup and the tomato sauce in the basket,FULL_HIT,0.998793,0.004666,0.001830,0.332379,7.278170,0.013828,0.005091,7.727070,0,0
0,1,9,put both the alphabet soup and the tomato sauce in the basket,FULL_HIT,0.998775,0.004480,0.001735,0.359548,7.320406,0.012748,0.005856,12.460206,0,0
0,1,10,put both the alphabet soup and the tomato sauce in the basket,FULL_HIT,0.998723,0.013814,0.004941,0.376314,7.507445,0.019089,0.006318,8.063290,0,0
0,1,11,put both the alphabet soup and the tomato sauce in the basket,FULL_HIT,0.998699,0.004521,0.001781,0.371519,7.299966,0.012539,0.005124,7.785769,0,0
0,1,12,put both the alphabet soup and the tomato sauce in the basket,FULL_HIT,0.998717,0.004700,0.001771,0.325796,7.366962,0.013353,0.005043,7.808537,0,0
0,1,13,put both the alphabet soup and the tomato sauce in the basket,FULL_HIT,0.998709,0.004813,0.001742,0.398301,7.414189,0.013754,0.005213,7.930214,0,0
0,1,14,put both the alphabet soup and the tomato sauce in the basket,FULL_HIT,0.998617,0.004551,0.001781,0.345418,7.326868,0.013330,0.005352,7.789054,0,0
0,1,15,put both the alphabet soup and the tomato sauce in the basket,FULL_HIT,0.998769,0.004471,0.001782,0.359353,7.347019,0.013280,0.004846,7.833853,0,0
0,1,16,put both the alphabet soup and the tomato sauce in the basket,FULL_HIT,0.998767,0.004473,0.001786,0.330186,7.386172,0.013321,0.005104,7.847139,0,0
0,1,17,put both the alphabet soup and the tomato sauce in the basket,FULL_HIT,0.998759,0.004630,0.001720,0.366642,7.405117,0.012879,0.005133,7.887448,0,0
0,1,18,put both the alphabet soup and the tomato sauce in the basket,FULL_HIT,0.998693,0.004597,0.001656,0.328562,7.391484,0.011981,0.005250,7.833031,0,0
0,1,19,put both the alphabet soup and the tomato sauce in the basket,FULL_HIT,0.998634,0.004393,0.001675,0.360295,7.275719,0.012669,0.005141,7.753922,0,0
0,1,20,put both the alphabet soup and the tomato sauce in the basket,FULL_HIT,0.998598,0.004793,0.001946,0.363637,7.341950,0.013298,0.005086,7.821003,0,0
0,1,21,put both the alphabet soup and the tomato sauce in the basket,FULL_HIT,0.998576,0.004685,0.001681,0.352106,7.224413,0.013602,0.004974,7.703685,0,0
0,1,22,put both the alphabet soup and the tomato sauce in the basket,FULL_HIT,0.998574,0.005025,0.001997,0.319030,7.465143,0.012191,0.005311,7.928492,0,0
0,1,23,put both the alphabet soup and the tomato sauce in the basket,FULL_HIT,0.998571,0.005192,0.001858,0.396051,7.241977,0.013178,0.005230,7.756558,0,0
0,1,24,put both the alphabet soup and the tomato sauce in the basket,FULL_HIT,0.998538,0.004809,0.001661,0.316907,7.232558,0.012917,0.005147,7.677676,0,0
0,1,25,put both the alphabet soup and the tomato sauce in the basket,FULL_HIT,0.998483,0.004477,0.001713,0.372740,7.253207,0.012913,0.005016,7.742068,0,0
0,1,26,put both the alphabet soup and the tomato sauce in the basket,FULL_HIT,0.998409,0.004372,0.001800,0.320774,7.310891,0.012436,0.005112,7.749515,0,0
0,1,27,put both the alphabet soup and the tomato sauce in the basket,FULL_HIT,0.998331,0.004606,0.001774,0.366195,7.253515,0.013499,0.005324,7.736125,0,0
0,1,28,put both the alphabet soup and the tomato sauce in the basket,FULL_HIT,0.998251,0.004764,0.001749,0.319009,7.252093,0.012702,0.005408,7.689086,0,0
0,1,29,put both the alphabet soup and the tomato sauce in the basket,FULL_HIT,0.998188,0.004565,0.001697,0.361410,7.284591,0.013393,0.005582,7.762128,0,0
0,1,30,put both the alphabet soup and the tomato sauce in the basket,FULL_HIT,0.998119,0.004924,0.001724,0.327614,7.258711,0.012869,0.005844,7.704605,0,0
0,1,31,put both the alphabet soup and the tomato sauce in the basket,FULL_HIT,0.998127,0.004688,0.001696,0.357611,7.387066,0.012746,0.005658,7.863202,0,0
0,1,32,put both the alphabet soup and the tomato sauce in the basket,FULL_HIT,0.998107,0.004810,0.001752,0.324454,7.305977,0.012831,0.006047,7.759641,0,0
0,1,33,put both the alphabet soup and the tomato sauce in the basket,FULL_HIT,0.998124,0.004730,0.001744,0.371907,7.267132,0.013541,0.005946,7.757580,0,0
0,1,34,put both the alphabet soup and the tomato sauce in the basket,FULL_HIT,0.998203,0.004805,0.001768,0.325573,7.228749,0.012356,0.005173,7.672856,0,0
0,1,35,put both the alphabet soup and the tomato sauce in the basket,FULL_HIT,0.998220,0.004906,0.001800,0.372343,7.264416,0.012354,0.014110,7.763405,0,0
0,1,36,put both the alphabet soup and the tomato sauce in the basket,FULL_HIT,0.998190,0.004588,0.001785,0.331895,7.303855,0.013760,0.005579,7.754078,0,0
0,1,37,put both the alphabet soup and the tomato sauce in the basket,FULL_HIT,0.998133,0.004411,0.001844,0.350795,7.245929,0.013118,0.006137,7.724170,0,0
0,1,38,put both the alphabet soup and the tomato sauce in the basket,FULL_HIT,0.998207,0.004441,0.010303,0.330006,7.232788,0.012619,0.005081,7.690570,0,0
0,1,39,put both the alphabet soup and the tomato sauce in the basket,FULL_HIT,0.998214,0.004673,0.001724,0.369834,7.270514,0.013831,0.005151,7.774426,0,0
0,1,40,put both the alphabet soup and the tomato sauce in the basket,FULL_HIT,0.998252,0.004639,0.001676,0.311120,7.268836,0.013032,0.005337,7.701223,0,0
0,1,41,put both the alphabet soup and the tomato sauce in the basket,FULL_HIT,0.998320,0.004625,0.001692,0.358925,7.286528,0.012364,0.005237,7.763286,0,0
0,1,42,put both the alphabet soup and the tomato sauce in the basket,FULL_HIT,0.998326,0.004760,0.001742,0.320153,7.271197,0.027939,0.005080,7.735845,0,0
0,1,43,put both the alphabet soup and the tomato sauce in the basket,FULL_HIT,0.998315,0.004570,0.001699,0.351354,7.297858,0.013538,0.004866,7.772478,0,0
0,1,44,put both the alphabet soup and the tomato sauce in the basket,FULL_HIT,0.998329,0.004768,0.001733,0.324863,7.261891,0.013665,0.005144,7.704692,0,0
0,1,45,put both the alphabet soup and the tomato sauce in the basket,FULL_HIT,0.998234,0.005604,0.001755,0.376094,7.284636,0.013035,0.005621,7.790235,0,0
0,1,46,put both the alphabet soup and the tomato sauce in the basket,FULL_HIT,0.998316,0.004481,0.001784,0.337048,7.301419,0.012850,0.005933,7.758375,0,0
0,1,47,put both the alphabet soup and the tomato sauce in the basket,FULL_HIT,0.998217,0.004598,0.001766,0.349028,7.342597,0.013291,0.005162,7.809804,0,0
0,1,48,put both the alphabet soup and the tomato sauce in the basket,FULL_HIT,0.998138,0.004930,0.001997,0.335022,7.304348,0.012871,0.006022,7.757986,0,0
0,1,49,put both the alphabet soup and the tomato sauce in the basket,FULL_HIT,0.998092,0.005192,0.001776,0.314127,7.346343,0.019803,0.005393,7.788404,0,0
0,1,50,put both the alphabet soup and the tomato sauce in the basket,FULL_HIT,0.998110,0.005322,0.001879,0.318816,7.242967,0.013509,0.005694,7.680930,0,0
0,1,51,put both the alphabet soup and the tomato sauce in the basket,FULL_HIT,0.998122,0.005043,0.001853,0.363674,7.840623,0.013696,0.005544,8.331454,0,0
0,1,52,put both the alphabet soup and the tomato sauce in the basket,FULL_HIT,0.998073,0.005565,0.001784,0.346372,7.648307,0.013897,0.006049,8.155378,0,0
0,1,53,put both the alphabet soup and the tomato sauce in the basket,FULL_HIT,0.998083,0.004632,0.001825,0.318684,7.475309,0.012298,0.005334,7.912558,0,0
0,1,54,put both the alphabet soup and the tomato sauce in the basket,FULL_HIT,0.997905,0.004878,0.001657,0.332486,7.673252,0.013896,0.005502,8.130984,0,0
0,1,55,put both the alphabet soup and the tomato sauce in the basket,FULL_HIT,0.997821,0.004933,0.001993,0.332213,7.875649,0.013942,0.005725,8.385337,0,0
0,1,56,put both the alphabet soup and the tomato sauce in the basket,FULL_HIT,0.997866,0.005287,0.001737,0.371895,7.787761,0.014394,0.005553,8.293997,0,0
0,1,57,put both the alphabet soup and the tomato sauce in the basket,FULL_HIT,0.997953,0.006547,0.001850,0.355446,7.785023,0.013499,0.005296,8.274443,0,0
0,2,0,put both the alphabet soup and the tomato sauce in the basket,FULL_HIT,0.998871,0.005879,0.002009,0.360391,8.104334,0.014034,0.006015,8.608367,0,0
0,2,1,put both the alphabet soup and the tomato sauce in the basket,FULL_HIT,0.998842,0.005455,0.001802,0.399801,7.545842,0.013335,0.005565,8.062780,0,0
0,2,2,put both the alphabet soup and the tomato sauce in the basket,FULL_HIT,0.998831,0.004823,0.001912,0.346244,7.467384,0.013560,0.005009,7.930682,0,0
0,2,3,put both the alphabet soup and the tomato sauce in the basket,FULL_HIT,0.998816,0.004901,0.001725,0.370852,7.391399,0.013456,0.005359,7.879183,0,0
0,2,4,put both the alphabet soup and the tomato sauce in the basket,FULL_HIT,0.998793,0.004827,0.001629,0.358194,7.448142,0.013065,0.005170,7.941651,0,0
0,2,5,put both the alphabet soup and the tomato sauce in the basket,FULL_HIT,0.998775,0.004498,0.001974,0.368291,7.340389,0.012877,0.004917,7.825339,0,0
0,2,6,put both the alphabet soup and the tomato sauce in the basket,FULL_HIT,0.998778,0.005134,0.001645,0.328146,7.354422,0.021958,0.005661,7.810773,0,0
0,2,7,put both the alphabet soup and the tomato sauce in the basket,FULL_HIT,0.998773,0.004469,0.001796,0.379017,7.330550,0.013308,0.005618,7.824196,0,0
0,2,8,put both the alphabet soup and the tomato sauce in the basket,FULL_HIT,0.998768,0.004671,0.001863,0.336219,7.350337,0.013079,0.005215,7.801440,0,0
0,2,9,put both the alphabet soup and the tomato sauce in the basket,FULL_HIT,0.998770,0.004919,0.001728,0.371133,8.232145,0.013225,0.005011,8.717125,0,0
0,2,10,put both the alphabet soup and the tomato sauce in the basket,FULL_HIT,0.998778,0.004652,0.001942,0.320435,7.450779,0.013295,0.006024,7.898725,0,0
0,2,11,put both the alphabet soup and the tomato sauce in the basket,FULL_HIT,0.998778,0.005462,0.002097,0.350096,7.371349,0.014435,0.004890,7.841548,0,0
0,2,12,put both the alphabet soup and the tomato sauce in the basket,FULL_HIT,0.998772,0.004569,0.001904,0.326460,7.476402,0.013428,0.005775,7.919098,0,0
0,2,13,put both the alphabet soup and the tomato sauce in the basket,FULL_HIT,0.998765,0.004846,0.001803,0.354931,7.375311,0.012950,0.005406,7.847143,0,0
0,2,14,put both the alphabet soup and the tomato sauce in the basket,FULL_HIT,0.998800,0.004726,0.001997,0.322712,7.361306,0.013596,0.005790,7.801604,0,0
0,2,15,put both the alphabet soup and the tomato sauce in the basket,FULL_HIT,0.998817,0.004441,0.001705,0.355977,7.356145,0.012600,0.005961,7.834966,0,0
0,2,16,put both the alphabet soup and the tomato sauce in the basket,FULL_HIT,0.998795,0.004798,0.001754,0.333422,7.360120,0.013562,0.004938,7.829903,0,0
0,2,17,put both the alphabet soup and the tomato sauce in the basket,FULL_HIT,0.998804,0.004672,0.001879,0.368785,7.343847,0.012745,0.005218,7.830578,0,0
0,2,18,put both the alphabet soup and the tomato sauce in the basket,FULL_HIT,0.998807,0.004656,0.001729,0.329846,7.684872,0.013395,0.004997,8.130311,0,0
0,2,19,put both the alphabet soup and the tomato sauce in the basket,FULL_HIT,0.998811,0.005005,0.001748,0.367201,7.358135,0.012988,0.005258,7.843276,0,0
0,2,20,put both the alphabet soup and the tomato sauce in the basket,FULL_HIT,0.998812,0.004803,0.001891,0.355646,7.348235,0.014027,0.005495,7.823801,0,0
0,2,21,put both the alphabet soup and the tomato sauce in the basket,FULL_HIT,0.998801,0.004887,0.001784,0.372086,7.320930,0.013880,0.005816,7.809694,0,0
0,2,22,put both the alphabet soup and the tomato sauce in the basket,FULL_HIT,0.998797,0.004898,0.001797,0.323453,7.321334,0.014738,0.005987,7.773714,0,0
0,2,23,put both the alphabet soup and the tomato sauce in the basket,FULL_HIT,0.998795,0.004611,0.001743,0.350752,7.376829,0.012885,0.005855,7.844459,0,0
0,2,24,put both the alphabet soup and the tomato sauce in the basket,FULL_HIT,0.998782,0.004652,0.001772,0.318983,7.304185,0.013030,0.005833,7.741339,0,0
0,2,25,put both the alphabet soup and the tomato sauce in the basket,FULL_HIT,0.998783,0.004668,0.001763,0.361023,7.303676,0.013037,0.005830,7.779737,0,0
0,2,26,put both the alphabet soup and the tomato sauce in the basket,FULL_HIT,0.998769,0.004780,0.001625,0.333652,7.308275,0.013541,0.005653,7.759072,0,0
0,2,27,put both the alphabet soup and the tomato sauce in the basket,FULL_HIT,0.998785,0.004714,0.001960,0.349386,7.328282,0.013164,0.005538,7.795419,0,0
0,2,28,put both the alphabet soup and the tomato sauce in the basket,FULL_HIT,0.998802,0.004650,0.001782,0.325134,7.348040,0.013787,0.005233,7.791458,0,0
0,2,29,put both the alphabet soup and the tomato sauce in the basket,FULL_HIT,0.998760,0.004648,0.002307,0.359071,7.327685,0.014179,0.004950,7.806901,0,0
0,2,30,put both the alphabet soup and the tomato sauce in the basket,FULL_HIT,0.998686,0.004757,0.001752,0.324893,7.313883,0.013316,0.004996,7.755673,0,0
0,2,31,put both the alphabet soup and the tomato sauce in the basket,FULL_HIT,0.998486,0.004482,0.001783,0.355550,7.295992,0.013412,0.005011,7.770826,0,0
0,2,32,put both the alphabet soup and the tomato sauce in the basket,FULL_HIT,0.998766,0.004762,0.001781,0.329971,7.237685,0.020277,0.004799,7.691505,0,0
0,2,33,put both the alphabet soup and the tomato sauce in the basket,FULL_HIT,0.998751,0.004849,0.001760,0.352969,7.330450,0.012728,0.005361,7.802054,0,0
0,2,34,put both the alphabet soup and the tomato sauce in the basket,FULL_HIT,0.998723,0.004820,0.001774,0.320150,7.255677,0.012627,0.005343,7.690906,0,0
0,2,35,put both the alphabet soup and the tomato sauce in the basket,FULL_HIT,0.998753,0.004923,0.001759,0.368782,7.298361,0.012954,0.004829,7.785309,0,0
0,2,36,put both the alphabet soup and the tomato sauce in the basket,FULL_HIT,0.998803,0.004605,0.001867,0.367180,7.266494,0.013824,0.005594,7.752861,0,0
0,2,37,put both the alphabet soup and the tomato sauce in the basket,FULL_HIT,0.998801,0.004723,0.001702,0.350393,7.332186,0.013354,0.013687,7.810785,0,0
0,2,38,put both the alphabet soup and the tomato sauce in the basket,FULL_HIT,0.998759,0.004536,0.001626,0.334183,7.250223,0.013468,0.005146,7.703916,0,0
0,2,39,put both the alphabet soup and the tomato sauce in the basket,FULL_HIT,0.998684,0.004607,0.001728,0.353841,7.282179,0.013404,0.005384,7.754490,0,0
0,2,40,put both the alphabet soup and the tomato sauce in the basket,FULL_HIT,0.998665,0.004682,0.001763,0.316512,7.271839,0.013026,0.005334,7.707999,0,0
0,2,41,put both the alphabet soup and the tomato sauce in the basket,FULL_HIT,0.998622,0.005051,0.001809,0.358182,7.267595,0.013195,0.005473,7.757462,0,0
0,2,42,put both the alphabet soup and the tomato sauce in the basket,FULL_HIT,0.998604,0.004897,0.001906,0.325861,7.244269,0.013065,0.005032,7.685825,0,0
0,2,43,put both the alphabet soup and the tomato sauce in the basket,FULL_HIT,0.998589,0.004448,0.001828,0.355742,7.272245,0.013790,0.005221,7.746865,0,0
0,2,44,put both the alphabet soup and the tomato sauce in the basket,FULL_HIT,0.998579,0.004757,0.001858,0.333888,7.269665,0.013284,0.005175,7.723678,0,0
0,2,45,put both the alphabet soup and the tomato sauce in the basket,FULL_HIT,0.998499,0.004759,0.001765,0.356381,7.423951,0.012387,0.005744,7.899823,0,0
0,2,46,put both the alphabet soup and the tomato sauce in the basket,FULL_HIT,0.998493,0.004965,0.001647,0.337156,7.314035,0.013175,0.005730,7.769547,0,0
0,2,47,put both the alphabet soup and the tomato sauce in the basket,FULL_HIT,0.998466,0.004439,0.001649,0.357798,7.276723,0.012691,0.006174,7.750911,0,0
0,2,48,put both the alphabet soup and the tomato sauce in the basket,FULL_HIT,0.998509,0.004731,0.001805,0.324048,7.259372,0.012761,0.005801,7.703027,0,0
0,2,49,put both the alphabet soup and the tomato sauce in the basket,FULL_HIT,0.998397,0.004542,0.001790,0.348451,7.280488,0.020455,0.005710,7.755475,0,0
0,2,50,put both the alphabet soup and the tomato sauce in the basket,FULL_HIT,0.997951,0.005195,0.001746,0.324208,7.272076,0.014014,0.005338,7.715588,0,0
0,2,51,put both the alphabet soup and the tomato sauce in the basket,FULL_HIT,0.997695,0.004911,0.001819,0.319882,7.442017,0.013199,0.005359,7.881825,0,0
0,2,52,put both the alphabet soup and the tomato sauce in the basket,FULL_HIT,0.997616,0.004577,0.001727,0.324815,7.353218,0.013609,0.005472,7.797347,0,0
0,2,53,put both the alphabet soup and the tomato sauce in the basket,FULL_HIT,0.997891,0.004874,0.001813,0.316194,7.290138,0.013169,0.005483,7.724930,0,0
0,2,54,put both the alphabet soup and the tomato sauce in the basket,FULL_HIT,0.997889,0.004852,0.001856,0.319092,7.259247,0.013629,0.005210,7.699542,0,0
0,3,0,put both the alphabet soup and the tomato sauce in the basket,FULL_HIT,0.998871,0.004669,0.001804,0.330239,7.348154,0.013151,0.004909,7.798576,0,0
0,3,1,put both the alphabet soup and the tomato sauce in the basket,FULL_HIT,0.998846,0.004531,0.001994,0.363265,7.394728,0.012958,0.005358,7.885494,0,0
0,3,2,put both the alphabet soup and the tomato sauce in the basket,FULL_HIT,0.998829,0.004930,0.001785,0.324527,7.401258,0.013625,0.005271,7.842046,0,0
0,3,3,put both the alphabet soup and the tomato sauce in the basket,FULL_HIT,0.998824,0.004805,0.001707,0.367889,7.300563,0.014017,0.005342,7.785478,0,0
0,3,4,put both the alphabet soup and the tomato sauce in the basket,FULL_HIT,0.998816,0.004863,0.001768,0.322387,8.773057,0.013341,0.005959,9.221395,0,0
0,3,5,put both the alphabet soup and the tomato sauce in the basket,FULL_HIT,0.998823,0.004557,0.001697,0.358884,7.430572,0.012836,0.005381,7.905737,0,0
0,3,6,put both the alphabet soup and the tomato sauce in the basket,FULL_HIT,0.998823,0.004968,0.001695,0.327240,7.335820,0.013259,0.005097,7.779428,0,0
0,3,7,put both the alphabet soup and the tomato sauce in the basket,FULL_HIT,0.998815,0.004596,0.001757,0.347857,7.333753,0.014071,0.005474,7.796336,0,0
0,3,8,put both the alphabet soup and the tomato sauce in the basket,FULL_HIT,0.998807,0.004510,0.001953,0.327094,7.294178,0.013792,0.005569,7.738893,0,0
0,3,9,put both the alphabet soup and the tomato sauce in the basket,FULL_HIT,0.998803,0.004520,0.001758,0.349677,7.334326,0.013665,0.004998,7.798912,0,0
0,3,10,put both the alphabet soup and the tomato sauce in the basket,FULL_HIT,0.998788,0.004468,0.001744,0.340864,7.281186,0.014232,0.005462,7.740749,0,0
0,3,11,put both the alphabet soup and the tomato sauce in the basket,FULL_HIT,0.998760,0.004552,0.001775,0.352509,7.221034,0.013638,0.006010,7.700231,0,0
0,3,12,put both the alphabet soup and the tomato sauce in the basket,FULL_HIT,0.998663,0.004486,0.001752,0.336522,7.234927,0.013017,0.005103,7.694872,0,0
0,3,13,put both the alphabet soup and the tomato sauce in the basket,FULL_HIT,0.998704,0.004652,0.001908,0.354364,7.347966,0.013108,0.005453,7.818689,0,0
0,3,14,put both the alphabet soup and the tomato sauce in the basket,FULL_HIT,0.998707,0.004548,0.002019,0.317680,7.318007,0.013771,0.005034,7.751562,0,0
0,3,15,put both the alphabet soup and the tomato sauce in the basket,FULL_HIT,0.998703,0.004422,0.001771,0.346537,7.287954,0.013330,0.005263,7.750999,0,0
0,3,16,put both the alphabet soup and the tomato sauce in the basket,FULL_HIT,0.998701,0.004651,0.001811,0.330012,7.199903,0.012405,0.005157,7.645213,0,0
0,3,17,put both the alphabet soup and the tomato sauce in the basket,FULL_HIT,0.998647,0.004673,0.001764,0.389904,7.253343,0.012579,0.005197,7.759783,0,0
0,3,18,put both the alphabet soup and the tomato sauce in the basket,FULL_HIT,0.998547,0.005067,0.001800,0.320486,7.279692,0.012396,0.005712,7.713537,0,0
0,3,19,put both the alphabet soup and the tomato sauce in the basket,FULL_HIT,0.998417,0.005435,0.001670,0.395495,9.853936,0.016857,0.007409,10.384764,0,0
0,3,20,put both the alphabet soup and the tomato sauce in the basket,FULL_HIT,0.998237,0.005090,0.001921,0.320708,7.284635,0.013214,0.005087,7.723044,0,0
0,3,21,put both the alphabet soup and the tomato sauce in the basket,FULL_HIT,0.998121,0.004734,0.001780,0.364471,7.373196,0.012386,0.005252,7.855315,0,0
0,3,22,put both the alphabet soup and the tomato sauce in the basket,FULL_HIT,0.998091,0.005349,0.001901,0.318726,7.384308,0.013520,0.005495,7.822358,0,0
0,3,23,put both the alphabet soup and the tomato sauce in the basket,FULL_HIT,0.998065,0.005139,0.001787,0.362379,7.304571,0.014020,0.005340,7.784535,0,0
0,3,24,put both the alphabet soup and the tomato sauce in the basket,FULL_HIT,0.998078,0.004850,0.001919,0.325996,7.310081,0.012627,0.005290,7.751472,0,0
0,3,25,put both the alphabet soup and the tomato sauce in the basket,FULL_HIT,0.998172,0.013517,0.001823,0.361821,7.356706,0.013918,0.005171,7.844912,0,0
0,3,26,put both the alphabet soup and the tomato sauce in the basket,FULL_HIT,0.998189,0.005611,0.001964,0.326339,7.321398,0.013348,0.005400,7.765583,0,0
0,3,27,put both the alphabet soup and the tomato sauce in the basket,FULL_HIT,0.998277,0.005566,0.001663,0.352154,7.276918,0.013152,0.005311,7.748411,0,0
0,3,28,put both the alphabet soup and the tomato sauce in the basket,FULL_HIT,0.998238,0.004711,0.001803,0.331688,7.239895,0.013892,0.005487,7.689384,0,0
0,3,29,put both the alphabet soup and the tomato sauce in the basket,FULL_HIT,0.998302,0.005228,0.001763,0.356507,7.213738,0.013644,0.004925,7.687188,0,0
0,3,30,put both the alphabet soup and the tomato sauce in the basket,FULL_HIT,0.997849,0.004914,0.001773,0.332273,7.177036,0.012138,0.005135,7.625856,0,0
0,3,31,put both the alphabet soup and the tomato sauce in the basket,FULL_HIT,0.997990,0.004859,0.001888,0.365562,7.210233,0.013304,0.013289,7.700915,0,0
0,3,32,put both the alphabet soup and the tomato sauce in the basket,FULL_HIT,0.997893,0.004560,0.001806,0.327006,7.190111,0.013318,0.005247,7.635193,0,0
0,3,33,put both the alphabet soup and the tomato sauce in the basket,FULL_HIT,0.998121,0.004809,0.001709,0.352137,7.192008,0.013641,0.005694,7.662579,0,0
0,3,34,put both the alphabet soup and the tomato sauce in the basket,FULL_HIT,0.998438,0.004696,0.001834,0.331585,7.265519,0.013809,0.004842,7.708931,0,0
0,3,35,put both the alphabet soup and the tomato sauce in the basket,FULL_HIT,0.998376,0.004975,0.001877,0.358629,7.389243,0.014037,0.005743,7.870717,0,0
0,3,36,put both the alphabet soup and the tomato sauce in the basket,FULL_HIT,0.998453,0.004561,0.001738,0.327862,7.315216,0.013628,0.005440,7.762719,0,0
0,3,37,put both the alphabet soup and the tomato sauce in the basket,FULL_HIT,0.998453,0.004727,0.001902,0.358233,7.257685,0.013507,0.005164,7.734942,0,0
0,3,38,put both the alphabet soup and the tomato sauce in the basket,FULL_HIT,0.998472,0.004733,0.001766,0.314263,7.272733,0.014127,0.005107,7.707513,0,0
0,3,39,put both the alphabet soup and the tomato sauce in the basket,FULL_HIT,0.998471,0.004695,0.001763,0.366367,7.273175,0.012776,0.005065,7.759320,0,0
0,3,40,put both the alphabet soup and the tomato sauce in the basket,FULL_HIT,0.998538,0.004750,0.001636,0.316697,7.239372,0.013535,0.005705,7.678570,0,0
0,3,41,put both the alphabet soup and the tomato sauce in the basket,FULL_HIT,0.998389,0.004691,0.001748,0.341374,7.363495,0.012345,0.006253,7.823219,0,0
0,3,42,put both the alphabet soup and the tomato sauce in the basket,FULL_HIT,0.998438,0.004534,0.001673,0.322094,7.166621,0.013103,0.005105,7.605870,0,0
0,3,43,put both the alphabet soup and the tomato sauce in the basket,FULL_HIT,0.998446,0.004627,0.001704,0.354939,7.278002,0.013793,0.005311,7.753344,0,0
0,3,44,put both the alphabet soup and the tomato sauce in the basket,FULL_HIT,0.998415,0.004874,0.001784,0.315300,7.336829,0.014442,0.005267,7.775414,0,0
0,3,45,put both the alphabet soup and the tomato sauce in the basket,FULL_HIT,0.998453,0.004778,0.001753,0.355997,7.276037,0.012879,0.005481,7.748475,0,0
0,3,46,put both the alphabet soup and the tomato sauce in the basket,FULL_HIT,0.998398,0.004507,0.001813,0.318714,7.194640,0.012300,0.005527,7.631409,0,0
0,3,47,put both the alphabet soup and the tomato sauce in the basket,FULL_HIT,0.997171,0.004713,0.001746,0.313716,7.203579,0.012942,0.005629,7.635860,0,0
0,3,48,put both the alphabet soup and the tomato sauce in the basket,FULL_HIT,0.997174,0.004700,0.001693,0.326787,7.190766,0.013815,0.005452,7.637556,0,0
0,3,49,put both the alphabet soup and the tomato sauce in the basket,FULL_HIT,0.997173,0.004863,0.001796,0.324397,7.336289,0.013532,0.005654,7.782596,0,0
0,3,50,put both the alphabet soup and the tomato sauce in the basket,FULL_HIT,0.997178,0.005000,0.001746,0.312510,7.231200,0.012997,0.005101,7.662248,0,0
0,3,51,put both the alphabet soup and the tomato sauce in the basket,FULL_HIT,0.997170,0.004793,0.001975,0.309674,7.452206,0.012649,0.005871,7.879389,0,0
0,3,52,put both the alphabet soup and the tomato sauce in the basket,FULL_HIT,0.997202,0.004621,0.001772,0.324108,7.361271,0.013385,0.005817,7.803678,0,0
0,3,53,put both the alphabet soup and the tomato sauce in the basket,FULL_HIT,0.997197,0.004544,0.001818,0.321745,7.222617,0.013800,0.005697,7.664037,0,0
0,3,54,put both the alphabet soup and the tomato sauce in the basket,FULL_HIT,0.997584,0.004660,0.001804,0.336478,7.315107,0.013432,0.005564,7.771154,0,0
0,3,55,put both the alphabet soup and the tomato sauce in the basket,FULL_HIT,0.997927,0.004806,0.002168,0.332014,7.226506,0.013869,0.005142,7.679783,0,0
0,3,56,put both the alphabet soup and the tomato sauce in the basket,FULL_HIT,0.997978,0.004626,0.001800,0.311916,7.220547,0.013181,0.005732,7.653976,0,0
0,3,57,put both the alphabet soup and the tomato sauce in the basket,FULL_HIT,0.997978,0.004808,0.001754,0.309188,7.191087,0.014025,0.005009,7.617237,0,0
0,3,58,put both the alphabet soup and the tomato sauce in the basket,FULL_HIT,0.998291,0.004492,0.001753,0.311956,7.206665,0.012906,0.005509,7.639135,0,0
0,4,0,put both the alphabet soup and the tomato sauce in the basket,FULL_HIT,0.998871,0.004449,0.002125,0.324462,7.331410,0.014369,0.004961,7.775510,0,0
0,4,1,put both the alphabet soup and the tomato sauce in the basket,FULL_HIT,0.998848,0.004442,0.001711,0.327693,7.432337,0.012839,0.005282,7.877760,0,0
0,4,2,put both the alphabet soup and the tomato sauce in the basket,FULL_HIT,0.998837,0.004771,0.001966,0.321296,7.255276,0.013628,0.004973,7.695257,0,0
0,4,3,put both the alphabet soup and the tomato sauce in the basket,FULL_HIT,0.998849,0.004476,0.001765,0.333698,7.239029,0.013733,0.005313,7.688255,0,0
0,4,4,put both the alphabet soup and the tomato sauce in the basket,FULL_HIT,0.998854,0.004665,0.001856,0.322769,7.215009,0.013567,0.005399,7.656311,0,0
0,4,5,put both the alphabet soup and the tomato sauce in the basket,FULL_HIT,0.998841,0.004709,0.002431,0.329601,7.251189,0.012673,0.005076,7.699664,0,0
0,4,6,put both the alphabet soup and the tomato sauce in the basket,FULL_HIT,0.998825,0.004505,0.001984,0.338219,7.259084,0.012242,0.005885,7.714750,0,0
0,4,7,put both the alphabet soup and the tomato sauce in the basket,FULL_HIT,0.998816,0.004739,0.002367,0.334541,7.304508,0.013749,0.005371,7.752591,0,0
0,4,8,put both the alphabet soup and the tomato sauce in the basket,FULL_HIT,0.998819,0.005031,0.001759,0.343496,7.254617,0.013300,0.005634,7.724968,0,0
0,4,9,put both the alphabet soup and the tomato sauce in the basket,FULL_HIT,0.998817,0.004837,0.001708,0.337657,7.395303,0.013421,0.005237,7.850080,0,0
0,4,10,put both the alphabet soup and the tomato sauce in the basket,FULL_HIT,0.998807,0.004439,0.001758,0.333768,7.252229,0.012964,0.005299,7.702771,0,0
0,4,11,put both the alphabet soup and the tomato sauce in the basket,FULL_HIT,0.998791,0.004397,0.001782,0.328392,7.273957,0.012279,0.005533,7.724098,0,0
0,4,12,put both the alphabet soup and the tomato sauce in the basket,FULL_HIT,0.998768,0.004573,0.001652,0.330924,7.283140,0.012620,0.005583,7.729192,0,0
0,4,13,put both the alphabet soup and the tomato sauce in the basket,FULL_HIT,0.998341,0.004700,0.001760,0.336721,7.322424,0.012573,0.005610,7.775324,0,0
0,4,14,put both the alphabet soup and the tomato sauce in the basket,FULL_HIT,0.998754,0.004646,0.001701,0.327638,7.349744,0.012774,0.005575,7.794483,0,0
0,4,15,put both the alphabet soup and the tomato sauce in the basket,FULL_HIT,0.998670,0.005296,0.001687,0.325716,7.264966,0.014192,0.005826,7.708804,0,0
0,4,16,put both the alphabet soup and the tomato sauce in the basket,FULL_HIT,0.998586,0.004525,0.001798,0.338931,7.264121,0.012691,0.005614,7.721395,0,0
0,4,17,put both the alphabet soup and the tomato sauce in the basket,FULL_HIT,0.998577,0.004535,0.001683,0.326291,7.253867,0.013032,0.006053,7.696790,0,0
0,4,18,put both the alphabet soup and the tomato sauce in the basket,FULL_HIT,0.998643,0.004602,0.001754,0.335849,7.354730,0.013046,0.005813,7.807380,0,0
0,4,19,put both the alphabet soup and the tomato sauce in the basket,FULL_HIT,0.998654,0.004796,0.001710,0.323660,7.340994,0.012583,0.005098,7.780801,0,0
0,4,20,put both the alphabet soup and the tomato sauce in the basket,FULL_HIT,0.998654,0.004895,0.001942,0.329610,7.240700,0.013308,0.005052,7.687821,0,0
0,4,21,put both the alphabet soup and the tomato sauce in the basket,FULL_HIT,0.998660,0.004767,0.001708,0.316657,7.258672,0.013758,0.004955,7.693942,0,0
0,4,22,put both the alphabet soup and the tomato sauce in the basket,FULL_HIT,0.998652,0.004561,0.001748,0.337438,7.218626,0.012351,0.005327,7.670838,0,0
0,4,23,put both the alphabet soup and the tomato sauce in the basket,FULL_HIT,0.998655,0.004714,0.001736,0.322053,7.384464,0.013378,0.005881,7.825317,0,0
0,4,24,put both the alphabet soup and the tomato sauce in the basket,FULL_HIT,0.998676,0.004618,0.001835,0.322069,7.209636,0.013227,0.005265,7.647951,0,0
0,4,25,put both the alphabet soup and the tomato sauce in the basket,FULL_HIT,0.998717,0.004681,0.001766,0.331684,7.211520,0.014099,0.005174,7.662659,0,0
0,4,26,put both the alphabet soup and the tomato sauce in the basket,FULL_HIT,0.998676,0.004555,0.001749,0.320423,7.268229,0.013605,0.005576,7.708293,0,0
0,4,27,put both the alphabet soup and the tomato sauce in the basket,FULL_HIT,0.998653,0.004810,0.001731,0.333451,7.287028,0.013595,0.005651,7.746231,0,0
0,4,28,put both the alphabet soup and the tomato sauce in the basket,FULL_HIT,0.998679,0.004363,0.001771,0.339237,7.292193,0.013157,0.005884,7.749079,0,0
0,4,29,put both the alphabet soup and the tomato sauce in the basket,FULL_HIT,0.998692,0.004805,0.001771,0.321061,7.204786,0.013419,0.005736,7.653521,0,0
0,4,30,put both the alphabet soup and the tomato sauce in the basket,FULL_HIT,0.998700,0.004793,0.001810,0.329633,7.241398,0.013914,0.005454,7.689386,0,0
0,4,31,put both the alphabet soup and the tomato sauce in the basket,FULL_HIT,0.998705,0.004726,0.001737,0.324373,7.319141,0.012015,0.005835,7.760456,0,0
0,4,32,put both the alphabet soup and the tomato sauce in the basket,FULL_HIT,0.998719,0.004624,0.001930,0.331184,7.263587,0.013223,0.005551,7.712959,0,0
0,4,33,put both the alphabet soup and the tomato sauce in the basket,FULL_HIT,0.998691,0.004505,0.001717,0.336434,7.237335,0.013056,0.005418,7.689591,0,0
0,4,34,put both the alphabet soup and the tomato sauce in the basket,FULL_HIT,0.998730,0.004732,0.001885,0.326245,7.290551,0.013762,0.005466,7.731964,0,0
0,4,35,put both the alphabet soup and the tomato sauce in the basket,FULL_HIT,0.998748,0.004499,0.001918,0.334762,7.288762,0.013706,0.005769,7.740418,0,0
0,4,36,put both the alphabet soup and the tomato sauce in the basket,FULL_HIT,0.998781,0.005288,0.001811,0.323073,7.304321,0.013347,0.005458,7.755630,0,0
0,4,37,put both the alphabet soup and the tomato sauce in the basket,FULL_HIT,0.998786,0.004647,0.001793,0.325876,7.285258,0.013161,0.005382,7.729601,0,0
0,4,38,put both the alphabet soup and the tomato sauce in the basket,FULL_HIT,0.998779,0.004752,0.001785,0.331095,7.293621,0.013478,0.014721,7.769985,0,0
0,4,39,put both the alphabet soup and the tomato sauce in the basket,FULL_HIT,0.998803,0.004709,0.001815,0.335667,7.218761,0.012956,0.005242,7.672847,0,0
0,4,40,put both the alphabet soup and the tomato sauce in the basket,FULL_HIT,0.998805,0.004588,0.001722,0.312824,9.628435,0.013041,0.005732,10.060809,0,0
0,4,41,put both the alphabet soup and the tomato sauce in the basket,FULL_HIT,0.998098,0.004635,0.001779,0.324016,7.265619,0.012830,0.006222,7.708797,0,0
0,4,42,put both the alphabet soup and the tomato sauce in the basket,FULL_HIT,0.998618,0.004579,0.001711,0.336939,7.226650,0.014811,0.005464,7.686010,0,0
0,4,43,put both the alphabet soup and the tomato sauce in the basket,FULL_HIT,0.998563,0.004478,0.001670,0.333930,7.214805,0.013944,0.005305,7.666556,0,0
0,4,44,put both the alphabet soup and the tomato sauce in the basket,FULL_HIT,0.998407,0.005160,0.001902,0.312163,7.218304,0.013613,0.005508,7.650151,0,0
0,4,45,put both the alphabet soup and the tomato sauce in the basket,FULL_HIT,0.998272,0.004786,0.001820,0.321289,7.255072,0.013575,0.005770,7.696582,0,0
0,4,46,put both the alphabet soup and the tomato sauce in the basket,FULL_HIT,0.998209,0.005120,0.001735,0.320115,7.232258,0.013029,0.005646,7.670234,0,0
0,4,47,put both the alphabet soup and the tomato sauce in the basket,FULL_HIT,0.998164,0.004660,0.001757,0.332682,7.307906,0.013560,0.005754,7.761325,0,0
0,4,48,put both the alphabet soup and the tomato sauce in the basket,FULL_HIT,0.998271,0.004869,0.001749,0.311863,7.239378,0.012718,0.005435,7.669391,0,0
0,4,49,put both the alphabet soup and the tomato sauce in the basket,FULL_HIT,0.998341,0.005179,0.001812,0.311676,7.272725,0.013609,0.005889,7.707009,0,0
0,4,50,put both the alphabet soup and the tomato sauce in the basket,FULL_HIT,0.998378,0.004856,0.001805,0.358310,7.841591,0.014114,0.005364,8.320017,0,0
0,4,51,put both the alphabet soup and the tomato sauce in the basket,FULL_HIT,0.998275,0.004800,0.001953,0.356340,7.289632,0.014519,0.005423,7.770101,0,0
0,4,52,put both the alphabet soup and the tomato sauce in the basket,FULL_HIT,0.998298,0.005539,0.001875,0.336336,7.221146,0.012744,0.005686,7.676972,0,0
0,4,53,put both the alphabet soup and the tomato sauce in the basket,FULL_HIT,0.998070,0.004986,0.001821,0.368134,7.376698,0.013958,0.005809,7.892142,0,0
0,4,0,turn on the stove and put the moka pot on it,FULL_HIT,0.998868,0.005093,0.001766,0.314771,7.303523,0.011967,0.005748,7.734310,0,0
0,4,1,turn on the stove and put the moka pot on it,FULL_HIT,0.998854,0.005099,0.001676,0.330597,7.024922,0.012398,0.005328,7.469026,0,0
0,4,2,turn on the stove and put the moka pot on it,FULL_HIT,0.998812,0.004851,0.001766,0.324141,6.995634,0.014712,0.005383,7.451517,0,0
0,4,3,turn on the stove and put the moka pot on it,FULL_HIT,0.998793,0.005489,0.001697,0.325780,7.030319,0.012819,0.005134,7.474855,0,0
0,4,4,turn on the stove and put the moka pot on it,FULL_HIT,0.998790,0.005245,0.001684,0.331728,7.088131,0.012760,0.005406,7.538454,0,0
0,4,5,turn on the stove and put the moka pot on it,FULL_HIT,0.998802,0.004755,0.001825,0.318824,6.994925,0.013188,0.005305,7.429415,0,0
0,4,6,turn on the stove and put the moka pot on it,FULL_HIT,0.998788,0.005816,0.001790,0.320069,7.062002,0.012791,0.005485,7.498857,0,0
0,4,7,turn on the stove and put the moka pot on it,FULL_HIT,0.998798,0.004774,0.001795,0.335748,7.067255,0.012463,0.005816,7.517469,0,0
0,4,8,turn on the stove and put the moka pot on it,FULL_HIT,0.998793,0.004810,0.001763,0.321158,7.032874,0.013615,0.005590,7.481796,0,0
0,4,9,turn on the stove and put the moka pot on it,FULL_HIT,0.998783,0.004740,0.001775,0.332489,6.981439,0.012542,0.004926,7.430232,0,0
0,4,10,turn on the stove and put the moka pot on it,FULL_HIT,0.998658,0.004576,0.001767,0.324408,7.070477,0.012853,0.005572,7.511393,0,0
0,4,11,turn on the stove and put the moka pot on it,FULL_HIT,0.997440,0.004520,0.001645,0.322089,7.003969,0.013520,0.005246,7.442940,0,0
0,4,12,turn on the stove and put the moka pot on it,FULL_HIT,0.997485,0.004620,0.001675,0.321163,7.096224,0.013837,0.005406,7.531399,0,0
0,4,13,turn on the stove and put the moka pot on it,FULL_HIT,0.997699,0.005148,0.001799,0.335213,6.963388,0.012740,0.005322,7.414841,0,0
0,4,14,turn on the stove and put the moka pot on it,FULL_HIT,0.998042,0.004689,0.001969,0.323769,7.071527,0.012685,0.005459,7.521242,0,0
0,4,15,turn on the stove and put the moka pot on it,FULL_HIT,0.997989,0.004654,0.001682,0.324392,7.014556,0.012906,0.005373,7.455183,0,0
0,4,16,turn on the stove and put the moka pot on it,FULL_HIT,0.997708,0.004748,0.001704,0.327177,7.004024,0.012973,0.005419,7.450114,0,0
0,4,17,turn on the stove and put the moka pot on it,FULL_HIT,0.997427,0.004642,0.001940,0.331184,6.990535,0.012425,0.005730,7.436651,0,0
0,4,18,turn on the stove and put the moka pot on it,FULL_HIT,0.997556,0.004428,0.001836,0.327938,7.251229,0.013432,0.005771,7.696934,0,0
0,4,19,turn on the stove and put the moka pot on it,FULL_HIT,0.997230,0.004920,0.001801,0.329987,7.036128,0.012148,0.005448,7.485536,0,0
0,4,20,turn on the stove and put the moka pot on it,FULL_HIT,0.998040,0.004819,0.002236,0.323710,6.952689,0.013527,0.005231,7.393699,0,0
0,4,21,turn on the stove and put the moka pot on it,FULL_HIT,0.998118,0.004805,0.001827,0.324146,6.944355,0.013348,0.005466,7.383730,0,0
0,4,22,turn on the stove and put the moka pot on it,FULL_HIT,0.998501,0.004667,0.001806,0.321088,7.022624,0.013565,0.005538,7.462449,0,0
0,4,23,turn on the stove and put the moka pot on it,FULL_HIT,0.998376,0.004712,0.001779,0.325814,7.009410,0.012790,0.005770,7.457907,0,0
0,4,24,turn on the stove and put the moka pot on it,FULL_HIT,0.998419,0.004256,0.001706,0.335303,6.972709,0.013233,0.005173,7.424151,0,0
0,4,25,turn on the stove and put the moka pot on it,FULL_HIT,0.998298,0.004503,0.001674,0.322729,6.963730,0.013183,0.004933,7.402823,0,0
0,4,26,turn on the stove and put the moka pot on it,FULL_HIT,0.998240,0.004667,0.001618,0.320888,6.948169,0.013930,0.005632,7.385492,0,0
0,4,27,turn on the stove and put the moka pot on it,FULL_HIT,0.998353,0.004883,0.001836,0.322680,6.929154,0.012755,0.005416,7.387785,0,0
0,4,28,turn on the stove and put the moka pot on it,FULL_HIT,0.998501,0.004547,0.001773,0.329191,6.957490,0.012092,0.005168,7.402642,0,0
0,4,29,turn on the stove and put the moka pot on it,FULL_HIT,0.998577,0.004443,0.001867,0.323472,6.967983,0.012585,0.004915,7.407461,0,0
0,4,30,turn on the stove and put the moka pot on it,FULL_HIT,0.998609,0.004826,0.001745,0.325137,6.958985,0.013097,0.005501,7.422081,0,0
0,4,31,turn on the stove and put the moka pot on it,FULL_HIT,0.998565,0.004712,0.001745,0.333221,6.982552,0.012999,0.005430,7.433582,0,0
0,4,32,turn on the stove and put the moka pot on it,FULL_HIT,0.998521,0.004499,0.001612,0.321990,6.945842,0.014157,0.005466,7.386089,0,0
0,4,33,turn on the stove and put the moka pot on it,FULL_HIT,0.998541,0.004899,0.001757,0.324892,6.983050,0.021945,0.005251,7.436200,0,0
0,4,34,turn on the stove and put the moka pot on it,FULL_HIT,0.998599,0.004486,0.001731,0.330952,7.002237,0.012632,0.005484,7.446576,0,0
0,4,35,turn on the stove and put the moka pot on it,FULL_HIT,0.998612,0.004511,0.001922,0.321363,6.948158,0.013770,0.005336,7.394937,0,0
0,4,36,turn on the stove and put the moka pot on it,FULL_HIT,0.998612,0.004712,0.001714,0.361987,7.049432,0.012871,0.004930,7.528619,0,0
0,4,37,turn on the stove and put the moka pot on it,FULL_HIT,0.998616,0.004531,0.001698,0.319941,6.899122,0.013307,0.005306,7.335502,0,0
0,4,38,turn on the stove and put the moka pot on it,FULL_HIT,0.998635,0.004641,0.001953,0.388235,7.399553,0.013497,0.005669,7.912559,0,0
0,4,39,turn on the stove and put the moka pot on it,FULL_HIT,0.998375,0.005105,0.001926,0.343416,7.214317,0.013307,0.005961,7.684027,0,0
0,4,40,turn on the stove and put the moka pot on it,FULL_HIT,0.998546,0.004714,0.001728,0.346575,7.051050,0.014384,0.005154,7.519505,0,0
0,4,41,turn on the stove and put the moka pot on it,FULL_HIT,0.998402,0.004777,0.001863,0.329652,6.968120,0.012809,0.005254,7.416692,0,0
0,4,42,turn on the stove and put the moka pot on it,FULL_HIT,0.997100,0.004936,0.001711,0.321270,6.993030,0.013311,0.005052,7.433271,0,0
0,4,43,turn on the stove and put the moka pot on it,FULL_HIT,0.997567,0.004587,0.001683,0.328061,7.063797,0.013205,0.005162,7.512305,0,0
0,4,44,turn on the stove and put the moka pot on it,FULL_HIT,0.997875,0.004691,0.002083,0.329435,7.035317,0.013121,0.005127,7.492409,0,0
0,4,45,turn on the stove and put the moka pot on it,FULL_HIT,0.998178,0.004535,0.001869,0.330082,6.990468,0.011709,0.005326,7.435070,0,0
0,4,46,turn on the stove and put the moka pot on it,FULL_HIT,0.998286,0.005201,0.001614,0.314311,7.029788,0.012809,0.005406,7.460353,0,0
0,4,47,turn on the stove and put the moka pot on it,FULL_HIT,0.998288,0.004858,0.001682,0.358484,7.109141,0.013002,0.005607,7.587131,0,0
0,4,48,turn on the stove and put the moka pot on it,FULL_HIT,0.998331,0.004699,0.001789,0.357837,7.010587,0.013339,0.005476,7.491077,0,0
0,4,49,turn on the stove and put the moka pot on it,FULL_HIT,0.997793,0.004573,0.001740,0.348700,6.932158,0.013267,0.005607,7.400287,0,0
0,5,0,put both the cream cheese box and the butter in the basket,FULL_HIT,0.998871,0.004853,0.001836,0.322779,7.108937,0.012969,0.005260,7.550791,0,0
0,5,1,put both the cream cheese box and the butter in the basket,FULL_HIT,0.998839,0.004478,0.001745,0.330541,6.900418,0.013156,0.005802,7.350976,0,0
0,5,2,put both the cream cheese box and the butter in the basket,FULL_HIT,0.998831,0.004812,0.001657,0.327602,6.817346,0.012644,0.005460,7.262511,0,0
0,5,3,put both the cream cheese box and the butter in the basket,FULL_HIT,0.998828,0.004799,0.001688,0.331359,6.885424,0.013237,0.005393,7.334335,0,0
0,5,4,put both the cream cheese box and the butter in the basket,FULL_HIT,0.998833,0.004731,0.001743,0.327244,6.894717,0.013556,0.005729,7.339788,0,0
0,5,5,put both the cream cheese box and the butter in the basket,FULL_HIT,0.998830,0.004938,0.001881,0.327371,6.823164,0.014236,0.005471,7.278769,0,0
0,5,6,put both the cream cheese box and the butter in the basket,FULL_HIT,0.998820,0.004589,0.001777,0.327778,6.858730,0.014218,0.005690,7.307311,0,0
0,5,7,put both the cream cheese box and the butter in the basket,FULL_HIT,0.998777,0.004845,0.001800,0.348089,6.780817,0.012721,0.005750,7.245586,0,0
0,5,8,put both the cream cheese box and the butter in the basket,FULL_HIT,0.998763,0.004681,0.001823,0.329193,6.836730,0.013502,0.005423,7.289563,0,0
0,5,9,put both the cream cheese box and the butter in the basket,FULL_HIT,0.998760,0.004710,0.001697,0.328933,6.818468,0.012309,0.006487,7.262130,0,0
0,5,10,put both the cream cheese box and the butter in the basket,FULL_HIT,0.998660,0.004461,0.001752,0.330030,6.855614,0.012189,0.005310,7.300173,0,0
0,5,11,put both the cream cheese box and the butter in the basket,FULL_HIT,0.998569,0.005509,0.001713,0.323332,6.926896,0.012723,0.005681,7.362763,0,0
0,5,12,put both the cream cheese box and the butter in the basket,FULL_HIT,0.998389,0.004807,0.001810,0.332239,6.807510,0.012091,0.005633,7.255147,0,0
0,5,13,put both the cream cheese box and the butter in the basket,FULL_HIT,0.998425,0.004753,0.001828,0.330369,6.820125,0.012524,0.006027,7.265602,0,0
0,5,14,put both the cream cheese box and the butter in the basket,FULL_HIT,0.998364,0.004577,0.001890,0.333827,6.808618,0.013471,0.005508,7.258264,0,0
0,5,15,put both the cream cheese box and the butter in the basket,FULL_HIT,0.998427,0.004818,0.001736,0.330240,6.927936,0.012654,0.005544,7.372275,0,0
0,5,16,put both the cream cheese box and the butter in the basket,FULL_HIT,0.998593,0.004603,0.001859,0.323788,6.814061,0.013256,0.005372,7.254211,0,0
0,5,17,put both the cream cheese box and the butter in the basket,FULL_HIT,0.998637,0.004582,0.001855,0.328002,6.976271,0.012385,0.005367,7.419729,0,0
0,5,18,put both the cream cheese box and the butter in the basket,FULL_HIT,0.998563,0.004463,0.001719,0.332167,6.875554,0.013353,0.005138,7.325835,0,0
0,5,19,put both the cream cheese box and the butter in the basket,FULL_HIT,0.998292,0.004722,0.001864,0.340170,6.793462,0.012584,0.005429,7.250478,0,0
0,5,20,put both the cream cheese box and the butter in the basket,FULL_HIT,0.998090,0.004480,0.001724,0.327976,6.872944,0.012714,0.005790,7.317695,0,0
0,5,21,put both the cream cheese box and the butter in the basket,FULL_HIT,0.998206,0.004569,0.001711,0.322494,6.810365,0.012898,0.005032,7.248018,0,0
0,5,22,put both the cream cheese box and the butter in the basket,FULL_HIT,0.998320,0.004564,0.001946,0.323709,6.838782,0.013204,0.005385,7.280142,0,0
0,5,23,put both the cream cheese box and the butter in the basket,FULL_HIT,0.998374,0.004914,0.001741,0.327186,7.389505,0.013748,0.005421,7.835156,0,0
0,5,24,put both the cream cheese box and the butter in the basket,FULL_HIT,0.998427,0.004533,0.001757,0.326517,6.901310,0.013374,0.005286,7.344726,0,0
0,5,25,put both the cream cheese box and the butter in the basket,FULL_HIT,0.998539,0.004587,0.001701,0.323320,6.826155,0.013007,0.004963,7.265342,0,0
0,5,26,put both the cream cheese box and the butter in the basket,FULL_HIT,0.998530,0.004730,0.001974,0.329414,6.849362,0.021261,0.005240,7.304934,0,0
0,5,27,put both the cream cheese box and the butter in the basket,FULL_HIT,0.996998,0.005076,0.001739,0.335573,6.855335,0.013685,0.005295,7.308411,0,0
0,5,28,put both the cream cheese box and the butter in the basket,FULL_HIT,0.998402,0.005071,0.001695,0.330948,6.803823,0.013060,0.005600,7.249829,0,0
0,5,29,put both the cream cheese box and the butter in the basket,FULL_HIT,0.998517,0.005243,0.001701,0.324246,6.823901,0.014093,0.005298,7.263851,0,0
0,5,30,put both the cream cheese box and the butter in the basket,FULL_HIT,0.998427,0.005117,0.001725,0.322379,6.874785,0.013466,0.005213,7.315405,0,0
0,5,31,put both the cream cheese box and the butter in the basket,FULL_HIT,0.998361,0.005462,0.001724,0.325210,6.800136,0.012917,0.004929,7.242859,0,0
0,5,32,put both the cream cheese box and the butter in the basket,FULL_HIT,0.998438,0.005399,0.001747,0.330006,6.848171,0.012966,0.005417,7.298908,0,0
0,5,33,put both the cream cheese box and the butter in the basket,FULL_HIT,0.998464,0.004778,0.001789,0.331191,6.901183,0.012801,0.005440,7.353841,0,0
0,5,34,put both the cream cheese box and the butter in the basket,FULL_HIT,0.998480,0.004908,0.002003,0.346502,6.856363,0.013623,0.005724,7.323930,0,0
0,5,35,put both the cream cheese box and the butter in the basket,FULL_HIT,0.998490,0.004833,0.001684,0.339092,6.992558,0.013526,0.005255,7.448542,0,0
0,5,36,put both the cream cheese box and the butter in the basket,FULL_HIT,0.998507,0.004903,0.001636,0.343050,6.824656,0.013042,0.005205,7.286109,0,0
0,5,37,put both the cream cheese box and the butter in the basket,FULL_HIT,0.997849,0.004652,0.002193,0.326391,6.809989,0.013324,0.005372,7.255497,0,0
0,5,38,put both the cream cheese box and the butter in the basket,FULL_HIT,0.998300,0.005289,0.001735,0.328946,6.875411,0.013761,0.005402,7.323460,0,0
0,5,39,put both the cream cheese box and the butter in the basket,FULL_HIT,0.998367,0.004641,0.001832,0.340246,6.844434,0.012336,0.005777,7.303848,0,0
0,5,40,put both the cream cheese box and the butter in the basket,FULL_HIT,0.998393,0.005146,0.001848,0.326130,6.889354,0.013392,0.005440,7.336719,0,0
0,5,41,put both the cream cheese box and the butter in the basket,FULL_HIT,0.998497,0.005413,0.001778,0.330119,6.824779,0.013681,0.005374,7.275318,0,0
0,5,42,put both the cream cheese box and the butter in the basket,FULL_HIT,0.998616,0.004966,0.001772,0.328501,7.121993,0.013027,0.006104,7.569274,0,0
0,5,43,put both the cream cheese box and the butter in the basket,FULL_HIT,0.998707,0.004981,0.001724,0.330663,6.912114,0.013454,0.005406,7.361669,0,0
0,5,44,put both the cream cheese box and the butter in the basket,FULL_HIT,0.998696,0.004636,0.001730,0.326193,6.861564,0.013343,0.005348,7.309691,0,0
0,5,45,put both the cream cheese box and the butter in the basket,FULL_HIT,0.998668,0.013192,0.001782,0.328697,6.858618,0.013127,0.005278,7.316995,0,0
0,5,46,put both the cream cheese box and the butter in the basket,FULL_HIT,0.998621,0.004368,0.001860,0.340387,6.848622,0.012634,0.005644,7.306944,0,0
0,5,47,put both the cream cheese box and the butter in the basket,FULL_HIT,0.998643,0.005012,0.001686,0.328588,6.838157,0.013026,0.005183,7.290670,0,0
0,5,48,put both the cream cheese box and the butter in the basket,FULL_HIT,0.998505,0.004702,0.001643,0.325989,6.796701,0.013750,0.005044,7.243319,0,0
0,5,49,put both the cream cheese box and the butter in the basket,FULL_HIT,0.998520,0.004481,0.001810,0.330348,6.808888,0.013061,0.005395,7.260199,0,0
0,6,0,put both the cream cheese box and the butter in the basket,FULL_HIT,0.998871,0.004898,0.001735,0.325731,6.905370,0.012310,0.005002,7.351782,0,0
0,6,1,put both the cream cheese box and the butter in the basket,FULL_HIT,0.998834,0.004875,0.001749,0.342802,6.946601,0.012443,0.005202,7.408562,0,0
0,6,2,put both the cream cheese box and the butter in the basket,FULL_HIT,0.998810,0.004686,0.001688,0.336273,6.845463,0.013830,0.005423,7.300129,0,0
0,6,3,put both the cream cheese box and the butter in the basket,FULL_HIT,0.998794,0.004954,0.001981,0.334581,6.760093,0.012869,0.005575,7.211830,0,0
0,6,4,put both the cream cheese box and the butter in the basket,FULL_HIT,0.998795,0.004637,0.001778,0.330071,7.007805,0.012337,0.005772,7.454489,0,0
0,6,5,put both the cream cheese box and the butter in the basket,FULL_HIT,0.998791,0.004921,0.001758,0.324823,6.795389,0.012781,0.005448,7.236504,0,0
0,6,6,put both the cream cheese box and the butter in the basket,FULL_HIT,0.998790,0.004837,0.001650,0.326127,6.908803,0.012147,0.005444,7.351188,0,0
0,6,7,put both the cream cheese box and the butter in the basket,FULL_HIT,0.998805,0.004771,0.002060,0.322911,6.819345,0.012011,0.005232,7.258313,0,0
0,6,8,put both the cream cheese box and the butter in the basket,FULL_HIT,0.998751,0.004947,0.001783,0.323385,6.891213,0.013113,0.005915,7.332282,0,0
0,6,9,put both the cream cheese box and the butter in the basket,FULL_HIT,0.998694,0.005153,0.001721,0.320581,6.887169,0.012996,0.006044,7.324495,0,0
0,6,10,put both the cream cheese box and the butter in the basket,FULL_HIT,0.998337,0.004827,0.001767,0.321027,6.932742,0.012248,0.005174,7.365618,0,0
0,6,11,put both the cream cheese box and the butter in the basket,FULL_HIT,0.998143,0.004912,0.001783,0.319678,6.842664,0.012620,0.005769,7.279550,0,0
0,6,12,put both the cream cheese box and the butter in the basket,FULL_HIT,0.996860,0.004792,0.001867,0.320151,6.895574,0.012789,0.005277,7.331402,0,0
0,6,13,put both the cream cheese box and the butter in the basket,FULL_HIT,0.997319,0.004878,0.001789,0.347786,6.873384,0.012659,0.005220,7.338478,0,0
0,6,14,put both the cream cheese box and the butter in the basket,FULL_HIT,0.998020,0.004635,0.001883,0.319927,6.816787,0.012663,0.005364,7.253148,0,0
0,6,15,put both the cream cheese box and the butter in the basket,FULL_HIT,0.998274,0.004819,0.001759,0.321436,6.888521,0.012492,0.005564,7.326332,0,0
0,6,16,put both the cream cheese box and the butter in the basket,FULL_HIT,0.998063,0.004861,0.001790,0.352109,6.790857,0.013624,0.005196,7.277000,0,0
0,6,17,put both the cream cheese box and the butter in the basket,FULL_HIT,0.997995,0.005349,0.001805,0.349565,6.982574,0.013122,0.005814,7.461724,0,0
0,6,18,put both the cream cheese box and the butter in the basket,FULL_HIT,0.997856,0.004461,0.001760,0.323702,6.903848,0.013022,0.005317,7.344611,0,0
0,6,19,put both the cream cheese box and the butter in the basket,FULL_HIT,0.997963,0.004956,0.001689,0.324084,6.862449,0.013402,0.005605,7.305254,0,0
0,6,20,put both the cream cheese box and the butter in the basket,FULL_HIT,0.998125,0.004567,0.001926,0.338154,6.784498,0.013760,0.005574,7.243203,0,0
0,6,21,put both the cream cheese box and the butter in the basket,FULL_HIT,0.998098,0.004829,0.001840,0.323232,6.803952,0.013103,0.005301,7.246337,0,0
0,6,22,put both the cream cheese box and the butter in the basket,FULL_HIT,0.998203,0.005069,0.001764,0.322306,6.964963,0.012890,0.005547,7.404321,0,0
0,6,23,put both the cream cheese box and the butter in the basket,FULL_HIT,0.998215,0.004583,0.001645,0.317886,6.823159,0.012959,0.005914,7.271755,0,0
0,6,24,put both the cream cheese box and the butter in the basket,FULL_HIT,0.998385,0.004636,0.001780,0.325737,6.806136,0.013612,0.005367,7.260223,0,0
0,6,25,put both the cream cheese box and the butter in the basket,FULL_HIT,0.998431,0.004568,0.001829,0.328274,6.805784,0.012382,0.005230,7.252589,0,0
0,6,26,put both the cream cheese box and the butter in the basket,FULL_HIT,0.998491,0.004862,0.001836,0.333033,6.784116,0.012372,0.005295,7.237342,0,0
0,6,27,put both the cream cheese box and the butter in the basket,FULL_HIT,0.997686,0.004669,0.001741,0.319866,6.905563,0.012880,0.005349,7.342093,0,0
0,6,28,put both the cream cheese box and the butter in the basket,FULL_HIT,0.998435,0.004683,0.002363,0.322297,6.792964,0.013514,0.005141,7.234001,0,0
0,6,29,put both the cream cheese box and the butter in the basket,FULL_HIT,0.998339,0.004839,0.001837,0.320078,6.807180,0.014664,0.005141,7.246826,0,0
0,6,30,put both the cream cheese box and the butter in the basket,FULL_HIT,0.998267,0.004434,0.001824,0.322171,6.901179,0.012751,0.004993,7.349537,0,0
0,6,31,put both the cream cheese box and the butter in the basket,FULL_HIT,0.998270,0.004638,0.001707,0.327465,6.794319,0.013008,0.005311,7.239115,0,0
0,6,32,put both the cream cheese box and the butter in the basket,FULL_HIT,0.998285,0.005116,0.001776,0.323849,6.823571,0.013173,0.005188,7.267855,0,0
0,6,33,put both the cream cheese box and the butter in the basket,FULL_HIT,0.998386,0.004813,0.001851,0.325626,6.792078,0.013139,0.005643,7.236495,0,0
0,6,34,put both the cream cheese box and the butter in the basket,FULL_HIT,0.998397,0.004531,0.001748,0.331633,6.788381,0.014093,0.005537,7.249020,0,0
0,6,35,put both the cream cheese box and the butter in the basket,FULL_HIT,0.998366,0.004739,0.001741,0.327836,6.771105,0.013349,0.005392,7.228747,0,0
0,6,36,put both the cream cheese box and the butter in the basket,FULL_HIT,0.997989,0.004628,0.001696,0.337991,6.811551,0.012762,0.005312,7.268606,0,0
0,6,37,put both the cream cheese box and the butter in the basket,FULL_HIT,0.998320,0.005023,0.002341,0.332084,6.797671,0.013499,0.005992,7.253707,0,0
0,6,38,put both the cream cheese box and the butter in the basket,FULL_HIT,0.998387,0.004435,0.001736,0.321450,6.865137,0.013047,0.005359,7.302504,0,0
0,6,39,put both the cream cheese box and the butter in the basket,FULL_HIT,0.998307,0.004550,0.001779,0.327252,6.776107,0.012995,0.005714,7.222899,0,0
0,6,40,put both the cream cheese box and the butter in the basket,FULL_HIT,0.998248,0.004930,0.001604,0.325689,6.810960,0.012471,0.005469,7.258074,0,0
0,6,41,put both the cream cheese box and the butter in the basket,FULL_HIT,0.998219,0.004958,0.001761,0.312365,6.779612,0.012746,0.005546,7.212928,0,0
0,6,42,put both the cream cheese box and the butter in the basket,FULL_HIT,0.998288,0.004998,0.001672,0.329845,6.789714,0.012388,0.005761,7.239414,0,0
0,6,43,put both the cream cheese box and the butter in the basket,FULL_HIT,0.998227,0.005073,0.001781,0.321142,6.852369,0.012347,0.005561,7.291934,0,0
0,6,44,put both the cream cheese box and the butter in the basket,FULL_HIT,0.998150,0.004517,0.001709,0.309856,6.815282,0.012548,0.006048,7.241366,0,0
0,6,45,put both the cream cheese box and the butter in the basket,FULL_HIT,0.997993,0.004651,0.001708,0.321640,6.829753,0.012853,0.005914,7.279986,0,0
0,6,46,put both the cream cheese box and the butter in the basket,FULL_HIT,0.998189,0.004629,0.001865,0.327719,6.855789,0.013798,0.005290,7.312994,0,0
0,6,47,put both the cream cheese box and the butter in the basket,FULL_HIT,0.998117,0.004915,0.001660,0.310683,6.980788,0.012089,0.005849,7.410168,0,0
0,7,0,put both the cream cheese box and the butter in the basket,FULL_HIT,0.998871,0.005153,0.002038,0.322103,7.265420,0.013922,0.005533,7.712629,0,0
0,7,1,put both the cream cheese box and the butter in the basket,FULL_HIT,0.998797,0.004932,0.001917,0.350659,6.993310,0.012983,0.005269,7.466788,0,0
0,7,2,put both the cream cheese box and the butter in the basket,FULL_HIT,0.998764,0.004857,0.001736,0.328054,6.933211,0.013567,0.005808,7.380391,0,0
0,7,3,put both the cream cheese box and the butter in the basket,FULL_HIT,0.998721,0.004933,0.001706,0.325210,6.895542,0.012686,0.006045,7.339026,0,0
0,7,4,put both the cream cheese box and the butter in the basket,FULL_HIT,0.998717,0.004745,0.001892,0.340313,6.931193,0.012168,0.005870,7.405380,0,0
0,7,5,put both the cream cheese box and the butter in the basket,FULL_HIT,0.998706,0.005104,0.001757,0.322786,6.858327,0.013020,0.005779,7.299541,0,0
0,7,6,put both the cream cheese box and the butter in the basket,FULL_HIT,0.998720,0.004748,0.001756,0.327423,6.910808,0.014110,0.005142,7.356128,0,0
0,7,7,put both the cream cheese box and the butter in the basket,FULL_HIT,0.998643,0.004940,0.001756,0.328397,6.885148,0.012997,0.005477,7.331838,0,0
0,7,8,put both the cream cheese box and the butter in the basket,FULL_HIT,0.998521,0.004647,0.002008,0.325533,6.853100,0.013835,0.005168,7.296591,0,0
0,7,9,put both the cream cheese box and the butter in the basket,FULL_HIT,0.998410,0.004633,0.001725,0.335800,6.948636,0.012331,0.005754,7.400222,0,0
0,7,10,put both the cream cheese box and the butter in the basket,FULL_HIT,0.998320,0.004830,0.001764,0.334142,6.848017,0.013034,0.005222,7.301106,0,0
0,7,11,put both the cream cheese box and the butter in the basket,FULL_HIT,0.998349,0.004649,0.001766,0.341131,6.881378,0.012205,0.005265,7.338671,0,0
0,7,12,put both the cream cheese box and the butter in the basket,FULL_HIT,0.998168,0.004764,0.001823,0.326230,6.884745,0.013408,0.005354,7.328494,0,0
0,7,13,put both the cream cheese box and the butter in the basket,FULL_HIT,0.998457,0.005055,0.001908,0.332820,6.837667,0.013571,0.005493,7.287668,0,0
0,7,14,put both the cream cheese box and the butter in the basket,FULL_HIT,0.998465,0.004832,0.001905,0.327459,6.879039,0.012975,0.006084,7.326346,0,0
0,7,15,put both the cream cheese box and the butter in the basket,FULL_HIT,0.998458,0.005395,0.001844,0.332649,6.814426,0.012792,0.005325,7.264758,0,0
0,7,16,put both the cream cheese box and the butter in the basket,FULL_HIT,0.998526,0.005063,0.001892,0.328023,6.821179,0.013337,0.005403,7.270052,0,0
0,7,17,put both the cream cheese box and the butter in the basket,FULL_HIT,0.998532,0.004843,0.001806,0.326619,6.809920,0.012978,0.005288,7.256542,0,0
0,7,18,put both the cream cheese box and the butter in the basket,FULL_HIT,0.998492,0.005848,0.001866,0.323718,6.752379,0.012592,0.005912,7.196444,0,0
0,7,19,put both the cream cheese box and the butter in the basket,FULL_HIT,0.998420,0.005182,0.001848,0.328989,6.846886,0.013222,0.005800,7.296142,0,0
0,7,20,put both the cream cheese box and the butter in the basket,FULL_HIT,0.998369,0.004909,0.002388,0.368453,7.023999,0.013604,0.005394,7.514795,0,0
0,7,21,put both the cream cheese box and the butter in the basket,FULL_HIT,0.998466,0.004978,0.001788,0.322097,6.821952,0.013211,0.005439,7.261710,0,0
0,7,22,put both the cream cheese box and the butter in the basket,FULL_HIT,0.998536,0.004952,0.002024,0.329258,6.879702,0.011905,0.006085,7.325865,0,0
0,7,23,put both the cream cheese box and the butter in the basket,FULL_HIT,0.998587,0.005167,0.001724,0.327817,6.853022,0.012868,0.005163,7.298675,0,0
0,7,24,put both the cream cheese box and the butter in the basket,FULL_HIT,0.998548,0.005351,0.001763,0.326525,6.801752,0.013602,0.005569,7.247500,0,0
0,7,25,put both the cream cheese box and the butter in the basket,FULL_HIT,0.998382,0.004691,0.001886,0.326747,6.847964,0.013553,0.005587,7.292570,0,0
0,7,26,put both the cream cheese box and the butter in the basket,FULL_HIT,0.998205,0.005629,0.001823,0.325460,6.812160,0.012791,0.005968,7.258869,0,0
0,7,27,put both the cream cheese box and the butter in the basket,FULL_HIT,0.998450,0.004873,0.002072,0.323465,6.822834,0.013266,0.005257,7.264965,0,0
0,7,28,put both the cream cheese box and the butter in the basket,FULL_HIT,0.998456,0.004855,0.001660,0.337236,6.874125,0.012723,0.005749,7.339178,0,0
0,7,29,put both the cream cheese box and the butter in the basket,FULL_HIT,0.998535,0.004798,0.002504,0.324469,6.866756,0.013479,0.006012,7.313041,0,0
0,7,30,put both the cream cheese box and the butter in the basket,FULL_HIT,0.998531,0.005498,0.001882,0.327719,6.788512,0.013976,0.005129,7.235339,0,0
0,7,31,put both the cream cheese box and the butter in the basket,FULL_HIT,0.998462,0.004839,0.001981,0.327562,6.908377,0.012598,0.005229,7.356159,0,0
0,7,32,put both the cream cheese box and the butter in the basket,FULL_HIT,0.998395,0.004764,0.001802,0.328953,6.821934,0.012387,0.005808,7.271304,0,0
0,7,33,put both the cream cheese box and the butter in the basket,FULL_HIT,0.998265,0.004603,0.001790,0.336332,6.856589,0.013042,0.005375,7.313137,0,0
0,7,34,put both the cream cheese box and the butter in the basket,FULL_HIT,0.998258,0.004648,0.001738,0.322499,6.911210,0.012364,0.005545,7.353073,0,0
0,7,35,put both the cream cheese box and the butter in the basket,FULL_HIT,0.998267,0.005198,0.001827,0.338549,6.854163,0.013533,0.005526,7.312727,0,0
0,7,36,put both the cream cheese box and the butter in the basket,FULL_HIT,0.997897,0.004854,0.001658,0.332636,6.811095,0.012995,0.005365,7.272853,0,0
0,7,37,put both the cream cheese box and the butter in the basket,FULL_HIT,0.998246,0.004993,0.001665,0.335108,6.780485,0.013238,0.005640,7.236259,0,0
0,7,38,put both the cream cheese box and the butter in the basket,FULL_HIT,0.998288,0.004644,0.002444,0.331092,6.840107,0.013365,0.005596,7.300079,0,0
0,7,39,put both the cream cheese box and the butter in the basket,FULL_HIT,0.998218,0.005131,0.001757,0.324669,6.857515,0.014234,0.005303,7.303509,0,0
0,7,40,put both the cream cheese box and the butter in the basket,FULL_HIT,0.998068,0.004997,0.001917,0.328403,6.842014,0.012322,0.005590,7.293836,0,0
0,7,41,put both the cream cheese box and the butter in the basket,FULL_HIT,0.997983,0.004912,0.001722,0.323725,6.890615,0.012370,0.005648,7.333449,0,0
0,7,42,put both the cream cheese box and the butter in the basket,FULL_HIT,0.998031,0.004593,0.002029,0.326949,6.905454,0.012666,0.005693,7.351815,0,0
0,7,43,put both the cream cheese box and the butter in the basket,FULL_HIT,0.998382,0.004755,0.001804,0.332095,6.976560,0.012245,0.005649,7.429959,0,0
0,7,44,put both the cream cheese box and the butter in the basket,FULL_HIT,0.998413,0.004749,0.001659,0.321176,6.804638,0.012861,0.005639,7.244296,0,0
0,7,45,put both the cream cheese box and the butter in the basket,FULL_HIT,0.998206,0.004955,0.001788,0.340443,6.974789,0.013283,0.005603,7.437449,0,0
0,8,0,put both the cream cheese box and the butter in the basket,FULL_HIT,0.998871,0.004755,0.001823,0.324296,6.912044,0.012666,0.005850,7.360230,0,0
0,8,1,put both the cream cheese box and the butter in the basket,FULL_HIT,0.998814,0.005049,0.002160,0.343473,6.842443,0.014142,0.005582,7.306224,0,0
0,8,2,put both the cream cheese box and the butter in the basket,FULL_HIT,0.998761,0.004600,0.001812,0.339668,6.925561,0.013321,0.005621,7.385205,0,0
0,8,3,put both the cream cheese box and the butter in the basket,FULL_HIT,0.998761,0.004557,0.001744,0.331254,6.889679,0.012571,0.005519,7.338381,0,0
0,8,4,put both the cream cheese box and the butter in the basket,FULL_HIT,0.998743,0.004648,0.001769,0.329592,6.945812,0.012777,0.005816,7.401672,0,0
0,8,5,put both the cream cheese box and the butter in the basket,FULL_HIT,0.998717,0.004696,0.001966,0.328898,6.842166,0.013673,0.005086,7.289843,0,0
0,8,6,put both the cream cheese box and the butter in the basket,FULL_HIT,0.998702,0.004549,0.001779,0.327782,6.883728,0.013547,0.005568,7.331341,0,0
0,8,7,put both the cream cheese box and the butter in the basket,FULL_HIT,0.998723,0.004921,0.001908,0.327815,6.945618,0.013128,0.005454,7.392910,0,0
0,8,8,put both the cream cheese box and the butter in the basket,FULL_HIT,0.998722,0.004955,0.001715,0.338449,6.865716,0.013274,0.006056,7.321915,0,0
0,8,9,put both the cream cheese box and the butter in the basket,FULL_HIT,0.998705,0.005249,0.001818,0.328607,6.834782,0.012872,0.005082,7.292623,0,0
0,8,10,put both the cream cheese box and the butter in the basket,FULL_HIT,0.998709,0.004529,0.001880,0.326388,6.823138,0.012275,0.005363,7.267957,0,0
0,8,11,put both the cream cheese box and the butter in the basket,FULL_HIT,0.997988,0.004311,0.002228,0.327553,6.937670,0.012292,0.005569,7.380971,0,0
0,8,12,put both the cream cheese box and the butter in the basket,FULL_HIT,0.998568,0.004818,0.001701,0.325272,6.852997,0.012797,0.005266,7.293644,0,0
0,8,13,put both the cream cheese box and the butter in the basket,FULL_HIT,0.998480,0.004672,0.001775,0.328297,6.888097,0.012719,0.005935,7.333000,0,0
0,8,14,put both the cream cheese box and the butter in the basket,FULL_HIT,0.998552,0.004672,0.001740,0.326611,6.872371,0.012592,0.005722,7.316451,0,0
0,8,15,put both the cream cheese box and the butter in the basket,FULL_HIT,0.998547,0.004516,0.001838,0.352922,6.897126,0.012979,0.005397,7.367773,0,0
0,8,16,put both the cream cheese box and the butter in the basket,FULL_HIT,0.998451,0.004890,0.001957,0.323232,6.896067,0.013478,0.005496,7.340646,0,0
0,8,17,put both the cream cheese box and the butter in the basket,FULL_HIT,0.998327,0.004861,0.001786,0.322311,6.845315,0.012758,0.005288,7.285190,0,0
0,8,18,put both the cream cheese box and the butter in the basket,FULL_HIT,0.998268,0.004927,0.001722,0.325224,6.798340,0.012922,0.005424,7.242234,0,0
0,8,19,put both the cream cheese box and the butter in the basket,FULL_HIT,0.998210,0.004830,0.001925,0.326619,6.961571,0.012863,0.006005,7.407299,0,0
0,8,20,put both the cream cheese box and the butter in the basket,FULL_HIT,0.998135,0.004761,0.001762,0.349965,6.830124,0.012951,0.005143,7.299307,0,0
0,8,21,put both the cream cheese box and the butter in the basket,FULL_HIT,0.998214,0.004676,0.001829,0.336090,6.843348,0.013670,0.005165,7.298841,0,0
0,8,22,put both the cream cheese box and the butter in the basket,FULL_HIT,0.998300,0.004588,0.001744,0.326528,6.829317,0.012891,0.005669,7.286603,0,0
0,8,23,put both the cream cheese box and the butter in the basket,FULL_HIT,0.998346,0.005155,0.001901,0.389259,6.973330,0.012909,0.005458,7.483986,0,0
0,8,24,put both the cream cheese box and the butter in the basket,FULL_HIT,0.998345,0.004527,0.001827,0.322188,6.895168,0.012535,0.005435,7.333079,0,0
0,8,25,put both the cream cheese box and the butter in the basket,FULL_HIT,0.998258,0.004497,0.001963,0.320533,6.882554,0.012347,0.005234,7.318983,0,0
0,8,26,put both the cream cheese box and the butter in the basket,FULL_HIT,0.997964,0.004759,0.001757,0.321103,6.930423,0.012358,0.005255,7.368995,0,0
0,8,27,put both the cream cheese box and the butter in the basket,FULL_HIT,0.998251,0.004932,0.002013,0.334159,6.821469,0.012220,0.005892,7.274303,0,0
0,8,28,put both the cream cheese box and the butter in the basket,FULL_HIT,0.998283,0.004723,0.001694,0.319259,6.863841,0.012790,0.005943,7.302266,0,0
0,8,29,put both the cream cheese box and the butter in the basket,FULL_HIT,0.998428,0.004867,0.001883,0.324493,6.826446,0.012743,0.005787,7.276008,0,0
0,8,30,put both the cream cheese box and the butter in the basket,FULL_HIT,0.998517,0.004677,0.001760,0.321577,6.742135,0.013230,0.005731,7.182154,0,0
0,8,31,put both the cream cheese box and the butter in the basket,FULL_HIT,0.998602,0.004898,0.001924,0.324531,6.828412,0.013683,0.005746,7.276940,0,0
0,8,32,put both the cream cheese box and the butter in the basket,FULL_HIT,0.998660,0.004817,0.001815,0.333262,6.814016,0.012771,0.005373,7.268459,0,0
0,8,33,put both the cream cheese box and the butter in the basket,FULL_HIT,0.998674,0.004627,0.001774,0.348980,6.869546,0.012613,0.006611,7.348311,0,0
0,8,34,put both the cream cheese box and the butter in the basket,FULL_HIT,0.998613,0.004832,0.001797,0.325470,10.246001,0.013406,0.005374,10.693525,0,0
0,8,35,put both the cream cheese box and the butter in the basket,FULL_HIT,0.998546,0.005072,0.001964,0.341989,7.310533,0.012363,0.006171,7.779779,0,0
0,8,36,put both the cream cheese box and the butter in the basket,FULL_HIT,0.998159,0.005348,0.001785,0.330444,7.448483,0.013081,0.005412,7.904067,0,0
0,8,37,put both the cream cheese box and the butter in the basket,FULL_HIT,0.997134,0.004861,0.001900,0.329961,7.386918,0.013831,0.005628,7.841987,0,0
0,8,38,put both the cream cheese box and the butter in the basket,FULL_HIT,0.997711,0.004749,0.001623,0.331739,6.882844,0.013578,0.005765,7.335568,0,0
0,8,39,put both the cream cheese box and the butter in the basket,FULL_HIT,0.998117,0.004675,0.001818,0.328880,6.915670,0.013164,0.006131,7.365058,0,0
0,8,40,put both the cream cheese box and the butter in the basket,FULL_HIT,0.998233,0.004896,0.001943,0.321968,6.810955,0.013408,0.005739,7.256821,0,0
0,8,41,put both the cream cheese box and the butter in the basket,FULL_HIT,0.998216,0.004767,0.001770,0.326708,6.883175,0.012704,0.005647,7.331877,0,0
0,8,42,put both the cream cheese box and the butter in the basket,FULL_HIT,0.998235,0.004711,0.002010,0.370642,6.932085,0.013458,0.005414,7.420069,0,0
0,8,43,put both the cream cheese box and the butter in the basket,FULL_HIT,0.998331,0.004656,0.001942,0.325224,6.812453,0.012714,0.006040,7.257739,0,0
0,8,44,put both the cream cheese box and the butter in the basket,FULL_HIT,0.998306,0.004747,0.001801,0.323861,6.917402,0.012904,0.005652,7.360998,0,0
0,8,45,put both the cream cheese box and the butter in the basket,FULL_HIT,0.998271,0.005009,0.001847,0.331807,6.835990,0.012637,0.005547,7.289157,0,0
0,8,46,put both the cream cheese box and the butter in the basket,FULL_HIT,0.998259,0.004696,0.001745,0.316949,6.890573,0.013617,0.005808,7.338005,0,0
0,8,47,put both the cream cheese box and the butter in the basket,FULL_HIT,0.998260,0.004688,0.001681,0.332873,6.783321,0.013687,0.005203,7.236186,0,0
0,9,0,put both the cream cheese box and the butter in the basket,FULL_HIT,0.998871,0.004777,0.001881,0.331782,6.894196,0.013099,0.005557,7.347635,0,0
0,9,1,put both the cream cheese box and the butter in the basket,FULL_HIT,0.998837,0.004627,0.002017,0.329519,6.875559,0.013051,0.005721,7.336766,0,0
0,9,2,put both the cream cheese box and the butter in the basket,FULL_HIT,0.998792,0.005239,0.001796,0.330511,6.867889,0.012696,0.005322,7.317534,0,0
0,9,3,put both the cream cheese box and the butter in the basket,FULL_HIT,0.998731,0.004578,0.001841,0.328031,6.825357,0.012794,0.005593,7.272126,0,0
0,9,4,put both the cream cheese box and the butter in the basket,FULL_HIT,0.998733,0.004449,0.001765,0.341599,6.800353,0.012871,0.005452,7.262190,0,0
0,9,5,put both the cream cheese box and the butter in the basket,FULL_HIT,0.998730,0.005154,0.001954,0.334098,6.905634,0.012421,0.005778,7.370517,0,0
0,9,6,put both the cream cheese box and the butter in the basket,FULL_HIT,0.998717,0.005458,0.001742,0.332076,6.869704,0.013080,0.005372,7.321649,0,0
0,9,7,put both the cream cheese box and the butter in the basket,FULL_HIT,0.998743,0.005287,0.001804,0.328520,6.839226,0.013270,0.005497,7.287310,0,0
0,9,8,put both the cream cheese box and the butter in the basket,FULL_HIT,0.998753,0.005129,0.001838,0.324683,6.818360,0.013132,0.005731,7.261895,0,0
0,9,9,put both the cream cheese box and the butter in the basket,FULL_HIT,0.998726,0.004780,0.001887,0.324988,6.805259,0.012105,0.005580,7.246293,0,0
0,9,10,put both the cream cheese box and the butter in the basket,FULL_HIT,0.998722,0.004912,0.002000,0.331582,6.836489,0.012841,0.005396,7.284674,0,0
0,9,11,put both the cream cheese box and the butter in the basket,FULL_HIT,0.998499,0.004928,0.001803,0.344597,6.812202,0.012157,0.005223,7.271721,0,0
0,9,12,put both the cream cheese box and the butter in the basket,FULL_HIT,0.997607,0.004861,0.001786,0.345420,6.891194,0.022441,0.005335,7.365371,0,0
0,9,13,put both the cream cheese box and the butter in the basket,FULL_HIT,0.998232,0.004834,0.001929,0.322668,6.820704,0.012237,0.005469,7.258856,0,0
0,9,14,put both the cream cheese box and the butter in the basket,FULL_HIT,0.998202,0.004997,0.001750,0.329928,7.232620,0.013697,0.005802,7.685640,0,0
0,9,15,put both the cream cheese box and the butter in the basket,FULL_HIT,0.998153,0.005125,0.001928,0.395748,7.065590,0.014070,0.005734,7.584534,0,0
0,9,16,put both the cream cheese box and the butter in the basket,FULL_HIT,0.998095,0.004649,0.002482,0.352820,6.905670,0.038549,0.005064,7.407001,0,0
0,9,17,put both the cream cheese box and the butter in the basket,FULL_HIT,0.998045,0.004691,0.001800,0.340757,6.850064,0.013747,0.005389,7.308196,0,0
0,9,18,put both the cream cheese box and the butter in the basket,FULL_HIT,0.997879,0.005213,0.001833,0.341497,6.956844,0.012228,0.005656,7.419670,0,0
0,9,19,put both the cream cheese box and the butter in the basket,FULL_HIT,0.997795,0.005192,0.002091,0.320545,6.946872,0.012771,0.005577,7.444126,0,0
0,9,20,put both the cream cheese box and the butter in the basket,FULL_HIT,0.998015,0.005293,0.001784,0.319079,6.986719,0.011984,0.005233,7.439533,0,0
0,9,21,put both the cream cheese box and the butter in the basket,FULL_HIT,0.998016,0.004677,0.001728,0.317756,6.810875,0.012051,0.005410,7.243777,0,0
0,9,22,put both the cream cheese box and the butter in the basket,FULL_HIT,0.998155,0.004733,0.001707,0.330108,6.801255,0.012489,0.005135,7.247735,0,0
0,9,23,put both the cream cheese box and the butter in the basket,FULL_HIT,0.998188,0.004805,0.002024,0.325563,6.812696,0.013371,0.005473,7.258727,0,0
0,9,24,put both the cream cheese box and the butter in the basket,FULL_HIT,0.998341,0.004719,0.001804,0.323272,6.835223,0.012598,0.004882,7.277142,0,0
0,9,25,put both the cream cheese box and the butter in the basket,FULL_HIT,0.998238,0.005043,0.001742,0.320467,6.881823,0.013217,0.005131,7.318983,0,0
0,9,26,put both the cream cheese box and the butter in the basket,FULL_HIT,0.998228,0.004870,0.001779,0.321800,6.925388,0.013124,0.005584,7.365602,0,0
0,9,27,put both the cream cheese box and the butter in the basket,FULL_HIT,0.998317,0.004441,0.002025,0.321131,6.804718,0.012934,0.004887,7.244912,0,0
0,9,28,put both the cream cheese box and the butter in the basket,FULL_HIT,0.996850,0.004730,0.001748,0.320914,6.766409,0.012746,0.005279,7.206603,0,0
0,9,29,put both the cream cheese box and the butter in the basket,FULL_HIT,0.998246,0.004670,0.001764,0.322352,6.846501,0.012892,0.005802,7.288975,0,0
0,9,30,put both the cream cheese box and the butter in the basket,FULL_HIT,0.998191,0.005168,0.001765,0.322032,6.810034,0.013835,0.005381,7.253347,0,0
0,9,31,put both the cream cheese box and the butter in the basket,FULL_HIT,0.997939,0.004713,0.001734,0.350450,6.816920,0.011712,0.005637,7.286877,0,0
0,9,32,put both the cream cheese box and the butter in the basket,FULL_HIT,0.998167,0.004901,0.001774,0.321407,6.812686,0.012533,0.005526,7.253541,0,0
0,9,33,put both the cream cheese box and the butter in the basket,FULL_HIT,0.998379,0.004783,0.001766,0.331925,6.805358,0.013008,0.005287,7.255118,0,0
0,9,34,put both the cream cheese box and the butter in the basket,FULL_HIT,0.997979,0.004444,0.001991,0.330556,6.841284,0.012529,0.005760,7.289022,0,0
0,9,35,put both the cream cheese box and the butter in the basket,FULL_HIT,0.997887,0.004624,0.001735,0.334559,6.910395,0.013450,0.005621,7.363471,0,0
0,9,36,put both the cream cheese box and the butter in the basket,FULL_HIT,0.998074,0.004668,0.001793,0.337725,6.848926,0.012837,0.005495,7.307348,0,0
0,9,37,put both the cream cheese box and the butter in the basket,FULL_HIT,0.998467,0.004708,0.001787,0.326720,6.844661,0.013403,0.005509,7.292103,0,0
0,9,38,put both the cream cheese box and the butter in the basket,FULL_HIT,0.997889,0.004750,0.001722,0.329977,6.857110,0.012116,0.004999,7.305467,0,0
0,9,39,put both the cream cheese box and the butter in the basket,FULL_HIT,0.998273,0.004568,0.001884,0.328114,6.820546,0.013361,0.005161,7.270274,0,0
0,9,40,put both the cream cheese box and the butter in the basket,FULL_HIT,0.998127,0.005181,0.001675,0.330552,6.781949,0.012801,0.005634,7.243433,0,0
0,9,41,put both the cream cheese box and the butter in the basket,FULL_HIT,0.998185,0.005004,0.001694,0.332462,6.848014,0.013197,0.005400,7.297954,0,0
0,9,42,put both the cream cheese box and the butter in the basket,FULL_HIT,0.998286,0.004582,0.001695,0.310654,6.866493,0.012401,0.005722,7.295472,0,0
0,9,43,put both the cream cheese box and the butter in the basket,FULL_HIT,0.998420,0.004927,0.001736,0.323219,6.812006,0.012830,0.005830,7.256676,0,0
0,9,44,put both the cream cheese box and the butter in the basket,FULL_HIT,0.998495,0.004569,0.001775,0.323208,6.773336,0.013471,0.005542,7.228679,0,0
0,9,45,put both the cream cheese box and the butter in the basket,FULL_HIT,0.998490,0.004554,0.001805,0.323393,6.798229,0.012342,0.006145,7.241122,0,0
0,9,46,put both the cream cheese box and the butter in the basket,FULL_HIT,0.998356,0.004937,0.001988,0.320648,6.736666,0.012878,0.005302,7.186894,0,0
0,9,47,put both the cream cheese box and the butter in the basket,FULL_HIT,0.998108,0.004589,0.001691,0.336565,6.854309,0.013394,0.005197,7.310614,0,0
0,9,48,put both the cream cheese box and the butter in the basket,FULL_HIT,0.998179,0.004642,0.001697,0.324747,6.720243,0.013146,0.005393,7.166892,0,0
0,10,0,pick up the book and place it in the back compartment of the caddy,FULL_HIT,0.998862,0.004992,0.001840,0.324330,13.026525,0.011945,0.004936,13.464856,0,0
0,10,1,pick up the book and place it in the back compartment of the caddy,FULL_HIT,0.998722,0.004654,0.001837,0.326122,5.714453,0.011919,0.004633,6.152177,0,0
0,10,2,pick up the book and place it in the back compartment of the caddy,FULL_HIT,0.998692,0.004635,0.001724,0.329337,5.706776,0.012010,0.005085,6.148724,0,0
0,10,3,pick up the book and place it in the back compartment of the caddy,FULL_HIT,0.998684,0.004889,0.001768,0.331121,5.688036,0.013220,0.004788,6.134209,0,0
0,10,4,pick up the book and place it in the back compartment of the caddy,FULL_HIT,0.998718,0.004776,0.001946,0.332579,5.715283,0.012781,0.005288,6.162002,0,0
0,10,5,pick up the book and place it in the back compartment of the caddy,FULL_HIT,0.998746,0.004580,0.001809,0.331617,5.751118,0.011620,0.004611,6.190664,0,0
0,10,6,pick up the book and place it in the back compartment of the caddy,FULL_HIT,0.998735,0.004593,0.001841,0.329067,5.760143,0.012112,0.005081,6.202264,0,0
0,10,7,pick up the book and place it in the back compartment of the caddy,FULL_HIT,0.998712,0.004575,0.001902,0.328994,5.741197,0.012145,0.004886,6.182471,0,0
0,10,8,pick up the book and place it in the back compartment of the caddy,FULL_HIT,0.998613,0.004740,0.001900,0.334078,5.664437,0.011911,0.005162,6.111552,0,0
0,10,9,pick up the book and place it in the back compartment of the caddy,FULL_HIT,0.998598,0.004415,0.001842,0.322348,5.712820,0.011777,0.005015,6.143059,0,0
0,10,10,pick up the book and place it in the back compartment of the caddy,FULL_HIT,0.998608,0.005484,0.001680,0.330421,5.782811,0.012062,0.006254,6.226338,0,0
0,10,11,pick up the book and place it in the back compartment of the caddy,FULL_HIT,0.998446,0.004803,0.001765,0.325094,5.705530,0.011793,0.004953,6.138423,0,0
0,10,12,pick up the book and place it in the back compartment of the caddy,FULL_HIT,0.997104,0.004670,0.002028,0.324748,5.696508,0.011824,0.005090,6.133711,0,0
0,10,13,pick up the book and place it in the back compartment of the caddy,FULL_HIT,0.998474,0.004838,0.001893,0.337914,5.716149,0.011994,0.004796,6.165860,0,0
0,10,14,pick up the book and place it in the back compartment of the caddy,FULL_HIT,0.998397,0.004651,0.001744,0.326218,5.702566,0.012025,0.004739,6.141389,0,0
0,10,15,pick up the book and place it in the back compartment of the caddy,FULL_HIT,0.998198,0.004945,0.001808,0.324398,5.704589,0.012239,0.005050,6.142262,0,0
0,10,16,pick up the book and place it in the back compartment of the caddy,FULL_HIT,0.998145,0.004638,0.001805,0.333835,5.708012,0.011988,0.005525,6.155603,0,0
0,10,17,pick up the book and place it in the back compartment of the caddy,FULL_HIT,0.998273,0.005016,0.001765,0.323498,5.735632,0.011546,0.005491,6.168413,0,0
0,10,18,pick up the book and place it in the back compartment of the caddy,FULL_HIT,0.998190,0.004790,0.001774,0.327057,5.716547,0.013001,0.005419,6.155925,0,0
0,10,19,pick up the book and place it in the back compartment of the caddy,FULL_HIT,0.998296,0.004466,0.002017,0.326203,5.765938,0.012419,0.004801,6.205375,0,0
0,10,20,pick up the book and place it in the back compartment of the caddy,FULL_HIT,0.998243,0.004614,0.001691,0.339334,5.714457,0.011682,0.005691,6.166827,0,0
0,10,21,pick up the book and place it in the back compartment of the caddy,FULL_HIT,0.998164,0.004610,0.001780,0.321885,5.746550,0.012413,0.005306,6.181521,0,0
0,10,22,pick up the book and place it in the back compartment of the caddy,FULL_HIT,0.997943,0.004589,0.001782,0.323042,5.755060,0.012167,0.005413,6.191141,0,0
0,10,23,pick up the book and place it in the back compartment of the caddy,FULL_HIT,0.997844,0.004798,0.001891,0.337941,5.691276,0.011688,0.006240,6.140302,0,0
0,10,24,pick up the book and place it in the back compartment of the caddy,FULL_HIT,0.997371,0.004862,0.001766,0.337629,5.694536,0.011288,0.004836,6.145544,0,0
0,10,25,pick up the book and place it in the back compartment of the caddy,FULL_HIT,0.996546,0.005118,0.001761,0.322535,5.723240,0.011983,0.005412,6.161849,0,0
0,10,26,pick up the book and place it in the back compartment of the caddy,FULL_HIT,0.996774,0.004811,0.002342,0.325854,5.690466,0.012374,0.005115,6.131599,0,0
0,10,27,pick up the book and place it in the back compartment of the caddy,FULL_HIT,0.997555,0.005091,0.001743,0.332752,5.687211,0.011373,0.005293,6.134070,0,0
0,10,28,pick up the book and place it in the back compartment of the caddy,FULL_HIT,0.997653,0.004636,0.001676,0.325986,5.730404,0.012954,0.005056,6.167294,0,0
0,10,29,pick up the book and place it in the back compartment of the caddy,FULL_HIT,0.997770,0.005026,0.001791,0.324652,5.724014,0.011391,0.005398,6.158314,0,0
0,10,30,pick up the book and place it in the back compartment of the caddy,FULL_HIT,0.997612,0.004960,0.001821,0.333941,5.679412,0.012407,0.005707,6.126926,0,0
0,10,31,pick up the book and place it in the back compartment of the caddy,FULL_HIT,0.997961,0.004647,0.001778,0.328672,5.721229,0.011140,0.004788,6.161051,0,0
0,10,32,pick up the book and place it in the back compartment of the caddy,FULL_HIT,0.998026,0.004655,0.001675,0.327690,5.711168,0.011679,0.005089,6.151097,0,0
0,11,0,turn on the stove and put the moka pot on it,FULL_HIT,0.998845,0.004794,0.001762,0.324892,17.725144,0.012997,0.005421,18.179965,0,0
0,11,1,turn on the stove and put the moka pot on it,FULL_HIT,0.998747,0.004597,0.001776,0.323627,7.027698,0.013584,0.005534,7.468914,0,0
0,11,2,turn on the stove and put the moka pot on it,FULL_HIT,0.998663,0.004712,0.001808,0.319198,7.002318,0.012261,0.005784,7.441608,0,0
0,11,3,turn on the stove and put the moka pot on it,FULL_HIT,0.998520,0.005006,0.001780,0.404699,7.845482,0.013554,0.005938,8.414053,0,0
0,11,4,turn on the stove and put the moka pot on it,FULL_HIT,0.998365,0.004938,0.001756,0.313211,7.246716,0.012841,0.005684,7.679064,0,0
0,11,5,turn on the stove and put the moka pot on it,FULL_HIT,0.998315,0.004973,0.002136,0.328098,6.947538,0.013626,0.005196,7.396640,0,0
0,11,6,turn on the stove and put the moka pot on it,FULL_HIT,0.998380,0.004907,0.001791,0.328335,6.906498,0.012111,0.005296,7.354575,0,0
0,11,7,turn on the stove and put the moka pot on it,FULL_HIT,0.998361,0.004853,0.001826,0.331838,7.022455,0.012882,0.005563,7.473367,0,0
0,11,8,turn on the stove and put the moka pot on it,FULL_HIT,0.998375,0.005162,0.001765,0.332482,6.901043,0.012755,0.005379,7.351820,0,0
0,11,9,turn on the stove and put the moka pot on it,FULL_HIT,0.998524,0.004743,0.001650,0.344046,7.086991,0.016707,0.005334,7.552839,0,0
0,11,10,turn on the stove and put the moka pot on it,FULL_HIT,0.998481,0.004883,0.001809,0.325599,6.902642,0.012473,0.005203,7.345661,0,0
0,11,11,turn on the stove and put the moka pot on it,FULL_HIT,0.998039,0.005537,0.001753,0.328852,6.998737,0.013134,0.005213,7.444075,0,0
0,11,12,turn on the stove and put the moka pot on it,FULL_HIT,0.996785,0.004687,0.001909,0.327885,7.138810,0.013009,0.005542,7.585001,0,0
0,11,13,turn on the stove and put the moka pot on it,FULL_HIT,0.996874,0.004932,0.001709,0.330949,7.134557,0.013559,0.005633,7.584856,0,0
0,11,14,turn on the stove and put the moka pot on it,FULL_HIT,0.997235,0.004789,0.001788,0.322744,6.991929,0.013208,0.005330,7.433253,0,0
0,11,15,turn on the stove and put the moka pot on it,FULL_HIT,0.997534,0.005675,0.001778,0.338899,7.002373,0.012575,0.005448,7.461435,0,0
0,11,16,turn on the stove and put the moka pot on it,FULL_HIT,0.997712,0.004693,0.001764,0.321755,7.024421,0.013275,0.005382,7.464697,0,0
0,11,17,turn on the stove and put the moka pot on it,FULL_HIT,0.998087,0.004774,0.001971,0.323079,6.953364,0.013619,0.005562,7.395959,0,0
0,11,18,turn on the stove and put the moka pot on it,FULL_HIT,0.998060,0.004691,0.001830,0.324992,7.008146,0.021143,0.005814,7.459760,0,0
0,11,19,turn on the stove and put the moka pot on it,FULL_HIT,0.998337,0.004863,0.001736,0.329293,6.942421,0.012545,0.005491,7.389513,0,0
0,11,20,turn on the stove and put the moka pot on it,FULL_HIT,0.997947,0.005130,0.001820,0.322466,6.955996,0.013136,0.005331,7.395786,0,0
0,11,21,turn on the stove and put the moka pot on it,FULL_HIT,0.998383,0.004913,0.001908,0.338847,6.983520,0.012491,0.005332,7.440258,0,0
0,11,22,turn on the stove and put the moka pot on it,FULL_HIT,0.997620,0.005162,0.001830,0.335254,6.999226,0.012988,0.005376,7.452190,0,0
0,11,23,turn on the stove and put the moka pot on it,FULL_HIT,0.997293,0.004711,0.001782,0.344394,7.065218,0.013195,0.005461,7.527605,0,0
0,11,24,turn on the stove and put the moka pot on it,FULL_HIT,0.998230,0.004680,0.001730,0.325642,6.969822,0.013961,0.005503,7.416661,0,0
0,11,25,turn on the stove and put the moka pot on it,FULL_HIT,0.998238,0.004661,0.001862,0.322372,6.932148,0.012585,0.005464,7.372213,0,0
0,11,26,turn on the stove and put the moka pot on it,FULL_HIT,0.998327,0.005536,0.001773,0.330307,7.018108,0.013133,0.006259,7.471679,0,0
0,11,27,turn on the stove and put the moka pot on it,FULL_HIT,0.998235,0.005674,0.001795,0.329459,7.005104,0.013771,0.004945,7.452646,0,0
0,11,28,turn on the stove and put the moka pot on it,FULL_HIT,0.998139,0.004631,0.001822,0.326478,7.047147,0.012561,0.006199,7.493630,0,0
0,11,29,turn on the stove and put the moka pot on it,FULL_HIT,0.997961,0.004467,0.001749,0.322053,6.922330,0.013079,0.005089,7.361749,0,0
0,11,30,turn on the stove and put the moka pot on it,FULL_HIT,0.997980,0.004896,0.001530,0.337864,6.969225,0.013390,0.005067,7.427219,0,0
0,11,31,turn on the stove and put the moka pot on it,FULL_HIT,0.998142,0.005051,0.001690,0.331910,6.933961,0.012927,0.005477,7.384462,0,0
0,11,32,turn on the stove and put the moka pot on it,FULL_HIT,0.998261,0.004766,0.002007,0.331441,7.009800,0.013332,0.005482,7.462418,0,0
0,11,33,turn on the stove and put the moka pot on it,FULL_HIT,0.998142,0.004730,0.001801,0.327001,6.967780,0.013787,0.005581,7.414398,0,0
0,11,34,turn on the stove and put the moka pot on it,FULL_HIT,0.998268,0.004867,0.001717,0.323784,7.044179,0.013548,0.005984,7.488068,0,0
0,11,35,turn on the stove and put the moka pot on it,FULL_HIT,0.998216,0.004709,0.001653,0.326957,6.972235,0.012520,0.005160,7.418518,0,0
0,11,36,turn on the stove and put the moka pot on it,FULL_HIT,0.998130,0.004783,0.001869,0.329551,7.034550,0.013846,0.005217,7.484490,0,0
0,11,37,turn on the stove and put the moka pot on it,FULL_HIT,0.998208,0.005002,0.001931,0.321957,6.945938,0.013663,0.005322,7.391479,0,0
0,11,38,turn on the stove and put the moka pot on it,FULL_HIT,0.998335,0.004784,0.001841,0.329290,6.997032,0.013325,0.005507,7.447743,0,0
0,11,39,turn on the stove and put the moka pot on it,FULL_HIT,0.998428,0.004621,0.001730,0.321120,6.953540,0.013386,0.005883,7.394133,0,0
0,11,40,turn on the stove and put the moka pot on it,FULL_HIT,0.998065,0.004422,0.001833,0.321402,6.923564,0.012809,0.005258,7.365166,0,0
0,11,41,turn on the stove and put the moka pot on it,FULL_HIT,0.998029,0.005205,0.002002,0.325328,7.193526,0.012692,0.004947,7.647289,0,0
0,11,42,turn on the stove and put the moka pot on it,FULL_HIT,0.997992,0.004458,0.001679,0.312958,7.030738,0.012907,0.005577,7.462759,0,0
0,11,43,turn on the stove and put the moka pot on it,FULL_HIT,0.997198,0.004720,0.001775,0.330870,7.249295,0.012918,0.005166,7.698719,0,0
0,11,44,turn on the stove and put the moka pot on it,FULL_HIT,0.997297,0.004387,0.001939,0.349054,7.222396,0.012759,0.005440,7.692119,0,0
0,11,45,turn on the stove and put the moka pot on it,FULL_HIT,0.997689,0.004395,0.001826,0.352405,6.993296,0.013315,0.005499,7.463793,0,0
0,11,46,turn on the stove and put the moka pot on it,FULL_HIT,0.998171,0.010015,0.001721,0.315965,6.938523,0.014042,0.005168,7.381020,0,0
0,11,47,turn on the stove and put the moka pot on it,FULL_HIT,0.998243,0.004800,0.001676,0.333132,6.965255,0.013550,0.004807,7.417429,0,0
0,11,48,turn on the stove and put the moka pot on it,FULL_HIT,0.998161,0.004644,0.001677,0.306733,6.893283,0.012926,0.005394,7.321196,0,0
0,11,49,turn on the stove and put the moka pot on it,FULL_HIT,0.998264,0.004530,0.001790,0.311444,6.988050,0.013324,0.005926,7.421397,0,0
0,11,50,turn on the stove and put the moka pot on it,FULL_HIT,0.998232,0.004634,0.001827,0.344350,6.899927,0.012735,0.005448,7.363240,0,0
0,12,0,turn on the stove and put the moka pot on it,FULL_HIT,0.998869,0.004767,0.001765,0.322319,7.058279,0.012873,0.005248,7.508529,0,0
0,12,1,turn on the stove and put the moka pot on it,FULL_HIT,0.998806,0.005098,0.001758,0.327473,7.060591,0.012978,0.005292,7.516747,0,0
0,12,2,turn on the stove and put the moka pot on it,FULL_HIT,0.998721,0.004985,0.001823,0.331769,6.984309,0.013249,0.005529,7.436654,0,0
0,12,3,turn on the stove and put the moka pot on it,FULL_HIT,0.998535,0.004642,0.001736,0.322899,7.003979,0.012812,0.005595,7.443354,0,0
0,12,4,turn on the stove and put the moka pot on it,FULL_HIT,0.998226,0.004917,0.001775,0.327945,7.147428,0.039178,0.005862,7.622176,0,0
0,12,5,turn on the stove and put the moka pot on it,FULL_HIT,0.997998,0.004491,0.001712,0.333393,6.999432,0.013320,0.005746,7.450662,0,0
0,12,6,turn on the stove and put the moka pot on it,FULL_HIT,0.997868,0.004726,0.001839,0.328068,6.945790,0.013077,0.005148,7.391012,0,0
0,12,7,turn on the stove and put the moka pot on it,FULL_HIT,0.997919,0.004557,0.001838,0.321190,7.045816,0.013007,0.005618,7.486232,0,0
0,12,8,turn on the stove and put the moka pot on it,FULL_HIT,0.998036,0.004703,0.001948,0.326985,6.960288,0.013079,0.006135,7.404035,0,0
0,12,9,turn on the stove and put the moka pot on it,FULL_HIT,0.998305,0.004307,0.001992,0.322789,6.936675,0.012753,0.005113,7.376861,0,0
0,12,10,turn on the stove and put the moka pot on it,FULL_HIT,0.998469,0.004833,0.001923,0.326894,7.057546,0.014147,0.005516,7.502902,0,0
0,12,11,turn on the stove and put the moka pot on it,FULL_HIT,0.998392,0.004612,0.001793,0.334184,6.995078,0.012895,0.005689,7.445376,0,0
0,12,12,turn on the stove and put the moka pot on it,FULL_HIT,0.998337,0.005174,0.001703,0.355338,7.091966,0.013120,0.005752,7.566266,0,0
0,12,13,turn on the stove and put the moka pot on it,FULL_HIT,0.997985,0.004677,0.001933,0.324951,7.004173,0.012758,0.005357,7.446180,0,0
0,12,14,turn on the stove and put the moka pot on it,FULL_HIT,0.998184,0.004509,0.001761,0.335858,6.991319,0.012793,0.005570,7.444502,0,0
0,12,15,turn on the stove and put the moka pot on it,FULL_HIT,0.998255,0.004655,0.001737,0.337538,7.006637,0.012928,0.006085,7.462128,0,0
0,12,16,turn on the stove and put the moka pot on it,FULL_HIT,0.998248,0.004923,0.001795,0.325849,6.979162,0.013541,0.005925,7.424389,0,0
0,12,17,turn on the stove and put the moka pot on it,FULL_HIT,0.998216,0.004910,0.001804,0.324107,6.919235,0.012472,0.005789,7.359409,0,0
0,12,18,turn on the stove and put the moka pot on it,FULL_HIT,0.998159,0.004897,0.001727,0.340440,7.108442,0.013146,0.005930,7.568146,0,0
0,12,19,turn on the stove and put the moka pot on it,FULL_HIT,0.998098,0.004510,0.001723,0.324093,6.958417,0.013633,0.005584,7.400272,0,0
0,12,20,turn on the stove and put the moka pot on it,FULL_HIT,0.998117,0.004809,0.001809,0.327845,6.932574,0.013817,0.006797,7.379808,0,0
0,12,21,turn on the stove and put the moka pot on it,FULL_HIT,0.998122,0.004803,0.001706,0.356742,7.040987,0.013270,0.005446,7.517884,0,0
0,12,22,turn on the stove and put the moka pot on it,FULL_HIT,0.997906,0.004940,0.001760,0.387856,7.024147,0.013349,0.005614,7.538912,0,0
0,12,23,turn on the stove and put the moka pot on it,FULL_HIT,0.997850,0.004587,0.001764,0.327959,6.923410,0.013949,0.005568,7.369345,0,0
0,12,24,turn on the stove and put the moka pot on it,FULL_HIT,0.998078,0.004981,0.001822,0.324488,6.888848,0.012844,0.005934,7.333192,0,0
0,12,25,turn on the stove and put the moka pot on it,FULL_HIT,0.997640,0.004640,0.001971,0.324687,6.952398,0.012706,0.005093,7.395952,0,0
0,12,26,turn on the stove and put the moka pot on it,FULL_HIT,0.998244,0.005650,0.001792,0.322207,6.904292,0.013252,0.005404,7.344511,0,0
0,12,27,turn on the stove and put the moka pot on it,FULL_HIT,0.998537,0.004426,0.001595,0.321204,6.933260,0.012981,0.005235,7.371066,0,0
0,12,28,turn on the stove and put the moka pot on it,FULL_HIT,0.998531,0.004882,0.001682,0.333876,6.990171,0.012816,0.005514,7.444635,0,0
0,12,29,turn on the stove and put the moka pot on it,FULL_HIT,0.998543,0.004714,0.001688,0.319108,6.940676,0.013300,0.005550,7.375703,0,0
0,12,30,turn on the stove and put the moka pot on it,FULL_HIT,0.998527,0.004473,0.001656,0.325629,7.004812,0.013420,0.005366,7.448455,0,0
0,12,31,turn on the stove and put the moka pot on it,FULL_HIT,0.998418,0.005133,0.001757,0.332289,6.979172,0.012693,0.005296,7.428767,0,0
0,12,32,turn on the stove and put the moka pot on it,FULL_HIT,0.998354,0.004934,0.001774,0.328392,7.008542,0.013774,0.005194,7.456702,0,0
0,12,33,turn on the stove and put the moka pot on it,FULL_HIT,0.998408,0.004502,0.001720,0.328963,6.985111,0.013009,0.005459,7.431988,0,0
0,12,34,turn on the stove and put the moka pot on it,FULL_HIT,0.998434,0.004658,0.001783,0.337156,6.914575,0.012489,0.005524,7.379441,0,0
0,12,35,turn on the stove and put the moka pot on it,FULL_HIT,0.998267,0.004925,0.001669,0.337690,6.968983,0.013089,0.005621,7.425612,0,0
0,12,36,turn on the stove and put the moka pot on it,FULL_HIT,0.998023,0.004704,0.001760,0.337065,7.031635,0.012763,0.005347,7.485416,0,0
0,12,37,turn on the stove and put the moka pot on it,FULL_HIT,0.997765,0.004489,0.001746,0.322947,6.957442,0.012678,0.005738,7.399557,0,0
0,12,38,turn on the stove and put the moka pot on it,FULL_HIT,0.997898,0.004514,0.001709,0.320654,6.940744,0.012890,0.005701,7.377904,0,0
0,12,39,turn on the stove and put the moka pot on it,FULL_HIT,0.998017,0.004854,0.001737,0.318529,6.981317,0.013391,0.004981,7.418163,0,0
0,12,40,turn on the stove and put the moka pot on it,FULL_HIT,0.998096,0.005164,0.001718,0.321737,6.916038,0.013211,0.005336,7.360059,0,0
0,12,41,turn on the stove and put the moka pot on it,FULL_HIT,0.998121,0.004521,0.001984,0.326589,7.005208,0.012871,0.005344,7.451086,0,0
0,12,42,turn on the stove and put the moka pot on it,FULL_HIT,0.997783,0.004659,0.001721,0.316894,6.944940,0.013863,0.005698,7.382339,0,0
0,12,43,turn on the stove and put the moka pot on it,FULL_HIT,0.997289,0.004477,0.001653,0.326059,7.055157,0.013563,0.005595,7.500044,0,0
0,12,44,turn on the stove and put the moka pot on it,FULL_HIT,0.997795,0.005322,0.001765,0.323766,6.951055,0.013231,0.005571,7.419252,0,0
0,12,45,turn on the stove and put the moka pot on it,FULL_HIT,0.997783,0.005025,0.001697,0.320920,6.916846,0.013063,0.005500,7.358887,0,0
0,12,46,turn on the stove and put the moka pot on it,FULL_HIT,0.997356,0.005141,0.001829,0.331278,7.072773,0.013628,0.005937,7.526486,0,0
0,12,47,turn on the stove and put the moka pot on it,FULL_HIT,0.997873,0.005208,0.001722,0.326689,6.977662,0.013682,0.005634,7.424173,0,0
0,12,48,turn on the stove and put the moka pot on it,FULL_HIT,0.997943,0.005577,0.001704,0.336561,6.941198,0.013448,0.005370,7.408680,0,0
0,12,49,turn on the stove and put the moka pot on it,FULL_HIT,0.998226,0.004937,0.001809,0.326926,6.954863,0.012913,0.005538,7.401557,0,0
0,12,50,turn on the stove and put the moka pot on it,FULL_HIT,0.998383,0.005155,0.001724,0.327618,6.961823,0.012595,0.005601,7.408963,0,0
0,12,51,turn on the stove and put the moka pot on it,FULL_HIT,0.998542,0.005442,0.001779,0.351859,7.040336,0.013174,0.005621,7.514568,0,0
0,12,52,turn on the stove and put the moka pot on it,FULL_HIT,0.998561,0.004832,0.001825,0.351373,6.924319,0.013252,0.005360,7.397316,0,0
0,12,53,turn on the stove and put the moka pot on it,FULL_HIT,0.998587,0.004727,0.001738,0.344933,6.923044,0.012891,0.005236,7.385218,0,0
0,12,54,turn on the stove and put the moka pot on it,FULL_HIT,0.998290,0.004799,0.001743,0.343462,7.010894,0.012488,0.005807,7.470692,0,0
0,12,55,turn on the stove and put the moka pot on it,FULL_HIT,0.997173,0.004683,0.001724,0.345084,6.966486,0.013946,0.005305,7.432637,0,0
0,12,56,turn on the stove and put the moka pot on it,FULL_HIT,0.995692,0.005074,0.001776,0.333482,6.901732,0.012240,0.005790,7.354544,0,0
0,12,57,turn on the stove and put the moka pot on it,FULL_HIT,0.994909,0.005027,0.001699,0.328865,6.946100,0.013223,0.005238,7.393675,0,0
0,12,58,turn on the stove and put the moka pot on it,FULL_HIT,0.992304,0.004943,0.001842,0.329568,6.932232,0.012681,0.005282,7.380925,0,0
0,12,59,turn on the stove and put the moka pot on it,FULL_HIT,0.983787,0.004690,0.001865,0.328770,7.014825,0.013406,0.005330,7.464395,0,0
0,12,60,turn on the stove and put the moka pot on it,FULL_HIT,0.979341,0.004871,0.001871,0.322548,6.976906,0.013662,0.005550,7.422500,0,0
0,12,0,put the white mug on the plate and put the chocolate pudding to the right of the plate,FULL_HIT,0.998870,0.004617,0.001895,0.321990,15.214864,0.012591,0.005122,15.657582,0,0
0,12,1,put the white mug on the plate and put the chocolate pudding to the right of the plate,FULL_HIT,0.998858,0.005191,0.001867,0.350402,6.694182,0.013606,0.006254,7.167116,0,0
0,12,2,put the white mug on the plate and put the chocolate pudding to the right of the plate,FULL_HIT,0.998811,0.004879,0.001899,0.334861,6.565896,0.013202,0.005633,7.021111,0,0
0,12,3,put the white mug on the plate and put the chocolate pudding to the right of the plate,FULL_HIT,0.998728,0.004652,0.001836,0.327798,6.520603,0.029908,0.005781,6.982901,0,0
0,12,4,put the white mug on the plate and put the chocolate pudding to the right of the plate,FULL_HIT,0.998594,0.004535,0.001812,0.318307,9.468156,0.013531,0.005480,9.907641,0,0
0,12,5,put the white mug on the plate and put the chocolate pudding to the right of the plate,FULL_HIT,0.998602,0.004892,0.002849,0.323336,6.915965,0.013061,0.005562,7.359719,0,0
0,12,6,put the white mug on the plate and put the chocolate pudding to the right of the plate,FULL_HIT,0.998632,0.005012,0.001825,0.322613,6.578865,0.013262,0.005340,7.019035,0,0
0,12,7,put the white mug on the plate and put the chocolate pudding to the right of the plate,FULL_HIT,0.998644,0.004800,0.001848,0.325952,6.569794,0.012607,0.005684,7.012251,0,0
0,12,8,put the white mug on the plate and put the chocolate pudding to the right of the plate,FULL_HIT,0.998640,0.004630,0.002087,0.331106,6.473206,0.012127,0.005355,6.920835,0,0
0,12,9,put the white mug on the plate and put the chocolate pudding to the right of the plate,FULL_HIT,0.998647,0.005184,0.001747,0.324776,6.527108,0.012589,0.005363,6.968965,0,0
0,12,10,put the white mug on the plate and put the chocolate pudding to the right of the plate,FULL_HIT,0.998431,0.004848,0.001775,0.325611,6.616728,0.013613,0.005431,7.058028,0,0
0,12,11,put the white mug on the plate and put the chocolate pudding to the right of the plate,FULL_HIT,0.997683,0.004452,0.001703,0.324934,6.471563,0.013518,0.006064,6.912339,0,0
0,12,12,put the white mug on the plate and put the chocolate pudding to the right of the plate,FULL_HIT,0.997998,0.004553,0.001831,0.326106,6.447177,0.012982,0.013076,6.896065,0,0
0,12,13,put the white mug on the plate and put the chocolate pudding to the right of the plate,FULL_HIT,0.998291,0.004901,0.001588,0.337190,6.503029,0.013249,0.004964,6.955987,0,0
0,12,14,put the white mug on the plate and put the chocolate pudding to the right of the plate,FULL_HIT,0.998240,0.004727,0.001879,0.333885,6.513937,0.012653,0.005505,6.964311,0,0
0,12,15,put the white mug on the plate and put the chocolate pudding to the right of the plate,FULL_HIT,0.998275,0.004729,0.001746,0.339283,6.477322,0.013653,0.005725,6.933962,0,0
0,12,16,put the white mug on the plate and put the chocolate pudding to the right of the plate,FULL_HIT,0.998241,0.004910,0.001708,0.326138,6.513470,0.013235,0.005259,6.954990,0,0
0,12,17,put the white mug on the plate and put the chocolate pudding to the right of the plate,FULL_HIT,0.998253,0.004781,0.001631,0.331273,6.446678,0.012814,0.005430,6.892704,0,0
0,12,18,put the white mug on the plate and put the chocolate pudding to the right of the plate,FULL_HIT,0.998130,0.004331,0.001744,0.333309,6.494433,0.012456,0.005092,6.941590,0,0
0,12,19,put the white mug on the plate and put the chocolate pudding to the right of the plate,FULL_HIT,0.998082,0.004711,0.001625,0.328133,6.406827,0.012408,0.005531,6.856708,0,0
0,12,20,put the white mug on the plate and put the chocolate pudding to the right of the plate,FULL_HIT,0.998157,0.013387,0.001797,0.328930,6.579837,0.013032,0.005613,7.042814,0,0
0,12,21,put the white mug on the plate and put the chocolate pudding to the right of the plate,FULL_HIT,0.997991,0.004796,0.001730,0.337480,6.449843,0.013272,0.005138,6.904207,0,0
0,12,22,put the white mug on the plate and put the chocolate pudding to the right of the plate,FULL_HIT,0.997959,0.004924,0.001770,0.331913,6.483177,0.012452,0.005172,6.930355,0,0
0,12,23,put the white mug on the plate and put the chocolate pudding to the right of the plate,FULL_HIT,0.997971,0.004558,0.001764,0.327830,6.528133,0.012506,0.005457,6.970432,0,0
0,12,24,put the white mug on the plate and put the chocolate pudding to the right of the plate,FULL_HIT,0.998358,0.005341,0.001938,0.347291,6.700414,0.012595,0.004966,7.169161,0,0
0,12,25,put the white mug on the plate and put the chocolate pudding to the right of the plate,FULL_HIT,0.998376,0.004368,0.001666,0.328456,6.494437,0.013364,0.005074,6.941436,0,0
0,12,26,put the white mug on the plate and put the chocolate pudding to the right of the plate,FULL_HIT,0.998478,0.004333,0.001654,0.337003,6.398508,0.013044,0.005609,6.850236,0,0
0,12,27,put the white mug on the plate and put the chocolate pudding to the right of the plate,FULL_HIT,0.998510,0.004747,0.001703,0.320154,6.480997,0.012681,0.005251,6.916458,0,0
0,12,28,put the white mug on the plate and put the chocolate pudding to the right of the plate,FULL_HIT,0.995603,0.004652,0.001665,0.329777,6.467895,0.012872,0.005257,6.920701,0,0
0,12,29,put the white mug on the plate and put the chocolate pudding to the right of the plate,FULL_HIT,0.997553,0.004435,0.001829,0.321337,6.466294,0.012119,0.004851,6.902710,0,0
0,12,30,put the white mug on the plate and put the chocolate pudding to the right of the plate,FULL_HIT,0.998264,0.004476,0.001714,0.325496,6.459310,0.011845,0.005196,6.899235,0,0
0,12,31,put the white mug on the plate and put the chocolate pudding to the right of the plate,FULL_HIT,0.998396,0.004762,0.001727,0.326725,6.518692,0.013011,0.005946,6.960222,0,0
0,12,32,put the white mug on the plate and put the chocolate pudding to the right of the plate,FULL_HIT,0.998263,0.004607,0.002026,0.327940,6.463059,0.013191,0.005382,6.911995,0,0
0,12,33,put the white mug on the plate and put the chocolate pudding to the right of the plate,FULL_HIT,0.998209,0.004608,0.001781,0.328343,6.492210,0.013453,0.005609,6.936390,0,0
0,12,34,put the white mug on the plate and put the chocolate pudding to the right of the plate,FULL_HIT,0.998510,0.005020,0.001612,0.326912,6.456041,0.011888,0.005700,6.901183,0,0
0,12,35,put the white mug on the plate and put the chocolate pudding to the right of the plate,FULL_HIT,0.998307,0.005175,0.001708,0.329516,6.413715,0.012826,0.005776,6.861971,0,0
0,12,36,put the white mug on the plate and put the chocolate pudding to the right of the plate,FULL_HIT,0.998279,0.005033,0.001769,0.325150,6.440681,0.012568,0.005294,6.891345,0,0
0,12,37,put the white mug on the plate and put the chocolate pudding to the right of the plate,FULL_HIT,0.998173,0.004801,0.001683,0.330440,6.427141,0.012581,0.006287,6.875673,0,0
0,12,38,put the white mug on the plate and put the chocolate pudding to the right of the plate,FULL_HIT,0.998204,0.004855,0.001793,0.324158,6.516003,0.012276,0.005493,6.956844,0,0
0,12,39,put the white mug on the plate and put the chocolate pudding to the right of the plate,FULL_HIT,0.998047,0.004880,0.001961,0.324297,6.469625,0.012566,0.005166,6.910050,0,0
0,12,40,put the white mug on the plate and put the chocolate pudding to the right of the plate,FULL_HIT,0.997356,0.004681,0.001971,0.325063,7.560172,0.012975,0.006276,8.010403,0,0
0,12,41,put the white mug on the plate and put the chocolate pudding to the right of the plate,FULL_HIT,0.998213,0.004675,0.001753,0.345474,6.620200,0.012759,0.005626,7.083887,0,0
0,12,42,put the white mug on the plate and put the chocolate pudding to the right of the plate,FULL_HIT,0.998242,0.004941,0.001748,0.349586,6.676822,0.011930,0.005308,7.140949,0,0
0,12,43,put the white mug on the plate and put the chocolate pudding to the right of the plate,FULL_HIT,0.998328,0.004897,0.001703,0.330963,6.467849,0.013202,0.005703,6.917266,0,0
0,12,44,put the white mug on the plate and put the chocolate pudding to the right of the plate,FULL_HIT,0.998247,0.004743,0.001747,0.338168,6.407315,0.013361,0.005453,6.873514,0,0
0,12,45,put the white mug on the plate and put the chocolate pudding to the right of the plate,FULL_HIT,0.998066,0.004634,0.001759,0.322019,6.444241,0.012649,0.005336,6.898724,0,0
0,13,0,turn on the stove and put the moka pot on it,FULL_HIT,0.998871,0.004695,0.001893,0.337807,7.055191,0.012470,0.005059,7.508744,0,0
0,13,1,turn on the stove and put the moka pot on it,FULL_HIT,0.998822,0.005067,0.001821,0.362799,7.123036,0.021666,0.005570,7.625252,0,0
0,13,2,turn on the stove and put the moka pot on it,FULL_HIT,0.998721,0.005147,0.001743,0.335036,7.048196,0.013352,0.005194,7.500529,0,0
0,13,3,turn on the stove and put the moka pot on it,FULL_HIT,0.998721,0.004672,0.001708,0.326138,7.006824,0.012795,0.005834,7.451948,0,0
0,13,4,turn on the stove and put the moka pot on it,FULL_HIT,0.998735,0.004883,0.001732,0.323529,7.219691,0.013678,0.005168,7.662479,0,0
0,13,5,turn on the stove and put the moka pot on it,FULL_HIT,0.998782,0.004669,0.001745,0.330108,7.014876,0.012465,0.005571,7.472044,0,0
0,13,6,turn on the stove and put the moka pot on it,FULL_HIT,0.998790,0.005098,0.001689,0.334476,7.058422,0.012565,0.005639,7.509557,0,0
0,13,7,turn on the stove and put the moka pot on it,FULL_HIT,0.998794,0.004608,0.001686,0.332763,7.042762,0.013099,0.006413,7.492639,0,0
0,13,8,turn on the stove and put the moka pot on it,FULL_HIT,0.998777,0.004615,0.001873,0.328114,7.156981,0.013246,0.005455,7.602899,0,0
0,13,9,turn on the stove and put the moka pot on it,FULL_HIT,0.998792,0.005190,0.001844,0.328424,7.055440,0.013467,0.005188,7.498700,0,0
0,13,10,turn on the stove and put the moka pot on it,FULL_HIT,0.998739,0.004529,0.001752,0.325537,7.165941,0.013640,0.005600,7.618678,0,0
0,13,11,turn on the stove and put the moka pot on it,FULL_HIT,0.998173,0.004933,0.001739,0.331079,7.072440,0.013512,0.006421,7.520926,0,0
0,13,12,turn on the stove and put the moka pot on it,FULL_HIT,0.998720,0.004638,0.001817,0.339459,7.355235,0.013788,0.005572,7.807971,0,0
0,13,13,turn on the stove and put the moka pot on it,FULL_HIT,0.997129,0.004910,0.001607,0.325367,7.042416,0.013189,0.005661,7.482850,0,0
0,13,14,turn on the stove and put the moka pot on it,FULL_HIT,0.998393,0.012587,0.001964,0.325253,7.036205,0.013370,0.005513,7.488020,0,0
0,13,15,turn on the stove and put the moka pot on it,FULL_HIT,0.998558,0.004603,0.001989,0.323726,6.980039,0.013059,0.005791,7.419393,0,0
0,13,16,turn on the stove and put the moka pot on it,FULL_HIT,0.998202,0.004603,0.001853,0.332263,7.084084,0.013065,0.005330,7.534469,0,0
0,13,17,turn on the stove and put the moka pot on it,FULL_HIT,0.998267,0.004693,0.001971,0.328263,7.050803,0.012721,0.005391,7.494979,0,0
0,13,18,turn on the stove and put the moka pot on it,FULL_HIT,0.998520,0.004853,0.001774,0.342786,7.084087,0.013877,0.005323,7.542622,0,0
0,13,19,turn on the stove and put the moka pot on it,FULL_HIT,0.996918,0.004610,0.001845,0.326191,7.005105,0.012553,0.005448,7.449098,0,0
0,13,20,turn on the stove and put the moka pot on it,FULL_HIT,0.998152,0.004966,0.001752,0.328374,6.985734,0.014440,0.005275,7.432998,0,0
0,13,21,turn on the stove and put the moka pot on it,FULL_HIT,0.998488,0.004430,0.001735,0.325284,6.974878,0.013691,0.005268,7.415789,0,0
0,13,22,turn on the stove and put the moka pot on it,FULL_HIT,0.998454,0.005318,0.001709,0.321688,6.995972,0.013552,0.005154,7.434600,0,0
0,13,23,turn on the stove and put the moka pot on it,FULL_HIT,0.998414,0.004620,0.001660,0.330795,7.096856,0.013125,0.005159,7.541367,0,0
0,13,24,turn on the stove and put the moka pot on it,FULL_HIT,0.998382,0.005517,0.001742,0.323058,7.062547,0.012477,0.005812,7.520629,0,0
0,13,25,turn on the stove and put the moka pot on it,FULL_HIT,0.998351,0.004692,0.001794,0.333581,7.021766,0.012390,0.005131,7.472469,0,0
0,13,26,turn on the stove and put the moka pot on it,FULL_HIT,0.998418,0.005256,0.001791,0.324746,7.039735,0.013819,0.005218,7.482986,0,0
0,13,27,turn on the stove and put the moka pot on it,FULL_HIT,0.998410,0.004648,0.001911,0.326209,6.982049,0.013532,0.004954,7.425389,0,0
0,13,28,turn on the stove and put the moka pot on it,FULL_HIT,0.998446,0.005257,0.001793,0.323805,7.012034,0.013781,0.006090,7.457304,0,0
0,13,29,turn on the stove and put the moka pot on it,FULL_HIT,0.998436,0.004961,0.001720,0.321387,7.001346,0.014153,0.005740,7.442120,0,0
0,13,30,turn on the stove and put the moka pot on it,FULL_HIT,0.998453,0.004813,0.001885,0.319937,7.022328,0.013016,0.005031,7.461045,0,0
0,13,31,turn on the stove and put the moka pot on it,FULL_HIT,0.998462,0.004930,0.001784,0.335288,7.093853,0.013394,0.005329,7.546856,0,0
0,13,32,turn on the stove and put the moka pot on it,FULL_HIT,0.998449,0.004788,0.001762,0.325131,7.058869,0.013138,0.005746,7.502384,0,0
0,13,33,turn on the stove and put the moka pot on it,FULL_HIT,0.998550,0.005232,0.001804,0.333162,6.948212,0.014026,0.005115,7.399608,0,0
0,13,34,turn on the stove and put the moka pot on it,FULL_HIT,0.998619,0.004616,0.001816,0.324211,7.096598,0.012617,0.005834,7.537866,0,0
0,13,35,turn on the stove and put the moka pot on it,FULL_HIT,0.998255,0.005516,0.001817,0.335910,7.072140,0.013510,0.005625,7.525321,0,0
0,13,36,turn on the stove and put the moka pot on it,FULL_HIT,0.995474,0.004530,0.001746,0.325373,7.025164,0.013178,0.005927,7.468765,0,0
0,13,37,turn on the stove and put the moka pot on it,FULL_HIT,0.997774,0.005398,0.001753,0.329647,7.045870,0.012369,0.005020,7.490196,0,0
0,13,38,turn on the stove and put the moka pot on it,FULL_HIT,0.997773,0.004819,0.001873,0.322562,7.065734,0.012864,0.005319,7.507219,0,0
0,13,39,turn on the stove and put the moka pot on it,FULL_HIT,0.997421,0.005493,0.001840,0.323259,6.980758,0.013764,0.005604,7.426181,0,0
0,13,40,turn on the stove and put the moka pot on it,FULL_HIT,0.997976,0.005866,0.001828,0.332631,7.008871,0.012594,0.005107,7.462005,0,0
0,13,41,turn on the stove and put the moka pot on it,FULL_HIT,0.997995,0.005449,0.001807,0.326213,7.004847,0.012456,0.005705,7.449463,0,0
0,13,42,turn on the stove and put the moka pot on it,FULL_HIT,0.997972,0.004833,0.001770,0.326669,7.057657,0.013519,0.005257,7.506373,0,0
0,13,43,turn on the stove and put the moka pot on it,FULL_HIT,0.997875,0.004916,0.001788,0.320164,7.022642,0.013839,0.005766,7.462983,0,0
0,13,44,turn on the stove and put the moka pot on it,FULL_HIT,0.997801,0.004849,0.001877,0.329790,6.935304,0.013108,0.005456,7.384521,0,0
0,13,45,turn on the stove and put the moka pot on it,FULL_HIT,0.997840,0.004619,0.001728,0.329438,7.145070,0.012475,0.005668,7.592719,0,0
0,14,0,turn on the stove and put the moka pot on it,FULL_HIT,0.998868,0.004927,0.002014,0.325341,7.111620,0.013348,0.005386,7.562255,0,0
0,14,1,turn on the stove and put the moka pot on it,FULL_HIT,0.998858,0.004561,0.001833,0.366840,7.267252,0.013671,0.005424,7.755619,0,0
0,14,2,turn on the stove and put the moka pot on it,FULL_HIT,0.998837,0.004830,0.002023,0.328889,7.089010,0.013210,0.005326,7.536248,0,0
0,14,3,turn on the stove and put the moka pot on it,FULL_HIT,0.998849,0.004694,0.001707,0.344654,7.049821,0.012911,0.005261,7.512686,0,0
0,14,4,turn on the stove and put the moka pot on it,FULL_HIT,0.998812,0.004990,0.001769,0.335492,7.075072,0.013885,0.004914,7.532336,0,0
0,14,5,turn on the stove and put the moka pot on it,FULL_HIT,0.998800,0.004594,0.001775,0.337748,7.057622,0.013411,0.005390,7.514510,0,0
0,14,6,turn on the stove and put the moka pot on it,FULL_HIT,0.998802,0.004794,0.001677,0.329075,7.020627,0.013129,0.005807,7.466237,0,0
0,14,7,turn on the stove and put the moka pot on it,FULL_HIT,0.998814,0.004594,0.001793,0.340198,7.020243,0.012617,0.005246,7.476060,0,0
0,14,8,turn on the stove and put the moka pot on it,FULL_HIT,0.998820,0.004827,0.001991,0.339707,7.018759,0.013193,0.005706,7.476032,0,0
0,14,9,turn on the stove and put the moka pot on it,FULL_HIT,0.998819,0.005215,0.001723,0.329034,6.983425,0.013227,0.013871,7.450894,0,0
0,14,10,turn on the stove and put the moka pot on it,FULL_HIT,0.998830,0.004731,0.001761,0.331853,6.992296,0.013468,0.005917,7.451207,0,0
0,14,11,turn on the stove and put the moka pot on it,FULL_HIT,0.998827,0.004779,0.001935,0.329299,7.016481,0.014582,0.005325,7.469946,0,0
0,14,12,turn on the stove and put the moka pot on it,FULL_HIT,0.997505,0.004942,0.001683,0.327483,7.023345,0.013632,0.005371,7.465626,0,0
0,14,13,turn on the stove and put the moka pot on it,FULL_HIT,0.998391,0.004454,0.002020,0.334426,6.972201,0.012839,0.005779,7.420811,0,0
0,14,14,turn on the stove and put the moka pot on it,FULL_HIT,0.998187,0.004692,0.001790,0.330677,7.148679,0.013047,0.005299,7.594060,0,0
0,14,15,turn on the stove and put the moka pot on it,FULL_HIT,0.998654,0.004810,0.001688,0.325144,8.222590,0.013039,0.004862,8.660856,0,0
0,14,16,turn on the stove and put the moka pot on it,FULL_HIT,0.998539,0.004669,0.001696,0.320381,7.001960,0.013202,0.005341,7.439148,0,0
0,14,17,turn on the stove and put the moka pot on it,FULL_HIT,0.998369,0.004727,0.001804,0.322084,7.165697,0.012424,0.005625,7.604641,0,0
0,14,18,turn on the stove and put the moka pot on it,FULL_HIT,0.998220,0.004650,0.001893,0.324365,7.239141,0.013941,0.005291,7.680619,0,0
0,14,19,turn on the stove and put the moka pot on it,FULL_HIT,0.998487,0.004608,0.001783,0.320331,7.053420,0.012626,0.005460,7.488289,0,0
0,14,20,turn on the stove and put the moka pot on it,FULL_HIT,0.998636,0.004959,0.002058,0.349247,7.048130,0.012164,0.005654,7.522021,0,0
0,14,21,turn on the stove and put the moka pot on it,FULL_HIT,0.998540,0.004799,0.001963,0.338823,7.014677,0.012569,0.005791,7.469951,0,0
0,14,22,turn on the stove and put the moka pot on it,FULL_HIT,0.998449,0.004670,0.001840,0.318169,7.033182,0.012967,0.005577,7.467817,0,0
0,14,23,turn on the stove and put the moka pot on it,FULL_HIT,0.998441,0.004507,0.001722,0.320209,6.972261,0.012722,0.005754,7.423952,0,0
0,14,24,turn on the stove and put the moka pot on it,FULL_HIT,0.998469,0.005135,0.001674,0.326194,7.184258,0.014150,0.004639,7.629473,0,0
0,14,25,turn on the stove and put the moka pot on it,FULL_HIT,0.998487,0.004555,0.001744,0.324661,7.070514,0.013309,0.005068,7.512122,0,0
0,14,26,turn on the stove and put the moka pot on it,FULL_HIT,0.998526,0.004432,0.001736,0.320280,7.039596,0.012639,0.005700,7.475183,0,0
0,14,27,turn on the stove and put the moka pot on it,FULL_HIT,0.998400,0.004704,0.002211,0.347790,6.973564,0.012940,0.005462,7.440437,0,0
0,14,28,turn on the stove and put the moka pot on it,FULL_HIT,0.998251,0.004484,0.001687,0.322612,6.960557,0.014673,0.005398,7.402403,0,0
0,14,29,turn on the stove and put the moka pot on it,FULL_HIT,0.998257,0.004566,0.001776,0.327087,6.985736,0.013585,0.005416,7.430490,0,0
0,14,30,turn on the stove and put the moka pot on it,FULL_HIT,0.998444,0.004512,0.001795,0.321272,6.955990,0.013420,0.005459,7.395403,0,0
0,14,31,turn on the stove and put the moka pot on it,FULL_HIT,0.998534,0.004901,0.001766,0.324342,7.074010,0.012420,0.005447,7.513773,0,0
0,14,32,turn on the stove and put the moka pot on it,FULL_HIT,0.998658,0.004503,0.001809,0.319141,7.139426,0.013595,0.005060,7.586958,0,0
0,14,33,turn on the stove and put the moka pot on it,FULL_HIT,0.998626,0.004385,0.001718,0.328902,7.014446,0.013298,0.005773,7.463003,0,0
0,14,34,turn on the stove and put the moka pot on it,FULL_HIT,0.998624,0.004678,0.001716,0.325128,6.954694,0.012967,0.006234,7.397309,0,0
0,14,35,turn on the stove and put the moka pot on it,FULL_HIT,0.998612,0.004987,0.001733,0.334879,7.059344,0.013352,0.005993,7.513929,0,0
0,14,36,turn on the stove and put the moka pot on it,FULL_HIT,0.998540,0.004871,0.001832,0.322899,7.038439,0.013631,0.005179,7.481363,0,0
0,14,37,turn on the stove and put the moka pot on it,FULL_HIT,0.998486,0.004744,0.001782,0.339266,7.002245,0.013026,0.005336,7.460274,0,0
0,14,38,turn on the stove and put the moka pot on it,FULL_HIT,0.996559,0.004558,0.001804,0.325372,7.025479,0.013275,0.005325,7.471899,0,0
0,14,39,turn on the stove and put the moka pot on it,FULL_HIT,0.997537,0.005060,0.001804,0.330295,7.008320,0.013591,0.005652,7.458641,0,0
0,14,40,turn on the stove and put the moka pot on it,FULL_HIT,0.997975,0.005163,0.001731,0.329482,7.023263,0.013618,0.005470,7.474966,0,0
0,14,41,turn on the stove and put the moka pot on it,FULL_HIT,0.998299,0.005111,0.001653,0.324902,7.050932,0.013524,0.005366,7.505698,0,0
0,14,42,turn on the stove and put the moka pot on it,FULL_HIT,0.998373,0.004699,0.001804,0.336284,7.074853,0.013106,0.005219,7.531336,0,0
0,14,43,turn on the stove and put the moka pot on it,FULL_HIT,0.998416,0.004846,0.001724,0.319327,7.030749,0.013435,0.005912,7.469855,0,0
0,14,44,turn on the stove and put the moka pot on it,FULL_HIT,0.998442,0.004658,0.001815,0.328701,7.017770,0.013419,0.005387,7.464091,0,0
0,14,45,turn on the stove and put the moka pot on it,FULL_HIT,0.998443,0.005241,0.001741,0.330622,7.005229,0.012755,0.005168,7.455841,0,0
0,14,46,turn on the stove and put the moka pot on it,FULL_HIT,0.998417,0.004890,0.001700,0.325843,6.972540,0.012731,0.005701,7.416998,0,0
0,14,47,turn on the stove and put the moka pot on it,FULL_HIT,0.998334,0.004827,0.001770,0.320050,7.084759,0.013207,0.005397,7.524375,0,0
0,14,48,turn on the stove and put the moka pot on it,FULL_HIT,0.998237,0.004727,0.001840,0.320108,7.014838,0.012581,0.005364,7.456051,0,0
0,14,49,turn on the stove and put the moka pot on it,FULL_HIT,0.998258,0.004715,0.001750,0.325982,6.953971,0.012803,0.005032,7.398390,0,0
0,14,50,turn on the stove and put the moka pot on it,FULL_HIT,0.998064,0.004742,0.002215,0.356227,6.968003,0.013324,0.005402,7.442855,0,0
0,14,51,turn on the stove and put the moka pot on it,FULL_HIT,0.998038,0.004776,0.001671,0.349978,6.937655,0.013877,0.005099,7.408237,0,0
0,14,52,turn on the stove and put the moka pot on it,FULL_HIT,0.998030,0.004681,0.001769,0.340530,6.958636,0.013160,0.005380,7.417338,0,0
0,14,53,turn on the stove and put the moka pot on it,FULL_HIT,0.997988,0.005006,0.001818,0.350918,7.009950,0.013082,0.005735,7.481846,0,0
0,14,54,turn on the stove and put the moka pot on it,FULL_HIT,0.997943,0.004743,0.001914,0.339256,7.131647,0.013180,0.005902,7.592437,0,0
0,14,55,turn on the stove and put the moka pot on it,FULL_HIT,0.998015,0.004447,0.001665,0.340927,6.992410,0.013022,0.005589,7.454383,0,0
0,14,56,turn on the stove and put the moka pot on it,FULL_HIT,0.998114,0.004895,0.001827,0.342363,7.248511,0.013212,0.006054,7.714113,0,0
0,14,57,turn on the stove and put the moka pot on it,FULL_HIT,0.998171,0.004821,0.017708,0.340971,7.171231,0.013519,0.005742,7.662558,0,0
0,14,58,turn on the stove and put the moka pot on it,FULL_HIT,0.998142,0.004589,0.001778,0.358075,7.046972,0.013793,0.005158,7.529552,0,0
0,14,59,turn on the stove and put the moka pot on it,FULL_HIT,0.998037,0.004732,0.001654,0.327621,7.009503,0.013607,0.005148,7.474725,0,0
0,14,0,put both the alphabet soup and the cream cheese box in the basket,FULL_HIT,0.998871,0.004522,0.001822,0.327748,18.853686,0.013689,0.005646,19.302003,0,0
0,14,1,put both the alphabet soup and the cream cheese box in the basket,FULL_HIT,0.998851,0.005204,0.001841,0.320818,7.386553,0.013376,0.005335,7.827059,0,0
0,14,2,put both the alphabet soup and the cream cheese box in the basket,FULL_HIT,0.998782,0.004780,0.001994,0.327337,7.362564,0.012884,0.005420,7.810330,0,0
0,14,3,put both the alphabet soup and the cream cheese box in the basket,FULL_HIT,0.998738,0.004449,0.001884,0.328204,7.344641,0.012555,0.005292,7.790207,0,0
0,14,4,put both the alphabet soup and the cream cheese box in the basket,FULL_HIT,0.998736,0.004773,0.001656,0.318460,7.408579,0.013179,0.006103,7.849255,0,0
0,14,5,put both the alphabet soup and the cream cheese box in the basket,FULL_HIT,0.998744,0.005210,0.001832,0.345632,7.397603,0.013278,0.005447,7.865247,0,0
0,14,6,put both the alphabet soup and the cream cheese box in the basket,FULL_HIT,0.998704,0.004955,0.001728,0.331741,7.386977,0.013067,0.005161,7.844481,0,0
0,14,7,put both the alphabet soup and the cream cheese box in the basket,FULL_HIT,0.998689,0.004680,0.001848,0.333056,7.378677,0.013725,0.005435,7.833500,0,0
0,14,8,put both the alphabet soup and the cream cheese box in the basket,FULL_HIT,0.998634,0.004654,0.001802,0.333370,7.372258,0.012957,0.005781,7.825127,0,0
0,14,9,put both the alphabet soup and the cream cheese box in the basket,FULL_HIT,0.998598,0.004890,0.001687,0.319307,7.360539,0.013681,0.005509,7.796963,0,0
0,14,10,put both the alphabet soup and the cream cheese box in the basket,FULL_HIT,0.998640,0.004657,0.001927,0.321650,7.382373,0.013065,0.006089,7.829982,0,0
0,14,11,put both the alphabet soup and the cream cheese box in the basket,FULL_HIT,0.998594,0.005402,0.001640,0.325572,7.365524,0.014110,0.013372,7.819416,0,0
0,14,12,put both the alphabet soup and the cream cheese box in the basket,FULL_HIT,0.997758,0.005323,0.001825,0.328227,7.420114,0.013503,0.005884,7.868250,0,0
0,14,13,put both the alphabet soup and the cream cheese box in the basket,FULL_HIT,0.997852,0.005544,0.001741,0.335889,7.388099,0.013065,0.005730,7.843348,0,0
0,14,14,put both the alphabet soup and the cream cheese box in the basket,FULL_HIT,0.997990,0.004617,0.001777,0.330276,7.464563,0.013092,0.005396,7.913446,0,0
0,14,15,put both the alphabet soup and the cream cheese box in the basket,FULL_HIT,0.998096,0.004937,0.001817,0.349456,7.514258,0.013270,0.005437,7.980897,0,0
0,14,16,put both the alphabet soup and the cream cheese box in the basket,FULL_HIT,0.998100,0.005104,0.001957,0.339187,7.460654,0.013127,0.006003,7.919080,0,0
0,14,17,put both the alphabet soup and the cream cheese box in the basket,FULL_HIT,0.998141,0.004970,0.001735,0.324991,7.417372,0.013199,0.005151,7.861189,0,0
0,14,18,put both the alphabet soup and the cream cheese box in the basket,FULL_HIT,0.998199,0.005457,0.001824,0.323691,7.373869,0.012845,0.006527,7.827147,0,0
0,14,19,put both the alphabet soup and the cream cheese box in the basket,FULL_HIT,0.998241,0.005351,0.001848,0.326066,7.338182,0.012927,0.005870,7.784010,0,0
0,14,20,put both the alphabet soup and the cream cheese box in the basket,FULL_HIT,0.998349,0.004688,0.001976,0.342416,7.356126,0.012846,0.005676,7.817418,0,0
0,14,21,put both the alphabet soup and the cream cheese box in the basket,FULL_HIT,0.998271,0.004884,0.001813,0.338706,7.458341,0.013108,0.005419,7.915837,0,0
0,14,22,put both the alphabet soup and the cream cheese box in the basket,FULL_HIT,0.998181,0.004971,0.001721,0.330429,7.505242,0.013440,0.006036,7.958064,0,0
0,14,23,put both the alphabet soup and the cream cheese box in the basket,FULL_HIT,0.997981,0.005036,0.001811,0.338775,7.427393,0.012912,0.006181,7.889485,0,0
0,14,24,put both the alphabet soup and the cream cheese box in the basket,FULL_HIT,0.997842,0.004241,0.001745,0.336801,7.495227,0.013555,0.006670,7.952484,0,0
0,14,25,put both the alphabet soup and the cream cheese box in the basket,FULL_HIT,0.997881,0.004883,0.001747,0.326323,7.631699,0.012730,0.005522,8.077413,0,0
0,14,26,put both the alphabet soup and the cream cheese box in the basket,FULL_HIT,0.998202,0.004592,0.001695,0.325614,7.356309,0.013151,0.005868,7.809808,0,0
0,14,27,put both the alphabet soup and the cream cheese box in the basket,FULL_HIT,0.998254,0.004863,0.001825,0.323146,7.482782,0.013122,0.005649,7.926577,0,0
0,14,28,put both the alphabet soup and the cream cheese box in the basket,FULL_HIT,0.998275,0.004929,0.001739,0.325136,7.390977,0.013671,0.005817,7.835923,0,0
0,14,29,put both the alphabet soup and the cream cheese box in the basket,FULL_HIT,0.998222,0.004709,0.001649,0.327224,7.610348,0.013582,0.005943,8.056682,0,0
0,14,30,put both the alphabet soup and the cream cheese box in the basket,FULL_HIT,0.998135,0.005046,0.001762,0.324777,7.426100,0.013668,0.005441,7.873120,0,0
0,14,31,put both the alphabet soup and the cream cheese box in the basket,FULL_HIT,0.998047,0.004788,0.001851,0.324552,7.393374,0.013251,0.005386,7.847409,0,0
0,14,32,put both the alphabet soup and the cream cheese box in the basket,FULL_HIT,0.998086,0.004547,0.001683,0.321640,7.402596,0.012999,0.005281,7.845072,0,0
0,14,33,put both the alphabet soup and the cream cheese box in the basket,FULL_HIT,0.998382,0.005293,0.001683,0.333438,7.365444,0.013712,0.006358,7.822002,0,0
0,14,34,put both the alphabet soup and the cream cheese box in the basket,FULL_HIT,0.998391,0.004626,0.001670,0.331061,7.427368,0.013549,0.005693,7.880454,0,0
0,14,35,put both the alphabet soup and the cream cheese box in the basket,FULL_HIT,0.998340,0.004499,0.001686,0.322832,7.404486,0.013638,0.005293,7.845929,0,0
0,14,36,put both the alphabet soup and the cream cheese box in the basket,FULL_HIT,0.998377,0.004618,0.001699,0.322188,7.342652,0.013199,0.005300,7.785073,0,0
0,14,37,put both the alphabet soup and the cream cheese box in the basket,FULL_HIT,0.996932,0.004628,0.001982,0.320367,7.398238,0.012592,0.005484,7.837411,0,0
0,14,38,put both the alphabet soup and the cream cheese box in the basket,FULL_HIT,0.998448,0.004624,0.001766,0.325630,7.429935,0.013163,0.005015,7.875006,0,0
0,14,39,put both the alphabet soup and the cream cheese box in the basket,FULL_HIT,0.998457,0.004288,0.001570,0.330918,7.497196,0.012651,0.005268,7.947858,0,0
0,14,40,put both the alphabet soup and the cream cheese box in the basket,FULL_HIT,0.998411,0.004625,0.001759,0.377340,7.389743,0.013679,0.005593,7.890819,0,0
0,14,41,put both the alphabet soup and the cream cheese box in the basket,FULL_HIT,0.998366,0.004824,0.001672,0.330054,7.400453,0.012729,0.005377,7.851039,0,0
0,14,42,put both the alphabet soup and the cream cheese box in the basket,FULL_HIT,0.998259,0.004557,0.001690,0.321652,7.459312,0.012972,0.005305,7.900815,0,0
0,14,43,put both the alphabet soup and the cream cheese box in the basket,FULL_HIT,0.998188,0.004584,0.001881,0.321905,7.347460,0.021194,0.005599,7.797733,0,0
0,14,44,put both the alphabet soup and the cream cheese box in the basket,FULL_HIT,0.997953,0.004765,0.001625,0.332080,7.380345,0.013181,0.005571,7.831945,0,0
0,14,45,put both the alphabet soup and the cream cheese box in the basket,FULL_HIT,0.997807,0.004502,0.001894,0.325979,7.434778,0.013372,0.005531,7.886606,0,0
0,14,46,put both the alphabet soup and the cream cheese box in the basket,FULL_HIT,0.997940,0.005268,0.001751,0.320403,7.379645,0.013115,0.005375,7.822132,0,0
0,14,47,put both the alphabet soup and the cream cheese box in the basket,FULL_HIT,0.998234,0.004891,0.001664,0.321783,7.412603,0.012842,0.005210,7.853239,0,0
0,14,48,put both the alphabet soup and the cream cheese box in the basket,FULL_HIT,0.998287,0.004782,0.001666,0.330212,7.403093,0.013334,0.005594,7.857080,0,0
0,14,49,put both the alphabet soup and the cream cheese box in the basket,FULL_HIT,0.998161,0.005026,0.001755,0.313656,7.343245,0.012974,0.005011,7.787097,0,0
0,14,50,put both the alphabet soup and the cream cheese box in the basket,FULL_HIT,0.998211,0.004916,0.001707,0.367225,7.368524,0.013382,0.005540,7.855595,0,0
0,15,0,put the black bowl in the bottom drawer of the cabinet and close it,FULL_HIT,0.998870,0.004694,0.001994,0.324455,19.442694,0.013768,0.005413,19.889286,0,0
0,15,1,put the black bowl in the bottom drawer of the cabinet and close it,FULL_HIT,0.998850,0.004938,0.001888,0.322177,7.594418,0.012577,0.005977,8.037042,0,0
0,15,2,put the black bowl in the bottom drawer of the cabinet and close it,FULL_HIT,0.998744,0.004976,0.001912,0.321130,7.569441,0.013541,0.005412,8.013177,0,0
0,15,3,put the black bowl in the bottom drawer of the cabinet and close it,FULL_HIT,0.998737,0.005018,0.001881,0.319041,7.620432,0.013432,0.005314,8.062275,0,0
0,15,4,put the black bowl in the bottom drawer of the cabinet and close it,FULL_HIT,0.998694,0.004696,0.001856,0.324389,7.556767,0.013077,0.005939,8.018355,0,0
0,15,5,put the black bowl in the bottom drawer of the cabinet and close it,FULL_HIT,0.998700,0.004957,0.001835,0.325236,7.566105,0.013073,0.005724,8.010555,0,0
0,15,6,put the black bowl in the bottom drawer of the cabinet and close it,FULL_HIT,0.998705,0.004693,0.002036,0.327557,7.573578,0.013851,0.005706,8.019974,0,0
0,15,7,put the black bowl in the bottom drawer of the cabinet and close it,FULL_HIT,0.998773,0.004654,0.001858,0.328567,7.531113,0.012725,0.006138,7.978604,0,0
0,15,8,put the black bowl in the bottom drawer of the cabinet and close it,FULL_HIT,0.998795,0.005027,0.001997,0.324696,7.603448,0.013628,0.006231,8.051207,0,0
0,15,9,put the black bowl in the bottom drawer of the cabinet and close it,FULL_HIT,0.998759,0.005096,0.001700,0.319671,7.606221,0.012908,0.005578,8.040547,0,0
0,15,10,put the black bowl in the bottom drawer of the cabinet and close it,FULL_HIT,0.998784,0.004979,0.001840,0.330156,7.518114,0.013513,0.005292,7.967627,0,0
0,15,11,put the black bowl in the bottom drawer of the cabinet and close it,FULL_HIT,0.998779,0.004937,0.001801,0.332125,7.697226,0.013748,0.005473,8.148861,0,0
0,15,12,put the black bowl in the bottom drawer of the cabinet and close it,FULL_HIT,0.998782,0.004855,0.001854,0.358635,7.584483,0.013837,0.005583,8.063498,0,0
0,15,13,put the black bowl in the bottom drawer of the cabinet and close it,FULL_HIT,0.998788,0.005070,0.001930,0.321324,7.724046,0.012870,0.005490,8.162757,0,0
0,15,14,put the black bowl in the bottom drawer of the cabinet and close it,FULL_HIT,0.998782,0.004757,0.002005,0.321224,7.626228,0.013110,0.005571,8.064525,0,0
0,15,15,put the black bowl in the bottom drawer of the cabinet and close it,FULL_HIT,0.998764,0.004628,0.001814,0.317972,7.589697,0.014104,0.005735,8.025517,0,0
0,15,16,put the black bowl in the bottom drawer of the cabinet and close it,FULL_HIT,0.998090,0.004837,0.001637,0.326044,7.508919,0.013880,0.005971,7.957173,0,0
0,15,17,put the black bowl in the bottom drawer of the cabinet and close it,FULL_HIT,0.997424,0.004967,0.001823,0.334792,7.556232,0.012804,0.005307,8.010063,0,0
0,15,18,put the black bowl in the bottom drawer of the cabinet and close it,FULL_HIT,0.998666,0.004574,0.001704,0.323281,7.532912,0.014254,0.005649,7.976502,0,0
0,15,19,put the black bowl in the bottom drawer of the cabinet and close it,FULL_HIT,0.998688,0.004910,0.002188,0.323611,7.538758,0.013412,0.005630,7.980938,0,0
0,15,20,put the black bowl in the bottom drawer of the cabinet and close it,FULL_HIT,0.998650,0.005083,0.001768,0.331166,7.491397,0.013702,0.005246,7.943890,0,0
0,15,21,put the black bowl in the bottom drawer of the cabinet and close it,FULL_HIT,0.998654,0.004698,0.001767,0.343995,7.587621,0.014093,0.005718,8.052253,0,0
0,15,22,put the black bowl in the bottom drawer of the cabinet and close it,FULL_HIT,0.998590,0.004518,0.002126,0.337383,7.503947,0.013076,0.005682,7.961517,0,0
0,15,23,put the black bowl in the bottom drawer of the cabinet and close it,FULL_HIT,0.998584,0.004721,0.001777,0.336255,7.612226,0.013507,0.005651,8.070196,0,0
0,15,24,put the black bowl in the bottom drawer of the cabinet and close it,FULL_HIT,0.998618,0.004718,0.001799,0.325416,7.569752,0.013514,0.005547,8.014857,0,0
0,15,25,put the black bowl in the bottom drawer of the cabinet and close it,FULL_HIT,0.998635,0.004577,0.001727,0.320883,7.552211,0.012893,0.005093,7.989124,0,0
0,15,26,put the black bowl in the bottom drawer of the cabinet and close it,FULL_HIT,0.998676,0.004977,0.001747,0.359286,7.634667,0.013388,0.005244,8.112753,0,0
0,15,27,put the black bowl in the bottom drawer of the cabinet and close it,FULL_HIT,0.998658,0.004949,0.001770,0.316533,7.505018,0.013237,0.005349,7.940900,0,0
0,15,28,put the black bowl in the bottom drawer of the cabinet and close it,FULL_HIT,0.998694,0.004773,0.001714,0.319544,7.522519,0.022100,0.005829,7.973878,0,0
0,15,29,put the black bowl in the bottom drawer of the cabinet and close it,FULL_HIT,0.998270,0.004670,0.001885,0.329195,7.537113,0.013961,0.005200,7.985684,0,0
0,15,30,put the black bowl in the bottom drawer of the cabinet and close it,FULL_HIT,0.997443,0.005150,0.001763,0.331095,7.531637,0.013639,0.005502,7.984416,0,0
0,15,31,put the black bowl in the bottom drawer of the cabinet and close it,FULL_HIT,0.997656,0.004459,0.001726,0.333168,7.569836,0.013170,0.005793,8.024986,0,0
0,15,32,put the black bowl in the bottom drawer of the cabinet and close it,FULL_HIT,0.998618,0.004795,0.001844,0.331290,7.542282,0.013473,0.005428,7.997773,0,0
0,15,33,put the black bowl in the bottom drawer of the cabinet and close it,FULL_HIT,0.998651,0.004896,0.001678,0.332743,7.507374,0.013393,0.005819,7.961244,0,0
0,15,34,put the black bowl in the bottom drawer of the cabinet and close it,FULL_HIT,0.998662,0.004997,0.001697,0.322491,7.515024,0.012830,0.005690,7.955567,0,0
0,15,35,put the black bowl in the bottom drawer of the cabinet and close it,FULL_HIT,0.998643,0.004779,0.001752,0.317495,7.468933,0.013878,0.005795,7.907400,0,0
0,15,36,put the black bowl in the bottom drawer of the cabinet and close it,FULL_HIT,0.998341,0.005180,0.001821,0.322083,7.501505,0.012828,0.006086,7.952669,0,0
0,15,37,put the black bowl in the bottom drawer of the cabinet and close it,FULL_HIT,0.998315,0.005181,0.001858,0.334757,7.520434,0.014062,0.005551,7.978586,0,0
0,15,38,put the black bowl in the bottom drawer of the cabinet and close it,FULL_HIT,0.998180,0.004744,0.001734,0.333986,7.561044,0.013094,0.005460,8.014185,0,0
0,15,39,put the black bowl in the bottom drawer of the cabinet and close it,FULL_HIT,0.997830,0.005165,0.001812,0.319311,7.577189,0.013341,0.005210,8.021376,0,0
0,15,40,put the black bowl in the bottom drawer of the cabinet and close it,FULL_HIT,0.997758,0.005377,0.001868,0.314868,7.521026,0.013758,0.005669,7.960828,0,0
0,15,41,put the black bowl in the bottom drawer of the cabinet and close it,FULL_HIT,0.997564,0.004891,0.001782,0.329671,7.557295,0.013497,0.005903,8.009352,0,0
0,15,0,put both the alphabet soup and the cream cheese box in the basket,FULL_HIT,0.998871,0.005104,0.001711,0.320121,7.508381,0.013545,0.005335,7.953488,0,0
0,15,1,put both the alphabet soup and the cream cheese box in the basket,FULL_HIT,0.998843,0.004686,0.001795,0.324947,7.427394,0.012894,0.005492,7.871818,0,0
0,15,2,put both the alphabet soup and the cream cheese box in the basket,FULL_HIT,0.998804,0.005355,0.001804,0.326570,7.450535,0.014365,0.005782,7.897963,0,0
0,15,3,put both the alphabet soup and the cream cheese box in the basket,FULL_HIT,0.998808,0.005491,0.001797,0.338904,7.380096,0.014496,0.005177,7.842976,0,0
0,15,4,put both the alphabet soup and the cream cheese box in the basket,FULL_HIT,0.998794,0.005492,0.001702,0.317589,7.504161,0.013258,0.005250,7.941579,0,0
0,15,5,put both the alphabet soup and the cream cheese box in the basket,FULL_HIT,0.998769,0.004866,0.001703,0.323770,7.455211,0.013034,0.005701,7.906741,0,0
0,15,6,put both the alphabet soup and the cream cheese box in the basket,FULL_HIT,0.998791,0.005336,0.001660,0.333717,7.528828,0.013841,0.005719,7.983030,0,0
0,15,7,put both the alphabet soup and the cream cheese box in the basket,FULL_HIT,0.998804,0.004915,0.001714,0.326315,7.589558,0.041543,0.005632,8.094515,0,0
0,15,8,put both the alphabet soup and the cream cheese box in the basket,FULL_HIT,0.998804,0.005633,0.001789,0.349040,7.792175,0.013188,0.005809,8.305404,0,0
0,15,9,put both the alphabet soup and the cream cheese box in the basket,FULL_HIT,0.998788,0.004857,0.001725,0.317932,7.614763,0.013954,0.005753,8.049153,0,0
0,15,10,put both the alphabet soup and the cream cheese box in the basket,FULL_HIT,0.998737,0.004990,0.001788,0.320701,7.482182,0.012822,0.005816,7.933428,0,0
0,15,11,put both the alphabet soup and the cream cheese box in the basket,FULL_HIT,0.998688,0.005375,0.001786,0.346901,7.385564,0.013279,0.005390,7.852376,0,0
0,15,12,put both the alphabet soup and the cream cheese box in the basket,FULL_HIT,0.998506,0.004958,0.001870,0.325297,7.419462,0.013580,0.005364,7.880409,0,0
0,15,13,put both the alphabet soup and the cream cheese box in the basket,FULL_HIT,0.998415,0.005216,0.001790,0.322240,7.717440,0.013300,0.006388,8.173966,0,0
0,15,14,put both the alphabet soup and the cream cheese box in the basket,FULL_HIT,0.998373,0.005015,0.001913,0.337153,7.635967,0.013778,0.005808,8.093365,0,0
0,15,15,put both the alphabet soup and the cream cheese box in the basket,FULL_HIT,0.998351,0.004749,0.001906,0.323648,7.609204,0.014010,0.005374,8.068918,0,0
0,15,16,put both the alphabet soup and the cream cheese box in the basket,FULL_HIT,0.998244,0.004882,0.001976,0.326613,7.391669,0.012953,0.005911,7.840176,0,0
0,15,17,put both the alphabet soup and the cream cheese box in the basket,FULL_HIT,0.998267,0.004848,0.001772,0.333419,7.429517,0.012893,0.005072,7.882377,0,0
0,15,18,put both the alphabet soup and the cream cheese box in the basket,FULL_HIT,0.998307,0.004849,0.001751,0.325213,7.520515,0.014049,0.006220,7.968705,0,0
0,15,19,put both the alphabet soup and the cream cheese box in the basket,FULL_HIT,0.998421,0.005061,0.001646,0.322874,7.535234,0.013441,0.005391,7.981752,0,0
0,15,20,put both the alphabet soup and the cream cheese box in the basket,FULL_HIT,0.998418,0.004959,0.001874,0.331615,7.392068,0.012770,0.005231,7.844429,0,0
0,15,21,put both the alphabet soup and the cream cheese box in the basket,FULL_HIT,0.998240,0.005320,0.001737,0.334089,7.418777,0.013447,0.006070,7.876405,0,0
0,15,22,put both the alphabet soup and the cream cheese box in the basket,FULL_HIT,0.998052,0.004704,0.001762,0.334278,7.416368,0.012630,0.005521,7.869638,0,0
0,15,23,put both the alphabet soup and the cream cheese box in the basket,FULL_HIT,0.997830,0.004713,0.001820,0.336167,7.399812,0.013034,0.005606,7.857110,0,0
0,15,24,put both the alphabet soup and the cream cheese box in the basket,FULL_HIT,0.998352,0.004731,0.001804,0.320877,7.534471,0.013783,0.005522,7.980485,0,0
0,15,25,put both the alphabet soup and the cream cheese box in the basket,FULL_HIT,0.998392,0.004643,0.001692,0.324942,7.572883,0.013805,0.005610,8.018008,0,0
0,15,26,put both the alphabet soup and the cream cheese box in the basket,FULL_HIT,0.998408,0.004643,0.001695,0.326708,7.467617,0.014594,0.005173,7.914410,0,0
0,15,27,put both the alphabet soup and the cream cheese box in the basket,FULL_HIT,0.998431,0.005156,0.001766,0.323939,7.445232,0.013469,0.005268,7.898392,0,0
0,15,28,put both the alphabet soup and the cream cheese box in the basket,FULL_HIT,0.998301,0.005096,0.001743,0.329393,7.408626,0.013295,0.006357,7.860634,0,0
0,15,29,put both the alphabet soup and the cream cheese box in the basket,FULL_HIT,0.998362,0.004798,0.001639,0.322248,7.406557,0.013771,0.004987,7.850478,0,0
0,15,30,put both the alphabet soup and the cream cheese box in the basket,FULL_HIT,0.998498,0.004703,0.001793,0.323201,7.433516,0.012812,0.005549,7.886726,0,0
0,15,31,put both the alphabet soup and the cream cheese box in the basket,FULL_HIT,0.998573,0.005123,0.001676,0.337237,7.445349,0.013308,0.005459,7.905771,0,0
0,15,32,put both the alphabet soup and the cream cheese box in the basket,FULL_HIT,0.998461,0.004786,0.001701,0.331280,7.503474,0.013016,0.006048,7.957993,0,0
0,15,33,put both the alphabet soup and the cream cheese box in the basket,FULL_HIT,0.998674,0.004932,0.001963,0.324907,7.387702,0.013022,0.005605,7.831972,0,0
0,15,34,put both the alphabet soup and the cream cheese box in the basket,FULL_HIT,0.998392,0.004770,0.001718,0.323771,7.397481,0.012696,0.005340,7.842491,0,0
0,15,35,put both the alphabet soup and the cream cheese box in the basket,FULL_HIT,0.998406,0.005012,0.001728,0.324427,7.492982,0.013722,0.005200,7.938689,0,0
0,15,36,put both the alphabet soup and the cream cheese box in the basket,FULL_HIT,0.997317,0.004787,0.001704,0.325528,7.454118,0.013301,0.005509,7.900722,0,0
0,15,37,put both the alphabet soup and the cream cheese box in the basket,FULL_HIT,0.998105,0.004955,0.001790,0.319255,7.398756,0.013173,0.005420,7.838975,0,0
0,15,38,put both the alphabet soup and the cream cheese box in the basket,FULL_HIT,0.998154,0.004887,0.001714,0.336056,7.397186,0.013158,0.005925,7.856525,0,0
0,15,39,put both the alphabet soup and the cream cheese box in the basket,FULL_HIT,0.998109,0.005325,0.001681,0.327253,7.412807,0.012780,0.005342,7.860631,0,0
0,15,40,put both the alphabet soup and the cream cheese box in the basket,FULL_HIT,0.998313,0.005182,0.001794,0.320096,7.389000,0.013553,0.005476,7.835326,0,0
0,15,41,put both the alphabet soup and the cream cheese box in the basket,FULL_HIT,0.998518,0.005456,0.001622,0.327475,7.417647,0.013457,0.005854,7.877954,0,0
0,15,42,put both the alphabet soup and the cream cheese box in the basket,FULL_HIT,0.998503,0.004560,0.001865,0.335275,7.413813,0.013517,0.005377,7.870323,0,0
0,15,43,put both the alphabet soup and the cream cheese box in the basket,FULL_HIT,0.998464,0.004846,0.001826,0.324963,7.383330,0.013795,0.005215,7.829179,0,0
0,15,44,put both the alphabet soup and the cream cheese box in the basket,FULL_HIT,0.998492,0.004999,0.001796,0.360037,7.403403,0.013993,0.005946,7.894042,0,0
0,15,45,put both the alphabet soup and the cream cheese box in the basket,FULL_HIT,0.998528,0.004658,0.001751,0.352082,7.450537,0.014120,0.005917,7.933951,0,0
0,15,46,put both the alphabet soup and the cream cheese box in the basket,FULL_HIT,0.998534,0.004610,0.001784,0.355896,7.370960,0.012934,0.005897,7.848289,0,0
0,16,0,put the black bowl in the bottom drawer of the cabinet and close it,FULL_HIT,0.998868,0.005203,0.001868,0.322834,7.711183,0.013587,0.005442,8.161234,0,0
0,16,1,put the black bowl in the bottom drawer of the cabinet and close it,FULL_HIT,0.998833,0.013271,0.001756,0.333129,7.650468,0.020267,0.005851,8.122360,0,0
0,16,2,put the black bowl in the bottom drawer of the cabinet and close it,FULL_HIT,0.998806,0.004556,0.001842,0.332732,7.665028,0.014277,0.005706,8.122001,0,0
0,16,3,put the black bowl in the bottom drawer of the cabinet and close it,FULL_HIT,0.998785,0.004620,0.001964,0.325283,7.775447,0.013385,0.006195,8.220828,0,0
0,16,4,put the black bowl in the bottom drawer of the cabinet and close it,FULL_HIT,0.998789,0.004803,0.001808,0.332784,7.656467,0.013541,0.005398,8.107099,0,0
0,16,5,put the black bowl in the bottom drawer of the cabinet and close it,FULL_HIT,0.998757,0.004659,0.001786,0.323139,7.618779,0.013325,0.005528,8.061638,0,0
0,16,6,put the black bowl in the bottom drawer of the cabinet and close it,FULL_HIT,0.998726,0.004854,0.001725,0.335682,7.563318,0.014612,0.005425,8.020031,0,0
0,16,7,put the black bowl in the bottom drawer of the cabinet and close it,FULL_HIT,0.998757,0.004660,0.001820,0.334205,7.592548,0.013374,0.006079,8.048495,0,0
0,16,8,put the black bowl in the bottom drawer of the cabinet and close it,FULL_HIT,0.998763,0.005164,0.002401,0.342990,7.607074,0.013585,0.005497,8.081449,0,0
0,16,9,put the black bowl in the bottom drawer of the cabinet and close it,FULL_HIT,0.998757,0.004997,0.001948,0.328593,7.675097,0.013843,0.005541,8.122872,0,0
0,16,10,put the black bowl in the bottom drawer of the cabinet and close it,FULL_HIT,0.998768,0.005068,0.001812,0.327355,7.622542,0.013571,0.005352,8.069249,0,0
0,16,11,put the black bowl in the bottom drawer of the cabinet and close it,FULL_HIT,0.998785,0.004712,0.001825,0.321814,7.606293,0.013056,0.006047,8.048043,0,0
0,16,12,put the black bowl in the bottom drawer of the cabinet and close it,FULL_HIT,0.998779,0.004622,0.001818,0.318155,7.672685,0.012958,0.005462,8.111493,0,0
0,16,13,put the black bowl in the bottom drawer of the cabinet and close it,FULL_HIT,0.998647,0.005077,0.001892,0.323814,7.599083,0.013356,0.005692,8.052554,0,0
0,16,14,put the black bowl in the bottom drawer of the cabinet and close it,FULL_HIT,0.997721,0.004910,0.001791,0.326561,7.606964,0.012609,0.005444,8.052398,0,0
0,16,15,put the black bowl in the bottom drawer of the cabinet and close it,FULL_HIT,0.998789,0.004766,0.001780,0.328347,7.551670,0.013905,0.005338,7.999056,0,0
0,16,16,put the black bowl in the bottom drawer of the cabinet and close it,FULL_HIT,0.998736,0.004888,0.001797,0.324458,7.601117,0.013974,0.005310,8.056492,0,0
0,16,17,put the black bowl in the bottom drawer of the cabinet and close it,FULL_HIT,0.998690,0.004570,0.001827,0.320548,7.595814,0.013859,0.005426,8.037008,0,0
0,16,18,put the black bowl in the bottom drawer of the cabinet and close it,FULL_HIT,0.998698,0.004790,0.001825,0.324842,7.662691,0.013284,0.005653,8.106991,0,0
0,16,19,put the black bowl in the bottom drawer of the cabinet and close it,FULL_HIT,0.998722,0.004692,0.001681,0.316919,7.612727,0.013097,0.005551,8.048613,0,0
0,16,20,put the black bowl in the bottom drawer of the cabinet and close it,FULL_HIT,0.998746,0.004905,0.001938,0.316180,7.659292,0.014358,0.005018,8.095817,0,0
0,16,21,put the black bowl in the bottom drawer of the cabinet and close it,FULL_HIT,0.998758,0.004853,0.002089,0.321595,7.573544,0.013407,0.005727,8.013682,0,0
0,16,22,put the black bowl in the bottom drawer of the cabinet and close it,FULL_HIT,0.998743,0.004776,0.001804,0.329466,7.690785,0.013600,0.005315,8.140633,0,0
0,16,23,put the black bowl in the bottom drawer of the cabinet and close it,FULL_HIT,0.998792,0.004776,0.001801,0.317047,7.662611,0.013328,0.005698,8.099611,0,0
0,16,24,put the black bowl in the bottom drawer of the cabinet and close it,FULL_HIT,0.998786,0.004711,0.001755,0.319503,7.509431,0.013312,0.005538,7.950788,0,0
0,16,25,put the black bowl in the bottom drawer of the cabinet and close it,FULL_HIT,0.998765,0.004694,0.001893,0.328654,7.616044,0.013848,0.005251,8.076754,0,0
0,16,26,put the black bowl in the bottom drawer of the cabinet and close it,FULL_HIT,0.998749,0.004830,0.001994,0.318965,7.569437,0.013830,0.005439,8.010706,0,0
0,16,27,put the black bowl in the bottom drawer of the cabinet and close it,FULL_HIT,0.998694,0.004742,0.001812,0.327111,10.352506,0.013633,0.005689,10.821718,0,0
0,16,28,put the black bowl in the bottom drawer of the cabinet and close it,FULL_HIT,0.998677,0.005256,0.001922,0.352463,8.332049,0.013431,0.005821,8.812958,0,0
0,16,29,put the black bowl in the bottom drawer of the cabinet and close it,FULL_HIT,0.998696,0.005338,0.002206,0.350101,8.289592,0.013237,0.005504,8.775340,0,0
0,16,30,put the black bowl in the bottom drawer of the cabinet and close it,FULL_HIT,0.998698,0.005342,0.001804,0.321376,8.144488,0.013759,0.005253,8.596264,0,0
0,16,31,put the black bowl in the bottom drawer of the cabinet and close it,FULL_HIT,0.998669,0.004993,0.001848,0.341080,8.429668,0.013438,0.005823,8.896782,0,0
0,16,32,put the black bowl in the bottom drawer of the cabinet and close it,FULL_HIT,0.998563,0.005254,0.001875,0.316929,7.740767,0.013213,0.005330,8.180117,0,0
0,16,33,put the black bowl in the bottom drawer of the cabinet and close it,FULL_HIT,0.998544,0.004545,0.001965,0.344457,7.550281,0.013301,0.005286,8.014829,0,0
0,16,34,put the black bowl in the bottom drawer of the cabinet and close it,FULL_HIT,0.998405,0.004605,0.001886,0.350684,7.746943,0.012629,0.005722,8.214643,0,0
0,16,35,put the black bowl in the bottom drawer of the cabinet and close it,FULL_HIT,0.997816,0.004602,0.001784,0.319592,7.737576,0.013958,0.005454,8.194212,0,0
0,16,36,put the black bowl in the bottom drawer of the cabinet and close it,FULL_HIT,0.996981,0.005319,0.001957,0.344290,7.602700,0.013256,0.005543,8.068225,0,0
0,16,37,put the black bowl in the bottom drawer of the cabinet and close it,FULL_HIT,0.998462,0.004874,0.001823,0.317460,7.503016,0.012678,0.005087,7.943734,0,0
0,16,38,put the black bowl in the bottom drawer of the cabinet and close it,FULL_HIT,0.998463,0.004753,0.001884,0.361164,7.457300,0.013250,0.005750,7.943123,0,0
0,16,39,put the black bowl in the bottom drawer of the cabinet and close it,FULL_HIT,0.998410,0.004699,0.001884,0.317866,7.528908,0.012992,0.005452,7.965914,0,0
0,16,40,put the black bowl in the bottom drawer of the cabinet and close it,FULL_HIT,0.998458,0.004790,0.001882,0.338567,7.625749,0.013144,0.005893,8.087877,0,0
0,16,41,put the black bowl in the bottom drawer of the cabinet and close it,FULL_HIT,0.998423,0.004632,0.001820,0.317237,7.648241,0.014122,0.005371,8.089928,0,0
0,16,42,put the black bowl in the bottom drawer of the cabinet and close it,FULL_HIT,0.998613,0.005105,0.001810,0.321132,7.548427,0.012770,0.005614,7.991707,0,0
0,16,43,put the black bowl in the bottom drawer of the cabinet and close it,FULL_HIT,0.998581,0.004570,0.001854,0.317015,7.514647,0.012997,0.005627,7.950846,0,0
0,16,44,put the black bowl in the bottom drawer of the cabinet and close it,FULL_HIT,0.998477,0.005806,0.001807,0.329255,10.525754,0.012631,0.005391,10.996434,0,0
0,16,45,put the black bowl in the bottom drawer of the cabinet and close it,FULL_HIT,0.998020,0.004923,0.001837,0.313141,7.728366,0.013037,0.005382,8.170690,0,0
0,16,46,put the black bowl in the bottom drawer of the cabinet and close it,FULL_HIT,0.998012,0.004649,0.001889,0.323574,7.610667,0.012813,0.005685,8.055626,0,0
0,16,47,put the black bowl in the bottom drawer of the cabinet and close it,FULL_HIT,0.997898,0.005032,0.001924,0.321841,7.612455,0.013114,0.005491,8.063736,0,0
0,16,48,put the black bowl in the bottom drawer of the cabinet and close it,FULL_HIT,0.998122,0.005062,0.001883,0.319461,7.551832,0.012717,0.017943,8.007432,0,0
0,16,49,put the black bowl in the bottom drawer of the cabinet and close it,FULL_HIT,0.998234,0.005207,0.001792,0.354497,7.551884,0.013647,0.005686,8.052105,0,0
0,16,50,put the black bowl in the bottom drawer of the cabinet and close it,FULL_HIT,0.998179,0.005192,0.001698,0.366505,7.790472,0.013560,0.005949,8.282830,0,0
0,16,51,put the black bowl in the bottom drawer of the cabinet and close it,FULL_HIT,0.998103,0.005078,0.002002,0.374262,7.750681,0.013990,0.011282,8.254865,0,0
0,16,52,put the black bowl in the bottom drawer of the cabinet and close it,FULL_HIT,0.998079,0.005398,0.001794,0.346072,7.543341,0.012383,0.006400,8.012384,0,0
0,16,53,put the black bowl in the bottom drawer of the cabinet and close it,FULL_HIT,0.998077,0.004824,0.001782,0.340342,7.574299,0.013772,0.006655,8.038659,0,0
0,16,54,put the black bowl in the bottom drawer of the cabinet and close it,FULL_HIT,0.998111,0.004615,0.001883,0.338726,7.515644,0.013216,0.005133,7.976055,0,0
0,16,0,put both moka pots on the stove,FULL_HIT,0.998836,0.004601,0.002004,0.318809,27.827837,0.013472,0.006194,28.270750,0,0
0,16,1,put both moka pots on the stove,FULL_HIT,0.998675,0.004869,0.001974,0.328217,10.115668,0.013687,0.005338,10.568814,0,0
0,16,2,put both moka pots on the stove,FULL_HIT,0.998495,0.004739,0.001829,0.316646,10.143095,0.013277,0.005988,10.586378,0,0
0,16,3,put both moka pots on the stove,FULL_HIT,0.998359,0.004902,0.001964,0.318255,10.285491,0.013100,0.006268,10.728633,0,0
0,16,4,put both moka pots on the stove,FULL_HIT,0.998272,0.005021,0.001923,0.316951,10.275063,0.013800,0.005637,10.719948,0,0
0,16,5,put both moka pots on the stove,FULL_HIT,0.998275,0.004838,0.001960,0.330480,10.281812,0.014201,0.018682,10.750166,0,0
0,16,6,put both moka pots on the stove,FULL_HIT,0.998313,0.004939,0.001942,0.319242,10.207517,0.013714,0.006359,10.653399,0,0
0,16,7,put both moka pots on the stove,FULL_HIT,0.998268,0.005711,0.001983,0.314102,9.886184,0.013479,0.005780,10.333416,0,0
0,16,8,put both moka pots on the stove,FULL_HIT,0.998352,0.005103,0.001734,0.342883,9.983609,0.013921,0.005224,10.450381,0,0
0,16,9,put both moka pots on the stove,FULL_HIT,0.998499,0.004815,0.001834,0.322544,9.832066,0.013394,0.005616,10.274927,0,0
0,16,10,put both moka pots on the stove,FULL_HIT,0.998635,0.004876,0.002066,0.314531,9.855825,0.013593,0.005852,10.303865,0,0
0,16,11,put both moka pots on the stove,FULL_HIT,0.998666,0.004613,0.001999,0.317746,9.796303,0.012911,0.005578,10.240854,0,0
0,16,12,put both moka pots on the stove,FULL_HIT,0.998637,0.004574,0.001810,0.341020,9.813101,0.013482,0.025249,10.295189,0,0
0,16,13,put both moka pots on the stove,FULL_HIT,0.998604,0.004737,0.001803,0.345605,9.752132,0.012335,0.018403,10.229676,0,0
0,16,14,put both moka pots on the stove,FULL_HIT,0.998606,0.004709,0.001780,0.322480,9.838439,0.014053,0.005421,10.282624,0,0
0,16,15,put both moka pots on the stove,FULL_HIT,0.998586,0.004657,0.002107,0.321980,9.744551,0.021567,0.019702,10.220519,0,0
0,16,16,put both moka pots on the stove,FULL_HIT,0.998527,0.004727,0.001954,0.321601,9.638693,0.013210,0.006372,10.083455,0,0
0,16,17,put both moka pots on the stove,FULL_HIT,0.998521,0.004523,0.001981,0.325471,9.757659,0.013266,0.023798,10.224551,0,0
0,16,18,put both moka pots on the stove,FULL_HIT,0.998539,0.004546,0.001913,0.322522,9.746686,0.013228,0.005365,10.193220,0,0
0,16,19,put both moka pots on the stove,FULL_HIT,0.998517,0.004560,0.001886,0.315945,9.711100,0.013434,0.005429,10.172602,0,0
0,16,20,put both moka pots on the stove,FULL_HIT,0.998613,0.004824,0.001883,0.321004,9.672820,0.014393,0.005360,10.127131,0,0
0,16,21,put both moka pots on the stove,FULL_HIT,0.998732,0.004668,0.002031,0.315493,9.698500,0.014058,0.021284,10.153568,0,0
0,16,22,put both moka pots on the stove,FULL_HIT,0.998669,0.004782,0.001721,0.315220,9.774087,0.013989,0.006154,10.213022,0,0
0,16,23,put both moka pots on the stove,FULL_HIT,0.998637,0.004585,0.001888,0.319458,9.631035,0.014006,0.019533,10.086101,0,0
0,16,24,put both moka pots on the stove,FULL_HIT,0.998646,0.005002,0.001731,0.328941,9.823365,0.012657,0.005660,10.301238,0,0
0,16,25,put both moka pots on the stove,FULL_HIT,0.998208,0.004874,0.001797,0.312519,9.710229,0.013706,0.005350,10.143007,0,0
0,16,26,put both moka pots on the stove,FULL_HIT,0.998453,0.004794,0.001827,0.316142,9.693566,0.013013,0.005667,10.133098,0,0
0,16,27,put both moka pots on the stove,FULL_HIT,0.998490,0.004954,0.002041,0.312101,9.657952,0.012791,0.019929,10.106746,0,0
0,16,28,put both moka pots on the stove,FULL_HIT,0.998461,0.004772,0.001876,0.316973,9.947719,0.013412,0.005477,10.383614,0,0
0,16,29,put both moka pots on the stove,FULL_HIT,0.998443,0.004619,0.001902,0.357403,9.793826,0.013828,0.006230,10.274667,0,0
0,16,30,put both moka pots on the stove,FULL_HIT,0.998444,0.004871,0.002030,0.326256,9.836509,0.013892,0.005588,10.285988,0,0
0,16,31,put both moka pots on the stove,FULL_HIT,0.998473,0.005427,0.001742,0.325222,9.732431,0.013699,0.005660,10.183056,0,0
0,16,32,put both moka pots on the stove,FULL_HIT,0.998516,0.004917,0.001817,0.324736,9.754857,0.014154,0.006264,10.205495,0,0
0,16,33,put both moka pots on the stove,FULL_HIT,0.998513,0.004902,0.001878,0.314140,9.806361,0.013199,0.005893,10.243275,0,0
0,16,34,put both moka pots on the stove,FULL_HIT,0.998446,0.005386,0.001778,0.313700,9.887310,0.014037,0.006244,10.325493,0,0
0,16,35,put both moka pots on the stove,FULL_HIT,0.998432,0.005478,0.001679,0.312301,9.777471,0.013664,0.005507,10.211703,0,0
0,16,36,put both moka pots on the stove,FULL_HIT,0.998400,0.004898,0.001794,0.314575,9.673382,0.013027,0.005676,10.112682,0,0
0,16,37,put both moka pots on the stove,FULL_HIT,0.998466,0.005053,0.001659,0.311418,9.759839,0.013761,0.019141,10.208427,0,0
0,16,38,put both moka pots on the stove,FULL_HIT,0.998338,0.004895,0.002001,0.385441,9.666286,0.013000,0.005382,10.173865,0,0
0,16,39,put both moka pots on the stove,FULL_HIT,0.997776,0.004852,0.001905,0.321314,9.631924,0.013667,0.005495,10.073943,0,0
0,16,40,put both moka pots on the stove,FULL_HIT,0.998442,0.004451,0.001811,0.325653,9.666927,0.013766,0.005538,10.115665,0,0
0,16,41,put both moka pots on the stove,FULL_HIT,0.998470,0.004561,0.001854,0.317722,9.684931,0.013676,0.005569,10.124560,0,0
0,16,42,put both moka pots on the stove,FULL_HIT,0.998446,0.004858,0.001674,0.309681,9.726257,0.014209,0.019541,10.172476,0,0
0,16,43,put both moka pots on the stove,FULL_HIT,0.998497,0.005129,0.001709,0.310484,9.711862,0.013312,0.005618,10.145202,0,0
0,16,44,put both moka pots on the stove,FULL_HIT,0.998587,0.004801,0.001808,0.313788,9.759545,0.014139,0.019372,10.223074,0,0
0,16,45,put both moka pots on the stove,FULL_HIT,0.998551,0.004600,0.001736,0.301141,9.660011,0.012751,0.006128,10.081837,0,0
0,16,46,put both moka pots on the stove,FULL_HIT,0.998556,0.004773,0.001770,0.347554,9.776694,0.014084,0.026175,10.269482,0,0
0,16,47,put both moka pots on the stove,FULL_HIT,0.998582,0.004647,0.001788,0.343173,9.679587,0.013992,0.005651,10.147684,0,0
0,16,48,put both moka pots on the stove,FULL_HIT,0.998583,0.004473,0.001794,0.339073,9.715203,0.013565,0.005963,10.177389,0,0
0,16,49,put both moka pots on the stove,FULL_HIT,0.998611,0.004988,0.001834,0.336269,9.833883,0.012777,0.021768,10.307670,0,0
0,16,50,put both moka pots on the stove,FULL_HIT,0.998640,0.004787,0.001804,0.336812,9.647682,0.013247,0.005417,10.104925,0,0
0,16,51,put both moka pots on the stove,FULL_HIT,0.998638,0.004967,0.001904,0.325034,9.876112,0.012872,0.006033,10.323492,0,0
0,16,52,put both moka pots on the stove,FULL_HIT,0.998626,0.004936,0.001720,0.336516,9.719990,0.013459,0.005506,10.178643,0,0
0,16,53,put both moka pots on the stove,FULL_HIT,0.998664,0.005632,0.001647,0.354144,9.676266,0.013167,0.018167,10.164418,0,0
0,16,54,put both moka pots on the stove,FULL_HIT,0.998635,0.004701,0.001792,0.323612,9.659925,0.013608,0.005501,10.108946,0,0
0,16,55,put both moka pots on the stove,FULL_HIT,0.998585,0.004594,0.001788,0.309073,9.610345,0.013587,0.005351,10.044262,0,0
0,16,56,put both moka pots on the stove,FULL_HIT,0.998543,0.005039,0.001650,0.375128,9.722235,0.013426,0.005368,10.221507,0,0
0,16,57,put both moka pots on the stove,FULL_HIT,0.998440,0.004836,0.001787,0.401818,9.682024,0.013427,0.005990,10.208919,0,0
0,16,58,put both moka pots on the stove,FULL_HIT,0.997363,0.020541,0.006209,0.420085,10.335328,0.026274,0.006712,11.029601,0,0
0,16,59,put both moka pots on the stove,FULL_HIT,0.997295,0.004910,0.001802,0.378263,9.767283,0.012864,0.018457,10.282978,0,0
0,16,60,put both moka pots on the stove,FULL_HIT,0.997629,0.004726,0.001728,0.335573,9.762744,0.014136,0.005290,10.235845,0,0
0,16,61,put both moka pots on the stove,FULL_HIT,0.997448,0.004970,0.001761,0.330097,9.696668,0.013155,0.019321,10.166528,0,0
0,16,62,put both moka pots on the stove,FULL_HIT,0.997589,0.004813,0.001741,0.377781,9.747638,0.013109,0.005846,10.247398,0,0
0,16,63,put both moka pots on the stove,FULL_HIT,0.997644,0.005023,0.001712,0.347778,9.749990,0.013252,0.019640,10.235219,0,0
0,16,64,put both moka pots on the stove,FULL_HIT,0.997555,0.004479,0.001782,0.329461,9.744070,0.013788,0.006217,10.210416,0,0
0,16,65,put both moka pots on the stove,FULL_HIT,0.997405,0.004851,0.001792,0.306816,9.783355,0.013289,0.018386,10.228721,0,0
0,16,66,put both moka pots on the stove,FULL_HIT,0.997097,0.005274,0.001809,0.334800,9.789677,0.013232,0.005569,10.250777,0,0
0,16,67,put both moka pots on the stove,FULL_HIT,0.997083,0.004545,0.001979,0.316957,10.257681,0.013453,0.006040,10.703003,0,0
0,16,68,put both moka pots on the stove,FULL_HIT,0.997189,0.005697,0.002050,0.348207,10.007880,0.014411,0.006034,10.487026,0,0
0,16,69,put both moka pots on the stove,FULL_HIT,0.997347,0.005726,0.001684,0.304119,9.614838,0.013719,0.006079,10.045557,0,0
0,16,70,put both moka pots on the stove,FULL_HIT,0.997596,0.004840,0.001717,0.328081,9.749280,0.012773,0.005363,10.199450,0,0
0,16,71,put both moka pots on the stove,FULL_HIT,0.997482,0.005311,0.001959,0.312952,9.883095,0.022570,0.005553,10.330636,0,0
0,16,72,put both moka pots on the stove,FULL_HIT,0.997471,0.004775,0.001777,0.303852,9.765410,0.013338,0.005865,10.192702,0,0
0,16,73,put both moka pots on the stove,FULL_HIT,0.997486,0.004832,0.001751,0.307916,9.825026,0.013697,0.006606,10.258201,0,0
0,17,0,put the black bowl in the bottom drawer of the cabinet and close it,FULL_HIT,0.998860,0.004932,0.001862,0.315038,7.629976,0.013478,0.005625,8.074202,0,0
0,17,1,put the black bowl in the bottom drawer of the cabinet and close it,FULL_HIT,0.998854,0.004892,0.001969,0.344761,7.704107,0.013956,0.005349,8.171569,0,0
0,17,2,put the black bowl in the bottom drawer of the cabinet and close it,FULL_HIT,0.998823,0.005514,0.001855,0.344370,7.735687,0.013444,0.019922,8.218565,0,0
0,17,3,put the black bowl in the bottom drawer of the cabinet and close it,FULL_HIT,0.998768,0.004825,0.002106,0.320402,7.702920,0.013953,0.008876,8.149206,0,0
0,17,4,put the black bowl in the bottom drawer of the cabinet and close it,FULL_HIT,0.998759,0.004709,0.001912,0.319777,7.601763,0.012733,0.005552,8.042768,0,0
0,17,5,put the black bowl in the bottom drawer of the cabinet and close it,FULL_HIT,0.998700,0.004901,0.001877,0.333186,7.522442,0.013678,0.005930,7.980830,0,0
0,17,6,put the black bowl in the bottom drawer of the cabinet and close it,FULL_HIT,0.998624,0.005788,0.001881,0.325088,7.547616,0.014251,0.006158,7.996509,0,0
0,17,7,put the black bowl in the bottom drawer of the cabinet and close it,FULL_HIT,0.998513,0.005237,0.002130,0.323105,7.634270,0.012930,0.005716,8.076960,0,0
0,17,8,put the black bowl in the bottom drawer of the cabinet and close it,FULL_HIT,0.998520,0.004875,0.001882,0.325602,7.641728,0.013330,0.005179,8.088164,0,0
0,17,9,put the black bowl in the bottom drawer of the cabinet and close it,FULL_HIT,0.998527,0.004821,0.001746,0.323535,7.631924,0.013703,0.005183,8.075130,0,0
0,17,10,put the black bowl in the bottom drawer of the cabinet and close it,FULL_HIT,0.998417,0.004920,0.001658,0.319255,7.615982,0.013591,0.005571,8.055557,0,0
0,17,11,put the black bowl in the bottom drawer of the cabinet and close it,FULL_HIT,0.998276,0.004700,0.001775,0.332166,7.606081,0.013141,0.005266,8.061922,0,0
0,17,12,put the black bowl in the bottom drawer of the cabinet and close it,FULL_HIT,0.998371,0.005110,0.001772,0.327394,7.615650,0.013642,0.005284,8.062747,0,0
0,17,13,put the black bowl in the bottom drawer of the cabinet and close it,FULL_HIT,0.998544,0.004685,0.001922,0.329922,7.653035,0.012577,0.008923,8.118801,0,0
0,17,14,put the black bowl in the bottom drawer of the cabinet and close it,FULL_HIT,0.998647,0.004682,0.001773,0.321049,7.543422,0.014345,0.005465,7.997236,0,0
0,17,15,put the black bowl in the bottom drawer of the cabinet and close it,FULL_HIT,0.998688,0.004769,0.001811,0.325908,7.593963,0.013522,0.005692,8.041550,0,0
0,17,16,put the black bowl in the bottom drawer of the cabinet and close it,FULL_HIT,0.998718,0.005082,0.001766,0.320849,7.649710,0.014228,0.005071,8.104476,0,0
0,17,17,put the black bowl in the bottom drawer of the cabinet and close it,FULL_HIT,0.998744,0.004734,0.001750,0.324575,7.678341,0.013303,0.005092,8.122892,0,0
0,17,18,put the black bowl in the bottom drawer of the cabinet and close it,FULL_HIT,0.998779,0.004729,0.001641,0.326588,7.596934,0.013588,0.005144,8.044193,0,0
0,17,19,put the black bowl in the bottom drawer of the cabinet and close it,FULL_HIT,0.998793,0.004890,0.001729,0.324315,7.710307,0.013205,0.010148,8.158607,0,0
0,17,20,put the black bowl in the bottom drawer of the cabinet and close it,FULL_HIT,0.998802,0.004578,0.002063,0.322992,7.562154,0.013150,0.005875,8.006115,0,0
0,17,21,put the black bowl in the bottom drawer of the cabinet and close it,FULL_HIT,0.998793,0.004756,0.001801,0.325220,7.601639,0.013519,0.005319,8.048948,0,0
0,17,22,put the black bowl in the bottom drawer of the cabinet and close it,FULL_HIT,0.998683,0.004732,0.001670,0.320697,7.560059,0.013287,0.021638,8.017014,0,0
0,17,23,put the black bowl in the bottom drawer of the cabinet and close it,FULL_HIT,0.998687,0.004926,0.002020,0.323637,7.664223,0.013044,0.005514,8.108261,0,0
0,17,24,put the black bowl in the bottom drawer of the cabinet and close it,FULL_HIT,0.998654,0.004730,0.001572,0.322929,7.597925,0.012522,0.022369,8.056154,0,0
0,17,25,put the black bowl in the bottom drawer of the cabinet and close it,FULL_HIT,0.998598,0.004703,0.001683,0.321965,7.592193,0.013450,0.005123,8.034354,0,0
0,17,26,put the black bowl in the bottom drawer of the cabinet and close it,FULL_HIT,0.998625,0.004657,0.001705,0.330668,7.590564,0.013843,0.004944,8.044799,0,0
0,17,27,put the black bowl in the bottom drawer of the cabinet and close it,FULL_HIT,0.998648,0.004939,0.001781,0.342184,7.588350,0.013475,0.005356,8.051493,0,0
0,17,28,put the black bowl in the bottom drawer of the cabinet and close it,FULL_HIT,0.998651,0.004469,0.001843,0.325419,7.595846,0.013593,0.005301,8.041541,0,0
0,17,29,put the black bowl in the bottom drawer of the cabinet and close it,FULL_HIT,0.998655,0.004457,0.001684,0.324182,7.784147,0.014700,0.005930,8.258094,0,0
0,17,30,put the black bowl in the bottom drawer of the cabinet and close it,FULL_HIT,0.998697,0.005632,0.002190,0.323479,7.861126,0.013209,0.005750,8.309824,0,0
0,17,31,put the black bowl in the bottom drawer of the cabinet and close it,FULL_HIT,0.998684,0.004933,0.001839,0.373255,7.842769,0.021203,0.019633,8.363485,0,0
0,17,32,put the black bowl in the bottom drawer of the cabinet and close it,FULL_HIT,0.998694,0.004532,0.001903,0.315195,7.662253,0.013434,0.005543,8.125630,0,0
0,17,33,put the black bowl in the bottom drawer of the cabinet and close it,FULL_HIT,0.997513,0.004569,0.001613,0.330724,7.730707,0.012675,0.005590,8.181189,0,0
0,17,34,put the black bowl in the bottom drawer of the cabinet and close it,FULL_HIT,0.997414,0.004981,0.001765,0.332914,7.633471,0.012797,0.006073,8.089011,0,0
0,17,35,put the black bowl in the bottom drawer of the cabinet and close it,FULL_HIT,0.998572,0.004660,0.001798,0.329909,7.644231,0.013184,0.010258,8.100008,0,0
0,17,36,put the black bowl in the bottom drawer of the cabinet and close it,FULL_HIT,0.998707,0.005117,0.001699,0.329853,7.636180,0.013821,0.005462,8.094768,0,0
0,17,37,put the black bowl in the bottom drawer of the cabinet and close it,FULL_HIT,0.998733,0.005013,0.001762,0.346077,7.634802,0.012968,0.005911,8.103558,0,0
0,17,38,put the black bowl in the bottom drawer of the cabinet and close it,FULL_HIT,0.998621,0.004621,0.002382,0.330870,7.647480,0.022566,0.005733,8.108735,0,0
0,17,39,put the black bowl in the bottom drawer of the cabinet and close it,FULL_HIT,0.998610,0.004753,0.001755,0.342001,7.712070,0.014351,0.005850,8.178196,0,0
0,17,40,put the black bowl in the bottom drawer of the cabinet and close it,FULL_HIT,0.998715,0.005093,0.001929,0.343317,7.601168,0.022070,0.009122,8.096775,0,0
0,17,41,put the black bowl in the bottom drawer of the cabinet and close it,FULL_HIT,0.998399,0.004882,0.001913,0.319649,7.575059,0.012831,0.005730,8.037030,0,0
0,17,42,put the black bowl in the bottom drawer of the cabinet and close it,FULL_HIT,0.997974,0.004816,0.002004,0.327468,7.619274,0.013313,0.005767,8.072671,0,0
0,17,43,put the black bowl in the bottom drawer of the cabinet and close it,FULL_HIT,0.997858,0.005003,0.001819,0.326336,7.688469,0.013630,0.005388,8.137520,0,0
0,17,44,put the black bowl in the bottom drawer of the cabinet and close it,FULL_HIT,0.998080,0.004763,0.001873,0.323649,7.608675,0.013447,0.006081,8.053431,0,0
0,17,45,put the black bowl in the bottom drawer of the cabinet and close it,FULL_HIT,0.998293,0.004830,0.001657,0.320551,7.626669,0.014057,0.005518,8.083609,0,0
0,18,0,put the black bowl in the bottom drawer of the cabinet and close it,FULL_HIT,0.998778,0.012999,0.002085,0.321705,7.680240,0.013067,0.005499,8.134267,0,0
0,18,1,put the black bowl in the bottom drawer of the cabinet and close it,FULL_HIT,0.998763,0.005465,0.002103,0.385231,7.873823,0.014428,0.009451,8.388523,0,0
0,18,2,put the black bowl in the bottom drawer of the cabinet and close it,FULL_HIT,0.998734,0.004971,0.001632,0.330072,7.786873,0.014218,0.005268,8.237423,0,0
0,18,3,put the black bowl in the bottom drawer of the cabinet and close it,FULL_HIT,0.998669,0.005301,0.001874,0.331964,7.607575,0.013227,0.018988,8.073634,0,0
0,18,4,put the black bowl in the bottom drawer of the cabinet and close it,FULL_HIT,0.998618,0.004891,0.001810,0.334950,7.752796,0.013136,0.005482,8.206552,0,0
0,18,5,put the black bowl in the bottom drawer of the cabinet and close it,FULL_HIT,0.998567,0.004795,0.001776,0.326237,7.738868,0.012852,0.005823,8.184564,0,0
0,18,6,put the black bowl in the bottom drawer of the cabinet and close it,FULL_HIT,0.998601,0.004777,0.001761,0.322614,7.576429,0.013397,0.005436,8.017758,0,0
0,18,7,put the black bowl in the bottom drawer of the cabinet and close it,FULL_HIT,0.998569,0.005007,0.002063,0.317448,7.659954,0.013780,0.024928,8.134894,0,0
0,18,8,put the black bowl in the bottom drawer of the cabinet and close it,FULL_HIT,0.998592,0.004824,0.001709,0.337860,7.640995,0.013487,0.006435,8.099450,0,0
0,18,9,put the black bowl in the bottom drawer of the cabinet and close it,FULL_HIT,0.998538,0.004833,0.001699,0.327322,7.611050,0.013603,0.005744,8.060035,0,0
0,18,10,put the black bowl in the bottom drawer of the cabinet and close it,FULL_HIT,0.998496,0.004648,0.001757,0.321860,7.665846,0.013211,0.005661,8.108232,0,0
0,18,11,put the black bowl in the bottom drawer of the cabinet and close it,FULL_HIT,0.998469,0.005032,0.001788,0.324909,7.581547,0.013444,0.005581,8.026329,0,0
0,18,12,put the black bowl in the bottom drawer of the cabinet and close it,FULL_HIT,0.998398,0.004648,0.001766,0.331278,7.583715,0.012532,0.005580,8.033284,0,0
0,18,13,put the black bowl in the bottom drawer of the cabinet and close it,FULL_HIT,0.998145,0.004522,0.001889,0.321989,7.998022,0.013425,0.018815,8.453767,0,0
0,18,14,put the black bowl in the bottom drawer of the cabinet and close it,FULL_HIT,0.998042,0.004903,0.001963,0.328852,7.657114,0.013751,0.005377,8.108273,0,0
0,18,15,put the black bowl in the bottom drawer of the cabinet and close it,FULL_HIT,0.997907,0.005063,0.002169,0.322315,7.682509,0.013507,0.005655,8.124597,0,0
0,18,16,put the black bowl in the bottom drawer of the cabinet and close it,FULL_HIT,0.997583,0.004731,0.001810,0.321777,7.598405,0.013140,0.005779,8.041389,0,0
0,18,17,put the black bowl in the bottom drawer of the cabinet and close it,FULL_HIT,0.996707,0.004621,0.001810,0.323977,7.644166,0.012711,0.005788,8.088528,0,0
0,18,18,put the black bowl in the bottom drawer of the cabinet and close it,FULL_HIT,0.997757,0.004471,0.001661,0.326732,7.648207,0.013210,0.005285,8.095501,0,0
0,18,19,put the black bowl in the bottom drawer of the cabinet and close it,FULL_HIT,0.998146,0.004950,0.001870,0.325615,7.698803,0.013309,0.005807,8.143350,0,0
0,18,20,put the black bowl in the bottom drawer of the cabinet and close it,FULL_HIT,0.998328,0.004815,0.001730,0.326675,7.640210,0.012508,0.005119,8.085341,0,0
0,18,21,put the black bowl in the bottom drawer of the cabinet and close it,FULL_HIT,0.998326,0.004514,0.001775,0.326773,7.606672,0.013358,0.005001,8.049590,0,0
0,18,22,put the black bowl in the bottom drawer of the cabinet and close it,FULL_HIT,0.998283,0.004647,0.001740,0.332871,7.593396,0.013341,0.005615,8.047151,0,0
0,18,23,put the black bowl in the bottom drawer of the cabinet and close it,FULL_HIT,0.998277,0.005128,0.002044,0.366351,7.675012,0.013227,0.005611,8.164311,0,0
0,18,24,put the black bowl in the bottom drawer of the cabinet and close it,FULL_HIT,0.998183,0.004936,0.001707,0.336935,7.590431,0.013550,0.005396,8.048727,0,0
0,18,25,put the black bowl in the bottom drawer of the cabinet and close it,FULL_HIT,0.998185,0.004549,0.001675,0.333119,7.638199,0.013042,0.005870,8.092229,0,0
0,18,26,put the black bowl in the bottom drawer of the cabinet and close it,FULL_HIT,0.998136,0.004982,0.001806,0.329030,7.602957,0.013704,0.005434,8.053250,0,0
0,18,27,put the black bowl in the bottom drawer of the cabinet and close it,FULL_HIT,0.998057,0.004831,0.001813,0.339427,7.621588,0.012872,0.014755,8.089237,0,0
0,18,28,put the black bowl in the bottom drawer of the cabinet and close it,FULL_HIT,0.997918,0.004586,0.001771,0.323324,7.701945,0.013363,0.005214,8.144066,0,0
0,18,29,put the black bowl in the bottom drawer of the cabinet and close it,FULL_HIT,0.997739,0.005198,0.001753,0.318057,7.684790,0.013191,0.005443,8.125120,0,0
0,18,30,put the black bowl in the bottom drawer of the cabinet and close it,FULL_HIT,0.997644,0.005421,0.001686,0.321336,7.596288,0.013609,0.019206,8.053277,0,0
0,18,31,put the black bowl in the bottom drawer of the cabinet and close it,FULL_HIT,0.997567,0.005245,0.001800,0.328009,7.635238,0.013758,0.005647,8.085895,0,0
0,18,32,put the black bowl in the bottom drawer of the cabinet and close it,FULL_HIT,0.997654,0.004589,0.001839,0.322345,7.658866,0.013985,0.005584,8.105796,0,0
0,18,33,put the black bowl in the bottom drawer of the cabinet and close it,FULL_HIT,0.997597,0.005202,0.001724,0.333352,7.600111,0.013370,0.005611,8.064644,0,0
0,18,34,put the black bowl in the bottom drawer of the cabinet and close it,FULL_HIT,0.997500,0.004795,0.001826,0.322795,7.770465,0.014430,0.005482,8.216376,0,0
0,18,35,put the black bowl in the bottom drawer of the cabinet and close it,FULL_HIT,0.997445,0.005447,0.001921,0.352985,7.942186,0.014116,0.005473,8.422609,0,0
0,18,36,put the black bowl in the bottom drawer of the cabinet and close it,FULL_HIT,0.997315,0.005582,0.001734,0.324859,7.672952,0.013397,0.005019,8.117653,0,0
0,18,37,put the black bowl in the bottom drawer of the cabinet and close it,FULL_HIT,0.997382,0.005205,0.001985,0.318896,7.683585,0.013430,0.005918,8.124005,0,0
0,18,38,put the black bowl in the bottom drawer of the cabinet and close it,FULL_HIT,0.997365,0.005569,0.001740,0.323551,7.617126,0.014207,0.005894,8.062679,0,0
0,18,39,put the black bowl in the bottom drawer of the cabinet and close it,FULL_HIT,0.997967,0.005018,0.002010,0.316669,7.652704,0.013444,0.005586,8.091451,0,0
0,18,40,put the black bowl in the bottom drawer of the cabinet and close it,FULL_HIT,0.998037,0.005160,0.001863,0.323671,7.609527,0.013625,0.005972,8.059379,0,0
0,18,41,put the black bowl in the bottom drawer of the cabinet and close it,FULL_HIT,0.998067,0.005069,0.001805,0.321061,7.648103,0.014032,0.005466,8.092742,0,0
0,18,42,put the black bowl in the bottom drawer of the cabinet and close it,FULL_HIT,0.998064,0.005208,0.001753,0.318208,7.700319,0.012846,0.005550,8.142092,0,0
0,18,43,put the black bowl in the bottom drawer of the cabinet and close it,FULL_HIT,0.998073,0.004804,0.001804,0.325207,7.625727,0.012719,0.006233,8.088852,0,0
0,18,44,put the black bowl in the bottom drawer of the cabinet and close it,FULL_HIT,0.997897,0.004765,0.001753,0.321904,7.581208,0.012581,0.006005,8.024498,0,0
0,18,45,put the black bowl in the bottom drawer of the cabinet and close it,FULL_HIT,0.997817,0.005156,0.001750,0.328609,7.656528,0.013037,0.006382,8.118249,0,0
0,18,46,put the black bowl in the bottom drawer of the cabinet and close it,FULL_HIT,0.997615,0.005456,0.001842,0.339705,7.563010,0.013825,0.005989,8.042640,0,0
0,18,47,put the black bowl in the bottom drawer of the cabinet and close it,FULL_HIT,0.996983,0.005670,0.001739,0.340886,7.627021,0.013018,0.005446,8.086795,0,0
0,18,48,put the black bowl in the bottom drawer of the cabinet and close it,FULL_HIT,0.997109,0.005706,0.001703,0.396515,7.706620,0.013348,0.006088,8.230421,0,0
0,18,49,put the black bowl in the bottom drawer of the cabinet and close it,FULL_HIT,0.996844,0.005172,0.001922,0.390727,7.684027,0.013221,0.009523,8.213492,0,0
0,18,50,put the black bowl in the bottom drawer of the cabinet and close it,FULL_HIT,0.996992,0.004800,0.001700,0.387898,7.667864,0.013742,0.005406,8.178073,0,0
0,18,51,put the black bowl in the bottom drawer of the cabinet and close it,FULL_HIT,0.997154,0.005130,0.001937,0.372108,8.581763,0.013807,0.006009,9.101189,0,0
0,18,52,put the black bowl in the bottom drawer of the cabinet and close it,FULL_HIT,0.997138,0.005308,0.001959,0.427524,8.313404,0.013768,0.006372,8.886546,0,0
0,18,53,put the black bowl in the bottom drawer of the cabinet and close it,FULL_HIT,0.997316,0.004988,0.002016,0.398841,8.070258,0.014084,0.006097,8.607327,0,0
0,18,54,put the black bowl in the bottom drawer of the cabinet and close it,FULL_HIT,0.997359,0.004965,0.001770,0.403149,8.104303,0.021157,0.005706,8.654426,0,0
0,18,55,put the black bowl in the bottom drawer of the cabinet and close it,FULL_HIT,0.997408,0.004727,0.001860,0.364438,7.964842,0.013590,0.005614,8.454932,0,0
0,18,56,put the black bowl in the bottom drawer of the cabinet and close it,FULL_HIT,0.997175,0.004707,0.001774,0.357879,7.644278,0.013279,0.005179,8.124236,0,0
0,18,57,put the black bowl in the bottom drawer of the cabinet and close it,FULL_HIT,0.997030,0.004771,0.001843,0.391485,7.637660,0.013434,0.005205,8.157940,0,0
0,18,58,put the black bowl in the bottom drawer of the cabinet and close it,FULL_HIT,0.996000,0.004749,0.001699,0.369519,7.468166,0.013101,0.005752,7.956592,0,0
0,18,59,put the black bowl in the bottom drawer of the cabinet and close it,FULL_HIT,0.995662,0.004815,0.001759,0.341997,7.632947,0.043983,0.006061,8.162002,0,0
0,18,60,put the black bowl in the bottom drawer of the cabinet and close it,FULL_HIT,0.995408,0.004882,0.001826,0.385887,7.796339,0.013421,0.005560,8.304885,0,0
0,18,61,put the black bowl in the bottom drawer of the cabinet and close it,FULL_HIT,0.994466,0.004443,0.001846,0.359448,7.598839,0.013915,0.005243,8.081159,0,0
0,18,62,put the black bowl in the bottom drawer of the cabinet and close it,FULL_HIT,0.993389,0.004655,0.001806,0.312151,7.504516,0.013547,0.005845,7.939462,0,0
0,18,63,put the black bowl in the bottom drawer of the cabinet and close it,FULL_HIT,0.991976,0.004554,0.001708,0.336992,7.631962,0.013945,0.005563,8.091032,0,0
0,18,64,put the black bowl in the bottom drawer of the cabinet and close it,FULL_HIT,0.990833,0.004489,0.001983,0.311620,7.667644,0.013302,0.005429,8.101615,0,0
0,18,65,put the black bowl in the bottom drawer of the cabinet and close it,FULL_HIT,0.990617,0.004964,0.001810,0.325336,7.570247,0.013356,0.005634,8.017705,0,0
0,18,66,put the black bowl in the bottom drawer of the cabinet and close it,FULL_HIT,0.990263,0.004783,0.001662,0.317738,7.662350,0.013632,0.005271,8.103725,0,0
0,18,67,put the black bowl in the bottom drawer of the cabinet and close it,FULL_HIT,0.989371,0.004738,0.001710,0.319518,7.594401,0.013434,0.005578,8.038005,0,0
0,18,68,put the black bowl in the bottom drawer of the cabinet and close it,FULL_HIT,0.988391,0.005227,0.001734,0.317313,7.593403,0.012808,0.006150,8.035311,0,0
0,18,69,put the black bowl in the bottom drawer of the cabinet and close it,FULL_HIT,0.987014,0.004711,0.001693,0.318113,7.566668,0.013051,0.005170,8.007698,0,0
0,18,70,put the black bowl in the bottom drawer of the cabinet and close it,FULL_HIT,0.986888,0.004722,0.001735,0.328789,7.529167,0.014182,0.005741,7.982822,0,0
0,18,71,put the black bowl in the bottom drawer of the cabinet and close it,FULL_HIT,0.986577,0.004659,0.001673,0.389125,7.567515,0.012842,0.005657,8.081220,0,0
0,18,72,put the black bowl in the bottom drawer of the cabinet and close it,FULL_HIT,0.986723,0.004800,0.001838,0.378023,7.962401,0.012890,0.005449,8.462727,0,0
0,18,73,put the black bowl in the bottom drawer of the cabinet and close it,FULL_HIT,0.985512,0.004898,0.001591,0.337240,7.563070,0.013371,0.005220,8.025362,0,0
0,18,74,put the black bowl in the bottom drawer of the cabinet and close it,FULL_HIT,0.984867,0.004894,0.001775,0.347522,7.538476,0.012809,0.005496,8.010927,0,0
0,18,75,put the black bowl in the bottom drawer of the cabinet and close it,FULL_HIT,0.984701,0.004782,0.001725,0.393742,7.580189,0.013700,0.005600,8.097718,0,0
0,18,76,put the black bowl in the bottom drawer of the cabinet and close it,FULL_HIT,0.984795,0.005241,0.001728,0.350882,7.535968,0.013898,0.005485,8.013349,0,0
0,18,77,put the black bowl in the bottom drawer of the cabinet and close it,FULL_HIT,0.984913,0.004708,0.001740,0.326725,7.527726,0.013874,0.005648,7.980426,0,0
0,18,78,put the black bowl in the bottom drawer of the cabinet and close it,FULL_HIT,0.984656,0.004611,0.001888,0.325449,7.540676,0.013814,0.005976,7.990240,0,0
0,18,79,put the black bowl in the bottom drawer of the cabinet and close it,FULL_HIT,0.984595,0.004569,0.001748,0.313871,7.665718,0.013422,0.005735,8.129631,0,0
0,18,80,put the black bowl in the bottom drawer of the cabinet and close it,FULL_HIT,0.984564,0.004585,0.001916,0.321373,7.612846,0.013882,0.006111,8.077224,0,0
0,18,81,put the black bowl in the bottom drawer of the cabinet and close it,FULL_HIT,0.984675,0.004987,0.001805,0.338891,7.584769,0.013239,0.005792,8.048568,0,0
0,18,82,put the black bowl in the bottom drawer of the cabinet and close it,FULL_HIT,0.984269,0.004736,0.001693,0.322196,7.515490,0.013437,0.005381,7.962383,0,0
0,18,83,put the black bowl in the bottom drawer of the cabinet and close it,FULL_HIT,0.984904,0.004752,0.001833,0.318107,7.590809,0.013039,0.005637,8.032211,0,0
0,18,84,put the black bowl in the bottom drawer of the cabinet and close it,FULL_HIT,0.986058,0.004847,0.001724,0.312827,7.586568,0.023191,0.005658,8.033568,0,0
0,18,85,put the black bowl in the bottom drawer of the cabinet and close it,FULL_HIT,0.985991,0.005129,0.001920,0.339822,7.766938,0.013752,0.005818,8.230081,0,0
0,18,86,put the black bowl in the bottom drawer of the cabinet and close it,FULL_HIT,0.985657,0.004908,0.001758,0.304870,7.590415,0.013575,0.005349,8.019047,0,0
0,18,87,put the black bowl in the bottom drawer of the cabinet and close it,FULL_HIT,0.985571,0.005443,0.001991,0.405974,8.380219,0.014407,0.006785,8.923975,0,0
0,18,88,put the black bowl in the bottom drawer of the cabinet and close it,FULL_HIT,0.985427,0.005027,0.001726,0.306700,7.986834,0.012496,0.005826,8.446104,0,0
0,18,89,put the black bowl in the bottom drawer of the cabinet and close it,FULL_HIT,0.984777,0.004734,0.001675,0.359617,7.711719,0.014272,0.005239,8.220544,0,0
0,18,90,put the black bowl in the bottom drawer of the cabinet and close it,FULL_HIT,0.984955,0.005098,0.001692,0.365729,7.803291,0.014388,0.005788,8.296138,0,0
0,18,91,put the black bowl in the bottom drawer of the cabinet and close it,FULL_HIT,0.985107,0.004601,0.001939,0.332272,7.539739,0.014005,0.005460,8.020846,0,0
0,18,92,put the black bowl in the bottom drawer of the cabinet and close it,FULL_HIT,0.984463,0.004956,0.002265,0.441894,8.128204,0.013633,0.005682,8.700405,0,0
0,18,93,put the black bowl in the bottom drawer of the cabinet and close it,FULL_HIT,0.985013,0.005071,0.001865,0.364673,8.128208,0.013099,0.005498,8.652587,0,0
0,18,94,put the black bowl in the bottom drawer of the cabinet and close it,FULL_HIT,0.984957,0.004892,0.001751,0.304627,7.977493,0.013114,0.005846,8.412459,0,0
0,18,95,put the black bowl in the bottom drawer of the cabinet and close it,FULL_HIT,0.984738,0.004699,0.001844,0.309918,8.061647,0.037557,0.005722,8.519307,0,0
0,18,96,put the black bowl in the bottom drawer of the cabinet and close it,FULL_HIT,0.984546,0.004672,0.001839,0.333641,8.149294,0.013038,0.006297,8.605027,0,0
0,18,97,put the black bowl in the bottom drawer of the cabinet and close it,FULL_HIT,0.984373,0.004875,0.001970,0.344402,8.080646,0.013194,0.005535,8.551761,0,0
0,18,98,put the black bowl in the bottom drawer of the cabinet and close it,FULL_HIT,0.984386,0.004592,0.002012,0.341160,7.964303,0.012497,0.005882,8.428411,0,0
0,18,99,put the black bowl in the bottom drawer of the cabinet and close it,FULL_HIT,0.984903,0.004997,0.001710,0.311034,7.954637,0.013541,0.005328,8.389530,0,0
0,18,100,put the black bowl in the bottom drawer of the cabinet and close it,FULL_HIT,0.985222,0.004868,0.002022,0.366347,8.000201,0.014209,0.005315,8.487820,0,0
0,18,0,put the yellow and white mug in the microwave and close it,FULL_HIT,0.998847,0.004974,0.001809,1.046552,25.217947,0.012771,0.015169,26.399604,0,0
0,18,1,put the yellow and white mug in the microwave and close it,FULL_HIT,0.998798,0.005028,0.001775,0.382830,9.287232,0.013947,0.005829,9.789709,0,0
0,18,2,put the yellow and white mug in the microwave and close it,FULL_HIT,0.998757,0.004692,0.001981,0.385298,9.353321,0.013730,0.018149,9.870135,0,0
0,18,3,put the yellow and white mug in the microwave and close it,FULL_HIT,0.998730,0.004795,0.001880,0.386500,9.409293,0.013407,0.006939,9.917627,0,0
0,18,4,put the yellow and white mug in the microwave and close it,FULL_HIT,0.998588,0.005249,0.001798,0.409833,9.474793,0.013236,0.005575,10.004688,0,0
0,18,5,put the yellow and white mug in the microwave and close it,FULL_HIT,0.998635,0.005445,0.001767,0.417370,9.501100,0.013442,0.005425,10.036184,0,0
0,18,6,put the yellow and white mug in the microwave and close it,FULL_HIT,0.998598,0.021941,0.001720,0.380111,9.430761,0.014083,0.006090,9.948250,0,0
0,18,7,put the yellow and white mug in the microwave and close it,FULL_HIT,0.998365,0.004900,0.001937,0.378490,9.354426,0.013773,0.005513,9.853934,0,0
0,18,8,put the yellow and white mug in the microwave and close it,FULL_HIT,0.998435,0.004954,0.001774,0.396747,9.495691,0.045292,0.005939,10.071076,0,0
0,18,9,put the yellow and white mug in the microwave and close it,FULL_HIT,0.998444,0.004932,0.001754,0.391091,9.539862,0.013539,0.005367,10.047707,0,0
0,18,10,put the yellow and white mug in the microwave and close it,FULL_HIT,0.998370,0.004944,0.002147,0.381648,9.412339,0.013498,0.005635,9.912711,0,0
0,18,11,put the yellow and white mug in the microwave and close it,FULL_HIT,0.998269,0.004990,0.001799,0.377237,9.353743,0.014058,0.005609,9.851544,0,0
0,18,12,put the yellow and white mug in the microwave and close it,FULL_HIT,0.998268,0.004953,0.001682,0.393475,9.319415,0.013999,0.005425,9.830482,0,0
0,18,13,put the yellow and white mug in the microwave and close it,FULL_HIT,0.998317,0.005228,0.002116,0.388405,9.375293,0.013541,0.005414,9.883021,0,0
0,18,14,put the yellow and white mug in the microwave and close it,FULL_HIT,0.998266,0.004813,0.001709,0.376905,8.811018,0.013467,0.005407,9.300286,0,0
0,18,15,put the yellow and white mug in the microwave and close it,FULL_HIT,0.998236,0.004392,0.001703,0.379831,8.783398,0.013275,0.005210,9.275991,0,0
0,18,16,put the yellow and white mug in the microwave and close it,FULL_HIT,0.997884,0.011706,0.005145,0.776258,17.675690,0.026867,0.011832,18.733669,0,0
0,18,17,put the yellow and white mug in the microwave and close it,FULL_HIT,0.997854,0.010096,0.003866,0.740426,17.163176,0.027175,0.035510,18.182293,0,0
0,18,18,put the yellow and white mug in the microwave and close it,FULL_HIT,0.998189,0.009861,0.003245,0.742438,16.719085,0.025993,0.011674,17.715729,0,0
0,18,19,put the yellow and white mug in the microwave and close it,FULL_HIT,0.998099,0.004707,0.001718,0.390281,8.933584,0.012897,0.005573,9.434428,0,0
0,18,20,put the yellow and white mug in the microwave and close it,FULL_HIT,0.998137,0.004649,0.001802,0.393163,9.014100,0.012941,0.021039,9.536246,0,0
0,18,21,put the yellow and white mug in the microwave and close it,FULL_HIT,0.998089,0.004629,0.001704,0.394365,9.008520,0.012507,0.006716,9.515625,0,0
0,18,22,put the yellow and white mug in the microwave and close it,FULL_HIT,0.997697,0.004979,0.002042,0.383921,8.944855,0.013073,0.005913,9.443355,0,0
0,18,23,put the yellow and white mug in the microwave and close it,FULL_HIT,0.997946,0.004403,0.001717,0.379381,8.941440,0.012824,0.005613,9.432939,0,0
0,18,24,put the yellow and white mug in the microwave and close it,FULL_HIT,0.998074,0.004465,0.001789,0.385935,8.939576,0.012867,0.005634,9.439299,0,0
0,18,25,put the yellow and white mug in the microwave and close it,FULL_HIT,0.998214,0.004953,0.001935,0.383479,8.892369,0.013483,0.005238,9.405386,0,0
0,18,26,put the yellow and white mug in the microwave and close it,FULL_HIT,0.998326,0.005066,0.001730,0.387429,8.868536,0.013841,0.017041,9.392221,0,0
0,18,27,put the yellow and white mug in the microwave and close it,FULL_HIT,0.998282,0.004892,0.001764,0.381888,8.880422,0.012318,0.005697,9.375173,0,0
0,18,28,put the yellow and white mug in the microwave and close it,FULL_HIT,0.998270,0.005552,0.001711,0.379814,8.876332,0.012746,0.005703,9.370988,0,0
0,18,29,put the yellow and white mug in the microwave and close it,FULL_HIT,0.997792,0.004600,0.001680,0.373308,8.890286,0.012855,0.005481,9.374854,0,0
0,18,30,put the yellow and white mug in the microwave and close it,FULL_HIT,0.998051,0.004608,0.001765,0.383221,8.869744,0.012549,0.017947,9.379221,0,0
0,18,31,put the yellow and white mug in the microwave and close it,FULL_HIT,0.998011,0.004562,0.001832,0.384848,8.797089,0.012928,0.005162,9.294996,0,0
0,18,32,put the yellow and white mug in the microwave and close it,FULL_HIT,0.998060,0.004661,0.001696,0.400732,8.856673,0.021372,0.005297,9.381161,0,0
0,18,33,put the yellow and white mug in the microwave and close it,FULL_HIT,0.998074,0.004863,0.001831,0.388831,8.885291,0.013002,0.005321,9.390043,0,0
0,18,34,put the yellow and white mug in the microwave and close it,FULL_HIT,0.998082,0.004949,0.001671,0.375929,8.852627,0.013204,0.005575,9.339906,0,0
0,18,35,put the yellow and white mug in the microwave and close it,FULL_HIT,0.998111,0.004656,0.001923,0.373061,8.759365,0.012923,0.005362,9.245314,0,0
0,18,36,put the yellow and white mug in the microwave and close it,FULL_HIT,0.998015,0.004269,0.001686,0.387231,8.866241,0.013144,0.005942,9.368655,0,0
0,18,37,put the yellow and white mug in the microwave and close it,FULL_HIT,0.997621,0.005159,0.001957,0.404846,9.167770,0.012564,0.005532,9.690836,0,0
0,18,38,put the yellow and white mug in the microwave and close it,FULL_HIT,0.997030,0.004997,0.001760,0.383544,8.867843,0.012944,0.005208,9.366238,0,0
0,18,39,put the yellow and white mug in the microwave and close it,FULL_HIT,0.996834,0.004562,0.001686,0.378510,8.820986,0.012908,0.005668,9.311299,0,0
0,18,40,put the yellow and white mug in the microwave and close it,FULL_HIT,0.996980,0.004648,0.001712,0.381091,8.793073,0.012936,0.005073,9.291316,0,0
0,18,41,put the yellow and white mug in the microwave and close it,FULL_HIT,0.997079,0.005198,0.001620,0.374453,8.822575,0.012761,0.005077,9.314084,0,0
0,18,42,put the yellow and white mug in the microwave and close it,FULL_HIT,0.997136,0.004551,0.001578,0.396651,8.898630,0.014404,0.005876,9.418122,0,0
0,18,43,put the yellow and white mug in the microwave and close it,FULL_HIT,0.997122,0.015687,0.001761,0.435971,8.927795,0.022454,0.005356,9.499800,0,0
0,18,44,put the yellow and white mug in the microwave and close it,FULL_HIT,0.997150,0.004573,0.001825,0.369104,9.174931,0.011292,0.005298,9.655961,0,0
0,18,45,put the yellow and white mug in the microwave and close it,FULL_HIT,0.996571,0.004534,0.001625,0.378587,9.131349,0.011585,0.004664,9.620736,0,0
0,18,46,put the yellow and white mug in the microwave and close it,FULL_HIT,0.996908,0.004699,0.001807,0.371156,8.921397,0.010979,0.004435,9.398554,0,0
0,18,47,put the yellow and white mug in the microwave and close it,FULL_HIT,0.996962,0.004600,0.001614,0.365279,8.969373,0.011338,0.004514,9.442929,0,0
0,18,48,put the yellow and white mug in the microwave and close it,FULL_HIT,0.996879,0.004958,0.001694,0.380614,9.097872,0.013008,0.005732,9.597733,0,0
0,18,49,put the yellow and white mug in the microwave and close it,FULL_HIT,0.996486,0.004647,0.001586,0.391806,9.003327,0.011042,0.004602,9.513235,0,0
0,18,50,put the yellow and white mug in the microwave and close it,FULL_HIT,0.996129,0.004553,0.001718,0.368154,8.950667,0.011051,0.005002,9.446920,0,0
0,18,51,put the yellow and white mug in the microwave and close it,FULL_HIT,0.995957,0.004462,0.001731,0.378557,8.760822,0.010204,0.004433,9.244984,0,0
0,18,52,put the yellow and white mug in the microwave and close it,FULL_HIT,0.994255,0.004687,0.001715,0.377726,8.915855,0.011697,0.013910,9.411523,0,0
0,18,53,put the yellow and white mug in the microwave and close it,FULL_HIT,0.986032,0.004686,0.001690,0.379313,8.830655,0.010902,0.004521,9.316367,0,0
0,18,54,put the yellow and white mug in the microwave and close it,FULL_HIT,0.992168,0.004718,0.001690,0.376877,9.363270,0.010987,0.004901,9.847682,0,0
0,18,55,put the yellow and white mug in the microwave and close it,FULL_HIT,0.995945,0.004591,0.001629,0.386474,8.771212,0.010598,0.004620,9.266692,0,0
0,18,56,put the yellow and white mug in the microwave and close it,FULL_HIT,0.996815,0.004534,0.001707,0.393296,8.828751,0.011571,0.004692,9.329217,0,0
0,18,57,put the yellow and white mug in the microwave and close it,FULL_HIT,0.997275,0.004412,0.001720,0.388791,8.727303,0.012873,0.005417,9.234852,0,0
0,18,58,put the yellow and white mug in the microwave and close it,FULL_HIT,0.996862,0.004781,0.001672,0.382019,8.896127,0.011742,0.004596,9.386459,0,0
0,18,59,put the yellow and white mug in the microwave and close it,FULL_HIT,0.996834,0.004419,0.001994,0.371068,8.968334,0.010539,0.004665,9.449494,0,0
0,18,60,put the yellow and white mug in the microwave and close it,FULL_HIT,0.997011,0.004648,0.001706,0.373787,8.757536,0.010323,0.004723,9.249497,0,0
0,18,61,put the yellow and white mug in the microwave and close it,FULL_HIT,0.996901,0.004446,0.001767,0.392401,8.835443,0.010661,0.004392,9.334193,0,0
0,18,62,put the yellow and white mug in the microwave and close it,FULL_HIT,0.996163,0.004531,0.002008,0.387899,8.802110,0.012237,0.005022,9.303278,0,0
0,18,63,put the yellow and white mug in the microwave and close it,FULL_HIT,0.996776,0.004642,0.001910,0.416596,8.815678,0.010983,0.005297,9.342872,0,0
0,18,64,put the yellow and white mug in the microwave and close it,FULL_HIT,0.997568,0.004581,0.001775,0.364559,8.913345,0.010768,0.005564,9.390415,0,0
0,18,65,put the yellow and white mug in the microwave and close it,FULL_HIT,0.997696,0.004649,0.001746,0.362424,8.732067,0.011040,0.004682,9.204349,0,0
0,18,66,put the yellow and white mug in the microwave and close it,FULL_HIT,0.997654,0.004659,0.001787,0.376238,8.685588,0.010102,0.004744,9.171075,0,0
0,18,67,put the yellow and white mug in the microwave and close it,FULL_HIT,0.997837,0.004443,0.002284,0.371773,8.773898,0.010656,0.004869,9.260513,0,0
0,18,68,put the yellow and white mug in the microwave and close it,FULL_HIT,0.998063,0.004459,0.001756,0.362090,8.765485,0.010107,0.004981,9.233950,0,0
0,18,69,put the yellow and white mug in the microwave and close it,FULL_HIT,0.997536,0.004528,0.001967,0.391181,8.839817,0.011652,0.014378,9.349927,0,0
0,18,70,put the yellow and white mug in the microwave and close it,FULL_HIT,0.997628,0.004879,0.001820,0.399991,8.989454,0.014006,0.005793,9.517230,0,0
0,18,71,put the yellow and white mug in the microwave and close it,FULL_HIT,0.997935,0.005144,0.001883,0.378951,8.784711,0.013396,0.005844,9.312434,0,0
0,18,72,put the yellow and white mug in the microwave and close it,FULL_HIT,0.996735,0.004905,0.001980,0.384807,8.712342,0.012196,0.005133,9.218360,0,0
0,18,73,put the yellow and white mug in the microwave and close it,FULL_HIT,0.980556,0.004873,0.001821,0.376677,8.792993,0.012066,0.005298,9.286330,0,0
0,18,74,put the yellow and white mug in the microwave and close it,FULL_HIT,0.937416,0.005359,0.001652,0.365477,8.853530,0.013135,0.005253,9.349794,0,0
0,18,75,put the yellow and white mug in the microwave and close it,FULL_HIT,0.928084,0.004700,0.001722,0.364871,8.781846,0.020817,0.005527,9.272478,0,0
0,18,76,put the yellow and white mug in the microwave and close it,FULL_HIT,0.938770,0.004780,0.001608,0.384436,8.812855,0.012839,0.005689,9.324213,0,0
0,18,77,put the yellow and white mug in the microwave and close it,FULL_HIT,0.927907,0.004713,0.001752,0.344122,8.665616,0.013326,0.006340,9.128888,0,0
0,18,78,put the yellow and white mug in the microwave and close it,FULL_HIT,0.923365,0.004887,0.001801,0.381770,8.749451,0.013026,0.005506,9.249704,0,0
0,18,79,put the yellow and white mug in the microwave and close it,FULL_HIT,0.904256,0.004560,0.001991,0.403353,9.062759,0.019028,0.005810,9.600355,0,0
0,18,80,put the yellow and white mug in the microwave and close it,FULL_HIT,0.884339,0.004757,0.001728,0.371449,8.990860,0.013236,0.006516,9.516067,0,0
0,19,0,put the black bowl in the bottom drawer of the cabinet and close it,FULL_HIT,0.998800,0.004228,0.001817,1.119813,8.332010,0.022347,0.005747,9.580353,0,0
0,19,1,put the black bowl in the bottom drawer of the cabinet and close it,FULL_HIT,0.998722,0.004560,0.001830,0.462639,12.383881,0.013278,0.005294,12.969156,0,0
0,19,2,put the black bowl in the bottom drawer of the cabinet and close it,FULL_HIT,0.998667,0.005496,0.002376,0.480400,14.597040,0.014525,0.018883,15.214212,0,0
0,19,3,put the black bowl in the bottom drawer of the cabinet and close it,FULL_HIT,0.998652,0.004746,0.001776,0.397458,8.370468,0.013200,0.005973,8.913685,0,0
0,19,4,put the black bowl in the bottom drawer of the cabinet and close it,FULL_HIT,0.998577,0.004820,0.001849,0.395636,8.533841,0.012923,0.005478,9.077716,0,0
0,19,5,put the black bowl in the bottom drawer of the cabinet and close it,FULL_HIT,0.998426,0.004492,0.001749,0.442046,8.201779,0.014754,0.005738,8.766642,0,0
0,19,6,put the black bowl in the bottom drawer of the cabinet and close it,FULL_HIT,0.998406,0.005245,0.002006,0.437021,8.484782,0.014672,0.006200,9.046214,0,0
0,19,7,put the black bowl in the bottom drawer of the cabinet and close it,FULL_HIT,0.998397,0.005424,0.001875,0.463435,8.311069,0.014052,0.005348,8.906694,0,0
0,19,8,put the black bowl in the bottom drawer of the cabinet and close it,FULL_HIT,0.998474,0.004748,0.001750,0.385499,8.092107,0.013103,0.006621,8.604999,0,0
0,19,9,put the black bowl in the bottom drawer of the cabinet and close it,FULL_HIT,0.998434,0.004609,0.001795,0.398653,8.192642,0.014119,0.005317,8.709568,0,0
0,19,10,put the black bowl in the bottom drawer of the cabinet and close it,FULL_HIT,0.998292,0.004762,0.001825,0.392311,8.082267,0.013248,0.005417,8.598948,0,0
0,19,11,put the black bowl in the bottom drawer of the cabinet and close it,FULL_HIT,0.998282,0.004806,0.001858,0.377171,7.998109,0.025903,0.028489,8.529821,0,0
0,19,12,put the black bowl in the bottom drawer of the cabinet and close it,FULL_HIT,0.998267,0.004949,0.001707,0.388128,8.060252,0.013463,0.005506,8.564856,0,0
0,19,13,put the black bowl in the bottom drawer of the cabinet and close it,FULL_HIT,0.998166,0.004720,0.001761,0.393252,8.075754,0.013568,0.005740,8.587179,0,0
0,19,14,put the black bowl in the bottom drawer of the cabinet and close it,FULL_HIT,0.998256,0.004564,0.001759,0.380737,7.562981,0.013188,0.005189,8.056973,0,0
0,19,15,put the black bowl in the bottom drawer of the cabinet and close it,FULL_HIT,0.998128,0.004555,0.001646,0.390640,7.688945,0.013652,0.005463,8.196183,0,0
0,19,16,put the black bowl in the bottom drawer of the cabinet and close it,FULL_HIT,0.997923,0.004569,0.001714,0.387094,7.717816,0.013104,0.006017,8.221502,0,0
0,19,17,put the black bowl in the bottom drawer of the cabinet and close it,FULL_HIT,0.997853,0.004568,0.001714,0.384485,7.648684,0.012698,0.005265,8.148086,0,0
0,19,18,put the black bowl in the bottom drawer of the cabinet and close it,FULL_HIT,0.998090,0.004390,0.001612,0.391564,7.598047,0.012550,0.006121,8.103926,0,0
0,19,19,put the black bowl in the bottom drawer of the cabinet and close it,FULL_HIT,0.998259,0.004887,0.001652,0.380237,7.605532,0.013025,0.005299,8.099025,0,0
0,19,20,put the black bowl in the bottom drawer of the cabinet and close it,FULL_HIT,0.998212,0.005235,0.001692,0.401302,7.582192,0.013613,0.005441,8.099753,0,0
0,19,21,put the black bowl in the bottom drawer of the cabinet and close it,FULL_HIT,0.998239,0.004845,0.002042,0.388805,7.605709,0.013752,0.018236,8.122670,0,0
0,19,22,put the black bowl in the bottom drawer of the cabinet and close it,FULL_HIT,0.998262,0.004484,0.001724,0.384461,7.550840,0.013353,0.005219,8.061839,0,0
0,19,23,put the black bowl in the bottom drawer of the cabinet and close it,FULL_HIT,0.998240,0.004575,0.001740,0.377494,7.602006,0.012212,0.019241,8.108367,0,0
0,19,24,put the black bowl in the bottom drawer of the cabinet and close it,FULL_HIT,0.998210,0.004762,0.001632,0.387517,7.525729,0.013557,0.005016,8.027383,0,0
0,19,25,put the black bowl in the bottom drawer of the cabinet and close it,FULL_HIT,0.998319,0.004647,0.001913,0.376538,7.540384,0.012776,0.005326,8.029820,0,0
0,19,26,put the black bowl in the bottom drawer of the cabinet and close it,FULL_HIT,0.998408,0.004586,0.001725,0.385263,7.533273,0.013253,0.005656,8.032872,0,0
0,19,27,put the black bowl in the bottom drawer of the cabinet and close it,FULL_HIT,0.998249,0.004859,0.001675,0.383080,7.525601,0.012706,0.005121,8.022943,0,0
0,19,28,put the black bowl in the bottom drawer of the cabinet and close it,FULL_HIT,0.998108,0.004907,0.001674,0.385023,11.062830,0.014559,0.010090,11.577270,0,0
0,19,29,put the black bowl in the bottom drawer of the cabinet and close it,FULL_HIT,0.997778,0.004897,0.001814,0.413801,8.210397,0.013885,0.005425,8.743123,0,0
0,19,30,put the black bowl in the bottom drawer of the cabinet and close it,FULL_HIT,0.997864,0.004881,0.001773,0.381648,8.095751,0.013666,0.005600,8.596540,0,0
0,19,31,put the black bowl in the bottom drawer of the cabinet and close it,FULL_HIT,0.997783,0.005068,0.001773,0.375531,8.003852,0.013180,0.005686,8.497467,0,0
0,19,32,put the black bowl in the bottom drawer of the cabinet and close it,FULL_HIT,0.996962,0.005693,0.001631,0.397382,8.188058,0.013273,0.005400,8.706756,0,0
0,19,33,put the black bowl in the bottom drawer of the cabinet and close it,FULL_HIT,0.998371,0.005188,0.001745,0.392270,8.052921,0.013194,0.005913,8.562944,0,0
0,19,34,put the black bowl in the bottom drawer of the cabinet and close it,FULL_HIT,0.998385,0.004797,0.001785,0.392133,8.101238,0.013561,0.005404,8.613376,0,0
0,19,35,put the black bowl in the bottom drawer of the cabinet and close it,FULL_HIT,0.998233,0.004946,0.001801,0.384503,8.028857,0.013702,0.005509,8.531812,0,0
0,19,36,put the black bowl in the bottom drawer of the cabinet and close it,FULL_HIT,0.997919,0.004958,0.001716,0.382579,8.073437,0.013164,0.005398,8.573116,0,0
0,19,37,put the black bowl in the bottom drawer of the cabinet and close it,FULL_HIT,0.998312,0.004637,0.001743,0.381031,8.089457,0.013273,0.005852,8.588636,0,0
0,19,38,put the black bowl in the bottom drawer of the cabinet and close it,FULL_HIT,0.998380,0.005105,0.001807,0.401848,8.094942,0.013031,0.005267,8.617049,0,0
0,19,39,put the black bowl in the bottom drawer of the cabinet and close it,FULL_HIT,0.998606,0.004600,0.001763,0.395461,8.008995,0.013194,0.005582,8.521438,0,0
0,19,40,put the black bowl in the bottom drawer of the cabinet and close it,FULL_HIT,0.998404,0.005243,0.001714,0.379483,8.116954,0.012893,0.005217,8.614072,0,0
0,19,41,put the black bowl in the bottom drawer of the cabinet and close it,FULL_HIT,0.998147,0.004483,0.001740,0.381835,8.116422,0.012634,0.005395,8.615373,0,0
0,19,42,put the black bowl in the bottom drawer of the cabinet and close it,FULL_HIT,0.998209,0.004539,0.001744,0.383675,8.073412,0.013592,0.005181,8.575972,0,0
0,19,43,put the black bowl in the bottom drawer of the cabinet and close it,FULL_HIT,0.998392,0.004729,0.001799,0.372953,8.009161,0.020560,0.017483,8.519221,0,0
0,19,44,put the black bowl in the bottom drawer of the cabinet and close it,FULL_HIT,0.998444,0.004564,0.001757,0.377065,8.051354,0.012626,0.005465,8.546009,0,0
0,19,45,put the black bowl in the bottom drawer of the cabinet and close it,FULL_HIT,0.998437,0.004716,0.001718,0.386271,8.020616,0.014362,0.005240,8.526397,0,0
0,19,46,put the black bowl in the bottom drawer of the cabinet and close it,FULL_HIT,0.998476,0.004692,0.001790,0.368336,7.982060,0.012865,0.005429,8.469665,0,0
0,19,47,put the black bowl in the bottom drawer of the cabinet and close it,FULL_HIT,0.998498,0.004728,0.001758,0.378429,8.150407,0.013589,0.005720,8.648356,0,0
0,19,48,put the black bowl in the bottom drawer of the cabinet and close it,FULL_HIT,0.998501,0.004602,0.001842,0.392130,8.060229,0.012771,0.005734,8.569720,0,0
0,19,49,put the black bowl in the bottom drawer of the cabinet and close it,FULL_HIT,0.998509,0.004554,0.001606,0.389758,8.055771,0.012511,0.005510,8.564120,0,0
0,19,50,put the black bowl in the bottom drawer of the cabinet and close it,FULL_HIT,0.998513,0.004706,0.001743,0.371961,8.142098,0.012956,0.025294,8.653647,0,0
0,19,51,put the black bowl in the bottom drawer of the cabinet and close it,FULL_HIT,0.998513,0.004743,0.001764,0.379246,8.020096,0.013473,0.005292,8.524655,0,0
0,19,52,put the black bowl in the bottom drawer of the cabinet and close it,FULL_HIT,0.998513,0.004990,0.001783,0.386741,7.946352,0.013381,0.005482,8.460156,0,0
0,19,53,put the black bowl in the bottom drawer of the cabinet and close it,FULL_HIT,0.998514,0.004993,0.001852,0.388426,7.972192,0.013356,0.005428,8.480714,0,0
0,19,54,put the black bowl in the bottom drawer of the cabinet and close it,FULL_HIT,0.998515,0.004611,0.001717,0.378582,8.039524,0.012883,0.006094,8.535929,0,0
0,20,0,put the white mug on the left plate and put the yellow and white mug on the right plate,FULL_HIT,0.998868,0.004644,0.001715,1.056375,16.304550,0.012820,0.005830,17.477527,0,0
0,20,1,put the white mug on the left plate and put the yellow and white mug on the right plate,FULL_HIT,0.998824,0.004615,0.001773,0.385578,6.959555,0.012908,0.013260,7.471208,0,0
0,20,2,put the white mug on the left plate and put the yellow and white mug on the right plate,FULL_HIT,0.998850,0.004646,0.002079,0.391243,7.001984,0.012739,0.005277,7.511292,0,0
0,20,3,put the white mug on the left plate and put the yellow and white mug on the right plate,FULL_HIT,0.998819,0.004818,0.001772,0.382749,6.963163,0.013998,0.017243,7.472455,0,0
0,20,4,put the white mug on the left plate and put the yellow and white mug on the right plate,FULL_HIT,0.998809,0.004807,0.001766,0.380724,6.982487,0.012346,0.005511,7.478908,0,0
0,20,5,put the white mug on the left plate and put the yellow and white mug on the right plate,FULL_HIT,0.998808,0.004671,0.001765,0.380616,6.941435,0.012660,0.005556,7.435878,0,0
0,20,6,put the white mug on the left plate and put the yellow and white mug on the right plate,FULL_HIT,0.998767,0.004744,0.001783,0.385639,7.032299,0.012691,0.005590,7.533231,0,0
0,20,7,put the white mug on the left plate and put the yellow and white mug on the right plate,FULL_HIT,0.998764,0.004534,0.001806,0.379178,6.941642,0.013123,0.005526,7.435203,0,0
0,20,8,put the white mug on the left plate and put the yellow and white mug on the right plate,FULL_HIT,0.998748,0.004872,0.001772,0.407173,6.971094,0.012793,0.005914,7.496031,0,0
0,20,9,put the white mug on the left plate and put the yellow and white mug on the right plate,FULL_HIT,0.997544,0.005069,0.001706,0.396971,6.944637,0.013224,0.005411,7.457538,0,0
0,20,10,put the white mug on the left plate and put the yellow and white mug on the right plate,FULL_HIT,0.997730,0.004885,0.001918,0.400289,7.171153,0.012379,0.005562,7.694830,0,0
0,20,11,put the white mug on the left plate and put the yellow and white mug on the right plate,FULL_HIT,0.998157,0.005126,0.001924,0.413480,7.281407,0.029704,0.005911,7.837307,0,0
0,20,12,put the white mug on the left plate and put the yellow and white mug on the right plate,FULL_HIT,0.998151,0.004656,0.001735,0.390218,6.675208,0.012298,0.017241,7.191790,0,0
0,20,13,put the white mug on the left plate and put the yellow and white mug on the right plate,FULL_HIT,0.998226,0.005241,0.001718,0.377458,6.620028,0.011860,0.005683,7.109702,0,0
0,20,14,put the white mug on the left plate and put the yellow and white mug on the right plate,FULL_HIT,0.998162,0.004589,0.001667,0.404887,6.634280,0.013082,0.005318,7.151880,0,0
0,20,15,put the white mug on the left plate and put the yellow and white mug on the right plate,FULL_HIT,0.998123,0.005054,0.001755,0.389753,6.523317,0.012230,0.004979,7.023281,0,0
0,20,16,put the white mug on the left plate and put the yellow and white mug on the right plate,FULL_HIT,0.998065,0.004626,0.001832,0.409924,6.487097,0.012425,0.017356,7.023308,0,0
0,20,17,put the white mug on the left plate and put the yellow and white mug on the right plate,FULL_HIT,0.998094,0.004639,0.001672,0.383922,6.548354,0.012592,0.005140,7.043754,0,0
0,20,18,put the white mug on the left plate and put the yellow and white mug on the right plate,FULL_HIT,0.998012,0.004416,0.001851,0.400428,6.539519,0.012603,0.017301,7.063899,0,0
0,20,19,put the white mug on the left plate and put the yellow and white mug on the right plate,FULL_HIT,0.997965,0.004660,0.001589,0.381915,6.597553,0.012767,0.005712,7.102578,0,0
0,20,20,put the white mug on the left plate and put the yellow and white mug on the right plate,FULL_HIT,0.997934,0.004369,0.001697,0.375777,6.479699,0.013681,0.005155,6.969442,0,0
0,20,21,put the white mug on the left plate and put the yellow and white mug on the right plate,FULL_HIT,0.998168,0.004998,0.001703,0.384010,6.626217,0.012387,0.005875,7.125170,0,0
0,20,22,put the white mug on the left plate and put the yellow and white mug on the right plate,FULL_HIT,0.998026,0.004542,0.001691,0.377545,6.477162,0.012217,0.005338,6.966144,0,0
0,20,23,put the white mug on the left plate and put the yellow and white mug on the right plate,FULL_HIT,0.997938,0.004526,0.001711,0.390981,6.518255,0.012502,0.006094,7.022499,0,0
0,20,24,put the white mug on the left plate and put the yellow and white mug on the right plate,FULL_HIT,0.998237,0.004548,0.001597,0.383191,6.525939,0.012420,0.017513,7.033347,0,0
0,20,25,put the white mug on the left plate and put the yellow and white mug on the right plate,FULL_HIT,0.998204,0.004598,0.001822,0.381012,6.500447,0.012543,0.016430,7.013322,0,0
0,20,26,put the white mug on the left plate and put the yellow and white mug on the right plate,FULL_HIT,0.998152,0.004907,0.001654,0.406301,6.490996,0.012839,0.018354,7.025648,0,0
0,20,27,put the white mug on the left plate and put the yellow and white mug on the right plate,FULL_HIT,0.998023,0.004585,0.001715,0.387663,6.483329,0.012429,0.005047,6.983766,0,0
0,20,28,put the white mug on the left plate and put the yellow and white mug on the right plate,FULL_HIT,0.998177,0.004677,0.001711,0.379604,6.470361,0.013106,0.005322,6.962729,0,0
0,20,29,put the white mug on the left plate and put the yellow and white mug on the right plate,FULL_HIT,0.998336,0.005039,0.001589,0.389840,6.477890,0.012697,0.005163,6.983283,0,0
0,20,30,put the white mug on the left plate and put the yellow and white mug on the right plate,FULL_HIT,0.998624,0.004615,0.001723,0.384572,6.496056,0.012625,0.005851,6.992658,0,0
0,20,31,put the white mug on the left plate and put the yellow and white mug on the right plate,FULL_HIT,0.998587,0.004571,0.001733,0.377817,6.558546,0.012830,0.016848,7.061912,0,0
0,20,32,put the white mug on the left plate and put the yellow and white mug on the right plate,FULL_HIT,0.998571,0.004453,0.001671,0.416348,6.457453,0.012836,0.004775,6.986749,0,0
0,20,33,put the white mug on the left plate and put the yellow and white mug on the right plate,FULL_HIT,0.998471,0.004463,0.001611,0.383234,6.512454,0.012464,0.005191,7.008714,0,0
0,20,34,put the white mug on the left plate and put the yellow and white mug on the right plate,FULL_HIT,0.998144,0.004412,0.001764,0.377922,6.470348,0.012214,0.005014,6.959821,0,0
0,20,35,put the white mug on the left plate and put the yellow and white mug on the right plate,FULL_HIT,0.997701,0.004431,0.001624,0.386757,6.449909,0.012939,0.017872,6.962135,0,0
0,20,36,put the white mug on the left plate and put the yellow and white mug on the right plate,FULL_HIT,0.996738,0.004792,0.001784,0.382182,6.485089,0.012143,0.005505,6.979536,0,0
0,20,37,put the white mug on the left plate and put the yellow and white mug on the right plate,FULL_HIT,0.996156,0.004630,0.001744,0.374565,6.476887,0.012585,0.005322,6.966751,0,0
0,20,38,put the white mug on the left plate and put the yellow and white mug on the right plate,FULL_HIT,0.996523,0.004493,0.001984,0.380683,6.460756,0.012248,0.005950,6.961554,0,0
0,20,39,put the white mug on the left plate and put the yellow and white mug on the right plate,FULL_HIT,0.997489,0.004538,0.001744,0.387340,6.502528,0.012564,0.005867,7.011907,0,0
0,20,40,put the white mug on the left plate and put the yellow and white mug on the right plate,FULL_HIT,0.998019,0.004604,0.001573,0.384383,6.430122,0.013130,0.005230,6.930956,0,0
0,20,41,put the white mug on the left plate and put the yellow and white mug on the right plate,FULL_HIT,0.998397,0.004650,0.001627,0.380190,6.469779,0.013049,0.005750,6.964396,0,0
0,20,42,put the white mug on the left plate and put the yellow and white mug on the right plate,FULL_HIT,0.998504,0.004642,0.001662,0.382706,6.445836,0.012748,0.005286,6.942688,0,0
0,20,43,put the white mug on the left plate and put the yellow and white mug on the right plate,FULL_HIT,0.998291,0.004510,0.001738,0.386524,6.485966,0.012036,0.004948,6.985753,0,0
0,20,44,put the white mug on the left plate and put the yellow and white mug on the right plate,FULL_HIT,0.997878,0.004776,0.002004,0.378653,6.448172,0.012907,0.005883,6.941201,0,0
0,20,45,put the white mug on the left plate and put the yellow and white mug on the right plate,FULL_HIT,0.998006,0.004983,0.001696,0.396218,6.458495,0.012470,0.006215,6.970161,0,0
0,21,0,put the white mug on the left plate and put the yellow and white mug on the right plate,FULL_HIT,0.998870,0.004430,0.001718,1.116470,6.580521,0.012317,0.005454,7.815603,0,0
0,21,1,put the white mug on the left plate and put the yellow and white mug on the right plate,FULL_HIT,0.998853,0.004523,0.001831,0.403516,7.253406,0.012336,0.005655,7.769876,0,0
0,21,2,put the white mug on the left plate and put the yellow and white mug on the right plate,FULL_HIT,0.998827,0.004530,0.001643,0.383994,6.585340,0.012761,0.005503,7.083434,0,0
0,21,3,put the white mug on the left plate and put the yellow and white mug on the right plate,FULL_HIT,0.998827,0.004805,0.001684,0.414831,6.641143,0.018500,0.004891,7.176327,0,0
0,21,4,put the white mug on the left plate and put the yellow and white mug on the right plate,FULL_HIT,0.998827,0.004760,0.002029,0.492280,7.087715,0.013265,0.014779,7.728199,0,0
0,21,5,put the white mug on the left plate and put the yellow and white mug on the right plate,FULL_HIT,0.998807,0.004890,0.002119,0.444520,6.663856,0.013393,0.005410,7.224893,0,0
0,21,6,put the white mug on the left plate and put the yellow and white mug on the right plate,FULL_HIT,0.998782,0.004442,0.001714,0.430025,6.511178,0.012800,0.005415,7.056939,0,0
0,21,7,put the white mug on the left plate and put the yellow and white mug on the right plate,FULL_HIT,0.998776,0.004621,0.001671,0.399673,6.572692,0.012192,0.005047,7.084370,0,0
0,21,8,put the white mug on the left plate and put the yellow and white mug on the right plate,FULL_HIT,0.998782,0.004697,0.001730,0.390492,6.578329,0.012613,0.005589,7.084320,0,0
0,21,9,put the white mug on the left plate and put the yellow and white mug on the right plate,FULL_HIT,0.998268,0.004332,0.001745,0.384824,6.511559,0.012504,0.005869,7.007669,0,0
0,21,10,put the white mug on the left plate and put the yellow and white mug on the right plate,FULL_HIT,0.998407,0.004653,0.001733,0.394108,6.825601,0.013916,0.006120,7.339879,0,0
0,21,11,put the white mug on the left plate and put the yellow and white mug on the right plate,FULL_HIT,0.998375,0.005378,0.001877,0.435055,6.990888,0.013049,0.005864,7.548518,0,0
0,21,12,put the white mug on the left plate and put the yellow and white mug on the right plate,FULL_HIT,0.998364,0.004494,0.001671,0.380924,6.722851,0.012587,0.005404,7.213681,0,0
0,21,13,put the white mug on the left plate and put the yellow and white mug on the right plate,FULL_HIT,0.998328,0.004982,0.001760,0.385703,6.539028,0.012762,0.005127,7.039487,0,0
0,21,14,put the white mug on the left plate and put the yellow and white mug on the right plate,FULL_HIT,0.998098,0.004973,0.001586,0.384083,6.603637,0.012625,0.005279,7.101763,0,0
0,21,15,put the white mug on the left plate and put the yellow and white mug on the right plate,FULL_HIT,0.997972,0.005030,0.001787,0.392568,6.501730,0.012625,0.005445,7.007558,0,0
0,21,16,put the white mug on the left plate and put the yellow and white mug on the right plate,FULL_HIT,0.997654,0.005196,0.001834,0.392696,6.480033,0.013241,0.018874,7.002333,0,0
0,21,17,put the white mug on the left plate and put the yellow and white mug on the right plate,FULL_HIT,0.998012,0.004581,0.001873,0.382704,6.473097,0.012761,0.017988,6.982663,0,0
0,21,18,put the white mug on the left plate and put the yellow and white mug on the right plate,FULL_HIT,0.998022,0.005205,0.001750,0.398082,6.502685,0.013384,0.019130,7.046490,0,0
0,21,19,put the white mug on the left plate and put the yellow and white mug on the right plate,FULL_HIT,0.997967,0.004901,0.001654,0.394099,6.546226,0.013218,0.005351,7.053970,0,0
0,21,20,put the white mug on the left plate and put the yellow and white mug on the right plate,FULL_HIT,0.997985,0.005031,0.001683,0.387527,6.498677,0.013613,0.005362,7.001023,0,0
0,21,21,put the white mug on the left plate and put the yellow and white mug on the right plate,FULL_HIT,0.998011,0.005396,0.001625,0.390009,6.610069,0.012750,0.005500,7.115064,0,0
0,21,22,put the white mug on the left plate and put the yellow and white mug on the right plate,FULL_HIT,0.998486,0.004879,0.001665,0.385291,6.497779,0.013071,0.019297,7.028023,0,0
0,21,23,put the white mug on the left plate and put the yellow and white mug on the right plate,FULL_HIT,0.998555,0.004584,0.001614,0.396837,6.520259,0.013323,0.005305,7.029940,0,0
0,21,24,put the white mug on the left plate and put the yellow and white mug on the right plate,FULL_HIT,0.998579,0.004553,0.001850,0.406963,6.694625,0.013258,0.005098,7.218868,0,0
0,21,25,put the white mug on the left plate and put the yellow and white mug on the right plate,FULL_HIT,0.998570,0.004615,0.001947,0.383023,6.477794,0.013427,0.004862,6.984184,0,0
0,21,26,put the white mug on the left plate and put the yellow and white mug on the right plate,FULL_HIT,0.998507,0.004383,0.001653,0.387473,6.449326,0.012752,0.004984,6.949374,0,0
0,21,27,put the white mug on the left plate and put the yellow and white mug on the right plate,FULL_HIT,0.998468,0.004483,0.001614,0.390006,7.128129,0.012513,0.005600,7.631788,0,0
0,21,28,put the white mug on the left plate and put the yellow and white mug on the right plate,FULL_HIT,0.998473,0.004719,0.001637,0.398614,6.490576,0.012601,0.005174,7.003019,0,0
0,21,29,put the white mug on the left plate and put the yellow and white mug on the right plate,FULL_HIT,0.998490,0.004771,0.001668,0.385677,6.556159,0.012818,0.005904,7.056225,0,0
0,21,30,put the white mug on the left plate and put the yellow and white mug on the right plate,FULL_HIT,0.998524,0.004556,0.001740,0.383148,6.586383,0.013374,0.004859,7.086984,0,0
0,21,31,put the white mug on the left plate and put the yellow and white mug on the right plate,FULL_HIT,0.998581,0.004566,0.001741,0.390206,6.476872,0.012714,0.005516,6.980826,0,0
0,21,32,put the white mug on the left plate and put the yellow and white mug on the right plate,FULL_HIT,0.998626,0.004555,0.001609,0.393369,6.454169,0.012802,0.004905,6.962664,0,0
0,21,33,put the white mug on the left plate and put the yellow and white mug on the right plate,FULL_HIT,0.998605,0.004391,0.001601,0.393282,6.529141,0.012347,0.005365,7.034160,0,0
0,21,34,put the white mug on the left plate and put the yellow and white mug on the right plate,FULL_HIT,0.998520,0.005066,0.001790,0.377709,6.493453,0.012256,0.005291,6.983949,0,0
0,21,35,put the white mug on the left plate and put the yellow and white mug on the right plate,FULL_HIT,0.998567,0.004631,0.001667,0.376796,6.442825,0.012848,0.005628,6.932977,0,0
0,21,36,put the white mug on the left plate and put the yellow and white mug on the right plate,FULL_HIT,0.998426,0.004489,0.001718,0.399502,6.459888,0.012434,0.005058,6.971367,0,0
0,21,37,put the white mug on the left plate and put the yellow and white mug on the right plate,FULL_HIT,0.998473,0.004480,0.007188,0.378060,6.428194,0.013524,0.005347,6.925713,0,0
0,21,38,put the white mug on the left plate and put the yellow and white mug on the right plate,FULL_HIT,0.998536,0.004598,0.001731,0.379397,6.472107,0.012404,0.005463,6.966452,0,0
0,21,39,put the white mug on the left plate and put the yellow and white mug on the right plate,FULL_HIT,0.998561,0.004539,0.001691,0.385158,6.462247,0.013305,0.005007,6.972821,0,0
0,21,40,put the white mug on the left plate and put the yellow and white mug on the right plate,FULL_HIT,0.998597,0.004729,0.001719,0.391419,6.523311,0.012751,0.005754,7.033650,0,0
0,21,41,put the white mug on the left plate and put the yellow and white mug on the right plate,FULL_HIT,0.998608,0.004364,0.001809,0.390428,6.472550,0.013352,0.005072,6.976581,0,0
0,21,42,put the white mug on the left plate and put the yellow and white mug on the right plate,FULL_HIT,0.998650,0.004637,0.001669,0.394993,6.494476,0.012604,0.005426,7.003495,0,0
0,21,43,put the white mug on the left plate and put the yellow and white mug on the right plate,FULL_HIT,0.998466,0.004555,0.001704,0.388360,6.451176,0.013286,0.005451,6.952482,0,0
0,21,44,put the white mug on the left plate and put the yellow and white mug on the right plate,FULL_HIT,0.998411,0.004421,0.001777,0.378422,6.535285,0.013150,0.005363,7.032723,0,0
0,22,0,put the white mug on the left plate and put the yellow and white mug on the right plate,FULL_HIT,0.998868,0.004483,0.001977,1.100119,6.572026,0.011807,0.005538,7.796828,0,0
0,22,1,put the white mug on the left plate and put the yellow and white mug on the right plate,FULL_HIT,0.998858,0.004396,0.001664,0.393451,6.538139,0.013295,0.005650,7.046848,0,0
0,22,2,put the white mug on the left plate and put the yellow and white mug on the right plate,FULL_HIT,0.998809,0.004377,0.001685,0.410526,6.533953,0.013264,0.005316,7.058457,0,0
0,22,3,put the white mug on the left plate and put the yellow and white mug on the right plate,FULL_HIT,0.998752,0.004428,0.001659,0.391669,6.562331,0.012388,0.006055,7.067930,0,0
0,22,4,put the white mug on the left plate and put the yellow and white mug on the right plate,FULL_HIT,0.998779,0.004705,0.001667,0.386833,6.618555,0.012877,0.005657,7.135057,0,0
0,22,5,put the white mug on the left plate and put the yellow and white mug on the right plate,FULL_HIT,0.998786,0.004476,0.001641,0.386960,6.484232,0.012323,0.005052,6.981099,0,0
0,22,6,put the white mug on the left plate and put the yellow and white mug on the right plate,FULL_HIT,0.998727,0.004979,0.001685,0.395314,6.587608,0.011934,0.026654,7.115714,0,0
0,22,7,put the white mug on the left plate and put the yellow and white mug on the right plate,FULL_HIT,0.998708,0.004520,0.001795,0.409316,6.534003,0.013949,0.005616,7.059174,0,0
0,22,8,put the white mug on the left plate and put the yellow and white mug on the right plate,FULL_HIT,0.998664,0.004438,0.001812,0.401710,6.605939,0.012803,0.005546,7.130468,0,0
0,22,9,put the white mug on the left plate and put the yellow and white mug on the right plate,FULL_HIT,0.998634,0.004439,0.001802,0.407755,6.558281,0.013723,0.005391,7.083484,0,0
0,22,10,put the white mug on the left plate and put the yellow and white mug on the right plate,FULL_HIT,0.998160,0.004435,0.001789,0.393692,6.537073,0.013081,0.005729,7.045044,0,0
0,22,11,put the white mug on the left plate and put the yellow and white mug on the right plate,FULL_HIT,0.997960,0.004625,0.001750,0.396985,6.483685,0.013461,0.005690,6.996776,0,0
0,22,12,put the white mug on the left plate and put the yellow and white mug on the right plate,FULL_HIT,0.997946,0.004652,0.001662,0.384432,6.500287,0.013608,0.005180,6.998205,0,0
0,22,13,put the white mug on the left plate and put the yellow and white mug on the right plate,FULL_HIT,0.998036,0.004496,0.001873,0.397153,6.513815,0.013089,0.019987,7.040083,0,0
0,22,14,put the white mug on the left plate and put the yellow and white mug on the right plate,FULL_HIT,0.998134,0.004576,0.001749,0.395882,6.495494,0.012522,0.005213,7.005496,0,0
0,22,15,put the white mug on the left plate and put the yellow and white mug on the right plate,FULL_HIT,0.998011,0.004438,0.001737,0.393436,6.482433,0.012323,0.005393,6.988780,0,0
0,22,16,put the white mug on the left plate and put the yellow and white mug on the right plate,FULL_HIT,0.997990,0.004773,0.001677,0.380612,6.484833,0.012556,0.005369,6.979676,0,0
0,22,17,put the white mug on the left plate and put the yellow and white mug on the right plate,FULL_HIT,0.997779,0.004746,0.001664,0.395028,6.487712,0.012637,0.005778,6.997386,0,0
0,22,18,put the white mug on the left plate and put the yellow and white mug on the right plate,FULL_HIT,0.997752,0.004622,0.001652,0.398474,6.440416,0.013003,0.005112,6.954755,0,0
0,22,19,put the white mug on the left plate and put the yellow and white mug on the right plate,FULL_HIT,0.997635,0.005293,0.001746,0.384902,6.499997,0.012584,0.017496,7.012417,0,0
0,22,20,put the white mug on the left plate and put the yellow and white mug on the right plate,FULL_HIT,0.997589,0.004532,0.001630,0.383970,6.612666,0.013160,0.005251,7.112590,0,0
0,22,21,put the white mug on the left plate and put the yellow and white mug on the right plate,FULL_HIT,0.997697,0.004288,0.001722,0.389818,6.508651,0.012668,0.005333,7.011071,0,0
0,22,22,put the white mug on the left plate and put the yellow and white mug on the right plate,FULL_HIT,0.997594,0.004875,0.001792,0.383663,6.489629,0.012550,0.005680,6.985882,0,0
0,22,23,put the white mug on the left plate and put the yellow and white mug on the right plate,FULL_HIT,0.997461,0.004801,0.001710,0.388279,6.525312,0.013751,0.005721,7.028621,0,0
0,22,24,put the white mug on the left plate and put the yellow and white mug on the right plate,FULL_HIT,0.997503,0.004652,0.001645,0.402144,6.588819,0.013002,0.005428,7.104710,0,0
0,22,25,put the white mug on the left plate and put the yellow and white mug on the right plate,FULL_HIT,0.997430,0.004465,0.001698,0.390182,6.446257,0.013275,0.005754,6.952584,0,0
0,22,26,put the white mug on the left plate and put the yellow and white mug on the right plate,FULL_HIT,0.997166,0.004390,0.001669,0.389488,6.518644,0.013576,0.005122,7.022895,0,0
0,22,27,put the white mug on the left plate and put the yellow and white mug on the right plate,FULL_HIT,0.996709,0.004951,0.001663,0.386848,6.519378,0.012656,0.005471,7.019310,0,0
0,22,28,put the white mug on the left plate and put the yellow and white mug on the right plate,FULL_HIT,0.996147,0.004503,0.001777,0.390333,6.544924,0.013111,0.005927,7.049515,0,0
0,22,29,put the white mug on the left plate and put the yellow and white mug on the right plate,FULL_HIT,0.995693,0.004450,0.001657,0.382745,6.848954,0.013564,0.005087,7.345289,0,0
0,22,30,put the white mug on the left plate and put the yellow and white mug on the right plate,FULL_HIT,0.996235,0.004631,0.001709,0.383246,7.318966,0.013221,0.005730,7.821448,0,0
0,22,31,put the white mug on the left plate and put the yellow and white mug on the right plate,FULL_HIT,0.997299,0.005105,0.001891,0.464256,6.787027,0.013565,0.005780,7.374127,0,0
0,22,32,put the white mug on the left plate and put the yellow and white mug on the right plate,FULL_HIT,0.997446,0.004879,0.001869,0.426719,6.669999,0.013607,0.005500,7.232786,0,0
0,22,33,put the white mug on the left plate and put the yellow and white mug on the right plate,FULL_HIT,0.996975,0.005013,0.001559,0.379542,6.657854,0.013342,0.005498,7.151560,0,0
0,22,34,put the white mug on the left plate and put the yellow and white mug on the right plate,FULL_HIT,0.997769,0.004634,0.001711,0.401615,6.602104,0.012951,0.005140,7.117744,0,0
0,22,35,put the white mug on the left plate and put the yellow and white mug on the right plate,FULL_HIT,0.998117,0.004608,0.001764,0.382502,6.432551,0.012730,0.005192,6.927767,0,0
0,22,36,put the white mug on the left plate and put the yellow and white mug on the right plate,FULL_HIT,0.998069,0.004578,0.002295,0.379239,6.420599,0.013386,0.005168,6.925393,0,0
0,22,37,put the white mug on the left plate and put the yellow and white mug on the right plate,FULL_HIT,0.998158,0.004342,0.001735,0.386903,6.432393,0.013888,0.005132,6.933735,0,0
0,22,38,put the white mug on the left plate and put the yellow and white mug on the right plate,FULL_HIT,0.998121,0.004843,0.001769,0.390442,6.459144,0.012186,0.005166,6.968422,0,0
0,22,39,put the white mug on the left plate and put the yellow and white mug on the right plate,FULL_HIT,0.998051,0.004625,0.001861,0.385067,6.555725,0.013279,0.005410,7.056797,0,0
0,22,40,put the white mug on the left plate and put the yellow and white mug on the right plate,FULL_HIT,0.997914,0.004373,0.001811,0.385618,6.719575,0.012148,0.005623,7.222324,0,0
0,22,41,put the white mug on the left plate and put the yellow and white mug on the right plate,FULL_HIT,0.997995,0.004752,0.001775,0.419889,6.593232,0.012562,0.005980,7.131123,0,0
0,22,42,put the white mug on the left plate and put the yellow and white mug on the right plate,FULL_HIT,0.997936,0.004524,0.001691,0.384330,6.521771,0.012360,0.005172,7.019442,0,0
0,23,0,put the white mug on the left plate and put the yellow and white mug on the right plate,FULL_HIT,0.998868,0.004241,0.001761,1.113754,6.575319,0.011917,0.005177,7.803086,0,0
0,23,1,put the white mug on the left plate and put the yellow and white mug on the right plate,FULL_HIT,0.998850,0.004412,0.001715,0.394597,6.506471,0.012731,0.005365,7.017278,0,0
0,23,2,put the white mug on the left plate and put the yellow and white mug on the right plate,FULL_HIT,0.998822,0.004234,0.001605,0.391862,6.553744,0.013631,0.005241,7.060502,0,0
0,23,3,put the white mug on the left plate and put the yellow and white mug on the right plate,FULL_HIT,0.998820,0.004731,0.001689,0.396189,6.621292,0.013302,0.005300,7.132109,0,0
0,23,4,put the white mug on the left plate and put the yellow and white mug on the right plate,FULL_HIT,0.998808,0.004863,0.001698,0.390716,6.520612,0.012778,0.005151,7.025700,0,0
0,23,5,put the white mug on the left plate and put the yellow and white mug on the right plate,FULL_HIT,0.998739,0.004813,0.001655,0.438597,6.481953,0.012755,0.019933,7.050275,0,0
0,23,6,put the white mug on the left plate and put the yellow and white mug on the right plate,FULL_HIT,0.998757,0.005347,0.001663,0.391748,6.520235,0.012733,0.005329,7.028298,0,0
0,23,7,put the white mug on the left plate and put the yellow and white mug on the right plate,FULL_HIT,0.998755,0.004435,0.001797,0.384038,6.668417,0.011949,0.005466,7.160515,0,0
0,23,8,put the white mug on the left plate and put the yellow and white mug on the right plate,FULL_HIT,0.998784,0.005156,0.001629,0.388268,6.544653,0.012180,0.005909,7.047224,0,0
0,23,9,put the white mug on the left plate and put the yellow and white mug on the right plate,FULL_HIT,0.998791,0.004880,0.001579,0.389799,6.618542,0.012203,0.005552,7.131456,0,0
0,23,10,put the white mug on the left plate and put the yellow and white mug on the right plate,FULL_HIT,0.998603,0.004820,0.001919,0.382823,6.494242,0.012330,0.005872,6.988228,0,0
0,23,11,put the white mug on the left plate and put the yellow and white mug on the right plate,FULL_HIT,0.998693,0.004855,0.001716,0.419132,6.590535,0.013311,0.005741,7.152373,0,0
0,23,12,put the white mug on the left plate and put the yellow and white mug on the right plate,FULL_HIT,0.998694,0.004782,0.001671,0.389541,6.597836,0.012908,0.005587,7.117821,0,0
0,23,13,put the white mug on the left plate and put the yellow and white mug on the right plate,FULL_HIT,0.998672,0.004608,0.001740,0.391298,6.495899,0.013746,0.005087,7.003517,0,0
0,23,14,put the white mug on the left plate and put the yellow and white mug on the right plate,FULL_HIT,0.998656,0.004906,0.001624,0.383369,6.536127,0.013026,0.005546,7.034503,0,0
0,23,15,put the white mug on the left plate and put the yellow and white mug on the right plate,FULL_HIT,0.998686,0.004554,0.001732,0.394111,6.548171,0.013193,0.020372,7.073765,0,0
0,23,16,put the white mug on the left plate and put the yellow and white mug on the right plate,FULL_HIT,0.998728,0.004986,0.001739,0.385850,6.485834,0.013484,0.005082,6.995113,0,0
0,23,17,put the white mug on the left plate and put the yellow and white mug on the right plate,FULL_HIT,0.998724,0.005273,0.001714,0.398246,6.496626,0.012784,0.005195,7.007644,0,0
0,23,18,put the white mug on the left plate and put the yellow and white mug on the right plate,FULL_HIT,0.998694,0.004868,0.001672,0.389604,6.496700,0.012335,0.005800,6.999843,0,0
0,23,19,put the white mug on the left plate and put the yellow and white mug on the right plate,FULL_HIT,0.998723,0.004816,0.001719,0.390980,6.523757,0.011938,0.018412,7.040077,0,0
0,23,20,put the white mug on the left plate and put the yellow and white mug on the right plate,FULL_HIT,0.998652,0.004474,0.001761,0.383735,6.589030,0.013249,0.005420,7.099636,0,0
0,23,21,put the white mug on the left plate and put the yellow and white mug on the right plate,FULL_HIT,0.998455,0.004807,0.001837,0.389027,6.589078,0.012688,0.005427,7.093474,0,0
0,23,22,put the white mug on the left plate and put the yellow and white mug on the right plate,FULL_HIT,0.997296,0.004662,0.001790,0.381039,6.680259,0.012769,0.017762,7.188731,0,0
0,23,23,put the white mug on the left plate and put the yellow and white mug on the right plate,FULL_HIT,0.998716,0.004679,0.001759,0.388493,6.486736,0.013210,0.017322,7.000746,0,0
0,23,24,put the white mug on the left plate and put the yellow and white mug on the right plate,FULL_HIT,0.998732,0.004645,0.001797,0.398123,6.678677,0.012425,0.006277,7.192736,0,0
0,23,25,put the white mug on the left plate and put the yellow and white mug on the right plate,FULL_HIT,0.998738,0.004992,0.001800,0.403428,6.768953,0.013229,0.004951,7.295015,0,0
0,23,26,put the white mug on the left plate and put the yellow and white mug on the right plate,FULL_HIT,0.998731,0.004742,0.001805,0.416114,6.868916,0.012901,0.005285,7.401788,0,0
0,23,27,put the white mug on the left plate and put the yellow and white mug on the right plate,FULL_HIT,0.998698,0.004430,0.001622,0.404215,6.739048,0.012860,0.004815,7.257537,0,0
0,23,28,put the white mug on the left plate and put the yellow and white mug on the right plate,FULL_HIT,0.998698,0.004660,0.001560,0.387043,6.537822,0.013229,0.004806,7.040173,0,0
0,23,29,put the white mug on the left plate and put the yellow and white mug on the right plate,FULL_HIT,0.998703,0.004298,0.001578,0.379095,6.554707,0.013315,0.005447,7.048067,0,0
0,23,30,put the white mug on the left plate and put the yellow and white mug on the right plate,FULL_HIT,0.998697,0.004707,0.001712,0.407688,6.564735,0.012272,0.005128,7.086776,0,0
0,23,31,put the white mug on the left plate and put the yellow and white mug on the right plate,FULL_HIT,0.998693,0.004569,0.001646,0.413968,6.774035,0.012521,0.004793,7.301379,0,0
0,23,32,put the white mug on the left plate and put the yellow and white mug on the right plate,FULL_HIT,0.998713,0.004734,0.001739,0.419993,6.768860,0.012768,0.006017,7.306133,0,0
0,23,33,put the white mug on the left plate and put the yellow and white mug on the right plate,FULL_HIT,0.998712,0.004634,0.001740,0.411570,6.705477,0.019948,0.005772,7.238903,0,0
0,23,34,put the white mug on the left plate and put the yellow and white mug on the right plate,FULL_HIT,0.998598,0.004741,0.001762,0.497239,6.788833,0.012105,0.016741,7.412523,0,0
0,23,35,put the white mug on the left plate and put the yellow and white mug on the right plate,FULL_HIT,0.998559,0.004792,0.001767,0.427201,6.743748,0.013196,0.005423,7.287307,0,0
0,23,36,put the white mug on the left plate and put the yellow and white mug on the right plate,FULL_HIT,0.998403,0.004720,0.001834,0.402123,6.574200,0.012710,0.005107,7.093066,0,0
0,23,37,put the white mug on the left plate and put the yellow and white mug on the right plate,FULL_HIT,0.998534,0.004849,0.001558,0.381968,6.534806,0.012273,0.005294,7.057688,0,0
0,23,38,put the white mug on the left plate and put the yellow and white mug on the right plate,FULL_HIT,0.998563,0.004500,0.001725,0.406746,6.544005,0.013170,0.005074,7.065836,0,0
0,23,39,put the white mug on the left plate and put the yellow and white mug on the right plate,FULL_HIT,0.998587,0.004684,0.001734,0.387940,6.462005,0.013769,0.005409,6.964764,0,0
0,23,40,put the white mug on the left plate and put the yellow and white mug on the right plate,FULL_HIT,0.998617,0.004472,0.001703,0.381540,6.454672,0.012351,0.005557,6.949101,0,0
0,23,41,put the white mug on the left plate and put the yellow and white mug on the right plate,FULL_HIT,0.998623,0.004751,0.001665,0.383610,6.566712,0.012824,0.017484,7.076048,0,0
0,23,42,put the white mug on the left plate and put the yellow and white mug on the right plate,FULL_HIT,0.998592,0.004722,0.001776,0.388489,6.671182,0.012313,0.005727,7.176002,0,0
0,23,43,put the white mug on the left plate and put the yellow and white mug on the right plate,FULL_HIT,0.998564,0.004231,0.001650,0.377341,6.516047,0.013837,0.005151,7.009129,0,0
0,24,0,put the white mug on the left plate and put the yellow and white mug on the right plate,FULL_HIT,0.998869,0.004663,0.001686,1.098450,6.587421,0.013316,0.005212,7.804388,0,0
0,24,1,put the white mug on the left plate and put the yellow and white mug on the right plate,FULL_HIT,0.998859,0.004263,0.001731,0.390810,6.555619,0.012869,0.006177,7.060444,0,0
0,24,2,put the white mug on the left plate and put the yellow and white mug on the right plate,FULL_HIT,0.998855,0.004534,0.001688,0.406873,6.540689,0.013429,0.005252,7.061049,0,0
0,24,3,put the white mug on the left plate and put the yellow and white mug on the right plate,FULL_HIT,0.998846,0.004371,0.001690,0.395798,6.492914,0.012746,0.005982,7.014492,0,0
0,24,4,put the white mug on the left plate and put the yellow and white mug on the right plate,FULL_HIT,0.998832,0.004324,0.001677,0.391506,6.528317,0.012613,0.005278,7.032539,0,0
0,24,5,put the white mug on the left plate and put the yellow and white mug on the right plate,FULL_HIT,0.998828,0.004589,0.001644,0.385483,6.524966,0.015184,0.005274,7.026865,0,0
0,24,6,put the white mug on the left plate and put the yellow and white mug on the right plate,FULL_HIT,0.998818,0.004552,0.001746,0.396749,6.509004,0.012468,0.005300,7.035527,0,0
0,24,7,put the white mug on the left plate and put the yellow and white mug on the right plate,FULL_HIT,0.998822,0.004535,0.001683,0.391854,6.565709,0.012541,0.005417,7.070241,0,0
0,24,8,put the white mug on the left plate and put the yellow and white mug on the right plate,FULL_HIT,0.998825,0.004790,0.001664,0.397824,6.492151,0.012148,0.005005,7.000364,0,0
0,24,9,put the white mug on the left plate and put the yellow and white mug on the right plate,FULL_HIT,0.998802,0.004372,0.001731,0.390453,6.484739,0.012967,0.005962,6.988324,0,0
0,24,10,put the white mug on the left plate and put the yellow and white mug on the right plate,FULL_HIT,0.998804,0.004379,0.001671,0.386322,6.705521,0.012794,0.005468,7.204476,0,0
0,24,11,put the white mug on the left plate and put the yellow and white mug on the right plate,FULL_HIT,0.998258,0.004560,0.001667,0.384031,6.525998,0.013052,0.005211,7.023103,0,0
0,24,12,put the white mug on the left plate and put the yellow and white mug on the right plate,FULL_HIT,0.998268,0.004574,0.001586,0.391993,6.527711,0.012390,0.005573,7.031531,0,0
0,24,13,put the white mug on the left plate and put the yellow and white mug on the right plate,FULL_HIT,0.998304,0.004798,0.001822,0.443901,6.749188,0.012643,0.005632,7.314782,0,0
0,24,14,put the white mug on the left plate and put the yellow and white mug on the right plate,FULL_HIT,0.998297,0.004343,0.001595,0.410066,6.696692,0.013417,0.005324,7.222568,0,0
0,24,15,put the white mug on the left plate and put the yellow and white mug on the right plate,FULL_HIT,0.998339,0.004331,0.001663,0.394148,6.493408,0.013190,0.005208,7.010267,0,0
0,24,16,put the white mug on the left plate and put the yellow and white mug on the right plate,FULL_HIT,0.998418,0.004574,0.001867,0.383624,6.535857,0.011867,0.018248,7.047548,0,0
0,24,17,put the white mug on the left plate and put the yellow and white mug on the right plate,FULL_HIT,0.998451,0.004575,0.001648,0.381853,6.509546,0.013146,0.005563,7.003837,0,0
0,24,18,put the white mug on the left plate and put the yellow and white mug on the right plate,FULL_HIT,0.998425,0.004350,0.001651,0.397431,6.474493,0.012627,0.005053,6.985863,0,0
0,24,19,put the white mug on the left plate and put the yellow and white mug on the right plate,FULL_HIT,0.998224,0.004671,0.001952,0.393628,6.480495,0.011555,0.005144,6.987314,0,0
0,24,20,put the white mug on the left plate and put the yellow and white mug on the right plate,FULL_HIT,0.996615,0.004587,0.001765,0.382024,6.517690,0.012802,0.006061,7.013670,0,0
0,24,21,put the white mug on the left plate and put the yellow and white mug on the right plate,FULL_HIT,0.997773,0.004385,0.002360,0.400940,6.496306,0.013018,0.005724,7.012817,0,0
0,24,22,put the white mug on the left plate and put the yellow and white mug on the right plate,FULL_HIT,0.998396,0.004432,0.001711,0.380784,6.496396,0.013583,0.005924,6.990793,0,0
0,24,23,put the white mug on the left plate and put the yellow and white mug on the right plate,FULL_HIT,0.998447,0.013864,0.001721,0.383079,6.515666,0.013854,0.005092,7.030971,0,0
0,24,24,put the white mug on the left plate and put the yellow and white mug on the right plate,FULL_HIT,0.998450,0.004454,0.001877,0.399175,6.524110,0.012547,0.005162,7.041106,0,0
0,24,25,put the white mug on the left plate and put the yellow and white mug on the right plate,FULL_HIT,0.998472,0.004193,0.001696,0.382251,6.517248,0.011544,0.005595,7.012068,0,0
0,24,26,put the white mug on the left plate and put the yellow and white mug on the right plate,FULL_HIT,0.998511,0.004291,0.001640,0.392634,6.453900,0.012832,0.005508,6.959644,0,0
0,24,27,put the white mug on the left plate and put the yellow and white mug on the right plate,FULL_HIT,0.998562,0.004468,0.001726,0.387433,6.486479,0.012285,0.004812,6.985372,0,0
0,24,28,put the white mug on the left plate and put the yellow and white mug on the right plate,FULL_HIT,0.998631,0.004536,0.001693,0.397908,6.570512,0.013071,0.012832,7.091076,0,0
0,24,29,put the white mug on the left plate and put the yellow and white mug on the right plate,FULL_HIT,0.998669,0.004622,0.001676,0.393830,6.506897,0.012775,0.005636,7.013960,0,0
0,24,30,put the white mug on the left plate and put the yellow and white mug on the right plate,FULL_HIT,0.998654,0.004448,0.001719,0.383010,6.501811,0.013206,0.005342,7.000843,0,0
0,24,31,put the white mug on the left plate and put the yellow and white mug on the right plate,FULL_HIT,0.998622,0.004623,0.001728,0.387695,6.490014,0.013683,0.005023,6.998586,0,0
0,24,32,put the white mug on the left plate and put the yellow and white mug on the right plate,FULL_HIT,0.998640,0.004462,0.001855,0.388158,6.489378,0.012062,0.005293,6.991188,0,0
0,24,33,put the white mug on the left plate and put the yellow and white mug on the right plate,FULL_HIT,0.998650,0.004860,0.001697,0.388012,6.479624,0.013291,0.005595,6.981754,0,0
0,24,34,put the white mug on the left plate and put the yellow and white mug on the right plate,FULL_HIT,0.997783,0.004921,0.002022,0.387174,6.466632,0.012077,0.005118,6.976676,0,0
0,24,35,put the white mug on the left plate and put the yellow and white mug on the right plate,FULL_HIT,0.997284,0.004494,0.001683,0.390717,6.479257,0.012551,0.017729,6.999548,0,0
0,24,36,put the white mug on the left plate and put the yellow and white mug on the right plate,FULL_HIT,0.998590,0.004497,0.001904,0.391542,6.563295,0.013343,0.005425,7.082524,0,0
0,24,37,put the white mug on the left plate and put the yellow and white mug on the right plate,FULL_HIT,0.998608,0.004283,0.001652,0.422881,6.512919,0.012158,0.005754,7.050009,0,0
0,24,38,put the white mug on the left plate and put the yellow and white mug on the right plate,FULL_HIT,0.998623,0.004388,0.001691,0.390406,6.493367,0.012421,0.005129,6.998189,0,0
0,24,39,put the white mug on the left plate and put the yellow and white mug on the right plate,FULL_HIT,0.998598,0.004435,0.001601,0.388942,6.473389,0.012621,0.005864,6.976837,0,0
0,24,40,put the white mug on the left plate and put the yellow and white mug on the right plate,FULL_HIT,0.998648,0.004428,0.001836,0.379553,6.450486,0.012181,0.006175,6.957978,0,0
0,24,41,put the white mug on the left plate and put the yellow and white mug on the right plate,FULL_HIT,0.998675,0.004830,0.001676,0.385866,6.572360,0.012677,0.005479,7.080731,0,0
0,25,0,pick up the book and place it in the back compartment of the caddy,FULL_HIT,0.998871,0.004752,0.001760,1.030107,5.824572,0.012252,0.004956,6.967564,0,0
0,25,1,pick up the book and place it in the back compartment of the caddy,FULL_HIT,0.998839,0.004629,0.001710,0.386236,5.811443,0.012113,0.005024,6.308360,0,0
0,25,2,pick up the book and place it in the back compartment of the caddy,FULL_HIT,0.998701,0.004584,0.001580,0.398716,5.763911,0.012592,0.004835,6.273438,0,0
0,25,3,pick up the book and place it in the back compartment of the caddy,FULL_HIT,0.998653,0.005006,0.001711,0.396043,5.734348,0.012508,0.005686,6.246336,0,0
0,25,4,pick up the book and place it in the back compartment of the caddy,FULL_HIT,0.998658,0.004409,0.001724,0.386117,5.843292,0.011664,0.004821,6.338847,0,0
0,25,5,pick up the book and place it in the back compartment of the caddy,FULL_HIT,0.998682,0.004436,0.001727,0.386931,5.738998,0.011850,0.004720,6.235412,0,0
0,25,6,pick up the book and place it in the back compartment of the caddy,FULL_HIT,0.998676,0.004584,0.001743,0.395520,5.777168,0.012560,0.005082,6.285646,0,0
0,25,7,pick up the book and place it in the back compartment of the caddy,FULL_HIT,0.998700,0.005171,0.001811,0.389396,5.800013,0.012157,0.006070,6.301668,0,0
0,25,8,pick up the book and place it in the back compartment of the caddy,FULL_HIT,0.998681,0.005371,0.001723,0.414104,6.038080,0.022750,0.006066,6.577653,0,0
0,25,9,pick up the book and place it in the back compartment of the caddy,FULL_HIT,0.998727,0.005480,0.001944,0.408467,6.435371,0.013578,0.005374,6.961735,0,0
0,25,10,pick up the book and place it in the back compartment of the caddy,FULL_HIT,0.998746,0.010663,0.004508,0.767792,11.698974,0.028205,0.011635,12.719636,0,0
0,25,11,pick up the book and place it in the back compartment of the caddy,FULL_HIT,0.998728,0.011056,0.003585,0.756881,11.727774,0.026752,0.011978,12.738929,0,0
0,25,12,pick up the book and place it in the back compartment of the caddy,FULL_HIT,0.996748,0.010933,0.003853,0.758258,11.538925,0.025687,0.010885,12.542452,0,0
0,25,13,pick up the book and place it in the back compartment of the caddy,FULL_HIT,0.998736,0.005796,0.001908,0.471189,6.191770,0.011581,0.023349,6.806170,0,0
0,25,14,pick up the book and place it in the back compartment of the caddy,FULL_HIT,0.998728,0.005496,0.001514,0.434338,6.142916,0.012449,0.005243,6.692752,0,0
0,25,15,pick up the book and place it in the back compartment of the caddy,FULL_HIT,0.998685,0.005151,0.001770,0.425553,6.105828,0.012535,0.004946,6.642423,0,0
0,25,16,pick up the book and place it in the back compartment of the caddy,FULL_HIT,0.998651,0.004497,0.001769,0.419767,6.017391,0.012248,0.005095,6.550507,0,0
0,25,17,pick up the book and place it in the back compartment of the caddy,FULL_HIT,0.998606,0.004828,0.001845,0.429999,6.087987,0.011788,0.005146,6.629021,0,0
0,25,18,pick up the book and place it in the back compartment of the caddy,FULL_HIT,0.998588,0.004704,0.001687,0.399247,5.909756,0.012088,0.005034,6.420664,0,0
0,25,19,pick up the book and place it in the back compartment of the caddy,FULL_HIT,0.998525,0.004920,0.001695,0.417385,5.889775,0.012329,0.005232,6.427235,0,0
0,25,20,pick up the book and place it in the back compartment of the caddy,FULL_HIT,0.998450,0.004502,0.001674,0.411903,5.845343,0.012260,0.005683,6.368405,0,0
0,25,21,pick up the book and place it in the back compartment of the caddy,FULL_HIT,0.998440,0.004828,0.001797,0.403818,5.805943,0.011833,0.005006,6.318746,0,0
0,25,22,pick up the book and place it in the back compartment of the caddy,FULL_HIT,0.998411,0.004709,0.001713,0.397568,5.755173,0.011977,0.007473,6.291895,0,0
0,25,23,pick up the book and place it in the back compartment of the caddy,FULL_HIT,0.998422,0.004797,0.010323,0.402991,5.910761,0.011752,0.008097,6.444563,0,0
0,25,24,pick up the book and place it in the back compartment of the caddy,FULL_HIT,0.998485,0.004792,0.001569,0.401336,5.778994,0.011891,0.004585,6.300215,0,0
0,25,25,pick up the book and place it in the back compartment of the caddy,FULL_HIT,0.998524,0.004373,0.001694,0.383925,5.901671,0.011784,0.005014,6.413146,0,0
0,25,26,pick up the book and place it in the back compartment of the caddy,FULL_HIT,0.998508,0.004480,0.001809,0.383650,5.768516,0.011288,0.005283,6.276933,0,0
0,25,27,pick up the book and place it in the back compartment of the caddy,FULL_HIT,0.998472,0.012599,0.001786,0.391414,5.823409,0.011870,0.005291,6.339687,0,0
0,25,28,pick up the book and place it in the back compartment of the caddy,FULL_HIT,0.998443,0.004675,0.001656,0.393352,5.744051,0.011275,0.004942,6.250282,0,0
0,25,29,pick up the book and place it in the back compartment of the caddy,FULL_HIT,0.998379,0.004341,0.001596,0.391370,5.854797,0.012226,0.030996,6.386233,0,0
0,25,30,pick up the book and place it in the back compartment of the caddy,FULL_HIT,0.998328,0.004852,0.001847,0.400095,5.748434,0.012440,0.004833,6.267957,0,0
0,25,31,pick up the book and place it in the back compartment of the caddy,FULL_HIT,0.998380,0.004274,0.001716,0.382852,5.803608,0.012241,0.004774,6.300443,0,0
0,25,32,pick up the book and place it in the back compartment of the caddy,FULL_HIT,0.998369,0.004718,0.001706,0.380758,5.729301,0.011581,0.004812,6.224073,0,0
0,25,33,pick up the book and place it in the back compartment of the caddy,FULL_HIT,0.998325,0.004447,0.001862,0.387152,5.738258,0.011208,0.004796,6.250511,0,0
0,25,34,pick up the book and place it in the back compartment of the caddy,FULL_HIT,0.998339,0.004512,0.001667,0.382822,5.720193,0.012089,0.005094,6.216641,0,0
0,26,0,pick up the book and place it in the back compartment of the caddy,FULL_HIT,0.998868,0.004518,0.001910,1.068791,5.776718,0.011708,0.006304,6.982361,0,0
0,26,1,pick up the book and place it in the back compartment of the caddy,FULL_HIT,0.998845,0.004417,0.001956,0.396306,5.768969,0.011861,0.005310,6.279968,0,0
0,26,2,pick up the book and place it in the back compartment of the caddy,FULL_HIT,0.998809,0.004307,0.001701,0.393195,5.746826,0.012027,0.005483,6.251944,0,0
0,26,3,pick up the book and place it in the back compartment of the caddy,FULL_HIT,0.998771,0.004722,0.001693,0.392714,5.713399,0.011821,0.005223,6.232145,0,0
0,26,4,pick up the book and place it in the back compartment of the caddy,FULL_HIT,0.998773,0.004572,0.001833,0.390741,5.777360,0.011534,0.005463,6.281220,0,0
0,26,5,pick up the book and place it in the back compartment of the caddy,FULL_HIT,0.998794,0.004290,0.002328,0.396680,5.710607,0.012345,0.005267,6.222020,0,0
0,26,6,pick up the book and place it in the back compartment of the caddy,FULL_HIT,0.998782,0.004661,0.001768,0.400784,5.749348,0.012268,0.005262,6.275224,0,0
0,26,7,pick up the book and place it in the back compartment of the caddy,FULL_HIT,0.998769,0.004539,0.001944,0.391519,5.704401,0.012134,0.004935,6.210535,0,0
0,26,8,pick up the book and place it in the back compartment of the caddy,FULL_HIT,0.998741,0.004575,0.001689,0.395539,5.736712,0.012067,0.005626,6.249103,0,0
0,26,9,pick up the book and place it in the back compartment of the caddy,FULL_HIT,0.998748,0.004481,0.001972,0.395834,5.777261,0.011752,0.011709,6.292501,0,0
0,26,10,pick up the book and place it in the back compartment of the caddy,FULL_HIT,0.998727,0.004539,0.001765,0.390077,5.740393,0.021170,0.005100,6.254388,0,0
0,26,11,pick up the book and place it in the back compartment of the caddy,FULL_HIT,0.998735,0.004441,0.001745,0.391123,5.816307,0.012995,0.004820,6.333543,0,0
0,26,12,pick up the book and place it in the back compartment of the caddy,FULL_HIT,0.998702,0.004700,0.001741,0.391613,6.202649,0.012931,0.005772,6.718603,0,0
0,26,13,pick up the book and place it in the back compartment of the caddy,FULL_HIT,0.998710,0.004448,0.001731,0.391098,6.322498,0.012156,0.004973,6.827111,0,0
0,26,14,pick up the book and place it in the back compartment of the caddy,FULL_HIT,0.998741,0.004494,0.001770,0.403146,6.400929,0.012819,0.005435,6.939061,0,0
0,26,15,pick up the book and place it in the back compartment of the caddy,FULL_HIT,0.998740,0.004748,0.001685,0.391451,6.025145,0.012707,0.005298,6.529754,0,0
0,26,16,pick up the book and place it in the back compartment of the caddy,FULL_HIT,0.997869,0.004614,0.001787,0.389045,5.910891,0.012346,0.005593,6.417908,0,0
0,26,17,pick up the book and place it in the back compartment of the caddy,FULL_HIT,0.997533,0.004862,0.001811,0.425775,5.818220,0.011571,0.004903,6.393246,0,0
0,26,18,pick up the book and place it in the back compartment of the caddy,FULL_HIT,0.998117,0.004694,0.001659,0.431429,5.851633,0.011652,0.005121,6.396919,0,0
0,26,19,pick up the book and place it in the back compartment of the caddy,FULL_HIT,0.998263,0.004650,0.001769,0.409330,5.772752,0.014684,0.005571,6.337483,0,0
0,26,20,pick up the book and place it in the back compartment of the caddy,FULL_HIT,0.997649,0.004599,0.001903,0.399504,5.856081,0.012006,0.005969,6.370478,0,0
0,26,21,pick up the book and place it in the back compartment of the caddy,FULL_HIT,0.997596,0.004413,0.001684,0.412606,5.857351,0.012644,0.005105,6.388533,0,0
0,26,22,pick up the book and place it in the back compartment of the caddy,FULL_HIT,0.998041,0.004529,0.001757,0.383289,5.804770,0.011176,0.004879,6.301317,0,0
0,26,23,pick up the book and place it in the back compartment of the caddy,FULL_HIT,0.998298,0.004669,0.001787,0.385752,5.806614,0.011993,0.005431,6.308183,0,0
0,26,24,pick up the book and place it in the back compartment of the caddy,FULL_HIT,0.998439,0.004782,0.001609,0.392480,5.737402,0.012388,0.007382,6.250880,0,0
0,26,25,pick up the book and place it in the back compartment of the caddy,FULL_HIT,0.998498,0.004608,0.001685,0.396981,5.709687,0.012211,0.005187,6.218909,0,0
0,26,26,pick up the book and place it in the back compartment of the caddy,FULL_HIT,0.998515,0.004549,0.001559,0.396213,5.790636,0.012471,0.004928,6.298448,0,0
0,26,27,pick up the book and place it in the back compartment of the caddy,FULL_HIT,0.998616,0.004724,0.001728,0.390756,5.761166,0.011556,0.004904,6.263982,0,0
0,26,28,pick up the book and place it in the back compartment of the caddy,FULL_HIT,0.998663,0.004440,0.001963,0.384033,5.707694,0.011504,0.004824,6.203219,0,0
0,26,29,pick up the book and place it in the back compartment of the caddy,FULL_HIT,0.998668,0.004698,0.001785,0.384787,5.736478,0.012326,0.004901,6.246317,0,0
0,26,30,pick up the book and place it in the back compartment of the caddy,FULL_HIT,0.998664,0.004554,0.001816,0.395215,5.754393,0.011942,0.004823,6.272098,0,0
0,26,31,pick up the book and place it in the back compartment of the caddy,FULL_HIT,0.998682,0.004397,0.001662,0.390956,5.708561,0.012760,0.005062,6.214387,0,0
0,26,32,pick up the book and place it in the back compartment of the caddy,FULL_HIT,0.998674,0.004577,0.001835,0.399569,5.731519,0.013291,0.005235,6.259296,0,0
0,26,33,pick up the book and place it in the back compartment of the caddy,FULL_HIT,0.998667,0.004410,0.001541,0.397430,5.733797,0.012308,0.005460,6.246866,0,0
0,26,34,pick up the book and place it in the back compartment of the caddy,FULL_HIT,0.998674,0.004749,0.001970,0.399189,5.811854,0.012849,0.005538,6.328082,0,0
0,26,35,pick up the book and place it in the back compartment of the caddy,FULL_HIT,0.998673,0.004495,0.001966,0.423509,5.746233,0.012405,0.004862,6.292502,0,0
0,27,0,pick up the book and place it in the back compartment of the caddy,FULL_HIT,0.998867,0.004264,0.001679,1.057066,5.849509,0.011957,0.009398,7.028055,0,0
0,27,1,pick up the book and place it in the back compartment of the caddy,FULL_HIT,0.998842,0.004256,0.001810,0.391190,5.782675,0.012732,0.016977,6.300777,0,0
0,27,2,pick up the book and place it in the back compartment of the caddy,FULL_HIT,0.998852,0.004908,0.001761,0.403037,5.749680,0.011994,0.005578,6.265273,0,0
0,27,3,pick up the book and place it in the back compartment of the caddy,FULL_HIT,0.998853,0.004612,0.001930,0.403671,5.744401,0.012345,0.005243,6.262218,0,0
0,27,4,pick up the book and place it in the back compartment of the caddy,FULL_HIT,0.998851,0.004467,0.001722,0.393788,5.826184,0.012720,0.005325,6.345810,0,0
0,27,5,pick up the book and place it in the back compartment of the caddy,FULL_HIT,0.998841,0.004599,0.001751,0.383469,5.742721,0.012467,0.019683,6.254988,0,0
0,27,6,pick up the book and place it in the back compartment of the caddy,FULL_HIT,0.998812,0.004407,0.001561,0.392483,5.736616,0.011888,0.005154,6.240402,0,0
0,27,7,pick up the book and place it in the back compartment of the caddy,FULL_HIT,0.998807,0.004545,0.001892,0.391999,5.853719,0.011994,0.005218,6.370985,0,0
0,27,8,pick up the book and place it in the back compartment of the caddy,FULL_HIT,0.998839,0.004624,0.001585,0.399198,5.772901,0.012784,0.005245,6.295200,0,0
0,27,9,pick up the book and place it in the back compartment of the caddy,FULL_HIT,0.998844,0.004487,0.001860,0.397078,5.775980,0.012333,0.005454,6.283999,0,0
0,27,10,pick up the book and place it in the back compartment of the caddy,FULL_HIT,0.998844,0.004582,0.001781,0.436532,5.827057,0.012708,0.005205,6.383647,0,0
0,27,11,pick up the book and place it in the back compartment of the caddy,FULL_HIT,0.998815,0.004658,0.001682,0.398791,5.767066,0.011722,0.005233,6.280481,0,0
0,27,12,pick up the book and place it in the back compartment of the caddy,FULL_HIT,0.998796,0.005578,0.001809,0.458867,5.737198,0.012302,0.005537,6.315847,0,0
0,27,13,pick up the book and place it in the back compartment of the caddy,FULL_HIT,0.998777,0.004866,0.001670,0.396947,5.727681,0.012632,0.004868,6.240019,0,0
0,27,14,pick up the book and place it in the back compartment of the caddy,FULL_HIT,0.998721,0.004602,0.001941,0.388851,5.739600,0.012469,0.005073,6.256336,0,0
0,27,15,pick up the book and place it in the back compartment of the caddy,FULL_HIT,0.998045,0.004530,0.001683,0.391343,5.745094,0.012212,0.005281,6.251176,0,0
0,27,16,pick up the book and place it in the back compartment of the caddy,FULL_HIT,0.997866,0.004530,0.001778,0.385562,5.805780,0.011750,0.005150,6.312050,0,0
0,27,17,pick up the book and place it in the back compartment of the caddy,FULL_HIT,0.995798,0.004637,0.002314,0.386479,5.799071,0.012009,0.005524,6.313682,0,0
0,27,18,pick up the book and place it in the back compartment of the caddy,FULL_HIT,0.998015,0.004529,0.002013,0.394339,6.026933,0.013455,0.006126,6.543383,0,0
0,27,19,pick up the book and place it in the back compartment of the caddy,FULL_HIT,0.997879,0.005068,0.001939,0.414810,6.118172,0.012431,0.017560,6.663798,0,0
0,27,20,pick up the book and place it in the back compartment of the caddy,FULL_HIT,0.997349,0.004595,0.001642,0.389665,5.780577,0.012304,0.005033,6.299815,0,0
0,27,21,pick up the book and place it in the back compartment of the caddy,FULL_HIT,0.997078,0.004526,0.001673,0.387735,5.824109,0.012932,0.005283,6.327361,0,0
0,27,22,pick up the book and place it in the back compartment of the caddy,FULL_HIT,0.997121,0.005107,0.001913,0.434672,5.784761,0.012324,0.005587,6.337436,0,0
0,27,23,pick up the book and place it in the back compartment of the caddy,FULL_HIT,0.997139,0.005333,0.001688,0.390808,5.735540,0.012268,0.005279,6.254810,0,0
0,27,24,pick up the book and place it in the back compartment of the caddy,FULL_HIT,0.997001,0.004707,0.001692,0.399675,5.756346,0.012311,0.004994,6.279166,0,0
0,27,25,pick up the book and place it in the back compartment of the caddy,FULL_HIT,0.996209,0.004614,0.001639,0.390117,5.739097,0.012319,0.005590,6.255554,0,0
0,27,26,pick up the book and place it in the back compartment of the caddy,FULL_HIT,0.995523,0.004760,0.001750,0.391344,5.721802,0.012748,0.005053,6.237776,0,0
0,27,27,pick up the book and place it in the back compartment of the caddy,FULL_HIT,0.996613,0.005179,0.001685,0.399219,5.737821,0.013034,0.005823,6.252872,0,0
0,27,28,pick up the book and place it in the back compartment of the caddy,FULL_HIT,0.996380,0.004663,0.001676,0.398386,5.726976,0.011889,0.007830,6.255628,0,0
0,27,29,pick up the book and place it in the back compartment of the caddy,FULL_HIT,0.997207,0.004944,0.001786,0.393840,5.775732,0.011678,0.006037,6.292268,0,0
0,27,30,pick up the book and place it in the back compartment of the caddy,FULL_HIT,0.997512,0.004829,0.001689,0.397381,5.778558,0.011786,0.005224,6.293133,0,0
0,29,0,pick up the book and place it in the back compartment of the caddy,FULL_HIT,0.998871,0.005194,0.001733,1.089462,5.859769,0.012533,0.005662,7.066313,0,0
0,29,1,pick up the book and place it in the back compartment of the caddy,FULL_HIT,0.998835,0.005087,0.001689,0.407453,5.804584,0.012232,0.005136,6.324932,0,0
0,29,2,pick up the book and place it in the back compartment of the caddy,FULL_HIT,0.998803,0.004704,0.001653,0.398095,5.792865,0.011919,0.004791,6.305375,0,0
0,29,3,pick up the book and place it in the back compartment of the caddy,FULL_HIT,0.998797,0.005237,0.001730,0.408918,5.872901,0.012790,0.005326,6.397877,0,0
0,29,4,pick up the book and place it in the back compartment of the caddy,FULL_HIT,0.998780,0.005293,0.001718,0.395822,5.720185,0.011870,0.005326,6.228629,0,0
0,29,5,pick up the book and place it in the back compartment of the caddy,FULL_HIT,0.998764,0.004724,0.001869,0.394199,5.729459,0.012447,0.005159,6.258705,0,0
0,29,6,pick up the book and place it in the back compartment of the caddy,FULL_HIT,0.998730,0.004617,0.001828,0.403490,5.736245,0.011855,0.005146,6.253289,0,0
0,29,7,pick up the book and place it in the back compartment of the caddy,FULL_HIT,0.998726,0.004638,0.001769,0.384002,5.706924,0.012421,0.007577,6.219124,0,0
0,29,8,pick up the book and place it in the back compartment of the caddy,FULL_HIT,0.998670,0.004468,0.001740,0.398412,5.782779,0.012010,0.005338,6.296419,0,0
0,29,9,pick up the book and place it in the back compartment of the caddy,FULL_HIT,0.998667,0.004594,0.001694,0.410473,5.749797,0.012317,0.004767,6.275377,0,0
0,29,10,pick up the book and place it in the back compartment of the caddy,FULL_HIT,0.997535,0.004291,0.001671,0.389193,5.746199,0.012983,0.005348,6.263706,0,0
0,29,11,pick up the book and place it in the back compartment of the caddy,FULL_HIT,0.998232,0.004641,0.001720,0.386473,5.767483,0.012282,0.009611,6.273252,0,0
0,29,12,pick up the book and place it in the back compartment of the caddy,FULL_HIT,0.997723,0.004338,0.001735,0.398380,5.741575,0.012442,0.004794,6.254655,0,0
0,29,13,pick up the book and place it in the back compartment of the caddy,FULL_HIT,0.997694,0.004897,0.001802,0.410809,5.776758,0.011842,0.005740,6.305037,0,0
0,29,14,pick up the book and place it in the back compartment of the caddy,FULL_HIT,0.997730,0.004701,0.001690,0.396294,5.741184,0.012238,0.005228,6.261075,0,0
0,29,15,pick up the book and place it in the back compartment of the caddy,FULL_HIT,0.997883,0.004372,0.001709,0.400640,5.707317,0.012217,0.004710,6.234941,0,0
0,29,16,pick up the book and place it in the back compartment of the caddy,FULL_HIT,0.998001,0.004556,0.001846,0.391142,5.738622,0.013019,0.005316,6.245631,0,0
0,29,17,pick up the book and place it in the back compartment of the caddy,FULL_HIT,0.998152,0.004545,0.001838,0.387621,6.737385,0.012376,0.004831,7.237055,0,0
0,29,18,pick up the book and place it in the back compartment of the caddy,FULL_HIT,0.998161,0.005106,0.001761,0.396073,5.779748,0.011567,0.005280,6.301226,0,0
0,29,19,pick up the book and place it in the back compartment of the caddy,FULL_HIT,0.998025,0.004572,0.001721,0.382329,5.772516,0.012009,0.004915,6.278045,0,0
0,29,20,pick up the book and place it in the back compartment of the caddy,FULL_HIT,0.998169,0.004574,0.001840,0.452120,6.363627,0.012765,0.006336,6.935394,0,0
0,29,21,pick up the book and place it in the back compartment of the caddy,FULL_HIT,0.998161,0.005189,0.001776,0.469264,6.261851,0.012490,0.005781,6.887735,0,0
0,29,22,pick up the book and place it in the back compartment of the caddy,FULL_HIT,0.998165,0.005971,0.002025,0.488673,6.837867,0.013234,0.005357,7.458321,0,0
0,29,23,pick up the book and place it in the back compartment of the caddy,FULL_HIT,0.998115,0.005001,0.001853,0.403456,6.787906,0.013177,0.005711,7.318908,0,0
0,29,24,pick up the book and place it in the back compartment of the caddy,FULL_HIT,0.998289,0.005084,0.001736,0.472226,6.632277,0.012782,0.005261,7.248589,0,0
0,29,25,pick up the book and place it in the back compartment of the caddy,FULL_HIT,0.998214,0.005034,0.001946,0.462326,6.521228,0.012858,0.005812,7.104322,0,0
0,29,26,pick up the book and place it in the back compartment of the caddy,FULL_HIT,0.998131,0.004978,0.001768,0.479195,5.979376,0.012619,0.005658,6.617261,0,0
0,29,27,pick up the book and place it in the back compartment of the caddy,FULL_HIT,0.998208,0.004840,0.002275,0.511349,6.162023,0.012661,0.005695,6.801370,0,0
0,29,28,pick up the book and place it in the back compartment of the caddy,FULL_HIT,0.998056,0.004907,0.001960,0.435473,6.066520,0.012671,0.018661,6.637213,0,0
0,29,29,pick up the book and place it in the back compartment of the caddy,FULL_HIT,0.997930,0.005037,0.001814,0.421617,6.012917,0.012340,0.004848,6.564096,0,0
0,29,30,pick up the book and place it in the back compartment of the caddy,FULL_HIT,0.997989,0.005109,0.001779,0.432163,6.153731,0.012748,0.005127,6.717124,0,0
0,30,0,put the white mug on the plate and put the chocolate pudding to the right of the plate,FULL_HIT,0.998870,0.004597,0.001771,1.174527,6.708348,0.012814,0.005330,8.006584,0,0
0,30,1,put the white mug on the plate and put the chocolate pudding to the right of the plate,FULL_HIT,0.998864,0.004693,0.001759,0.409220,6.662272,0.012237,0.005112,7.188589,0,0
0,30,2,put the white mug on the plate and put the chocolate pudding to the right of the plate,FULL_HIT,0.998853,0.004507,0.001668,0.415310,6.542687,0.013014,0.005293,7.074764,0,0
0,30,3,put the white mug on the plate and put the chocolate pudding to the right of the plate,FULL_HIT,0.998835,0.004929,0.001669,0.412535,6.543864,0.012319,0.005810,7.089374,0,0
0,30,4,put the white mug on the plate and put the chocolate pudding to the right of the plate,FULL_HIT,0.998794,0.019058,0.001816,0.395579,6.569396,0.012208,0.005232,7.095572,0,0
0,30,5,put the white mug on the plate and put the chocolate pudding to the right of the plate,FULL_HIT,0.998792,0.004735,0.002020,0.395703,6.498225,0.012165,0.005654,7.025271,0,0
0,30,6,put the white mug on the plate and put the chocolate pudding to the right of the plate,FULL_HIT,0.998801,0.004576,0.001788,0.463000,6.542599,0.012671,0.005342,7.125705,0,0
0,30,7,put the white mug on the plate and put the chocolate pudding to the right of the plate,FULL_HIT,0.998793,0.004825,0.001766,0.391186,6.552929,0.012686,0.005597,7.063823,0,0
0,30,8,put the white mug on the plate and put the chocolate pudding to the right of the plate,FULL_HIT,0.998787,0.004577,0.002013,0.397073,6.553691,0.012262,0.005672,7.083106,0,0
0,30,9,put the white mug on the plate and put the chocolate pudding to the right of the plate,FULL_HIT,0.998748,0.005021,0.001795,0.396993,6.516645,0.012661,0.005147,7.032209,0,0
0,30,10,put the white mug on the plate and put the chocolate pudding to the right of the plate,FULL_HIT,0.998779,0.004730,0.001841,0.401452,6.512053,0.012619,0.006015,7.046973,0,0
0,30,11,put the white mug on the plate and put the chocolate pudding to the right of the plate,FULL_HIT,0.997435,0.004629,0.001654,0.397984,6.535111,0.012777,0.005409,7.051153,0,0
0,30,12,put the white mug on the plate and put the chocolate pudding to the right of the plate,FULL_HIT,0.996787,0.005300,0.001661,0.397085,6.499978,0.012916,0.005296,7.017716,0,0
0,30,13,put the white mug on the plate and put the chocolate pudding to the right of the plate,FULL_HIT,0.998679,0.004890,0.001731,0.409290,6.506627,0.012670,0.009651,7.038204,0,0
0,30,14,put the white mug on the plate and put the chocolate pudding to the right of the plate,FULL_HIT,0.998488,0.005265,0.001847,0.414213,7.113687,0.012852,0.005691,7.661346,0,0
0,30,15,put the white mug on the plate and put the chocolate pudding to the right of the plate,FULL_HIT,0.998117,0.005410,0.001861,0.450004,7.634239,0.013781,0.005256,8.212078,0,0
0,30,16,put the white mug on the plate and put the chocolate pudding to the right of the plate,FULL_HIT,0.997782,0.005392,0.002133,0.432248,7.403498,0.013612,0.005336,7.971019,0,0
0,30,17,put the white mug on the plate and put the chocolate pudding to the right of the plate,FULL_HIT,0.997952,0.005494,0.002238,0.434807,7.420642,0.014404,0.005343,7.985132,0,0
0,30,18,put the white mug on the plate and put the chocolate pudding to the right of the plate,FULL_HIT,0.998044,0.005576,0.002129,0.423982,7.350500,0.013345,0.005225,7.904541,0,0
0,30,19,put the white mug on the plate and put the chocolate pudding to the right of the plate,FULL_HIT,0.997968,0.005508,0.002021,0.422133,7.430811,0.014332,0.005733,8.004479,0,0
0,30,20,put the white mug on the plate and put the chocolate pudding to the right of the plate,FULL_HIT,0.998134,0.005588,0.002121,0.427660,7.494227,0.013754,0.005821,8.053151,0,0
0,30,21,put the white mug on the plate and put the chocolate pudding to the right of the plate,FULL_HIT,0.998042,0.005910,0.002235,0.438852,7.555710,0.011337,0.005291,8.131196,0,0
0,30,22,put the white mug on the plate and put the chocolate pudding to the right of the plate,FULL_HIT,0.998006,0.004902,0.001807,0.438944,7.464012,0.012330,0.005007,8.024448,0,0
0,30,23,put the white mug on the plate and put the chocolate pudding to the right of the plate,FULL_HIT,0.997738,0.005675,0.001946,0.430121,7.508590,0.011659,0.005679,8.077316,0,0
0,30,24,put the white mug on the plate and put the chocolate pudding to the right of the plate,FULL_HIT,0.997797,0.005208,0.001837,0.408385,7.252366,0.011633,0.004775,7.783590,0,0
0,30,25,put the white mug on the plate and put the chocolate pudding to the right of the plate,FULL_HIT,0.997929,0.004741,0.002110,0.443745,7.455730,0.013168,0.004803,8.033858,0,0
0,30,26,put the white mug on the plate and put the chocolate pudding to the right of the plate,FULL_HIT,0.998053,0.005095,0.002207,0.411773,10.935927,0.011496,0.013258,11.493406,0,0
0,30,27,put the white mug on the plate and put the chocolate pudding to the right of the plate,FULL_HIT,0.998144,0.005377,0.001797,0.415577,7.847986,0.011890,0.004834,8.397674,0,0
0,30,28,put the white mug on the plate and put the chocolate pudding to the right of the plate,FULL_HIT,0.998102,0.005547,0.002066,0.436847,7.551323,0.010869,0.004863,8.104562,0,0
0,30,29,put the white mug on the plate and put the chocolate pudding to the right of the plate,FULL_HIT,0.997831,0.004893,0.001950,0.398443,7.438564,0.011149,0.005663,7.959343,0,0
0,30,30,put the white mug on the plate and put the chocolate pudding to the right of the plate,FULL_HIT,0.997514,0.005350,0.001874,0.411377,7.147559,0.011625,0.004457,7.673830,0,0
0,30,31,put the white mug on the plate and put the chocolate pudding to the right of the plate,FULL_HIT,0.997156,0.005028,0.001702,0.406788,6.886719,0.011573,0.004351,7.404457,0,0
0,30,32,put the white mug on the plate and put the chocolate pudding to the right of the plate,FULL_HIT,0.997188,0.004619,0.001659,0.412719,6.763517,0.010513,0.004690,7.293251,0,0
0,30,33,put the white mug on the plate and put the chocolate pudding to the right of the plate,FULL_HIT,0.998006,0.005331,0.001720,0.401200,6.770049,0.029407,0.005406,7.303078,0,0
0,30,34,put the white mug on the plate and put the chocolate pudding to the right of the plate,FULL_HIT,0.998120,0.005139,0.001798,0.396898,6.671801,0.011407,0.005332,7.184169,0,0
0,30,35,put the white mug on the plate and put the chocolate pudding to the right of the plate,FULL_HIT,0.998151,0.004709,0.002264,0.399665,6.626982,0.011677,0.004962,7.152971,0,0
0,30,36,put the white mug on the plate and put the chocolate pudding to the right of the plate,FULL_HIT,0.998107,0.005045,0.001688,0.416777,6.661823,0.020068,0.004721,7.202239,0,0
0,30,37,put the white mug on the plate and put the chocolate pudding to the right of the plate,FULL_HIT,0.998206,0.004690,0.001807,0.397281,6.676603,0.011812,0.005173,7.197151,0,0
0,30,38,put the white mug on the plate and put the chocolate pudding to the right of the plate,FULL_HIT,0.998080,0.004755,0.001838,0.396906,6.632114,0.011266,0.005802,7.144797,0,0
0,30,39,put the white mug on the plate and put the chocolate pudding to the right of the plate,FULL_HIT,0.997548,0.004847,0.001842,0.404775,6.612212,0.010559,0.004942,7.131380,0,0
0,30,40,put the white mug on the plate and put the chocolate pudding to the right of the plate,FULL_HIT,0.998278,0.004920,0.002276,0.400897,6.782800,0.011940,0.004848,7.313598,0,0
0,30,41,put the white mug on the plate and put the chocolate pudding to the right of the plate,FULL_HIT,0.998282,0.005256,0.001734,0.397520,6.813049,0.012308,0.005092,7.333047,0,0
0,30,42,put the white mug on the plate and put the chocolate pudding to the right of the plate,FULL_HIT,0.998274,0.005106,0.001767,0.390824,6.544978,0.011319,0.004721,7.071596,0,0
0,30,43,put the white mug on the plate and put the chocolate pudding to the right of the plate,FULL_HIT,0.998139,0.005109,0.001950,0.448638,6.830478,0.010837,0.004782,7.406825,0,0
0,30,44,put the white mug on the plate and put the chocolate pudding to the right of the plate,FULL_HIT,0.998237,0.004857,0.002083,0.390485,6.608756,0.012525,0.005557,7.121177,0,0
0,30,45,put the white mug on the plate and put the chocolate pudding to the right of the plate,FULL_HIT,0.998311,0.004872,0.001783,0.395869,6.645642,0.010344,0.004787,7.157685,0,0
0,30,46,put the white mug on the plate and put the chocolate pudding to the right of the plate,FULL_HIT,0.998395,0.005617,0.001800,0.415391,6.617744,0.011075,0.007196,7.157275,0,0
0,31,0,put the white mug on the plate and put the chocolate pudding to the right of the plate,FULL_HIT,0.998868,0.005427,0.001848,1.037740,6.696787,0.011222,0.005411,7.850545,0,0
0,31,1,put the white mug on the plate and put the chocolate pudding to the right of the plate,FULL_HIT,0.998809,0.005933,0.002168,0.407902,6.779360,0.013022,0.008027,7.327701,0,0
0,31,2,put the white mug on the plate and put the chocolate pudding to the right of the plate,FULL_HIT,0.998744,0.005391,0.002103,0.409145,6.702977,0.010593,0.004712,7.231785,0,0
0,31,3,put the white mug on the plate and put the chocolate pudding to the right of the plate,FULL_HIT,0.998742,0.005303,0.002005,0.414825,6.683672,0.012738,0.016113,7.227348,0,0
0,31,4,put the white mug on the plate and put the chocolate pudding to the right of the plate,FULL_HIT,0.998780,0.005422,0.001828,0.398713,6.601318,0.013421,0.005078,7.133665,0,0
0,31,5,put the white mug on the plate and put the chocolate pudding to the right of the plate,FULL_HIT,0.998797,0.004927,0.001772,0.401880,6.579554,0.010811,0.004627,7.094275,0,0
0,31,6,put the white mug on the plate and put the chocolate pudding to the right of the plate,FULL_HIT,0.998808,0.005251,0.001830,0.399774,6.585066,0.010781,0.007242,7.109279,0,0
0,31,7,put the white mug on the plate and put the chocolate pudding to the right of the plate,FULL_HIT,0.998789,0.005300,0.001804,0.402803,6.603901,0.011006,0.004708,7.120208,0,0
0,31,8,put the white mug on the plate and put the chocolate pudding to the right of the plate,FULL_HIT,0.998575,0.004875,0.002019,0.393316,6.617933,0.010462,0.005371,7.125221,0,0
0,31,9,put the white mug on the plate and put the chocolate pudding to the right of the plate,FULL_HIT,0.998694,0.004956,0.001914,0.414725,6.530912,0.010213,0.004483,7.067978,0,0
0,31,10,put the white mug on the plate and put the chocolate pudding to the right of the plate,FULL_HIT,0.997898,0.004687,0.001915,0.397146,6.608560,0.010385,0.004571,7.118281,0,0
0,31,11,put the white mug on the plate and put the chocolate pudding to the right of the plate,FULL_HIT,0.997268,0.005659,0.001902,0.387690,6.618152,0.010864,0.008622,7.121688,0,0
0,31,12,put the white mug on the plate and put the chocolate pudding to the right of the plate,FULL_HIT,0.998445,0.004646,0.002438,0.401522,6.583626,0.010995,0.005362,7.103448,0,0
0,31,13,put the white mug on the plate and put the chocolate pudding to the right of the plate,FULL_HIT,0.998298,0.004972,0.001811,0.396975,6.599642,0.010257,0.005781,7.119526,0,0
0,31,14,put the white mug on the plate and put the chocolate pudding to the right of the plate,FULL_HIT,0.997615,0.005017,0.001858,0.401857,6.558572,0.011493,0.005695,7.076115,0,0
0,31,15,put the white mug on the plate and put the chocolate pudding to the right of the plate,FULL_HIT,0.997025,0.005209,0.001764,0.398120,6.619023,0.011059,0.005422,7.138662,0,0
0,31,16,put the white mug on the plate and put the chocolate pudding to the right of the plate,FULL_HIT,0.997241,0.005127,0.002054,0.406643,6.602747,0.011097,0.004603,7.141348,0,0
0,31,17,put the white mug on the plate and put the chocolate pudding to the right of the plate,FULL_HIT,0.997278,0.004706,0.001746,0.404389,6.613242,0.010912,0.004578,7.142296,0,0
0,31,18,put the white mug on the plate and put the chocolate pudding to the right of the plate,FULL_HIT,0.997195,0.005060,0.001635,0.415196,6.653843,0.011967,0.004601,7.185404,0,0
0,31,19,put the white mug on the plate and put the chocolate pudding to the right of the plate,FULL_HIT,0.997083,0.004870,0.001722,0.396282,6.647225,0.010886,0.004866,7.154797,0,0
0,31,20,put the white mug on the plate and put the chocolate pudding to the right of the plate,FULL_HIT,0.997322,0.005123,0.001897,0.407632,6.650470,0.019964,0.005041,7.192443,0,0
0,31,21,put the white mug on the plate and put the chocolate pudding to the right of the plate,FULL_HIT,0.996916,0.004897,0.001761,0.404208,6.632645,0.010679,0.004735,7.151409,0,0
0,31,22,put the white mug on the plate and put the chocolate pudding to the right of the plate,FULL_HIT,0.996610,0.004645,0.001759,0.404132,6.589056,0.011834,0.004950,7.119799,0,0
0,31,23,put the white mug on the plate and put the chocolate pudding to the right of the plate,FULL_HIT,0.993211,0.004776,0.001939,0.392924,6.604830,0.013595,0.005221,7.119596,0,0
0,31,24,put the white mug on the plate and put the chocolate pudding to the right of the plate,FULL_HIT,0.992175,0.004575,0.001773,0.401852,6.583829,0.013553,0.004553,7.103982,0,0
0,31,25,put the white mug on the plate and put the chocolate pudding to the right of the plate,FULL_HIT,0.993421,0.004946,0.001785,0.396504,6.714977,0.012452,0.004601,7.240952,0,0
0,31,26,put the white mug on the plate and put the chocolate pudding to the right of the plate,FULL_HIT,0.995863,0.004997,0.001818,0.405554,6.549302,0.010687,0.004566,7.067397,0,0
0,31,27,put the white mug on the plate and put the chocolate pudding to the right of the plate,FULL_HIT,0.996752,0.005365,0.002172,0.407446,6.840001,0.013128,0.011544,7.385907,0,0
0,31,28,put the white mug on the plate and put the chocolate pudding to the right of the plate,FULL_HIT,0.992140,0.005090,0.002086,0.412981,6.889409,0.013087,0.006049,7.441718,0,0
0,31,29,put the white mug on the plate and put the chocolate pudding to the right of the plate,FULL_HIT,0.996829,0.005665,0.002016,0.406712,6.946187,0.012920,0.014202,7.491658,0,0
0,31,30,put the white mug on the plate and put the chocolate pudding to the right of the plate,FULL_HIT,0.997619,0.005962,0.002335,0.415802,6.889658,0.013314,0.005826,7.445209,0,0
0,31,31,put the white mug on the plate and put the chocolate pudding to the right of the plate,FULL_HIT,0.997999,0.005214,0.002285,0.423829,7.061929,0.013201,0.006309,7.629692,0,0
0,31,32,put the white mug on the plate and put the chocolate pudding to the right of the plate,FULL_HIT,0.998077,0.006507,0.002266,0.414631,6.852056,0.013670,0.005254,7.402112,0,0
0,31,33,put the white mug on the plate and put the chocolate pudding to the right of the plate,FULL_HIT,0.998027,0.005595,0.002578,0.415753,6.822290,0.013103,0.004921,7.382991,0,0
0,31,34,put the white mug on the plate and put the chocolate pudding to the right of the plate,FULL_HIT,0.997999,0.004831,0.001850,0.396201,6.684237,0.022142,0.006488,7.225633,0,0
0,31,35,put the white mug on the plate and put the chocolate pudding to the right of the plate,FULL_HIT,0.997955,0.004742,0.002254,0.412137,6.754783,0.013064,0.005681,7.294220,0,0
0,31,36,put the white mug on the plate and put the chocolate pudding to the right of the plate,FULL_HIT,0.997925,0.006154,0.002074,0.421058,6.784756,0.013767,0.005788,7.365820,0,0
0,31,37,put the white mug on the plate and put the chocolate pudding to the right of the plate,FULL_HIT,0.997927,0.006070,0.001951,0.400138,6.746648,0.012660,0.006354,7.282989,0,0
0,31,38,put the white mug on the plate and put the chocolate pudding to the right of the plate,FULL_HIT,0.997918,0.004745,0.002125,0.406305,6.749056,0.013360,0.006142,7.305791,0,0
0,31,39,put the white mug on the plate and put the chocolate pudding to the right of the plate,FULL_HIT,0.997727,0.005300,0.002852,0.408838,6.833290,0.013655,0.005842,7.379115,0,0
0,31,40,put the white mug on the plate and put the chocolate pudding to the right of the plate,FULL_HIT,0.997516,0.005858,0.002102,0.403598,6.723765,0.013760,0.005517,7.267808,0,0
0,31,41,put the white mug on the plate and put the chocolate pudding to the right of the plate,FULL_HIT,0.997836,0.005395,0.002350,0.409782,6.847734,0.013966,0.006492,7.392232,0,0
0,31,42,put the white mug on the plate and put the chocolate pudding to the right of the plate,FULL_HIT,0.997993,0.005361,0.001993,0.396955,6.743436,0.013865,0.005609,7.275133,0,0
0,31,43,put the white mug on the plate and put the chocolate pudding to the right of the plate,FULL_HIT,0.998033,0.005061,0.002185,0.396779,6.754948,0.012566,0.006365,7.288326,0,0
0,31,44,put the white mug on the plate and put the chocolate pudding to the right of the plate,FULL_HIT,0.998084,0.005463,0.002083,0.406744,6.755280,0.013432,0.005569,7.312990,0,0
0,31,45,put the white mug on the plate and put the chocolate pudding to the right of the plate,FULL_HIT,0.997777,0.005037,0.001941,0.399884,6.673987,0.013372,0.005542,7.205709,0,0
0,31,46,put the white mug on the plate and put the chocolate pudding to the right of the plate,FULL_HIT,0.997728,0.005442,0.002272,0.409470,6.794785,0.013901,0.006386,7.355021,0,0
0,32,0,put the white mug on the plate and put the chocolate pudding to the right of the plate,FULL_HIT,0.998870,0.005321,0.002213,1.102339,6.810280,0.013595,0.005657,8.059433,0,0
0,32,1,put the white mug on the plate and put the chocolate pudding to the right of the plate,FULL_HIT,0.998863,0.005667,0.002052,0.448644,7.270217,0.012525,0.005373,7.850177,0,0
0,32,2,put the white mug on the plate and put the chocolate pudding to the right of the plate,FULL_HIT,0.998796,0.005314,0.002148,0.423891,7.059819,0.013318,0.005745,7.619806,0,0
0,32,3,put the white mug on the plate and put the chocolate pudding to the right of the plate,FULL_HIT,0.998709,0.005309,0.002103,0.419374,6.893701,0.013202,0.005462,7.443754,0,0
0,32,4,put the white mug on the plate and put the chocolate pudding to the right of the plate,FULL_HIT,0.998661,0.004964,0.002229,0.420298,6.740024,0.013054,0.006155,7.291675,0,0
0,32,5,put the white mug on the plate and put the chocolate pudding to the right of the plate,FULL_HIT,0.998665,0.005299,0.002154,0.400240,6.792906,0.013379,0.005513,7.332905,0,0
0,32,6,put the white mug on the plate and put the chocolate pudding to the right of the plate,FULL_HIT,0.998704,0.004963,0.002032,0.400519,6.712241,0.013013,0.005732,7.242664,0,0
0,32,7,put the white mug on the plate and put the chocolate pudding to the right of the plate,FULL_HIT,0.998709,0.004851,0.001985,0.412620,6.644488,0.013137,0.005383,7.194783,0,0
0,32,8,put the white mug on the plate and put the chocolate pudding to the right of the plate,FULL_HIT,0.998683,0.004884,0.001918,0.407901,6.765010,0.012639,0.005782,7.302660,0,0
0,32,9,put the white mug on the plate and put the chocolate pudding to the right of the plate,FULL_HIT,0.998686,0.005440,0.002040,0.445009,9.906076,0.017308,0.007388,10.498993,0,0
0,32,10,put the white mug on the plate and put the chocolate pudding to the right of the plate,FULL_HIT,0.998613,0.005230,0.001866,0.447921,7.115275,0.013897,0.006241,7.731678,0,0
0,32,11,put the white mug on the plate and put the chocolate pudding to the right of the plate,FULL_HIT,0.996554,0.004942,0.002638,0.448064,6.950404,0.013552,0.005686,7.526702,0,0
0,32,12,put the white mug on the plate and put the chocolate pudding to the right of the plate,FULL_HIT,0.996914,0.005390,0.002051,0.428415,6.717718,0.013013,0.012210,7.283170,0,0
0,32,13,put the white mug on the plate and put the chocolate pudding to the right of the plate,FULL_HIT,0.996407,0.005024,0.001698,0.409891,6.678308,0.022085,0.005472,7.233705,0,0
0,32,14,put the white mug on the plate and put the chocolate pudding to the right of the plate,FULL_HIT,0.992266,0.004983,0.001788,0.395990,6.532704,0.012845,0.005921,7.052498,0,0
0,32,15,put the white mug on the plate and put the chocolate pudding to the right of the plate,FULL_HIT,0.984976,0.004743,0.001902,0.399804,6.495955,0.013161,0.005292,7.033363,0,0
0,32,16,put the white mug on the plate and put the chocolate pudding to the right of the plate,FULL_HIT,0.985921,0.004708,0.001847,0.403179,6.534134,0.012334,0.005247,7.062954,0,0
0,32,17,put the white mug on the plate and put the chocolate pudding to the right of the plate,FULL_HIT,0.986663,0.005204,0.001663,0.397239,6.508276,0.022406,0.006384,7.038616,0,0
0,32,18,put the white mug on the plate and put the chocolate pudding to the right of the plate,FULL_HIT,0.987797,0.004665,0.001809,0.401189,6.602496,0.013031,0.005870,7.140006,0,0
0,32,19,put the white mug on the plate and put the chocolate pudding to the right of the plate,FULL_HIT,0.988050,0.004716,0.001924,0.422948,6.558751,0.011892,0.014261,7.111328,0,0
0,32,20,put the white mug on the plate and put the chocolate pudding to the right of the plate,FULL_HIT,0.989032,0.004742,0.001782,0.397643,6.612829,0.012426,0.005615,7.128358,0,0
0,32,21,put the white mug on the plate and put the chocolate pudding to the right of the plate,FULL_HIT,0.989664,0.004683,0.001952,0.399616,6.523523,0.012546,0.005530,7.056856,0,0
0,32,22,put the white mug on the plate and put the chocolate pudding to the right of the plate,FULL_HIT,0.990111,0.004809,0.001792,0.404934,6.536095,0.013952,0.005537,7.064178,0,0
0,32,23,put the white mug on the plate and put the chocolate pudding to the right of the plate,FULL_HIT,0.988807,0.005101,0.001797,0.399367,6.565913,0.012569,0.005414,7.093997,0,0
0,32,24,put the white mug on the plate and put the chocolate pudding to the right of the plate,FULL_HIT,0.982403,0.004649,0.001706,0.392986,6.503992,0.012953,0.005091,7.016310,0,0
0,32,25,put the white mug on the plate and put the chocolate pudding to the right of the plate,FULL_HIT,0.988147,0.004716,0.001919,0.404970,6.565593,0.012568,0.005635,7.090424,0,0
0,32,26,put the white mug on the plate and put the chocolate pudding to the right of the plate,FULL_HIT,0.995718,0.004891,0.001803,0.395586,6.532791,0.013120,0.005443,7.068665,0,0
0,32,27,put the white mug on the plate and put the chocolate pudding to the right of the plate,FULL_HIT,0.994821,0.004762,0.001700,0.396936,6.553603,0.013147,0.005783,7.072974,0,0
0,32,28,put the white mug on the plate and put the chocolate pudding to the right of the plate,FULL_HIT,0.997646,0.004931,0.001802,0.403210,6.516114,0.013027,0.005030,7.053873,0,0
0,32,29,put the white mug on the plate and put the chocolate pudding to the right of the plate,FULL_HIT,0.997866,0.004842,0.001806,0.406684,6.506230,0.012877,0.005301,7.034822,0,0
0,32,30,put the white mug on the plate and put the chocolate pudding to the right of the plate,FULL_HIT,0.997823,0.004840,0.001727,0.393585,6.471728,0.012811,0.005882,6.994325,0,0
0,32,31,put the white mug on the plate and put the chocolate pudding to the right of the plate,FULL_HIT,0.997757,0.004918,0.001616,0.393110,6.575172,0.012667,0.005680,7.101809,0,0
0,32,32,put the white mug on the plate and put the chocolate pudding to the right of the plate,FULL_HIT,0.997630,0.004695,0.001764,0.388297,6.496026,0.012359,0.005697,7.017345,0,0
0,32,33,put the white mug on the plate and put the chocolate pudding to the right of the plate,FULL_HIT,0.997625,0.004753,0.002335,0.396731,6.449974,0.013005,0.009556,6.974090,0,0
0,32,34,put the white mug on the plate and put the chocolate pudding to the right of the plate,FULL_HIT,0.997934,0.004711,0.001720,0.389391,6.446817,0.012397,0.005718,6.956950,0,0
0,32,35,put the white mug on the plate and put the chocolate pudding to the right of the plate,FULL_HIT,0.997987,0.004752,0.001759,0.392168,7.037576,0.012868,0.005656,7.555106,0,0
0,32,36,put the white mug on the plate and put the chocolate pudding to the right of the plate,FULL_HIT,0.998345,0.005231,0.001878,0.420990,7.112928,0.013483,0.016551,7.685008,0,0
0,32,37,put the white mug on the plate and put the chocolate pudding to the right of the plate,FULL_HIT,0.998236,0.004961,0.001847,0.421373,7.138926,0.013723,0.005474,7.704332,0,0
0,32,38,put the white mug on the plate and put the chocolate pudding to the right of the plate,FULL_HIT,0.997357,0.005038,0.002003,0.416903,7.370500,0.014140,0.005425,7.945470,0,0
0,32,39,put the white mug on the plate and put the chocolate pudding to the right of the plate,FULL_HIT,0.997959,0.005561,0.001810,0.421967,7.165852,0.013781,0.006217,7.731006,0,0
0,32,40,put the white mug on the plate and put the chocolate pudding to the right of the plate,FULL_HIT,0.998057,0.005212,0.001799,0.393080,7.187437,0.013417,0.005866,7.707211,0,0
0,32,41,put the white mug on the plate and put the chocolate pudding to the right of the plate,FULL_HIT,0.998033,0.005568,0.001842,0.413391,7.090330,0.014575,0.005363,7.638302,0,0
0,32,42,put the white mug on the plate and put the chocolate pudding to the right of the plate,FULL_HIT,0.998058,0.005159,0.001866,0.436973,7.025384,0.012733,0.005680,7.617113,0,0
0,32,43,put the white mug on the plate and put the chocolate pudding to the right of the plate,FULL_HIT,0.998124,0.005404,0.001963,0.397544,6.993436,0.013216,0.005449,7.515485,0,0
0,34,0,put the white mug on the plate and put the chocolate pudding to the right of the plate,FULL_HIT,0.998870,0.005154,0.002059,1.174276,6.684450,0.012824,0.008747,7.989503,0,0
0,34,1,put the white mug on the plate and put the chocolate pudding to the right of the plate,FULL_HIT,0.998859,0.004790,0.001814,0.403323,6.604227,0.013454,0.005835,7.140879,0,0
0,34,2,put the white mug on the plate and put the chocolate pudding to the right of the plate,FULL_HIT,0.998855,0.005132,0.001716,0.456272,6.666314,0.012706,0.009890,7.245732,0,0
0,34,3,put the white mug on the plate and put the chocolate pudding to the right of the plate,FULL_HIT,0.998839,0.004790,0.001808,0.411432,6.523740,0.013126,0.005400,7.074901,0,0
0,34,4,put the white mug on the plate and put the chocolate pudding to the right of the plate,FULL_HIT,0.998825,0.004935,0.001888,0.421676,6.573430,0.013142,0.005044,7.114619,0,0
0,34,5,put the white mug on the plate and put the chocolate pudding to the right of the plate,FULL_HIT,0.998831,0.004994,0.001781,0.394508,6.536828,0.012799,0.005699,7.051682,0,0
0,34,6,put the white mug on the plate and put the chocolate pudding to the right of the plate,FULL_HIT,0.998814,0.005770,0.001806,0.399661,6.516770,0.014795,0.005362,7.050666,0,0
0,34,7,put the white mug on the plate and put the chocolate pudding to the right of the plate,FULL_HIT,0.998756,0.005190,0.002295,0.391659,6.537163,0.012731,0.005495,7.064990,0,0
0,34,8,put the white mug on the plate and put the chocolate pudding to the right of the plate,FULL_HIT,0.998639,0.004711,0.001999,0.413024,6.508693,0.013025,0.005085,7.057746,0,0
0,34,9,put the white mug on the plate and put the chocolate pudding to the right of the plate,FULL_HIT,0.998510,0.004935,0.001833,0.401691,6.624371,0.013381,0.005084,7.154287,0,0
0,34,10,put the white mug on the plate and put the chocolate pudding to the right of the plate,FULL_HIT,0.998466,0.004943,0.001840,0.395352,6.533502,0.013824,0.005124,7.047806,0,0
0,34,11,put the white mug on the plate and put the chocolate pudding to the right of the plate,FULL_HIT,0.998328,0.004652,0.001895,0.388849,6.553618,0.013762,0.017397,7.075558,0,0
0,34,12,put the white mug on the plate and put the chocolate pudding to the right of the plate,FULL_HIT,0.998387,0.004947,0.001982,0.407729,6.574122,0.013204,0.005291,7.103586,0,0
0,34,13,put the white mug on the plate and put the chocolate pudding to the right of the plate,FULL_HIT,0.998567,0.004715,0.001804,0.397142,6.540791,0.012931,0.005053,7.055572,0,0
0,34,14,put the white mug on the plate and put the chocolate pudding to the right of the plate,FULL_HIT,0.998572,0.004851,0.001829,0.401520,6.543537,0.012725,0.005894,7.079600,0,0
0,34,15,put the white mug on the plate and put the chocolate pudding to the right of the plate,FULL_HIT,0.998453,0.004344,0.001658,0.393124,6.531461,0.013005,0.005341,7.044373,0,0
0,34,16,put the white mug on the plate and put the chocolate pudding to the right of the plate,FULL_HIT,0.998433,0.004712,0.001733,0.396557,6.509302,0.012759,0.005269,7.041812,0,0
0,34,17,put the white mug on the plate and put the chocolate pudding to the right of the plate,FULL_HIT,0.998379,0.004741,0.001691,0.403624,6.505323,0.012552,0.005640,7.029333,0,0
0,34,18,put the white mug on the plate and put the chocolate pudding to the right of the plate,FULL_HIT,0.998413,0.004676,0.001919,0.393974,6.508429,0.012403,0.005608,7.020685,0,0
0,34,19,put the white mug on the plate and put the chocolate pudding to the right of the plate,FULL_HIT,0.998559,0.004696,0.001728,0.388388,6.531066,0.012641,0.005297,7.051030,0,0
0,34,20,put the white mug on the plate and put the chocolate pudding to the right of the plate,FULL_HIT,0.998495,0.004807,0.001797,0.391791,6.504570,0.012584,0.005301,7.016607,0,0
0,34,21,put the white mug on the plate and put the chocolate pudding to the right of the plate,FULL_HIT,0.998436,0.004854,0.001734,0.400209,6.506279,0.012672,0.006142,7.031142,0,0
0,34,22,put the white mug on the plate and put the chocolate pudding to the right of the plate,FULL_HIT,0.998379,0.004721,0.001650,0.397299,6.549835,0.013235,0.005570,7.068574,0,0
0,34,23,put the white mug on the plate and put the chocolate pudding to the right of the plate,FULL_HIT,0.997608,0.004633,0.001829,0.394779,6.549512,0.012726,0.018038,7.075881,0,0
0,34,24,put the white mug on the plate and put the chocolate pudding to the right of the plate,FULL_HIT,0.997310,0.004843,0.002221,0.509723,7.184578,0.012927,0.006187,7.851059,0,0
0,34,25,put the white mug on the plate and put the chocolate pudding to the right of the plate,FULL_HIT,0.998425,0.005017,0.001811,0.403845,7.046391,0.013523,0.009596,7.578558,0,0
0,34,26,put the white mug on the plate and put the chocolate pudding to the right of the plate,FULL_HIT,0.998436,0.005218,0.002105,0.428748,6.823751,0.012187,0.005188,7.379422,0,0
0,34,27,put the white mug on the plate and put the chocolate pudding to the right of the plate,FULL_HIT,0.998423,0.006040,0.001976,0.414409,6.910013,0.014331,0.005364,7.466130,0,0
0,34,28,put the white mug on the plate and put the chocolate pudding to the right of the plate,FULL_HIT,0.998369,0.005647,0.002023,0.428679,6.878376,0.014059,0.010324,7.443714,0,0
0,34,29,put the white mug on the plate and put the chocolate pudding to the right of the plate,FULL_HIT,0.998347,0.005505,0.001845,0.421555,6.862344,0.012973,0.005241,7.421685,0,0
0,34,30,put the white mug on the plate and put the chocolate pudding to the right of the plate,FULL_HIT,0.998339,0.005669,0.001976,0.423093,6.936451,0.013048,0.004987,7.485971,0,0
0,34,31,put the white mug on the plate and put the chocolate pudding to the right of the plate,FULL_HIT,0.998274,0.006011,0.001954,0.432055,6.939145,0.024354,0.005026,7.509256,0,0
0,34,32,put the white mug on the plate and put the chocolate pudding to the right of the plate,FULL_HIT,0.998224,0.005006,0.001846,0.408090,6.772585,0.012445,0.005680,7.334244,0,0
0,34,33,put the white mug on the plate and put the chocolate pudding to the right of the plate,FULL_HIT,0.998224,0.005380,0.001839,0.393768,6.801924,0.011528,0.004707,7.312285,0,0
0,34,34,put the white mug on the plate and put the chocolate pudding to the right of the plate,FULL_HIT,0.998201,0.005037,0.001801,0.406167,6.910641,0.012592,0.006027,7.437696,0,0
0,34,35,put the white mug on the plate and put the chocolate pudding to the right of the plate,FULL_HIT,0.998038,0.004693,0.001837,0.397371,6.929727,0.011025,0.004640,7.450974,0,0
0,34,36,put the white mug on the plate and put the chocolate pudding to the right of the plate,FULL_HIT,0.998083,0.004833,0.001926,0.400900,6.763279,0.011504,0.005588,7.282185,0,0
0,34,37,put the white mug on the plate and put the chocolate pudding to the right of the plate,FULL_HIT,0.998101,0.005183,0.002217,0.404450,6.772797,0.011435,0.004940,7.298651,0,0
0,34,38,put the white mug on the plate and put the chocolate pudding to the right of the plate,FULL_HIT,0.998098,0.004732,0.001706,0.417558,6.777216,0.011466,0.004934,7.314699,0,0
0,34,39,put the white mug on the plate and put the chocolate pudding to the right of the plate,FULL_HIT,0.998076,0.004767,0.001859,0.417131,6.750312,0.011517,0.004786,7.293056,0,0
0,35,0,put both the alphabet soup and the cream cheese box in the basket,FULL_HIT,0.998871,0.005058,0.001914,1.126491,7.692408,0.012162,0.004394,8.945941,0,0
0,35,1,put both the alphabet soup and the cream cheese box in the basket,FULL_HIT,0.998849,0.004651,0.001828,0.406397,7.750425,0.011559,0.005025,8.270062,0,0
0,35,2,put both the alphabet soup and the cream cheese box in the basket,FULL_HIT,0.998821,0.004776,0.001778,0.416136,7.809731,0.011344,0.004731,8.339840,0,0
0,35,3,put both the alphabet soup and the cream cheese box in the basket,FULL_HIT,0.998811,0.004646,0.002013,0.405323,7.847615,0.012279,0.005223,8.373672,0,0
0,35,4,put both the alphabet soup and the cream cheese box in the basket,FULL_HIT,0.998817,0.004676,0.001789,0.404614,7.849503,0.011678,0.004814,8.369553,0,0
0,35,5,put both the alphabet soup and the cream cheese box in the basket,FULL_HIT,0.998747,0.004957,0.001728,0.417646,7.814724,0.011389,0.007379,8.368603,0,0
0,35,6,put both the alphabet soup and the cream cheese box in the basket,FULL_HIT,0.998741,0.005279,0.001748,0.402980,7.632597,0.012104,0.004933,8.149605,0,0
0,35,7,put both the alphabet soup and the cream cheese box in the basket,FULL_HIT,0.998702,0.004788,0.002523,0.394626,7.582300,0.011067,0.004811,8.091685,0,0
0,35,8,put both the alphabet soup and the cream cheese box in the basket,FULL_HIT,0.998697,0.005347,0.001806,0.398272,7.521660,0.014312,0.005826,8.065242,0,0
0,35,9,put both the alphabet soup and the cream cheese box in the basket,FULL_HIT,0.998727,0.005444,0.001721,0.421594,7.555458,0.011557,0.004627,8.101025,0,0
0,35,10,put both the alphabet soup and the cream cheese box in the basket,FULL_HIT,0.998769,0.005124,0.001784,0.392753,7.569461,0.011582,0.014571,8.086088,0,0
0,35,11,put both the alphabet soup and the cream cheese box in the basket,FULL_HIT,0.998759,0.004994,0.001703,0.402006,7.729480,0.011650,0.004959,8.254822,0,0
0,35,12,put both the alphabet soup and the cream cheese box in the basket,FULL_HIT,0.998189,0.004717,0.001719,0.394994,7.673436,0.010644,0.004626,8.191232,0,0
0,35,13,put both the alphabet soup and the cream cheese box in the basket,FULL_HIT,0.998362,0.005031,0.001761,0.398035,7.672644,0.011244,0.004748,8.188480,0,0
0,35,14,put both the alphabet soup and the cream cheese box in the basket,FULL_HIT,0.998301,0.004968,0.001851,0.399605,7.699400,0.011827,0.005172,8.222801,0,0
0,35,15,put both the alphabet soup and the cream cheese box in the basket,FULL_HIT,0.998269,0.004819,0.001760,0.399877,7.676564,0.011701,0.004953,8.193623,0,0
0,35,16,put both the alphabet soup and the cream cheese box in the basket,FULL_HIT,0.998337,0.005083,0.002333,0.415981,7.623754,0.011457,0.004759,8.164527,0,0
0,35,17,put both the alphabet soup and the cream cheese box in the basket,FULL_HIT,0.998331,0.004804,0.001728,0.386637,7.625962,0.010913,0.004681,8.124551,0,0
0,35,18,put both the alphabet soup and the cream cheese box in the basket,FULL_HIT,0.998328,0.004541,0.001794,0.416955,7.560998,0.011938,0.005180,8.093577,0,0
0,35,19,put both the alphabet soup and the cream cheese box in the basket,FULL_HIT,0.998303,0.005125,0.001863,0.394672,7.742593,0.014260,0.005762,8.278054,0,0
0,35,20,put both the alphabet soup and the cream cheese box in the basket,FULL_HIT,0.998295,0.005335,0.002162,0.396037,7.703373,0.013531,0.018379,8.246868,0,0
0,35,21,put both the alphabet soup and the cream cheese box in the basket,FULL_HIT,0.998257,0.004792,0.001851,0.398016,7.670103,0.011319,0.004824,8.185758,0,0
0,35,22,put both the alphabet soup and the cream cheese box in the basket,FULL_HIT,0.998217,0.004657,0.001768,0.390702,7.563360,0.013503,0.004923,8.079879,0,0
0,35,23,put both the alphabet soup and the cream cheese box in the basket,FULL_HIT,0.998236,0.005016,0.001791,0.435454,7.753421,0.013732,0.015888,8.324847,0,0
0,35,24,put both the alphabet soup and the cream cheese box in the basket,FULL_HIT,0.998455,0.004721,0.001748,0.394185,7.682800,0.010375,0.005384,8.206812,0,0
0,35,25,put both the alphabet soup and the cream cheese box in the basket,FULL_HIT,0.998336,0.005033,0.001881,0.418043,7.769682,0.010680,0.004497,8.299567,0,0
0,35,26,put both the alphabet soup and the cream cheese box in the basket,FULL_HIT,0.998624,0.004910,0.001888,0.397974,17.712082,0.010724,0.004734,18.243052,0,0
0,35,27,put both the alphabet soup and the cream cheese box in the basket,FULL_HIT,0.998602,0.004872,0.001716,0.390423,7.548960,0.010784,0.004951,8.062190,0,0
0,35,28,put both the alphabet soup and the cream cheese box in the basket,FULL_HIT,0.998557,0.004821,0.001759,0.405989,7.744566,0.010742,0.005130,8.263905,0,0
0,35,29,put both the alphabet soup and the cream cheese box in the basket,FULL_HIT,0.998557,0.004589,0.001873,0.394544,7.661443,0.010592,0.005151,8.178575,0,0
0,35,30,put both the alphabet soup and the cream cheese box in the basket,FULL_HIT,0.998555,0.004823,0.001834,0.417093,7.557815,0.010550,0.004580,8.089258,0,0
0,35,31,put both the alphabet soup and the cream cheese box in the basket,FULL_HIT,0.998624,0.004508,0.001766,0.387398,7.531946,0.010402,0.004669,8.034178,0,0
0,35,32,put both the alphabet soup and the cream cheese box in the basket,FULL_HIT,0.998633,0.005089,0.001771,0.392063,7.536841,0.011301,0.005080,8.050352,0,0
0,35,33,put both the alphabet soup and the cream cheese box in the basket,FULL_HIT,0.998644,0.004950,0.001730,0.394986,7.450173,0.011663,0.005175,7.959880,0,0
0,35,34,put both the alphabet soup and the cream cheese box in the basket,FULL_HIT,0.998716,0.004776,0.001843,0.432440,7.542142,0.011923,0.021132,8.125797,0,0
0,35,35,put both the alphabet soup and the cream cheese box in the basket,FULL_HIT,0.998460,0.004687,0.001990,0.398080,7.483963,0.011974,0.004702,8.009606,0,0
0,35,36,put both the alphabet soup and the cream cheese box in the basket,FULL_HIT,0.998193,0.004857,0.001811,0.393858,7.535808,0.011543,0.014819,8.056434,0,0
0,35,37,put both the alphabet soup and the cream cheese box in the basket,FULL_HIT,0.997647,0.004848,0.001804,0.398014,7.519032,0.011435,0.004493,8.032390,0,0
0,35,38,put both the alphabet soup and the cream cheese box in the basket,FULL_HIT,0.997372,0.004529,0.001754,0.388883,7.487708,0.011379,0.004674,7.993964,0,0
0,35,39,put both the alphabet soup and the cream cheese box in the basket,FULL_HIT,0.997834,0.004911,0.001777,0.397210,7.516103,0.011880,0.004894,8.032855,0,0
0,35,40,put both the alphabet soup and the cream cheese box in the basket,FULL_HIT,0.997580,0.005136,0.001839,0.396841,7.441188,0.011926,0.004670,7.961440,0,0
0,35,41,put both the alphabet soup and the cream cheese box in the basket,FULL_HIT,0.997749,0.005442,0.001779,0.392940,7.432971,0.011616,0.005107,7.942268,0,0
0,35,42,put both the alphabet soup and the cream cheese box in the basket,FULL_HIT,0.997465,0.005577,0.001717,0.398852,7.459306,0.011909,0.008922,7.979846,0,0
0,35,43,put both the alphabet soup and the cream cheese box in the basket,FULL_HIT,0.997572,0.004833,0.001757,0.393863,7.498344,0.012968,0.004739,8.023841,0,0
0,35,44,put both the alphabet soup and the cream cheese box in the basket,FULL_HIT,0.997724,0.005493,0.001818,0.395998,7.405159,0.012753,0.005026,7.924393,0,0
0,35,45,put both the alphabet soup and the cream cheese box in the basket,FULL_HIT,0.997797,0.005192,0.001807,0.390593,7.510651,0.013628,0.008414,8.025063,0,0
0,35,46,put both the alphabet soup and the cream cheese box in the basket,FULL_HIT,0.997918,0.004826,0.001731,0.383204,7.454568,0.014201,0.004852,7.962139,0,0
0,35,47,put both the alphabet soup and the cream cheese box in the basket,FULL_HIT,0.998110,0.005612,0.001817,0.397014,7.446976,0.013199,0.015412,7.975278,0,0
0,35,48,put both the alphabet soup and the cream cheese box in the basket,FULL_HIT,0.998319,0.005535,0.001977,0.408919,7.884579,0.013762,0.005639,8.441374,0,0
0,38,0,put both the alphabet soup and the cream cheese box in the basket,FULL_HIT,0.998871,0.006495,0.002549,1.156290,7.966344,0.013424,0.009513,9.269056,0,0
0,38,1,put both the alphabet soup and the cream cheese box in the basket,FULL_HIT,0.998853,0.005799,0.002454,0.409529,7.873394,0.013949,0.005924,8.429078,0,0
0,38,2,put both the alphabet soup and the cream cheese box in the basket,FULL_HIT,0.998825,0.006269,0.002553,0.411047,7.811657,0.014114,0.005501,8.362614,0,0
0,38,3,put both the alphabet soup and the cream cheese box in the basket,FULL_HIT,0.998780,0.006156,0.002265,0.419105,7.947251,0.013393,0.005403,8.502458,0,0
0,38,4,put both the alphabet soup and the cream cheese box in the basket,FULL_HIT,0.998793,0.005818,0.002028,0.416589,7.958580,0.013105,0.005530,8.519837,0,0
0,38,5,put both the alphabet soup and the cream cheese box in the basket,FULL_HIT,0.998786,0.005728,0.001867,0.438701,7.850794,0.012962,0.005764,8.414037,0,0
0,38,6,put both the alphabet soup and the cream cheese box in the basket,FULL_HIT,0.998777,0.005532,0.001852,0.401542,7.825954,0.011141,0.012443,8.350568,0,0
0,38,7,put both the alphabet soup and the cream cheese box in the basket,FULL_HIT,0.998783,0.005065,0.002188,0.402385,8.129354,0.013814,0.006402,8.668342,0,0
0,38,8,put both the alphabet soup and the cream cheese box in the basket,FULL_HIT,0.998774,0.005121,0.002214,0.423587,7.984307,0.013082,0.006005,8.540225,0,0
0,38,9,put both the alphabet soup and the cream cheese box in the basket,FULL_HIT,0.998727,0.005266,0.002497,0.410493,7.807419,0.013388,0.005446,8.350382,0,0
0,38,10,put both the alphabet soup and the cream cheese box in the basket,FULL_HIT,0.998676,0.005244,0.002340,0.393382,8.089306,0.013347,0.006231,8.625621,0,0
0,38,11,put both the alphabet soup and the cream cheese box in the basket,FULL_HIT,0.998684,0.005060,0.001704,0.412511,7.642624,0.014851,0.005559,8.185816,0,0
0,38,12,put both the alphabet soup and the cream cheese box in the basket,FULL_HIT,0.998720,0.004673,0.007531,0.423557,7.575747,0.013630,0.005363,8.172163,0,0
0,38,13,put both the alphabet soup and the cream cheese box in the basket,FULL_HIT,0.998646,0.005612,0.001600,0.384546,7.571640,0.013195,0.005421,8.078116,0,0
0,38,14,put both the alphabet soup and the cream cheese box in the basket,FULL_HIT,0.998486,0.004976,0.001664,0.379865,7.670808,0.014300,0.005500,8.184865,0,0
0,38,15,put both the alphabet soup and the cream cheese box in the basket,FULL_HIT,0.998465,0.004871,0.001782,0.402506,7.568856,0.013119,0.005384,8.096095,0,0
0,38,16,put both the alphabet soup and the cream cheese box in the basket,FULL_HIT,0.998409,0.004560,0.002087,0.402422,7.542761,0.014044,0.005044,8.067452,0,0
0,38,17,put both the alphabet soup and the cream cheese box in the basket,FULL_HIT,0.998316,0.004600,0.001905,0.385283,7.520058,0.014396,0.005627,8.030149,0,0
0,38,18,put both the alphabet soup and the cream cheese box in the basket,FULL_HIT,0.998284,0.004678,0.001757,0.391758,7.534718,0.014152,0.006048,8.049461,0,0
0,38,19,put both the alphabet soup and the cream cheese box in the basket,FULL_HIT,0.998236,0.004804,0.001689,0.389856,7.609880,0.014486,0.006530,8.125171,0,0
0,38,20,put both the alphabet soup and the cream cheese box in the basket,FULL_HIT,0.998228,0.005104,0.001689,0.392214,7.428421,0.014172,0.005815,7.959239,0,0
0,38,21,put both the alphabet soup and the cream cheese box in the basket,FULL_HIT,0.998168,0.013452,0.001836,0.390032,7.480752,0.013669,0.005378,8.002855,0,0
0,38,22,put both the alphabet soup and the cream cheese box in the basket,FULL_HIT,0.998086,0.004766,0.001618,0.384261,7.523990,0.014501,0.005713,8.032567,0,0
0,38,23,put both the alphabet soup and the cream cheese box in the basket,FULL_HIT,0.998191,0.004546,0.001765,0.383220,7.610892,0.013424,0.005603,8.129786,0,0
0,38,24,put both the alphabet soup and the cream cheese box in the basket,FULL_HIT,0.998258,0.005211,0.001735,0.453534,7.550439,0.012848,0.005230,8.133394,0,0
0,38,25,put both the alphabet soup and the cream cheese box in the basket,FULL_HIT,0.998220,0.004836,0.001993,0.386655,7.797308,0.014633,0.005932,8.325300,0,0
0,38,26,put both the alphabet soup and the cream cheese box in the basket,FULL_HIT,0.998190,0.005068,0.001866,0.433935,7.948879,0.013359,0.005468,8.508102,0,0
0,38,27,put both the alphabet soup and the cream cheese box in the basket,FULL_HIT,0.998214,0.004773,0.001853,0.408082,7.781779,0.013352,0.005934,8.314441,0,0
0,38,28,put both the alphabet soup and the cream cheese box in the basket,FULL_HIT,0.998208,0.005473,0.002146,0.421542,7.830949,0.014503,0.006125,8.385740,0,0
0,38,29,put both the alphabet soup and the cream cheese box in the basket,FULL_HIT,0.998273,0.004735,0.002031,0.429398,7.633205,0.013303,0.005510,8.186837,0,0
0,38,30,put both the alphabet soup and the cream cheese box in the basket,FULL_HIT,0.998415,0.005201,0.001670,0.392830,7.597829,0.013040,0.005410,8.111953,0,0
0,38,31,put both the alphabet soup and the cream cheese box in the basket,FULL_HIT,0.998367,0.004973,0.001783,0.396419,7.747574,0.014444,0.006296,8.279090,0,0
0,38,32,put both the alphabet soup and the cream cheese box in the basket,FULL_HIT,0.998503,0.004739,0.001676,0.396838,7.593393,0.013559,0.006038,8.115669,0,0
0,38,33,put both the alphabet soup and the cream cheese box in the basket,FULL_HIT,0.998507,0.004840,0.001952,0.396577,7.755713,0.013399,0.005383,8.307072,0,0
0,38,34,put both the alphabet soup and the cream cheese box in the basket,FULL_HIT,0.998429,0.004393,0.001665,0.397409,7.531361,0.013786,0.005447,8.051570,0,0
0,38,35,put both the alphabet soup and the cream cheese box in the basket,FULL_HIT,0.998369,0.004489,0.001764,0.397782,7.538046,0.013040,0.005337,8.057234,0,0
0,38,36,put both the alphabet soup and the cream cheese box in the basket,FULL_HIT,0.998353,0.004731,0.001807,0.405759,7.654644,0.014390,0.005664,8.199161,0,0
0,38,37,put both the alphabet soup and the cream cheese box in the basket,FULL_HIT,0.998314,0.005279,0.001733,0.409692,7.625122,0.013800,0.017948,8.169778,0,0
0,38,38,put both the alphabet soup and the cream cheese box in the basket,FULL_HIT,0.998299,0.005256,0.001797,0.390010,7.433816,0.013512,0.005697,7.955126,0,0
0,38,39,put both the alphabet soup and the cream cheese box in the basket,FULL_HIT,0.998587,0.005240,0.002230,0.397767,7.456019,0.014422,0.006262,7.984412,0,0
0,38,40,put both the alphabet soup and the cream cheese box in the basket,FULL_HIT,0.998524,0.004913,0.002216,0.384378,7.408425,0.013720,0.005131,7.916236,0,0
0,38,41,put both the alphabet soup and the cream cheese box in the basket,FULL_HIT,0.998560,0.004598,0.001767,0.388064,7.417391,0.013814,0.005223,7.943810,0,0
0,38,42,put both the alphabet soup and the cream cheese box in the basket,FULL_HIT,0.998593,0.004621,0.001740,0.387209,7.395456,0.014111,0.005603,7.924801,0,0
0,38,43,put both the alphabet soup and the cream cheese box in the basket,FULL_HIT,0.998599,0.004807,0.001849,0.404852,7.476369,0.013857,0.005602,8.038468,0,0
0,38,44,put both the alphabet soup and the cream cheese box in the basket,FULL_HIT,0.998589,0.004558,0.001840,0.421254,7.507348,0.013425,0.005885,8.068461,0,0
0,38,45,put both the alphabet soup and the cream cheese box in the basket,FULL_HIT,0.998616,0.004758,0.001716,0.390093,7.595160,0.013061,0.005251,8.110630,0,0
0,38,46,put both the alphabet soup and the cream cheese box in the basket,FULL_HIT,0.998586,0.004755,0.001902,0.394792,7.510582,0.013746,0.005919,8.062050,0,0
0,38,47,put both the alphabet soup and the cream cheese box in the basket,FULL_HIT,0.998539,0.004717,0.002083,0.421492,7.861269,0.014102,0.005507,8.426515,0,0
0,38,48,put both the alphabet soup and the cream cheese box in the basket,FULL_HIT,0.998537,0.004668,0.001728,0.381399,7.793591,0.014266,0.005805,8.301441,0,0
0,38,49,put both the alphabet soup and the cream cheese box in the basket,FULL_HIT,0.998547,0.004586,0.001762,0.412914,7.799330,0.019978,0.005567,8.344515,0,0
0,38,50,put both the alphabet soup and the cream cheese box in the basket,FULL_HIT,0.998474,0.004994,0.001601,0.411821,7.656047,0.013044,0.019168,8.207093,0,0
0,38,51,put both the alphabet soup and the cream cheese box in the basket,FULL_HIT,0.998484,0.004885,0.001746,0.407859,7.818732,0.013969,0.005769,8.350255,0,0
0,38,52,put both the alphabet soup and the cream cheese box in the basket,FULL_HIT,0.998376,0.005118,0.001702,0.382693,7.743516,0.012790,0.005339,8.253595,0,0
0,38,53,put both the alphabet soup and the cream cheese box in the basket,FULL_HIT,0.998284,0.004991,0.001826,0.376624,7.522102,0.013284,0.005509,8.021528,0,0
0,38,54,put both the alphabet soup and the cream cheese box in the basket,FULL_HIT,0.998170,0.004901,0.001867,0.389713,7.525855,0.013214,0.005869,8.040272,0,0
0,39,0,put both the alphabet soup and the cream cheese box in the basket,FULL_HIT,0.998871,0.004381,0.001813,1.030779,7.592443,0.014241,0.006517,8.751809,0,0
0,39,1,put both the alphabet soup and the cream cheese box in the basket,FULL_HIT,0.998849,0.004618,0.001700,0.423618,7.692665,0.014160,0.005763,8.238616,0,0
0,39,2,put both the alphabet soup and the cream cheese box in the basket,FULL_HIT,0.998801,0.004683,0.001735,0.397956,7.573970,0.013273,0.005389,8.103899,0,0
0,39,3,put both the alphabet soup and the cream cheese box in the basket,FULL_HIT,0.998817,0.004680,0.001702,0.436556,7.561985,0.013084,0.009619,8.121824,0,0
0,39,4,put both the alphabet soup and the cream cheese box in the basket,FULL_HIT,0.998804,0.004755,0.001709,0.403208,7.475572,0.012564,0.018924,8.012651,0,0
0,39,5,put both the alphabet soup and the cream cheese box in the basket,FULL_HIT,0.998767,0.004717,0.001656,0.414288,7.548400,0.013501,0.005342,8.097821,0,0
0,39,6,put both the alphabet soup and the cream cheese box in the basket,FULL_HIT,0.998773,0.005398,0.001722,0.396187,7.559657,0.013921,0.017095,8.096183,0,0
0,39,7,put both the alphabet soup and the cream cheese box in the basket,FULL_HIT,0.998802,0.004548,0.001737,0.386871,7.537005,0.014376,0.017394,8.056521,0,0
0,39,8,put both the alphabet soup and the cream cheese box in the basket,FULL_HIT,0.998770,0.004525,0.001814,0.396202,7.459347,0.014145,0.005728,7.997997,0,0
0,39,9,put both the alphabet soup and the cream cheese box in the basket,FULL_HIT,0.998735,0.004996,0.001677,0.392702,7.576289,0.012672,0.005101,8.088148,0,0
0,39,10,put both the alphabet soup and the cream cheese box in the basket,FULL_HIT,0.998652,0.004598,0.001768,0.405437,7.496864,0.013943,0.005837,8.044706,0,0
0,39,11,put both the alphabet soup and the cream cheese box in the basket,FULL_HIT,0.998407,0.004999,0.001685,0.423521,7.526556,0.013152,0.006899,8.076702,0,0
0,39,12,put both the alphabet soup and the cream cheese box in the basket,FULL_HIT,0.998444,0.004633,0.001763,0.402964,7.543746,0.013906,0.005974,8.068536,0,0
0,39,13,put both the alphabet soup and the cream cheese box in the basket,FULL_HIT,0.998453,0.004666,0.001755,0.429006,7.519310,0.013720,0.006187,8.083935,0,0
0,39,14,put both the alphabet soup and the cream cheese box in the basket,FULL_HIT,0.998462,0.004928,0.001744,0.386093,7.607899,0.013715,0.005494,8.139137,0,0
0,39,15,put both the alphabet soup and the cream cheese box in the basket,FULL_HIT,0.998406,0.004940,0.001750,0.404287,7.483586,0.014173,0.005653,8.009252,0,0
0,39,16,put both the alphabet soup and the cream cheese box in the basket,FULL_HIT,0.998323,0.005411,0.001666,0.419271,7.505350,0.013747,0.006525,8.061580,0,0
0,39,17,put both the alphabet soup and the cream cheese box in the basket,FULL_HIT,0.998380,0.005083,0.001841,0.458571,13.172947,0.013605,0.009252,13.762852,0,0
0,39,18,put both the alphabet soup and the cream cheese box in the basket,FULL_HIT,0.998423,0.020420,0.001863,0.403659,8.276276,0.013749,0.006625,8.853786,0,0
0,39,19,put both the alphabet soup and the cream cheese box in the basket,FULL_HIT,0.998447,0.005302,0.002102,0.389996,8.165019,0.014498,0.018467,8.738512,0,0
0,39,20,put both the alphabet soup and the cream cheese box in the basket,FULL_HIT,0.998468,0.004937,0.002044,0.439541,8.221061,0.014192,0.005687,8.792383,0,0
0,39,21,put both the alphabet soup and the cream cheese box in the basket,FULL_HIT,0.998552,0.005094,0.001874,0.414370,8.336117,0.013552,0.005409,8.888960,0,0
0,39,22,put both the alphabet soup and the cream cheese box in the basket,FULL_HIT,0.998610,0.005010,0.001711,0.416999,7.671840,0.012664,0.005350,8.210154,0,0
0,39,23,put both the alphabet soup and the cream cheese box in the basket,FULL_HIT,0.998591,0.005745,0.001735,0.419363,7.611875,0.013958,0.014936,8.167381,0,0
0,39,24,put both the alphabet soup and the cream cheese box in the basket,FULL_HIT,0.998630,0.005172,0.001807,0.436877,7.579853,0.012721,0.005393,8.150856,0,0
0,39,25,put both the alphabet soup and the cream cheese box in the basket,FULL_HIT,0.998590,0.004716,0.001831,0.383965,7.657269,0.013378,0.009310,8.166428,0,0
0,39,26,put both the alphabet soup and the cream cheese box in the basket,FULL_HIT,0.998628,0.004605,0.001932,0.458982,7.731566,0.021278,0.005348,8.333201,0,0
0,39,27,put both the alphabet soup and the cream cheese box in the basket,FULL_HIT,0.998611,0.004615,0.001670,0.386314,7.573051,0.013525,0.005035,8.078340,0,0
0,39,28,put both the alphabet soup and the cream cheese box in the basket,FULL_HIT,0.998663,0.005085,0.001769,0.384874,7.530550,0.013263,0.004970,8.035610,0,0
0,39,29,put both the alphabet soup and the cream cheese box in the basket,FULL_HIT,0.998673,0.005523,0.001659,0.388357,7.439365,0.012832,0.005572,7.962162,0,0
0,39,30,put both the alphabet soup and the cream cheese box in the basket,FULL_HIT,0.998712,0.005066,0.001821,0.386735,7.532883,0.013021,0.018804,8.053391,0,0
0,39,31,put both the alphabet soup and the cream cheese box in the basket,FULL_HIT,0.998582,0.004730,0.001807,0.391102,7.599820,0.013021,0.005187,8.111648,0,0
0,39,32,put both the alphabet soup and the cream cheese box in the basket,FULL_HIT,0.998627,0.004711,0.001769,0.385218,7.484628,0.013549,0.005713,8.007769,0,0
0,39,33,put both the alphabet soup and the cream cheese box in the basket,FULL_HIT,0.998613,0.004909,0.001851,0.426339,8.178592,0.014123,0.017054,8.744785,0,0
0,39,34,put both the alphabet soup and the cream cheese box in the basket,FULL_HIT,0.998575,0.005557,0.001999,0.470052,8.708161,0.012725,0.008278,9.312962,0,0
0,39,35,put both the alphabet soup and the cream cheese box in the basket,FULL_HIT,0.998456,0.005322,0.001982,0.488318,8.705771,0.013033,0.006002,9.324910,0,0
0,39,36,put both the alphabet soup and the cream cheese box in the basket,FULL_HIT,0.998359,0.006132,0.002012,0.472722,8.646904,0.013142,0.005515,9.250876,0,0
0,39,37,put both the alphabet soup and the cream cheese box in the basket,FULL_HIT,0.998259,0.006497,0.002031,10.081022,16.801778,0.012640,0.005513,27.020454,0,0
0,39,38,put both the alphabet soup and the cream cheese box in the basket,FULL_HIT,0.998120,0.004991,0.001796,0.461196,8.338269,0.011615,0.004630,8.913736,0,0
0,39,39,put both the alphabet soup and the cream cheese box in the basket,FULL_HIT,0.997709,0.005019,0.001648,0.427381,8.545188,0.011818,0.004846,9.101405,0,0
0,39,40,put both the alphabet soup and the cream cheese box in the basket,FULL_HIT,0.997354,0.004630,0.001761,0.406394,8.291122,0.011967,0.004457,8.817074,0,0
0,39,41,put both the alphabet soup and the cream cheese box in the basket,FULL_HIT,0.996699,0.005218,0.001684,0.406758,8.382916,0.011396,0.004603,8.905174,0,0
0,39,42,put both the alphabet soup and the cream cheese box in the basket,FULL_HIT,0.995618,0.004649,0.001760,0.416625,8.368794,0.013380,0.007836,8.915203,0,0
0,39,43,put both the alphabet soup and the cream cheese box in the basket,FULL_HIT,0.996173,0.004863,0.002153,0.409644,8.455743,0.012712,0.005332,8.990350,0,0
0,39,44,put both the alphabet soup and the cream cheese box in the basket,FULL_HIT,0.995190,0.004552,0.001694,0.392838,7.525600,0.010418,0.004652,8.035584,0,0
0,39,45,put both the alphabet soup and the cream cheese box in the basket,FULL_HIT,0.995928,0.004480,0.001805,0.403894,7.377004,0.010579,0.004963,7.893667,0,0
0,39,46,put both the alphabet soup and the cream cheese box in the basket,FULL_HIT,0.996128,0.004528,0.001716,0.381534,7.408836,0.010411,0.004743,7.902514,0,0
0,39,47,put both the alphabet soup and the cream cheese box in the basket,FULL_HIT,0.995110,0.005009,0.001781,0.373483,7.460086,0.011396,0.004485,7.959793,0,0
0,39,48,put both the alphabet soup and the cream cheese box in the basket,FULL_HIT,0.995775,0.004871,0.001907,0.406396,7.484260,0.010090,0.005129,8.014616,0,0
0,39,49,put both the alphabet soup and the cream cheese box in the basket,FULL_HIT,0.995459,0.004945,0.001730,0.395537,7.618278,0.010990,0.004545,8.123444,0,0
0,39,50,put both the alphabet soup and the cream cheese box in the basket,FULL_HIT,0.994872,0.004532,0.001649,0.388610,7.481562,0.010813,0.004824,7.992828,0,0
0,39,51,put both the alphabet soup and the cream cheese box in the basket,FULL_HIT,0.996396,0.005093,0.001673,0.374738,7.601004,0.011225,0.004906,8.088512,0,0
0,39,52,put both the alphabet soup and the cream cheese box in the basket,FULL_HIT,0.996060,0.004655,0.001778,0.417002,7.684963,0.011084,0.004725,8.215746,0,0
0,39,53,put both the alphabet soup and the cream cheese box in the basket,FULL_HIT,0.995737,0.004777,0.001836,0.386262,7.424887,0.011060,0.005438,7.935534,0,0
0,39,54,put both the alphabet soup and the cream cheese box in the basket,FULL_HIT,0.995819,0.004582,0.001642,0.385481,7.598656,0.011339,0.004596,8.096653,0,0
0,39,55,put both the alphabet soup and the cream cheese box in the basket,FULL_HIT,0.993372,0.004672,0.001731,0.389966,7.524240,0.011574,0.005059,8.027575,0,0
0,40,0,put both moka pots on the stove,FULL_HIT,0.998838,0.004782,0.001783,0.981325,27.074229,0.010433,0.005344,28.184661,0,0
0,40,1,put both moka pots on the stove,FULL_HIT,0.998678,0.004537,0.001706,0.403808,9.848745,0.011667,0.004569,10.373837,0,0
0,40,2,put both moka pots on the stove,FULL_HIT,0.998591,0.004415,0.001840,0.385300,9.930408,0.011591,0.005766,10.440707,0,0
0,40,3,put both moka pots on the stove,FULL_HIT,0.998590,0.004574,0.002042,0.386310,9.795950,0.010569,0.016402,10.304009,0,0
0,40,4,put both moka pots on the stove,FULL_HIT,0.998578,0.004575,0.002322,0.376029,9.942508,0.011109,0.004746,10.430571,0,0
0,40,5,put both moka pots on the stove,FULL_HIT,0.998549,0.004828,0.001689,0.390018,9.934032,0.011254,0.005292,10.442086,0,0
0,40,6,put both moka pots on the stove,FULL_HIT,0.998555,0.005005,0.001963,0.393388,9.955196,0.011109,0.004631,10.459000,0,0
0,40,7,put both moka pots on the stove,FULL_HIT,0.998577,0.004501,0.001713,0.390343,10.120754,0.014828,0.005913,10.640653,0,0
0,40,8,put both moka pots on the stove,FULL_HIT,0.998586,0.005273,0.002326,0.397436,10.099761,0.013259,0.005955,10.642005,0,0
0,40,9,put both moka pots on the stove,FULL_HIT,0.998575,0.005119,0.001882,0.387621,9.999873,0.011046,0.004631,10.500202,0,0
0,40,10,put both moka pots on the stove,FULL_HIT,0.998568,0.004853,0.001619,0.386471,9.778372,0.012955,0.004904,10.298115,0,0
0,40,11,put both moka pots on the stove,FULL_HIT,0.998635,0.004611,0.001717,0.404421,9.873901,0.013602,0.015296,10.405158,0,0
0,40,12,put both moka pots on the stove,FULL_HIT,0.998711,0.004979,0.001753,0.395150,9.811352,0.010633,0.014043,10.325892,0,0
0,40,13,put both moka pots on the stove,FULL_HIT,0.998721,0.005099,0.002376,0.388483,9.875214,0.010312,0.005247,10.384280,0,0
0,40,14,put both moka pots on the stove,FULL_HIT,0.998694,0.004467,0.001850,0.394574,9.818503,0.009962,0.004912,10.323842,0,0
0,40,15,put both moka pots on the stove,FULL_HIT,0.998640,0.004507,0.001974,0.394414,9.797005,0.010512,0.004560,10.301022,0,0
0,40,16,put both moka pots on the stove,FULL_HIT,0.998658,0.004582,0.001688,0.385581,9.832556,0.011174,0.004444,10.338805,0,0
0,40,17,put both moka pots on the stove,FULL_HIT,0.998626,0.004641,0.001763,0.382305,9.859144,0.010165,0.004650,10.350332,0,0
0,40,18,put both moka pots on the stove,FULL_HIT,0.998626,0.004653,0.001670,0.394745,9.919720,0.010529,0.004794,10.434337,0,0
0,40,19,put both moka pots on the stove,FULL_HIT,0.998600,0.004975,0.001715,0.379762,9.795722,0.010720,0.004726,10.286100,0,0
0,40,20,put both moka pots on the stove,FULL_HIT,0.998547,0.004698,0.001834,0.385807,9.810007,0.010324,0.004680,10.306138,0,0
0,40,21,put both moka pots on the stove,FULL_HIT,0.998513,0.004686,0.001791,0.386348,9.981693,0.011300,0.004901,10.497182,0,0
0,40,22,put both moka pots on the stove,FULL_HIT,0.998187,0.004653,0.001732,0.388524,9.902316,0.010150,0.004479,10.400687,0,0
0,40,23,put both moka pots on the stove,FULL_HIT,0.997758,0.004724,0.001820,0.381832,9.859011,0.011243,0.005054,10.355100,0,0
0,40,24,put both moka pots on the stove,FULL_HIT,0.998277,0.004701,0.001779,0.381626,9.801182,0.010574,0.004796,10.304864,0,0
0,40,25,put both moka pots on the stove,FULL_HIT,0.998316,0.004711,0.001796,0.390978,9.859644,0.011398,0.004340,10.361828,0,0
0,40,26,put both moka pots on the stove,FULL_HIT,0.998301,0.004569,0.001753,0.396053,9.922927,0.011409,0.004874,10.430332,0,0
0,40,27,put both moka pots on the stove,FULL_HIT,0.998203,0.004545,0.002034,0.386262,9.824038,0.013397,0.005226,10.326332,0,0
0,40,28,put both moka pots on the stove,FULL_HIT,0.998265,0.004751,0.001897,0.377646,9.841349,0.013340,0.005892,10.340013,0,0
0,40,29,put both moka pots on the stove,FULL_HIT,0.998231,0.004503,0.001669,0.379332,9.864250,0.013248,0.004851,10.360438,0,0
0,40,30,put both moka pots on the stove,FULL_HIT,0.998220,0.004849,0.001760,0.380899,9.815987,0.012196,0.004918,10.312241,0,0
0,40,31,put both moka pots on the stove,FULL_HIT,0.998234,0.004864,0.002117,0.383965,10.019965,0.013729,0.005636,10.537414,0,0
0,40,32,put both moka pots on the stove,FULL_HIT,0.998239,0.005271,0.001926,0.389699,10.267213,0.013742,0.015417,10.804058,0,0
0,40,33,put both moka pots on the stove,FULL_HIT,0.998238,0.005736,0.002252,0.405525,10.094248,0.014667,0.005639,10.632578,0,0
0,40,34,put both moka pots on the stove,FULL_HIT,0.998254,0.005938,0.002439,0.410891,10.122906,0.014628,0.005428,10.682362,0,0
0,40,35,put both moka pots on the stove,FULL_HIT,0.998181,0.005348,0.002128,0.397795,10.107179,0.013672,0.017092,10.651900,0,0
0,40,36,put both moka pots on the stove,FULL_HIT,0.998211,0.005624,0.002131,0.401432,10.140454,0.013448,0.005735,10.676264,0,0
0,40,37,put both moka pots on the stove,FULL_HIT,0.998192,0.004935,0.002455,0.390524,10.132059,0.013750,0.005511,10.663331,0,0
0,40,38,put both moka pots on the stove,FULL_HIT,0.998170,0.004649,0.001730,0.385947,10.298571,0.013539,0.005948,10.808817,0,0
0,40,39,put both moka pots on the stove,FULL_HIT,0.998243,0.005529,0.002888,0.402578,10.123815,0.013709,0.006641,10.661259,0,0
0,40,40,put both moka pots on the stove,FULL_HIT,0.998291,0.006029,0.002428,0.424416,10.339219,0.013053,0.005732,10.916822,0,0
0,40,41,put both moka pots on the stove,FULL_HIT,0.998254,0.005313,0.001706,0.393317,9.843001,0.014123,0.005631,10.373025,0,0
0,40,42,put both moka pots on the stove,FULL_HIT,0.998251,0.005022,0.002006,0.399037,10.158237,0.014149,0.005583,10.696501,0,0
0,40,43,put both moka pots on the stove,FULL_HIT,0.998329,0.004712,0.002060,0.383994,9.993276,0.012787,0.006075,10.505338,0,0
0,40,44,put both moka pots on the stove,FULL_HIT,0.998417,0.005165,0.001951,0.385850,9.986235,0.012542,0.005893,10.500093,0,0
0,40,45,put both moka pots on the stove,FULL_HIT,0.998431,0.004731,0.001643,0.392876,9.941974,0.013665,0.005486,10.468094,0,0
0,40,46,put both moka pots on the stove,FULL_HIT,0.998428,0.005281,0.002032,0.385778,10.062307,0.013686,0.006460,10.577385,0,0
0,40,47,put both moka pots on the stove,FULL_HIT,0.998381,0.005011,0.001985,0.384549,9.953802,0.014075,0.006072,10.478075,0,0
0,40,48,put both moka pots on the stove,FULL_HIT,0.998437,0.004771,0.002022,0.390546,9.931591,0.013510,0.006175,10.461952,0,0
0,40,49,put both moka pots on the stove,FULL_HIT,0.998415,0.004781,0.001781,0.381139,10.042819,0.014164,0.005494,10.550239,0,0
0,40,50,put both moka pots on the stove,FULL_HIT,0.998351,0.004994,0.001985,0.391125,10.080574,0.013020,0.005724,10.615179,0,0
0,40,51,put both moka pots on the stove,FULL_HIT,0.998327,0.005704,0.001986,0.382613,9.988869,0.013423,0.006166,10.501127,0,0
0,40,52,put both moka pots on the stove,FULL_HIT,0.998231,0.005339,0.001803,0.382304,10.011061,0.013255,0.005389,10.521951,0,0
0,40,53,put both moka pots on the stove,FULL_HIT,0.998154,0.004857,0.001778,0.387328,9.927761,0.013385,0.006219,10.447610,0,0
0,40,54,put both moka pots on the stove,FULL_HIT,0.998226,0.004837,0.002012,0.395795,10.327907,0.013453,0.005323,10.848584,0,0
0,40,55,put both moka pots on the stove,FULL_HIT,0.998262,0.004907,0.001833,0.381873,10.404213,0.013910,0.005732,10.919623,0,0
0,40,56,put both moka pots on the stove,FULL_HIT,0.998224,0.004752,0.001851,0.405510,10.041647,0.013164,0.005863,10.580939,0,0
0,40,57,put both moka pots on the stove,FULL_HIT,0.998292,0.005283,0.001784,0.402714,10.019591,0.013955,0.005599,10.558071,0,0
0,40,58,put both moka pots on the stove,FULL_HIT,0.998266,0.005560,0.001794,0.370522,10.122703,0.013391,0.005685,10.628293,0,0
0,40,59,put both moka pots on the stove,FULL_HIT,0.998096,0.004804,0.001757,0.406445,10.118111,0.013466,0.005366,10.648431,0,0
0,40,60,put both moka pots on the stove,FULL_HIT,0.997892,0.005496,0.001919,0.420735,10.912102,0.015392,0.006285,11.467898,0,0
0,40,61,put both moka pots on the stove,FULL_HIT,0.997519,0.004631,0.001771,0.377385,10.215818,0.013861,0.005393,10.747574,0,0
0,40,62,put both moka pots on the stove,FULL_HIT,0.997230,0.004353,0.001803,0.372038,9.845529,0.014578,0.005486,10.342420,0,0
0,40,63,put both moka pots on the stove,FULL_HIT,0.997168,0.005456,0.001726,0.398488,9.931095,0.013847,0.005624,10.466622,0,0
0,40,64,put both moka pots on the stove,FULL_HIT,0.997364,0.004432,0.001970,0.369340,9.838773,0.014659,0.005390,10.331944,0,0
0,40,65,put both moka pots on the stove,FULL_HIT,0.997932,0.004696,0.001645,0.375148,9.779904,0.013739,0.005198,10.278088,0,0
0,40,66,put both moka pots on the stove,FULL_HIT,0.997785,0.004732,0.001836,0.367357,9.760135,0.014575,0.006359,10.266404,0,0
0,40,67,put both moka pots on the stove,FULL_HIT,0.997638,0.004654,0.001796,0.368443,9.718397,0.013878,0.005758,10.222657,0,0
0,40,68,put both moka pots on the stove,FULL_HIT,0.997639,0.004533,0.001650,0.361311,9.853512,0.014546,0.005689,10.338861,0,0
0,40,69,put both moka pots on the stove,FULL_HIT,0.997680,0.004840,0.001688,0.366703,9.712273,0.013127,0.005349,10.209144,0,0
0,40,70,put both moka pots on the stove,FULL_HIT,0.997610,0.004418,0.001721,0.365128,9.895308,0.014334,0.005651,10.383061,0,0
0,40,71,put both moka pots on the stove,FULL_HIT,0.997637,0.004586,0.001770,0.369976,9.838719,0.013208,0.008123,10.345602,0,0
0,40,72,put both moka pots on the stove,FULL_HIT,0.997591,0.004337,0.001588,0.374077,9.694543,0.013855,0.005623,10.193637,0,0
0,40,73,put both moka pots on the stove,FULL_HIT,0.997634,0.004575,0.001789,0.368893,9.768991,0.014168,0.005604,10.261028,0,0
0,40,74,put both moka pots on the stove,FULL_HIT,0.997477,0.004855,0.001619,0.378955,10.186210,0.013575,0.005474,10.702835,0,0
0,41,0,put both moka pots on the stove,FULL_HIT,0.998857,0.004739,0.002151,1.014247,10.482211,0.012566,0.005719,11.620969,0,0
0,41,1,put both moka pots on the stove,FULL_HIT,0.998779,0.004476,0.001796,0.423229,10.152199,0.012798,0.006867,10.697274,0,0
0,41,2,put both moka pots on the stove,FULL_HIT,0.998680,0.004813,0.002299,0.375296,9.886065,0.013769,0.005618,10.380786,0,0
0,41,3,put both moka pots on the stove,FULL_HIT,0.998701,0.004476,0.001764,0.374706,9.821750,0.013969,0.006256,10.316171,0,0
0,41,4,put both moka pots on the stove,FULL_HIT,0.998705,0.004415,0.001859,0.372738,9.828670,0.012819,0.005496,10.319192,0,0
0,41,5,put both moka pots on the stove,FULL_HIT,0.998671,0.004507,0.001712,0.366767,9.749302,0.013254,0.005586,10.248113,0,0
0,41,6,put both moka pots on the stove,FULL_HIT,0.998683,0.004556,0.001736,0.372008,9.738522,0.012726,0.005492,10.240067,0,0
0,41,7,put both moka pots on the stove,FULL_HIT,0.998727,0.004235,0.001754,0.367508,9.838181,0.012726,0.012926,10.338189,0,0
0,41,8,put both moka pots on the stove,FULL_HIT,0.998726,0.004550,0.001914,0.403540,9.825360,0.013031,0.005349,10.348145,0,0
0,41,9,put both moka pots on the stove,FULL_HIT,0.998707,0.004563,0.001775,0.378526,9.823831,0.013605,0.005284,10.326500,0,0
0,41,10,put both moka pots on the stove,FULL_HIT,0.998697,0.004432,0.001658,0.366240,9.775259,0.013170,0.005474,10.276411,0,0
0,41,11,put both moka pots on the stove,FULL_HIT,0.998715,0.020276,0.001715,0.416026,10.228388,0.013312,0.006233,10.797756,0,0
0,41,12,put both moka pots on the stove,FULL_HIT,0.998728,0.021956,0.001817,0.425412,10.178466,0.013977,0.005663,10.771269,0,0
0,41,13,put both moka pots on the stove,FULL_HIT,0.998711,0.004666,0.001675,0.476626,10.787732,0.014209,0.012055,11.412254,0,0
0,41,14,put both moka pots on the stove,FULL_HIT,0.998658,0.004578,0.001705,0.418417,10.344211,0.014324,0.005983,10.900011,0,0
0,41,15,put both moka pots on the stove,FULL_HIT,0.998580,0.004270,0.001797,0.425564,10.239055,0.020119,0.008005,10.826024,0,0
0,41,16,put both moka pots on the stove,FULL_HIT,0.998701,0.004593,0.001775,0.381378,9.966455,0.013175,0.005658,10.483088,0,0
0,41,17,put both moka pots on the stove,FULL_HIT,0.998654,0.004396,0.001702,0.375691,10.016704,0.013931,0.005588,10.516758,0,0
0,41,18,put both moka pots on the stove,FULL_HIT,0.998628,0.004357,0.001781,0.377728,10.187397,0.013089,0.005574,10.694584,0,0
0,41,19,put both moka pots on the stove,FULL_HIT,0.998651,0.004814,0.002412,0.383200,10.083975,0.014132,0.032124,10.617208,0,0
0,41,20,put both moka pots on the stove,FULL_HIT,0.998682,0.004547,0.001734,0.386351,10.041619,0.012921,0.005845,10.558679,0,0
0,41,21,put both moka pots on the stove,FULL_HIT,0.998732,0.004657,0.001811,0.390373,9.855237,0.012860,0.005316,10.364720,0,0
0,41,22,put both moka pots on the stove,FULL_HIT,0.998109,0.004608,0.001941,0.386883,9.842414,0.013520,0.005326,10.346946,0,0
0,41,23,put both moka pots on the stove,FULL_HIT,0.997207,0.004321,0.001732,0.374683,9.875635,0.013197,0.005464,10.380846,0,0
0,41,24,put both moka pots on the stove,FULL_HIT,0.997520,0.004980,0.001752,0.381751,9.720648,0.012428,0.006121,10.221257,0,0
0,41,25,put both moka pots on the stove,FULL_HIT,0.997612,0.004471,0.001648,0.378500,9.883678,0.013366,0.005541,10.380258,0,0
0,41,26,put both moka pots on the stove,FULL_HIT,0.997545,0.004310,0.001637,0.376342,9.745709,0.013187,0.005226,10.261456,0,0
0,41,27,put both moka pots on the stove,FULL_HIT,0.997716,0.004512,0.001680,0.389092,10.102558,0.012858,0.005329,10.623040,0,0
0,41,28,put both moka pots on the stove,FULL_HIT,0.997708,0.004831,0.001653,0.365861,9.821803,0.013492,0.005561,10.318269,0,0
0,41,29,put both moka pots on the stove,FULL_HIT,0.997641,0.004447,0.001888,0.381032,9.688639,0.012846,0.005259,10.188052,0,0
0,41,30,put both moka pots on the stove,FULL_HIT,0.997727,0.004838,0.001696,0.385585,9.838515,0.013830,0.014052,10.353654,0,0
0,41,31,put both moka pots on the stove,FULL_HIT,0.997604,0.004491,0.001798,0.376745,9.685531,0.013022,0.009422,10.199870,0,0
0,41,32,put both moka pots on the stove,FULL_HIT,0.997677,0.004583,0.001688,0.369395,9.724696,0.013782,0.005532,10.215768,0,0
0,41,33,put both moka pots on the stove,FULL_HIT,0.997639,0.004557,0.001710,0.374188,9.653208,0.012715,0.006097,10.149158,0,0
0,41,34,put both moka pots on the stove,FULL_HIT,0.997613,0.004452,0.001677,0.374971,9.800589,0.013390,0.006370,10.315037,0,0
0,41,35,put both moka pots on the stove,FULL_HIT,0.997591,0.004444,0.001685,0.384711,13.187756,0.012597,0.004656,13.687582,0,0
0,41,36,put both moka pots on the stove,FULL_HIT,0.997736,0.005255,0.002048,11.680967,39.147905,0.012895,0.012910,50.982147,0,0
0,41,37,put both moka pots on the stove,FULL_HIT,0.997781,0.005469,0.001998,11.624891,12.675660,0.012348,0.004645,24.423896,0,0
0,41,38,put both moka pots on the stove,FULL_HIT,0.998102,0.004964,0.001777,0.409138,11.598192,0.012577,0.004982,12.127956,0,0
0,41,39,put both moka pots on the stove,FULL_HIT,0.998442,0.004940,0.001756,0.438168,11.332000,0.012388,0.006980,11.904794,0,0
0,41,40,put both moka pots on the stove,FULL_HIT,0.998545,0.004860,0.001735,0.429933,11.191841,0.013625,0.005504,11.747560,0,0
0,41,41,put both moka pots on the stove,FULL_HIT,0.998610,0.004525,0.002016,0.417210,11.297179,0.013754,0.006019,11.839858,0,0
0,41,42,put both moka pots on the stove,FULL_HIT,0.998661,0.004859,0.001812,0.422573,11.250492,0.012072,0.005456,11.801904,0,0
0,41,43,put both moka pots on the stove,FULL_HIT,0.998646,0.005099,0.001713,0.410110,11.089177,0.012545,0.004852,11.616250,0,0
0,41,44,put both moka pots on the stove,FULL_HIT,0.998642,0.004549,0.001774,0.424720,11.144163,0.010861,0.005628,11.696362,0,0
0,41,45,put both moka pots on the stove,FULL_HIT,0.998667,0.004838,0.001813,0.413296,10.971298,0.010925,0.004865,11.500760,0,0
0,41,46,put both moka pots on the stove,FULL_HIT,0.998689,0.004739,0.002023,0.411139,13.096387,0.012125,0.004640,13.624972,0,0
0,41,47,put both moka pots on the stove,FULL_HIT,0.998706,0.004807,0.001799,0.427324,11.076483,0.011540,0.005951,11.621141,0,0
0,41,48,put both moka pots on the stove,FULL_HIT,0.998725,0.004898,0.002004,0.426181,11.219890,0.011578,0.005351,11.765237,0,0
0,41,49,put both moka pots on the stove,FULL_HIT,0.998704,0.004633,0.001856,0.418648,10.954156,0.011714,0.005514,11.488704,0,0
0,41,50,put both moka pots on the stove,FULL_HIT,0.998691,0.004677,0.001745,0.417906,11.195685,0.012597,0.004989,11.740769,0,0
0,41,51,put both moka pots on the stove,FULL_HIT,0.998666,0.004769,0.001833,0.409424,11.080572,0.010984,0.005756,11.609205,0,0
0,41,52,put both moka pots on the stove,FULL_HIT,0.998642,0.004932,0.001669,0.401940,11.397995,0.012073,0.004726,11.917288,0,0
0,41,53,put both moka pots on the stove,FULL_HIT,0.998624,0.004869,0.001682,0.406083,10.594748,0.011956,0.005172,11.117460,0,0
0,41,54,put both moka pots on the stove,FULL_HIT,0.998553,0.005074,0.001712,0.382113,10.255128,0.011333,0.004799,10.755425,0,0
0,41,55,put both moka pots on the stove,FULL_HIT,0.998456,0.004913,0.002047,0.390172,10.208984,0.011349,0.005282,10.726894,0,0
0,41,56,put both moka pots on the stove,FULL_HIT,0.998411,0.004921,0.001777,0.390688,10.280162,0.010982,0.004603,10.789216,0,0
0,41,57,put both moka pots on the stove,FULL_HIT,0.998319,0.004751,0.001839,0.372934,10.250460,0.012589,0.005838,10.762423,0,0
0,41,58,put both moka pots on the stove,FULL_HIT,0.997665,0.005133,0.001781,0.377941,10.276780,0.011106,0.008511,10.785539,0,0
0,41,59,put both moka pots on the stove,FULL_HIT,0.996891,0.004742,0.001730,0.374379,10.237371,0.013052,0.015218,10.742559,0,0
0,41,60,put both moka pots on the stove,FULL_HIT,0.997538,0.004932,0.001812,0.384013,10.232640,0.011953,0.013639,10.744352,0,0
0,41,61,put both moka pots on the stove,FULL_HIT,0.997919,0.004740,0.001794,0.370305,10.246709,0.011308,0.005148,10.745309,0,0
0,41,62,put both moka pots on the stove,FULL_HIT,0.997960,0.004788,0.001867,0.386175,10.149992,0.011168,0.005057,10.652449,0,0
0,41,63,put both moka pots on the stove,FULL_HIT,0.998128,0.005430,0.001764,0.369347,10.278024,0.012222,0.005143,10.776482,0,0
0,41,64,put both moka pots on the stove,FULL_HIT,0.998008,0.005014,0.001846,0.367974,10.398350,0.023360,0.005755,10.907031,0,0
0,41,65,put both moka pots on the stove,FULL_HIT,0.998088,0.005519,0.002052,0.375950,10.295638,0.020288,0.005082,10.805192,0,0
0,41,66,put both moka pots on the stove,FULL_HIT,0.998135,0.004811,0.001833,0.377650,10.239021,0.013130,0.005383,10.739070,0,0
0,41,67,put both moka pots on the stove,FULL_HIT,0.998035,0.005014,0.001805,0.423488,10.811721,0.013135,0.006452,11.363738,0,0
0,41,68,put both moka pots on the stove,FULL_HIT,0.998013,0.004836,0.001822,0.394687,10.551090,0.010378,0.005231,11.062247,0,0
0,41,69,put both moka pots on the stove,FULL_HIT,0.997701,0.005453,0.001861,0.389385,10.255747,0.011135,0.004686,10.771934,0,0
0,41,70,put both moka pots on the stove,FULL_HIT,0.998331,0.005597,0.001823,0.379641,10.268469,0.010638,0.004843,10.780946,0,0
0,41,71,put both moka pots on the stove,FULL_HIT,0.998355,0.004716,0.001694,0.364618,9.857386,0.010836,0.004518,10.334094,0,0
0,41,72,put both moka pots on the stove,FULL_HIT,0.998361,0.005249,0.001686,0.373056,9.753255,0.010861,0.004860,10.239548,0,0
0,41,73,put both moka pots on the stove,FULL_HIT,0.998363,0.004690,0.001761,0.370629,9.827951,0.010995,0.005837,10.310840,0,0
0,41,74,put both moka pots on the stove,FULL_HIT,0.998346,0.004522,0.001722,0.370966,9.721421,0.011064,0.004533,10.208207,0,0
0,42,0,put both moka pots on the stove,FULL_HIT,0.998865,0.004712,0.001718,0.971356,10.011070,0.011358,0.004968,11.094194,0,0
0,42,1,put both moka pots on the stove,FULL_HIT,0.998840,0.005440,0.001733,0.385420,9.802369,0.011448,0.004974,10.300761,0,0
0,42,2,put both moka pots on the stove,FULL_HIT,0.998827,0.005239,0.001679,0.402208,9.939886,0.011557,0.004913,10.453965,0,0
0,42,3,put both moka pots on the stove,FULL_HIT,0.998806,0.004529,0.001877,0.390761,9.842933,0.011193,0.005531,10.346007,0,0
0,42,4,put both moka pots on the stove,FULL_HIT,0.998789,0.004636,0.001797,0.382245,9.865354,0.010327,0.004325,10.359273,0,0
0,42,5,put both moka pots on the stove,FULL_HIT,0.998775,0.004774,0.001751,0.375524,9.967490,0.010930,0.005191,10.465094,0,0
0,42,6,put both moka pots on the stove,FULL_HIT,0.998753,0.004642,0.001743,0.379383,9.815858,0.011399,0.004620,10.305559,0,0
0,42,7,put both moka pots on the stove,FULL_HIT,0.998748,0.004262,0.001793,0.384753,9.958789,0.011018,0.004633,10.452655,0,0
0,42,8,put both moka pots on the stove,FULL_HIT,0.998755,0.004564,0.001825,0.392840,9.792062,0.012219,0.005128,10.301536,0,0
0,42,9,put both moka pots on the stove,FULL_HIT,0.998746,0.004788,0.001700,0.387441,9.792956,0.012811,0.004979,10.306428,0,0
0,42,10,put both moka pots on the stove,FULL_HIT,0.998773,0.004849,0.001741,0.436965,10.290257,0.012862,0.005223,10.859968,0,0
0,42,11,put both moka pots on the stove,FULL_HIT,0.998783,0.004606,0.001772,0.387143,9.770663,0.011700,0.004803,10.270314,0,0
0,42,12,put both moka pots on the stove,FULL_HIT,0.998805,0.005430,0.002125,0.402420,10.092127,0.013811,0.005540,10.625965,0,0
0,42,13,put both moka pots on the stove,FULL_HIT,0.998783,0.005315,0.002527,0.404502,10.145902,0.013011,0.005684,10.682685,0,0
0,42,14,put both moka pots on the stove,FULL_HIT,0.998741,0.005890,0.002244,0.384757,10.168723,0.014001,0.006055,10.706682,0,0
0,42,15,put both moka pots on the stove,FULL_HIT,0.998726,0.005804,0.002230,0.405688,10.087948,0.013278,0.005934,10.635558,0,0
0,42,16,put both moka pots on the stove,FULL_HIT,0.998706,0.005412,0.002140,0.403075,10.185079,0.013939,0.016659,10.734370,0,0
0,42,17,put both moka pots on the stove,FULL_HIT,0.998690,0.005220,0.002230,0.397907,9.998168,0.012311,0.014592,10.530848,0,0
0,42,18,put both moka pots on the stove,FULL_HIT,0.998681,0.004876,0.001742,0.389987,9.997248,0.013561,0.005657,10.506611,0,0
0,42,19,put both moka pots on the stove,FULL_HIT,0.998670,0.004775,0.001892,0.400953,10.337917,0.013040,0.006377,10.861351,0,0
0,42,20,put both moka pots on the stove,FULL_HIT,0.998570,0.005299,0.001816,0.396351,10.106818,0.013926,0.005677,10.632748,0,0
0,42,21,put both moka pots on the stove,FULL_HIT,0.998498,0.005129,0.002237,0.387978,9.971045,0.013599,0.005813,10.487409,0,0
0,42,22,put both moka pots on the stove,FULL_HIT,0.998421,0.004988,0.001805,0.403112,10.089251,0.012370,0.018921,10.631808,0,0
0,42,23,put both moka pots on the stove,FULL_HIT,0.998450,0.005204,0.002090,0.386724,10.513700,0.012891,0.017098,11.038782,0,0
0,42,24,put both moka pots on the stove,FULL_HIT,0.998498,0.004918,0.001991,0.383656,10.051066,0.013209,0.005728,10.562606,0,0
0,42,25,put both moka pots on the stove,FULL_HIT,0.998459,0.005010,0.001958,0.415753,10.432211,0.013367,0.005816,10.970813,0,0
0,42,26,put both moka pots on the stove,FULL_HIT,0.998412,0.005355,0.002020,0.413760,10.321394,0.013141,0.005767,10.877776,0,0
0,42,27,put both moka pots on the stove,FULL_HIT,0.998398,0.005015,0.001896,0.393628,10.041563,0.013030,0.005653,10.562077,0,0
0,42,28,put both moka pots on the stove,FULL_HIT,0.998375,0.004856,0.001987,0.410170,10.243101,0.013699,0.005834,10.775485,0,0
0,42,29,put both moka pots on the stove,FULL_HIT,0.998378,0.004930,0.002084,0.378700,10.209047,0.013127,0.005566,10.714187,0,0
0,42,30,put both moka pots on the stove,FULL_HIT,0.997532,0.004870,0.002014,0.403813,10.372185,0.014294,0.005437,10.903846,0,0
0,42,31,put both moka pots on the stove,FULL_HIT,0.995712,0.004924,0.001815,0.389853,9.984266,0.012919,0.005364,10.496406,0,0
0,42,32,put both moka pots on the stove,FULL_HIT,0.996960,0.004865,0.001754,0.396396,10.132986,0.013891,0.005930,10.656488,0,0
0,42,33,put both moka pots on the stove,FULL_HIT,0.997301,0.005068,0.001751,0.446192,10.166605,0.013000,0.006244,10.748587,0,0
0,42,34,put both moka pots on the stove,FULL_HIT,0.997794,0.004722,0.001848,0.388776,10.042731,0.013941,0.005556,10.554173,0,0
0,42,35,put both moka pots on the stove,FULL_HIT,0.997804,0.004707,0.001951,0.382036,9.936553,0.014465,0.014625,10.455452,0,0
0,42,36,put both moka pots on the stove,FULL_HIT,0.997723,0.005375,0.001700,0.422393,9.929747,0.014153,0.006314,10.495355,0,0
0,42,37,put both moka pots on the stove,FULL_HIT,0.997713,0.004618,0.002166,0.394340,9.985170,0.013214,0.005997,10.518416,0,0
0,42,38,put both moka pots on the stove,FULL_HIT,0.997813,0.005087,0.001834,0.387625,9.939786,0.013727,0.005775,10.450327,0,0
0,42,39,put both moka pots on the stove,FULL_HIT,0.997810,0.005124,0.001826,0.409097,10.745218,0.014160,0.005924,11.285256,0,0
0,42,40,put both moka pots on the stove,FULL_HIT,0.997844,0.004450,0.002016,0.399848,10.388330,0.013746,0.005842,10.914542,0,0
0,42,41,put both moka pots on the stove,FULL_HIT,0.998060,0.004580,0.001770,0.376354,10.029198,0.013334,0.013468,10.535291,0,0
0,42,42,put both moka pots on the stove,FULL_HIT,0.998219,0.004745,0.001849,0.430517,10.093595,0.012758,0.019112,10.686154,0,0
0,42,43,put both moka pots on the stove,FULL_HIT,0.997971,0.004789,0.001649,0.363070,10.096914,0.022460,0.006034,10.591069,0,0
0,42,44,put both moka pots on the stove,FULL_HIT,0.997399,0.004656,0.001925,0.403548,9.820133,0.013227,0.005517,10.345320,0,0
0,42,45,put both moka pots on the stove,FULL_HIT,0.996535,0.004528,0.001687,0.376126,9.801943,0.013075,0.006280,10.298237,0,0
0,42,46,put both moka pots on the stove,FULL_HIT,0.998278,0.004649,0.001741,0.377999,9.752418,0.013149,0.005283,10.251666,0,0
0,42,47,put both moka pots on the stove,FULL_HIT,0.998149,0.004632,0.001684,0.383006,9.763554,0.013558,0.005889,10.294095,0,0
0,42,48,put both moka pots on the stove,FULL_HIT,0.997946,0.004399,0.001601,0.390043,9.808487,0.013268,0.005704,10.319095,0,0
0,42,49,put both moka pots on the stove,FULL_HIT,0.997655,0.012672,0.001796,0.366779,9.712252,0.013286,0.005801,10.208419,0,0
0,42,50,put both moka pots on the stove,FULL_HIT,0.997484,0.004645,0.001693,0.373535,9.683570,0.013901,0.006057,10.188119,0,0
0,42,51,put both moka pots on the stove,FULL_HIT,0.997425,0.004546,0.001702,0.382043,9.700768,0.013272,0.018702,10.218272,0,0
0,42,52,put both moka pots on the stove,FULL_HIT,0.997375,0.004422,0.001721,0.371557,9.669740,0.013745,0.005266,10.163271,0,0
0,42,53,put both moka pots on the stove,FULL_HIT,0.997256,0.004489,0.001640,0.366061,9.688569,0.013784,0.020462,10.190931,0,0
0,42,54,put both moka pots on the stove,FULL_HIT,0.997272,0.004551,0.001801,0.394156,9.735412,0.014636,0.019746,10.283826,0,0
0,42,55,put both moka pots on the stove,FULL_HIT,0.997192,0.004613,0.001724,0.370735,9.716087,0.013921,0.018673,10.222642,0,0
0,42,56,put both moka pots on the stove,FULL_HIT,0.997229,0.004496,0.001706,0.367180,9.674982,0.014417,0.005371,10.165049,0,0
0,42,57,put both moka pots on the stove,FULL_HIT,0.997403,0.004490,0.001603,0.374825,9.639021,0.014021,0.018411,10.148958,0,0
0,42,58,put both moka pots on the stove,FULL_HIT,0.997763,0.004340,0.001809,0.362611,9.865541,0.014132,0.006516,10.362884,0,0
0,42,59,put both moka pots on the stove,FULL_HIT,0.997988,0.004716,0.001788,0.362949,9.946529,0.013181,0.005817,10.459829,0,0
0,42,60,put both moka pots on the stove,FULL_HIT,0.997950,0.004604,0.001672,0.362343,9.784954,0.013226,0.006040,10.268179,0,0
0,42,61,put both moka pots on the stove,FULL_HIT,0.997962,0.013209,0.001800,0.372685,9.904752,0.013951,0.005686,10.406380,0,0
0,42,62,put both moka pots on the stove,FULL_HIT,0.997897,0.004835,0.001733,0.401267,9.968442,0.013147,0.005584,10.494840,0,0
0,42,63,put both moka pots on the stove,FULL_HIT,0.997858,0.005129,0.001744,0.375740,9.953249,0.014424,0.005775,10.452049,0,0
0,42,64,put both moka pots on the stove,FULL_HIT,0.997772,0.004558,0.001749,0.373421,9.600020,0.012571,0.005532,10.096763,0,0
0,42,65,put both moka pots on the stove,FULL_HIT,0.997402,0.004295,0.001736,0.363654,9.637906,0.013070,0.005572,10.138440,0,0
0,42,66,put both moka pots on the stove,FULL_HIT,0.993943,0.004664,0.001944,0.364085,9.649650,0.013261,0.005084,10.147681,0,0
0,42,67,put both moka pots on the stove,FULL_HIT,0.995068,0.005389,0.001680,0.376069,9.732279,0.013229,0.006283,10.246772,0,0
0,42,68,put both moka pots on the stove,FULL_HIT,0.995880,0.004291,0.001686,0.365213,9.669045,0.012551,0.006020,10.169008,0,0
0,42,69,put both moka pots on the stove,FULL_HIT,0.995792,0.004468,0.001781,0.367635,9.614886,0.013072,0.005691,10.104026,0,0
0,42,70,put both moka pots on the stove,FULL_HIT,0.995958,0.004373,0.001617,0.375506,9.910693,0.013592,0.005853,10.431721,0,0
0,42,71,put both moka pots on the stove,FULL_HIT,0.996024,0.004742,0.001663,0.374226,9.622392,0.013118,0.005640,10.119530,0,0
0,42,72,put both moka pots on the stove,FULL_HIT,0.995882,0.004699,0.001771,0.363837,9.618416,0.012705,0.005426,10.103983,0,0
0,42,73,put both moka pots on the stove,FULL_HIT,0.995457,0.005302,0.001702,0.370093,9.622960,0.012402,0.006531,10.126331,0,0
0,42,74,put both moka pots on the stove,FULL_HIT,0.995117,0.005086,0.001826,0.376913,9.679891,0.012932,0.005666,10.189065,0,0
0,42,75,put both moka pots on the stove,FULL_HIT,0.995370,0.004662,0.001917,0.372203,9.668371,0.012968,0.005242,10.167012,0,0
0,42,76,put both moka pots on the stove,FULL_HIT,0.995257,0.004440,0.001805,0.364089,10.344003,0.013289,0.005541,10.832128,0,0
0,42,77,put both moka pots on the stove,FULL_HIT,0.994891,0.004375,0.001724,0.366296,9.587795,0.013478,0.005363,10.076215,0,0
0,42,78,put both moka pots on the stove,FULL_HIT,0.993829,0.005049,0.001740,0.375369,9.594031,0.012394,0.005408,10.090690,0,0
0,42,79,put both moka pots on the stove,FULL_HIT,0.992508,0.005272,0.001663,0.367353,9.641806,0.012873,0.006006,10.145583,0,0
0,42,80,put both moka pots on the stove,FULL_HIT,0.993501,0.005046,0.001671,0.343827,9.651526,0.013252,0.005335,10.113413,0,0
0,42,81,put both moka pots on the stove,FULL_HIT,0.992474,0.004796,0.001865,0.366782,9.711498,0.013224,0.005682,10.209804,0,0
0,42,82,put both moka pots on the stove,FULL_HIT,0.992288,0.004680,0.001654,0.385009,9.856845,0.013941,0.005412,10.362556,0,0
0,44,0,put both moka pots on the stove,FULL_HIT,0.998854,0.005373,0.001834,0.984989,10.500015,0.013533,0.006131,11.608269,0,0
0,44,1,put both moka pots on the stove,FULL_HIT,0.998831,0.004691,0.001691,0.389383,10.342119,0.013192,0.006727,10.853926,0,0
0,44,2,put both moka pots on the stove,FULL_HIT,0.998819,0.004979,0.001813,0.425628,10.675425,0.013876,0.006010,11.227904,0,0
0,44,3,put both moka pots on the stove,FULL_HIT,0.998743,0.005154,0.001590,0.377147,10.035058,0.013069,0.005289,10.562878,0,0
0,44,4,put both moka pots on the stove,FULL_HIT,0.998705,0.004278,0.001701,0.381395,9.832220,0.012926,0.005140,10.331957,0,0
0,44,5,put both moka pots on the stove,FULL_HIT,0.998667,0.005008,0.001661,0.377305,9.885136,0.018421,0.005581,10.384011,0,0
0,44,6,put both moka pots on the stove,FULL_HIT,0.998671,0.005033,0.001722,0.383698,9.972150,0.012942,0.017673,10.500743,0,0
0,44,7,put both moka pots on the stove,FULL_HIT,0.998704,0.005009,0.001852,0.396520,9.845227,0.024218,0.005592,10.393648,0,0
0,44,8,put both moka pots on the stove,FULL_HIT,0.998727,0.004534,0.001722,0.376295,9.811212,0.013347,0.016034,10.325534,0,0
0,44,9,put both moka pots on the stove,FULL_HIT,0.998736,0.004707,0.001708,0.376149,9.793524,0.012931,0.005571,10.287257,0,0
0,44,10,put both moka pots on the stove,FULL_HIT,0.998665,0.004375,0.001675,0.369558,9.809701,0.013178,0.005684,10.301513,0,0
0,44,11,put both moka pots on the stove,FULL_HIT,0.998578,0.004597,0.001745,0.398175,9.762561,0.013118,0.006110,10.280937,0,0
0,44,12,put both moka pots on the stove,FULL_HIT,0.998546,0.004831,0.001769,0.529213,13.655065,0.012505,0.004803,14.303160,0,0
0,44,13,put both moka pots on the stove,FULL_HIT,0.998601,0.008476,0.003051,13.789789,35.088297,0.016926,0.007788,49.074493,0,0
0,44,14,put both moka pots on the stove,FULL_HIT,0.998583,0.007194,0.002904,4.239130,13.079706,0.014508,0.006757,17.491517,0,0
0,44,15,put both moka pots on the stove,FULL_HIT,0.998578,0.006032,0.002532,0.545467,13.083227,0.016273,0.006845,13.794719,0,0
0,44,16,put both moka pots on the stove,FULL_HIT,0.998510,0.007029,0.002257,0.490834,12.925556,0.015592,0.006960,13.582513,0,0
0,44,17,put both moka pots on the stove,FULL_HIT,0.998380,0.006651,0.002279,0.503266,12.562800,0.014501,0.007012,13.241056,0,0
0,44,18,put both moka pots on the stove,FULL_HIT,0.998275,0.006378,0.002423,0.505728,12.235886,0.013730,0.005821,12.882608,0,0
0,44,19,put both moka pots on the stove,FULL_HIT,0.998282,0.004649,0.001742,0.393804,9.957727,0.011233,0.004803,10.465626,0,0
0,44,20,put both moka pots on the stove,FULL_HIT,0.998128,0.004947,0.001744,0.387318,9.924588,0.011201,0.004719,10.426913,0,0
0,44,21,put both moka pots on the stove,FULL_HIT,0.996938,0.005263,0.001811,0.395203,9.994882,0.010535,0.015847,10.516226,0,0
0,44,22,put both moka pots on the stove,FULL_HIT,0.994480,0.005374,0.001729,0.393569,9.902336,0.012232,0.014013,10.434446,0,0
0,44,23,put both moka pots on the stove,FULL_HIT,0.994717,0.005424,0.001906,0.437382,9.923986,0.011456,0.005358,10.477919,0,0
0,44,24,put both moka pots on the stove,FULL_HIT,0.994856,0.005022,0.002118,0.388609,9.919950,0.010757,0.005755,10.435024,0,0
0,44,25,put both moka pots on the stove,FULL_HIT,0.995716,0.005216,0.001644,0.388356,9.880889,0.011446,0.004571,10.381833,0,0
0,44,26,put both moka pots on the stove,FULL_HIT,0.996389,0.005089,0.001826,0.399813,9.926219,0.010378,0.004906,10.437524,0,0
0,44,27,put both moka pots on the stove,FULL_HIT,0.996906,0.004870,0.001906,0.466240,10.308976,0.011975,0.004633,10.893213,0,0
0,44,28,put both moka pots on the stove,FULL_HIT,0.997451,0.004917,0.001772,0.394102,9.957602,0.011557,0.005242,10.476078,0,0
0,44,29,put both moka pots on the stove,FULL_HIT,0.997002,0.004890,0.001895,0.424911,10.274006,0.010693,0.005007,10.811668,0,0
0,44,30,put both moka pots on the stove,FULL_HIT,0.994198,0.004741,0.001971,0.400917,10.227242,0.010807,0.014371,10.754228,0,0
0,44,31,put both moka pots on the stove,FULL_HIT,0.995268,0.004693,0.001874,0.404248,10.017843,0.011777,0.004733,10.538035,0,0
0,44,32,put both moka pots on the stove,FULL_HIT,0.995592,0.005036,0.001799,0.380741,10.188780,0.011772,0.004691,10.686519,0,0
0,44,33,put both moka pots on the stove,FULL_HIT,0.995729,0.004617,0.001822,0.381377,10.102957,0.010817,0.005228,10.600336,0,0
0,44,34,put both moka pots on the stove,FULL_HIT,0.995730,0.004633,0.001698,0.393880,9.936690,0.020533,0.005281,10.456078,0,0
0,44,35,put both moka pots on the stove,FULL_HIT,0.995517,0.004460,0.001804,0.381228,9.938619,0.010948,0.004666,10.431503,0,0
0,44,36,put both moka pots on the stove,FULL_HIT,0.995707,0.005379,0.001858,0.415687,9.864375,0.010374,0.004581,10.395009,0,0
0,44,37,put both moka pots on the stove,FULL_HIT,0.995698,0.004649,0.001888,0.392574,9.863681,0.010702,0.004589,10.371973,0,0
0,44,38,put both moka pots on the stove,FULL_HIT,0.995754,0.004552,0.001752,0.387957,9.840530,0.012579,0.004521,10.343625,0,0
0,44,39,put both moka pots on the stove,FULL_HIT,0.995819,0.005140,0.001972,0.405647,9.998045,0.014203,0.005515,10.540692,0,0
0,44,40,put both moka pots on the stove,FULL_HIT,0.997794,0.004936,0.001905,0.384448,9.816941,0.012731,0.004619,10.327870,0,0
0,44,41,put both moka pots on the stove,FULL_HIT,0.997927,0.004664,0.001759,0.383139,10.299077,0.013173,0.005485,10.806500,0,0
0,44,42,put both moka pots on the stove,FULL_HIT,0.997919,0.005029,0.001710,0.393304,9.930258,0.013080,0.005102,10.445348,0,0
0,44,43,put both moka pots on the stove,FULL_HIT,0.997958,0.004771,0.001859,0.384308,9.797458,0.010899,0.004959,10.300063,0,0
0,44,44,put both moka pots on the stove,FULL_HIT,0.997725,0.012949,0.002339,0.386601,9.749203,0.011009,0.005593,10.261992,0,0
0,44,45,put both moka pots on the stove,FULL_HIT,0.997365,0.004656,0.001774,0.383378,9.810839,0.010568,0.004768,10.311133,0,0
0,44,46,put both moka pots on the stove,FULL_HIT,0.997367,0.004799,0.001964,0.385824,9.829835,0.010677,0.004999,10.332557,0,0
0,44,47,put both moka pots on the stove,FULL_HIT,0.997353,0.004628,0.001945,0.403397,9.770315,0.010845,0.005071,10.294041,0,0
0,44,48,put both moka pots on the stove,FULL_HIT,0.997257,0.004941,0.001827,0.377751,9.783686,0.011243,0.005076,10.280039,0,0
0,44,49,put both moka pots on the stove,FULL_HIT,0.997188,0.004641,0.001913,0.405381,9.878848,0.010632,0.004672,10.410637,0,0
0,44,50,put both moka pots on the stove,FULL_HIT,0.997415,0.004509,0.002703,0.396325,9.752143,0.011460,0.015809,10.278012,0,0
0,44,51,put both moka pots on the stove,FULL_HIT,0.997977,0.004789,0.001854,0.394573,9.730364,0.011534,0.005346,10.250649,0,0
0,44,52,put both moka pots on the stove,FULL_HIT,0.998124,0.004619,0.001824,0.372111,9.743790,0.011777,0.005322,10.241966,0,0
0,44,53,put both moka pots on the stove,FULL_HIT,0.998111,0.004864,0.001725,0.388444,9.761575,0.013092,0.005121,10.278908,0,0
0,44,54,put both moka pots on the stove,FULL_HIT,0.998122,0.005279,0.001823,0.384544,9.882811,0.012601,0.004307,10.393699,0,0
0,44,55,put both moka pots on the stove,FULL_HIT,0.998108,0.004631,0.001783,0.396843,9.947370,0.011715,0.005252,10.463416,0,0
0,44,56,put both moka pots on the stove,FULL_HIT,0.998147,0.005139,0.001802,0.386345,9.773580,0.011736,0.004680,10.278579,0,0
0,44,57,put both moka pots on the stove,FULL_HIT,0.998103,0.004575,0.001810,0.389691,9.721992,0.010664,0.004936,10.226627,0,0
0,44,58,put both moka pots on the stove,FULL_HIT,0.998038,0.005565,0.001926,0.402469,9.893799,0.011933,0.004983,10.414603,0,0
0,44,59,put both moka pots on the stove,FULL_HIT,0.998003,0.004939,0.001797,0.381114,9.757999,0.011370,0.004584,10.256464,0,0
0,44,60,put both moka pots on the stove,FULL_HIT,0.997554,0.004820,0.002095,0.377044,9.717018,0.012925,0.005124,10.228438,0,0
0,44,61,put both moka pots on the stove,FULL_HIT,0.997545,0.005235,0.001647,0.377336,9.729013,0.013189,0.005171,10.230015,0,0
0,44,62,put both moka pots on the stove,FULL_HIT,0.997520,0.004649,0.001769,0.385741,9.791906,0.013446,0.005168,10.299903,0,0
0,44,63,put both moka pots on the stove,FULL_HIT,0.997472,0.004812,0.002027,0.387537,9.771506,0.012777,0.005822,10.283070,0,0
0,44,64,put both moka pots on the stove,FULL_HIT,0.997418,0.005237,0.001787,0.375350,9.765111,0.012264,0.005647,10.261313,0,0
0,44,65,put both moka pots on the stove,FULL_HIT,0.997367,0.005424,0.002058,0.407998,10.042909,0.013838,0.005691,10.594203,0,0
0,44,66,put both moka pots on the stove,FULL_HIT,0.997293,0.005529,0.002518,0.396734,10.107435,0.040971,0.006024,10.680184,0,0
0,44,67,put both moka pots on the stove,FULL_HIT,0.997312,0.005503,0.002027,0.397435,10.064193,0.013943,0.005807,10.609104,0,0
0,44,68,put both moka pots on the stove,FULL_HIT,0.997377,0.006039,0.002351,0.410763,10.103335,0.013384,0.005948,10.660985,0,0
0,44,69,put both moka pots on the stove,FULL_HIT,0.997428,0.005242,0.002116,0.391284,10.214241,0.013724,0.005381,10.747731,0,0
0,44,70,put both moka pots on the stove,FULL_HIT,0.997449,0.006031,0.002146,0.394794,10.140033,0.013960,0.005796,10.681359,0,0
0,44,71,put both moka pots on the stove,FULL_HIT,0.997488,0.005044,0.001913,0.386608,9.891079,0.014256,0.006131,10.416466,0,0
0,44,72,put both moka pots on the stove,FULL_HIT,0.997527,0.004765,0.001894,0.390453,10.157116,0.014372,0.005740,10.687613,0,0
0,44,73,put both moka pots on the stove,FULL_HIT,0.997593,0.005692,0.002089,0.385015,10.508587,0.014112,0.005532,11.032711,0,0
0,44,74,put both moka pots on the stove,FULL_HIT,0.997635,0.005570,0.002199,0.349245,10.057300,0.013517,0.005568,10.550044,0,0
0,44,75,put both moka pots on the stove,FULL_HIT,0.997670,0.004832,0.002257,0.385504,10.125924,0.013229,0.005423,10.656298,0,0
0,44,76,put both moka pots on the stove,FULL_HIT,0.997545,0.005489,0.002115,0.388236,9.990617,0.014245,0.005602,10.528409,0,0
0,44,77,put both moka pots on the stove,FULL_HIT,0.997139,0.005679,0.001970,0.387035,9.913835,0.013961,0.006710,10.439765,0,0
0,44,78,put both moka pots on the stove,FULL_HIT,0.995472,0.005228,0.001820,0.360998,10.025713,0.014455,0.005583,10.517337,0,0
0,44,79,put both moka pots on the stove,FULL_HIT,0.994244,0.005412,0.002237,0.408042,10.014339,0.013677,0.005406,10.562559,0,0
0,44,80,put both moka pots on the stove,FULL_HIT,0.992092,0.005565,0.002081,0.367624,9.844714,0.012883,0.005464,10.349016,0,0
0,44,81,put both moka pots on the stove,FULL_HIT,0.990791,0.005094,0.002042,0.352254,9.840040,0.013034,0.005503,10.335877,0,0
0,44,82,put both moka pots on the stove,FULL_HIT,0.991385,0.005979,0.001902,0.392620,10.060903,0.013585,0.005640,10.594082,0,0
0,44,83,put both moka pots on the stove,FULL_HIT,0.991195,0.006046,0.002121,0.412369,9.927687,0.014433,0.005497,10.505061,0,0
0,44,84,put both moka pots on the stove,FULL_HIT,0.991472,0.005316,0.001999,0.348804,9.924210,0.013591,0.005445,10.406991,0,0
0,44,85,put both moka pots on the stove,FULL_HIT,0.990795,0.005385,0.001999,0.317566,9.938233,0.013568,0.005492,10.399479,0,0
0,44,86,put both moka pots on the stove,FULL_HIT,0.990026,0.006319,0.001960,0.338164,9.904415,0.013875,0.006109,10.381209,0,0
0,44,87,put both moka pots on the stove,FULL_HIT,0.989820,0.005339,0.002197,0.310931,9.837178,0.013616,0.005263,10.281558,0,0
0,44,88,put both moka pots on the stove,FULL_HIT,0.989825,0.006143,0.001880,0.349840,10.510397,0.013451,0.005629,11.006209,0,0
0,44,89,put both moka pots on the stove,FULL_HIT,0.990450,0.004955,0.001739,0.373878,10.283621,0.013673,0.006115,10.791088,0,0
0,44,90,put both moka pots on the stove,FULL_HIT,0.991046,0.005691,0.001951,0.317461,10.080659,0.013504,0.005504,10.534835,0,0
0,44,91,put both moka pots on the stove,FULL_HIT,0.991109,0.005247,0.002040,0.308807,10.071824,0.013558,0.005883,10.515045,0,0
0,45,0,put the yellow and white mug in the microwave and close it,FULL_HIT,0.998844,0.006248,0.002110,1.088158,24.692843,0.022999,0.006174,25.952424,0,0
0,45,1,put the yellow and white mug in the microwave and close it,FULL_HIT,0.998819,0.005669,0.001827,0.378037,8.977310,0.013694,0.014237,9.490007,0,0
0,45,2,put the yellow and white mug in the microwave and close it,FULL_HIT,0.998789,0.004933,0.001849,0.384011,9.013117,0.014195,0.006642,9.547694,0,0
0,45,3,put the yellow and white mug in the microwave and close it,FULL_HIT,0.998777,0.004927,0.001908,0.396184,8.879978,0.013726,0.006885,9.422932,0,0
0,45,4,put the yellow and white mug in the microwave and close it,FULL_HIT,0.998713,0.004965,0.001973,0.388711,8.923919,0.013593,0.005418,9.442529,0,0
0,45,5,put the yellow and white mug in the microwave and close it,FULL_HIT,0.998668,0.004980,0.001993,0.384010,8.919327,0.013263,0.022908,9.447854,0,0
0,45,6,put the yellow and white mug in the microwave and close it,FULL_HIT,0.998683,0.005025,0.001856,0.397771,8.936008,0.013757,0.006164,9.468086,0,0
0,45,7,put the yellow and white mug in the microwave and close it,FULL_HIT,0.998662,0.004854,0.001854,0.390097,9.027386,0.013336,0.005744,9.543525,0,0
0,45,8,put the yellow and white mug in the microwave and close it,FULL_HIT,0.998677,0.004876,0.001986,0.387040,8.859255,0.012981,0.019102,9.385871,0,0
0,45,9,put the yellow and white mug in the microwave and close it,FULL_HIT,0.998695,0.004646,0.001967,0.395376,8.940942,0.012535,0.005166,9.461657,0,0
0,45,10,put the yellow and white mug in the microwave and close it,FULL_HIT,0.998607,0.004685,0.001955,0.384223,8.870586,0.012914,0.005767,9.395311,0,0
0,45,11,put the yellow and white mug in the microwave and close it,FULL_HIT,0.998584,0.005071,0.001887,0.408590,8.930302,0.013539,0.005443,9.481340,0,0
0,45,12,put the yellow and white mug in the microwave and close it,FULL_HIT,0.998463,0.004848,0.001756,0.382734,8.947341,0.039676,0.006364,9.494199,0,0
0,45,13,put the yellow and white mug in the microwave and close it,FULL_HIT,0.998383,0.004971,0.001824,0.393590,8.933938,0.013239,0.006063,9.452402,0,0
0,45,14,put the yellow and white mug in the microwave and close it,FULL_HIT,0.998492,0.005238,0.001645,0.391465,8.921238,0.013891,0.005493,9.449130,0,0
0,45,15,put the yellow and white mug in the microwave and close it,FULL_HIT,0.998515,0.004902,0.001966,0.389731,8.927663,0.013442,0.005699,9.442734,0,0
0,45,16,put the yellow and white mug in the microwave and close it,FULL_HIT,0.998503,0.004668,0.001796,0.421180,8.940063,0.013466,0.006204,9.489813,0,0
0,45,17,put the yellow and white mug in the microwave and close it,FULL_HIT,0.998540,0.004691,0.001956,0.393148,8.957938,0.012858,0.005427,9.483288,0,0
0,45,18,put the yellow and white mug in the microwave and close it,FULL_HIT,0.998450,0.004867,0.001811,0.403798,9.138364,0.013798,0.005498,9.668037,0,0
0,45,19,put the yellow and white mug in the microwave and close it,FULL_HIT,0.998521,0.005011,0.001931,0.387180,9.054450,0.022266,0.005257,9.577022,0,0
0,45,20,put the yellow and white mug in the microwave and close it,FULL_HIT,0.998099,0.004980,0.002024,0.384190,8.842328,0.012959,0.005665,9.353233,0,0
0,45,21,put the yellow and white mug in the microwave and close it,FULL_HIT,0.997709,0.005150,0.001759,0.382589,8.833439,0.012645,0.005760,9.339570,0,0
0,45,22,put the yellow and white mug in the microwave and close it,FULL_HIT,0.997125,0.004757,0.001719,0.387753,9.003750,0.013345,0.006057,9.513074,0,0
0,45,23,put the yellow and white mug in the microwave and close it,FULL_HIT,0.997898,0.004852,0.001840,0.378884,8.908529,0.013747,0.005667,9.409265,0,0
0,45,24,put the yellow and white mug in the microwave and close it,FULL_HIT,0.997978,0.005025,0.001625,0.391784,8.777864,0.013164,0.006260,9.294522,0,0
0,45,25,put the yellow and white mug in the microwave and close it,FULL_HIT,0.998207,0.004815,0.001984,0.390572,8.881388,0.012947,0.018407,9.409359,0,0
0,45,26,put the yellow and white mug in the microwave and close it,FULL_HIT,0.998276,0.004560,0.001759,0.382174,11.703553,0.014031,0.005220,12.211723,0,0
0,45,27,put the yellow and white mug in the microwave and close it,FULL_HIT,0.997918,0.005424,0.001842,0.430346,10.368389,0.013865,0.006160,10.929048,0,0
0,45,28,put the yellow and white mug in the microwave and close it,FULL_HIT,0.997368,0.005289,0.001807,0.417358,9.471176,0.025045,0.005693,10.037373,0,0
0,45,29,put the yellow and white mug in the microwave and close it,FULL_HIT,0.997258,0.004992,0.001859,0.411049,12.574681,0.014224,0.005562,13.114712,0,0
0,45,30,put the yellow and white mug in the microwave and close it,FULL_HIT,0.997431,0.005295,0.001936,0.441569,9.902647,0.014582,0.005901,10.486174,0,0
0,45,31,put the yellow and white mug in the microwave and close it,FULL_HIT,0.996799,0.004715,0.001851,0.418178,9.743827,0.013466,0.005938,10.290704,0,0
0,45,32,put the yellow and white mug in the microwave and close it,FULL_HIT,0.996129,0.005078,0.001685,0.414356,9.788170,0.013886,0.005543,10.353012,0,0
0,45,33,put the yellow and white mug in the microwave and close it,FULL_HIT,0.996190,0.005103,0.001882,0.420756,9.692102,0.013427,0.006055,10.249770,0,0
0,45,34,put the yellow and white mug in the microwave and close it,FULL_HIT,0.997175,0.005364,0.001853,0.419253,9.107926,0.013552,0.005776,9.665286,0,0
0,45,35,put the yellow and white mug in the microwave and close it,FULL_HIT,0.997716,0.004831,0.001727,0.392663,8.944609,0.013368,0.005505,9.459331,0,0
0,45,36,put the yellow and white mug in the microwave and close it,FULL_HIT,0.998158,0.004648,0.001758,0.387610,8.960183,0.013289,0.005629,9.469352,0,0
0,45,37,put the yellow and white mug in the microwave and close it,FULL_HIT,0.997971,0.004723,0.001793,0.405538,9.044379,0.012990,0.005668,9.572944,0,0
0,45,38,put the yellow and white mug in the microwave and close it,FULL_HIT,0.997940,0.004360,0.001821,0.384461,8.966323,0.013510,0.005216,9.472659,0,0
0,45,39,put the yellow and white mug in the microwave and close it,FULL_HIT,0.997842,0.004580,0.001722,0.394958,8.866150,0.013772,0.006101,9.410266,0,0
0,45,40,put the yellow and white mug in the microwave and close it,FULL_HIT,0.997688,0.012686,0.002059,0.383214,8.931528,0.013104,0.005646,9.448989,0,0
0,45,41,put the yellow and white mug in the microwave and close it,FULL_HIT,0.997545,0.004858,0.001919,0.383431,8.889973,0.013192,0.005363,9.396481,0,0
0,45,42,put the yellow and white mug in the microwave and close it,FULL_HIT,0.997387,0.004644,0.001729,0.392595,9.005905,0.012959,0.005478,9.533823,0,0
0,45,43,put the yellow and white mug in the microwave and close it,FULL_HIT,0.997705,0.004466,0.001743,0.382926,8.909604,0.013445,0.005648,9.424411,0,0
0,45,44,put the yellow and white mug in the microwave and close it,FULL_HIT,0.998052,0.004788,0.001663,0.378981,8.861548,0.013771,0.005878,9.372786,0,0
0,45,45,put the yellow and white mug in the microwave and close it,FULL_HIT,0.998099,0.004968,0.001732,0.380684,8.970755,0.012905,0.005459,9.474696,0,0
0,45,46,put the yellow and white mug in the microwave and close it,FULL_HIT,0.997804,0.005091,0.001809,0.384849,8.976548,0.012989,0.005489,9.484321,0,0
0,45,47,put the yellow and white mug in the microwave and close it,FULL_HIT,0.997379,0.004676,0.001817,0.380451,8.867801,0.013430,0.005456,9.371628,0,0
0,45,48,put the yellow and white mug in the microwave and close it,FULL_HIT,0.997042,0.004775,0.001761,0.396423,8.773050,0.012988,0.028092,9.319425,0,0
0,45,49,put the yellow and white mug in the microwave and close it,FULL_HIT,0.994208,0.004430,0.001752,0.383142,9.083676,0.013969,0.005598,9.591717,0,0
0,46,0,put the yellow and white mug in the microwave and close it,FULL_HIT,0.998869,0.004731,0.001929,1.000158,9.726136,0.014050,0.016921,10.867472,0,0
0,46,1,put the yellow and white mug in the microwave and close it,FULL_HIT,0.998860,0.005583,0.001861,0.431325,9.432430,0.013049,0.005003,9.989937,0,0
0,46,2,put the yellow and white mug in the microwave and close it,FULL_HIT,0.998824,0.005573,0.001928,0.451093,9.441667,0.012427,0.005978,10.019921,0,0
0,46,3,put the yellow and white mug in the microwave and close it,FULL_HIT,0.998788,0.005265,0.001979,0.434120,9.475633,0.012937,0.006365,10.048254,0,0
0,46,4,put the yellow and white mug in the microwave and close it,FULL_HIT,0.998712,0.005359,0.002068,0.412593,9.395334,0.013609,0.005732,9.934909,0,0
0,46,5,put the yellow and white mug in the microwave and close it,FULL_HIT,0.998622,0.005439,0.001929,0.449090,9.433039,0.013121,0.005219,10.008239,0,0
0,46,6,put the yellow and white mug in the microwave and close it,FULL_HIT,0.998547,0.004545,0.001775,0.409534,9.133171,0.012836,0.005546,9.664554,0,0
0,46,7,put the yellow and white mug in the microwave and close it,FULL_HIT,0.998496,0.004631,0.002051,0.387472,9.209641,0.011055,0.004879,9.710125,0,0
0,46,8,put the yellow and white mug in the microwave and close it,FULL_HIT,0.998434,0.004441,0.001917,0.405318,9.137717,0.010925,0.005046,9.656855,0,0
0,46,9,put the yellow and white mug in the microwave and close it,FULL_HIT,0.998387,0.004863,0.001831,0.401608,9.043951,0.011447,0.005287,9.560496,0,0
0,46,10,put the yellow and white mug in the microwave and close it,FULL_HIT,0.998452,0.005037,0.002381,0.404150,9.409602,0.013588,0.005673,9.938344,0,0
0,46,11,put the yellow and white mug in the microwave and close it,FULL_HIT,0.998543,0.004818,0.001919,0.387671,9.126406,0.011496,0.004705,9.632144,0,0
0,46,12,put the yellow and white mug in the microwave and close it,FULL_HIT,0.998517,0.004614,0.001878,0.391874,9.033736,0.011130,0.005231,9.539547,0,0
0,46,13,put the yellow and white mug in the microwave and close it,FULL_HIT,0.998550,0.004860,0.001942,0.384472,8.972439,0.010922,0.004791,9.490144,0,0
0,46,14,put the yellow and white mug in the microwave and close it,FULL_HIT,0.998615,0.004793,0.001697,0.382316,9.000036,0.010755,0.004685,9.502869,0,0
0,46,15,put the yellow and white mug in the microwave and close it,FULL_HIT,0.998626,0.004885,0.001834,0.456879,9.113967,0.010743,0.004685,9.684481,0,0
0,46,16,put the yellow and white mug in the microwave and close it,FULL_HIT,0.998536,0.004889,0.002504,0.416674,8.955070,0.012287,0.004834,9.491776,0,0
0,46,17,put the yellow and white mug in the microwave and close it,FULL_HIT,0.998550,0.005004,0.001751,0.392564,9.027347,0.010733,0.004881,9.533785,0,0
0,46,18,put the yellow and white mug in the microwave and close it,FULL_HIT,0.998523,0.004816,0.001863,0.390785,8.990133,0.010494,0.004990,9.494486,0,0
0,46,19,put the yellow and white mug in the microwave and close it,FULL_HIT,0.997108,0.004618,0.002029,0.393210,9.049569,0.011998,0.005031,9.556229,0,0
0,46,20,put the yellow and white mug in the microwave and close it,FULL_HIT,0.998389,0.004607,0.001868,0.384606,9.043103,0.011416,0.004518,9.543926,0,0
0,46,21,put the yellow and white mug in the microwave and close it,FULL_HIT,0.997846,0.005047,0.001832,0.395281,9.061340,0.011126,0.005294,9.572329,0,0
0,46,22,put the yellow and white mug in the microwave and close it,FULL_HIT,0.998115,0.004748,0.001903,0.395939,8.984349,0.011002,0.005183,9.493713,0,0
0,46,23,put the yellow and white mug in the microwave and close it,FULL_HIT,0.998464,0.004803,0.001760,0.399718,9.033794,0.011597,0.006081,9.550814,0,0
0,46,24,put the yellow and white mug in the microwave and close it,FULL_HIT,0.998410,0.005116,0.001829,0.400285,8.992650,0.012889,0.004367,9.508051,0,0
0,46,25,put the yellow and white mug in the microwave and close it,FULL_HIT,0.998363,0.004884,0.001964,0.382650,9.011069,0.010998,0.005208,9.519379,0,0
0,46,26,put the yellow and white mug in the microwave and close it,FULL_HIT,0.998247,0.004612,0.001811,0.383830,8.983913,0.010827,0.005031,9.479852,0,0
0,46,27,put the yellow and white mug in the microwave and close it,FULL_HIT,0.998156,0.005104,0.001772,0.412737,9.129011,0.013212,0.005395,9.664875,0,0
0,46,28,put the yellow and white mug in the microwave and close it,FULL_HIT,0.998026,0.005640,0.001849,0.395406,8.852785,0.013124,0.005295,9.369142,0,0
0,46,29,put the yellow and white mug in the microwave and close it,FULL_HIT,0.997958,0.004769,0.001640,0.390345,8.971728,0.013262,0.005736,9.483617,0,0
0,46,30,put the yellow and white mug in the microwave and close it,FULL_HIT,0.997385,0.004555,0.001841,0.382041,8.862464,0.013635,0.005264,9.365207,0,0
0,46,31,put the yellow and white mug in the microwave and close it,FULL_HIT,0.997210,0.004823,0.001735,0.397299,8.971747,0.013415,0.005790,9.492399,0,0
0,46,32,put the yellow and white mug in the microwave and close it,FULL_HIT,0.997142,0.005036,0.001739,0.396516,8.912420,0.012954,0.006418,9.434595,0,0
0,46,33,put the yellow and white mug in the microwave and close it,FULL_HIT,0.995730,0.005630,0.001654,0.386094,8.935688,0.014232,0.005918,9.456769,0,0
0,46,34,put the yellow and white mug in the microwave and close it,FULL_HIT,0.992401,0.005338,0.001752,0.395443,9.092681,0.013285,0.005457,9.607143,0,0
0,46,35,put the yellow and white mug in the microwave and close it,FULL_HIT,0.997295,0.005246,0.001848,0.376736,8.889873,0.013550,0.005726,9.402835,0,0
0,46,36,put the yellow and white mug in the microwave and close it,FULL_HIT,0.996538,0.005433,0.001725,0.391761,8.795431,0.012728,0.005963,9.310572,0,0
0,46,37,put the yellow and white mug in the microwave and close it,FULL_HIT,0.997774,0.004960,0.001656,0.400605,8.896937,0.013622,0.006297,9.423123,0,0
0,46,38,put the yellow and white mug in the microwave and close it,FULL_HIT,0.997941,0.004850,0.001788,0.381063,8.987233,0.014347,0.005444,9.492075,0,0
0,46,39,put the yellow and white mug in the microwave and close it,FULL_HIT,0.998071,0.005003,0.001970,0.448888,9.822384,0.013855,0.005955,10.400857,0,0
0,46,40,put the yellow and white mug in the microwave and close it,FULL_HIT,0.997976,0.004892,0.001834,0.437637,9.483455,0.014323,0.005625,10.050461,0,0
0,46,41,put the yellow and white mug in the microwave and close it,FULL_HIT,0.997507,0.005086,0.001881,0.383585,9.180492,0.013243,0.005588,9.699077,0,0
0,46,42,put the yellow and white mug in the microwave and close it,FULL_HIT,0.996592,0.004864,0.001695,0.388796,9.026727,0.013851,0.006081,9.540019,0,0
0,46,43,put the yellow and white mug in the microwave and close it,FULL_HIT,0.996982,0.004422,0.001829,0.394125,9.183225,0.013470,0.005230,9.700469,0,0
0,46,44,put the yellow and white mug in the microwave and close it,FULL_HIT,0.995713,0.005193,0.001761,0.394613,8.916750,0.013789,0.005642,9.455478,0,0
0,46,45,put the yellow and white mug in the microwave and close it,FULL_HIT,0.996623,0.004586,0.001822,0.390259,8.853668,0.012790,0.005949,9.378841,0,0
0,46,46,put the yellow and white mug in the microwave and close it,FULL_HIT,0.997565,0.004792,0.001718,0.399293,8.823158,0.013318,0.005556,9.346863,0,0
0,46,47,put the yellow and white mug in the microwave and close it,FULL_HIT,0.997702,0.004970,0.001771,0.383840,9.156717,0.013309,0.006405,9.666155,0,0
0,46,48,put the yellow and white mug in the microwave and close it,FULL_HIT,0.997813,0.004778,0.001938,0.377460,8.825795,0.012957,0.006458,9.325800,0,0
0,46,49,put the yellow and white mug in the microwave and close it,FULL_HIT,0.997602,0.004986,0.001916,0.375801,8.841612,0.013238,0.006598,9.345200,0,0
0,46,50,put the yellow and white mug in the microwave and close it,FULL_HIT,0.997214,0.005040,0.001703,0.387342,8.878516,0.014148,0.005453,9.393409,0,0
0,47,0,put the yellow and white mug in the microwave and close it,FULL_HIT,0.998858,0.005247,0.001992,0.956549,8.900869,0.012484,0.005496,9.993958,0,0
0,47,1,put the yellow and white mug in the microwave and close it,FULL_HIT,0.998676,0.004677,0.001840,0.397454,8.937027,0.013237,0.005449,9.455276,0,0
0,47,2,put the yellow and white mug in the microwave and close it,FULL_HIT,0.998639,0.004762,0.001779,0.393960,8.990918,0.013504,0.017827,9.521156,0,0
0,47,3,put the yellow and white mug in the microwave and close it,FULL_HIT,0.998625,0.005042,0.001798,0.389175,8.939406,0.012656,0.005771,9.449228,0,0
0,47,4,put the yellow and white mug in the microwave and close it,FULL_HIT,0.998618,0.004741,0.001840,0.389071,8.854761,0.012790,0.005172,9.366095,0,0
0,47,5,put the yellow and white mug in the microwave and close it,FULL_HIT,0.998554,0.004498,0.001726,0.396232,8.898015,0.013818,0.006214,9.427047,0,0
0,47,6,put the yellow and white mug in the microwave and close it,FULL_HIT,0.998501,0.004586,0.001806,0.390868,8.932892,0.014212,0.005932,9.444964,0,0
0,47,7,put the yellow and white mug in the microwave and close it,FULL_HIT,0.998429,0.004688,0.001848,0.392532,8.979915,0.013335,0.019846,9.507806,0,0
0,47,8,put the yellow and white mug in the microwave and close it,FULL_HIT,0.998392,0.004704,0.001793,0.389051,8.864223,0.012955,0.006474,9.375949,0,0
0,47,9,put the yellow and white mug in the microwave and close it,FULL_HIT,0.998376,0.004971,0.001752,0.398264,8.961587,0.014130,0.005384,9.483484,0,0
0,47,10,put the yellow and white mug in the microwave and close it,FULL_HIT,0.998310,0.005058,0.001801,0.397654,8.962423,0.024510,0.005694,9.509104,0,0
0,47,11,put the yellow and white mug in the microwave and close it,FULL_HIT,0.998357,0.005161,0.001734,0.429424,9.176081,0.013517,0.005426,9.735038,0,0
0,47,12,put the yellow and white mug in the microwave and close it,FULL_HIT,0.998219,0.004565,0.001816,0.394119,8.908032,0.017742,0.012816,9.434212,0,0
0,47,13,put the yellow and white mug in the microwave and close it,FULL_HIT,0.998127,0.005123,0.001773,0.381078,8.883915,0.013334,0.013914,9.402504,0,0
0,47,14,put the yellow and white mug in the microwave and close it,FULL_HIT,0.998305,0.004720,0.001786,0.392351,8.898303,0.013176,0.005851,9.411419,0,0
0,47,15,put the yellow and white mug in the microwave and close it,FULL_HIT,0.998161,0.004610,0.001659,0.388691,9.032187,0.013346,0.005489,9.539297,0,0
0,47,16,put the yellow and white mug in the microwave and close it,FULL_HIT,0.998336,0.004892,0.001674,0.386697,8.961322,0.013642,0.005225,9.489453,0,0
0,47,17,put the yellow and white mug in the microwave and close it,FULL_HIT,0.998407,0.005623,0.001810,0.402178,8.939168,0.013502,0.005604,9.469716,0,0
0,47,18,put the yellow and white mug in the microwave and close it,FULL_HIT,0.997074,0.005212,0.001721,0.421471,8.885560,0.013930,0.005203,9.427596,0,0
0,47,19,put the yellow and white mug in the microwave and close it,FULL_HIT,0.997685,0.004577,0.001838,0.417526,8.938480,0.022872,0.007047,9.507571,0,0
0,47,20,put the yellow and white mug in the microwave and close it,FULL_HIT,0.998096,0.004719,0.001820,0.391041,9.354431,0.013536,0.006452,9.871520,0,0
0,47,21,put the yellow and white mug in the microwave and close it,FULL_HIT,0.998124,0.005189,0.001911,0.393733,9.800048,0.013933,0.005692,10.338038,0,0
0,47,22,put the yellow and white mug in the microwave and close it,FULL_HIT,0.997831,0.004763,0.001824,0.407654,10.091767,0.014830,0.005778,10.646738,0,0
0,47,23,put the yellow and white mug in the microwave and close it,FULL_HIT,0.998201,0.005322,0.001859,0.468691,10.127448,0.024011,0.005835,10.746775,0,0
0,47,24,put the yellow and white mug in the microwave and close it,FULL_HIT,0.998264,0.005154,0.001695,0.401405,10.511610,0.024197,0.006042,11.065735,0,0
0,47,25,put the yellow and white mug in the microwave and close it,FULL_HIT,0.998271,0.004910,0.001836,0.373588,10.133140,0.090836,0.006002,10.766089,0,0
0,47,26,put the yellow and white mug in the microwave and close it,FULL_HIT,0.998527,0.004925,0.002204,0.428421,9.691090,0.020911,0.009486,10.286249,0,0
0,47,27,put the yellow and white mug in the microwave and close it,FULL_HIT,0.998341,0.004646,0.001697,0.425865,9.054804,0.013010,0.009139,9.624721,0,0
0,47,28,put the yellow and white mug in the microwave and close it,FULL_HIT,0.998265,0.004522,0.001668,0.419652,9.471631,0.014114,0.006527,10.025333,0,0
0,47,29,put the yellow and white mug in the microwave and close it,FULL_HIT,0.997844,0.004327,0.001660,0.411860,9.221593,0.013492,0.005406,9.763701,0,0
0,47,30,put the yellow and white mug in the microwave and close it,FULL_HIT,0.997313,0.004580,0.001683,0.384366,9.303597,0.017210,0.005522,9.812079,0,0
0,47,31,put the yellow and white mug in the microwave and close it,FULL_HIT,0.998129,0.004794,0.001601,0.376594,8.979253,0.012730,0.005413,9.473895,0,0
0,47,32,put the yellow and white mug in the microwave and close it,FULL_HIT,0.998237,0.004679,0.001832,0.397782,8.855742,0.013038,0.005455,9.382557,0,0
0,47,33,put the yellow and white mug in the microwave and close it,FULL_HIT,0.998184,0.004614,0.001745,0.396309,8.957593,0.013376,0.011388,9.478569,0,0
0,47,34,put the yellow and white mug in the microwave and close it,FULL_HIT,0.997989,0.004350,0.001918,0.379534,9.004351,0.013841,0.005737,9.522477,0,0
0,47,35,put the yellow and white mug in the microwave and close it,FULL_HIT,0.997964,0.004390,0.001694,0.375754,9.087705,0.013473,0.005737,9.583518,0,0
0,47,36,put the yellow and white mug in the microwave and close it,FULL_HIT,0.997723,0.004954,0.002165,0.441354,9.010367,0.014138,0.005257,9.574457,0,0
0,47,37,put the yellow and white mug in the microwave and close it,FULL_HIT,0.997854,0.004517,0.001665,0.381788,8.958528,0.014005,0.005812,9.462002,0,0
0,47,38,put the yellow and white mug in the microwave and close it,FULL_HIT,0.997866,0.004436,0.001781,0.382372,8.921681,0.014110,0.005659,9.425604,0,0
0,47,39,put the yellow and white mug in the microwave and close it,FULL_HIT,0.997998,0.004996,0.001666,0.399579,8.827246,0.013862,0.014522,9.355617,0,0
0,47,40,put the yellow and white mug in the microwave and close it,FULL_HIT,0.998013,0.004720,0.001723,0.380652,9.561319,0.013430,0.005130,10.062863,0,0
0,47,41,put the yellow and white mug in the microwave and close it,FULL_HIT,0.998125,0.004552,0.001720,0.380087,8.803590,0.013013,0.020487,9.318284,0,0
0,47,42,put the yellow and white mug in the microwave and close it,FULL_HIT,0.998085,0.004668,0.001658,0.388382,8.843533,0.013973,0.005857,9.352273,0,0
0,47,43,put the yellow and white mug in the microwave and close it,FULL_HIT,0.998146,0.004707,0.002324,0.397714,9.157794,0.013966,0.005458,9.678113,0,0
0,47,44,put the yellow and white mug in the microwave and close it,FULL_HIT,0.998411,0.004563,0.001807,0.417597,9.153974,0.014266,0.006809,9.697108,0,0
0,47,45,put the yellow and white mug in the microwave and close it,FULL_HIT,0.998441,0.004607,0.001728,0.412708,9.055682,0.014043,0.005709,9.591015,0,0
0,47,46,put the yellow and white mug in the microwave and close it,FULL_HIT,0.998386,0.004446,0.001724,0.389863,9.063784,0.012806,0.005697,9.573319,0,0
0,47,47,put the yellow and white mug in the microwave and close it,FULL_HIT,0.998495,0.004461,0.001646,0.387940,8.804746,0.013449,0.005779,9.322708,0,0
0,49,0,put the yellow and white mug in the microwave and close it,FULL_HIT,0.998858,0.004467,0.001743,1.038019,8.972005,0.013608,0.018518,10.146443,0,0
0,49,1,put the yellow and white mug in the microwave and close it,FULL_HIT,0.998804,0.004686,0.001708,0.417828,8.951520,0.013017,0.016755,9.498107,0,0
0,49,2,put the yellow and white mug in the microwave and close it,FULL_HIT,0.998672,0.004413,0.001643,0.402677,8.975169,0.013404,0.005931,9.498216,0,0
0,49,3,put the yellow and white mug in the microwave and close it,FULL_HIT,0.998604,0.004186,0.001702,0.391285,8.816417,0.021532,0.005614,9.334135,0,0
0,49,4,put the yellow and white mug in the microwave and close it,FULL_HIT,0.998499,0.004466,0.001621,0.382027,8.975565,0.013280,0.018956,9.490639,0,0
0,49,5,put the yellow and white mug in the microwave and close it,FULL_HIT,0.998411,0.004702,0.001660,0.381328,8.889293,0.013631,0.005694,9.397945,0,0
0,49,6,put the yellow and white mug in the microwave and close it,FULL_HIT,0.998395,0.004089,0.001902,0.389653,8.911293,0.013468,0.005326,9.418817,0,0
0,49,7,put the yellow and white mug in the microwave and close it,FULL_HIT,0.998367,0.004592,0.001733,0.375553,8.879471,0.012973,0.005253,9.373274,0,0
0,49,8,put the yellow and white mug in the microwave and close it,FULL_HIT,0.998374,0.004535,0.001694,0.380859,8.821222,0.013236,0.005379,9.317680,0,0
0,49,9,put the yellow and white mug in the microwave and close it,FULL_HIT,0.998497,0.004942,0.001935,0.382534,8.790719,0.013724,0.005838,9.291057,0,0
0,49,10,put the yellow and white mug in the microwave and close it,FULL_HIT,0.998504,0.004386,0.001766,0.372204,8.821428,0.013579,0.005468,9.311440,0,0
0,49,11,put the yellow and white mug in the microwave and close it,FULL_HIT,0.998654,0.004772,0.001707,0.373333,8.879657,0.012734,0.010620,9.372508,0,0
0,49,12,put the yellow and white mug in the microwave and close it,FULL_HIT,0.998554,0.005041,0.001629,0.377721,8.814916,0.012874,0.005133,9.307966,0,0
0,49,13,put the yellow and white mug in the microwave and close it,FULL_HIT,0.998603,0.004867,0.001754,0.375899,8.818949,0.013622,0.005465,9.318437,0,0
0,49,14,put the yellow and white mug in the microwave and close it,FULL_HIT,0.998381,0.004611,0.001773,0.380795,8.825586,0.013796,0.005289,9.332586,0,0
0,49,15,put the yellow and white mug in the microwave and close it,FULL_HIT,0.998217,0.004876,0.001602,0.383904,8.824379,0.013790,0.005848,9.325300,0,0
0,49,16,put the yellow and white mug in the microwave and close it,FULL_HIT,0.998445,0.004720,0.001732,0.379262,8.907294,0.012713,0.005752,9.404356,0,0
0,49,17,put the yellow and white mug in the microwave and close it,FULL_HIT,0.998400,0.004357,0.001652,0.382899,8.820282,0.013615,0.006111,9.330711,0,0
0,49,18,put the yellow and white mug in the microwave and close it,FULL_HIT,0.997195,0.005559,0.001746,0.379204,8.884637,0.012908,0.005370,9.379993,0,0
0,49,19,put the yellow and white mug in the microwave and close it,FULL_HIT,0.998199,0.004276,0.001744,0.372750,8.895512,0.013549,0.018091,9.397999,0,0
0,49,20,put the yellow and white mug in the microwave and close it,FULL_HIT,0.998229,0.005384,0.001634,0.370255,9.084779,0.013270,0.005565,9.595546,0,0
0,49,21,put the yellow and white mug in the microwave and close it,FULL_HIT,0.998144,0.004898,0.001727,0.383150,8.839213,0.012607,0.005532,9.336050,0,0
0,49,22,put the yellow and white mug in the microwave and close it,FULL_HIT,0.998278,0.004554,0.001690,0.381998,8.809224,0.013287,0.014495,9.316856,0,0
0,49,23,put the yellow and white mug in the microwave and close it,FULL_HIT,0.998401,0.004602,0.001692,0.370459,8.817041,0.013196,0.017492,9.316722,0,0
0,49,24,put the yellow and white mug in the microwave and close it,FULL_HIT,0.998388,0.005183,0.001700,0.381075,8.855609,0.012587,0.005353,9.353870,0,0
0,49,25,put the yellow and white mug in the microwave and close it,FULL_HIT,0.998328,0.004927,0.001735,0.383847,8.842776,0.013823,0.005674,9.344801,0,0
0,49,26,put the yellow and white mug in the microwave and close it,FULL_HIT,0.998230,0.005593,0.001688,0.371485,8.930346,0.012380,0.004988,9.415769,0,0
0,49,27,put the yellow and white mug in the microwave and close it,FULL_HIT,0.998163,0.004549,0.001655,0.377332,8.947640,0.012432,0.017974,9.455475,0,0
0,49,28,put the yellow and white mug in the microwave and close it,FULL_HIT,0.998058,0.004329,0.001676,0.383432,8.843501,0.013538,0.005035,9.346204,0,0
0,49,29,put the yellow and white mug in the microwave and close it,FULL_HIT,0.998112,0.004274,0.001586,0.373858,8.801745,0.012974,0.005476,9.297046,0,0
0,49,30,put the yellow and white mug in the microwave and close it,FULL_HIT,0.997828,0.004722,0.001643,0.421105,23.681715,0.012409,0.019131,24.259931,0,0
0,49,31,put the yellow and white mug in the microwave and close it,FULL_HIT,0.991847,0.005597,0.002149,8.227601,26.359106,0.023530,0.005532,34.750211,0,0
0,49,32,put the yellow and white mug in the microwave and close it,FULL_HIT,0.995185,0.005481,0.001926,8.761522,26.229451,0.011092,0.005245,35.132727,0,0
0,49,33,put the yellow and white mug in the microwave and close it,FULL_HIT,0.996418,0.005714,0.002504,10.207181,25.289320,0.010816,0.005202,35.624208,0,0
0,49,34,put the yellow and white mug in the microwave and close it,FULL_HIT,0.997014,0.004968,0.001875,7.306520,24.031076,0.011357,0.005329,31.456246,0,0
0,49,35,put the yellow and white mug in the microwave and close it,FULL_HIT,0.997838,0.005108,0.001772,7.691252,22.286909,0.011700,0.004912,30.108433,0,0
0,49,36,put the yellow and white mug in the microwave and close it,FULL_HIT,0.997992,0.005280,0.001933,8.512729,23.280803,0.011159,0.004485,31.914778,0,0
0,49,37,put the yellow and white mug in the microwave and close it,FULL_HIT,0.997968,0.005093,0.001893,9.531311,22.969105,0.011365,0.004643,32.626845,0,0
0,49,38,put the yellow and white mug in the microwave and close it,FULL_HIT,0.997194,0.005572,0.001753,8.158025,22.966474,0.011438,0.005098,31.264742,0,0
0,49,39,put the yellow and white mug in the microwave and close it,FULL_HIT,0.996953,0.005182,0.002091,7.257151,24.289991,0.010509,0.004893,31.673231,0,0
0,49,40,put the yellow and white mug in the microwave and close it,FULL_HIT,0.996795,0.004596,0.001991,7.186191,24.527698,0.013735,0.005568,31.844149,0,0
0,49,41,put the yellow and white mug in the microwave and close it,FULL_HIT,0.996282,0.004994,0.002169,8.086247,24.279668,0.011103,0.004609,32.481122,0,0
0,49,42,put the yellow and white mug in the microwave and close it,FULL_HIT,0.996672,0.004509,0.001944,7.284707,23.969282,0.010508,0.005307,31.367692,0,0
0,49,43,put the yellow and white mug in the microwave and close it,FULL_HIT,0.996313,0.005105,0.001710,7.331305,24.690792,0.010399,0.005174,32.161513,0,0
0,49,44,put the yellow and white mug in the microwave and close it,FULL_HIT,0.997411,0.004755,0.001833,7.457819,23.271645,0.011033,0.005408,30.850170,0,0
0,49,45,put the yellow and white mug in the microwave and close it,FULL_HIT,0.997603,0.004821,0.001680,7.487689,24.773083,0.010864,0.005091,32.376281,0,0
0,49,46,put the yellow and white mug in the microwave and close it,FULL_HIT,0.998050,0.004484,0.001803,7.279002,22.193203,0.011289,0.004717,29.594515,0,0
0,49,47,put the yellow and white mug in the microwave and close it,FULL_HIT,0.998324,0.005050,0.002339,7.883243,24.603953,0.012956,0.005296,32.612498,0,0
0,49,48,put the yellow and white mug in the microwave and close it,FULL_HIT,0.998331,0.005019,0.001783,8.074544,24.581209,0.011068,0.005053,32.791178,0,0
0,49,49,put the yellow and white mug in the microwave and close it,FULL_HIT,0.998260,0.006222,0.002514,7.286415,24.378051,0.012108,0.005156,31.818915,0,0
0,49,50,put the yellow and white mug in the microwave and close it,FULL_HIT,0.998110,0.006846,0.003401,7.152824,22.688868,0.013253,0.005734,30.002282,0,0
