repeat,episode_id,step_idx,task,hit_type,top_score,cp1_collect_ms,cp1_gate_ms,cp1_build_ms,cp1_search_ms,cp1_judge_ms,cp1_fetch_ms,cp1_total_ms,warm_start_action_approx,action_history_approx_active
0,0,0,pick up the black bowl between the plate and the ramekin and place it on the plate,FULL_HIT,0.988939,0.006314,0.002951,0.946603,1.699505,0.016773,0.006353,2.817018,0,0
0,0,1,pick up the black bowl between the plate and the ramekin and place it on the plate,FULL_HIT,0.988598,0.007288,0.004765,0.692668,1.883837,0.015251,0.005474,2.845963,0,0
0,0,2,pick up the black bowl between the plate and the ramekin and place it on the plate,FULL_HIT,0.988414,0.007172,0.002347,0.384587,2.547825,0.012022,0.004962,3.064306,0,0
0,0,3,pick up the black bowl between the plate and the ramekin and place it on the plate,FULL_HIT,0.988411,0.006097,0.002212,0.437286,1.274593,0.011185,0.004007,1.833865,0,0
0,0,4,pick up the black bowl between the plate and the ramekin and place it on the plate,FULL_HIT,0.988483,0.006713,0.002064,0.524998,1.541684,0.012429,0.005348,2.208590,0,0
0,0,5,pick up the black bowl between the plate and the ramekin and place it on the plate,FULL_HIT,0.988221,0.006900,0.002450,0.547096,2.237367,0.011805,0.004854,2.925923,0,0
0,0,6,pick up the black bowl between the plate and the ramekin and place it on the plate,FULL_HIT,0.988195,0.005602,0.001762,0.371174,1.303869,0.010449,0.004575,1.796377,0,0
0,0,7,pick up the black bowl between the plate and the ramekin and place it on the plate,FULL_HIT,0.988451,0.007507,0.001892,0.521670,1.661972,0.013229,0.006482,2.330951,0,0
0,0,8,pick up the black bowl between the plate and the ramekin and place it on the plate,FULL_HIT,0.986259,0.006108,0.002026,0.629562,1.563157,0.010039,0.003432,2.345158,0,0
0,0,9,pick up the black bowl between the plate and the ramekin and place it on the plate,FULL_HIT,0.985199,0.005959,0.002262,0.452260,1.434125,0.009509,0.003390,2.000308,0,0
0,0,10,pick up the black bowl between the plate and the ramekin and place it on the plate,FULL_HIT,0.987679,0.005396,0.001613,0.343902,1.203043,0.010071,0.003635,1.646208,0,0
0,0,11,pick up the black bowl between the plate and the ramekin and place it on the plate,FULL_HIT,0.987717,0.005701,0.001747,0.348414,2.171029,0.017326,0.005854,2.698892,0,0
0,0,12,pick up the black bowl between the plate and the ramekin and place it on the plate,FULL_HIT,0.987860,0.006657,0.002236,0.567407,1.752264,0.011485,0.003788,2.448219,0,0
0,0,13,pick up the black bowl between the plate and the ramekin and place it on the plate,FULL_HIT,0.987593,0.006393,0.002232,0.494908,1.258927,0.009102,0.003687,1.871800,0,0
0,0,14,pick up the black bowl between the plate and the ramekin and place it on the plate,FULL_HIT,0.987273,0.006334,0.002170,0.758337,1.697167,0.011174,0.003959,2.595417,0,0
0,0,15,pick up the black bowl between the plate and the ramekin and place it on the plate,FULL_HIT,0.987050,0.009179,0.002319,0.686946,1.966361,0.011729,0.004605,2.797909,0,0
0,0,0,pick up the black bowl between the plate and the ramekin and place it on the plate,FULL_HIT,0.988147,0.006275,0.002080,0.480659,1.595112,0.010703,0.003732,2.196232,0,0
0,0,1,pick up the black bowl between the plate and the ramekin and place it on the plate,FULL_HIT,0.988324,0.006722,0.001871,0.495585,1.505208,0.010279,0.003946,2.116978,0,0
0,0,2,pick up the black bowl between the plate and the ramekin and place it on the plate,FULL_HIT,0.987961,0.006774,0.002125,0.464894,1.482645,0.010059,0.003352,2.065511,0,0
0,0,3,pick up the black bowl between the plate and the ramekin and place it on the plate,FULL_HIT,0.987732,0.006428,0.002027,0.537581,1.527413,0.010718,0.003660,2.188468,0,0
0,0,4,pick up the black bowl between the plate and the ramekin and place it on the plate,FULL_HIT,0.987396,0.005059,0.001668,0.835785,3.114616,0.009721,0.003811,4.062696,0,0
0,0,5,pick up the black bowl between the plate and the ramekin and place it on the plate,FULL_HIT,0.986754,0.005128,0.002013,0.353076,1.351310,0.009722,0.003494,1.813604,0,0
0,0,6,pick up the black bowl between the plate and the ramekin and place it on the plate,FULL_HIT,0.985675,0.005790,0.002231,0.564573,1.980275,0.012321,0.004331,2.708449,0,0
0,0,7,pick up the black bowl between the plate and the ramekin and place it on the plate,FULL_HIT,0.985364,0.006992,0.002312,0.610163,1.647941,0.034270,0.004278,2.415650,0,0
0,0,8,pick up the black bowl between the plate and the ramekin and place it on the plate,FULL_HIT,0.985040,0.006918,0.002791,0.545830,1.916141,0.010058,0.003296,2.607119,0,0
0,0,9,pick up the black bowl between the plate and the ramekin and place it on the plate,FULL_HIT,0.980681,0.006405,0.002796,0.852128,1.511327,0.009132,0.003178,2.509441,0,0
0,0,10,pick up the black bowl between the plate and the ramekin and place it on the plate,FULL_HIT,0.978131,0.006106,0.001842,0.496349,1.433898,0.009218,0.002991,2.051190,0,0
0,0,11,pick up the black bowl between the plate and the ramekin and place it on the plate,FULL_HIT,0.981541,0.005437,0.002001,0.334228,1.231040,0.008884,0.003581,1.669244,0,0
0,0,12,pick up the black bowl between the plate and the ramekin and place it on the plate,FULL_HIT,0.982388,0.005591,0.001759,0.439658,1.735579,0.009721,0.003457,2.288775,0,0
0,0,13,pick up the black bowl between the plate and the ramekin and place it on the plate,FULL_HIT,0.983049,0.006085,0.002060,0.307371,1.237704,0.008416,0.003227,1.652544,0,0
0,0,14,pick up the black bowl between the plate and the ramekin and place it on the plate,FULL_HIT,0.983050,0.005127,0.001661,0.286234,1.185026,0.007725,0.003315,1.567818,0,0
0,0,15,pick up the black bowl between the plate and the ramekin and place it on the plate,FULL_HIT,0.984854,0.005443,0.002204,0.396545,1.842594,0.010778,0.004365,2.357577,0,0
0,0,16,pick up the black bowl between the plate and the ramekin and place it on the plate,FULL_HIT,0.983552,0.005941,0.020376,0.431553,1.236588,0.008849,0.003387,1.803558,0,0
0,2,0,pick up the black bowl between the plate and the ramekin and place it on the plate,FULL_HIT,0.988806,0.006811,0.002298,0.526688,1.380512,0.007758,0.003547,2.023770,0,0
0,2,1,pick up the black bowl between the plate and the ramekin and place it on the plate,FULL_HIT,0.988351,0.006903,0.002065,0.434743,1.481736,0.008884,0.003279,2.028509,0,0
0,2,2,pick up the black bowl between the plate and the ramekin and place it on the plate,FULL_HIT,0.987805,0.005732,0.002130,0.328059,1.232362,0.010178,0.003472,1.668448,0,0
0,2,3,pick up the black bowl between the plate and the ramekin and place it on the plate,FULL_HIT,0.987629,0.005418,0.002037,0.327260,1.553107,0.011650,0.004331,1.993718,0,0
0,2,4,pick up the black bowl between the plate and the ramekin and place it on the plate,FULL_HIT,0.987358,0.006087,0.001867,0.373846,1.570626,0.009610,0.003398,2.060073,0,0
0,2,5,pick up the black bowl between the plate and the ramekin and place it on the plate,FULL_HIT,0.986932,0.005467,0.001740,0.375600,1.221840,0.009596,0.002957,1.703691,0,0
0,2,6,pick up the black bowl between the plate and the ramekin and place it on the plate,FULL_HIT,0.986680,0.005794,0.001709,0.324220,1.198814,0.009431,0.003307,1.623353,0,0
0,2,7,pick up the black bowl between the plate and the ramekin and place it on the plate,FULL_HIT,0.987084,0.005479,0.002273,0.309544,1.252285,0.008457,0.003693,1.663622,0,0
0,2,8,pick up the black bowl between the plate and the ramekin and place it on the plate,FULL_HIT,0.987292,0.005037,0.001928,0.319230,1.253169,0.007837,0.003902,1.668606,0,0
0,2,9,pick up the black bowl between the plate and the ramekin and place it on the plate,FULL_HIT,0.987481,0.005408,0.001689,0.345923,1.290198,0.009404,0.003709,1.742129,0,0
0,2,10,pick up the black bowl between the plate and the ramekin and place it on the plate,FULL_HIT,0.986344,0.007037,0.001962,0.305858,1.200550,0.009302,0.003151,1.610819,0,0
0,2,11,pick up the black bowl between the plate and the ramekin and place it on the plate,FULL_HIT,0.985887,0.005399,0.001824,0.320391,1.238448,0.009311,0.003451,1.662597,0,0
0,2,12,pick up the black bowl between the plate and the ramekin and place it on the plate,FULL_HIT,0.985471,0.006520,0.001813,0.307941,1.233881,0.008515,0.003575,1.644963,0,0
0,2,13,pick up the black bowl between the plate and the ramekin and place it on the plate,FULL_HIT,0.985855,0.005102,0.001771,0.335378,1.253485,0.009210,0.003821,1.692648,0,0
0,2,14,pick up the black bowl between the plate and the ramekin and place it on the plate,FULL_HIT,0.987044,0.004905,0.001702,0.308252,1.238380,0.009552,0.003702,1.649464,0,0
0,2,15,pick up the black bowl between the plate and the ramekin and place it on the plate,FULL_HIT,0.987439,0.005988,0.001832,0.517725,1.446199,0.010279,0.003613,2.083535,0,0
0,2,16,pick up the black bowl between the plate and the ramekin and place it on the plate,FULL_HIT,0.986040,0.005096,0.001838,0.368757,1.262618,0.009253,0.003380,1.739331,0,0
0,3,0,pick up the black bowl between the plate and the ramekin and place it on the plate,FULL_HIT,0.985954,0.005967,0.001913,0.355007,1.501575,0.011375,0.003868,1.971872,0,0
0,3,1,pick up the black bowl between the plate and the ramekin and place it on the plate,FULL_HIT,0.985325,0.006526,0.002310,0.904997,1.328891,0.009414,0.003816,2.383967,0,0
0,3,2,pick up the black bowl between the plate and the ramekin and place it on the plate,FULL_HIT,0.986169,0.005923,0.001754,0.475342,1.375401,0.010160,0.003434,1.960409,0,0
0,3,3,pick up the black bowl between the plate and the ramekin and place it on the plate,FULL_HIT,0.986334,0.005305,0.001727,0.446781,1.363051,0.009746,0.003709,1.919579,0,0
0,3,4,pick up the black bowl between the plate and the ramekin and place it on the plate,FULL_HIT,0.986592,0.007828,0.002871,0.575970,1.942039,0.012983,0.005812,2.682178,0,0
0,3,5,pick up the black bowl between the plate and the ramekin and place it on the plate,FULL_HIT,0.987333,0.005451,0.001770,0.408413,1.612274,0.013264,0.005124,2.150347,0,0
0,3,6,pick up the black bowl between the plate and the ramekin and place it on the plate,FULL_HIT,0.987109,0.005415,0.001653,0.394397,1.350516,0.009503,0.003687,1.850989,0,0
0,3,7,pick up the black bowl between the plate and the ramekin and place it on the plate,FULL_HIT,0.986201,0.005842,0.001742,0.439966,1.310346,0.008457,0.003350,1.852568,0,0
0,3,8,pick up the black bowl between the plate and the ramekin and place it on the plate,FULL_HIT,0.985770,0.006837,0.001767,0.554382,1.715375,0.010520,0.003913,2.391643,0,0
0,3,9,pick up the black bowl between the plate and the ramekin and place it on the plate,FULL_HIT,0.983330,0.005663,0.001951,0.628251,1.447420,0.009612,0.003748,2.195407,0,0
0,3,10,pick up the black bowl between the plate and the ramekin and place it on the plate,FULL_HIT,0.985005,0.005960,0.001867,0.691967,1.820502,0.012288,0.004736,2.656236,0,0
0,3,11,pick up the black bowl between the plate and the ramekin and place it on the plate,FULL_HIT,0.985356,0.005527,0.001749,0.544101,2.326788,0.014977,0.005811,3.014943,0,0
0,3,12,pick up the black bowl between the plate and the ramekin and place it on the plate,FULL_HIT,0.985629,0.005417,0.001754,0.325803,1.411882,0.010032,0.004414,1.846275,0,0
0,3,13,pick up the black bowl between the plate and the ramekin and place it on the plate,FULL_HIT,0.985927,0.005304,0.001901,0.460687,1.479512,0.010189,0.003613,2.054976,0,0
0,3,14,pick up the black bowl between the plate and the ramekin and place it on the plate,FULL_HIT,0.985862,0.006047,0.002013,0.441018,1.506099,0.010435,0.004264,2.065123,0,0
0,3,15,pick up the black bowl between the plate and the ramekin and place it on the plate,FULL_HIT,0.985193,0.005277,0.002232,0.343683,1.300347,0.009874,0.003278,1.752907,0,0
0,4,0,pick up the black bowl between the plate and the ramekin and place it on the plate,FULL_HIT,0.988675,0.005831,0.001886,0.392183,1.551250,0.009357,0.004008,2.054510,0,0
0,4,1,pick up the black bowl between the plate and the ramekin and place it on the plate,FULL_HIT,0.987075,0.005910,0.002154,0.454562,1.664500,0.011648,0.004375,2.247938,0,0
0,4,2,pick up the black bowl between the plate and the ramekin and place it on the plate,FULL_HIT,0.986880,0.005470,0.001709,0.342242,1.199143,0.008349,0.004431,1.640337,0,0
0,4,3,pick up the black bowl between the plate and the ramekin and place it on the plate,FULL_HIT,0.986845,0.006194,0.002234,0.620713,1.665663,0.010401,0.003593,2.413843,0,0
0,4,4,pick up the black bowl between the plate and the ramekin and place it on the plate,FULL_HIT,0.986623,0.005364,0.001894,0.404935,1.273634,0.008916,0.003315,1.781658,0,0
0,4,5,pick up the black bowl between the plate and the ramekin and place it on the plate,FULL_HIT,0.984937,0.005678,0.001747,0.406700,1.404524,0.009353,0.003162,1.918484,0,0
0,4,6,pick up the black bowl between the plate and the ramekin and place it on the plate,FULL_HIT,0.981933,0.006895,0.002377,0.589300,2.228679,0.009931,0.004279,2.953876,0,0
0,4,7,pick up the black bowl between the plate and the ramekin and place it on the plate,FULL_HIT,0.977444,0.005863,0.001886,0.288938,1.133665,0.008015,0.003412,1.518365,0,0
0,4,8,pick up the black bowl between the plate and the ramekin and place it on the plate,FULL_HIT,0.970082,0.005860,0.001547,0.333531,1.153786,0.007659,0.003343,1.583838,0,0
0,4,9,pick up the black bowl between the plate and the ramekin and place it on the plate,FULL_HIT,0.975729,0.005311,0.001745,0.283252,1.109312,0.007755,0.003252,1.484897,0,0
0,4,10,pick up the black bowl between the plate and the ramekin and place it on the plate,FULL_HIT,0.977241,0.005966,0.002005,0.485484,1.388724,0.011522,0.003590,2.031690,0,0
0,4,11,pick up the black bowl between the plate and the ramekin and place it on the plate,FULL_HIT,0.976575,0.005891,0.001862,0.437176,1.562026,0.011573,0.003727,2.117679,0,0
0,4,12,pick up the black bowl between the plate and the ramekin and place it on the plate,FULL_HIT,0.977594,0.014828,0.001893,0.320054,1.227241,0.009454,0.003194,1.662641,0,0
0,4,13,pick up the black bowl between the plate and the ramekin and place it on the plate,FULL_HIT,0.976570,0.005125,0.001754,0.332361,1.465618,0.008967,0.003867,1.905993,0,0
0,5,0,pick up the black bowl next to the ramekin and place it on the plate,FULL_HIT,0.988361,0.005149,0.001905,0.345143,5.610310,0.010150,0.004501,6.069246,0,0
0,5,1,pick up the black bowl next to the ramekin and place it on the plate,FULL_HIT,0.987301,0.006447,0.002261,0.465254,1.833519,0.010025,0.004116,2.421070,0,0
0,5,2,pick up the black bowl next to the ramekin and place it on the plate,FULL_HIT,0.987429,0.006178,0.001761,0.407366,1.843163,0.010384,0.003702,2.361660,0,0
0,5,3,pick up the black bowl next to the ramekin and place it on the plate,FULL_HIT,0.986541,0.004954,0.001732,0.473473,1.680574,0.011165,0.004083,2.272814,0,0
0,5,4,pick up the black bowl next to the ramekin and place it on the plate,FULL_HIT,0.985768,0.006255,0.001763,0.673113,1.920816,0.009749,0.004322,2.720412,0,0
0,5,5,pick up the black bowl next to the ramekin and place it on the plate,FULL_HIT,0.985473,0.008911,0.002608,0.533928,2.290476,0.013609,0.005931,3.018054,0,0
0,5,6,pick up the black bowl next to the ramekin and place it on the plate,FULL_HIT,0.983789,0.005369,0.001619,0.424608,1.675120,0.010231,0.004666,2.212705,0,0
0,5,7,pick up the black bowl next to the ramekin and place it on the plate,FULL_HIT,0.983131,0.006082,0.002118,0.530876,1.664850,0.011867,0.004965,2.320940,0,0
0,5,8,pick up the black bowl next to the ramekin and place it on the plate,FULL_HIT,0.984428,0.006660,0.001954,0.535246,2.207163,0.014606,0.005487,2.918910,0,0
0,5,9,pick up the black bowl next to the ramekin and place it on the plate,FULL_HIT,0.984562,0.023202,0.002196,0.472583,2.208578,0.011400,0.004900,2.842416,0,0
0,5,10,pick up the black bowl next to the ramekin and place it on the plate,FULL_HIT,0.983828,0.005245,0.001755,0.893483,2.383785,0.014737,0.005732,3.427632,0,0
0,5,11,pick up the black bowl next to the ramekin and place it on the plate,FULL_HIT,0.979651,0.006002,0.002844,0.513952,2.885770,0.012292,0.005774,3.564465,0,0
0,5,12,pick up the black bowl next to the ramekin and place it on the plate,FULL_HIT,0.970922,0.005192,0.001978,0.368419,1.625456,0.010373,0.003572,2.104381,0,0
0,5,13,pick up the black bowl next to the ramekin and place it on the plate,FULL_HIT,0.971803,0.005895,0.002131,0.489712,1.761164,0.011765,0.004289,2.375175,0,0
0,5,14,pick up the black bowl next to the ramekin and place it on the plate,FULL_HIT,0.980396,0.005291,0.001894,0.423104,2.036914,0.012473,0.005056,2.603596,0,0
0,5,15,pick up the black bowl next to the ramekin and place it on the plate,FULL_HIT,0.980167,0.006356,0.002504,0.552262,1.745802,0.013201,0.151510,2.619687,0,0
0,5,16,pick up the black bowl next to the ramekin and place it on the plate,FULL_HIT,0.980499,0.005096,0.001992,0.404244,1.508660,0.009893,0.003700,2.021479,0,0
0,5,17,pick up the black bowl next to the ramekin and place it on the plate,FULL_HIT,0.980335,0.005623,0.001694,0.375982,1.407440,0.009332,0.003829,1.891591,0,0
0,5,18,pick up the black bowl next to the ramekin and place it on the plate,FULL_HIT,0.979195,0.007567,0.002391,0.620926,1.967273,0.012904,0.005241,2.729924,0,0
0,5,19,pick up the black bowl next to the ramekin and place it on the plate,FULL_HIT,0.980456,0.006006,0.002218,0.583358,1.916751,0.013120,0.004840,2.642733,0,0
0,5,20,pick up the black bowl next to the ramekin and place it on the plate,FULL_HIT,0.980360,0.006047,0.002036,0.563496,2.129126,0.012542,0.006125,2.838965,0,0
0,5,21,pick up the black bowl next to the ramekin and place it on the plate,FULL_HIT,0.979345,0.005852,0.001847,0.451690,1.444684,0.009613,0.003765,2.016208,0,0
0,5,22,pick up the black bowl next to the ramekin and place it on the plate,FULL_HIT,0.979743,0.005844,0.001919,0.613907,3.373318,0.014678,0.005838,4.136845,0,0
0,6,0,pick up the black bowl next to the ramekin and place it on the plate,FULL_HIT,0.984450,0.006183,0.002213,0.952898,2.198803,0.029577,0.004499,3.323839,0,0
0,6,1,pick up the black bowl next to the ramekin and place it on the plate,FULL_HIT,0.987961,0.005810,0.001917,0.491123,2.949845,0.014621,0.005845,3.595486,0,0
0,6,2,pick up the black bowl next to the ramekin and place it on the plate,FULL_HIT,0.988364,0.005743,0.002054,0.395600,1.395467,0.008692,0.003397,1.903377,0,0
0,6,3,pick up the black bowl next to the ramekin and place it on the plate,FULL_HIT,0.987704,0.005146,0.001678,0.403353,1.375091,0.008882,0.003561,1.882913,0,0
0,6,4,pick up the black bowl next to the ramekin and place it on the plate,FULL_HIT,0.987294,0.005567,0.001781,0.340391,1.478543,0.009713,0.003547,1.924070,0,0
0,6,5,pick up the black bowl next to the ramekin and place it on the plate,FULL_HIT,0.987096,0.005822,0.001771,0.322753,1.640088,0.010305,0.003831,2.076616,0,0
0,6,6,pick up the black bowl next to the ramekin and place it on the plate,FULL_HIT,0.986463,0.006147,0.001631,0.517344,2.242823,0.013245,0.004645,2.901759,0,0
0,6,7,pick up the black bowl next to the ramekin and place it on the plate,FULL_HIT,0.986605,0.007420,0.002076,0.568269,1.771438,0.009938,0.003759,2.471595,0,0
0,6,8,pick up the black bowl next to the ramekin and place it on the plate,FULL_HIT,0.987075,0.005624,0.002185,0.457355,1.737596,0.008979,0.003688,2.308205,0,0
0,6,9,pick up the black bowl next to the ramekin and place it on the plate,FULL_HIT,0.986572,0.005975,0.001873,0.456009,2.122350,0.011106,0.003990,2.694799,0,0
0,6,10,pick up the black bowl next to the ramekin and place it on the plate,FULL_HIT,0.978780,0.006249,0.002061,0.421574,1.450183,0.009247,0.003704,1.984246,0,0
0,6,11,pick up the black bowl next to the ramekin and place it on the plate,FULL_HIT,0.980697,0.005463,0.002147,0.453673,1.728675,0.010183,0.004490,2.307583,0,0
0,6,12,pick up the black bowl next to the ramekin and place it on the plate,FULL_HIT,0.986601,0.007014,0.001870,0.382000,1.956890,0.010624,0.003899,2.495067,0,0
0,6,13,pick up the black bowl next to the ramekin and place it on the plate,FULL_HIT,0.985248,0.005669,0.001809,0.406482,1.523509,0.010044,0.003918,2.043026,0,0
0,6,14,pick up the black bowl next to the ramekin and place it on the plate,FULL_HIT,0.986175,0.005594,0.001919,0.378163,1.385390,0.009136,0.003818,1.873462,0,0
0,6,15,pick up the black bowl next to the ramekin and place it on the plate,FULL_HIT,0.986163,0.004787,0.001807,0.385278,1.410466,0.007935,0.003479,1.900980,0,0
0,6,16,pick up the black bowl next to the ramekin and place it on the plate,FULL_HIT,0.986422,0.005870,0.002170,0.429674,1.886623,0.011127,0.004062,2.442039,0,0
0,6,17,pick up the black bowl next to the ramekin and place it on the plate,FULL_HIT,0.986338,0.005257,0.001798,0.353836,1.397636,0.009514,0.003304,1.859102,0,0
0,6,18,pick up the black bowl next to the ramekin and place it on the plate,FULL_HIT,0.986571,0.005363,0.002057,0.363228,1.439883,0.009570,0.003427,1.911884,0,0
0,6,19,pick up the black bowl next to the ramekin and place it on the plate,FULL_HIT,0.985999,0.006801,0.002008,0.475810,1.452916,0.009828,0.003814,2.049751,0,0
0,6,20,pick up the black bowl next to the ramekin and place it on the plate,FULL_HIT,0.985285,0.006120,0.001765,0.473059,1.561338,0.009269,0.003620,2.177438,0,0
0,7,0,pick up the black bowl next to the ramekin and place it on the plate,FULL_HIT,0.987673,0.005747,0.001897,0.471166,2.126944,0.012071,0.004478,2.730337,0,0
0,7,1,pick up the black bowl next to the ramekin and place it on the plate,FULL_HIT,0.988139,0.006529,0.002051,0.468027,1.647150,0.010405,0.003927,2.233156,0,0
0,7,2,pick up the black bowl next to the ramekin and place it on the plate,FULL_HIT,0.987965,0.005286,0.001963,0.316405,1.368847,0.008976,0.003144,1.781513,0,0
0,7,3,pick up the black bowl next to the ramekin and place it on the plate,FULL_HIT,0.987402,0.005368,0.001849,0.363135,1.461885,0.008577,0.003031,1.921101,0,0
0,7,4,pick up the black bowl next to the ramekin and place it on the plate,FULL_HIT,0.986748,0.006146,0.001705,0.415565,1.700172,0.009995,0.003587,2.222844,0,0
0,7,5,pick up the black bowl next to the ramekin and place it on the plate,FULL_HIT,0.986061,0.006024,0.001901,0.369670,1.653846,0.009228,0.003675,2.130338,0,0
0,7,6,pick up the black bowl next to the ramekin and place it on the plate,FULL_HIT,0.985296,0.005169,0.001709,0.312600,1.388441,0.008898,0.003634,1.796736,0,0
0,7,7,pick up the black bowl next to the ramekin and place it on the plate,FULL_HIT,0.984022,0.005562,0.001682,0.535779,1.460176,0.010697,0.003786,2.104277,0,0
0,7,8,pick up the black bowl next to the ramekin and place it on the plate,FULL_HIT,0.984310,0.005701,0.002052,0.452016,1.697625,0.010893,0.004211,2.269495,0,0
0,7,9,pick up the black bowl next to the ramekin and place it on the plate,FULL_HIT,0.984068,0.005643,0.001860,0.315783,1.605481,0.009204,0.003772,2.023283,0,0
0,7,10,pick up the black bowl next to the ramekin and place it on the plate,FULL_HIT,0.983957,0.005010,0.001640,0.347674,1.773830,0.009990,0.004916,2.234702,0,0
0,7,11,pick up the black bowl next to the ramekin and place it on the plate,FULL_HIT,0.982719,0.006622,0.002107,0.549919,1.995044,0.009869,0.004332,2.674340,0,0
0,7,12,pick up the black bowl next to the ramekin and place it on the plate,FULL_HIT,0.975267,0.017959,0.005117,0.953445,1.796631,0.022937,0.004367,3.119220,0,0
0,7,13,pick up the black bowl next to the ramekin and place it on the plate,FULL_HIT,0.979852,0.005053,0.001763,0.361283,1.915225,0.012156,0.004808,2.403649,0,0
0,7,14,pick up the black bowl next to the ramekin and place it on the plate,FULL_HIT,0.983175,0.005272,0.001791,0.330271,1.376057,0.009325,0.003841,1.805794,0,0
0,7,15,pick up the black bowl next to the ramekin and place it on the plate,FULL_HIT,0.983656,0.005958,0.001841,0.351274,1.417699,0.009740,0.003632,1.870897,0,0
0,7,16,pick up the black bowl next to the ramekin and place it on the plate,FULL_HIT,0.983124,0.006136,0.001824,0.402178,1.478069,0.009993,0.003742,1.995293,0,0
0,7,17,pick up the black bowl next to the ramekin and place it on the plate,FULL_HIT,0.983134,0.006238,0.002051,0.418355,1.628900,0.010487,0.003570,2.162703,0,0
0,7,18,pick up the black bowl next to the ramekin and place it on the plate,FULL_HIT,0.982636,0.006366,0.002032,0.422473,1.736008,0.010392,0.003694,2.274564,0,0
0,7,19,pick up the black bowl next to the ramekin and place it on the plate,FULL_HIT,0.982521,0.005565,0.001986,0.352847,1.539579,0.010857,0.004043,2.012847,0,0
0,7,20,pick up the black bowl next to the ramekin and place it on the plate,FULL_HIT,0.982840,0.028283,0.002106,0.621229,2.218070,0.011328,0.004537,2.998081,0,0
0,7,21,pick up the black bowl next to the ramekin and place it on the plate,FULL_HIT,0.982693,0.005545,0.002004,0.341966,1.431620,0.008977,0.003584,1.881211,0,0
0,7,22,pick up the black bowl next to the ramekin and place it on the plate,FULL_HIT,0.982783,0.005911,0.002040,0.491387,2.184216,0.010818,0.004267,2.801024,0,0
0,7,23,pick up the black bowl next to the ramekin and place it on the plate,FULL_HIT,0.981897,0.005647,0.001973,0.365123,1.439965,0.009666,0.003885,1.916947,0,0
0,8,0,pick up the black bowl next to the ramekin and place it on the plate,FULL_HIT,0.985359,0.005728,0.001672,0.289984,1.979637,0.012301,0.004654,2.386309,0,0
0,8,1,pick up the black bowl next to the ramekin and place it on the plate,FULL_HIT,0.984298,0.005488,0.001969,0.313561,1.453175,0.008607,0.003364,1.867770,0,0
0,8,2,pick up the black bowl next to the ramekin and place it on the plate,FULL_HIT,0.984493,0.005990,0.001520,0.346038,1.429298,0.009108,0.003430,1.878455,0,0
0,8,3,pick up the black bowl next to the ramekin and place it on the plate,FULL_HIT,0.984060,0.006019,0.002037,0.375986,1.413332,0.008500,0.003479,1.894322,0,0
0,8,4,pick up the black bowl next to the ramekin and place it on the plate,FULL_HIT,0.983111,0.005974,0.002050,0.483844,1.659360,0.010331,0.003839,2.261959,0,0
0,8,5,pick up the black bowl next to the ramekin and place it on the plate,FULL_HIT,0.983373,0.005831,0.001561,0.387961,1.557894,0.010818,0.003927,2.062121,0,0
0,8,6,pick up the black bowl next to the ramekin and place it on the plate,FULL_HIT,0.983220,0.006382,0.002112,0.487924,1.976721,0.010774,0.003998,2.590396,0,0
0,8,7,pick up the black bowl next to the ramekin and place it on the plate,FULL_HIT,0.982989,0.005988,0.001957,0.338960,1.562509,0.010437,0.003734,2.014216,0,0
0,8,8,pick up the black bowl next to the ramekin and place it on the plate,FULL_HIT,0.981661,0.007464,0.002736,0.616822,1.486883,0.009756,0.003677,2.236900,0,0
0,8,9,pick up the black bowl next to the ramekin and place it on the plate,FULL_HIT,0.978815,0.005477,0.001761,0.355166,1.568029,0.009763,0.003541,2.054956,0,0
0,8,10,pick up the black bowl next to the ramekin and place it on the plate,FULL_HIT,0.979498,0.005168,0.001698,0.343071,2.211806,0.012886,0.005317,2.683737,0,0
0,8,11,pick up the black bowl next to the ramekin and place it on the plate,FULL_HIT,0.962297,0.005813,0.001918,0.449381,2.036654,0.011165,0.004514,2.610479,0,0
0,8,12,pick up the black bowl next to the ramekin and place it on the plate,FULL_HIT,0.968275,0.005868,0.002076,0.456820,1.549940,0.009665,0.003665,2.122743,0,0
0,8,13,pick up the black bowl next to the ramekin and place it on the plate,FULL_HIT,0.977422,0.006591,0.001781,0.396150,1.514268,0.008827,0.003515,2.012998,0,0
0,8,14,pick up the black bowl next to the ramekin and place it on the plate,FULL_HIT,0.975728,0.006141,0.001745,0.329092,1.429409,0.008584,0.003673,1.860840,0,0
0,8,15,pick up the black bowl next to the ramekin and place it on the plate,FULL_HIT,0.974479,0.006389,0.002174,0.569584,1.363207,0.008458,0.003347,2.050994,0,0
0,8,16,pick up the black bowl next to the ramekin and place it on the plate,FULL_HIT,0.973715,0.004973,0.001546,0.286353,1.360011,0.007790,0.003077,1.739245,0,0
0,8,17,pick up the black bowl next to the ramekin and place it on the plate,FULL_HIT,0.974215,0.005488,0.001658,0.314704,1.400721,0.007975,0.003464,1.815034,0,0
0,8,18,pick up the black bowl next to the ramekin and place it on the plate,FULL_HIT,0.976330,0.005525,0.002116,0.379676,1.707133,0.009233,0.003645,2.199801,0,0
0,8,19,pick up the black bowl next to the ramekin and place it on the plate,FULL_HIT,0.979292,0.005706,0.001752,0.410873,1.589865,0.008634,0.003714,2.119585,0,0
0,8,20,pick up the black bowl next to the ramekin and place it on the plate,FULL_HIT,0.981736,0.005862,0.001727,0.371707,1.728653,0.010670,0.004164,2.210447,0,0
0,8,21,pick up the black bowl next to the ramekin and place it on the plate,FULL_HIT,0.980342,0.005387,0.001868,0.323931,2.059270,0.018020,0.007353,2.527155,0,0
0,9,0,pick up the black bowl next to the ramekin and place it on the plate,FULL_HIT,0.988868,0.005051,0.001836,0.306367,1.321215,0.008370,0.003094,1.724343,0,0
0,9,1,pick up the black bowl next to the ramekin and place it on the plate,FULL_HIT,0.988647,0.005261,0.001605,0.277679,1.241916,0.007326,0.002748,1.607416,0,0
0,9,2,pick up the black bowl next to the ramekin and place it on the plate,FULL_HIT,0.988341,0.005052,0.001782,0.375239,1.454835,0.008971,0.003352,1.931678,0,0
0,9,3,pick up the black bowl next to the ramekin and place it on the plate,FULL_HIT,0.987843,0.005222,0.001233,0.303743,1.410144,0.007576,0.003369,1.805504,0,0
0,9,4,pick up the black bowl next to the ramekin and place it on the plate,FULL_HIT,0.986884,0.004935,0.001953,0.385929,1.600191,0.008740,0.003322,2.086665,0,0
0,9,5,pick up the black bowl next to the ramekin and place it on the plate,FULL_HIT,0.985813,0.005096,0.001690,0.347599,1.277541,0.007610,0.003292,1.725268,0,0
0,9,6,pick up the black bowl next to the ramekin and place it on the plate,FULL_HIT,0.984652,0.005213,0.001639,0.446851,1.429363,0.008955,0.003856,1.978166,0,0
0,9,7,pick up the black bowl next to the ramekin and place it on the plate,FULL_HIT,0.984711,0.004569,0.001769,0.320821,1.314563,0.008021,0.003568,1.731354,0,0
0,9,8,pick up the black bowl next to the ramekin and place it on the plate,FULL_HIT,0.983443,0.005343,0.001750,0.314003,1.535245,0.009099,0.003883,1.954254,0,0
0,9,9,pick up the black bowl next to the ramekin and place it on the plate,FULL_HIT,0.983665,0.005291,0.001941,0.435345,1.591246,0.009666,0.004221,2.140228,0,0
0,9,10,pick up the black bowl next to the ramekin and place it on the plate,FULL_HIT,0.983473,0.006116,0.002141,0.421344,1.684727,0.029252,0.004109,2.242272,0,0
0,9,11,pick up the black bowl next to the ramekin and place it on the plate,FULL_HIT,0.982853,0.005267,0.001944,0.300201,1.923884,0.010653,0.004318,2.335891,0,0
0,9,12,pick up the black bowl next to the ramekin and place it on the plate,FULL_HIT,0.982008,0.005570,0.001823,0.401737,1.721955,0.009647,0.003978,2.236915,0,0
0,9,13,pick up the black bowl next to the ramekin and place it on the plate,FULL_HIT,0.982471,0.010869,0.001913,0.858896,1.626903,0.009832,0.003528,2.636646,0,0
0,9,14,pick up the black bowl next to the ramekin and place it on the plate,FULL_HIT,0.985899,0.006339,0.002469,0.428342,1.599791,0.010698,0.003951,2.141655,0,0
0,9,15,pick up the black bowl next to the ramekin and place it on the plate,FULL_HIT,0.986318,0.005647,0.001746,0.325935,1.478856,0.009068,0.003736,1.912373,0,0
0,9,16,pick up the black bowl next to the ramekin and place it on the plate,FULL_HIT,0.985759,0.005548,0.001623,0.326583,1.382644,0.008215,0.003235,1.816795,0,0
0,9,17,pick up the black bowl next to the ramekin and place it on the plate,FULL_HIT,0.985720,0.007393,0.003096,0.366251,1.346771,0.008569,0.003096,1.859140,0,0
0,9,18,pick up the black bowl next to the ramekin and place it on the plate,FULL_HIT,0.986210,0.005245,0.001826,0.429150,1.390465,0.087678,0.006597,2.075306,0,0
0,9,19,pick up the black bowl next to the ramekin and place it on the plate,FULL_HIT,0.986830,0.005810,0.001625,0.392023,1.836783,0.012081,0.005669,2.360534,0,0
0,9,20,pick up the black bowl next to the ramekin and place it on the plate,FULL_HIT,0.987789,0.005785,0.001877,0.514460,1.978918,0.012431,0.004524,2.622810,0,0
0,9,21,pick up the black bowl next to the ramekin and place it on the plate,FULL_HIT,0.988168,0.005652,0.001865,0.569591,1.790069,0.009282,0.003609,2.480578,0,0
0,10,0,pick up the black bowl from table center and place it on the plate,FULL_HIT,0.988877,0.006863,0.002264,0.436211,1.522240,0.009671,0.003661,2.097473,0,0
0,10,1,pick up the black bowl from table center and place it on the plate,FULL_HIT,0.988396,0.005664,0.001868,0.410520,1.564827,0.009920,0.004174,2.091846,0,0
0,10,2,pick up the black bowl from table center and place it on the plate,FULL_HIT,0.988374,0.016551,0.001980,0.850279,2.847121,0.014581,0.007303,3.891082,0,0
0,10,3,pick up the black bowl from table center and place it on the plate,FULL_HIT,0.988314,0.006555,0.001897,0.678071,2.075381,0.011356,0.004115,2.880290,0,0
0,10,4,pick up the black bowl from table center and place it on the plate,FULL_HIT,0.988136,0.005865,0.004559,1.035921,1.897525,0.012481,0.005479,3.084448,0,0
0,10,5,pick up the black bowl from table center and place it on the plate,FULL_HIT,0.988271,0.006192,0.001982,0.557081,1.532633,0.011033,0.004096,2.217945,0,0
0,10,6,pick up the black bowl from table center and place it on the plate,FULL_HIT,0.988095,0.005579,0.001783,0.358232,1.605303,0.009918,0.003742,2.074407,0,0
0,10,7,pick up the black bowl from table center and place it on the plate,FULL_HIT,0.987814,0.006406,0.002042,0.495780,1.855357,0.014968,0.006536,2.500352,0,0
0,10,8,pick up the black bowl from table center and place it on the plate,FULL_HIT,0.987821,0.005802,0.001962,0.518942,1.794789,0.010127,0.003970,2.429853,0,0
0,10,9,pick up the black bowl from table center and place it on the plate,FULL_HIT,0.987194,0.008085,0.002251,0.708569,2.128222,0.011280,0.005148,2.984198,0,0
0,10,10,pick up the black bowl from table center and place it on the plate,FULL_HIT,0.976159,0.005471,0.001733,0.391571,1.346294,0.009390,0.003567,1.837614,0,0
0,10,11,pick up the black bowl from table center and place it on the plate,FULL_HIT,0.984420,0.004982,0.001815,0.550436,1.570373,0.009640,0.003379,2.232915,0,0
0,10,12,pick up the black bowl from table center and place it on the plate,FULL_HIT,0.984194,0.005339,0.001892,0.295467,1.351853,0.007998,0.003213,1.748479,0,0
0,10,13,pick up the black bowl from table center and place it on the plate,FULL_HIT,0.984576,0.006326,0.002005,0.450329,1.467783,0.009907,0.003843,2.028278,0,0
0,10,14,pick up the black bowl from table center and place it on the plate,FULL_HIT,0.984891,0.006311,0.001775,0.384972,1.815330,0.012212,0.004834,2.332269,0,0
0,10,15,pick up the black bowl from table center and place it on the plate,FULL_HIT,0.984033,0.005905,0.002146,0.494206,1.565964,0.009777,0.003720,2.179550,0,0
0,10,16,pick up the black bowl from table center and place it on the plate,FULL_HIT,0.975627,0.005706,0.001611,0.452187,1.611723,0.012876,0.041249,2.261364,0,0
0,10,17,pick up the black bowl from table center and place it on the plate,FULL_HIT,0.961153,0.005687,0.001899,0.377122,1.352631,0.009317,0.003312,1.836944,0,0
0,10,18,pick up the black bowl from table center and place it on the plate,FULL_HIT,0.949170,0.005823,0.001771,0.491621,1.503388,0.008221,0.003180,2.105313,0,0
0,10,19,pick up the black bowl from table center and place it on the plate,FULL_HIT,0.940549,0.005243,0.001969,0.348847,1.410522,0.008738,0.003395,1.862659,0,0
0,10,20,pick up the black bowl from table center and place it on the plate,FULL_HIT,0.958164,0.009188,0.003098,0.954517,1.720778,0.010614,0.004331,2.827394,0,0
0,11,0,pick up the black bowl from table center and place it on the plate,FULL_HIT,0.988532,0.005551,0.001626,0.511683,1.330591,0.008612,0.003422,1.955355,0,0
0,11,1,pick up the black bowl from table center and place it on the plate,FULL_HIT,0.988202,0.005634,0.001889,0.434825,1.637555,0.009438,0.003490,2.183330,0,0
0,11,2,pick up the black bowl from table center and place it on the plate,FULL_HIT,0.987373,0.005661,0.001858,0.425407,2.075314,0.009292,0.004515,2.613170,0,0
0,11,3,pick up the black bowl from table center and place it on the plate,FULL_HIT,0.987110,0.006067,0.001905,0.368830,2.519686,0.011371,0.003901,3.011113,0,0
0,11,4,pick up the black bowl from table center and place it on the plate,FULL_HIT,0.987196,0.005421,0.001799,0.511310,1.527025,0.009368,0.003462,2.149622,0,0
0,11,5,pick up the black bowl from table center and place it on the plate,FULL_HIT,0.986927,0.006061,0.001887,0.373699,1.576066,0.008649,0.003804,2.052388,0,0
0,11,6,pick up the black bowl from table center and place it on the plate,FULL_HIT,0.986358,0.005345,0.001913,0.313630,1.407906,0.009355,0.003351,1.827297,0,0
0,11,7,pick up the black bowl from table center and place it on the plate,FULL_HIT,0.986270,0.005198,0.002059,0.275925,1.728962,0.009857,0.003816,2.115846,0,0
0,11,8,pick up the black bowl from table center and place it on the plate,FULL_HIT,0.986491,0.005913,0.001894,0.299826,1.431604,0.008351,0.003834,1.834707,0,0
0,11,9,pick up the black bowl from table center and place it on the plate,FULL_HIT,0.986940,0.005747,0.001680,0.289987,1.581474,0.009258,0.003304,1.974291,0,0
0,11,10,pick up the black bowl from table center and place it on the plate,FULL_HIT,0.986668,0.005315,0.001778,0.303274,1.408172,0.008686,0.003296,1.814459,0,0
0,11,11,pick up the black bowl from table center and place it on the plate,FULL_HIT,0.987128,0.006581,0.001746,2.466539,1.755619,0.011467,0.004399,4.362574,0,0
0,11,12,pick up the black bowl from table center and place it on the plate,FULL_HIT,0.986815,0.005154,0.001858,0.319434,1.423734,0.008849,0.003502,1.844881,0,0
0,11,13,pick up the black bowl from table center and place it on the plate,FULL_HIT,0.985491,0.006979,0.002237,0.407246,1.755531,0.010928,0.003604,2.281906,0,0
0,11,14,pick up the black bowl from table center and place it on the plate,FULL_HIT,0.985008,0.008566,0.002907,1.111943,1.762829,0.008789,0.004024,3.028989,0,0
0,11,15,pick up the black bowl from table center and place it on the plate,FULL_HIT,0.984568,0.004881,0.001504,0.304388,1.390529,0.009100,0.003016,1.795559,0,0
0,11,16,pick up the black bowl from table center and place it on the plate,FULL_HIT,0.984698,0.004755,0.001664,0.330127,1.345752,0.008401,0.003321,1.776363,0,0
0,11,17,pick up the black bowl from table center and place it on the plate,FULL_HIT,0.983903,0.004893,0.001937,0.310819,1.343757,0.008421,0.003686,1.772265,0,0
0,11,18,pick up the black bowl from table center and place it on the plate,FULL_HIT,0.983950,0.005693,0.001730,0.397960,1.288996,0.009446,0.021509,1.808517,0,0
0,11,19,pick up the black bowl from table center and place it on the plate,FULL_HIT,0.984439,0.006349,0.001741,0.369097,1.383389,0.008960,0.003236,1.856578,0,0
0,12,0,pick up the black bowl from table center and place it on the plate,FULL_HIT,0.988854,0.005832,0.001476,0.325017,1.454768,0.009436,0.003408,1.885091,0,0
0,12,1,pick up the black bowl from table center and place it on the plate,FULL_HIT,0.988763,0.005528,0.002023,0.712184,1.600620,0.009406,0.003529,2.430334,0,0
0,12,2,pick up the black bowl from table center and place it on the plate,FULL_HIT,0.988646,0.004897,0.001750,0.370732,1.639593,0.009142,0.003864,2.111606,0,0
0,12,3,pick up the black bowl from table center and place it on the plate,FULL_HIT,0.988188,0.004942,0.001625,0.307172,1.623067,0.010113,0.003840,2.039467,0,0
0,12,4,pick up the black bowl from table center and place it on the plate,FULL_HIT,0.987451,0.006752,0.001940,0.426716,1.717995,0.011045,0.004597,2.274020,0,0
0,12,5,pick up the black bowl from table center and place it on the plate,FULL_HIT,0.986615,0.006143,0.001590,0.287056,1.431957,0.008718,0.003450,1.815513,0,0
0,12,6,pick up the black bowl from table center and place it on the plate,FULL_HIT,0.985587,0.004998,0.002295,0.343228,1.358604,0.008726,0.003120,1.823227,0,0
0,12,7,pick up the black bowl from table center and place it on the plate,FULL_HIT,0.985560,0.006924,0.002314,0.469442,1.928409,0.027491,0.011848,2.600171,0,0
0,12,8,pick up the black bowl from table center and place it on the plate,FULL_HIT,0.985554,0.006514,0.001921,0.404053,1.550629,0.009548,0.003640,2.067820,0,0
0,12,9,pick up the black bowl from table center and place it on the plate,FULL_HIT,0.985774,0.004872,0.001670,0.290080,1.464646,0.009685,0.003723,1.856947,0,0
0,12,10,pick up the black bowl from table center and place it on the plate,FULL_HIT,0.985918,0.005184,0.001595,0.321776,1.440710,0.009121,0.020221,1.887742,0,0
0,12,11,pick up the black bowl from table center and place it on the plate,FULL_HIT,0.985530,0.006300,0.001961,0.281654,1.476850,0.009309,0.003661,1.861093,0,0
0,12,12,pick up the black bowl from table center and place it on the plate,FULL_HIT,0.985502,0.005250,0.002069,0.345106,1.451217,0.009145,0.003647,1.900984,0,0
0,12,13,pick up the black bowl from table center and place it on the plate,FULL_HIT,0.985441,0.005378,0.001937,0.386624,1.391255,0.009797,0.003661,1.887530,0,0
0,12,14,pick up the black bowl from table center and place it on the plate,FULL_HIT,0.985660,0.005700,0.001806,0.386669,1.487534,0.009193,0.003675,2.006849,0,0
0,12,15,pick up the black bowl from table center and place it on the plate,FULL_HIT,0.986254,0.006095,0.001588,0.342049,1.359648,0.009101,0.003282,1.830426,0,0
0,12,16,pick up the black bowl from table center and place it on the plate,FULL_HIT,0.986835,0.005798,0.001803,0.557854,1.414707,0.008476,0.003406,2.080919,0,0
0,12,17,pick up the black bowl from table center and place it on the plate,FULL_HIT,0.987174,0.005835,0.002409,0.445298,1.711362,0.010992,0.004285,2.285179,0,0
0,12,18,pick up the black bowl from table center and place it on the plate,FULL_HIT,0.987003,0.005902,0.001964,0.316943,1.365289,0.008531,0.002755,1.781848,0,0
0,13,0,pick up the black bowl from table center and place it on the plate,FULL_HIT,0.987448,0.005616,0.002104,0.315552,1.754595,0.010348,0.003968,2.184570,0,0
0,13,1,pick up the black bowl from table center and place it on the plate,FULL_HIT,0.987068,0.005069,0.001996,0.338091,2.949406,0.010958,0.004862,3.428303,0,0
0,13,2,pick up the black bowl from table center and place it on the plate,FULL_HIT,0.986765,0.005671,0.001872,0.330497,1.471055,0.009091,0.003475,1.910744,0,0
0,13,3,pick up the black bowl from table center and place it on the plate,FULL_HIT,0.986108,0.005369,0.001698,0.392960,1.419197,0.008265,0.003046,1.912135,0,0
0,13,4,pick up the black bowl from table center and place it on the plate,FULL_HIT,0.986363,0.005407,0.001642,0.387285,1.536332,0.008921,0.003530,2.028018,0,0
0,13,5,pick up the black bowl from table center and place it on the plate,FULL_HIT,0.986525,0.006056,0.001785,0.387028,1.391779,0.009126,0.003357,1.884291,0,0
0,13,6,pick up the black bowl from table center and place it on the plate,FULL_HIT,0.986855,0.005406,0.001881,0.546914,1.710636,0.010249,0.005044,2.380640,0,0
0,13,7,pick up the black bowl from table center and place it on the plate,FULL_HIT,0.986665,0.005718,0.002033,0.374636,1.487646,0.008483,0.003821,1.973519,0,0
0,13,8,pick up the black bowl from table center and place it on the plate,FULL_HIT,0.987097,0.006462,0.001770,0.368031,1.764015,0.010761,0.004955,2.256919,0,0
0,13,9,pick up the black bowl from table center and place it on the plate,FULL_HIT,0.987121,0.005901,0.001673,0.399917,1.560848,0.010691,0.004149,2.074552,0,0
0,13,10,pick up the black bowl from table center and place it on the plate,FULL_HIT,0.984948,0.006441,0.001907,0.369827,1.420181,0.009270,0.003711,1.900260,0,0
0,13,11,pick up the black bowl from table center and place it on the plate,FULL_HIT,0.986099,0.005836,0.001820,0.502362,2.044227,0.011875,0.004392,2.668855,0,0
0,13,12,pick up the black bowl from table center and place it on the plate,FULL_HIT,0.986167,0.005926,0.002041,0.431891,1.503139,0.009968,0.003904,2.045782,0,0
0,13,13,pick up the black bowl from table center and place it on the plate,FULL_HIT,0.985783,0.005925,0.001869,0.326266,1.400695,0.008814,0.003206,1.828124,0,0
0,13,14,pick up the black bowl from table center and place it on the plate,FULL_HIT,0.985838,0.005666,0.001442,0.276094,1.290861,0.008163,0.002965,1.657238,0,0
0,13,15,pick up the black bowl from table center and place it on the plate,FULL_HIT,0.986002,0.005014,0.001922,0.317920,1.507983,0.010034,0.004228,1.948118,0,0
0,13,16,pick up the black bowl from table center and place it on the plate,FULL_HIT,0.986689,0.005808,0.002401,0.339818,1.765317,0.009715,0.004022,2.220469,0,0
0,13,17,pick up the black bowl from table center and place it on the plate,FULL_HIT,0.985971,0.005094,0.002179,0.333807,1.407708,0.009385,0.003847,1.850455,0,0
0,13,18,pick up the black bowl from table center and place it on the plate,FULL_HIT,0.983723,0.005959,0.001871,0.463401,1.469165,0.009448,0.003507,2.061559,0,0
0,14,0,pick up the black bowl from table center and place it on the plate,FULL_HIT,0.986827,0.005700,0.001874,0.323769,1.397980,0.008214,0.004276,1.842385,0,0
0,14,1,pick up the black bowl from table center and place it on the plate,FULL_HIT,0.986660,0.006143,0.001777,0.585227,1.851052,0.011944,0.004204,2.571841,0,0
0,14,2,pick up the black bowl from table center and place it on the plate,FULL_HIT,0.987319,0.005254,0.001645,0.306027,1.511283,0.010049,0.003995,1.926219,0,0
0,14,3,pick up the black bowl from table center and place it on the plate,FULL_HIT,0.987406,0.005753,0.002173,0.636745,1.556076,0.009715,0.003856,2.310278,0,0
0,14,4,pick up the black bowl from table center and place it on the plate,FULL_HIT,0.986999,0.007206,0.002389,0.586255,2.419122,0.010353,0.003804,3.158241,0,0
0,14,5,pick up the black bowl from table center and place it on the plate,FULL_HIT,0.986074,0.005885,0.002048,0.334037,1.438825,0.009692,0.003776,1.883362,0,0
0,14,6,pick up the black bowl from table center and place it on the plate,FULL_HIT,0.986512,0.005911,0.002166,0.337666,1.408218,0.009408,0.004035,1.874579,0,0
0,14,7,pick up the black bowl from table center and place it on the plate,FULL_HIT,0.984220,0.006217,0.001817,0.317111,1.470790,0.009504,0.003440,1.908487,0,0
0,14,8,pick up the black bowl from table center and place it on the plate,FULL_HIT,0.966423,0.006458,0.002040,0.342195,1.564693,0.008716,0.003722,2.015055,0,0
0,14,9,pick up the black bowl from table center and place it on the plate,FULL_HIT,0.982471,0.004913,0.001914,0.322194,1.441695,0.009165,0.003759,1.864916,0,0
0,14,10,pick up the black bowl from table center and place it on the plate,FULL_HIT,0.986734,0.005450,0.001904,0.329367,1.548870,0.009779,0.003567,1.987424,0,0
0,14,11,pick up the black bowl from table center and place it on the plate,FULL_HIT,0.985802,0.005592,0.001935,0.312076,1.368681,0.009090,0.004117,1.785248,0,0
0,14,12,pick up the black bowl from table center and place it on the plate,FULL_HIT,0.985479,0.005392,0.001911,0.327529,1.360999,0.009844,0.003620,1.807423,0,0
0,14,13,pick up the black bowl from table center and place it on the plate,FULL_HIT,0.986049,0.005236,0.001742,0.440301,1.581381,0.011316,0.004017,2.156208,0,0
0,14,14,pick up the black bowl from table center and place it on the plate,FULL_HIT,0.986391,0.005703,0.001955,0.386168,1.840758,0.010012,0.003854,2.342191,0,0
0,14,15,pick up the black bowl from table center and place it on the plate,FULL_HIT,0.986745,0.005711,0.001719,0.315899,1.366232,0.008213,0.003369,1.781524,0,0
0,14,16,pick up the black bowl from table center and place it on the plate,FULL_HIT,0.987120,0.005780,0.002002,0.503522,1.517755,0.008939,0.003312,2.128241,0,0
0,14,17,pick up the black bowl from table center and place it on the plate,FULL_HIT,0.986882,0.006855,0.002849,0.656984,1.968878,0.010326,0.004013,2.780214,0,0
0,14,18,pick up the black bowl from table center and place it on the plate,FULL_HIT,0.986480,0.005705,0.001770,0.362148,1.373417,0.008379,0.003561,1.833679,0,0
0,15,0,pick up the black bowl on the cookie box and place it on the plate,FULL_HIT,0.988872,0.005268,0.001593,0.292613,1.291931,0.008730,0.003500,1.683306,0,0
0,15,1,pick up the black bowl on the cookie box and place it on the plate,FULL_HIT,0.988340,0.005153,0.001798,0.373329,1.311224,0.009431,0.004041,1.794261,0,0
0,15,2,pick up the black bowl on the cookie box and place it on the plate,FULL_HIT,0.987954,0.004949,0.001673,0.345283,1.263138,0.009075,0.003691,1.710985,0,0
0,15,3,pick up the black bowl on the cookie box and place it on the plate,FULL_HIT,0.987832,0.005583,0.001763,0.333986,1.521513,0.009630,0.004457,1.986867,0,0
0,15,4,pick up the black bowl on the cookie box and place it on the plate,FULL_HIT,0.987812,0.006092,0.002119,0.344136,1.225496,0.008575,0.003118,1.669560,0,0
0,15,5,pick up the black bowl on the cookie box and place it on the plate,FULL_HIT,0.987538,0.005709,0.001526,0.331668,1.349524,0.009544,0.003666,1.786080,0,0
0,15,6,pick up the black bowl on the cookie box and place it on the plate,FULL_HIT,0.987602,0.005960,0.001832,0.392453,1.283287,0.008690,0.003838,1.787475,0,0
0,15,7,pick up the black bowl on the cookie box and place it on the plate,FULL_HIT,0.987720,0.004609,0.001780,0.432532,1.225160,0.008228,0.003403,1.751819,0,0
0,15,8,pick up the black bowl on the cookie box and place it on the plate,FULL_HIT,0.987729,0.004779,0.001764,0.285131,1.181529,0.007387,0.003291,1.558560,0,0
0,15,9,pick up the black bowl on the cookie box and place it on the plate,FULL_HIT,0.983592,0.006227,0.002005,0.452372,1.415017,0.009401,0.003878,1.984286,0,0
0,15,10,pick up the black bowl on the cookie box and place it on the plate,FULL_HIT,0.979125,0.007313,0.002332,0.470969,2.388615,0.013249,0.005006,2.999382,0,0
0,15,11,pick up the black bowl on the cookie box and place it on the plate,FULL_HIT,0.987723,0.005724,0.001784,0.397682,1.336959,0.010097,0.003845,1.844133,0,0
0,15,12,pick up the black bowl on the cookie box and place it on the plate,FULL_HIT,0.986577,0.005572,0.002028,0.615537,1.632034,0.010589,0.004176,2.376562,0,0
0,15,13,pick up the black bowl on the cookie box and place it on the plate,FULL_HIT,0.986206,0.005412,0.001728,0.329901,1.359985,0.009817,0.003818,1.797556,0,0
0,15,14,pick up the black bowl on the cookie box and place it on the plate,FULL_HIT,0.986362,0.005795,0.002037,0.418115,1.386983,0.010299,0.003430,1.921868,0,0
0,15,15,pick up the black bowl on the cookie box and place it on the plate,FULL_HIT,0.986606,0.005833,0.002069,0.380182,1.860627,0.011453,0.004619,2.371287,0,0
0,15,16,pick up the black bowl on the cookie box and place it on the plate,FULL_HIT,0.986187,0.006102,0.001962,0.381082,1.420613,0.009707,0.003593,1.919297,0,0
0,16,0,pick up the black bowl on the cookie box and place it on the plate,FULL_HIT,0.988851,0.006401,0.001878,1.517692,1.785494,0.010030,0.004117,3.444007,0,0
0,16,1,pick up the black bowl on the cookie box and place it on the plate,FULL_HIT,0.988736,0.006516,0.002129,0.867905,2.572270,0.011950,0.005024,3.615287,0,0
0,16,2,pick up the black bowl on the cookie box and place it on the plate,FULL_HIT,0.988684,0.005934,0.001936,0.916837,1.694162,0.010819,0.005048,2.749440,0,0
0,16,3,pick up the black bowl on the cookie box and place it on the plate,FULL_HIT,0.988639,0.005450,0.002003,0.430636,1.397714,0.010739,0.003970,1.942747,0,0
0,16,4,pick up the black bowl on the cookie box and place it on the plate,FULL_HIT,0.988603,0.005872,0.001910,0.483662,1.619185,0.012323,0.005363,2.231603,0,0
0,16,5,pick up the black bowl on the cookie box and place it on the plate,FULL_HIT,0.988651,0.006307,0.002013,0.619277,1.480745,0.010832,0.004212,2.233429,0,0
0,16,6,pick up the black bowl on the cookie box and place it on the plate,FULL_HIT,0.988347,0.005342,0.002078,0.518708,1.717688,0.010388,0.004130,2.349644,0,0
0,16,7,pick up the black bowl on the cookie box and place it on the plate,FULL_HIT,0.987741,0.005911,0.001811,0.450713,1.504317,0.010102,0.003516,2.070432,0,0
0,16,8,pick up the black bowl on the cookie box and place it on the plate,FULL_HIT,0.987704,0.006208,0.001976,0.481726,1.419287,0.010443,0.003714,2.047478,0,0
0,16,9,pick up the black bowl on the cookie box and place it on the plate,FULL_HIT,0.982043,0.005389,0.001782,0.335605,1.303319,0.008666,0.003506,1.740589,0,0
0,16,10,pick up the black bowl on the cookie box and place it on the plate,FULL_HIT,0.975087,0.006067,0.001767,0.511141,1.417293,0.010549,0.003759,2.046841,0,0
0,16,11,pick up the black bowl on the cookie box and place it on the plate,FULL_HIT,0.986457,0.005960,0.001877,0.340620,1.319070,0.009654,0.003621,1.767760,0,0
0,16,12,pick up the black bowl on the cookie box and place it on the plate,FULL_HIT,0.985904,0.005932,0.001785,1.005165,2.427948,0.012378,0.005145,3.594759,0,0
0,16,13,pick up the black bowl on the cookie box and place it on the plate,FULL_HIT,0.985129,0.006196,0.002025,1.062846,1.869913,0.011753,0.004770,3.074911,0,0
0,16,14,pick up the black bowl on the cookie box and place it on the plate,FULL_HIT,0.984492,0.007647,0.002185,0.534606,1.844008,0.013660,0.004400,2.546165,0,0
0,16,15,pick up the black bowl on the cookie box and place it on the plate,FULL_HIT,0.984290,0.018361,0.004303,0.759683,1.828935,0.009824,0.003990,2.790010,0,0
0,16,16,pick up the black bowl on the cookie box and place it on the plate,FULL_HIT,0.983870,0.005642,0.001870,0.314877,1.400607,0.008982,0.003646,1.819182,0,0
0,17,0,pick up the black bowl on the cookie box and place it on the plate,FULL_HIT,0.988739,0.005781,0.001768,0.406323,1.368167,0.009133,0.003334,1.884683,0,0
0,17,1,pick up the black bowl on the cookie box and place it on the plate,FULL_HIT,0.985786,0.004978,0.001671,0.286719,1.295851,0.007724,0.003148,1.674771,0,0
0,17,2,pick up the black bowl on the cookie box and place it on the plate,FULL_HIT,0.985263,0.004839,0.001522,0.385560,1.415939,0.009084,0.004026,1.904514,0,0
0,17,3,pick up the black bowl on the cookie box and place it on the plate,FULL_HIT,0.984191,0.006232,0.001339,0.352261,1.361140,0.008077,0.003270,1.807371,0,0
0,17,4,pick up the black bowl on the cookie box and place it on the plate,FULL_HIT,0.983809,0.005421,0.001518,0.297861,1.297598,0.008869,0.003460,1.708220,0,0
0,17,5,pick up the black bowl on the cookie box and place it on the plate,FULL_HIT,0.984529,0.005263,0.001708,0.324369,1.191006,0.008476,0.002812,1.610746,0,0
0,17,6,pick up the black bowl on the cookie box and place it on the plate,FULL_HIT,0.986128,0.006274,0.001780,0.401060,1.267980,0.008548,0.022170,1.804316,0,0
0,17,7,pick up the black bowl on the cookie box and place it on the plate,FULL_HIT,0.985657,0.004953,0.001881,0.443345,1.223249,0.009127,0.004395,1.803689,0,0
0,17,8,pick up the black bowl on the cookie box and place it on the plate,FULL_HIT,0.983623,0.006046,0.002030,0.432274,1.520758,0.009777,0.004018,2.067550,0,0
0,17,9,pick up the black bowl on the cookie box and place it on the plate,FULL_HIT,0.970422,0.009517,0.002129,0.926096,1.872165,0.009879,0.003909,2.955776,0,0
0,17,10,pick up the black bowl on the cookie box and place it on the plate,FULL_HIT,0.982972,0.005717,0.001948,0.367900,1.384896,0.009407,0.003908,1.865186,0,0
0,17,11,pick up the black bowl on the cookie box and place it on the plate,FULL_HIT,0.985957,0.007216,0.002049,0.403357,1.264771,0.009226,0.003453,1.782376,0,0
0,17,12,pick up the black bowl on the cookie box and place it on the plate,FULL_HIT,0.986008,0.005142,0.001841,0.430297,1.767579,0.027188,0.004851,2.343178,0,0
0,17,13,pick up the black bowl on the cookie box and place it on the plate,FULL_HIT,0.985840,0.006006,0.001524,0.331787,1.305026,0.008960,0.003946,1.741004,0,0
0,17,14,pick up the black bowl on the cookie box and place it on the plate,FULL_HIT,0.985263,0.005897,0.002100,0.448178,1.542044,0.010127,0.003651,2.108856,0,0
0,17,15,pick up the black bowl on the cookie box and place it on the plate,FULL_HIT,0.986212,0.005782,0.001683,0.354032,1.543806,0.011389,0.004599,2.016455,0,0
0,17,16,pick up the black bowl on the cookie box and place it on the plate,FULL_HIT,0.982172,0.006184,0.001703,0.429526,1.364624,0.009974,0.003590,1.909133,0,0
0,18,0,pick up the black bowl on the cookie box and place it on the plate,FULL_HIT,0.988889,0.005479,0.001671,0.412116,1.759475,0.012882,0.005570,2.311792,0,0
0,18,1,pick up the black bowl on the cookie box and place it on the plate,FULL_HIT,0.988232,0.007392,0.002200,0.698937,1.614426,0.010226,0.003858,2.449826,0,0
0,18,2,pick up the black bowl on the cookie box and place it on the plate,FULL_HIT,0.987925,0.005843,0.001898,0.429920,1.487926,0.010606,0.003925,2.031642,0,0
0,18,3,pick up the black bowl on the cookie box and place it on the plate,FULL_HIT,0.987920,0.005825,0.001773,0.431405,1.683615,0.011484,0.004852,2.238372,0,0
0,18,4,pick up the black bowl on the cookie box and place it on the plate,FULL_HIT,0.987872,0.005803,0.002263,0.460186,1.370037,0.009650,0.003822,1.949316,0,0
0,18,5,pick up the black bowl on the cookie box and place it on the plate,FULL_HIT,0.987975,0.005268,0.002176,0.353462,1.353664,0.009703,0.003333,1.814459,0,0
0,18,6,pick up the black bowl on the cookie box and place it on the plate,FULL_HIT,0.988053,0.005164,0.001789,0.318105,1.188937,0.007365,0.003633,1.605355,0,0
0,18,7,pick up the black bowl on the cookie box and place it on the plate,FULL_HIT,0.987916,0.006764,0.002087,0.467373,1.399921,0.009882,0.004029,1.992099,0,0
0,18,8,pick up the black bowl on the cookie box and place it on the plate,FULL_HIT,0.987730,0.005613,0.001988,0.305484,1.282971,0.008845,0.003228,1.689812,0,0
0,18,9,pick up the black bowl on the cookie box and place it on the plate,FULL_HIT,0.983111,0.005742,0.001976,0.333452,1.226049,0.009382,0.003667,1.666107,0,0
0,18,10,pick up the black bowl on the cookie box and place it on the plate,FULL_HIT,0.980449,0.005779,0.001595,0.297936,1.283621,0.008603,0.003733,1.685223,0,0
0,18,11,pick up the black bowl on the cookie box and place it on the plate,FULL_HIT,0.980417,0.005723,0.001834,0.484683,1.332507,0.009307,0.003867,1.926983,0,0
0,18,12,pick up the black bowl on the cookie box and place it on the plate,FULL_HIT,0.985535,0.005913,0.001489,0.356848,1.601350,0.010322,0.003581,2.065541,0,0
0,18,13,pick up the black bowl on the cookie box and place it on the plate,FULL_HIT,0.985505,0.006161,0.002033,0.392860,1.307318,0.008389,0.003383,1.803667,0,0
0,18,14,pick up the black bowl on the cookie box and place it on the plate,FULL_HIT,0.985029,0.005936,0.002254,0.574166,1.722741,0.011859,0.004179,2.422580,0,0
0,18,15,pick up the black bowl on the cookie box and place it on the plate,FULL_HIT,0.987818,0.005463,0.001830,0.348546,1.370792,0.007770,0.003671,1.831971,0,0
0,18,16,pick up the black bowl on the cookie box and place it on the plate,FULL_HIT,0.987836,0.004909,0.001683,0.289622,1.175179,0.007451,0.003736,1.558685,0,0
0,19,0,pick up the black bowl on the cookie box and place it on the plate,FULL_HIT,0.988409,0.004830,0.001481,0.275986,1.320198,0.008217,0.003338,1.690616,0,0
0,19,1,pick up the black bowl on the cookie box and place it on the plate,FULL_HIT,0.988268,0.005580,0.001952,0.341133,1.424281,0.010083,0.004664,1.884596,0,0
0,19,2,pick up the black bowl on the cookie box and place it on the plate,FULL_HIT,0.988084,0.006619,0.001872,0.516924,1.451481,0.010118,0.004210,2.091519,0,0
0,19,3,pick up the black bowl on the cookie box and place it on the plate,FULL_HIT,0.988101,0.006215,0.001774,0.452225,1.283546,0.008428,0.003814,1.839449,0,0
0,19,4,pick up the black bowl on the cookie box and place it on the plate,FULL_HIT,0.988113,0.005362,0.001752,0.333423,1.279141,0.009002,0.003377,1.712315,0,0
0,19,5,pick up the black bowl on the cookie box and place it on the plate,FULL_HIT,0.988141,0.004837,0.001480,0.276929,1.226598,0.007609,0.003487,1.592730,0,0
0,19,6,pick up the black bowl on the cookie box and place it on the plate,FULL_HIT,0.988227,0.005069,0.001630,0.326493,1.220322,0.008408,0.003204,1.643034,0,0
0,19,7,pick up the black bowl on the cookie box and place it on the plate,FULL_HIT,0.988406,0.005109,0.001432,0.294888,1.264733,0.008052,0.003222,1.652207,0,0
0,19,8,pick up the black bowl on the cookie box and place it on the plate,FULL_HIT,0.988598,0.005162,0.001919,0.496892,1.289201,0.009609,0.003375,1.894909,0,0
0,19,9,pick up the black bowl on the cookie box and place it on the plate,FULL_HIT,0.982146,0.007259,0.002240,0.592965,1.500594,0.009240,0.003809,2.221838,0,0
0,19,10,pick up the black bowl on the cookie box and place it on the plate,FULL_HIT,0.977718,0.006167,0.002144,0.496566,1.604031,0.010163,0.003697,2.218529,0,0
0,19,11,pick up the black bowl on the cookie box and place it on the plate,FULL_HIT,0.984524,0.006941,0.001668,0.603707,1.621015,0.011179,0.004311,2.352480,0,0
0,19,12,pick up the black bowl on the cookie box and place it on the plate,FULL_HIT,0.984325,0.006351,0.002196,0.422051,1.567208,0.009881,0.004360,2.107644,0,0
0,19,13,pick up the black bowl on the cookie box and place it on the plate,FULL_HIT,0.985284,0.005945,0.002062,0.782651,2.298628,0.010271,0.003940,3.209066,0,0
0,19,14,pick up the black bowl on the cookie box and place it on the plate,FULL_HIT,0.985942,0.005798,0.001879,0.403032,1.546855,0.009196,0.003727,2.063203,0,0
0,19,15,pick up the black bowl on the cookie box and place it on the plate,FULL_HIT,0.986495,0.005908,0.001766,0.407104,1.232208,0.008967,0.002819,1.747448,0,0
0,19,16,pick up the black bowl on the cookie box and place it on the plate,FULL_HIT,0.986923,0.005161,0.001825,0.359615,1.218802,0.008105,0.003497,1.680771,0,0
0,20,0,pick up the black bowl in the top drawer of the wooden cabinet and place it on the plate,FULL_HIT,0.988628,0.006399,0.001905,0.346311,1.612555,0.008592,0.003279,2.068163,0,0
0,20,1,pick up the black bowl in the top drawer of the wooden cabinet and place it on the plate,FULL_HIT,0.988507,0.006152,0.001800,0.358858,1.651477,0.010235,0.003757,2.119393,0,0
0,20,2,pick up the black bowl in the top drawer of the wooden cabinet and place it on the plate,FULL_HIT,0.988262,0.005533,0.001909,0.340954,1.470320,0.009757,0.003315,1.916869,0,0
0,20,3,pick up the black bowl in the top drawer of the wooden cabinet and place it on the plate,FULL_HIT,0.988011,0.006378,0.002045,0.429099,1.572990,0.010565,0.003773,2.122429,0,0
0,20,4,pick up the black bowl in the top drawer of the wooden cabinet and place it on the plate,FULL_HIT,0.987916,0.009971,0.003685,0.843989,2.310797,0.010702,0.004852,3.388568,0,0
0,20,5,pick up the black bowl in the top drawer of the wooden cabinet and place it on the plate,FULL_HIT,0.987866,0.005264,0.001893,0.411085,1.770879,0.009394,0.003721,2.290759,0,0
0,20,6,pick up the black bowl in the top drawer of the wooden cabinet and place it on the plate,FULL_HIT,0.987937,0.005599,0.001878,0.436178,1.802453,0.009813,0.004293,2.354314,0,0
0,20,7,pick up the black bowl in the top drawer of the wooden cabinet and place it on the plate,FULL_HIT,0.987739,0.005533,0.002016,0.463337,3.611959,0.010305,0.004826,4.198175,0,0
0,20,8,pick up the black bowl in the top drawer of the wooden cabinet and place it on the plate,FULL_HIT,0.986168,0.006046,0.001950,0.396022,1.630165,0.009291,0.003703,2.131767,0,0
0,20,9,pick up the black bowl in the top drawer of the wooden cabinet and place it on the plate,FULL_HIT,0.983677,0.005807,0.001815,0.435378,1.842621,0.009865,0.005088,2.399626,0,0
0,20,10,pick up the black bowl in the top drawer of the wooden cabinet and place it on the plate,FULL_HIT,0.983109,0.006262,0.002141,0.467515,2.018856,0.011916,0.004494,2.616909,0,0
0,20,11,pick up the black bowl in the top drawer of the wooden cabinet and place it on the plate,FULL_HIT,0.966562,0.006181,0.002299,0.466026,2.004153,0.011829,0.004265,2.599505,0,0
0,20,12,pick up the black bowl in the top drawer of the wooden cabinet and place it on the plate,FULL_HIT,0.982800,0.006610,0.002082,0.493574,1.872426,0.010815,0.003802,2.506150,0,0
0,20,13,pick up the black bowl in the top drawer of the wooden cabinet and place it on the plate,FULL_HIT,0.983447,0.006172,0.002346,0.560228,1.631891,0.009924,0.003423,2.307651,0,0
0,20,14,pick up the black bowl in the top drawer of the wooden cabinet and place it on the plate,FULL_HIT,0.985547,0.005915,0.002142,0.371973,1.581393,0.009679,0.003735,2.067068,0,0
0,20,15,pick up the black bowl in the top drawer of the wooden cabinet and place it on the plate,FULL_HIT,0.987037,0.005760,0.002256,0.430563,2.124692,0.013896,0.005207,2.689579,0,0
0,20,16,pick up the black bowl in the top drawer of the wooden cabinet and place it on the plate,FULL_HIT,0.987063,0.006012,0.001914,0.552225,1.747781,0.009072,0.003461,2.419749,0,0
0,20,17,pick up the black bowl in the top drawer of the wooden cabinet and place it on the plate,FULL_HIT,0.987137,0.005833,0.001998,0.342644,1.509203,0.008868,0.003502,1.960090,0,0
0,20,18,pick up the black bowl in the top drawer of the wooden cabinet and place it on the plate,FULL_HIT,0.987640,0.005348,0.001782,0.385352,1.643263,0.009603,0.003907,2.144205,0,0
0,20,19,pick up the black bowl in the top drawer of the wooden cabinet and place it on the plate,FULL_HIT,0.987602,0.005099,0.001867,0.348630,1.554366,0.010414,0.004355,2.078849,0,0
0,20,20,pick up the black bowl in the top drawer of the wooden cabinet and place it on the plate,FULL_HIT,0.986910,0.005507,0.001934,0.349680,1.429920,0.009179,0.003319,1.884499,0,0
0,20,21,pick up the black bowl in the top drawer of the wooden cabinet and place it on the plate,FULL_HIT,0.986598,0.004943,0.001598,0.360606,1.815915,0.009544,0.003780,2.281938,0,0
0,20,22,pick up the black bowl in the top drawer of the wooden cabinet and place it on the plate,FULL_HIT,0.986458,0.004942,0.001846,0.287239,1.406176,0.008642,0.003279,1.812779,0,0
0,20,23,pick up the black bowl in the top drawer of the wooden cabinet and place it on the plate,FULL_HIT,0.986314,0.005100,0.001648,0.322153,1.551773,0.008368,0.004573,1.975414,0,0
0,21,0,pick up the black bowl in the top drawer of the wooden cabinet and place it on the plate,FULL_HIT,0.988648,0.004657,0.001655,0.274490,1.416475,0.007447,0.003464,1.782117,0,0
0,21,1,pick up the black bowl in the top drawer of the wooden cabinet and place it on the plate,FULL_HIT,0.988265,0.005849,0.002003,0.450177,1.804291,0.009371,0.003811,2.368547,0,0
0,21,2,pick up the black bowl in the top drawer of the wooden cabinet and place it on the plate,FULL_HIT,0.987515,0.005584,0.001702,0.511004,2.344678,0.010612,0.005063,2.984456,0,0
0,21,3,pick up the black bowl in the top drawer of the wooden cabinet and place it on the plate,FULL_HIT,0.987065,0.005424,0.001428,0.355560,1.450181,0.008273,0.003483,1.907255,0,0
0,21,4,pick up the black bowl in the top drawer of the wooden cabinet and place it on the plate,FULL_HIT,0.987094,0.005778,0.001547,0.283232,1.854962,0.008819,0.004204,2.240012,0,0
0,21,5,pick up the black bowl in the top drawer of the wooden cabinet and place it on the plate,FULL_HIT,0.987168,0.004963,0.001498,0.515516,1.500499,0.026951,0.003899,2.165061,0,0
0,21,6,pick up the black bowl in the top drawer of the wooden cabinet and place it on the plate,FULL_HIT,0.986900,0.006291,0.002563,0.565734,2.104539,0.011128,0.004286,2.803262,0,0
0,21,7,pick up the black bowl in the top drawer of the wooden cabinet and place it on the plate,FULL_HIT,0.987064,0.005752,0.001942,0.379727,1.479280,0.010040,0.003655,1.969508,0,0
0,21,8,pick up the black bowl in the top drawer of the wooden cabinet and place it on the plate,FULL_HIT,0.986630,0.005497,0.002026,0.366795,1.600479,0.010849,0.003835,2.079062,0,0
0,21,9,pick up the black bowl in the top drawer of the wooden cabinet and place it on the plate,FULL_HIT,0.987170,0.007549,0.002305,0.633875,2.831919,0.010078,0.004557,3.610127,0,0
0,21,10,pick up the black bowl in the top drawer of the wooden cabinet and place it on the plate,FULL_HIT,0.982198,0.006808,0.002069,0.551739,2.106647,0.010035,0.004933,2.797226,0,0
0,21,11,pick up the black bowl in the top drawer of the wooden cabinet and place it on the plate,FULL_HIT,0.971081,0.005709,0.001709,0.466221,1.895658,0.012249,0.004581,2.485917,0,0
0,21,12,pick up the black bowl in the top drawer of the wooden cabinet and place it on the plate,FULL_HIT,0.980618,0.008648,0.002458,0.627148,1.808539,0.010355,0.004285,2.572098,0,0
0,21,13,pick up the black bowl in the top drawer of the wooden cabinet and place it on the plate,FULL_HIT,0.986899,0.006184,0.001980,0.459349,1.829293,0.062232,0.007464,2.526802,0,0
0,21,14,pick up the black bowl in the top drawer of the wooden cabinet and place it on the plate,FULL_HIT,0.987005,0.007780,0.003016,0.897291,2.467438,0.013907,0.005642,3.544108,0,0
0,21,15,pick up the black bowl in the top drawer of the wooden cabinet and place it on the plate,FULL_HIT,0.986014,0.007439,0.002175,0.926675,2.410154,0.012788,0.005724,3.513257,0,0
0,21,16,pick up the black bowl in the top drawer of the wooden cabinet and place it on the plate,FULL_HIT,0.986786,0.006627,0.002171,0.541913,2.073633,0.013037,0.004813,2.770381,0,0
0,21,17,pick up the black bowl in the top drawer of the wooden cabinet and place it on the plate,FULL_HIT,0.986567,0.005427,0.001970,0.936962,2.705974,0.013996,0.006930,3.851729,0,0
0,21,18,pick up the black bowl in the top drawer of the wooden cabinet and place it on the plate,FULL_HIT,0.985984,0.006204,0.001988,0.328602,1.775220,0.010322,0.004359,2.221835,0,0
0,21,19,pick up the black bowl in the top drawer of the wooden cabinet and place it on the plate,FULL_HIT,0.984971,0.005168,0.001682,0.353538,1.571925,0.009685,0.004009,2.036209,0,0
0,21,20,pick up the black bowl in the top drawer of the wooden cabinet and place it on the plate,FULL_HIT,0.983682,0.005588,0.001938,0.313952,1.997150,0.010135,0.004951,2.429886,0,0
0,21,21,pick up the black bowl in the top drawer of the wooden cabinet and place it on the plate,FULL_HIT,0.982233,0.005893,0.001799,0.329125,1.632285,0.009878,0.003886,2.073795,0,0
0,21,22,pick up the black bowl in the top drawer of the wooden cabinet and place it on the plate,FULL_HIT,0.982048,0.005105,0.001941,0.329756,1.395947,0.028345,0.004125,1.846995,0,0
0,21,23,pick up the black bowl in the top drawer of the wooden cabinet and place it on the plate,FULL_HIT,0.983485,0.005118,0.001874,0.322262,1.419289,0.007581,0.003575,1.842845,0,0
0,21,24,pick up the black bowl in the top drawer of the wooden cabinet and place it on the plate,FULL_HIT,0.982965,0.005225,0.001698,0.432408,1.491131,0.008614,0.003590,2.034123,0,0
0,22,0,pick up the black bowl in the top drawer of the wooden cabinet and place it on the plate,FULL_HIT,0.988579,0.005377,0.001968,0.377948,1.806274,0.010906,0.003755,2.304525,0,0
0,22,1,pick up the black bowl in the top drawer of the wooden cabinet and place it on the plate,FULL_HIT,0.987192,0.006596,0.001906,0.405018,2.140705,0.010962,0.004343,2.670777,0,0
0,22,2,pick up the black bowl in the top drawer of the wooden cabinet and place it on the plate,FULL_HIT,0.985895,0.005837,0.001795,0.288473,1.780766,0.010005,0.004308,2.182154,0,0
0,22,3,pick up the black bowl in the top drawer of the wooden cabinet and place it on the plate,FULL_HIT,0.985223,0.005614,0.002141,0.376653,2.536038,0.011922,0.005850,3.041808,0,0
0,22,4,pick up the black bowl in the top drawer of the wooden cabinet and place it on the plate,FULL_HIT,0.984914,0.006045,0.001582,0.370086,1.551078,0.009386,0.003999,2.034742,0,0
0,22,5,pick up the black bowl in the top drawer of the wooden cabinet and place it on the plate,FULL_HIT,0.985071,0.005728,0.002068,0.325284,1.595811,0.009587,0.004069,2.028395,0,0
0,22,6,pick up the black bowl in the top drawer of the wooden cabinet and place it on the plate,FULL_HIT,0.984983,0.007076,0.002376,0.484534,1.572273,0.009568,0.004090,2.210570,0,0
0,22,7,pick up the black bowl in the top drawer of the wooden cabinet and place it on the plate,FULL_HIT,0.985847,0.005454,0.002155,0.385775,2.001909,0.011605,0.004877,2.505688,0,0
0,22,8,pick up the black bowl in the top drawer of the wooden cabinet and place it on the plate,FULL_HIT,0.983248,0.005043,0.001921,0.462096,1.463306,0.009268,0.003505,2.029390,0,0
0,22,9,pick up the black bowl in the top drawer of the wooden cabinet and place it on the plate,FULL_HIT,0.983831,0.006111,0.001969,0.373162,1.608934,0.008771,0.003503,2.085549,0,0
0,22,10,pick up the black bowl in the top drawer of the wooden cabinet and place it on the plate,FULL_HIT,0.982801,0.005946,0.002005,0.637384,2.720879,0.010401,0.004681,3.501274,0,0
0,22,11,pick up the black bowl in the top drawer of the wooden cabinet and place it on the plate,FULL_HIT,0.976256,0.005391,0.001769,0.356146,1.463479,0.008769,0.003862,1.924236,0,0
0,22,12,pick up the black bowl in the top drawer of the wooden cabinet and place it on the plate,FULL_HIT,0.985443,0.005334,0.001936,0.336222,1.536312,0.009739,0.003741,1.981875,0,0
0,22,13,pick up the black bowl in the top drawer of the wooden cabinet and place it on the plate,FULL_HIT,0.986513,0.005115,0.001808,0.360824,2.665684,0.011472,0.004151,3.147613,0,0
0,22,14,pick up the black bowl in the top drawer of the wooden cabinet and place it on the plate,FULL_HIT,0.985710,0.005523,0.001933,0.326809,1.435767,0.009047,0.003747,1.878897,0,0
0,22,15,pick up the black bowl in the top drawer of the wooden cabinet and place it on the plate,FULL_HIT,0.984993,0.006029,0.001815,0.334957,1.423118,0.008342,0.003540,1.856338,0,0
0,22,16,pick up the black bowl in the top drawer of the wooden cabinet and place it on the plate,FULL_HIT,0.985168,0.005138,0.001637,0.341589,1.439718,0.008514,0.003530,1.880778,0,0
0,22,17,pick up the black bowl in the top drawer of the wooden cabinet and place it on the plate,FULL_HIT,0.985538,0.004972,0.001686,0.309907,2.065520,0.010337,0.004786,2.484392,0,0
0,22,18,pick up the black bowl in the top drawer of the wooden cabinet and place it on the plate,FULL_HIT,0.985667,0.005670,0.001872,0.323988,1.481641,0.008590,0.003544,1.908590,0,0
0,22,19,pick up the black bowl in the top drawer of the wooden cabinet and place it on the plate,FULL_HIT,0.986485,0.005926,0.001878,0.320351,2.256536,0.011104,0.005370,2.695192,0,0
0,22,20,pick up the black bowl in the top drawer of the wooden cabinet and place it on the plate,FULL_HIT,0.985364,0.005753,0.001947,0.323540,1.527540,0.014084,0.006370,2.128586,0,0
0,22,21,pick up the black bowl in the top drawer of the wooden cabinet and place it on the plate,FULL_HIT,0.982237,0.005635,0.001871,0.304895,2.523418,0.012669,0.006488,3.117344,0,0
0,22,22,pick up the black bowl in the top drawer of the wooden cabinet and place it on the plate,FULL_HIT,0.977338,0.006926,0.002075,0.421399,1.581715,0.009336,0.003521,2.116054,0,0
0,23,0,pick up the black bowl in the top drawer of the wooden cabinet and place it on the plate,FULL_HIT,0.988716,0.005380,0.001888,0.281881,1.557787,0.008267,0.003663,1.939859,0,0
0,23,1,pick up the black bowl in the top drawer of the wooden cabinet and place it on the plate,FULL_HIT,0.987486,0.005262,0.002154,0.560567,1.689700,0.009400,0.004750,2.373565,0,0
0,23,2,pick up the black bowl in the top drawer of the wooden cabinet and place it on the plate,FULL_HIT,0.986332,0.005950,0.001788,0.417249,2.977435,0.009552,0.004219,3.521933,0,0
0,23,3,pick up the black bowl in the top drawer of the wooden cabinet and place it on the plate,FULL_HIT,0.986153,0.005208,0.001996,0.362331,1.599602,0.008808,0.003450,2.107867,0,0
0,23,4,pick up the black bowl in the top drawer of the wooden cabinet and place it on the plate,FULL_HIT,0.985915,0.005171,0.001725,0.336120,1.494910,0.008811,0.004393,1.939228,0,0
0,23,5,pick up the black bowl in the top drawer of the wooden cabinet and place it on the plate,FULL_HIT,0.985842,0.006110,0.001824,0.294582,1.525807,0.009230,0.003711,1.962797,0,0
0,23,6,pick up the black bowl in the top drawer of the wooden cabinet and place it on the plate,FULL_HIT,0.985532,0.005174,0.001680,0.362182,1.719913,0.009197,0.003779,2.209664,0,0
0,23,7,pick up the black bowl in the top drawer of the wooden cabinet and place it on the plate,FULL_HIT,0.986006,0.006664,0.001561,0.343134,1.556497,0.008707,0.003848,2.005976,0,0
0,23,8,pick up the black bowl in the top drawer of the wooden cabinet and place it on the plate,FULL_HIT,0.986352,0.005306,0.001833,0.351622,1.413938,0.008701,0.003037,1.870959,0,0
0,23,9,pick up the black bowl in the top drawer of the wooden cabinet and place it on the plate,FULL_HIT,0.985757,0.006467,0.001935,0.294987,1.531576,0.009584,0.004017,1.953281,0,0
0,23,10,pick up the black bowl in the top drawer of the wooden cabinet and place it on the plate,FULL_HIT,0.986395,0.006070,0.001995,0.401446,1.784636,0.009759,0.003647,2.298902,0,0
0,23,11,pick up the black bowl in the top drawer of the wooden cabinet and place it on the plate,FULL_HIT,0.985820,0.006764,0.002105,0.413873,1.854761,0.010172,0.004205,2.396339,0,0
0,23,12,pick up the black bowl in the top drawer of the wooden cabinet and place it on the plate,FULL_HIT,0.967446,0.005822,0.002102,0.361846,1.559588,0.009048,0.003650,2.029115,0,0
0,23,13,pick up the black bowl in the top drawer of the wooden cabinet and place it on the plate,FULL_HIT,0.975859,0.005547,0.001855,0.361056,1.645387,0.008937,0.003458,2.108558,0,0
0,23,14,pick up the black bowl in the top drawer of the wooden cabinet and place it on the plate,FULL_HIT,0.984401,0.006799,0.002189,0.422729,1.704755,0.008265,0.003022,2.247530,0,0
0,23,15,pick up the black bowl in the top drawer of the wooden cabinet and place it on the plate,FULL_HIT,0.983282,0.005652,0.002070,0.343179,1.705998,0.010962,0.005135,2.169628,0,0
0,23,16,pick up the black bowl in the top drawer of the wooden cabinet and place it on the plate,FULL_HIT,0.984430,0.005562,0.001710,0.297088,1.699894,0.008751,0.003901,2.092347,0,0
0,23,17,pick up the black bowl in the top drawer of the wooden cabinet and place it on the plate,FULL_HIT,0.984076,0.005173,0.001384,0.295319,1.400859,0.007607,0.003710,1.789052,0,0
0,23,18,pick up the black bowl in the top drawer of the wooden cabinet and place it on the plate,FULL_HIT,0.985898,0.005167,0.001558,0.269820,1.424306,0.007710,0.003141,1.780856,0,0
0,23,19,pick up the black bowl in the top drawer of the wooden cabinet and place it on the plate,FULL_HIT,0.987169,0.004856,0.001793,0.278407,1.546475,0.008031,0.003689,1.918524,0,0
0,23,20,pick up the black bowl in the top drawer of the wooden cabinet and place it on the plate,FULL_HIT,0.986950,0.005008,0.001770,0.266794,1.450329,0.008182,0.003329,1.806795,0,0
0,23,21,pick up the black bowl in the top drawer of the wooden cabinet and place it on the plate,FULL_HIT,0.985447,0.006157,0.001953,0.308640,1.384443,0.007640,0.003389,1.790176,0,0
0,23,22,pick up the black bowl in the top drawer of the wooden cabinet and place it on the plate,FULL_HIT,0.984146,0.005321,0.001572,0.273274,1.680499,0.008867,0.003952,2.069233,0,0
0,23,23,pick up the black bowl in the top drawer of the wooden cabinet and place it on the plate,FULL_HIT,0.981504,0.006180,0.002012,0.318015,1.944610,0.011011,0.004671,2.381076,0,0
0,23,24,pick up the black bowl in the top drawer of the wooden cabinet and place it on the plate,FULL_HIT,0.974247,0.005437,0.001857,0.311564,1.639866,0.012758,0.003887,2.059220,0,0
0,23,25,pick up the black bowl in the top drawer of the wooden cabinet and place it on the plate,FULL_HIT,0.958264,0.005217,0.001566,0.311993,1.456505,0.008004,0.003414,1.867907,0,0
0,23,26,pick up the black bowl in the top drawer of the wooden cabinet and place it on the plate,FULL_HIT,0.948996,0.005594,0.001706,0.294486,1.480401,0.009130,0.002833,1.868505,0,0
0,24,0,pick up the black bowl in the top drawer of the wooden cabinet and place it on the plate,FULL_HIT,0.988870,0.007078,0.002713,0.384002,1.524387,0.008703,0.003691,2.026663,0,0
0,24,1,pick up the black bowl in the top drawer of the wooden cabinet and place it on the plate,FULL_HIT,0.988630,0.005392,0.001818,0.289605,1.512309,0.009175,0.003651,1.901465,0,0
0,24,2,pick up the black bowl in the top drawer of the wooden cabinet and place it on the plate,FULL_HIT,0.988316,0.004672,0.001796,0.290578,1.571838,0.009180,0.004121,1.965611,0,0
0,24,3,pick up the black bowl in the top drawer of the wooden cabinet and place it on the plate,FULL_HIT,0.987704,0.005335,0.001847,0.300415,1.483566,0.008504,0.003766,1.884066,0,0
0,24,4,pick up the black bowl in the top drawer of the wooden cabinet and place it on the plate,FULL_HIT,0.986678,0.005224,0.001707,0.309703,1.456883,0.009654,0.003549,1.869126,0,0
0,24,5,pick up the black bowl in the top drawer of the wooden cabinet and place it on the plate,FULL_HIT,0.985356,0.005738,0.002055,0.323601,1.514691,0.008881,0.003864,1.940533,0,0
0,24,6,pick up the black bowl in the top drawer of the wooden cabinet and place it on the plate,FULL_HIT,0.985300,0.005141,0.001575,0.284440,1.534596,0.008364,0.003483,1.916590,0,0
0,24,7,pick up the black bowl in the top drawer of the wooden cabinet and place it on the plate,FULL_HIT,0.985775,0.005382,0.001942,0.295942,1.958345,0.010174,0.005364,2.370307,0,0
0,24,8,pick up the black bowl in the top drawer of the wooden cabinet and place it on the plate,FULL_HIT,0.984158,0.005252,0.001768,0.302581,1.536331,0.009287,0.003518,1.941155,0,0
0,24,9,pick up the black bowl in the top drawer of the wooden cabinet and place it on the plate,FULL_HIT,0.981390,0.005267,0.001649,0.311572,1.455297,0.008610,0.003665,1.867516,0,0
0,24,10,pick up the black bowl in the top drawer of the wooden cabinet and place it on the plate,FULL_HIT,0.979216,0.005938,0.002126,0.493578,2.647182,0.011345,0.004391,3.285267,0,0
0,24,11,pick up the black bowl in the top drawer of the wooden cabinet and place it on the plate,FULL_HIT,0.978688,0.005440,0.002253,0.451843,2.395798,0.010052,0.004167,2.970156,0,0
0,24,12,pick up the black bowl in the top drawer of the wooden cabinet and place it on the plate,FULL_HIT,0.975884,0.006097,0.001597,0.431054,2.035322,0.010057,0.004695,2.598441,0,0
0,24,13,pick up the black bowl in the top drawer of the wooden cabinet and place it on the plate,FULL_HIT,0.983847,0.006449,0.001967,0.428980,1.968319,0.013891,0.004246,2.726960,0,0
0,24,14,pick up the black bowl in the top drawer of the wooden cabinet and place it on the plate,FULL_HIT,0.985612,0.006962,0.001850,0.554514,3.226355,0.011101,0.004717,3.902735,0,0
0,24,15,pick up the black bowl in the top drawer of the wooden cabinet and place it on the plate,FULL_HIT,0.985546,0.006661,0.001710,0.322752,1.689146,0.009803,0.003777,2.124011,0,0
0,24,16,pick up the black bowl in the top drawer of the wooden cabinet and place it on the plate,FULL_HIT,0.985725,0.005247,0.001621,0.322529,1.592381,0.009325,0.004825,2.026910,0,0
0,24,17,pick up the black bowl in the top drawer of the wooden cabinet and place it on the plate,FULL_HIT,0.985755,0.005690,0.002109,0.432184,1.727891,0.015365,0.004700,2.335131,0,0
0,24,18,pick up the black bowl in the top drawer of the wooden cabinet and place it on the plate,FULL_HIT,0.985656,0.005995,0.002170,0.415847,1.665139,0.009470,0.003726,2.193779,0,0
0,24,19,pick up the black bowl in the top drawer of the wooden cabinet and place it on the plate,FULL_HIT,0.984866,0.006308,0.001852,0.507846,1.832884,0.009774,0.003610,2.503634,0,0
0,24,20,pick up the black bowl in the top drawer of the wooden cabinet and place it on the plate,FULL_HIT,0.984578,0.006305,0.001778,0.567883,2.390493,0.013580,0.006287,3.103369,0,0
0,24,21,pick up the black bowl in the top drawer of the wooden cabinet and place it on the plate,FULL_HIT,0.983771,0.004981,0.001881,0.345720,1.599450,0.011205,0.004105,2.064627,0,0
0,24,22,pick up the black bowl in the top drawer of the wooden cabinet and place it on the plate,FULL_HIT,0.983336,0.006653,0.002046,0.456932,2.053202,0.012281,0.004751,2.641572,0,0
0,24,23,pick up the black bowl in the top drawer of the wooden cabinet and place it on the plate,FULL_HIT,0.983202,0.007548,0.001962,0.775506,2.641210,0.009556,0.004391,3.718461,0,0
0,24,24,pick up the black bowl in the top drawer of the wooden cabinet and place it on the plate,FULL_HIT,0.983433,0.006077,0.001999,0.374549,1.702457,0.009519,0.003258,2.191217,0,0
0,24,25,pick up the black bowl in the top drawer of the wooden cabinet and place it on the plate,FULL_HIT,0.983425,0.005053,0.002120,0.469058,1.574764,0.009360,0.003794,2.156743,0,0
0,25,0,pick up the black bowl on the ramekin and place it on the plate,FULL_HIT,0.988426,0.005626,0.001817,0.383937,1.523477,0.008892,0.004023,2.008762,0,0
0,25,1,pick up the black bowl on the ramekin and place it on the plate,FULL_HIT,0.987627,0.005354,0.001692,0.417925,1.466034,0.009059,0.003258,1.991369,0,0
0,25,2,pick up the black bowl on the ramekin and place it on the plate,FULL_HIT,0.987479,0.006206,0.001749,0.382195,1.451158,0.008643,0.003938,1.941328,0,0
0,25,3,pick up the black bowl on the ramekin and place it on the plate,FULL_HIT,0.986793,0.005743,0.001794,0.418224,1.456457,0.009119,0.003814,1.993284,0,0
0,25,4,pick up the black bowl on the ramekin and place it on the plate,FULL_HIT,0.984727,0.005894,0.001911,0.652856,1.627474,0.010944,0.003819,2.408378,0,0
0,25,5,pick up the black bowl on the ramekin and place it on the plate,FULL_HIT,0.984540,0.006620,0.001990,0.428230,1.487262,0.009711,0.003897,2.025417,0,0
0,25,6,pick up the black bowl on the ramekin and place it on the plate,FULL_HIT,0.984625,0.005441,0.002196,0.501096,2.273156,0.010668,0.004093,2.945868,0,0
0,25,7,pick up the black bowl on the ramekin and place it on the plate,FULL_HIT,0.985916,0.005782,0.001861,0.373322,1.585867,0.008843,0.003766,2.064951,0,0
0,25,8,pick up the black bowl on the ramekin and place it on the plate,FULL_HIT,0.978749,0.004796,0.001788,0.292754,1.234937,0.007698,0.003569,1.645131,0,0
0,25,9,pick up the black bowl on the ramekin and place it on the plate,FULL_HIT,0.976733,0.005169,0.002084,0.293318,1.359919,0.008420,0.004002,1.754645,0,0
0,25,10,pick up the black bowl on the ramekin and place it on the plate,FULL_HIT,0.981732,0.005886,0.001943,0.939414,1.314200,0.009428,0.003387,2.374052,0,0
0,25,11,pick up the black bowl on the ramekin and place it on the plate,FULL_HIT,0.982427,0.005426,0.001547,0.363960,1.684387,0.010830,0.004397,2.165424,0,0
0,25,12,pick up the black bowl on the ramekin and place it on the plate,FULL_HIT,0.982603,0.006197,0.001732,0.353653,1.419114,0.009987,0.003608,1.885161,0,0
0,25,13,pick up the black bowl on the ramekin and place it on the plate,FULL_HIT,0.982302,0.008419,0.002568,0.611851,1.519648,0.010072,0.003408,2.265858,0,0
0,25,14,pick up the black bowl on the ramekin and place it on the plate,FULL_HIT,0.981655,0.005448,0.001821,0.349324,1.333914,0.009984,0.003397,1.790544,0,0
0,25,15,pick up the black bowl on the ramekin and place it on the plate,FULL_HIT,0.981545,0.005643,0.002182,0.391674,1.320483,0.010802,0.003661,1.826619,0,0
0,25,16,pick up the black bowl on the ramekin and place it on the plate,FULL_HIT,0.983267,0.008232,0.003877,0.523120,1.550215,0.010591,0.003680,2.236975,0,0
0,25,17,pick up the black bowl on the ramekin and place it on the plate,FULL_HIT,0.982006,0.004953,0.001865,0.396810,1.389957,0.010404,0.004042,1.898478,0,0
0,25,18,pick up the black bowl on the ramekin and place it on the plate,FULL_HIT,0.980298,0.005710,0.001953,0.437501,1.996288,0.012892,0.006175,2.579081,0,0
0,26,0,pick up the black bowl on the ramekin and place it on the plate,FULL_HIT,0.988763,0.007607,0.002366,0.671103,1.324510,0.009240,0.003142,2.124705,0,0
0,26,1,pick up the black bowl on the ramekin and place it on the plate,FULL_HIT,0.988464,0.005725,0.001989,0.444936,1.516162,0.009978,0.003580,2.072267,0,0
0,26,2,pick up the black bowl on the ramekin and place it on the plate,FULL_HIT,0.988328,0.005745,0.002119,0.440347,2.393243,0.010596,0.004705,2.987690,0,0
0,26,3,pick up the black bowl on the ramekin and place it on the plate,FULL_HIT,0.987829,0.005852,0.001772,0.450210,1.639907,0.010211,0.004285,2.205734,0,0
0,26,4,pick up the black bowl on the ramekin and place it on the plate,FULL_HIT,0.987670,0.005160,0.002179,0.460773,1.294234,0.009135,0.003813,1.875144,0,0
0,26,5,pick up the black bowl on the ramekin and place it on the plate,FULL_HIT,0.987642,0.005602,0.001926,0.332886,1.448913,0.012823,0.003855,1.921328,0,0
0,26,6,pick up the black bowl on the ramekin and place it on the plate,FULL_HIT,0.987644,0.005310,0.001931,0.352246,1.334419,0.009342,0.004373,1.795133,0,0
0,26,7,pick up the black bowl on the ramekin and place it on the plate,FULL_HIT,0.980257,0.005408,0.001651,0.461269,1.639840,0.009847,0.004266,2.216715,0,0
0,26,8,pick up the black bowl on the ramekin and place it on the plate,FULL_HIT,0.979116,0.005942,0.001938,0.357542,1.484921,0.010325,0.004184,1.958654,0,0
0,26,9,pick up the black bowl on the ramekin and place it on the plate,FULL_HIT,0.984891,0.006023,0.001791,0.614611,1.573622,0.010075,0.004290,2.310579,0,0
0,26,10,pick up the black bowl on the ramekin and place it on the plate,FULL_HIT,0.982268,0.006486,0.002137,0.662085,1.792578,0.011424,0.004813,2.590131,0,0
0,26,11,pick up the black bowl on the ramekin and place it on the plate,FULL_HIT,0.980948,0.005405,0.001986,0.347559,1.326642,0.008480,0.003703,1.780979,0,0
0,26,12,pick up the black bowl on the ramekin and place it on the plate,FULL_HIT,0.981548,0.006596,0.001769,0.469133,1.327965,0.009235,0.003609,1.946081,0,0
0,26,13,pick up the black bowl on the ramekin and place it on the plate,FULL_HIT,0.981865,0.006433,0.002310,0.401772,1.928041,0.013926,0.005132,2.469029,0,0
0,26,14,pick up the black bowl on the ramekin and place it on the plate,FULL_HIT,0.981982,0.006606,0.001980,0.456015,1.509754,0.010612,0.003725,2.106141,0,0
0,26,15,pick up the black bowl on the ramekin and place it on the plate,FULL_HIT,0.981235,0.005237,0.001843,0.308736,1.410458,0.008613,0.003587,1.824004,0,0
0,26,16,pick up the black bowl on the ramekin and place it on the plate,FULL_HIT,0.978292,0.006402,0.001685,0.543899,1.383566,0.009395,0.003661,2.043552,0,0
0,26,17,pick up the black bowl on the ramekin and place it on the plate,FULL_HIT,0.976983,0.005108,0.001859,0.315953,1.322025,0.007511,0.003242,1.750673,0,0
0,26,18,pick up the black bowl on the ramekin and place it on the plate,FULL_HIT,0.973826,0.005977,0.001778,0.443205,1.429549,0.010899,0.003834,1.984335,0,0
0,1,0,pick up the black bowl on the ramekin and place it on the plate,FULL_HIT,0.988936,0.006149,0.001644,0.344322,1.693216,0.008810,0.003596,2.137687,0,0
0,1,1,pick up the black bowl on the ramekin and place it on the plate,FULL_HIT,0.988684,0.005428,0.001921,0.350438,1.471029,0.009593,0.003548,1.925614,0,0
0,1,2,pick up the black bowl on the ramekin and place it on the plate,FULL_HIT,0.988604,0.004917,0.001651,0.289587,1.752785,0.010102,0.003775,2.145738,0,0
0,1,3,pick up the black bowl on the ramekin and place it on the plate,FULL_HIT,0.988246,0.005122,0.001741,0.328618,1.276094,0.008013,0.003688,1.698384,0,0
0,1,4,pick up the black bowl on the ramekin and place it on the plate,FULL_HIT,0.987794,0.006257,0.001649,0.563040,1.934739,0.011709,0.004937,2.628496,0,0
0,1,5,pick up the black bowl on the ramekin and place it on the plate,FULL_HIT,0.987638,0.005858,0.002169,0.409456,1.718759,0.011766,0.004997,2.253914,0,0
0,1,6,pick up the black bowl on the ramekin and place it on the plate,FULL_HIT,0.987717,0.006489,0.002007,0.402336,1.598105,0.010290,0.004172,2.117547,0,0
0,1,7,pick up the black bowl on the ramekin and place it on the plate,FULL_HIT,0.987378,0.008277,0.002624,1.156338,2.273515,0.010250,0.004540,3.573234,0,0
0,1,8,pick up the black bowl on the ramekin and place it on the plate,FULL_HIT,0.987520,0.006618,0.001795,0.454255,1.627074,0.009996,0.003423,2.203674,0,0
0,1,9,pick up the black bowl on the ramekin and place it on the plate,FULL_HIT,0.986522,0.005413,0.001906,0.389116,1.325189,0.009169,0.003405,1.822640,0,0
0,1,10,pick up the black bowl on the ramekin and place it on the plate,FULL_HIT,0.986232,0.004848,0.001834,0.325741,2.063493,0.012995,0.005109,2.511029,0,0
0,1,11,pick up the black bowl on the ramekin and place it on the plate,FULL_HIT,0.986158,0.005545,0.001696,0.310430,1.383411,0.009469,0.003765,1.798917,0,0
0,1,12,pick up the black bowl on the ramekin and place it on the plate,FULL_HIT,0.986364,0.005538,0.001971,0.422757,1.489933,0.009957,0.003632,2.026508,0,0
0,1,13,pick up the black bowl on the ramekin and place it on the plate,FULL_HIT,0.986149,0.005043,0.001975,0.343053,1.335858,0.008650,0.003845,1.784785,0,0
0,1,14,pick up the black bowl on the ramekin and place it on the plate,FULL_HIT,0.984846,0.005336,0.001810,0.320641,1.536204,0.009156,0.004078,1.966151,0,0
0,1,15,pick up the black bowl on the ramekin and place it on the plate,FULL_HIT,0.985071,0.006156,0.001790,0.364089,1.379297,0.009807,0.003978,1.857740,0,0
0,1,16,pick up the black bowl on the ramekin and place it on the plate,FULL_HIT,0.984382,0.006642,0.002204,0.524040,1.518684,0.011222,0.004244,2.233161,0,0
0,1,17,pick up the black bowl on the ramekin and place it on the plate,FULL_HIT,0.984811,0.005635,0.001725,0.491223,1.556410,0.009861,0.004170,2.162536,0,0
0,28,0,pick up the black bowl on the ramekin and place it on the plate,FULL_HIT,0.986393,0.006107,0.002065,0.423463,1.511945,0.009311,0.003592,2.048040,0,0
0,28,1,pick up the black bowl on the ramekin and place it on the plate,FULL_HIT,0.987481,0.006308,0.002120,0.895868,2.148404,0.018264,0.007013,3.217434,0,0
0,28,2,pick up the black bowl on the ramekin and place it on the plate,FULL_HIT,0.986900,0.005159,0.001923,0.565026,1.566322,0.012184,0.004424,2.252597,0,0
0,28,3,pick up the black bowl on the ramekin and place it on the plate,FULL_HIT,0.984997,0.006334,0.002007,0.398084,1.579871,0.010461,0.004118,2.090947,0,0
0,28,4,pick up the black bowl on the ramekin and place it on the plate,FULL_HIT,0.982938,0.006243,0.001897,0.366348,1.344512,0.009061,0.003359,1.815721,0,0
0,28,5,pick up the black bowl on the ramekin and place it on the plate,FULL_HIT,0.985019,0.005749,0.001716,0.333208,1.689328,0.009864,0.003786,2.135683,0,0
0,28,6,pick up the black bowl on the ramekin and place it on the plate,FULL_HIT,0.985394,0.006088,0.001881,0.398563,1.394934,0.009778,0.004142,1.903841,0,0
0,28,7,pick up the black bowl on the ramekin and place it on the plate,FULL_HIT,0.980730,0.005615,0.001672,0.374609,1.368287,0.009106,0.003834,1.847931,0,0
0,28,8,pick up the black bowl on the ramekin and place it on the plate,FULL_HIT,0.975589,0.005564,0.001763,0.375553,1.310267,0.008956,0.003574,1.788560,0,0
0,28,9,pick up the black bowl on the ramekin and place it on the plate,FULL_HIT,0.985284,0.007014,0.002028,0.576868,2.084486,0.012277,0.005385,2.799408,0,0
0,28,10,pick up the black bowl on the ramekin and place it on the plate,FULL_HIT,0.985458,0.006117,0.001920,0.379950,1.341834,0.009543,0.004038,1.829653,0,0
0,28,11,pick up the black bowl on the ramekin and place it on the plate,FULL_HIT,0.985011,0.005733,0.001951,0.390643,1.311588,0.008464,0.003866,1.809811,0,0
0,28,12,pick up the black bowl on the ramekin and place it on the plate,FULL_HIT,0.982731,0.007208,0.002226,0.858653,1.715281,0.010113,0.003581,2.709547,0,0
0,28,13,pick up the black bowl on the ramekin and place it on the plate,FULL_HIT,0.985051,0.005250,0.001740,0.357284,1.388214,0.010709,0.003907,1.857668,0,0
0,28,14,pick up the black bowl on the ramekin and place it on the plate,FULL_HIT,0.984116,0.005165,0.001833,0.331621,1.356808,0.008809,0.003229,1.791268,0,0
0,28,15,pick up the black bowl on the ramekin and place it on the plate,FULL_HIT,0.984065,0.005823,0.001704,0.408109,1.408409,0.010579,0.003526,1.932678,0,0
0,28,16,pick up the black bowl on the ramekin and place it on the plate,FULL_HIT,0.983933,0.005515,0.001955,0.396475,1.428000,0.008782,0.024174,1.953957,0,0
0,28,17,pick up the black bowl on the ramekin and place it on the plate,FULL_HIT,0.982718,0.005540,0.001767,0.330259,1.643100,0.010686,0.004323,2.087727,0,0
0,28,18,pick up the black bowl on the ramekin and place it on the plate,FULL_HIT,0.979957,0.005560,0.001999,0.509651,1.314866,0.009334,0.003544,1.937377,0,0
0,29,0,pick up the black bowl on the ramekin and place it on the plate,FULL_HIT,0.988061,0.005517,0.001703,0.346813,1.551089,0.009761,0.003911,2.008203,0,0
0,29,1,pick up the black bowl on the ramekin and place it on the plate,FULL_HIT,0.987897,0.007045,0.002009,0.316144,1.360993,0.009033,0.003635,1.780724,0,0
0,29,2,pick up the black bowl on the ramekin and place it on the plate,FULL_HIT,0.987708,0.005845,0.001798,0.320248,1.529879,0.008550,0.004052,1.954161,0,0
0,29,3,pick up the black bowl on the ramekin and place it on the plate,FULL_HIT,0.987863,0.005564,0.002250,0.606131,2.106599,0.013302,0.006086,2.854777,0,0
0,29,4,pick up the black bowl on the ramekin and place it on the plate,FULL_HIT,0.987502,0.006349,0.002350,0.341963,1.372338,0.008884,0.003669,1.826212,0,0
0,29,5,pick up the black bowl on the ramekin and place it on the plate,FULL_HIT,0.987244,0.006995,0.002137,0.580459,1.676163,0.009493,0.003917,2.383676,0,0
0,29,6,pick up the black bowl on the ramekin and place it on the plate,FULL_HIT,0.986524,0.006278,0.001959,0.411634,1.302462,0.009575,0.004214,1.823234,0,0
0,29,7,pick up the black bowl on the ramekin and place it on the plate,FULL_HIT,0.979448,0.005249,0.001690,0.349301,1.497842,0.008878,0.003517,1.954015,0,0
0,29,8,pick up the black bowl on the ramekin and place it on the plate,FULL_HIT,0.977286,0.005262,0.001914,0.397987,1.228560,0.008758,0.003639,1.719724,0,0
0,29,9,pick up the black bowl on the ramekin and place it on the plate,FULL_HIT,0.983933,0.005204,0.001578,0.400908,1.313892,0.009569,0.003936,1.817297,0,0
0,29,10,pick up the black bowl on the ramekin and place it on the plate,FULL_HIT,0.983126,0.005200,0.001621,0.274578,1.280262,0.008732,0.003749,1.650310,0,0
0,29,11,pick up the black bowl on the ramekin and place it on the plate,FULL_HIT,0.982587,0.005536,0.001961,0.399251,1.453524,0.009752,0.004157,1.964054,0,0
0,29,12,pick up the black bowl on the ramekin and place it on the plate,FULL_HIT,0.983119,0.005825,0.002051,0.397415,1.564218,0.010269,0.004276,2.071480,0,0
0,29,13,pick up the black bowl on the ramekin and place it on the plate,FULL_HIT,0.983692,0.004814,0.002201,0.333182,1.581728,0.010790,0.004603,2.028964,0,0
0,29,14,pick up the black bowl on the ramekin and place it on the plate,FULL_HIT,0.983660,0.005225,0.001633,0.732824,1.241614,0.008971,0.003018,2.081957,0,0
0,29,15,pick up the black bowl on the ramekin and place it on the plate,FULL_HIT,0.983579,0.004938,0.001580,0.294739,1.351283,0.008849,0.003564,1.766796,0,0
0,29,16,pick up the black bowl on the ramekin and place it on the plate,FULL_HIT,0.983066,0.006755,0.002027,0.490292,1.629578,0.009403,0.003833,2.259565,0,0
0,29,17,pick up the black bowl on the ramekin and place it on the plate,FULL_HIT,0.980041,0.005608,0.002351,0.615545,1.438171,0.009635,0.003673,2.179711,0,0
0,30,0,pick up the black bowl next to the cookie box and place it on the plate,FULL_HIT,0.988886,0.005480,0.001797,0.378642,1.724570,0.009314,0.003776,2.205817,0,0
0,30,1,pick up the black bowl next to the cookie box and place it on the plate,FULL_HIT,0.988047,0.005324,0.001846,0.291870,1.626677,0.010425,0.004455,2.026913,0,0
0,30,2,pick up the black bowl next to the cookie box and place it on the plate,FULL_HIT,0.987796,0.005516,0.001844,0.350592,1.351324,0.022526,0.003712,1.824773,0,0
0,30,3,pick up the black bowl next to the cookie box and place it on the plate,FULL_HIT,0.987671,0.005658,0.001815,0.455510,1.432796,0.037269,0.004742,2.154363,0,0
0,30,4,pick up the black bowl next to the cookie box and place it on the plate,FULL_HIT,0.987514,0.004683,0.001743,0.283852,1.348359,0.007950,0.002959,1.722592,0,0
0,30,5,pick up the black bowl next to the cookie box and place it on the plate,FULL_HIT,0.987529,0.005786,0.002125,0.348672,1.569976,0.009273,0.003744,2.027019,0,0
0,30,6,pick up the black bowl next to the cookie box and place it on the plate,FULL_HIT,0.987207,0.005224,0.001746,0.296795,1.367087,0.008032,0.003550,1.759669,0,0
0,30,7,pick up the black bowl next to the cookie box and place it on the plate,FULL_HIT,0.987375,0.006372,0.001757,0.379099,1.371727,0.010194,0.003352,1.878232,0,0
0,30,8,pick up the black bowl next to the cookie box and place it on the plate,FULL_HIT,0.987170,0.023309,0.002228,0.318870,1.783299,0.009709,0.004166,2.234294,0,0
0,30,9,pick up the black bowl next to the cookie box and place it on the plate,FULL_HIT,0.986644,0.005633,0.001692,0.348070,1.432641,0.009273,0.003415,1.885412,0,0
0,30,10,pick up the black bowl next to the cookie box and place it on the plate,FULL_HIT,0.986345,0.009107,0.002001,0.567110,1.718378,0.011250,0.004235,2.413824,0,0
0,30,11,pick up the black bowl next to the cookie box and place it on the plate,FULL_HIT,0.986556,0.006066,0.001830,0.525744,1.409924,0.008983,0.005895,2.061489,0,0
0,30,12,pick up the black bowl next to the cookie box and place it on the plate,FULL_HIT,0.986377,0.006265,0.001822,0.326346,1.401476,0.008253,0.003271,1.828305,0,0
0,30,13,pick up the black bowl next to the cookie box and place it on the plate,FULL_HIT,0.987320,0.005602,0.001776,0.375629,1.350288,0.008476,0.003398,1.830420,0,0
0,30,14,pick up the black bowl next to the cookie box and place it on the plate,FULL_HIT,0.987379,0.005741,0.001786,0.319387,1.578963,0.010498,0.004579,2.009137,0,0
0,30,15,pick up the black bowl next to the cookie box and place it on the plate,FULL_HIT,0.987491,0.005908,0.001646,0.370065,1.691495,0.013289,0.006639,2.204437,0,0
0,30,16,pick up the black bowl next to the cookie box and place it on the plate,FULL_HIT,0.986461,0.005588,0.001942,0.354528,2.003321,0.010715,0.005649,2.478201,0,0
0,30,17,pick up the black bowl next to the cookie box and place it on the plate,FULL_HIT,0.986708,0.006291,0.002100,0.399131,1.424925,0.009144,0.003477,1.937163,0,0
0,30,18,pick up the black bowl next to the cookie box and place it on the plate,FULL_HIT,0.987044,0.006618,0.001850,0.407000,1.710150,0.009398,0.004058,2.229149,0,0
0,30,19,pick up the black bowl next to the cookie box and place it on the plate,FULL_HIT,0.987012,0.005624,0.002030,0.565169,1.467114,0.009956,0.003703,2.136886,0,0
0,30,20,pick up the black bowl next to the cookie box and place it on the plate,FULL_HIT,0.986681,0.004876,0.001599,1.289186,2.285148,0.010368,0.004409,3.700008,0,0
0,31,0,pick up the black bowl next to the cookie box and place it on the plate,FULL_HIT,0.988883,0.005355,0.001856,0.344420,1.456191,0.008735,0.003410,1.903791,0,0
0,31,1,pick up the black bowl next to the cookie box and place it on the plate,FULL_HIT,0.988677,0.005692,0.001787,1.201699,2.103457,0.009771,0.003659,3.434033,0,0
0,31,2,pick up the black bowl next to the cookie box and place it on the plate,FULL_HIT,0.988620,0.005442,0.001919,0.577849,1.420065,0.008928,0.003622,2.108277,0,0
0,31,3,pick up the black bowl next to the cookie box and place it on the plate,FULL_HIT,0.988508,0.006781,0.002356,0.476662,1.950970,0.011828,0.005131,2.569302,0,0
0,31,4,pick up the black bowl next to the cookie box and place it on the plate,FULL_HIT,0.988408,0.005647,0.001614,0.370090,1.682158,0.009861,0.004068,2.162554,0,0
0,31,5,pick up the black bowl next to the cookie box and place it on the plate,FULL_HIT,0.988229,0.004741,0.001941,0.297034,1.677503,0.013473,0.006356,2.102623,0,0
0,31,6,pick up the black bowl next to the cookie box and place it on the plate,FULL_HIT,0.988261,0.005313,0.001749,0.330050,1.397867,0.010182,0.003731,1.880277,0,0
0,31,7,pick up the black bowl next to the cookie box and place it on the plate,FULL_HIT,0.988242,0.006023,0.001859,0.298815,1.313511,0.007854,0.003457,1.711454,0,0
0,31,8,pick up the black bowl next to the cookie box and place it on the plate,FULL_HIT,0.987437,0.004907,0.001975,0.417898,1.429186,0.009797,0.003491,1.958539,0,0
0,31,9,pick up the black bowl next to the cookie box and place it on the plate,FULL_HIT,0.987675,0.006055,0.001466,0.307730,1.500970,0.009486,0.004131,1.916021,0,0
0,31,10,pick up the black bowl next to the cookie box and place it on the plate,FULL_HIT,0.987489,0.005478,0.001599,0.372271,1.607890,0.010002,0.003892,2.097121,0,0
0,31,11,pick up the black bowl next to the cookie box and place it on the plate,FULL_HIT,0.974175,0.006219,0.002111,0.395066,1.634128,0.010232,0.004047,2.159037,0,0
0,31,12,pick up the black bowl next to the cookie box and place it on the plate,FULL_HIT,0.983751,0.005865,0.001729,0.342421,1.530252,0.010676,0.004140,1.986675,0,0
0,31,13,pick up the black bowl next to the cookie box and place it on the plate,FULL_HIT,0.983423,0.006975,0.001732,0.391544,1.963172,0.009375,0.003783,2.496329,0,0
0,31,14,pick up the black bowl next to the cookie box and place it on the plate,FULL_HIT,0.983166,0.005128,0.002087,0.376609,1.413079,0.010508,0.003980,1.899319,0,0
0,31,15,pick up the black bowl next to the cookie box and place it on the plate,FULL_HIT,0.983565,0.005188,0.001639,0.506745,1.567384,0.009252,0.003859,2.187474,0,0
0,31,16,pick up the black bowl next to the cookie box and place it on the plate,FULL_HIT,0.983788,0.006526,0.002028,0.350997,1.522312,0.009177,0.003633,1.983816,0,0
0,31,17,pick up the black bowl next to the cookie box and place it on the plate,FULL_HIT,0.983953,0.006044,0.001834,0.602988,1.490291,0.009443,0.003895,2.206895,0,0
0,31,18,pick up the black bowl next to the cookie box and place it on the plate,FULL_HIT,0.983557,0.006366,0.001596,0.285980,1.458246,0.008017,0.003753,1.844036,0,0
0,31,19,pick up the black bowl next to the cookie box and place it on the plate,FULL_HIT,0.984763,0.023240,0.002142,0.518297,2.325578,0.009869,0.003817,2.987910,0,0
0,31,20,pick up the black bowl next to the cookie box and place it on the plate,FULL_HIT,0.985246,0.006112,0.001919,0.295697,1.687583,0.009451,0.003690,2.093448,0,0
0,31,21,pick up the black bowl next to the cookie box and place it on the plate,FULL_HIT,0.985479,0.005391,0.001713,0.413868,1.373450,0.009462,0.003201,1.893700,0,0
0,31,22,pick up the black bowl next to the cookie box and place it on the plate,FULL_HIT,0.981182,0.007218,0.002107,0.449277,1.345271,0.009844,0.003585,1.914625,0,0
0,31,23,pick up the black bowl next to the cookie box and place it on the plate,FULL_HIT,0.970402,0.006325,0.002060,0.366138,1.386093,0.009842,0.003530,1.868442,0,0
0,32,0,pick up the black bowl next to the cookie box and place it on the plate,FULL_HIT,0.988757,0.006053,0.002084,0.332070,1.436115,0.008169,0.003269,1.872740,0,0
0,32,1,pick up the black bowl next to the cookie box and place it on the plate,FULL_HIT,0.988205,0.006165,0.001836,0.313262,1.419765,0.007843,0.003413,1.838550,0,0
0,32,2,pick up the black bowl next to the cookie box and place it on the plate,FULL_HIT,0.988092,0.006536,0.002054,0.518562,1.583073,0.009770,0.003589,2.221378,0,0
0,32,3,pick up the black bowl next to the cookie box and place it on the plate,FULL_HIT,0.988044,0.004918,0.001714,0.306749,1.904587,0.009100,0.003704,2.321509,0,0
0,32,4,pick up the black bowl next to the cookie box and place it on the plate,FULL_HIT,0.987983,0.005718,0.001683,0.335396,1.479100,0.009566,0.003702,1.922811,0,0
0,32,5,pick up the black bowl next to the cookie box and place it on the plate,FULL_HIT,0.987665,0.006846,0.001957,0.476150,1.850076,0.013560,0.006548,2.470436,0,0
0,32,6,pick up the black bowl next to the cookie box and place it on the plate,FULL_HIT,0.987620,0.006048,0.001853,0.430066,1.824316,0.010479,0.003972,2.375678,0,0
0,32,7,pick up the black bowl next to the cookie box and place it on the plate,FULL_HIT,0.987910,0.006040,0.002179,0.373793,1.405932,0.009455,0.004127,1.891066,0,0
0,32,8,pick up the black bowl next to the cookie box and place it on the plate,FULL_HIT,0.988118,0.005671,0.002072,0.330297,1.390505,0.008955,0.004196,1.828629,0,0
0,32,9,pick up the black bowl next to the cookie box and place it on the plate,FULL_HIT,0.987819,0.005446,0.001867,0.311938,1.486339,0.008799,0.004294,1.898375,0,0
0,32,10,pick up the black bowl next to the cookie box and place it on the plate,FULL_HIT,0.988623,0.005707,0.001909,0.330775,2.353264,0.010996,0.005309,2.829590,0,0
0,32,11,pick up the black bowl next to the cookie box and place it on the plate,FULL_HIT,0.987586,0.006861,0.002407,0.440586,1.455789,0.008413,0.002811,2.012767,0,0
0,32,12,pick up the black bowl next to the cookie box and place it on the plate,FULL_HIT,0.988050,0.005392,0.001794,0.413870,1.412018,0.009177,0.003496,1.932735,0,0
0,32,13,pick up the black bowl next to the cookie box and place it on the plate,FULL_HIT,0.987673,0.005261,0.001885,0.306474,1.392487,0.008843,0.003817,1.801793,0,0
0,32,14,pick up the black bowl next to the cookie box and place it on the plate,FULL_HIT,0.986373,0.004906,0.001631,0.298670,1.341941,0.008620,0.003607,1.731774,0,0
0,32,15,pick up the black bowl next to the cookie box and place it on the plate,FULL_HIT,0.984870,0.008381,0.001568,0.464716,1.906126,0.010143,0.005206,2.504473,0,0
0,32,16,pick up the black bowl next to the cookie box and place it on the plate,FULL_HIT,0.984558,0.005408,0.001877,0.357493,1.655665,0.009514,0.004418,2.121995,0,0
0,32,17,pick up the black bowl next to the cookie box and place it on the plate,FULL_HIT,0.986144,0.006040,0.001955,0.399754,1.613105,0.009488,0.004083,2.127842,0,0
0,32,18,pick up the black bowl next to the cookie box and place it on the plate,FULL_HIT,0.986517,0.005760,0.001859,0.561736,1.860416,0.009638,0.003986,2.541202,0,0
0,32,19,pick up the black bowl next to the cookie box and place it on the plate,FULL_HIT,0.986619,0.005197,0.001881,0.349353,1.395833,0.008986,0.003042,1.848415,0,0
0,32,20,pick up the black bowl next to the cookie box and place it on the plate,FULL_HIT,0.986331,0.005048,0.001813,0.311102,1.366654,0.008105,0.003567,1.772885,0,0
0,32,21,pick up the black bowl next to the cookie box and place it on the plate,FULL_HIT,0.986241,0.006005,0.002113,0.476047,1.594034,0.009777,0.003511,2.182894,0,0
0,32,22,pick up the black bowl next to the cookie box and place it on the plate,FULL_HIT,0.985835,0.005427,0.001768,0.395487,1.769772,0.010333,0.004180,2.270919,0,0
0,32,23,pick up the black bowl next to the cookie box and place it on the plate,FULL_HIT,0.985047,0.005819,0.001781,0.474313,1.514981,0.010186,0.003949,2.097969,0,0
0,32,24,pick up the black bowl next to the cookie box and place it on the plate,FULL_HIT,0.983626,0.005114,0.001698,0.303926,1.782936,0.010419,0.004286,2.194653,0,0
0,33,0,pick up the black bowl next to the cookie box and place it on the plate,FULL_HIT,0.988679,0.005539,0.001821,0.477769,1.333518,0.009199,0.003328,1.924700,0,0
0,33,1,pick up the black bowl next to the cookie box and place it on the plate,FULL_HIT,0.987467,0.005690,0.001893,0.432923,1.578277,0.028147,0.004139,2.151938,0,0
0,33,2,pick up the black bowl next to the cookie box and place it on the plate,FULL_HIT,0.986962,0.005630,0.001829,0.318622,1.543582,0.011553,0.003821,1.975687,0,0
0,33,3,pick up the black bowl next to the cookie box and place it on the plate,FULL_HIT,0.986934,0.006598,0.001961,0.523939,1.947602,0.012348,0.005169,2.604410,0,0
0,33,4,pick up the black bowl next to the cookie box and place it on the plate,FULL_HIT,0.986222,0.005358,0.001920,0.974559,1.612619,0.008930,0.003514,2.727963,0,0
0,33,5,pick up the black bowl next to the cookie box and place it on the plate,FULL_HIT,0.985922,0.005746,0.002101,0.502474,1.673459,0.010036,0.004433,2.296115,0,0
0,33,6,pick up the black bowl next to the cookie box and place it on the plate,FULL_HIT,0.984000,0.005792,0.002267,0.407627,1.598377,0.010014,0.004251,2.120973,0,0
0,33,7,pick up the black bowl next to the cookie box and place it on the plate,FULL_HIT,0.981663,0.006190,0.002003,0.415809,1.358219,0.008943,0.008757,2.006103,0,0
0,33,8,pick up the black bowl next to the cookie box and place it on the plate,FULL_HIT,0.978282,0.006020,0.001918,0.430377,1.476105,0.009662,0.004007,2.017612,0,0
0,33,9,pick up the black bowl next to the cookie box and place it on the plate,FULL_HIT,0.978400,0.005780,0.002020,0.363092,1.456283,0.009365,0.003456,1.930454,0,0
0,33,10,pick up the black bowl next to the cookie box and place it on the plate,FULL_HIT,0.972405,0.005883,0.001885,0.438229,2.001525,0.010848,0.004988,2.561697,0,0
0,33,11,pick up the black bowl next to the cookie box and place it on the plate,FULL_HIT,0.953258,0.005647,0.001832,0.521521,1.668463,0.010428,0.004732,2.311009,0,0
0,33,12,pick up the black bowl next to the cookie box and place it on the plate,FULL_HIT,0.966134,0.005396,0.001935,0.380000,1.548380,0.009536,0.003852,2.036214,0,0
0,33,13,pick up the black bowl next to the cookie box and place it on the plate,FULL_HIT,0.975255,0.006513,0.001870,0.492620,1.939066,0.011436,0.003869,2.553180,0,0
0,33,14,pick up the black bowl next to the cookie box and place it on the plate,FULL_HIT,0.979586,0.005597,0.001829,0.382729,1.548597,0.010828,0.004819,2.046679,0,0
0,33,15,pick up the black bowl next to the cookie box and place it on the plate,FULL_HIT,0.980465,0.005354,0.001778,0.397491,1.576624,0.009427,0.004530,2.082731,0,0
0,33,16,pick up the black bowl next to the cookie box and place it on the plate,FULL_HIT,0.982295,0.007990,0.002349,0.704648,2.492081,0.009696,0.004167,3.331340,0,0
0,33,17,pick up the black bowl next to the cookie box and place it on the plate,FULL_HIT,0.983020,0.005670,0.002068,0.640727,1.392615,0.010540,0.003632,2.147874,0,0
0,33,18,pick up the black bowl next to the cookie box and place it on the plate,FULL_HIT,0.983303,0.005027,0.001577,0.307746,1.601445,0.008792,0.003385,2.010047,0,0
0,33,19,pick up the black bowl next to the cookie box and place it on the plate,FULL_HIT,0.983251,0.005542,0.001833,0.293608,1.370688,0.008414,0.003557,1.765755,0,0
0,33,20,pick up the black bowl next to the cookie box and place it on the plate,FULL_HIT,0.980891,0.005977,0.001941,0.307421,1.562426,0.009487,0.003429,1.978437,0,0
0,34,0,pick up the black bowl next to the cookie box and place it on the plate,FULL_HIT,0.988820,0.005391,0.001799,0.323016,1.415334,0.009091,0.003696,1.873952,0,0
0,34,1,pick up the black bowl next to the cookie box and place it on the plate,FULL_HIT,0.988438,0.005911,0.001961,0.305210,1.385080,0.008621,0.003360,1.813796,0,0
0,34,2,pick up the black bowl next to the cookie box and place it on the plate,FULL_HIT,0.987557,0.005782,0.002156,0.360866,1.516583,0.011125,0.004069,2.008547,0,0
0,34,3,pick up the black bowl next to the cookie box and place it on the plate,FULL_HIT,0.987201,0.005306,0.001967,0.297989,1.393141,0.008990,0.003998,1.812946,0,0
0,34,4,pick up the black bowl next to the cookie box and place it on the plate,FULL_HIT,0.987015,0.005688,0.002015,0.316278,1.394292,0.008995,0.003517,1.813151,0,0
0,34,5,pick up the black bowl next to the cookie box and place it on the plate,FULL_HIT,0.986847,0.006574,0.001859,0.647563,1.574462,0.010949,0.004407,2.375413,0,0
0,34,6,pick up the black bowl next to the cookie box and place it on the plate,FULL_HIT,0.986801,0.005823,0.001859,0.418032,1.352550,0.008629,0.003526,1.877022,0,0
0,34,7,pick up the black bowl next to the cookie box and place it on the plate,FULL_HIT,0.986443,0.005116,0.001608,0.310036,1.488134,0.009309,0.014699,1.909204,0,0
0,34,8,pick up the black bowl next to the cookie box and place it on the plate,FULL_HIT,0.985556,0.005850,0.002264,0.558613,1.764948,0.024814,0.003973,2.458963,0,0
0,34,9,pick up the black bowl next to the cookie box and place it on the plate,FULL_HIT,0.987670,0.005720,0.001933,0.377758,1.525206,0.008712,0.004250,2.003577,0,0
0,34,10,pick up the black bowl next to the cookie box and place it on the plate,FULL_HIT,0.985647,0.005086,0.001747,0.366650,1.434418,0.008112,0.003523,1.901715,0,0
0,34,11,pick up the black bowl next to the cookie box and place it on the plate,FULL_HIT,0.977742,0.004635,0.001484,0.308401,1.283181,0.007577,0.003251,1.681051,0,0
0,34,12,pick up the black bowl next to the cookie box and place it on the plate,FULL_HIT,0.981871,0.005313,0.001747,0.290614,1.305186,0.008468,0.003501,1.688938,0,0
0,34,13,pick up the black bowl next to the cookie box and place it on the plate,FULL_HIT,0.983581,0.004666,0.001681,0.289736,1.318331,0.007868,0.003437,1.746185,0,0
0,34,14,pick up the black bowl next to the cookie box and place it on the plate,FULL_HIT,0.983373,0.005470,0.001775,0.301496,1.306628,0.008122,0.003451,1.706262,0,0
0,34,15,pick up the black bowl next to the cookie box and place it on the plate,FULL_HIT,0.983122,0.004822,0.001983,0.277603,1.364040,0.008342,0.003818,1.734521,0,0
0,34,16,pick up the black bowl next to the cookie box and place it on the plate,FULL_HIT,0.982804,0.005214,0.002011,0.373520,2.347222,0.009688,0.004180,2.847567,0,0
0,34,17,pick up the black bowl next to the cookie box and place it on the plate,FULL_HIT,0.983135,0.005254,0.001864,0.272712,1.280671,0.008526,0.003240,1.645723,0,0
0,34,18,pick up the black bowl next to the cookie box and place it on the plate,FULL_HIT,0.982767,0.004887,0.001507,0.397959,1.870694,0.025928,0.004095,2.556331,0,0
0,34,19,pick up the black bowl next to the cookie box and place it on the plate,FULL_HIT,0.980899,0.004967,0.002021,0.445418,1.854242,0.010429,0.004105,2.420606,0,0
0,35,0,pick up the black bowl on the stove and place it on the plate,FULL_HIT,0.988704,0.004955,0.001612,0.279193,1.499079,0.009727,0.003818,1.878185,0,0
0,35,1,pick up the black bowl on the stove and place it on the plate,FULL_HIT,0.987979,0.005080,0.002076,0.388368,1.653302,0.009003,0.003268,2.141965,0,0
0,35,2,pick up the black bowl on the stove and place it on the plate,FULL_HIT,0.987494,0.005678,0.001927,0.469871,2.850984,0.010112,0.004069,3.440134,0,0
0,35,3,pick up the black bowl on the stove and place it on the plate,FULL_HIT,0.987756,0.005624,0.001765,0.388016,1.490239,0.008407,0.003823,1.982661,0,0
0,35,4,pick up the black bowl on the stove and place it on the plate,FULL_HIT,0.987513,0.038378,0.002806,0.462264,1.820901,0.010192,0.003661,2.452320,0,0
0,35,5,pick up the black bowl on the stove and place it on the plate,FULL_HIT,0.987034,0.005600,0.001820,0.318591,1.481345,0.008939,0.003994,1.900619,0,0
0,35,6,pick up the black bowl on the stove and place it on the plate,FULL_HIT,0.958903,0.005416,0.001890,0.462558,1.704783,0.010300,0.003972,2.283887,0,0
0,35,7,pick up the black bowl on the stove and place it on the plate,FULL_HIT,0.961078,0.005746,0.001878,0.386400,2.174586,0.010274,0.004333,2.680015,0,0
0,35,8,pick up the black bowl on the stove and place it on the plate,FULL_HIT,0.965803,0.005149,0.001898,0.329488,1.630227,0.008949,0.004323,2.062680,0,0
0,35,9,pick up the black bowl on the stove and place it on the plate,FULL_HIT,0.964047,0.006156,0.002055,0.359370,1.485234,0.009551,0.004106,2.074283,0,0
0,35,10,pick up the black bowl on the stove and place it on the plate,FULL_HIT,0.963322,0.006058,0.001822,0.672600,2.037647,0.009671,0.004125,2.828883,0,0
0,35,11,pick up the black bowl on the stove and place it on the plate,FULL_HIT,0.961711,0.006051,0.002065,0.564660,1.740170,0.009630,0.003489,2.423980,0,0
0,35,12,pick up the black bowl on the stove and place it on the plate,FULL_HIT,0.959722,0.005280,0.002218,0.319244,1.856407,0.010895,0.004337,2.291770,0,0
0,35,13,pick up the black bowl on the stove and place it on the plate,FULL_HIT,0.977620,0.005236,0.001749,0.469101,1.498037,0.008573,0.003531,2.074055,0,0
0,35,14,pick up the black bowl on the stove and place it on the plate,FULL_HIT,0.983649,0.005122,0.002022,0.305397,1.445356,0.008950,0.003081,1.851794,0,0
0,35,15,pick up the black bowl on the stove and place it on the plate,FULL_HIT,0.986038,0.006098,0.001850,0.321124,1.424053,0.008314,0.003713,1.847848,0,0
0,35,16,pick up the black bowl on the stove and place it on the plate,FULL_HIT,0.985373,0.005934,0.001842,0.299972,1.422957,0.008568,0.003599,1.823921,0,0
0,35,17,pick up the black bowl on the stove and place it on the plate,FULL_HIT,0.985612,0.005430,0.001768,0.308557,1.467661,0.008716,0.003060,1.877432,0,0
0,35,18,pick up the black bowl on the stove and place it on the plate,FULL_HIT,0.985524,0.005446,0.001440,0.409765,1.475908,0.009080,0.003345,1.990260,0,0
0,35,19,pick up the black bowl on the stove and place it on the plate,FULL_HIT,0.985968,0.005323,0.001767,0.296401,1.452514,0.008951,0.003766,1.848317,0,0
0,35,20,pick up the black bowl on the stove and place it on the plate,FULL_HIT,0.986491,0.005431,0.001750,0.292864,1.475436,0.008916,0.003980,1.868366,0,0
0,35,21,pick up the black bowl on the stove and place it on the plate,FULL_HIT,0.986134,0.005555,0.001845,0.730918,1.852078,0.009484,0.004295,2.730336,0,0
0,35,22,pick up the black bowl on the stove and place it on the plate,FULL_HIT,0.985665,0.005927,0.002091,0.556793,1.780712,0.010123,0.004519,2.460609,0,0
0,36,0,pick up the black bowl on the stove and place it on the plate,FULL_HIT,0.988775,0.005153,0.001824,0.570859,1.405218,0.009222,0.004401,2.087288,0,0
0,36,1,pick up the black bowl on the stove and place it on the plate,FULL_HIT,0.988695,0.005702,0.002124,0.342828,2.330057,0.010460,0.004534,2.790686,0,0
0,36,2,pick up the black bowl on the stove and place it on the plate,FULL_HIT,0.988663,0.005612,0.001834,0.395580,1.523801,0.009700,0.003993,2.028398,0,0
0,36,3,pick up the black bowl on the stove and place it on the plate,FULL_HIT,0.988533,0.006762,0.002332,0.585542,2.439463,0.013790,0.005389,3.177793,0,0
0,36,4,pick up the black bowl on the stove and place it on the plate,FULL_HIT,0.988165,0.006700,0.002748,0.706183,2.221824,0.013222,0.005505,3.075568,0,0
0,36,5,pick up the black bowl on the stove and place it on the plate,FULL_HIT,0.988191,0.006411,0.001744,0.578585,2.019528,0.011862,0.005302,2.739817,0,0
0,36,6,pick up the black bowl on the stove and place it on the plate,FULL_HIT,0.987916,0.006140,0.001939,0.544241,2.235224,0.012170,0.005751,2.916599,0,0
0,36,7,pick up the black bowl on the stove and place it on the plate,FULL_HIT,0.987862,0.005838,0.001909,0.456666,1.760752,0.009850,0.004065,2.353308,0,0
0,36,8,pick up the black bowl on the stove and place it on the plate,FULL_HIT,0.986221,0.005567,0.002002,0.519577,1.959224,0.010372,0.005301,2.621491,0,0
0,36,9,pick up the black bowl on the stove and place it on the plate,FULL_HIT,0.985205,0.005574,0.001912,0.410489,2.046642,0.010153,0.004744,2.574484,0,0
0,36,10,pick up the black bowl on the stove and place it on the plate,FULL_HIT,0.986942,0.006966,0.002099,0.705067,2.029334,0.011774,0.004067,2.874701,0,0
0,36,11,pick up the black bowl on the stove and place it on the plate,FULL_HIT,0.986889,0.006093,0.002071,0.473376,2.123435,0.012182,0.005781,2.731784,0,0
0,36,12,pick up the black bowl on the stove and place it on the plate,FULL_HIT,0.986806,0.009746,0.002893,0.939541,3.570068,0.015709,0.007341,4.712109,0,0
0,36,13,pick up the black bowl on the stove and place it on the plate,FULL_HIT,0.986405,0.006548,0.001941,0.446858,1.894715,0.011222,0.005102,2.467833,0,0
0,36,14,pick up the black bowl on the stove and place it on the plate,FULL_HIT,0.986505,0.006261,0.001941,0.538962,2.197342,0.012523,0.004888,2.869417,0,0
0,36,15,pick up the black bowl on the stove and place it on the plate,FULL_HIT,0.986822,0.005682,0.001762,0.409689,1.720787,0.009704,0.004070,2.249044,0,0
0,36,16,pick up the black bowl on the stove and place it on the plate,FULL_HIT,0.987114,0.005681,0.001959,0.307354,1.551939,0.008850,0.004006,1.962505,0,0
0,36,17,pick up the black bowl on the stove and place it on the plate,FULL_HIT,0.987392,0.005474,0.001963,0.467575,1.724186,0.009134,0.004642,2.311211,0,0
0,36,18,pick up the black bowl on the stove and place it on the plate,FULL_HIT,0.987529,0.005092,0.001878,0.315937,1.982937,0.010507,0.005119,2.419660,0,0
0,36,19,pick up the black bowl on the stove and place it on the plate,FULL_HIT,0.987754,0.007070,0.002371,0.723865,2.251436,0.010398,0.004102,3.108287,0,0
0,36,20,pick up the black bowl on the stove and place it on the plate,FULL_HIT,0.987846,0.005990,0.002898,0.500145,1.893321,0.010583,0.003671,2.556543,0,0
0,36,21,pick up the black bowl on the stove and place it on the plate,FULL_HIT,0.987536,0.006535,0.002157,0.386491,2.054401,0.012338,0.004283,2.569514,0,0
0,36,22,pick up the black bowl on the stove and place it on the plate,FULL_HIT,0.987598,0.006198,0.002462,0.543172,2.565738,0.030779,0.004625,3.260671,0,0
0,37,0,pick up the black bowl on the stove and place it on the plate,FULL_HIT,0.988720,0.006245,0.001976,0.521054,2.002916,0.009391,0.004115,2.645646,0,0
0,37,1,pick up the black bowl on the stove and place it on the plate,FULL_HIT,0.988402,0.005588,0.002194,0.351780,1.518759,0.008481,0.003559,1.978497,0,0
0,37,2,pick up the black bowl on the stove and place it on the plate,FULL_HIT,0.988210,0.005594,0.001771,0.678029,2.094371,0.012244,0.005066,2.911537,0,0
0,37,3,pick up the black bowl on the stove and place it on the plate,FULL_HIT,0.988348,0.006419,0.001992,0.817411,1.734912,0.009654,0.004358,2.677919,0,0
0,37,4,pick up the black bowl on the stove and place it on the plate,FULL_HIT,0.988354,0.006047,0.002071,0.532376,1.746732,0.009351,0.003548,2.405298,0,0
0,37,5,pick up the black bowl on the stove and place it on the plate,FULL_HIT,0.988292,0.005287,0.001939,0.416848,1.499441,0.009452,0.003596,2.023979,0,0
0,37,6,pick up the black bowl on the stove and place it on the plate,FULL_HIT,0.987307,0.005965,0.001991,0.378855,1.444888,0.008764,0.004059,1.926318,0,0
0,37,7,pick up the black bowl on the stove and place it on the plate,FULL_HIT,0.985787,0.007057,0.002520,0.636457,1.846269,0.011325,0.004846,2.645166,0,0
0,37,8,pick up the black bowl on the stove and place it on the plate,FULL_HIT,0.984958,0.006796,0.002731,0.551226,2.488604,0.011036,0.007099,3.225465,0,0
0,37,9,pick up the black bowl on the stove and place it on the plate,FULL_HIT,0.979454,0.005423,0.002130,0.350319,1.559678,0.009595,0.004361,2.015179,0,0
0,37,10,pick up the black bowl on the stove and place it on the plate,FULL_HIT,0.983587,0.006106,0.001998,0.388180,2.266963,0.011286,0.005091,2.780727,0,0
0,37,11,pick up the black bowl on the stove and place it on the plate,FULL_HIT,0.984764,0.006709,0.001759,0.416113,1.693574,0.013079,0.005791,2.275525,0,0
0,37,12,pick up the black bowl on the stove and place it on the plate,FULL_HIT,0.983689,0.005823,0.001722,0.442915,1.472851,0.009540,0.004229,2.024843,0,0
0,37,13,pick up the black bowl on the stove and place it on the plate,FULL_HIT,0.979980,0.006243,0.001799,0.490599,1.806441,0.010418,0.004392,2.435333,0,0
0,37,14,pick up the black bowl on the stove and place it on the plate,FULL_HIT,0.978131,0.006723,0.002076,0.525136,1.841304,0.010571,0.004174,2.487088,0,0
0,37,15,pick up the black bowl on the stove and place it on the plate,FULL_HIT,0.977503,0.005541,0.001920,0.353656,1.586218,0.010052,0.004054,2.050486,0,0
0,37,16,pick up the black bowl on the stove and place it on the plate,FULL_HIT,0.976331,0.006369,0.002183,0.472656,1.720258,0.010334,0.004451,2.316067,0,0
0,37,17,pick up the black bowl on the stove and place it on the plate,FULL_HIT,0.977627,0.005068,0.001829,0.341600,1.568327,0.010014,0.004358,2.020095,0,0
0,37,18,pick up the black bowl on the stove and place it on the plate,FULL_HIT,0.979992,0.005550,0.001927,0.455084,1.598400,0.008166,0.003350,2.159820,0,0
0,37,19,pick up the black bowl on the stove and place it on the plate,FULL_HIT,0.980785,0.006450,0.002304,0.598416,2.394393,0.010677,0.005147,3.130812,0,0
0,37,20,pick up the black bowl on the stove and place it on the plate,FULL_HIT,0.981521,0.005919,0.001919,0.371419,1.666487,0.010111,0.004226,2.153079,0,0
0,37,21,pick up the black bowl on the stove and place it on the plate,FULL_HIT,0.981441,0.005772,0.001601,0.513021,1.518069,0.010000,0.003946,2.145986,0,0
0,37,22,pick up the black bowl on the stove and place it on the plate,FULL_HIT,0.980682,0.005385,0.001800,0.440702,2.034207,0.010627,0.004509,2.596754,0,0
0,37,23,pick up the black bowl on the stove and place it on the plate,FULL_HIT,0.979907,0.005551,0.001892,0.350976,1.452738,0.008633,0.003686,1.909744,0,0
0,37,24,pick up the black bowl on the stove and place it on the plate,FULL_HIT,0.975796,0.005285,0.001773,0.427233,1.720522,0.009935,0.004067,2.268260,0,0
0,38,0,pick up the black bowl on the stove and place it on the plate,FULL_HIT,0.988741,0.006177,0.002030,0.401962,1.787341,0.009673,0.003577,2.310998,0,0
0,38,1,pick up the black bowl on the stove and place it on the plate,FULL_HIT,0.988308,0.005679,0.001916,0.494862,1.838311,0.010213,0.003906,2.449677,0,0
0,38,2,pick up the black bowl on the stove and place it on the plate,FULL_HIT,0.988198,0.005517,0.002008,0.371570,1.638025,0.010056,0.004478,2.126616,0,0
0,38,3,pick up the black bowl on the stove and place it on the plate,FULL_HIT,0.987915,0.006048,0.002010,0.375732,1.620486,0.010665,0.004355,2.113639,0,0
0,38,4,pick up the black bowl on the stove and place it on the plate,FULL_HIT,0.987836,0.005694,0.002173,0.569959,1.908295,0.011468,0.004777,2.609212,0,0
0,38,5,pick up the black bowl on the stove and place it on the plate,FULL_HIT,0.987802,0.005407,0.002084,0.372399,1.970186,0.009805,0.005062,2.456599,0,0
0,38,6,pick up the black bowl on the stove and place it on the plate,FULL_HIT,0.987856,0.005363,0.002054,0.403050,2.062009,0.009270,0.003582,2.583773,0,0
0,38,7,pick up the black bowl on the stove and place it on the plate,FULL_HIT,0.984183,0.006507,0.002034,0.646690,3.144710,0.010874,0.005136,3.931614,0,0
0,38,8,pick up the black bowl on the stove and place it on the plate,FULL_HIT,0.980924,0.005386,0.002047,0.368770,1.505910,0.010439,0.003558,1.984582,0,0
0,38,9,pick up the black bowl on the stove and place it on the plate,FULL_HIT,0.984763,0.005607,0.001811,0.361858,1.755730,0.011742,0.003900,2.238077,0,0
0,38,10,pick up the black bowl on the stove and place it on the plate,FULL_HIT,0.983872,0.006725,0.001994,0.416558,1.827084,0.010044,0.004535,2.363135,0,0
0,38,11,pick up the black bowl on the stove and place it on the plate,FULL_HIT,0.983842,0.005240,0.001875,0.382372,1.546386,0.009944,0.003319,2.039790,0,0
0,38,12,pick up the black bowl on the stove and place it on the plate,FULL_HIT,0.982690,0.006744,0.001835,0.373708,1.674361,0.009808,0.004439,2.161669,0,0
0,38,13,pick up the black bowl on the stove and place it on the plate,FULL_HIT,0.984977,0.005925,0.002581,0.409095,1.539681,0.009156,0.003540,2.067600,0,0
0,38,14,pick up the black bowl on the stove and place it on the plate,FULL_HIT,0.985326,0.006785,0.002136,0.472065,1.612528,0.008688,0.003224,2.206100,0,0
0,38,15,pick up the black bowl on the stove and place it on the plate,FULL_HIT,0.986423,0.005692,0.001831,0.428563,1.763337,0.009503,0.004044,2.307443,0,0
0,38,16,pick up the black bowl on the stove and place it on the plate,FULL_HIT,0.985500,0.005784,0.002406,0.537353,1.866551,0.010556,0.004335,2.526989,0,0
0,38,17,pick up the black bowl on the stove and place it on the plate,FULL_HIT,0.985111,0.007008,0.002199,0.515011,1.781243,0.009726,0.003870,2.418095,0,0
0,38,18,pick up the black bowl on the stove and place it on the plate,FULL_HIT,0.985319,0.011236,0.004025,0.696521,1.762830,0.010258,0.004194,2.618167,0,0
0,38,19,pick up the black bowl on the stove and place it on the plate,FULL_HIT,0.985648,0.006523,0.002106,0.800692,1.883514,0.011087,0.004926,2.821500,0,0
0,38,20,pick up the black bowl on the stove and place it on the plate,FULL_HIT,0.986164,0.005296,0.015675,0.350967,1.591561,0.010140,0.003751,2.073532,0,0
0,38,21,pick up the black bowl on the stove and place it on the plate,FULL_HIT,0.986197,0.006351,0.001978,0.359749,1.640332,0.008942,0.004004,2.110072,0,0
0,38,22,pick up the black bowl on the stove and place it on the plate,FULL_HIT,0.985731,0.006035,0.002043,0.469338,1.468652,0.009572,0.004036,2.056332,0,0
0,38,23,pick up the black bowl on the stove and place it on the plate,FULL_HIT,0.985643,0.006910,0.002048,0.658621,2.257472,0.012728,0.005093,3.056531,0,0
0,38,24,pick up the black bowl on the stove and place it on the plate,FULL_HIT,0.984453,0.006295,0.001967,0.478077,1.524024,0.010038,0.004132,2.123046,0,0
0,38,25,pick up the black bowl on the stove and place it on the plate,FULL_HIT,0.985565,0.006034,0.002001,0.558796,1.911684,0.011684,0.004308,2.599915,0,0
0,39,0,pick up the black bowl on the stove and place it on the plate,FULL_HIT,0.988388,0.005847,0.002274,0.565741,2.201515,0.012564,0.004856,2.904482,0,0
0,39,1,pick up the black bowl on the stove and place it on the plate,FULL_HIT,0.987790,0.005679,0.002119,0.431955,1.680628,0.010024,0.003796,2.227156,0,0
0,39,2,pick up the black bowl on the stove and place it on the plate,FULL_HIT,0.986910,0.005587,0.001930,0.457496,2.291410,0.012829,0.005339,3.044489,0,0
0,39,3,pick up the black bowl on the stove and place it on the plate,FULL_HIT,0.986832,0.005640,0.001946,0.393718,1.702183,0.010309,0.004605,2.215167,0,0
0,39,4,pick up the black bowl on the stove and place it on the plate,FULL_HIT,0.986983,0.005890,0.001706,0.410660,1.621560,0.010166,0.004081,2.148697,0,0
0,39,5,pick up the black bowl on the stove and place it on the plate,FULL_HIT,0.987049,0.006269,0.001893,0.637830,1.583885,0.009489,0.003716,2.334763,0,0
0,39,6,pick up the black bowl on the stove and place it on the plate,FULL_HIT,0.985543,0.005149,0.001639,0.353738,1.424144,0.009056,0.003760,1.885460,0,0
0,39,7,pick up the black bowl on the stove and place it on the plate,FULL_HIT,0.976080,0.005691,0.001888,0.506899,1.654528,0.032509,0.005110,2.309367,0,0
0,39,8,pick up the black bowl on the stove and place it on the plate,FULL_HIT,0.965828,0.006371,0.002028,0.473656,1.875290,0.011483,0.004037,2.477950,0,0
0,39,9,pick up the black bowl on the stove and place it on the plate,FULL_HIT,0.977221,0.006027,0.002089,0.400818,1.662290,0.009138,0.003951,2.170422,0,0
0,39,10,pick up the black bowl on the stove and place it on the plate,FULL_HIT,0.980742,0.006301,0.002166,0.532369,2.314533,0.012981,0.006381,2.993285,0,0
0,39,11,pick up the black bowl on the stove and place it on the plate,FULL_HIT,0.982849,0.005131,0.002015,0.317848,1.473257,0.009376,0.003679,1.892275,0,0
0,39,12,pick up the black bowl on the stove and place it on the plate,FULL_HIT,0.982622,0.006116,0.001894,0.523052,1.915577,0.011843,0.004431,2.564003,0,0
0,39,13,pick up the black bowl on the stove and place it on the plate,FULL_HIT,0.980527,0.006800,0.002605,0.495079,2.066633,0.011281,0.004537,2.697986,0,0
0,39,14,pick up the black bowl on the stove and place it on the plate,FULL_HIT,0.981089,0.008840,0.002696,0.546647,1.711691,0.010430,0.003720,2.412676,0,0
0,39,15,pick up the black bowl on the stove and place it on the plate,FULL_HIT,0.981561,0.005662,0.001698,0.520213,1.685865,0.010651,0.004008,2.331549,0,0
0,39,16,pick up the black bowl on the stove and place it on the plate,FULL_HIT,0.981127,0.005303,0.001813,0.355125,1.482855,0.009765,0.003523,1.946519,0,0
0,39,17,pick up the black bowl on the stove and place it on the plate,FULL_HIT,0.979890,0.005540,0.001928,0.428060,1.848604,0.011182,0.003841,2.396382,0,0
0,39,18,pick up the black bowl on the stove and place it on the plate,FULL_HIT,0.980556,0.006237,0.001849,0.342266,1.831166,0.010355,0.004738,2.294801,0,0
0,39,19,pick up the black bowl on the stove and place it on the plate,FULL_HIT,0.980422,0.005715,0.001957,0.313182,1.482289,0.007879,0.004054,1.925710,0,0
0,39,20,pick up the black bowl on the stove and place it on the plate,FULL_HIT,0.981059,0.006059,0.001611,0.325318,1.858921,0.011950,0.004568,2.305177,0,0
0,39,21,pick up the black bowl on the stove and place it on the plate,FULL_HIT,0.981892,0.005917,0.001731,0.433961,1.578167,0.010127,0.003344,2.127223,0,0
0,39,22,pick up the black bowl on the stove and place it on the plate,FULL_HIT,0.982591,0.007570,0.002767,0.681207,1.901991,0.010855,0.004317,2.726889,0,0
0,39,23,pick up the black bowl on the stove and place it on the plate,FULL_HIT,0.982299,0.022985,0.002036,0.448290,1.650982,0.008855,0.003839,2.227192,0,0
0,39,24,pick up the black bowl on the stove and place it on the plate,FULL_HIT,0.981784,0.005533,0.001940,0.427597,1.530524,0.008802,0.004618,2.066541,0,0
0,39,25,pick up the black bowl on the stove and place it on the plate,FULL_HIT,0.980528,0.007639,0.002446,0.453958,2.472280,0.011243,0.004843,3.059508,0,0
0,39,26,pick up the black bowl on the stove and place it on the plate,FULL_HIT,0.981083,0.004977,0.001729,0.375812,1.623919,0.010539,0.004896,2.112300,0,0
0,2,0,pick up the black bowl next to the plate and place it on the plate,FULL_HIT,0.988942,0.007637,0.002690,1.185575,1.956173,0.011460,0.003847,3.323613,0,0
0,2,1,pick up the black bowl next to the plate and place it on the plate,FULL_HIT,0.988534,0.006963,0.002855,0.528984,2.009350,0.010061,0.003910,2.679183,0,0
0,2,2,pick up the black bowl next to the plate and place it on the plate,FULL_HIT,0.987716,0.006018,0.002108,0.652346,2.229635,0.011338,0.005713,3.042106,0,0
0,2,3,pick up the black bowl next to the plate and place it on the plate,FULL_HIT,0.986370,0.006502,0.001870,0.675382,2.070490,0.010996,0.004851,2.878394,0,0
0,2,4,pick up the black bowl next to the plate and place it on the plate,FULL_HIT,0.985721,0.008878,0.002635,0.646994,2.557102,0.013329,0.005988,3.378613,0,0
0,2,5,pick up the black bowl next to the plate and place it on the plate,FULL_HIT,0.985917,0.013203,0.003580,0.828575,2.071752,0.009924,0.005090,3.099123,0,0
0,2,6,pick up the black bowl next to the plate and place it on the plate,FULL_HIT,0.985366,0.005607,0.001550,0.455092,2.014763,0.024656,0.004065,2.603976,0,0
0,2,7,pick up the black bowl next to the plate and place it on the plate,FULL_HIT,0.985026,0.006918,0.002147,0.572726,2.072338,0.011680,0.004777,2.781045,0,0
0,2,8,pick up the black bowl next to the plate and place it on the plate,FULL_HIT,0.985112,0.007310,0.001788,0.499471,1.797332,0.009335,0.003756,2.419649,0,0
0,2,9,pick up the black bowl next to the plate and place it on the plate,FULL_HIT,0.984193,0.006259,0.001717,0.367941,1.612000,0.009503,0.003846,2.094783,0,0
0,2,10,pick up the black bowl next to the plate and place it on the plate,FULL_HIT,0.980862,0.007513,0.001917,0.456580,1.891395,0.010815,0.005040,2.475254,0,0
0,2,11,pick up the black bowl next to the plate and place it on the plate,FULL_HIT,0.976205,0.005976,0.001840,0.348673,1.828626,0.009667,0.004263,2.293656,0,0
0,2,12,pick up the black bowl next to the plate and place it on the plate,FULL_HIT,0.983249,0.005608,0.001968,0.378215,1.472274,0.009230,0.003922,1.981984,0,0
0,2,13,pick up the black bowl next to the plate and place it on the plate,FULL_HIT,0.984428,0.005893,0.001637,0.329513,2.339110,0.012806,0.006791,2.800223,0,0
0,2,14,pick up the black bowl next to the plate and place it on the plate,FULL_HIT,0.986158,0.005551,0.001658,0.418640,1.646479,0.010726,0.003917,2.191280,0,0
0,2,15,pick up the black bowl next to the plate and place it on the plate,FULL_HIT,0.986301,0.006698,0.002189,0.480024,1.679314,0.009613,0.003890,2.280772,0,0
0,2,16,pick up the black bowl next to the plate and place it on the plate,FULL_HIT,0.986345,0.006244,0.002278,0.497257,1.825345,0.009954,0.004767,2.449112,0,0
0,2,17,pick up the black bowl next to the plate and place it on the plate,FULL_HIT,0.987575,0.005045,0.001872,0.374629,1.634508,0.009605,0.003937,2.114217,0,0
0,2,18,pick up the black bowl next to the plate and place it on the plate,FULL_HIT,0.966432,0.006467,0.002365,0.542844,2.070862,0.010896,0.004370,2.764844,0,0
0,2,19,pick up the black bowl next to the plate and place it on the plate,FULL_HIT,0.974971,0.005525,0.002661,0.301669,1.758079,0.010032,0.005277,2.236343,0,0
0,2,20,pick up the black bowl next to the plate and place it on the plate,FULL_HIT,0.932366,0.006454,0.001968,0.349303,1.595407,0.009944,0.003783,2.083532,0,0
0,2,21,pick up the black bowl next to the plate and place it on the plate,FULL_HIT,0.954259,0.005784,0.001734,0.420190,1.818076,0.010160,0.003685,2.351945,0,0
0,2,22,pick up the black bowl next to the plate and place it on the plate,FULL_HIT,0.964312,0.005436,0.002039,0.382434,1.582467,0.008960,0.003795,2.075623,0,0
0,2,23,pick up the black bowl next to the plate and place it on the plate,FULL_HIT,0.971319,0.005864,0.001735,0.378429,1.578081,0.009276,0.003960,2.065131,0,0
0,2,24,pick up the black bowl next to the plate and place it on the plate,FULL_HIT,0.964011,0.006259,0.001929,0.380559,1.669544,0.009389,0.003743,2.186962,0,0
0,2,25,pick up the black bowl next to the plate and place it on the plate,FULL_HIT,0.960300,0.005839,0.002229,0.440928,2.228162,0.010021,0.004292,2.808943,0,0
0,2,26,pick up the black bowl next to the plate and place it on the plate,FULL_HIT,0.940287,0.005185,0.001557,0.317501,1.609348,0.008488,0.003924,2.030939,0,0
0,2,27,pick up the black bowl next to the plate and place it on the plate,FULL_HIT,0.947080,0.006328,0.001975,0.444373,1.842971,0.009932,0.003812,2.404004,0,0
0,2,28,pick up the black bowl next to the plate and place it on the plate,FULL_HIT,0.929573,0.006068,0.001791,0.407796,1.805429,0.010801,0.004725,2.333518,0,0
0,2,29,pick up the black bowl next to the plate and place it on the plate,FULL_HIT,0.909330,0.005478,0.001844,0.721880,1.846402,0.009612,0.003805,2.691807,0,0
0,2,30,pick up the black bowl next to the plate and place it on the plate,FULL_HIT,0.954610,0.007695,0.002296,0.534068,2.014119,0.010526,0.004324,2.679799,0,0
0,2,31,pick up the black bowl next to the plate and place it on the plate,FULL_HIT,0.965565,0.005215,0.001920,0.359921,1.481482,0.008824,0.003736,1.947300,0,0
0,2,32,pick up the black bowl next to the plate and place it on the plate,FULL_HIT,0.974234,0.005768,0.001681,0.367572,1.560282,0.009033,0.003000,2.037690,0,0
0,2,33,pick up the black bowl next to the plate and place it on the plate,FULL_HIT,0.974223,0.005665,0.001892,0.464343,1.508928,0.009016,0.003552,2.078258,0,0
0,2,34,pick up the black bowl next to the plate and place it on the plate,FULL_HIT,0.973835,0.005809,0.001666,0.313604,1.527964,0.009715,0.003856,1.941884,0,0
0,2,35,pick up the black bowl next to the plate and place it on the plate,FULL_HIT,0.973327,0.005394,0.001900,0.341968,1.469606,0.009203,0.003595,1.919365,0,0
0,2,36,pick up the black bowl next to the plate and place it on the plate,FULL_HIT,0.974032,0.006484,0.002041,0.834424,3.620726,0.014212,0.006282,4.611767,0,0
0,2,37,pick up the black bowl next to the plate and place it on the plate,FULL_HIT,0.970313,0.005621,0.002340,0.386580,1.544990,0.009968,0.003575,2.047122,0,0
0,2,38,pick up the black bowl next to the plate and place it on the plate,FULL_HIT,0.963109,0.005276,0.001596,0.372679,2.239856,0.010837,0.004668,2.735876,0,0
0,2,39,pick up the black bowl next to the plate and place it on the plate,FULL_HIT,0.970436,0.006534,0.002229,0.484092,2.015908,0.010746,0.004605,2.636717,0,0
0,2,40,pick up the black bowl next to the plate and place it on the plate,FULL_HIT,0.965503,0.005514,0.001713,0.304631,1.643675,0.010154,0.004424,2.060142,0,0
0,2,41,pick up the black bowl next to the plate and place it on the plate,FULL_HIT,0.974172,0.005380,0.001852,0.308660,1.522878,0.009803,0.004763,1.962529,0,0
0,2,42,pick up the black bowl next to the plate and place it on the plate,FULL_HIT,0.978255,0.005572,0.001780,0.442302,1.497600,0.008843,0.003913,2.049751,0,0
0,2,43,pick up the black bowl next to the plate and place it on the plate,FULL_HIT,0.977055,0.006549,0.001850,0.363035,2.177127,0.011991,0.003583,2.707278,0,0
0,41,0,pick up the black bowl next to the plate and place it on the plate,FULL_HIT,0.986718,0.005014,0.001561,0.320609,1.437331,0.008475,0.003171,1.857231,0,0
0,41,1,pick up the black bowl next to the plate and place it on the plate,FULL_HIT,0.985878,0.005613,0.001963,0.476498,1.725545,0.009096,0.003637,2.314998,0,0
0,41,2,pick up the black bowl next to the plate and place it on the plate,FULL_HIT,0.985887,0.005424,0.001693,0.289638,1.483158,0.008558,0.003564,1.871445,0,0
0,41,3,pick up the black bowl next to the plate and place it on the plate,FULL_HIT,0.984057,0.005412,0.001839,0.363421,1.499756,0.009395,0.004073,1.981141,0,0
0,41,4,pick up the black bowl next to the plate and place it on the plate,FULL_HIT,0.983078,0.004854,0.001832,0.312540,2.201390,0.008829,0.003984,2.615697,0,0
0,41,5,pick up the black bowl next to the plate and place it on the plate,FULL_HIT,0.983292,0.005061,0.001794,0.289351,1.753762,0.009854,0.004407,2.154773,0,0
0,41,6,pick up the black bowl next to the plate and place it on the plate,FULL_HIT,0.985417,0.005229,0.001749,0.379069,1.562525,0.008591,0.003116,2.046402,0,0
0,41,7,pick up the black bowl next to the plate and place it on the plate,FULL_HIT,0.985380,0.005154,0.001943,0.319581,1.649705,0.008862,0.003323,2.070717,0,0
0,41,8,pick up the black bowl next to the plate and place it on the plate,FULL_HIT,0.985664,0.005919,0.002006,0.448788,1.931166,0.011069,0.004120,2.502447,0,0
0,41,9,pick up the black bowl next to the plate and place it on the plate,FULL_HIT,0.984982,0.021308,0.002093,0.423610,1.928463,0.010771,0.003880,2.483184,0,0
0,41,10,pick up the black bowl next to the plate and place it on the plate,FULL_HIT,0.985225,0.004832,0.001688,0.292602,1.539625,0.008794,0.003519,1.926534,0,0
0,41,11,pick up the black bowl next to the plate and place it on the plate,FULL_HIT,0.982693,0.004553,0.001588,0.287784,1.573484,0.009068,0.003075,1.957648,0,0
0,41,12,pick up the black bowl next to the plate and place it on the plate,FULL_HIT,0.983061,0.006178,0.002015,0.529094,2.077563,0.013182,0.004044,2.749340,0,0
0,41,13,pick up the black bowl next to the plate and place it on the plate,FULL_HIT,0.982750,0.005399,0.001838,0.363505,1.770297,0.021690,0.004250,2.261308,0,0
0,41,14,pick up the black bowl next to the plate and place it on the plate,FULL_HIT,0.981254,0.005609,0.002012,0.316539,1.536646,0.009616,0.043540,2.065087,0,0
0,41,15,pick up the black bowl next to the plate and place it on the plate,FULL_HIT,0.979346,0.005393,0.001940,0.397817,1.818248,0.010633,0.004569,2.332706,0,0
0,41,16,pick up the black bowl next to the plate and place it on the plate,FULL_HIT,0.981337,0.005375,0.001913,0.500849,1.567910,0.008967,0.003891,2.177196,0,0
0,41,17,pick up the black bowl next to the plate and place it on the plate,FULL_HIT,0.984756,0.005593,0.001704,0.444427,1.509516,0.008878,0.003607,2.062605,0,0
0,41,18,pick up the black bowl next to the plate and place it on the plate,FULL_HIT,0.984493,0.005601,0.001799,0.420282,1.687060,0.009772,0.003857,2.238742,0,0
0,42,0,pick up the black bowl next to the plate and place it on the plate,FULL_HIT,0.988839,0.004997,0.001847,0.306725,1.567430,0.008503,0.003810,1.977306,0,0
0,42,1,pick up the black bowl next to the plate and place it on the plate,FULL_HIT,0.988613,0.005133,0.001856,0.298389,1.666284,0.008940,0.003878,2.086809,0,0
0,42,2,pick up the black bowl next to the plate and place it on the plate,FULL_HIT,0.988422,0.006640,0.002087,0.400637,1.625129,0.009148,0.003884,2.138818,0,0
0,42,3,pick up the black bowl next to the plate and place it on the plate,FULL_HIT,0.987328,0.005848,0.001758,0.345045,1.551132,0.008945,0.007386,2.218425,0,0
0,42,4,pick up the black bowl next to the plate and place it on the plate,FULL_HIT,0.985960,0.005297,0.001501,0.302016,1.520600,0.008823,0.003910,1.921383,0,0
0,42,5,pick up the black bowl next to the plate and place it on the plate,FULL_HIT,0.985739,0.005245,0.001848,0.290433,1.667502,0.008636,0.003820,2.060044,0,0
0,42,6,pick up the black bowl next to the plate and place it on the plate,FULL_HIT,0.985531,0.005510,0.001756,0.316789,1.522779,0.009157,0.004528,1.948969,0,0
0,42,7,pick up the black bowl next to the plate and place it on the plate,FULL_HIT,0.986132,0.005230,0.001613,0.332325,1.529390,0.009144,0.003754,1.967185,0,0
0,42,8,pick up the black bowl next to the plate and place it on the plate,FULL_HIT,0.986191,0.005626,0.001548,0.287733,1.681067,0.009894,0.003368,2.071854,0,0
0,42,9,pick up the black bowl next to the plate and place it on the plate,FULL_HIT,0.984893,0.009665,0.002274,0.332644,2.105306,0.010334,0.003763,2.642087,0,0
0,42,10,pick up the black bowl next to the plate and place it on the plate,FULL_HIT,0.978506,0.004783,0.001524,0.325548,1.613394,0.009701,0.003366,2.045403,0,0
0,42,11,pick up the black bowl next to the plate and place it on the plate,FULL_HIT,0.982265,0.005439,0.001814,0.320594,1.493619,0.010133,0.004138,1.924120,0,0
0,42,12,pick up the black bowl next to the plate and place it on the plate,FULL_HIT,0.982810,0.005821,0.002317,0.789592,1.972707,0.011881,0.004066,2.893705,0,0
0,42,13,pick up the black bowl next to the plate and place it on the plate,FULL_HIT,0.984484,0.005560,0.001785,0.458145,1.559574,0.009298,0.003816,2.126528,0,0
0,42,14,pick up the black bowl next to the plate and place it on the plate,FULL_HIT,0.985636,0.005560,0.001964,0.373073,1.985381,0.014478,0.004909,2.488924,0,0
0,42,15,pick up the black bowl next to the plate and place it on the plate,FULL_HIT,0.986913,0.005447,0.002107,0.392806,1.941987,0.010534,0.004155,2.455947,0,0
0,42,16,pick up the black bowl next to the plate and place it on the plate,FULL_HIT,0.986234,0.005357,0.002023,0.333219,1.506859,0.008614,0.003310,1.942698,0,0
0,43,0,pick up the black bowl next to the plate and place it on the plate,FULL_HIT,0.987638,0.005023,0.001880,0.711615,1.797268,0.008549,0.003887,2.643051,0,0
0,43,1,pick up the black bowl next to the plate and place it on the plate,FULL_HIT,0.986828,0.005555,0.001550,0.276477,1.488078,0.008303,0.003058,1.859934,0,0
0,43,2,pick up the black bowl next to the plate and place it on the plate,FULL_HIT,0.986019,0.004569,0.001887,0.343069,1.452803,0.008082,0.003727,1.896099,0,0
0,43,3,pick up the black bowl next to the plate and place it on the plate,FULL_HIT,0.985669,0.004724,0.001771,0.272621,1.526585,0.007656,0.003600,1.890014,0,0
0,43,4,pick up the black bowl next to the plate and place it on the plate,FULL_HIT,0.986428,0.005641,0.001894,0.353208,1.590359,0.008922,0.003243,2.050110,0,0
0,43,5,pick up the black bowl next to the plate and place it on the plate,FULL_HIT,0.986352,0.005714,0.001506,0.354369,2.275327,0.013391,0.004941,2.761738,0,0
0,43,6,pick up the black bowl next to the plate and place it on the plate,FULL_HIT,0.984725,0.005268,0.001675,0.317941,1.543579,0.008643,0.003833,1.964511,0,0
0,43,7,pick up the black bowl next to the plate and place it on the plate,FULL_HIT,0.982680,0.006078,0.002111,0.459673,1.914041,0.010366,0.003761,2.490241,0,0
0,43,8,pick up the black bowl next to the plate and place it on the plate,FULL_HIT,0.981865,0.005980,0.002397,0.409511,1.675274,0.009148,0.003361,2.203318,0,0
0,43,9,pick up the black bowl next to the plate and place it on the plate,FULL_HIT,0.983150,0.004853,0.001836,0.321201,1.832904,0.010102,0.003851,2.267609,0,0
0,43,10,pick up the black bowl next to the plate and place it on the plate,FULL_HIT,0.982137,0.005189,0.001866,0.340326,1.732804,0.008801,0.003283,2.176140,0,0
0,43,11,pick up the black bowl next to the plate and place it on the plate,FULL_HIT,0.957316,0.006606,0.002207,0.651003,2.740033,0.016056,0.006354,3.551041,0,0
0,43,12,pick up the black bowl next to the plate and place it on the plate,FULL_HIT,0.948125,0.005271,0.002201,0.322222,1.545898,0.008694,0.003465,1.970720,0,0
0,43,13,pick up the black bowl next to the plate and place it on the plate,FULL_HIT,0.961376,0.005044,0.001965,0.374217,1.725253,0.009741,0.003936,2.211959,0,0
0,43,14,pick up the black bowl next to the plate and place it on the plate,FULL_HIT,0.962569,0.004972,0.001726,0.386336,1.581228,0.008822,0.003532,2.069044,0,0
0,43,15,pick up the black bowl next to the plate and place it on the plate,FULL_HIT,0.967610,0.006397,0.001839,0.655150,1.838308,0.009282,0.003774,2.624266,0,0
0,43,16,pick up the black bowl next to the plate and place it on the plate,FULL_HIT,0.967573,0.005961,0.001805,0.358661,1.920814,0.009492,0.021351,2.412669,0,0
0,43,17,pick up the black bowl next to the plate and place it on the plate,FULL_HIT,0.965190,0.005436,0.001888,0.373492,1.752019,0.010643,0.003813,2.240448,0,0
0,43,18,pick up the black bowl next to the plate and place it on the plate,FULL_HIT,0.936951,0.007255,0.002257,0.524085,2.185140,0.010678,0.004260,2.852253,0,0
0,44,0,pick up the black bowl next to the plate and place it on the plate,FULL_HIT,0.988559,0.005750,0.001775,0.450161,1.688861,0.009660,0.004065,2.269864,0,0
0,44,1,pick up the black bowl next to the plate and place it on the plate,FULL_HIT,0.988341,0.006430,0.002036,0.436288,1.909952,0.010180,0.004142,2.464298,0,0
0,44,2,pick up the black bowl next to the plate and place it on the plate,FULL_HIT,0.987968,0.008270,0.002553,0.646362,3.009097,0.011086,0.004438,3.797931,0,0
0,44,3,pick up the black bowl next to the plate and place it on the plate,FULL_HIT,0.987469,0.005358,0.001829,0.347006,1.643582,0.009645,0.004081,2.101537,0,0
0,44,4,pick up the black bowl next to the plate and place it on the plate,FULL_HIT,0.987041,0.005912,0.002026,0.565141,1.764248,0.010559,0.005145,2.444302,0,0
0,44,5,pick up the black bowl next to the plate and place it on the plate,FULL_HIT,0.987121,0.004754,0.001920,0.294691,1.664382,0.009609,0.003885,2.061111,0,0
0,44,6,pick up the black bowl next to the plate and place it on the plate,FULL_HIT,0.986918,0.005501,0.001836,0.328851,1.572578,0.009828,0.004053,2.010158,0,0
0,44,7,pick up the black bowl next to the plate and place it on the plate,FULL_HIT,0.986763,0.006138,0.001934,0.375555,1.981554,0.024190,0.004484,2.490777,0,0
0,44,8,pick up the black bowl next to the plate and place it on the plate,FULL_HIT,0.986036,0.005517,0.001832,0.339414,1.768071,0.009855,0.004881,2.223346,0,0
0,44,9,pick up the black bowl next to the plate and place it on the plate,FULL_HIT,0.986218,0.006127,0.002077,0.407604,1.629322,0.009770,0.003978,2.178765,0,0
0,44,10,pick up the black bowl next to the plate and place it on the plate,FULL_HIT,0.986744,0.005117,0.001836,0.341804,1.752807,0.010655,0.003857,2.209125,0,0
0,44,11,pick up the black bowl next to the plate and place it on the plate,FULL_HIT,0.975203,0.006823,0.002000,0.755588,2.001468,0.009841,0.004126,2.896459,0,0
0,44,12,pick up the black bowl next to the plate and place it on the plate,FULL_HIT,0.977608,0.005202,0.001814,0.398415,1.559271,0.010226,0.003748,2.069680,0,0
0,44,13,pick up the black bowl next to the plate and place it on the plate,FULL_HIT,0.977389,0.006636,0.001925,0.617414,3.310793,0.014821,0.006113,4.100257,0,0
0,44,14,pick up the black bowl next to the plate and place it on the plate,FULL_HIT,0.976568,0.006354,0.001939,0.518541,2.666208,0.010780,0.004669,3.315587,0,0
0,44,15,pick up the black bowl next to the plate and place it on the plate,FULL_HIT,0.973779,0.006685,0.002691,0.628394,1.939032,0.010530,0.003902,2.709869,0,0
0,44,16,pick up the black bowl next to the plate and place it on the plate,FULL_HIT,0.975204,0.005593,0.001543,0.490958,1.839496,0.009272,0.003233,2.447993,0,0
0,44,17,pick up the black bowl next to the plate and place it on the plate,FULL_HIT,0.975553,0.005456,0.001619,0.379334,2.564328,0.011016,0.004976,3.062069,0,0
0,44,18,pick up the black bowl next to the plate and place it on the plate,FULL_HIT,0.974245,0.005517,0.001735,0.386051,2.555409,0.015522,0.007580,3.106316,0,0
0,45,0,pick up the black bowl on the wooden cabinet and place it on the plate,FULL_HIT,0.988637,0.005600,0.001953,0.339442,2.624031,0.014300,0.006349,3.101366,0,0
0,45,1,pick up the black bowl on the wooden cabinet and place it on the plate,FULL_HIT,0.987807,0.005837,0.002054,0.359737,1.456865,0.008551,0.003171,1.927204,0,0
0,45,2,pick up the black bowl on the wooden cabinet and place it on the plate,FULL_HIT,0.987175,0.005267,0.001991,0.276352,1.450263,0.007814,0.003985,1.822579,0,0
0,45,3,pick up the black bowl on the wooden cabinet and place it on the plate,FULL_HIT,0.987406,0.005739,0.001834,0.328302,1.566733,0.008310,0.003575,1.994729,0,0
0,45,4,pick up the black bowl on the wooden cabinet and place it on the plate,FULL_HIT,0.987139,0.005552,0.001707,0.341485,2.158940,0.053559,0.010290,2.706020,0,0
0,45,5,pick up the black bowl on the wooden cabinet and place it on the plate,FULL_HIT,0.987034,0.005305,0.001732,0.406820,1.459455,0.008401,0.003874,1.967843,0,0
0,45,6,pick up the black bowl on the wooden cabinet and place it on the plate,FULL_HIT,0.987753,0.005391,0.001638,0.332509,1.763816,0.012181,0.005955,2.218376,0,0
0,45,7,pick up the black bowl on the wooden cabinet and place it on the plate,FULL_HIT,0.987589,0.004746,0.001723,0.294154,1.595791,0.008642,0.004912,1.988223,0,0
0,45,8,pick up the black bowl on the wooden cabinet and place it on the plate,FULL_HIT,0.986822,0.005063,0.001918,0.647056,1.496633,0.009217,0.003398,2.247541,0,0
0,45,9,pick up the black bowl on the wooden cabinet and place it on the plate,FULL_HIT,0.967097,0.004824,0.001674,0.293373,1.494298,0.009371,0.003562,1.886692,0,0
0,45,10,pick up the black bowl on the wooden cabinet and place it on the plate,FULL_HIT,0.978503,0.006128,0.001793,0.592547,1.965935,0.010555,0.003702,2.680655,0,0
0,45,11,pick up the black bowl on the wooden cabinet and place it on the plate,FULL_HIT,0.985217,0.005483,0.001726,0.308874,1.612006,0.009835,0.003481,2.026316,0,0
0,45,12,pick up the black bowl on the wooden cabinet and place it on the plate,FULL_HIT,0.985082,0.005432,0.002082,0.531513,1.487545,0.009144,0.004622,2.127632,0,0
0,45,13,pick up the black bowl on the wooden cabinet and place it on the plate,FULL_HIT,0.984391,0.005452,0.001613,0.325608,2.545797,0.016384,0.005608,3.165148,0,0
0,45,14,pick up the black bowl on the wooden cabinet and place it on the plate,FULL_HIT,0.984737,0.005287,0.001750,0.437195,1.684862,0.008872,0.004228,2.236380,0,0
0,45,15,pick up the black bowl on the wooden cabinet and place it on the plate,FULL_HIT,0.985165,0.005729,0.002123,0.465113,1.637992,0.010205,0.003518,2.223267,0,0
0,45,16,pick up the black bowl on the wooden cabinet and place it on the plate,FULL_HIT,0.985443,0.006830,0.002207,0.545260,2.666662,0.009838,0.005824,3.346633,0,0
0,45,17,pick up the black bowl on the wooden cabinet and place it on the plate,FULL_HIT,0.985282,0.005459,0.001682,0.326633,1.487142,0.008786,0.003805,1.921175,0,0
0,45,18,pick up the black bowl on the wooden cabinet and place it on the plate,FULL_HIT,0.984702,0.005401,0.002039,0.419328,1.492610,0.010119,0.003735,2.024021,0,0
0,45,19,pick up the black bowl on the wooden cabinet and place it on the plate,FULL_HIT,0.985140,0.005667,0.001737,0.367236,1.492868,0.009050,0.004347,1.966565,0,0
0,45,20,pick up the black bowl on the wooden cabinet and place it on the plate,FULL_HIT,0.984889,0.005480,0.002028,0.405909,1.613322,0.009008,0.003049,2.123240,0,0
0,45,21,pick up the black bowl on the wooden cabinet and place it on the plate,FULL_HIT,0.985791,0.019591,0.002120,0.350253,1.899430,0.010913,0.004658,2.383072,0,0
0,45,22,pick up the black bowl on the wooden cabinet and place it on the plate,FULL_HIT,0.985214,0.007612,0.002820,0.708892,2.174295,0.011980,0.004599,3.034746,0,0
0,46,0,pick up the black bowl on the wooden cabinet and place it on the plate,FULL_HIT,0.988808,0.005948,0.001864,0.442166,1.947217,0.010821,0.004158,2.515522,0,0
0,46,1,pick up the black bowl on the wooden cabinet and place it on the plate,FULL_HIT,0.987394,0.005471,0.002400,0.526580,1.704319,0.038572,0.004541,2.385444,0,0
0,46,2,pick up the black bowl on the wooden cabinet and place it on the plate,FULL_HIT,0.985683,0.008589,0.002264,0.776804,2.534746,0.011860,0.005596,3.484809,0,0
0,46,3,pick up the black bowl on the wooden cabinet and place it on the plate,FULL_HIT,0.984257,0.005576,0.001929,0.448145,1.702039,0.009657,0.003510,2.270059,0,0
0,46,4,pick up the black bowl on the wooden cabinet and place it on the plate,FULL_HIT,0.980959,0.005509,0.001861,0.332270,3.335901,0.010624,0.004565,3.788822,0,0
0,46,5,pick up the black bowl on the wooden cabinet and place it on the plate,FULL_HIT,0.980020,0.005295,0.001987,0.369651,1.470739,0.008686,0.003608,1.943643,0,0
0,46,6,pick up the black bowl on the wooden cabinet and place it on the plate,FULL_HIT,0.979663,0.005852,0.002026,0.369463,1.480198,0.009201,0.003348,1.963252,0,0
0,46,7,pick up the black bowl on the wooden cabinet and place it on the plate,FULL_HIT,0.980663,0.005365,0.001982,0.294726,1.520997,0.009144,0.003486,1.918072,0,0
0,46,8,pick up the black bowl on the wooden cabinet and place it on the plate,FULL_HIT,0.980119,0.006439,0.002290,0.436822,1.714862,0.010272,0.004471,2.267521,0,0
0,46,9,pick up the black bowl on the wooden cabinet and place it on the plate,FULL_HIT,0.977743,0.005667,0.002049,0.422924,1.536885,0.009215,0.004434,2.087311,0,0
0,46,10,pick up the black bowl on the wooden cabinet and place it on the plate,FULL_HIT,0.952143,0.005849,0.001935,0.298108,1.613127,0.009560,0.004084,2.016696,0,0
0,46,11,pick up the black bowl on the wooden cabinet and place it on the plate,FULL_HIT,0.957718,0.005542,0.001949,0.318367,1.611483,0.009875,0.003999,2.041759,0,0
0,46,12,pick up the black bowl on the wooden cabinet and place it on the plate,FULL_HIT,0.968181,0.005156,0.001899,0.273939,1.551162,0.010357,0.004291,1.931621,0,0
0,46,13,pick up the black bowl on the wooden cabinet and place it on the plate,FULL_HIT,0.972439,0.006241,0.002014,0.361173,1.832274,0.011834,0.004943,2.340729,0,0
0,46,14,pick up the black bowl on the wooden cabinet and place it on the plate,FULL_HIT,0.974320,0.005709,0.001765,0.291959,1.359611,0.007520,0.003864,1.748511,0,0
0,46,15,pick up the black bowl on the wooden cabinet and place it on the plate,FULL_HIT,0.976664,0.006140,0.002002,0.310610,1.570450,0.007992,0.020716,2.002479,0,0
0,46,16,pick up the black bowl on the wooden cabinet and place it on the plate,FULL_HIT,0.979700,0.006312,0.001739,0.314343,2.736672,0.014686,0.005495,3.304987,0,0
0,46,17,pick up the black bowl on the wooden cabinet and place it on the plate,FULL_HIT,0.981569,0.005687,0.001777,0.386206,1.604999,0.008269,0.003493,2.095980,0,0
0,46,18,pick up the black bowl on the wooden cabinet and place it on the plate,FULL_HIT,0.982058,0.005409,0.001819,0.329100,1.473367,0.008466,0.003309,1.903262,0,0
0,46,19,pick up the black bowl on the wooden cabinet and place it on the plate,FULL_HIT,0.981852,0.005088,0.001876,0.331367,1.371683,0.008127,0.003402,1.803912,0,0
0,46,20,pick up the black bowl on the wooden cabinet and place it on the plate,FULL_HIT,0.981951,0.006029,0.001665,0.328626,1.534295,0.025386,0.003820,1.982746,0,0
0,46,21,pick up the black bowl on the wooden cabinet and place it on the plate,FULL_HIT,0.979728,0.005204,0.002124,0.304388,1.510819,0.008445,0.003805,1.912758,0,0
0,46,22,pick up the black bowl on the wooden cabinet and place it on the plate,FULL_HIT,0.978778,0.005136,0.001824,0.457747,1.848089,0.009817,0.004336,2.430819,0,0
0,46,23,pick up the black bowl on the wooden cabinet and place it on the plate,FULL_HIT,0.981456,0.005444,0.001873,0.315005,1.420130,0.008929,0.003996,1.838638,0,0
0,46,24,pick up the black bowl on the wooden cabinet and place it on the plate,FULL_HIT,0.980654,0.005313,0.001786,0.328764,1.415575,0.008638,0.003487,1.843132,0,0
0,47,0,pick up the black bowl on the wooden cabinet and place it on the plate,FULL_HIT,0.988409,0.005620,0.001939,0.368492,1.872928,0.012854,0.005020,2.364266,0,0
0,47,1,pick up the black bowl on the wooden cabinet and place it on the plate,FULL_HIT,0.987997,0.008481,0.003184,0.564089,1.692166,0.009232,0.004641,2.411880,0,0
0,47,2,pick up the black bowl on the wooden cabinet and place it on the plate,FULL_HIT,0.987132,0.005784,0.001853,0.345152,1.518000,0.008725,0.003993,1.968530,0,0
0,47,3,pick up the black bowl on the wooden cabinet and place it on the plate,FULL_HIT,0.987112,0.006520,0.001959,0.639005,1.779028,0.010295,0.004223,2.541298,0,0
0,47,4,pick up the black bowl on the wooden cabinet and place it on the plate,FULL_HIT,0.987107,0.005654,0.001988,0.469287,1.799808,0.010041,0.004183,2.383411,0,0
0,47,5,pick up the black bowl on the wooden cabinet and place it on the plate,FULL_HIT,0.987519,0.005696,0.001917,0.355149,1.492332,0.009394,0.003893,1.957357,0,0
0,47,6,pick up the black bowl on the wooden cabinet and place it on the plate,FULL_HIT,0.987440,0.006800,0.001841,0.714560,2.248637,0.012388,0.004423,3.104109,0,0
0,47,7,pick up the black bowl on the wooden cabinet and place it on the plate,FULL_HIT,0.987208,0.006259,0.002129,0.542556,1.907482,0.011228,0.004615,2.574618,0,0
0,47,8,pick up the black bowl on the wooden cabinet and place it on the plate,FULL_HIT,0.988107,0.005437,0.001966,0.506915,1.545740,0.009495,0.004029,2.169103,0,0
0,47,9,pick up the black bowl on the wooden cabinet and place it on the plate,FULL_HIT,0.980272,0.009300,0.003177,0.627834,1.936530,0.010900,0.003774,2.732008,0,0
0,47,10,pick up the black bowl on the wooden cabinet and place it on the plate,FULL_HIT,0.980113,0.006393,0.001933,0.486036,1.684983,0.010306,0.004465,2.290668,0,0
0,47,11,pick up the black bowl on the wooden cabinet and place it on the plate,FULL_HIT,0.987237,0.005370,0.002070,0.400092,1.612063,0.009015,0.003301,2.118755,0,0
0,47,12,pick up the black bowl on the wooden cabinet and place it on the plate,FULL_HIT,0.987047,0.005785,0.002093,0.632651,2.551901,0.012522,0.006123,3.333668,0,0
0,47,13,pick up the black bowl on the wooden cabinet and place it on the plate,FULL_HIT,0.985911,0.005243,0.001959,0.375838,1.557397,0.009021,0.003457,2.042010,0,0
0,47,14,pick up the black bowl on the wooden cabinet and place it on the plate,FULL_HIT,0.984711,0.007300,0.002024,0.530800,1.900458,0.010381,0.004172,2.560985,0,0
0,47,15,pick up the black bowl on the wooden cabinet and place it on the plate,FULL_HIT,0.984923,0.006520,0.001871,0.457678,2.216439,0.013438,0.004909,2.809262,0,0
0,47,16,pick up the black bowl on the wooden cabinet and place it on the plate,FULL_HIT,0.984426,0.006397,0.002083,0.343465,1.526087,0.009145,0.004059,1.978472,0,0
0,47,17,pick up the black bowl on the wooden cabinet and place it on the plate,FULL_HIT,0.983817,0.008877,0.002410,0.802267,1.720104,0.009570,0.003642,2.676616,0,0
0,47,18,pick up the black bowl on the wooden cabinet and place it on the plate,FULL_HIT,0.983875,0.005953,0.001569,0.347876,1.425009,0.007907,0.003377,1.876330,0,0
0,47,19,pick up the black bowl on the wooden cabinet and place it on the plate,FULL_HIT,0.983659,0.006563,0.002075,0.517886,2.041413,0.011474,0.004607,2.692497,0,0
0,47,20,pick up the black bowl on the wooden cabinet and place it on the plate,FULL_HIT,0.985188,0.006115,0.001800,2.062673,1.667762,0.010208,0.004216,3.860541,0,0
0,47,21,pick up the black bowl on the wooden cabinet and place it on the plate,FULL_HIT,0.985961,0.005971,0.001966,0.402613,1.754072,0.010677,0.004401,2.281455,0,0
0,47,22,pick up the black bowl on the wooden cabinet and place it on the plate,FULL_HIT,0.984215,0.006299,0.002083,0.419641,1.858500,0.011051,0.003866,2.425606,0,0
0,47,23,pick up the black bowl on the wooden cabinet and place it on the plate,FULL_HIT,0.984925,0.005479,0.001743,0.418696,1.834398,0.010519,0.004185,2.369246,0,0
0,48,0,pick up the black bowl on the wooden cabinet and place it on the plate,FULL_HIT,0.988784,0.006278,0.001703,0.307284,2.130688,0.017060,0.032307,2.619436,0,0
0,48,1,pick up the black bowl on the wooden cabinet and place it on the plate,FULL_HIT,0.988177,0.005716,0.001710,0.307081,1.400828,0.007966,0.003633,1.810997,0,0
0,48,2,pick up the black bowl on the wooden cabinet and place it on the plate,FULL_HIT,0.988015,0.006176,0.002025,0.446476,1.754943,0.010784,0.004688,2.319364,0,0
0,48,3,pick up the black bowl on the wooden cabinet and place it on the plate,FULL_HIT,0.987888,0.005777,0.002041,0.489956,1.730477,0.009764,0.003423,2.337976,0,0
0,48,4,pick up the black bowl on the wooden cabinet and place it on the plate,FULL_HIT,0.987922,0.005451,0.001804,0.385953,1.669656,0.009265,0.003888,2.186561,0,0
0,48,5,pick up the black bowl on the wooden cabinet and place it on the plate,FULL_HIT,0.987994,0.005166,0.001510,0.381168,2.081300,0.008757,0.005201,2.568300,0,0
0,48,6,pick up the black bowl on the wooden cabinet and place it on the plate,FULL_HIT,0.988356,0.005071,0.001784,0.297982,1.439563,0.008504,0.004145,1.839442,0,0
0,48,7,pick up the black bowl on the wooden cabinet and place it on the plate,FULL_HIT,0.986902,0.004994,0.001691,0.505797,1.482207,0.008234,0.004028,2.096750,0,0
0,48,8,pick up the black bowl on the wooden cabinet and place it on the plate,FULL_HIT,0.984405,0.005775,0.001454,0.314142,1.459446,0.008519,0.003176,1.870384,0,0
0,48,9,pick up the black bowl on the wooden cabinet and place it on the plate,FULL_HIT,0.980983,0.005199,0.001836,0.317689,1.618785,0.008880,0.004150,2.039000,0,0
0,48,10,pick up the black bowl on the wooden cabinet and place it on the plate,FULL_HIT,0.967582,0.004962,0.001663,0.496711,1.510058,0.009179,0.003182,2.112531,0,0
0,48,11,pick up the black bowl on the wooden cabinet and place it on the plate,FULL_HIT,0.962507,0.006325,0.002008,0.631745,1.920897,0.010449,0.003816,2.692193,0,0
0,48,12,pick up the black bowl on the wooden cabinet and place it on the plate,FULL_HIT,0.972657,0.005901,0.001830,0.324644,1.913121,0.009553,0.004482,2.347798,0,0
0,48,13,pick up the black bowl on the wooden cabinet and place it on the plate,FULL_HIT,0.977380,0.005641,0.001946,0.390102,1.530175,0.008913,0.003866,2.025468,0,0
0,48,14,pick up the black bowl on the wooden cabinet and place it on the plate,FULL_HIT,0.978799,0.007567,0.002278,0.601829,2.003161,0.010101,0.004151,2.739110,0,0
0,48,15,pick up the black bowl on the wooden cabinet and place it on the plate,FULL_HIT,0.981160,0.005829,0.001910,0.469449,1.819610,0.010965,0.004291,2.414378,0,0
0,48,16,pick up the black bowl on the wooden cabinet and place it on the plate,FULL_HIT,0.980670,0.006072,0.002137,0.375048,2.049875,0.011835,0.005228,2.556891,0,0
0,48,17,pick up the black bowl on the wooden cabinet and place it on the plate,FULL_HIT,0.982602,0.005332,0.002024,0.329720,1.524252,0.009766,0.003820,2.000214,0,0
0,48,18,pick up the black bowl on the wooden cabinet and place it on the plate,FULL_HIT,0.980547,0.005344,0.001802,0.326103,1.756395,0.012405,0.004471,2.201522,0,0
0,48,19,pick up the black bowl on the wooden cabinet and place it on the plate,FULL_HIT,0.981586,0.006052,0.001977,0.381822,2.671978,0.010824,0.004151,3.174373,0,0
0,48,20,pick up the black bowl on the wooden cabinet and place it on the plate,FULL_HIT,0.980645,0.005034,0.001723,0.297910,1.547398,0.010060,0.004159,1.950674,0,0
0,48,21,pick up the black bowl on the wooden cabinet and place it on the plate,FULL_HIT,0.985204,0.005288,0.001842,0.399152,1.508142,0.008535,0.003417,2.011339,0,0
0,48,22,pick up the black bowl on the wooden cabinet and place it on the plate,FULL_HIT,0.984999,0.005750,0.001792,0.403352,1.780823,0.010977,0.004269,2.304300,0,0
0,49,0,pick up the black bowl on the wooden cabinet and place it on the plate,FULL_HIT,0.988846,0.005388,0.001910,0.312412,1.573093,0.009141,0.003763,1.990571,0,0
0,49,1,pick up the black bowl on the wooden cabinet and place it on the plate,FULL_HIT,0.988420,0.005228,0.001725,0.298037,1.932364,0.009880,0.003604,2.358517,0,0
0,49,2,pick up the black bowl on the wooden cabinet and place it on the plate,FULL_HIT,0.988361,0.005429,0.001800,0.397681,1.544193,0.008763,0.003656,2.049013,0,0
0,49,3,pick up the black bowl on the wooden cabinet and place it on the plate,FULL_HIT,0.987894,0.006636,0.002663,0.803740,2.319327,0.010018,0.004408,3.275152,0,0
0,49,4,pick up the black bowl on the wooden cabinet and place it on the plate,FULL_HIT,0.988094,0.005533,0.002093,0.304081,1.446057,0.008378,0.003668,1.849470,0,0
0,49,5,pick up the black bowl on the wooden cabinet and place it on the plate,FULL_HIT,0.988355,0.005221,0.002055,0.359617,1.474956,0.008683,0.003146,1.937985,0,0
0,49,6,pick up the black bowl on the wooden cabinet and place it on the plate,FULL_HIT,0.988392,0.005424,0.001556,0.307224,1.752553,0.009310,0.005088,2.171706,0,0
0,49,7,pick up the black bowl on the wooden cabinet and place it on the plate,FULL_HIT,0.988352,0.005029,0.001755,0.377367,1.492905,0.009352,0.003002,1.973969,0,0
0,49,8,pick up the black bowl on the wooden cabinet and place it on the plate,FULL_HIT,0.984369,0.005135,0.001687,0.372265,1.611249,0.009999,0.004512,2.092703,0,0
0,49,9,pick up the black bowl on the wooden cabinet and place it on the plate,FULL_HIT,0.982090,0.005581,0.001724,0.386365,1.638178,0.008512,0.003345,2.127762,0,0
0,49,10,pick up the black bowl on the wooden cabinet and place it on the plate,FULL_HIT,0.964298,0.007701,0.002131,0.544676,1.911977,0.012028,0.004812,2.624336,0,0
0,49,11,pick up the black bowl on the wooden cabinet and place it on the plate,FULL_HIT,0.982898,0.005273,0.001968,0.433199,2.041374,0.009503,0.004456,2.587863,0,0
0,49,12,pick up the black bowl on the wooden cabinet and place it on the plate,FULL_HIT,0.982636,0.006305,0.002024,0.456212,1.958705,0.009892,0.004815,2.538233,0,0
0,49,13,pick up the black bowl on the wooden cabinet and place it on the plate,FULL_HIT,0.983430,0.005901,0.001940,0.572239,1.758191,0.009716,0.003924,2.455055,0,0
0,49,14,pick up the black bowl on the wooden cabinet and place it on the plate,FULL_HIT,0.983701,0.005239,0.001970,0.432644,1.678704,0.009836,0.003878,2.223467,0,0
0,49,15,pick up the black bowl on the wooden cabinet and place it on the plate,FULL_HIT,0.983628,0.005107,0.001618,0.426525,1.776343,0.010380,0.004337,2.315847,0,0
0,49,16,pick up the black bowl on the wooden cabinet and place it on the plate,FULL_HIT,0.983588,0.005373,0.001791,0.332935,1.544408,0.009316,0.003439,1.981862,0,0
0,49,17,pick up the black bowl on the wooden cabinet and place it on the plate,FULL_HIT,0.982899,0.006273,0.002355,0.492243,1.660207,0.009549,0.003435,2.265395,0,0
0,49,18,pick up the black bowl on the wooden cabinet and place it on the plate,FULL_HIT,0.982743,0.006064,0.002135,0.422849,1.702937,0.009011,0.003313,2.231937,0,0
0,49,19,pick up the black bowl on the wooden cabinet and place it on the plate,FULL_HIT,0.984716,0.009861,0.003085,0.903088,1.723694,0.009541,0.004600,2.793134,0,0
0,49,20,pick up the black bowl on the wooden cabinet and place it on the plate,FULL_HIT,0.982738,0.005475,0.001698,0.409380,1.672923,0.009192,0.004013,2.203123,0,0
