repeat,episode_id,step_idx,task,hit_type,top_score,cp1_collect_ms,cp1_gate_ms,cp1_build_ms,cp1_search_ms,cp1_judge_ms,cp1_fetch_ms,cp1_total_ms,warm_start_action_approx,action_history_approx_active
0,0,0,put both the alphabet soup and the tomato sauce in the basket,FULL_HIT,0.998871,0.013667,0.006311,5.602500,28.341856,0.025267,0.012705,34.325510,0,0
0,0,1,put both the alphabet soup and the tomato sauce in the basket,FULL_HIT,0.998866,0.005863,0.002178,0.556926,12.671085,0.014082,0.007097,13.385284,0,0
0,0,2,put both the alphabet soup and the tomato sauce in the basket,FULL_HIT,0.998863,0.005583,0.002241,2.653848,14.439061,0.017108,0.009489,17.290908,0,0
0,0,3,put both the alphabet soup and the tomato sauce in the basket,FULL_HIT,0.998860,0.007681,0.002997,2.298903,18.629207,0.021231,0.009759,21.272587,0,0
0,0,4,put both the alphabet soup and the tomato sauce in the basket,FULL_HIT,0.998831,0.005903,0.002135,0.516087,19.587706,0.017400,0.008698,20.311681,0,0
0,0,5,put both the alphabet soup and the tomato sauce in the basket,FULL_HIT,0.998808,0.005352,0.002262,0.493873,13.250818,0.015821,0.007322,13.908793,0,0
0,0,6,put both the alphabet soup and the tomato sauce in the basket,FULL_HIT,0.998796,0.006521,0.002696,0.586009,14.120527,0.017240,0.008766,14.913909,0,0
0,0,7,put both the alphabet soup and the tomato sauce in the basket,FULL_HIT,0.998818,0.006722,0.002381,0.460484,13.084192,0.014818,0.007932,13.712800,0,0
0,0,8,put both the alphabet soup and the tomato sauce in the basket,FULL_HIT,0.998785,0.004989,0.002249,0.467843,11.480486,0.012758,0.005218,12.095363,0,0
0,0,9,put both the alphabet soup and the tomato sauce in the basket,FULL_HIT,0.998727,0.005025,0.002277,0.530886,12.515523,0.014166,0.005258,13.186360,0,0
0,0,10,put both the alphabet soup and the tomato sauce in the basket,FULL_HIT,0.998693,0.004864,0.001827,0.427793,12.505189,0.016702,0.008090,13.170827,0,0
0,0,11,put both the alphabet soup and the tomato sauce in the basket,FULL_HIT,0.998600,0.006192,0.002990,0.869576,13.184799,0.012852,0.005114,14.239658,0,0
0,0,12,put both the alphabet soup and the tomato sauce in the basket,FULL_HIT,0.998636,0.005478,0.002479,0.766311,13.175612,0.021406,0.006726,14.134788,0,0
0,0,13,put both the alphabet soup and the tomato sauce in the basket,FULL_HIT,0.998673,0.005558,0.002269,0.563557,12.402617,0.012914,0.005370,13.116327,0,0
0,0,14,put both the alphabet soup and the tomato sauce in the basket,FULL_HIT,0.998716,0.005426,0.001987,0.490254,11.225747,0.012480,0.005415,11.879110,0,0
0,0,15,put both the alphabet soup and the tomato sauce in the basket,FULL_HIT,0.998733,0.004878,0.002280,0.456981,12.991039,0.012396,0.005466,13.604383,0,0
0,0,16,put both the alphabet soup and the tomato sauce in the basket,FULL_HIT,0.998484,0.004979,0.002240,0.511519,10.977415,0.013504,0.005240,11.632224,0,0
0,0,17,put both the alphabet soup and the tomato sauce in the basket,FULL_HIT,0.998463,0.004585,0.002304,0.524312,10.711405,0.012667,0.005853,11.392721,0,0
0,0,18,put both the alphabet soup and the tomato sauce in the basket,FULL_HIT,0.998466,0.058722,0.004195,0.585097,13.271094,0.014242,0.007329,14.210829,0,0
0,0,19,put both the alphabet soup and the tomato sauce in the basket,FULL_HIT,0.998458,0.007332,0.002686,0.630642,14.904465,0.015825,0.005084,15.693036,0,0
0,0,20,put both the alphabet soup and the tomato sauce in the basket,FULL_HIT,0.998457,0.005963,0.002457,0.642238,14.019756,0.017354,0.005626,14.834379,0,0
0,0,21,put both the alphabet soup and the tomato sauce in the basket,FULL_HIT,0.998454,0.009045,0.002813,0.687467,13.882534,0.016270,0.005721,14.741527,0,0
0,0,22,put both the alphabet soup and the tomato sauce in the basket,FULL_HIT,0.998442,0.006372,0.002843,0.668801,15.617303,0.029123,0.013060,16.558593,0,0
0,0,23,put both the alphabet soup and the tomato sauce in the basket,FULL_HIT,0.998443,0.005224,0.002218,0.670391,12.300823,0.012479,0.005667,13.127702,0,0
0,0,24,put both the alphabet soup and the tomato sauce in the basket,FULL_HIT,0.998437,0.004967,0.002427,0.575129,12.924573,0.030954,0.004756,13.664699,0,0
0,0,25,put both the alphabet soup and the tomato sauce in the basket,FULL_HIT,0.998453,0.005663,0.002626,0.610997,13.687232,0.014088,0.005614,14.460215,0,0
0,0,26,put both the alphabet soup and the tomato sauce in the basket,FULL_HIT,0.998442,0.005100,0.002448,0.510038,12.022131,0.014880,0.006154,12.686294,0,0
0,0,27,put both the alphabet soup and the tomato sauce in the basket,FULL_HIT,0.998483,0.005946,0.002522,0.506765,11.515985,0.013309,0.005245,12.168491,0,0
0,0,28,put both the alphabet soup and the tomato sauce in the basket,FULL_HIT,0.998483,0.004783,0.002532,0.626729,14.027523,0.012037,0.004860,14.794675,0,0
0,0,29,put both the alphabet soup and the tomato sauce in the basket,FULL_HIT,0.998495,0.005005,0.002021,0.664551,11.448080,0.012700,0.004471,12.273373,0,0
0,0,30,put both the alphabet soup and the tomato sauce in the basket,FULL_HIT,0.998476,0.005366,0.002277,0.618574,13.556135,0.011779,0.004532,14.312594,0,0
0,0,31,put both the alphabet soup and the tomato sauce in the basket,FULL_HIT,0.998478,0.005208,0.002238,0.594283,12.236717,0.013295,0.005235,12.978613,0,0
0,0,32,put both the alphabet soup and the tomato sauce in the basket,FULL_HIT,0.998491,0.006012,0.002280,1.066623,13.521110,0.016687,0.007001,14.847713,0,0
0,0,33,put both the alphabet soup and the tomato sauce in the basket,FULL_HIT,0.998504,0.005646,0.002976,0.870274,19.904868,0.021139,0.007979,21.062600,0,0
0,0,34,put both the alphabet soup and the tomato sauce in the basket,FULL_HIT,0.998489,0.005052,0.001928,0.405034,12.702027,0.011455,0.004412,13.235521,0,0
0,0,35,put both the alphabet soup and the tomato sauce in the basket,FULL_HIT,0.998374,0.005726,0.001914,0.614945,13.965320,0.012491,0.005016,14.735790,0,0
0,0,36,put both the alphabet soup and the tomato sauce in the basket,FULL_HIT,0.998723,0.006275,0.002311,0.547114,14.049980,0.012514,0.006677,14.765382,0,0
0,0,37,put both the alphabet soup and the tomato sauce in the basket,FULL_HIT,0.998721,0.005421,0.002282,0.487494,12.881239,0.012028,0.005298,13.506951,0,0
0,0,38,put both the alphabet soup and the tomato sauce in the basket,FULL_HIT,0.998716,0.004871,0.002110,0.490471,11.346681,0.011608,0.004885,11.969496,0,0
0,0,39,put both the alphabet soup and the tomato sauce in the basket,FULL_HIT,0.998693,0.006244,0.002494,0.537943,12.478802,0.013032,0.005018,13.159894,0,0
0,0,40,put both the alphabet soup and the tomato sauce in the basket,FULL_HIT,0.998648,0.004990,0.002606,0.526753,14.638166,0.014614,0.006128,15.315635,0,0
0,0,41,put both the alphabet soup and the tomato sauce in the basket,FULL_HIT,0.998618,0.004934,0.002032,0.532009,11.764043,0.013020,0.004838,12.432556,0,0
0,0,42,put both the alphabet soup and the tomato sauce in the basket,FULL_HIT,0.998658,0.004924,0.001759,0.532965,10.965985,0.011743,0.005181,11.636431,0,0
0,0,43,put both the alphabet soup and the tomato sauce in the basket,FULL_HIT,0.998663,0.005315,0.002238,0.493769,12.158302,0.011478,0.004968,12.787032,0,0
0,0,44,put both the alphabet soup and the tomato sauce in the basket,FULL_HIT,0.998656,0.005541,0.002103,0.439349,12.413187,0.013020,0.004732,12.996127,0,0
0,0,45,put both the alphabet soup and the tomato sauce in the basket,FULL_HIT,0.998594,0.004814,0.002335,0.668806,13.744104,0.028382,0.012898,14.613238,0,0
0,0,46,put both the alphabet soup and the tomato sauce in the basket,FULL_HIT,0.998630,0.004773,0.002350,0.509126,13.340325,0.027727,0.006792,14.011404,0,0
0,0,47,put both the alphabet soup and the tomato sauce in the basket,FULL_HIT,0.998514,0.077665,0.004788,0.554557,12.514589,0.012773,0.005772,13.358845,0,0
0,0,48,put both the alphabet soup and the tomato sauce in the basket,FULL_HIT,0.998265,0.005755,0.002708,0.682282,11.643019,0.012713,0.004876,12.493507,0,0
0,0,49,put both the alphabet soup and the tomato sauce in the basket,FULL_HIT,0.998189,0.008472,0.003339,0.599081,13.949564,0.012817,0.005177,14.714218,0,0
0,0,50,put both the alphabet soup and the tomato sauce in the basket,FULL_HIT,0.998159,0.005916,0.002705,0.581132,17.045495,0.011603,0.004908,17.778160,0,0
0,0,51,put both the alphabet soup and the tomato sauce in the basket,FULL_HIT,0.998368,0.006430,0.002595,0.617422,13.638681,0.012043,0.004940,14.403138,0,0
0,0,52,put both the alphabet soup and the tomato sauce in the basket,FULL_HIT,0.998438,0.006374,0.002245,1.095323,16.337706,0.012847,0.004803,17.600402,0,0
0,0,53,put both the alphabet soup and the tomato sauce in the basket,FULL_HIT,0.998433,0.004963,0.002721,0.565743,14.027834,0.017865,0.006745,14.809648,0,0
0,0,54,put both the alphabet soup and the tomato sauce in the basket,FULL_HIT,0.998421,0.006073,0.002361,0.581271,12.598609,0.013003,0.005296,13.327129,0,0
0,0,55,put both the alphabet soup and the tomato sauce in the basket,FULL_HIT,0.998385,0.005518,0.002312,0.571323,11.780928,0.011362,0.004684,12.493318,0,0
0,0,56,put both the alphabet soup and the tomato sauce in the basket,FULL_HIT,0.998364,0.005406,0.001790,0.382096,11.968591,0.013680,0.005834,12.486789,0,0
0,0,57,put both the alphabet soup and the tomato sauce in the basket,FULL_HIT,0.998387,0.004641,0.001884,0.516329,11.965680,0.011046,0.004577,12.617314,0,0
0,1,0,put both the alphabet soup and the tomato sauce in the basket,FULL_HIT,0.998871,0.005667,0.002345,0.561308,10.589953,0.011102,0.005468,11.284827,0,0
0,1,1,put both the alphabet soup and the tomato sauce in the basket,FULL_HIT,0.998843,0.005123,0.001891,0.449565,11.978693,0.012283,0.005443,12.562816,0,0
0,1,2,put both the alphabet soup and the tomato sauce in the basket,FULL_HIT,0.998818,0.005163,0.001839,0.503596,12.007756,0.011784,0.004916,12.647766,0,0
0,1,3,put both the alphabet soup and the tomato sauce in the basket,FULL_HIT,0.998742,0.004630,0.002272,0.423725,11.007745,0.011399,0.005679,11.561932,0,0
0,1,4,put both the alphabet soup and the tomato sauce in the basket,FULL_HIT,0.998698,0.006045,0.002306,0.668989,12.641584,0.012135,0.005149,13.461495,0,0
0,1,5,put both the alphabet soup and the tomato sauce in the basket,FULL_HIT,0.998690,0.005354,0.001988,0.504051,12.356829,0.014016,0.005256,13.002268,0,0
0,1,6,put both the alphabet soup and the tomato sauce in the basket,FULL_HIT,0.998748,0.005930,0.002632,0.629109,18.158394,0.012668,0.005473,18.937203,0,0
0,1,7,put both the alphabet soup and the tomato sauce in the basket,FULL_HIT,0.998789,0.006752,0.002967,0.824283,11.462175,0.011403,0.004541,12.446487,0,0
0,1,8,put both the alphabet soup and the tomato sauce in the basket,FULL_HIT,0.998793,0.004571,0.002098,0.392953,11.887417,0.014790,0.006400,12.423466,0,0
0,1,9,put both the alphabet soup and the tomato sauce in the basket,FULL_HIT,0.998775,0.007161,0.002896,0.662833,15.285856,0.014688,0.006228,16.125831,0,0
0,1,10,put both the alphabet soup and the tomato sauce in the basket,FULL_HIT,0.998723,0.005429,0.001839,0.468273,13.731504,0.013127,0.005416,14.337403,0,0
0,1,11,put both the alphabet soup and the tomato sauce in the basket,FULL_HIT,0.998699,0.005016,0.002395,0.452160,13.224726,0.012517,0.005091,13.813876,0,0
0,1,12,put both the alphabet soup and the tomato sauce in the basket,FULL_HIT,0.998717,0.004925,0.002290,0.485383,11.692636,0.013116,0.006450,12.349733,0,0
0,1,13,put both the alphabet soup and the tomato sauce in the basket,FULL_HIT,0.998709,0.007002,0.002620,0.732984,15.442687,0.012470,0.004918,16.329094,0,0
0,1,14,put both the alphabet soup and the tomato sauce in the basket,FULL_HIT,0.998617,0.004821,0.002029,0.488540,12.151079,0.011746,0.004981,12.775855,0,0
0,1,15,put both the alphabet soup and the tomato sauce in the basket,FULL_HIT,0.998769,0.004974,0.002340,0.759004,11.441480,0.012044,0.004829,12.337673,0,0
0,1,16,put both the alphabet soup and the tomato sauce in the basket,FULL_HIT,0.998767,0.006083,0.002460,0.653962,10.747034,0.012988,0.004110,11.540833,0,0
0,1,17,put both the alphabet soup and the tomato sauce in the basket,FULL_HIT,0.998759,0.005319,0.002188,0.522526,13.934027,0.011647,0.004594,14.590884,0,0
0,1,18,put both the alphabet soup and the tomato sauce in the basket,FULL_HIT,0.998693,0.004518,0.001716,0.348139,10.437083,0.011876,0.005029,10.910100,0,0
0,1,19,put both the alphabet soup and the tomato sauce in the basket,FULL_HIT,0.998634,0.005279,0.001919,0.372892,10.855637,0.011589,0.004767,11.353736,0,0
0,1,20,put both the alphabet soup and the tomato sauce in the basket,FULL_HIT,0.998598,0.004721,0.001946,0.459459,11.402210,0.012134,0.005207,11.992911,0,0
0,1,21,put both the alphabet soup and the tomato sauce in the basket,FULL_HIT,0.998576,0.005247,0.001831,0.470896,10.802249,0.013688,0.005638,11.418230,0,0
0,1,22,put both the alphabet soup and the tomato sauce in the basket,FULL_HIT,0.998574,0.005185,0.001927,0.444308,10.744036,0.012069,0.004873,11.315895,0,0
0,1,23,put both the alphabet soup and the tomato sauce in the basket,FULL_HIT,0.998571,0.014612,0.005944,0.775514,11.837201,0.012117,0.005252,12.831821,0,0
0,1,24,put both the alphabet soup and the tomato sauce in the basket,FULL_HIT,0.998538,0.006574,0.002567,0.632011,13.409270,0.012617,0.005955,14.193113,0,0
0,1,25,put both the alphabet soup and the tomato sauce in the basket,FULL_HIT,0.998483,0.004543,0.002247,0.675272,14.034971,0.015906,0.005729,14.868929,0,0
0,1,26,put both the alphabet soup and the tomato sauce in the basket,FULL_HIT,0.998409,0.004811,0.002132,0.409218,10.880174,0.011772,0.004751,11.419215,0,0
0,1,27,put both the alphabet soup and the tomato sauce in the basket,FULL_HIT,0.998331,0.005302,0.004439,0.555846,14.515454,0.017065,0.006978,15.440616,0,0
0,1,28,put both the alphabet soup and the tomato sauce in the basket,FULL_HIT,0.998251,0.005036,0.002123,0.502906,11.871535,0.012295,0.004625,12.527117,0,0
0,1,29,put both the alphabet soup and the tomato sauce in the basket,FULL_HIT,0.998188,0.006845,0.003674,0.679909,16.281674,0.011899,0.004990,17.125545,0,0
0,1,30,put both the alphabet soup and the tomato sauce in the basket,FULL_HIT,0.998119,0.006255,0.002487,0.601130,16.373288,0.015439,0.007088,17.141096,0,0
0,1,31,put both the alphabet soup and the tomato sauce in the basket,FULL_HIT,0.998236,0.005795,0.002303,0.605755,11.121091,0.013893,0.006013,11.913565,0,0
0,1,32,put both the alphabet soup and the tomato sauce in the basket,FULL_HIT,0.998407,0.005031,0.002101,0.482393,11.652370,0.011092,0.005095,12.267079,0,0
0,1,33,put both the alphabet soup and the tomato sauce in the basket,FULL_HIT,0.998522,0.006464,0.002929,1.313564,12.585503,0.012750,0.005749,14.061311,0,0
0,1,34,put both the alphabet soup and the tomato sauce in the basket,FULL_HIT,0.998548,0.005437,0.002054,0.502315,11.115724,0.012518,0.004764,11.748304,0,0
0,1,35,put both the alphabet soup and the tomato sauce in the basket,FULL_HIT,0.998551,0.005241,0.002144,0.529063,11.381695,0.013909,0.006201,12.051482,0,0
0,1,36,put both the alphabet soup and the tomato sauce in the basket,FULL_HIT,0.998548,0.006803,0.002789,0.526911,12.100065,0.011777,0.004682,12.776847,0,0
0,1,37,put both the alphabet soup and the tomato sauce in the basket,FULL_HIT,0.998556,0.005919,0.002689,0.590832,12.874405,0.014163,0.006041,13.632815,0,0
0,1,38,put both the alphabet soup and the tomato sauce in the basket,FULL_HIT,0.998677,0.005600,0.002228,0.774564,11.822859,0.011662,0.004740,12.740160,0,0
0,1,39,put both the alphabet soup and the tomato sauce in the basket,FULL_HIT,0.998620,0.004960,0.001968,0.431968,14.010393,0.017662,0.006197,14.607782,0,0
0,1,40,put both the alphabet soup and the tomato sauce in the basket,FULL_HIT,0.998565,0.005081,0.001840,0.524264,14.697855,0.012257,0.005623,15.354541,0,0
0,1,41,put both the alphabet soup and the tomato sauce in the basket,FULL_HIT,0.998502,0.005910,0.002028,0.362655,9.903955,0.011600,0.005449,10.400457,0,0
0,1,42,put both the alphabet soup and the tomato sauce in the basket,FULL_HIT,0.998326,0.005223,0.002343,0.513646,11.892853,0.016664,0.005483,12.917968,0,0
0,1,43,put both the alphabet soup and the tomato sauce in the basket,FULL_HIT,0.998335,0.005869,0.001924,0.577776,11.150120,0.011677,0.004795,11.864985,0,0
0,1,44,put both the alphabet soup and the tomato sauce in the basket,FULL_HIT,0.998366,0.004932,0.002129,0.478692,11.009737,0.012204,0.005493,11.622239,0,0
0,1,45,put both the alphabet soup and the tomato sauce in the basket,FULL_HIT,0.998234,0.005116,0.002363,0.512745,11.022089,0.013322,0.005000,11.673582,0,0
0,1,46,put both the alphabet soup and the tomato sauce in the basket,FULL_HIT,0.998316,0.004810,0.002321,0.433949,10.830286,0.012271,0.005270,11.396826,0,0
0,1,47,put both the alphabet soup and the tomato sauce in the basket,FULL_HIT,0.998217,0.005349,0.001915,0.512077,13.896450,0.012260,0.005222,14.545314,0,0
0,1,48,put both the alphabet soup and the tomato sauce in the basket,FULL_HIT,0.998138,0.005008,0.002265,0.383627,12.225853,0.013130,0.004698,12.738767,0,0
0,1,49,put both the alphabet soup and the tomato sauce in the basket,FULL_HIT,0.998092,0.005293,0.001956,0.404753,11.813586,0.010923,0.004537,12.343460,0,0
0,1,50,put both the alphabet soup and the tomato sauce in the basket,FULL_HIT,0.998259,0.004754,0.002452,0.465713,11.018639,0.012307,0.005004,11.615670,0,0
0,1,51,put both the alphabet soup and the tomato sauce in the basket,FULL_HIT,0.998283,0.005053,0.002501,0.519387,10.893053,0.011191,0.004986,11.545854,0,0
0,1,52,put both the alphabet soup and the tomato sauce in the basket,FULL_HIT,0.998191,0.005047,0.002253,0.391622,12.838126,0.014914,0.006046,13.371211,0,0
0,1,53,put both the alphabet soup and the tomato sauce in the basket,FULL_HIT,0.998083,0.005094,0.002195,0.549787,13.202785,0.011562,0.005134,13.892844,0,0
0,1,54,put both the alphabet soup and the tomato sauce in the basket,FULL_HIT,0.997905,0.005289,0.002306,0.478526,11.475436,0.015913,0.006269,12.107137,0,0
0,1,55,put both the alphabet soup and the tomato sauce in the basket,FULL_HIT,0.997821,0.005762,0.002377,0.586337,13.846968,0.014049,0.005999,14.597085,0,0
0,1,56,put both the alphabet soup and the tomato sauce in the basket,FULL_HIT,0.997866,0.005212,0.002083,0.606564,12.289903,0.011967,0.005012,13.043514,0,0
0,1,57,put both the alphabet soup and the tomato sauce in the basket,FULL_HIT,0.997953,0.004497,0.002521,0.578461,11.812455,0.015543,0.005917,12.549260,0,0
0,2,0,put both the alphabet soup and the tomato sauce in the basket,FULL_HIT,0.998871,0.007116,0.002713,0.620855,14.426648,0.018341,0.006615,15.257372,0,0
0,2,1,put both the alphabet soup and the tomato sauce in the basket,FULL_HIT,0.998842,0.005440,0.001977,0.514576,10.357463,0.012471,0.004402,11.001027,0,0
0,2,2,put both the alphabet soup and the tomato sauce in the basket,FULL_HIT,0.998831,0.004770,0.002142,0.428425,11.827613,0.011220,0.005091,12.389859,0,0
0,2,3,put both the alphabet soup and the tomato sauce in the basket,FULL_HIT,0.998816,0.005011,0.001825,0.371686,11.066712,0.011201,0.004794,11.566694,0,0
0,2,4,put both the alphabet soup and the tomato sauce in the basket,FULL_HIT,0.998793,0.006091,0.002288,0.867996,18.624259,0.017178,0.012104,19.693545,0,0
0,2,5,put both the alphabet soup and the tomato sauce in the basket,FULL_HIT,0.998775,0.007100,0.003063,0.792020,12.190232,0.012421,0.005869,13.194233,0,0
0,2,6,put both the alphabet soup and the tomato sauce in the basket,FULL_HIT,0.998778,0.004964,0.002108,0.455336,10.705552,0.011129,0.004733,11.289453,0,0
0,2,7,put both the alphabet soup and the tomato sauce in the basket,FULL_HIT,0.998773,0.005589,0.004717,0.741063,14.007621,0.011509,0.005680,14.897690,0,0
0,2,8,put both the alphabet soup and the tomato sauce in the basket,FULL_HIT,0.998768,0.005030,0.002254,0.489731,11.147392,0.012024,0.004770,11.775615,0,0
0,2,9,put both the alphabet soup and the tomato sauce in the basket,FULL_HIT,0.998770,0.005213,0.001873,0.419527,11.074784,0.010890,0.005251,11.623465,0,0
0,2,10,put both the alphabet soup and the tomato sauce in the basket,FULL_HIT,0.998778,0.006215,0.002217,0.583217,11.774819,0.015833,0.005978,12.562663,0,0
0,2,11,put both the alphabet soup and the tomato sauce in the basket,FULL_HIT,0.998778,0.005458,0.002171,0.496572,11.468604,0.012450,0.004908,12.106487,0,0
0,2,12,put both the alphabet soup and the tomato sauce in the basket,FULL_HIT,0.998772,0.005494,0.002228,0.535322,12.513319,0.012156,0.005038,13.178685,0,0
0,2,13,put both the alphabet soup and the tomato sauce in the basket,FULL_HIT,0.998765,0.004847,0.002328,0.462465,11.597509,0.011913,0.005118,12.221870,0,0
0,2,14,put both the alphabet soup and the tomato sauce in the basket,FULL_HIT,0.998800,0.005570,0.002222,0.693278,10.776909,0.013180,0.005119,11.610922,0,0
0,2,15,put both the alphabet soup and the tomato sauce in the basket,FULL_HIT,0.998817,0.004539,0.002267,0.557203,11.995545,0.011250,0.004725,12.685020,0,0
0,2,16,put both the alphabet soup and the tomato sauce in the basket,FULL_HIT,0.998795,0.004848,0.002254,0.441234,11.876282,0.013209,0.026278,12.485850,0,0
0,2,17,put both the alphabet soup and the tomato sauce in the basket,FULL_HIT,0.998804,0.005419,0.001997,0.460334,10.923325,0.011889,0.004919,11.513113,0,0
0,2,18,put both the alphabet soup and the tomato sauce in the basket,FULL_HIT,0.998807,0.005143,0.001972,0.436466,10.560315,0.013326,0.004956,11.131035,0,0
0,2,19,put both the alphabet soup and the tomato sauce in the basket,FULL_HIT,0.998811,0.005443,0.002205,0.421857,12.024348,0.013591,0.005435,12.582487,0,0
0,2,20,put both the alphabet soup and the tomato sauce in the basket,FULL_HIT,0.998812,0.007661,0.041659,0.778795,12.632733,0.012359,0.005845,13.697566,0,0
0,2,21,put both the alphabet soup and the tomato sauce in the basket,FULL_HIT,0.998801,0.004927,0.002234,0.531610,13.014342,0.011407,0.004703,13.676027,0,0
0,2,22,put both the alphabet soup and the tomato sauce in the basket,FULL_HIT,0.998797,0.005132,0.002147,0.478943,10.685431,0.013569,0.006074,11.331719,0,0
0,2,23,put both the alphabet soup and the tomato sauce in the basket,FULL_HIT,0.998795,0.005713,0.002118,0.391655,10.426491,0.012008,0.005142,10.977667,0,0
0,2,24,put both the alphabet soup and the tomato sauce in the basket,FULL_HIT,0.998782,0.005510,0.002788,0.712937,9.896578,0.011189,0.004960,10.751072,0,0
0,2,25,put both the alphabet soup and the tomato sauce in the basket,FULL_HIT,0.998783,0.005245,0.002126,0.570495,14.438077,0.013546,0.005440,15.151269,0,0
0,2,26,put both the alphabet soup and the tomato sauce in the basket,FULL_HIT,0.998769,0.034896,0.008291,1.045460,12.492725,0.012274,0.005109,13.813653,0,0
0,2,27,put both the alphabet soup and the tomato sauce in the basket,FULL_HIT,0.998785,0.006561,0.002861,0.635674,13.827826,0.013181,0.005711,14.617778,0,0
0,2,28,put both the alphabet soup and the tomato sauce in the basket,FULL_HIT,0.998802,0.006266,0.002137,0.519966,11.227772,0.011843,0.004942,11.889619,0,0
0,2,29,put both the alphabet soup and the tomato sauce in the basket,FULL_HIT,0.998760,0.004943,0.001981,0.347538,11.433593,0.012043,0.005294,11.926827,0,0
0,2,30,put both the alphabet soup and the tomato sauce in the basket,FULL_HIT,0.998686,0.004477,0.001865,0.370222,10.675605,0.011872,0.005051,11.173407,0,0
0,2,31,put both the alphabet soup and the tomato sauce in the basket,FULL_HIT,0.998486,0.006566,0.002747,0.925691,14.147852,0.014237,0.005912,15.236846,0,0
0,2,32,put both the alphabet soup and the tomato sauce in the basket,FULL_HIT,0.998766,0.016986,0.003074,0.689970,19.541741,0.015084,0.005664,20.469470,0,0
0,2,33,put both the alphabet soup and the tomato sauce in the basket,FULL_HIT,0.998751,0.005968,0.002359,0.651750,12.941635,0.013896,0.005488,13.742401,0,0
0,2,34,put both the alphabet soup and the tomato sauce in the basket,FULL_HIT,0.998723,0.005695,0.002583,0.473996,11.324254,0.011366,0.004466,11.934884,0,0
0,2,35,put both the alphabet soup and the tomato sauce in the basket,FULL_HIT,0.998753,0.004679,0.002250,0.338222,9.805214,0.011478,0.004271,10.261079,0,0
0,2,36,put both the alphabet soup and the tomato sauce in the basket,FULL_HIT,0.998803,0.004804,0.001687,0.415428,11.456744,0.011829,0.004593,12.004290,0,0
0,2,37,put both the alphabet soup and the tomato sauce in the basket,FULL_HIT,0.998801,0.006371,0.002313,0.608592,12.604449,0.013830,0.004653,13.361522,0,0
0,2,38,put both the alphabet soup and the tomato sauce in the basket,FULL_HIT,0.998759,0.005962,0.001952,0.717145,13.931708,0.011273,0.004359,14.786349,0,0
0,2,39,put both the alphabet soup and the tomato sauce in the basket,FULL_HIT,0.998684,0.004782,0.001983,0.480802,11.551374,0.011550,0.004837,12.158643,0,0
0,2,40,put both the alphabet soup and the tomato sauce in the basket,FULL_HIT,0.998665,0.005771,0.002100,0.460590,12.776813,0.011572,0.004688,13.395008,0,0
0,2,41,put both the alphabet soup and the tomato sauce in the basket,FULL_HIT,0.998622,0.005478,0.002064,0.815868,10.754148,0.011173,0.004874,11.724888,0,0
0,2,42,put both the alphabet soup and the tomato sauce in the basket,FULL_HIT,0.998604,0.006027,0.002577,0.583007,15.819204,0.013283,0.005887,16.559504,0,0
0,2,43,put both the alphabet soup and the tomato sauce in the basket,FULL_HIT,0.998589,0.005465,0.001914,0.557260,11.127772,0.011061,0.004343,11.818514,0,0
0,2,44,put both the alphabet soup and the tomato sauce in the basket,FULL_HIT,0.998579,0.006718,0.003005,0.742479,13.546186,0.012709,0.005292,14.447225,0,0
0,2,45,put both the alphabet soup and the tomato sauce in the basket,FULL_HIT,0.998499,0.005700,0.002549,0.545880,12.756087,0.011011,0.004865,13.443948,0,0
0,2,46,put both the alphabet soup and the tomato sauce in the basket,FULL_HIT,0.998493,0.004837,0.002019,0.439461,13.000852,0.011183,0.004478,13.570991,0,0
0,2,47,put both the alphabet soup and the tomato sauce in the basket,FULL_HIT,0.998466,0.005078,0.001989,0.443584,13.170016,0.013681,0.005858,13.756402,0,0
0,2,48,put both the alphabet soup and the tomato sauce in the basket,FULL_HIT,0.998509,0.005671,0.002477,0.396250,12.314631,0.011981,0.004946,12.843445,0,0
0,2,49,put both the alphabet soup and the tomato sauce in the basket,FULL_HIT,0.998397,0.004885,0.002027,0.330432,10.108488,0.011000,0.004228,10.578200,0,0
0,2,50,put both the alphabet soup and the tomato sauce in the basket,FULL_HIT,0.998166,0.004929,0.001884,0.498604,10.492041,0.011781,0.004418,11.116156,0,0
0,2,51,put both the alphabet soup and the tomato sauce in the basket,FULL_HIT,0.998167,0.005027,0.001736,0.428154,11.942886,0.014391,0.005431,12.509312,0,0
0,2,52,put both the alphabet soup and the tomato sauce in the basket,FULL_HIT,0.998112,0.006045,0.002217,0.334061,10.431107,0.010948,0.004073,10.889976,0,0
0,2,53,put both the alphabet soup and the tomato sauce in the basket,FULL_HIT,0.998190,0.005495,0.001984,0.315445,9.873890,0.011372,0.004134,10.311892,0,0
0,2,54,put both the alphabet soup and the tomato sauce in the basket,FULL_HIT,0.998237,0.004775,0.002061,0.332622,9.336140,0.011254,0.004130,9.786093,0,0
0,3,0,put both the alphabet soup and the tomato sauce in the basket,FULL_HIT,0.998871,0.004712,0.002052,0.714564,11.883031,0.012713,0.005419,12.761178,0,0
0,3,1,put both the alphabet soup and the tomato sauce in the basket,FULL_HIT,0.998846,0.004732,0.002224,0.567130,10.881709,0.014355,0.005111,11.586045,0,0
0,3,2,put both the alphabet soup and the tomato sauce in the basket,FULL_HIT,0.998829,0.004788,0.002326,0.425570,11.022562,0.011110,0.005008,11.574023,0,0
0,3,3,put both the alphabet soup and the tomato sauce in the basket,FULL_HIT,0.998824,0.005231,0.001953,0.344250,10.296387,0.011861,0.004721,10.761489,0,0
0,3,4,put both the alphabet soup and the tomato sauce in the basket,FULL_HIT,0.998816,0.005828,0.002292,0.501956,13.314710,0.012861,0.005556,13.954467,0,0
0,3,5,put both the alphabet soup and the tomato sauce in the basket,FULL_HIT,0.998823,0.006031,0.002911,0.995486,14.175702,0.018389,0.006942,15.332931,0,0
0,3,6,put both the alphabet soup and the tomato sauce in the basket,FULL_HIT,0.998823,0.005480,0.002346,0.542003,12.378468,0.012938,0.005189,13.064208,0,0
0,3,7,put both the alphabet soup and the tomato sauce in the basket,FULL_HIT,0.998815,0.005187,0.002315,0.495964,12.977913,0.013764,0.006886,13.624294,0,0
0,3,8,put both the alphabet soup and the tomato sauce in the basket,FULL_HIT,0.998807,0.007082,0.002735,0.894914,14.944434,0.017813,0.006927,16.026985,0,0
0,3,9,put both the alphabet soup and the tomato sauce in the basket,FULL_HIT,0.998803,0.006098,0.002133,0.571795,13.184278,0.014555,0.006099,13.904501,0,0
0,3,10,put both the alphabet soup and the tomato sauce in the basket,FULL_HIT,0.998788,0.005307,0.002128,0.506223,12.169863,0.010936,0.004748,12.804649,0,0
0,3,11,put both the alphabet soup and the tomato sauce in the basket,FULL_HIT,0.998760,0.004618,0.002289,0.360020,12.734566,0.012605,0.004887,13.219610,0,0
0,3,12,put both the alphabet soup and the tomato sauce in the basket,FULL_HIT,0.998663,0.005630,0.002293,0.444709,11.749986,0.012307,0.004979,12.329423,0,0
0,3,13,put both the alphabet soup and the tomato sauce in the basket,FULL_HIT,0.998704,0.004744,0.001886,0.416564,11.100988,0.012444,0.004734,11.642736,0,0
0,3,14,put both the alphabet soup and the tomato sauce in the basket,FULL_HIT,0.998707,0.005312,0.002422,0.546944,10.327250,0.012010,0.004665,11.012399,0,0
0,3,15,put both the alphabet soup and the tomato sauce in the basket,FULL_HIT,0.998703,0.007005,0.002418,0.619438,14.865340,0.016895,0.006964,15.688759,0,0
0,3,16,put both the alphabet soup and the tomato sauce in the basket,FULL_HIT,0.998701,0.005296,0.001878,0.551444,11.460493,0.013272,0.004838,12.151145,0,0
0,3,17,put both the alphabet soup and the tomato sauce in the basket,FULL_HIT,0.998647,0.004592,0.002172,0.426510,12.116005,0.012742,0.005333,12.677245,0,0
0,3,18,put both the alphabet soup and the tomato sauce in the basket,FULL_HIT,0.998547,0.004823,0.002266,0.407012,11.008571,0.011969,0.004777,11.540575,0,0
0,3,19,put both the alphabet soup and the tomato sauce in the basket,FULL_HIT,0.998417,0.004923,0.002206,0.600953,10.347145,0.011982,0.004900,11.077849,0,0
0,3,20,put both the alphabet soup and the tomato sauce in the basket,FULL_HIT,0.998237,0.065752,0.002421,0.476456,12.159803,0.011892,0.004699,12.850055,0,0
0,3,21,put both the alphabet soup and the tomato sauce in the basket,FULL_HIT,0.998121,0.005370,0.001956,0.378715,10.309581,0.011206,0.004800,10.816292,0,0
0,3,22,put both the alphabet soup and the tomato sauce in the basket,FULL_HIT,0.998091,0.005505,0.002362,0.593219,11.029583,0.012313,0.005021,11.759761,0,0
0,3,23,put both the alphabet soup and the tomato sauce in the basket,FULL_HIT,0.998065,0.005318,0.002431,0.511069,14.129945,0.019314,0.009698,14.816801,0,0
0,3,24,put both the alphabet soup and the tomato sauce in the basket,FULL_HIT,0.998078,0.005117,0.002137,0.396468,12.244123,0.012909,0.004377,12.765875,0,0
0,3,25,put both the alphabet soup and the tomato sauce in the basket,FULL_HIT,0.998172,0.004539,0.002054,0.445017,12.302684,0.012733,0.005660,12.879900,0,0
0,3,26,put both the alphabet soup and the tomato sauce in the basket,FULL_HIT,0.998189,0.006431,0.002986,0.646950,11.485978,0.011912,0.004422,12.290666,0,0
0,3,27,put both the alphabet soup and the tomato sauce in the basket,FULL_HIT,0.998277,0.005464,0.002107,0.511483,10.800010,0.012549,0.004789,11.446134,0,0
0,3,28,put both the alphabet soup and the tomato sauce in the basket,FULL_HIT,0.998238,0.005069,0.002181,0.746297,12.910674,0.013089,0.005324,13.801256,0,0
0,3,29,put both the alphabet soup and the tomato sauce in the basket,FULL_HIT,0.998302,0.005159,0.002439,0.453676,12.127265,0.011713,0.004658,12.711592,0,0
0,3,30,put both the alphabet soup and the tomato sauce in the basket,FULL_HIT,0.997849,0.005315,0.002250,0.473317,10.237315,0.012488,0.004601,10.840165,0,0
0,3,31,put both the alphabet soup and the tomato sauce in the basket,FULL_HIT,0.997990,0.005189,0.002108,0.393379,10.364263,0.019772,0.007289,11.071705,0,0
0,3,32,put both the alphabet soup and the tomato sauce in the basket,FULL_HIT,0.997893,0.005594,0.002106,0.470484,10.766608,0.012160,0.004342,11.371475,0,0
0,3,33,put both the alphabet soup and the tomato sauce in the basket,FULL_HIT,0.998121,0.004892,0.002386,0.541263,11.187954,0.013948,0.006197,11.869361,0,0
0,3,34,put both the alphabet soup and the tomato sauce in the basket,FULL_HIT,0.998438,0.004891,0.002316,0.374996,10.992494,0.012393,0.004838,11.495574,0,0
0,3,35,put both the alphabet soup and the tomato sauce in the basket,FULL_HIT,0.998376,0.005146,0.002302,0.482922,11.359267,0.011870,0.005156,11.970489,0,0
0,3,36,put both the alphabet soup and the tomato sauce in the basket,FULL_HIT,0.998453,0.005092,0.002110,0.520196,10.459750,0.011394,0.004970,11.114533,0,0
0,3,37,put both the alphabet soup and the tomato sauce in the basket,FULL_HIT,0.998453,0.005749,0.002148,0.592160,14.285326,0.016155,0.007135,15.040651,0,0
0,3,38,put both the alphabet soup and the tomato sauce in the basket,FULL_HIT,0.998472,0.004890,0.002205,0.444527,12.327497,0.011293,0.005095,12.903835,0,0
0,3,39,put both the alphabet soup and the tomato sauce in the basket,FULL_HIT,0.998471,0.004744,0.001888,0.774806,12.637552,0.012172,0.005226,13.546702,0,0
0,3,40,put both the alphabet soup and the tomato sauce in the basket,FULL_HIT,0.998538,0.005312,0.002718,0.527240,14.364300,0.012894,0.005453,15.039059,0,0
0,3,41,put both the alphabet soup and the tomato sauce in the basket,FULL_HIT,0.998389,0.006245,0.002533,1.693985,12.326796,0.011765,0.004756,14.171115,0,0
0,3,42,put both the alphabet soup and the tomato sauce in the basket,FULL_HIT,0.998438,0.004811,0.002186,0.602619,12.092950,0.012175,0.004552,12.841879,0,0
0,3,43,put both the alphabet soup and the tomato sauce in the basket,FULL_HIT,0.998446,0.004961,0.002286,0.334465,9.852757,0.012043,0.004280,10.307859,0,0
0,3,44,put both the alphabet soup and the tomato sauce in the basket,FULL_HIT,0.998415,0.004997,0.002353,0.525043,11.180484,0.010830,0.004783,11.829323,0,0
0,3,45,put both the alphabet soup and the tomato sauce in the basket,FULL_HIT,0.998453,0.005303,0.001641,0.448156,12.306120,0.012875,0.004997,12.888867,0,0
0,3,46,put both the alphabet soup and the tomato sauce in the basket,FULL_HIT,0.998398,0.006457,0.002640,0.537611,10.109823,0.011240,0.004439,10.787752,0,0
0,3,47,put both the alphabet soup and the tomato sauce in the basket,FULL_HIT,0.997171,0.007341,0.003477,0.636237,11.222005,0.011580,0.004860,12.009565,0,0
0,3,48,put both the alphabet soup and the tomato sauce in the basket,FULL_HIT,0.997174,0.006046,0.002624,0.579227,18.741589,0.013404,0.004671,19.473708,0,0
0,3,49,put both the alphabet soup and the tomato sauce in the basket,FULL_HIT,0.997173,0.015529,0.004798,0.875328,11.781141,0.012103,0.005082,13.036100,0,0
0,3,50,put both the alphabet soup and the tomato sauce in the basket,FULL_HIT,0.997182,0.005598,0.002334,0.606104,11.618763,0.012257,0.004798,12.365449,0,0
0,3,51,put both the alphabet soup and the tomato sauce in the basket,FULL_HIT,0.997170,0.005118,0.002408,0.608478,11.607625,0.013199,0.005608,12.364178,0,0
0,3,52,put both the alphabet soup and the tomato sauce in the basket,FULL_HIT,0.997202,0.006495,0.002576,0.420891,9.919179,0.011065,0.004148,10.469524,0,0
0,3,53,put both the alphabet soup and the tomato sauce in the basket,FULL_HIT,0.997197,0.004948,0.002319,0.364913,10.056642,0.011136,0.004255,10.544522,0,0
0,3,54,put both the alphabet soup and the tomato sauce in the basket,FULL_HIT,0.997584,0.004855,0.002108,0.347902,11.149471,0.010183,0.004667,11.618673,0,0
0,3,55,put both the alphabet soup and the tomato sauce in the basket,FULL_HIT,0.997927,0.005214,0.002202,0.444378,11.221440,0.012945,0.005109,11.805272,0,0
0,3,56,put both the alphabet soup and the tomato sauce in the basket,FULL_HIT,0.997978,0.006987,0.002648,1.000064,12.556226,0.012258,0.004872,13.719836,0,0
0,3,57,put both the alphabet soup and the tomato sauce in the basket,FULL_HIT,0.997978,0.006599,0.002501,0.571812,12.939248,0.011690,0.004956,13.656515,0,0
0,3,58,put both the alphabet soup and the tomato sauce in the basket,FULL_HIT,0.998291,0.004777,0.002057,0.454698,11.231237,0.012663,0.004757,11.813118,0,0
0,4,0,put both the alphabet soup and the tomato sauce in the basket,FULL_HIT,0.998871,0.004838,0.001922,0.504475,13.152402,0.014245,0.006828,13.803140,0,0
0,4,1,put both the alphabet soup and the tomato sauce in the basket,FULL_HIT,0.998848,0.005313,0.001813,0.688705,13.231039,0.017845,0.007690,14.087694,0,0
0,4,2,put both the alphabet soup and the tomato sauce in the basket,FULL_HIT,0.998837,0.006116,0.002660,0.505936,11.750429,0.012376,0.005045,12.400429,0,0
0,4,3,put both the alphabet soup and the tomato sauce in the basket,FULL_HIT,0.998849,0.004728,0.002063,0.426051,11.797242,0.012221,0.004766,12.378865,0,0
0,4,4,put both the alphabet soup and the tomato sauce in the basket,FULL_HIT,0.998854,0.005177,0.002053,0.709936,10.923188,0.011748,0.004773,11.771632,0,0
0,4,5,put both the alphabet soup and the tomato sauce in the basket,FULL_HIT,0.998841,0.006848,0.002339,0.557744,13.610232,0.011403,0.004501,14.306581,0,0
0,4,6,put both the alphabet soup and the tomato sauce in the basket,FULL_HIT,0.998825,0.006207,0.002333,0.529068,12.721465,0.012831,0.005123,13.414328,0,0
0,4,7,put both the alphabet soup and the tomato sauce in the basket,FULL_HIT,0.998816,0.005414,0.002100,0.450942,13.729825,0.011924,0.004971,14.311871,0,0
0,4,8,put both the alphabet soup and the tomato sauce in the basket,FULL_HIT,0.998819,0.005381,0.002226,0.419098,12.284600,0.013004,0.005272,12.835687,0,0
0,4,9,put both the alphabet soup and the tomato sauce in the basket,FULL_HIT,0.998817,0.005305,0.002404,0.553616,12.128123,0.011083,0.004785,12.819877,0,0
0,4,10,put both the alphabet soup and the tomato sauce in the basket,FULL_HIT,0.998807,0.006366,0.002526,0.860104,10.002719,0.011802,0.004996,11.015005,0,0
0,4,11,put both the alphabet soup and the tomato sauce in the basket,FULL_HIT,0.998791,0.006387,0.002802,0.519648,12.415738,0.011671,0.004905,13.075029,0,0
0,4,12,put both the alphabet soup and the tomato sauce in the basket,FULL_HIT,0.998768,0.006562,0.002622,0.531477,13.039595,0.011169,0.004358,13.707776,0,0
0,4,13,put both the alphabet soup and the tomato sauce in the basket,FULL_HIT,0.998341,0.004907,0.001941,0.482089,11.769019,0.011540,0.004850,12.379691,0,0
0,4,14,put both the alphabet soup and the tomato sauce in the basket,FULL_HIT,0.998754,0.007096,0.002500,0.491842,10.071589,0.012381,0.004603,10.703430,0,0
0,4,15,put both the alphabet soup and the tomato sauce in the basket,FULL_HIT,0.998670,0.006196,0.002446,0.522296,14.891399,0.017565,0.008318,15.616925,0,0
0,4,16,put both the alphabet soup and the tomato sauce in the basket,FULL_HIT,0.998586,0.005546,0.002463,0.546797,12.755056,0.011412,0.005160,13.439073,0,0
0,4,17,put both the alphabet soup and the tomato sauce in the basket,FULL_HIT,0.998577,0.006158,0.002786,0.903652,11.417962,0.013251,0.006212,12.488441,0,0
0,4,18,put both the alphabet soup and the tomato sauce in the basket,FULL_HIT,0.998643,0.005031,0.002022,0.453937,13.235441,0.012039,0.005924,13.822512,0,0
0,4,19,put both the alphabet soup and the tomato sauce in the basket,FULL_HIT,0.998654,0.004958,0.002221,0.392574,11.313185,0.011838,0.005057,11.835195,0,0
0,4,20,put both the alphabet soup and the tomato sauce in the basket,FULL_HIT,0.998654,0.005748,0.002315,0.603828,11.155782,0.010930,0.004979,11.910302,0,0
0,4,21,put both the alphabet soup and the tomato sauce in the basket,FULL_HIT,0.998660,0.005379,0.002139,0.400502,11.740718,0.011370,0.004742,12.271710,0,0
0,4,22,put both the alphabet soup and the tomato sauce in the basket,FULL_HIT,0.998652,0.005801,0.002471,0.530698,12.541441,0.013484,0.005327,13.217255,0,0
0,4,23,put both the alphabet soup and the tomato sauce in the basket,FULL_HIT,0.998655,0.004940,0.002143,0.355706,10.549821,0.011799,0.004343,11.031793,0,0
0,4,24,put both the alphabet soup and the tomato sauce in the basket,FULL_HIT,0.998676,0.004856,0.002339,0.449463,10.182269,0.011901,0.004578,10.759939,0,0
0,4,25,put both the alphabet soup and the tomato sauce in the basket,FULL_HIT,0.998717,0.005432,0.002613,0.483734,10.023518,0.011855,0.004777,10.640982,0,0
0,4,26,put both the alphabet soup and the tomato sauce in the basket,FULL_HIT,0.998676,0.005879,0.002354,0.541620,11.150681,0.012819,0.005041,11.828950,0,0
0,4,27,put both the alphabet soup and the tomato sauce in the basket,FULL_HIT,0.998653,0.004703,0.001849,0.450021,11.686380,0.013948,0.005289,12.273283,0,0
0,4,28,put both the alphabet soup and the tomato sauce in the basket,FULL_HIT,0.998679,0.006330,0.002060,0.540656,14.193300,0.013971,0.004930,14.897961,0,0
0,4,29,put both the alphabet soup and the tomato sauce in the basket,FULL_HIT,0.998692,0.006319,0.002349,0.631478,11.218328,0.011359,0.004951,11.988871,0,0
0,4,30,put both the alphabet soup and the tomato sauce in the basket,FULL_HIT,0.998700,0.005383,0.002389,0.474711,11.472842,0.012219,0.004813,12.085316,0,0
0,4,31,put both the alphabet soup and the tomato sauce in the basket,FULL_HIT,0.998705,0.004705,0.001968,0.337879,9.244551,0.010687,0.004097,9.701646,0,0
0,4,32,put both the alphabet soup and the tomato sauce in the basket,FULL_HIT,0.998719,0.005296,0.002386,0.324839,9.318202,0.010923,0.004112,9.759985,0,0
0,4,33,put both the alphabet soup and the tomato sauce in the basket,FULL_HIT,0.998691,0.005011,0.002134,0.528696,9.317531,0.011358,0.004171,9.968890,0,0
0,4,34,put both the alphabet soup and the tomato sauce in the basket,FULL_HIT,0.998730,0.004722,0.001954,0.294980,10.715646,0.011178,0.004419,11.122934,0,0
0,4,35,put both the alphabet soup and the tomato sauce in the basket,FULL_HIT,0.998748,0.005262,0.001676,0.410377,10.925091,0.011099,0.004989,11.474961,0,0
0,4,36,put both the alphabet soup and the tomato sauce in the basket,FULL_HIT,0.998781,0.005394,0.002230,0.425508,11.966793,0.012429,0.004889,12.525185,0,0
0,4,37,put both the alphabet soup and the tomato sauce in the basket,FULL_HIT,0.998786,0.005956,0.003193,0.481039,13.041397,0.012080,0.005145,13.667023,0,0
0,4,38,put both the alphabet soup and the tomato sauce in the basket,FULL_HIT,0.998779,0.005645,0.002045,0.462766,10.733320,0.011063,0.004862,11.323572,0,0
0,4,39,put both the alphabet soup and the tomato sauce in the basket,FULL_HIT,0.998803,0.005611,0.002451,0.566754,14.918172,0.010938,0.004950,15.623366,0,0
0,4,40,put both the alphabet soup and the tomato sauce in the basket,FULL_HIT,0.998805,0.005258,0.002021,0.435248,12.267490,0.012154,0.005197,12.839551,0,0
0,4,41,put both the alphabet soup and the tomato sauce in the basket,FULL_HIT,0.998098,0.005807,0.002152,0.526359,12.106038,0.012415,0.005744,12.773105,0,0
0,4,42,put both the alphabet soup and the tomato sauce in the basket,FULL_HIT,0.998618,0.004709,0.002281,0.473215,10.222943,0.010909,0.004809,10.826875,0,0
0,4,43,put both the alphabet soup and the tomato sauce in the basket,FULL_HIT,0.998563,0.005351,0.001969,0.438814,10.148957,0.012237,0.004726,10.735203,0,0
0,4,44,put both the alphabet soup and the tomato sauce in the basket,FULL_HIT,0.998407,0.005092,0.001972,0.412920,11.664769,0.011464,0.004157,12.204139,0,0
0,4,45,put both the alphabet soup and the tomato sauce in the basket,FULL_HIT,0.998272,0.005044,0.002216,0.372630,10.093758,0.011513,0.004824,10.593727,0,0
0,4,46,put both the alphabet soup and the tomato sauce in the basket,FULL_HIT,0.998209,0.004739,0.002009,0.499159,9.952656,0.012274,0.004588,10.589436,0,0
0,4,47,put both the alphabet soup and the tomato sauce in the basket,FULL_HIT,0.998164,0.005761,0.002096,0.415254,11.695480,0.011959,0.005128,12.247320,0,0
0,4,48,put both the alphabet soup and the tomato sauce in the basket,FULL_HIT,0.998271,0.005484,0.002112,0.415396,10.517382,0.010849,0.005062,11.074080,0,0
0,4,49,put both the alphabet soup and the tomato sauce in the basket,FULL_HIT,0.998341,0.005749,0.001906,0.423028,11.745148,0.012323,0.005148,12.342846,0,0
0,4,50,put both the alphabet soup and the tomato sauce in the basket,FULL_HIT,0.998378,0.005108,0.001886,0.425578,11.983810,0.011291,0.005518,12.539659,0,0
0,4,51,put both the alphabet soup and the tomato sauce in the basket,FULL_HIT,0.998275,0.005950,0.002525,0.356674,12.629277,0.015524,0.006039,13.165336,0,0
0,4,52,put both the alphabet soup and the tomato sauce in the basket,FULL_HIT,0.998298,0.004981,0.002169,0.309264,10.813516,0.011755,0.004959,11.247336,0,0
0,4,53,put both the alphabet soup and the tomato sauce in the basket,FULL_HIT,0.998070,0.005376,0.001994,0.316612,9.769942,0.011128,0.004455,10.209739,0,0
0,4,0,turn on the stove and put the moka pot on it,FULL_HIT,0.998868,0.005239,0.001960,0.408939,14.670479,0.014119,0.005703,15.233219,0,0
0,4,1,turn on the stove and put the moka pot on it,FULL_HIT,0.998854,0.005152,0.002363,0.563774,13.814438,0.014540,0.005464,14.525273,0,0
0,4,2,turn on the stove and put the moka pot on it,FULL_HIT,0.998812,0.005029,0.002054,0.497128,10.997143,0.011808,0.005343,11.641963,0,0
0,4,3,turn on the stove and put the moka pot on it,FULL_HIT,0.998793,0.005753,0.002325,0.558303,11.868619,0.011445,0.004707,12.559110,0,0
0,4,4,turn on the stove and put the moka pot on it,FULL_HIT,0.998790,0.005908,0.002598,0.622343,12.075747,0.011583,0.005183,12.842860,0,0
0,4,5,turn on the stove and put the moka pot on it,FULL_HIT,0.998802,0.005749,0.002565,0.661552,15.431631,0.012889,0.005847,16.246594,0,0
0,4,6,turn on the stove and put the moka pot on it,FULL_HIT,0.998788,0.005750,0.002358,0.507297,12.772094,0.012553,0.004795,13.414768,0,0
0,4,7,turn on the stove and put the moka pot on it,FULL_HIT,0.998798,0.005041,0.001996,0.442438,11.922076,0.012900,0.005853,12.508841,0,0
0,4,8,turn on the stove and put the moka pot on it,FULL_HIT,0.998793,0.005380,0.001964,0.516914,10.746733,0.011904,0.005293,11.401580,0,0
0,4,9,turn on the stove and put the moka pot on it,FULL_HIT,0.998783,0.005488,0.002356,0.512895,12.127415,0.012329,0.004852,12.775581,0,0
0,4,10,turn on the stove and put the moka pot on it,FULL_HIT,0.998658,0.005156,0.002107,0.347478,10.948267,0.011674,0.004735,11.419184,0,0
0,4,11,turn on the stove and put the moka pot on it,FULL_HIT,0.997440,0.005171,0.002193,0.502973,12.155039,0.014407,0.005813,12.825957,0,0
0,4,12,turn on the stove and put the moka pot on it,FULL_HIT,0.997485,0.005044,0.002222,0.375803,11.999085,0.012286,0.005506,12.505889,0,0
0,4,13,turn on the stove and put the moka pot on it,FULL_HIT,0.997699,0.005175,0.002033,0.406602,9.989530,0.012128,0.005584,10.522408,0,0
0,4,14,turn on the stove and put the moka pot on it,FULL_HIT,0.998042,0.004888,0.002023,0.349051,9.964000,0.020719,0.005127,10.448086,0,0
0,4,15,turn on the stove and put the moka pot on it,FULL_HIT,0.997989,0.005128,0.001709,0.444290,10.778285,0.010843,0.004801,11.344077,0,0
0,4,16,turn on the stove and put the moka pot on it,FULL_HIT,0.997708,0.004620,0.002173,0.340080,10.752459,0.012711,0.005431,11.223937,0,0
0,4,17,turn on the stove and put the moka pot on it,FULL_HIT,0.997567,0.005133,0.002031,0.360346,9.966842,0.012256,0.004475,10.452818,0,0
0,4,18,turn on the stove and put the moka pot on it,FULL_HIT,0.997556,0.005431,0.002080,0.661480,12.184691,0.013323,0.005299,12.992799,0,0
0,4,19,turn on the stove and put the moka pot on it,FULL_HIT,0.997650,0.005307,0.002012,0.390492,11.447540,0.014996,0.005240,11.980938,0,0
0,4,20,turn on the stove and put the moka pot on it,FULL_HIT,0.998040,0.005067,0.002054,0.340161,10.064606,0.010881,0.005095,10.528173,0,0
0,4,21,turn on the stove and put the moka pot on it,FULL_HIT,0.998118,0.005456,0.002158,0.940091,10.658561,0.012520,0.005532,11.743585,0,0
0,4,22,turn on the stove and put the moka pot on it,FULL_HIT,0.998501,0.005442,0.002237,0.534358,11.066150,0.013609,0.004876,11.739239,0,0
0,4,23,turn on the stove and put the moka pot on it,FULL_HIT,0.998376,0.004524,0.001977,0.378537,12.507216,0.011501,0.004994,13.010561,0,0
0,4,24,turn on the stove and put the moka pot on it,FULL_HIT,0.998419,0.005006,0.002062,0.312298,10.610835,0.011484,0.004570,11.044576,0,0
0,4,25,turn on the stove and put the moka pot on it,FULL_HIT,0.998298,0.004751,0.002116,0.325826,9.535953,0.010599,0.003994,9.972838,0,0
0,4,26,turn on the stove and put the moka pot on it,FULL_HIT,0.998240,0.005682,0.002633,0.575794,13.115095,0.011831,0.005123,13.841673,0,0
0,4,27,turn on the stove and put the moka pot on it,FULL_HIT,0.998353,0.015611,0.004636,1.022014,11.709479,0.011801,0.005278,12.942965,0,0
0,4,28,turn on the stove and put the moka pot on it,FULL_HIT,0.998501,0.004929,0.002090,0.359313,13.194241,0.012462,0.005254,13.683796,0,0
0,4,29,turn on the stove and put the moka pot on it,FULL_HIT,0.998577,0.005196,0.002413,0.492444,13.411281,0.011041,0.004867,14.039706,0,0
0,4,30,turn on the stove and put the moka pot on it,FULL_HIT,0.998609,0.006358,0.002751,0.508847,12.082291,0.012829,0.005300,12.743845,0,0
0,4,31,turn on the stove and put the moka pot on it,FULL_HIT,0.998565,0.005910,0.002316,0.562637,11.810014,0.011088,0.004996,12.513247,0,0
0,4,32,turn on the stove and put the moka pot on it,FULL_HIT,0.998521,0.005373,0.001995,0.407541,10.269042,0.012205,0.005173,10.813805,0,0
0,4,33,turn on the stove and put the moka pot on it,FULL_HIT,0.998541,0.005855,0.002703,0.677763,11.815748,0.013379,0.005187,12.652122,0,0
0,4,34,turn on the stove and put the moka pot on it,FULL_HIT,0.998599,0.004892,0.002055,0.418684,12.139698,0.014413,0.007072,12.709147,0,0
0,4,35,turn on the stove and put the moka pot on it,FULL_HIT,0.998612,0.005615,0.002410,0.490169,11.956901,0.091028,0.006930,12.690014,0,0
0,4,36,turn on the stove and put the moka pot on it,FULL_HIT,0.998612,0.005631,0.002134,0.379225,12.705773,0.012756,0.005354,13.232382,0,0
0,4,37,turn on the stove and put the moka pot on it,FULL_HIT,0.998616,0.005106,0.001913,0.380013,12.982559,0.012048,0.005172,13.495726,0,0
0,4,38,turn on the stove and put the moka pot on it,FULL_HIT,0.998635,0.004913,0.001852,0.518102,12.117298,0.015119,0.006074,12.779623,0,0
0,4,39,turn on the stove and put the moka pot on it,FULL_HIT,0.998375,0.005497,0.002352,0.763828,13.015633,0.011325,0.005223,13.919637,0,0
0,4,40,turn on the stove and put the moka pot on it,FULL_HIT,0.998546,0.004911,0.002199,0.386476,11.587511,0.014448,0.006387,12.115762,0,0
0,4,41,turn on the stove and put the moka pot on it,FULL_HIT,0.998402,0.004810,0.001875,0.435700,12.275116,0.013434,0.004992,12.861540,0,0
0,4,42,turn on the stove and put the moka pot on it,FULL_HIT,0.997100,0.004720,0.002039,0.336769,10.061841,0.010690,0.005089,10.523769,0,0
0,4,43,turn on the stove and put the moka pot on it,FULL_HIT,0.997945,0.004869,0.002032,0.314254,11.355678,0.011838,0.005223,11.794315,0,0
0,4,44,turn on the stove and put the moka pot on it,FULL_HIT,0.997896,0.004584,0.001928,0.355537,11.013002,0.014956,0.006992,11.525899,0,0
0,4,45,turn on the stove and put the moka pot on it,FULL_HIT,0.998178,0.004819,0.001950,0.324956,10.238273,0.012832,0.005205,10.686863,0,0
0,4,46,turn on the stove and put the moka pot on it,FULL_HIT,0.998286,0.004813,0.002053,0.359784,9.422271,0.009822,0.004468,9.892782,0,0
0,4,47,turn on the stove and put the moka pot on it,FULL_HIT,0.998288,0.004455,0.001900,0.372306,10.180583,0.011371,0.005279,10.672404,0,0
0,4,48,turn on the stove and put the moka pot on it,FULL_HIT,0.998331,0.004836,0.001890,0.359830,10.128135,0.012204,0.005196,10.632777,0,0
0,4,49,turn on the stove and put the moka pot on it,FULL_HIT,0.998143,0.006179,0.002580,0.485107,10.967989,0.017346,0.006324,11.624423,0,0
0,5,0,put both the cream cheese box and the butter in the basket,FULL_HIT,0.998871,0.005205,0.002267,0.452313,14.170863,0.011744,0.005180,14.757077,0,0
0,5,1,put both the cream cheese box and the butter in the basket,FULL_HIT,0.998839,0.006145,0.002970,0.530869,10.757928,0.012289,0.005019,11.449040,0,0
0,5,2,put both the cream cheese box and the butter in the basket,FULL_HIT,0.998831,0.005788,0.002326,0.506598,11.858377,0.013342,0.005773,12.508960,0,0
0,5,3,put both the cream cheese box and the butter in the basket,FULL_HIT,0.998828,0.005332,0.002122,0.501425,9.309341,0.011530,0.005047,9.943952,0,0
0,5,4,put both the cream cheese box and the butter in the basket,FULL_HIT,0.998833,0.007292,0.002889,0.686397,9.135375,0.011789,0.004447,9.987457,0,0
0,5,5,put both the cream cheese box and the butter in the basket,FULL_HIT,0.998830,0.005903,0.002244,0.518981,11.464887,0.011478,0.005132,12.115389,0,0
0,5,6,put both the cream cheese box and the butter in the basket,FULL_HIT,0.998820,0.005328,0.002030,0.375361,13.269140,0.012177,0.004929,13.772219,0,0
0,5,7,put both the cream cheese box and the butter in the basket,FULL_HIT,0.998777,0.004878,0.001941,0.402929,9.693403,0.011257,0.005715,10.221405,0,0
0,5,8,put both the cream cheese box and the butter in the basket,FULL_HIT,0.998763,0.005166,0.001925,0.422598,9.785540,0.012123,0.003636,10.331514,0,0
0,5,9,put both the cream cheese box and the butter in the basket,FULL_HIT,0.998760,0.005773,0.002084,0.468935,12.185085,0.012434,0.005668,12.788774,0,0
0,5,10,put both the cream cheese box and the butter in the basket,FULL_HIT,0.998660,0.004931,0.001975,0.346037,12.447246,0.012252,0.005153,12.920097,0,0
0,5,11,put both the cream cheese box and the butter in the basket,FULL_HIT,0.998569,0.005255,0.002197,0.316301,10.516742,0.014453,0.006531,10.974148,0,0
0,5,12,put both the cream cheese box and the butter in the basket,FULL_HIT,0.998389,0.005802,0.002079,0.416270,10.279703,0.012551,0.005353,10.832630,0,0
0,5,13,put both the cream cheese box and the butter in the basket,FULL_HIT,0.998425,0.004608,0.002017,0.367528,13.923072,0.013609,0.005730,14.430231,0,0
0,5,14,put both the cream cheese box and the butter in the basket,FULL_HIT,0.998364,0.005014,0.001985,0.424270,11.043423,0.013694,0.005868,11.605763,0,0
0,5,15,put both the cream cheese box and the butter in the basket,FULL_HIT,0.998427,0.005238,0.002400,0.414644,11.273388,0.015526,0.006960,11.859835,0,0
0,5,16,put both the cream cheese box and the butter in the basket,FULL_HIT,0.998593,0.005257,0.002290,0.615149,11.823482,0.011896,0.005634,12.577363,0,0
0,5,17,put both the cream cheese box and the butter in the basket,FULL_HIT,0.998637,0.005638,0.002119,0.397595,9.413524,0.011698,0.005131,9.945261,0,0
0,5,18,put both the cream cheese box and the butter in the basket,FULL_HIT,0.998563,0.005451,0.002466,0.368337,9.460394,0.011632,0.005036,9.959915,0,0
0,5,19,put both the cream cheese box and the butter in the basket,FULL_HIT,0.998292,0.005167,0.001977,0.434048,10.078648,0.010720,0.004878,10.641922,0,0
0,5,20,put both the cream cheese box and the butter in the basket,FULL_HIT,0.998090,0.004735,0.002294,0.435237,8.923239,0.010758,0.003974,9.475140,0,0
0,5,21,put both the cream cheese box and the butter in the basket,FULL_HIT,0.998206,0.004989,0.001918,0.308411,9.947769,0.010461,0.004355,10.374197,0,0
0,5,22,put both the cream cheese box and the butter in the basket,FULL_HIT,0.998320,0.004717,0.001751,0.340827,10.128407,0.011323,0.004572,10.597873,0,0
0,5,23,put both the cream cheese box and the butter in the basket,FULL_HIT,0.998374,0.005345,0.002530,0.609418,13.724705,0.016785,0.021723,14.519709,0,0
0,5,24,put both the cream cheese box and the butter in the basket,FULL_HIT,0.998427,0.005427,0.002135,0.571532,11.159690,0.011985,0.005472,11.867056,0,0
0,5,25,put both the cream cheese box and the butter in the basket,FULL_HIT,0.998539,0.005513,0.002325,0.579527,11.476422,0.011511,0.004818,12.193337,0,0
0,5,26,put both the cream cheese box and the butter in the basket,FULL_HIT,0.998530,0.006569,0.002385,0.565442,9.060559,0.014532,0.006103,9.827775,0,0
0,5,27,put both the cream cheese box and the butter in the basket,FULL_HIT,0.996998,0.005677,0.002407,0.353067,10.260265,0.011241,0.005274,10.747247,0,0
0,5,28,put both the cream cheese box and the butter in the basket,FULL_HIT,0.998402,0.005448,0.001980,0.450439,10.579644,0.012083,0.005718,11.157057,0,0
0,5,29,put both the cream cheese box and the butter in the basket,FULL_HIT,0.998517,0.005460,0.002139,0.502923,10.284922,0.012352,0.005740,10.927722,0,0
0,5,30,put both the cream cheese box and the butter in the basket,FULL_HIT,0.998427,0.005457,0.002062,0.387702,9.798791,0.010866,0.005060,10.313972,0,0
0,5,31,put both the cream cheese box and the butter in the basket,FULL_HIT,0.998361,0.005034,0.002038,0.393175,11.210386,0.012293,0.004706,11.730014,0,0
0,5,32,put both the cream cheese box and the butter in the basket,FULL_HIT,0.998438,0.004918,0.002050,0.330016,8.711179,0.010215,0.004047,9.155887,0,0
0,5,33,put both the cream cheese box and the butter in the basket,FULL_HIT,0.998529,0.005836,0.002171,0.384203,8.568811,0.011005,0.004184,9.075487,0,0
0,5,34,put both the cream cheese box and the butter in the basket,FULL_HIT,0.998480,0.006633,0.002343,0.697396,11.549038,0.012370,0.005106,12.395038,0,0
0,5,35,put both the cream cheese box and the butter in the basket,FULL_HIT,0.998490,0.006195,0.002571,0.616258,13.159719,0.013981,0.005603,13.938782,0,0
0,5,36,put both the cream cheese box and the butter in the basket,FULL_HIT,0.998507,0.005227,0.002091,0.373999,10.956648,0.013851,0.005864,11.465364,0,0
0,5,37,put both the cream cheese box and the butter in the basket,FULL_HIT,0.998421,0.005599,0.002121,0.428069,10.993532,0.013813,0.006320,11.557592,0,0
0,5,38,put both the cream cheese box and the butter in the basket,FULL_HIT,0.998300,0.005421,0.002317,0.534870,11.854302,0.012875,0.005614,12.525077,0,0
0,5,39,put both the cream cheese box and the butter in the basket,FULL_HIT,0.998367,0.005577,0.002239,0.347462,9.723509,0.010812,0.005273,10.198653,0,0
0,5,40,put both the cream cheese box and the butter in the basket,FULL_HIT,0.998393,0.004852,0.001935,0.336557,10.546034,0.011759,0.004940,11.008145,0,0
0,5,41,put both the cream cheese box and the butter in the basket,FULL_HIT,0.998497,0.005138,0.002043,0.370791,9.851584,0.011189,0.005110,10.348602,0,0
0,5,42,put both the cream cheese box and the butter in the basket,FULL_HIT,0.998616,0.004807,0.002001,0.347205,9.459055,0.010793,0.004838,9.927997,0,0
0,5,43,put both the cream cheese box and the butter in the basket,FULL_HIT,0.998707,0.005592,0.001960,0.413206,12.770502,0.010690,0.004683,13.307795,0,0
0,5,44,put both the cream cheese box and the butter in the basket,FULL_HIT,0.998696,0.005981,0.002199,0.445711,9.835991,0.013041,0.005577,10.422838,0,0
0,5,45,put both the cream cheese box and the butter in the basket,FULL_HIT,0.998668,0.005224,0.002044,0.361058,11.239992,0.013851,0.005662,11.750311,0,0
0,5,46,put both the cream cheese box and the butter in the basket,FULL_HIT,0.998621,0.004883,0.001859,0.414598,10.548646,0.014725,0.006240,11.111003,0,0
0,5,47,put both the cream cheese box and the butter in the basket,FULL_HIT,0.998643,0.005568,0.002087,0.332029,11.151583,0.012142,0.004839,11.611219,0,0
0,5,48,put both the cream cheese box and the butter in the basket,FULL_HIT,0.998505,0.004846,0.002480,0.519746,11.976425,0.012045,0.004739,12.630442,0,0
0,5,49,put both the cream cheese box and the butter in the basket,FULL_HIT,0.998520,0.005435,0.002157,0.428408,10.939572,0.011513,0.004920,11.497857,0,0
0,6,0,put both the cream cheese box and the butter in the basket,FULL_HIT,0.998871,0.005231,0.002324,0.414774,10.974173,0.013106,0.005658,11.536118,0,0
0,6,1,put both the cream cheese box and the butter in the basket,FULL_HIT,0.998834,0.005270,0.001936,0.353117,10.823456,0.017493,0.006523,11.331681,0,0
0,6,2,put both the cream cheese box and the butter in the basket,FULL_HIT,0.998810,0.005289,0.001960,0.389322,11.588017,0.012332,0.005115,12.124183,0,0
0,6,3,put both the cream cheese box and the butter in the basket,FULL_HIT,0.998794,0.004993,0.001927,0.358945,9.972766,0.012525,0.005371,10.459769,0,0
0,6,4,put both the cream cheese box and the butter in the basket,FULL_HIT,0.998795,0.004852,0.002099,0.394536,11.599742,0.013304,0.005951,12.131986,0,0
0,6,5,put both the cream cheese box and the butter in the basket,FULL_HIT,0.998791,0.005623,0.002365,0.699550,13.761609,0.012663,0.005448,14.612898,0,0
0,6,6,put both the cream cheese box and the butter in the basket,FULL_HIT,0.998790,0.005730,0.002142,0.474670,12.329889,0.012232,0.005491,12.947484,0,0
0,6,7,put both the cream cheese box and the butter in the basket,FULL_HIT,0.998805,0.005940,0.002415,0.564876,11.940362,0.012674,0.005801,12.652983,0,0
0,6,8,put both the cream cheese box and the butter in the basket,FULL_HIT,0.998751,0.006295,0.002324,0.608799,13.411185,0.012336,0.005719,14.159805,0,0
0,6,9,put both the cream cheese box and the butter in the basket,FULL_HIT,0.998694,0.020798,0.004339,1.308070,11.073455,0.015201,0.007296,12.652899,0,0
0,6,10,put both the cream cheese box and the butter in the basket,FULL_HIT,0.998337,0.005304,0.002306,0.470351,10.843159,0.028237,0.005939,11.466285,0,0
0,6,11,put both the cream cheese box and the butter in the basket,FULL_HIT,0.998143,0.004703,0.002053,0.310786,11.803416,0.013302,0.005823,12.245173,0,0
0,6,12,put both the cream cheese box and the butter in the basket,FULL_HIT,0.996860,0.004696,0.001954,0.358647,10.218969,0.010923,0.004996,10.696600,0,0
0,6,13,put both the cream cheese box and the butter in the basket,FULL_HIT,0.997319,0.004963,0.002008,0.412155,9.196817,0.010457,0.004908,9.723482,0,0
0,6,14,put both the cream cheese box and the butter in the basket,FULL_HIT,0.998020,0.004603,0.002209,0.353027,9.917168,0.012112,0.005442,10.394407,0,0
0,6,15,put both the cream cheese box and the butter in the basket,FULL_HIT,0.998274,0.006379,0.002473,0.460974,14.505501,0.014492,0.006133,15.115856,0,0
0,6,16,put both the cream cheese box and the butter in the basket,FULL_HIT,0.998063,0.005031,0.001845,0.358641,11.156850,0.012456,0.005573,11.643787,0,0
0,6,17,put both the cream cheese box and the butter in the basket,FULL_HIT,0.997995,0.005905,0.002698,0.469616,8.851837,0.011537,0.004214,9.458592,0,0
0,6,18,put both the cream cheese box and the butter in the basket,FULL_HIT,0.997856,0.005128,0.001945,0.348068,10.717908,0.012391,0.005733,11.193693,0,0
0,6,19,put both the cream cheese box and the butter in the basket,FULL_HIT,0.997963,0.005210,0.002142,0.368268,11.531943,0.011906,0.004922,12.027404,0,0
0,6,20,put both the cream cheese box and the butter in the basket,FULL_HIT,0.998125,0.004879,0.001991,0.381402,11.679995,0.012045,0.005506,12.194817,0,0
0,6,21,put both the cream cheese box and the butter in the basket,FULL_HIT,0.998098,0.012011,0.002391,0.351301,8.945474,0.010876,0.004514,9.424884,0,0
0,6,22,put both the cream cheese box and the butter in the basket,FULL_HIT,0.998203,0.006093,0.002209,0.522424,11.123624,0.011882,0.005461,11.781081,0,0
0,6,23,put both the cream cheese box and the butter in the basket,FULL_HIT,0.998215,0.005380,0.002116,0.448446,9.950975,0.012102,0.005839,10.545190,0,0
0,6,24,put both the cream cheese box and the butter in the basket,FULL_HIT,0.998385,0.004522,0.002051,0.299552,9.589905,0.011218,0.004107,10.009607,0,0
0,6,25,put both the cream cheese box and the butter in the basket,FULL_HIT,0.998431,0.004893,0.002204,0.429973,9.797861,0.011807,0.004602,10.355243,0,0
0,6,26,put both the cream cheese box and the butter in the basket,FULL_HIT,0.998491,0.004686,0.002068,0.315688,10.274507,0.012711,0.005133,10.720159,0,0
0,6,27,put both the cream cheese box and the butter in the basket,FULL_HIT,0.997686,0.005436,0.001958,0.374216,10.965844,0.013263,0.005747,11.471669,0,0
0,6,28,put both the cream cheese box and the butter in the basket,FULL_HIT,0.998435,0.004979,0.002097,0.341590,10.330211,0.011476,0.005066,10.798787,0,0
0,6,29,put both the cream cheese box and the butter in the basket,FULL_HIT,0.998339,0.004923,0.002049,0.359045,8.925795,0.011355,0.003968,9.415381,0,0
0,6,30,put both the cream cheese box and the butter in the basket,FULL_HIT,0.998267,0.005691,0.002358,0.479233,12.286449,0.015650,0.006517,12.934371,0,0
0,6,31,put both the cream cheese box and the butter in the basket,FULL_HIT,0.998270,0.004989,0.002038,0.435866,11.168269,0.014191,0.005963,11.746206,0,0
0,6,32,put both the cream cheese box and the butter in the basket,FULL_HIT,0.998299,0.004877,0.002549,0.358817,10.765062,0.014749,0.005889,11.266471,0,0
0,6,33,put both the cream cheese box and the butter in the basket,FULL_HIT,0.998455,0.005430,0.002188,0.496560,10.576195,0.012206,0.005154,11.209681,0,0
0,6,34,put both the cream cheese box and the butter in the basket,FULL_HIT,0.998477,0.004522,0.002313,0.527068,10.515032,0.012391,0.005824,11.173108,0,0
0,6,35,put both the cream cheese box and the butter in the basket,FULL_HIT,0.998384,0.005113,0.002081,0.397119,8.666291,0.010678,0.003893,9.182492,0,0
0,6,36,put both the cream cheese box and the butter in the basket,FULL_HIT,0.998176,0.005199,0.002152,0.481740,9.218089,0.011495,0.003936,9.829384,0,0
0,6,37,put both the cream cheese box and the butter in the basket,FULL_HIT,0.998320,0.005056,0.002063,0.443046,12.082009,0.013805,0.005575,12.671471,0,0
0,6,38,put both the cream cheese box and the butter in the basket,FULL_HIT,0.998387,0.005554,0.002018,0.346999,10.654411,0.012598,0.005682,11.133550,0,0
0,6,39,put both the cream cheese box and the butter in the basket,FULL_HIT,0.998307,0.007792,0.002743,0.745651,11.188653,0.014174,0.005600,12.110770,0,0
0,6,40,put both the cream cheese box and the butter in the basket,FULL_HIT,0.998248,0.004955,0.001913,0.486682,9.723678,0.012126,0.005563,10.347321,0,0
0,6,41,put both the cream cheese box and the butter in the basket,FULL_HIT,0.998219,0.005312,0.001987,0.569178,10.050675,0.010823,0.004863,10.750364,0,0
0,6,42,put both the cream cheese box and the butter in the basket,FULL_HIT,0.998288,0.004926,0.002186,0.327840,11.667912,0.014884,0.006212,12.132647,0,0
0,6,43,put both the cream cheese box and the butter in the basket,FULL_HIT,0.998227,0.009317,0.004859,0.607529,10.638404,0.011489,0.005328,11.423941,0,0
0,6,44,put both the cream cheese box and the butter in the basket,FULL_HIT,0.998150,0.005709,0.002262,0.749362,10.273255,0.011162,0.005013,11.162598,0,0
0,6,45,put both the cream cheese box and the butter in the basket,FULL_HIT,0.997993,0.005055,0.002167,0.486600,13.444149,0.014060,0.005699,14.072324,0,0
0,6,46,put both the cream cheese box and the butter in the basket,FULL_HIT,0.998189,0.005457,0.002299,0.432750,10.587968,0.011887,0.004784,11.153626,0,0
0,6,47,put both the cream cheese box and the butter in the basket,FULL_HIT,0.998117,0.005200,0.002259,0.434154,10.376500,0.012595,0.004505,10.938186,0,0
0,7,0,put both the cream cheese box and the butter in the basket,FULL_HIT,0.998871,0.027739,0.002687,0.523918,11.191253,0.010960,0.005464,11.870328,0,0
0,7,1,put both the cream cheese box and the butter in the basket,FULL_HIT,0.998797,0.007384,0.002570,1.075201,10.192369,0.012734,0.005349,11.448040,0,0
0,7,2,put both the cream cheese box and the butter in the basket,FULL_HIT,0.998764,0.005596,0.002356,0.365353,9.573648,0.013244,0.005708,10.073793,0,0
0,7,3,put both the cream cheese box and the butter in the basket,FULL_HIT,0.998721,0.006676,0.002496,1.159876,12.189882,0.011743,0.004926,13.524321,0,0
0,7,4,put both the cream cheese box and the butter in the basket,FULL_HIT,0.998717,0.227874,0.002927,0.644649,11.131194,0.012572,0.005011,12.144694,0,0
0,7,5,put both the cream cheese box and the butter in the basket,FULL_HIT,0.998706,0.005545,0.002196,0.548501,10.705984,0.012314,0.004691,11.388454,0,0
0,7,6,put both the cream cheese box and the butter in the basket,FULL_HIT,0.998720,0.004690,0.001749,0.326694,9.708872,0.011697,0.005067,10.159494,0,0
0,7,7,put both the cream cheese box and the butter in the basket,FULL_HIT,0.998643,0.011283,0.004816,0.677543,11.449482,0.010833,0.005457,12.314372,0,0
0,7,8,put both the cream cheese box and the butter in the basket,FULL_HIT,0.998555,0.004930,0.002120,0.545786,12.691037,0.012202,0.005113,13.374913,0,0
0,7,9,put both the cream cheese box and the butter in the basket,FULL_HIT,0.998576,0.005044,0.001921,0.455606,9.634547,0.012734,0.005663,10.220750,0,0
0,7,10,put both the cream cheese box and the butter in the basket,FULL_HIT,0.998397,0.004947,0.002136,0.403606,10.076413,0.011512,0.005116,10.611801,0,0
0,7,11,put both the cream cheese box and the butter in the basket,FULL_HIT,0.998349,0.005829,0.001875,0.440153,14.188995,0.013532,0.006417,14.796525,0,0
0,7,12,put both the cream cheese box and the butter in the basket,FULL_HIT,0.998600,0.006518,0.002577,0.543841,11.427949,0.012638,0.005479,12.113484,0,0
0,7,13,put both the cream cheese box and the butter in the basket,FULL_HIT,0.998457,0.004537,0.002009,0.429560,9.620263,0.011697,0.004991,10.176367,0,0
0,7,14,put both the cream cheese box and the butter in the basket,FULL_HIT,0.998465,0.005379,0.002094,0.342064,12.126389,0.011862,0.005286,12.598150,0,0
0,7,15,put both the cream cheese box and the butter in the basket,FULL_HIT,0.998458,0.005834,0.002409,0.346639,9.911961,0.011817,0.005240,10.412777,0,0
0,7,16,put both the cream cheese box and the butter in the basket,FULL_HIT,0.998526,0.006827,0.002750,0.598814,13.109514,0.012907,0.005955,13.863746,0,0
0,7,17,put both the cream cheese box and the butter in the basket,FULL_HIT,0.998532,0.004844,0.001996,0.350357,11.847584,0.013096,0.005392,12.330248,0,0
0,7,18,put both the cream cheese box and the butter in the basket,FULL_HIT,0.998492,0.006556,0.002291,0.774032,11.903961,0.012525,0.005538,12.824890,0,0
0,7,19,put both the cream cheese box and the butter in the basket,FULL_HIT,0.998420,0.005506,0.002198,0.394223,9.823867,0.011822,0.005151,10.352296,0,0
0,7,20,put both the cream cheese box and the butter in the basket,FULL_HIT,0.998369,0.005405,0.001937,0.418694,10.442664,0.011375,0.005342,10.991925,0,0
0,7,21,put both the cream cheese box and the butter in the basket,FULL_HIT,0.998466,0.004804,0.001872,0.432476,14.475814,0.016621,0.007063,15.068210,0,0
0,7,22,put both the cream cheese box and the butter in the basket,FULL_HIT,0.998536,0.005765,0.002057,0.490802,10.550660,0.012352,0.005138,11.176583,0,0
0,7,23,put both the cream cheese box and the butter in the basket,FULL_HIT,0.998587,0.007492,0.002665,0.416287,9.272594,0.011808,0.004519,9.845597,0,0
0,7,24,put both the cream cheese box and the butter in the basket,FULL_HIT,0.998548,0.005534,0.002330,0.389412,9.791552,0.012002,0.005064,10.310793,0,0
0,7,25,put both the cream cheese box and the butter in the basket,FULL_HIT,0.998382,0.005126,0.002258,0.509481,10.269338,0.010869,0.004662,10.911321,0,0
0,7,26,put both the cream cheese box and the butter in the basket,FULL_HIT,0.998205,0.004782,0.001984,0.334957,12.205219,0.014689,0.005898,12.684636,0,0
0,7,27,put both the cream cheese box and the butter in the basket,FULL_HIT,0.998450,0.006889,0.002317,0.874876,10.254271,0.012133,0.005129,11.284368,0,0
0,7,28,put both the cream cheese box and the butter in the basket,FULL_HIT,0.998474,0.005206,0.002105,0.491368,9.941678,0.011555,0.004819,10.567878,0,0
0,7,29,put both the cream cheese box and the butter in the basket,FULL_HIT,0.998535,0.005401,0.001799,0.791151,14.052682,0.012870,0.005223,14.995165,0,0
0,7,30,put both the cream cheese box and the butter in the basket,FULL_HIT,0.998531,0.005102,0.002179,0.515423,12.020476,0.012708,0.027842,12.704562,0,0
0,7,31,put both the cream cheese box and the butter in the basket,FULL_HIT,0.998462,0.004972,0.002023,0.378091,11.095443,0.011280,0.004477,11.601371,0,0
0,7,32,put both the cream cheese box and the butter in the basket,FULL_HIT,0.998395,0.004718,0.001849,0.326398,11.364376,0.012843,0.005524,11.822970,0,0
0,7,33,put both the cream cheese box and the butter in the basket,FULL_HIT,0.998282,0.005309,0.001970,0.305560,9.643778,0.012305,0.005071,10.072365,0,0
0,7,34,put both the cream cheese box and the butter in the basket,FULL_HIT,0.998258,0.004782,0.002285,0.453250,9.677538,0.011047,0.005008,10.256171,0,0
0,7,35,put both the cream cheese box and the butter in the basket,FULL_HIT,0.998267,0.004844,0.001950,0.325266,8.840176,0.011779,0.004100,9.288476,0,0
0,7,36,put both the cream cheese box and the butter in the basket,FULL_HIT,0.997897,0.004695,0.001965,0.656863,9.227092,0.011399,0.004500,10.013949,0,0
0,7,37,put both the cream cheese box and the butter in the basket,FULL_HIT,0.998246,0.005008,0.002164,0.409575,9.215164,0.010838,0.004652,9.750552,0,0
0,7,38,put both the cream cheese box and the butter in the basket,FULL_HIT,0.998288,0.005375,0.001875,0.579699,10.309136,0.015666,0.005279,11.034831,0,0
0,7,39,put both the cream cheese box and the butter in the basket,FULL_HIT,0.998218,0.005119,0.001830,0.357575,9.333180,0.084944,0.009694,9.925829,0,0
0,7,40,put both the cream cheese box and the butter in the basket,FULL_HIT,0.998068,0.005272,0.001982,0.344659,10.536414,0.012924,0.005466,11.010703,0,0
0,7,41,put both the cream cheese box and the butter in the basket,FULL_HIT,0.997983,0.004820,0.001909,1.264727,8.812528,0.010881,0.003991,10.199250,0,0
0,7,42,put both the cream cheese box and the butter in the basket,FULL_HIT,0.998232,0.006135,0.002305,0.450599,10.615646,0.010647,0.004546,11.200952,0,0
0,7,43,put both the cream cheese box and the butter in the basket,FULL_HIT,0.998459,0.005096,0.001940,0.357873,10.002426,0.012401,0.005039,10.483698,0,0
0,7,44,put both the cream cheese box and the butter in the basket,FULL_HIT,0.998413,0.004904,0.002322,0.294972,9.070167,0.011817,0.005304,9.489227,0,0
0,7,45,put both the cream cheese box and the butter in the basket,FULL_HIT,0.998206,0.005353,0.002447,0.435575,9.887165,0.011180,0.004635,10.449723,0,0
0,8,0,put both the cream cheese box and the butter in the basket,FULL_HIT,0.998871,0.005426,0.001955,0.481652,9.830618,0.012517,0.005302,10.438862,0,0
0,8,1,put both the cream cheese box and the butter in the basket,FULL_HIT,0.998814,0.006310,0.002506,0.913770,11.387343,0.013424,0.005698,12.465291,0,0
0,8,2,put both the cream cheese box and the butter in the basket,FULL_HIT,0.998761,0.005369,0.002214,0.374738,12.924980,0.012656,0.004880,13.431655,0,0
0,8,3,put both the cream cheese box and the butter in the basket,FULL_HIT,0.998761,0.005939,0.002912,0.764573,12.154447,0.013864,0.006059,13.085332,0,0
0,8,4,put both the cream cheese box and the butter in the basket,FULL_HIT,0.998743,0.006190,0.002955,0.502984,12.475431,0.012800,0.005293,13.123886,0,0
0,8,5,put both the cream cheese box and the butter in the basket,FULL_HIT,0.998717,0.005209,0.002218,0.573909,9.682311,0.012962,0.005269,10.400492,0,0
0,8,6,put both the cream cheese box and the butter in the basket,FULL_HIT,0.998702,0.006225,0.002078,0.590362,12.327441,0.033201,0.006933,13.095974,0,0
0,8,7,put both the cream cheese box and the butter in the basket,FULL_HIT,0.998723,0.005538,0.002146,0.386242,10.937103,0.011510,0.005043,11.452022,0,0
0,8,8,put both the cream cheese box and the butter in the basket,FULL_HIT,0.998722,0.005497,0.002399,0.791749,11.080884,0.011461,0.005166,12.015008,0,0
0,8,9,put both the cream cheese box and the butter in the basket,FULL_HIT,0.998705,0.005078,0.002184,2.080536,11.237054,0.012158,0.004732,13.458920,0,0
0,8,10,put both the cream cheese box and the butter in the basket,FULL_HIT,0.998709,0.005213,0.002308,0.439060,12.632894,0.010918,0.005205,13.200070,0,0
0,8,11,put both the cream cheese box and the butter in the basket,FULL_HIT,0.997988,0.006057,0.002767,0.493638,10.926746,0.012306,0.005520,11.560488,0,0
0,8,12,put both the cream cheese box and the butter in the basket,FULL_HIT,0.998568,0.005823,0.002441,0.573247,12.187178,0.011329,0.004699,12.904702,0,0
0,8,13,put both the cream cheese box and the butter in the basket,FULL_HIT,0.998480,0.006812,0.003045,0.870148,14.956770,0.019419,0.009362,16.159938,0,0
0,8,14,put both the cream cheese box and the butter in the basket,FULL_HIT,0.998552,0.004768,0.002000,0.519589,10.155913,0.011616,0.005299,10.810980,0,0
0,8,15,put both the cream cheese box and the butter in the basket,FULL_HIT,0.998547,0.006007,0.002652,0.801490,10.893398,0.012202,0.005441,11.843154,0,0
0,8,16,put both the cream cheese box and the butter in the basket,FULL_HIT,0.998451,0.004967,0.001788,0.339453,10.957121,0.013249,0.006164,11.445162,0,0
0,8,17,put both the cream cheese box and the butter in the basket,FULL_HIT,0.998327,0.005154,0.002039,0.326753,9.406567,0.011829,0.005681,9.863577,0,0
0,8,18,put both the cream cheese box and the butter in the basket,FULL_HIT,0.998268,0.004921,0.002021,0.352554,12.109224,0.030756,0.017418,12.694622,0,0
0,8,19,put both the cream cheese box and the butter in the basket,FULL_HIT,0.998268,0.005188,0.002157,0.382184,10.207472,0.011200,0.005391,10.714406,0,0
0,8,20,put both the cream cheese box and the butter in the basket,FULL_HIT,0.998135,0.004817,0.001850,0.389028,9.959486,0.009905,0.004674,10.478614,0,0
0,8,21,put both the cream cheese box and the butter in the basket,FULL_HIT,0.998214,0.004603,0.002479,0.360031,8.881879,0.010128,0.003910,9.357423,0,0
0,8,22,put both the cream cheese box and the butter in the basket,FULL_HIT,0.998309,0.007986,0.002782,0.820461,12.214004,0.011146,0.004717,13.239883,0,0
0,8,23,put both the cream cheese box and the butter in the basket,FULL_HIT,0.998352,0.004899,0.002078,0.481252,11.259264,0.014755,0.006263,11.881670,0,0
0,8,24,put both the cream cheese box and the butter in the basket,FULL_HIT,0.998345,0.005128,0.003056,0.666753,10.404726,0.010947,0.005044,11.216946,0,0
0,8,25,put both the cream cheese box and the butter in the basket,FULL_HIT,0.998258,0.005534,0.002301,0.477919,10.652459,0.010797,0.004739,11.261855,0,0
0,8,26,put both the cream cheese box and the butter in the basket,FULL_HIT,0.997964,0.004997,0.002087,0.324816,10.137366,0.011845,0.005131,10.587989,0,0
0,8,27,put both the cream cheese box and the butter in the basket,FULL_HIT,0.998251,0.007189,0.002585,0.601180,11.513858,0.012324,0.005004,12.259904,0,0
0,8,28,put both the cream cheese box and the butter in the basket,FULL_HIT,0.998283,0.005115,0.001986,0.399842,9.945385,0.012146,0.005016,10.473004,0,0
0,8,29,put both the cream cheese box and the butter in the basket,FULL_HIT,0.998428,0.004916,0.001887,0.384206,12.573716,0.013315,0.005626,13.089237,0,0
0,8,30,put both the cream cheese box and the butter in the basket,FULL_HIT,0.998517,0.004569,0.002003,0.390340,10.782587,0.013593,0.005553,11.308152,0,0
0,8,31,put both the cream cheese box and the butter in the basket,FULL_HIT,0.998602,0.006820,0.002362,0.468721,11.786104,0.011944,0.005051,12.401666,0,0
0,8,32,put both the cream cheese box and the butter in the basket,FULL_HIT,0.998660,0.004993,0.001835,0.326879,10.854686,0.093830,0.005818,11.420223,0,0
0,8,33,put both the cream cheese box and the butter in the basket,FULL_HIT,0.998674,0.006281,0.002940,0.774469,12.363850,0.012624,0.005923,13.296547,0,0
0,8,34,put both the cream cheese box and the butter in the basket,FULL_HIT,0.998613,0.005055,0.002363,0.412264,12.621254,0.012483,0.005216,13.164805,0,0
0,8,35,put both the cream cheese box and the butter in the basket,FULL_HIT,0.998546,0.014769,0.004464,0.829016,11.010373,0.011791,0.004893,12.040006,0,0
0,8,36,put both the cream cheese box and the butter in the basket,FULL_HIT,0.998245,0.005463,0.002045,0.342191,10.587560,0.012243,0.005569,11.062172,0,0
0,8,37,put both the cream cheese box and the butter in the basket,FULL_HIT,0.997456,0.005609,0.002025,0.462007,9.781330,0.012255,0.005019,10.393436,0,0
0,8,38,put both the cream cheese box and the butter in the basket,FULL_HIT,0.997711,0.005460,0.002312,0.517573,11.266025,0.019078,0.008303,11.995187,0,0
0,8,39,put both the cream cheese box and the butter in the basket,FULL_HIT,0.998117,0.005470,0.002497,0.335241,9.605360,0.015551,0.005850,10.090681,0,0
0,8,40,put both the cream cheese box and the butter in the basket,FULL_HIT,0.998233,0.005407,0.002482,0.642818,11.929972,0.015933,0.006130,12.722278,0,0
0,8,41,put both the cream cheese box and the butter in the basket,FULL_HIT,0.998317,0.007066,0.003270,0.570637,9.279404,0.012190,0.005329,10.000210,0,0
0,8,42,put both the cream cheese box and the butter in the basket,FULL_HIT,0.998319,0.005444,0.002418,0.446575,11.183453,0.011657,0.006009,11.768023,0,0
0,8,43,put both the cream cheese box and the butter in the basket,FULL_HIT,0.998331,0.005325,0.002294,0.340748,10.014873,0.012097,0.005532,10.487804,0,0
0,8,44,put both the cream cheese box and the butter in the basket,FULL_HIT,0.998306,0.004917,0.001858,0.385055,12.307469,0.013418,0.005094,12.824698,0,0
0,8,45,put both the cream cheese box and the butter in the basket,FULL_HIT,0.998271,0.005459,0.002008,0.419028,10.702862,0.016139,0.006384,11.285382,0,0
0,8,46,put both the cream cheese box and the butter in the basket,FULL_HIT,0.998259,0.006460,0.002380,0.525276,10.945574,0.012076,0.005142,11.616933,0,0
0,8,47,put both the cream cheese box and the butter in the basket,FULL_HIT,0.998260,0.005398,0.002166,0.470460,10.762155,0.011636,0.005464,11.372501,0,0
0,9,0,put both the cream cheese box and the butter in the basket,FULL_HIT,0.998871,0.005072,0.002262,0.492905,10.671829,0.012492,0.005184,11.296499,0,0
0,9,1,put both the cream cheese box and the butter in the basket,FULL_HIT,0.998837,0.005523,0.002293,0.554096,12.613660,0.015063,0.006570,13.325568,0,0
0,9,2,put both the cream cheese box and the butter in the basket,FULL_HIT,0.998792,0.005097,0.002312,0.350056,8.934960,0.010701,0.005228,9.410895,0,0
0,9,3,put both the cream cheese box and the butter in the basket,FULL_HIT,0.998731,0.004661,0.002188,0.526660,12.327365,0.011793,0.005240,12.991792,0,0
0,9,4,put both the cream cheese box and the butter in the basket,FULL_HIT,0.998733,0.005329,0.005637,0.983064,9.856008,0.011779,0.005025,11.002541,0,0
0,9,5,put both the cream cheese box and the butter in the basket,FULL_HIT,0.998730,0.004919,0.002066,0.393052,9.193018,0.011854,0.004838,9.714762,0,0
0,9,6,put both the cream cheese box and the butter in the basket,FULL_HIT,0.998717,0.005826,0.002067,0.641471,11.771579,0.013426,0.005368,12.555339,0,0
0,9,7,put both the cream cheese box and the butter in the basket,FULL_HIT,0.998743,0.005149,0.002145,0.347168,14.433555,0.011498,0.005404,14.910632,0,0
0,9,8,put both the cream cheese box and the butter in the basket,FULL_HIT,0.998753,0.005398,0.002176,0.358543,10.012635,0.012113,0.004813,10.499274,0,0
0,9,9,put both the cream cheese box and the butter in the basket,FULL_HIT,0.998726,0.005281,0.001947,0.474342,11.353200,0.011900,0.004967,11.961598,0,0
0,9,10,put both the cream cheese box and the butter in the basket,FULL_HIT,0.998722,0.006868,0.002983,0.656411,9.778876,0.011274,0.005054,10.586479,0,0
0,9,11,put both the cream cheese box and the butter in the basket,FULL_HIT,0.998499,0.005430,0.002335,0.335800,12.318389,0.012537,0.005383,12.787506,0,0
0,9,12,put both the cream cheese box and the butter in the basket,FULL_HIT,0.997994,0.004858,0.001721,0.410665,10.005441,0.014166,0.005840,10.553189,0,0
0,9,13,put both the cream cheese box and the butter in the basket,FULL_HIT,0.998267,0.005289,0.002093,0.448157,10.434493,0.011795,0.004268,11.025649,0,0
0,9,14,put both the cream cheese box and the butter in the basket,FULL_HIT,0.998202,0.004876,0.001876,0.469690,12.300194,0.012274,0.004834,12.898728,0,0
0,9,15,put both the cream cheese box and the butter in the basket,FULL_HIT,0.998214,0.005286,0.002071,0.351739,12.193913,0.014182,0.005883,12.679064,0,0
0,9,16,put both the cream cheese box and the butter in the basket,FULL_HIT,0.998217,0.006190,0.002271,0.484229,11.946195,0.012122,0.004675,12.569722,0,0
0,9,17,put both the cream cheese box and the butter in the basket,FULL_HIT,0.998080,0.005272,0.002398,0.459408,11.336154,0.011732,0.005200,11.930275,0,0
0,9,18,put both the cream cheese box and the butter in the basket,FULL_HIT,0.997879,0.005706,0.001994,0.611567,15.224176,0.018985,0.009533,16.015019,0,0
0,9,19,put both the cream cheese box and the butter in the basket,FULL_HIT,0.997795,0.006099,0.002755,0.686794,11.541084,0.012149,0.005136,12.388370,0,0
0,9,20,put both the cream cheese box and the butter in the basket,FULL_HIT,0.998015,0.007278,0.003437,0.906112,10.930058,0.012507,0.005008,11.982098,0,0
0,9,21,put both the cream cheese box and the butter in the basket,FULL_HIT,0.998016,0.004882,0.002005,0.337886,9.748358,0.011702,0.005131,10.212749,0,0
0,9,22,put both the cream cheese box and the butter in the basket,FULL_HIT,0.998155,0.004835,0.002267,0.583609,11.515681,0.012329,0.005405,12.232471,0,0
0,9,23,put both the cream cheese box and the butter in the basket,FULL_HIT,0.998188,0.005046,0.002253,0.362898,10.330543,0.013080,0.005485,10.826682,0,0
0,9,24,put both the cream cheese box and the butter in the basket,FULL_HIT,0.998341,0.004982,0.002008,0.332292,9.527817,0.010950,0.004583,9.981247,0,0
0,9,25,put both the cream cheese box and the butter in the basket,FULL_HIT,0.998238,0.006350,0.002495,0.627835,10.472048,0.013766,0.005051,11.257838,0,0
0,9,26,put both the cream cheese box and the butter in the basket,FULL_HIT,0.998228,0.004965,0.002093,0.427189,10.652697,0.012271,0.005311,11.211586,0,0
0,9,27,put both the cream cheese box and the butter in the basket,FULL_HIT,0.998317,0.005220,0.002032,0.349943,9.767674,0.012604,0.005029,10.249414,0,0
0,9,28,put both the cream cheese box and the butter in the basket,FULL_HIT,0.996850,0.005279,0.002116,0.381043,10.579777,0.011261,0.005245,11.104960,0,0
0,9,29,put both the cream cheese box and the butter in the basket,FULL_HIT,0.998246,0.005423,0.002609,0.401532,13.126061,0.023651,0.008964,13.727910,0,0
0,9,30,put both the cream cheese box and the butter in the basket,FULL_HIT,0.998191,0.004925,0.002188,0.436966,12.738259,0.018170,0.009276,13.506310,0,0
0,9,31,put both the cream cheese box and the butter in the basket,FULL_HIT,0.998022,0.006184,0.002217,0.597352,11.881328,0.012722,0.005958,12.630541,0,0
0,9,32,put both the cream cheese box and the butter in the basket,FULL_HIT,0.998167,0.005362,0.002043,0.393265,11.813299,0.012200,0.005620,12.339558,0,0
0,9,33,put both the cream cheese box and the butter in the basket,FULL_HIT,0.998379,0.005092,0.002275,0.346380,9.383628,0.010897,0.005140,9.855411,0,0
0,9,34,put both the cream cheese box and the butter in the basket,FULL_HIT,0.998145,0.005079,0.002045,0.464072,9.019364,0.011089,0.004239,9.606883,0,0
0,9,35,put both the cream cheese box and the butter in the basket,FULL_HIT,0.998178,0.004918,0.002459,0.328728,9.460308,0.011895,0.004731,9.918269,0,0
0,9,36,put both the cream cheese box and the butter in the basket,FULL_HIT,0.998074,0.004431,0.002132,0.328582,10.452547,0.012521,0.005584,10.911105,0,0
0,9,37,put both the cream cheese box and the butter in the basket,FULL_HIT,0.998467,0.005034,0.002029,0.401125,10.787118,0.012563,0.005250,11.324228,0,0
0,9,38,put both the cream cheese box and the butter in the basket,FULL_HIT,0.997889,0.004652,0.001756,0.808444,11.120304,0.011132,0.004668,12.061202,0,0
0,9,39,put both the cream cheese box and the butter in the basket,FULL_HIT,0.998273,0.005290,0.002017,0.408539,10.706364,0.012661,0.005164,11.271329,0,0
0,9,40,put both the cream cheese box and the butter in the basket,FULL_HIT,0.998127,0.005042,0.002411,0.507011,10.095399,0.011810,0.005329,10.739460,0,0
0,9,41,put both the cream cheese box and the butter in the basket,FULL_HIT,0.998185,0.011554,0.004287,0.825513,11.048642,0.012511,0.005230,12.076382,0,0
0,9,42,put both the cream cheese box and the butter in the basket,FULL_HIT,0.998286,0.005089,0.002252,0.401078,9.677741,0.012797,0.005372,10.212269,0,0
0,9,43,put both the cream cheese box and the butter in the basket,FULL_HIT,0.998420,0.005602,0.001822,0.366629,10.014076,0.013006,0.004592,10.512894,0,0
0,9,44,put both the cream cheese box and the butter in the basket,FULL_HIT,0.998495,0.005406,0.002225,0.449379,9.352565,0.011938,0.004312,9.932429,0,0
0,9,45,put both the cream cheese box and the butter in the basket,FULL_HIT,0.998490,0.005088,0.002240,0.431813,10.094273,0.013155,0.004913,10.669377,0,0
0,9,46,put both the cream cheese box and the butter in the basket,FULL_HIT,0.998356,0.004872,0.001869,0.332399,10.065008,0.013073,0.004894,10.528321,0,0
0,9,47,put both the cream cheese box and the butter in the basket,FULL_HIT,0.998108,0.005486,0.001817,0.396855,10.854606,0.015608,0.008384,11.413482,0,0
0,9,48,put both the cream cheese box and the butter in the basket,FULL_HIT,0.998179,0.005353,0.002289,0.740750,11.803870,0.013829,0.005132,12.704672,0,0
0,10,0,pick up the book and place it in the back compartment of the caddy,FULL_HIT,0.998862,0.005646,0.001846,0.449970,13.341468,0.016385,0.006078,13.931904,0,0
0,10,1,pick up the book and place it in the back compartment of the caddy,FULL_HIT,0.998722,0.005017,0.001942,0.711531,11.425424,0.011817,0.005077,12.273403,0,0
0,10,2,pick up the book and place it in the back compartment of the caddy,FULL_HIT,0.998692,0.005351,0.002105,0.515013,11.330813,0.012561,0.005320,11.975846,0,0
0,10,3,pick up the book and place it in the back compartment of the caddy,FULL_HIT,0.998684,0.005596,0.002089,0.421286,10.910932,0.011959,0.006127,11.468744,0,0
0,10,4,pick up the book and place it in the back compartment of the caddy,FULL_HIT,0.998718,0.005159,0.002186,0.399034,9.787044,0.012808,0.005891,10.336925,0,0
0,10,5,pick up the book and place it in the back compartment of the caddy,FULL_HIT,0.998746,0.004848,0.001885,0.430703,8.910141,0.010377,0.004351,9.460041,0,0
0,10,6,pick up the book and place it in the back compartment of the caddy,FULL_HIT,0.998735,0.005014,0.001906,0.374110,9.309599,0.012251,0.005121,9.838923,0,0
0,10,7,pick up the book and place it in the back compartment of the caddy,FULL_HIT,0.998712,0.004193,0.001900,0.450236,8.935526,0.012056,0.005782,9.509015,0,0
0,10,8,pick up the book and place it in the back compartment of the caddy,FULL_HIT,0.998613,0.005169,0.001876,0.450096,10.042257,0.013574,0.005323,10.631858,0,0
0,10,9,pick up the book and place it in the back compartment of the caddy,FULL_HIT,0.998598,0.005244,0.002256,0.330752,10.946600,0.010930,0.005102,11.402421,0,0
0,10,10,pick up the book and place it in the back compartment of the caddy,FULL_HIT,0.998608,0.005069,0.001936,0.366713,10.184338,0.011389,0.005618,10.676923,0,0
0,10,11,pick up the book and place it in the back compartment of the caddy,FULL_HIT,0.998446,0.005343,0.002234,0.348103,9.881689,0.011298,0.006124,10.358784,0,0
0,10,12,pick up the book and place it in the back compartment of the caddy,FULL_HIT,0.997104,0.005451,0.002054,0.394026,10.487197,0.011427,0.004921,11.009424,0,0
0,10,13,pick up the book and place it in the back compartment of the caddy,FULL_HIT,0.998474,0.004810,0.002019,0.491496,9.532422,0.010904,0.004976,10.147148,0,0
0,10,14,pick up the book and place it in the back compartment of the caddy,FULL_HIT,0.998397,0.004919,0.001913,0.339251,10.747537,0.013807,0.006251,11.229396,0,0
0,10,15,pick up the book and place it in the back compartment of the caddy,FULL_HIT,0.998198,0.004851,0.002027,0.349324,11.107413,0.011711,0.005529,11.582687,0,0
0,10,16,pick up the book and place it in the back compartment of the caddy,FULL_HIT,0.998145,0.005356,0.002299,0.531842,13.646098,0.012794,0.006035,14.327951,0,0
0,10,17,pick up the book and place it in the back compartment of the caddy,FULL_HIT,0.998273,0.006066,0.002547,0.581247,9.847750,0.014178,0.005166,10.582265,0,0
0,10,18,pick up the book and place it in the back compartment of the caddy,FULL_HIT,0.998190,0.005913,0.002424,0.513824,12.022075,0.011624,0.005464,12.676871,0,0
0,10,19,pick up the book and place it in the back compartment of the caddy,FULL_HIT,0.998296,0.005752,0.002174,0.416993,10.784511,0.013116,0.005222,11.342835,0,0
0,10,20,pick up the book and place it in the back compartment of the caddy,FULL_HIT,0.998243,0.004802,0.001740,0.422295,10.578756,0.012746,0.006269,11.135068,0,0
0,10,21,pick up the book and place it in the back compartment of the caddy,FULL_HIT,0.998164,0.005349,0.002141,0.372749,8.784937,0.012409,0.005043,9.285632,0,0
0,10,22,pick up the book and place it in the back compartment of the caddy,FULL_HIT,0.997943,0.005741,0.002542,0.436252,12.194899,0.013225,0.006260,12.776937,0,0
0,10,23,pick up the book and place it in the back compartment of the caddy,FULL_HIT,0.997844,0.005135,0.002072,0.711074,10.680539,0.017883,0.007919,11.565439,0,0
0,10,24,pick up the book and place it in the back compartment of the caddy,FULL_HIT,0.997802,0.005063,0.001978,0.425844,11.053492,0.012820,0.005500,11.622246,0,0
0,10,25,pick up the book and place it in the back compartment of the caddy,FULL_HIT,0.997837,0.005799,0.002984,0.487247,10.268719,0.012324,0.005824,10.915691,0,0
0,10,26,pick up the book and place it in the back compartment of the caddy,FULL_HIT,0.998160,0.006386,0.002249,0.631570,10.402385,0.015457,0.006055,11.214521,0,0
0,10,27,pick up the book and place it in the back compartment of the caddy,FULL_HIT,0.998096,0.005152,0.001930,0.472739,10.813053,0.011803,0.005942,11.424593,0,0
0,10,28,pick up the book and place it in the back compartment of the caddy,FULL_HIT,0.998264,0.005140,0.002332,0.372196,10.696891,0.013347,0.005979,11.206554,0,0
0,10,29,pick up the book and place it in the back compartment of the caddy,FULL_HIT,0.998341,0.005299,0.002013,0.367794,9.693744,0.015015,0.005948,10.201772,0,0
0,10,30,pick up the book and place it in the back compartment of the caddy,FULL_HIT,0.998380,0.005134,0.002080,0.410058,10.158921,0.012158,0.004406,10.698814,0,0
0,10,31,pick up the book and place it in the back compartment of the caddy,FULL_HIT,0.998291,0.006378,0.002466,0.451837,10.887668,0.013750,0.006239,11.509849,0,0
0,10,32,pick up the book and place it in the back compartment of the caddy,FULL_HIT,0.998027,0.005268,0.002096,0.334080,8.646838,0.010910,0.004095,9.098546,0,0
0,11,0,turn on the stove and put the moka pot on it,FULL_HIT,0.998845,0.005052,0.001873,0.354511,10.284189,0.011463,0.004558,10.802548,0,0
0,11,1,turn on the stove and put the moka pot on it,FULL_HIT,0.998747,0.005447,0.001816,0.405204,12.124118,0.012225,0.005484,12.659116,0,0
0,11,2,turn on the stove and put the moka pot on it,FULL_HIT,0.998663,0.004702,0.001871,0.325876,10.259009,0.010936,0.004728,10.704325,0,0
0,11,3,turn on the stove and put the moka pot on it,FULL_HIT,0.998520,0.005380,0.001898,0.477964,11.990371,0.012909,0.006077,12.602303,0,0
0,11,4,turn on the stove and put the moka pot on it,FULL_HIT,0.998365,0.005780,0.002186,0.392418,11.343601,0.015764,0.006639,11.881272,0,0
0,11,5,turn on the stove and put the moka pot on it,FULL_HIT,0.998315,0.005396,0.002073,0.486861,11.661268,0.012756,0.004601,12.286325,0,0
0,11,6,turn on the stove and put the moka pot on it,FULL_HIT,0.998380,0.005422,0.002703,0.727030,10.033025,0.011364,0.004987,10.915684,0,0
0,11,7,turn on the stove and put the moka pot on it,FULL_HIT,0.998361,0.004758,0.002016,0.332346,11.090745,0.011074,0.005550,11.547806,0,0
0,11,8,turn on the stove and put the moka pot on it,FULL_HIT,0.998375,0.004792,0.002283,0.353930,9.797444,0.011806,0.004756,10.283197,0,0
0,11,9,turn on the stove and put the moka pot on it,FULL_HIT,0.998524,0.004807,0.001930,0.431081,12.201409,0.011867,0.004736,12.761983,0,0
0,11,10,turn on the stove and put the moka pot on it,FULL_HIT,0.998481,0.005025,0.002136,0.352381,11.994107,0.011814,0.004547,12.473062,0,0
0,11,11,turn on the stove and put the moka pot on it,FULL_HIT,0.998039,0.011149,0.004215,0.645831,10.388457,0.012248,0.005032,11.204387,0,0
0,11,12,turn on the stove and put the moka pot on it,FULL_HIT,0.996785,0.004955,0.002137,0.308603,11.243869,0.011351,0.004383,11.673186,0,0
0,11,13,turn on the stove and put the moka pot on it,FULL_HIT,0.997800,0.005688,0.002029,0.423054,10.880402,0.010718,0.004350,11.428234,0,0
0,11,14,turn on the stove and put the moka pot on it,FULL_HIT,0.998072,0.005523,0.002161,0.552666,11.327521,0.011806,0.004679,12.008508,0,0
0,11,15,turn on the stove and put the moka pot on it,FULL_HIT,0.997870,0.005573,0.002185,0.494792,11.686663,0.013862,0.006069,12.321977,0,0
0,11,16,turn on the stove and put the moka pot on it,FULL_HIT,0.997712,0.004566,0.002012,0.315909,10.186036,0.011497,0.004375,10.619496,0,0
0,11,17,turn on the stove and put the moka pot on it,FULL_HIT,0.998366,0.004741,0.001818,0.333338,10.079222,0.010918,0.005280,10.533176,0,0
0,11,18,turn on the stove and put the moka pot on it,FULL_HIT,0.998125,0.006039,0.002200,0.472043,12.606358,0.011979,0.005518,13.209734,0,0
0,11,19,turn on the stove and put the moka pot on it,FULL_HIT,0.998337,0.007587,0.003394,0.714064,12.568171,0.011641,0.005015,13.449695,0,0
0,11,20,turn on the stove and put the moka pot on it,FULL_HIT,0.997947,0.004885,0.001829,0.363371,11.344958,0.012760,0.006020,11.845191,0,0
0,11,21,turn on the stove and put the moka pot on it,FULL_HIT,0.998383,0.005765,0.002423,0.495104,10.088162,0.012400,0.005131,10.715322,0,0
0,11,22,turn on the stove and put the moka pot on it,FULL_HIT,0.997728,0.004802,0.002181,0.499410,13.155674,0.014117,0.006008,13.797246,0,0
0,11,23,turn on the stove and put the moka pot on it,FULL_HIT,0.997425,0.005209,0.002009,0.369849,11.596981,0.011571,0.005048,12.094909,0,0
0,11,24,turn on the stove and put the moka pot on it,FULL_HIT,0.998230,0.006231,0.002411,0.528297,15.357515,0.012298,0.005047,16.031451,0,0
0,11,25,turn on the stove and put the moka pot on it,FULL_HIT,0.998238,0.005660,0.002040,0.444617,10.397134,0.010834,0.004586,10.971282,0,0
0,11,26,turn on the stove and put the moka pot on it,FULL_HIT,0.998327,0.005598,0.002374,0.351353,11.069716,0.010388,0.004028,11.567053,0,0
0,11,27,turn on the stove and put the moka pot on it,FULL_HIT,0.998235,0.005343,0.001856,0.434310,10.959594,0.011115,0.004299,11.527034,0,0
0,11,28,turn on the stove and put the moka pot on it,FULL_HIT,0.998139,0.005436,0.002098,0.386891,11.386464,0.011435,0.004802,11.895979,0,0
0,11,29,turn on the stove and put the moka pot on it,FULL_HIT,0.997961,0.005964,0.002082,0.443476,11.261326,0.011119,0.004375,11.830315,0,0
0,11,30,turn on the stove and put the moka pot on it,FULL_HIT,0.998105,0.005120,0.002052,0.396546,11.660282,0.011780,0.004850,12.183280,0,0
0,11,31,turn on the stove and put the moka pot on it,FULL_HIT,0.998172,0.005767,0.002214,0.565477,12.279677,0.027945,0.006197,13.007006,0,0
0,11,32,turn on the stove and put the moka pot on it,FULL_HIT,0.998261,0.004804,0.002036,0.326800,10.453533,0.011421,0.004229,10.904864,0,0
0,11,33,turn on the stove and put the moka pot on it,FULL_HIT,0.998189,0.005750,0.001906,0.333666,9.764202,0.011144,0.004481,10.224788,0,0
0,11,34,turn on the stove and put the moka pot on it,FULL_HIT,0.998268,0.006227,0.002278,0.613067,10.145179,0.011074,0.004619,10.891346,0,0
0,11,35,turn on the stove and put the moka pot on it,FULL_HIT,0.998216,0.006340,0.002246,0.386368,11.627641,0.010288,0.004818,12.157458,0,0
0,11,36,turn on the stove and put the moka pot on it,FULL_HIT,0.998165,0.005351,0.002120,0.419617,13.049262,0.017017,0.006470,13.629592,0,0
0,11,37,turn on the stove and put the moka pot on it,FULL_HIT,0.998208,0.005002,0.002340,0.344777,10.646073,0.011622,0.004896,11.121015,0,0
0,11,38,turn on the stove and put the moka pot on it,FULL_HIT,0.998335,0.005272,0.002191,0.421030,12.271678,0.013158,0.005608,12.839140,0,0
0,11,39,turn on the stove and put the moka pot on it,FULL_HIT,0.998428,0.005662,0.002401,0.451999,11.929373,0.013360,0.005101,12.543877,0,0
0,11,40,turn on the stove and put the moka pot on it,FULL_HIT,0.998065,0.005128,0.002010,0.354968,11.994836,0.012715,0.005084,12.481077,0,0
0,11,41,turn on the stove and put the moka pot on it,FULL_HIT,0.998029,0.005575,0.002297,0.380694,10.899671,0.012163,0.004880,11.415166,0,0
0,11,42,turn on the stove and put the moka pot on it,FULL_HIT,0.997992,0.005065,0.002224,0.347122,11.627926,0.011578,0.005917,12.102416,0,0
0,11,43,turn on the stove and put the moka pot on it,FULL_HIT,0.997198,0.005168,0.002055,0.399404,12.073015,0.013640,0.006210,12.613774,0,0
0,11,44,turn on the stove and put the moka pot on it,FULL_HIT,0.997297,0.005105,0.002187,0.542871,10.709285,0.012666,0.005839,11.422291,0,0
0,11,45,turn on the stove and put the moka pot on it,FULL_HIT,0.997689,0.004734,0.002006,0.375096,9.631055,0.011088,0.005000,10.147647,0,0
0,11,46,turn on the stove and put the moka pot on it,FULL_HIT,0.998255,0.005206,0.002143,0.310729,10.265720,0.012644,0.005560,10.706522,0,0
0,11,47,turn on the stove and put the moka pot on it,FULL_HIT,0.998313,0.005105,0.001981,0.342054,10.455237,0.014754,0.006271,10.939806,0,0
0,11,48,turn on the stove and put the moka pot on it,FULL_HIT,0.998364,0.012816,0.005745,1.361304,10.010544,0.011380,0.004710,11.560176,0,0
0,11,49,turn on the stove and put the moka pot on it,FULL_HIT,0.998437,0.005100,0.001869,0.361216,11.669293,0.011770,0.005302,12.161173,0,0
0,11,50,turn on the stove and put the moka pot on it,FULL_HIT,0.998512,0.005217,0.002151,0.412181,11.066541,0.012150,0.005731,11.609161,0,0
0,12,0,turn on the stove and put the moka pot on it,FULL_HIT,0.998869,0.005109,0.002226,0.490349,11.487602,0.012261,0.004924,12.108074,0,0
0,12,1,turn on the stove and put the moka pot on it,FULL_HIT,0.998806,0.004689,0.002107,0.386972,15.021709,0.012721,0.008866,15.576046,0,0
0,12,2,turn on the stove and put the moka pot on it,FULL_HIT,0.998721,0.004822,0.002006,0.333770,10.282694,0.011369,0.005621,10.752661,0,0
0,12,3,turn on the stove and put the moka pot on it,FULL_HIT,0.998535,0.004981,0.002295,0.367471,11.006349,0.011850,0.005487,11.510403,0,0
0,12,4,turn on the stove and put the moka pot on it,FULL_HIT,0.998226,0.004648,0.001810,0.457404,10.913167,0.011577,0.004664,11.493145,0,0
0,12,5,turn on the stove and put the moka pot on it,FULL_HIT,0.997998,0.004899,0.001858,0.321591,12.924373,0.011750,0.005388,13.370092,0,0
0,12,6,turn on the stove and put the moka pot on it,FULL_HIT,0.997868,0.005520,0.002059,0.386258,10.687905,0.011315,0.004886,11.199912,0,0
0,12,7,turn on the stove and put the moka pot on it,FULL_HIT,0.997919,0.006067,0.002308,0.542083,13.614242,0.015056,0.006129,14.330202,0,0
0,12,8,turn on the stove and put the moka pot on it,FULL_HIT,0.998036,0.006350,0.002246,0.531663,10.966906,0.013107,0.005377,11.639453,0,0
0,12,9,turn on the stove and put the moka pot on it,FULL_HIT,0.998305,0.005944,0.002413,0.480751,13.470206,0.013036,0.005842,14.101107,0,0
0,12,10,turn on the stove and put the moka pot on it,FULL_HIT,0.998469,0.005277,0.002193,0.461285,12.479698,0.013102,0.005548,13.075081,0,0
0,12,11,turn on the stove and put the moka pot on it,FULL_HIT,0.998392,0.005460,0.002084,0.398459,10.595579,0.012211,0.005215,11.120932,0,0
0,12,12,turn on the stove and put the moka pot on it,FULL_HIT,0.998337,0.005190,0.002155,0.388691,12.402781,0.012530,0.005052,12.924146,0,0
0,12,13,turn on the stove and put the moka pot on it,FULL_HIT,0.997985,0.004881,0.002010,0.322118,10.850354,0.011654,0.005186,11.298165,0,0
0,12,14,turn on the stove and put the moka pot on it,FULL_HIT,0.998184,0.004495,0.001675,0.387271,10.630480,0.012336,0.005284,11.143751,0,0
0,12,15,turn on the stove and put the moka pot on it,FULL_HIT,0.998255,0.004709,0.002072,0.324111,12.138715,0.011531,0.005055,12.585646,0,0
0,12,16,turn on the stove and put the moka pot on it,FULL_HIT,0.998248,0.005107,0.002085,0.423611,12.911902,0.012387,0.005046,13.468800,0,0
0,12,17,turn on the stove and put the moka pot on it,FULL_HIT,0.998216,0.005572,0.002259,0.444600,11.542766,0.011370,0.005419,12.117959,0,0
0,12,18,turn on the stove and put the moka pot on it,FULL_HIT,0.998159,0.005292,0.002026,0.353745,15.319228,0.012098,0.005408,15.804208,0,0
0,12,19,turn on the stove and put the moka pot on it,FULL_HIT,0.998098,0.005029,0.001755,0.418244,10.459600,0.011777,0.004611,11.000319,0,0
0,12,20,turn on the stove and put the moka pot on it,FULL_HIT,0.998117,0.004752,0.002140,0.331472,9.692198,0.011970,0.005442,10.143267,0,0
0,12,21,turn on the stove and put the moka pot on it,FULL_HIT,0.998122,0.004630,0.001954,0.315752,9.732890,0.011421,0.004423,10.166422,0,0
0,12,22,turn on the stove and put the moka pot on it,FULL_HIT,0.997906,0.004846,0.002183,0.458795,10.488922,0.011153,0.004568,11.073268,0,0
0,12,23,turn on the stove and put the moka pot on it,FULL_HIT,0.997850,0.005556,0.002068,0.495796,11.096122,0.012072,0.004650,11.719465,0,0
0,12,24,turn on the stove and put the moka pot on it,FULL_HIT,0.998078,0.006073,0.002180,0.520916,11.833083,0.012019,0.004886,12.492446,0,0
0,12,25,turn on the stove and put the moka pot on it,FULL_HIT,0.997640,0.005403,0.002146,0.390305,11.841715,0.011066,0.004483,12.363762,0,0
0,12,26,turn on the stove and put the moka pot on it,FULL_HIT,0.998244,0.005603,0.002168,0.516632,13.931534,0.012799,0.005391,14.589401,0,0
0,12,27,turn on the stove and put the moka pot on it,FULL_HIT,0.998537,0.005540,0.001963,0.443341,11.907859,0.014406,0.006414,12.516094,0,0
0,12,28,turn on the stove and put the moka pot on it,FULL_HIT,0.998531,0.005166,0.002130,0.577077,13.578832,0.011775,0.006203,14.299433,0,0
0,12,29,turn on the stove and put the moka pot on it,FULL_HIT,0.998543,0.005940,0.002443,0.624768,14.158860,0.015010,0.005547,14.984440,0,0
0,12,30,turn on the stove and put the moka pot on it,FULL_HIT,0.998527,0.006117,0.002597,0.777921,12.566456,0.011738,0.004924,13.489649,0,0
0,12,31,turn on the stove and put the moka pot on it,FULL_HIT,0.998418,0.005312,0.001811,0.398239,17.276575,0.013684,0.005275,17.831963,0,0
0,12,32,turn on the stove and put the moka pot on it,FULL_HIT,0.998354,0.004927,0.001845,0.337678,11.261211,0.012111,0.006411,11.727014,0,0
0,12,33,turn on the stove and put the moka pot on it,FULL_HIT,0.998408,0.005292,0.001775,0.344754,11.438233,0.013565,0.005166,11.915505,0,0
0,12,34,turn on the stove and put the moka pot on it,FULL_HIT,0.998434,0.004622,0.001706,0.329160,13.445330,0.011453,0.062042,13.957463,0,0
0,12,35,turn on the stove and put the moka pot on it,FULL_HIT,0.998267,0.005271,0.002364,0.566565,10.952501,0.012309,0.014963,11.667028,0,0
0,12,36,turn on the stove and put the moka pot on it,FULL_HIT,0.998576,0.005887,0.002175,0.394358,11.118234,0.012852,0.005237,11.647467,0,0
0,12,37,turn on the stove and put the moka pot on it,FULL_HIT,0.998369,0.005732,0.002204,0.438226,13.954896,0.031185,0.005171,14.570853,0,0
0,12,38,turn on the stove and put the moka pot on it,FULL_HIT,0.998458,0.005814,0.002012,0.370842,10.674159,0.013625,0.005270,11.181492,0,0
0,12,39,turn on the stove and put the moka pot on it,FULL_HIT,0.998515,0.006777,0.002363,0.568609,13.421742,0.013985,0.005327,14.153857,0,0
0,12,40,turn on the stove and put the moka pot on it,FULL_HIT,0.998528,0.005180,0.002126,0.378315,10.247815,0.011297,0.004705,10.753049,0,0
0,12,41,turn on the stove and put the moka pot on it,FULL_HIT,0.998590,0.005654,0.002224,0.351040,10.274512,0.012177,0.004578,10.755650,0,0
0,12,42,turn on the stove and put the moka pot on it,FULL_HIT,0.998551,0.005271,0.001864,0.380124,12.173296,0.011682,0.004794,12.682727,0,0
0,12,43,turn on the stove and put the moka pot on it,FULL_HIT,0.997289,0.005400,0.001883,0.354333,10.015009,0.011273,0.004860,10.494627,0,0
0,12,44,turn on the stove and put the moka pot on it,FULL_HIT,0.998525,0.005132,0.001936,0.424202,14.135315,0.012142,0.005300,14.687375,0,0
0,12,45,turn on the stove and put the moka pot on it,FULL_HIT,0.998426,0.005447,0.002101,0.369687,11.309018,0.013441,0.005506,11.830276,0,0
0,12,46,turn on the stove and put the moka pot on it,FULL_HIT,0.998132,0.004962,0.001998,0.336397,9.840947,0.012233,0.004437,10.300563,0,0
0,12,47,turn on the stove and put the moka pot on it,FULL_HIT,0.998080,0.005207,0.002075,0.367628,10.540634,0.011550,0.004994,11.035292,0,0
0,12,48,turn on the stove and put the moka pot on it,FULL_HIT,0.998220,0.005566,0.002519,0.748787,14.127951,0.011900,0.005197,15.029370,0,0
0,12,49,turn on the stove and put the moka pot on it,FULL_HIT,0.998226,0.005366,0.002130,0.468710,14.995933,0.015147,0.024114,15.649604,0,0
0,12,50,turn on the stove and put the moka pot on it,FULL_HIT,0.998383,0.005767,0.002882,0.699781,11.462074,0.012106,0.005178,12.319717,0,0
0,12,51,turn on the stove and put the moka pot on it,FULL_HIT,0.998542,0.005480,0.002476,0.459205,12.015655,0.012689,0.007474,12.619266,0,0
0,12,52,turn on the stove and put the moka pot on it,FULL_HIT,0.998561,0.005393,0.001571,0.328412,10.845069,0.015178,0.007245,11.329999,0,0
0,12,53,turn on the stove and put the moka pot on it,FULL_HIT,0.998587,0.007393,0.003590,0.833296,14.902522,0.016870,0.005824,15.920174,0,0
0,12,54,turn on the stove and put the moka pot on it,FULL_HIT,0.998445,0.005605,0.002392,0.517922,13.601225,0.011357,0.008488,14.262294,0,0
0,12,55,turn on the stove and put the moka pot on it,FULL_HIT,0.998248,0.007866,0.003202,0.793618,22.251193,0.016118,0.007137,23.275102,0,0
0,12,56,turn on the stove and put the moka pot on it,FULL_HIT,0.997988,0.007032,0.002882,0.903745,12.689226,0.014279,0.005657,13.777772,0,0
0,12,57,turn on the stove and put the moka pot on it,FULL_HIT,0.998025,0.008301,0.001997,0.542631,11.569550,0.012717,0.004935,12.267644,0,0
0,12,58,turn on the stove and put the moka pot on it,FULL_HIT,0.997442,0.005455,0.002007,0.483544,13.037554,0.019917,0.007483,13.702772,0,0
0,12,59,turn on the stove and put the moka pot on it,FULL_HIT,0.995542,0.005360,0.002162,0.496019,13.439525,0.016756,0.007018,14.105637,0,0
0,12,60,turn on the stove and put the moka pot on it,FULL_HIT,0.993792,0.005611,0.002492,0.724455,14.211550,0.012481,0.005782,15.089040,0,0
0,12,0,put the white mug on the plate and put the chocolate pudding to the right of the plate,FULL_HIT,0.998870,0.005382,0.002410,0.628116,15.119899,0.012122,0.006243,15.900061,0,0
0,12,1,put the white mug on the plate and put the chocolate pudding to the right of the plate,FULL_HIT,0.998858,0.006776,0.002533,0.640508,11.465746,0.015747,0.005229,12.289197,0,0
0,12,2,put the white mug on the plate and put the chocolate pudding to the right of the plate,FULL_HIT,0.998811,0.013509,0.004156,0.875031,15.615012,0.013969,0.007215,16.683425,0,0
0,12,3,put the white mug on the plate and put the chocolate pudding to the right of the plate,FULL_HIT,0.998728,0.005475,0.002070,0.641005,13.190772,0.012543,0.005873,13.983518,0,0
0,12,4,put the white mug on the plate and put the chocolate pudding to the right of the plate,FULL_HIT,0.998594,0.005394,0.001896,0.437404,10.503334,0.013133,0.005537,11.090957,0,0
0,12,5,put the white mug on the plate and put the chocolate pudding to the right of the plate,FULL_HIT,0.998602,0.007991,0.002355,0.617723,13.012026,0.012825,0.005331,13.789743,0,0
0,12,6,put the white mug on the plate and put the chocolate pudding to the right of the plate,FULL_HIT,0.998632,0.005723,0.002189,0.517030,12.040755,0.012773,0.006146,12.701544,0,0
0,12,7,put the white mug on the plate and put the chocolate pudding to the right of the plate,FULL_HIT,0.998646,0.005839,0.001921,0.594447,13.280898,0.011699,0.006077,14.014815,0,0
0,12,8,put the white mug on the plate and put the chocolate pudding to the right of the plate,FULL_HIT,0.998640,0.005447,0.002619,0.503677,12.284970,0.033085,0.005896,13.004296,0,0
0,12,9,put the white mug on the plate and put the chocolate pudding to the right of the plate,FULL_HIT,0.998647,0.005279,0.002223,0.667021,9.672189,0.011486,0.005719,10.471153,0,0
0,12,10,put the white mug on the plate and put the chocolate pudding to the right of the plate,FULL_HIT,0.998572,0.005670,0.002179,0.468490,11.873201,0.012954,0.005871,12.487574,0,0
0,12,11,put the white mug on the plate and put the chocolate pudding to the right of the plate,FULL_HIT,0.997683,0.005281,0.002090,0.364399,9.238936,0.012024,0.005404,9.724111,0,0
0,12,12,put the white mug on the plate and put the chocolate pudding to the right of the plate,FULL_HIT,0.997998,0.005185,0.002231,0.349348,10.949168,0.014191,0.006448,11.450204,0,0
0,12,13,put the white mug on the plate and put the chocolate pudding to the right of the plate,FULL_HIT,0.998291,0.005567,0.001859,0.410532,9.834697,0.011892,0.005866,10.377951,0,0
0,12,14,put the white mug on the plate and put the chocolate pudding to the right of the plate,FULL_HIT,0.998240,0.005194,0.001786,0.462098,9.782897,0.011952,0.005185,10.374640,0,0
0,12,15,put the white mug on the plate and put the chocolate pudding to the right of the plate,FULL_HIT,0.998275,0.005317,0.002188,0.383397,11.099856,0.013272,0.005662,11.618058,0,0
0,12,16,put the white mug on the plate and put the chocolate pudding to the right of the plate,FULL_HIT,0.998241,0.005355,0.002110,0.429883,14.123298,0.013900,0.005557,14.691398,0,0
0,12,17,put the white mug on the plate and put the chocolate pudding to the right of the plate,FULL_HIT,0.998253,0.005300,0.001843,0.348757,8.757114,0.010332,0.004249,9.222781,0,0
0,12,18,put the white mug on the plate and put the chocolate pudding to the right of the plate,FULL_HIT,0.998130,0.005156,0.002152,0.435090,11.958797,0.011833,0.005889,12.530175,0,0
0,12,19,put the white mug on the plate and put the chocolate pudding to the right of the plate,FULL_HIT,0.998151,0.005124,0.002167,0.392600,9.889853,0.012827,0.005912,10.412576,0,0
0,12,20,put the white mug on the plate and put the chocolate pudding to the right of the plate,FULL_HIT,0.998157,0.005403,0.002026,0.413029,10.315524,0.012945,0.005577,10.879709,0,0
0,12,21,put the white mug on the plate and put the chocolate pudding to the right of the plate,FULL_HIT,0.997991,0.007192,0.002698,0.614405,11.838324,0.011898,0.005369,12.636309,0,0
0,12,22,put the white mug on the plate and put the chocolate pudding to the right of the plate,FULL_HIT,0.997959,0.005773,0.002360,0.483901,13.129411,0.013645,0.005812,13.761244,0,0
0,12,23,put the white mug on the plate and put the chocolate pudding to the right of the plate,FULL_HIT,0.997971,0.005101,0.001797,0.530555,9.789389,0.011102,0.005390,10.447123,0,0
0,12,24,put the white mug on the plate and put the chocolate pudding to the right of the plate,FULL_HIT,0.998358,0.005259,0.001947,0.359481,11.761221,0.011274,0.005123,12.247341,0,0
0,12,25,put the white mug on the plate and put the chocolate pudding to the right of the plate,FULL_HIT,0.998376,0.005314,0.001952,0.380229,9.723715,0.011244,0.004430,10.224580,0,0
0,12,26,put the white mug on the plate and put the chocolate pudding to the right of the plate,FULL_HIT,0.998478,0.005445,0.001914,0.369080,10.040934,0.011682,0.004910,10.538205,0,0
0,12,27,put the white mug on the plate and put the chocolate pudding to the right of the plate,FULL_HIT,0.998510,0.005471,0.002187,0.361578,10.871386,0.014653,0.006087,11.370018,0,0
0,12,28,put the white mug on the plate and put the chocolate pudding to the right of the plate,FULL_HIT,0.995603,0.005109,0.001919,0.351097,9.543411,0.011622,0.004642,10.021517,0,0
0,12,29,put the white mug on the plate and put the chocolate pudding to the right of the plate,FULL_HIT,0.997553,0.005133,0.001849,0.337017,10.659192,0.013539,0.005279,11.130198,0,0
0,12,30,put the white mug on the plate and put the chocolate pudding to the right of the plate,FULL_HIT,0.998264,0.005892,0.002169,1.153355,9.204480,0.010970,0.004801,10.510309,0,0
0,12,31,put the white mug on the plate and put the chocolate pudding to the right of the plate,FULL_HIT,0.998396,0.005012,0.001920,0.446112,9.149033,0.011355,0.004895,9.716411,0,0
0,12,32,put the white mug on the plate and put the chocolate pudding to the right of the plate,FULL_HIT,0.998288,0.005398,0.002025,0.325766,10.001011,0.011944,0.004883,10.452987,0,0
0,12,33,put the white mug on the plate and put the chocolate pudding to the right of the plate,FULL_HIT,0.998460,0.004991,0.001848,0.374989,10.239164,0.014376,0.006773,10.755226,0,0
0,12,34,put the white mug on the plate and put the chocolate pudding to the right of the plate,FULL_HIT,0.998510,0.005403,0.002335,0.579969,10.686103,0.011312,0.005200,11.405918,0,0
0,12,35,put the white mug on the plate and put the chocolate pudding to the right of the plate,FULL_HIT,0.998509,0.005681,0.002257,0.631365,9.652749,0.011211,0.005098,10.419565,0,0
0,12,36,put the white mug on the plate and put the chocolate pudding to the right of the plate,FULL_HIT,0.998435,0.006998,0.002427,0.714857,13.933726,0.012522,0.005244,14.809315,0,0
0,12,37,put the white mug on the plate and put the chocolate pudding to the right of the plate,FULL_HIT,0.998366,0.005558,0.002862,0.615130,11.316777,0.011581,0.004664,12.083090,0,0
0,12,38,put the white mug on the plate and put the chocolate pudding to the right of the plate,FULL_HIT,0.998292,0.004987,0.002181,0.341421,8.919050,0.010841,0.004147,9.377610,0,0
0,12,39,put the white mug on the plate and put the chocolate pudding to the right of the plate,FULL_HIT,0.998204,0.006115,0.002040,1.742187,10.084129,0.013534,0.006010,12.043158,0,0
0,12,40,put the white mug on the plate and put the chocolate pudding to the right of the plate,FULL_HIT,0.997356,0.006254,0.002449,0.439711,10.255867,0.011839,0.005371,10.833745,0,0
0,12,41,put the white mug on the plate and put the chocolate pudding to the right of the plate,FULL_HIT,0.998285,0.005323,0.002001,0.507134,10.229128,0.011799,0.004842,10.870042,0,0
0,12,42,put the white mug on the plate and put the chocolate pudding to the right of the plate,FULL_HIT,0.998253,0.005897,0.002578,0.917930,12.002473,0.012139,0.005331,13.067490,0,0
0,12,43,put the white mug on the plate and put the chocolate pudding to the right of the plate,FULL_HIT,0.998328,0.006166,0.002634,0.686187,11.411411,0.012249,0.005619,12.243486,0,0
0,12,44,put the white mug on the plate and put the chocolate pudding to the right of the plate,FULL_HIT,0.998247,0.005907,0.002319,0.440931,9.533340,0.012083,0.005170,10.110448,0,0
0,12,45,put the white mug on the plate and put the chocolate pudding to the right of the plate,FULL_HIT,0.998116,0.006606,0.002619,0.533593,11.914221,0.013494,0.005210,12.627398,0,0
0,13,0,turn on the stove and put the moka pot on it,FULL_HIT,0.998871,0.005233,0.002091,0.342154,10.868126,0.011664,0.004981,11.336150,0,0
0,13,1,turn on the stove and put the moka pot on it,FULL_HIT,0.998822,0.006760,0.002621,0.520542,12.170532,0.012533,0.004835,12.834828,0,0
0,13,2,turn on the stove and put the moka pot on it,FULL_HIT,0.998721,0.005563,0.002220,0.491519,11.735246,0.012026,0.005154,12.363966,0,0
0,13,3,turn on the stove and put the moka pot on it,FULL_HIT,0.998721,0.005808,0.002132,0.449148,11.538765,0.011989,0.005519,12.142584,0,0
0,13,4,turn on the stove and put the moka pot on it,FULL_HIT,0.998735,0.006310,0.002351,0.433509,11.915550,0.089249,0.007794,12.590923,0,0
0,13,5,turn on the stove and put the moka pot on it,FULL_HIT,0.998782,0.005499,0.001854,0.506212,10.867209,0.010991,0.004639,11.506676,0,0
0,13,6,turn on the stove and put the moka pot on it,FULL_HIT,0.998790,0.004956,0.001951,0.325479,12.450140,0.012364,0.005655,12.902886,0,0
0,13,7,turn on the stove and put the moka pot on it,FULL_HIT,0.998794,0.017550,0.002296,1.061537,11.081005,0.012509,0.005350,12.345314,0,0
0,13,8,turn on the stove and put the moka pot on it,FULL_HIT,0.998777,0.006985,0.002732,0.659983,13.778536,0.011445,0.005712,14.677870,0,0
0,13,9,turn on the stove and put the moka pot on it,FULL_HIT,0.998792,0.004988,0.002175,0.375909,10.974995,0.012430,0.005048,11.528457,0,0
0,13,10,turn on the stove and put the moka pot on it,FULL_HIT,0.998739,0.048894,0.003974,0.679101,15.846406,0.015030,0.006127,16.745550,0,0
0,13,11,turn on the stove and put the moka pot on it,FULL_HIT,0.998173,0.005050,0.001914,0.473936,12.323161,0.014582,0.006560,12.935903,0,0
0,13,12,turn on the stove and put the moka pot on it,FULL_HIT,0.998720,0.006691,0.002218,0.675139,11.993550,0.011888,0.005098,12.817506,0,0
0,13,13,turn on the stove and put the moka pot on it,FULL_HIT,0.997129,0.006513,0.003318,0.467150,11.550011,0.011781,0.005458,12.159677,0,0
0,13,14,turn on the stove and put the moka pot on it,FULL_HIT,0.998393,0.007591,0.003325,0.828138,10.834015,0.012684,0.005144,11.821906,0,0
0,13,15,turn on the stove and put the moka pot on it,FULL_HIT,0.998558,0.005215,0.002338,0.490174,11.205024,0.012347,0.004876,11.827176,0,0
0,13,16,turn on the stove and put the moka pot on it,FULL_HIT,0.998202,0.005767,0.002311,0.442003,10.595121,0.012578,0.005152,11.203972,0,0
0,13,17,turn on the stove and put the moka pot on it,FULL_HIT,0.998267,0.004832,0.002928,0.382059,12.841920,0.013671,0.005337,13.394480,0,0
0,13,18,turn on the stove and put the moka pot on it,FULL_HIT,0.998520,0.004981,0.002015,0.353207,10.739823,0.012147,0.004651,11.215357,0,0
0,13,19,turn on the stove and put the moka pot on it,FULL_HIT,0.996918,0.004972,0.001902,0.459343,10.763108,0.012163,0.005155,11.405805,0,0
0,13,20,turn on the stove and put the moka pot on it,FULL_HIT,0.998152,0.005765,0.002169,0.433791,10.721409,0.022553,0.005230,11.322453,0,0
0,13,21,turn on the stove and put the moka pot on it,FULL_HIT,0.998488,0.005522,0.002451,0.656543,11.546576,0.010456,0.004764,12.345651,0,0
0,13,22,turn on the stove and put the moka pot on it,FULL_HIT,0.998454,0.006795,0.002982,0.540101,11.833263,0.011284,0.004990,12.541981,0,0
0,13,23,turn on the stove and put the moka pot on it,FULL_HIT,0.998414,0.007636,0.002560,0.570830,14.587618,0.014049,0.005953,15.329073,0,0
0,13,24,turn on the stove and put the moka pot on it,FULL_HIT,0.998382,0.005687,0.002033,0.441983,11.937336,0.012737,0.005278,12.514963,0,0
0,13,25,turn on the stove and put the moka pot on it,FULL_HIT,0.998351,0.005569,0.002288,0.592613,12.306922,0.015258,0.006070,13.072692,0,0
0,13,26,turn on the stove and put the moka pot on it,FULL_HIT,0.998418,0.005622,0.002016,0.718842,15.662747,0.012920,0.005077,16.528353,0,0
0,13,27,turn on the stove and put the moka pot on it,FULL_HIT,0.998410,0.006086,0.002241,0.579874,12.837159,0.014732,0.007197,13.588513,0,0
0,13,28,turn on the stove and put the moka pot on it,FULL_HIT,0.998446,0.005364,0.001753,0.491709,14.963475,0.012288,0.005210,15.590403,0,0
0,13,29,turn on the stove and put the moka pot on it,FULL_HIT,0.998436,0.005574,0.001867,0.525945,11.978337,0.013910,0.005256,12.638253,0,0
0,13,30,turn on the stove and put the moka pot on it,FULL_HIT,0.998453,0.005262,0.001808,0.524512,10.980831,0.013222,0.005616,11.647950,0,0
0,13,31,turn on the stove and put the moka pot on it,FULL_HIT,0.998462,0.006731,0.002375,0.612693,10.840581,0.012356,0.004534,11.595889,0,0
0,13,32,turn on the stove and put the moka pot on it,FULL_HIT,0.998449,0.005404,0.001952,0.314851,11.775359,0.012215,0.005355,12.217960,0,0
0,13,33,turn on the stove and put the moka pot on it,FULL_HIT,0.998550,0.005502,0.002171,0.335161,11.512004,0.012821,0.005312,11.978366,0,0
0,13,34,turn on the stove and put the moka pot on it,FULL_HIT,0.998619,0.004867,0.002098,0.374256,11.574766,0.010998,0.005198,12.070641,0,0
0,13,35,turn on the stove and put the moka pot on it,FULL_HIT,0.998255,0.005084,0.001793,0.321759,10.071826,0.012539,0.004821,10.517744,0,0
0,13,36,turn on the stove and put the moka pot on it,FULL_HIT,0.995474,0.005568,0.001968,0.462596,10.160218,0.010886,0.004604,10.743946,0,0
0,13,37,turn on the stove and put the moka pot on it,FULL_HIT,0.997774,0.005529,0.002142,0.419296,12.289806,0.012916,0.004781,12.865948,0,0
0,13,38,turn on the stove and put the moka pot on it,FULL_HIT,0.997773,0.004764,0.001806,0.305090,11.336021,0.011468,0.005539,11.766772,0,0
0,13,39,turn on the stove and put the moka pot on it,FULL_HIT,0.997421,0.013550,0.002604,1.301084,11.138204,0.011747,0.004749,12.631506,0,0
0,13,40,turn on the stove and put the moka pot on it,FULL_HIT,0.997976,0.005003,0.001922,0.344518,10.007714,0.012476,0.004784,10.480361,0,0
0,13,41,turn on the stove and put the moka pot on it,FULL_HIT,0.997995,0.005120,0.001928,0.862181,10.559218,0.011753,0.004534,11.570862,0,0
0,13,42,turn on the stove and put the moka pot on it,FULL_HIT,0.997972,0.006345,0.002522,0.528299,12.795887,0.011020,0.005413,13.468429,0,0
0,13,43,turn on the stove and put the moka pot on it,FULL_HIT,0.997875,0.005304,0.002357,0.603708,12.797445,0.012447,0.005451,13.539771,0,0
0,13,44,turn on the stove and put the moka pot on it,FULL_HIT,0.997801,0.005436,0.002048,0.348314,12.697538,0.012307,0.004908,13.177764,0,0
0,13,45,turn on the stove and put the moka pot on it,FULL_HIT,0.997840,0.005607,0.002065,0.345694,10.806427,0.012088,0.005563,11.284643,0,0
0,14,0,turn on the stove and put the moka pot on it,FULL_HIT,0.998868,0.005196,0.002068,0.385009,11.842956,0.014341,0.006462,12.377905,0,0
0,14,1,turn on the stove and put the moka pot on it,FULL_HIT,0.998858,0.005227,0.002105,0.394596,10.805433,0.012663,0.005903,11.330270,0,0
0,14,2,turn on the stove and put the moka pot on it,FULL_HIT,0.998837,0.005385,0.001890,0.350983,10.958383,0.011749,0.004547,11.434637,0,0
0,14,3,turn on the stove and put the moka pot on it,FULL_HIT,0.998849,0.004705,0.001791,0.357294,10.494818,0.011456,0.004220,10.973268,0,0
0,14,4,turn on the stove and put the moka pot on it,FULL_HIT,0.998812,0.004979,0.002048,0.520436,13.158491,0.013324,0.005230,13.823240,0,0
0,14,5,turn on the stove and put the moka pot on it,FULL_HIT,0.998800,0.005805,0.002022,0.438737,12.017056,0.011930,0.005069,12.588854,0,0
0,14,6,turn on the stove and put the moka pot on it,FULL_HIT,0.998802,0.004997,0.001731,0.397121,9.830103,0.011672,0.004660,10.349218,0,0
0,14,7,turn on the stove and put the moka pot on it,FULL_HIT,0.998814,0.006120,0.002254,0.469702,13.455168,0.013327,0.005736,14.067738,0,0
0,14,8,turn on the stove and put the moka pot on it,FULL_HIT,0.998820,0.005121,0.001770,0.510173,10.217714,0.011807,0.004367,10.852688,0,0
0,14,9,turn on the stove and put the moka pot on it,FULL_HIT,0.998819,0.005300,0.001874,0.355572,14.704192,0.012416,0.005220,15.186864,0,0
0,14,10,turn on the stove and put the moka pot on it,FULL_HIT,0.998830,0.005203,0.002099,0.367879,11.636620,0.012237,0.005665,12.131656,0,0
0,14,11,turn on the stove and put the moka pot on it,FULL_HIT,0.998827,0.005532,0.002042,0.861145,13.138279,0.013635,0.005442,14.154485,0,0
0,14,12,turn on the stove and put the moka pot on it,FULL_HIT,0.997505,0.005485,0.002137,0.486232,10.324161,0.011993,0.004934,10.940041,0,0
0,14,13,turn on the stove and put the moka pot on it,FULL_HIT,0.998391,0.006046,0.002380,0.622584,12.024093,0.011913,0.005409,12.791045,0,0
0,14,14,turn on the stove and put the moka pot on it,FULL_HIT,0.998187,0.005183,0.002207,0.366179,13.905600,0.015175,0.007220,14.422131,0,0
0,14,15,turn on the stove and put the moka pot on it,FULL_HIT,0.998654,0.005974,0.001816,0.506056,11.302534,0.014683,0.005905,11.950867,0,0
0,14,16,turn on the stove and put the moka pot on it,FULL_HIT,0.998539,0.005441,0.002195,0.553923,13.217859,0.012137,0.005489,13.912496,0,0
0,14,17,turn on the stove and put the moka pot on it,FULL_HIT,0.998384,0.005122,0.001889,0.346644,12.525740,0.023926,0.010848,13.060395,0,0
0,14,18,turn on the stove and put the moka pot on it,FULL_HIT,0.998503,0.004865,0.001635,0.469041,11.496021,0.010507,0.003790,12.084497,0,0
0,14,19,turn on the stove and put the moka pot on it,FULL_HIT,0.998487,0.005616,0.002197,0.488054,12.413375,0.014238,0.005248,13.044387,0,0
0,14,20,turn on the stove and put the moka pot on it,FULL_HIT,0.998636,0.004808,0.002012,0.307245,10.493844,0.012682,0.004860,10.924843,0,0
0,14,21,turn on the stove and put the moka pot on it,FULL_HIT,0.998540,0.005932,0.001815,0.463040,10.904456,0.011794,0.005182,11.502858,0,0
0,14,22,turn on the stove and put the moka pot on it,FULL_HIT,0.998449,0.005665,0.002079,0.482637,10.659156,0.012279,0.004928,11.272393,0,0
0,14,23,turn on the stove and put the moka pot on it,FULL_HIT,0.998441,0.005287,0.001860,0.355790,11.959089,0.012407,0.005357,12.450170,0,0
0,14,24,turn on the stove and put the moka pot on it,FULL_HIT,0.998469,0.005646,0.002090,0.441862,10.184950,0.011462,0.004670,10.753123,0,0
0,14,25,turn on the stove and put the moka pot on it,FULL_HIT,0.998487,0.005621,0.002158,0.467096,13.213572,0.013225,0.004746,13.810607,0,0
0,14,26,turn on the stove and put the moka pot on it,FULL_HIT,0.998526,0.005786,0.002389,0.540618,10.404323,0.012428,0.004834,11.082982,0,0
0,14,27,turn on the stove and put the moka pot on it,FULL_HIT,0.998400,0.005312,0.002016,0.371736,10.741725,0.012399,0.005135,11.243887,0,0
0,14,28,turn on the stove and put the moka pot on it,FULL_HIT,0.998358,0.016279,0.002376,0.366974,11.849409,0.013257,0.005284,12.362975,0,0
0,14,29,turn on the stove and put the moka pot on it,FULL_HIT,0.998320,0.005628,0.001956,0.437089,11.778041,0.015023,0.005688,12.355288,0,0
0,14,30,turn on the stove and put the moka pot on it,FULL_HIT,0.998444,0.005290,0.002093,0.436051,10.383015,0.012322,0.005871,10.974218,0,0
0,14,31,turn on the stove and put the moka pot on it,FULL_HIT,0.998534,0.005035,0.002008,0.336951,12.460176,0.012141,0.005323,12.927605,0,0
0,14,32,turn on the stove and put the moka pot on it,FULL_HIT,0.998658,0.005277,0.002046,0.403652,10.190292,0.011354,0.005168,10.716522,0,0
0,14,33,turn on the stove and put the moka pot on it,FULL_HIT,0.998626,0.005090,0.001995,0.290929,10.359200,0.013246,0.005595,10.807662,0,0
0,14,34,turn on the stove and put the moka pot on it,FULL_HIT,0.998624,0.005358,0.001688,0.299066,10.044585,0.011208,0.005004,10.464726,0,0
0,14,35,turn on the stove and put the moka pot on it,FULL_HIT,0.998612,0.007951,0.002791,0.632207,9.903179,0.011349,0.005096,10.695335,0,0
0,14,36,turn on the stove and put the moka pot on it,FULL_HIT,0.998540,0.004866,0.002070,0.383938,13.161063,0.021227,0.011066,13.728678,0,0
0,14,37,turn on the stove and put the moka pot on it,FULL_HIT,0.998486,0.004795,0.001855,0.308089,10.696096,0.011142,0.004504,11.123712,0,0
0,14,38,turn on the stove and put the moka pot on it,FULL_HIT,0.997077,0.005332,0.001900,0.321099,11.515117,0.010963,0.004787,11.972929,0,0
0,14,39,turn on the stove and put the moka pot on it,FULL_HIT,0.997537,0.004690,0.001924,0.391672,11.533753,0.011262,0.004797,12.048092,0,0
0,14,40,turn on the stove and put the moka pot on it,FULL_HIT,0.997975,0.004927,0.001916,0.404921,11.734301,0.012628,0.005181,12.270082,0,0
0,14,41,turn on the stove and put the moka pot on it,FULL_HIT,0.998299,0.005390,0.002187,0.492663,10.678025,0.011498,0.004774,11.304326,0,0
0,14,42,turn on the stove and put the moka pot on it,FULL_HIT,0.998373,0.005093,0.002139,0.340506,11.906548,0.011510,0.005572,12.387057,0,0
0,14,43,turn on the stove and put the moka pot on it,FULL_HIT,0.998416,0.005412,0.001984,0.411342,10.601658,0.011297,0.004847,11.140090,0,0
0,14,44,turn on the stove and put the moka pot on it,FULL_HIT,0.998442,0.005733,0.002228,0.471042,11.949814,0.011306,0.004839,12.555066,0,0
0,14,45,turn on the stove and put the moka pot on it,FULL_HIT,0.998443,0.005256,0.001986,0.360449,10.630146,0.013390,0.006442,11.137854,0,0
0,14,46,turn on the stove and put the moka pot on it,FULL_HIT,0.998417,0.005877,0.002481,0.699943,11.927339,0.010686,0.004872,12.771444,0,0
0,14,47,turn on the stove and put the moka pot on it,FULL_HIT,0.998334,0.006657,0.002128,0.384850,12.018017,0.015017,0.005248,12.566473,0,0
0,14,48,turn on the stove and put the moka pot on it,FULL_HIT,0.998237,0.005232,0.001952,0.522382,12.121144,0.012377,0.005310,12.773404,0,0
0,14,49,turn on the stove and put the moka pot on it,FULL_HIT,0.998258,0.004693,0.001994,0.311953,10.704464,0.012935,0.005337,11.142965,0,0
0,14,50,turn on the stove and put the moka pot on it,FULL_HIT,0.998064,0.010990,0.002799,0.645739,10.601942,0.011807,0.005021,11.412687,0,0
0,14,51,turn on the stove and put the moka pot on it,FULL_HIT,0.998038,0.005049,0.002251,0.393317,9.973597,0.012380,0.005496,10.496520,0,0
0,14,52,turn on the stove and put the moka pot on it,FULL_HIT,0.998030,0.006020,0.002089,0.495109,12.054367,0.012471,0.005560,12.757194,0,0
0,14,53,turn on the stove and put the moka pot on it,FULL_HIT,0.997988,0.005184,0.002163,0.317736,10.624808,0.011798,0.004960,11.066736,0,0
0,14,54,turn on the stove and put the moka pot on it,FULL_HIT,0.997943,0.005539,0.001574,0.372228,10.815411,0.012233,0.004600,11.311140,0,0
0,14,55,turn on the stove and put the moka pot on it,FULL_HIT,0.998015,0.004814,0.001759,0.289042,10.640396,0.011390,0.004220,11.045718,0,0
0,14,56,turn on the stove and put the moka pot on it,FULL_HIT,0.998114,0.004891,0.001816,0.302324,11.901348,0.011669,0.004963,12.326929,0,0
0,14,57,turn on the stove and put the moka pot on it,FULL_HIT,0.998171,0.004435,0.001671,0.403329,10.513956,0.010757,0.004223,11.038330,0,0
0,14,58,turn on the stove and put the moka pot on it,FULL_HIT,0.998142,0.005085,0.002118,0.603254,12.243799,0.012335,0.005468,12.981942,0,0
0,14,59,turn on the stove and put the moka pot on it,FULL_HIT,0.998037,0.005075,0.002034,0.310603,10.165893,0.011389,0.005020,10.599682,0,0
0,14,0,put both the alphabet soup and the cream cheese box in the basket,FULL_HIT,0.998871,0.007326,0.002853,1.320209,17.054468,0.015953,0.006987,18.548860,0,0
0,14,1,put both the alphabet soup and the cream cheese box in the basket,FULL_HIT,0.998851,0.005499,0.002097,0.505202,12.732991,0.012431,0.004745,13.376587,0,0
0,14,2,put both the alphabet soup and the cream cheese box in the basket,FULL_HIT,0.998782,0.005447,0.002496,0.470312,9.876791,0.012253,0.005186,10.480103,0,0
0,14,3,put both the alphabet soup and the cream cheese box in the basket,FULL_HIT,0.998738,0.005944,0.002230,0.446876,12.511978,0.011487,0.005087,13.091697,0,0
0,14,4,put both the alphabet soup and the cream cheese box in the basket,FULL_HIT,0.998736,0.004969,0.001731,0.439468,10.837269,0.012411,0.005390,11.406637,0,0
0,14,5,put both the alphabet soup and the cream cheese box in the basket,FULL_HIT,0.998744,0.004669,0.001766,0.453624,9.514450,0.010903,0.004798,10.090527,0,0
0,14,6,put both the alphabet soup and the cream cheese box in the basket,FULL_HIT,0.998704,0.004399,0.002082,0.342513,10.112074,0.010849,0.005701,10.574431,0,0
0,14,7,put both the alphabet soup and the cream cheese box in the basket,FULL_HIT,0.998689,0.005260,0.002152,0.426928,11.233110,0.010746,0.005612,11.784059,0,0
0,14,8,put both the alphabet soup and the cream cheese box in the basket,FULL_HIT,0.998634,0.005006,0.001987,0.430281,10.929397,0.011700,0.005407,11.483945,0,0
0,14,9,put both the alphabet soup and the cream cheese box in the basket,FULL_HIT,0.998598,0.005333,0.002496,0.903184,12.367947,0.012416,0.006135,13.420563,0,0
0,14,10,put both the alphabet soup and the cream cheese box in the basket,FULL_HIT,0.998640,0.004802,0.002081,0.483928,13.178615,0.011110,0.005322,13.789525,0,0
0,14,11,put both the alphabet soup and the cream cheese box in the basket,FULL_HIT,0.998594,0.004405,0.002034,0.423263,11.449870,0.013804,0.005817,12.002795,0,0
0,14,12,put both the alphabet soup and the cream cheese box in the basket,FULL_HIT,0.998315,0.005018,0.002243,0.363709,12.463199,0.010832,0.004890,12.949763,0,0
0,14,13,put both the alphabet soup and the cream cheese box in the basket,FULL_HIT,0.998194,0.004859,0.001824,0.317142,10.777050,0.012597,0.005454,11.223413,0,0
0,14,14,put both the alphabet soup and the cream cheese box in the basket,FULL_HIT,0.998323,0.004893,0.001970,0.427927,11.580301,0.012771,0.006252,12.144201,0,0
0,14,15,put both the alphabet soup and the cream cheese box in the basket,FULL_HIT,0.998186,0.005302,0.002170,0.296200,10.575010,0.010154,0.004700,10.985751,0,0
0,14,16,put both the alphabet soup and the cream cheese box in the basket,FULL_HIT,0.998132,0.005447,0.002307,0.613884,13.086188,0.015548,0.006138,13.908692,0,0
0,14,17,put both the alphabet soup and the cream cheese box in the basket,FULL_HIT,0.998141,0.005642,0.001842,0.563573,11.597725,0.012198,0.005457,12.307585,0,0
0,14,18,put both the alphabet soup and the cream cheese box in the basket,FULL_HIT,0.998199,0.005593,0.002146,0.671384,12.772344,0.012105,0.005642,13.589559,0,0
0,14,19,put both the alphabet soup and the cream cheese box in the basket,FULL_HIT,0.998241,0.007372,0.002435,0.767953,13.842647,0.012814,0.005131,14.771663,0,0
0,14,20,put both the alphabet soup and the cream cheese box in the basket,FULL_HIT,0.998349,0.005511,0.001949,0.328754,13.260301,0.014420,0.006529,13.733556,0,0
0,14,21,put both the alphabet soup and the cream cheese box in the basket,FULL_HIT,0.998318,0.005744,0.002034,0.653989,12.588450,0.012664,0.007087,13.392644,0,0
0,14,22,put both the alphabet soup and the cream cheese box in the basket,FULL_HIT,0.998181,0.005082,0.002073,0.641353,11.751585,0.015845,0.006372,12.552178,0,0
0,14,23,put both the alphabet soup and the cream cheese box in the basket,FULL_HIT,0.998042,0.005160,0.002115,0.479122,13.119566,0.026207,0.013225,13.822721,0,0
0,14,24,put both the alphabet soup and the cream cheese box in the basket,FULL_HIT,0.997922,0.005716,0.002151,0.490679,13.515451,0.011965,0.005158,14.142181,0,0
0,14,25,put both the alphabet soup and the cream cheese box in the basket,FULL_HIT,0.997881,0.005153,0.002080,0.358335,13.319383,0.015808,0.005957,13.834817,0,0
0,14,26,put both the alphabet soup and the cream cheese box in the basket,FULL_HIT,0.998202,0.007438,0.005085,1.213497,13.321053,0.013958,0.005964,14.781859,0,0
0,14,27,put both the alphabet soup and the cream cheese box in the basket,FULL_HIT,0.998263,0.005328,0.002317,0.726822,12.164570,0.013720,0.005745,13.045598,0,0
0,14,28,put both the alphabet soup and the cream cheese box in the basket,FULL_HIT,0.998302,0.004955,0.001984,0.655168,13.664368,0.013148,0.005342,14.484645,0,0
0,14,29,put both the alphabet soup and the cream cheese box in the basket,FULL_HIT,0.998302,0.005391,0.002122,0.582854,14.750772,0.015653,0.005837,15.509810,0,0
0,14,30,put both the alphabet soup and the cream cheese box in the basket,FULL_HIT,0.998243,0.006989,0.002633,1.707358,16.849838,0.024264,0.018186,18.845949,0,0
0,14,31,put both the alphabet soup and the cream cheese box in the basket,FULL_HIT,0.998295,0.008436,0.002326,1.727935,16.594139,0.017089,0.024159,18.530874,0,0
0,14,32,put both the alphabet soup and the cream cheese box in the basket,FULL_HIT,0.998129,0.006382,0.002444,0.932177,14.516720,0.014002,0.007942,15.625554,0,0
0,14,33,put both the alphabet soup and the cream cheese box in the basket,FULL_HIT,0.998382,0.008364,0.005515,0.856766,14.893883,0.234922,0.007203,16.171280,0,0
0,14,34,put both the alphabet soup and the cream cheese box in the basket,FULL_HIT,0.998391,0.007445,0.002485,0.807406,12.850752,0.012968,0.005487,13.833435,0,0
0,14,35,put both the alphabet soup and the cream cheese box in the basket,FULL_HIT,0.998340,0.006089,0.002533,0.605200,14.267276,0.014437,0.005544,15.049834,0,0
0,14,36,put both the alphabet soup and the cream cheese box in the basket,FULL_HIT,0.998377,0.008938,0.002961,0.559084,14.032576,0.012474,0.005339,14.766439,0,0
0,14,37,put both the alphabet soup and the cream cheese box in the basket,FULL_HIT,0.997715,0.006785,0.002201,0.600717,15.969450,0.018704,0.006671,16.747286,0,0
0,14,38,put both the alphabet soup and the cream cheese box in the basket,FULL_HIT,0.998448,0.005264,0.002640,0.435028,12.444030,0.013565,0.005889,13.036243,0,0
0,14,39,put both the alphabet soup and the cream cheese box in the basket,FULL_HIT,0.998457,0.006860,0.002173,0.533616,17.312191,0.013265,0.007625,18.066023,0,0
0,14,40,put both the alphabet soup and the cream cheese box in the basket,FULL_HIT,0.998411,0.005177,0.002341,0.642458,12.744519,0.013555,0.006040,13.548130,0,0
0,14,41,put both the alphabet soup and the cream cheese box in the basket,FULL_HIT,0.998366,0.005926,0.001929,0.489885,11.091984,0.010953,0.004931,11.731492,0,0
0,14,42,put both the alphabet soup and the cream cheese box in the basket,FULL_HIT,0.998259,0.005115,0.002584,0.485920,12.358994,0.012863,0.005714,13.006387,0,0
0,14,43,put both the alphabet soup and the cream cheese box in the basket,FULL_HIT,0.998188,0.005372,0.002782,0.488269,11.171061,0.013825,0.006359,11.820244,0,0
0,14,44,put both the alphabet soup and the cream cheese box in the basket,FULL_HIT,0.997953,0.005358,0.002237,0.500658,12.852032,0.014477,0.005993,13.503219,0,0
0,14,45,put both the alphabet soup and the cream cheese box in the basket,FULL_HIT,0.997807,0.005567,0.002151,0.666179,14.406266,0.015668,0.006092,15.221912,0,0
0,14,46,put both the alphabet soup and the cream cheese box in the basket,FULL_HIT,0.997940,0.006587,0.002924,0.690373,13.518233,0.023654,0.008165,14.424533,0,0
0,14,47,put both the alphabet soup and the cream cheese box in the basket,FULL_HIT,0.998234,0.005175,0.001878,0.507638,12.631717,0.012535,0.005113,13.282508,0,0
0,14,48,put both the alphabet soup and the cream cheese box in the basket,FULL_HIT,0.998287,0.013488,0.003066,0.801270,14.471029,0.013114,0.006151,15.464953,0,0
0,14,49,put both the alphabet soup and the cream cheese box in the basket,FULL_HIT,0.998161,0.005273,0.001986,0.569276,14.297782,0.016794,0.005749,15.017610,0,0
0,14,50,put both the alphabet soup and the cream cheese box in the basket,FULL_HIT,0.998211,0.007919,0.002575,0.721601,14.616677,0.012788,0.006570,15.522185,0,0
0,15,0,put the black bowl in the bottom drawer of the cabinet and close it,FULL_HIT,0.998870,0.007966,0.004515,0.665072,19.913068,0.020985,0.006662,20.809900,0,0
0,15,1,put the black bowl in the bottom drawer of the cabinet and close it,FULL_HIT,0.998850,0.005152,0.002800,5.372372,13.564704,0.013978,0.005139,19.100894,0,0
0,15,2,put the black bowl in the bottom drawer of the cabinet and close it,FULL_HIT,0.998744,0.005773,0.002557,0.588674,13.255477,0.010907,0.005000,13.997779,0,0
0,15,3,put the black bowl in the bottom drawer of the cabinet and close it,FULL_HIT,0.998737,0.008278,0.005092,0.724834,16.131996,0.018323,0.007290,17.040047,0,0
0,15,4,put the black bowl in the bottom drawer of the cabinet and close it,FULL_HIT,0.998694,0.006369,0.002534,0.588740,12.304594,0.013229,0.005505,13.050610,0,0
0,15,5,put the black bowl in the bottom drawer of the cabinet and close it,FULL_HIT,0.998700,0.005635,0.002168,0.606180,13.069867,0.015714,0.007271,13.860175,0,0
0,15,6,put the black bowl in the bottom drawer of the cabinet and close it,FULL_HIT,0.998705,0.005594,0.002287,0.679833,12.827161,0.013279,0.006092,13.660781,0,0
0,15,7,put the black bowl in the bottom drawer of the cabinet and close it,FULL_HIT,0.998773,0.005421,0.002417,0.551912,13.731015,0.012500,0.004929,14.437359,0,0
0,15,8,put the black bowl in the bottom drawer of the cabinet and close it,FULL_HIT,0.998795,0.006316,0.003551,0.725091,12.002539,0.011970,0.005959,12.891119,0,0
0,15,9,put the black bowl in the bottom drawer of the cabinet and close it,FULL_HIT,0.998759,0.006912,0.002504,0.756670,12.781506,0.012106,0.005170,13.701793,0,0
0,15,10,put the black bowl in the bottom drawer of the cabinet and close it,FULL_HIT,0.998784,0.005528,0.002135,0.423832,10.789282,0.012426,0.005000,11.342342,0,0
0,15,11,put the black bowl in the bottom drawer of the cabinet and close it,FULL_HIT,0.998779,0.005612,0.001776,0.544436,11.790928,0.012284,0.005511,12.477462,0,0
0,15,12,put the black bowl in the bottom drawer of the cabinet and close it,FULL_HIT,0.998782,0.004983,0.002156,0.435101,10.478896,0.013160,0.005742,11.061778,0,0
0,15,13,put the black bowl in the bottom drawer of the cabinet and close it,FULL_HIT,0.998788,0.005834,0.002250,0.387791,11.936035,0.012781,0.005968,12.481987,0,0
0,15,14,put the black bowl in the bottom drawer of the cabinet and close it,FULL_HIT,0.998782,0.005107,0.001967,0.570842,12.146666,0.014150,0.005674,12.859414,0,0
0,15,15,put the black bowl in the bottom drawer of the cabinet and close it,FULL_HIT,0.998764,0.004898,0.001845,0.334026,10.013617,0.011470,0.005194,10.467537,0,0
0,15,16,put the black bowl in the bottom drawer of the cabinet and close it,FULL_HIT,0.998500,0.004685,0.001906,0.552410,10.649237,0.012356,0.005557,11.327901,0,0
0,15,17,put the black bowl in the bottom drawer of the cabinet and close it,FULL_HIT,0.998471,0.005237,0.002064,0.464833,11.022534,0.012345,0.007053,11.625023,0,0
0,15,18,put the black bowl in the bottom drawer of the cabinet and close it,FULL_HIT,0.998666,0.005175,0.002040,0.363702,9.580236,0.011226,0.003441,10.062873,0,0
0,15,19,put the black bowl in the bottom drawer of the cabinet and close it,FULL_HIT,0.998688,0.007505,0.002629,0.532196,11.690917,0.011214,0.004989,12.368864,0,0
0,15,20,put the black bowl in the bottom drawer of the cabinet and close it,FULL_HIT,0.998650,0.004590,0.001823,0.542926,11.135235,0.012241,0.005756,11.821411,0,0
0,15,21,put the black bowl in the bottom drawer of the cabinet and close it,FULL_HIT,0.998654,0.005088,0.002225,0.577965,11.647730,0.014506,0.005786,12.370177,0,0
0,15,22,put the black bowl in the bottom drawer of the cabinet and close it,FULL_HIT,0.998590,0.005061,0.002081,0.340258,10.827871,0.011347,0.005278,11.293269,0,0
0,15,23,put the black bowl in the bottom drawer of the cabinet and close it,FULL_HIT,0.998584,0.005246,0.032104,0.412702,10.209116,0.011498,0.007882,10.791110,0,0
0,15,24,put the black bowl in the bottom drawer of the cabinet and close it,FULL_HIT,0.998618,0.004996,0.001966,0.606121,11.636573,0.013394,0.005148,12.382379,0,0
0,15,25,put the black bowl in the bottom drawer of the cabinet and close it,FULL_HIT,0.998635,0.008352,0.002466,0.449498,12.928752,0.015374,0.006363,13.542249,0,0
0,15,26,put the black bowl in the bottom drawer of the cabinet and close it,FULL_HIT,0.998676,0.004887,0.002351,0.596192,11.323070,0.014375,0.007294,12.064815,0,0
0,15,27,put the black bowl in the bottom drawer of the cabinet and close it,FULL_HIT,0.998658,0.006154,0.002104,0.669118,11.940930,0.021113,0.010919,12.832416,0,0
0,15,28,put the black bowl in the bottom drawer of the cabinet and close it,FULL_HIT,0.998694,0.007985,0.003071,0.523561,12.860208,0.011750,0.005026,13.540172,0,0
0,15,29,put the black bowl in the bottom drawer of the cabinet and close it,FULL_HIT,0.998270,0.031368,0.002266,0.445482,13.343636,0.012951,0.004970,13.984158,0,0
0,15,30,put the black bowl in the bottom drawer of the cabinet and close it,FULL_HIT,0.997443,0.005207,0.002470,0.545414,13.090434,0.015264,0.005887,13.799851,0,0
0,15,31,put the black bowl in the bottom drawer of the cabinet and close it,FULL_HIT,0.997656,0.005900,0.003352,0.726221,14.786636,0.017711,0.007268,15.684490,0,0
0,15,32,put the black bowl in the bottom drawer of the cabinet and close it,FULL_HIT,0.998618,0.005066,0.002293,0.511737,12.301981,0.027377,0.005227,13.000933,0,0
0,15,33,put the black bowl in the bottom drawer of the cabinet and close it,FULL_HIT,0.998651,0.005956,0.002536,0.631145,13.531090,0.012488,0.005527,14.318459,0,0
0,15,34,put the black bowl in the bottom drawer of the cabinet and close it,FULL_HIT,0.998662,0.005812,0.002439,0.680838,14.214810,0.015302,0.006516,15.053428,0,0
0,15,35,put the black bowl in the bottom drawer of the cabinet and close it,FULL_HIT,0.998643,0.004969,0.002143,0.390791,11.738607,0.011355,0.004561,12.261382,0,0
0,15,36,put the black bowl in the bottom drawer of the cabinet and close it,FULL_HIT,0.998510,0.007566,0.002110,0.542256,11.914999,0.011660,0.005447,12.601848,0,0
0,15,37,put the black bowl in the bottom drawer of the cabinet and close it,FULL_HIT,0.998447,0.005250,0.002201,0.379590,12.136349,0.015231,0.007768,12.699162,0,0
0,15,38,put the black bowl in the bottom drawer of the cabinet and close it,FULL_HIT,0.998180,0.005077,0.001966,0.388907,12.894332,0.013081,0.006797,13.445537,0,0
0,15,39,put the black bowl in the bottom drawer of the cabinet and close it,FULL_HIT,0.998073,0.005592,0.001819,0.479345,12.129480,0.011685,0.005097,12.740396,0,0
0,15,40,put the black bowl in the bottom drawer of the cabinet and close it,FULL_HIT,0.998003,0.005212,0.002091,0.734490,15.107381,0.012167,0.005617,15.994141,0,0
0,15,41,put the black bowl in the bottom drawer of the cabinet and close it,FULL_HIT,0.998140,0.008072,0.002399,0.376343,10.573653,0.011496,0.004583,11.086617,0,0
0,15,0,put both the alphabet soup and the cream cheese box in the basket,FULL_HIT,0.998871,0.005644,0.002388,0.711976,14.976361,0.015872,0.005265,15.841401,0,0
0,15,1,put both the alphabet soup and the cream cheese box in the basket,FULL_HIT,0.998843,0.006227,0.002113,0.471225,10.244644,0.012946,0.005416,10.858699,0,0
0,15,2,put both the alphabet soup and the cream cheese box in the basket,FULL_HIT,0.998804,0.005296,0.002489,0.680052,10.811815,0.017980,0.009043,11.666078,0,0
0,15,3,put both the alphabet soup and the cream cheese box in the basket,FULL_HIT,0.998808,0.005537,0.002480,0.583998,14.125113,0.012196,0.005694,14.861820,0,0
0,15,4,put both the alphabet soup and the cream cheese box in the basket,FULL_HIT,0.998794,0.006267,0.003036,0.617786,12.226471,0.013138,0.005818,12.999815,0,0
0,15,5,put both the alphabet soup and the cream cheese box in the basket,FULL_HIT,0.998769,0.005999,0.002591,0.654302,11.785717,0.015117,0.019903,12.608057,0,0
0,15,6,put both the alphabet soup and the cream cheese box in the basket,FULL_HIT,0.998791,0.005701,0.002885,0.731595,12.754516,0.011691,0.004931,13.651199,0,0
0,15,7,put both the alphabet soup and the cream cheese box in the basket,FULL_HIT,0.998804,0.005336,0.002090,0.547356,12.472469,0.028496,0.012734,13.261171,0,0
0,15,8,put both the alphabet soup and the cream cheese box in the basket,FULL_HIT,0.998804,0.005805,0.002164,0.540581,13.079750,0.013925,0.006259,13.810122,0,0
0,15,9,put both the alphabet soup and the cream cheese box in the basket,FULL_HIT,0.998788,0.004614,0.002003,0.444520,13.690591,0.014637,0.005578,14.304663,0,0
0,15,10,put both the alphabet soup and the cream cheese box in the basket,FULL_HIT,0.998737,0.005400,0.002991,1.342796,13.107982,0.011888,0.005291,14.613728,0,0
0,15,11,put both the alphabet soup and the cream cheese box in the basket,FULL_HIT,0.998688,0.007704,0.004517,0.489978,15.096039,0.014280,0.007742,15.755438,0,0
0,15,12,put both the alphabet soup and the cream cheese box in the basket,FULL_HIT,0.998506,0.005408,0.002376,0.605000,15.133466,0.014195,0.007325,15.892820,0,0
0,15,13,put both the alphabet soup and the cream cheese box in the basket,FULL_HIT,0.998415,0.007345,0.003901,0.850716,11.548611,0.014100,0.006026,12.622017,0,0
0,15,14,put both the alphabet soup and the cream cheese box in the basket,FULL_HIT,0.998373,0.004907,0.002531,0.539322,10.962264,0.015476,0.006676,11.660753,0,0
0,15,15,put both the alphabet soup and the cream cheese box in the basket,FULL_HIT,0.998351,0.005129,0.002089,0.407443,13.320537,0.023111,0.006837,13.894680,0,0
0,15,16,put both the alphabet soup and the cream cheese box in the basket,FULL_HIT,0.998244,0.005664,0.002503,0.623966,12.901433,0.012994,0.005020,13.687579,0,0
0,15,17,put both the alphabet soup and the cream cheese box in the basket,FULL_HIT,0.998267,0.005165,0.002231,0.778446,12.737066,0.014282,0.006405,13.689604,0,0
0,15,18,put both the alphabet soup and the cream cheese box in the basket,FULL_HIT,0.998307,0.005467,0.001712,0.594722,11.071856,0.012377,0.007589,11.824285,0,0
0,15,19,put both the alphabet soup and the cream cheese box in the basket,FULL_HIT,0.998421,0.005628,0.002486,0.443065,11.379445,0.011689,0.005096,11.963894,0,0
0,15,20,put both the alphabet soup and the cream cheese box in the basket,FULL_HIT,0.998418,0.004738,0.001905,0.435872,10.871020,0.012869,0.005025,11.441014,0,0
0,15,21,put both the alphabet soup and the cream cheese box in the basket,FULL_HIT,0.998240,0.005136,0.002201,1.020381,11.679662,0.014086,0.006360,12.882507,0,0
0,15,22,put both the alphabet soup and the cream cheese box in the basket,FULL_HIT,0.998300,0.005258,0.002263,0.557081,10.989250,0.012289,0.004954,11.687684,0,0
0,15,23,put both the alphabet soup and the cream cheese box in the basket,FULL_HIT,0.998483,0.005487,0.002645,0.828589,12.723563,0.011671,0.004602,13.701336,0,0
0,15,24,put both the alphabet soup and the cream cheese box in the basket,FULL_HIT,0.998571,0.005338,0.001902,0.412584,9.735091,0.011581,0.004756,10.275176,0,0
0,15,25,put both the alphabet soup and the cream cheese box in the basket,FULL_HIT,0.998598,0.004713,0.002403,0.464595,13.116937,0.011869,0.005650,13.728669,0,0
0,15,26,put both the alphabet soup and the cream cheese box in the basket,FULL_HIT,0.998579,0.005796,0.001849,0.528863,11.042188,0.012453,0.005212,11.707919,0,0
0,15,27,put both the alphabet soup and the cream cheese box in the basket,FULL_HIT,0.998545,0.004841,0.002110,0.376232,9.603804,0.012623,0.004840,10.108531,0,0
0,15,28,put both the alphabet soup and the cream cheese box in the basket,FULL_HIT,0.998521,0.006046,0.002295,0.651461,13.198715,0.012402,0.005472,13.998938,0,0
0,15,29,put both the alphabet soup and the cream cheese box in the basket,FULL_HIT,0.998423,0.005026,0.002028,0.516893,13.299927,0.016817,0.006689,14.096413,0,0
0,15,30,put both the alphabet soup and the cream cheese box in the basket,FULL_HIT,0.998498,0.005160,0.001701,0.556545,12.226511,0.013591,0.006528,12.933943,0,0
0,15,31,put both the alphabet soup and the cream cheese box in the basket,FULL_HIT,0.998573,0.005640,0.002788,0.716170,17.147479,0.015025,0.007218,18.036319,0,0
0,15,32,put both the alphabet soup and the cream cheese box in the basket,FULL_HIT,0.998600,0.005176,0.002150,0.369816,11.732366,0.011688,0.005929,12.229892,0,0
0,15,33,put both the alphabet soup and the cream cheese box in the basket,FULL_HIT,0.998674,0.005364,0.002339,0.371055,13.582044,0.011546,0.005278,14.079884,0,0
0,15,34,put both the alphabet soup and the cream cheese box in the basket,FULL_HIT,0.998500,0.006010,0.002077,0.506561,11.104308,0.011677,0.005117,11.740599,0,0
0,15,35,put both the alphabet soup and the cream cheese box in the basket,FULL_HIT,0.998507,0.005952,0.002251,0.535970,12.623603,0.012518,0.005592,13.301975,0,0
0,15,36,put both the alphabet soup and the cream cheese box in the basket,FULL_HIT,0.997606,0.005238,0.002027,0.409684,10.982949,0.012169,0.005586,11.521714,0,0
0,15,37,put both the alphabet soup and the cream cheese box in the basket,FULL_HIT,0.998258,0.005358,0.002019,0.447212,13.232940,0.011336,0.005567,13.816291,0,0
0,15,38,put both the alphabet soup and the cream cheese box in the basket,FULL_HIT,0.998224,0.005386,0.001837,0.388767,11.029210,0.014426,0.005602,11.559977,0,0
0,15,39,put both the alphabet soup and the cream cheese box in the basket,FULL_HIT,0.998235,0.005305,0.002039,0.451840,10.025878,0.011697,0.005149,10.604535,0,0
0,15,40,put both the alphabet soup and the cream cheese box in the basket,FULL_HIT,0.998359,0.005511,0.001944,0.361069,12.574921,0.011767,0.005053,13.064077,0,0
0,15,41,put both the alphabet soup and the cream cheese box in the basket,FULL_HIT,0.998518,0.005311,0.002432,0.560345,12.638664,0.012000,0.006130,13.339920,0,0
0,15,42,put both the alphabet soup and the cream cheese box in the basket,FULL_HIT,0.998503,0.004895,0.002091,0.440798,11.995074,0.012929,0.005250,12.568189,0,0
0,15,43,put both the alphabet soup and the cream cheese box in the basket,FULL_HIT,0.998464,0.005208,0.001859,0.455482,14.086424,0.013254,0.005973,14.677769,0,0
0,15,44,put both the alphabet soup and the cream cheese box in the basket,FULL_HIT,0.998492,0.005571,0.002398,0.530948,11.738519,0.013461,0.005010,12.413696,0,0
0,15,45,put both the alphabet soup and the cream cheese box in the basket,FULL_HIT,0.998528,0.005535,0.002058,0.605368,10.012742,0.013678,0.006599,10.762187,0,0
0,15,46,put both the alphabet soup and the cream cheese box in the basket,FULL_HIT,0.998534,0.005190,0.001716,0.412666,10.330573,0.011423,0.005145,10.872231,0,0
0,16,0,put the black bowl in the bottom drawer of the cabinet and close it,FULL_HIT,0.998868,0.006197,0.002111,0.687425,14.394499,0.014691,0.005465,15.235361,0,0
0,16,1,put the black bowl in the bottom drawer of the cabinet and close it,FULL_HIT,0.998833,0.006381,0.002365,0.546023,14.449979,0.014970,0.007190,15.156830,0,0
0,16,2,put the black bowl in the bottom drawer of the cabinet and close it,FULL_HIT,0.998806,0.005318,0.001921,0.457037,11.771241,0.015563,0.007386,12.375112,0,0
0,16,3,put the black bowl in the bottom drawer of the cabinet and close it,FULL_HIT,0.998785,0.005304,0.001804,0.464041,12.832951,0.011854,0.005684,13.428811,0,0
0,16,4,put the black bowl in the bottom drawer of the cabinet and close it,FULL_HIT,0.998789,0.004912,0.002062,0.587429,11.950835,0.012347,0.005558,12.679321,0,0
0,16,5,put the black bowl in the bottom drawer of the cabinet and close it,FULL_HIT,0.998757,0.006856,0.002563,0.685153,11.092196,0.012404,0.005453,11.926285,0,0
0,16,6,put the black bowl in the bottom drawer of the cabinet and close it,FULL_HIT,0.998726,0.005687,0.001936,0.510402,14.294654,0.016294,0.007553,14.995217,0,0
0,16,7,put the black bowl in the bottom drawer of the cabinet and close it,FULL_HIT,0.998757,0.005192,0.001948,0.435810,11.090276,0.012240,0.004531,11.654923,0,0
0,16,8,put the black bowl in the bottom drawer of the cabinet and close it,FULL_HIT,0.998763,0.005770,0.002163,0.448189,12.099319,0.016912,0.008384,12.711461,0,0
0,16,9,put the black bowl in the bottom drawer of the cabinet and close it,FULL_HIT,0.998757,0.005469,0.003066,0.711364,14.303969,0.015249,0.006615,15.205644,0,0
0,16,10,put the black bowl in the bottom drawer of the cabinet and close it,FULL_HIT,0.998768,0.005087,0.001778,0.503137,11.978049,0.012354,0.004811,12.610371,0,0
0,16,11,put the black bowl in the bottom drawer of the cabinet and close it,FULL_HIT,0.998785,0.004604,0.001928,0.318719,12.289974,0.012639,0.005577,12.755667,0,0
0,16,12,put the black bowl in the bottom drawer of the cabinet and close it,FULL_HIT,0.998779,0.006278,0.001858,0.462931,11.280737,0.011052,0.005650,11.877613,0,0
0,16,13,put the black bowl in the bottom drawer of the cabinet and close it,FULL_HIT,0.998667,0.005490,0.001855,0.607498,9.814799,0.011130,0.004672,10.553163,0,0
0,16,14,put the black bowl in the bottom drawer of the cabinet and close it,FULL_HIT,0.998696,0.005677,0.002073,0.615811,11.388185,0.011770,0.004902,12.140361,0,0
0,16,15,put the black bowl in the bottom drawer of the cabinet and close it,FULL_HIT,0.998789,0.005182,0.001784,0.469994,12.743706,0.012362,0.005103,13.346053,0,0
0,16,16,put the black bowl in the bottom drawer of the cabinet and close it,FULL_HIT,0.998736,0.005386,0.002041,0.388816,10.399819,0.012379,0.005081,10.918357,0,0
0,16,17,put the black bowl in the bottom drawer of the cabinet and close it,FULL_HIT,0.998690,0.006422,0.002456,0.715731,13.713733,0.011653,0.005269,14.614093,0,0
0,16,18,put the black bowl in the bottom drawer of the cabinet and close it,FULL_HIT,0.998698,0.005145,0.002278,0.441238,11.621386,0.013522,0.005637,12.200861,0,0
0,16,19,put the black bowl in the bottom drawer of the cabinet and close it,FULL_HIT,0.998722,0.005752,0.002454,0.886209,11.527943,0.011900,0.005623,12.569760,0,0
0,16,20,put the black bowl in the bottom drawer of the cabinet and close it,FULL_HIT,0.998746,0.004823,0.001822,0.334469,10.633179,0.012410,0.005570,11.091085,0,0
0,16,21,put the black bowl in the bottom drawer of the cabinet and close it,FULL_HIT,0.998758,0.005851,0.002564,0.623684,12.308190,0.012690,0.005875,13.082645,0,0
0,16,22,put the black bowl in the bottom drawer of the cabinet and close it,FULL_HIT,0.998743,0.005912,0.001873,0.429141,13.151328,0.012556,0.005618,13.712534,0,0
0,16,23,put the black bowl in the bottom drawer of the cabinet and close it,FULL_HIT,0.998792,0.005357,0.001812,0.472395,11.198430,0.012000,0.005464,11.804844,0,0
0,16,24,put the black bowl in the bottom drawer of the cabinet and close it,FULL_HIT,0.998786,0.004631,0.002305,0.406108,11.162158,0.010684,0.004577,11.689871,0,0
0,16,25,put the black bowl in the bottom drawer of the cabinet and close it,FULL_HIT,0.998765,0.004816,0.002218,0.370983,10.680816,0.011236,0.005134,11.168328,0,0
0,16,26,put the black bowl in the bottom drawer of the cabinet and close it,FULL_HIT,0.998749,0.005195,0.002473,0.443798,11.578420,0.010930,0.004751,12.151225,0,0
0,16,27,put the black bowl in the bottom drawer of the cabinet and close it,FULL_HIT,0.998694,0.005213,0.001724,0.321209,9.550142,0.011558,0.003860,9.988845,0,0
0,16,28,put the black bowl in the bottom drawer of the cabinet and close it,FULL_HIT,0.998677,0.004705,0.002158,0.312356,10.678040,0.012246,0.004729,11.114303,0,0
0,16,29,put the black bowl in the bottom drawer of the cabinet and close it,FULL_HIT,0.998696,0.005119,0.001759,0.633280,9.724491,0.010895,0.004598,10.486158,0,0
0,16,30,put the black bowl in the bottom drawer of the cabinet and close it,FULL_HIT,0.998698,0.005821,0.002578,0.404381,10.763609,0.011439,0.019160,11.319108,0,0
0,16,31,put the black bowl in the bottom drawer of the cabinet and close it,FULL_HIT,0.998669,0.004897,0.001598,0.356586,10.391613,0.011616,0.004797,10.876184,0,0
0,16,32,put the black bowl in the bottom drawer of the cabinet and close it,FULL_HIT,0.998563,0.005865,0.002258,0.473581,14.047639,0.011343,0.004796,14.657330,0,0
0,16,33,put the black bowl in the bottom drawer of the cabinet and close it,FULL_HIT,0.998544,0.005435,0.002115,0.306666,9.943873,0.010617,0.004834,10.390270,0,0
0,16,34,put the black bowl in the bottom drawer of the cabinet and close it,FULL_HIT,0.998405,0.005785,0.001884,0.413458,12.894739,0.011130,0.004733,13.454091,0,0
0,16,35,put the black bowl in the bottom drawer of the cabinet and close it,FULL_HIT,0.998281,0.004982,0.001816,0.313627,11.074628,0.012277,0.004979,11.511251,0,0
0,16,36,put the black bowl in the bottom drawer of the cabinet and close it,FULL_HIT,0.997879,0.005093,0.002016,0.360332,11.487683,0.025084,0.005656,11.997234,0,0
0,16,37,put the black bowl in the bottom drawer of the cabinet and close it,FULL_HIT,0.998462,0.005123,0.002125,0.611982,10.644853,0.027240,0.005217,11.412327,0,0
0,16,38,put the black bowl in the bottom drawer of the cabinet and close it,FULL_HIT,0.998492,0.005089,0.001787,0.329925,12.323836,0.018038,0.006566,12.801693,0,0
0,16,39,put the black bowl in the bottom drawer of the cabinet and close it,FULL_HIT,0.998500,0.004635,0.001999,0.387049,12.321222,0.012594,0.004812,12.830552,0,0
0,16,40,put the black bowl in the bottom drawer of the cabinet and close it,FULL_HIT,0.998541,0.006414,0.001991,0.624875,9.879227,0.011427,0.004255,10.640076,0,0
0,16,41,put the black bowl in the bottom drawer of the cabinet and close it,FULL_HIT,0.998423,0.005367,0.002346,0.417495,11.274405,0.015123,0.006688,11.844878,0,0
0,16,42,put the black bowl in the bottom drawer of the cabinet and close it,FULL_HIT,0.998613,0.004660,0.002177,0.324014,12.499959,0.013414,0.005889,12.957361,0,0
0,16,43,put the black bowl in the bottom drawer of the cabinet and close it,FULL_HIT,0.998581,0.006017,0.002169,0.597658,13.290078,0.018158,0.007677,14.126270,0,0
0,16,44,put the black bowl in the bottom drawer of the cabinet and close it,FULL_HIT,0.998477,0.005611,0.002247,0.316092,12.267140,0.013044,0.005732,12.728816,0,0
0,16,45,put the black bowl in the bottom drawer of the cabinet and close it,FULL_HIT,0.998058,0.005471,0.002297,0.403900,11.163294,0.011478,0.004273,11.692219,0,0
0,16,46,put the black bowl in the bottom drawer of the cabinet and close it,FULL_HIT,0.998133,0.004763,0.001666,0.301271,10.265936,0.013908,0.006740,10.705830,0,0
0,16,47,put the black bowl in the bottom drawer of the cabinet and close it,FULL_HIT,0.998220,0.004882,0.001643,0.336576,10.725126,0.013650,0.005404,11.194694,0,0
0,16,48,put the black bowl in the bottom drawer of the cabinet and close it,FULL_HIT,0.998268,0.004795,0.001803,0.296374,10.693033,0.012021,0.010377,11.168287,0,0
0,16,49,put the black bowl in the bottom drawer of the cabinet and close it,FULL_HIT,0.998427,0.006246,0.002219,0.517899,9.851580,0.011819,0.004812,10.505824,0,0
0,16,50,put the black bowl in the bottom drawer of the cabinet and close it,FULL_HIT,0.998506,0.005069,0.001987,0.373523,10.947361,0.012821,0.005755,11.458097,0,0
0,16,51,put the black bowl in the bottom drawer of the cabinet and close it,FULL_HIT,0.998451,0.005276,0.002160,0.451865,12.246147,0.014424,0.005941,12.848223,0,0
0,16,52,put the black bowl in the bottom drawer of the cabinet and close it,FULL_HIT,0.998320,0.005596,0.002404,0.544983,12.444978,0.013362,0.006204,13.134054,0,0
0,16,53,put the black bowl in the bottom drawer of the cabinet and close it,FULL_HIT,0.998205,0.005282,0.002167,0.392089,10.843939,0.013013,0.005595,11.371609,0,0
0,16,54,put the black bowl in the bottom drawer of the cabinet and close it,FULL_HIT,0.998144,0.005176,0.002123,0.348688,11.622270,0.015787,0.006713,12.128118,0,0
0,16,0,put both moka pots on the stove,FULL_HIT,0.998836,0.005060,0.001884,0.334806,35.154293,0.011587,0.004672,35.617019,0,0
0,16,1,put both moka pots on the stove,FULL_HIT,0.998675,0.005521,0.002049,0.558963,15.173747,0.012981,0.005283,15.872106,0,0
0,16,2,put both moka pots on the stove,FULL_HIT,0.998500,0.006229,0.001876,0.369909,17.132648,0.013301,0.005990,17.640914,0,0
0,16,3,put both moka pots on the stove,FULL_HIT,0.998492,0.007302,0.002587,0.778427,17.415087,0.012212,0.005319,18.354398,0,0
0,16,4,put both moka pots on the stove,FULL_HIT,0.998446,0.005502,0.002288,0.413390,17.419141,0.012431,0.005184,17.966066,0,0
0,16,5,put both moka pots on the stove,FULL_HIT,0.998378,0.004900,0.002013,0.396564,13.847032,0.012267,0.005378,14.368149,0,0
0,16,6,put both moka pots on the stove,FULL_HIT,0.998371,0.004900,0.001818,0.355133,15.289538,0.011191,0.005339,15.767617,0,0
0,16,7,put both moka pots on the stove,FULL_HIT,0.998321,0.005601,0.001759,0.393336,15.403463,0.012381,0.006070,15.932955,0,0
0,16,8,put both moka pots on the stove,FULL_HIT,0.998352,0.004670,0.002410,0.377466,14.888380,0.012369,0.006015,15.436505,0,0
0,16,9,put both moka pots on the stove,FULL_HIT,0.998499,0.005526,0.002327,0.609096,15.543920,0.011974,0.007173,16.310887,0,0
0,16,10,put both moka pots on the stove,FULL_HIT,0.998635,0.004924,0.002273,0.544020,15.311745,0.014579,0.005754,16.004216,0,0
0,16,11,put both moka pots on the stove,FULL_HIT,0.998666,0.005086,0.002011,0.503295,14.996132,0.012804,0.005333,15.637748,0,0
0,16,12,put both moka pots on the stove,FULL_HIT,0.998637,0.005087,0.002137,0.425653,17.086925,0.012442,0.004877,17.642335,0,0
0,16,13,put both moka pots on the stove,FULL_HIT,0.998604,0.004972,0.002015,0.307423,16.600632,0.011922,0.005468,17.032691,0,0
0,16,14,put both moka pots on the stove,FULL_HIT,0.998610,0.004492,0.002059,0.391783,14.313813,0.012444,0.004658,14.835011,0,0
0,16,15,put both moka pots on the stove,FULL_HIT,0.998586,0.005381,0.002416,0.318598,16.459088,0.012976,0.005196,16.927321,0,0
0,16,16,put both moka pots on the stove,FULL_HIT,0.998527,0.004906,0.002159,0.372075,18.401750,0.012152,0.005097,18.906767,0,0
0,16,17,put both moka pots on the stove,FULL_HIT,0.998521,0.005584,0.001965,0.445163,17.198651,0.013427,0.006088,17.785090,0,0
0,16,18,put both moka pots on the stove,FULL_HIT,0.998539,0.005398,0.001981,0.374430,15.358700,0.012714,0.004906,15.861375,0,0
0,16,19,put both moka pots on the stove,FULL_HIT,0.998517,0.005005,0.001870,0.332904,14.477902,0.012031,0.006016,14.938290,0,0
0,16,20,put both moka pots on the stove,FULL_HIT,0.998613,0.023161,0.002570,0.333072,14.530221,0.011953,0.004828,15.007772,0,0
0,16,21,put both moka pots on the stove,FULL_HIT,0.998732,0.004781,0.001937,0.382528,17.074156,0.011907,0.005751,17.584572,0,0
0,16,22,put both moka pots on the stove,FULL_HIT,0.998669,0.005048,0.001797,0.312424,16.335808,0.014083,0.006345,16.780994,0,0
0,16,23,put both moka pots on the stove,FULL_HIT,0.998637,0.004557,0.001642,0.426378,15.631371,0.011889,0.005008,16.182762,0,0
0,16,24,put both moka pots on the stove,FULL_HIT,0.998646,0.004455,0.001857,0.278761,13.829997,0.012223,0.005110,14.226604,0,0
0,16,25,put both moka pots on the stove,FULL_HIT,0.998208,0.005649,0.001673,0.539377,14.487373,0.012488,0.005833,15.163626,0,0
0,16,26,put both moka pots on the stove,FULL_HIT,0.998453,0.004885,0.002002,0.348564,17.584573,0.011453,0.005575,18.059003,0,0
0,16,27,put both moka pots on the stove,FULL_HIT,0.998490,0.005420,0.002234,0.402533,17.450367,0.011816,0.005410,17.985858,0,0
0,16,28,put both moka pots on the stove,FULL_HIT,0.998461,0.005504,0.002122,0.415227,17.847814,0.024555,0.046866,18.711916,0,0
0,16,29,put both moka pots on the stove,FULL_HIT,0.998443,0.005249,0.002089,0.577734,19.079231,0.013683,0.006544,19.804620,0,0
0,16,30,put both moka pots on the stove,FULL_HIT,0.998444,0.007710,0.003112,0.770165,17.937506,0.013826,0.006214,18.889935,0,0
0,16,31,put both moka pots on the stove,FULL_HIT,0.998473,0.007442,0.002062,0.595865,16.838180,0.012008,0.004919,17.576424,0,0
0,16,32,put both moka pots on the stove,FULL_HIT,0.998516,0.005335,0.001786,0.386375,16.540406,0.012826,0.005325,17.062165,0,0
0,16,33,put both moka pots on the stove,FULL_HIT,0.998513,0.005254,0.001904,0.482211,17.029099,0.014204,0.005360,17.674132,0,0
0,16,34,put both moka pots on the stove,FULL_HIT,0.998446,0.005859,0.002317,0.636358,16.192878,0.011488,0.005438,16.986379,0,0
0,16,35,put both moka pots on the stove,FULL_HIT,0.998432,0.005073,0.002083,0.388216,14.619981,0.011544,0.005420,15.132469,0,0
0,16,36,put both moka pots on the stove,FULL_HIT,0.998400,0.004738,0.001750,0.304227,13.655068,0.012506,0.004706,14.082019,0,0
0,16,37,put both moka pots on the stove,FULL_HIT,0.998466,0.005314,0.001762,0.333506,14.891022,0.011505,0.005024,15.351374,0,0
0,16,38,put both moka pots on the stove,FULL_HIT,0.998338,0.005018,0.002087,0.381272,15.228889,0.010969,0.005296,15.733375,0,0
0,16,39,put both moka pots on the stove,FULL_HIT,0.997776,0.005085,0.002203,0.440160,16.266421,0.012618,0.005372,16.836191,0,0
0,16,40,put both moka pots on the stove,FULL_HIT,0.998442,0.005162,0.002099,0.440338,15.936603,0.013819,0.006032,16.513620,0,0
0,16,41,put both moka pots on the stove,FULL_HIT,0.998470,0.005776,0.002055,0.434122,16.498530,0.011789,0.006542,17.089275,0,0
0,16,42,put both moka pots on the stove,FULL_HIT,0.998446,0.005288,0.002289,0.447684,19.103504,0.015251,0.005689,19.696888,0,0
0,16,43,put both moka pots on the stove,FULL_HIT,0.998497,0.005778,0.002185,0.551689,19.046599,0.014715,0.005789,19.742252,0,0
0,16,44,put both moka pots on the stove,FULL_HIT,0.998588,0.005446,0.002623,0.550786,19.220150,0.014278,0.006262,19.922447,0,0
0,16,45,put both moka pots on the stove,FULL_HIT,0.998551,0.005268,0.001751,0.330671,15.690221,0.014014,0.005801,16.153236,0,0
0,16,46,put both moka pots on the stove,FULL_HIT,0.998556,0.004773,0.002186,0.404756,16.452285,0.012898,0.005722,16.988252,0,0
0,16,47,put both moka pots on the stove,FULL_HIT,0.998582,0.006925,0.002664,0.650005,15.823383,0.011345,0.005051,16.616337,0,0
0,16,48,put both moka pots on the stove,FULL_HIT,0.998583,0.005560,0.001929,0.375161,16.887225,0.011965,0.005572,17.391268,0,0
0,16,49,put both moka pots on the stove,FULL_HIT,0.998611,0.004873,0.001910,0.302209,16.855526,0.013792,0.004821,17.296811,0,0
0,16,50,put both moka pots on the stove,FULL_HIT,0.998640,0.006055,0.002427,0.502421,15.487386,0.010303,0.004763,16.127352,0,0
0,16,51,put both moka pots on the stove,FULL_HIT,0.998638,0.005503,0.001961,0.383195,16.059102,0.011377,0.004755,16.567986,0,0
0,16,52,put both moka pots on the stove,FULL_HIT,0.998626,0.004512,0.001840,0.382651,16.694456,0.011530,0.005742,17.203238,0,0
0,16,53,put both moka pots on the stove,FULL_HIT,0.998664,0.005289,0.002290,0.307237,15.304361,0.013027,0.005276,15.743421,0,0
0,16,54,put both moka pots on the stove,FULL_HIT,0.998635,0.005578,0.002186,0.419826,16.123609,0.012471,0.004998,16.674373,0,0
0,16,55,put both moka pots on the stove,FULL_HIT,0.998585,0.005132,0.002086,0.544503,20.784785,0.011572,0.005153,21.461761,0,0
0,16,56,put both moka pots on the stove,FULL_HIT,0.998543,0.005052,0.002022,0.568613,16.017288,0.011030,0.006480,16.715494,0,0
0,16,57,put both moka pots on the stove,FULL_HIT,0.998440,0.005286,0.002503,0.520379,15.625656,0.013237,0.005939,16.295829,0,0
0,16,58,put both moka pots on the stove,FULL_HIT,0.997798,0.005422,0.001913,0.342534,14.676217,0.011431,0.005378,15.149189,0,0
0,16,59,put both moka pots on the stove,FULL_HIT,0.997295,0.005599,0.002175,0.561278,17.369499,0.011986,0.005073,18.068540,0,0
0,16,60,put both moka pots on the stove,FULL_HIT,0.997629,0.004962,0.001885,0.411187,16.185955,0.013041,0.005360,16.734139,0,0
0,16,61,put both moka pots on the stove,FULL_HIT,0.997448,0.004652,0.002026,0.366576,13.381073,0.010565,0.004194,13.860345,0,0
0,16,62,put both moka pots on the stove,FULL_HIT,0.997589,0.005073,0.001798,0.285932,15.268246,0.012876,0.005881,15.684619,0,0
0,16,63,put both moka pots on the stove,FULL_HIT,0.997644,0.005017,0.002102,0.452113,16.176161,0.014846,0.006475,16.767586,0,0
0,16,64,put both moka pots on the stove,FULL_HIT,0.997555,0.005188,0.001875,0.336052,14.405814,0.011041,0.005421,14.867789,0,0
0,16,65,put both moka pots on the stove,FULL_HIT,0.997405,0.005122,0.001794,0.355414,18.772773,0.013411,0.006375,19.287631,0,0
0,16,66,put both moka pots on the stove,FULL_HIT,0.997097,0.005744,0.002002,0.319667,14.961587,0.012451,0.004852,15.440697,0,0
0,16,67,put both moka pots on the stove,FULL_HIT,0.997083,0.005225,0.001889,0.456793,13.820402,0.014083,0.006027,14.421011,0,0
0,16,68,put both moka pots on the stove,FULL_HIT,0.997189,0.005065,0.002125,0.550771,17.762956,0.014917,0.006427,18.466741,0,0
0,16,69,put both moka pots on the stove,FULL_HIT,0.997347,0.004830,0.002152,0.456168,16.003142,0.012405,0.005708,16.596255,0,0
0,16,70,put both moka pots on the stove,FULL_HIT,0.997596,0.005301,0.002135,0.557310,17.492527,0.012298,0.006180,18.193453,0,0
0,16,71,put both moka pots on the stove,FULL_HIT,0.997482,0.005274,0.001874,0.585937,18.702757,0.012787,0.005532,19.427876,0,0
0,16,72,put both moka pots on the stove,FULL_HIT,0.997471,0.018959,0.002785,0.650506,15.961037,0.012376,0.004900,16.777112,0,0
0,16,73,put both moka pots on the stove,FULL_HIT,0.997486,0.005435,0.002378,0.405649,14.087998,0.013721,0.006250,14.699063,0,0
0,17,0,put the black bowl in the bottom drawer of the cabinet and close it,FULL_HIT,0.998860,0.004921,0.002215,0.427464,13.442359,0.012614,0.005266,13.999151,0,0
0,17,1,put the black bowl in the bottom drawer of the cabinet and close it,FULL_HIT,0.998854,0.004773,0.002035,0.490191,11.888857,0.014435,0.005954,12.528308,0,0
0,17,2,put the black bowl in the bottom drawer of the cabinet and close it,FULL_HIT,0.998823,0.004964,0.002266,0.324671,9.704532,0.011006,0.003600,10.145604,0,0
0,17,3,put the black bowl in the bottom drawer of the cabinet and close it,FULL_HIT,0.998768,0.005301,0.002001,0.511549,11.258327,0.012228,0.005391,11.902960,0,0
0,17,4,put the black bowl in the bottom drawer of the cabinet and close it,FULL_HIT,0.998759,0.005225,0.002054,0.409673,11.803507,0.011802,0.005072,12.345413,0,0
0,17,5,put the black bowl in the bottom drawer of the cabinet and close it,FULL_HIT,0.998700,0.005150,0.002004,0.487019,10.816028,0.014934,0.005985,11.450726,0,0
0,17,6,put the black bowl in the bottom drawer of the cabinet and close it,FULL_HIT,0.998624,0.005307,0.002352,0.512536,13.489568,0.011460,0.004766,14.151938,0,0
0,17,7,put the black bowl in the bottom drawer of the cabinet and close it,FULL_HIT,0.998513,0.005280,0.002146,0.404121,10.034978,0.011099,0.004820,10.565549,0,0
0,17,8,put the black bowl in the bottom drawer of the cabinet and close it,FULL_HIT,0.998520,0.005404,0.001945,0.336888,11.811686,0.011355,0.005012,12.275790,0,0
0,17,9,put the black bowl in the bottom drawer of the cabinet and close it,FULL_HIT,0.998527,0.005358,0.002250,0.343172,12.848789,0.013083,0.005993,13.326751,0,0
0,17,10,put the black bowl in the bottom drawer of the cabinet and close it,FULL_HIT,0.998417,0.006413,0.002266,0.364462,13.637106,0.011815,0.005005,14.132673,0,0
0,17,11,put the black bowl in the bottom drawer of the cabinet and close it,FULL_HIT,0.998276,0.005130,0.002161,0.436387,11.005914,0.012505,0.004975,11.579504,0,0
0,17,12,put the black bowl in the bottom drawer of the cabinet and close it,FULL_HIT,0.998371,0.004917,0.002061,0.347408,12.688639,0.014175,0.005729,13.169460,0,0
0,17,13,put the black bowl in the bottom drawer of the cabinet and close it,FULL_HIT,0.998544,0.005194,0.002101,0.558153,11.084140,0.010921,0.004781,11.774283,0,0
0,17,14,put the black bowl in the bottom drawer of the cabinet and close it,FULL_HIT,0.998647,0.005420,0.002670,0.419307,10.174990,0.011644,0.004867,10.723033,0,0
0,17,15,put the black bowl in the bottom drawer of the cabinet and close it,FULL_HIT,0.998688,0.004870,0.001886,0.290846,9.506513,0.010311,0.004194,9.906698,0,0
0,17,16,put the black bowl in the bottom drawer of the cabinet and close it,FULL_HIT,0.998718,0.006630,0.001880,0.494961,10.014089,0.011789,0.004577,10.640681,0,0
0,17,17,put the black bowl in the bottom drawer of the cabinet and close it,FULL_HIT,0.998744,0.005415,0.001662,0.404110,12.924154,0.011704,0.004928,13.456306,0,0
0,17,18,put the black bowl in the bottom drawer of the cabinet and close it,FULL_HIT,0.998779,0.007750,0.002561,1.028244,11.100889,0.011158,0.004662,12.287975,0,0
0,17,19,put the black bowl in the bottom drawer of the cabinet and close it,FULL_HIT,0.998793,0.006701,0.002658,0.824783,17.915179,0.015757,0.006768,18.920979,0,0
0,17,20,put the black bowl in the bottom drawer of the cabinet and close it,FULL_HIT,0.998802,0.005721,0.002083,0.742114,12.884440,0.012026,0.005917,13.810881,0,0
0,17,21,put the black bowl in the bottom drawer of the cabinet and close it,FULL_HIT,0.998793,0.005635,0.001839,0.680646,18.114871,0.016264,0.005188,19.013551,0,0
0,17,22,put the black bowl in the bottom drawer of the cabinet and close it,FULL_HIT,0.998683,0.005515,0.002158,0.884060,16.644917,0.012700,0.005437,17.739925,0,0
0,17,23,put the black bowl in the bottom drawer of the cabinet and close it,FULL_HIT,0.998687,0.005055,0.014778,0.496973,11.249052,0.015701,0.006863,11.923065,0,0
0,17,24,put the black bowl in the bottom drawer of the cabinet and close it,FULL_HIT,0.998654,0.005202,0.001864,0.430845,10.508374,0.010898,0.005110,11.067532,0,0
0,17,25,put the black bowl in the bottom drawer of the cabinet and close it,FULL_HIT,0.998598,0.005483,0.002549,0.981204,15.134359,0.014438,0.006836,16.397266,0,0
0,17,26,put the black bowl in the bottom drawer of the cabinet and close it,FULL_HIT,0.998625,0.005498,0.002364,0.860164,13.131637,0.012968,0.005443,14.158410,0,0
0,17,27,put the black bowl in the bottom drawer of the cabinet and close it,FULL_HIT,0.998648,0.005501,0.002124,0.640784,13.842667,0.013249,0.004931,14.700759,0,0
0,17,28,put the black bowl in the bottom drawer of the cabinet and close it,FULL_HIT,0.998651,0.004967,0.001716,0.361445,13.243596,0.011500,0.004824,13.732277,0,0
0,17,29,put the black bowl in the bottom drawer of the cabinet and close it,FULL_HIT,0.998655,0.005062,0.001886,0.413919,13.511341,0.013012,0.004735,14.053050,0,0
0,17,30,put the black bowl in the bottom drawer of the cabinet and close it,FULL_HIT,0.998697,0.005229,0.002366,0.424269,13.038782,0.012203,0.005115,13.593939,0,0
0,17,31,put the black bowl in the bottom drawer of the cabinet and close it,FULL_HIT,0.998684,0.005135,0.002077,0.335440,9.940668,0.010697,0.004710,10.400318,0,0
0,17,32,put the black bowl in the bottom drawer of the cabinet and close it,FULL_HIT,0.998694,0.005829,0.002149,0.509521,11.276435,0.020765,0.006653,12.090812,0,0
0,17,33,put the black bowl in the bottom drawer of the cabinet and close it,FULL_HIT,0.997513,0.005380,0.002059,0.448442,13.065738,0.011936,0.006539,13.673336,0,0
0,17,34,put the black bowl in the bottom drawer of the cabinet and close it,FULL_HIT,0.997940,0.005364,0.001976,0.407087,13.978329,0.015349,0.006597,14.536369,0,0
0,17,35,put the black bowl in the bottom drawer of the cabinet and close it,FULL_HIT,0.998572,0.005136,0.002206,0.495431,13.102528,0.019599,0.007207,13.770830,0,0
0,17,36,put the black bowl in the bottom drawer of the cabinet and close it,FULL_HIT,0.998707,0.005050,0.002454,0.559540,14.145783,0.015238,0.007729,14.880058,0,0
0,17,37,put the black bowl in the bottom drawer of the cabinet and close it,FULL_HIT,0.998733,0.005346,0.002068,0.568708,13.647053,0.013100,0.006054,14.373705,0,0
0,17,38,put the black bowl in the bottom drawer of the cabinet and close it,FULL_HIT,0.998621,0.005059,0.002161,0.562238,13.698094,0.012310,0.005148,14.394088,0,0
0,17,39,put the black bowl in the bottom drawer of the cabinet and close it,FULL_HIT,0.998610,0.006442,0.002467,0.710177,17.695990,0.012131,0.005392,18.564877,0,0
0,17,40,put the black bowl in the bottom drawer of the cabinet and close it,FULL_HIT,0.998715,0.004678,0.002187,0.512356,12.963731,0.012397,0.004900,13.611733,0,0
0,17,41,put the black bowl in the bottom drawer of the cabinet and close it,FULL_HIT,0.998399,0.005514,0.001996,0.432182,11.555564,0.012175,0.004897,12.117308,0,0
0,17,42,put the black bowl in the bottom drawer of the cabinet and close it,FULL_HIT,0.997974,0.005601,0.002013,0.438353,11.606598,0.011240,0.005533,12.178458,0,0
0,17,43,put the black bowl in the bottom drawer of the cabinet and close it,FULL_HIT,0.997858,0.005032,0.002118,0.466228,12.718135,0.013393,0.005736,13.321719,0,0
0,17,44,put the black bowl in the bottom drawer of the cabinet and close it,FULL_HIT,0.998080,0.006031,0.002294,0.481181,12.577536,0.012464,0.005486,13.195217,0,0
0,17,45,put the black bowl in the bottom drawer of the cabinet and close it,FULL_HIT,0.998293,0.005129,0.002242,0.362649,12.659130,0.011880,0.004634,13.150306,0,0
0,18,0,put the black bowl in the bottom drawer of the cabinet and close it,FULL_HIT,0.998778,0.007293,0.002876,0.636571,12.520896,0.011995,0.005283,13.341467,0,0
0,18,1,put the black bowl in the bottom drawer of the cabinet and close it,FULL_HIT,0.998763,0.005352,0.001923,0.375209,13.689108,0.012868,0.005127,14.195300,0,0
0,18,2,put the black bowl in the bottom drawer of the cabinet and close it,FULL_HIT,0.998734,0.005800,0.001810,0.450495,11.525983,0.011858,0.004660,12.103271,0,0
0,18,3,put the black bowl in the bottom drawer of the cabinet and close it,FULL_HIT,0.998669,0.004794,0.001656,0.413216,9.529224,0.010771,0.004509,10.057257,0,0
0,18,4,put the black bowl in the bottom drawer of the cabinet and close it,FULL_HIT,0.998618,0.005469,0.002111,0.426880,11.621231,0.013286,0.005909,12.187906,0,0
0,18,5,put the black bowl in the bottom drawer of the cabinet and close it,FULL_HIT,0.998578,0.005755,0.002232,0.597853,13.038795,0.017564,0.007051,13.831202,0,0
0,18,6,put the black bowl in the bottom drawer of the cabinet and close it,FULL_HIT,0.998601,0.005868,0.002225,0.579143,11.285763,0.011634,0.005183,12.003854,0,0
0,18,7,put the black bowl in the bottom drawer of the cabinet and close it,FULL_HIT,0.998569,0.005126,0.002275,0.352240,9.857499,0.011214,0.005153,10.333211,0,0
0,18,8,put the black bowl in the bottom drawer of the cabinet and close it,FULL_HIT,0.998592,0.004892,0.002919,0.354355,10.588877,0.012744,0.005723,11.078462,0,0
0,18,9,put the black bowl in the bottom drawer of the cabinet and close it,FULL_HIT,0.998538,0.004851,0.002052,0.433212,10.436626,0.012063,0.005461,10.999303,0,0
0,18,10,put the black bowl in the bottom drawer of the cabinet and close it,FULL_HIT,0.998496,0.005238,0.002127,0.343396,11.691686,0.015266,0.007371,12.188960,0,0
0,18,11,put the black bowl in the bottom drawer of the cabinet and close it,FULL_HIT,0.998469,0.005571,0.002207,0.454602,10.496460,0.012079,0.005185,11.098006,0,0
0,18,12,put the black bowl in the bottom drawer of the cabinet and close it,FULL_HIT,0.998398,0.005201,0.002154,0.357752,10.627431,0.012269,0.004877,11.114893,0,0
0,18,13,put the black bowl in the bottom drawer of the cabinet and close it,FULL_HIT,0.998196,0.005032,0.001849,0.396162,10.141799,0.011784,0.005199,10.667072,0,0
0,18,14,put the black bowl in the bottom drawer of the cabinet and close it,FULL_HIT,0.998069,0.005385,0.001840,0.342770,11.256516,0.011333,0.005314,11.723494,0,0
0,18,15,put the black bowl in the bottom drawer of the cabinet and close it,FULL_HIT,0.998104,0.005263,0.002082,0.405621,12.555291,0.011874,0.005521,13.092502,0,0
0,18,16,put the black bowl in the bottom drawer of the cabinet and close it,FULL_HIT,0.997868,0.005445,0.002024,0.333181,10.314934,0.011138,0.005317,10.773176,0,0
0,18,17,put the black bowl in the bottom drawer of the cabinet and close it,FULL_HIT,0.996863,0.004536,0.001712,0.428687,10.218505,0.012775,0.005268,10.769569,0,0
0,18,18,put the black bowl in the bottom drawer of the cabinet and close it,FULL_HIT,0.998011,0.004978,0.002097,0.413157,10.012414,0.011431,0.005276,10.556914,0,0
0,18,19,put the black bowl in the bottom drawer of the cabinet and close it,FULL_HIT,0.998266,0.006729,0.002643,0.776364,12.954353,0.011617,0.004800,13.879213,0,0
0,18,20,put the black bowl in the bottom drawer of the cabinet and close it,FULL_HIT,0.998356,0.006422,0.002624,0.497986,13.671906,0.012169,0.005206,14.319704,0,0
0,18,21,put the black bowl in the bottom drawer of the cabinet and close it,FULL_HIT,0.998326,0.005018,0.001862,0.427270,10.768392,0.011816,0.005292,11.320125,0,0
0,18,22,put the black bowl in the bottom drawer of the cabinet and close it,FULL_HIT,0.998283,0.005028,0.001995,0.450671,14.378156,0.018433,0.008127,15.005214,0,0
0,18,23,put the black bowl in the bottom drawer of the cabinet and close it,FULL_HIT,0.998277,0.005508,0.001870,0.543751,12.576516,0.013156,0.005642,13.259940,0,0
0,18,24,put the black bowl in the bottom drawer of the cabinet and close it,FULL_HIT,0.998183,0.005624,0.002103,0.663053,11.788669,0.011856,0.005977,12.593511,0,0
0,18,25,put the black bowl in the bottom drawer of the cabinet and close it,FULL_HIT,0.998185,0.005223,0.001799,0.596764,10.614455,0.012168,0.005021,11.346714,0,0
0,18,26,put the black bowl in the bottom drawer of the cabinet and close it,FULL_HIT,0.998136,0.004858,0.001905,0.408408,11.951533,0.011478,0.005142,12.485877,0,0
0,18,27,put the black bowl in the bottom drawer of the cabinet and close it,FULL_HIT,0.998114,0.006122,0.002495,0.878843,11.815167,0.012956,0.005654,12.873053,0,0
0,18,28,put the black bowl in the bottom drawer of the cabinet and close it,FULL_HIT,0.998101,0.005332,0.002125,0.382364,12.594412,0.034730,0.008470,13.206382,0,0
0,18,29,put the black bowl in the bottom drawer of the cabinet and close it,FULL_HIT,0.998058,0.005984,0.002077,0.582771,13.386502,0.013170,0.006028,14.116480,0,0
0,18,30,put the black bowl in the bottom drawer of the cabinet and close it,FULL_HIT,0.998011,0.004989,0.001910,0.519695,10.490976,0.011711,0.005252,11.143700,0,0
0,18,31,put the black bowl in the bottom drawer of the cabinet and close it,FULL_HIT,0.997792,0.005213,0.002411,0.404552,12.162969,0.014885,0.005739,12.724795,0,0
0,18,32,put the black bowl in the bottom drawer of the cabinet and close it,FULL_HIT,0.997800,0.005238,0.002072,0.347911,12.208335,0.013484,0.006428,12.692124,0,0
0,18,33,put the black bowl in the bottom drawer of the cabinet and close it,FULL_HIT,0.997841,0.004811,0.002117,0.343041,11.226936,0.012040,0.004948,11.695166,0,0
0,18,34,put the black bowl in the bottom drawer of the cabinet and close it,FULL_HIT,0.997555,0.004797,0.002186,0.313935,10.121949,0.011258,0.005031,10.558179,0,0
0,18,35,put the black bowl in the bottom drawer of the cabinet and close it,FULL_HIT,0.997445,0.005364,0.001975,0.445963,10.149683,0.011334,0.005016,10.726588,0,0
0,18,36,put the black bowl in the bottom drawer of the cabinet and close it,FULL_HIT,0.997435,0.004820,0.001812,0.429942,11.067911,0.013022,0.005521,11.629605,0,0
0,18,37,put the black bowl in the bottom drawer of the cabinet and close it,FULL_HIT,0.997382,0.007000,0.002980,0.562364,10.172971,0.011223,0.004997,10.888072,0,0
0,18,38,put the black bowl in the bottom drawer of the cabinet and close it,FULL_HIT,0.997835,0.004881,0.002256,0.385331,12.112171,0.010882,0.004911,12.622451,0,0
0,18,39,put the black bowl in the bottom drawer of the cabinet and close it,FULL_HIT,0.998074,0.005822,0.001911,0.344754,10.159393,0.011102,0.004550,10.642269,0,0
0,18,40,put the black bowl in the bottom drawer of the cabinet and close it,FULL_HIT,0.998361,0.005332,0.001853,0.320841,11.392497,0.012101,0.005241,11.841932,0,0
0,18,41,put the black bowl in the bottom drawer of the cabinet and close it,FULL_HIT,0.998257,0.004804,0.001704,0.435270,11.764227,0.014236,0.005467,12.338783,0,0
0,18,42,put the black bowl in the bottom drawer of the cabinet and close it,FULL_HIT,0.998128,0.005070,0.002183,0.335682,10.442819,0.011372,0.005367,10.906390,0,0
0,18,43,put the black bowl in the bottom drawer of the cabinet and close it,FULL_HIT,0.998303,0.005329,0.001936,0.348652,13.166369,0.012311,0.005820,13.643654,0,0
0,18,44,put the black bowl in the bottom drawer of the cabinet and close it,FULL_HIT,0.998284,0.006268,0.002402,0.590180,11.922673,0.012410,0.006061,12.674545,0,0
0,18,45,put the black bowl in the bottom drawer of the cabinet and close it,FULL_HIT,0.998162,0.005403,0.001761,0.386923,10.525532,0.012170,0.005123,11.038017,0,0
0,18,46,put the black bowl in the bottom drawer of the cabinet and close it,FULL_HIT,0.998102,0.005124,0.002067,0.385718,10.520053,0.011345,0.005217,11.036046,0,0
0,18,47,put the black bowl in the bottom drawer of the cabinet and close it,FULL_HIT,0.998261,0.005799,0.001805,0.597498,11.075676,0.012320,0.005251,11.811116,0,0
0,18,48,put the black bowl in the bottom drawer of the cabinet and close it,FULL_HIT,0.998328,0.004693,0.002066,0.431146,13.785331,0.010916,0.016586,14.356733,0,0
0,18,49,put the black bowl in the bottom drawer of the cabinet and close it,FULL_HIT,0.998149,0.005131,0.001924,0.357859,10.226773,0.012143,0.005843,10.725764,0,0
0,18,50,put the black bowl in the bottom drawer of the cabinet and close it,FULL_HIT,0.997481,0.004996,0.001939,0.344918,11.858887,0.012165,0.005297,12.332912,0,0
0,18,51,put the black bowl in the bottom drawer of the cabinet and close it,FULL_HIT,0.997650,0.005009,0.002155,0.390427,12.929775,0.012137,0.005018,13.444472,0,0
0,18,52,put the black bowl in the bottom drawer of the cabinet and close it,FULL_HIT,0.997633,0.005131,0.001913,0.405998,9.381282,0.010559,0.004856,9.917520,0,0
0,18,53,put the black bowl in the bottom drawer of the cabinet and close it,FULL_HIT,0.997590,0.004924,0.001827,0.293959,9.691924,0.011400,0.004762,10.129863,0,0
0,18,54,put the black bowl in the bottom drawer of the cabinet and close it,FULL_HIT,0.997741,0.005373,0.002003,0.288436,9.271828,0.010139,0.004144,9.669161,0,0
0,18,55,put the black bowl in the bottom drawer of the cabinet and close it,FULL_HIT,0.997760,0.005104,0.002035,0.412930,10.513554,0.011403,0.004984,11.061808,0,0
0,18,56,put the black bowl in the bottom drawer of the cabinet and close it,FULL_HIT,0.997627,0.005155,0.002362,0.423287,10.029625,0.011269,0.004796,10.586886,0,0
0,18,57,put the black bowl in the bottom drawer of the cabinet and close it,FULL_HIT,0.997030,0.005355,0.001899,0.484820,11.811130,0.011720,0.005332,12.428522,0,0
0,18,58,put the black bowl in the bottom drawer of the cabinet and close it,FULL_HIT,0.996000,0.004862,0.002063,0.309104,10.144794,0.011323,0.005028,10.577968,0,0
0,18,59,put the black bowl in the bottom drawer of the cabinet and close it,FULL_HIT,0.995662,0.004505,0.001661,0.333767,10.015616,0.011460,0.004295,10.472136,0,0
0,18,60,put the black bowl in the bottom drawer of the cabinet and close it,FULL_HIT,0.995408,0.004751,0.001803,0.387886,9.935381,0.012875,0.005162,10.454572,0,0
0,18,61,put the black bowl in the bottom drawer of the cabinet and close it,FULL_HIT,0.994466,0.004919,0.002088,0.385382,11.297181,0.011266,0.004474,11.806478,0,0
0,18,62,put the black bowl in the bottom drawer of the cabinet and close it,FULL_HIT,0.993389,0.005083,0.002155,0.343995,11.663710,0.012886,0.005757,12.141147,0,0
0,18,63,put the black bowl in the bottom drawer of the cabinet and close it,FULL_HIT,0.991976,0.005499,0.002125,0.340249,11.973900,0.011915,0.004787,12.440444,0,0
0,18,64,put the black bowl in the bottom drawer of the cabinet and close it,FULL_HIT,0.990833,0.004689,0.002131,0.414330,9.830095,0.012516,0.004705,10.375888,0,0
0,18,65,put the black bowl in the bottom drawer of the cabinet and close it,FULL_HIT,0.990617,0.006558,0.002125,0.414882,9.847305,0.012334,0.004963,10.447819,0,0
0,18,66,put the black bowl in the bottom drawer of the cabinet and close it,FULL_HIT,0.990263,0.005151,0.002103,0.881909,11.584336,0.012598,0.004884,12.607415,0,0
0,18,67,put the black bowl in the bottom drawer of the cabinet and close it,FULL_HIT,0.989371,0.004822,0.002037,0.371879,10.091357,0.012272,0.005176,10.609509,0,0
0,18,68,put the black bowl in the bottom drawer of the cabinet and close it,FULL_HIT,0.988391,0.005469,0.002655,0.403590,13.183910,0.012144,0.005644,13.730704,0,0
0,18,69,put the black bowl in the bottom drawer of the cabinet and close it,FULL_HIT,0.987014,0.004577,0.002100,0.355981,11.227825,0.015053,0.006040,11.721606,0,0
0,18,70,put the black bowl in the bottom drawer of the cabinet and close it,FULL_HIT,0.986888,0.005304,0.001861,0.389757,14.109977,0.037282,0.007683,14.802282,0,0
0,18,71,put the black bowl in the bottom drawer of the cabinet and close it,FULL_HIT,0.986577,0.005795,0.002275,0.966788,14.646484,0.020422,0.006623,15.807090,0,0
0,18,72,put the black bowl in the bottom drawer of the cabinet and close it,FULL_HIT,0.986723,0.005074,0.001920,0.383947,11.294474,0.012078,0.004749,11.804154,0,0
0,18,73,put the black bowl in the bottom drawer of the cabinet and close it,FULL_HIT,0.985512,0.005348,0.002065,0.403157,10.825193,0.012295,0.005079,11.365543,0,0
0,18,74,put the black bowl in the bottom drawer of the cabinet and close it,FULL_HIT,0.984867,0.005146,0.001976,0.356391,11.098939,0.012003,0.004564,11.585533,0,0
0,18,75,put the black bowl in the bottom drawer of the cabinet and close it,FULL_HIT,0.984701,0.005474,0.002081,0.464102,12.061087,0.010272,0.004753,12.656363,0,0
0,18,76,put the black bowl in the bottom drawer of the cabinet and close it,FULL_HIT,0.984795,0.006586,0.002552,0.781672,13.523235,0.014156,0.006411,14.475508,0,0
0,18,77,put the black bowl in the bottom drawer of the cabinet and close it,FULL_HIT,0.984913,0.005581,0.001992,0.487989,11.606171,0.011554,0.005081,12.226237,0,0
0,18,78,put the black bowl in the bottom drawer of the cabinet and close it,FULL_HIT,0.984656,0.004651,0.002346,0.423199,10.640484,0.011967,0.005553,11.199555,0,0
0,18,79,put the black bowl in the bottom drawer of the cabinet and close it,FULL_HIT,0.984595,0.005388,0.002094,0.365348,14.400677,0.018440,0.008613,14.963549,0,0
0,18,80,put the black bowl in the bottom drawer of the cabinet and close it,FULL_HIT,0.984564,0.006618,0.002404,0.473607,12.774623,0.020147,0.007365,13.448711,0,0
0,18,81,put the black bowl in the bottom drawer of the cabinet and close it,FULL_HIT,0.984675,0.005644,0.002228,0.663634,9.930122,0.010903,0.004792,10.737000,0,0
0,18,82,put the black bowl in the bottom drawer of the cabinet and close it,FULL_HIT,0.984269,0.005340,0.002014,0.391101,10.339811,0.011440,0.005130,10.867453,0,0
0,18,83,put the black bowl in the bottom drawer of the cabinet and close it,FULL_HIT,0.984904,0.005328,0.002237,0.427987,10.186771,0.011521,0.004980,10.748326,0,0
0,18,84,put the black bowl in the bottom drawer of the cabinet and close it,FULL_HIT,0.986058,0.004950,0.001709,0.392295,13.254308,0.011761,0.005271,13.779974,0,0
0,18,85,put the black bowl in the bottom drawer of the cabinet and close it,FULL_HIT,0.985991,0.005066,0.002283,0.429984,9.905178,0.012603,0.005073,10.471512,0,0
0,18,86,put the black bowl in the bottom drawer of the cabinet and close it,FULL_HIT,0.985657,0.005230,0.002090,0.377368,10.609000,0.011953,0.004901,11.120714,0,0
0,18,87,put the black bowl in the bottom drawer of the cabinet and close it,FULL_HIT,0.985571,0.005249,0.002442,0.450292,9.840548,0.013248,0.005213,10.427522,0,0
0,18,88,put the black bowl in the bottom drawer of the cabinet and close it,FULL_HIT,0.985427,0.005134,0.001912,0.335935,9.997851,0.012646,0.005032,10.463766,0,0
0,18,89,put the black bowl in the bottom drawer of the cabinet and close it,FULL_HIT,0.984777,0.005140,0.002134,0.373996,13.285013,0.022352,0.010095,13.853304,0,0
0,18,90,put the black bowl in the bottom drawer of the cabinet and close it,FULL_HIT,0.984955,0.005041,0.001893,0.358273,10.001367,0.011003,0.005052,10.484009,0,0
0,18,91,put the black bowl in the bottom drawer of the cabinet and close it,FULL_HIT,0.985107,0.004727,0.002174,0.345208,11.685776,0.013282,0.005609,12.204257,0,0
0,18,92,put the black bowl in the bottom drawer of the cabinet and close it,FULL_HIT,0.984463,0.005308,0.002093,0.408391,9.651524,0.011281,0.004480,10.189514,0,0
0,18,93,put the black bowl in the bottom drawer of the cabinet and close it,FULL_HIT,0.985013,0.005879,0.002507,0.428285,9.860960,0.012540,0.004962,10.426422,0,0
0,18,94,put the black bowl in the bottom drawer of the cabinet and close it,FULL_HIT,0.984957,0.006038,0.001831,0.378886,10.086414,0.012000,0.004659,10.597360,0,0
0,18,95,put the black bowl in the bottom drawer of the cabinet and close it,FULL_HIT,0.984738,0.006245,0.002199,0.488447,11.638462,0.011326,0.005014,12.269482,0,0
0,18,96,put the black bowl in the bottom drawer of the cabinet and close it,FULL_HIT,0.984546,0.005160,0.002215,0.439851,9.678765,0.010596,0.004305,10.246135,0,0
0,18,97,put the black bowl in the bottom drawer of the cabinet and close it,FULL_HIT,0.984373,0.004553,0.001935,0.316367,10.347914,0.012764,0.005573,10.791060,0,0
0,18,98,put the black bowl in the bottom drawer of the cabinet and close it,FULL_HIT,0.984386,0.005079,0.001967,0.317160,9.675815,0.012449,0.005235,10.119653,0,0
0,18,99,put the black bowl in the bottom drawer of the cabinet and close it,FULL_HIT,0.984903,0.004698,0.002167,0.594036,11.779063,0.022064,0.005446,12.541012,0,0
0,18,100,put the black bowl in the bottom drawer of the cabinet and close it,FULL_HIT,0.985222,0.005128,0.001986,0.344751,9.500220,0.010158,0.004642,9.964232,0,0
0,18,0,put the yellow and white mug in the microwave and close it,FULL_HIT,0.998847,0.005073,0.001969,0.391605,15.377962,0.011443,0.005040,15.907362,0,0
0,18,1,put the yellow and white mug in the microwave and close it,FULL_HIT,0.998798,0.005197,0.002396,0.453384,14.695785,0.011581,0.006346,15.277878,0,0
0,18,2,put the yellow and white mug in the microwave and close it,FULL_HIT,0.998757,0.005258,0.001722,0.887807,11.359380,0.012254,0.005032,12.383686,0,0
0,18,3,put the yellow and white mug in the microwave and close it,FULL_HIT,0.998730,0.004888,0.001796,0.363744,12.865352,0.012334,0.005411,13.354840,0,0
0,18,4,put the yellow and white mug in the microwave and close it,FULL_HIT,0.998637,0.005552,0.002288,0.435598,11.020830,0.012053,0.005284,11.586276,0,0
0,18,5,put the yellow and white mug in the microwave and close it,FULL_HIT,0.998635,0.005355,0.002239,0.387107,13.899131,0.011795,0.005198,14.411718,0,0
0,18,6,put the yellow and white mug in the microwave and close it,FULL_HIT,0.998598,0.005160,0.002021,0.331526,13.745855,0.011880,0.005249,14.205685,0,0
0,18,7,put the yellow and white mug in the microwave and close it,FULL_HIT,0.998474,0.005250,0.001726,0.401668,11.409985,0.012040,0.004987,11.939349,0,0
0,18,8,put the yellow and white mug in the microwave and close it,FULL_HIT,0.998435,0.004645,0.002064,0.563215,12.338680,0.013398,0.005230,13.036599,0,0
0,18,9,put the yellow and white mug in the microwave and close it,FULL_HIT,0.998444,0.005531,0.002274,0.362715,11.110761,0.011137,0.004702,11.602859,0,0
0,18,10,put the yellow and white mug in the microwave and close it,FULL_HIT,0.998428,0.004865,0.002115,0.357229,12.576072,0.014735,0.006694,13.070579,0,0
0,18,11,put the yellow and white mug in the microwave and close it,FULL_HIT,0.998422,0.004689,0.001972,0.299756,13.540979,0.012132,0.004657,13.966443,0,0
0,18,12,put the yellow and white mug in the microwave and close it,FULL_HIT,0.998488,0.004985,0.002309,0.448384,14.903561,0.014078,0.007728,15.505362,0,0
0,18,13,put the yellow and white mug in the microwave and close it,FULL_HIT,0.998479,0.005887,0.002583,0.565602,15.589425,0.012274,0.005704,16.306804,0,0
0,18,14,put the yellow and white mug in the microwave and close it,FULL_HIT,0.998407,0.005620,0.002285,0.458915,15.619173,0.012588,0.005779,16.217938,0,0
0,18,15,put the yellow and white mug in the microwave and close it,FULL_HIT,0.998383,0.005308,0.002315,0.566156,13.978411,0.012737,0.005329,14.682489,0,0
0,18,16,put the yellow and white mug in the microwave and close it,FULL_HIT,0.998484,0.005778,0.002128,0.442071,13.578215,0.013484,0.007050,14.163163,0,0
0,18,17,put the yellow and white mug in the microwave and close it,FULL_HIT,0.998318,0.006391,0.002412,0.667239,14.163437,0.013245,0.005212,14.977882,0,0
0,18,18,put the yellow and white mug in the microwave and close it,FULL_HIT,0.998269,0.006452,0.002586,0.566877,14.007340,0.011791,0.005505,14.717537,0,0
0,18,19,put the yellow and white mug in the microwave and close it,FULL_HIT,0.998348,0.004840,0.002381,0.462508,13.736856,0.011934,0.005025,14.331243,0,0
0,18,20,put the yellow and white mug in the microwave and close it,FULL_HIT,0.998270,0.005340,0.001923,0.356629,12.168360,0.011659,0.005407,12.655581,0,0
0,18,21,put the yellow and white mug in the microwave and close it,FULL_HIT,0.998089,0.005245,0.002102,0.344363,13.307537,0.014149,0.005796,13.795521,0,0
0,18,22,put the yellow and white mug in the microwave and close it,FULL_HIT,0.997697,0.005063,0.002075,0.374679,12.699812,0.011072,0.005531,13.201380,0,0
0,18,23,put the yellow and white mug in the microwave and close it,FULL_HIT,0.997946,0.005758,0.002335,0.530518,15.598453,0.011902,0.006325,16.267440,0,0
0,18,24,put the yellow and white mug in the microwave and close it,FULL_HIT,0.998074,0.005724,0.002186,0.519824,12.379163,0.012206,0.005368,13.036708,0,0
0,18,25,put the yellow and white mug in the microwave and close it,FULL_HIT,0.998214,0.004734,0.002032,0.376320,13.737756,0.011794,0.043909,14.296191,0,0
0,18,26,put the yellow and white mug in the microwave and close it,FULL_HIT,0.998326,0.005857,0.002013,0.443834,13.171807,0.015390,0.005934,13.789179,0,0
0,18,27,put the yellow and white mug in the microwave and close it,FULL_HIT,0.998282,0.004899,0.002130,0.457629,14.434313,0.011809,0.005504,15.020145,0,0
0,18,28,put the yellow and white mug in the microwave and close it,FULL_HIT,0.998270,0.005827,0.002447,0.488297,16.095253,0.011823,0.006447,16.715689,0,0
0,18,29,put the yellow and white mug in the microwave and close it,FULL_HIT,0.997792,0.004973,0.001891,0.358884,12.402696,0.012190,0.005191,12.888418,0,0
0,18,30,put the yellow and white mug in the microwave and close it,FULL_HIT,0.998051,0.004905,0.002022,0.348864,11.341606,0.014334,0.005686,11.823524,0,0
0,18,31,put the yellow and white mug in the microwave and close it,FULL_HIT,0.998011,0.005469,0.002277,0.470656,14.933114,0.014220,0.006096,15.550423,0,0
0,18,32,put the yellow and white mug in the microwave and close it,FULL_HIT,0.998060,0.006601,0.003197,0.588974,12.768766,0.011339,0.004559,13.502654,0,0
0,18,33,put the yellow and white mug in the microwave and close it,FULL_HIT,0.998074,0.005494,0.001736,0.379313,13.928885,0.014155,0.006375,14.448315,0,0
0,18,34,put the yellow and white mug in the microwave and close it,FULL_HIT,0.998082,0.005041,0.002089,0.391963,11.057819,0.012311,0.004943,11.579975,0,0
0,18,35,put the yellow and white mug in the microwave and close it,FULL_HIT,0.998111,0.005305,0.001876,0.332463,11.452149,0.010609,0.005030,11.929724,0,0
0,18,36,put the yellow and white mug in the microwave and close it,FULL_HIT,0.998015,0.004972,0.001960,0.334130,12.907558,0.012755,0.006027,13.374393,0,0
0,18,37,put the yellow and white mug in the microwave and close it,FULL_HIT,0.997621,0.006698,0.002295,0.921415,13.761017,0.013448,0.006262,14.840276,0,0
0,18,38,put the yellow and white mug in the microwave and close it,FULL_HIT,0.997254,0.004801,0.002068,0.370155,13.073702,0.012542,0.005179,13.573616,0,0
0,18,39,put the yellow and white mug in the microwave and close it,FULL_HIT,0.996961,0.004960,0.001772,0.326949,12.130304,0.010082,0.004547,12.570161,0,0
0,18,40,put the yellow and white mug in the microwave and close it,FULL_HIT,0.997239,0.004734,0.001598,0.414879,12.177726,0.011987,0.005506,12.716188,0,0
0,18,41,put the yellow and white mug in the microwave and close it,FULL_HIT,0.997434,0.005350,0.002110,0.400415,11.777865,0.011660,0.005055,12.304260,0,0
0,18,42,put the yellow and white mug in the microwave and close it,FULL_HIT,0.997545,0.005950,0.002201,0.429213,13.813807,0.011421,0.004556,14.384931,0,0
0,18,43,put the yellow and white mug in the microwave and close it,FULL_HIT,0.997598,0.004886,0.001864,0.476414,14.650387,0.011206,0.005582,15.252470,0,0
0,18,44,put the yellow and white mug in the microwave and close it,FULL_HIT,0.997745,0.005109,0.002137,0.460808,13.203210,0.012184,0.005099,13.804643,0,0
0,18,45,put the yellow and white mug in the microwave and close it,FULL_HIT,0.997278,0.005381,0.002465,0.376629,13.139568,0.011552,0.005978,13.648368,0,0
0,18,46,put the yellow and white mug in the microwave and close it,FULL_HIT,0.997922,0.005210,0.002401,0.418683,11.409730,0.012355,0.004829,11.958050,0,0
0,18,47,put the yellow and white mug in the microwave and close it,FULL_HIT,0.997883,0.005770,0.002307,0.633284,12.921963,0.011275,0.005103,13.695991,0,0
0,18,48,put the yellow and white mug in the microwave and close it,FULL_HIT,0.997706,0.006830,0.002618,0.496661,12.102186,0.011209,0.005575,12.744766,0,0
0,18,49,put the yellow and white mug in the microwave and close it,FULL_HIT,0.997333,0.005285,0.002246,0.425399,13.659596,0.011484,0.005032,14.214937,0,0
0,18,50,put the yellow and white mug in the microwave and close it,FULL_HIT,0.996637,0.004901,0.001957,0.323069,12.821873,0.011164,0.004976,13.268499,0,0
0,18,51,put the yellow and white mug in the microwave and close it,FULL_HIT,0.996451,0.004799,0.001832,0.395230,13.781217,0.015498,0.007009,14.326576,0,0
0,18,52,put the yellow and white mug in the microwave and close it,FULL_HIT,0.995677,0.005737,0.002033,1.467157,13.072936,0.012295,0.005297,14.693524,0,0
0,18,53,put the yellow and white mug in the microwave and close it,FULL_HIT,0.988971,0.004942,0.002206,0.350874,12.947800,0.012549,0.010533,13.475588,0,0
0,18,54,put the yellow and white mug in the microwave and close it,FULL_HIT,0.996368,0.005359,0.002048,0.351886,13.303177,0.013360,0.006922,13.790702,0,0
0,18,55,put the yellow and white mug in the microwave and close it,FULL_HIT,0.997678,0.005020,0.001923,0.387354,11.490596,0.011598,0.005296,12.025014,0,0
0,18,56,put the yellow and white mug in the microwave and close it,FULL_HIT,0.997882,0.004946,0.002229,0.300477,13.852502,0.035576,0.006980,14.310044,0,0
0,18,57,put the yellow and white mug in the microwave and close it,FULL_HIT,0.998143,0.007232,0.002394,0.553287,14.387133,0.013195,0.005812,15.094076,0,0
0,18,58,put the yellow and white mug in the microwave and close it,FULL_HIT,0.997858,0.004825,0.002139,0.461706,15.697955,0.011735,0.005779,16.287306,0,0
0,18,59,put the yellow and white mug in the microwave and close it,FULL_HIT,0.998015,0.004749,0.001939,0.365494,13.179106,0.012109,0.005936,13.675931,0,0
0,18,60,put the yellow and white mug in the microwave and close it,FULL_HIT,0.998380,0.010577,0.003908,0.533177,12.668518,0.020575,0.006408,13.435303,0,0
0,18,61,put the yellow and white mug in the microwave and close it,FULL_HIT,0.998400,0.005606,0.001951,0.377403,11.689654,0.012295,0.006456,12.374685,0,0
0,18,62,put the yellow and white mug in the microwave and close it,FULL_HIT,0.998502,0.006044,0.001825,0.345276,11.368494,0.013842,0.006204,11.849414,0,0
0,18,63,put the yellow and white mug in the microwave and close it,FULL_HIT,0.998482,0.005156,0.002251,0.680066,12.597364,0.013672,0.005763,13.420524,0,0
0,18,64,put the yellow and white mug in the microwave and close it,FULL_HIT,0.998424,0.006109,0.002475,0.473129,11.294414,0.011299,0.004241,11.906143,0,0
0,18,65,put the yellow and white mug in the microwave and close it,FULL_HIT,0.998495,0.004967,0.001841,0.433483,11.657158,0.012294,0.007721,12.226582,0,0
0,18,66,put the yellow and white mug in the microwave and close it,FULL_HIT,0.998575,0.007310,0.002973,0.860870,20.430411,0.013209,0.006126,21.469230,0,0
0,18,67,put the yellow and white mug in the microwave and close it,FULL_HIT,0.998374,0.007416,0.002525,0.577062,17.184838,0.011760,0.005115,17.910458,0,0
0,18,68,put the yellow and white mug in the microwave and close it,FULL_HIT,0.998214,0.005578,0.002072,0.427465,13.642343,0.012182,0.005298,14.201089,0,0
0,18,69,put the yellow and white mug in the microwave and close it,FULL_HIT,0.997536,0.005383,0.001968,0.510143,15.594399,0.013057,0.005987,16.251357,0,0
0,18,70,put the yellow and white mug in the microwave and close it,FULL_HIT,0.997628,0.005100,0.002633,0.591296,13.831386,0.012221,0.005840,14.670372,0,0
0,18,71,put the yellow and white mug in the microwave and close it,FULL_HIT,0.997935,0.007595,0.002735,1.010626,13.426213,0.012553,0.034425,14.636847,0,0
0,18,72,put the yellow and white mug in the microwave and close it,FULL_HIT,0.996735,0.004928,0.002241,0.388236,13.469203,0.011057,0.005825,13.989894,0,0
0,18,73,put the yellow and white mug in the microwave and close it,FULL_HIT,0.980556,0.005377,0.001814,0.434366,11.090220,0.012439,0.005776,11.662225,0,0
0,18,74,put the yellow and white mug in the microwave and close it,FULL_HIT,0.937416,0.005257,0.001997,0.467814,16.011070,0.013183,0.007028,16.629818,0,0
0,18,75,put the yellow and white mug in the microwave and close it,FULL_HIT,0.928084,0.005299,0.001861,0.394513,12.824178,0.014714,0.006328,13.364619,0,0
0,18,76,put the yellow and white mug in the microwave and close it,FULL_HIT,0.938770,0.006109,0.002884,1.116125,16.709753,0.013163,0.005985,17.997902,0,0
0,18,77,put the yellow and white mug in the microwave and close it,FULL_HIT,0.927907,0.005213,0.002113,0.389620,13.084227,0.012624,0.005966,13.608942,0,0
0,18,78,put the yellow and white mug in the microwave and close it,FULL_HIT,0.923365,0.005959,0.002474,0.457394,15.450705,0.012799,0.006892,16.052522,0,0
0,18,79,put the yellow and white mug in the microwave and close it,FULL_HIT,0.904256,0.005125,0.002171,0.395744,11.447015,0.011632,0.005404,11.970777,0,0
0,18,80,put the yellow and white mug in the microwave and close it,FULL_HIT,0.884339,0.005493,0.002118,0.507508,13.089748,0.011477,0.005738,13.737261,0,0
0,19,0,put the black bowl in the bottom drawer of the cabinet and close it,FULL_HIT,0.998800,0.004905,0.001809,0.415783,11.467996,0.011231,0.004830,12.004876,0,0
0,19,1,put the black bowl in the bottom drawer of the cabinet and close it,FULL_HIT,0.998722,0.005622,0.002198,0.396951,9.903336,0.011074,0.004697,10.427920,0,0
0,19,2,put the black bowl in the bottom drawer of the cabinet and close it,FULL_HIT,0.998667,0.005403,0.002027,0.438010,10.614155,0.010821,0.005421,11.229775,0,0
0,19,3,put the black bowl in the bottom drawer of the cabinet and close it,FULL_HIT,0.998652,0.005449,0.002488,0.424438,12.409022,0.013440,0.005398,12.982579,0,0
0,19,4,put the black bowl in the bottom drawer of the cabinet and close it,FULL_HIT,0.998617,0.005224,0.002191,0.377416,11.627017,0.013249,0.005137,12.142423,0,0
0,19,5,put the black bowl in the bottom drawer of the cabinet and close it,FULL_HIT,0.998621,0.005522,0.001967,0.368437,10.229795,0.011488,0.005041,10.729522,0,0
0,19,6,put the black bowl in the bottom drawer of the cabinet and close it,FULL_HIT,0.998558,0.004822,0.002488,0.365875,11.484414,0.013134,0.005793,11.988377,0,0
0,19,7,put the black bowl in the bottom drawer of the cabinet and close it,FULL_HIT,0.998523,0.005904,0.002281,0.500805,12.616980,0.012384,0.005929,13.259712,0,0
0,19,8,put the black bowl in the bottom drawer of the cabinet and close it,FULL_HIT,0.998513,0.007449,0.003001,0.758441,11.299902,0.019899,0.009458,12.310752,0,0
0,19,9,put the black bowl in the bottom drawer of the cabinet and close it,FULL_HIT,0.998434,0.005289,0.002187,0.363284,9.494178,0.010209,0.004454,9.980829,0,0
0,19,10,put the black bowl in the bottom drawer of the cabinet and close it,FULL_HIT,0.998292,0.005016,0.002044,0.359979,9.966327,0.014100,0.005767,10.456169,0,0
0,19,11,put the black bowl in the bottom drawer of the cabinet and close it,FULL_HIT,0.998282,0.088238,0.003471,0.793209,9.746724,0.012170,0.004791,10.768815,0,0
0,19,12,put the black bowl in the bottom drawer of the cabinet and close it,FULL_HIT,0.998267,0.004774,0.001923,0.348433,10.550581,0.032995,0.005632,11.054547,0,0
0,19,13,put the black bowl in the bottom drawer of the cabinet and close it,FULL_HIT,0.998306,0.005007,0.002142,0.331160,12.083752,0.017336,0.005168,12.558240,0,0
0,19,14,put the black bowl in the bottom drawer of the cabinet and close it,FULL_HIT,0.998341,0.005300,0.001965,0.460826,11.962592,0.014031,0.005850,12.561501,0,0
0,19,15,put the black bowl in the bottom drawer of the cabinet and close it,FULL_HIT,0.998280,0.005818,0.002001,0.542903,12.421449,0.013222,0.005790,13.101119,0,0
0,19,16,put the black bowl in the bottom drawer of the cabinet and close it,FULL_HIT,0.997923,0.005026,0.001983,0.460649,11.122833,0.011563,0.004635,11.706769,0,0
0,19,17,put the black bowl in the bottom drawer of the cabinet and close it,FULL_HIT,0.997853,0.005650,0.002117,0.594680,15.516525,0.030970,0.013327,16.347552,0,0
0,19,18,put the black bowl in the bottom drawer of the cabinet and close it,FULL_HIT,0.998199,0.005789,0.002221,0.466255,13.369028,0.012258,0.006112,13.981511,0,0
0,19,19,put the black bowl in the bottom drawer of the cabinet and close it,FULL_HIT,0.998259,0.005957,0.002544,0.557843,12.150146,0.026051,0.008114,13.074711,0,0
0,19,20,put the black bowl in the bottom drawer of the cabinet and close it,FULL_HIT,0.998212,0.004970,0.002276,0.413821,11.784665,0.012534,0.005101,12.331642,0,0
0,19,21,put the black bowl in the bottom drawer of the cabinet and close it,FULL_HIT,0.998239,0.006600,0.002730,0.591540,12.900751,0.012364,0.005328,13.659857,0,0
0,19,22,put the black bowl in the bottom drawer of the cabinet and close it,FULL_HIT,0.998262,0.005877,0.001948,0.347109,11.286528,0.011395,0.004699,11.771536,0,0
0,19,23,put the black bowl in the bottom drawer of the cabinet and close it,FULL_HIT,0.998240,0.022351,0.002677,0.347344,11.762610,0.013494,0.005408,12.259671,0,0
0,19,24,put the black bowl in the bottom drawer of the cabinet and close it,FULL_HIT,0.998210,0.004434,0.001867,0.460798,11.620898,0.012781,0.004930,12.212466,0,0
0,19,25,put the black bowl in the bottom drawer of the cabinet and close it,FULL_HIT,0.998319,0.005618,0.002566,0.603678,10.080272,0.012047,0.004727,10.844988,0,0
0,19,26,put the black bowl in the bottom drawer of the cabinet and close it,FULL_HIT,0.998408,0.005780,0.002594,0.394909,12.219530,0.012862,0.005742,12.755770,0,0
0,19,27,put the black bowl in the bottom drawer of the cabinet and close it,FULL_HIT,0.998249,0.005173,0.002080,0.531256,13.005062,0.010949,0.004864,13.671042,0,0
0,19,28,put the black bowl in the bottom drawer of the cabinet and close it,FULL_HIT,0.998239,0.005382,0.002208,0.452934,10.608953,0.013170,0.005073,11.199646,0,0
0,19,29,put the black bowl in the bottom drawer of the cabinet and close it,FULL_HIT,0.998143,0.005303,0.001969,0.425051,15.072436,0.011895,0.005449,15.632575,0,0
0,19,30,put the black bowl in the bottom drawer of the cabinet and close it,FULL_HIT,0.998094,0.005294,0.002049,0.623952,13.693098,0.012136,0.006912,14.459486,0,0
0,19,31,put the black bowl in the bottom drawer of the cabinet and close it,FULL_HIT,0.997865,0.004875,0.001864,0.463340,10.243782,0.012405,0.004846,10.837396,0,0
0,19,32,put the black bowl in the bottom drawer of the cabinet and close it,FULL_HIT,0.997971,0.006046,0.002275,0.493188,11.024491,0.012518,0.005327,11.663647,0,0
0,19,33,put the black bowl in the bottom drawer of the cabinet and close it,FULL_HIT,0.998371,0.004870,0.002128,0.335683,10.226052,0.012375,0.005516,10.693591,0,0
0,19,34,put the black bowl in the bottom drawer of the cabinet and close it,FULL_HIT,0.998453,0.006216,0.002723,0.476714,14.856141,0.013753,0.006931,15.481797,0,0
0,19,35,put the black bowl in the bottom drawer of the cabinet and close it,FULL_HIT,0.998383,0.005827,0.001986,0.508504,12.383658,0.011901,0.005401,13.028657,0,0
0,19,36,put the black bowl in the bottom drawer of the cabinet and close it,FULL_HIT,0.998280,0.005424,0.002184,0.457984,12.181416,0.011142,0.005500,12.772878,0,0
0,19,37,put the black bowl in the bottom drawer of the cabinet and close it,FULL_HIT,0.998312,0.005446,0.001969,0.528248,14.526718,0.012677,0.005303,15.193772,0,0
0,19,38,put the black bowl in the bottom drawer of the cabinet and close it,FULL_HIT,0.998380,0.004744,0.001999,0.362766,11.295103,0.012328,0.005237,11.784186,0,0
0,19,39,put the black bowl in the bottom drawer of the cabinet and close it,FULL_HIT,0.998606,0.005172,0.002254,0.466851,11.676579,0.012330,0.004962,12.275926,0,0
0,19,40,put the black bowl in the bottom drawer of the cabinet and close it,FULL_HIT,0.998437,0.004724,0.002206,0.433924,12.025705,0.011830,0.005996,12.591019,0,0
0,19,41,put the black bowl in the bottom drawer of the cabinet and close it,FULL_HIT,0.998361,0.005157,0.001980,0.386967,11.212952,0.010848,0.005418,11.730543,0,0
0,19,42,put the black bowl in the bottom drawer of the cabinet and close it,FULL_HIT,0.998343,0.005450,0.001847,0.384422,10.187207,0.011344,0.004711,10.700893,0,0
0,19,43,put the black bowl in the bottom drawer of the cabinet and close it,FULL_HIT,0.998457,0.004801,0.002213,0.359306,9.990406,0.011892,0.004898,10.476816,0,0
0,19,44,put the black bowl in the bottom drawer of the cabinet and close it,FULL_HIT,0.998477,0.004869,0.001915,0.358257,11.907714,0.012798,0.005658,12.397353,0,0
0,19,45,put the black bowl in the bottom drawer of the cabinet and close it,FULL_HIT,0.998464,0.005471,0.002163,0.497485,11.977984,0.013162,0.005198,12.616168,0,0
0,19,46,put the black bowl in the bottom drawer of the cabinet and close it,FULL_HIT,0.998484,0.004637,0.001907,0.302812,10.733889,0.011598,0.004878,11.159647,0,0
0,19,47,put the black bowl in the bottom drawer of the cabinet and close it,FULL_HIT,0.998498,0.004748,0.001805,0.407539,11.193626,0.011483,0.004651,11.735872,0,0
0,19,48,put the black bowl in the bottom drawer of the cabinet and close it,FULL_HIT,0.998503,0.005308,0.001704,0.377805,10.237120,0.011630,0.004618,10.746748,0,0
0,19,49,put the black bowl in the bottom drawer of the cabinet and close it,FULL_HIT,0.998509,0.005076,0.001785,0.350471,10.577378,0.012005,0.005097,11.055192,0,0
0,19,50,put the black bowl in the bottom drawer of the cabinet and close it,FULL_HIT,0.998513,0.006762,0.002730,0.578291,12.470349,0.012377,0.004666,13.202312,0,0
0,19,51,put the black bowl in the bottom drawer of the cabinet and close it,FULL_HIT,0.998513,0.005538,0.002030,0.407417,12.355695,0.010824,0.004791,12.896019,0,0
0,19,52,put the black bowl in the bottom drawer of the cabinet and close it,FULL_HIT,0.998513,0.005880,0.002355,0.369284,12.144442,0.013765,0.005214,12.651398,0,0
0,19,53,put the black bowl in the bottom drawer of the cabinet and close it,FULL_HIT,0.998514,0.007469,0.002431,0.933945,14.228327,0.011711,0.005327,15.330216,0,0
0,19,54,put the black bowl in the bottom drawer of the cabinet and close it,FULL_HIT,0.998515,0.004926,0.001639,0.452708,10.848004,0.011459,0.005011,11.429113,0,0
0,20,0,put the white mug on the left plate and put the yellow and white mug on the right plate,FULL_HIT,0.998868,0.005160,0.001855,0.355489,14.465250,0.013976,0.005936,14.971167,0,0
0,20,1,put the white mug on the left plate and put the yellow and white mug on the right plate,FULL_HIT,0.998824,0.005023,0.001921,0.405285,9.096411,0.011466,0.005052,9.629928,0,0
0,20,2,put the white mug on the left plate and put the yellow and white mug on the right plate,FULL_HIT,0.998850,0.005190,0.001987,0.522392,9.756467,0.013509,0.005549,10.424606,0,0
0,20,3,put the white mug on the left plate and put the yellow and white mug on the right plate,FULL_HIT,0.998819,0.005733,0.002508,0.955124,11.947757,0.012613,0.005651,13.157787,0,0
0,20,4,put the white mug on the left plate and put the yellow and white mug on the right plate,FULL_HIT,0.998809,0.005318,0.001931,0.340877,10.319179,0.012599,0.004928,10.789688,0,0
0,20,5,put the white mug on the left plate and put the yellow and white mug on the right plate,FULL_HIT,0.998808,0.004985,0.001950,0.379175,9.162911,0.010726,0.004308,9.667804,0,0
0,20,6,put the white mug on the left plate and put the yellow and white mug on the right plate,FULL_HIT,0.998767,0.005894,0.002485,0.432687,10.466086,0.012209,0.005814,11.032035,0,0
0,20,7,put the white mug on the left plate and put the yellow and white mug on the right plate,FULL_HIT,0.998764,0.004998,0.001936,0.499914,9.358527,0.017920,0.007098,10.031376,0,0
0,20,8,put the white mug on the left plate and put the yellow and white mug on the right plate,FULL_HIT,0.998748,0.006798,0.002303,0.521155,10.748307,0.012414,0.005393,11.414959,0,0
0,20,9,put the white mug on the left plate and put the yellow and white mug on the right plate,FULL_HIT,0.997544,0.005091,0.001900,0.426961,11.290277,0.011084,0.005098,11.839141,0,0
0,20,10,put the white mug on the left plate and put the yellow and white mug on the right plate,FULL_HIT,0.998004,0.004848,0.001787,0.332156,9.376834,0.011520,0.005715,9.833618,0,0
0,20,11,put the white mug on the left plate and put the yellow and white mug on the right plate,FULL_HIT,0.998157,0.005132,0.002160,0.556822,12.125700,0.046738,0.007296,12.876024,0,0
0,20,12,put the white mug on the left plate and put the yellow and white mug on the right plate,FULL_HIT,0.998151,0.005032,0.001824,0.363240,9.387691,0.011671,0.004957,9.876748,0,0
0,20,13,put the white mug on the left plate and put the yellow and white mug on the right plate,FULL_HIT,0.998226,0.006364,0.002569,0.561765,10.246228,0.010631,0.025668,10.976165,0,0
0,20,14,put the white mug on the left plate and put the yellow and white mug on the right plate,FULL_HIT,0.998162,0.005039,0.001801,0.524209,11.453247,0.011964,0.005524,12.111308,0,0
0,20,15,put the white mug on the left plate and put the yellow and white mug on the right plate,FULL_HIT,0.998123,0.004709,0.001801,0.442103,13.234849,0.015005,0.005952,13.859116,0,0
0,20,16,put the white mug on the left plate and put the yellow and white mug on the right plate,FULL_HIT,0.998065,0.004937,0.002131,0.376494,9.869678,0.012623,0.006072,10.381350,0,0
0,20,17,put the white mug on the left plate and put the yellow and white mug on the right plate,FULL_HIT,0.998094,0.006311,0.002064,0.796457,10.752670,0.011578,0.004961,11.687928,0,0
0,20,18,put the white mug on the left plate and put the yellow and white mug on the right plate,FULL_HIT,0.998038,0.005866,0.002127,0.480661,9.806883,0.012056,0.005649,10.419295,0,0
0,20,19,put the white mug on the left plate and put the yellow and white mug on the right plate,FULL_HIT,0.997965,0.005113,0.002048,0.450908,11.063630,0.013918,0.005118,11.646199,0,0
0,20,20,put the white mug on the left plate and put the yellow and white mug on the right plate,FULL_HIT,0.997934,0.005560,0.002381,0.585574,10.221447,0.012081,0.005183,10.950523,0,0
0,20,21,put the white mug on the left plate and put the yellow and white mug on the right plate,FULL_HIT,0.998168,0.005403,0.002459,0.439765,11.789329,0.011684,0.005570,12.367586,0,0
0,20,22,put the white mug on the left plate and put the yellow and white mug on the right plate,FULL_HIT,0.998234,0.006722,0.002283,0.541508,10.091331,0.016394,0.006424,10.794560,0,0
0,20,23,put the white mug on the left plate and put the yellow and white mug on the right plate,FULL_HIT,0.997938,0.004935,0.002248,0.332280,10.346597,0.012242,0.005619,10.808989,0,0
0,20,24,put the white mug on the left plate and put the yellow and white mug on the right plate,FULL_HIT,0.998237,0.004889,0.001946,0.531258,10.224518,0.010884,0.005171,10.881550,0,0
0,20,25,put the white mug on the left plate and put the yellow and white mug on the right plate,FULL_HIT,0.998204,0.005094,0.001954,0.368884,9.674721,0.013372,0.004719,10.173686,0,0
0,20,26,put the white mug on the left plate and put the yellow and white mug on the right plate,FULL_HIT,0.998152,0.005269,0.001902,0.360861,9.298878,0.011867,0.004626,9.785606,0,0
0,20,27,put the white mug on the left plate and put the yellow and white mug on the right plate,FULL_HIT,0.998023,0.005059,0.002160,0.403047,9.412558,0.010574,0.004625,9.947078,0,0
0,20,28,put the white mug on the left plate and put the yellow and white mug on the right plate,FULL_HIT,0.998289,0.005078,0.002140,0.478203,9.514231,0.012043,0.004355,10.117343,0,0
0,20,29,put the white mug on the left plate and put the yellow and white mug on the right plate,FULL_HIT,0.998336,0.004961,0.001604,0.358532,10.095740,0.013811,0.006741,10.587634,0,0
0,20,30,put the white mug on the left plate and put the yellow and white mug on the right plate,FULL_HIT,0.998624,0.007051,0.002060,0.425825,8.681541,0.011643,0.004392,10.480618,0,0
0,20,31,put the white mug on the left plate and put the yellow and white mug on the right plate,FULL_HIT,0.998587,0.006215,0.002672,0.456078,9.987190,0.011851,0.004864,10.581088,0,0
0,20,32,put the white mug on the left plate and put the yellow and white mug on the right plate,FULL_HIT,0.998571,0.005352,0.001759,0.327311,11.319633,0.011347,0.004873,11.770184,0,0
0,20,33,put the white mug on the left plate and put the yellow and white mug on the right plate,FULL_HIT,0.998471,0.005582,0.001997,0.386232,9.780035,0.012806,0.005345,10.301489,0,0
0,20,34,put the white mug on the left plate and put the yellow and white mug on the right plate,FULL_HIT,0.998144,0.004858,0.001642,0.316821,9.250546,0.011886,0.004933,9.689894,0,0
0,20,35,put the white mug on the left plate and put the yellow and white mug on the right plate,FULL_HIT,0.997701,0.004802,0.002282,0.402153,9.536327,0.011589,0.004868,10.064758,0,0
0,20,36,put the white mug on the left plate and put the yellow and white mug on the right plate,FULL_HIT,0.996738,0.004866,0.001850,0.327648,10.915475,0.011496,0.004979,11.369142,0,0
0,20,37,put the white mug on the left plate and put the yellow and white mug on the right plate,FULL_HIT,0.996156,0.005159,0.002233,0.574826,11.889253,0.017187,0.007346,12.618840,0,0
0,20,38,put the white mug on the left plate and put the yellow and white mug on the right plate,FULL_HIT,0.996523,0.005326,0.001776,0.459020,9.673311,0.013373,0.005562,10.259330,0,0
0,20,39,put the white mug on the left plate and put the yellow and white mug on the right plate,FULL_HIT,0.997489,0.005704,0.002352,0.526507,13.210026,0.123326,0.008666,14.076275,0,0
0,20,40,put the white mug on the left plate and put the yellow and white mug on the right plate,FULL_HIT,0.998019,0.004522,0.001800,0.406994,10.324861,0.011637,0.005176,10.856478,0,0
0,20,41,put the white mug on the left plate and put the yellow and white mug on the right plate,FULL_HIT,0.998397,0.005430,0.002344,0.398855,13.475059,0.011722,0.006375,14.065639,0,0
0,20,42,put the white mug on the left plate and put the yellow and white mug on the right plate,FULL_HIT,0.998504,0.005072,0.002132,0.410781,9.956990,0.014197,0.005664,10.508523,0,0
0,20,43,put the white mug on the left plate and put the yellow and white mug on the right plate,FULL_HIT,0.998291,0.004868,0.001871,0.408965,10.774560,0.013395,0.005867,11.320276,0,0
0,20,44,put the white mug on the left plate and put the yellow and white mug on the right plate,FULL_HIT,0.997878,0.005479,0.002151,0.351830,10.432416,0.011822,0.004801,10.912022,0,0
0,20,45,put the white mug on the left plate and put the yellow and white mug on the right plate,FULL_HIT,0.998006,0.005658,0.001869,0.374487,10.903073,0.014784,0.006683,11.419161,0,0
0,21,0,put the white mug on the left plate and put the yellow and white mug on the right plate,FULL_HIT,0.998870,0.004750,0.001849,0.434204,10.031589,0.010574,0.004863,10.590428,0,0
0,21,1,put the white mug on the left plate and put the yellow and white mug on the right plate,FULL_HIT,0.998853,0.005985,0.002101,0.459950,9.639890,0.011890,0.004803,10.231520,0,0
0,21,2,put the white mug on the left plate and put the yellow and white mug on the right plate,FULL_HIT,0.998827,0.128718,0.003653,1.063106,12.530522,0.012773,0.006140,13.948694,0,0
0,21,3,put the white mug on the left plate and put the yellow and white mug on the right plate,FULL_HIT,0.998827,0.005447,0.002136,0.434609,11.028505,0.011164,0.005980,11.594807,0,0
0,21,4,put the white mug on the left plate and put the yellow and white mug on the right plate,FULL_HIT,0.998827,0.007157,0.003009,0.591040,9.208721,0.011276,0.005617,9.952326,0,0
0,21,5,put the white mug on the left plate and put the yellow and white mug on the right plate,FULL_HIT,0.998807,0.004831,0.001848,0.358069,9.110825,0.011545,0.004356,9.591417,0,0
0,21,6,put the white mug on the left plate and put the yellow and white mug on the right plate,FULL_HIT,0.998782,0.004835,0.002082,0.384491,9.210047,0.011764,0.004527,9.721554,0,0
0,21,7,put the white mug on the left plate and put the yellow and white mug on the right plate,FULL_HIT,0.998776,0.005375,0.001943,0.465254,11.117463,0.011330,0.005663,11.711955,0,0
0,21,8,put the white mug on the left plate and put the yellow and white mug on the right plate,FULL_HIT,0.998782,0.005752,0.002944,0.437011,13.296883,0.013449,0.011070,13.944767,0,0
0,21,9,put the white mug on the left plate and put the yellow and white mug on the right plate,FULL_HIT,0.998268,0.005157,0.001811,0.431068,12.802863,0.011761,0.004854,13.360253,0,0
0,21,10,put the white mug on the left plate and put the yellow and white mug on the right plate,FULL_HIT,0.998407,0.005729,0.002015,0.462851,10.201126,0.012314,0.005503,10.801579,0,0
0,21,11,put the white mug on the left plate and put the yellow and white mug on the right plate,FULL_HIT,0.998375,0.004935,0.002111,0.348087,9.386726,0.011994,0.005502,9.860290,0,0
0,21,12,put the white mug on the left plate and put the yellow and white mug on the right plate,FULL_HIT,0.998364,0.004869,0.002466,0.371966,11.117263,0.014650,0.006026,11.663975,0,0
0,21,13,put the white mug on the left plate and put the yellow and white mug on the right plate,FULL_HIT,0.998413,0.004410,0.002026,0.325457,9.355229,0.011823,0.005270,9.805216,0,0
0,21,14,put the white mug on the left plate and put the yellow and white mug on the right plate,FULL_HIT,0.998411,0.005110,0.002046,0.327239,8.943653,0.010654,0.004851,9.385992,0,0
0,21,15,put the white mug on the left plate and put the yellow and white mug on the right plate,FULL_HIT,0.998318,0.005232,0.002192,0.459491,10.561166,0.015547,0.007151,11.168060,0,0
0,21,16,put the white mug on the left plate and put the yellow and white mug on the right plate,FULL_HIT,0.998294,0.004958,0.001997,0.323301,9.036080,0.010896,0.004925,9.478430,0,0
0,21,17,put the white mug on the left plate and put the yellow and white mug on the right plate,FULL_HIT,0.998292,0.005752,0.002234,0.413047,11.125836,0.012085,0.006167,11.842061,0,0
0,21,18,put the white mug on the left plate and put the yellow and white mug on the right plate,FULL_HIT,0.998282,0.005416,0.002342,0.482129,9.269089,0.011380,0.004843,9.883185,0,0
0,21,19,put the white mug on the left plate and put the yellow and white mug on the right plate,FULL_HIT,0.998231,0.005456,0.001915,0.710133,10.102152,0.011443,0.005158,10.951337,0,0
0,21,20,put the white mug on the left plate and put the yellow and white mug on the right plate,FULL_HIT,0.998343,0.004758,0.001860,0.362542,10.596683,0.011712,0.004742,11.086791,0,0
0,21,21,put the white mug on the left plate and put the yellow and white mug on the right plate,FULL_HIT,0.998281,0.005213,0.002105,0.561343,10.524754,0.012248,0.005095,11.223923,0,0
0,21,22,put the white mug on the left plate and put the yellow and white mug on the right plate,FULL_HIT,0.998486,0.004880,0.002046,0.408895,11.036794,0.011075,0.005224,11.573985,0,0
0,21,23,put the white mug on the left plate and put the yellow and white mug on the right plate,FULL_HIT,0.998555,0.004823,0.002085,0.393390,8.785622,0.012537,0.004620,9.299854,0,0
0,21,24,put the white mug on the left plate and put the yellow and white mug on the right plate,FULL_HIT,0.998579,0.005297,0.002042,0.449307,10.876719,0.013604,0.005744,11.463887,0,0
0,21,25,put the white mug on the left plate and put the yellow and white mug on the right plate,FULL_HIT,0.998601,0.004702,0.002020,0.334471,11.245563,0.015417,0.007400,11.729455,0,0
0,21,26,put the white mug on the left plate and put the yellow and white mug on the right plate,FULL_HIT,0.998655,0.004979,0.002341,0.441683,8.920329,0.011842,0.004891,9.486383,0,0
0,21,27,put the white mug on the left plate and put the yellow and white mug on the right plate,FULL_HIT,0.998696,0.004968,0.002080,0.317069,9.345530,0.010719,0.004473,9.781367,0,0
0,21,28,put the white mug on the left plate and put the yellow and white mug on the right plate,FULL_HIT,0.998670,0.005211,0.002128,0.466031,8.794468,0.010056,0.004431,9.396111,0,0
0,21,29,put the white mug on the left plate and put the yellow and white mug on the right plate,FULL_HIT,0.998669,0.004786,0.002098,0.405600,10.286913,0.012792,0.005391,10.826230,0,0
0,21,30,put the white mug on the left plate and put the yellow and white mug on the right plate,FULL_HIT,0.998643,0.004993,0.001960,0.387696,8.979076,0.011705,0.004460,9.490149,0,0
0,21,31,put the white mug on the left plate and put the yellow and white mug on the right plate,FULL_HIT,0.998627,0.005008,0.001994,0.352307,10.935075,0.012102,0.006061,11.421191,0,0
0,21,32,put the white mug on the left plate and put the yellow and white mug on the right plate,FULL_HIT,0.998626,0.005272,0.002084,0.477583,10.387759,0.011214,0.004777,10.998652,0,0
0,21,33,put the white mug on the left plate and put the yellow and white mug on the right plate,FULL_HIT,0.998658,0.004850,0.002209,0.575694,9.845713,0.012730,0.005492,10.556655,0,0
0,21,34,put the white mug on the left plate and put the yellow and white mug on the right plate,FULL_HIT,0.998571,0.005066,0.002122,0.402729,10.639491,0.012564,0.005557,11.177512,0,0
0,21,35,put the white mug on the left plate and put the yellow and white mug on the right plate,FULL_HIT,0.998567,0.005730,0.002066,0.453256,10.558694,0.014215,0.005713,11.160022,0,0
0,21,36,put the white mug on the left plate and put the yellow and white mug on the right plate,FULL_HIT,0.998426,0.005130,0.002068,0.332624,9.673697,0.012254,0.005271,10.168635,0,0
0,21,37,put the white mug on the left plate and put the yellow and white mug on the right plate,FULL_HIT,0.998473,0.004728,0.002371,0.504752,9.406838,0.011356,0.005331,10.042319,0,0
0,21,38,put the white mug on the left plate and put the yellow and white mug on the right plate,FULL_HIT,0.998536,0.005163,0.001986,0.435423,10.703146,0.012130,0.005345,11.269165,0,0
0,21,39,put the white mug on the left plate and put the yellow and white mug on the right plate,FULL_HIT,0.998561,0.037691,0.003090,0.456875,8.948287,0.011140,0.004337,9.574273,0,0
0,21,40,put the white mug on the left plate and put the yellow and white mug on the right plate,FULL_HIT,0.998597,0.004991,0.001776,0.348588,9.163982,0.011525,0.004944,9.657694,0,0
0,21,41,put the white mug on the left plate and put the yellow and white mug on the right plate,FULL_HIT,0.998608,0.005542,0.001959,0.342916,9.272562,0.012558,0.005591,9.745879,0,0
0,21,42,put the white mug on the left plate and put the yellow and white mug on the right plate,FULL_HIT,0.998650,0.004681,0.001791,0.304201,8.941432,0.011384,0.004763,9.364331,0,0
0,21,43,put the white mug on the left plate and put the yellow and white mug on the right plate,FULL_HIT,0.998492,0.005280,0.002033,0.366963,9.413414,0.013216,0.005214,9.914546,0,0
0,21,44,put the white mug on the left plate and put the yellow and white mug on the right plate,FULL_HIT,0.998416,0.004833,0.002176,0.806244,9.963646,0.013260,0.005940,10.912241,0,0
0,22,0,put the white mug on the left plate and put the yellow and white mug on the right plate,FULL_HIT,0.998868,0.005981,0.002488,0.487381,10.892490,0.011831,0.005475,11.520637,0,0
0,22,1,put the white mug on the left plate and put the yellow and white mug on the right plate,FULL_HIT,0.998858,0.005316,0.001964,0.495975,10.845739,0.011489,0.005449,11.474718,0,0
0,22,2,put the white mug on the left plate and put the yellow and white mug on the right plate,FULL_HIT,0.998809,0.005232,0.002175,0.359199,13.057420,0.012026,0.005698,13.548130,0,0
0,22,3,put the white mug on the left plate and put the yellow and white mug on the right plate,FULL_HIT,0.998752,0.004832,0.001732,0.468436,11.044163,0.012982,0.006326,11.653940,0,0
0,22,4,put the white mug on the left plate and put the yellow and white mug on the right plate,FULL_HIT,0.998779,0.005588,0.001957,0.349733,9.137169,0.011269,0.004619,9.609804,0,0
0,22,5,put the white mug on the left plate and put the yellow and white mug on the right plate,FULL_HIT,0.998786,0.005734,0.002134,0.492193,13.637103,0.012501,0.005667,14.264922,0,0
0,22,6,put the white mug on the left plate and put the yellow and white mug on the right plate,FULL_HIT,0.998727,0.006901,0.002898,0.694993,12.878752,0.038295,0.006259,13.756550,0,0
0,22,7,put the white mug on the left plate and put the yellow and white mug on the right plate,FULL_HIT,0.998708,0.005304,0.002180,0.418073,11.548534,0.014267,0.006780,12.132070,0,0
0,22,8,put the white mug on the left plate and put the yellow and white mug on the right plate,FULL_HIT,0.998664,0.005123,0.001980,0.340937,9.310443,0.011560,0.005029,9.773747,0,0
0,22,9,put the white mug on the left plate and put the yellow and white mug on the right plate,FULL_HIT,0.998634,0.004555,0.002137,0.379549,11.196445,0.010877,0.005672,11.700992,0,0
0,22,10,put the white mug on the left plate and put the yellow and white mug on the right plate,FULL_HIT,0.998160,0.004864,0.001815,0.397281,10.433754,0.012018,0.005485,10.955772,0,0
0,22,11,put the white mug on the left plate and put the yellow and white mug on the right plate,FULL_HIT,0.997960,0.006158,0.002403,0.550226,9.041765,0.010789,0.004784,9.728489,0,0
0,22,12,put the white mug on the left plate and put the yellow and white mug on the right plate,FULL_HIT,0.997946,0.004999,0.001819,0.353379,9.885822,0.011923,0.004267,10.362844,0,0
0,22,13,put the white mug on the left plate and put the yellow and white mug on the right plate,FULL_HIT,0.998036,0.004686,0.002011,0.322288,10.110737,0.011822,0.004916,10.555873,0,0
0,22,14,put the white mug on the left plate and put the yellow and white mug on the right plate,FULL_HIT,0.998134,0.005189,0.001793,0.491844,11.253868,0.013578,0.006077,11.885211,0,0
0,22,15,put the white mug on the left plate and put the yellow and white mug on the right plate,FULL_HIT,0.998011,0.018584,0.002198,0.713011,12.901950,0.043114,0.006956,13.833381,0,0
0,22,16,put the white mug on the left plate and put the yellow and white mug on the right plate,FULL_HIT,0.997990,0.005049,0.002384,0.457080,12.172826,0.014240,0.006950,12.789487,0,0
0,22,17,put the white mug on the left plate and put the yellow and white mug on the right plate,FULL_HIT,0.997779,0.005253,0.001774,0.515974,12.017742,0.014515,0.005585,12.675685,0,0
0,22,18,put the white mug on the left plate and put the yellow and white mug on the right plate,FULL_HIT,0.997752,0.006974,0.002796,0.774820,14.960062,0.016250,0.006439,15.910070,0,0
0,22,19,put the white mug on the left plate and put the yellow and white mug on the right plate,FULL_HIT,0.997635,0.005534,0.002177,0.496942,12.244113,0.012899,0.005923,12.880939,0,0
0,22,20,put the white mug on the left plate and put the yellow and white mug on the right plate,FULL_HIT,0.997589,0.008769,0.003509,0.474670,12.982855,0.015313,0.005100,13.633691,0,0
0,22,21,put the white mug on the left plate and put the yellow and white mug on the right plate,FULL_HIT,0.997697,0.005263,0.002243,0.452470,9.994965,0.011241,0.005575,10.576180,0,0
0,22,22,put the white mug on the left plate and put the yellow and white mug on the right plate,FULL_HIT,0.997742,0.004769,0.001798,0.430645,10.460986,0.011731,0.004968,11.010984,0,0
0,22,23,put the white mug on the left plate and put the yellow and white mug on the right plate,FULL_HIT,0.997869,0.005108,0.002095,0.367318,10.064803,0.012276,0.005312,10.560420,0,0
0,22,24,put the white mug on the left plate and put the yellow and white mug on the right plate,FULL_HIT,0.997694,0.005382,0.002330,0.351993,9.157586,0.011310,0.004285,9.633640,0,0
0,22,25,put the white mug on the left plate and put the yellow and white mug on the right plate,FULL_HIT,0.997599,0.005154,0.002475,0.378872,11.101644,0.011391,0.004836,11.607888,0,0
0,22,26,put the white mug on the left plate and put the yellow and white mug on the right plate,FULL_HIT,0.997323,0.005888,0.002445,0.565862,9.529312,0.013272,0.005071,10.247109,0,0
0,22,27,put the white mug on the left plate and put the yellow and white mug on the right plate,FULL_HIT,0.996709,0.004918,0.001951,0.396125,11.144446,0.013356,0.005560,11.672624,0,0
0,22,28,put the white mug on the left plate and put the yellow and white mug on the right plate,FULL_HIT,0.996169,0.005011,0.002591,0.679820,13.860694,0.013173,0.005768,14.692656,0,0
0,22,29,put the white mug on the left plate and put the yellow and white mug on the right plate,FULL_HIT,0.996212,0.004633,0.001986,0.337257,9.427657,0.012319,0.005237,9.889416,0,0
0,22,30,put the white mug on the left plate and put the yellow and white mug on the right plate,FULL_HIT,0.996261,0.004869,0.002047,0.394720,9.128615,0.011503,0.004913,9.644284,0,0
0,22,31,put the white mug on the left plate and put the yellow and white mug on the right plate,FULL_HIT,0.997299,0.005800,0.002556,0.527915,9.966096,0.011425,0.004850,10.628927,0,0
0,22,32,put the white mug on the left plate and put the yellow and white mug on the right plate,FULL_HIT,0.997446,0.004679,0.001845,0.398798,11.576270,0.013865,0.005480,12.116675,0,0
0,22,33,put the white mug on the left plate and put the yellow and white mug on the right plate,FULL_HIT,0.997395,0.025572,0.002385,0.352478,9.277110,0.013570,0.005244,9.781749,0,0
0,22,34,put the white mug on the left plate and put the yellow and white mug on the right plate,FULL_HIT,0.997840,0.004727,0.002164,0.330464,9.160751,0.011953,0.005045,9.633447,0,0
0,22,35,put the white mug on the left plate and put the yellow and white mug on the right plate,FULL_HIT,0.998138,0.005145,0.001822,0.327853,9.083524,0.011040,0.004473,9.533154,0,0
0,22,36,put the white mug on the left plate and put the yellow and white mug on the right plate,FULL_HIT,0.998120,0.004988,0.002076,0.337729,9.222606,0.012580,0.005250,9.687582,0,0
0,22,37,put the white mug on the left plate and put the yellow and white mug on the right plate,FULL_HIT,0.998319,0.005153,0.002277,0.351334,11.126775,0.012463,0.005997,11.608036,0,0
0,22,38,put the white mug on the left plate and put the yellow and white mug on the right plate,FULL_HIT,0.998326,0.005042,0.001843,0.338047,8.301103,0.011265,0.003837,8.752243,0,0
0,22,39,put the white mug on the left plate and put the yellow and white mug on the right plate,FULL_HIT,0.998319,0.004751,0.001803,0.353773,9.829114,0.012017,0.004455,10.307985,0,0
0,22,40,put the white mug on the left plate and put the yellow and white mug on the right plate,FULL_HIT,0.998310,0.005454,0.002203,0.338666,8.601234,0.011468,0.004845,9.059688,0,0
0,22,41,put the white mug on the left plate and put the yellow and white mug on the right plate,FULL_HIT,0.998281,0.004930,0.001965,0.345460,9.837163,0.010898,0.004861,10.306830,0,0
0,22,42,put the white mug on the left plate and put the yellow and white mug on the right plate,FULL_HIT,0.998087,0.005562,0.002063,0.723771,14.299054,0.013018,0.004902,15.159080,0,0
0,23,0,put the white mug on the left plate and put the yellow and white mug on the right plate,FULL_HIT,0.998868,0.006326,0.001996,0.637906,12.826102,0.016391,0.006807,13.643962,0,0
0,23,1,put the white mug on the left plate and put the yellow and white mug on the right plate,FULL_HIT,0.998850,0.005307,0.002285,0.539827,10.081073,0.011676,0.005344,10.761124,0,0
0,23,2,put the white mug on the left plate and put the yellow and white mug on the right plate,FULL_HIT,0.998822,0.004990,0.001847,0.477700,13.351094,0.018945,0.008710,14.015758,0,0
0,23,3,put the white mug on the left plate and put the yellow and white mug on the right plate,FULL_HIT,0.998820,0.005377,0.002160,0.441781,9.775865,0.012066,0.005464,10.353403,0,0
0,23,4,put the white mug on the left plate and put the yellow and white mug on the right plate,FULL_HIT,0.998808,0.005321,0.002194,0.483546,10.187821,0.011762,0.005344,10.810808,0,0
0,23,5,put the white mug on the left plate and put the yellow and white mug on the right plate,FULL_HIT,0.998739,0.005412,0.001993,0.513924,10.331101,0.011686,0.005273,10.990855,0,0
0,23,6,put the white mug on the left plate and put the yellow and white mug on the right plate,FULL_HIT,0.998757,0.005298,0.001869,0.434388,10.119730,0.012492,0.005705,10.681157,0,0
0,23,7,put the white mug on the left plate and put the yellow and white mug on the right plate,FULL_HIT,0.998755,0.005375,0.001928,0.341314,9.621252,0.012236,0.005320,10.086396,0,0
0,23,8,put the white mug on the left plate and put the yellow and white mug on the right plate,FULL_HIT,0.998784,0.005220,0.001743,0.402107,13.473493,0.013229,0.006041,14.015192,0,0
0,23,9,put the white mug on the left plate and put the yellow and white mug on the right plate,FULL_HIT,0.998791,0.005390,0.002723,0.497879,9.944156,0.011710,0.005616,10.605732,0,0
0,23,10,put the white mug on the left plate and put the yellow and white mug on the right plate,FULL_HIT,0.998603,0.006252,0.002252,0.411192,11.826566,0.011285,0.005215,12.394843,0,0
0,23,11,put the white mug on the left plate and put the yellow and white mug on the right plate,FULL_HIT,0.998693,0.005557,0.002053,0.500457,13.552810,0.014911,0.006844,14.206462,0,0
0,23,12,put the white mug on the left plate and put the yellow and white mug on the right plate,FULL_HIT,0.998694,0.005226,0.002096,0.394588,10.142147,0.012179,0.005468,10.668597,0,0
0,23,13,put the white mug on the left plate and put the yellow and white mug on the right plate,FULL_HIT,0.998672,0.006106,0.002551,0.564201,10.403140,0.011008,0.005452,11.107844,0,0
0,23,14,put the white mug on the left plate and put the yellow and white mug on the right plate,FULL_HIT,0.998656,0.005561,0.002262,0.386869,9.619293,0.013188,0.004750,10.143311,0,0
0,23,15,put the white mug on the left plate and put the yellow and white mug on the right plate,FULL_HIT,0.998686,0.005051,0.001902,0.419626,11.707152,0.023362,0.016102,12.350366,0,0
0,23,16,put the white mug on the left plate and put the yellow and white mug on the right plate,FULL_HIT,0.998728,0.005039,0.002099,0.492573,9.598857,0.011194,0.005076,10.223643,0,0
0,23,17,put the white mug on the left plate and put the yellow and white mug on the right plate,FULL_HIT,0.998724,0.007209,0.003114,0.687557,10.200435,0.012135,0.005966,11.036103,0,0
0,23,18,put the white mug on the left plate and put the yellow and white mug on the right plate,FULL_HIT,0.998694,0.004718,0.002014,0.327946,9.002721,0.011120,0.004861,9.451233,0,0
0,23,19,put the white mug on the left plate and put the yellow and white mug on the right plate,FULL_HIT,0.998723,0.004755,0.001786,0.415083,9.148343,0.012838,0.005473,9.795489,0,0
0,23,20,put the white mug on the left plate and put the yellow and white mug on the right plate,FULL_HIT,0.998652,0.005720,0.002197,0.542118,11.389487,0.011555,0.005656,12.073279,0,0
0,23,21,put the white mug on the left plate and put the yellow and white mug on the right plate,FULL_HIT,0.998455,0.005068,0.001940,0.336758,9.550601,0.012254,0.005543,10.012482,0,0
0,23,22,put the white mug on the left plate and put the yellow and white mug on the right plate,FULL_HIT,0.997296,0.004557,0.001929,0.447989,11.197570,0.013279,0.005469,11.781765,0,0
0,23,23,put the white mug on the left plate and put the yellow and white mug on the right plate,FULL_HIT,0.998716,0.005257,0.002538,0.364134,10.678869,0.011833,0.005281,11.175907,0,0
0,23,24,put the white mug on the left plate and put the yellow and white mug on the right plate,FULL_HIT,0.998732,0.005257,0.001861,0.558527,11.467414,0.011676,0.004666,12.154944,0,0
0,23,25,put the white mug on the left plate and put the yellow and white mug on the right plate,FULL_HIT,0.998738,0.005269,0.002361,0.478308,9.192382,0.011961,0.005835,9.805103,0,0
0,23,26,put the white mug on the left plate and put the yellow and white mug on the right plate,FULL_HIT,0.998731,0.004731,0.002268,0.352696,11.788872,0.011637,0.005024,12.273164,0,0
0,23,27,put the white mug on the left plate and put the yellow and white mug on the right plate,FULL_HIT,0.998698,0.004816,0.002039,0.366997,9.026241,0.011386,0.004434,9.516619,0,0
0,23,28,put the white mug on the left plate and put the yellow and white mug on the right plate,FULL_HIT,0.998698,0.004919,0.001820,0.462719,9.369578,0.011813,0.005132,9.957853,0,0
0,23,29,put the white mug on the left plate and put the yellow and white mug on the right plate,FULL_HIT,0.998703,0.004656,0.002068,0.383704,10.689874,0.014184,0.005709,11.209741,0,0
0,23,30,put the white mug on the left plate and put the yellow and white mug on the right plate,FULL_HIT,0.998697,0.005302,0.002304,0.425970,11.659269,0.016373,0.006813,12.242166,0,0
0,23,31,put the white mug on the left plate and put the yellow and white mug on the right plate,FULL_HIT,0.998693,0.005331,0.001932,0.417479,10.173887,0.013253,0.005915,10.730855,0,0
0,23,32,put the white mug on the left plate and put the yellow and white mug on the right plate,FULL_HIT,0.998713,0.006845,0.002056,0.549800,11.445307,0.033323,0.005587,12.173567,0,0
0,23,33,put the white mug on the left plate and put the yellow and white mug on the right plate,FULL_HIT,0.998712,0.005762,0.001963,0.384335,11.113115,0.013043,0.004985,11.635291,0,0
0,23,34,put the white mug on the left plate and put the yellow and white mug on the right plate,FULL_HIT,0.998598,0.005068,0.002306,0.412362,10.859462,0.013262,0.006425,11.411370,0,0
0,23,35,put the white mug on the left plate and put the yellow and white mug on the right plate,FULL_HIT,0.998559,0.005422,0.001976,0.482624,12.867675,0.015812,0.007018,13.501982,0,0
0,23,36,put the white mug on the left plate and put the yellow and white mug on the right plate,FULL_HIT,0.998403,0.005486,0.002167,0.582428,11.377228,0.013576,0.006191,12.115503,0,0
0,23,37,put the white mug on the left plate and put the yellow and white mug on the right plate,FULL_HIT,0.998534,0.005376,0.002206,0.332112,11.308565,0.013335,0.005952,11.775335,0,0
0,23,38,put the white mug on the left plate and put the yellow and white mug on the right plate,FULL_HIT,0.998563,0.004687,0.002006,0.364225,9.228906,0.011801,0.005214,9.715679,0,0
0,23,39,put the white mug on the left plate and put the yellow and white mug on the right plate,FULL_HIT,0.998587,0.005215,0.002311,0.453734,12.637698,0.011627,0.005359,13.225048,0,0
0,23,40,put the white mug on the left plate and put the yellow and white mug on the right plate,FULL_HIT,0.998617,0.004714,0.002158,0.434445,10.048480,0.010321,0.005047,10.608303,0,0
0,23,41,put the white mug on the left plate and put the yellow and white mug on the right plate,FULL_HIT,0.998623,0.004976,0.002299,0.494697,11.365589,0.016606,0.006720,12.028722,0,0
0,23,42,put the white mug on the left plate and put the yellow and white mug on the right plate,FULL_HIT,0.998592,0.005787,0.002278,0.388517,9.853584,0.011244,0.005020,10.372996,0,0
0,23,43,put the white mug on the left plate and put the yellow and white mug on the right plate,FULL_HIT,0.998564,0.006375,0.002381,0.518194,10.170376,0.011065,0.004665,10.824193,0,0
0,24,0,put the white mug on the left plate and put the yellow and white mug on the right plate,FULL_HIT,0.998869,0.005531,0.001976,0.322110,8.881368,0.012098,0.004468,9.349257,0,0
0,24,1,put the white mug on the left plate and put the yellow and white mug on the right plate,FULL_HIT,0.998859,0.005235,0.001964,0.385955,12.708420,0.011352,0.005884,13.221952,0,0
0,24,2,put the white mug on the left plate and put the yellow and white mug on the right plate,FULL_HIT,0.998855,0.005748,0.002085,0.554879,9.660457,0.011390,0.005178,10.353023,0,0
0,24,3,put the white mug on the left plate and put the yellow and white mug on the right plate,FULL_HIT,0.998846,0.005357,0.001962,0.323414,9.533773,0.012026,0.004917,9.980469,0,0
0,24,4,put the white mug on the left plate and put the yellow and white mug on the right plate,FULL_HIT,0.998832,0.005080,0.002116,0.334320,10.074165,0.011640,0.005066,10.534189,0,0
0,24,5,put the white mug on the left plate and put the yellow and white mug on the right plate,FULL_HIT,0.998828,0.005118,0.002198,0.497592,10.834478,0.012629,0.005094,11.470277,0,0
0,24,6,put the white mug on the left plate and put the yellow and white mug on the right plate,FULL_HIT,0.998818,0.005084,0.001952,0.502931,9.855446,0.011325,0.004654,10.483770,0,0
0,24,7,put the white mug on the left plate and put the yellow and white mug on the right plate,FULL_HIT,0.998822,0.005929,0.002079,0.406588,9.160660,0.010544,0.004894,9.691800,0,0
0,24,8,put the white mug on the left plate and put the yellow and white mug on the right plate,FULL_HIT,0.998825,0.004843,0.002012,0.341783,9.080286,0.025680,0.004242,9.589033,0,0
0,24,9,put the white mug on the left plate and put the yellow and white mug on the right plate,FULL_HIT,0.998802,0.004965,0.001942,0.369223,8.495538,0.010609,0.004242,8.979270,0,0
0,24,10,put the white mug on the left plate and put the yellow and white mug on the right plate,FULL_HIT,0.998804,0.004902,0.002384,0.319253,9.461710,0.011476,0.004904,9.903503,0,0
0,24,11,put the white mug on the left plate and put the yellow and white mug on the right plate,FULL_HIT,0.998258,0.004909,0.002140,0.786112,11.629337,0.013229,0.005981,12.558991,0,0
0,24,12,put the white mug on the left plate and put the yellow and white mug on the right plate,FULL_HIT,0.998268,0.005105,0.012835,0.325313,9.656151,0.013536,0.005333,10.144958,0,0
0,24,13,put the white mug on the left plate and put the yellow and white mug on the right plate,FULL_HIT,0.998304,0.006132,0.002255,0.620660,12.956763,0.013946,0.005572,13.729358,0,0
0,24,14,put the white mug on the left plate and put the yellow and white mug on the right plate,FULL_HIT,0.998297,0.005761,0.002184,0.477673,11.856099,0.012047,0.005607,12.470993,0,0
0,24,15,put the white mug on the left plate and put the yellow and white mug on the right plate,FULL_HIT,0.998339,0.019137,0.002729,0.701197,11.012282,0.012305,0.005112,11.871094,0,0
0,24,16,put the white mug on the left plate and put the yellow and white mug on the right plate,FULL_HIT,0.998418,0.004905,0.002298,0.427980,10.624449,0.013575,0.005552,11.204053,0,0
0,24,17,put the white mug on the left plate and put the yellow and white mug on the right plate,FULL_HIT,0.998451,0.005378,0.002187,0.479837,13.539173,0.040518,0.006189,14.192855,0,0
0,24,18,put the white mug on the left plate and put the yellow and white mug on the right plate,FULL_HIT,0.998425,0.005070,0.002613,0.600935,10.160295,0.011785,0.005619,10.907986,0,0
0,24,19,put the white mug on the left plate and put the yellow and white mug on the right plate,FULL_HIT,0.998224,0.005205,0.002094,0.445403,12.772748,0.013541,0.007067,13.360489,0,0
0,24,20,put the white mug on the left plate and put the yellow and white mug on the right plate,FULL_HIT,0.997353,0.006125,0.002480,0.447644,10.871605,0.011365,0.005063,11.453674,0,0
0,24,21,put the white mug on the left plate and put the yellow and white mug on the right plate,FULL_HIT,0.997987,0.005017,0.001979,0.373929,9.226068,0.012523,0.004735,9.726023,0,0
0,24,22,put the white mug on the left plate and put the yellow and white mug on the right plate,FULL_HIT,0.998511,0.005478,0.002107,0.395865,9.111258,0.012364,0.005622,9.654132,0,0
0,24,23,put the white mug on the left plate and put the yellow and white mug on the right plate,FULL_HIT,0.998549,0.004854,0.002119,0.361657,9.050244,0.011634,0.005299,9.655771,0,0
0,24,24,put the white mug on the left plate and put the yellow and white mug on the right plate,FULL_HIT,0.998509,0.004676,0.001914,0.365293,9.900855,0.013133,0.006247,10.404640,0,0
0,24,25,put the white mug on the left plate and put the yellow and white mug on the right plate,FULL_HIT,0.998514,0.004886,0.002012,0.365360,9.377002,0.024929,0.005519,9.889582,0,0
0,24,26,put the white mug on the left plate and put the yellow and white mug on the right plate,FULL_HIT,0.998511,0.006539,0.002228,0.500866,10.648986,0.012132,0.004698,11.288333,0,0
0,24,27,put the white mug on the left plate and put the yellow and white mug on the right plate,FULL_HIT,0.998562,0.005353,0.002008,0.378430,8.816343,0.011364,0.004755,9.320956,0,0
0,24,28,put the white mug on the left plate and put the yellow and white mug on the right plate,FULL_HIT,0.998631,0.004581,0.001759,0.377456,9.047817,0.011296,0.004781,9.547995,0,0
0,24,29,put the white mug on the left plate and put the yellow and white mug on the right plate,FULL_HIT,0.998669,0.005428,0.001808,0.592425,8.890679,0.011871,0.004467,9.622969,0,0
0,24,30,put the white mug on the left plate and put the yellow and white mug on the right plate,FULL_HIT,0.998654,0.005325,0.002297,0.618684,8.870357,0.011214,0.004628,9.617367,0,0
0,24,31,put the white mug on the left plate and put the yellow and white mug on the right plate,FULL_HIT,0.998622,0.004709,0.001954,0.377484,10.489618,0.012251,0.005298,10.993273,0,0
0,24,32,put the white mug on the left plate and put the yellow and white mug on the right plate,FULL_HIT,0.998640,0.004550,0.001866,0.387880,8.867285,0.011723,0.004735,9.379454,0,0
0,24,33,put the white mug on the left plate and put the yellow and white mug on the right plate,FULL_HIT,0.998650,0.005091,0.001941,0.350849,9.572335,0.011576,0.004734,10.044709,0,0
0,24,34,put the white mug on the left plate and put the yellow and white mug on the right plate,FULL_HIT,0.997783,0.004964,0.002008,0.372447,9.686792,0.011694,0.005218,10.185312,0,0
0,24,35,put the white mug on the left plate and put the yellow and white mug on the right plate,FULL_HIT,0.997702,0.005161,0.002078,0.423932,9.562829,0.012041,0.004984,10.112053,0,0
0,24,36,put the white mug on the left plate and put the yellow and white mug on the right plate,FULL_HIT,0.998590,0.006552,0.002458,0.500828,12.582091,0.011980,0.005240,13.222273,0,0
0,24,37,put the white mug on the left plate and put the yellow and white mug on the right plate,FULL_HIT,0.998608,0.004728,0.002130,0.348769,9.354611,0.011449,0.005437,9.828369,0,0
0,24,38,put the white mug on the left plate and put the yellow and white mug on the right plate,FULL_HIT,0.998623,0.005015,0.002037,0.503116,9.458000,0.012427,0.004884,10.088808,0,0
0,24,39,put the white mug on the left plate and put the yellow and white mug on the right plate,FULL_HIT,0.998598,0.004539,0.001772,0.349490,9.867276,0.011419,0.005036,10.338030,0,0
0,24,40,put the white mug on the left plate and put the yellow and white mug on the right plate,FULL_HIT,0.998648,0.012212,0.005352,0.586659,9.234320,0.011948,0.005578,10.019885,0,0
0,24,41,put the white mug on the left plate and put the yellow and white mug on the right plate,FULL_HIT,0.998675,0.005198,0.002077,0.379826,9.946727,0.011383,0.004805,10.452159,0,0
0,25,0,pick up the book and place it in the back compartment of the caddy,FULL_HIT,0.998871,0.004774,0.001901,0.341532,11.558076,0.011627,0.005735,12.025588,0,0
0,25,1,pick up the book and place it in the back compartment of the caddy,FULL_HIT,0.998839,0.005404,0.002129,0.415052,10.987349,0.012707,0.006515,11.558973,0,0
0,25,2,pick up the book and place it in the back compartment of the caddy,FULL_HIT,0.998701,0.005648,0.002461,0.585030,10.856866,0.011599,0.005040,11.593477,0,0
0,25,3,pick up the book and place it in the back compartment of the caddy,FULL_HIT,0.998653,0.005155,0.002598,0.463087,10.414180,0.010645,0.005007,11.013283,0,0
0,25,4,pick up the book and place it in the back compartment of the caddy,FULL_HIT,0.998658,0.004652,0.002086,0.324988,8.517439,0.009298,0.003808,8.948403,0,0
0,25,5,pick up the book and place it in the back compartment of the caddy,FULL_HIT,0.998682,0.004664,0.001926,0.308278,9.054685,0.013323,0.004780,9.487249,0,0
0,25,6,pick up the book and place it in the back compartment of the caddy,FULL_HIT,0.998676,0.005055,0.002276,0.511047,8.971716,0.009640,0.003826,9.606406,0,0
0,25,7,pick up the book and place it in the back compartment of the caddy,FULL_HIT,0.998700,0.004619,0.002071,0.368350,11.787444,0.025507,0.012227,12.346702,0,0
0,25,8,pick up the book and place it in the back compartment of the caddy,FULL_HIT,0.998681,0.004779,0.001970,0.586543,9.249420,0.010163,0.004942,9.962533,0,0
0,25,9,pick up the book and place it in the back compartment of the caddy,FULL_HIT,0.998727,0.005715,0.002013,0.397903,10.130040,0.010176,0.005033,10.670784,0,0
0,25,10,pick up the book and place it in the back compartment of the caddy,FULL_HIT,0.998746,0.005010,0.002306,0.507229,10.433606,0.012133,0.005422,11.077137,0,0
0,25,11,pick up the book and place it in the back compartment of the caddy,FULL_HIT,0.998728,0.004915,0.002168,0.458176,10.006967,0.014422,0.007671,10.609957,0,0
0,25,12,pick up the book and place it in the back compartment of the caddy,FULL_HIT,0.996748,0.004789,0.002355,0.372705,9.797156,0.011059,0.004764,10.299339,0,0
0,25,13,pick up the book and place it in the back compartment of the caddy,FULL_HIT,0.998736,0.005081,0.002166,0.357169,9.190782,0.027554,0.005198,9.692951,0,0
0,25,14,pick up the book and place it in the back compartment of the caddy,FULL_HIT,0.998728,0.006171,0.002423,0.629012,10.086446,0.010746,0.005386,10.864283,0,0
0,25,15,pick up the book and place it in the back compartment of the caddy,FULL_HIT,0.998685,0.006918,0.002991,0.871756,9.101460,0.010934,0.004845,10.123346,0,0
0,25,16,pick up the book and place it in the back compartment of the caddy,FULL_HIT,0.998651,0.004890,0.001814,0.347285,10.595481,0.011950,0.005092,11.153271,0,0
0,25,17,pick up the book and place it in the back compartment of the caddy,FULL_HIT,0.998606,0.006356,0.002875,0.497721,9.410667,0.011640,0.004648,10.051614,0,0
0,25,18,pick up the book and place it in the back compartment of the caddy,FULL_HIT,0.998588,0.005227,0.002230,0.387222,10.595394,0.012577,0.005945,11.123066,0,0
0,25,19,pick up the book and place it in the back compartment of the caddy,FULL_HIT,0.998525,0.004878,0.001997,0.355768,10.488898,0.014786,0.005363,10.979297,0,0
0,25,20,pick up the book and place it in the back compartment of the caddy,FULL_HIT,0.998450,0.004745,0.002101,0.457586,9.638141,0.011978,0.004905,10.218901,0,0
0,25,21,pick up the book and place it in the back compartment of the caddy,FULL_HIT,0.998440,0.004753,0.002175,0.398132,10.459000,0.011222,0.004584,10.981299,0,0
0,25,22,pick up the book and place it in the back compartment of the caddy,FULL_HIT,0.998411,0.005049,0.001706,0.363498,9.170414,0.011825,0.004867,9.692519,0,0
0,25,23,pick up the book and place it in the back compartment of the caddy,FULL_HIT,0.998422,0.005270,0.002186,0.451457,10.132567,0.011187,0.005189,10.716379,0,0
0,25,24,pick up the book and place it in the back compartment of the caddy,FULL_HIT,0.998485,0.004822,0.001779,0.392240,10.717409,0.012067,0.004709,11.243560,0,0
0,25,25,pick up the book and place it in the back compartment of the caddy,FULL_HIT,0.998524,0.004980,0.001856,0.425094,10.733665,0.011841,0.005081,11.320783,0,0
0,25,26,pick up the book and place it in the back compartment of the caddy,FULL_HIT,0.998508,0.005162,0.002368,0.390743,8.811708,0.012083,0.003904,9.373396,0,0
0,25,27,pick up the book and place it in the back compartment of the caddy,FULL_HIT,0.998472,0.004976,0.001787,0.358100,8.732418,0.012749,0.004519,9.230590,0,0
0,25,28,pick up the book and place it in the back compartment of the caddy,FULL_HIT,0.998443,0.005064,0.002200,0.432285,10.196503,0.011839,0.004678,10.760675,0,0
0,25,29,pick up the book and place it in the back compartment of the caddy,FULL_HIT,0.998379,0.005056,0.001948,0.324710,9.739823,0.011204,0.004649,10.194277,0,0
0,25,30,pick up the book and place it in the back compartment of the caddy,FULL_HIT,0.998328,0.004704,0.001962,0.347869,9.006531,0.010734,0.004166,9.641936,0,0
0,25,31,pick up the book and place it in the back compartment of the caddy,FULL_HIT,0.998380,0.005102,0.001970,0.345328,10.395804,0.011197,0.005494,10.872027,0,0
0,25,32,pick up the book and place it in the back compartment of the caddy,FULL_HIT,0.998400,0.004928,0.002044,0.331514,10.552269,0.011563,0.006218,11.104397,0,0
0,25,33,pick up the book and place it in the back compartment of the caddy,FULL_HIT,0.998378,0.006158,0.002206,0.496318,9.010217,0.011261,0.004530,9.638823,0,0
0,25,34,pick up the book and place it in the back compartment of the caddy,FULL_HIT,0.998339,0.007204,0.002165,0.692448,8.903126,0.010963,0.004674,9.744855,0,0
0,26,0,pick up the book and place it in the back compartment of the caddy,FULL_HIT,0.998868,0.004842,0.001954,0.310807,8.466535,0.008943,0.003712,8.883721,0,0
0,26,1,pick up the book and place it in the back compartment of the caddy,FULL_HIT,0.998845,0.004353,0.001960,0.316790,8.616675,0.009620,0.004070,9.045424,0,0
0,26,2,pick up the book and place it in the back compartment of the caddy,FULL_HIT,0.998809,0.005279,0.002236,0.442574,11.070442,0.011513,0.005717,11.648410,0,0
0,26,3,pick up the book and place it in the back compartment of the caddy,FULL_HIT,0.998771,0.005136,0.001911,0.559413,9.967263,0.012005,0.004939,10.655668,0,0
0,26,4,pick up the book and place it in the back compartment of the caddy,FULL_HIT,0.998773,0.004724,0.002212,0.342156,10.628738,0.012199,0.005804,11.119894,0,0
0,26,5,pick up the book and place it in the back compartment of the caddy,FULL_HIT,0.998794,0.004927,0.001986,0.413772,8.892983,0.011641,0.004207,9.433012,0,0
0,26,6,pick up the book and place it in the back compartment of the caddy,FULL_HIT,0.998782,0.004930,0.001858,0.353588,9.745426,0.012265,0.005456,10.228791,0,0
0,26,7,pick up the book and place it in the back compartment of the caddy,FULL_HIT,0.998769,0.005248,0.002013,0.490509,10.873186,0.012163,0.005469,11.499701,0,0
0,26,8,pick up the book and place it in the back compartment of the caddy,FULL_HIT,0.998741,0.005046,0.002070,0.386298,11.217811,0.012628,0.006186,11.740793,0,0
0,26,9,pick up the book and place it in the back compartment of the caddy,FULL_HIT,0.998748,0.004984,0.001994,0.496310,9.334338,0.010960,0.004517,9.962042,0,0
0,26,10,pick up the book and place it in the back compartment of the caddy,FULL_HIT,0.998727,0.004619,0.002274,0.364894,9.235275,0.012820,0.005812,9.736565,0,0
0,26,11,pick up the book and place it in the back compartment of the caddy,FULL_HIT,0.998735,0.005242,0.001995,0.555294,11.679077,0.012285,0.005377,12.381329,0,0
0,26,12,pick up the book and place it in the back compartment of the caddy,FULL_HIT,0.998702,0.005234,0.002050,0.344683,10.741676,0.010664,0.005608,11.222690,0,0
0,26,13,pick up the book and place it in the back compartment of the caddy,FULL_HIT,0.998710,0.005087,0.002218,0.324842,9.120006,0.012468,0.004485,9.569715,0,0
0,26,14,pick up the book and place it in the back compartment of the caddy,FULL_HIT,0.998741,0.005204,0.002175,0.349168,9.157094,0.011043,0.004236,9.631400,0,0
0,26,15,pick up the book and place it in the back compartment of the caddy,FULL_HIT,0.998740,0.006014,0.002026,0.458257,10.177214,0.012459,0.005374,10.850449,0,0
0,26,16,pick up the book and place it in the back compartment of the caddy,FULL_HIT,0.997869,0.005167,0.002197,0.373988,10.318045,0.011898,0.020485,10.839605,0,0
0,26,17,pick up the book and place it in the back compartment of the caddy,FULL_HIT,0.997533,0.004881,0.001998,0.352310,11.170868,0.011876,0.005114,11.650156,0,0
0,26,18,pick up the book and place it in the back compartment of the caddy,FULL_HIT,0.998117,0.004581,0.002142,0.302391,12.061384,0.015879,0.007315,12.511833,0,0
0,26,19,pick up the book and place it in the back compartment of the caddy,FULL_HIT,0.998263,0.005272,0.002477,0.408477,11.336055,0.011921,0.005909,11.881962,0,0
0,26,20,pick up the book and place it in the back compartment of the caddy,FULL_HIT,0.997649,0.004668,0.002071,0.472360,11.010976,0.012074,0.005974,11.620624,0,0
0,26,21,pick up the book and place it in the back compartment of the caddy,FULL_HIT,0.997596,0.005872,0.002029,0.516763,11.219973,0.013151,0.005545,11.881498,0,0
0,26,22,pick up the book and place it in the back compartment of the caddy,FULL_HIT,0.998041,0.004818,0.001856,0.336904,11.792693,0.012518,0.006620,12.263667,0,0
0,26,23,pick up the book and place it in the back compartment of the caddy,FULL_HIT,0.998298,0.005586,0.001665,0.496214,10.217391,0.011398,0.005226,10.847922,0,0
0,26,24,pick up the book and place it in the back compartment of the caddy,FULL_HIT,0.998439,0.005181,0.002076,0.550219,11.316559,0.012614,0.005544,12.009419,0,0
0,26,25,pick up the book and place it in the back compartment of the caddy,FULL_HIT,0.998498,0.005795,0.002391,0.553648,14.661487,0.011754,0.005663,15.364933,0,0
0,26,26,pick up the book and place it in the back compartment of the caddy,FULL_HIT,0.998515,0.005591,0.002497,0.426675,9.743067,0.012765,0.005193,10.326127,0,0
0,26,27,pick up the book and place it in the back compartment of the caddy,FULL_HIT,0.998616,0.005398,0.001997,0.527813,9.702126,0.012591,0.005297,10.383205,0,0
0,26,28,pick up the book and place it in the back compartment of the caddy,FULL_HIT,0.998663,0.008697,0.003432,0.671097,10.728644,0.012376,0.005061,11.709634,0,0
0,26,29,pick up the book and place it in the back compartment of the caddy,FULL_HIT,0.998668,0.004799,0.001969,0.414126,11.153331,0.015976,0.007181,11.724557,0,0
0,26,30,pick up the book and place it in the back compartment of the caddy,FULL_HIT,0.998664,0.006060,0.002600,0.412000,11.249217,0.011727,0.004962,11.822231,0,0
0,26,31,pick up the book and place it in the back compartment of the caddy,FULL_HIT,0.998682,0.005991,0.002306,0.445805,10.379739,0.010820,0.005542,10.968217,0,0
0,26,32,pick up the book and place it in the back compartment of the caddy,FULL_HIT,0.998674,0.006223,0.002226,0.411472,9.241514,0.011516,0.005143,9.790292,0,0
0,26,33,pick up the book and place it in the back compartment of the caddy,FULL_HIT,0.998667,0.005399,0.002302,0.366413,9.203564,0.012020,0.005442,9.701837,0,0
0,26,34,pick up the book and place it in the back compartment of the caddy,FULL_HIT,0.998674,0.005057,0.001930,0.495860,10.074795,0.011451,0.004748,10.708946,0,0
0,26,35,pick up the book and place it in the back compartment of the caddy,FULL_HIT,0.998673,0.005486,0.002245,0.366514,9.613035,0.011219,0.005021,10.129152,0,0
0,27,0,pick up the book and place it in the back compartment of the caddy,FULL_HIT,0.998867,0.004833,0.001978,0.369205,8.968258,0.010622,0.004770,9.467282,0,0
0,27,1,pick up the book and place it in the back compartment of the caddy,FULL_HIT,0.998842,0.005304,0.002387,0.494973,9.417962,0.011730,0.004758,10.043615,0,0
0,27,2,pick up the book and place it in the back compartment of the caddy,FULL_HIT,0.998852,0.004757,0.002163,0.336394,10.979227,0.026964,0.005616,11.466793,0,0
0,27,3,pick up the book and place it in the back compartment of the caddy,FULL_HIT,0.998853,0.010317,0.005422,0.618790,8.863166,0.010731,0.005035,9.659229,0,0
0,27,4,pick up the book and place it in the back compartment of the caddy,FULL_HIT,0.998851,0.004841,0.002141,0.407723,9.516828,0.010876,0.005031,10.049244,0,0
0,27,5,pick up the book and place it in the back compartment of the caddy,FULL_HIT,0.998841,0.005010,0.001987,0.449834,11.962106,0.012933,0.006101,12.547895,0,0
0,27,6,pick up the book and place it in the back compartment of the caddy,FULL_HIT,0.998812,0.004864,0.002342,0.604901,9.430962,0.010857,0.005320,10.163694,0,0
0,27,7,pick up the book and place it in the back compartment of the caddy,FULL_HIT,0.998807,0.004881,0.002200,0.450899,10.677563,0.011631,0.004991,11.258270,0,0
0,27,8,pick up the book and place it in the back compartment of the caddy,FULL_HIT,0.998839,0.004671,0.001785,0.438770,10.001402,0.010704,0.004847,10.562692,0,0
0,27,9,pick up the book and place it in the back compartment of the caddy,FULL_HIT,0.998844,0.005029,0.002181,0.341610,9.080607,0.010059,0.004965,9.549065,0,0
0,27,10,pick up the book and place it in the back compartment of the caddy,FULL_HIT,0.998844,0.006053,0.002104,0.460857,11.477020,0.013610,0.005665,12.127052,0,0
0,27,11,pick up the book and place it in the back compartment of the caddy,FULL_HIT,0.998815,0.005623,0.002513,0.597950,13.718478,0.011768,0.005279,14.458812,0,0
0,27,12,pick up the book and place it in the back compartment of the caddy,FULL_HIT,0.998796,0.004923,0.001870,0.342432,9.388648,0.011921,0.005002,9.862644,0,0
0,27,13,pick up the book and place it in the back compartment of the caddy,FULL_HIT,0.998777,0.004763,0.002272,0.329281,9.252750,0.011930,0.004578,9.707938,0,0
0,27,14,pick up the book and place it in the back compartment of the caddy,FULL_HIT,0.998721,0.007884,0.002110,0.573978,11.465952,0.011429,0.004968,12.182077,0,0
0,27,15,pick up the book and place it in the back compartment of the caddy,FULL_HIT,0.998045,0.007155,0.002632,0.720442,12.613486,0.011919,0.004858,13.491584,0,0
0,27,16,pick up the book and place it in the back compartment of the caddy,FULL_HIT,0.997866,0.005670,0.002491,0.430273,10.227926,0.011833,0.005552,10.799925,0,0
0,27,17,pick up the book and place it in the back compartment of the caddy,FULL_HIT,0.998069,0.004892,0.001998,0.346766,8.957507,0.010763,0.004293,9.428555,0,0
0,27,18,pick up the book and place it in the back compartment of the caddy,FULL_HIT,0.998294,0.005077,0.002133,0.327023,11.946343,0.011248,0.005346,12.405562,0,0
0,27,19,pick up the book and place it in the back compartment of the caddy,FULL_HIT,0.998203,0.004853,0.002154,0.385378,9.766583,0.010649,0.004698,10.275167,0,0
0,27,20,pick up the book and place it in the back compartment of the caddy,FULL_HIT,0.998309,0.004994,0.002096,0.341096,9.890989,0.011077,0.005152,10.358384,0,0
0,27,21,pick up the book and place it in the back compartment of the caddy,FULL_HIT,0.998178,0.005571,0.002356,0.433711,10.936227,0.012935,0.005357,11.509232,0,0
0,27,22,pick up the book and place it in the back compartment of the caddy,FULL_HIT,0.998122,0.004664,0.002280,0.325418,9.989536,0.011853,0.005141,10.445250,0,0
0,27,23,pick up the book and place it in the back compartment of the caddy,FULL_HIT,0.998262,0.005028,0.002087,0.364824,8.919713,0.011723,0.004872,9.411787,0,0
0,27,24,pick up the book and place it in the back compartment of the caddy,FULL_HIT,0.998123,0.004990,0.002050,0.405085,11.596933,0.012020,0.005101,12.133541,0,0
0,27,25,pick up the book and place it in the back compartment of the caddy,FULL_HIT,0.998061,0.005598,0.002339,0.548878,10.628645,0.012398,0.005815,11.322734,0,0
0,27,26,pick up the book and place it in the back compartment of the caddy,FULL_HIT,0.997769,0.004536,0.002351,0.599148,12.828958,0.012188,0.005602,13.576501,0,0
0,27,27,pick up the book and place it in the back compartment of the caddy,FULL_HIT,0.997241,0.005697,0.002087,0.383876,9.997484,0.012612,0.005182,10.518771,0,0
0,27,28,pick up the book and place it in the back compartment of the caddy,FULL_HIT,0.997524,0.009169,0.003967,0.846687,9.379828,0.011455,0.004664,10.394635,0,0
0,27,29,pick up the book and place it in the back compartment of the caddy,FULL_HIT,0.997281,0.004567,0.002187,0.440590,9.157897,0.014588,0.005950,9.746482,0,0
0,27,30,pick up the book and place it in the back compartment of the caddy,FULL_HIT,0.997512,0.004515,0.002079,0.364033,9.135975,0.011545,0.004570,9.627061,0,0
0,29,0,pick up the book and place it in the back compartment of the caddy,FULL_HIT,0.998871,0.005402,0.002293,0.579099,10.982156,0.014833,0.006303,11.717158,0,0
0,29,1,pick up the book and place it in the back compartment of the caddy,FULL_HIT,0.998835,0.005387,0.002096,0.448485,10.701043,0.013544,0.008700,11.328127,0,0
0,29,2,pick up the book and place it in the back compartment of the caddy,FULL_HIT,0.998803,0.005041,0.002061,0.383623,9.352618,0.012161,0.005354,9.868540,0,0
0,29,3,pick up the book and place it in the back compartment of the caddy,FULL_HIT,0.998797,0.005387,0.002273,0.482213,10.919964,0.012754,0.005844,11.544094,0,0
0,29,4,pick up the book and place it in the back compartment of the caddy,FULL_HIT,0.998780,0.005462,0.002595,0.574789,11.870756,0.014554,0.006227,12.606654,0,0
0,29,5,pick up the book and place it in the back compartment of the caddy,FULL_HIT,0.998764,0.005083,0.002090,0.358159,12.243556,0.014354,0.005752,12.745549,0,0
0,29,6,pick up the book and place it in the back compartment of the caddy,FULL_HIT,0.998730,0.004899,0.002099,0.382541,9.247280,0.010687,0.004402,9.760966,0,0
0,29,7,pick up the book and place it in the back compartment of the caddy,FULL_HIT,0.998726,0.005448,0.001880,0.355290,9.207429,0.010893,0.004789,9.689416,0,0
0,29,8,pick up the book and place it in the back compartment of the caddy,FULL_HIT,0.998670,0.005437,0.002200,0.403769,10.720390,0.012614,0.006774,11.267725,0,0
0,29,9,pick up the book and place it in the back compartment of the caddy,FULL_HIT,0.998667,0.004781,0.002205,0.426890,11.348737,0.010546,0.005356,11.902892,0,0
0,29,10,pick up the book and place it in the back compartment of the caddy,FULL_HIT,0.998130,0.004526,0.001934,0.400452,10.282176,0.012108,0.006110,10.834529,0,0
0,29,11,pick up the book and place it in the back compartment of the caddy,FULL_HIT,0.998232,0.005452,0.002320,0.547859,11.162567,0.012505,0.005857,11.852320,0,0
0,29,12,pick up the book and place it in the back compartment of the caddy,FULL_HIT,0.997883,0.006290,0.002463,2.420663,10.435494,0.014549,0.005904,13.023531,0,0
0,29,13,pick up the book and place it in the back compartment of the caddy,FULL_HIT,0.997842,0.005754,0.002121,0.422704,10.490545,0.012026,0.005462,11.046731,0,0
0,29,14,pick up the book and place it in the back compartment of the caddy,FULL_HIT,0.997951,0.005055,0.002013,0.427586,10.880379,0.011849,0.005619,11.439456,0,0
0,29,15,pick up the book and place it in the back compartment of the caddy,FULL_HIT,0.997895,0.005110,0.001872,0.331681,9.060252,0.012649,0.004702,9.518370,0,0
0,29,16,pick up the book and place it in the back compartment of the caddy,FULL_HIT,0.998001,0.004739,0.001686,0.360123,11.245427,0.013430,0.006624,11.744136,0,0
0,29,17,pick up the book and place it in the back compartment of the caddy,FULL_HIT,0.998152,0.005430,0.005349,0.579449,10.251318,0.011888,0.005429,11.078736,0,0
0,29,18,pick up the book and place it in the back compartment of the caddy,FULL_HIT,0.998161,0.005419,0.002077,0.335848,9.680817,0.010380,0.004970,10.144250,0,0
0,29,19,pick up the book and place it in the back compartment of the caddy,FULL_HIT,0.998025,0.005069,0.001700,0.429617,9.583474,0.013898,0.007072,10.151663,0,0
0,29,20,pick up the book and place it in the back compartment of the caddy,FULL_HIT,0.998169,0.006351,0.002249,0.370382,10.136173,0.012009,0.005241,10.647138,0,0
0,29,21,pick up the book and place it in the back compartment of the caddy,FULL_HIT,0.998230,0.006481,0.002634,0.645311,10.551208,0.013169,0.005392,11.354061,0,0
0,29,22,pick up the book and place it in the back compartment of the caddy,FULL_HIT,0.998288,0.005033,0.002146,0.625180,13.082260,0.014977,0.006960,13.873609,0,0
0,29,23,pick up the book and place it in the back compartment of the caddy,FULL_HIT,0.998419,0.005361,0.002375,0.501939,11.020611,0.011521,0.004782,11.655989,0,0
0,29,24,pick up the book and place it in the back compartment of the caddy,FULL_HIT,0.998543,0.005277,0.002028,0.391083,11.331724,0.013647,0.006409,11.860293,0,0
0,29,25,pick up the book and place it in the back compartment of the caddy,FULL_HIT,0.998610,0.005612,0.001857,0.524176,13.595320,0.012544,0.006651,14.264710,0,0
0,29,26,pick up the book and place it in the back compartment of the caddy,FULL_HIT,0.998574,0.004802,0.001889,0.360230,10.389781,0.012152,0.005542,10.882778,0,0
0,29,27,pick up the book and place it in the back compartment of the caddy,FULL_HIT,0.998582,0.005079,0.002160,0.393595,9.143509,0.011609,0.004710,9.666991,0,0
0,29,28,pick up the book and place it in the back compartment of the caddy,FULL_HIT,0.998582,0.006614,0.002629,0.594109,10.081408,0.012073,0.004942,10.811640,0,0
0,29,29,pick up the book and place it in the back compartment of the caddy,FULL_HIT,0.998560,0.005110,0.001938,0.371290,10.504613,0.012090,0.005369,11.009876,0,0
0,29,30,pick up the book and place it in the back compartment of the caddy,FULL_HIT,0.998494,0.005955,0.002032,0.388596,12.397718,0.011852,0.005779,12.927325,0,0
0,30,0,put the white mug on the plate and put the chocolate pudding to the right of the plate,FULL_HIT,0.998870,0.005316,0.002427,0.414470,14.185207,0.012870,0.006547,14.765457,0,0
0,30,1,put the white mug on the plate and put the chocolate pudding to the right of the plate,FULL_HIT,0.998864,0.005321,0.001997,0.386028,12.023745,0.011263,0.005417,12.542344,0,0
0,30,2,put the white mug on the plate and put the chocolate pudding to the right of the plate,FULL_HIT,0.998853,0.007633,0.002829,0.979055,13.041117,0.015514,0.006711,14.225548,0,0
0,30,3,put the white mug on the plate and put the chocolate pudding to the right of the plate,FULL_HIT,0.998835,0.005389,0.002458,0.690817,13.120868,0.012075,0.006122,13.980389,0,0
0,30,4,put the white mug on the plate and put the chocolate pudding to the right of the plate,FULL_HIT,0.998794,0.004796,0.002217,0.472605,9.835047,0.012004,0.004514,10.440673,0,0
0,30,5,put the white mug on the plate and put the chocolate pudding to the right of the plate,FULL_HIT,0.998792,0.006127,0.002190,0.407538,9.705548,0.012491,0.005147,10.251864,0,0
0,30,6,put the white mug on the plate and put the chocolate pudding to the right of the plate,FULL_HIT,0.998801,0.006943,0.002228,0.367403,9.160641,0.011641,0.005618,9.687619,0,0
0,30,7,put the white mug on the plate and put the chocolate pudding to the right of the plate,FULL_HIT,0.998793,0.005195,0.001890,0.360741,10.013835,0.011731,0.004912,10.505372,0,0
0,30,8,put the white mug on the plate and put the chocolate pudding to the right of the plate,FULL_HIT,0.998787,0.004649,0.002177,0.401859,9.381840,0.011491,0.004085,9.908994,0,0
0,30,9,put the white mug on the plate and put the chocolate pudding to the right of the plate,FULL_HIT,0.998748,0.005072,0.002288,0.557550,10.571065,0.010363,0.004813,11.260244,0,0
0,30,10,put the white mug on the plate and put the chocolate pudding to the right of the plate,FULL_HIT,0.998779,0.004732,0.002222,0.441043,9.738391,0.011451,0.005383,10.307198,0,0
0,30,11,put the white mug on the plate and put the chocolate pudding to the right of the plate,FULL_HIT,0.998064,0.006004,0.002654,0.618737,11.173188,0.013529,0.005119,11.946049,0,0
0,30,12,put the white mug on the plate and put the chocolate pudding to the right of the plate,FULL_HIT,0.997872,0.005639,0.002160,0.621150,12.726660,0.011252,0.005116,13.493701,0,0
0,30,13,put the white mug on the plate and put the chocolate pudding to the right of the plate,FULL_HIT,0.998679,0.008736,0.003051,0.713821,11.621209,0.013632,0.005924,12.507761,0,0
0,30,14,put the white mug on the plate and put the chocolate pudding to the right of the plate,FULL_HIT,0.998488,0.006746,0.002331,0.459819,11.022400,0.011930,0.005160,11.623341,0,0
0,30,15,put the white mug on the plate and put the chocolate pudding to the right of the plate,FULL_HIT,0.998117,0.005552,0.002236,0.501624,13.193715,0.015207,0.006175,13.853069,0,0
0,30,16,put the white mug on the plate and put the chocolate pudding to the right of the plate,FULL_HIT,0.998084,0.004831,0.002142,0.449192,10.487701,0.018241,0.010044,11.116764,0,0
0,30,17,put the white mug on the plate and put the chocolate pudding to the right of the plate,FULL_HIT,0.998123,0.024073,0.002445,0.389591,9.094809,0.011415,0.004498,9.626194,0,0
0,30,18,put the white mug on the plate and put the chocolate pudding to the right of the plate,FULL_HIT,0.998252,0.005211,0.002212,0.382306,9.239641,0.009794,0.003713,9.743100,0,0
0,30,19,put the white mug on the plate and put the chocolate pudding to the right of the plate,FULL_HIT,0.998177,0.005549,0.002028,0.364821,10.416780,0.012506,0.005471,10.913373,0,0
0,30,20,put the white mug on the plate and put the chocolate pudding to the right of the plate,FULL_HIT,0.998255,0.005023,0.001978,0.346649,9.859305,0.011673,0.005726,10.336225,0,0
0,30,21,put the white mug on the plate and put the chocolate pudding to the right of the plate,FULL_HIT,0.998115,0.005128,0.001792,0.329325,10.661069,0.011094,0.005560,11.120676,0,0
0,30,22,put the white mug on the plate and put the chocolate pudding to the right of the plate,FULL_HIT,0.998197,0.005343,0.001791,2.326888,8.902154,0.011394,0.004185,11.362421,0,0
0,30,23,put the white mug on the plate and put the chocolate pudding to the right of the plate,FULL_HIT,0.998192,0.005116,0.002209,0.322622,9.540200,0.010592,0.005150,10.012433,0,0
0,30,24,put the white mug on the plate and put the chocolate pudding to the right of the plate,FULL_HIT,0.997875,0.006485,0.002467,0.666268,12.376514,0.012339,0.005756,13.196869,0,0
0,30,25,put the white mug on the plate and put the chocolate pudding to the right of the plate,FULL_HIT,0.997929,0.006294,0.002180,0.653149,11.776802,0.011884,0.005654,12.607480,0,0
0,30,26,put the white mug on the plate and put the chocolate pudding to the right of the plate,FULL_HIT,0.998053,0.005033,0.002027,0.363581,9.754569,0.011165,0.005785,10.251913,0,0
0,30,27,put the white mug on the plate and put the chocolate pudding to the right of the plate,FULL_HIT,0.998144,0.004565,0.002255,0.349290,11.356000,0.015442,0.007573,11.855350,0,0
0,30,28,put the white mug on the plate and put the chocolate pudding to the right of the plate,FULL_HIT,0.998102,0.004781,0.002055,0.347687,11.186128,0.012687,0.005766,11.670715,0,0
0,30,29,put the white mug on the plate and put the chocolate pudding to the right of the plate,FULL_HIT,0.997831,0.005301,0.002098,0.401611,9.819624,0.012243,0.004448,10.349511,0,0
0,30,30,put the white mug on the plate and put the chocolate pudding to the right of the plate,FULL_HIT,0.997820,0.005095,0.002246,0.433680,10.142886,0.011171,0.005043,10.704379,0,0
0,30,31,put the white mug on the plate and put the chocolate pudding to the right of the plate,FULL_HIT,0.997893,0.004644,0.002006,0.325833,9.530148,0.011801,0.004387,9.981937,0,0
0,30,32,put the white mug on the plate and put the chocolate pudding to the right of the plate,FULL_HIT,0.998024,0.004908,0.001843,0.333333,10.840107,0.012206,0.005500,11.301550,0,0
0,30,33,put the white mug on the plate and put the chocolate pudding to the right of the plate,FULL_HIT,0.998062,0.005308,0.002329,0.505190,13.637900,0.011119,0.005613,14.280107,0,0
0,30,34,put the white mug on the plate and put the chocolate pudding to the right of the plate,FULL_HIT,0.998120,0.006395,0.002316,0.416818,9.045642,0.011017,0.004562,9.609942,0,0
0,30,35,put the white mug on the plate and put the chocolate pudding to the right of the plate,FULL_HIT,0.998254,0.004948,0.002174,0.408232,9.967005,0.011197,0.005026,10.504528,0,0
0,30,36,put the white mug on the plate and put the chocolate pudding to the right of the plate,FULL_HIT,0.998401,0.004824,0.001921,0.441455,9.530203,0.010861,0.005602,10.103690,0,0
0,30,37,put the white mug on the plate and put the chocolate pudding to the right of the plate,FULL_HIT,0.998315,0.004878,0.002136,0.371480,9.989915,0.011644,0.005032,10.512051,0,0
0,30,38,put the white mug on the plate and put the chocolate pudding to the right of the plate,FULL_HIT,0.998288,0.004940,0.002039,0.347698,12.846206,0.011930,0.006412,13.327712,0,0
0,30,39,put the white mug on the plate and put the chocolate pudding to the right of the plate,FULL_HIT,0.997548,0.008232,0.002837,0.810775,9.556407,0.011091,0.004472,10.547370,0,0
0,30,40,put the white mug on the plate and put the chocolate pudding to the right of the plate,FULL_HIT,0.998278,0.005052,0.002164,0.445670,11.034666,0.013808,0.005324,11.624040,0,0
0,30,41,put the white mug on the plate and put the chocolate pudding to the right of the plate,FULL_HIT,0.998282,0.005667,0.002320,0.448371,13.863016,0.014409,0.006038,14.457279,0,0
0,30,42,put the white mug on the plate and put the chocolate pudding to the right of the plate,FULL_HIT,0.998274,0.005238,0.002152,0.329728,9.287801,0.011419,0.004544,9.746012,0,0
0,30,43,put the white mug on the plate and put the chocolate pudding to the right of the plate,FULL_HIT,0.998254,0.004692,0.002195,0.308858,9.600828,0.010778,0.004726,10.033056,0,0
0,30,44,put the white mug on the plate and put the chocolate pudding to the right of the plate,FULL_HIT,0.998237,0.005132,0.002011,0.299929,9.051679,0.011015,0.004469,9.472460,0,0
0,30,45,put the white mug on the plate and put the chocolate pudding to the right of the plate,FULL_HIT,0.998311,0.005803,0.002215,0.446434,11.792836,0.011251,0.005644,12.375587,0,0
0,30,46,put the white mug on the plate and put the chocolate pudding to the right of the plate,FULL_HIT,0.998395,0.005389,0.002283,0.433635,10.185873,0.012839,0.005457,10.761255,0,0
0,31,0,put the white mug on the plate and put the chocolate pudding to the right of the plate,FULL_HIT,0.998868,0.005562,0.002155,0.346531,10.104635,0.011439,0.005447,10.613686,0,0
0,31,1,put the white mug on the plate and put the chocolate pudding to the right of the plate,FULL_HIT,0.998809,0.005940,0.002511,1.066873,10.487446,0.012237,0.005164,11.727267,0,0
0,31,2,put the white mug on the plate and put the chocolate pudding to the right of the plate,FULL_HIT,0.998744,0.005053,0.001965,0.353497,9.081031,0.011566,0.005389,9.583927,0,0
0,31,3,put the white mug on the plate and put the chocolate pudding to the right of the plate,FULL_HIT,0.998742,0.004715,0.002047,0.422639,10.735544,0.012169,0.005363,11.294947,0,0
0,31,4,put the white mug on the plate and put the chocolate pudding to the right of the plate,FULL_HIT,0.998780,0.004753,0.001969,0.431160,11.332706,0.011596,0.005697,11.896939,0,0
0,31,5,put the white mug on the plate and put the chocolate pudding to the right of the plate,FULL_HIT,0.998797,0.005152,0.002025,0.317807,9.956167,0.011515,0.005733,10.401889,0,0
0,31,6,put the white mug on the plate and put the chocolate pudding to the right of the plate,FULL_HIT,0.998808,0.004837,0.001847,0.335137,10.068281,0.012007,0.005980,10.532273,0,0
0,31,7,put the white mug on the plate and put the chocolate pudding to the right of the plate,FULL_HIT,0.998789,0.005172,0.002011,0.508589,12.115550,0.012163,0.005481,12.760741,0,0
0,31,8,put the white mug on the plate and put the chocolate pudding to the right of the plate,FULL_HIT,0.998575,0.004825,0.002299,0.407997,11.860239,0.012904,0.005107,12.406922,0,0
0,31,9,put the white mug on the plate and put the chocolate pudding to the right of the plate,FULL_HIT,0.998694,0.004790,0.001757,0.510407,8.955197,0.010401,0.004664,9.591677,0,0
0,31,10,put the white mug on the plate and put the chocolate pudding to the right of the plate,FULL_HIT,0.997898,0.005078,0.002124,0.364803,9.867332,0.012307,0.005462,10.371519,0,0
0,31,11,put the white mug on the plate and put the chocolate pudding to the right of the plate,FULL_HIT,0.997268,0.004915,0.002213,0.349342,9.985164,0.013594,0.006106,10.472248,0,0
0,31,12,put the white mug on the plate and put the chocolate pudding to the right of the plate,FULL_HIT,0.998445,0.004841,0.001497,0.409322,10.539281,0.012528,0.005573,11.081336,0,0
0,31,13,put the white mug on the plate and put the chocolate pudding to the right of the plate,FULL_HIT,0.998298,0.005005,0.002023,0.355789,10.074099,0.011117,0.004267,10.557621,0,0
0,31,14,put the white mug on the plate and put the chocolate pudding to the right of the plate,FULL_HIT,0.997615,0.004362,0.001927,0.354902,10.495567,0.011917,0.005033,10.981110,0,0
0,31,15,put the white mug on the plate and put the chocolate pudding to the right of the plate,FULL_HIT,0.997694,0.005342,0.001775,0.341287,9.268606,0.013109,0.005630,9.747544,0,0
0,31,16,put the white mug on the plate and put the chocolate pudding to the right of the plate,FULL_HIT,0.997599,0.005521,0.002551,0.863205,10.658479,0.011241,0.005144,11.667608,0,0
0,31,17,put the white mug on the plate and put the chocolate pudding to the right of the plate,FULL_HIT,0.997625,0.005178,0.002667,0.428837,10.356148,0.012272,0.005194,10.945678,0,0
0,31,18,put the white mug on the plate and put the chocolate pudding to the right of the plate,FULL_HIT,0.997746,0.005010,0.001821,0.351941,9.373086,0.012526,0.005534,9.859066,0,0
0,31,19,put the white mug on the plate and put the chocolate pudding to the right of the plate,FULL_HIT,0.997948,0.005501,0.002082,0.386164,9.782731,0.012603,0.005634,10.306792,0,0
0,31,20,put the white mug on the plate and put the chocolate pudding to the right of the plate,FULL_HIT,0.998029,0.005403,0.001932,0.336652,10.177280,0.012945,0.006050,10.700706,0,0
0,31,21,put the white mug on the plate and put the chocolate pudding to the right of the plate,FULL_HIT,0.997799,0.005302,0.001767,0.347786,9.450349,0.012306,0.005152,9.927213,0,0
0,31,22,put the white mug on the plate and put the chocolate pudding to the right of the plate,FULL_HIT,0.996904,0.004980,0.004451,0.893788,10.008004,0.012452,0.005376,11.062986,0,0
0,31,23,put the white mug on the plate and put the chocolate pudding to the right of the plate,FULL_HIT,0.993852,0.005684,0.002258,0.453736,11.413489,0.011886,0.005012,12.005067,0,0
0,31,24,put the white mug on the plate and put the chocolate pudding to the right of the plate,FULL_HIT,0.992458,0.005758,0.002186,0.678994,9.549138,0.011516,0.004278,10.377118,0,0
0,31,25,put the white mug on the plate and put the chocolate pudding to the right of the plate,FULL_HIT,0.994169,0.012171,0.003638,1.010975,9.725925,0.010907,0.004892,10.919416,0,0
0,31,26,put the white mug on the plate and put the chocolate pudding to the right of the plate,FULL_HIT,0.995863,0.005019,0.001996,0.322136,8.908155,0.010725,0.004312,9.345155,0,0
0,31,27,put the white mug on the plate and put the chocolate pudding to the right of the plate,FULL_HIT,0.996752,0.004949,0.002226,0.425408,10.406208,0.014335,0.005358,10.970807,0,0
0,31,28,put the white mug on the plate and put the chocolate pudding to the right of the plate,FULL_HIT,0.994592,0.004745,0.002038,0.343291,11.102821,0.012084,0.005015,11.575847,0,0
0,31,29,put the white mug on the plate and put the chocolate pudding to the right of the plate,FULL_HIT,0.996924,0.005122,0.002082,0.351742,9.561555,0.013600,0.006484,10.065040,0,0
0,31,30,put the white mug on the plate and put the chocolate pudding to the right of the plate,FULL_HIT,0.997619,0.004919,0.001920,0.353388,10.092418,0.012768,0.006583,10.584801,0,0
0,31,31,put the white mug on the plate and put the chocolate pudding to the right of the plate,FULL_HIT,0.997999,0.005503,0.002530,0.439779,10.083395,0.012019,0.005720,10.664254,0,0
0,31,32,put the white mug on the plate and put the chocolate pudding to the right of the plate,FULL_HIT,0.998077,0.006133,0.002186,0.546318,10.477576,0.012696,0.005053,11.166472,0,0
0,31,33,put the white mug on the plate and put the chocolate pudding to the right of the plate,FULL_HIT,0.998027,0.005188,0.001933,0.339726,14.984128,0.012261,0.005372,15.455991,0,0
0,31,34,put the white mug on the plate and put the chocolate pudding to the right of the plate,FULL_HIT,0.998089,0.005486,0.001791,0.599318,9.466267,0.011871,0.005802,10.200211,0,0
0,31,35,put the white mug on the plate and put the chocolate pudding to the right of the plate,FULL_HIT,0.998286,0.004805,0.001800,0.398204,10.628862,0.011153,0.004789,11.158329,0,0
0,31,36,put the white mug on the plate and put the chocolate pudding to the right of the plate,FULL_HIT,0.998288,0.004985,0.002170,0.405083,12.106881,0.013209,0.005237,12.647259,0,0
0,31,37,put the white mug on the plate and put the chocolate pudding to the right of the plate,FULL_HIT,0.998235,0.005892,0.002748,0.627848,9.907903,0.011058,0.004327,10.686011,0,0
0,31,38,put the white mug on the plate and put the chocolate pudding to the right of the plate,FULL_HIT,0.998190,0.004564,0.001958,0.314312,9.963589,0.011430,0.004516,10.402178,0,0
0,31,39,put the white mug on the plate and put the chocolate pudding to the right of the plate,FULL_HIT,0.997993,0.005466,0.001799,0.322580,8.920860,0.011791,0.004838,9.361995,0,0
0,31,40,put the white mug on the plate and put the chocolate pudding to the right of the plate,FULL_HIT,0.997974,0.005131,0.001878,0.345024,10.441772,0.012038,0.005197,10.916121,0,0
0,31,41,put the white mug on the plate and put the chocolate pudding to the right of the plate,FULL_HIT,0.998192,0.004694,0.002177,0.377514,8.803191,0.011874,0.004937,9.303739,0,0
0,31,42,put the white mug on the plate and put the chocolate pudding to the right of the plate,FULL_HIT,0.998166,0.005992,0.002679,0.475508,9.264978,0.011424,0.004162,9.886750,0,0
0,31,43,put the white mug on the plate and put the chocolate pudding to the right of the plate,FULL_HIT,0.998383,0.004578,0.001945,0.404604,10.227240,0.011825,0.005860,10.764851,0,0
0,31,44,put the white mug on the plate and put the chocolate pudding to the right of the plate,FULL_HIT,0.998512,0.005128,0.002030,0.392915,11.909799,0.013661,0.005274,12.432293,0,0
0,31,45,put the white mug on the plate and put the chocolate pudding to the right of the plate,FULL_HIT,0.998461,0.005473,0.002707,0.431253,11.322419,0.012196,0.005304,11.904630,0,0
0,31,46,put the white mug on the plate and put the chocolate pudding to the right of the plate,FULL_HIT,0.997926,0.004270,0.002128,0.795866,9.493555,0.012480,0.005088,10.429234,0,0
0,32,0,put the white mug on the plate and put the chocolate pudding to the right of the plate,FULL_HIT,0.998870,0.005034,0.001804,0.411291,11.122428,0.024443,0.005736,11.685207,0,0
0,32,1,put the white mug on the plate and put the chocolate pudding to the right of the plate,FULL_HIT,0.998863,0.005369,0.002440,0.464022,12.675509,0.012507,0.004991,13.279236,0,0
0,32,2,put the white mug on the plate and put the chocolate pudding to the right of the plate,FULL_HIT,0.998796,0.005489,0.002270,0.562252,12.293496,0.012828,0.005028,13.000503,0,0
0,32,3,put the white mug on the plate and put the chocolate pudding to the right of the plate,FULL_HIT,0.998709,0.004541,0.002288,0.400234,9.579260,0.010341,0.004905,10.106841,0,0
0,32,4,put the white mug on the plate and put the chocolate pudding to the right of the plate,FULL_HIT,0.998661,0.005299,0.002200,0.581105,9.737009,0.011488,0.005276,10.459697,0,0
0,32,5,put the white mug on the plate and put the chocolate pudding to the right of the plate,FULL_HIT,0.998665,0.005726,0.002637,0.665961,12.267548,0.013811,0.005674,13.084307,0,0
0,32,6,put the white mug on the plate and put the chocolate pudding to the right of the plate,FULL_HIT,0.998704,0.006465,0.002843,0.494705,12.819131,0.013139,0.005758,13.465959,0,0
0,32,7,put the white mug on the plate and put the chocolate pudding to the right of the plate,FULL_HIT,0.998709,0.005276,0.002149,0.370090,9.946371,0.012169,0.005029,10.449612,0,0
0,32,8,put the white mug on the plate and put the chocolate pudding to the right of the plate,FULL_HIT,0.998683,0.005152,0.001784,0.401799,12.487728,0.015482,0.007563,13.040998,0,0
0,32,9,put the white mug on the plate and put the chocolate pudding to the right of the plate,FULL_HIT,0.998686,0.005018,0.002058,0.360964,9.734612,0.012159,0.004897,10.225143,0,0
0,32,10,put the white mug on the plate and put the chocolate pudding to the right of the plate,FULL_HIT,0.998613,0.005117,0.001867,0.333239,9.269050,0.012067,0.005705,9.730244,0,0
0,32,11,put the white mug on the plate and put the chocolate pudding to the right of the plate,FULL_HIT,0.997606,0.004949,0.002161,0.329603,10.017994,0.011759,0.005038,10.498313,0,0
0,32,12,put the white mug on the plate and put the chocolate pudding to the right of the plate,FULL_HIT,0.997910,0.005193,0.002065,0.317139,9.919328,0.011293,0.004955,10.359377,0,0
0,32,13,put the white mug on the plate and put the chocolate pudding to the right of the plate,FULL_HIT,0.997229,0.004584,0.002152,0.313445,9.288251,0.010358,0.004563,9.721020,0,0
0,32,14,put the white mug on the plate and put the chocolate pudding to the right of the plate,FULL_HIT,0.996613,0.004835,0.001683,0.353765,8.619251,0.009952,0.004269,9.087466,0,0
0,32,15,put the white mug on the plate and put the chocolate pudding to the right of the plate,FULL_HIT,0.996356,0.005273,0.001946,0.354997,8.999020,0.010791,0.004726,9.475411,0,0
0,32,16,put the white mug on the plate and put the chocolate pudding to the right of the plate,FULL_HIT,0.996530,0.004859,0.001802,0.409346,11.276063,0.013077,0.006055,11.819926,0,0
0,32,17,put the white mug on the plate and put the chocolate pudding to the right of the plate,FULL_HIT,0.996551,0.005621,0.002061,0.358440,9.490864,0.011420,0.004557,9.979200,0,0
0,32,18,put the white mug on the plate and put the chocolate pudding to the right of the plate,FULL_HIT,0.996539,0.005442,0.001979,0.463242,11.081982,0.011783,0.005141,11.681632,0,0
0,32,19,put the white mug on the plate and put the chocolate pudding to the right of the plate,FULL_HIT,0.996806,0.004965,0.002148,0.403944,10.689877,0.012522,0.004975,11.228684,0,0
0,32,20,put the white mug on the plate and put the chocolate pudding to the right of the plate,FULL_HIT,0.996993,0.006872,0.003306,0.861418,12.391519,0.012389,0.006160,13.411226,0,0
0,32,21,put the white mug on the plate and put the chocolate pudding to the right of the plate,FULL_HIT,0.997137,0.004810,0.001859,0.367557,11.369589,0.014799,0.006740,11.893901,0,0
0,32,22,put the white mug on the plate and put the chocolate pudding to the right of the plate,FULL_HIT,0.997173,0.005176,0.002316,0.463497,9.116371,0.011125,0.005387,9.713535,0,0
0,32,23,put the white mug on the plate and put the chocolate pudding to the right of the plate,FULL_HIT,0.996598,0.005161,0.002044,0.343076,9.672456,0.011580,0.005089,10.145582,0,0
0,32,24,put the white mug on the plate and put the chocolate pudding to the right of the plate,FULL_HIT,0.995023,0.004855,0.001890,0.330490,10.611842,0.013870,0.006732,11.086958,0,0
0,32,25,put the white mug on the plate and put the chocolate pudding to the right of the plate,FULL_HIT,0.995636,0.005502,0.001887,0.736499,11.276411,0.012607,0.006044,12.160840,0,0
0,32,26,put the white mug on the plate and put the chocolate pudding to the right of the plate,FULL_HIT,0.996635,0.004763,0.002218,0.386701,10.925941,0.010492,0.004460,11.439177,0,0
0,32,27,put the white mug on the plate and put the chocolate pudding to the right of the plate,FULL_HIT,0.994821,0.005484,0.002694,0.750478,11.887648,0.010954,0.005940,12.794082,0,0
0,32,28,put the white mug on the plate and put the chocolate pudding to the right of the plate,FULL_HIT,0.997832,0.006604,0.002708,0.446860,10.791706,0.013286,0.006789,11.412537,0,0
0,32,29,put the white mug on the plate and put the chocolate pudding to the right of the plate,FULL_HIT,0.998360,0.005023,0.002166,0.331362,10.167032,0.013456,0.005930,10.640261,0,0
0,32,30,put the white mug on the plate and put the chocolate pudding to the right of the plate,FULL_HIT,0.998232,0.005037,0.002239,0.328954,9.305058,0.011387,0.004652,9.761398,0,0
0,32,31,put the white mug on the plate and put the chocolate pudding to the right of the plate,FULL_HIT,0.997805,0.005029,0.002137,0.494329,9.838031,0.010649,0.004821,10.467260,0,0
0,32,32,put the white mug on the plate and put the chocolate pudding to the right of the plate,FULL_HIT,0.997791,0.005300,0.002028,0.416358,12.639877,0.012788,0.005673,13.202416,0,0
0,32,33,put the white mug on the plate and put the chocolate pudding to the right of the plate,FULL_HIT,0.997924,0.005077,0.002079,0.367821,10.569537,0.012365,0.004859,11.068768,0,0
0,32,34,put the white mug on the plate and put the chocolate pudding to the right of the plate,FULL_HIT,0.997934,0.004535,0.002123,0.336155,9.894267,0.011306,0.005797,10.378418,0,0
0,32,35,put the white mug on the plate and put the chocolate pudding to the right of the plate,FULL_HIT,0.997987,0.005071,0.002024,0.320355,10.310166,0.011776,0.005446,10.764112,0,0
0,32,36,put the white mug on the plate and put the chocolate pudding to the right of the plate,FULL_HIT,0.998345,0.004932,0.002205,0.322655,11.776320,0.012508,0.005116,12.229883,0,0
0,32,37,put the white mug on the plate and put the chocolate pudding to the right of the plate,FULL_HIT,0.998236,0.005038,0.002014,0.336031,11.280559,0.019980,0.009772,11.789441,0,0
0,32,38,put the white mug on the plate and put the chocolate pudding to the right of the plate,FULL_HIT,0.997357,0.004850,0.002135,0.327062,9.869114,0.012656,0.004944,10.328222,0,0
0,32,39,put the white mug on the plate and put the chocolate pudding to the right of the plate,FULL_HIT,0.997959,0.004880,0.002028,0.299528,10.351372,0.013069,0.005629,10.779247,0,0
0,32,40,put the white mug on the plate and put the chocolate pudding to the right of the plate,FULL_HIT,0.998057,0.004751,0.002199,0.346392,9.951872,0.011269,0.005273,10.423096,0,0
0,32,41,put the white mug on the plate and put the chocolate pudding to the right of the plate,FULL_HIT,0.998033,0.004943,0.002101,0.377742,10.256423,0.016396,0.005759,10.781114,0,0
0,32,42,put the white mug on the plate and put the chocolate pudding to the right of the plate,FULL_HIT,0.998169,0.004762,0.002282,0.363647,9.498234,0.011599,0.005050,9.993028,0,0
0,32,43,put the white mug on the plate and put the chocolate pudding to the right of the plate,FULL_HIT,0.998248,0.006022,0.002494,0.683939,11.152932,0.012982,0.005607,11.995944,0,0
0,34,0,put the white mug on the plate and put the chocolate pudding to the right of the plate,FULL_HIT,0.998870,0.005970,0.002636,0.606468,13.216459,0.012203,0.005836,13.965210,0,0
0,34,1,put the white mug on the plate and put the chocolate pudding to the right of the plate,FULL_HIT,0.998859,0.006725,0.002870,0.579047,14.588871,0.013322,0.006108,15.329633,0,0
0,34,2,put the white mug on the plate and put the chocolate pudding to the right of the plate,FULL_HIT,0.998855,0.005701,0.002194,0.483917,11.911899,0.014844,0.006219,12.547397,0,0
0,34,3,put the white mug on the plate and put the chocolate pudding to the right of the plate,FULL_HIT,0.998839,0.005777,0.002173,0.484661,10.907409,0.012620,0.005416,11.531252,0,0
0,34,4,put the white mug on the plate and put the chocolate pudding to the right of the plate,FULL_HIT,0.998825,0.005224,0.002386,0.432605,11.283905,0.012840,0.005233,11.855514,0,0
0,34,5,put the white mug on the plate and put the chocolate pudding to the right of the plate,FULL_HIT,0.998831,0.005137,0.002139,0.530774,11.350701,0.012065,0.005329,12.018135,0,0
0,34,6,put the white mug on the plate and put the chocolate pudding to the right of the plate,FULL_HIT,0.998814,0.006290,0.002701,0.574449,12.279206,0.019664,0.009304,13.116015,0,0
0,34,7,put the white mug on the plate and put the chocolate pudding to the right of the plate,FULL_HIT,0.998756,0.005547,0.002171,0.476343,14.559034,0.017915,0.007108,15.210238,0,0
0,34,8,put the white mug on the plate and put the chocolate pudding to the right of the plate,FULL_HIT,0.998639,0.006454,0.002454,0.685352,14.077407,0.011764,0.004958,14.918015,0,0
0,34,9,put the white mug on the plate and put the chocolate pudding to the right of the plate,FULL_HIT,0.998510,0.005385,0.002204,0.529242,12.959104,0.012682,0.005390,13.624155,0,0
0,34,10,put the white mug on the plate and put the chocolate pudding to the right of the plate,FULL_HIT,0.998466,0.005229,0.001939,0.434674,11.113871,0.015336,0.006051,11.696508,0,0
0,34,11,put the white mug on the plate and put the chocolate pudding to the right of the plate,FULL_HIT,0.998328,0.006673,0.002684,0.722304,12.663672,0.013303,0.005311,13.547017,0,0
0,34,12,put the white mug on the plate and put the chocolate pudding to the right of the plate,FULL_HIT,0.998387,0.005374,0.002460,0.452675,12.122561,0.012181,0.006011,12.719012,0,0
0,34,13,put the white mug on the plate and put the chocolate pudding to the right of the plate,FULL_HIT,0.998567,0.005394,0.002000,0.540633,11.334262,0.011022,0.005318,12.019490,0,0
0,34,14,put the white mug on the plate and put the chocolate pudding to the right of the plate,FULL_HIT,0.998572,0.005652,0.002773,0.601517,11.131468,0.011998,0.005759,11.880309,0,0
0,34,15,put the white mug on the plate and put the chocolate pudding to the right of the plate,FULL_HIT,0.998453,0.005100,0.002135,0.382477,11.623983,0.012417,0.005816,12.143870,0,0
0,34,16,put the white mug on the plate and put the chocolate pudding to the right of the plate,FULL_HIT,0.998433,0.006019,0.002549,0.578286,12.600015,0.012656,0.006444,13.352201,0,0
0,34,17,put the white mug on the plate and put the chocolate pudding to the right of the plate,FULL_HIT,0.998379,0.005126,0.002449,0.588219,11.161415,0.011578,0.005395,11.893411,0,0
0,34,18,put the white mug on the plate and put the chocolate pudding to the right of the plate,FULL_HIT,0.998413,0.004775,0.002161,0.531489,11.208026,0.014311,0.006099,11.889145,0,0
0,34,19,put the white mug on the plate and put the chocolate pudding to the right of the plate,FULL_HIT,0.998559,0.005320,0.002253,0.498357,9.385107,0.011374,0.004907,10.017850,0,0
0,34,20,put the white mug on the plate and put the chocolate pudding to the right of the plate,FULL_HIT,0.998495,0.004857,0.002114,0.398800,10.091369,0.011889,0.005776,10.625289,0,0
0,34,21,put the white mug on the plate and put the chocolate pudding to the right of the plate,FULL_HIT,0.998436,0.005463,0.002091,0.547899,12.156108,0.012226,0.013732,12.903495,0,0
0,34,22,put the white mug on the plate and put the chocolate pudding to the right of the plate,FULL_HIT,0.998379,0.007432,0.002655,0.767973,12.637358,0.022025,0.009119,13.702914,0,0
0,34,23,put the white mug on the plate and put the chocolate pudding to the right of the plate,FULL_HIT,0.997608,0.004816,0.001925,0.422732,11.523379,0.012345,0.005751,12.082783,0,0
0,34,24,put the white mug on the plate and put the chocolate pudding to the right of the plate,FULL_HIT,0.997310,0.005625,0.002129,0.539983,11.718846,0.011072,0.006139,12.394438,0,0
0,34,25,put the white mug on the plate and put the chocolate pudding to the right of the plate,FULL_HIT,0.998425,0.005107,0.002169,0.417703,10.364475,0.014347,0.006152,10.929340,0,0
0,34,26,put the white mug on the plate and put the chocolate pudding to the right of the plate,FULL_HIT,0.998436,0.005559,0.002558,0.485591,11.859469,0.011581,0.005186,12.490987,0,0
0,34,27,put the white mug on the plate and put the chocolate pudding to the right of the plate,FULL_HIT,0.998423,0.005163,0.001963,0.479465,11.109950,0.011791,0.004970,11.720356,0,0
0,34,28,put the white mug on the plate and put the chocolate pudding to the right of the plate,FULL_HIT,0.998369,0.005061,0.002096,0.418589,9.328823,0.012386,0.005215,9.879142,0,0
0,34,29,put the white mug on the plate and put the chocolate pudding to the right of the plate,FULL_HIT,0.998347,0.005792,0.002255,0.515354,10.512778,0.011891,0.005351,11.167706,0,0
0,34,30,put the white mug on the plate and put the chocolate pudding to the right of the plate,FULL_HIT,0.998339,0.005742,0.002099,0.344393,11.117375,0.011106,0.005375,11.595642,0,0
0,34,31,put the white mug on the plate and put the chocolate pudding to the right of the plate,FULL_HIT,0.998274,0.005852,0.002357,0.466042,10.484051,0.012576,0.005222,11.096062,0,0
0,34,32,put the white mug on the plate and put the chocolate pudding to the right of the plate,FULL_HIT,0.998224,0.004959,0.001992,0.534316,11.943739,0.014043,0.005268,12.619682,0,0
0,34,33,put the white mug on the plate and put the chocolate pudding to the right of the plate,FULL_HIT,0.998224,0.005456,0.002120,0.433917,11.094315,0.011440,0.005637,11.668054,0,0
0,34,34,put the white mug on the plate and put the chocolate pudding to the right of the plate,FULL_HIT,0.998201,0.005268,0.002180,0.509451,11.377494,0.012142,0.005147,12.026646,0,0
0,34,35,put the white mug on the plate and put the chocolate pudding to the right of the plate,FULL_HIT,0.998139,0.009705,0.004118,0.647438,10.832675,0.013074,0.005558,11.669541,0,0
0,34,36,put the white mug on the plate and put the chocolate pudding to the right of the plate,FULL_HIT,0.998150,0.005648,0.002434,0.611985,11.650534,0.014097,0.006643,12.436683,0,0
0,34,37,put the white mug on the plate and put the chocolate pudding to the right of the plate,FULL_HIT,0.998130,0.005092,0.001812,0.377294,13.743134,0.012310,0.005421,14.262655,0,0
0,34,38,put the white mug on the plate and put the chocolate pudding to the right of the plate,FULL_HIT,0.998188,0.005927,0.002832,0.605279,11.908243,0.013108,0.005694,12.681344,0,0
0,34,39,put the white mug on the plate and put the chocolate pudding to the right of the plate,FULL_HIT,0.998183,0.005493,0.002311,0.347781,9.228973,0.012309,0.005126,9.712435,0,0
0,35,0,put both the alphabet soup and the cream cheese box in the basket,FULL_HIT,0.998871,0.005599,0.002166,0.712177,12.255788,0.013230,0.006220,13.126948,0,0
0,35,1,put both the alphabet soup and the cream cheese box in the basket,FULL_HIT,0.998849,0.005052,0.002035,0.498051,16.583161,0.013141,0.006683,17.226812,0,0
0,35,2,put both the alphabet soup and the cream cheese box in the basket,FULL_HIT,0.998821,0.005838,0.001830,0.445862,10.277655,0.010543,0.005057,10.853977,0,0
0,35,3,put both the alphabet soup and the cream cheese box in the basket,FULL_HIT,0.998811,0.006098,0.002305,0.885259,13.665087,0.011876,0.005609,14.711167,0,0
0,35,4,put both the alphabet soup and the cream cheese box in the basket,FULL_HIT,0.998817,0.005250,0.002756,0.594816,11.016983,0.012046,0.004695,11.780726,0,0
0,35,5,put both the alphabet soup and the cream cheese box in the basket,FULL_HIT,0.998747,0.004820,0.002204,0.404352,11.050617,0.027926,0.004992,11.606852,0,0
0,35,6,put both the alphabet soup and the cream cheese box in the basket,FULL_HIT,0.998741,0.005203,0.002091,0.386882,10.413805,0.012095,0.004876,10.938417,0,0
0,35,7,put both the alphabet soup and the cream cheese box in the basket,FULL_HIT,0.998702,0.006487,0.003226,0.682300,12.485528,0.012950,0.005621,13.320157,0,0
0,35,8,put both the alphabet soup and the cream cheese box in the basket,FULL_HIT,0.998697,0.005546,0.001939,0.410839,11.562994,0.012523,0.005234,12.111222,0,0
0,35,9,put both the alphabet soup and the cream cheese box in the basket,FULL_HIT,0.998727,0.004960,0.001865,0.437440,11.807632,0.011487,0.004648,12.373833,0,0
0,35,10,put both the alphabet soup and the cream cheese box in the basket,FULL_HIT,0.998769,0.005549,0.002010,0.493437,13.785095,0.012201,0.006278,14.421829,0,0
0,35,11,put both the alphabet soup and the cream cheese box in the basket,FULL_HIT,0.998759,0.005175,0.002033,0.518531,11.086881,0.012780,0.007632,11.757052,0,0
0,35,12,put both the alphabet soup and the cream cheese box in the basket,FULL_HIT,0.998189,0.004737,0.002810,0.549358,10.493178,0.013416,0.005440,11.214281,0,0
0,35,13,put both the alphabet soup and the cream cheese box in the basket,FULL_HIT,0.998362,0.008327,0.002129,0.717759,12.110486,0.013766,0.005256,12.986811,0,0
0,35,14,put both the alphabet soup and the cream cheese box in the basket,FULL_HIT,0.998301,0.005079,0.002296,0.433688,12.663378,0.012108,0.005233,13.245336,0,0
0,35,15,put both the alphabet soup and the cream cheese box in the basket,FULL_HIT,0.998269,0.005861,0.002049,0.469792,11.652389,0.013593,0.005401,12.265190,0,0
0,35,16,put both the alphabet soup and the cream cheese box in the basket,FULL_HIT,0.998337,0.005978,0.003129,0.416492,12.150470,0.015102,0.006190,12.727520,0,0
0,35,17,put both the alphabet soup and the cream cheese box in the basket,FULL_HIT,0.998331,0.005029,0.002592,0.545321,11.939689,0.017161,0.005615,12.649845,0,0
0,35,18,put both the alphabet soup and the cream cheese box in the basket,FULL_HIT,0.998328,0.005096,0.002310,0.493410,12.065310,0.014091,0.006059,12.723116,0,0
0,35,19,put both the alphabet soup and the cream cheese box in the basket,FULL_HIT,0.998303,0.007078,0.001953,0.444782,11.237770,0.011780,0.005635,11.833290,0,0
0,35,20,put both the alphabet soup and the cream cheese box in the basket,FULL_HIT,0.998300,0.006011,0.002525,0.522720,13.803470,0.027549,0.005954,14.502713,0,0
0,35,21,put both the alphabet soup and the cream cheese box in the basket,FULL_HIT,0.998284,0.005034,0.002426,0.487837,12.059122,0.012944,0.006176,12.736518,0,0
0,35,22,put both the alphabet soup and the cream cheese box in the basket,FULL_HIT,0.998253,0.005501,0.002270,0.548459,11.075613,0.015264,0.025158,11.793995,0,0
0,35,23,put both the alphabet soup and the cream cheese box in the basket,FULL_HIT,0.998450,0.006445,0.002885,0.502195,13.097931,0.014196,0.007361,13.775735,0,0
0,35,24,put both the alphabet soup and the cream cheese box in the basket,FULL_HIT,0.998455,0.005471,0.002120,0.407056,9.881343,0.011970,0.004845,10.433766,0,0
0,35,25,put both the alphabet soup and the cream cheese box in the basket,FULL_HIT,0.998573,0.005117,0.002191,0.387197,10.421220,0.012561,0.005478,10.946285,0,0
0,35,26,put both the alphabet soup and the cream cheese box in the basket,FULL_HIT,0.998645,0.006180,0.002619,0.491073,12.129717,0.014369,0.005984,12.784893,0,0
0,35,27,put both the alphabet soup and the cream cheese box in the basket,FULL_HIT,0.998643,0.007107,0.002392,0.521553,12.932608,0.013787,0.005817,13.614834,0,0
0,35,28,put both the alphabet soup and the cream cheese box in the basket,FULL_HIT,0.998613,0.005132,0.002392,0.526803,11.961616,0.012674,0.005501,12.640360,0,0
0,35,29,put both the alphabet soup and the cream cheese box in the basket,FULL_HIT,0.998612,0.005118,0.002479,0.599813,11.780607,0.013014,0.006127,12.546204,0,0
0,35,30,put both the alphabet soup and the cream cheese box in the basket,FULL_HIT,0.998618,0.005437,0.002435,0.513791,11.686532,0.012722,0.005361,12.352014,0,0
0,35,31,put both the alphabet soup and the cream cheese box in the basket,FULL_HIT,0.998624,0.005711,0.002468,0.747162,13.604708,0.012122,0.006570,14.512141,0,0
0,35,32,put both the alphabet soup and the cream cheese box in the basket,FULL_HIT,0.998652,0.008418,0.002548,0.772366,13.614687,0.012663,0.007963,14.587065,0,0
0,35,33,put both the alphabet soup and the cream cheese box in the basket,FULL_HIT,0.998644,0.004675,0.002439,0.536377,12.230019,0.015255,0.008094,12.952453,0,0
0,35,34,put both the alphabet soup and the cream cheese box in the basket,FULL_HIT,0.998716,0.006992,0.002358,0.622954,11.847902,0.012986,0.005573,12.622114,0,0
0,35,35,put both the alphabet soup and the cream cheese box in the basket,FULL_HIT,0.998558,0.005444,0.002317,0.531256,12.441384,0.012039,0.004914,13.115210,0,0
0,35,36,put both the alphabet soup and the cream cheese box in the basket,FULL_HIT,0.998520,0.006535,0.002502,0.636124,12.063468,0.012936,0.007968,12.861140,0,0
0,35,37,put both the alphabet soup and the cream cheese box in the basket,FULL_HIT,0.998461,0.005312,0.002120,0.508361,10.761188,0.012108,0.041109,11.443916,0,0
0,35,38,put both the alphabet soup and the cream cheese box in the basket,FULL_HIT,0.998145,0.006915,0.003288,0.801090,12.498314,0.014046,0.006989,13.479004,0,0
0,35,39,put both the alphabet soup and the cream cheese box in the basket,FULL_HIT,0.998105,0.006478,0.002126,0.693467,13.758863,0.012786,0.005585,14.608362,0,0
0,35,40,put both the alphabet soup and the cream cheese box in the basket,FULL_HIT,0.998142,0.005220,0.001743,0.581209,12.078835,0.012966,0.005212,12.811618,0,0
0,35,41,put both the alphabet soup and the cream cheese box in the basket,FULL_HIT,0.998240,0.005539,0.002308,0.529157,11.289269,0.062988,0.025830,12.059346,0,0
0,35,42,put both the alphabet soup and the cream cheese box in the basket,FULL_HIT,0.998265,0.005757,0.004287,0.554512,12.067028,0.012480,0.004693,12.807502,0,0
0,35,43,put both the alphabet soup and the cream cheese box in the basket,FULL_HIT,0.998331,0.006548,0.003633,1.433259,14.680967,0.012158,0.005578,16.457134,0,0
0,35,44,put both the alphabet soup and the cream cheese box in the basket,FULL_HIT,0.998276,0.005942,0.002358,0.419473,13.706065,0.011798,0.006189,14.269743,0,0
0,35,45,put both the alphabet soup and the cream cheese box in the basket,FULL_HIT,0.998141,0.006243,0.002599,0.587636,13.177437,0.013927,0.006218,13.923298,0,0
0,35,46,put both the alphabet soup and the cream cheese box in the basket,FULL_HIT,0.998406,0.006573,0.002201,0.584620,14.803293,0.012885,0.006223,15.540212,0,0
0,35,47,put both the alphabet soup and the cream cheese box in the basket,FULL_HIT,0.998457,0.005674,0.002384,0.607850,12.405997,0.013204,0.005674,13.168601,0,0
0,35,48,put both the alphabet soup and the cream cheese box in the basket,FULL_HIT,0.998319,0.006436,0.002455,0.615026,12.566268,0.012188,0.005679,13.329801,0,0
0,38,0,put both the alphabet soup and the cream cheese box in the basket,FULL_HIT,0.998871,0.015471,0.003357,0.958815,10.309303,0.010715,0.004857,11.452099,0,0
0,38,1,put both the alphabet soup and the cream cheese box in the basket,FULL_HIT,0.998853,0.005659,0.002291,0.489784,11.391043,0.014044,0.005734,12.036327,0,0
0,38,2,put both the alphabet soup and the cream cheese box in the basket,FULL_HIT,0.998825,0.004932,0.002078,0.459879,11.041486,0.015184,0.005795,11.647081,0,0
0,38,3,put both the alphabet soup and the cream cheese box in the basket,FULL_HIT,0.998780,0.007485,0.003252,0.872802,13.725216,0.015385,0.007302,14.785265,0,0
0,38,4,put both the alphabet soup and the cream cheese box in the basket,FULL_HIT,0.998793,0.005787,0.001965,0.583326,11.511052,0.014308,0.005284,12.251239,0,0
0,38,5,put both the alphabet soup and the cream cheese box in the basket,FULL_HIT,0.998786,0.005071,0.002225,0.529589,12.723232,0.013241,0.008052,13.405899,0,0
0,38,6,put both the alphabet soup and the cream cheese box in the basket,FULL_HIT,0.998777,0.008142,0.003491,0.855172,12.083704,0.013293,0.006045,13.148893,0,0
0,38,7,put both the alphabet soup and the cream cheese box in the basket,FULL_HIT,0.998783,0.006618,0.002574,0.862223,11.723403,0.015669,0.005976,12.774333,0,0
0,38,8,put both the alphabet soup and the cream cheese box in the basket,FULL_HIT,0.998774,0.006541,0.003075,0.601861,13.405799,0.017322,0.005824,14.185747,0,0
0,38,9,put both the alphabet soup and the cream cheese box in the basket,FULL_HIT,0.998727,0.006923,0.002357,0.712628,14.485359,0.017156,0.006890,15.401006,0,0
0,38,10,put both the alphabet soup and the cream cheese box in the basket,FULL_HIT,0.998676,0.006787,0.002447,0.582478,14.995201,0.015790,0.006952,15.760537,0,0
0,38,11,put both the alphabet soup and the cream cheese box in the basket,FULL_HIT,0.998684,0.008056,0.002776,0.724695,15.040223,0.017871,0.006686,15.955744,0,0
0,38,12,put both the alphabet soup and the cream cheese box in the basket,FULL_HIT,0.998720,0.008361,0.002626,0.573181,15.054045,0.045811,0.006008,15.831457,0,0
0,38,13,put both the alphabet soup and the cream cheese box in the basket,FULL_HIT,0.998646,0.005865,0.002323,0.669453,12.134359,0.011922,0.005719,12.951825,0,0
0,38,14,put both the alphabet soup and the cream cheese box in the basket,FULL_HIT,0.998660,0.005367,0.002140,0.524782,14.282409,0.017122,0.007135,14.981829,0,0
0,38,15,put both the alphabet soup and the cream cheese box in the basket,FULL_HIT,0.998465,0.005844,0.002140,0.531342,14.179045,0.012067,0.005916,14.959164,0,0
0,38,16,put both the alphabet soup and the cream cheese box in the basket,FULL_HIT,0.998409,0.005688,0.002496,0.534452,14.496188,0.012315,0.005783,15.171184,0,0
0,38,17,put both the alphabet soup and the cream cheese box in the basket,FULL_HIT,0.998316,0.005571,0.002182,0.604636,17.034644,0.013191,0.006225,17.799329,0,0
0,38,18,put both the alphabet soup and the cream cheese box in the basket,FULL_HIT,0.998284,0.007436,0.003143,0.734526,16.231350,0.013439,0.006238,17.147606,0,0
0,38,19,put both the alphabet soup and the cream cheese box in the basket,FULL_HIT,0.998236,0.005770,0.002266,0.645008,12.277141,0.011951,0.005942,13.082282,0,0
0,38,20,put both the alphabet soup and the cream cheese box in the basket,FULL_HIT,0.998228,0.007414,0.002975,0.600117,12.703848,0.012743,0.008488,13.475672,0,0
0,38,21,put both the alphabet soup and the cream cheese box in the basket,FULL_HIT,0.998168,0.005501,0.002472,0.630376,14.464305,0.012154,0.005790,15.256093,0,0
0,38,22,put both the alphabet soup and the cream cheese box in the basket,FULL_HIT,0.998086,0.006239,0.002513,0.589757,11.389677,0.011348,0.005970,12.159025,0,0
0,38,23,put both the alphabet soup and the cream cheese box in the basket,FULL_HIT,0.998191,0.007137,0.002970,0.629606,14.061950,0.015561,0.005534,14.856245,0,0
0,38,24,put both the alphabet soup and the cream cheese box in the basket,FULL_HIT,0.998258,0.006015,0.002300,0.754476,14.305196,0.016593,0.008185,15.264839,0,0
0,38,25,put both the alphabet soup and the cream cheese box in the basket,FULL_HIT,0.998220,0.006358,0.002195,0.574079,13.242935,0.011665,0.005298,13.979816,0,0
0,38,26,put both the alphabet soup and the cream cheese box in the basket,FULL_HIT,0.998190,0.004982,0.002197,0.525998,14.124128,0.013254,0.006007,14.822213,0,0
0,38,27,put both the alphabet soup and the cream cheese box in the basket,FULL_HIT,0.998214,0.005104,0.002277,0.483445,11.702113,0.013816,0.006107,12.338417,0,0
0,38,28,put both the alphabet soup and the cream cheese box in the basket,FULL_HIT,0.998208,0.005742,0.002226,0.382197,10.266707,0.015035,0.007098,10.812691,0,0
0,38,29,put both the alphabet soup and the cream cheese box in the basket,FULL_HIT,0.998273,0.005675,0.002224,0.362897,10.119473,0.012226,0.005377,10.616525,0,0
0,38,30,put both the alphabet soup and the cream cheese box in the basket,FULL_HIT,0.998415,0.004683,0.001597,0.413362,10.906825,0.011477,0.004688,11.450853,0,0
0,38,31,put both the alphabet soup and the cream cheese box in the basket,FULL_HIT,0.998367,0.004593,0.001996,0.360736,10.452442,0.011613,0.005065,10.947148,0,0
0,38,32,put both the alphabet soup and the cream cheese box in the basket,FULL_HIT,0.998503,0.005619,0.002973,0.572296,10.165498,0.012713,0.005173,10.899167,0,0
0,38,33,put both the alphabet soup and the cream cheese box in the basket,FULL_HIT,0.998507,0.004841,0.001508,0.362155,12.187018,0.013679,0.005269,12.686936,0,0
0,38,34,put both the alphabet soup and the cream cheese box in the basket,FULL_HIT,0.998429,0.004858,0.001937,0.377514,10.075459,0.011983,0.005198,10.582480,0,0
0,38,35,put both the alphabet soup and the cream cheese box in the basket,FULL_HIT,0.998369,0.006558,0.002690,0.648371,9.664246,0.011523,0.004533,10.456195,0,0
0,38,36,put both the alphabet soup and the cream cheese box in the basket,FULL_HIT,0.998353,0.005052,0.002033,0.406712,13.748715,0.013623,0.007359,14.297977,0,0
0,38,37,put both the alphabet soup and the cream cheese box in the basket,FULL_HIT,0.998397,0.004930,0.001819,0.353727,10.465507,0.011801,0.007148,10.951569,0,0
0,38,38,put both the alphabet soup and the cream cheese box in the basket,FULL_HIT,0.998332,0.005231,0.002154,0.462151,11.203573,0.013877,0.006688,11.809503,0,0
0,38,39,put both the alphabet soup and the cream cheese box in the basket,FULL_HIT,0.998587,0.005164,0.002344,0.471969,11.086302,0.013099,0.005838,11.698289,0,0
0,38,40,put both the alphabet soup and the cream cheese box in the basket,FULL_HIT,0.998571,0.005103,0.002245,0.343147,9.551027,0.011262,0.004522,10.020704,0,0
0,38,41,put both the alphabet soup and the cream cheese box in the basket,FULL_HIT,0.998560,0.005229,0.001861,0.565436,11.850087,0.012770,0.005553,12.555806,0,0
0,38,42,put both the alphabet soup and the cream cheese box in the basket,FULL_HIT,0.998593,0.005160,0.002154,0.350917,12.058833,0.011478,0.005302,12.539888,0,0
0,38,43,put both the alphabet soup and the cream cheese box in the basket,FULL_HIT,0.998599,0.005487,0.002222,1.716569,10.771450,0.011668,0.005279,12.628729,0,0
0,38,44,put both the alphabet soup and the cream cheese box in the basket,FULL_HIT,0.998589,0.004966,0.002192,1.113179,10.871234,0.012131,0.004908,12.130278,0,0
0,38,45,put both the alphabet soup and the cream cheese box in the basket,FULL_HIT,0.998616,0.004394,0.001995,0.377811,12.991036,0.011700,0.004499,13.497382,0,0
0,38,46,put both the alphabet soup and the cream cheese box in the basket,FULL_HIT,0.998586,0.005454,0.005843,0.778916,11.600306,0.012884,0.006633,12.634142,0,0
0,38,47,put both the alphabet soup and the cream cheese box in the basket,FULL_HIT,0.998539,0.005415,0.002146,0.478270,11.302638,0.012247,0.004880,11.922411,0,0
0,38,48,put both the alphabet soup and the cream cheese box in the basket,FULL_HIT,0.998537,0.004875,0.001973,0.347072,10.464215,0.012169,0.005700,10.947835,0,0
0,38,49,put both the alphabet soup and the cream cheese box in the basket,FULL_HIT,0.998547,0.005504,0.002183,0.345562,11.715240,0.013835,0.006669,12.208238,0,0
0,38,50,put both the alphabet soup and the cream cheese box in the basket,FULL_HIT,0.998474,0.005386,0.002305,0.359765,10.199815,0.012450,0.005548,10.698532,0,0
0,38,51,put both the alphabet soup and the cream cheese box in the basket,FULL_HIT,0.998484,0.005037,0.002191,0.357490,11.591404,0.012605,0.004785,12.082875,0,0
0,38,52,put both the alphabet soup and the cream cheese box in the basket,FULL_HIT,0.998376,0.005529,0.002193,0.391423,12.610870,0.012913,0.006294,13.153608,0,0
0,38,53,put both the alphabet soup and the cream cheese box in the basket,FULL_HIT,0.998284,0.005312,0.002109,0.349676,11.351637,0.011413,0.005330,11.835341,0,0
0,38,54,put both the alphabet soup and the cream cheese box in the basket,FULL_HIT,0.998170,0.006272,0.002737,0.590799,11.114304,0.011321,0.005828,11.854813,0,0
0,39,0,put both the alphabet soup and the cream cheese box in the basket,FULL_HIT,0.998871,0.005303,0.002111,0.547103,12.824710,0.012549,0.006149,13.516249,0,0
0,39,1,put both the alphabet soup and the cream cheese box in the basket,FULL_HIT,0.998849,0.005413,0.002667,0.506904,11.337925,0.012479,0.005785,11.985570,0,0
0,39,2,put both the alphabet soup and the cream cheese box in the basket,FULL_HIT,0.998801,0.004947,0.002608,0.417602,10.112206,0.013380,0.005547,10.668623,0,0
0,39,3,put both the alphabet soup and the cream cheese box in the basket,FULL_HIT,0.998817,0.005266,0.002593,0.433634,13.225118,0.016508,0.010895,13.854815,0,0
0,39,4,put both the alphabet soup and the cream cheese box in the basket,FULL_HIT,0.998804,0.005034,0.002134,0.389017,12.029586,0.012596,0.005724,12.555438,0,0
0,39,5,put both the alphabet soup and the cream cheese box in the basket,FULL_HIT,0.998767,0.004575,0.002058,0.373265,10.692143,0.012769,0.005643,11.198472,0,0
0,39,6,put both the alphabet soup and the cream cheese box in the basket,FULL_HIT,0.998773,0.005110,0.001915,0.422779,10.570413,0.013428,0.006153,11.131780,0,0
0,39,7,put both the alphabet soup and the cream cheese box in the basket,FULL_HIT,0.998802,0.004810,0.001904,0.374825,10.434639,0.011580,0.005238,10.957996,0,0
0,39,8,put both the alphabet soup and the cream cheese box in the basket,FULL_HIT,0.998770,0.004789,0.001894,0.387023,12.293783,0.013818,0.006307,12.821408,0,0
0,39,9,put both the alphabet soup and the cream cheese box in the basket,FULL_HIT,0.998735,0.005115,0.002186,0.417219,13.240705,0.012184,0.005897,13.790292,0,0
0,39,10,put both the alphabet soup and the cream cheese box in the basket,FULL_HIT,0.998652,0.005258,0.002069,0.477170,11.187283,0.011144,0.005006,11.805857,0,0
0,39,11,put both the alphabet soup and the cream cheese box in the basket,FULL_HIT,0.998407,0.004671,0.001787,0.387644,13.050264,0.014071,0.006808,13.598407,0,0
0,39,12,put both the alphabet soup and the cream cheese box in the basket,FULL_HIT,0.998444,0.004892,0.001873,0.553890,17.452252,0.012030,0.005770,18.148431,0,0
0,39,13,put both the alphabet soup and the cream cheese box in the basket,FULL_HIT,0.998453,0.005549,0.002394,0.566134,13.603344,0.016068,0.006734,14.336625,0,0
0,39,14,put both the alphabet soup and the cream cheese box in the basket,FULL_HIT,0.998462,0.005806,0.002489,0.609966,15.508834,0.013046,0.049274,16.318189,0,0
0,39,15,put both the alphabet soup and the cream cheese box in the basket,FULL_HIT,0.998406,0.005530,0.002572,0.500460,12.082704,0.016266,0.007998,12.751749,0,0
0,39,16,put both the alphabet soup and the cream cheese box in the basket,FULL_HIT,0.998323,0.005257,0.002115,0.508288,12.156639,0.012164,0.006941,12.809448,0,0
0,39,17,put both the alphabet soup and the cream cheese box in the basket,FULL_HIT,0.998380,0.005341,0.002802,0.752980,13.441208,0.013108,0.005610,14.345371,0,0
0,39,18,put both the alphabet soup and the cream cheese box in the basket,FULL_HIT,0.998423,0.005215,0.002042,0.602542,13.824823,0.011028,0.005611,14.568426,0,0
0,39,19,put both the alphabet soup and the cream cheese box in the basket,FULL_HIT,0.998447,0.011063,0.004231,1.036012,12.097263,0.013853,0.005544,13.372651,0,0
0,39,20,put both the alphabet soup and the cream cheese box in the basket,FULL_HIT,0.998468,0.006639,0.002722,0.558055,11.028898,0.011630,0.006274,11.786133,0,0
0,39,21,put both the alphabet soup and the cream cheese box in the basket,FULL_HIT,0.998552,0.004870,0.001918,0.487596,11.797327,0.012351,0.005641,12.422805,0,0
0,39,22,put both the alphabet soup and the cream cheese box in the basket,FULL_HIT,0.998610,0.005690,0.002119,0.534914,13.732574,0.013992,0.006210,14.419557,0,0
0,39,23,put both the alphabet soup and the cream cheese box in the basket,FULL_HIT,0.998591,0.005384,0.002162,0.478276,10.676146,0.011796,0.010383,11.301561,0,0
0,39,24,put both the alphabet soup and the cream cheese box in the basket,FULL_HIT,0.998630,0.006727,0.002685,0.766382,12.142681,0.010990,0.005037,13.064121,0,0
0,39,25,put both the alphabet soup and the cream cheese box in the basket,FULL_HIT,0.998590,0.006505,0.002432,0.721440,15.192490,0.013616,0.006013,16.096946,0,0
0,39,26,put both the alphabet soup and the cream cheese box in the basket,FULL_HIT,0.998628,0.005980,0.002387,0.472124,10.981825,0.011895,0.004595,11.598269,0,0
0,39,27,put both the alphabet soup and the cream cheese box in the basket,FULL_HIT,0.998611,0.005428,0.002123,0.457165,11.696967,0.016061,0.006680,12.312048,0,0
0,39,28,put both the alphabet soup and the cream cheese box in the basket,FULL_HIT,0.998663,0.006224,0.002251,0.768341,14.799364,0.013188,0.006025,15.729291,0,0
0,39,29,put both the alphabet soup and the cream cheese box in the basket,FULL_HIT,0.998673,0.006640,0.003083,0.773957,12.833021,0.012950,0.006283,13.790681,0,0
0,39,30,put both the alphabet soup and the cream cheese box in the basket,FULL_HIT,0.998712,0.005361,0.002183,0.541521,13.182686,0.015665,0.013405,13.908950,0,0
0,39,31,put both the alphabet soup and the cream cheese box in the basket,FULL_HIT,0.998582,0.005160,0.002455,0.570226,14.414244,0.011043,0.005066,15.124112,0,0
0,39,32,put both the alphabet soup and the cream cheese box in the basket,FULL_HIT,0.998627,0.004543,0.001965,0.367958,12.706292,0.022996,0.006471,13.283670,0,0
0,39,33,put both the alphabet soup and the cream cheese box in the basket,FULL_HIT,0.998613,0.004886,0.002283,0.420984,10.289738,0.012116,0.005196,10.885809,0,0
0,39,34,put both the alphabet soup and the cream cheese box in the basket,FULL_HIT,0.998575,0.004683,0.002048,0.589109,10.585299,0.010781,0.008875,11.306638,0,0
0,39,35,put both the alphabet soup and the cream cheese box in the basket,FULL_HIT,0.998456,0.005990,0.002111,0.397194,10.093015,0.016488,0.004507,10.628687,0,0
0,39,36,put both the alphabet soup and the cream cheese box in the basket,FULL_HIT,0.998359,0.005217,0.001975,0.478609,10.525460,0.012736,0.006104,11.147254,0,0
0,39,37,put both the alphabet soup and the cream cheese box in the basket,FULL_HIT,0.998259,0.004999,0.002126,0.386626,13.627118,0.040967,0.018103,14.294650,0,0
0,39,38,put both the alphabet soup and the cream cheese box in the basket,FULL_HIT,0.998120,0.005022,0.017230,0.397285,11.357154,0.011301,0.005078,11.904181,0,0
0,39,39,put both the alphabet soup and the cream cheese box in the basket,FULL_HIT,0.997709,0.006103,0.002270,0.518384,11.864108,0.012662,0.006062,12.532120,0,0
0,39,40,put both the alphabet soup and the cream cheese box in the basket,FULL_HIT,0.997354,0.005166,0.001886,0.380009,10.412854,0.011857,0.005209,10.929565,0,0
0,39,41,put both the alphabet soup and the cream cheese box in the basket,FULL_HIT,0.996699,0.005980,0.002499,0.725803,11.725523,0.013535,0.005032,12.611884,0,0
0,39,42,put both the alphabet soup and the cream cheese box in the basket,FULL_HIT,0.995618,0.005469,0.002143,0.387742,9.853062,0.023884,0.004346,10.389461,0,0
0,39,43,put both the alphabet soup and the cream cheese box in the basket,FULL_HIT,0.996173,0.005081,0.001858,0.422798,11.245759,0.011212,0.005222,11.806337,0,0
0,39,44,put both the alphabet soup and the cream cheese box in the basket,FULL_HIT,0.995190,0.006087,0.002384,0.766609,11.367897,0.013337,0.005071,12.297064,0,0
0,39,45,put both the alphabet soup and the cream cheese box in the basket,FULL_HIT,0.995928,0.004973,0.001933,0.316752,11.230625,0.014846,0.006777,11.699788,0,0
0,39,46,put both the alphabet soup and the cream cheese box in the basket,FULL_HIT,0.996128,0.005154,0.001839,0.459117,11.157775,0.012635,0.004428,11.751815,0,0
0,39,47,put both the alphabet soup and the cream cheese box in the basket,FULL_HIT,0.995110,0.006341,0.002679,0.407203,13.725220,0.013577,0.006262,14.317355,0,0
0,39,48,put both the alphabet soup and the cream cheese box in the basket,FULL_HIT,0.995775,0.005710,0.002035,0.656760,13.163096,0.016015,0.007607,13.995334,0,0
0,39,49,put both the alphabet soup and the cream cheese box in the basket,FULL_HIT,0.995459,0.005279,0.002198,0.502850,12.352314,0.012605,0.042360,13.029960,0,0
0,39,50,put both the alphabet soup and the cream cheese box in the basket,FULL_HIT,0.994872,0.005470,0.001945,0.367194,10.838077,0.012605,0.005363,11.342205,0,0
0,39,51,put both the alphabet soup and the cream cheese box in the basket,FULL_HIT,0.996396,0.006206,0.002318,0.577339,12.107222,0.013372,0.005251,12.833598,0,0
0,39,52,put both the alphabet soup and the cream cheese box in the basket,FULL_HIT,0.996060,0.005035,0.002197,0.462439,11.174526,0.012021,0.005375,11.773736,0,0
0,39,53,put both the alphabet soup and the cream cheese box in the basket,FULL_HIT,0.995737,0.005244,0.001946,0.441417,11.001235,0.015130,0.005797,11.592804,0,0
0,39,54,put both the alphabet soup and the cream cheese box in the basket,FULL_HIT,0.995819,0.005217,0.002395,0.390307,14.607518,0.012987,0.005643,15.141804,0,0
0,39,55,put both the alphabet soup and the cream cheese box in the basket,FULL_HIT,0.993372,0.005048,0.002146,0.506700,11.377987,0.012068,0.005230,12.023350,0,0
0,40,0,put both moka pots on the stove,FULL_HIT,0.998838,0.005367,0.002266,0.381898,21.567135,0.012472,0.005406,22.083002,0,0
0,40,1,put both moka pots on the stove,FULL_HIT,0.998678,0.005401,0.001887,0.783112,20.394636,0.012832,0.005484,21.327691,0,0
0,40,2,put both moka pots on the stove,FULL_HIT,0.998591,0.005289,0.002207,0.361572,16.443914,0.015400,0.006522,16.966952,0,0
0,40,3,put both moka pots on the stove,FULL_HIT,0.998590,0.005602,0.002150,0.490331,18.320195,0.016118,0.006763,18.970195,0,0
0,40,4,put both moka pots on the stove,FULL_HIT,0.998578,0.005594,0.002349,0.504648,15.621865,0.012780,0.005529,16.265366,0,0
0,40,5,put both moka pots on the stove,FULL_HIT,0.998549,0.068107,0.035845,0.845341,19.429251,0.012479,0.005797,20.600636,0,0
0,40,6,put both moka pots on the stove,FULL_HIT,0.998555,0.005096,0.002024,0.477419,15.471831,0.017751,0.007512,16.118114,0,0
0,40,7,put both moka pots on the stove,FULL_HIT,0.998577,0.005554,0.002261,0.367664,15.654136,0.015183,0.006425,16.171753,0,0
0,40,8,put both moka pots on the stove,FULL_HIT,0.998586,0.005250,0.002225,0.368733,18.297628,0.012726,0.006695,18.808494,0,0
0,40,9,put both moka pots on the stove,FULL_HIT,0.998575,0.005330,0.002459,0.456014,17.888979,0.014584,0.006267,18.576577,0,0
0,40,10,put both moka pots on the stove,FULL_HIT,0.998568,0.004997,0.002127,0.424597,15.992727,0.014634,0.007198,16.575666,0,0
0,40,11,put both moka pots on the stove,FULL_HIT,0.998635,0.004900,0.002244,0.507204,20.384105,0.014170,0.007506,21.043092,0,0
0,40,12,put both moka pots on the stove,FULL_HIT,0.998711,0.004511,0.004935,0.384223,15.650295,0.012965,0.006182,16.177955,0,0
0,40,13,put both moka pots on the stove,FULL_HIT,0.998721,0.006547,0.002263,0.416043,16.524475,0.014509,0.005887,17.095701,0,0
0,40,14,put both moka pots on the stove,FULL_HIT,0.998694,0.005611,0.002152,0.510558,15.285565,0.014267,0.006193,15.949988,0,0
0,40,15,put both moka pots on the stove,FULL_HIT,0.998640,0.005327,0.001924,0.540925,15.777842,0.013354,0.005013,16.474863,0,0
0,40,16,put both moka pots on the stove,FULL_HIT,0.998658,0.005153,0.002221,0.512333,16.744238,0.012398,0.005674,17.398615,0,0
0,40,17,put both moka pots on the stove,FULL_HIT,0.998626,0.005654,0.002403,0.406572,16.756332,0.012867,0.006488,17.303589,0,0
0,40,18,put both moka pots on the stove,FULL_HIT,0.998626,0.005289,0.002110,0.414462,15.797161,0.013867,0.011031,16.367975,0,0
0,40,19,put both moka pots on the stove,FULL_HIT,0.998600,0.005539,0.002219,0.501352,19.414503,0.015098,0.006232,20.069635,0,0
0,40,20,put both moka pots on the stove,FULL_HIT,0.998547,0.004859,0.001966,0.351434,14.847318,0.012154,0.005040,15.332177,0,0
0,40,21,put both moka pots on the stove,FULL_HIT,0.998513,0.005645,0.001923,0.449195,14.374887,0.012222,0.004712,14.959473,0,0
0,40,22,put both moka pots on the stove,FULL_HIT,0.998187,0.006016,0.002038,0.416590,17.677471,0.017757,0.006004,18.257683,0,0
0,40,23,put both moka pots on the stove,FULL_HIT,0.997758,0.005356,0.001982,0.378738,18.670846,0.013023,0.006154,19.188737,0,0
0,40,24,put both moka pots on the stove,FULL_HIT,0.998277,0.006387,0.002275,0.439123,16.944750,0.011763,0.005055,17.539885,0,0
0,40,25,put both moka pots on the stove,FULL_HIT,0.998316,0.005914,0.001960,0.341580,19.961359,0.013934,0.006236,20.444905,0,0
0,40,26,put both moka pots on the stove,FULL_HIT,0.998301,0.008773,0.002747,0.691089,21.344386,0.013632,0.004928,22.210463,0,0
0,40,27,put both moka pots on the stove,FULL_HIT,0.998203,0.005339,0.001988,0.535574,17.233554,0.012380,0.004838,17.902801,0,0
0,40,28,put both moka pots on the stove,FULL_HIT,0.998265,0.005622,0.002025,0.564164,19.165480,0.011620,0.005215,19.871378,0,0
0,40,29,put both moka pots on the stove,FULL_HIT,0.998231,0.005235,0.002195,3.461222,18.533982,0.012190,0.005428,22.149231,0,0
0,40,30,put both moka pots on the stove,FULL_HIT,0.998220,0.005443,0.001894,0.503585,15.188816,0.012520,0.006053,15.837715,0,0
0,40,31,put both moka pots on the stove,FULL_HIT,0.998234,0.005608,0.001949,0.452529,15.533435,0.013716,0.006254,16.163538,0,0
0,40,32,put both moka pots on the stove,FULL_HIT,0.998239,0.005616,0.002567,0.460130,14.749801,0.013550,0.004944,15.356048,0,0
0,40,33,put both moka pots on the stove,FULL_HIT,0.998238,0.005385,0.002321,0.349175,17.316108,0.011132,0.005344,17.795431,0,0
0,40,34,put both moka pots on the stove,FULL_HIT,0.998254,0.005028,0.002063,0.344065,14.608812,0.011408,0.004480,15.079879,0,0
0,40,35,put both moka pots on the stove,FULL_HIT,0.998181,0.004868,0.002146,0.479024,15.194451,0.012021,0.005231,15.801959,0,0
0,40,36,put both moka pots on the stove,FULL_HIT,0.998211,0.006152,0.002263,0.543932,14.712832,0.011969,0.005051,15.402778,0,0
0,40,37,put both moka pots on the stove,FULL_HIT,0.998192,0.005306,0.002123,0.417409,15.401768,0.012459,0.005346,15.954262,0,0
0,40,38,put both moka pots on the stove,FULL_HIT,0.998170,0.005642,0.002157,0.474260,15.933522,0.011386,0.005515,16.547492,0,0
0,40,39,put both moka pots on the stove,FULL_HIT,0.998243,0.005248,0.003105,4.475513,24.390775,0.012387,0.006016,29.025436,0,0
0,40,40,put both moka pots on the stove,FULL_HIT,0.998291,0.005389,0.002229,0.394227,22.165571,0.013847,0.006110,22.700358,0,0
0,40,41,put both moka pots on the stove,FULL_HIT,0.998254,0.006602,0.004095,0.655642,17.502976,0.016158,0.005707,18.329038,0,0
0,40,42,put both moka pots on the stove,FULL_HIT,0.998251,0.004651,0.001975,0.424580,18.815035,0.013112,0.006163,19.374500,0,0
0,40,43,put both moka pots on the stove,FULL_HIT,0.998329,0.005229,0.002422,0.499109,22.390601,0.011999,0.006939,23.055715,0,0
0,40,44,put both moka pots on the stove,FULL_HIT,0.998417,0.005022,0.002224,0.636664,22.371175,0.015208,0.006528,23.166913,0,0
0,40,45,put both moka pots on the stove,FULL_HIT,0.998431,0.005894,0.002373,0.598479,24.552729,0.034058,0.007037,25.338381,0,0
0,40,46,put both moka pots on the stove,FULL_HIT,0.998428,0.006135,0.001850,0.668898,18.038493,0.013123,0.006153,18.861120,0,0
0,40,47,put both moka pots on the stove,FULL_HIT,0.998381,0.006105,0.002130,0.492325,15.731855,0.012729,0.005355,16.366582,0,0
0,40,48,put both moka pots on the stove,FULL_HIT,0.998437,0.006968,0.002573,0.791189,20.955290,0.016753,0.007009,21.926319,0,0
0,40,49,put both moka pots on the stove,FULL_HIT,0.998415,0.005426,0.002137,0.537793,17.076611,0.013251,0.005981,17.762599,0,0
0,40,50,put both moka pots on the stove,FULL_HIT,0.998351,0.005467,0.001741,0.475348,15.304726,0.011976,0.005563,15.919213,0,0
0,40,51,put both moka pots on the stove,FULL_HIT,0.998370,0.006315,0.003008,0.716331,17.944858,0.013039,0.005215,18.817759,0,0
0,40,52,put both moka pots on the stove,FULL_HIT,0.998403,0.005702,0.001994,0.446724,19.578752,0.014579,0.007870,20.181600,0,0
0,40,53,put both moka pots on the stove,FULL_HIT,0.998491,0.005595,0.001976,0.621025,18.549453,0.012103,0.005770,19.319194,0,0
0,40,54,put both moka pots on the stove,FULL_HIT,0.998389,0.005717,0.002343,0.943622,19.540061,0.013560,0.005637,20.640003,0,0
0,40,55,put both moka pots on the stove,FULL_HIT,0.998325,0.005447,0.001966,0.489944,20.056790,0.012806,0.005198,20.686262,0,0
0,40,56,put both moka pots on the stove,FULL_HIT,0.998379,0.005420,0.002230,0.518287,19.085658,0.013734,0.005869,19.755568,0,0
0,40,57,put both moka pots on the stove,FULL_HIT,0.998355,0.004999,0.001786,0.460051,17.766876,0.015715,0.006169,18.378599,0,0
0,40,58,put both moka pots on the stove,FULL_HIT,0.998266,0.005065,0.002323,0.521135,16.414746,0.015907,0.006605,17.097911,0,0
0,40,59,put both moka pots on the stove,FULL_HIT,0.998096,0.005524,0.001995,0.774879,19.789471,0.021811,0.007248,20.767197,0,0
0,40,60,put both moka pots on the stove,FULL_HIT,0.997892,0.005765,0.002530,0.507943,15.714156,0.012867,0.005809,16.377677,0,0
0,40,61,put both moka pots on the stove,FULL_HIT,0.997519,0.007152,0.003420,0.731000,20.589668,0.012050,0.005473,21.483115,0,0
0,40,62,put both moka pots on the stove,FULL_HIT,0.997230,0.007411,0.002561,0.937801,16.006399,0.014254,0.005340,17.142934,0,0
0,40,63,put both moka pots on the stove,FULL_HIT,0.997168,0.005150,0.001901,0.477060,18.663782,0.016566,0.007151,19.305720,0,0
0,40,64,put both moka pots on the stove,FULL_HIT,0.997364,0.005136,0.001782,0.361629,16.903170,0.016016,0.006575,17.417282,0,0
0,40,65,put both moka pots on the stove,FULL_HIT,0.997932,0.004925,0.002173,0.403319,16.667452,0.012877,0.005370,17.207922,0,0
0,40,66,put both moka pots on the stove,FULL_HIT,0.997785,0.004817,0.002006,0.507309,16.091816,0.013027,0.005362,16.753034,0,0
0,40,67,put both moka pots on the stove,FULL_HIT,0.997638,0.004861,0.002655,0.523491,20.191946,0.012884,0.006272,20.897169,0,0
0,40,68,put both moka pots on the stove,FULL_HIT,0.997639,0.005245,0.002019,0.427997,15.504460,0.013293,0.005429,16.069780,0,0
0,40,69,put both moka pots on the stove,FULL_HIT,0.997680,0.005092,0.001913,0.398409,16.446137,0.011600,0.005246,16.984556,0,0
0,40,70,put both moka pots on the stove,FULL_HIT,0.997610,0.004978,0.002137,0.456966,17.885723,0.012115,0.004808,18.477483,0,0
0,40,71,put both moka pots on the stove,FULL_HIT,0.997637,0.005710,0.002299,0.569894,17.602180,0.012062,0.005189,18.315192,0,0
0,40,72,put both moka pots on the stove,FULL_HIT,0.997591,0.005215,0.002185,0.416024,16.356621,0.013240,0.006457,16.921171,0,0
0,40,73,put both moka pots on the stove,FULL_HIT,0.998046,0.005502,0.002377,1.360830,18.130289,0.011999,0.005426,19.644750,0,0
0,40,74,put both moka pots on the stove,FULL_HIT,0.997988,0.005011,0.002037,0.413522,18.535778,0.014689,0.006647,19.101458,0,0
0,41,0,put both moka pots on the stove,FULL_HIT,0.998857,0.005368,0.002219,0.390533,18.228732,0.012296,0.006214,18.783292,0,0
0,41,1,put both moka pots on the stove,FULL_HIT,0.998779,0.006120,0.002657,0.633658,19.824880,0.011253,0.006140,20.621816,0,0
0,41,2,put both moka pots on the stove,FULL_HIT,0.998680,0.004673,0.002423,0.590694,17.752284,0.015590,0.007796,18.502862,0,0
0,41,3,put both moka pots on the stove,FULL_HIT,0.998701,0.005063,0.002345,0.332136,14.793531,0.013367,0.005734,15.264005,0,0
0,41,4,put both moka pots on the stove,FULL_HIT,0.998705,0.006315,0.002740,0.682268,21.970557,0.011957,0.004594,22.810841,0,0
0,41,5,put both moka pots on the stove,FULL_HIT,0.998671,0.007042,0.002583,0.516888,22.478326,0.012218,0.005432,23.159024,0,0
0,41,6,put both moka pots on the stove,FULL_HIT,0.998683,0.005442,0.002011,0.563188,17.984135,0.016243,0.007758,18.714264,0,0
0,41,7,put both moka pots on the stove,FULL_HIT,0.998727,0.005380,0.002014,0.415202,19.359645,0.013908,0.007067,19.923238,0,0
0,41,8,put both moka pots on the stove,FULL_HIT,0.998726,0.005285,0.002261,0.608641,22.012609,0.014231,0.006521,22.778239,0,0
0,41,9,put both moka pots on the stove,FULL_HIT,0.998707,0.005636,0.001811,0.501763,18.257494,0.011782,0.005665,18.899921,0,0
0,41,10,put both moka pots on the stove,FULL_HIT,0.998697,0.004960,0.002109,0.426065,19.249831,0.013855,0.005919,19.819280,0,0
0,41,11,put both moka pots on the stove,FULL_HIT,0.998715,0.005253,0.002240,0.774828,17.857916,0.012439,0.004871,18.802560,0,0
0,41,12,put both moka pots on the stove,FULL_HIT,0.998728,0.008464,0.002273,0.725187,18.178261,0.015141,0.006237,19.080482,0,0
0,41,13,put both moka pots on the stove,FULL_HIT,0.998711,0.005307,0.002119,0.776496,21.517566,0.012234,0.005273,22.440835,0,0
0,41,14,put both moka pots on the stove,FULL_HIT,0.998658,0.005013,0.002097,0.409074,20.980257,0.014571,0.006814,21.544822,0,0
0,41,15,put both moka pots on the stove,FULL_HIT,0.998580,0.004795,0.001844,0.618734,18.098651,0.012306,0.005822,18.858941,0,0
0,41,16,put both moka pots on the stove,FULL_HIT,0.998701,0.005834,0.002076,0.623250,19.551279,0.012930,0.006121,20.325496,0,0
0,41,17,put both moka pots on the stove,FULL_HIT,0.998654,0.005259,0.002521,0.423919,15.435069,0.013113,0.007852,16.004865,0,0
0,41,18,put both moka pots on the stove,FULL_HIT,0.998628,0.009917,0.004511,0.685829,20.097386,0.019136,0.007084,21.046562,0,0
0,41,19,put both moka pots on the stove,FULL_HIT,0.998651,0.005087,0.002147,0.377646,16.065458,0.013017,0.018252,16.598393,0,0
0,41,20,put both moka pots on the stove,FULL_HIT,0.998682,0.006193,0.002399,0.677606,22.975986,0.015687,0.005417,23.817053,0,0
0,41,21,put both moka pots on the stove,FULL_HIT,0.998732,0.005470,0.002138,0.598241,18.949570,0.012310,0.005797,19.689608,0,0
0,41,22,put both moka pots on the stove,FULL_HIT,0.998109,0.005208,0.002012,0.522210,15.760473,0.012873,0.006614,16.439996,0,0
0,41,23,put both moka pots on the stove,FULL_HIT,0.997207,0.006156,0.002225,0.544623,18.917125,0.013017,0.006038,19.610320,0,0
0,41,24,put both moka pots on the stove,FULL_HIT,0.997520,0.006736,0.001898,0.592928,17.749915,0.012795,0.005422,18.490333,0,0
0,41,25,put both moka pots on the stove,FULL_HIT,0.997612,0.005263,0.002251,0.622424,16.421408,0.012948,0.005403,17.182285,0,0
0,41,26,put both moka pots on the stove,FULL_HIT,0.997545,0.005407,0.002057,0.404521,16.473439,0.012420,0.005368,17.017356,0,0
0,41,27,put both moka pots on the stove,FULL_HIT,0.997716,0.005564,0.002157,0.389498,15.524396,0.013469,0.005941,16.054277,0,0
0,41,28,put both moka pots on the stove,FULL_HIT,0.997708,0.005452,0.002124,0.435405,16.740649,0.012708,0.006018,17.316472,0,0
0,41,29,put both moka pots on the stove,FULL_HIT,0.997641,0.005653,0.002170,0.732547,16.169324,0.013036,0.005201,17.061478,0,0
0,41,30,put both moka pots on the stove,FULL_HIT,0.997727,0.005816,0.002603,0.377342,17.758461,0.015895,0.006451,18.287217,0,0
0,41,31,put both moka pots on the stove,FULL_HIT,0.997604,0.006146,0.003608,0.979131,22.192205,0.016311,0.007253,23.368832,0,0
0,41,32,put both moka pots on the stove,FULL_HIT,0.997677,0.006538,0.002662,0.566699,19.162606,0.012551,0.005791,19.881573,0,0
0,41,33,put both moka pots on the stove,FULL_HIT,0.997639,0.006093,0.002294,0.659002,18.994547,0.012640,0.005303,19.802891,0,0
0,41,34,put both moka pots on the stove,FULL_HIT,0.997613,0.005392,0.002328,0.762728,20.788849,0.013066,0.005645,21.751981,0,0
0,41,35,put both moka pots on the stove,FULL_HIT,0.997591,0.005982,0.002311,0.571769,17.427623,0.013364,0.005890,18.147999,0,0
0,41,36,put both moka pots on the stove,FULL_HIT,0.997736,0.005701,0.002756,0.638881,20.684495,0.013052,0.005732,21.477921,0,0
0,41,37,put both moka pots on the stove,FULL_HIT,0.997781,0.007879,0.003329,0.888388,18.481026,0.012159,0.005538,19.540671,0,0
0,41,38,put both moka pots on the stove,FULL_HIT,0.998102,0.005876,0.002288,0.396564,18.450378,0.014076,0.005652,18.997632,0,0
0,41,39,put both moka pots on the stove,FULL_HIT,0.998442,0.005002,0.002214,0.467663,20.928185,0.011676,0.005630,21.533654,0,0
0,41,40,put both moka pots on the stove,FULL_HIT,0.998545,0.005668,0.002394,0.551626,22.159177,0.013245,0.007201,22.881850,0,0
0,41,41,put both moka pots on the stove,FULL_HIT,0.998610,0.006342,0.002351,0.617240,18.770654,0.012979,0.006010,19.546563,0,0
0,41,42,put both moka pots on the stove,FULL_HIT,0.998661,0.005977,0.002425,0.452484,16.302414,0.012170,0.005036,16.900368,0,0
0,41,43,put both moka pots on the stove,FULL_HIT,0.998646,0.005302,0.002573,0.682059,18.337100,0.013285,0.006966,19.201199,0,0
0,41,44,put both moka pots on the stove,FULL_HIT,0.998642,0.005215,0.002288,0.373212,15.228687,0.012356,0.006524,15.738273,0,0
0,41,45,put both moka pots on the stove,FULL_HIT,0.998667,0.005182,0.001970,0.569530,18.766082,0.012718,0.005609,19.482031,0,0
0,41,46,put both moka pots on the stove,FULL_HIT,0.998689,0.005746,0.002440,0.783719,19.909211,0.012390,0.005963,20.852312,0,0
0,41,47,put both moka pots on the stove,FULL_HIT,0.998706,0.005317,0.002250,0.513892,19.116250,0.011560,0.005551,19.774586,0,0
0,41,48,put both moka pots on the stove,FULL_HIT,0.998725,0.007822,0.003125,0.737143,18.063964,0.013934,0.007722,19.007350,0,0
0,41,49,put both moka pots on the stove,FULL_HIT,0.998704,0.005023,0.001910,0.549505,20.589612,0.013597,0.005520,21.282641,0,0
0,41,50,put both moka pots on the stove,FULL_HIT,0.998691,0.005514,0.001946,0.509999,15.736511,0.012392,0.007189,16.389987,0,0
0,41,51,put both moka pots on the stove,FULL_HIT,0.998666,0.005283,0.002051,0.499318,17.028092,0.013011,0.005779,17.669317,0,0
0,41,52,put both moka pots on the stove,FULL_HIT,0.998642,0.005223,0.001987,0.543202,16.208390,0.020444,0.007262,16.990261,0,0
0,41,53,put both moka pots on the stove,FULL_HIT,0.998624,0.005648,0.002108,0.386300,17.870710,0.012149,0.005392,18.398302,0,0
0,41,54,put both moka pots on the stove,FULL_HIT,0.998553,0.006515,0.002481,0.494120,16.280894,0.012629,0.006093,16.920028,0,0
0,41,55,put both moka pots on the stove,FULL_HIT,0.998456,0.005789,0.002320,0.495256,15.368558,0.012206,0.005877,16.011721,0,0
0,41,56,put both moka pots on the stove,FULL_HIT,0.998411,0.005224,0.002282,0.425405,16.310467,0.012276,0.004793,16.876701,0,0
0,41,57,put both moka pots on the stove,FULL_HIT,0.998319,0.006588,0.002457,0.525713,19.062771,0.015719,0.005428,19.754262,0,0
0,41,58,put both moka pots on the stove,FULL_HIT,0.998189,0.004817,0.002045,0.489991,19.665782,0.017791,0.008010,20.325850,0,0
0,41,59,put both moka pots on the stove,FULL_HIT,0.997321,0.005151,0.002479,0.416394,20.089489,0.014989,0.007481,20.669254,0,0
0,41,60,put both moka pots on the stove,FULL_HIT,0.997538,0.006183,0.002292,0.501042,17.327331,0.013015,0.005898,17.983068,0,0
0,41,61,put both moka pots on the stove,FULL_HIT,0.997919,0.004773,0.001988,0.539266,17.295953,0.013838,0.007224,17.979667,0,0
0,41,62,put both moka pots on the stove,FULL_HIT,0.997960,0.005285,0.002124,0.576633,20.124815,0.014126,0.006174,20.854833,0,0
0,41,63,put both moka pots on the stove,FULL_HIT,0.998128,0.005308,0.002218,0.581076,16.891049,0.014712,0.007637,17.633549,0,0
0,41,64,put both moka pots on the stove,FULL_HIT,0.998008,0.004991,0.001941,0.561105,32.818454,0.017221,0.008312,33.591276,0,0
0,41,65,put both moka pots on the stove,FULL_HIT,0.998088,0.005351,0.002994,0.666459,20.011313,0.016280,0.006720,20.872086,0,0
0,41,66,put both moka pots on the stove,FULL_HIT,0.998135,0.004986,0.002226,0.518963,21.879647,0.015266,0.006515,22.558518,0,0
0,41,67,put both moka pots on the stove,FULL_HIT,0.998035,0.006276,0.002005,0.610109,22.227561,0.013645,0.005744,22.998130,0,0
0,41,68,put both moka pots on the stove,FULL_HIT,0.998013,0.004898,0.002161,1.467740,20.179973,0.012058,0.004826,21.822437,0,0
0,41,69,put both moka pots on the stove,FULL_HIT,0.997701,0.005354,0.020815,0.510016,19.285940,0.015566,0.006898,19.972256,0,0
0,41,70,put both moka pots on the stove,FULL_HIT,0.998331,0.005577,0.002008,0.471012,17.654165,0.015201,0.007071,18.284629,0,0
0,41,71,put both moka pots on the stove,FULL_HIT,0.998355,0.005957,0.002515,0.527067,18.168234,0.014925,0.005643,18.864555,0,0
0,41,72,put both moka pots on the stove,FULL_HIT,0.998361,0.005319,0.002288,0.782054,17.727661,0.012393,0.004240,18.653233,0,0
0,41,73,put both moka pots on the stove,FULL_HIT,0.998363,0.005261,0.001669,0.423217,19.703716,0.013393,0.005320,20.284887,0,0
0,41,74,put both moka pots on the stove,FULL_HIT,0.998346,0.004581,0.001983,0.416744,18.724028,0.012736,0.005724,19.279357,0,0
0,42,0,put both moka pots on the stove,FULL_HIT,0.998865,0.005185,0.002038,0.675416,19.423283,0.011513,0.005370,20.237682,0,0
0,42,1,put both moka pots on the stove,FULL_HIT,0.998840,0.005663,0.002243,0.546193,17.071208,0.012910,0.006441,17.765305,0,0
0,42,2,put both moka pots on the stove,FULL_HIT,0.998827,0.005186,0.002142,0.466251,18.570525,0.019183,0.007707,19.230923,0,0
0,42,3,put both moka pots on the stove,FULL_HIT,0.998806,0.005043,0.002018,0.497417,17.657527,0.015668,0.007919,18.310287,0,0
0,42,4,put both moka pots on the stove,FULL_HIT,0.998789,0.005690,0.002000,0.429533,15.950706,0.012499,0.005116,16.520889,0,0
0,42,5,put both moka pots on the stove,FULL_HIT,0.998775,0.005085,0.002430,0.562467,17.272379,0.011660,0.006482,17.971497,0,0
0,42,6,put both moka pots on the stove,FULL_HIT,0.998753,0.006143,0.002461,0.545026,19.229679,0.012120,0.004665,19.924239,0,0
0,42,7,put both moka pots on the stove,FULL_HIT,0.998748,0.006292,0.002636,0.719901,18.559996,0.017226,0.059929,19.535510,0,0
0,42,8,put both moka pots on the stove,FULL_HIT,0.998755,0.006049,0.002282,0.618059,21.804881,0.014533,0.007251,22.585607,0,0
0,42,9,put both moka pots on the stove,FULL_HIT,0.998746,0.006107,0.002290,0.563540,21.154518,0.015226,0.007539,21.882150,0,0
0,42,10,put both moka pots on the stove,FULL_HIT,0.998773,0.005747,0.002259,0.382905,16.256856,0.011657,0.005714,16.778461,0,0
0,42,11,put both moka pots on the stove,FULL_HIT,0.998783,0.005917,0.002244,0.562069,17.500384,0.012983,0.005487,18.203683,0,0
0,42,12,put both moka pots on the stove,FULL_HIT,0.998805,0.006442,0.002517,0.580697,16.293418,0.013499,0.006230,17.028604,0,0
0,42,13,put both moka pots on the stove,FULL_HIT,0.998783,0.005178,0.001946,0.441914,20.251614,0.012208,0.005249,20.826845,0,0
0,42,14,put both moka pots on the stove,FULL_HIT,0.998741,0.005148,0.002196,0.501575,18.903061,0.011793,0.005283,19.540749,0,0
0,42,15,put both moka pots on the stove,FULL_HIT,0.998726,0.005691,0.002383,0.527983,16.265101,0.016330,0.009012,16.954025,0,0
0,42,16,put both moka pots on the stove,FULL_HIT,0.998706,0.005689,0.002034,0.361034,14.843450,0.011921,0.004982,15.338571,0,0
0,42,17,put both moka pots on the stove,FULL_HIT,0.998690,0.007202,0.002191,0.488019,17.064864,0.011980,0.005068,17.702712,0,0
0,42,18,put both moka pots on the stove,FULL_HIT,0.998681,0.005719,0.002489,0.397102,15.584295,0.013605,0.005466,16.130530,0,0
0,42,19,put both moka pots on the stove,FULL_HIT,0.998670,0.005827,0.002383,0.599484,17.404454,0.012334,0.005354,18.162677,0,0
0,42,20,put both moka pots on the stove,FULL_HIT,0.998570,0.005006,0.002218,0.439866,19.398472,0.014022,0.006069,19.987537,0,0
0,42,21,put both moka pots on the stove,FULL_HIT,0.998498,0.005749,0.002608,0.469660,16.311756,0.013126,0.005241,16.924191,0,0
0,42,22,put both moka pots on the stove,FULL_HIT,0.998421,0.004411,0.002163,0.443032,14.792846,0.011959,0.005604,15.364445,0,0
0,42,23,put both moka pots on the stove,FULL_HIT,0.998450,0.004782,0.001990,0.647428,19.429666,0.013354,0.005572,20.226261,0,0
0,42,24,put both moka pots on the stove,FULL_HIT,0.998498,0.005425,0.002206,0.776796,19.493570,0.014585,0.005628,20.427005,0,0
0,42,25,put both moka pots on the stove,FULL_HIT,0.998459,0.005825,0.002277,0.826105,18.055862,0.012027,0.005656,19.034468,0,0
0,42,26,put both moka pots on the stove,FULL_HIT,0.998412,0.005573,0.002024,0.487744,18.699974,0.013370,0.005929,19.342125,0,0
0,42,27,put both moka pots on the stove,FULL_HIT,0.998398,0.005314,0.001841,0.426756,16.129665,0.016984,0.005402,16.712989,0,0
0,42,28,put both moka pots on the stove,FULL_HIT,0.998375,0.005260,0.001915,0.322354,14.574332,0.013075,0.004922,15.025044,0,0
0,42,29,put both moka pots on the stove,FULL_HIT,0.998378,0.005316,0.002112,0.450819,16.256715,0.013373,0.005037,16.843057,0,0
0,42,30,put both moka pots on the stove,FULL_HIT,0.997532,0.005534,0.001941,0.454150,15.198783,0.011932,0.005409,15.783772,0,0
0,42,31,put both moka pots on the stove,FULL_HIT,0.995847,0.005334,0.001770,0.312904,14.874960,0.012998,0.005403,15.317650,0,0
0,42,32,put both moka pots on the stove,FULL_HIT,0.997288,0.005266,0.002376,0.382034,14.148351,0.012294,0.005226,14.661701,0,0
0,42,33,put both moka pots on the stove,FULL_HIT,0.998023,0.005796,0.002014,0.328376,17.352862,0.013413,0.006251,17.833117,0,0
0,42,34,put both moka pots on the stove,FULL_HIT,0.998125,0.004687,0.001947,0.338287,14.947579,0.011523,0.005383,15.412154,0,0
0,42,35,put both moka pots on the stove,FULL_HIT,0.998176,0.005686,0.002076,0.326886,15.924268,0.014432,0.005806,16.391125,0,0
0,42,36,put both moka pots on the stove,FULL_HIT,0.998169,0.005453,0.002178,0.448305,19.353583,0.012191,0.005218,19.939148,0,0
0,42,37,put both moka pots on the stove,FULL_HIT,0.998182,0.005980,0.002940,0.419359,17.848184,0.011859,0.006101,18.417162,0,0
0,42,38,put both moka pots on the stove,FULL_HIT,0.998162,0.005156,0.001929,0.335722,16.210387,0.013848,0.006055,16.679841,0,0
0,42,39,put both moka pots on the stove,FULL_HIT,0.998148,0.005676,0.002153,0.458081,15.353827,0.012562,0.005157,15.951437,0,0
0,42,40,put both moka pots on the stove,FULL_HIT,0.998081,0.004668,0.002092,0.379041,14.776482,0.012176,0.005692,15.291946,0,0
0,42,41,put both moka pots on the stove,FULL_HIT,0.998060,0.005070,0.002196,0.460170,15.304458,0.013662,0.006153,15.904026,0,0
0,42,42,put both moka pots on the stove,FULL_HIT,0.998219,0.004808,0.001933,0.382512,19.125400,0.013136,0.006436,19.645200,0,0
0,42,43,put both moka pots on the stove,FULL_HIT,0.997971,0.005369,0.002099,0.684287,15.382987,0.012652,0.005244,16.216722,0,0
0,42,44,put both moka pots on the stove,FULL_HIT,0.997908,0.005073,0.002079,0.396427,15.520942,0.012195,0.005044,16.051978,0,0
0,42,45,put both moka pots on the stove,FULL_HIT,0.997420,0.005046,0.001987,0.351954,16.157685,0.011426,0.005012,16.638417,0,0
0,42,46,put both moka pots on the stove,FULL_HIT,0.998278,0.004888,0.002409,0.667527,15.564038,0.013372,0.005620,16.382764,0,0
0,42,47,put both moka pots on the stove,FULL_HIT,0.998197,0.006012,0.002136,0.376441,15.986263,0.012497,0.005336,16.513097,0,0
0,42,48,put both moka pots on the stove,FULL_HIT,0.998209,0.005949,0.002121,0.413915,15.855638,0.011068,0.004562,16.411849,0,0
0,42,49,put both moka pots on the stove,FULL_HIT,0.998189,0.008017,0.002282,0.426645,17.916695,0.014844,0.006332,18.498532,0,0
0,42,50,put both moka pots on the stove,FULL_HIT,0.998065,0.005109,0.002256,0.390347,21.322369,0.011689,0.005395,21.848156,0,0
0,42,51,put both moka pots on the stove,FULL_HIT,0.998026,0.007724,0.002856,0.577098,18.621746,0.012855,0.004920,19.358221,0,0
0,42,52,put both moka pots on the stove,FULL_HIT,0.997863,0.005757,0.002033,0.653427,19.135628,0.012191,0.005632,19.941724,0,0
0,42,53,put both moka pots on the stove,FULL_HIT,0.997652,0.005812,0.002072,0.481833,16.776155,0.012555,0.005137,17.405419,0,0
0,42,54,put both moka pots on the stove,FULL_HIT,0.997591,0.005912,0.002878,0.552690,19.549962,0.013703,0.006176,20.268998,0,0
0,42,55,put both moka pots on the stove,FULL_HIT,0.997657,0.006372,0.002742,0.541128,26.672958,0.020810,0.009596,27.417131,0,0
0,42,56,put both moka pots on the stove,FULL_HIT,0.997728,0.006556,0.002527,0.946539,25.313338,0.017035,0.006754,26.487377,0,0
0,42,57,put both moka pots on the stove,FULL_HIT,0.997786,0.005416,0.002322,0.503526,17.746385,0.015781,0.006367,18.401917,0,0
0,42,58,put both moka pots on the stove,FULL_HIT,0.998246,0.006008,0.002094,0.447381,17.325974,0.013095,0.005686,17.912798,0,0
0,42,59,put both moka pots on the stove,FULL_HIT,0.998404,0.005482,0.002450,0.469629,15.299018,0.012588,0.005412,15.908106,0,0
0,42,60,put both moka pots on the stove,FULL_HIT,0.998315,0.005453,0.002054,0.343250,13.868170,0.013650,0.004880,14.360542,0,0
0,42,61,put both moka pots on the stove,FULL_HIT,0.998139,0.004775,0.001851,0.433219,14.598208,0.011305,0.005959,15.168124,0,0
0,42,62,put both moka pots on the stove,FULL_HIT,0.997897,0.004954,0.002345,0.345286,16.407526,0.012972,0.005745,16.888841,0,0
0,42,63,put both moka pots on the stove,FULL_HIT,0.997858,0.004925,0.002024,0.347039,16.534272,0.012365,0.004814,17.013444,0,0
0,42,64,put both moka pots on the stove,FULL_HIT,0.997772,0.007061,0.003006,0.665748,15.496799,0.011725,0.005282,16.323034,0,0
0,42,65,put both moka pots on the stove,FULL_HIT,0.997402,0.005252,0.002007,0.946913,16.383028,0.013982,0.005773,17.503123,0,0
0,42,66,put both moka pots on the stove,FULL_HIT,0.995652,0.004860,0.002018,0.393372,20.564579,0.012200,0.004938,21.091230,0,0
0,42,67,put both moka pots on the stove,FULL_HIT,0.995068,0.005581,0.002293,0.493252,15.464690,0.012484,0.005653,16.104466,0,0
0,42,68,put both moka pots on the stove,FULL_HIT,0.995880,0.005230,0.002417,0.512457,15.146561,0.012504,0.006076,15.810085,0,0
0,42,69,put both moka pots on the stove,FULL_HIT,0.995792,0.005223,0.001797,0.357135,18.825754,0.011433,0.005347,19.316157,0,0
0,42,70,put both moka pots on the stove,FULL_HIT,0.995958,0.004705,0.002336,0.472935,18.536393,0.012544,0.005784,19.147219,0,0
0,42,71,put both moka pots on the stove,FULL_HIT,0.996024,0.005110,0.002056,0.502122,19.724693,0.013802,0.005588,20.376127,0,0
0,42,72,put both moka pots on the stove,FULL_HIT,0.995882,0.005578,0.002176,0.586075,17.295534,0.013012,0.005847,18.032291,0,0
0,42,73,put both moka pots on the stove,FULL_HIT,0.995457,0.005088,0.002049,0.443225,18.316230,0.013306,0.006057,18.900493,0,0
0,42,74,put both moka pots on the stove,FULL_HIT,0.995117,0.006430,0.002465,2.516266,18.672949,0.012407,0.005807,21.349833,0,0
0,42,75,put both moka pots on the stove,FULL_HIT,0.995370,0.004997,0.002024,0.391714,17.002477,0.012773,0.005971,17.533425,0,0
0,42,76,put both moka pots on the stove,FULL_HIT,0.995558,0.006082,0.003133,0.523213,18.759148,0.013708,0.006287,19.438728,0,0
0,42,77,put both moka pots on the stove,FULL_HIT,0.994891,0.005340,0.002364,0.494586,18.351844,0.012402,0.005587,18.985444,0,0
0,42,78,put both moka pots on the stove,FULL_HIT,0.993829,0.004730,0.001735,0.384846,14.961633,0.012237,0.007571,15.542697,0,0
0,42,79,put both moka pots on the stove,FULL_HIT,0.992508,0.004698,0.002126,0.363511,17.116774,0.013375,0.005181,17.622799,0,0
0,42,80,put both moka pots on the stove,FULL_HIT,0.993501,0.005734,0.002318,0.592584,16.780592,0.015065,0.005927,17.531811,0,0
0,42,81,put both moka pots on the stove,FULL_HIT,0.992474,0.004944,0.002509,0.420687,16.944679,0.014332,0.005958,17.533694,0,0
0,42,82,put both moka pots on the stove,FULL_HIT,0.992538,0.005103,0.002273,0.492536,18.648116,0.033203,0.006885,19.320776,0,0
0,44,0,put both moka pots on the stove,FULL_HIT,0.998854,0.005522,0.001889,0.381714,19.228621,0.029882,0.006661,19.769429,0,0
0,44,1,put both moka pots on the stove,FULL_HIT,0.998831,0.006504,0.002570,0.610888,16.247989,0.015037,0.006768,17.048572,0,0
0,44,2,put both moka pots on the stove,FULL_HIT,0.998819,0.005772,0.002105,1.127019,19.022039,0.015701,0.007809,20.384298,0,0
0,44,3,put both moka pots on the stove,FULL_HIT,0.998743,0.005481,0.002166,0.352750,18.799190,0.016860,0.009272,19.350294,0,0
0,44,4,put both moka pots on the stove,FULL_HIT,0.998705,0.005356,0.002338,0.385673,15.896511,0.012173,0.006162,16.423681,0,0
0,44,5,put both moka pots on the stove,FULL_HIT,0.998667,0.006111,0.002331,0.381200,14.497259,0.012340,0.006841,15.024329,0,0
0,44,6,put both moka pots on the stove,FULL_HIT,0.998671,0.004573,0.001986,0.378383,15.678741,0.012111,0.005754,16.191081,0,0
0,44,7,put both moka pots on the stove,FULL_HIT,0.998704,0.005168,0.002308,0.407649,17.562052,0.012530,0.005414,18.106062,0,0
0,44,8,put both moka pots on the stove,FULL_HIT,0.998727,0.004787,0.002191,0.461516,16.431880,0.013761,0.006254,17.033413,0,0
0,44,9,put both moka pots on the stove,FULL_HIT,0.998736,0.005871,0.001939,0.318386,16.260504,0.012390,0.005889,16.716225,0,0
0,44,10,put both moka pots on the stove,FULL_HIT,0.998665,0.006696,0.002291,0.407896,18.952162,0.011961,0.005257,19.508142,0,0
0,44,11,put both moka pots on the stove,FULL_HIT,0.998578,0.005169,0.002208,0.454293,19.237667,0.015801,0.008049,19.856000,0,0
0,44,12,put both moka pots on the stove,FULL_HIT,0.998546,0.005616,0.001967,0.337682,18.289159,0.012239,0.006471,18.758170,0,0
0,44,13,put both moka pots on the stove,FULL_HIT,0.998601,0.005338,0.002113,0.469305,14.662061,0.012609,0.005210,15.268207,0,0
0,44,14,put both moka pots on the stove,FULL_HIT,0.998583,0.006125,0.002856,0.668544,16.755699,0.013397,0.005217,17.593093,0,0
0,44,15,put both moka pots on the stove,FULL_HIT,0.998578,0.005436,0.002442,1.194711,17.815539,0.012479,0.006106,19.187181,0,0
0,44,16,put both moka pots on the stove,FULL_HIT,0.998510,0.006782,0.002186,0.523617,18.712051,0.011438,0.005620,19.401115,0,0
0,44,17,put both moka pots on the stove,FULL_HIT,0.998480,0.005597,0.002259,0.518497,19.971974,0.013166,0.006227,20.654594,0,0
0,44,18,put both moka pots on the stove,FULL_HIT,0.998388,0.005029,0.001838,0.398454,19.174170,0.011887,0.005696,19.710438,0,0
0,44,19,put both moka pots on the stove,FULL_HIT,0.998451,0.004648,0.002114,0.347609,16.481958,0.011970,0.005078,16.965542,0,0
0,44,20,put both moka pots on the stove,FULL_HIT,0.998418,0.006172,0.002428,0.448586,15.985319,0.012116,0.005249,16.577054,0,0
0,44,21,put both moka pots on the stove,FULL_HIT,0.997357,0.005123,0.002205,0.333110,14.292488,0.011611,0.005412,14.756019,0,0
0,44,22,put both moka pots on the stove,FULL_HIT,0.996425,0.005560,0.002118,0.443401,17.206201,0.012762,0.006015,17.782999,0,0
0,44,23,put both moka pots on the stove,FULL_HIT,0.996599,0.005118,0.002220,0.334632,15.571014,0.012548,0.005751,16.037927,0,0
0,44,24,put both moka pots on the stove,FULL_HIT,0.996711,0.004631,0.002038,0.342786,17.052435,0.015233,0.006378,17.536203,0,0
0,44,25,put both moka pots on the stove,FULL_HIT,0.996743,0.005023,0.001975,0.357110,15.380849,0.013165,0.005319,15.868278,0,0
0,44,26,put both moka pots on the stove,FULL_HIT,0.996798,0.005897,0.002062,0.407428,17.940634,0.012066,0.004971,18.480234,0,0
0,44,27,put both moka pots on the stove,FULL_HIT,0.996906,0.006489,0.003039,0.692215,20.020945,0.012814,0.004483,20.873278,0,0
0,44,28,put both moka pots on the stove,FULL_HIT,0.997451,0.005899,0.002002,0.563767,18.742203,0.015432,0.006732,19.470841,0,0
0,44,29,put both moka pots on the stove,FULL_HIT,0.997002,0.005816,0.002322,0.582550,16.822714,0.013663,0.005572,17.556028,0,0
0,44,30,put both moka pots on the stove,FULL_HIT,0.995906,0.005925,0.002670,0.852557,21.642656,0.012793,0.006503,22.655695,0,0
0,44,31,put both moka pots on the stove,FULL_HIT,0.996020,0.007000,0.002529,0.774873,18.692427,0.014317,0.005073,19.633272,0,0
0,44,32,put both moka pots on the stove,FULL_HIT,0.996120,0.014360,0.008494,0.954731,19.168127,0.013538,0.004628,20.338068,0,0
0,44,33,put both moka pots on the stove,FULL_HIT,0.996243,0.005212,0.002409,0.360000,17.110884,0.017284,0.007951,17.714521,0,0
0,44,34,put both moka pots on the stove,FULL_HIT,0.996350,0.004965,0.002192,0.440485,19.367315,0.013317,0.005589,19.956712,0,0
0,44,35,put both moka pots on the stove,FULL_HIT,0.996413,0.004771,0.002000,0.411469,16.792226,0.012750,0.005525,17.337552,0,0
0,44,36,put both moka pots on the stove,FULL_HIT,0.996445,0.005397,0.002520,0.321470,17.307553,0.013342,0.004764,17.761902,0,0
0,44,37,put both moka pots on the stove,FULL_HIT,0.996593,0.005134,0.001661,0.373129,18.663357,0.012898,0.006449,19.171485,0,0
0,44,38,put both moka pots on the stove,FULL_HIT,0.997654,0.074490,0.002428,0.442933,14.379786,0.013102,0.005388,15.028458,0,0
0,44,39,put both moka pots on the stove,FULL_HIT,0.997876,0.005693,0.002212,0.323350,13.713126,0.011570,0.004572,14.179328,0,0
0,44,40,put both moka pots on the stove,FULL_HIT,0.997794,0.004891,0.001883,0.393713,17.139350,0.012766,0.004904,17.668536,0,0
0,44,41,put both moka pots on the stove,FULL_HIT,0.998195,0.005554,0.002172,0.325269,15.890496,0.013776,0.005296,16.348230,0,0
0,44,42,put both moka pots on the stove,FULL_HIT,0.998401,0.005621,0.002192,0.331172,14.734696,0.011166,0.005126,15.195357,0,0
0,44,43,put both moka pots on the stove,FULL_HIT,0.998428,0.004866,0.002049,0.386611,16.395128,0.013698,0.005611,16.920288,0,0
0,44,44,put both moka pots on the stove,FULL_HIT,0.998196,0.004901,0.002124,0.518557,18.037730,0.012815,0.006373,18.712205,0,0
0,44,45,put both moka pots on the stove,FULL_HIT,0.998191,0.005343,0.002022,0.353262,14.412839,0.012319,0.004948,14.898860,0,0
0,44,46,put both moka pots on the stove,FULL_HIT,0.998156,0.004929,0.002312,0.348150,16.927482,0.012356,0.006233,17.412189,0,0
0,44,47,put both moka pots on the stove,FULL_HIT,0.998255,0.007043,0.002695,0.749679,18.908490,0.015375,0.006918,19.845877,0,0
0,44,48,put both moka pots on the stove,FULL_HIT,0.998286,0.005722,0.001975,0.453735,18.217750,0.011850,0.005197,18.861063,0,0
0,44,49,put both moka pots on the stove,FULL_HIT,0.998344,0.005612,0.002147,0.426413,16.988576,0.012952,0.005364,17.555219,0,0
0,44,50,put both moka pots on the stove,FULL_HIT,0.998384,0.005400,0.002199,0.511793,19.476688,0.011802,0.005113,20.133202,0,0
0,44,51,put both moka pots on the stove,FULL_HIT,0.998504,0.006068,0.002275,0.655031,18.126421,0.011781,0.005661,18.935833,0,0
0,44,52,put both moka pots on the stove,FULL_HIT,0.998555,0.004952,0.001982,0.532651,16.505231,0.013321,0.005037,17.178068,0,0
0,44,53,put both moka pots on the stove,FULL_HIT,0.998495,0.006047,0.002551,0.716901,18.367642,0.036752,0.014977,19.383403,0,0
0,44,54,put both moka pots on the stove,FULL_HIT,0.998445,0.005208,0.002382,0.463923,17.876441,0.013109,0.005617,18.526540,0,0
0,44,55,put both moka pots on the stove,FULL_HIT,0.998427,0.005594,0.002342,0.563932,17.767739,0.012517,0.005766,18.473923,0,0
0,44,56,put both moka pots on the stove,FULL_HIT,0.998456,0.005253,0.002229,0.440956,22.415273,0.012772,0.005721,23.001116,0,0
0,44,57,put both moka pots on the stove,FULL_HIT,0.998385,0.007067,0.002952,0.615932,20.899059,0.014013,0.006010,21.686432,0,0
0,44,58,put both moka pots on the stove,FULL_HIT,0.998278,0.004935,0.002026,0.468051,15.197050,0.012869,0.006010,15.804192,0,0
0,44,59,put both moka pots on the stove,FULL_HIT,0.998304,0.005434,0.002196,0.438167,16.187944,0.014309,0.006436,16.772614,0,0
0,44,60,put both moka pots on the stove,FULL_HIT,0.997554,0.006910,0.002346,0.552464,19.213368,0.013834,0.007163,19.927305,0,0
0,44,61,put both moka pots on the stove,FULL_HIT,0.997545,0.005641,0.002707,0.408281,16.666592,0.013749,0.006302,17.227442,0,0
0,44,62,put both moka pots on the stove,FULL_HIT,0.997520,0.005470,0.002037,0.522983,15.338113,0.012809,0.005706,16.000311,0,0
0,44,63,put both moka pots on the stove,FULL_HIT,0.997472,0.005226,0.001957,0.349289,17.013678,0.011689,0.005263,17.502198,0,0
0,44,64,put both moka pots on the stove,FULL_HIT,0.997418,0.005610,0.002168,0.388111,16.683156,0.014019,0.007518,17.220804,0,0
0,44,65,put both moka pots on the stove,FULL_HIT,0.997367,0.005257,0.001723,0.444918,18.387975,0.031019,0.016757,19.043749,0,0
0,44,66,put both moka pots on the stove,FULL_HIT,0.997293,0.005541,0.002170,0.387879,15.032728,0.012216,0.005232,15.557503,0,0
0,44,67,put both moka pots on the stove,FULL_HIT,0.997312,0.004864,0.002148,0.426665,18.426956,0.012631,0.005810,18.994950,0,0
0,44,68,put both moka pots on the stove,FULL_HIT,0.997377,0.005038,0.002058,0.431014,17.589435,0.017792,0.007812,18.202083,0,0
0,44,69,put both moka pots on the stove,FULL_HIT,0.997428,0.007735,0.003271,0.612929,19.702745,0.011761,0.005242,20.482881,0,0
0,44,70,put both moka pots on the stove,FULL_HIT,0.997449,0.005126,0.001733,0.381162,15.167551,0.012465,0.005282,15.686707,0,0
0,44,71,put both moka pots on the stove,FULL_HIT,0.997488,0.004992,0.001942,0.462263,16.102393,0.012597,0.005408,16.706274,0,0
0,44,72,put both moka pots on the stove,FULL_HIT,0.997527,0.004914,0.002065,0.403277,16.177942,0.013064,0.005738,16.721788,0,0
0,44,73,put both moka pots on the stove,FULL_HIT,0.997593,0.004958,0.003174,0.431036,14.760906,0.013178,0.005127,15.375457,0,0
0,44,74,put both moka pots on the stove,FULL_HIT,0.997635,0.005287,0.002176,0.457277,16.287247,0.012006,0.005519,16.890349,0,0
0,44,75,put both moka pots on the stove,FULL_HIT,0.997670,0.005180,0.002546,0.364452,15.000952,0.011387,0.005308,15.499342,0,0
0,44,76,put both moka pots on the stove,FULL_HIT,0.997545,0.005313,0.001844,0.301495,17.095114,0.021496,0.005568,17.539368,0,0
0,44,77,put both moka pots on the stove,FULL_HIT,0.997139,0.005071,0.002192,0.370211,16.333369,0.012808,0.005512,16.841916,0,0
0,44,78,put both moka pots on the stove,FULL_HIT,0.996499,0.011428,0.003295,0.921982,14.348084,0.013342,0.004943,15.451057,0,0
0,44,79,put both moka pots on the stove,FULL_HIT,0.996744,0.005135,0.002235,0.520428,16.951507,0.012122,0.005805,17.612064,0,0
0,44,80,put both moka pots on the stove,FULL_HIT,0.996865,0.005152,0.001830,0.414683,14.269329,0.012115,0.005491,14.876641,0,0
0,44,81,put both moka pots on the stove,FULL_HIT,0.996909,0.005462,0.002256,0.356648,15.925858,0.011509,0.004956,16.418776,0,0
0,44,82,put both moka pots on the stove,FULL_HIT,0.997036,0.005562,0.002041,0.424292,17.073455,0.012987,0.006418,17.642634,0,0
0,44,83,put both moka pots on the stove,FULL_HIT,0.997113,0.004691,0.002103,0.435273,15.920938,0.012717,0.005488,16.495459,0,0
0,44,84,put both moka pots on the stove,FULL_HIT,0.997142,0.005238,0.002134,0.437499,17.683530,0.012528,0.005336,18.261384,0,0
0,44,85,put both moka pots on the stove,FULL_HIT,0.997042,0.005036,0.002204,0.476640,18.266767,0.011724,0.005689,18.891175,0,0
0,44,86,put both moka pots on the stove,FULL_HIT,0.997052,0.006827,0.002578,0.734401,16.095252,0.013302,0.005786,16.999361,0,0
0,44,87,put both moka pots on the stove,FULL_HIT,0.997039,0.004258,0.002072,0.331254,13.789059,0.012893,0.004886,14.266982,0,0
0,44,88,put both moka pots on the stove,FULL_HIT,0.997074,0.005409,0.002089,0.555284,15.753331,0.012093,0.005344,16.451772,0,0
0,44,89,put both moka pots on the stove,FULL_HIT,0.996964,0.005322,0.001997,0.452889,14.817732,0.012095,0.005498,15.415325,0,0
0,44,90,put both moka pots on the stove,FULL_HIT,0.997096,0.005736,0.002277,0.525355,18.810457,0.012015,0.046691,19.530134,0,0
0,44,91,put both moka pots on the stove,FULL_HIT,0.997064,0.005050,0.002058,0.456863,15.770583,0.012198,0.005105,16.366813,0,0
0,45,0,put the yellow and white mug in the microwave and close it,FULL_HIT,0.998844,0.005252,0.001954,0.773186,19.031558,0.012554,0.005639,19.945731,0,0
0,45,1,put the yellow and white mug in the microwave and close it,FULL_HIT,0.998819,0.005569,0.002009,0.725472,15.295090,0.012770,0.005548,16.170890,0,0
0,45,2,put the yellow and white mug in the microwave and close it,FULL_HIT,0.998789,0.005141,0.002125,0.390236,12.075788,0.011921,0.005794,12.620518,0,0
0,45,3,put the yellow and white mug in the microwave and close it,FULL_HIT,0.998777,0.005929,0.001972,0.559455,17.306641,0.011726,0.005422,18.033595,0,0
0,45,4,put the yellow and white mug in the microwave and close it,FULL_HIT,0.998713,0.005384,0.002262,0.515227,14.501249,0.014342,0.006445,15.165769,0,0
0,45,5,put the yellow and white mug in the microwave and close it,FULL_HIT,0.998668,0.006601,0.002233,0.641869,17.672283,0.014404,0.006816,18.474746,0,0
0,45,6,put the yellow and white mug in the microwave and close it,FULL_HIT,0.998683,0.005012,0.002307,0.401943,14.536471,0.012422,0.005746,15.096734,0,0
0,45,7,put the yellow and white mug in the microwave and close it,FULL_HIT,0.998662,0.005453,0.002048,0.633535,12.995181,0.012034,0.005184,13.765540,0,0
0,45,8,put the yellow and white mug in the microwave and close it,FULL_HIT,0.998677,0.005303,0.002493,0.402038,14.542415,0.011798,0.005873,15.081014,0,0
0,45,9,put the yellow and white mug in the microwave and close it,FULL_HIT,0.998695,0.005394,0.002068,0.396348,13.738419,0.011113,0.004520,14.264249,0,0
0,45,10,put the yellow and white mug in the microwave and close it,FULL_HIT,0.998607,0.007145,0.003393,0.540995,11.887756,0.011836,0.006166,12.589189,0,0
0,45,11,put the yellow and white mug in the microwave and close it,FULL_HIT,0.998584,0.030744,0.002298,0.489670,13.200868,0.012336,0.005284,13.857415,0,0
0,45,12,put the yellow and white mug in the microwave and close it,FULL_HIT,0.998463,0.005249,0.002068,0.730915,13.788479,0.012004,0.005603,14.679946,0,0
0,45,13,put the yellow and white mug in the microwave and close it,FULL_HIT,0.998383,0.005036,0.002532,0.576552,11.898799,0.013118,0.005252,12.611516,0,0
0,45,14,put the yellow and white mug in the microwave and close it,FULL_HIT,0.998492,0.005461,0.002171,0.410483,13.473623,0.013842,0.006510,14.030478,0,0
0,45,15,put the yellow and white mug in the microwave and close it,FULL_HIT,0.998515,0.005305,0.001821,0.396113,12.604902,0.011828,0.005469,13.134702,0,0
0,45,16,put the yellow and white mug in the microwave and close it,FULL_HIT,0.998503,0.005369,0.002271,0.368381,11.383827,0.011357,0.004422,11.889108,0,0
0,45,17,put the yellow and white mug in the microwave and close it,FULL_HIT,0.998540,0.004901,0.002130,0.333895,13.279297,0.011943,0.047711,13.789446,0,0
0,45,18,put the yellow and white mug in the microwave and close it,FULL_HIT,0.998450,0.005863,0.002202,0.538046,14.184433,0.011201,0.004942,14.863624,0,0
0,45,19,put the yellow and white mug in the microwave and close it,FULL_HIT,0.998521,0.007680,0.003456,0.873892,14.597428,0.011999,0.005807,15.648208,0,0
0,45,20,put the yellow and white mug in the microwave and close it,FULL_HIT,0.998099,0.005619,0.002269,0.572082,13.927009,0.013422,0.006362,14.652320,0,0
0,45,21,put the yellow and white mug in the microwave and close it,FULL_HIT,0.997709,0.005034,0.002201,0.393992,11.408911,0.011454,0.004913,11.938172,0,0
0,45,22,put the yellow and white mug in the microwave and close it,FULL_HIT,0.997884,0.005133,0.002262,0.407037,11.977400,0.012220,0.005521,12.520664,0,0
0,45,23,put the yellow and white mug in the microwave and close it,FULL_HIT,0.998016,0.006396,0.002590,0.653227,14.882370,0.013031,0.007119,15.690877,0,0
0,45,24,put the yellow and white mug in the microwave and close it,FULL_HIT,0.998048,0.005819,0.002025,0.431370,13.161970,0.013047,0.005835,13.765233,0,0
0,45,25,put the yellow and white mug in the microwave and close it,FULL_HIT,0.998207,0.005307,0.002299,0.763108,11.532501,0.010852,0.006069,12.434952,0,0
0,45,26,put the yellow and white mug in the microwave and close it,FULL_HIT,0.998276,0.004473,0.002269,0.317135,13.919067,0.014323,0.011781,14.404361,0,0
0,45,27,put the yellow and white mug in the microwave and close it,FULL_HIT,0.997918,0.006196,0.002204,0.594032,13.513987,0.013334,0.006254,14.266869,0,0
0,45,28,put the yellow and white mug in the microwave and close it,FULL_HIT,0.997730,0.005344,0.002245,0.544543,14.765694,0.013560,0.006696,15.460213,0,0
0,45,29,put the yellow and white mug in the microwave and close it,FULL_HIT,0.997327,0.005444,0.002062,0.427185,12.580969,0.011534,0.005294,13.149327,0,0
0,45,30,put the yellow and white mug in the microwave and close it,FULL_HIT,0.997431,0.006197,0.002604,0.837382,13.535865,0.016911,0.006412,14.558458,0,0
0,45,31,put the yellow and white mug in the microwave and close it,FULL_HIT,0.997221,0.006568,0.002455,0.395561,11.777683,0.012635,0.006544,12.316064,0,0
0,45,32,put the yellow and white mug in the microwave and close it,FULL_HIT,0.996129,0.005502,0.002223,0.585058,15.448784,0.012568,0.005674,16.187220,0,0
0,45,33,put the yellow and white mug in the microwave and close it,FULL_HIT,0.997073,0.005170,0.002097,0.393081,11.620228,0.011752,0.005466,12.147596,0,0
0,45,34,put the yellow and white mug in the microwave and close it,FULL_HIT,0.997940,0.005433,0.002217,0.741799,12.500467,0.011534,0.004848,13.377890,0,0
0,45,35,put the yellow and white mug in the microwave and close it,FULL_HIT,0.998211,0.004830,0.001861,0.300755,13.945456,0.011707,0.005886,14.374686,0,0
0,45,36,put the yellow and white mug in the microwave and close it,FULL_HIT,0.998272,0.004913,0.001839,0.456673,15.197364,0.011556,0.005462,15.790157,0,0
0,45,37,put the yellow and white mug in the microwave and close it,FULL_HIT,0.998003,0.005272,0.002129,0.401490,11.555600,0.012263,0.005551,12.095091,0,0
0,45,38,put the yellow and white mug in the microwave and close it,FULL_HIT,0.997940,0.005764,0.002252,0.517215,12.778049,0.013240,0.005992,13.442353,0,0
0,45,39,put the yellow and white mug in the microwave and close it,FULL_HIT,0.997897,0.006050,0.002051,0.460646,13.553654,0.012208,0.005051,14.156318,0,0
0,45,40,put the yellow and white mug in the microwave and close it,FULL_HIT,0.997923,0.005115,0.001963,0.383506,11.556389,0.013489,0.005516,12.078613,0,0
0,45,41,put the yellow and white mug in the microwave and close it,FULL_HIT,0.998008,0.006684,0.002231,0.649705,13.815141,0.014362,0.005729,14.620405,0,0
0,45,42,put the yellow and white mug in the microwave and close it,FULL_HIT,0.997891,0.005214,0.002214,0.350887,15.233828,0.011248,0.005516,15.715368,0,0
0,45,43,put the yellow and white mug in the microwave and close it,FULL_HIT,0.998078,0.005571,0.002093,0.330860,12.496627,0.012345,0.006505,12.975182,0,0
0,45,44,put the yellow and white mug in the microwave and close it,FULL_HIT,0.998181,0.005211,0.001741,0.322600,11.892326,0.013090,0.006846,12.351405,0,0
0,45,45,put the yellow and white mug in the microwave and close it,FULL_HIT,0.998509,0.005397,0.001792,0.352180,11.140766,0.013017,0.005970,11.632712,0,0
0,45,46,put the yellow and white mug in the microwave and close it,FULL_HIT,0.998547,0.005866,0.002360,0.421576,11.958642,0.011979,0.006269,12.520537,0,0
0,45,47,put the yellow and white mug in the microwave and close it,FULL_HIT,0.997776,0.005032,0.002088,0.341115,13.573716,0.012247,0.025548,14.072581,0,0
0,45,48,put the yellow and white mug in the microwave and close it,FULL_HIT,0.997042,0.005382,0.002497,0.379498,12.308298,0.011860,0.005601,12.827880,0,0
0,45,49,put the yellow and white mug in the microwave and close it,FULL_HIT,0.994208,0.005767,0.002174,0.516604,17.529626,0.012120,0.006486,18.194341,0,0
0,46,0,put the yellow and white mug in the microwave and close it,FULL_HIT,0.998869,0.006740,0.002768,0.558795,14.669276,0.011576,0.005524,15.376046,0,0
0,46,1,put the yellow and white mug in the microwave and close it,FULL_HIT,0.998860,0.005327,0.002107,0.376913,13.658343,0.012170,0.004770,14.175333,0,0
0,46,2,put the yellow and white mug in the microwave and close it,FULL_HIT,0.998824,0.004942,0.002146,0.425456,13.828357,0.034415,0.014818,14.499284,0,0
0,46,3,put the yellow and white mug in the microwave and close it,FULL_HIT,0.998788,0.005194,0.001833,0.366923,13.622491,0.012728,0.005933,14.124351,0,0
0,46,4,put the yellow and white mug in the microwave and close it,FULL_HIT,0.998712,0.005137,0.002068,0.591995,14.398491,0.012791,0.006018,15.138499,0,0
0,46,5,put the yellow and white mug in the microwave and close it,FULL_HIT,0.998622,0.005043,0.001882,0.378872,11.574722,0.012167,0.005842,12.087389,0,0
0,46,6,put the yellow and white mug in the microwave and close it,FULL_HIT,0.998547,0.004994,0.002092,0.368933,11.886961,0.012697,0.005934,12.394181,0,0
0,46,7,put the yellow and white mug in the microwave and close it,FULL_HIT,0.998496,0.005229,0.002027,0.379795,11.795122,0.015667,0.006524,12.356245,0,0
0,46,8,put the yellow and white mug in the microwave and close it,FULL_HIT,0.998514,0.004903,0.001817,0.516349,11.995002,0.012259,0.006510,12.645324,0,0
0,46,9,put the yellow and white mug in the microwave and close it,FULL_HIT,0.998387,0.005621,0.001951,0.757871,13.869255,0.011901,0.005214,14.780100,0,0
0,46,10,put the yellow and white mug in the microwave and close it,FULL_HIT,0.998452,0.006190,0.002369,0.767129,11.382848,0.010149,0.004471,12.297326,0,0
0,46,11,put the yellow and white mug in the microwave and close it,FULL_HIT,0.998543,0.005136,0.001655,0.361558,13.571753,0.012301,0.005395,14.063578,0,0
0,46,12,put the yellow and white mug in the microwave and close it,FULL_HIT,0.998517,0.004831,0.001927,0.329404,11.157037,0.011714,0.004821,11.613845,0,0
0,46,13,put the yellow and white mug in the microwave and close it,FULL_HIT,0.998550,0.005667,0.002334,0.379846,11.416322,0.011399,0.005592,11.929803,0,0
0,46,14,put the yellow and white mug in the microwave and close it,FULL_HIT,0.998615,0.005174,0.002083,0.566889,13.758751,0.012259,0.005877,14.465194,0,0
0,46,15,put the yellow and white mug in the microwave and close it,FULL_HIT,0.998626,0.004847,0.001913,0.338641,16.129190,0.011812,0.005170,16.597133,0,0
0,46,16,put the yellow and white mug in the microwave and close it,FULL_HIT,0.998536,0.004915,0.002186,0.450979,10.888946,0.012559,0.004632,11.470067,0,0
0,46,17,put the yellow and white mug in the microwave and close it,FULL_HIT,0.998550,0.004921,0.002104,0.344195,11.960507,0.013170,0.005613,12.440849,0,0
0,46,18,put the yellow and white mug in the microwave and close it,FULL_HIT,0.998523,0.004884,0.001916,0.423055,13.389422,0.012486,0.005561,13.947195,0,0
0,46,19,put the yellow and white mug in the microwave and close it,FULL_HIT,0.998297,0.004692,0.001647,0.375120,10.742740,0.012028,0.004950,11.243015,0,0
0,46,20,put the yellow and white mug in the microwave and close it,FULL_HIT,0.998389,0.005093,0.001983,0.356626,11.199124,0.011680,0.005796,11.702738,0,0
0,46,21,put the yellow and white mug in the microwave and close it,FULL_HIT,0.997846,0.005381,0.002082,0.340161,11.642019,0.013035,0.004633,12.127903,0,0
0,46,22,put the yellow and white mug in the microwave and close it,FULL_HIT,0.998115,0.005875,0.002203,0.538382,11.921783,0.011036,0.005180,12.600219,0,0
0,46,23,put the yellow and white mug in the microwave and close it,FULL_HIT,0.998464,0.005579,0.002024,0.544081,13.251468,0.011624,0.006148,13.932466,0,0
0,46,24,put the yellow and white mug in the microwave and close it,FULL_HIT,0.998410,0.005038,0.001722,0.392738,11.434127,0.013646,0.005828,11.963353,0,0
0,46,25,put the yellow and white mug in the microwave and close it,FULL_HIT,0.998363,0.004789,0.001882,0.458136,12.497126,0.011440,0.004397,13.084254,0,0
0,46,26,put the yellow and white mug in the microwave and close it,FULL_HIT,0.998319,0.005633,0.002584,0.525540,12.792558,0.012232,0.005553,13.466670,0,0
0,46,27,put the yellow and white mug in the microwave and close it,FULL_HIT,0.998267,0.005229,0.001931,0.404005,14.932329,0.016548,0.006764,15.494915,0,0
0,46,28,put the yellow and white mug in the microwave and close it,FULL_HIT,0.998026,0.004507,0.002064,0.373889,11.473986,0.012102,0.004720,11.979182,0,0
0,46,29,put the yellow and white mug in the microwave and close it,FULL_HIT,0.997958,0.005100,0.002028,0.481483,16.004735,0.013737,0.005969,16.626464,0,0
0,46,30,put the yellow and white mug in the microwave and close it,FULL_HIT,0.997573,0.005098,0.002051,0.405771,14.163535,0.013195,0.006727,14.711036,0,0
0,46,31,put the yellow and white mug in the microwave and close it,FULL_HIT,0.997330,0.005455,0.002199,0.429793,12.510982,0.012910,0.006251,13.074693,0,0
0,46,32,put the yellow and white mug in the microwave and close it,FULL_HIT,0.997466,0.004802,0.001960,0.390915,12.424949,0.011516,0.005854,12.948860,0,0
0,46,33,put the yellow and white mug in the microwave and close it,FULL_HIT,0.996899,0.005240,0.002236,0.381350,15.382821,0.011837,0.005205,15.898990,0,0
0,46,34,put the yellow and white mug in the microwave and close it,FULL_HIT,0.992836,0.004595,0.001906,0.353154,12.701985,0.013517,0.005087,13.190480,0,0
0,46,35,put the yellow and white mug in the microwave and close it,FULL_HIT,0.997295,0.005539,0.002039,0.456325,12.809390,0.011346,0.004934,13.417985,0,0
0,46,36,put the yellow and white mug in the microwave and close it,FULL_HIT,0.996772,0.005107,0.001949,0.323355,10.755698,0.010531,0.005066,11.199610,0,0
0,46,37,put the yellow and white mug in the microwave and close it,FULL_HIT,0.997774,0.005406,0.002031,0.472520,13.996140,0.013977,0.006407,14.629678,0,0
0,46,38,put the yellow and white mug in the microwave and close it,FULL_HIT,0.997941,0.005089,0.001786,0.341648,12.436684,0.011935,0.005334,12.908216,0,0
0,46,39,put the yellow and white mug in the microwave and close it,FULL_HIT,0.998071,0.005339,0.002277,0.667687,14.954380,0.020459,0.007048,15.912042,0,0
0,46,40,put the yellow and white mug in the microwave and close it,FULL_HIT,0.997976,0.005053,0.001744,0.326027,11.501271,0.012191,0.004710,11.957517,0,0
0,46,41,put the yellow and white mug in the microwave and close it,FULL_HIT,0.997507,0.006035,0.002614,0.755559,11.363893,0.011612,0.005934,12.266486,0,0
0,46,42,put the yellow and white mug in the microwave and close it,FULL_HIT,0.996861,0.005457,0.002173,0.368157,12.141441,0.011724,0.005081,12.641955,0,0
0,46,43,put the yellow and white mug in the microwave and close it,FULL_HIT,0.996982,0.004833,0.002303,0.432177,12.753517,0.012421,0.005061,13.321310,0,0
0,46,44,put the yellow and white mug in the microwave and close it,FULL_HIT,0.996135,0.005501,0.001826,0.403761,12.707198,0.013190,0.006137,13.252705,0,0
0,46,45,put the yellow and white mug in the microwave and close it,FULL_HIT,0.996623,0.006098,0.003260,0.920063,14.509100,0.014542,0.006084,15.606475,0,0
0,46,46,put the yellow and white mug in the microwave and close it,FULL_HIT,0.997565,0.005376,0.001931,0.506503,14.879608,0.010711,0.005919,15.520237,0,0
0,46,47,put the yellow and white mug in the microwave and close it,FULL_HIT,0.997702,0.005189,0.002077,0.446119,12.909140,0.011426,0.004782,13.491185,0,0
0,46,48,put the yellow and white mug in the microwave and close it,FULL_HIT,0.997813,0.004660,0.001935,0.488391,12.420144,0.026445,0.004951,13.061248,0,0
0,46,49,put the yellow and white mug in the microwave and close it,FULL_HIT,0.997602,0.008370,0.002635,0.861885,17.256552,0.011610,0.005050,18.321800,0,0
0,46,50,put the yellow and white mug in the microwave and close it,FULL_HIT,0.997214,0.005324,0.001932,0.430735,16.271196,0.011599,0.005025,16.837858,0,0
0,47,0,put the yellow and white mug in the microwave and close it,FULL_HIT,0.998858,0.005348,0.002209,0.330586,11.902448,0.012723,0.005117,12.365775,0,0
0,47,1,put the yellow and white mug in the microwave and close it,FULL_HIT,0.998676,0.004907,0.001849,0.373286,16.574521,0.030303,0.016093,17.197958,0,0
0,47,2,put the yellow and white mug in the microwave and close it,FULL_HIT,0.998656,0.005439,0.002275,0.370616,16.219423,0.013291,0.006262,16.733031,0,0
0,47,3,put the yellow and white mug in the microwave and close it,FULL_HIT,0.998681,0.004840,0.001894,0.385899,12.363006,0.011973,0.005041,12.882802,0,0
0,47,4,put the yellow and white mug in the microwave and close it,FULL_HIT,0.998688,0.005245,0.002219,0.432110,12.392976,0.010188,0.004891,12.959524,0,0
0,47,5,put the yellow and white mug in the microwave and close it,FULL_HIT,0.998693,0.005147,0.001959,0.354660,14.527310,0.011758,0.005162,15.055965,0,0
0,47,6,put the yellow and white mug in the microwave and close it,FULL_HIT,0.998631,0.005098,0.001975,0.316766,12.811546,0.014047,0.006248,13.264338,0,0
0,47,7,put the yellow and white mug in the microwave and close it,FULL_HIT,0.998641,0.005740,0.002672,0.489161,14.116810,0.013185,0.006242,14.762364,0,0
0,47,8,put the yellow and white mug in the microwave and close it,FULL_HIT,0.998637,0.005785,0.001802,0.479698,12.494963,0.011127,0.005974,13.111000,0,0
0,47,9,put the yellow and white mug in the microwave and close it,FULL_HIT,0.998639,0.005188,0.006008,0.539191,13.709600,0.012502,0.006070,14.556693,0,0
0,47,10,put the yellow and white mug in the microwave and close it,FULL_HIT,0.998616,0.005404,0.002079,0.377258,11.894403,0.012872,0.005579,12.404451,0,0
0,47,11,put the yellow and white mug in the microwave and close it,FULL_HIT,0.998637,0.004707,0.002035,0.320178,11.752237,0.013492,0.005647,12.231147,0,0
0,47,12,put the yellow and white mug in the microwave and close it,FULL_HIT,0.998768,0.005080,0.002268,0.386234,12.560125,0.015683,0.010119,13.109881,0,0
0,47,13,put the yellow and white mug in the microwave and close it,FULL_HIT,0.998666,0.005930,0.002441,0.613540,13.310321,0.011970,0.004644,14.069476,0,0
0,47,14,put the yellow and white mug in the microwave and close it,FULL_HIT,0.998576,0.005184,0.001814,0.334389,11.562025,0.011755,0.005204,12.023547,0,0
0,47,15,put the yellow and white mug in the microwave and close it,FULL_HIT,0.998597,0.004746,0.002085,0.323015,12.126125,0.012170,0.005109,12.577988,0,0
0,47,16,put the yellow and white mug in the microwave and close it,FULL_HIT,0.998415,0.005772,0.002284,0.447659,12.494082,0.014338,0.005891,13.089464,0,0
0,47,17,put the yellow and white mug in the microwave and close it,FULL_HIT,0.998567,0.005610,0.002341,0.651708,12.997016,0.011724,0.005929,13.807798,0,0
0,47,18,put the yellow and white mug in the microwave and close it,FULL_HIT,0.997644,0.004665,0.002000,0.341429,13.994774,0.012189,0.005135,14.470056,0,0
0,47,19,put the yellow and white mug in the microwave and close it,FULL_HIT,0.998330,0.005017,0.002241,0.525117,15.869681,0.013781,0.005697,16.539437,0,0
0,47,20,put the yellow and white mug in the microwave and close it,FULL_HIT,0.998175,0.005802,0.002189,0.489350,13.425497,0.013099,0.005672,14.060986,0,0
0,47,21,put the yellow and white mug in the microwave and close it,FULL_HIT,0.998124,0.005596,0.002249,0.392809,11.066864,0.011419,0.006096,11.590362,0,0
0,47,22,put the yellow and white mug in the microwave and close it,FULL_HIT,0.997831,0.004928,0.001839,0.336056,12.299695,0.011153,0.005297,12.760129,0,0
0,47,23,put the yellow and white mug in the microwave and close it,FULL_HIT,0.998201,0.005372,0.002234,0.377026,14.529374,0.012175,0.005110,15.044024,0,0
0,47,24,put the yellow and white mug in the microwave and close it,FULL_HIT,0.998272,0.005981,0.002556,0.625192,13.282388,0.011721,0.005404,14.053838,0,0
0,47,25,put the yellow and white mug in the microwave and close it,FULL_HIT,0.998363,0.005398,0.002230,0.470754,13.136831,0.011553,0.005671,13.748666,0,0
0,47,26,put the yellow and white mug in the microwave and close it,FULL_HIT,0.998527,0.005191,0.002374,0.454010,13.674108,0.011977,0.004765,14.268518,0,0
0,47,27,put the yellow and white mug in the microwave and close it,FULL_HIT,0.998409,0.009242,0.003600,0.760954,13.626070,0.011849,0.006153,14.616365,0,0
0,47,28,put the yellow and white mug in the microwave and close it,FULL_HIT,0.998369,0.006410,0.002721,0.540868,14.570612,0.014172,0.007459,15.270388,0,0
0,47,29,put the yellow and white mug in the microwave and close it,FULL_HIT,0.998103,0.005424,0.001909,0.415319,11.610473,0.013050,0.005632,12.168917,0,0
0,47,30,put the yellow and white mug in the microwave and close it,FULL_HIT,0.997665,0.006459,0.002708,0.539860,12.716747,0.011616,0.004979,13.406173,0,0
0,47,31,put the yellow and white mug in the microwave and close it,FULL_HIT,0.998462,0.005912,0.002032,0.563903,15.479285,0.012869,0.007353,16.189619,0,0
0,47,32,put the yellow and white mug in the microwave and close it,FULL_HIT,0.998498,0.005966,0.002318,0.673059,15.159675,0.018208,0.008028,16.027551,0,0
0,47,33,put the yellow and white mug in the microwave and close it,FULL_HIT,0.998249,0.004686,0.002123,0.682537,12.742626,0.013604,0.006487,13.576838,0,0
0,47,34,put the yellow and white mug in the microwave and close it,FULL_HIT,0.997997,0.005582,0.002398,0.579549,17.179935,0.012578,0.006316,17.910562,0,0
0,47,35,put the yellow and white mug in the microwave and close it,FULL_HIT,0.998003,0.006813,0.002436,0.433872,13.264086,0.012604,0.005152,13.847867,0,0
0,47,36,put the yellow and white mug in the microwave and close it,FULL_HIT,0.997980,0.005188,0.002418,0.396374,12.951629,0.012229,0.005395,13.485041,0,0
0,47,37,put the yellow and white mug in the microwave and close it,FULL_HIT,0.997886,0.025270,0.002468,0.482272,13.551340,0.012820,0.005073,14.199277,0,0
0,47,38,put the yellow and white mug in the microwave and close it,FULL_HIT,0.997866,0.006316,0.002496,0.708155,12.773333,0.014081,0.005406,13.630124,0,0
0,47,39,put the yellow and white mug in the microwave and close it,FULL_HIT,0.997998,0.006546,0.002426,0.601722,14.445131,0.013146,0.005448,15.198464,0,0
0,47,40,put the yellow and white mug in the microwave and close it,FULL_HIT,0.998013,0.004722,0.001943,0.348898,11.948141,0.012188,0.005876,12.426408,0,0
0,47,41,put the yellow and white mug in the microwave and close it,FULL_HIT,0.998125,0.005089,0.001865,0.339179,11.779700,0.010700,0.005191,12.246598,0,0
0,47,42,put the yellow and white mug in the microwave and close it,FULL_HIT,0.998085,0.006016,0.002424,0.596447,13.699849,0.013860,0.006430,14.445445,0,0
0,47,43,put the yellow and white mug in the microwave and close it,FULL_HIT,0.998146,0.007725,0.003413,0.873398,15.107505,0.037964,0.009521,16.433951,0,0
0,47,44,put the yellow and white mug in the microwave and close it,FULL_HIT,0.998411,0.005139,0.002739,0.333888,11.161191,0.012061,0.004828,11.647240,0,0
0,47,45,put the yellow and white mug in the microwave and close it,FULL_HIT,0.998441,0.005333,0.002158,0.325592,11.648630,0.014213,0.006273,12.116332,0,0
0,47,46,put the yellow and white mug in the microwave and close it,FULL_HIT,0.998386,0.005789,0.002284,0.321298,11.905151,0.012416,0.005394,12.377596,0,0
0,47,47,put the yellow and white mug in the microwave and close it,FULL_HIT,0.998495,0.004870,0.001996,0.400643,11.000626,0.012169,0.047950,11.578909,0,0
0,49,0,put the yellow and white mug in the microwave and close it,FULL_HIT,0.998858,0.008486,0.002921,1.118192,18.204569,0.013424,0.005310,19.508162,0,0
0,49,1,put the yellow and white mug in the microwave and close it,FULL_HIT,0.998804,0.004915,0.002250,0.384490,14.957774,0.012303,0.005872,15.480161,0,0
0,49,2,put the yellow and white mug in the microwave and close it,FULL_HIT,0.998672,0.005317,0.002070,0.321000,15.909537,0.012109,0.005401,16.365095,0,0
0,49,3,put the yellow and white mug in the microwave and close it,FULL_HIT,0.998604,0.004816,0.002103,0.342257,12.350196,0.011030,0.005033,12.821106,0,0
0,49,4,put the yellow and white mug in the microwave and close it,FULL_HIT,0.998499,0.005359,0.001893,0.565805,14.427019,0.012775,0.005568,15.133484,0,0
0,49,5,put the yellow and white mug in the microwave and close it,FULL_HIT,0.998411,0.005809,0.002543,0.443487,12.139674,0.012600,0.005192,12.725957,0,0
0,49,6,put the yellow and white mug in the microwave and close it,FULL_HIT,0.998395,0.004706,0.002124,0.364227,12.390217,0.012839,0.005881,12.892551,0,0
0,49,7,put the yellow and white mug in the microwave and close it,FULL_HIT,0.998367,0.005139,0.002378,0.539934,14.002724,0.012173,0.005964,14.678749,0,0
0,49,8,put the yellow and white mug in the microwave and close it,FULL_HIT,0.998408,0.005361,0.001823,0.556382,15.584179,0.011866,0.005579,16.283730,0,0
0,49,9,put the yellow and white mug in the microwave and close it,FULL_HIT,0.998497,0.005195,0.001855,0.540864,14.450580,0.011852,0.004986,15.136195,0,0
0,49,10,put the yellow and white mug in the microwave and close it,FULL_HIT,0.998504,0.005223,0.001909,0.440927,14.817323,0.011750,0.005059,15.395026,0,0
0,49,11,put the yellow and white mug in the microwave and close it,FULL_HIT,0.998654,0.005621,0.003136,1.160953,12.222625,0.012805,0.005594,13.593863,0,0
0,49,12,put the yellow and white mug in the microwave and close it,FULL_HIT,0.998554,0.004644,0.002322,0.688477,11.721261,0.011665,0.005730,12.540481,0,0
0,49,13,put the yellow and white mug in the microwave and close it,FULL_HIT,0.998603,0.005590,0.002635,0.364469,13.865538,0.014854,0.006042,14.420689,0,0
0,49,14,put the yellow and white mug in the microwave and close it,FULL_HIT,0.998560,0.005145,0.001927,0.307813,11.117147,0.010953,0.004512,11.548138,0,0
0,49,15,put the yellow and white mug in the microwave and close it,FULL_HIT,0.998527,0.004504,0.002137,0.374654,11.107836,0.010895,0.004149,11.604658,0,0
0,49,16,put the yellow and white mug in the microwave and close it,FULL_HIT,0.998505,0.004760,0.002222,0.380847,18.564100,0.013496,0.005532,19.083712,0,0
0,49,17,put the yellow and white mug in the microwave and close it,FULL_HIT,0.998400,0.005282,0.002087,0.378073,12.114343,0.013011,0.005447,12.630769,0,0
0,49,18,put the yellow and white mug in the microwave and close it,FULL_HIT,0.998042,0.005302,0.001836,0.397087,12.211874,0.012312,0.006023,12.746746,0,0
0,49,19,put the yellow and white mug in the microwave and close it,FULL_HIT,0.998534,0.004897,0.001707,0.347813,12.684487,0.014116,0.006782,13.173679,0,0
0,49,20,put the yellow and white mug in the microwave and close it,FULL_HIT,0.998534,0.005158,0.001834,0.482150,13.449939,0.012030,0.006114,14.070596,0,0
0,49,21,put the yellow and white mug in the microwave and close it,FULL_HIT,0.998437,0.005214,0.001968,0.319739,11.651781,0.012247,0.004976,12.123084,0,0
0,49,22,put the yellow and white mug in the microwave and close it,FULL_HIT,0.998303,0.005965,0.001843,0.397366,12.122148,0.013175,0.005957,12.660861,0,0
0,49,23,put the yellow and white mug in the microwave and close it,FULL_HIT,0.998401,0.004498,0.001886,0.340542,12.399222,0.012455,0.004886,12.869022,0,0
0,49,24,put the yellow and white mug in the microwave and close it,FULL_HIT,0.998388,0.004889,0.002159,0.613993,11.999417,0.011519,0.004544,12.738458,0,0
0,49,25,put the yellow and white mug in the microwave and close it,FULL_HIT,0.998328,0.004992,0.002111,0.311024,10.829269,0.011906,0.004637,11.261973,0,0
0,49,26,put the yellow and white mug in the microwave and close it,FULL_HIT,0.998230,0.005217,0.002311,0.371157,11.387965,0.011913,0.005994,11.908739,0,0
0,49,27,put the yellow and white mug in the microwave and close it,FULL_HIT,0.998163,0.004851,0.002125,0.349112,13.681129,0.011847,0.004947,14.158868,0,0
0,49,28,put the yellow and white mug in the microwave and close it,FULL_HIT,0.998058,0.005274,0.001970,0.406732,13.709073,0.016743,0.007547,14.293693,0,0
0,49,29,put the yellow and white mug in the microwave and close it,FULL_HIT,0.998143,0.005342,0.002868,0.476777,13.131427,0.012261,0.005685,13.838060,0,0
0,49,30,put the yellow and white mug in the microwave and close it,FULL_HIT,0.997828,0.005691,0.001969,0.478096,16.771649,0.060434,0.009241,17.483889,0,0
0,49,31,put the yellow and white mug in the microwave and close it,FULL_HIT,0.992330,0.005317,0.002168,0.638671,15.456546,0.012019,0.005701,16.260826,0,0
0,49,32,put the yellow and white mug in the microwave and close it,FULL_HIT,0.995301,0.004974,0.002607,0.560059,13.714005,0.013633,0.006072,14.440540,0,0
0,49,33,put the yellow and white mug in the microwave and close it,FULL_HIT,0.996418,0.005192,0.002103,0.504538,12.559434,0.026347,0.005702,13.220243,0,0
0,49,34,put the yellow and white mug in the microwave and close it,FULL_HIT,0.997014,0.005345,0.002145,0.474123,13.869497,0.012271,0.005542,14.481616,0,0
0,49,35,put the yellow and white mug in the microwave and close it,FULL_HIT,0.997838,0.004722,0.002232,0.569526,14.810056,0.013505,0.005055,15.515010,0,0
0,49,36,put the yellow and white mug in the microwave and close it,FULL_HIT,0.997992,0.005409,0.001931,1.371729,11.992556,0.013062,0.006679,13.510739,0,0
0,49,37,put the yellow and white mug in the microwave and close it,FULL_HIT,0.997968,0.005011,0.002424,0.558480,13.285303,0.013965,0.006624,13.994694,0,0
0,49,38,put the yellow and white mug in the microwave and close it,FULL_HIT,0.997368,0.005627,0.002529,0.914420,12.070171,0.012316,0.006128,13.142611,0,0
0,49,39,put the yellow and white mug in the microwave and close it,FULL_HIT,0.997159,0.005226,0.002407,0.446595,14.111588,0.011802,0.004849,14.689279,0,0
0,49,40,put the yellow and white mug in the microwave and close it,FULL_HIT,0.997284,0.005596,0.002450,0.514977,13.608448,0.012949,0.005550,14.262102,0,0
0,49,41,put the yellow and white mug in the microwave and close it,FULL_HIT,0.997484,0.005408,0.002314,0.662477,13.839576,0.012161,0.005286,14.682427,0,0
0,49,42,put the yellow and white mug in the microwave and close it,FULL_HIT,0.997564,0.005247,0.002478,0.422309,11.569889,0.012635,0.005241,12.128912,0,0
0,49,43,put the yellow and white mug in the microwave and close it,FULL_HIT,0.997381,0.004990,0.002146,0.339475,12.441487,0.012481,0.005183,12.915653,0,0
0,49,44,put the yellow and white mug in the microwave and close it,FULL_HIT,0.997479,0.005031,0.002106,0.459284,13.740600,0.012537,0.005467,14.334379,0,0
0,49,45,put the yellow and white mug in the microwave and close it,FULL_HIT,0.997704,0.005288,0.001990,0.401806,14.751127,0.015205,0.007631,15.313848,0,0
0,49,46,put the yellow and white mug in the microwave and close it,FULL_HIT,0.998050,0.005309,0.002357,0.726210,12.945535,0.013314,0.006140,13.827122,0,0
0,49,47,put the yellow and white mug in the microwave and close it,FULL_HIT,0.998324,0.005152,0.002105,0.370535,12.303738,0.012299,0.005651,12.809481,0,0
0,49,48,put the yellow and white mug in the microwave and close it,FULL_HIT,0.998331,0.005007,0.002002,0.352951,11.395016,0.011857,0.005285,11.876918,0,0
0,49,49,put the yellow and white mug in the microwave and close it,FULL_HIT,0.998260,0.005581,0.002288,0.347018,12.982424,0.014368,0.005633,13.470982,0,0
0,49,50,put the yellow and white mug in the microwave and close it,FULL_HIT,0.998110,0.005471,0.002067,0.357733,13.599500,0.012524,0.006200,14.092255,0,0
