repeat,episode_id,step_idx,task,hit_type,top_score,cp1_collect_ms,cp1_gate_ms,cp1_build_ms,cp1_search_ms,cp1_judge_ms,cp1_fetch_ms,cp1_total_ms,warm_start_action_approx,action_history_approx_active
0,0,0,put both the alphabet soup and the tomato sauce in the basket,FULL_HIT,0.998871,0.008306,0.003203,0.583757,1.592143,0.013102,0.006698,2.378527,0,0
0,0,1,put both the alphabet soup and the tomato sauce in the basket,FULL_HIT,0.998866,0.005568,0.002470,0.398241,1.219571,0.013463,0.005987,1.758023,0,0
0,0,2,put both the alphabet soup and the tomato sauce in the basket,FULL_HIT,0.998863,0.005603,0.002245,0.398038,1.039867,0.012233,0.005337,1.566499,0,0
0,0,3,put both the alphabet soup and the tomato sauce in the basket,FULL_HIT,0.998860,0.007390,0.002597,0.549243,1.196132,0.017781,0.006484,1.913611,0,0
0,0,4,put both the alphabet soup and the tomato sauce in the basket,FULL_HIT,0.998831,0.005979,0.002303,0.502341,1.283969,0.012845,0.005490,1.926093,0,0
0,0,5,put both the alphabet soup and the tomato sauce in the basket,FULL_HIT,0.998808,0.005489,0.002162,0.457797,1.599642,0.020424,0.007943,2.271689,0,0
0,0,6,put both the alphabet soup and the tomato sauce in the basket,FULL_HIT,0.998796,0.005359,0.002287,0.463152,0.985442,0.012442,0.005506,1.577428,0,0
0,0,7,put both the alphabet soup and the tomato sauce in the basket,FULL_HIT,0.998819,0.006233,0.002611,0.418461,1.172762,0.013900,0.006220,1.740645,0,0
0,0,8,put both the alphabet soup and the tomato sauce in the basket,FULL_HIT,0.998785,0.004954,0.002431,0.455649,1.147908,0.011616,0.003530,1.725768,0,0
0,0,9,put both the alphabet soup and the tomato sauce in the basket,FULL_HIT,0.998727,0.005819,0.002332,0.509569,1.011380,0.009478,0.003454,1.639482,0,0
0,0,10,put both the alphabet soup and the tomato sauce in the basket,FULL_HIT,0.998693,0.004919,0.002599,0.456978,1.090506,0.016791,0.006652,1.841206,0,0
0,0,11,put both the alphabet soup and the tomato sauce in the basket,FULL_HIT,0.998600,0.004992,0.002378,0.482377,1.400156,0.011982,0.004406,2.019622,0,0
0,0,12,put both the alphabet soup and the tomato sauce in the basket,FULL_HIT,0.998636,0.005719,0.002408,0.401282,1.057596,0.010319,0.004576,1.589340,0,0
0,0,13,put both the alphabet soup and the tomato sauce in the basket,FULL_HIT,0.998673,0.005012,0.002319,0.650164,1.239723,0.010601,0.004023,2.084087,0,0
0,0,14,put both the alphabet soup and the tomato sauce in the basket,FULL_HIT,0.998716,0.004973,0.002392,0.484276,1.151735,0.010855,0.003393,1.750946,0,0
0,0,15,put both the alphabet soup and the tomato sauce in the basket,FULL_HIT,0.998733,0.004905,0.002547,0.465691,1.083314,0.009418,0.003206,1.661704,0,0
0,0,16,put both the alphabet soup and the tomato sauce in the basket,FULL_HIT,0.998468,0.006005,0.004263,0.749898,0.995666,0.010063,0.003255,1.875888,0,0
0,0,17,put both the alphabet soup and the tomato sauce in the basket,FULL_HIT,0.998463,0.004492,0.001910,0.625740,1.104587,0.009467,0.003046,1.839840,0,0
0,0,18,put both the alphabet soup and the tomato sauce in the basket,FULL_HIT,0.998466,0.004582,0.001902,0.358935,0.932927,0.008567,0.004025,1.395600,0,0
0,0,19,put both the alphabet soup and the tomato sauce in the basket,FULL_HIT,0.998458,0.004976,0.002250,0.400828,1.121957,0.010222,0.003759,1.641323,0,0
0,0,20,put both the alphabet soup and the tomato sauce in the basket,FULL_HIT,0.998457,0.004703,0.002419,0.565419,1.150645,0.010306,0.004190,1.836838,0,0
0,0,21,put both the alphabet soup and the tomato sauce in the basket,FULL_HIT,0.998454,0.004944,0.002189,0.381020,1.016368,0.009313,0.003911,1.510434,0,0
0,0,22,put both the alphabet soup and the tomato sauce in the basket,FULL_HIT,0.998442,0.004801,0.002444,0.388308,0.978905,0.009382,0.003540,1.476571,0,0
0,0,23,put both the alphabet soup and the tomato sauce in the basket,FULL_HIT,0.998443,0.004881,0.002043,0.347864,0.958148,0.010331,0.003404,1.411305,0,0
0,0,24,put both the alphabet soup and the tomato sauce in the basket,FULL_HIT,0.998437,0.005044,0.002316,0.509164,1.401536,0.011107,0.004558,2.035072,0,0
0,0,25,put both the alphabet soup and the tomato sauce in the basket,FULL_HIT,0.998453,0.004668,0.002240,0.401284,1.058784,0.009811,0.003512,1.569710,0,0
0,0,26,put both the alphabet soup and the tomato sauce in the basket,FULL_HIT,0.998442,0.005135,0.002467,0.551547,1.055162,0.014412,0.004209,1.792173,0,0
0,0,27,put both the alphabet soup and the tomato sauce in the basket,FULL_HIT,0.998483,0.005805,0.002492,0.439219,1.124531,0.016058,0.005350,1.782513,0,0
0,0,28,put both the alphabet soup and the tomato sauce in the basket,FULL_HIT,0.998483,0.005159,0.002237,0.367056,0.995766,0.009396,0.003617,1.472868,0,0
0,0,29,put both the alphabet soup and the tomato sauce in the basket,FULL_HIT,0.998495,0.004877,0.021140,0.370021,0.941796,0.011078,0.003874,1.448563,0,0
0,0,30,put both the alphabet soup and the tomato sauce in the basket,FULL_HIT,0.998476,0.004499,0.002201,0.474678,1.045376,0.010914,0.003605,1.634453,0,0
0,0,31,put both the alphabet soup and the tomato sauce in the basket,FULL_HIT,0.998478,0.004684,0.002149,0.470894,1.102391,0.009371,0.003668,1.681012,0,0
0,0,32,put both the alphabet soup and the tomato sauce in the basket,FULL_HIT,0.998491,0.005369,0.002910,0.575073,1.302013,0.011170,0.004625,2.012508,0,0
0,0,33,put both the alphabet soup and the tomato sauce in the basket,FULL_HIT,0.998504,0.004529,0.002215,0.352661,0.990535,0.009395,0.004189,1.451478,0,0
0,0,34,put both the alphabet soup and the tomato sauce in the basket,FULL_HIT,0.998489,0.004947,0.002175,0.653450,2.055124,0.013335,0.004846,2.854895,0,0
0,0,35,put both the alphabet soup and the tomato sauce in the basket,FULL_HIT,0.998374,0.004923,0.002298,0.387794,1.103919,0.011061,0.003643,1.610120,0,0
0,0,36,put both the alphabet soup and the tomato sauce in the basket,FULL_HIT,0.998723,0.004772,0.002209,0.371377,1.068106,0.011588,0.004084,1.557071,0,0
0,0,37,put both the alphabet soup and the tomato sauce in the basket,FULL_HIT,0.998721,0.007704,0.002606,0.550690,1.335001,0.013305,0.004226,2.025619,0,0
0,0,38,put both the alphabet soup and the tomato sauce in the basket,FULL_HIT,0.998716,0.006409,0.003145,0.637282,2.024307,0.015474,0.005457,2.831878,0,0
0,0,39,put both the alphabet soup and the tomato sauce in the basket,FULL_HIT,0.998693,0.005461,0.002835,0.553900,1.041794,0.009775,0.003343,1.716496,0,0
0,0,40,put both the alphabet soup and the tomato sauce in the basket,FULL_HIT,0.998648,0.005708,0.002560,0.436730,1.284335,0.011845,0.003794,1.846272,0,0
0,0,41,put both the alphabet soup and the tomato sauce in the basket,FULL_HIT,0.998618,0.005431,0.002716,0.481009,1.130920,0.010135,0.003847,1.731533,0,0
0,0,42,put both the alphabet soup and the tomato sauce in the basket,FULL_HIT,0.998658,0.005037,0.002171,0.343167,1.233272,0.012706,0.004274,1.728409,0,0
0,0,43,put both the alphabet soup and the tomato sauce in the basket,FULL_HIT,0.998663,0.004566,0.002288,0.380953,1.196244,0.012131,0.004091,1.699359,0,0
0,0,44,put both the alphabet soup and the tomato sauce in the basket,FULL_HIT,0.998656,0.004955,0.002207,0.427527,1.135753,0.009333,0.003251,1.675248,0,0
0,0,45,put both the alphabet soup and the tomato sauce in the basket,FULL_HIT,0.998594,0.005073,0.002669,0.453144,1.045244,0.010065,0.003841,1.619201,0,0
0,0,46,put both the alphabet soup and the tomato sauce in the basket,FULL_HIT,0.998630,0.005755,0.002051,0.448965,1.109889,0.010334,0.003802,1.681190,0,0
0,0,47,put both the alphabet soup and the tomato sauce in the basket,FULL_HIT,0.998514,0.004968,0.002432,0.411444,1.072156,0.010361,0.003991,1.598834,0,0
0,0,48,put both the alphabet soup and the tomato sauce in the basket,FULL_HIT,0.998265,0.005183,0.002542,0.482860,1.205878,0.012462,0.004451,1.815428,0,0
0,0,49,put both the alphabet soup and the tomato sauce in the basket,FULL_HIT,0.998189,0.004882,0.002404,0.472153,1.047444,0.022074,0.003863,1.644483,0,0
0,0,50,put both the alphabet soup and the tomato sauce in the basket,FULL_HIT,0.998159,0.004647,0.002173,0.527429,1.042134,0.009822,0.003868,1.684748,0,0
0,0,51,put both the alphabet soup and the tomato sauce in the basket,FULL_HIT,0.998184,0.005591,0.002759,0.566199,1.052694,0.010160,0.004289,1.752366,0,0
0,0,52,put both the alphabet soup and the tomato sauce in the basket,FULL_HIT,0.998208,0.006565,0.003280,0.731197,1.302727,0.014286,0.004353,2.186353,0,0
0,0,53,put both the alphabet soup and the tomato sauce in the basket,FULL_HIT,0.998190,0.005267,0.002426,0.545749,1.234865,0.011643,0.004269,1.928454,0,0
0,0,54,put both the alphabet soup and the tomato sauce in the basket,FULL_HIT,0.998206,0.004972,0.002287,0.453331,0.977397,0.009928,0.003308,1.544622,0,0
0,0,55,put both the alphabet soup and the tomato sauce in the basket,FULL_HIT,0.998202,0.005649,0.002607,0.616767,1.289428,0.011015,0.004348,2.038107,0,0
0,0,56,put both the alphabet soup and the tomato sauce in the basket,FULL_HIT,0.998115,0.005236,0.002436,0.602112,1.496166,0.014255,0.005996,2.244177,0,0
0,0,57,put both the alphabet soup and the tomato sauce in the basket,FULL_HIT,0.998387,0.005322,0.002124,0.472824,1.280654,0.010628,0.003686,1.874236,0,0
0,1,0,put both the alphabet soup and the tomato sauce in the basket,FULL_HIT,0.998314,0.006108,0.002747,0.683115,1.982972,0.016732,0.005917,3.019438,0,0
0,1,1,put both the alphabet soup and the tomato sauce in the basket,FULL_HIT,0.998317,0.005889,0.002621,0.619265,1.328843,0.013833,0.005200,2.090174,0,0
0,1,2,put both the alphabet soup and the tomato sauce in the basket,FULL_HIT,0.998226,0.006395,0.003089,0.563590,1.598873,0.015212,0.006125,2.333118,0,0
0,1,3,put both the alphabet soup and the tomato sauce in the basket,FULL_HIT,0.998332,0.005509,0.002780,0.645733,1.617466,0.013078,0.004817,2.397881,0,0
0,1,4,put both the alphabet soup and the tomato sauce in the basket,FULL_HIT,0.998396,0.005556,0.002425,0.608730,1.434470,0.013691,0.004969,2.180005,0,0
0,1,5,put both the alphabet soup and the tomato sauce in the basket,FULL_HIT,0.998472,0.005134,0.002180,0.563331,1.377707,0.015037,0.005107,2.080060,0,0
0,1,6,put both the alphabet soup and the tomato sauce in the basket,FULL_HIT,0.998438,0.005167,0.002213,0.572215,1.182887,0.010174,0.004174,1.875622,0,0
0,1,7,put both the alphabet soup and the tomato sauce in the basket,FULL_HIT,0.998365,0.004901,0.002470,0.434656,1.131967,0.011573,0.004317,1.685690,0,0
0,1,8,put both the alphabet soup and the tomato sauce in the basket,FULL_HIT,0.998210,0.005113,0.002054,0.371995,1.132499,0.011509,0.004020,1.625235,0,0
0,1,9,put both the alphabet soup and the tomato sauce in the basket,FULL_HIT,0.998025,0.006020,0.002702,0.473660,1.125590,0.010598,0.003630,1.724216,0,0
0,1,10,put both the alphabet soup and the tomato sauce in the basket,FULL_HIT,0.997836,0.005346,0.002668,0.579608,1.280043,0.010602,0.004031,1.979716,0,0
0,1,11,put both the alphabet soup and the tomato sauce in the basket,FULL_HIT,0.997581,0.005008,0.002174,0.375018,1.098844,0.010094,0.003624,1.587005,0,0
0,1,12,put both the alphabet soup and the tomato sauce in the basket,FULL_HIT,0.997472,0.005040,0.002390,0.382065,1.077750,0.010730,0.003773,1.569569,0,0
0,1,13,put both the alphabet soup and the tomato sauce in the basket,FULL_HIT,0.997716,0.005412,0.002335,0.328875,1.095021,0.009232,0.003950,1.530593,0,0
0,1,14,put both the alphabet soup and the tomato sauce in the basket,FULL_HIT,0.995723,0.004551,0.021626,0.359507,1.091980,0.010709,0.003642,1.583426,0,0
0,1,15,put both the alphabet soup and the tomato sauce in the basket,FULL_HIT,0.996577,0.005341,0.002695,0.504097,1.155253,0.012090,0.004619,1.789196,0,0
0,1,16,put both the alphabet soup and the tomato sauce in the basket,FULL_HIT,0.996717,0.006320,0.003380,0.632022,1.585680,0.011740,0.004809,2.369464,0,0
0,1,17,put both the alphabet soup and the tomato sauce in the basket,FULL_HIT,0.996785,0.006793,0.002535,0.709343,1.532621,0.012267,0.005756,2.389768,0,0
0,1,18,put both the alphabet soup and the tomato sauce in the basket,FULL_HIT,0.997162,0.005130,0.002021,0.368104,0.959263,0.009057,0.003780,1.438590,0,0
0,1,19,put both the alphabet soup and the tomato sauce in the basket,FULL_HIT,0.997542,0.004965,0.002335,0.429378,1.025608,0.009600,0.003321,1.570233,0,0
0,1,20,put both the alphabet soup and the tomato sauce in the basket,FULL_HIT,0.997827,0.005242,0.002586,0.499531,1.126461,0.011306,0.003834,1.748102,0,0
0,1,21,put both the alphabet soup and the tomato sauce in the basket,FULL_HIT,0.997882,0.005305,0.002311,0.391255,1.044409,0.009537,0.003635,1.547648,0,0
0,1,22,put both the alphabet soup and the tomato sauce in the basket,FULL_HIT,0.997973,0.004932,0.002288,0.500688,1.189076,0.012531,0.004712,1.825926,0,0
0,1,23,put both the alphabet soup and the tomato sauce in the basket,FULL_HIT,0.997946,0.004873,0.002426,0.462777,1.082662,0.011548,0.004577,1.665634,0,0
0,1,24,put both the alphabet soup and the tomato sauce in the basket,FULL_HIT,0.998001,0.006526,0.002822,0.558878,1.259252,0.010592,0.004522,1.941965,0,0
0,1,25,put both the alphabet soup and the tomato sauce in the basket,FULL_HIT,0.997954,0.004746,0.002111,0.425579,1.094529,0.009739,0.003703,1.628225,0,0
0,1,26,put both the alphabet soup and the tomato sauce in the basket,FULL_HIT,0.997860,0.004852,0.002363,0.375480,1.238039,0.010045,0.004141,1.725807,0,0
0,1,27,put both the alphabet soup and the tomato sauce in the basket,FULL_HIT,0.997604,0.004991,0.002429,0.480382,1.097360,0.012168,0.004155,1.703607,0,0
0,1,28,put both the alphabet soup and the tomato sauce in the basket,FULL_HIT,0.996982,0.005026,0.002088,0.533271,1.088314,0.010152,0.003717,1.798325,0,0
0,1,29,put both the alphabet soup and the tomato sauce in the basket,FULL_HIT,0.995892,0.005853,0.002811,0.637328,2.049003,0.018005,0.006791,3.007335,0,0
0,1,30,put both the alphabet soup and the tomato sauce in the basket,FULL_HIT,0.996752,0.004641,0.002270,0.389932,0.952157,0.010264,0.004466,1.451748,0,0
0,1,31,put both the alphabet soup and the tomato sauce in the basket,FULL_HIT,0.996254,0.004799,0.002228,0.519541,1.117272,0.010325,0.004383,1.751287,0,0
0,1,32,put both the alphabet soup and the tomato sauce in the basket,FULL_HIT,0.997141,0.004849,0.001898,0.401778,1.030652,0.010615,0.004034,1.547484,0,0
0,1,33,put both the alphabet soup and the tomato sauce in the basket,FULL_HIT,0.997115,0.005031,0.002561,0.406284,1.166797,0.010925,0.003486,1.692372,0,0
0,1,34,put both the alphabet soup and the tomato sauce in the basket,FULL_HIT,0.997366,0.007613,0.003032,0.520570,1.663825,0.011896,0.004473,2.319028,0,0
0,1,35,put both the alphabet soup and the tomato sauce in the basket,FULL_HIT,0.997353,0.005232,0.002484,0.489010,1.142043,0.011642,0.004106,1.757103,0,0
0,1,36,put both the alphabet soup and the tomato sauce in the basket,FULL_HIT,0.997272,0.005128,0.002487,0.543640,1.025419,0.010871,0.003625,1.694686,0,0
0,1,37,put both the alphabet soup and the tomato sauce in the basket,FULL_HIT,0.997711,0.004912,0.002396,0.407519,1.024143,0.010412,0.003590,1.569946,0,0
0,1,38,put both the alphabet soup and the tomato sauce in the basket,FULL_HIT,0.997789,0.005040,0.002146,0.473485,1.078791,0.011442,0.003698,1.678776,0,0
0,1,39,put both the alphabet soup and the tomato sauce in the basket,FULL_HIT,0.997547,0.005073,0.002069,0.393210,1.013191,0.010856,0.003785,1.523174,0,0
0,1,40,put both the alphabet soup and the tomato sauce in the basket,FULL_HIT,0.997327,0.005218,0.002409,0.624614,1.236523,0.011044,0.004963,1.991505,0,0
0,1,41,put both the alphabet soup and the tomato sauce in the basket,FULL_HIT,0.997360,0.005064,0.002223,1.535273,2.782081,0.048825,0.005175,4.531249,0,0
0,1,42,put both the alphabet soup and the tomato sauce in the basket,FULL_HIT,0.997269,0.004905,0.002159,0.429745,1.058589,0.011196,0.004089,1.606322,0,0
0,1,43,put both the alphabet soup and the tomato sauce in the basket,FULL_HIT,0.997630,0.005159,0.002460,0.350993,1.043586,0.009380,0.003732,1.512350,0,0
0,1,44,put both the alphabet soup and the tomato sauce in the basket,FULL_HIT,0.997451,0.005075,0.002507,0.392302,1.034408,0.010529,0.003823,1.539407,0,0
0,1,45,put both the alphabet soup and the tomato sauce in the basket,FULL_HIT,0.997308,0.004553,0.002322,0.538230,1.293650,0.012401,0.004580,1.961833,0,0
0,1,46,put both the alphabet soup and the tomato sauce in the basket,FULL_HIT,0.997359,0.005099,0.002255,0.490266,1.126137,0.009612,0.004155,1.735295,0,0
0,1,47,put both the alphabet soup and the tomato sauce in the basket,FULL_HIT,0.997734,0.006007,0.002637,0.547526,1.247457,0.011627,0.003840,1.925838,0,0
0,1,48,put both the alphabet soup and the tomato sauce in the basket,FULL_HIT,0.997842,0.004899,0.002270,0.465908,0.979654,0.010733,0.003710,1.566918,0,0
0,1,49,put both the alphabet soup and the tomato sauce in the basket,FULL_HIT,0.997972,0.005501,0.002484,0.567947,1.231357,0.011512,0.003529,1.928635,0,0
0,1,50,put both the alphabet soup and the tomato sauce in the basket,FULL_HIT,0.998101,0.005733,0.002434,0.450367,1.102709,0.012759,0.004250,1.708105,0,0
0,1,51,put both the alphabet soup and the tomato sauce in the basket,FULL_HIT,0.998075,0.005184,0.002536,0.550454,1.354182,0.013276,0.005331,2.046478,0,0
0,1,52,put both the alphabet soup and the tomato sauce in the basket,FULL_HIT,0.998073,0.004921,0.002340,0.547128,1.190015,0.009501,0.004021,1.856224,0,0
0,1,53,put both the alphabet soup and the tomato sauce in the basket,FULL_HIT,0.998083,0.005448,0.002305,0.496793,1.785664,0.016877,0.006544,2.450070,0,0
0,1,54,put both the alphabet soup and the tomato sauce in the basket,FULL_HIT,0.997905,0.005737,0.002732,0.537839,1.066967,0.011514,0.003647,1.727462,0,0
0,1,55,put both the alphabet soup and the tomato sauce in the basket,FULL_HIT,0.997822,0.004899,0.002433,0.410174,1.057061,0.010890,0.003759,1.581578,0,0
0,1,56,put both the alphabet soup and the tomato sauce in the basket,FULL_HIT,0.997866,0.005220,0.002619,0.568015,0.956880,0.010366,0.004140,1.644086,0,0
0,1,57,put both the alphabet soup and the tomato sauce in the basket,FULL_HIT,0.997953,0.018615,0.002448,0.503312,1.241190,0.011169,0.003453,1.879984,0,0
0,2,0,put both the alphabet soup and the tomato sauce in the basket,FULL_HIT,0.997628,0.004836,0.002302,0.408801,1.065783,0.009682,0.004070,1.589874,0,0
0,2,1,put both the alphabet soup and the tomato sauce in the basket,FULL_HIT,0.997763,0.005395,0.001980,0.447136,1.523321,0.012345,0.004744,2.107388,0,0
0,2,2,put both the alphabet soup and the tomato sauce in the basket,FULL_HIT,0.998033,0.005346,0.002151,0.440799,1.052357,0.010056,0.004041,1.609029,0,0
0,2,3,put both the alphabet soup and the tomato sauce in the basket,FULL_HIT,0.998148,0.005752,0.002592,0.391623,1.024875,0.010112,0.003712,1.529971,0,0
0,2,4,put both the alphabet soup and the tomato sauce in the basket,FULL_HIT,0.998163,0.005980,0.002658,0.438782,1.110079,0.010194,0.003886,1.668659,0,0
0,2,5,put both the alphabet soup and the tomato sauce in the basket,FULL_HIT,0.998100,0.005225,0.002792,0.509096,1.221047,0.010478,0.003716,1.852861,0,0
0,2,6,put both the alphabet soup and the tomato sauce in the basket,FULL_HIT,0.998043,0.005185,0.002288,0.381025,1.138894,0.010412,0.003790,1.640926,0,0
0,2,7,put both the alphabet soup and the tomato sauce in the basket,FULL_HIT,0.997962,0.005877,0.002398,0.376864,0.995136,0.009736,0.003891,1.487634,0,0
0,2,8,put both the alphabet soup and the tomato sauce in the basket,FULL_HIT,0.997813,0.007150,0.002413,0.522433,1.142018,0.011163,0.003843,1.791773,0,0
0,2,9,put both the alphabet soup and the tomato sauce in the basket,FULL_HIT,0.997533,0.005097,0.003854,0.439454,1.063587,0.009576,0.003403,1.665260,0,0
0,2,10,put both the alphabet soup and the tomato sauce in the basket,FULL_HIT,0.996982,0.004706,0.002422,0.329244,1.007143,0.010049,0.003683,1.442190,0,0
0,2,11,put both the alphabet soup and the tomato sauce in the basket,FULL_HIT,0.996469,0.004974,0.002509,0.547538,1.146036,0.010641,0.004545,1.813749,0,0
0,2,12,put both the alphabet soup and the tomato sauce in the basket,FULL_HIT,0.997872,0.005733,0.002470,0.584814,1.146129,0.011826,0.004028,1.881752,0,0
0,2,13,put both the alphabet soup and the tomato sauce in the basket,FULL_HIT,0.997882,0.005028,0.002490,0.500273,1.092847,0.009991,0.003631,1.705597,0,0
0,2,14,put both the alphabet soup and the tomato sauce in the basket,FULL_HIT,0.997523,0.004905,0.002590,0.472838,1.373012,0.010035,0.003992,1.965298,0,0
0,2,15,put both the alphabet soup and the tomato sauce in the basket,FULL_HIT,0.997156,0.004870,0.002617,0.340125,1.034607,0.010563,0.004127,1.486752,0,0
0,2,16,put both the alphabet soup and the tomato sauce in the basket,FULL_HIT,0.996513,0.004915,0.002500,0.608952,1.045212,0.010433,0.003389,1.771523,0,0
0,2,17,put both the alphabet soup and the tomato sauce in the basket,FULL_HIT,0.996589,0.005291,0.002400,0.397936,1.026177,0.011323,0.004140,1.535987,0,0
0,2,18,put both the alphabet soup and the tomato sauce in the basket,FULL_HIT,0.997808,0.004853,0.002072,0.418267,1.018513,0.009150,0.003044,1.538421,0,0
0,2,19,put both the alphabet soup and the tomato sauce in the basket,FULL_HIT,0.997965,0.004934,0.017062,0.401594,0.965774,0.009232,0.003160,1.493616,0,0
0,2,20,put both the alphabet soup and the tomato sauce in the basket,FULL_HIT,0.997854,0.004628,0.002499,0.413688,1.122607,0.009786,0.004294,1.654913,0,0
0,2,21,put both the alphabet soup and the tomato sauce in the basket,FULL_HIT,0.998037,0.005066,0.002081,0.339596,0.959712,0.009073,0.003680,1.405428,0,0
0,2,22,put both the alphabet soup and the tomato sauce in the basket,FULL_HIT,0.998116,0.004489,0.002249,0.459534,0.935764,0.009579,0.003894,1.502432,0,0
0,2,23,put both the alphabet soup and the tomato sauce in the basket,FULL_HIT,0.998118,0.030053,0.003138,0.759171,1.376371,0.010013,0.004270,2.295654,0,0
0,2,24,put both the alphabet soup and the tomato sauce in the basket,FULL_HIT,0.998047,0.004991,0.002102,0.321489,0.981820,0.009732,0.003538,1.406133,0,0
0,2,25,put both the alphabet soup and the tomato sauce in the basket,FULL_HIT,0.997939,0.005689,0.002294,0.367313,1.007130,0.009072,0.003963,1.512383,0,0
0,2,26,put both the alphabet soup and the tomato sauce in the basket,FULL_HIT,0.997807,0.005185,0.002272,0.378468,1.010486,0.009174,0.003236,1.502004,0,0
0,2,27,put both the alphabet soup and the tomato sauce in the basket,FULL_HIT,0.997975,0.004961,0.002297,0.420920,1.043634,0.011423,0.004173,1.582508,0,0
0,2,28,put both the alphabet soup and the tomato sauce in the basket,FULL_HIT,0.997938,0.004932,0.002209,0.584885,1.008943,0.009924,0.004280,1.707786,0,0
0,2,29,put both the alphabet soup and the tomato sauce in the basket,FULL_HIT,0.997854,0.004585,0.002628,0.435725,1.049976,0.009461,0.003708,1.621175,0,0
0,2,30,put both the alphabet soup and the tomato sauce in the basket,FULL_HIT,0.997949,0.005169,0.002560,0.382240,1.006254,0.010387,0.003399,1.502806,0,0
0,2,31,put both the alphabet soup and the tomato sauce in the basket,FULL_HIT,0.997716,0.005149,0.002446,0.377354,1.037881,0.010156,0.003704,1.527126,0,0
0,2,32,put both the alphabet soup and the tomato sauce in the basket,FULL_HIT,0.998196,0.004784,0.002098,0.407362,0.965130,0.009526,0.003317,1.483828,0,0
0,2,33,put both the alphabet soup and the tomato sauce in the basket,FULL_HIT,0.998156,0.005310,0.002720,0.501150,1.195389,0.011012,0.004459,1.818558,0,0
0,2,34,put both the alphabet soup and the tomato sauce in the basket,FULL_HIT,0.997982,0.004761,0.002235,0.392804,1.043752,0.010402,0.003862,1.550596,0,0
0,2,35,put both the alphabet soup and the tomato sauce in the basket,FULL_HIT,0.997983,0.005119,0.002352,0.434492,1.068059,0.010902,0.003906,1.615295,0,0
0,2,36,put both the alphabet soup and the tomato sauce in the basket,FULL_HIT,0.998088,0.006473,0.002552,0.525099,1.302060,0.012057,0.003877,1.962914,0,0
0,2,37,put both the alphabet soup and the tomato sauce in the basket,FULL_HIT,0.998279,0.013753,0.005129,1.054733,1.230185,0.010291,0.003452,2.462064,0,0
0,2,38,put both the alphabet soup and the tomato sauce in the basket,FULL_HIT,0.998091,0.004718,0.002448,0.506059,1.124739,0.011506,0.003814,1.753912,0,0
0,2,39,put both the alphabet soup and the tomato sauce in the basket,FULL_HIT,0.997902,0.004360,0.002324,0.468075,1.061847,0.009296,0.003798,1.634834,0,0
0,2,40,put both the alphabet soup and the tomato sauce in the basket,FULL_HIT,0.997612,0.005147,0.002203,0.352698,1.085898,0.011200,0.004722,1.561008,0,0
0,2,41,put both the alphabet soup and the tomato sauce in the basket,FULL_HIT,0.997678,0.005844,0.002865,0.371516,0.964513,0.012127,0.003671,1.475945,0,0
0,2,42,put both the alphabet soup and the tomato sauce in the basket,FULL_HIT,0.997623,0.004902,0.002402,0.321555,0.978496,0.010132,0.003496,1.408629,0,0
0,2,43,put both the alphabet soup and the tomato sauce in the basket,FULL_HIT,0.996702,0.005186,0.002339,0.505386,1.315960,0.011403,0.004511,1.944416,0,0
0,2,44,put both the alphabet soup and the tomato sauce in the basket,FULL_HIT,0.996567,0.005325,0.002659,0.593244,1.458055,0.012699,0.004522,2.196790,0,0
0,2,45,put both the alphabet soup and the tomato sauce in the basket,FULL_HIT,0.996637,0.006514,0.002743,0.536455,1.214179,0.011276,0.003875,1.876362,0,0
0,2,46,put both the alphabet soup and the tomato sauce in the basket,FULL_HIT,0.996493,0.006303,0.002974,0.781884,1.350619,0.010704,0.005030,2.272445,0,0
0,2,47,put both the alphabet soup and the tomato sauce in the basket,FULL_HIT,0.996670,0.005063,0.002051,0.439674,1.285511,0.011764,0.004629,1.849019,0,0
0,2,48,put both the alphabet soup and the tomato sauce in the basket,FULL_HIT,0.996897,0.005090,0.002239,0.400008,1.055187,0.010225,0.003879,1.567277,0,0
0,2,49,put both the alphabet soup and the tomato sauce in the basket,FULL_HIT,0.996848,0.004767,0.002387,0.476096,0.998911,0.009713,0.003461,1.596111,0,0
0,2,50,put both the alphabet soup and the tomato sauce in the basket,FULL_HIT,0.996166,0.004930,0.002453,0.439146,1.336555,0.013432,0.004983,1.917708,0,0
0,2,51,put both the alphabet soup and the tomato sauce in the basket,FULL_HIT,0.994990,0.005366,0.002264,0.524698,1.084087,0.010019,0.004140,1.723874,0,0
0,2,52,put both the alphabet soup and the tomato sauce in the basket,FULL_HIT,0.993096,0.004562,0.002007,0.429201,1.060117,0.009428,0.004053,1.601174,0,0
0,2,53,put both the alphabet soup and the tomato sauce in the basket,FULL_HIT,0.995917,0.004830,0.002174,0.388579,1.027869,0.009675,0.003874,1.526961,0,0
0,2,54,put both the alphabet soup and the tomato sauce in the basket,FULL_HIT,0.995096,0.005621,0.001939,0.412503,1.645830,0.010794,0.003738,2.174167,0,0
0,3,0,put both the alphabet soup and the tomato sauce in the basket,FULL_HIT,0.997083,0.004419,0.002320,0.329367,0.954351,0.008872,0.003321,1.382886,0,0
0,3,1,put both the alphabet soup and the tomato sauce in the basket,FULL_HIT,0.996943,0.004861,0.002376,0.423794,0.970422,0.009189,0.003707,1.500975,0,0
0,3,2,put both the alphabet soup and the tomato sauce in the basket,FULL_HIT,0.996606,0.005232,0.002779,0.397226,1.055141,0.009961,0.003002,1.566613,0,0
0,3,3,put both the alphabet soup and the tomato sauce in the basket,FULL_HIT,0.996421,0.005058,0.002303,0.484722,1.008281,0.009730,0.003746,1.604217,0,0
0,3,4,put both the alphabet soup and the tomato sauce in the basket,FULL_HIT,0.997158,0.011782,0.002985,1.007980,1.244667,0.011196,0.003926,2.420172,0,0
0,3,5,put both the alphabet soup and the tomato sauce in the basket,FULL_HIT,0.997206,0.004985,0.002093,0.401448,1.019173,0.009338,0.003411,1.531549,0,0
0,3,6,put both the alphabet soup and the tomato sauce in the basket,FULL_HIT,0.997512,0.005157,0.002662,0.348202,1.000896,0.010689,0.003798,1.459729,0,0
0,3,7,put both the alphabet soup and the tomato sauce in the basket,FULL_HIT,0.997780,0.005321,0.002423,0.349339,1.012067,0.010718,0.003543,1.470112,0,0
0,3,8,put both the alphabet soup and the tomato sauce in the basket,FULL_HIT,0.997738,0.006101,0.002571,0.443166,1.057718,0.008606,0.003417,1.617793,0,0
0,3,9,put both the alphabet soup and the tomato sauce in the basket,FULL_HIT,0.997673,0.004873,0.002510,0.587336,1.323798,0.011194,0.003823,2.048133,0,0
0,3,10,put both the alphabet soup and the tomato sauce in the basket,FULL_HIT,0.997720,0.006784,0.002721,0.634622,1.354937,0.011662,0.004647,2.128881,0,0
0,3,11,put both the alphabet soup and the tomato sauce in the basket,FULL_HIT,0.997865,0.005550,0.002223,0.448473,2.202183,0.015567,0.005246,2.826757,0,0
0,3,12,put both the alphabet soup and the tomato sauce in the basket,FULL_HIT,0.997839,0.005134,0.002665,0.522884,1.212568,0.011353,0.005002,1.858891,0,0
0,3,13,put both the alphabet soup and the tomato sauce in the basket,FULL_HIT,0.995511,0.006107,0.002274,0.465539,1.240649,0.011899,0.004113,1.846143,0,0
0,3,14,put both the alphabet soup and the tomato sauce in the basket,FULL_HIT,0.995275,0.005881,0.002939,0.754807,1.628867,0.014784,0.005135,2.545309,0,0
0,3,15,put both the alphabet soup and the tomato sauce in the basket,FULL_HIT,0.994388,0.004932,0.001908,0.496343,1.186381,0.010634,0.004021,1.828010,0,0
0,3,16,put both the alphabet soup and the tomato sauce in the basket,FULL_HIT,0.994391,0.005116,0.002417,0.570528,1.588634,0.012868,0.004577,2.310261,0,0
0,3,17,put both the alphabet soup and the tomato sauce in the basket,FULL_HIT,0.994351,0.005799,0.003267,0.667116,1.166299,0.009500,0.004345,1.959042,0,0
0,3,18,put both the alphabet soup and the tomato sauce in the basket,FULL_HIT,0.994502,0.005178,0.002316,0.353694,1.080377,0.009951,0.004308,1.545076,0,0
0,3,19,put both the alphabet soup and the tomato sauce in the basket,FULL_HIT,0.994506,0.004890,0.002376,0.416661,1.106249,0.010838,0.004110,1.637645,0,0
0,3,20,put both the alphabet soup and the tomato sauce in the basket,FULL_HIT,0.994428,0.005166,0.002324,0.450592,1.266746,0.010788,0.003913,1.836955,0,0
0,3,21,put both the alphabet soup and the tomato sauce in the basket,FULL_HIT,0.994441,0.006277,0.002691,0.485061,1.121329,0.011720,0.004622,1.756816,0,0
0,3,22,put both the alphabet soup and the tomato sauce in the basket,FULL_HIT,0.994513,0.004698,0.002510,0.399183,1.020204,0.009760,0.004084,1.533113,0,0
0,3,23,put both the alphabet soup and the tomato sauce in the basket,FULL_HIT,0.994539,0.004871,0.002344,0.441016,1.054962,0.012237,0.003983,1.635748,0,0
0,3,24,put both the alphabet soup and the tomato sauce in the basket,FULL_HIT,0.994494,0.004939,0.002557,0.330206,0.968299,0.009776,0.003619,1.405324,0,0
0,3,25,put both the alphabet soup and the tomato sauce in the basket,FULL_HIT,0.994637,0.004833,0.002284,0.482191,1.135594,0.011141,0.003839,1.728921,0,0
0,3,26,put both the alphabet soup and the tomato sauce in the basket,FULL_HIT,0.994650,0.005102,0.002471,0.526063,1.182345,0.010058,0.003367,1.829321,0,0
0,3,27,put both the alphabet soup and the tomato sauce in the basket,FULL_HIT,0.995311,0.004815,0.002604,0.450848,1.057932,0.010449,0.004704,1.630162,0,0
0,3,28,put both the alphabet soup and the tomato sauce in the basket,FULL_HIT,0.995582,0.006453,0.002843,0.560541,1.687300,0.022319,0.008012,2.447710,0,0
0,3,29,put both the alphabet soup and the tomato sauce in the basket,FULL_HIT,0.995788,0.005618,0.002788,0.626766,1.221015,0.010851,0.003559,1.972133,0,0
0,3,30,put both the alphabet soup and the tomato sauce in the basket,FULL_HIT,0.997419,0.004912,0.002661,0.598081,1.138419,0.010518,0.004079,1.855691,0,0
0,3,31,put both the alphabet soup and the tomato sauce in the basket,FULL_HIT,0.997834,0.005531,0.002337,1.505855,1.218608,0.011572,0.004327,2.856580,0,0
0,3,32,put both the alphabet soup and the tomato sauce in the basket,FULL_HIT,0.997840,0.004819,0.002227,0.521591,1.128037,0.010283,0.003795,1.763568,0,0
0,3,33,put both the alphabet soup and the tomato sauce in the basket,FULL_HIT,0.998029,0.004910,0.002536,0.472418,1.152630,0.009669,0.003914,1.757661,0,0
0,3,34,put both the alphabet soup and the tomato sauce in the basket,FULL_HIT,0.998438,0.004761,0.002340,0.399710,0.975715,0.009326,0.003847,1.487439,0,0
0,3,35,put both the alphabet soup and the tomato sauce in the basket,FULL_HIT,0.998376,0.005976,0.002682,0.545378,1.050984,0.009253,0.003712,1.718471,0,0
0,3,36,put both the alphabet soup and the tomato sauce in the basket,FULL_HIT,0.998453,0.004665,0.002498,0.472675,1.203884,0.010198,0.003778,1.805239,0,0
0,3,37,put both the alphabet soup and the tomato sauce in the basket,FULL_HIT,0.998453,0.009125,0.002480,0.529597,2.715585,0.011616,0.007367,3.439149,0,0
0,3,38,put both the alphabet soup and the tomato sauce in the basket,FULL_HIT,0.998472,0.006329,0.003023,0.601587,1.725414,0.010809,0.003534,2.481367,0,0
0,3,39,put both the alphabet soup and the tomato sauce in the basket,FULL_HIT,0.998471,0.005126,0.002699,0.452258,0.942598,0.010112,0.003715,1.507519,0,0
0,3,40,put both the alphabet soup and the tomato sauce in the basket,FULL_HIT,0.998538,0.005166,0.002367,0.556428,0.989072,0.009815,0.003337,1.664135,0,0
0,3,41,put both the alphabet soup and the tomato sauce in the basket,FULL_HIT,0.998332,0.004981,0.002541,0.535990,1.307318,0.014815,0.004983,1.984995,0,0
0,3,42,put both the alphabet soup and the tomato sauce in the basket,FULL_HIT,0.998111,0.004901,0.002388,0.455741,1.174238,0.011155,0.004104,1.754024,0,0
0,3,43,put both the alphabet soup and the tomato sauce in the basket,FULL_HIT,0.997881,0.005246,0.002587,0.413489,1.299852,0.011945,0.003802,1.842902,0,0
0,3,44,put both the alphabet soup and the tomato sauce in the basket,FULL_HIT,0.997605,0.004679,0.004161,0.424310,1.309402,0.011811,0.004562,1.932322,0,0
0,3,45,put both the alphabet soup and the tomato sauce in the basket,FULL_HIT,0.996918,0.005177,0.002285,0.409885,1.014401,0.010233,0.003473,1.539588,0,0
0,3,46,put both the alphabet soup and the tomato sauce in the basket,FULL_HIT,0.996854,0.004671,0.002066,0.482475,1.340806,0.012428,0.004625,1.950570,0,0
0,3,47,put both the alphabet soup and the tomato sauce in the basket,FULL_HIT,0.995550,0.004610,0.002247,0.448505,0.978987,0.009736,0.003906,1.545773,0,0
0,3,48,put both the alphabet soup and the tomato sauce in the basket,FULL_HIT,0.995093,0.004802,0.002174,0.419839,1.426294,0.013783,0.004895,1.974022,0,0
0,3,49,put both the alphabet soup and the tomato sauce in the basket,FULL_HIT,0.995385,0.005023,0.002075,0.418260,1.064666,0.010519,0.003427,1.599280,0,0
0,3,50,put both the alphabet soup and the tomato sauce in the basket,FULL_HIT,0.995636,0.005219,0.002301,0.393501,1.003521,0.009294,0.004076,1.509346,0,0
0,3,51,put both the alphabet soup and the tomato sauce in the basket,FULL_HIT,0.995989,0.004908,0.002530,0.455363,1.066476,0.011801,0.003848,1.647028,0,0
0,3,52,put both the alphabet soup and the tomato sauce in the basket,FULL_HIT,0.995902,0.005270,0.002536,0.563048,1.456484,0.013536,0.005353,2.162373,0,0
0,3,53,put both the alphabet soup and the tomato sauce in the basket,FULL_HIT,0.995848,0.005166,0.002713,0.457091,0.941228,0.009887,0.003584,1.515104,0,0
0,3,54,put both the alphabet soup and the tomato sauce in the basket,FULL_HIT,0.996136,0.005104,0.002252,0.386607,0.956290,0.009952,0.003634,1.451399,0,0
0,3,55,put both the alphabet soup and the tomato sauce in the basket,FULL_HIT,0.995346,0.004693,0.002491,0.369009,1.009981,0.009766,0.003283,1.488618,0,0
0,3,56,put both the alphabet soup and the tomato sauce in the basket,FULL_HIT,0.995257,0.005131,0.002709,0.380039,1.030969,0.009960,0.004285,1.525406,0,0
0,3,57,put both the alphabet soup and the tomato sauce in the basket,FULL_HIT,0.995631,0.004704,0.002101,0.371313,1.043157,0.009726,0.003127,1.526145,0,0
0,3,58,put both the alphabet soup and the tomato sauce in the basket,FULL_HIT,0.995301,0.004925,0.002125,0.369810,0.950160,0.009503,0.003547,1.433038,0,0
0,4,0,put both the alphabet soup and the tomato sauce in the basket,FULL_HIT,0.998390,0.005191,0.002195,0.379029,1.117641,0.010554,0.003204,1.612475,0,0
0,4,1,put both the alphabet soup and the tomato sauce in the basket,FULL_HIT,0.998309,0.004857,0.002610,0.429072,1.258191,0.013355,0.004098,1.831035,0,0
0,4,2,put both the alphabet soup and the tomato sauce in the basket,FULL_HIT,0.998321,0.005476,0.002271,0.574362,1.213289,0.011044,0.008222,2.112693,0,0
0,4,3,put both the alphabet soup and the tomato sauce in the basket,FULL_HIT,0.998217,0.005050,0.002182,0.521548,1.331169,0.010579,0.004520,1.972027,0,0
0,4,4,put both the alphabet soup and the tomato sauce in the basket,FULL_HIT,0.998264,0.004540,0.002493,0.438034,1.109482,0.010016,0.004281,1.663148,0,0
0,4,5,put both the alphabet soup and the tomato sauce in the basket,FULL_HIT,0.998243,0.006313,0.002538,0.638190,1.380448,0.012543,0.004387,2.192213,0,0
0,4,6,put both the alphabet soup and the tomato sauce in the basket,FULL_HIT,0.998264,0.004915,0.002135,0.471817,1.184359,0.010482,0.004239,1.769476,0,0
0,4,7,put both the alphabet soup and the tomato sauce in the basket,FULL_HIT,0.998365,0.004883,0.002205,0.443290,1.380183,0.012272,0.004877,1.953127,0,0
0,4,8,put both the alphabet soup and the tomato sauce in the basket,FULL_HIT,0.998327,0.005391,0.002323,0.501187,1.090235,0.010723,0.003988,1.708558,0,0
0,4,9,put both the alphabet soup and the tomato sauce in the basket,FULL_HIT,0.998300,0.005655,0.002596,0.527097,1.086835,0.011052,0.004344,1.737676,0,0
0,4,10,put both the alphabet soup and the tomato sauce in the basket,FULL_HIT,0.998021,0.004572,0.002369,0.539178,1.283592,0.010878,0.004282,1.943316,0,0
0,4,11,put both the alphabet soup and the tomato sauce in the basket,FULL_HIT,0.998122,0.005168,0.002103,0.346780,1.045014,0.010101,0.003876,1.497991,0,0
0,4,12,put both the alphabet soup and the tomato sauce in the basket,FULL_HIT,0.997920,0.005490,0.004307,0.591808,1.191184,0.010364,0.004255,1.956413,0,0
0,4,13,put both the alphabet soup and the tomato sauce in the basket,FULL_HIT,0.996971,0.004711,0.001962,0.349321,0.994790,0.008401,0.003668,1.449105,0,0
0,4,14,put both the alphabet soup and the tomato sauce in the basket,FULL_HIT,0.997193,0.004956,0.002250,0.454988,1.280095,0.012087,0.004196,1.855017,0,0
0,4,15,put both the alphabet soup and the tomato sauce in the basket,FULL_HIT,0.996300,0.005874,0.002540,1.055595,1.572162,0.010855,0.003771,2.887168,0,0
0,4,16,put both the alphabet soup and the tomato sauce in the basket,FULL_HIT,0.995987,0.004660,0.002460,0.466717,0.978529,0.009393,0.003349,1.558229,0,0
0,4,17,put both the alphabet soup and the tomato sauce in the basket,FULL_HIT,0.996023,0.004935,0.002658,0.395895,1.004055,0.010028,0.004824,1.517470,0,0
0,4,18,put both the alphabet soup and the tomato sauce in the basket,FULL_HIT,0.996346,0.004658,0.002266,0.400491,1.112959,0.011404,0.004284,1.628131,0,0
0,4,19,put both the alphabet soup and the tomato sauce in the basket,FULL_HIT,0.995906,0.004670,0.002529,0.434836,1.041621,0.009584,0.003858,1.587818,0,0
0,4,20,put both the alphabet soup and the tomato sauce in the basket,FULL_HIT,0.996164,0.004708,0.002605,0.459872,0.992046,0.010118,0.003318,1.565557,0,0
0,4,21,put both the alphabet soup and the tomato sauce in the basket,FULL_HIT,0.996364,0.004958,0.002567,0.410027,1.138932,0.012013,0.004731,1.673675,0,0
0,4,22,put both the alphabet soup and the tomato sauce in the basket,FULL_HIT,0.996610,0.005557,0.002322,0.626624,1.186860,0.010262,0.004163,1.935867,0,0
0,4,23,put both the alphabet soup and the tomato sauce in the basket,FULL_HIT,0.996925,0.005022,0.001998,0.453570,1.079734,0.010487,0.003982,1.647167,0,0
0,4,24,put both the alphabet soup and the tomato sauce in the basket,FULL_HIT,0.997071,0.004861,0.002447,0.507621,1.068386,0.009912,0.003248,1.687394,0,0
0,4,25,put both the alphabet soup and the tomato sauce in the basket,FULL_HIT,0.996887,0.004940,0.002661,0.586779,0.999342,0.011010,0.004145,1.708288,0,0
0,4,26,put both the alphabet soup and the tomato sauce in the basket,FULL_HIT,0.996551,0.005680,0.002762,0.485612,1.030741,0.011471,0.004119,1.656208,0,0
0,4,27,put both the alphabet soup and the tomato sauce in the basket,FULL_HIT,0.996906,0.005401,0.002997,0.533353,1.164193,0.012186,0.004109,1.823851,0,0
0,4,28,put both the alphabet soup and the tomato sauce in the basket,FULL_HIT,0.997130,0.004540,0.002318,0.365417,0.972956,0.009229,0.003460,1.442495,0,0
0,4,29,put both the alphabet soup and the tomato sauce in the basket,FULL_HIT,0.997376,0.005483,0.002737,0.464391,1.236483,0.010983,0.004072,1.827644,0,0
0,4,30,put both the alphabet soup and the tomato sauce in the basket,FULL_HIT,0.997777,0.004478,0.002282,0.408969,1.017786,0.009239,0.003492,1.533842,0,0
0,4,31,put both the alphabet soup and the tomato sauce in the basket,FULL_HIT,0.997675,0.005653,0.002799,0.502708,1.163573,0.010762,0.004196,1.791152,0,0
0,4,32,put both the alphabet soup and the tomato sauce in the basket,FULL_HIT,0.997427,0.004946,0.002282,0.494485,1.107842,0.009822,0.003342,1.712230,0,0
0,4,33,put both the alphabet soup and the tomato sauce in the basket,FULL_HIT,0.997429,0.004601,0.002079,0.617705,1.027126,0.009794,0.003452,1.760697,0,0
0,4,34,put both the alphabet soup and the tomato sauce in the basket,FULL_HIT,0.997653,0.005342,0.002700,0.531565,1.392941,0.011923,0.004663,2.064600,0,0
0,4,35,put both the alphabet soup and the tomato sauce in the basket,FULL_HIT,0.997766,0.007133,0.002374,0.493776,1.432962,0.014737,0.003837,2.060715,0,0
0,4,36,put both the alphabet soup and the tomato sauce in the basket,FULL_HIT,0.997520,0.007288,0.002679,0.734788,1.826445,0.020542,0.006543,2.744326,0,0
0,4,37,put both the alphabet soup and the tomato sauce in the basket,FULL_HIT,0.997288,0.007604,0.002726,0.571921,1.289941,0.015180,0.004616,2.011084,0,0
0,4,38,put both the alphabet soup and the tomato sauce in the basket,FULL_HIT,0.996675,0.009330,0.002611,0.762744,1.438455,0.012395,0.004624,2.365451,0,0
0,4,39,put both the alphabet soup and the tomato sauce in the basket,FULL_HIT,0.996508,0.005611,0.002298,0.406922,1.173730,0.011300,0.004578,1.701918,0,0
0,4,40,put both the alphabet soup and the tomato sauce in the basket,FULL_HIT,0.996141,0.005429,0.002506,0.600417,1.436400,0.012545,0.004979,2.170695,0,0
0,4,41,put both the alphabet soup and the tomato sauce in the basket,FULL_HIT,0.996663,0.005834,0.003174,0.501592,2.479494,0.013543,0.005343,3.128980,0,0
0,4,42,put both the alphabet soup and the tomato sauce in the basket,FULL_HIT,0.995281,0.004976,0.002525,0.459619,1.046679,0.010796,0.003642,1.633715,0,0
0,4,43,put both the alphabet soup and the tomato sauce in the basket,FULL_HIT,0.994493,0.004972,0.002564,0.490068,1.094268,0.010452,0.004149,1.703656,0,0
0,4,44,put both the alphabet soup and the tomato sauce in the basket,FULL_HIT,0.994642,0.004820,0.002317,0.380482,1.176940,0.011253,0.003871,1.669859,0,0
0,4,45,put both the alphabet soup and the tomato sauce in the basket,FULL_HIT,0.994970,0.004872,0.002454,0.365115,0.938367,0.008810,0.003861,1.412201,0,0
0,4,46,put both the alphabet soup and the tomato sauce in the basket,FULL_HIT,0.994462,0.015636,0.006074,0.660725,1.641648,0.014546,0.006225,2.526552,0,0
0,4,47,put both the alphabet soup and the tomato sauce in the basket,FULL_HIT,0.995805,0.005595,0.002547,0.420381,1.172482,0.011724,0.004648,1.716638,0,0
0,4,48,put both the alphabet soup and the tomato sauce in the basket,FULL_HIT,0.994893,0.004978,0.002376,0.553148,1.231579,0.012198,0.004865,1.922646,0,0
0,4,49,put both the alphabet soup and the tomato sauce in the basket,FULL_HIT,0.990526,0.004679,0.002131,0.407525,1.089754,0.010532,0.003555,1.606997,0,0
0,4,50,put both the alphabet soup and the tomato sauce in the basket,FULL_HIT,0.986528,0.005149,0.002035,0.398311,0.975846,0.010319,0.004841,1.489481,0,0
0,4,51,put both the alphabet soup and the tomato sauce in the basket,FULL_HIT,0.991885,0.005489,0.002309,0.523228,1.209883,0.012120,0.004351,1.865404,0,0
0,4,52,put both the alphabet soup and the tomato sauce in the basket,FULL_HIT,0.994220,0.004678,0.002267,0.436561,1.112541,0.010328,0.003934,1.660083,0,0
0,4,53,put both the alphabet soup and the tomato sauce in the basket,FULL_HIT,0.993030,0.005509,0.002277,0.327847,0.962641,0.009047,0.003037,1.392368,0,0
0,4,0,turn on the stove and put the moka pot on it,FULL_HIT,0.995953,0.004791,0.002279,0.333963,1.023621,0.009330,0.003846,1.472292,0,0
0,4,1,turn on the stove and put the moka pot on it,FULL_HIT,0.995350,0.004686,0.002619,0.396336,1.314004,0.010678,0.003767,1.828106,0,0
0,4,2,turn on the stove and put the moka pot on it,FULL_HIT,0.994201,0.005347,0.002378,0.572147,1.125254,0.011440,0.004057,1.826968,0,0
0,4,3,turn on the stove and put the moka pot on it,FULL_HIT,0.993783,0.004844,0.002605,0.505559,1.084162,0.010279,0.004094,1.725188,0,0
0,4,4,turn on the stove and put the moka pot on it,FULL_HIT,0.992768,0.005061,0.002320,0.319028,0.980223,0.008610,0.003771,1.403008,0,0
0,4,5,turn on the stove and put the moka pot on it,FULL_HIT,0.991053,0.005115,0.002429,0.313012,0.990618,0.024089,0.003549,1.425541,0,0
0,4,6,turn on the stove and put the moka pot on it,FULL_HIT,0.987000,0.004685,0.002003,0.343070,0.989432,0.009289,0.003524,1.439814,0,0
0,4,7,turn on the stove and put the moka pot on it,FULL_HIT,0.994089,0.005486,0.002497,0.368894,1.029227,0.010416,0.003793,1.508355,0,0
0,4,8,turn on the stove and put the moka pot on it,FULL_HIT,0.994838,0.005138,0.002314,0.363246,1.235347,0.011701,0.004679,1.722806,0,0
0,4,9,turn on the stove and put the moka pot on it,FULL_HIT,0.975950,0.005661,0.002373,0.429108,1.099426,0.011564,0.004631,1.672476,0,0
0,4,10,turn on the stove and put the moka pot on it,FULL_HIT,0.888588,0.005526,0.002338,0.464986,1.456610,0.011135,0.004495,2.047734,0,0
0,4,11,turn on the stove and put the moka pot on it,FULL_HIT,0.919735,0.005052,0.002372,0.391750,1.015952,0.010391,0.004109,1.521547,0,0
0,4,12,turn on the stove and put the moka pot on it,FULL_HIT,0.928340,0.005255,0.002412,0.523772,1.666761,0.010436,0.003969,2.313901,0,0
0,4,13,turn on the stove and put the moka pot on it,FULL_HIT,0.881884,0.004872,0.002240,0.317874,0.986682,0.008729,0.003701,1.407624,0,0
0,4,14,turn on the stove and put the moka pot on it,FULL_HIT,0.881727,0.004755,0.002235,0.424554,1.021522,0.010792,0.003668,1.557111,0,0
0,4,15,turn on the stove and put the moka pot on it,FULL_HIT,0.919167,0.005209,0.002456,0.486317,1.178296,0.011611,0.004309,1.786218,0,0
0,4,16,turn on the stove and put the moka pot on it,FULL_HIT,0.938134,0.005707,0.002363,0.360964,1.053710,0.008647,0.004296,1.522359,0,0
0,4,17,turn on the stove and put the moka pot on it,FULL_HIT,0.971078,0.004649,0.002240,0.596871,1.110894,0.009908,0.004410,1.819838,0,0
0,4,18,turn on the stove and put the moka pot on it,FULL_HIT,0.973688,0.006435,0.002854,0.680967,1.177343,0.011124,0.003978,1.989085,0,0
0,4,19,turn on the stove and put the moka pot on it,FULL_HIT,0.989296,0.005323,0.002432,0.466098,1.364529,0.011715,0.004601,1.956032,0,0
0,4,20,turn on the stove and put the moka pot on it,FULL_HIT,0.993903,0.005345,0.002401,0.585703,1.009518,0.011167,0.004135,1.719729,0,0
0,4,21,turn on the stove and put the moka pot on it,FULL_HIT,0.993733,0.005464,0.002536,0.847885,1.514769,0.011443,0.004415,2.498960,0,0
0,4,22,turn on the stove and put the moka pot on it,FULL_HIT,0.995417,0.005164,0.003223,0.452601,1.313747,0.010714,0.004177,1.915459,0,0
0,4,23,turn on the stove and put the moka pot on it,FULL_HIT,0.997000,0.007325,0.002639,0.793516,1.493574,0.013552,0.004635,2.438047,0,0
0,4,24,turn on the stove and put the moka pot on it,FULL_HIT,0.997655,0.005229,0.002521,0.566499,1.362432,0.012662,0.005459,2.063020,0,0
0,4,25,turn on the stove and put the moka pot on it,FULL_HIT,0.997213,0.004742,0.002506,0.576570,1.062323,0.010198,0.004773,1.759471,0,0
0,4,26,turn on the stove and put the moka pot on it,FULL_HIT,0.997329,0.005215,0.002431,0.641924,1.181509,0.011778,0.004438,1.952128,0,0
0,4,27,turn on the stove and put the moka pot on it,FULL_HIT,0.997532,0.006219,0.002631,0.514644,1.328875,0.012481,0.006765,2.004582,0,0
0,4,28,turn on the stove and put the moka pot on it,FULL_HIT,0.997548,0.005873,0.002655,0.525237,1.461349,0.012821,0.004481,2.132749,0,0
0,4,29,turn on the stove and put the moka pot on it,FULL_HIT,0.997738,0.005119,0.002169,0.635625,1.536660,0.017637,0.005453,2.324245,0,0
0,4,30,turn on the stove and put the moka pot on it,FULL_HIT,0.997814,0.005811,0.002783,0.618467,1.345226,0.013433,0.004993,2.108727,0,0
0,4,31,turn on the stove and put the moka pot on it,FULL_HIT,0.997922,0.005973,0.002113,0.513094,1.209238,0.012325,0.004167,1.851885,0,0
0,4,32,turn on the stove and put the moka pot on it,FULL_HIT,0.997934,0.005644,0.002180,0.382221,0.972394,0.009212,0.003776,1.492486,0,0
0,4,33,turn on the stove and put the moka pot on it,FULL_HIT,0.997697,0.004836,0.002169,0.369619,0.938897,0.009650,0.003637,1.415964,0,0
0,4,34,turn on the stove and put the moka pot on it,FULL_HIT,0.997697,0.020358,0.003010,0.485809,1.203827,0.010513,0.003847,1.848537,0,0
0,4,35,turn on the stove and put the moka pot on it,FULL_HIT,0.997724,0.006028,0.002393,0.529563,1.826668,0.013232,0.005808,2.536723,0,0
0,4,36,turn on the stove and put the moka pot on it,FULL_HIT,0.997604,0.005629,0.002784,0.434628,1.148292,0.010879,0.003944,1.745203,0,0
0,4,37,turn on the stove and put the moka pot on it,FULL_HIT,0.996784,0.005603,0.002372,0.609220,2.416528,0.016612,0.006999,3.195929,0,0
0,4,38,turn on the stove and put the moka pot on it,FULL_HIT,0.996566,0.008415,0.003622,0.619068,1.375834,0.015081,0.004485,2.224132,0,0
0,4,39,turn on the stove and put the moka pot on it,FULL_HIT,0.995178,0.006147,0.002630,0.859455,1.505802,0.011809,0.005387,2.522346,0,0
0,4,40,turn on the stove and put the moka pot on it,FULL_HIT,0.993924,0.005353,0.003060,0.559619,1.416551,0.014526,0.004995,2.120972,0,0
0,4,41,turn on the stove and put the moka pot on it,FULL_HIT,0.994233,0.005330,0.002675,0.400038,1.177970,0.011167,0.004532,1.708896,0,0
0,4,42,turn on the stove and put the moka pot on it,FULL_HIT,0.995961,0.005155,0.002161,0.394745,1.310402,0.012179,0.005369,1.834845,0,0
0,4,43,turn on the stove and put the moka pot on it,FULL_HIT,0.996331,0.005846,0.002361,0.513849,1.196247,0.012593,0.005495,1.846774,0,0
0,4,44,turn on the stove and put the moka pot on it,FULL_HIT,0.993453,0.005466,0.002134,0.425386,0.972004,0.009159,0.003270,1.525745,0,0
0,4,45,turn on the stove and put the moka pot on it,FULL_HIT,0.991009,0.006092,0.002466,0.406383,0.981761,0.010753,0.004345,1.513229,0,0
0,4,46,turn on the stove and put the moka pot on it,FULL_HIT,0.990791,0.005966,0.002571,0.459314,1.185666,0.011140,0.005016,1.768866,0,0
0,4,47,turn on the stove and put the moka pot on it,FULL_HIT,0.990747,0.005988,0.003027,0.610538,1.371716,0.011534,0.004897,2.121741,0,0
0,4,48,turn on the stove and put the moka pot on it,FULL_HIT,0.991015,0.004822,0.002082,0.332988,1.045939,0.009653,0.003688,1.489112,0,0
0,4,49,turn on the stove and put the moka pot on it,FULL_HIT,0.992369,0.005276,0.002358,0.419071,1.147425,0.011133,0.003433,1.679440,0,0
0,5,0,put both the cream cheese box and the butter in the basket,FULL_HIT,0.998871,0.004610,0.002015,0.549851,1.197804,0.012162,0.004391,1.877085,0,0
0,5,1,put both the cream cheese box and the butter in the basket,FULL_HIT,0.998839,0.005447,0.002200,0.437433,0.959344,0.009553,0.003490,1.509496,0,0
0,5,2,put both the cream cheese box and the butter in the basket,FULL_HIT,0.998831,0.006238,0.002565,0.512027,1.166035,0.013054,0.004384,1.811209,0,0
0,5,3,put both the cream cheese box and the butter in the basket,FULL_HIT,0.998828,0.005808,0.002733,0.519723,1.210410,0.011879,0.003858,1.860472,0,0
0,5,4,put both the cream cheese box and the butter in the basket,FULL_HIT,0.998833,0.006739,0.024390,0.903778,1.265904,0.012514,0.004145,2.345552,0,0
0,5,5,put both the cream cheese box and the butter in the basket,FULL_HIT,0.998830,0.006141,0.002704,0.430616,1.079113,0.009352,0.003185,1.626856,0,0
0,5,6,put both the cream cheese box and the butter in the basket,FULL_HIT,0.998820,0.006324,0.002587,0.729948,1.295278,0.010737,0.004958,2.159258,0,0
0,5,7,put both the cream cheese box and the butter in the basket,FULL_HIT,0.998777,0.005639,0.002550,0.483522,1.143481,0.012504,0.004776,1.763306,0,0
0,5,8,put both the cream cheese box and the butter in the basket,FULL_HIT,0.998763,0.004884,0.002052,0.420357,0.907996,0.011786,0.004501,1.452674,0,0
0,5,9,put both the cream cheese box and the butter in the basket,FULL_HIT,0.998760,0.005053,0.002145,0.363338,0.910672,0.023624,0.004057,1.404291,0,0
0,5,10,put both the cream cheese box and the butter in the basket,FULL_HIT,0.998477,0.005420,0.002366,0.632639,1.553210,0.014990,0.005597,2.338357,0,0
0,5,11,put both the cream cheese box and the butter in the basket,FULL_HIT,0.998437,0.004785,0.002862,0.549401,0.928353,0.010997,0.003477,1.590612,0,0
0,5,12,put both the cream cheese box and the butter in the basket,FULL_HIT,0.998298,0.008012,0.004995,1.306671,1.171817,0.012149,0.003855,2.638037,0,0
0,5,13,put both the cream cheese box and the butter in the basket,FULL_HIT,0.998229,0.004845,0.002244,0.458859,1.163487,0.013085,0.005029,1.752602,0,0
0,5,14,put both the cream cheese box and the butter in the basket,FULL_HIT,0.998364,0.004814,0.002656,0.393833,1.082991,0.009567,0.003522,1.587916,0,0
0,5,15,put both the cream cheese box and the butter in the basket,FULL_HIT,0.998427,0.005396,0.002441,0.420945,1.048126,0.009796,0.003432,1.576380,0,0
0,5,16,put both the cream cheese box and the butter in the basket,FULL_HIT,0.998593,0.004843,0.002180,0.418996,0.930242,0.009235,0.003818,1.454017,0,0
0,5,17,put both the cream cheese box and the butter in the basket,FULL_HIT,0.998637,0.004813,0.002433,0.413480,0.992889,0.010166,0.003534,1.517699,0,0
0,5,18,put both the cream cheese box and the butter in the basket,FULL_HIT,0.998563,0.005189,0.002229,0.487727,0.989682,0.010006,0.004601,1.598281,0,0
0,5,19,put both the cream cheese box and the butter in the basket,FULL_HIT,0.998292,0.004638,0.002231,0.390878,0.921952,0.009812,0.003375,1.425808,0,0
0,5,20,put both the cream cheese box and the butter in the basket,FULL_HIT,0.997871,0.005032,0.002348,0.435266,0.946502,0.009801,0.003599,1.493271,0,0
0,5,21,put both the cream cheese box and the butter in the basket,FULL_HIT,0.997401,0.004773,0.002209,0.459750,0.926622,0.010885,0.003925,1.506687,0,0
0,5,22,put both the cream cheese box and the butter in the basket,FULL_HIT,0.997522,0.004830,0.002092,0.406508,0.913568,0.010356,0.003581,1.434079,0,0
0,5,23,put both the cream cheese box and the butter in the basket,FULL_HIT,0.997797,0.005343,0.002052,0.367485,0.915521,0.009952,0.004071,1.396443,0,0
0,5,24,put both the cream cheese box and the butter in the basket,FULL_HIT,0.997737,0.004831,0.002163,0.350617,0.983233,0.010348,0.003208,1.444292,0,0
0,5,25,put both the cream cheese box and the butter in the basket,FULL_HIT,0.997108,0.004785,0.002151,0.637812,1.125987,0.010084,0.004564,1.879482,0,0
0,5,26,put both the cream cheese box and the butter in the basket,FULL_HIT,0.996975,0.004617,0.001979,0.429821,0.896213,0.010443,0.003612,1.469533,0,0
0,5,27,put both the cream cheese box and the butter in the basket,FULL_HIT,0.995305,0.005131,0.002155,0.502040,1.410402,0.012182,0.004576,2.043801,0,0
0,5,28,put both the cream cheese box and the butter in the basket,FULL_HIT,0.997431,0.005244,0.002383,0.538519,1.017212,0.010867,0.003501,1.673788,0,0
0,5,29,put both the cream cheese box and the butter in the basket,FULL_HIT,0.997493,0.005298,0.002183,0.464097,1.226421,0.011348,0.003750,1.813893,0,0
0,5,30,put both the cream cheese box and the butter in the basket,FULL_HIT,0.997584,0.005257,0.002236,0.495078,1.058961,0.009741,0.004016,1.688045,0,0
0,5,31,put both the cream cheese box and the butter in the basket,FULL_HIT,0.997953,0.004528,0.002191,0.398295,1.050869,0.011282,0.004141,1.569944,0,0
0,5,32,put both the cream cheese box and the butter in the basket,FULL_HIT,0.998256,0.004831,0.002261,0.345137,0.931553,0.009120,0.003405,1.382974,0,0
0,5,33,put both the cream cheese box and the butter in the basket,FULL_HIT,0.998239,0.005099,0.002395,0.434640,1.017791,0.010376,0.003923,1.566439,0,0
0,5,34,put both the cream cheese box and the butter in the basket,FULL_HIT,0.997947,0.005309,0.002394,0.430215,0.983970,0.011560,0.004098,1.552380,0,0
0,5,35,put both the cream cheese box and the butter in the basket,FULL_HIT,0.997809,0.006194,0.002651,0.617311,1.406428,0.013116,0.003939,2.172055,0,0
0,5,36,put both the cream cheese box and the butter in the basket,FULL_HIT,0.997889,0.006844,0.003217,0.509425,1.113175,0.010855,0.004375,1.752979,0,0
0,5,37,put both the cream cheese box and the butter in the basket,FULL_HIT,0.997313,0.005128,0.002332,0.394874,0.989601,0.010075,0.003819,1.497867,0,0
0,5,38,put both the cream cheese box and the butter in the basket,FULL_HIT,0.998218,0.021217,0.002137,0.381360,0.977022,0.009420,0.003487,1.484788,0,0
0,5,39,put both the cream cheese box and the butter in the basket,FULL_HIT,0.998300,0.006006,0.002453,0.641967,1.603031,0.016459,0.005813,2.405443,0,0
0,5,40,put both the cream cheese box and the butter in the basket,FULL_HIT,0.998238,0.005362,0.002110,0.434641,0.884144,0.010106,0.003395,1.432157,0,0
0,5,41,put both the cream cheese box and the butter in the basket,FULL_HIT,0.998497,0.005388,0.002278,0.386942,1.045251,0.011347,0.004383,1.549296,0,0
0,5,42,put both the cream cheese box and the butter in the basket,FULL_HIT,0.998616,0.005331,0.002509,0.465156,1.080457,0.010488,0.004195,1.662974,0,0
0,5,43,put both the cream cheese box and the butter in the basket,FULL_HIT,0.998707,0.005043,0.002277,0.378517,0.988489,0.009488,0.003450,1.478623,0,0
0,5,44,put both the cream cheese box and the butter in the basket,FULL_HIT,0.998696,0.004822,0.002724,0.518230,0.902116,0.009451,0.003911,1.540344,0,0
0,5,45,put both the cream cheese box and the butter in the basket,FULL_HIT,0.998668,0.005223,0.002419,0.390781,1.038718,0.009938,0.004360,1.548693,0,0
0,5,46,put both the cream cheese box and the butter in the basket,FULL_HIT,0.998621,0.005420,0.002522,0.533203,1.056199,0.009795,0.003682,1.743509,0,0
0,5,47,put both the cream cheese box and the butter in the basket,FULL_HIT,0.998496,0.005049,0.002563,0.509513,0.999631,0.011390,0.003702,1.633351,0,0
0,5,48,put both the cream cheese box and the butter in the basket,FULL_HIT,0.998200,0.005772,0.002522,0.531341,1.623340,0.018956,0.005706,2.310672,0,0
0,5,49,put both the cream cheese box and the butter in the basket,FULL_HIT,0.998310,0.005825,0.002363,0.604323,1.129349,0.010774,0.003868,1.865723,0,0
0,6,0,put both the cream cheese box and the butter in the basket,FULL_HIT,0.998407,0.005366,0.002237,0.488654,1.159590,0.011055,0.003784,1.773833,0,0
0,6,1,put both the cream cheese box and the butter in the basket,FULL_HIT,0.998473,0.004869,0.002157,0.491603,0.993834,0.010633,0.004135,1.601353,0,0
0,6,2,put both the cream cheese box and the butter in the basket,FULL_HIT,0.998423,0.005123,0.002427,0.471608,0.921455,0.009664,0.003931,1.510310,0,0
0,6,3,put both the cream cheese box and the butter in the basket,FULL_HIT,0.998518,0.005034,0.002493,0.406665,0.926914,0.009802,0.004270,1.467466,0,0
0,6,4,put both the cream cheese box and the butter in the basket,FULL_HIT,0.998561,0.005059,0.002593,0.395770,1.356962,0.012440,0.005408,1.877885,0,0
0,6,5,put both the cream cheese box and the butter in the basket,FULL_HIT,0.998517,0.004972,0.002375,0.344094,1.284505,0.011595,0.004480,1.747037,0,0
0,6,6,put both the cream cheese box and the butter in the basket,FULL_HIT,0.998462,0.005005,0.002457,0.532841,1.038285,0.011112,0.004380,1.694392,0,0
0,6,7,put both the cream cheese box and the butter in the basket,FULL_HIT,0.998508,0.005300,0.002141,0.411273,0.953175,0.009854,0.003902,1.479481,0,0
0,6,8,put both the cream cheese box and the butter in the basket,FULL_HIT,0.998531,0.005191,0.002213,0.453792,0.922189,0.009471,0.004020,1.494905,0,0
0,6,9,put both the cream cheese box and the butter in the basket,FULL_HIT,0.998406,0.005200,0.002390,0.359468,0.914925,0.009300,0.003814,1.381331,0,0
0,6,10,put both the cream cheese box and the butter in the basket,FULL_HIT,0.997407,0.006074,0.002907,0.650917,1.828127,0.031490,0.006875,2.665667,0,0
0,6,11,put both the cream cheese box and the butter in the basket,FULL_HIT,0.995914,0.005229,0.002338,0.400220,1.012247,0.011214,0.003787,1.530040,0,0
0,6,12,put both the cream cheese box and the butter in the basket,FULL_HIT,0.994901,0.005549,0.002426,0.436993,1.260612,0.011491,0.004395,1.825779,0,0
0,6,13,put both the cream cheese box and the butter in the basket,FULL_HIT,0.996750,0.004312,0.002373,0.363581,0.957822,0.010531,0.003839,1.430463,0,0
0,6,14,put both the cream cheese box and the butter in the basket,FULL_HIT,0.997093,0.006574,0.002516,0.613000,1.088754,0.010357,0.003475,1.843945,0,0
0,6,15,put both the cream cheese box and the butter in the basket,FULL_HIT,0.997060,0.005035,0.002197,0.356302,1.072009,0.009756,0.003538,1.542210,0,0
0,6,16,put both the cream cheese box and the butter in the basket,FULL_HIT,0.995763,0.005190,0.002497,0.356702,1.003889,0.009570,0.003917,1.476917,0,0
0,6,17,put both the cream cheese box and the butter in the basket,FULL_HIT,0.994909,0.004877,0.002357,0.441427,1.073927,0.010609,0.003789,1.629617,0,0
0,6,18,put both the cream cheese box and the butter in the basket,FULL_HIT,0.994297,0.005515,0.002330,0.676595,0.962452,0.010231,0.003763,1.759818,0,0
0,6,19,put both the cream cheese box and the butter in the basket,FULL_HIT,0.994143,0.004494,0.002475,0.364698,0.933999,0.010440,0.004605,1.411879,0,0
0,6,20,put both the cream cheese box and the butter in the basket,FULL_HIT,0.994500,0.004958,0.002410,0.398343,1.081366,0.011788,0.004743,1.602243,0,0
0,6,21,put both the cream cheese box and the butter in the basket,FULL_HIT,0.994113,0.004633,0.002300,0.439357,0.973579,0.008937,0.003513,1.516972,0,0
0,6,22,put both the cream cheese box and the butter in the basket,FULL_HIT,0.996296,0.005643,0.002171,0.480086,1.002260,0.010939,0.004336,1.601035,0,0
0,6,23,put both the cream cheese box and the butter in the basket,FULL_HIT,0.997450,0.005018,0.002165,0.428951,1.010300,0.011218,0.004054,1.558812,0,0
0,6,24,put both the cream cheese box and the butter in the basket,FULL_HIT,0.996873,0.005250,0.002523,0.414101,0.950259,0.010140,0.004026,1.479706,0,0
0,6,25,put both the cream cheese box and the butter in the basket,FULL_HIT,0.995896,0.004878,0.002348,0.391407,0.983953,0.010910,0.003836,1.485658,0,0
0,6,26,put both the cream cheese box and the butter in the basket,FULL_HIT,0.995791,0.005207,0.002107,0.498635,1.218048,0.012723,0.004765,1.846926,0,0
0,6,27,put both the cream cheese box and the butter in the basket,FULL_HIT,0.995828,0.005139,0.002216,0.805923,1.041724,0.010985,0.004273,1.974609,0,0
0,6,28,put both the cream cheese box and the butter in the basket,FULL_HIT,0.997336,0.006012,0.002565,0.594413,1.157819,0.011969,0.004279,1.879784,0,0
0,6,29,put both the cream cheese box and the butter in the basket,FULL_HIT,0.997512,0.005763,0.002904,0.475854,0.925576,0.009720,0.003653,1.521548,0,0
0,6,30,put both the cream cheese box and the butter in the basket,FULL_HIT,0.997778,0.004958,0.002456,0.304577,1.233674,0.009827,0.003892,1.665956,0,0
0,6,31,put both the cream cheese box and the butter in the basket,FULL_HIT,0.998010,0.004261,0.002076,0.357181,0.898031,0.009467,0.003539,1.352266,0,0
0,6,32,put both the cream cheese box and the butter in the basket,FULL_HIT,0.998120,0.005011,0.002141,0.443218,0.974790,0.008893,0.003543,1.528876,0,0
0,6,33,put both the cream cheese box and the butter in the basket,FULL_HIT,0.997981,0.004872,0.001757,0.382989,1.009638,0.008931,0.004471,1.495003,0,0
0,6,34,put both the cream cheese box and the butter in the basket,FULL_HIT,0.997765,0.004993,0.002577,0.319533,0.901343,0.009211,0.003443,1.322560,0,0
0,6,35,put both the cream cheese box and the butter in the basket,FULL_HIT,0.997291,0.005745,0.002692,0.590291,1.181880,0.012320,0.004491,1.903654,0,0
0,6,36,put both the cream cheese box and the butter in the basket,FULL_HIT,0.997554,0.005041,0.002322,0.296280,0.885298,0.008796,0.003764,1.284316,0,0
0,6,37,put both the cream cheese box and the butter in the basket,FULL_HIT,0.997540,0.004991,0.002153,0.303576,0.870754,0.008513,0.003724,1.290644,0,0
0,6,38,put both the cream cheese box and the butter in the basket,FULL_HIT,0.997673,0.004654,0.002241,0.321298,0.938144,0.009814,0.003877,1.364125,0,0
0,6,39,put both the cream cheese box and the butter in the basket,FULL_HIT,0.997739,0.005007,0.002347,0.445034,0.987500,0.010271,0.003290,1.540093,0,0
0,6,40,put both the cream cheese box and the butter in the basket,FULL_HIT,0.997870,0.005389,0.002321,0.391860,1.036886,0.011068,0.004411,1.545486,0,0
0,6,41,put both the cream cheese box and the butter in the basket,FULL_HIT,0.997842,0.005309,0.002400,0.384529,0.886441,0.009157,0.003943,1.395372,0,0
0,6,42,put both the cream cheese box and the butter in the basket,FULL_HIT,0.997935,0.005682,0.002498,0.435252,1.296266,0.013966,0.004424,1.936580,0,0
0,6,43,put both the cream cheese box and the butter in the basket,FULL_HIT,0.997951,0.004989,0.001890,0.468271,1.467061,0.013624,0.004908,2.069835,0,0
0,6,44,put both the cream cheese box and the butter in the basket,FULL_HIT,0.997982,0.005146,0.002317,0.531952,1.030110,0.010328,0.004066,1.685573,0,0
0,6,45,put both the cream cheese box and the butter in the basket,FULL_HIT,0.997993,0.004504,0.002632,0.384770,1.018730,0.009727,0.003452,1.517221,0,0
0,6,46,put both the cream cheese box and the butter in the basket,FULL_HIT,0.998189,0.005213,0.002440,0.590494,1.047733,0.011131,0.004014,1.761364,0,0
0,6,47,put both the cream cheese box and the butter in the basket,FULL_HIT,0.998058,0.005369,0.002368,0.451750,1.222679,0.012062,0.004834,1.800111,0,0
0,7,0,put both the cream cheese box and the butter in the basket,FULL_HIT,0.997400,0.008321,0.003439,0.866843,1.160806,0.011126,0.003800,2.179984,0,0
0,7,1,put both the cream cheese box and the butter in the basket,FULL_HIT,0.997515,0.006142,0.002577,0.610168,1.158143,0.010431,0.003833,1.902349,0,0
0,7,2,put both the cream cheese box and the butter in the basket,FULL_HIT,0.997570,0.004869,0.002334,0.387209,0.943567,0.009977,0.003551,1.468263,0,0
0,7,3,put both the cream cheese box and the butter in the basket,FULL_HIT,0.997978,0.005104,0.002200,0.456247,0.961527,0.008821,0.003700,1.527294,0,0
0,7,4,put both the cream cheese box and the butter in the basket,FULL_HIT,0.998129,0.004853,0.002577,0.377636,0.965606,0.009791,0.003809,1.454056,0,0
0,7,5,put both the cream cheese box and the butter in the basket,FULL_HIT,0.998251,0.004845,0.002139,0.359871,0.872030,0.008578,0.003995,1.336389,0,0
0,7,6,put both the cream cheese box and the butter in the basket,FULL_HIT,0.998422,0.004828,0.002461,0.381597,0.895977,0.009577,0.003695,1.385783,0,0
0,7,7,put both the cream cheese box and the butter in the basket,FULL_HIT,0.998556,0.004992,0.002378,0.385498,0.871388,0.009488,0.003613,1.365542,0,0
0,7,8,put both the cream cheese box and the butter in the basket,FULL_HIT,0.998272,0.007781,0.002806,0.570045,1.847381,0.018025,0.005244,2.573047,0,0
0,7,9,put both the cream cheese box and the butter in the basket,FULL_HIT,0.998157,0.005548,0.001981,0.571222,1.195722,0.011635,0.005219,1.909769,0,0
0,7,10,put both the cream cheese box and the butter in the basket,FULL_HIT,0.997090,0.005154,0.002402,0.624963,1.240366,0.013062,0.004113,1.997363,0,0
0,7,11,put both the cream cheese box and the butter in the basket,FULL_HIT,0.994001,0.005349,0.002732,0.623376,1.250782,0.011857,0.004112,2.002405,0,0
0,7,12,put both the cream cheese box and the butter in the basket,FULL_HIT,0.992620,0.006243,0.002602,0.485642,1.272219,0.012763,0.004042,1.889203,0,0
0,7,13,put both the cream cheese box and the butter in the basket,FULL_HIT,0.994093,0.005106,0.002218,0.419864,1.128239,0.012737,0.004368,1.694126,0,0
0,7,14,put both the cream cheese box and the butter in the basket,FULL_HIT,0.994402,0.005006,0.002370,0.616733,1.110669,0.010148,0.003852,1.846344,0,0
0,7,15,put both the cream cheese box and the butter in the basket,FULL_HIT,0.991949,0.004813,0.002244,0.419313,1.037555,0.009982,0.004417,1.570321,0,0
0,7,16,put both the cream cheese box and the butter in the basket,FULL_HIT,0.992791,0.004787,0.002295,0.506302,0.931917,0.009663,0.003413,1.544837,0,0
0,7,17,put both the cream cheese box and the butter in the basket,FULL_HIT,0.992741,0.005337,0.002284,0.336279,0.898204,0.008574,0.003282,1.339541,0,0
0,7,18,put both the cream cheese box and the butter in the basket,FULL_HIT,0.989187,0.005878,0.002525,0.437483,0.924335,0.008619,0.003888,1.475729,0,0
0,7,19,put both the cream cheese box and the butter in the basket,FULL_HIT,0.992597,0.005557,0.002047,0.579564,1.558482,0.014304,0.005657,2.288659,0,0
0,7,20,put both the cream cheese box and the butter in the basket,FULL_HIT,0.994856,0.004464,0.002652,0.488865,0.993814,0.010953,0.004545,1.597610,0,0
0,7,21,put both the cream cheese box and the butter in the basket,FULL_HIT,0.994848,0.004948,0.002593,0.444659,1.042790,0.009344,0.004031,1.606421,0,0
0,7,22,put both the cream cheese box and the butter in the basket,FULL_HIT,0.996709,0.005138,0.002421,0.452417,0.880755,0.009566,0.003252,1.442526,0,0
0,7,23,put both the cream cheese box and the butter in the basket,FULL_HIT,0.996189,0.004839,0.002342,0.468621,0.952911,0.009416,0.003431,1.528806,0,0
0,7,24,put both the cream cheese box and the butter in the basket,FULL_HIT,0.995916,0.004728,0.002050,0.415566,0.977958,0.008597,0.003412,1.497131,0,0
0,7,25,put both the cream cheese box and the butter in the basket,FULL_HIT,0.992925,0.006477,0.002591,0.556157,1.152479,0.010873,0.004387,1.841170,0,0
0,7,26,put both the cream cheese box and the butter in the basket,FULL_HIT,0.994646,0.005571,0.002289,0.455549,0.965017,0.010056,0.004249,1.540829,0,0
0,7,27,put both the cream cheese box and the butter in the basket,FULL_HIT,0.997492,0.005031,0.002234,0.451802,0.914136,0.009502,0.003796,1.476044,0,0
0,7,28,put both the cream cheese box and the butter in the basket,FULL_HIT,0.997629,0.004795,0.002363,0.348180,0.902724,0.010536,0.003417,1.358643,0,0
0,7,29,put both the cream cheese box and the butter in the basket,FULL_HIT,0.997497,0.005853,0.002434,0.512393,1.272722,0.011716,0.004671,1.918066,0,0
0,7,30,put both the cream cheese box and the butter in the basket,FULL_HIT,0.997494,0.005925,0.002549,0.441083,0.912929,0.009409,0.003718,1.481607,0,0
0,7,31,put both the cream cheese box and the butter in the basket,FULL_HIT,0.997618,0.004541,0.002464,0.309222,1.181798,0.011250,0.003683,1.602777,0,0
0,7,32,put both the cream cheese box and the butter in the basket,FULL_HIT,0.997676,0.004673,0.002092,0.363411,0.998833,0.009926,0.003846,1.473481,0,0
0,7,33,put both the cream cheese box and the butter in the basket,FULL_HIT,0.998042,0.005314,0.001853,0.358487,0.898260,0.009103,0.003691,1.365466,0,0
0,7,34,put both the cream cheese box and the butter in the basket,FULL_HIT,0.997819,0.005836,0.002761,0.544298,1.011126,0.009280,0.003621,1.683942,0,0
0,7,35,put both the cream cheese box and the butter in the basket,FULL_HIT,0.997476,0.005709,0.002108,0.424888,1.104377,0.012787,0.004119,1.675193,0,0
0,7,36,put both the cream cheese box and the butter in the basket,FULL_HIT,0.996471,0.005880,0.002430,0.558341,1.075211,0.011271,0.004244,1.764521,0,0
0,7,37,put both the cream cheese box and the butter in the basket,FULL_HIT,0.996784,0.005186,0.002249,0.634350,1.129501,0.010791,0.004947,1.891139,0,0
0,7,38,put both the cream cheese box and the butter in the basket,FULL_HIT,0.997269,0.007212,0.002819,0.500209,1.303468,0.011171,0.005779,1.941275,0,0
0,7,39,put both the cream cheese box and the butter in the basket,FULL_HIT,0.997485,0.006816,0.002362,0.419535,0.933149,0.009761,0.003720,1.506154,0,0
0,7,40,put both the cream cheese box and the butter in the basket,FULL_HIT,0.997990,0.005455,0.001958,0.401866,0.995037,0.009467,0.004445,1.512034,0,0
0,7,41,put both the cream cheese box and the butter in the basket,FULL_HIT,0.997983,0.005102,0.002317,0.369073,1.353040,0.012106,0.004646,1.847416,0,0
0,7,42,put both the cream cheese box and the butter in the basket,FULL_HIT,0.997770,0.005587,0.002389,0.499589,1.176113,0.010849,0.004723,1.802714,0,0
0,7,43,put both the cream cheese box and the butter in the basket,FULL_HIT,0.997732,0.004548,0.002478,0.395904,1.187026,0.011157,0.004051,1.711820,0,0
0,7,44,put both the cream cheese box and the butter in the basket,FULL_HIT,0.996692,0.005210,0.002599,0.397817,0.996855,0.010297,0.003685,1.507703,0,0
0,7,45,put both the cream cheese box and the butter in the basket,FULL_HIT,0.996591,0.005994,0.002384,0.408615,1.010889,0.009889,0.004373,1.541146,0,0
0,8,0,put both the cream cheese box and the butter in the basket,FULL_HIT,0.997790,0.005314,0.002222,0.509444,1.179835,0.010950,0.004257,1.847541,0,0
0,8,1,put both the cream cheese box and the butter in the basket,FULL_HIT,0.997838,0.005804,0.002079,0.346103,0.914578,0.010960,0.004437,1.396460,0,0
0,8,2,put both the cream cheese box and the butter in the basket,FULL_HIT,0.997883,0.005429,0.002421,0.460481,0.977952,0.011073,0.003904,1.559956,0,0
0,8,3,put both the cream cheese box and the butter in the basket,FULL_HIT,0.997930,0.004845,0.002442,0.874663,1.069946,0.010303,0.004079,2.131156,0,0
0,8,4,put both the cream cheese box and the butter in the basket,FULL_HIT,0.998146,0.005278,0.002424,0.433887,1.021645,0.011850,0.003895,1.573033,0,0
0,8,5,put both the cream cheese box and the butter in the basket,FULL_HIT,0.998317,0.005317,0.002485,0.364815,0.950460,0.009918,0.004248,1.453112,0,0
0,8,6,put both the cream cheese box and the butter in the basket,FULL_HIT,0.998319,0.004816,0.002176,0.331095,0.869708,0.008429,0.003471,1.299816,0,0
0,8,7,put both the cream cheese box and the butter in the basket,FULL_HIT,0.998387,0.006622,0.002951,0.653963,1.129594,0.011440,0.004072,1.921187,0,0
0,8,8,put both the cream cheese box and the butter in the basket,FULL_HIT,0.998186,0.005169,0.002234,0.345525,0.909863,0.010487,0.004014,1.365010,0,0
0,8,9,put both the cream cheese box and the butter in the basket,FULL_HIT,0.997703,0.006320,0.002375,0.435388,1.613353,0.025104,0.012671,2.255758,0,0
0,8,10,put both the cream cheese box and the butter in the basket,FULL_HIT,0.996930,0.005027,0.002338,0.372285,1.085409,0.010001,0.004074,1.568392,0,0
0,8,11,put both the cream cheese box and the butter in the basket,FULL_HIT,0.993777,0.005226,0.002031,0.441996,1.055953,0.009639,0.003769,1.608900,0,0
0,8,12,put both the cream cheese box and the butter in the basket,FULL_HIT,0.991285,0.004982,0.002386,0.393983,1.020720,0.011008,0.003590,1.529885,0,0
0,8,13,put both the cream cheese box and the butter in the basket,FULL_HIT,0.993779,0.004783,0.002178,0.343529,0.889104,0.008523,0.003231,1.358304,0,0
0,8,14,put both the cream cheese box and the butter in the basket,FULL_HIT,0.996106,0.005728,0.002743,0.519993,0.963961,0.025007,0.003890,1.616519,0,0
0,8,15,put both the cream cheese box and the butter in the basket,FULL_HIT,0.995770,0.004831,0.002445,0.398202,1.259731,0.015430,0.005326,1.804444,0,0
0,8,16,put both the cream cheese box and the butter in the basket,FULL_HIT,0.994419,0.005270,0.003120,0.559148,0.976439,0.011196,0.003898,1.682770,0,0
0,8,17,put both the cream cheese box and the butter in the basket,FULL_HIT,0.993842,0.005549,0.002526,0.507418,0.971232,0.010005,0.003442,1.599865,0,0
0,8,18,put both the cream cheese box and the butter in the basket,FULL_HIT,0.994370,0.004629,0.002335,0.394094,0.939408,0.010366,0.003523,1.445116,0,0
0,8,19,put both the cream cheese box and the butter in the basket,FULL_HIT,0.994344,0.005116,0.002287,0.439043,0.989501,0.009791,0.004173,1.537784,0,0
0,8,20,put both the cream cheese box and the butter in the basket,FULL_HIT,0.995507,0.004809,0.002309,0.428017,0.927555,0.009316,0.004046,1.464110,0,0
0,8,21,put both the cream cheese box and the butter in the basket,FULL_HIT,0.996618,0.004596,0.002453,0.868491,1.421762,0.014031,0.004650,2.437961,0,0
0,8,22,put both the cream cheese box and the butter in the basket,FULL_HIT,0.997138,0.005019,0.002417,0.514306,0.958743,0.010716,0.003730,1.592512,0,0
0,8,23,put both the cream cheese box and the butter in the basket,FULL_HIT,0.998140,0.005858,0.002563,0.545938,1.208165,0.010601,0.004005,1.877008,0,0
0,8,24,put both the cream cheese box and the butter in the basket,FULL_HIT,0.998272,0.005293,0.002694,1.592625,1.094159,0.010441,0.003551,2.834574,0,0
0,8,25,put both the cream cheese box and the butter in the basket,FULL_HIT,0.997859,0.005091,0.002158,0.503257,1.002182,0.009613,0.003695,1.617760,0,0
0,8,26,put both the cream cheese box and the butter in the basket,FULL_HIT,0.997563,0.005206,0.002253,0.408461,1.091491,0.011107,0.004056,1.616171,0,0
0,8,27,put both the cream cheese box and the butter in the basket,FULL_HIT,0.997460,0.005232,0.002135,0.415409,1.089287,0.010638,0.003535,1.620231,0,0
0,8,28,put both the cream cheese box and the butter in the basket,FULL_HIT,0.997781,0.005087,0.002027,0.373515,0.961965,0.009834,0.003330,1.437298,0,0
0,8,29,put both the cream cheese box and the butter in the basket,FULL_HIT,0.997992,0.006359,0.002899,0.658264,1.219332,0.010660,0.003635,2.013813,0,0
0,8,30,put both the cream cheese box and the butter in the basket,FULL_HIT,0.997822,0.005074,0.002038,0.635257,0.928775,0.010332,0.003514,1.681002,0,0
0,8,31,put both the cream cheese box and the butter in the basket,FULL_HIT,0.997770,0.005479,0.002313,0.372874,0.954811,0.010015,0.003472,1.441497,0,0
0,8,32,put both the cream cheese box and the butter in the basket,FULL_HIT,0.997716,0.004776,0.002497,0.310196,0.912079,0.009739,0.004063,1.326859,0,0
0,8,33,put both the cream cheese box and the butter in the basket,FULL_HIT,0.998006,0.004324,0.002115,0.310094,1.012246,0.009182,0.003803,1.425447,0,0
0,8,34,put both the cream cheese box and the butter in the basket,FULL_HIT,0.997645,0.004875,0.002126,0.351711,1.471330,0.020555,0.007831,2.022753,0,0
0,8,35,put both the cream cheese box and the butter in the basket,FULL_HIT,0.997798,0.005554,0.002306,0.461684,1.269250,0.014760,0.004660,1.900426,0,0
0,8,36,put both the cream cheese box and the butter in the basket,FULL_HIT,0.997502,0.005204,0.002400,0.366090,0.928895,0.009695,0.003854,1.408808,0,0
0,8,37,put both the cream cheese box and the butter in the basket,FULL_HIT,0.995509,0.004624,0.002512,0.360037,0.909354,0.009916,0.003716,1.376923,0,0
0,8,38,put both the cream cheese box and the butter in the basket,FULL_HIT,0.996237,0.005162,0.002386,0.471240,1.116650,0.015945,0.006132,1.733032,0,0
0,8,39,put both the cream cheese box and the butter in the basket,FULL_HIT,0.996421,0.005676,0.002418,0.391546,0.889428,0.009116,0.004262,1.410492,0,0
0,8,40,put both the cream cheese box and the butter in the basket,FULL_HIT,0.997026,0.004741,0.002095,0.328798,0.981757,0.009922,0.004463,1.422822,0,0
0,8,41,put both the cream cheese box and the butter in the basket,FULL_HIT,0.997078,0.004903,0.002648,0.502128,0.871864,0.009137,0.003794,1.483862,0,0
0,8,42,put both the cream cheese box and the butter in the basket,FULL_HIT,0.997118,0.005387,0.002154,0.333154,1.429769,0.009671,0.003743,1.875448,0,0
0,8,43,put both the cream cheese box and the butter in the basket,FULL_HIT,0.997291,0.004755,0.002409,0.442661,1.510967,0.011702,0.004903,2.080910,0,0
0,8,44,put both the cream cheese box and the butter in the basket,FULL_HIT,0.997137,0.004969,0.002526,0.409320,1.383102,0.011714,0.004195,1.919490,0,0
0,8,45,put both the cream cheese box and the butter in the basket,FULL_HIT,0.996993,0.005337,0.002423,0.527320,0.947230,0.010250,0.003531,1.589527,0,0
0,8,46,put both the cream cheese box and the butter in the basket,FULL_HIT,0.996908,0.004565,0.002870,0.535695,1.115372,0.010759,0.004194,1.781370,0,0
0,8,47,put both the cream cheese box and the butter in the basket,FULL_HIT,0.997450,0.004969,0.002400,0.730193,2.478206,0.013677,0.004731,3.368323,0,0
0,9,0,put both the cream cheese box and the butter in the basket,FULL_HIT,0.998277,0.005764,0.002157,0.777067,1.337053,0.014369,0.020059,2.373739,0,0
0,9,1,put both the cream cheese box and the butter in the basket,FULL_HIT,0.998261,0.004801,0.002610,0.506229,1.287113,0.014231,0.005277,1.940446,0,0
0,9,2,put both the cream cheese box and the butter in the basket,FULL_HIT,0.998153,0.005270,0.002517,0.394021,1.038640,0.011444,0.004163,1.553541,0,0
0,9,3,put both the cream cheese box and the butter in the basket,FULL_HIT,0.998426,0.006185,0.002739,0.662704,1.410271,0.014124,0.004942,2.244225,0,0
0,9,4,put both the cream cheese box and the butter in the basket,FULL_HIT,0.998531,0.006881,0.002869,0.583397,1.250774,0.011805,0.004287,1.972346,0,0
0,9,5,put both the cream cheese box and the butter in the basket,FULL_HIT,0.998550,0.004829,0.002163,0.349059,1.044958,0.010930,0.004054,1.525492,0,0
0,9,6,put both the cream cheese box and the butter in the basket,FULL_HIT,0.998542,0.005064,0.002327,0.478402,0.946694,0.009116,0.003330,1.535280,0,0
0,9,7,put both the cream cheese box and the butter in the basket,FULL_HIT,0.998501,0.005650,0.002277,0.353238,0.999408,0.009606,0.003473,1.461116,0,0
0,9,8,put both the cream cheese box and the butter in the basket,FULL_HIT,0.998674,0.005879,0.002277,0.584846,1.263504,0.013843,0.005184,1.994610,0,0
0,9,9,put both the cream cheese box and the butter in the basket,FULL_HIT,0.998726,0.005072,0.002333,0.400438,1.002225,0.009949,0.003778,1.509135,0,0
0,9,10,put both the cream cheese box and the butter in the basket,FULL_HIT,0.998653,0.011168,0.005145,0.648544,0.945823,0.008999,0.003385,1.756532,0,0
0,9,11,put both the cream cheese box and the butter in the basket,FULL_HIT,0.998499,0.005197,0.002328,0.304277,0.954703,0.009085,0.003086,1.357613,0,0
0,9,12,put both the cream cheese box and the butter in the basket,FULL_HIT,0.996768,0.004950,0.002373,0.417641,0.910396,0.008694,0.004208,1.431955,0,0
0,9,13,put both the cream cheese box and the butter in the basket,FULL_HIT,0.997488,0.007074,0.003668,0.367172,0.931164,0.009800,0.004122,1.436919,0,0
0,9,14,put both the cream cheese box and the butter in the basket,FULL_HIT,0.997644,0.004861,0.002309,0.324954,1.260474,0.010815,0.004278,1.691218,0,0
0,9,15,put both the cream cheese box and the butter in the basket,FULL_HIT,0.997402,0.004535,0.002046,0.324981,1.199091,0.012367,0.004367,1.641719,0,0
0,9,16,put both the cream cheese box and the butter in the basket,FULL_HIT,0.996861,0.005314,0.002661,0.671563,1.083086,0.010830,0.003720,1.883763,0,0
0,9,17,put both the cream cheese box and the butter in the basket,FULL_HIT,0.996798,0.005202,0.002407,0.318283,1.010975,0.010075,0.003306,1.436239,0,0
0,9,18,put both the cream cheese box and the butter in the basket,FULL_HIT,0.996766,0.005187,0.002240,0.416636,0.941800,0.010983,0.004280,1.503318,0,0
0,9,19,put both the cream cheese box and the butter in the basket,FULL_HIT,0.997175,0.005083,0.002534,0.340824,0.895550,0.008344,0.003838,1.345028,0,0
0,9,20,put both the cream cheese box and the butter in the basket,FULL_HIT,0.997212,0.005565,0.001891,0.438037,1.025230,0.010526,0.003576,1.579928,0,0
0,9,21,put both the cream cheese box and the butter in the basket,FULL_HIT,0.996840,0.005957,0.002694,0.451053,1.047378,0.010397,0.004227,1.625615,0,0
0,9,22,put both the cream cheese box and the butter in the basket,FULL_HIT,0.997551,0.007831,0.002571,0.514946,1.044405,0.010053,0.004218,1.804923,0,0
0,9,23,put both the cream cheese box and the butter in the basket,FULL_HIT,0.997636,0.004675,0.002306,0.449729,1.142668,0.010382,0.004554,1.706354,0,0
0,9,24,put both the cream cheese box and the butter in the basket,FULL_HIT,0.997459,0.004470,0.002716,0.462609,0.919529,0.011494,0.003807,1.501591,0,0
0,9,25,put both the cream cheese box and the butter in the basket,FULL_HIT,0.996733,0.005191,0.022896,0.387798,1.006037,0.010544,0.003827,1.531404,0,0
0,9,26,put both the cream cheese box and the butter in the basket,FULL_HIT,0.996406,0.005236,0.002095,0.397513,0.881545,0.009941,0.003362,1.388193,0,0
0,9,27,put both the cream cheese box and the butter in the basket,FULL_HIT,0.996353,0.005148,0.002653,0.415729,0.896861,0.008967,0.003474,1.437753,0,0
0,9,28,put both the cream cheese box and the butter in the basket,FULL_HIT,0.995310,0.006353,0.002088,0.427125,0.934773,0.010014,0.003600,1.491445,0,0
0,9,29,put both the cream cheese box and the butter in the basket,FULL_HIT,0.997489,0.005249,0.002426,0.404447,0.924497,0.011913,0.004266,1.451368,0,0
0,9,30,put both the cream cheese box and the butter in the basket,FULL_HIT,0.997581,0.005230,0.002070,0.390462,1.107887,0.011369,0.004504,1.651180,0,0
0,9,31,put both the cream cheese box and the butter in the basket,FULL_HIT,0.997451,0.006263,0.002555,0.816381,0.996823,0.010485,0.003959,1.952562,0,0
0,9,32,put both the cream cheese box and the butter in the basket,FULL_HIT,0.997546,0.005777,0.002143,0.507349,1.463796,0.014386,0.005230,2.111649,0,0
0,9,33,put both the cream cheese box and the butter in the basket,FULL_HIT,0.997901,0.006891,0.002982,0.545526,1.026796,0.011021,0.004059,1.709076,0,0
0,9,34,put both the cream cheese box and the butter in the basket,FULL_HIT,0.997479,0.004719,0.002140,0.379371,1.029403,0.009687,0.003487,1.512684,0,0
0,9,35,put both the cream cheese box and the butter in the basket,FULL_HIT,0.997887,0.005033,0.002090,0.380165,0.992700,0.009480,0.004085,1.473791,0,0
0,9,36,put both the cream cheese box and the butter in the basket,FULL_HIT,0.998074,0.005332,0.002270,0.496398,0.995019,0.013283,0.004441,1.619478,0,0
0,9,37,put both the cream cheese box and the butter in the basket,FULL_HIT,0.996989,0.004880,0.002111,0.415799,0.952648,0.010922,0.004477,1.483050,0,0
0,9,38,put both the cream cheese box and the butter in the basket,FULL_HIT,0.996668,0.005153,0.001997,0.689624,0.947589,0.009845,0.003669,1.753615,0,0
0,9,39,put both the cream cheese box and the butter in the basket,FULL_HIT,0.996390,0.005563,0.002352,0.674006,1.585646,0.013114,0.005291,2.406212,0,0
0,9,40,put both the cream cheese box and the butter in the basket,FULL_HIT,0.996053,0.006036,0.002933,0.560818,1.577443,0.014293,0.004577,2.297388,0,0
0,9,41,put both the cream cheese box and the butter in the basket,FULL_HIT,0.996392,0.005322,0.002659,0.683060,1.248873,0.011683,0.004345,2.060963,0,0
0,9,42,put both the cream cheese box and the butter in the basket,FULL_HIT,0.997552,0.004617,0.002186,0.401314,0.993914,0.008970,0.003694,1.501004,0,0
0,9,43,put both the cream cheese box and the butter in the basket,FULL_HIT,0.997115,0.007065,0.002596,0.584049,1.626748,0.015956,0.006340,2.392088,0,0
0,9,44,put both the cream cheese box and the butter in the basket,FULL_HIT,0.997260,0.005214,0.002525,0.541489,1.068556,0.011496,0.003934,1.733549,0,0
0,9,45,put both the cream cheese box and the butter in the basket,FULL_HIT,0.995335,0.004795,0.002590,0.362328,0.916431,0.010534,0.004005,1.408714,0,0
0,9,46,put both the cream cheese box and the butter in the basket,FULL_HIT,0.995176,0.005087,0.002056,0.440062,0.998183,0.013258,0.004104,1.566870,0,0
0,9,47,put both the cream cheese box and the butter in the basket,FULL_HIT,0.995807,0.005392,0.002326,0.397722,0.945418,0.011306,0.004297,1.461900,0,0
0,9,48,put both the cream cheese box and the butter in the basket,FULL_HIT,0.997408,0.004775,0.002105,0.367518,0.970351,0.010642,0.004053,1.467335,0,0
0,10,0,pick up the book and place it in the back compartment of the caddy,FULL_HIT,0.998695,0.005744,0.002649,0.641864,1.191393,0.011644,0.004790,1.968450,0,0
0,10,1,pick up the book and place it in the back compartment of the caddy,FULL_HIT,0.998685,0.005061,0.002137,0.623060,0.910521,0.010519,0.003579,1.656662,0,0
0,10,2,pick up the book and place it in the back compartment of the caddy,FULL_HIT,0.998687,0.005132,0.002730,0.525885,0.822334,0.010112,0.003338,1.464289,0,0
0,10,3,pick up the book and place it in the back compartment of the caddy,FULL_HIT,0.998684,0.005144,0.002157,0.540018,0.901010,0.010442,0.003736,1.556017,0,0
0,10,4,pick up the book and place it in the back compartment of the caddy,FULL_HIT,0.998718,0.006352,0.003301,0.740267,1.106473,0.011136,0.003909,2.069630,0,0
0,10,5,pick up the book and place it in the back compartment of the caddy,FULL_HIT,0.998746,0.005352,0.001852,0.495591,1.595277,0.012947,0.004663,2.235217,0,0
0,10,6,pick up the book and place it in the back compartment of the caddy,FULL_HIT,0.998735,0.018092,0.008705,0.617186,0.975232,0.011622,0.004491,1.829543,0,0
0,10,7,pick up the book and place it in the back compartment of the caddy,FULL_HIT,0.998712,0.004513,0.002165,0.423103,1.085080,0.011693,0.005255,1.630268,0,0
0,10,8,pick up the book and place it in the back compartment of the caddy,FULL_HIT,0.998613,0.005653,0.002665,0.645985,1.144949,0.013230,0.004511,1.948739,0,0
0,10,9,pick up the book and place it in the back compartment of the caddy,FULL_HIT,0.998598,0.005810,0.002290,0.641869,1.189501,0.011468,0.004107,1.964551,0,0
0,10,10,pick up the book and place it in the back compartment of the caddy,FULL_HIT,0.998608,0.005085,0.002789,0.635107,1.117801,0.011019,0.003648,1.877563,0,0
0,10,11,pick up the book and place it in the back compartment of the caddy,FULL_HIT,0.998446,0.005355,0.002483,0.449515,0.951065,0.009950,0.003582,1.529611,0,0
0,10,12,pick up the book and place it in the back compartment of the caddy,FULL_HIT,0.997104,0.005149,0.002641,0.496242,0.925011,0.012406,0.031160,1.580750,0,0
0,10,13,pick up the book and place it in the back compartment of the caddy,FULL_HIT,0.998474,0.005478,0.002499,0.542761,1.149306,0.010442,0.004010,1.816414,0,0
0,10,14,pick up the book and place it in the back compartment of the caddy,FULL_HIT,0.998397,0.004770,0.002263,0.345731,1.439598,0.011456,0.005001,1.923707,0,0
0,10,15,pick up the book and place it in the back compartment of the caddy,FULL_HIT,0.998149,0.004670,0.002207,0.332045,0.846512,0.014502,0.015054,1.332328,0,0
0,10,16,pick up the book and place it in the back compartment of the caddy,FULL_HIT,0.998018,0.005009,0.002346,0.408532,0.893624,0.009572,0.004011,1.411471,0,0
0,10,17,pick up the book and place it in the back compartment of the caddy,FULL_HIT,0.997989,0.005150,0.002562,0.528514,0.967382,0.010276,0.003586,1.621129,0,0
0,10,18,pick up the book and place it in the back compartment of the caddy,FULL_HIT,0.997725,0.004750,0.002491,0.435345,0.916313,0.009053,0.003455,1.464905,0,0
0,10,19,pick up the book and place it in the back compartment of the caddy,FULL_HIT,0.997654,0.004978,0.002425,0.324524,0.822687,0.009284,0.003679,1.253414,0,0
0,10,20,pick up the book and place it in the back compartment of the caddy,FULL_HIT,0.997060,0.004423,0.002412,0.363295,0.819190,0.009255,0.003792,1.291892,0,0
0,10,21,pick up the book and place it in the back compartment of the caddy,FULL_HIT,0.996534,0.004834,0.002207,0.336557,0.838480,0.009372,0.003505,1.279323,0,0
0,10,22,pick up the book and place it in the back compartment of the caddy,FULL_HIT,0.995966,0.004982,0.002002,0.510357,0.950754,0.009804,0.003947,1.573098,0,0
0,10,23,pick up the book and place it in the back compartment of the caddy,FULL_HIT,0.995248,0.004027,0.001811,0.336326,0.859062,0.008398,0.003798,1.290414,0,0
0,10,24,pick up the book and place it in the back compartment of the caddy,FULL_HIT,0.995006,0.005689,0.002314,0.534616,1.218890,0.014605,0.006003,1.903344,0,0
0,10,25,pick up the book and place it in the back compartment of the caddy,FULL_HIT,0.995597,0.005569,0.002745,0.610772,1.241347,0.014338,0.004288,1.995287,0,0
0,10,26,pick up the book and place it in the back compartment of the caddy,FULL_HIT,0.995456,0.005647,0.002786,0.414668,0.884842,0.009258,0.003996,1.412436,0,0
0,10,27,pick up the book and place it in the back compartment of the caddy,FULL_HIT,0.994942,0.005112,0.002574,0.564263,0.992087,0.010525,0.003901,1.694277,0,0
0,10,28,pick up the book and place it in the back compartment of the caddy,FULL_HIT,0.995078,0.004680,0.002211,0.409461,0.845727,0.010045,0.003851,1.369752,0,0
0,10,29,pick up the book and place it in the back compartment of the caddy,FULL_HIT,0.994441,0.004637,0.002057,0.409118,0.858425,0.010724,0.005296,1.385883,0,0
0,10,30,pick up the book and place it in the back compartment of the caddy,FULL_HIT,0.995608,0.005153,0.002315,0.346608,0.918989,0.011483,0.004088,1.383467,0,0
0,10,31,pick up the book and place it in the back compartment of the caddy,FULL_HIT,0.994827,0.004713,0.002043,0.421659,0.836501,0.009964,0.003840,1.368787,0,0
0,10,32,pick up the book and place it in the back compartment of the caddy,FULL_HIT,0.992342,0.004811,0.002366,0.530218,0.908178,0.011218,0.004098,1.562038,0,0
0,11,0,turn on the stove and put the moka pot on it,FULL_HIT,0.998845,0.005379,0.002362,0.319142,1.276937,0.012564,0.004874,1.724339,0,0
0,11,1,turn on the stove and put the moka pot on it,FULL_HIT,0.998747,0.006072,0.002931,0.532843,1.504952,0.027821,0.005631,2.246808,0,0
0,11,2,turn on the stove and put the moka pot on it,FULL_HIT,0.998663,0.005046,0.002178,0.453862,1.000423,0.009133,0.003771,1.562015,0,0
0,11,3,turn on the stove and put the moka pot on it,FULL_HIT,0.998497,0.005984,0.002338,0.331071,0.986764,0.009218,0.003863,1.452757,0,0
0,11,4,turn on the stove and put the moka pot on it,FULL_HIT,0.998365,0.004976,0.002365,0.432549,0.989865,0.010521,0.004019,1.539779,0,0
0,11,5,turn on the stove and put the moka pot on it,FULL_HIT,0.998315,0.005844,0.003094,0.690528,1.305538,0.012308,0.004715,2.139486,0,0
0,11,6,turn on the stove and put the moka pot on it,FULL_HIT,0.998380,0.004738,0.002202,0.467382,1.004638,0.009893,0.003227,1.582334,0,0
0,11,7,turn on the stove and put the moka pot on it,FULL_HIT,0.998361,0.004957,0.002205,0.397452,1.474934,0.014160,0.005571,2.028627,0,0
0,11,8,turn on the stove and put the moka pot on it,FULL_HIT,0.998375,0.004601,0.002593,0.389565,0.970222,0.010325,0.003759,1.465722,0,0
0,11,9,turn on the stove and put the moka pot on it,FULL_HIT,0.998524,0.005353,0.002736,0.447524,1.229915,0.009577,0.003984,1.804670,0,0
0,11,10,turn on the stove and put the moka pot on it,FULL_HIT,0.998481,0.004304,0.001944,0.311680,1.197589,0.009225,0.002903,1.611611,0,0
0,11,11,turn on the stove and put the moka pot on it,FULL_HIT,0.996219,0.004885,0.002775,0.380877,0.924463,0.009396,0.003827,1.411831,0,0
0,11,12,turn on the stove and put the moka pot on it,FULL_HIT,0.994495,0.004694,0.002294,0.344573,1.089972,0.010795,0.004177,1.545439,0,0
0,11,13,turn on the stove and put the moka pot on it,FULL_HIT,0.991408,0.005288,0.002334,0.342929,0.969660,0.009091,0.003743,1.416248,0,0
0,11,14,turn on the stove and put the moka pot on it,FULL_HIT,0.990406,0.005046,0.002383,0.445595,1.030370,0.010377,0.003458,1.583734,0,0
0,11,15,turn on the stove and put the moka pot on it,FULL_HIT,0.983103,0.004958,0.002706,0.412923,1.024396,0.009604,0.003990,1.552896,0,0
0,11,16,turn on the stove and put the moka pot on it,FULL_HIT,0.945987,0.004975,0.002318,0.354672,1.087977,0.010470,0.004109,1.573670,0,0
0,11,17,turn on the stove and put the moka pot on it,FULL_HIT,0.961972,0.004916,0.022346,0.335854,1.065469,0.010962,0.005021,1.540535,0,0
0,11,18,turn on the stove and put the moka pot on it,FULL_HIT,0.963806,0.005246,0.002259,0.369752,0.922641,0.009154,0.004076,1.402547,0,0
0,11,19,turn on the stove and put the moka pot on it,FULL_HIT,0.984737,0.005410,0.002501,0.521397,1.403185,0.011303,0.004571,2.050512,0,0
0,11,20,turn on the stove and put the moka pot on it,FULL_HIT,0.993587,0.005202,0.002719,0.504600,1.221088,0.010423,0.004031,1.843357,0,0
0,11,21,turn on the stove and put the moka pot on it,FULL_HIT,0.994581,0.004976,0.002834,0.540851,1.295657,0.015040,0.004438,1.978591,0,0
0,11,22,turn on the stove and put the moka pot on it,FULL_HIT,0.996875,0.005067,0.002138,0.426884,1.218109,0.013981,0.004769,1.777341,0,0
0,11,23,turn on the stove and put the moka pot on it,FULL_HIT,0.996817,0.004910,0.002174,0.385760,1.018198,0.015198,0.005483,1.540001,0,0
0,11,24,turn on the stove and put the moka pot on it,FULL_HIT,0.997917,0.007423,0.003385,0.864662,1.734902,0.012448,0.004516,2.766506,0,0
0,11,25,turn on the stove and put the moka pot on it,FULL_HIT,0.998100,0.004819,0.002632,0.542225,1.098595,0.010762,0.004167,1.760202,0,0
0,11,26,turn on the stove and put the moka pot on it,FULL_HIT,0.998074,0.005168,0.002103,0.444743,1.079254,0.009899,0.003542,1.632915,0,0
0,11,27,turn on the stove and put the moka pot on it,FULL_HIT,0.997753,0.005305,0.003422,0.719344,1.706065,0.012701,0.004825,2.603600,0,0
0,11,28,turn on the stove and put the moka pot on it,FULL_HIT,0.997228,0.005001,0.002551,0.459345,1.129043,0.009005,0.003927,1.699367,0,0
0,11,29,turn on the stove and put the moka pot on it,FULL_HIT,0.997448,0.004482,0.002396,0.366640,1.000975,0.009699,0.003563,1.473188,0,0
0,11,30,turn on the stove and put the moka pot on it,FULL_HIT,0.997415,0.005065,0.002241,0.348228,1.020141,0.010304,0.003471,1.476217,0,0
0,11,31,turn on the stove and put the moka pot on it,FULL_HIT,0.996920,0.004928,0.002345,0.382790,1.047183,0.010640,0.003921,1.561264,0,0
0,11,32,turn on the stove and put the moka pot on it,FULL_HIT,0.996552,0.005150,0.002190,0.445206,1.024565,0.010857,0.003876,1.584480,0,0
0,11,33,turn on the stove and put the moka pot on it,FULL_HIT,0.996440,0.005415,0.002372,0.378422,1.041534,0.009784,0.003182,1.533527,0,0
0,11,34,turn on the stove and put the moka pot on it,FULL_HIT,0.996235,0.005155,0.002482,0.458751,1.027799,0.010843,0.003658,1.627817,0,0
0,11,35,turn on the stove and put the moka pot on it,FULL_HIT,0.996381,0.005407,0.002569,0.528347,1.051351,0.013247,0.004616,1.718256,0,0
0,11,36,turn on the stove and put the moka pot on it,FULL_HIT,0.995753,0.004910,0.002270,0.521825,1.167199,0.011949,0.004346,1.812502,0,0
0,11,37,turn on the stove and put the moka pot on it,FULL_HIT,0.995873,0.006714,0.003213,0.495742,1.271313,0.013255,0.004848,1.915096,0,0
0,11,38,turn on the stove and put the moka pot on it,FULL_HIT,0.995739,0.004994,0.002380,0.455845,1.044860,0.011659,0.004597,1.629161,0,0
0,11,39,turn on the stove and put the moka pot on it,FULL_HIT,0.995849,0.005965,0.002434,0.441928,1.025239,0.010768,0.004559,1.622477,0,0
0,11,40,turn on the stove and put the moka pot on it,FULL_HIT,0.993193,0.005015,0.002281,0.468792,0.962495,0.010029,0.003689,1.542455,0,0
0,11,41,turn on the stove and put the moka pot on it,FULL_HIT,0.995627,0.005206,0.002579,0.653163,1.130863,0.010672,0.004338,1.911202,0,0
0,11,42,turn on the stove and put the moka pot on it,FULL_HIT,0.996198,0.005236,0.002510,0.636036,1.258345,0.013901,0.005506,2.041828,0,0
0,11,43,turn on the stove and put the moka pot on it,FULL_HIT,0.994223,0.005065,0.002153,0.406973,0.981482,0.010306,0.004179,1.502093,0,0
0,11,44,turn on the stove and put the moka pot on it,FULL_HIT,0.988760,0.005933,0.002822,0.458935,1.344138,0.009278,0.003194,1.926313,0,0
0,11,45,turn on the stove and put the moka pot on it,FULL_HIT,0.986032,0.004988,0.002034,0.412150,1.047722,0.010001,0.003520,1.569956,0,0
0,11,46,turn on the stove and put the moka pot on it,FULL_HIT,0.987858,0.005282,0.002530,0.537779,1.123695,0.010215,0.003897,1.782229,0,0
0,11,47,turn on the stove and put the moka pot on it,FULL_HIT,0.989029,0.004782,0.002217,0.360533,1.006459,0.009739,0.003813,1.485813,0,0
0,11,48,turn on the stove and put the moka pot on it,FULL_HIT,0.989451,0.004888,0.002300,0.444059,1.269027,0.010776,0.004479,1.875434,0,0
0,11,49,turn on the stove and put the moka pot on it,FULL_HIT,0.991499,0.006296,0.002621,0.540996,1.315691,0.009959,0.004115,1.989448,0,0
0,11,50,turn on the stove and put the moka pot on it,FULL_HIT,0.991340,0.005573,0.002174,0.489517,1.344793,0.011707,0.003853,1.960926,0,0
0,12,0,turn on the stove and put the moka pot on it,FULL_HIT,0.990451,0.005365,0.002520,0.876104,1.254635,0.012518,0.003962,2.273658,0,0
0,12,1,turn on the stove and put the moka pot on it,FULL_HIT,0.990835,0.005229,0.002203,0.364306,1.123527,0.009678,0.003086,1.625418,0,0
0,12,2,turn on the stove and put the moka pot on it,FULL_HIT,0.993536,0.005126,0.002314,0.412374,1.146600,0.010612,0.004318,1.681221,0,0
0,12,3,turn on the stove and put the moka pot on it,FULL_HIT,0.994333,0.005215,0.002294,0.414459,1.253508,0.013616,0.004584,1.796875,0,0
0,12,4,turn on the stove and put the moka pot on it,FULL_HIT,0.995261,0.004925,0.002726,0.388888,0.965966,0.009494,0.003713,1.491117,0,0
0,12,5,turn on the stove and put the moka pot on it,FULL_HIT,0.994886,0.004950,0.002235,0.379003,0.991491,0.010249,0.003956,1.495188,0,0
0,12,6,turn on the stove and put the moka pot on it,FULL_HIT,0.995458,0.005205,0.002204,0.428555,1.213820,0.012670,0.004441,1.763928,0,0
0,12,7,turn on the stove and put the moka pot on it,FULL_HIT,0.995713,0.004628,0.002350,0.365781,0.904976,0.008158,0.003809,1.373232,0,0
0,12,8,turn on the stove and put the moka pot on it,FULL_HIT,0.996042,0.005345,0.001958,0.616028,0.987504,0.009543,0.003807,1.718124,0,0
0,12,9,turn on the stove and put the moka pot on it,FULL_HIT,0.995607,0.005300,0.002260,0.406531,0.977605,0.008739,0.003647,1.509745,0,0
0,12,10,turn on the stove and put the moka pot on it,FULL_HIT,0.995752,0.005284,0.002006,0.468933,1.029648,0.009112,0.003628,1.610742,0,0
0,12,11,turn on the stove and put the moka pot on it,FULL_HIT,0.996109,0.005796,0.002420,0.673911,1.239639,0.011655,0.003952,2.045874,0,0
0,12,12,turn on the stove and put the moka pot on it,FULL_HIT,0.995728,0.005835,0.002777,0.442486,1.294105,0.015334,0.006020,1.883449,0,0
0,12,13,turn on the stove and put the moka pot on it,FULL_HIT,0.995751,0.004198,0.002428,0.389181,0.987815,0.010282,0.004360,1.506200,0,0
0,12,14,turn on the stove and put the moka pot on it,FULL_HIT,0.995607,0.005454,0.002375,0.453751,1.048058,0.012198,0.005706,1.647932,0,0
0,12,15,turn on the stove and put the moka pot on it,FULL_HIT,0.995221,0.004807,0.002293,0.360733,0.925713,0.009390,0.003323,1.394676,0,0
0,12,16,turn on the stove and put the moka pot on it,FULL_HIT,0.995189,0.004614,0.002182,0.391828,1.126701,0.011347,0.003894,1.636484,0,0
0,12,17,turn on the stove and put the moka pot on it,FULL_HIT,0.995301,0.005186,0.002259,0.374001,0.986394,0.010030,0.003760,1.466930,0,0
0,12,18,turn on the stove and put the moka pot on it,FULL_HIT,0.995311,0.005216,0.002516,0.500467,1.286008,0.011923,0.004339,1.908577,0,0
0,12,19,turn on the stove and put the moka pot on it,FULL_HIT,0.995494,0.004784,0.002415,0.799478,1.199124,0.011630,0.003861,2.126729,0,0
0,12,20,turn on the stove and put the moka pot on it,FULL_HIT,0.996006,0.005257,0.002121,0.432248,1.411756,0.011199,0.004300,1.964354,0,0
0,12,21,turn on the stove and put the moka pot on it,FULL_HIT,0.996373,0.009079,0.003381,0.991407,1.105627,0.009752,0.003643,2.297200,0,0
0,12,22,turn on the stove and put the moka pot on it,FULL_HIT,0.995493,0.004752,0.002442,0.312682,1.148055,0.010161,0.004536,1.571057,0,0
0,12,23,turn on the stove and put the moka pot on it,FULL_HIT,0.994963,0.005498,0.002187,0.299815,0.997901,0.009733,0.004190,1.419589,0,0
0,12,24,turn on the stove and put the moka pot on it,FULL_HIT,0.995139,0.005175,0.002419,0.303039,0.928741,0.028081,0.003922,1.357127,0,0
0,12,25,turn on the stove and put the moka pot on it,FULL_HIT,0.993635,0.004733,0.002355,0.333128,0.998296,0.010381,0.004004,1.442435,0,0
0,12,26,turn on the stove and put the moka pot on it,FULL_HIT,0.996055,0.004574,0.001822,0.345608,0.991350,0.009328,0.003286,1.436338,0,0
0,12,27,turn on the stove and put the moka pot on it,FULL_HIT,0.996667,0.006152,0.002881,0.799812,0.975510,0.009078,0.003280,1.895367,0,0
0,12,28,turn on the stove and put the moka pot on it,FULL_HIT,0.996787,0.005001,0.002057,0.719058,1.041551,0.010360,0.003690,1.882596,0,0
0,12,29,turn on the stove and put the moka pot on it,FULL_HIT,0.996209,0.004977,0.002417,0.400515,0.954288,0.009802,0.003616,1.480813,0,0
0,12,30,turn on the stove and put the moka pot on it,FULL_HIT,0.995833,0.006061,0.002498,0.446362,0.964985,0.009504,0.003560,1.531201,0,0
0,12,31,turn on the stove and put the moka pot on it,FULL_HIT,0.995872,0.005527,0.002620,0.420374,0.956540,0.009830,0.003834,1.508838,0,0
0,12,32,turn on the stove and put the moka pot on it,FULL_HIT,0.995853,0.004648,0.002222,0.328729,0.959993,0.009125,0.003503,1.402148,0,0
0,12,33,turn on the stove and put the moka pot on it,FULL_HIT,0.995483,0.005524,0.002422,0.651800,1.155644,0.010884,0.004678,1.930447,0,0
0,12,34,turn on the stove and put the moka pot on it,FULL_HIT,0.995309,0.004825,0.002386,0.440075,0.998004,0.009955,0.003766,1.546783,0,0
0,12,35,turn on the stove and put the moka pot on it,FULL_HIT,0.996387,0.005263,0.002182,0.405027,1.173563,0.009949,0.003546,1.702163,0,0
0,12,36,turn on the stove and put the moka pot on it,FULL_HIT,0.997362,0.004972,0.002024,0.367487,0.979792,0.008913,0.004272,1.452495,0,0
0,12,37,turn on the stove and put the moka pot on it,FULL_HIT,0.997229,0.004774,0.002588,0.430685,1.061786,0.009496,0.004229,1.604345,0,0
0,12,38,turn on the stove and put the moka pot on it,FULL_HIT,0.997016,0.004829,0.002287,0.389183,1.869019,0.014568,0.004889,2.403355,0,0
0,12,39,turn on the stove and put the moka pot on it,FULL_HIT,0.997113,0.005042,0.002248,0.377559,1.063320,0.010588,0.003920,1.560999,0,0
0,12,40,turn on the stove and put the moka pot on it,FULL_HIT,0.996808,0.005254,0.002587,0.403295,1.600735,0.010510,0.004588,2.126653,0,0
0,12,41,turn on the stove and put the moka pot on it,FULL_HIT,0.996721,0.005327,0.002304,0.321568,0.988829,0.009503,0.004135,1.437451,0,0
0,12,42,turn on the stove and put the moka pot on it,FULL_HIT,0.996262,0.005622,0.002529,0.531165,1.196502,0.011813,0.004229,1.857224,0,0
0,12,43,turn on the stove and put the moka pot on it,FULL_HIT,0.993445,0.005294,0.002269,0.481112,0.951613,0.009033,0.003200,1.545730,0,0
0,12,44,turn on the stove and put the moka pot on it,FULL_HIT,0.992483,0.004937,0.002089,0.335638,1.008696,0.011369,0.021341,1.480390,0,0
0,12,45,turn on the stove and put the moka pot on it,FULL_HIT,0.992424,0.004625,0.002336,0.322209,1.216070,0.009145,0.003598,1.642852,0,0
0,12,46,turn on the stove and put the moka pot on it,FULL_HIT,0.990997,0.004962,0.002711,0.317733,1.113501,0.010165,0.003839,1.537101,0,0
0,12,47,turn on the stove and put the moka pot on it,FULL_HIT,0.981971,0.004591,0.001914,0.311762,0.953560,0.008549,0.003414,1.361112,0,0
0,12,48,turn on the stove and put the moka pot on it,FULL_HIT,0.960769,0.004784,0.002328,0.402411,1.024798,0.009416,0.003689,1.540486,0,0
0,12,49,turn on the stove and put the moka pot on it,FULL_HIT,0.961480,0.006267,0.002303,0.378038,1.172038,0.011804,0.004175,1.680383,0,0
0,12,50,turn on the stove and put the moka pot on it,FULL_HIT,0.968605,0.005208,0.002315,0.330000,0.955984,0.008781,0.003327,1.391278,0,0
0,12,51,turn on the stove and put the moka pot on it,FULL_HIT,0.968278,0.004723,0.002241,0.353170,0.962756,0.009336,0.003490,1.433919,0,0
0,12,52,turn on the stove and put the moka pot on it,FULL_HIT,0.972850,0.005885,0.002465,0.417117,0.980415,0.009545,0.003694,1.516933,0,0
0,12,53,turn on the stove and put the moka pot on it,FULL_HIT,0.979000,0.005080,0.002357,0.367807,0.974256,0.009825,0.003498,1.453787,0,0
0,12,54,turn on the stove and put the moka pot on it,FULL_HIT,0.974583,0.005447,0.002063,0.425991,1.053134,0.009299,0.004241,1.597147,0,0
0,12,55,turn on the stove and put the moka pot on it,FULL_HIT,0.952093,0.006257,0.003094,0.618709,1.021483,0.011258,0.003958,1.773483,0,0
0,12,56,turn on the stove and put the moka pot on it,FULL_HIT,0.932116,0.007614,0.003201,0.577491,1.326852,0.013506,0.004796,2.066967,0,0
0,12,57,turn on the stove and put the moka pot on it,FULL_HIT,0.928963,0.004735,0.002089,0.552384,1.181570,0.011508,0.003724,1.869584,0,0
0,12,58,turn on the stove and put the moka pot on it,FULL_HIT,0.906390,0.004532,0.002221,0.408862,1.233750,0.010316,0.018744,1.779883,0,0
0,12,59,turn on the stove and put the moka pot on it,FULL_HIT,0.907335,0.004954,0.002466,0.497319,1.037879,0.009208,0.004287,1.657628,0,0
0,12,60,turn on the stove and put the moka pot on it,FULL_HIT,0.909909,0.006537,0.003251,1.222583,1.284062,0.013071,0.004818,2.660555,0,0
0,12,0,put the white mug on the plate and put the chocolate pudding to the right of the plate,FULL_HIT,0.998870,0.004717,0.002127,0.359238,1.058732,0.010002,0.003888,1.530114,0,0
0,12,1,put the white mug on the plate and put the chocolate pudding to the right of the plate,FULL_HIT,0.998859,0.004779,0.002132,0.499630,0.870283,0.008985,0.002928,1.478415,0,0
0,12,2,put the white mug on the plate and put the chocolate pudding to the right of the plate,FULL_HIT,0.998811,0.005156,0.002181,0.350968,1.148125,0.010666,0.004618,1.613430,0,0
0,12,3,put the white mug on the plate and put the chocolate pudding to the right of the plate,FULL_HIT,0.998728,0.004699,0.002396,0.524469,1.451228,0.011639,0.004694,2.102238,0,0
0,12,4,put the white mug on the plate and put the chocolate pudding to the right of the plate,FULL_HIT,0.998594,0.015451,0.003230,0.570278,1.145209,0.010274,0.003790,1.953822,0,0
0,12,5,put the white mug on the plate and put the chocolate pudding to the right of the plate,FULL_HIT,0.998602,0.023534,0.003360,0.585724,1.104172,0.012347,0.004765,1.840576,0,0
0,12,6,put the white mug on the plate and put the chocolate pudding to the right of the plate,FULL_HIT,0.998632,0.004781,0.002248,0.411666,1.483831,0.017823,0.005815,2.046024,0,0
0,12,7,put the white mug on the plate and put the chocolate pudding to the right of the plate,FULL_HIT,0.998644,0.004662,0.002326,0.437921,1.582022,0.011482,0.006083,2.149405,0,0
0,12,8,put the white mug on the plate and put the chocolate pudding to the right of the plate,FULL_HIT,0.998640,0.005043,0.002489,0.494474,0.997987,0.009243,0.004626,1.610689,0,0
0,12,9,put the white mug on the plate and put the chocolate pudding to the right of the plate,FULL_HIT,0.998647,0.004706,0.002499,0.495138,0.984499,0.012092,0.004865,1.619250,0,0
0,12,10,put the white mug on the plate and put the chocolate pudding to the right of the plate,FULL_HIT,0.998431,0.005067,0.002224,0.366691,0.927967,0.009284,0.003984,1.405972,0,0
0,12,11,put the white mug on the plate and put the chocolate pudding to the right of the plate,FULL_HIT,0.997683,0.005237,0.002147,0.421691,0.965375,0.010832,0.004071,1.502673,0,0
0,12,12,put the white mug on the plate and put the chocolate pudding to the right of the plate,FULL_HIT,0.997932,0.005223,0.002212,0.362988,0.982650,0.009781,0.004057,1.457100,0,0
0,12,13,put the white mug on the plate and put the chocolate pudding to the right of the plate,FULL_HIT,0.998074,0.005489,0.002640,0.528882,1.031045,0.010063,0.004201,1.680375,0,0
0,12,14,put the white mug on the plate and put the chocolate pudding to the right of the plate,FULL_HIT,0.997645,0.006339,0.002334,0.618303,1.447293,0.013712,0.005125,2.211915,0,0
0,12,15,put the white mug on the plate and put the chocolate pudding to the right of the plate,FULL_HIT,0.997838,0.004866,0.002453,0.423787,0.965013,0.009811,0.003394,1.497290,0,0
0,12,16,put the white mug on the plate and put the chocolate pudding to the right of the plate,FULL_HIT,0.997773,0.004560,0.002365,0.406784,0.923097,0.010747,0.004606,1.462992,0,0
0,12,17,put the white mug on the plate and put the chocolate pudding to the right of the plate,FULL_HIT,0.997716,0.005510,0.002518,0.589201,1.268445,0.012398,0.004515,1.992162,0,0
0,12,18,put the white mug on the plate and put the chocolate pudding to the right of the plate,FULL_HIT,0.997657,0.005544,0.002412,0.528109,0.921405,0.009761,0.004554,1.571812,0,0
0,12,19,put the white mug on the plate and put the chocolate pudding to the right of the plate,FULL_HIT,0.997655,0.005507,0.002463,0.423658,0.919301,0.009927,0.003528,1.457984,0,0
0,12,20,put the white mug on the plate and put the chocolate pudding to the right of the plate,FULL_HIT,0.997012,0.006534,0.003156,0.558367,1.162170,0.013739,0.005205,1.880681,0,0
0,12,21,put the white mug on the plate and put the chocolate pudding to the right of the plate,FULL_HIT,0.995933,0.005185,0.001983,0.312801,1.009236,0.009945,0.003986,1.432742,0,0
0,12,22,put the white mug on the plate and put the chocolate pudding to the right of the plate,FULL_HIT,0.992090,0.005385,0.002246,0.777646,1.209024,0.013401,0.006503,2.158971,0,0
0,12,23,put the white mug on the plate and put the chocolate pudding to the right of the plate,FULL_HIT,0.968792,0.005968,0.002184,0.499048,1.315810,0.012873,0.004848,1.945461,0,0
0,12,24,put the white mug on the plate and put the chocolate pudding to the right of the plate,FULL_HIT,0.976912,0.005014,0.002117,0.408542,0.922932,0.008995,0.003836,1.433981,0,0
0,12,25,put the white mug on the plate and put the chocolate pudding to the right of the plate,FULL_HIT,0.980666,0.004482,0.002309,0.418300,1.017950,0.010020,0.003877,1.547668,0,0
0,12,26,put the white mug on the plate and put the chocolate pudding to the right of the plate,FULL_HIT,0.986607,0.005494,0.004697,0.799595,1.215933,0.011485,0.004219,2.186545,0,0
0,12,27,put the white mug on the plate and put the chocolate pudding to the right of the plate,FULL_HIT,0.989537,0.004665,0.021656,0.326913,0.998499,0.009081,0.003629,1.454168,0,0
0,12,28,put the white mug on the plate and put the chocolate pudding to the right of the plate,FULL_HIT,0.994798,0.005029,0.002300,0.703178,1.481287,0.013499,0.005303,2.331600,0,0
0,12,29,put the white mug on the plate and put the chocolate pudding to the right of the plate,FULL_HIT,0.996481,0.005327,0.002696,0.399937,1.104594,0.012529,0.004115,1.636356,0,0
0,12,30,put the white mug on the plate and put the chocolate pudding to the right of the plate,FULL_HIT,0.996986,0.005304,0.002410,0.402550,1.075871,0.010403,0.004049,1.596735,0,0
0,12,31,put the white mug on the plate and put the chocolate pudding to the right of the plate,FULL_HIT,0.997268,0.005141,0.002320,0.432105,0.896345,0.010460,0.003525,1.447386,0,0
0,12,32,put the white mug on the plate and put the chocolate pudding to the right of the plate,FULL_HIT,0.997882,0.005622,0.002713,0.839478,1.849920,0.015327,0.006427,2.856699,0,0
0,12,33,put the white mug on the plate and put the chocolate pudding to the right of the plate,FULL_HIT,0.997981,0.004645,0.002479,0.318438,0.874665,0.008755,0.003731,1.298582,0,0
0,12,34,put the white mug on the plate and put the chocolate pudding to the right of the plate,FULL_HIT,0.998020,0.006037,0.002563,0.521430,1.221224,0.013885,0.004411,1.876658,0,0
0,12,35,put the white mug on the plate and put the chocolate pudding to the right of the plate,FULL_HIT,0.998181,0.004637,0.002467,0.424475,0.948246,0.009601,0.003382,1.483024,0,0
0,12,36,put the white mug on the plate and put the chocolate pudding to the right of the plate,FULL_HIT,0.998158,0.004805,0.002156,0.385297,1.064910,0.010986,0.004100,1.563581,0,0
0,12,37,put the white mug on the plate and put the chocolate pudding to the right of the plate,FULL_HIT,0.998173,0.006966,0.002837,0.388026,1.087157,0.009909,0.003611,1.613525,0,0
0,12,38,put the white mug on the plate and put the chocolate pudding to the right of the plate,FULL_HIT,0.997971,0.005691,0.002364,0.392829,0.861997,0.009839,0.003821,1.363840,0,0
0,12,39,put the white mug on the plate and put the chocolate pudding to the right of the plate,FULL_HIT,0.997513,0.004984,0.002266,0.393461,0.960783,0.009573,0.004382,1.466056,0,0
0,12,40,put the white mug on the plate and put the chocolate pudding to the right of the plate,FULL_HIT,0.997320,0.004790,0.002257,0.421151,1.157463,0.010830,0.004203,1.701694,0,0
0,12,41,put the white mug on the plate and put the chocolate pudding to the right of the plate,FULL_HIT,0.997623,0.004913,0.002396,0.413296,1.016624,0.012492,0.004395,1.571291,0,0
0,12,42,put the white mug on the plate and put the chocolate pudding to the right of the plate,FULL_HIT,0.997479,0.004729,0.002423,0.559526,0.982619,0.011555,0.004209,1.664943,0,0
0,12,43,put the white mug on the plate and put the chocolate pudding to the right of the plate,FULL_HIT,0.997661,0.005344,0.002081,0.549738,1.125838,0.009830,0.004875,1.796740,0,0
0,12,44,put the white mug on the plate and put the chocolate pudding to the right of the plate,FULL_HIT,0.997598,0.005042,0.002385,0.476029,0.934360,0.009329,0.003734,1.530239,0,0
0,12,45,put the white mug on the plate and put the chocolate pudding to the right of the plate,FULL_HIT,0.997662,0.004563,0.002300,0.531892,1.047380,0.010986,0.003364,1.745457,0,0
0,13,0,turn on the stove and put the moka pot on it,FULL_HIT,0.990762,0.005895,0.002375,0.388268,1.453133,0.011748,0.004311,1.970943,0,0
0,13,1,turn on the stove and put the moka pot on it,FULL_HIT,0.990544,0.005605,0.002527,0.412813,1.102813,0.010259,0.003955,1.633065,0,0
0,13,2,turn on the stove and put the moka pot on it,FULL_HIT,0.990334,0.004950,0.002219,0.413235,1.192225,0.011904,0.004526,1.727816,0,0
0,13,3,turn on the stove and put the moka pot on it,FULL_HIT,0.991713,0.005808,0.002463,0.564799,1.208106,0.012369,0.004047,1.898991,0,0
0,13,4,turn on the stove and put the moka pot on it,FULL_HIT,0.986935,0.004745,0.002615,0.517446,1.238453,0.011623,0.004164,1.877279,0,0
0,13,5,turn on the stove and put the moka pot on it,FULL_HIT,0.986859,0.005191,0.002150,0.395397,1.292809,0.010386,0.004250,1.811289,0,0
0,13,6,turn on the stove and put the moka pot on it,FULL_HIT,0.984824,0.005350,0.002233,0.385302,1.384164,0.013239,0.005078,1.932697,0,0
0,13,7,turn on the stove and put the moka pot on it,FULL_HIT,0.987938,0.006310,0.002889,0.578046,1.176601,0.012171,0.005655,1.947794,0,0
0,13,8,turn on the stove and put the moka pot on it,FULL_HIT,0.993366,0.005114,0.002462,0.472898,1.143962,0.011043,0.004561,1.741974,0,0
0,13,9,turn on the stove and put the moka pot on it,FULL_HIT,0.982014,0.007066,0.003002,0.615872,1.571278,0.014247,0.004623,2.346148,0,0
0,13,10,turn on the stove and put the moka pot on it,FULL_HIT,0.919232,0.005226,0.002183,0.405813,1.140797,0.009841,0.003560,1.661944,0,0
0,13,11,turn on the stove and put the moka pot on it,FULL_HIT,0.915195,0.005027,0.002611,0.414813,1.422388,0.012468,0.003883,1.962409,0,0
0,13,12,turn on the stove and put the moka pot on it,FULL_HIT,0.923669,0.005163,0.002156,0.355171,1.179643,0.010416,0.003022,1.645799,0,0
0,13,13,turn on the stove and put the moka pot on it,FULL_HIT,0.918657,0.004977,0.002106,0.440166,0.986052,0.009581,0.003837,1.539322,0,0
0,13,14,turn on the stove and put the moka pot on it,FULL_HIT,0.879113,0.005248,0.002739,0.616587,1.083372,0.011675,0.004161,1.838440,0,0
0,13,15,turn on the stove and put the moka pot on it,FULL_HIT,0.927666,0.005607,0.002315,0.544580,1.309240,0.012432,0.004748,1.988148,0,0
0,13,16,turn on the stove and put the moka pot on it,FULL_HIT,0.956316,0.004997,0.002577,0.504166,1.329004,0.012516,0.004698,1.962452,0,0
0,13,17,turn on the stove and put the moka pot on it,FULL_HIT,0.957954,0.004524,0.002538,0.411607,1.082413,0.010799,0.004428,1.635050,0,0
0,13,18,turn on the stove and put the moka pot on it,FULL_HIT,0.967177,0.004414,0.002327,0.447370,1.003750,0.009952,0.004112,1.564258,0,0
0,13,19,turn on the stove and put the moka pot on it,FULL_HIT,0.984060,0.005401,0.002283,0.512565,1.124545,0.011753,0.004299,1.763084,0,0
0,13,20,turn on the stove and put the moka pot on it,FULL_HIT,0.992157,0.006129,0.003339,0.859238,1.325616,0.011337,0.004597,2.329314,0,0
0,13,21,turn on the stove and put the moka pot on it,FULL_HIT,0.994207,0.005495,0.002829,0.471343,1.192851,0.012672,0.004158,1.790258,0,0
0,13,22,turn on the stove and put the moka pot on it,FULL_HIT,0.996129,0.004989,0.002339,0.688417,1.145592,0.011176,0.004726,1.962918,0,0
0,13,23,turn on the stove and put the moka pot on it,FULL_HIT,0.996338,0.004885,0.002317,0.502845,1.245395,0.011430,0.004030,1.870252,0,0
0,13,24,turn on the stove and put the moka pot on it,FULL_HIT,0.996137,0.005435,0.001884,0.437857,0.981961,0.010413,0.004615,1.535918,0,0
0,13,25,turn on the stove and put the moka pot on it,FULL_HIT,0.994916,0.004535,0.002704,0.418747,0.991473,0.009554,0.004190,1.523413,0,0
0,13,26,turn on the stove and put the moka pot on it,FULL_HIT,0.995966,0.004833,0.002070,0.416914,1.026058,0.010315,0.003790,1.577636,0,0
0,13,27,turn on the stove and put the moka pot on it,FULL_HIT,0.993832,0.006173,0.002350,0.495657,1.165668,0.011060,0.004205,1.788514,0,0
0,13,28,turn on the stove and put the moka pot on it,FULL_HIT,0.988790,0.004757,0.001991,0.426852,1.085079,0.009535,0.003601,1.630178,0,0
0,13,29,turn on the stove and put the moka pot on it,FULL_HIT,0.990506,0.005537,0.002537,0.610201,1.275071,0.013495,0.004975,2.023609,0,0
0,13,30,turn on the stove and put the moka pot on it,FULL_HIT,0.995656,0.007005,0.035790,0.631782,1.324411,0.010225,0.003722,2.143741,0,0
0,13,31,turn on the stove and put the moka pot on it,FULL_HIT,0.996610,0.006469,0.002487,0.671026,1.362129,0.012000,0.004586,2.190907,0,0
0,13,32,turn on the stove and put the moka pot on it,FULL_HIT,0.996716,0.005624,0.002212,0.521375,1.247088,0.010800,0.004352,1.890429,0,0
0,13,33,turn on the stove and put the moka pot on it,FULL_HIT,0.995898,0.010306,0.003472,1.054995,1.076486,0.010455,0.004103,2.281118,0,0
0,13,34,turn on the stove and put the moka pot on it,FULL_HIT,0.995381,0.005215,0.002548,0.370770,0.964154,0.009418,0.003767,1.445621,0,0
0,13,35,turn on the stove and put the moka pot on it,FULL_HIT,0.993991,0.005451,0.001989,0.453689,1.055685,0.010595,0.003798,1.626950,0,0
0,13,36,turn on the stove and put the moka pot on it,FULL_HIT,0.986891,0.005138,0.002340,0.398110,1.090663,0.009909,0.004435,1.603050,0,0
0,13,37,turn on the stove and put the moka pot on it,FULL_HIT,0.978382,0.005324,0.002519,0.533088,1.090949,0.009775,0.004342,1.760907,0,0
0,13,38,turn on the stove and put the moka pot on it,FULL_HIT,0.973802,0.005900,0.002503,0.865846,1.345987,0.010077,0.003495,2.345604,0,0
0,13,39,turn on the stove and put the moka pot on it,FULL_HIT,0.978677,0.004886,0.002089,0.395922,1.041463,0.009769,0.003336,1.547862,0,0
0,13,40,turn on the stove and put the moka pot on it,FULL_HIT,0.983495,0.004586,0.002374,0.494754,1.185622,0.011154,0.004573,1.802190,0,0
0,13,41,turn on the stove and put the moka pot on it,FULL_HIT,0.989525,0.004979,0.002265,0.526809,1.008517,0.011736,0.003601,1.655739,0,0
0,13,42,turn on the stove and put the moka pot on it,FULL_HIT,0.993160,0.004907,0.002206,0.380558,0.998861,0.010672,0.003796,1.491750,0,0
0,13,43,turn on the stove and put the moka pot on it,FULL_HIT,0.995077,0.005351,0.002231,0.409906,1.376699,0.012996,0.005268,1.915496,0,0
0,13,44,turn on the stove and put the moka pot on it,FULL_HIT,0.995696,0.005698,0.002114,0.640226,1.470830,0.010461,0.004246,2.265151,0,0
0,13,45,turn on the stove and put the moka pot on it,FULL_HIT,0.996744,0.004224,0.002476,0.328204,0.960302,0.008555,0.003690,1.396643,0,0
0,14,0,turn on the stove and put the moka pot on it,FULL_HIT,0.944166,0.006649,0.002275,0.355523,0.958910,0.009060,0.003305,1.435567,0,0
0,14,1,turn on the stove and put the moka pot on it,FULL_HIT,0.943841,0.004677,0.002062,0.333627,0.921552,0.011699,0.005040,1.374066,0,0
0,14,2,turn on the stove and put the moka pot on it,FULL_HIT,0.946130,0.004764,0.002051,0.443639,0.979795,0.009518,0.004425,1.555881,0,0
0,14,3,turn on the stove and put the moka pot on it,FULL_HIT,0.955773,0.005273,0.002122,0.403708,0.961064,0.008582,0.003831,1.467374,0,0
0,14,4,turn on the stove and put the moka pot on it,FULL_HIT,0.956536,0.004978,0.002282,0.483662,1.121953,0.011233,0.004063,1.729752,0,0
0,14,5,turn on the stove and put the moka pot on it,FULL_HIT,0.926655,0.005252,0.002062,0.838340,1.298768,0.010078,0.003732,2.267130,0,0
0,14,6,turn on the stove and put the moka pot on it,FULL_HIT,0.944967,0.004460,0.001942,0.416251,1.320797,0.012229,0.004628,1.859483,0,0
0,14,7,turn on the stove and put the moka pot on it,FULL_HIT,0.952587,0.022104,0.002947,0.552310,1.213967,0.011171,0.004066,1.910555,0,0
0,14,8,turn on the stove and put the moka pot on it,FULL_HIT,0.952353,0.005166,0.002733,0.544694,1.039969,0.010724,0.003465,1.706036,0,0
0,14,9,turn on the stove and put the moka pot on it,FULL_HIT,0.979743,0.005418,0.020056,0.387436,0.974373,0.010686,0.003744,1.491262,0,0
0,14,10,turn on the stove and put the moka pot on it,FULL_HIT,0.982833,0.004953,0.002022,0.485054,0.998032,0.011386,0.004044,1.596821,0,0
0,14,11,turn on the stove and put the moka pot on it,FULL_HIT,0.975076,0.006760,0.003038,0.749625,1.398461,0.024923,0.018817,2.324634,0,0
0,14,12,turn on the stove and put the moka pot on it,FULL_HIT,0.973081,0.004713,0.002387,0.428814,1.050691,0.010247,0.003953,1.585210,0,0
0,14,13,turn on the stove and put the moka pot on it,FULL_HIT,0.981470,0.004600,0.001933,0.418491,0.996926,0.010423,0.003828,1.522790,0,0
0,14,14,turn on the stove and put the moka pot on it,FULL_HIT,0.976914,0.005162,0.002078,0.363274,0.969597,0.010173,0.003586,1.440073,0,0
0,14,15,turn on the stove and put the moka pot on it,FULL_HIT,0.957596,0.004487,0.002335,0.353701,1.135139,0.009337,0.003660,1.593828,0,0
0,14,16,turn on the stove and put the moka pot on it,FULL_HIT,0.949032,0.009312,0.003738,0.892248,1.051987,0.009905,0.003577,2.100163,0,0
0,14,17,turn on the stove and put the moka pot on it,FULL_HIT,0.970494,0.004887,0.002134,0.353017,0.941031,0.009585,0.003581,1.397128,0,0
0,14,18,turn on the stove and put the moka pot on it,FULL_HIT,0.969738,0.005688,0.002425,0.750771,1.509386,0.014340,0.005571,2.409973,0,0
0,14,19,turn on the stove and put the moka pot on it,FULL_HIT,0.985099,0.006241,0.002901,0.516464,1.141189,0.011544,0.003851,1.800162,0,0
0,14,20,turn on the stove and put the moka pot on it,FULL_HIT,0.984112,0.005008,0.002073,0.359814,1.038530,0.009942,0.003911,1.506165,0,0
0,14,21,turn on the stove and put the moka pot on it,FULL_HIT,0.988193,0.008457,0.003839,0.601665,1.415810,0.012042,0.004472,2.168752,0,0
0,14,22,turn on the stove and put the moka pot on it,FULL_HIT,0.990409,0.005538,0.002881,0.494195,1.269674,0.011484,0.003477,1.902089,0,0
0,14,23,turn on the stove and put the moka pot on it,FULL_HIT,0.992331,0.006598,0.002534,0.474496,1.249741,0.011472,0.004093,1.858378,0,0
0,14,24,turn on the stove and put the moka pot on it,FULL_HIT,0.991194,0.005305,0.002365,0.408221,1.206609,0.010831,0.003679,1.808179,0,0
0,14,25,turn on the stove and put the moka pot on it,FULL_HIT,0.989289,0.004881,0.002238,0.437789,1.047178,0.009728,0.004235,1.618557,0,0
0,14,26,turn on the stove and put the moka pot on it,FULL_HIT,0.986004,0.024636,0.002691,0.411195,1.393495,0.014158,0.005365,1.960024,0,0
0,14,27,turn on the stove and put the moka pot on it,FULL_HIT,0.989944,0.004589,0.002457,0.373476,1.040658,0.011971,0.004126,1.527497,0,0
0,14,28,turn on the stove and put the moka pot on it,FULL_HIT,0.991250,0.004542,0.002176,0.352231,1.060141,0.009612,0.003842,1.518036,0,0
0,14,29,turn on the stove and put the moka pot on it,FULL_HIT,0.991877,0.005617,0.002464,0.646090,0.977124,0.010405,0.003674,1.745740,0,0
0,14,30,turn on the stove and put the moka pot on it,FULL_HIT,0.992887,0.004950,0.002552,0.397934,1.055238,0.010271,0.003871,1.567394,0,0
0,14,31,turn on the stove and put the moka pot on it,FULL_HIT,0.992903,0.004804,0.002148,0.402774,1.098438,0.010082,0.003697,1.614599,0,0
0,14,32,turn on the stove and put the moka pot on it,FULL_HIT,0.993128,0.005776,0.002375,0.598059,1.308987,0.012598,0.004588,2.067755,0,0
0,14,33,turn on the stove and put the moka pot on it,FULL_HIT,0.992846,0.004731,0.001945,0.539119,1.125950,0.010382,0.004032,1.784759,0,0
0,14,34,turn on the stove and put the moka pot on it,FULL_HIT,0.992100,0.004915,0.002390,0.472818,1.053219,0.009811,0.003913,1.639705,0,0
0,14,35,turn on the stove and put the moka pot on it,FULL_HIT,0.989364,0.005575,0.002218,0.544772,1.136574,0.010093,0.004162,1.798202,0,0
0,14,36,turn on the stove and put the moka pot on it,FULL_HIT,0.990051,0.005279,0.002198,0.399696,0.982443,0.009647,0.004206,1.517882,0,0
0,14,37,turn on the stove and put the moka pot on it,FULL_HIT,0.990178,0.004761,0.002256,0.422940,1.052188,0.009859,0.004047,1.602447,0,0
0,14,38,turn on the stove and put the moka pot on it,FULL_HIT,0.980051,0.004744,0.001968,0.362867,1.046487,0.009685,0.004315,1.521432,0,0
0,14,39,turn on the stove and put the moka pot on it,FULL_HIT,0.983913,0.005957,0.002698,0.386140,1.191137,0.011678,0.005205,1.703963,0,0
0,14,40,turn on the stove and put the moka pot on it,FULL_HIT,0.984247,0.005351,0.002660,0.419191,1.040177,0.010301,0.004001,1.572159,0,0
0,14,41,turn on the stove and put the moka pot on it,FULL_HIT,0.985029,0.005698,0.002402,0.355364,1.078505,0.010616,0.004557,1.555889,0,0
0,14,42,turn on the stove and put the moka pot on it,FULL_HIT,0.986531,0.005734,0.002389,0.418325,1.023356,0.012387,0.004135,1.557756,0,0
0,14,43,turn on the stove and put the moka pot on it,FULL_HIT,0.986820,0.005252,0.002140,0.417360,1.271017,0.010762,0.004251,1.802307,0,0
0,14,44,turn on the stove and put the moka pot on it,FULL_HIT,0.987160,0.005194,0.002483,0.416440,1.000050,0.009423,0.004571,1.531654,0,0
0,14,45,turn on the stove and put the moka pot on it,FULL_HIT,0.987159,0.004965,0.002125,0.409697,1.435454,0.014049,0.005542,1.971158,0,0
0,14,46,turn on the stove and put the moka pot on it,FULL_HIT,0.986501,0.005703,0.002674,0.403494,1.010403,0.010296,0.004381,1.542140,0,0
0,14,47,turn on the stove and put the moka pot on it,FULL_HIT,0.986247,0.005192,0.002536,0.342008,1.263836,0.011269,0.005504,1.728038,0,0
0,14,48,turn on the stove and put the moka pot on it,FULL_HIT,0.986301,0.004890,0.002579,0.334739,1.161781,0.010053,0.004028,1.630655,0,0
0,14,49,turn on the stove and put the moka pot on it,FULL_HIT,0.990281,0.005313,0.002174,0.434252,1.012975,0.011288,0.004385,1.628686,0,0
0,14,50,turn on the stove and put the moka pot on it,FULL_HIT,0.991506,0.005016,0.002273,0.397673,1.150800,0.013100,0.005874,1.678466,0,0
0,14,51,turn on the stove and put the moka pot on it,FULL_HIT,0.990747,0.004926,0.002491,0.468529,0.921578,0.009616,0.003136,1.501319,0,0
0,14,52,turn on the stove and put the moka pot on it,FULL_HIT,0.991810,0.006566,0.002316,0.563414,1.146545,0.010428,0.003761,1.858474,0,0
0,14,53,turn on the stove and put the moka pot on it,FULL_HIT,0.992389,0.004795,0.002720,0.446381,1.182864,0.011714,0.003754,1.770139,0,0
0,14,54,turn on the stove and put the moka pot on it,FULL_HIT,0.991270,0.004787,0.002486,0.348395,0.964995,0.008890,0.003668,1.423278,0,0
0,14,55,turn on the stove and put the moka pot on it,FULL_HIT,0.985296,0.004591,0.002474,0.337285,0.916557,0.009269,0.004311,1.358929,0,0
0,14,56,turn on the stove and put the moka pot on it,FULL_HIT,0.975956,0.006110,0.003527,0.377687,1.031547,0.010691,0.003911,1.550443,0,0
0,14,57,turn on the stove and put the moka pot on it,FULL_HIT,0.970484,0.005004,0.002204,0.338985,1.103904,0.011750,0.006857,1.634074,0,0
0,14,58,turn on the stove and put the moka pot on it,FULL_HIT,0.969434,0.004794,0.002601,0.458018,1.055315,0.009134,0.003853,1.688595,0,0
0,14,59,turn on the stove and put the moka pot on it,FULL_HIT,0.968597,0.005313,0.002914,0.456588,1.460502,0.015300,0.006386,2.066088,0,0
0,14,0,put both the alphabet soup and the cream cheese box in the basket,FULL_HIT,0.998324,0.004883,0.002554,0.731246,1.598270,0.012082,0.004671,2.483745,0,0
0,14,1,put both the alphabet soup and the cream cheese box in the basket,FULL_HIT,0.998072,0.005220,0.002727,0.360269,1.009058,0.010017,0.004172,1.480099,0,0
0,14,2,put both the alphabet soup and the cream cheese box in the basket,FULL_HIT,0.997940,0.005814,0.002523,0.539376,1.500832,0.013166,0.005856,2.184760,0,0
0,14,3,put both the alphabet soup and the cream cheese box in the basket,FULL_HIT,0.998154,0.004793,0.002154,0.384356,1.099370,0.009571,0.003471,1.604386,0,0
0,14,4,put both the alphabet soup and the cream cheese box in the basket,FULL_HIT,0.998031,0.006686,0.002516,0.397789,1.206985,0.009711,0.003436,1.726660,0,0
0,14,5,put both the alphabet soup and the cream cheese box in the basket,FULL_HIT,0.997021,0.004592,0.002207,0.387937,1.112284,0.009471,0.003917,1.610007,0,0
0,14,6,put both the alphabet soup and the cream cheese box in the basket,FULL_HIT,0.996587,0.006951,0.002584,0.634348,1.405324,0.015701,0.005723,2.207810,0,0
0,14,7,put both the alphabet soup and the cream cheese box in the basket,FULL_HIT,0.997328,0.008770,0.003460,1.630495,1.245751,0.011307,0.004024,3.040850,0,0
0,14,8,put both the alphabet soup and the cream cheese box in the basket,FULL_HIT,0.997516,0.007900,0.002815,0.986160,1.606835,0.016879,0.010194,2.827031,0,0
0,14,9,put both the alphabet soup and the cream cheese box in the basket,FULL_HIT,0.996930,0.006962,0.003871,0.823858,2.253095,0.014991,0.007504,3.264178,0,0
0,14,10,put both the alphabet soup and the cream cheese box in the basket,FULL_HIT,0.990317,0.005754,0.002878,0.548116,1.402097,0.011458,0.004413,2.097753,0,0
0,14,11,put both the alphabet soup and the cream cheese box in the basket,FULL_HIT,0.993471,0.006278,0.003030,0.735991,1.254968,0.010986,0.004467,2.136394,0,0
0,14,12,put both the alphabet soup and the cream cheese box in the basket,FULL_HIT,0.994683,0.004837,0.002347,0.390102,1.139133,0.013844,0.004143,1.649807,0,0
0,14,13,put both the alphabet soup and the cream cheese box in the basket,FULL_HIT,0.995160,0.004516,0.002606,0.446933,1.024668,0.009977,0.004208,1.599035,0,0
0,14,14,put both the alphabet soup and the cream cheese box in the basket,FULL_HIT,0.996453,0.004971,0.002316,0.409937,1.127731,0.009593,0.004147,1.656783,0,0
0,14,15,put both the alphabet soup and the cream cheese box in the basket,FULL_HIT,0.996588,0.004482,0.002171,0.597558,1.119086,0.009209,0.004377,1.833549,0,0
0,14,16,put both the alphabet soup and the cream cheese box in the basket,FULL_HIT,0.996296,0.007335,0.002468,0.642493,1.179206,0.009838,0.003876,1.951607,0,0
0,14,17,put both the alphabet soup and the cream cheese box in the basket,FULL_HIT,0.995238,0.004781,0.002604,0.460656,0.936572,0.011198,0.005144,1.524355,0,0
0,14,18,put both the alphabet soup and the cream cheese box in the basket,FULL_HIT,0.995300,0.005349,0.003253,0.830183,1.862972,0.014047,0.004901,2.987571,0,0
0,14,19,put both the alphabet soup and the cream cheese box in the basket,FULL_HIT,0.996245,0.004931,0.002565,0.764762,1.604332,0.012500,0.004491,2.507586,0,0
0,14,20,put both the alphabet soup and the cream cheese box in the basket,FULL_HIT,0.997080,0.005961,0.002690,0.558169,1.373218,0.014270,0.006505,2.078912,0,0
0,14,21,put both the alphabet soup and the cream cheese box in the basket,FULL_HIT,0.996733,0.005741,0.002331,0.653657,1.255307,0.012427,0.008760,2.051791,0,0
0,14,22,put both the alphabet soup and the cream cheese box in the basket,FULL_HIT,0.996316,0.006176,0.023968,0.582087,1.266116,0.010215,0.004272,1.994825,0,0
0,14,23,put both the alphabet soup and the cream cheese box in the basket,FULL_HIT,0.997149,0.006223,0.003005,0.923508,1.251433,0.010950,0.003604,2.316413,0,0
0,14,24,put both the alphabet soup and the cream cheese box in the basket,FULL_HIT,0.996511,0.004725,0.002143,0.363781,0.942426,0.009594,0.003714,1.415759,0,0
0,14,25,put both the alphabet soup and the cream cheese box in the basket,FULL_HIT,0.997223,0.004751,0.002347,0.536743,0.978104,0.009062,0.004233,1.619506,0,0
0,14,26,put both the alphabet soup and the cream cheese box in the basket,FULL_HIT,0.997589,0.004822,0.002415,0.420381,0.997385,0.009567,0.004230,1.526616,0,0
0,14,27,put both the alphabet soup and the cream cheese box in the basket,FULL_HIT,0.997642,0.005046,0.002532,0.474401,1.127426,0.011219,0.003692,1.722032,0,0
0,14,28,put both the alphabet soup and the cream cheese box in the basket,FULL_HIT,0.997703,0.004885,0.002438,0.459364,0.949285,0.010024,0.004978,1.528370,0,0
0,14,29,put both the alphabet soup and the cream cheese box in the basket,FULL_HIT,0.997486,0.004745,0.002343,0.358111,1.008620,0.010102,0.003531,1.474444,0,0
0,14,30,put both the alphabet soup and the cream cheese box in the basket,FULL_HIT,0.997421,0.006185,0.002452,0.529997,1.291377,0.011666,0.004872,1.959645,0,0
0,14,31,put both the alphabet soup and the cream cheese box in the basket,FULL_HIT,0.997761,0.004739,0.002242,0.542942,1.077075,0.011382,0.003705,1.741728,0,0
0,14,32,put both the alphabet soup and the cream cheese box in the basket,FULL_HIT,0.998077,0.004724,0.002648,0.415857,1.017653,0.010942,0.004038,1.583862,0,0
0,14,33,put both the alphabet soup and the cream cheese box in the basket,FULL_HIT,0.998081,0.005049,0.002282,0.422640,0.961326,0.010444,0.003493,1.502006,0,0
0,14,34,put both the alphabet soup and the cream cheese box in the basket,FULL_HIT,0.998039,0.006264,0.002604,0.692662,1.341846,0.011382,0.004461,2.173166,0,0
0,14,35,put both the alphabet soup and the cream cheese box in the basket,FULL_HIT,0.997326,0.005393,0.002229,0.521140,1.183391,0.013037,0.004629,1.838448,0,0
0,14,36,put both the alphabet soup and the cream cheese box in the basket,FULL_HIT,0.997106,0.005124,0.003886,0.417803,1.062900,0.009967,0.005263,1.627651,0,0
0,14,37,put both the alphabet soup and the cream cheese box in the basket,FULL_HIT,0.994938,0.004970,0.002548,0.750049,1.321301,0.011631,0.005142,2.215500,0,0
0,14,38,put both the alphabet soup and the cream cheese box in the basket,FULL_HIT,0.991826,0.005164,0.002294,0.369888,0.931286,0.009621,0.003998,1.415514,0,0
0,14,39,put both the alphabet soup and the cream cheese box in the basket,FULL_HIT,0.990319,0.004988,0.002145,0.409619,1.100686,0.011777,0.003685,1.627754,0,0
0,14,40,put both the alphabet soup and the cream cheese box in the basket,FULL_HIT,0.989979,0.004947,0.002311,0.329433,1.176933,0.010499,0.004302,1.622665,0,0
0,14,41,put both the alphabet soup and the cream cheese box in the basket,FULL_HIT,0.992903,0.004976,0.002377,0.416202,1.214457,0.010672,0.004212,1.744465,0,0
0,14,42,put both the alphabet soup and the cream cheese box in the basket,FULL_HIT,0.993490,0.005532,0.002781,0.379995,0.983434,0.009621,0.004993,1.478144,0,0
0,14,43,put both the alphabet soup and the cream cheese box in the basket,FULL_HIT,0.992930,0.004659,0.002511,0.632054,1.710398,0.010870,0.004855,2.556243,0,0
0,14,44,put both the alphabet soup and the cream cheese box in the basket,FULL_HIT,0.991753,0.006198,0.002562,0.548447,1.188210,0.011287,0.004583,1.868326,0,0
0,14,45,put both the alphabet soup and the cream cheese box in the basket,FULL_HIT,0.992878,0.018169,0.007763,1.277763,1.172906,0.010807,0.003949,2.729702,0,0
0,14,46,put both the alphabet soup and the cream cheese box in the basket,FULL_HIT,0.994264,0.004878,0.002297,0.457402,0.997601,0.011166,0.004231,1.572057,0,0
0,14,47,put both the alphabet soup and the cream cheese box in the basket,FULL_HIT,0.995048,0.005183,0.002198,0.516356,1.048430,0.010833,0.004267,1.689911,0,0
0,14,48,put both the alphabet soup and the cream cheese box in the basket,FULL_HIT,0.995418,0.004550,0.002277,0.434096,0.996956,0.011243,0.003863,1.550759,0,0
0,14,49,put both the alphabet soup and the cream cheese box in the basket,FULL_HIT,0.996676,0.005116,0.002558,0.363429,1.424421,0.013419,0.005535,1.920931,0,0
0,14,50,put both the alphabet soup and the cream cheese box in the basket,FULL_HIT,0.997489,0.005361,0.002807,0.500661,1.011579,0.010587,0.003899,1.635588,0,0
0,15,0,put the black bowl in the bottom drawer of the cabinet and close it,FULL_HIT,0.998870,0.005465,0.002264,0.420119,2.434286,0.013659,0.004473,2.985111,0,0
0,15,1,put the black bowl in the bottom drawer of the cabinet and close it,FULL_HIT,0.998850,0.005270,0.002753,0.520360,1.120206,0.013650,0.004038,1.773499,0,0
0,15,2,put the black bowl in the bottom drawer of the cabinet and close it,FULL_HIT,0.998744,0.005498,0.001908,0.424160,1.192664,0.012209,0.004468,1.747508,0,0
0,15,3,put the black bowl in the bottom drawer of the cabinet and close it,FULL_HIT,0.998737,0.004652,0.002243,0.320591,0.899348,0.008429,0.003531,1.317597,0,0
0,15,4,put the black bowl in the bottom drawer of the cabinet and close it,FULL_HIT,0.998694,0.004804,0.002362,0.409112,0.906620,0.009069,0.003363,1.422823,0,0
0,15,5,put the black bowl in the bottom drawer of the cabinet and close it,FULL_HIT,0.998700,0.005083,0.002014,0.371906,0.900954,0.009843,0.003595,1.381304,0,0
0,15,6,put the black bowl in the bottom drawer of the cabinet and close it,FULL_HIT,0.998705,0.004899,0.002462,0.407928,0.924341,0.011032,0.003868,1.448265,0,0
0,15,7,put the black bowl in the bottom drawer of the cabinet and close it,FULL_HIT,0.998773,0.005163,0.002219,0.646746,1.851011,0.010799,0.003754,2.625354,0,0
0,15,8,put the black bowl in the bottom drawer of the cabinet and close it,FULL_HIT,0.998795,0.004598,0.002197,0.327021,0.881719,0.008869,0.003403,1.311375,0,0
0,15,9,put the black bowl in the bottom drawer of the cabinet and close it,FULL_HIT,0.998759,0.004780,0.002514,0.359777,0.932906,0.010092,0.003933,1.424307,0,0
0,15,10,put the black bowl in the bottom drawer of the cabinet and close it,FULL_HIT,0.998784,0.004893,0.002408,0.381470,0.947169,0.009973,0.004087,1.444770,0,0
0,15,11,put the black bowl in the bottom drawer of the cabinet and close it,FULL_HIT,0.998779,0.005300,0.002396,0.394954,0.911076,0.024111,0.004107,1.434732,0,0
0,15,12,put the black bowl in the bottom drawer of the cabinet and close it,FULL_HIT,0.998782,0.005298,0.002303,0.415817,0.958907,0.010200,0.004144,1.504202,0,0
0,15,13,put the black bowl in the bottom drawer of the cabinet and close it,FULL_HIT,0.998788,0.005205,0.002284,0.405716,0.963836,0.010122,0.003458,1.487294,0,0
0,15,14,put the black bowl in the bottom drawer of the cabinet and close it,FULL_HIT,0.998783,0.005442,0.002113,0.425397,0.956736,0.011062,0.003983,1.499323,0,0
0,15,15,put the black bowl in the bottom drawer of the cabinet and close it,FULL_HIT,0.998764,0.005763,0.002432,0.592269,1.700402,0.012279,0.004767,2.429169,0,0
0,15,16,put the black bowl in the bottom drawer of the cabinet and close it,FULL_HIT,0.998090,0.004686,0.001957,0.424244,1.133400,0.010930,0.003879,1.675128,0,0
0,15,17,put the black bowl in the bottom drawer of the cabinet and close it,FULL_HIT,0.997237,0.004693,0.002393,0.521238,1.096588,0.011040,0.004176,1.737963,0,0
0,15,18,put the black bowl in the bottom drawer of the cabinet and close it,FULL_HIT,0.998666,0.005283,0.002483,0.513379,1.036211,0.011480,0.004379,1.674032,0,0
0,15,19,put the black bowl in the bottom drawer of the cabinet and close it,FULL_HIT,0.998688,0.006431,0.002922,0.826572,3.046114,0.015098,0.008767,4.057413,0,0
0,15,20,put the black bowl in the bottom drawer of the cabinet and close it,FULL_HIT,0.998650,0.005047,0.002432,0.535588,1.229703,0.010841,0.003779,1.895365,0,0
0,15,21,put the black bowl in the bottom drawer of the cabinet and close it,FULL_HIT,0.998654,0.006034,0.003215,0.604237,1.070281,0.009567,0.003897,1.801497,0,0
0,15,22,put the black bowl in the bottom drawer of the cabinet and close it,FULL_HIT,0.998590,0.005013,0.002350,0.525517,1.114108,0.010323,0.004049,1.759936,0,0
0,15,23,put the black bowl in the bottom drawer of the cabinet and close it,FULL_HIT,0.998584,0.008375,0.002598,0.478434,1.267701,0.011513,0.003897,1.879846,0,0
0,15,24,put the black bowl in the bottom drawer of the cabinet and close it,FULL_HIT,0.998618,0.005659,0.002312,0.475088,1.127577,0.018009,0.006498,1.750371,0,0
0,15,25,put the black bowl in the bottom drawer of the cabinet and close it,FULL_HIT,0.998635,0.006065,0.002705,0.606987,1.086038,0.011446,0.004399,1.826019,0,0
0,15,26,put the black bowl in the bottom drawer of the cabinet and close it,FULL_HIT,0.998676,0.007026,0.003672,0.846046,1.283281,0.013557,0.005056,2.299495,0,0
0,15,27,put the black bowl in the bottom drawer of the cabinet and close it,FULL_HIT,0.998658,0.005113,0.002259,0.506925,1.115188,0.022285,0.004225,1.756196,0,0
0,15,28,put the black bowl in the bottom drawer of the cabinet and close it,FULL_HIT,0.998694,0.005174,0.003325,0.546583,1.047007,0.013070,0.004434,1.744865,0,0
0,15,29,put the black bowl in the bottom drawer of the cabinet and close it,FULL_HIT,0.998270,0.005181,0.002093,0.378493,0.877430,0.013622,0.004197,1.416113,0,0
0,15,30,put the black bowl in the bottom drawer of the cabinet and close it,FULL_HIT,0.996767,0.006028,0.045808,0.535503,1.077309,0.010776,0.003071,1.785295,0,0
0,15,31,put the black bowl in the bottom drawer of the cabinet and close it,FULL_HIT,0.997656,0.004465,0.002491,0.403321,1.056865,0.011181,0.046963,1.631704,0,0
0,15,32,put the black bowl in the bottom drawer of the cabinet and close it,FULL_HIT,0.998618,0.005572,0.002236,0.335821,0.957970,0.009687,0.004069,1.401794,0,0
0,15,33,put the black bowl in the bottom drawer of the cabinet and close it,FULL_HIT,0.998651,0.004610,0.002301,0.444427,0.883605,0.009686,0.003146,1.439715,0,0
0,15,34,put the black bowl in the bottom drawer of the cabinet and close it,FULL_HIT,0.998662,0.004865,0.002644,0.327826,1.295302,0.009819,0.004186,1.739227,0,0
0,15,35,put the black bowl in the bottom drawer of the cabinet and close it,FULL_HIT,0.998643,0.005070,0.002343,0.368729,1.367317,0.009859,0.003950,1.855712,0,0
0,15,36,put the black bowl in the bottom drawer of the cabinet and close it,FULL_HIT,0.998273,0.005473,0.002609,0.594818,1.051938,0.010377,0.003637,1.774672,0,0
0,15,37,put the black bowl in the bottom drawer of the cabinet and close it,FULL_HIT,0.998315,0.005435,0.002409,0.572244,1.076975,0.010240,0.003770,1.775844,0,0
0,15,38,put the black bowl in the bottom drawer of the cabinet and close it,FULL_HIT,0.998180,0.005426,0.002450,0.581484,1.143957,0.011587,0.004401,1.856108,0,0
0,15,39,put the black bowl in the bottom drawer of the cabinet and close it,FULL_HIT,0.997830,0.005894,0.002780,0.399494,0.894472,0.009117,0.003965,1.423671,0,0
0,15,40,put the black bowl in the bottom drawer of the cabinet and close it,FULL_HIT,0.997758,0.004872,0.002703,0.422265,1.008099,0.010646,0.003582,1.553408,0,0
0,15,41,put the black bowl in the bottom drawer of the cabinet and close it,FULL_HIT,0.997532,0.005303,0.002414,0.411873,0.918638,0.010527,0.004196,1.447110,0,0
0,15,0,put both the alphabet soup and the cream cheese box in the basket,FULL_HIT,0.998343,0.006608,0.002611,0.729122,1.395736,0.012287,0.005116,2.268215,0,0
0,15,1,put both the alphabet soup and the cream cheese box in the basket,FULL_HIT,0.998117,0.005204,0.002279,0.540282,1.132396,0.011026,0.004526,1.800945,0,0
0,15,2,put both the alphabet soup and the cream cheese box in the basket,FULL_HIT,0.998178,0.006526,0.003022,0.551972,1.397333,0.013846,0.005094,2.093719,0,0
0,15,3,put both the alphabet soup and the cream cheese box in the basket,FULL_HIT,0.998301,0.005199,0.002531,0.616867,1.203848,0.012622,0.003806,1.951859,0,0
0,15,4,put both the alphabet soup and the cream cheese box in the basket,FULL_HIT,0.998204,0.005277,0.002577,0.473748,1.128535,0.012149,0.004664,1.729545,0,0
0,15,5,put both the alphabet soup and the cream cheese box in the basket,FULL_HIT,0.998297,0.005010,0.002435,0.468491,1.090498,0.010032,0.003616,1.669535,0,0
0,15,6,put both the alphabet soup and the cream cheese box in the basket,FULL_HIT,0.998104,0.005137,0.002414,0.558482,1.153117,0.012439,0.004635,1.839579,0,0
0,15,7,put both the alphabet soup and the cream cheese box in the basket,FULL_HIT,0.998055,0.005460,0.002532,0.587923,1.253013,0.011646,0.004338,1.972141,0,0
0,15,8,put both the alphabet soup and the cream cheese box in the basket,FULL_HIT,0.997856,0.004953,0.002248,0.491989,1.064882,0.009848,0.004568,1.685835,0,0
0,15,9,put both the alphabet soup and the cream cheese box in the basket,FULL_HIT,0.998120,0.005922,0.002449,0.723973,1.244652,0.012766,0.005594,2.105624,0,0
0,15,10,put both the alphabet soup and the cream cheese box in the basket,FULL_HIT,0.998010,0.005912,0.002532,0.611021,1.197436,0.011689,0.004025,1.942424,0,0
0,15,11,put both the alphabet soup and the cream cheese box in the basket,FULL_HIT,0.997758,0.005066,0.002449,0.545172,1.165920,0.011601,0.004570,1.846611,0,0
0,15,12,put both the alphabet soup and the cream cheese box in the basket,FULL_HIT,0.997077,0.006334,0.002886,0.645048,1.383080,0.016351,0.005791,2.192126,0,0
0,15,13,put both the alphabet soup and the cream cheese box in the basket,FULL_HIT,0.997444,0.004840,0.002238,0.422715,1.578095,0.013630,0.005253,2.133856,0,0
0,15,14,put both the alphabet soup and the cream cheese box in the basket,FULL_HIT,0.997625,0.005238,0.002212,0.493984,0.945976,0.010964,0.004382,1.598985,0,0
0,15,15,put both the alphabet soup and the cream cheese box in the basket,FULL_HIT,0.997805,0.004946,0.002191,0.452997,1.063331,0.009476,0.004111,1.628285,0,0
0,15,16,put both the alphabet soup and the cream cheese box in the basket,FULL_HIT,0.997837,0.005215,0.002491,0.536660,1.170368,0.011894,0.004661,1.832833,0,0
0,15,17,put both the alphabet soup and the cream cheese box in the basket,FULL_HIT,0.997750,0.005489,0.002586,0.505725,1.062976,0.010634,0.005146,1.691651,0,0
0,15,18,put both the alphabet soup and the cream cheese box in the basket,FULL_HIT,0.997854,0.004706,0.002215,0.427328,0.925721,0.009353,0.003489,1.460784,0,0
0,15,19,put both the alphabet soup and the cream cheese box in the basket,FULL_HIT,0.998050,0.005474,0.002527,0.690811,1.422506,0.012919,0.005392,2.251054,0,0
0,15,20,put both the alphabet soup and the cream cheese box in the basket,FULL_HIT,0.998222,0.004912,0.002343,0.415589,2.414497,0.011571,0.004286,2.951580,0,0
0,15,21,put both the alphabet soup and the cream cheese box in the basket,FULL_HIT,0.997932,0.004545,0.002031,0.340559,1.620324,0.011382,0.004522,2.077992,0,0
0,15,22,put both the alphabet soup and the cream cheese box in the basket,FULL_HIT,0.997939,0.005271,0.002106,0.504009,1.418208,0.011487,0.020300,2.067678,0,0
0,15,23,put both the alphabet soup and the cream cheese box in the basket,FULL_HIT,0.997696,0.004955,0.002317,0.335155,1.046780,0.009170,0.004260,1.490280,0,0
0,15,24,put both the alphabet soup and the cream cheese box in the basket,FULL_HIT,0.998352,0.004813,0.002311,0.389008,0.989041,0.008846,0.003896,1.482499,0,0
0,15,25,put both the alphabet soup and the cream cheese box in the basket,FULL_HIT,0.998369,0.004782,0.002219,0.369890,1.000069,0.008380,0.003777,1.465692,0,0
0,15,26,put both the alphabet soup and the cream cheese box in the basket,FULL_HIT,0.998353,0.005251,0.002083,0.474690,0.982918,0.008951,0.003631,1.567758,0,0
0,15,27,put both the alphabet soup and the cream cheese box in the basket,FULL_HIT,0.998332,0.004903,0.002508,0.435025,1.035968,0.010798,0.004903,1.589524,0,0
0,15,28,put both the alphabet soup and the cream cheese box in the basket,FULL_HIT,0.998301,0.004752,0.002234,0.381788,1.018279,0.009778,0.005106,1.516317,0,0
0,15,29,put both the alphabet soup and the cream cheese box in the basket,FULL_HIT,0.998362,0.004433,0.001923,0.410390,0.923173,0.009734,0.003990,1.443873,0,0
0,15,30,put both the alphabet soup and the cream cheese box in the basket,FULL_HIT,0.998498,0.005818,0.002503,0.501964,1.181102,0.011786,0.004563,1.827729,0,0
0,15,31,put both the alphabet soup and the cream cheese box in the basket,FULL_HIT,0.998572,0.020123,0.002641,0.354490,0.904312,0.009149,0.003552,1.382684,0,0
0,15,32,put both the alphabet soup and the cream cheese box in the basket,FULL_HIT,0.998461,0.005777,0.002103,0.433893,0.984793,0.010510,0.004136,1.539653,0,0
0,15,33,put both the alphabet soup and the cream cheese box in the basket,FULL_HIT,0.998471,0.006825,0.002771,0.741683,2.798845,0.015114,0.006037,3.734742,0,0
0,15,34,put both the alphabet soup and the cream cheese box in the basket,FULL_HIT,0.997930,0.006892,0.003618,0.559699,1.957939,0.010987,0.004228,2.660685,0,0
0,15,35,put both the alphabet soup and the cream cheese box in the basket,FULL_HIT,0.997501,0.004785,0.002378,0.387105,0.921344,0.008700,0.004171,1.416348,0,0
0,15,36,put both the alphabet soup and the cream cheese box in the basket,FULL_HIT,0.996228,0.004893,0.002428,0.314308,1.465733,0.010949,0.004516,1.914231,0,0
0,15,37,put both the alphabet soup and the cream cheese box in the basket,FULL_HIT,0.995127,0.004940,0.002188,0.345883,1.144439,0.016257,0.005499,1.656445,0,0
0,15,38,put both the alphabet soup and the cream cheese box in the basket,FULL_HIT,0.994858,0.004382,0.001928,0.372216,0.916840,0.009646,0.003668,1.395135,0,0
0,15,39,put both the alphabet soup and the cream cheese box in the basket,FULL_HIT,0.996307,0.004659,0.002058,0.399317,0.943170,0.009412,0.003878,1.456024,0,0
0,15,40,put both the alphabet soup and the cream cheese box in the basket,FULL_HIT,0.997346,0.004556,0.002571,0.361289,0.947551,0.009526,0.003895,1.415137,0,0
0,15,41,put both the alphabet soup and the cream cheese box in the basket,FULL_HIT,0.997392,0.005025,0.002288,0.319502,0.883485,0.009487,0.004520,1.305669,0,0
0,15,42,put both the alphabet soup and the cream cheese box in the basket,FULL_HIT,0.997733,0.005089,0.002151,0.445463,1.141424,0.011256,0.004351,1.708857,0,0
0,15,43,put both the alphabet soup and the cream cheese box in the basket,FULL_HIT,0.997463,0.004711,0.002630,0.347660,1.202138,0.010843,0.004951,1.660878,0,0
0,15,44,put both the alphabet soup and the cream cheese box in the basket,FULL_HIT,0.996853,0.004915,0.002223,0.308997,0.986536,0.009462,0.003884,1.422517,0,0
0,15,45,put both the alphabet soup and the cream cheese box in the basket,FULL_HIT,0.996704,0.004790,0.002278,0.356839,0.957377,0.008597,0.003773,1.418008,0,0
0,15,46,put both the alphabet soup and the cream cheese box in the basket,FULL_HIT,0.997749,0.004707,0.002032,0.325053,0.949742,0.009755,0.004126,1.381975,0,0
0,16,0,put the black bowl in the bottom drawer of the cabinet and close it,FULL_HIT,0.990651,0.004274,0.002428,0.374164,0.851680,0.009366,0.003321,1.333685,0,0
0,16,1,put the black bowl in the bottom drawer of the cabinet and close it,FULL_HIT,0.991715,0.004535,0.002226,0.557883,0.957144,0.011185,0.004261,1.637534,0,0
0,16,2,put the black bowl in the bottom drawer of the cabinet and close it,FULL_HIT,0.994976,0.005199,0.002140,0.503693,1.063110,0.010624,0.004086,1.687563,0,0
0,16,3,put the black bowl in the bottom drawer of the cabinet and close it,FULL_HIT,0.994806,0.004943,0.001892,0.564658,1.040599,0.010268,0.004555,1.738014,0,0
0,16,4,put the black bowl in the bottom drawer of the cabinet and close it,FULL_HIT,0.991295,0.005116,0.002470,0.697027,0.950908,0.010582,0.004292,1.772770,0,0
0,16,5,put the black bowl in the bottom drawer of the cabinet and close it,FULL_HIT,0.985576,0.004216,0.002370,0.357242,1.964812,0.017048,0.005628,2.457510,0,0
0,16,6,put the black bowl in the bottom drawer of the cabinet and close it,FULL_HIT,0.986630,0.004428,0.002486,0.333321,0.877973,0.008883,0.003404,1.326098,0,0
0,16,7,put the black bowl in the bottom drawer of the cabinet and close it,FULL_HIT,0.990025,0.004457,0.002115,0.352959,0.858839,0.009801,0.003567,1.320592,0,0
0,16,8,put the black bowl in the bottom drawer of the cabinet and close it,FULL_HIT,0.993865,0.004792,0.002474,0.434208,0.999009,0.010186,0.003710,1.542205,0,0
0,16,9,put the black bowl in the bottom drawer of the cabinet and close it,FULL_HIT,0.995331,0.005449,0.002363,0.542022,1.127106,0.010998,0.004114,1.792717,0,0
0,16,10,put the black bowl in the bottom drawer of the cabinet and close it,FULL_HIT,0.995124,0.004911,0.002523,0.373487,0.936879,0.009840,0.004115,1.418970,0,0
0,16,11,put the black bowl in the bottom drawer of the cabinet and close it,FULL_HIT,0.992225,0.004911,0.002097,0.848224,1.249622,0.010491,0.004229,2.252137,0,0
0,16,12,put the black bowl in the bottom drawer of the cabinet and close it,FULL_HIT,0.989752,0.004762,0.002610,0.465731,0.945200,0.010153,0.003733,1.522232,0,0
0,16,13,put the black bowl in the bottom drawer of the cabinet and close it,FULL_HIT,0.991529,0.004299,0.002057,0.342898,0.986214,0.009307,0.003375,1.447453,0,0
0,16,14,put the black bowl in the bottom drawer of the cabinet and close it,FULL_HIT,0.986088,0.005635,0.002329,0.762912,1.095753,0.010246,0.003582,1.980218,0,0
0,16,15,put the black bowl in the bottom drawer of the cabinet and close it,FULL_HIT,0.994781,0.004751,0.002101,0.363904,1.161862,0.009493,0.003840,1.633985,0,0
0,16,16,put the black bowl in the bottom drawer of the cabinet and close it,FULL_HIT,0.994926,0.004846,0.002608,0.317844,0.915230,0.009520,0.003459,1.359955,0,0
0,16,17,put the black bowl in the bottom drawer of the cabinet and close it,FULL_HIT,0.995360,0.005097,0.002460,0.407292,1.047748,0.011002,0.004084,1.573578,0,0
0,16,18,put the black bowl in the bottom drawer of the cabinet and close it,FULL_HIT,0.996218,0.004851,0.001904,0.372011,0.947378,0.009865,0.004075,1.446829,0,0
0,16,19,put the black bowl in the bottom drawer of the cabinet and close it,FULL_HIT,0.997114,0.005521,0.002804,0.673093,0.965624,0.010604,0.004096,1.765594,0,0
0,16,20,put the black bowl in the bottom drawer of the cabinet and close it,FULL_HIT,0.997613,0.004904,0.002339,0.341993,0.876905,0.010440,0.004323,1.329563,0,0
0,16,21,put the black bowl in the bottom drawer of the cabinet and close it,FULL_HIT,0.997957,0.005475,0.002490,0.465644,0.884565,0.009308,0.003515,1.461604,0,0
0,16,22,put the black bowl in the bottom drawer of the cabinet and close it,FULL_HIT,0.998118,0.004711,0.002049,0.477871,1.032079,0.009940,0.003374,1.621583,0,0
0,16,23,put the black bowl in the bottom drawer of the cabinet and close it,FULL_HIT,0.998233,0.004535,0.002488,0.502477,0.997128,0.010395,0.003936,1.610428,0,0
0,16,24,put the black bowl in the bottom drawer of the cabinet and close it,FULL_HIT,0.998275,0.004864,0.002434,0.488131,1.466679,0.011825,0.004279,2.080919,0,0
0,16,25,put the black bowl in the bottom drawer of the cabinet and close it,FULL_HIT,0.998104,0.005194,0.002271,0.339961,0.908892,0.009968,0.003259,1.355165,0,0
0,16,26,put the black bowl in the bottom drawer of the cabinet and close it,FULL_HIT,0.997937,0.004887,0.002684,0.428849,1.036067,0.011164,0.003877,1.591598,0,0
0,16,27,put the black bowl in the bottom drawer of the cabinet and close it,FULL_HIT,0.997537,0.004871,0.002087,0.675916,0.995158,0.010476,0.003396,1.784666,0,0
0,16,28,put the black bowl in the bottom drawer of the cabinet and close it,FULL_HIT,0.996354,0.004965,0.002122,0.765067,0.920863,0.010428,0.003508,1.805324,0,0
0,16,29,put the black bowl in the bottom drawer of the cabinet and close it,FULL_HIT,0.996544,0.004765,0.002150,0.401302,0.900953,0.010066,0.003493,1.410875,0,0
0,16,30,put the black bowl in the bottom drawer of the cabinet and close it,FULL_HIT,0.996242,0.004568,0.002167,0.303708,1.121197,0.011837,0.003954,1.537078,0,0
0,16,31,put the black bowl in the bottom drawer of the cabinet and close it,FULL_HIT,0.995254,0.004755,0.002244,0.334060,1.300838,0.010582,0.003844,1.754329,0,0
0,16,32,put the black bowl in the bottom drawer of the cabinet and close it,FULL_HIT,0.995268,0.005713,0.003053,0.642437,1.128857,0.011064,0.003677,1.910432,0,0
0,16,33,put the black bowl in the bottom drawer of the cabinet and close it,FULL_HIT,0.993902,0.004854,0.002538,0.339405,0.928884,0.009242,0.003608,1.378803,0,0
0,16,34,put the black bowl in the bottom drawer of the cabinet and close it,FULL_HIT,0.994013,0.004950,0.002424,0.379958,0.930941,0.009617,0.003331,1.425818,0,0
0,16,35,put the black bowl in the bottom drawer of the cabinet and close it,FULL_HIT,0.993712,0.005336,0.002319,0.462000,0.916694,0.009628,0.003604,1.528505,0,0
0,16,36,put the black bowl in the bottom drawer of the cabinet and close it,FULL_HIT,0.994590,0.004657,0.001955,0.504886,0.998164,0.009701,0.003706,1.622656,0,0
0,16,37,put the black bowl in the bottom drawer of the cabinet and close it,FULL_HIT,0.995477,0.005408,0.002340,0.370155,1.074460,0.011119,0.003889,1.561665,0,0
0,16,38,put the black bowl in the bottom drawer of the cabinet and close it,FULL_HIT,0.997550,0.005273,0.002507,0.541588,1.139943,0.012443,0.005299,1.823027,0,0
0,16,39,put the black bowl in the bottom drawer of the cabinet and close it,FULL_HIT,0.997895,0.004916,0.002660,0.493975,0.955958,0.010549,0.004082,1.569264,0,0
0,16,40,put the black bowl in the bottom drawer of the cabinet and close it,FULL_HIT,0.998073,0.004666,0.002053,0.395367,0.906244,0.009143,0.004371,1.408110,0,0
0,16,41,put the black bowl in the bottom drawer of the cabinet and close it,FULL_HIT,0.998113,0.005527,0.002522,0.493482,1.016174,0.009022,0.003461,1.625222,0,0
0,16,42,put the black bowl in the bottom drawer of the cabinet and close it,FULL_HIT,0.997969,0.004780,0.002144,0.308154,0.878365,0.009195,0.003071,1.286879,0,0
0,16,43,put the black bowl in the bottom drawer of the cabinet and close it,FULL_HIT,0.997640,0.004800,0.002198,0.315346,0.937648,0.008447,0.003416,1.356396,0,0
0,16,44,put the black bowl in the bottom drawer of the cabinet and close it,FULL_HIT,0.996258,0.005484,0.002550,0.376950,0.857414,0.009219,0.004257,1.350657,0,0
0,16,45,put the black bowl in the bottom drawer of the cabinet and close it,FULL_HIT,0.994296,0.004792,0.002514,0.439645,0.900752,0.008935,0.003919,1.445936,0,0
0,16,46,put the black bowl in the bottom drawer of the cabinet and close it,FULL_HIT,0.993751,0.005212,0.002937,0.729116,1.282794,0.035217,0.010293,2.216170,0,0
0,16,47,put the black bowl in the bottom drawer of the cabinet and close it,FULL_HIT,0.995615,0.005126,0.002469,0.419934,1.348955,0.012124,0.004369,1.892338,0,0
0,16,48,put the black bowl in the bottom drawer of the cabinet and close it,FULL_HIT,0.996932,0.005076,0.002203,0.479201,0.935928,0.010329,0.003488,1.533601,0,0
0,16,49,put the black bowl in the bottom drawer of the cabinet and close it,FULL_HIT,0.997060,0.004597,0.002581,0.718417,1.368407,0.033424,0.014782,2.325933,0,0
0,16,50,put the black bowl in the bottom drawer of the cabinet and close it,FULL_HIT,0.996985,0.004653,0.002341,0.343235,1.109502,0.011903,0.003909,1.565001,0,0
0,16,51,put the black bowl in the bottom drawer of the cabinet and close it,FULL_HIT,0.996835,0.005361,0.002174,0.357261,0.881220,0.010201,0.003453,1.367097,0,0
0,16,52,put the black bowl in the bottom drawer of the cabinet and close it,FULL_HIT,0.996508,0.004498,0.002316,0.445757,0.959437,0.009785,0.003531,1.517845,0,0
0,16,53,put the black bowl in the bottom drawer of the cabinet and close it,FULL_HIT,0.996296,0.005516,0.002676,0.421123,0.883535,0.009214,0.003887,1.422083,0,0
0,16,54,put the black bowl in the bottom drawer of the cabinet and close it,FULL_HIT,0.996214,0.004912,0.002497,0.344220,0.969482,0.009882,0.003858,1.442938,0,0
0,16,0,put both moka pots on the stove,FULL_HIT,0.986865,0.005190,0.002781,0.470602,1.509953,0.011513,0.004279,2.100850,0,0
0,16,1,put both moka pots on the stove,FULL_HIT,0.988135,0.006297,0.002740,0.512089,1.142513,0.010707,0.003310,1.805776,0,0
0,16,2,put both moka pots on the stove,FULL_HIT,0.993052,0.004898,0.002419,0.334048,1.389174,0.010135,0.003428,1.838554,0,0
0,16,3,put both moka pots on the stove,FULL_HIT,0.994111,0.005042,0.002277,0.326917,1.121891,0.009269,0.004155,1.555282,0,0
0,16,4,put both moka pots on the stove,FULL_HIT,0.992319,0.004677,0.002002,0.293937,1.271843,0.010235,0.003813,1.672781,0,0
0,16,5,put both moka pots on the stove,FULL_HIT,0.988474,0.005234,0.002365,0.318930,1.058946,0.009448,0.003772,1.485671,0,0
0,16,6,put both moka pots on the stove,FULL_HIT,0.988342,0.004797,0.001938,0.293169,1.159595,0.009189,0.003577,1.552292,0,0
0,16,7,put both moka pots on the stove,FULL_HIT,0.991641,0.005036,0.002485,0.389894,1.272768,0.010148,0.004133,1.785909,0,0
0,16,8,put both moka pots on the stove,FULL_HIT,0.994088,0.004932,0.002386,0.489443,1.243248,0.010702,0.004152,1.849538,0,0
0,16,9,put both moka pots on the stove,FULL_HIT,0.994994,0.005762,0.002329,0.483021,1.314324,0.009756,0.003030,1.915351,0,0
0,16,10,put both moka pots on the stove,FULL_HIT,0.995543,0.006492,0.002052,0.425135,1.282334,0.010976,0.003794,1.849395,0,0
0,16,11,put both moka pots on the stove,FULL_HIT,0.996067,0.005137,0.002085,0.428032,1.262726,0.009721,0.003888,1.804511,0,0
0,16,12,put both moka pots on the stove,FULL_HIT,0.996478,0.005401,0.002245,0.319159,1.145570,0.009781,0.003867,1.575100,0,0
0,16,13,put both moka pots on the stove,FULL_HIT,0.996772,0.004857,0.002349,0.316767,1.120364,0.009064,0.003664,1.540005,0,0
0,16,14,put both moka pots on the stove,FULL_HIT,0.996620,0.005099,0.002038,0.337863,1.215535,0.010128,0.003595,1.662271,0,0
0,16,15,put both moka pots on the stove,FULL_HIT,0.996297,0.004680,0.002393,0.385106,1.149896,0.009715,0.003582,1.665157,0,0
0,16,16,put both moka pots on the stove,FULL_HIT,0.996014,0.005030,0.002294,0.577482,1.154523,0.010525,0.004246,1.843890,0,0
0,16,17,put both moka pots on the stove,FULL_HIT,0.995451,0.005063,0.002360,0.351828,1.291502,0.012414,0.005740,1.771799,0,0
0,16,18,put both moka pots on the stove,FULL_HIT,0.995134,0.005173,0.002186,0.361086,1.106085,0.009767,0.003977,1.574842,0,0
0,16,19,put both moka pots on the stove,FULL_HIT,0.994826,0.005187,0.002710,0.385363,1.220682,0.011103,0.004316,1.725646,0,0
0,16,20,put both moka pots on the stove,FULL_HIT,0.995292,0.004758,0.002142,0.333500,1.054242,0.009023,0.004697,1.491904,0,0
0,16,21,put both moka pots on the stove,FULL_HIT,0.994855,0.005080,0.002120,0.366753,1.168188,0.010274,0.016304,1.660139,0,0
0,16,22,put both moka pots on the stove,FULL_HIT,0.994915,0.005019,0.002375,0.516391,1.245198,0.010367,0.004295,1.881697,0,0
0,16,23,put both moka pots on the stove,FULL_HIT,0.995026,0.005033,0.002445,0.327909,1.080561,0.009261,0.003448,1.513336,0,0
0,16,24,put both moka pots on the stove,FULL_HIT,0.993422,0.004875,0.002000,0.308342,1.147590,0.009622,0.003459,1.559073,0,0
0,16,25,put both moka pots on the stove,FULL_HIT,0.977853,0.006187,0.002161,0.364919,1.130624,0.009196,0.004078,1.608871,0,0
0,16,26,put both moka pots on the stove,FULL_HIT,0.966765,0.005026,0.002137,0.435536,1.215475,0.010751,0.003696,1.769662,0,0
0,16,27,put both moka pots on the stove,FULL_HIT,0.968150,0.004522,0.002208,0.382228,1.087919,0.010279,0.003383,1.594711,0,0
0,16,28,put both moka pots on the stove,FULL_HIT,0.983062,0.005180,0.002062,0.325270,1.228008,0.010322,0.003679,1.663120,0,0
0,16,29,put both moka pots on the stove,FULL_HIT,0.987433,0.005306,0.002280,0.330478,1.138135,0.009536,0.003425,1.601109,0,0
0,16,30,put both moka pots on the stove,FULL_HIT,0.987503,0.004747,0.002234,0.313544,1.129756,0.009105,0.004279,1.543459,0,0
0,16,31,put both moka pots on the stove,FULL_HIT,0.984714,0.005214,0.002332,0.380271,1.311306,0.015359,0.005627,1.824502,0,0
0,16,32,put both moka pots on the stove,FULL_HIT,0.986840,0.004890,0.002156,0.375092,1.170604,0.009608,0.004036,1.660170,0,0
0,16,33,put both moka pots on the stove,FULL_HIT,0.983129,0.004885,0.002507,0.327307,1.127524,0.008824,0.003627,1.555768,0,0
0,16,34,put both moka pots on the stove,FULL_HIT,0.979999,0.006566,0.002306,0.620293,1.317420,0.011401,0.004008,2.076587,0,0
0,16,35,put both moka pots on the stove,FULL_HIT,0.978751,0.005301,0.002115,0.545651,1.450289,0.012861,0.005014,2.136677,0,0
0,16,36,put both moka pots on the stove,FULL_HIT,0.971930,0.006097,0.002699,0.770524,1.984601,0.015170,0.006174,2.966363,0,0
0,16,37,put both moka pots on the stove,FULL_HIT,0.971858,0.005134,0.002236,0.399453,1.294214,0.011368,0.004196,1.808638,0,0
0,16,38,put both moka pots on the stove,FULL_HIT,0.978590,0.005668,0.002813,0.564064,1.255170,0.011815,0.004512,1.982951,0,0
0,16,39,put both moka pots on the stove,FULL_HIT,0.996562,0.004776,0.002228,0.422342,1.409873,0.010907,0.003660,1.948305,0,0
0,16,40,put both moka pots on the stove,FULL_HIT,0.997869,0.005368,0.002445,0.396467,1.382589,0.011978,0.004782,1.911353,0,0
0,16,41,put both moka pots on the stove,FULL_HIT,0.997865,0.006462,0.002496,0.715723,1.556834,0.011589,0.005394,2.485719,0,0
0,16,42,put both moka pots on the stove,FULL_HIT,0.998009,0.004929,0.002404,0.694489,1.900942,0.012073,0.004827,2.723376,0,0
0,16,43,put both moka pots on the stove,FULL_HIT,0.998017,0.005558,0.002978,0.703389,1.846171,0.012862,0.005898,2.708086,0,0
0,16,44,put both moka pots on the stove,FULL_HIT,0.998109,0.004871,0.002321,0.344475,1.350728,0.010817,0.003777,1.815242,0,0
0,16,45,put both moka pots on the stove,FULL_HIT,0.998120,0.005162,0.002228,0.351558,1.473731,0.011665,0.003695,1.944654,0,0
0,16,46,put both moka pots on the stove,FULL_HIT,0.998088,0.005987,0.002470,0.445984,1.362618,0.011878,0.003728,1.942049,0,0
0,16,47,put both moka pots on the stove,FULL_HIT,0.998174,0.004911,0.002216,0.379992,1.261132,0.009923,0.004045,1.758835,0,0
0,16,48,put both moka pots on the stove,FULL_HIT,0.998157,0.005082,0.002281,0.404624,1.114452,0.009769,0.003474,1.640627,0,0
0,16,49,put both moka pots on the stove,FULL_HIT,0.998110,0.005184,0.002177,0.444321,1.313743,0.011426,0.004093,1.877982,0,0
0,16,50,put both moka pots on the stove,FULL_HIT,0.997994,0.005700,0.002738,1.081176,2.232827,0.014407,0.005463,3.465417,0,0
0,16,51,put both moka pots on the stove,FULL_HIT,0.997942,0.004557,0.002426,0.412415,1.133249,0.010031,0.004339,1.669309,0,0
0,16,52,put both moka pots on the stove,FULL_HIT,0.997828,0.004765,0.002319,0.476915,1.097389,0.010317,0.003841,1.703480,0,0
0,16,53,put both moka pots on the stove,FULL_HIT,0.997474,0.005052,0.002317,0.382210,1.194164,0.011791,0.005038,1.716312,0,0
0,16,54,put both moka pots on the stove,FULL_HIT,0.997422,0.005207,0.002313,0.468489,1.307800,0.009809,0.003955,1.913189,0,0
0,16,55,put both moka pots on the stove,FULL_HIT,0.996968,0.005384,0.002511,0.366731,1.202068,0.009822,0.003581,1.698137,0,0
0,16,56,put both moka pots on the stove,FULL_HIT,0.996570,0.004794,0.002390,0.428345,1.163334,0.011221,0.003756,1.705749,0,0
0,16,57,put both moka pots on the stove,FULL_HIT,0.995412,0.005103,0.002094,0.418300,1.260191,0.011340,0.004078,1.801166,0,0
0,16,58,put both moka pots on the stove,FULL_HIT,0.991314,0.005177,0.002377,0.465800,1.169930,0.011185,0.004413,1.767167,0,0
0,16,59,put both moka pots on the stove,FULL_HIT,0.989713,0.005394,0.002260,0.458287,1.407358,0.014282,0.006462,2.006974,0,0
0,16,60,put both moka pots on the stove,FULL_HIT,0.986486,0.005714,0.002075,0.500941,1.646339,0.014068,0.005326,2.294046,0,0
0,16,61,put both moka pots on the stove,FULL_HIT,0.994855,0.004995,0.002256,0.362674,1.296712,0.010531,0.003984,1.778243,0,0
0,16,62,put both moka pots on the stove,FULL_HIT,0.994599,0.004901,0.002377,0.445339,1.247590,0.009456,0.004896,1.807098,0,0
0,16,63,put both moka pots on the stove,FULL_HIT,0.992884,0.010143,0.003667,0.563317,1.047081,0.009421,0.004042,1.769177,0,0
0,16,64,put both moka pots on the stove,FULL_HIT,0.990251,0.005014,0.002265,0.391077,1.086130,0.009341,0.004575,1.597587,0,0
0,16,65,put both moka pots on the stove,FULL_HIT,0.987511,0.004663,0.002530,0.418984,1.196422,0.008780,0.003821,1.723515,0,0
0,16,66,put both moka pots on the stove,FULL_HIT,0.988172,0.004695,0.002027,0.305412,1.138768,0.009736,0.004456,1.550512,0,0
0,16,67,put both moka pots on the stove,FULL_HIT,0.988279,0.004791,0.001967,0.392414,1.204493,0.009641,0.003871,1.715424,0,0
0,16,68,put both moka pots on the stove,FULL_HIT,0.984767,0.005110,0.002224,0.308121,1.075890,0.009731,0.003598,1.493002,0,0
0,16,69,put both moka pots on the stove,FULL_HIT,0.986416,0.004619,0.002252,0.399645,1.115004,0.009359,0.004342,1.651733,0,0
0,16,70,put both moka pots on the stove,FULL_HIT,0.985655,0.004664,0.002120,0.414774,1.200119,0.010411,0.004581,1.735404,0,0
0,16,71,put both moka pots on the stove,FULL_HIT,0.989954,0.005422,0.001976,0.369904,1.122216,0.009191,0.004003,1.601650,0,0
0,16,72,put both moka pots on the stove,FULL_HIT,0.993674,0.004899,0.002302,0.356583,1.221595,0.009944,0.003533,1.692696,0,0
0,16,73,put both moka pots on the stove,FULL_HIT,0.994801,0.005492,0.002814,0.611736,1.995267,0.017278,0.006033,2.758196,0,0
0,17,0,put the black bowl in the bottom drawer of the cabinet and close it,FULL_HIT,0.997883,0.005211,0.002563,0.407959,0.913732,0.009029,0.003726,1.428700,0,0
0,17,1,put the black bowl in the bottom drawer of the cabinet and close it,FULL_HIT,0.997915,0.005010,0.002246,0.497407,1.186753,0.012408,0.004392,1.821535,0,0
0,17,2,put the black bowl in the bottom drawer of the cabinet and close it,FULL_HIT,0.997848,0.004876,0.002530,0.425977,1.008069,0.009832,0.003735,1.543151,0,0
0,17,3,put the black bowl in the bottom drawer of the cabinet and close it,FULL_HIT,0.997747,0.005297,0.002367,0.488143,0.919204,0.009861,0.003604,1.518784,0,0
0,17,4,put the black bowl in the bottom drawer of the cabinet and close it,FULL_HIT,0.997437,0.004871,0.002348,0.350459,0.951012,0.010399,0.003356,1.414963,0,0
0,17,5,put the black bowl in the bottom drawer of the cabinet and close it,FULL_HIT,0.996527,0.005017,0.002319,0.314990,0.908509,0.009795,0.003844,1.332070,0,0
0,17,6,put the black bowl in the bottom drawer of the cabinet and close it,FULL_HIT,0.993821,0.004999,0.002539,0.480019,1.060923,0.011211,0.003869,1.676251,0,0
0,17,7,put the black bowl in the bottom drawer of the cabinet and close it,FULL_HIT,0.988135,0.004829,0.002223,0.544324,0.906759,0.010079,0.003687,1.564651,0,0
0,17,8,put the black bowl in the bottom drawer of the cabinet and close it,FULL_HIT,0.988723,0.005783,0.002651,0.597977,1.128695,0.012152,0.004912,1.868290,0,0
0,17,9,put the black bowl in the bottom drawer of the cabinet and close it,FULL_HIT,0.990509,0.004698,0.002316,0.464726,0.962969,0.010365,0.003808,1.550179,0,0
0,17,10,put the black bowl in the bottom drawer of the cabinet and close it,FULL_HIT,0.990725,0.004401,0.002248,0.313604,0.872746,0.008947,0.003572,1.287277,0,0
0,17,11,put the black bowl in the bottom drawer of the cabinet and close it,FULL_HIT,0.991542,0.005693,0.002264,0.331193,1.061390,0.010484,0.003736,1.503103,0,0
0,17,12,put the black bowl in the bottom drawer of the cabinet and close it,FULL_HIT,0.992491,0.004598,0.002366,0.375167,0.911735,0.008932,0.003692,1.388192,0,0
0,17,13,put the black bowl in the bottom drawer of the cabinet and close it,FULL_HIT,0.992889,0.004649,0.002077,0.393329,0.915495,0.009172,0.003027,1.409553,0,0
0,17,14,put the black bowl in the bottom drawer of the cabinet and close it,FULL_HIT,0.994747,0.004813,0.002221,0.430021,0.870143,0.008956,0.004307,1.406874,0,0
0,17,15,put the black bowl in the bottom drawer of the cabinet and close it,FULL_HIT,0.995429,0.004621,0.002143,0.411625,0.915870,0.009083,0.003245,1.430845,0,0
0,17,16,put the black bowl in the bottom drawer of the cabinet and close it,FULL_HIT,0.994828,0.004776,0.002112,0.370023,0.995979,0.009079,0.003737,1.471547,0,0
0,17,17,put the black bowl in the bottom drawer of the cabinet and close it,FULL_HIT,0.994560,0.004654,0.002160,0.393005,0.946035,0.009011,0.003602,1.441247,0,0
0,17,18,put the black bowl in the bottom drawer of the cabinet and close it,FULL_HIT,0.991903,0.004471,0.002475,0.311002,0.894815,0.008813,0.003340,1.308694,0,0
0,17,19,put the black bowl in the bottom drawer of the cabinet and close it,FULL_HIT,0.991205,0.004944,0.001985,0.314943,0.907430,0.009155,0.003953,1.325757,0,0
0,17,20,put the black bowl in the bottom drawer of the cabinet and close it,FULL_HIT,0.990965,0.004795,0.002379,0.375658,0.901801,0.009104,0.004425,1.388037,0,0
0,17,21,put the black bowl in the bottom drawer of the cabinet and close it,FULL_HIT,0.988276,0.005133,0.002373,0.554865,0.885425,0.009730,0.003719,1.558364,0,0
0,17,22,put the black bowl in the bottom drawer of the cabinet and close it,FULL_HIT,0.982304,0.004823,0.002332,1.062314,2.385204,0.010468,0.003698,3.634034,0,0
0,17,23,put the black bowl in the bottom drawer of the cabinet and close it,FULL_HIT,0.975343,0.005069,0.002912,0.532270,1.100395,0.010687,0.004449,1.758309,0,0
0,17,24,put the black bowl in the bottom drawer of the cabinet and close it,FULL_HIT,0.985149,0.005011,0.002357,0.435866,0.942662,0.010596,0.004011,1.493788,0,0
0,17,25,put the black bowl in the bottom drawer of the cabinet and close it,FULL_HIT,0.986283,0.004911,0.002674,0.433327,1.103639,0.015402,0.006501,1.776808,0,0
0,17,26,put the black bowl in the bottom drawer of the cabinet and close it,FULL_HIT,0.987395,0.005635,0.002491,0.704328,1.033057,0.010926,0.004264,1.873439,0,0
0,17,27,put the black bowl in the bottom drawer of the cabinet and close it,FULL_HIT,0.984834,0.004797,0.002100,0.909886,1.020540,0.009716,0.002789,2.060281,0,0
0,17,28,put the black bowl in the bottom drawer of the cabinet and close it,FULL_HIT,0.985884,0.005443,0.002383,0.641100,1.032623,0.011200,0.003474,1.803111,0,0
0,17,29,put the black bowl in the bottom drawer of the cabinet and close it,FULL_HIT,0.988179,0.005645,0.002469,0.368214,1.042965,0.009537,0.003072,1.521664,0,0
0,17,30,put the black bowl in the bottom drawer of the cabinet and close it,FULL_HIT,0.993495,0.004988,0.002609,0.539753,1.013167,0.012001,0.003886,1.677037,0,0
0,17,31,put the black bowl in the bottom drawer of the cabinet and close it,FULL_HIT,0.995259,0.005405,0.002561,0.551040,1.147071,0.011683,0.003868,1.817578,0,0
0,17,32,put the black bowl in the bottom drawer of the cabinet and close it,FULL_HIT,0.996026,0.005496,0.002348,0.521761,1.144552,0.010114,0.003763,1.804703,0,0
0,17,33,put the black bowl in the bottom drawer of the cabinet and close it,FULL_HIT,0.995361,0.004962,0.002527,0.422833,0.920834,0.008907,0.003985,1.451285,0,0
0,17,34,put the black bowl in the bottom drawer of the cabinet and close it,FULL_HIT,0.996420,0.005099,0.002252,0.334554,0.895786,0.008985,0.003692,1.338226,0,0
0,17,35,put the black bowl in the bottom drawer of the cabinet and close it,FULL_HIT,0.997222,0.004887,0.002154,0.335949,0.909520,0.008982,0.003198,1.345610,0,0
0,17,36,put the black bowl in the bottom drawer of the cabinet and close it,FULL_HIT,0.996717,0.004850,0.002096,0.324399,0.889046,0.008831,0.003813,1.316860,0,0
0,17,37,put the black bowl in the bottom drawer of the cabinet and close it,FULL_HIT,0.995976,0.004450,0.002307,0.331638,0.924673,0.008713,0.003832,1.369441,0,0
0,17,38,put the black bowl in the bottom drawer of the cabinet and close it,FULL_HIT,0.996300,0.005289,0.002410,0.429208,1.068220,0.009640,0.004156,1.619001,0,0
0,17,39,put the black bowl in the bottom drawer of the cabinet and close it,FULL_HIT,0.995613,0.004817,0.002786,0.462101,1.280362,0.025142,0.009874,1.948968,0,0
0,17,40,put the black bowl in the bottom drawer of the cabinet and close it,FULL_HIT,0.992259,0.004630,0.002534,0.438189,0.954905,0.010761,0.005032,1.603770,0,0
0,17,41,put the black bowl in the bottom drawer of the cabinet and close it,FULL_HIT,0.991221,0.005470,0.002387,0.454862,0.887533,0.008842,0.003509,1.453391,0,0
0,17,42,put the black bowl in the bottom drawer of the cabinet and close it,FULL_HIT,0.978753,0.005713,0.002580,0.437259,0.998627,0.010376,0.003980,1.572650,0,0
0,17,43,put the black bowl in the bottom drawer of the cabinet and close it,FULL_HIT,0.984443,0.004799,0.002392,0.309367,0.913090,0.010037,0.003656,1.367301,0,0
0,17,44,put the black bowl in the bottom drawer of the cabinet and close it,FULL_HIT,0.977826,0.005574,0.002317,0.461424,1.103583,0.010537,0.003782,1.683432,0,0
0,17,45,put the black bowl in the bottom drawer of the cabinet and close it,FULL_HIT,0.985510,0.004863,0.002330,0.315993,1.555025,0.010447,0.004451,1.988622,0,0
0,18,0,put the black bowl in the bottom drawer of the cabinet and close it,FULL_HIT,0.997813,0.005128,0.002483,0.425519,0.997291,0.011840,0.004134,1.561939,0,0
0,18,1,put the black bowl in the bottom drawer of the cabinet and close it,FULL_HIT,0.997638,0.004856,0.002634,0.421655,0.898419,0.009909,0.003688,1.436330,0,0
0,18,2,put the black bowl in the bottom drawer of the cabinet and close it,FULL_HIT,0.997896,0.005671,0.002401,0.469677,1.051596,0.010962,0.004092,1.640645,0,0
0,18,3,put the black bowl in the bottom drawer of the cabinet and close it,FULL_HIT,0.997882,0.008610,0.002991,0.780859,1.493681,0.011594,0.004262,2.466353,0,0
0,18,4,put the black bowl in the bottom drawer of the cabinet and close it,FULL_HIT,0.997751,0.004467,0.002506,0.350028,0.858787,0.009060,0.003370,1.315283,0,0
0,18,5,put the black bowl in the bottom drawer of the cabinet and close it,FULL_HIT,0.997566,0.005139,0.002313,0.344534,0.857847,0.009267,0.003828,1.310666,0,0
0,18,6,put the black bowl in the bottom drawer of the cabinet and close it,FULL_HIT,0.997110,0.005855,0.002659,0.575060,1.146535,0.010955,0.003673,1.844346,0,0
0,18,7,put the black bowl in the bottom drawer of the cabinet and close it,FULL_HIT,0.997046,0.004837,0.002541,0.411760,0.866813,0.009735,0.003554,1.394369,0,0
0,18,8,put the black bowl in the bottom drawer of the cabinet and close it,FULL_HIT,0.997731,0.004543,0.002325,0.336063,0.855434,0.007974,0.003592,1.291327,0,0
0,18,9,put the black bowl in the bottom drawer of the cabinet and close it,FULL_HIT,0.998023,0.005441,0.002317,0.409766,0.933957,0.009721,0.003679,1.456108,0,0
0,18,10,put the black bowl in the bottom drawer of the cabinet and close it,FULL_HIT,0.997462,0.005000,0.002218,0.385942,0.896620,0.009037,0.003316,1.390107,0,0
0,18,11,put the black bowl in the bottom drawer of the cabinet and close it,FULL_HIT,0.996445,0.004900,0.002058,0.422218,1.124852,0.052975,0.005171,1.725000,0,0
0,18,12,put the black bowl in the bottom drawer of the cabinet and close it,FULL_HIT,0.994320,0.005663,0.002350,0.405339,1.000211,0.010382,0.004808,1.527801,0,0
0,18,13,put the black bowl in the bottom drawer of the cabinet and close it,FULL_HIT,0.992100,0.004861,0.002738,0.459412,0.979326,0.009946,0.003811,1.554049,0,0
0,18,14,put the black bowl in the bottom drawer of the cabinet and close it,FULL_HIT,0.991139,0.005704,0.002239,0.733825,1.210925,0.010790,0.004170,2.081917,0,0
0,18,15,put the black bowl in the bottom drawer of the cabinet and close it,FULL_HIT,0.991499,0.005951,0.002307,0.532790,1.120354,0.010952,0.003772,1.776061,0,0
0,18,16,put the black bowl in the bottom drawer of the cabinet and close it,FULL_HIT,0.990757,0.005179,0.002728,0.501086,1.046466,0.010636,0.003759,1.667474,0,0
0,18,17,put the black bowl in the bottom drawer of the cabinet and close it,FULL_HIT,0.990601,0.005137,0.002592,0.416750,0.977555,0.011956,0.004519,1.528629,0,0
0,18,18,put the black bowl in the bottom drawer of the cabinet and close it,FULL_HIT,0.990277,0.005406,0.002414,0.499120,0.985356,0.010304,0.003092,1.599274,0,0
0,18,19,put the black bowl in the bottom drawer of the cabinet and close it,FULL_HIT,0.992695,0.005995,0.002767,0.636913,1.133641,0.010455,0.003617,1.895049,0,0
0,18,20,put the black bowl in the bottom drawer of the cabinet and close it,FULL_HIT,0.991069,0.005033,0.002478,0.471786,0.926386,0.010302,0.003518,1.520014,0,0
0,18,21,put the black bowl in the bottom drawer of the cabinet and close it,FULL_HIT,0.991668,0.006639,0.002974,0.580753,1.020500,0.010475,0.004144,1.757919,0,0
0,18,22,put the black bowl in the bottom drawer of the cabinet and close it,FULL_HIT,0.992809,0.005620,0.002581,0.481753,1.094930,0.011924,0.004279,1.700286,0,0
0,18,23,put the black bowl in the bottom drawer of the cabinet and close it,FULL_HIT,0.990052,0.004959,0.002241,0.446063,0.985312,0.011253,0.004117,1.546946,0,0
0,18,24,put the black bowl in the bottom drawer of the cabinet and close it,FULL_HIT,0.990542,0.006028,0.002616,0.720320,1.241834,0.012238,0.004820,2.104690,0,0
0,18,25,put the black bowl in the bottom drawer of the cabinet and close it,FULL_HIT,0.994103,0.005720,0.002799,0.594690,1.096000,0.011520,0.004226,1.823341,0,0
0,18,26,put the black bowl in the bottom drawer of the cabinet and close it,FULL_HIT,0.994837,0.005174,0.002592,0.388065,1.533302,0.011618,0.004699,2.046923,0,0
0,18,27,put the black bowl in the bottom drawer of the cabinet and close it,FULL_HIT,0.995301,0.005296,0.002432,0.892026,1.022616,0.010884,0.021974,2.080224,0,0
0,18,28,put the black bowl in the bottom drawer of the cabinet and close it,FULL_HIT,0.995131,0.004791,0.002347,0.451814,1.025484,0.010357,0.003798,1.621071,0,0
0,18,29,put the black bowl in the bottom drawer of the cabinet and close it,FULL_HIT,0.996022,0.007549,0.002547,0.387690,0.935095,0.010287,0.003659,1.491604,0,0
0,18,30,put the black bowl in the bottom drawer of the cabinet and close it,FULL_HIT,0.996067,0.005303,0.002499,0.439066,1.013690,0.009413,0.003341,1.565545,0,0
0,18,31,put the black bowl in the bottom drawer of the cabinet and close it,FULL_HIT,0.996362,0.005141,0.002595,0.460804,1.089161,0.028018,0.004520,1.704353,0,0
0,18,32,put the black bowl in the bottom drawer of the cabinet and close it,FULL_HIT,0.995391,0.004580,0.002420,0.406404,0.932250,0.009147,0.003871,1.446975,0,0
0,18,33,put the black bowl in the bottom drawer of the cabinet and close it,FULL_HIT,0.994835,0.005371,0.002535,0.507072,1.018894,0.009733,0.003910,1.640444,0,0
0,18,34,put the black bowl in the bottom drawer of the cabinet and close it,FULL_HIT,0.992829,0.004558,0.002335,0.370786,0.914367,0.009426,0.003546,1.395246,0,0
0,18,35,put the black bowl in the bottom drawer of the cabinet and close it,FULL_HIT,0.992725,0.004935,0.002521,0.491553,0.974092,0.010120,0.003543,1.579617,0,0
0,18,36,put the black bowl in the bottom drawer of the cabinet and close it,FULL_HIT,0.989915,0.004685,0.002465,0.376199,0.865229,0.010497,0.003473,1.366684,0,0
0,18,37,put the black bowl in the bottom drawer of the cabinet and close it,FULL_HIT,0.990877,0.005619,0.002486,0.487300,0.966417,0.010123,0.004499,1.590215,0,0
0,18,38,put the black bowl in the bottom drawer of the cabinet and close it,FULL_HIT,0.995437,0.004879,0.002331,0.406220,1.003159,0.010959,0.003958,1.528890,0,0
0,18,39,put the black bowl in the bottom drawer of the cabinet and close it,FULL_HIT,0.996623,0.004675,0.002228,0.402446,0.945329,0.010936,0.004726,1.466764,0,0
0,18,40,put the black bowl in the bottom drawer of the cabinet and close it,FULL_HIT,0.995535,0.021754,0.003003,0.514663,1.502964,0.012908,0.004891,2.219740,0,0
0,18,41,put the black bowl in the bottom drawer of the cabinet and close it,FULL_HIT,0.993769,0.005142,0.002401,0.326609,0.879037,0.009107,0.003352,1.311384,0,0
0,18,42,put the black bowl in the bottom drawer of the cabinet and close it,FULL_HIT,0.993744,0.005175,0.002345,0.400203,0.862780,0.009885,0.003963,1.374275,0,0
0,18,43,put the black bowl in the bottom drawer of the cabinet and close it,FULL_HIT,0.989899,0.005478,0.002060,0.452607,1.004406,0.010310,0.004021,1.575244,0,0
0,18,44,put the black bowl in the bottom drawer of the cabinet and close it,FULL_HIT,0.988980,0.005312,0.002503,0.397162,1.001066,0.010171,0.003733,1.511367,0,0
0,18,45,put the black bowl in the bottom drawer of the cabinet and close it,FULL_HIT,0.990300,0.007665,0.002969,0.528707,1.157974,0.012510,0.004859,1.833102,0,0
0,18,46,put the black bowl in the bottom drawer of the cabinet and close it,FULL_HIT,0.988604,0.005141,0.002517,0.494971,1.269039,0.011553,0.004106,1.892596,0,0
0,18,47,put the black bowl in the bottom drawer of the cabinet and close it,FULL_HIT,0.985721,0.007734,0.002748,0.708599,1.310820,0.015315,0.007878,2.318112,0,0
0,18,48,put the black bowl in the bottom drawer of the cabinet and close it,FULL_HIT,0.983116,0.024157,0.002717,0.659610,1.059712,0.015043,0.005373,1.938895,0,0
0,18,49,put the black bowl in the bottom drawer of the cabinet and close it,FULL_HIT,0.982684,0.005315,0.002695,0.451438,0.971974,0.010949,0.004298,1.538811,0,0
0,18,50,put the black bowl in the bottom drawer of the cabinet and close it,FULL_HIT,0.985366,0.004917,0.002468,0.403102,0.963232,0.009430,0.003662,1.495440,0,0
0,18,51,put the black bowl in the bottom drawer of the cabinet and close it,FULL_HIT,0.987494,0.005710,0.002251,0.494213,1.034168,0.011476,0.003963,1.652980,0,0
0,18,52,put the black bowl in the bottom drawer of the cabinet and close it,FULL_HIT,0.982227,0.005172,0.002289,0.483627,0.971455,0.009762,0.003592,1.567756,0,0
0,18,53,put the black bowl in the bottom drawer of the cabinet and close it,FULL_HIT,0.984911,0.005526,0.002325,0.353819,0.866891,0.009453,0.003688,1.328930,0,0
0,18,54,put the black bowl in the bottom drawer of the cabinet and close it,FULL_HIT,0.989235,0.004864,0.002352,0.322915,0.943118,0.009465,0.003854,1.379051,0,0
0,18,55,put the black bowl in the bottom drawer of the cabinet and close it,FULL_HIT,0.989230,0.004980,0.002180,0.380153,1.094120,0.010827,0.004081,1.591789,0,0
0,18,56,put the black bowl in the bottom drawer of the cabinet and close it,FULL_HIT,0.981207,0.004678,0.002131,0.321080,0.990243,0.009386,0.004077,1.423936,0,0
0,18,57,put the black bowl in the bottom drawer of the cabinet and close it,FULL_HIT,0.983260,0.005172,0.002816,0.368573,0.884565,0.008393,0.003786,1.366745,0,0
0,18,58,put the black bowl in the bottom drawer of the cabinet and close it,FULL_HIT,0.966169,0.005133,0.002447,0.490172,0.927347,0.010363,0.004157,1.533271,0,0
0,18,59,put the black bowl in the bottom drawer of the cabinet and close it,FULL_HIT,0.949980,0.006318,0.003177,0.662914,1.353674,0.012027,0.004160,2.158918,0,0
0,18,60,put the black bowl in the bottom drawer of the cabinet and close it,FULL_HIT,0.926816,0.005147,0.002406,0.423378,1.103486,0.012451,0.004114,1.648608,0,0
0,18,61,put the black bowl in the bottom drawer of the cabinet and close it,FULL_HIT,0.915586,0.006999,0.002904,0.635319,1.230912,0.013805,0.004764,2.016532,0,0
0,18,62,put the black bowl in the bottom drawer of the cabinet and close it,FULL_HIT,0.929227,0.006651,0.002786,0.533799,1.253469,0.011636,0.004616,1.930034,0,0
0,18,63,put the black bowl in the bottom drawer of the cabinet and close it,FULL_HIT,0.923713,0.005521,0.002250,0.654657,1.100868,0.012808,0.005768,1.905839,0,0
0,18,64,put the black bowl in the bottom drawer of the cabinet and close it,FULL_HIT,0.906582,0.005072,0.002574,0.614470,1.253332,0.012114,0.004599,2.002746,0,0
0,18,65,put the black bowl in the bottom drawer of the cabinet and close it,FULL_HIT,0.893243,0.005198,0.002414,2.666150,1.172672,0.013060,0.005595,4.053590,0,0
0,18,66,put the black bowl in the bottom drawer of the cabinet and close it,FULL_HIT,0.893226,0.004248,0.002139,0.447901,1.027320,0.011521,0.003918,1.601953,0,0
0,18,67,put the black bowl in the bottom drawer of the cabinet and close it,FULL_HIT,0.907063,0.005005,0.002169,0.473207,1.042582,0.009918,0.003898,1.637780,0,0
0,18,68,put the black bowl in the bottom drawer of the cabinet and close it,FULL_HIT,0.901138,0.005475,0.002434,0.542711,1.046182,0.011717,0.003855,1.713549,0,0
0,18,69,put the black bowl in the bottom drawer of the cabinet and close it,FULL_HIT,0.894744,0.004837,0.002080,0.453131,1.101296,0.010142,0.003711,1.678293,0,0
0,18,70,put the black bowl in the bottom drawer of the cabinet and close it,FULL_HIT,0.899183,0.004464,0.002268,0.509825,0.917511,0.009812,0.003636,1.543292,0,0
0,18,71,put the black bowl in the bottom drawer of the cabinet and close it,FULL_HIT,0.884736,0.004755,0.001978,0.394753,1.249091,0.010006,0.003518,1.758095,0,0
0,18,72,put the black bowl in the bottom drawer of the cabinet and close it,FULL_HIT,0.887547,0.005211,0.002448,0.437407,1.336575,0.009698,0.003697,1.888213,0,0
0,18,73,put the black bowl in the bottom drawer of the cabinet and close it,FULL_HIT,0.829268,0.004881,0.002389,0.374201,0.898591,0.009921,0.003459,1.383748,0,0
0,18,74,put the black bowl in the bottom drawer of the cabinet and close it,FULL_HIT,0.840261,0.005032,0.002241,0.405600,0.906675,0.009506,0.003361,1.424968,0,0
0,18,75,put the black bowl in the bottom drawer of the cabinet and close it,FULL_HIT,0.842016,0.005247,0.002489,0.408396,0.867661,0.008592,0.003205,1.388912,0,0
0,18,76,put the black bowl in the bottom drawer of the cabinet and close it,FULL_HIT,0.823681,0.005548,0.002533,0.462476,0.968024,0.011249,0.004492,1.559980,0,0
0,18,77,put the black bowl in the bottom drawer of the cabinet and close it,FULL_HIT,0.830840,0.004985,0.002130,0.386855,1.621498,0.010417,0.004435,2.126959,0,0
0,18,78,put the black bowl in the bottom drawer of the cabinet and close it,FULL_HIT,0.832788,0.005406,0.002323,0.667435,1.081485,0.011378,0.004654,1.879903,0,0
0,18,79,put the black bowl in the bottom drawer of the cabinet and close it,FULL_HIT,0.831815,0.005645,0.002244,0.530193,1.091922,0.010401,0.004156,1.746898,0,0
0,18,80,put the black bowl in the bottom drawer of the cabinet and close it,FULL_HIT,0.834188,0.004969,0.002298,0.486049,1.249651,0.011893,0.004382,1.871431,0,0
0,18,81,put the black bowl in the bottom drawer of the cabinet and close it,FULL_HIT,0.827191,0.004500,0.002392,0.388100,0.993336,0.009300,0.003845,1.494802,0,0
0,18,82,put the black bowl in the bottom drawer of the cabinet and close it,FULL_HIT,0.840905,0.004816,0.002207,0.384832,0.991237,0.010342,0.003978,1.501096,0,0
0,18,83,put the black bowl in the bottom drawer of the cabinet and close it,FULL_HIT,0.851997,0.004698,0.002282,0.407485,0.950570,0.012032,0.019327,1.494626,0,0
0,18,84,put the black bowl in the bottom drawer of the cabinet and close it,FULL_HIT,0.875256,0.005248,0.002284,0.517129,0.851908,0.009402,0.003994,1.486893,0,0
0,18,85,put the black bowl in the bottom drawer of the cabinet and close it,FULL_HIT,0.874480,0.004777,0.001907,0.436095,0.924840,0.009585,0.004037,1.483404,0,0
0,18,86,put the black bowl in the bottom drawer of the cabinet and close it,FULL_HIT,0.869155,0.004954,0.002289,0.458373,0.911383,0.009648,0.003290,1.499562,0,0
0,18,87,put the black bowl in the bottom drawer of the cabinet and close it,FULL_HIT,0.864243,0.005100,0.002570,0.456931,0.888197,0.009134,0.003753,1.457286,0,0
0,18,88,put the black bowl in the bottom drawer of the cabinet and close it,FULL_HIT,0.865123,0.004616,0.002056,0.312721,0.828947,0.010068,0.003395,1.256010,0,0
0,18,89,put the black bowl in the bottom drawer of the cabinet and close it,FULL_HIT,0.865694,0.005249,0.002342,0.357108,0.863157,0.009482,0.004077,1.331275,0,0
0,18,90,put the black bowl in the bottom drawer of the cabinet and close it,FULL_HIT,0.854567,0.004637,0.002325,0.435334,1.067680,0.012151,0.005300,1.629391,0,0
0,18,91,put the black bowl in the bottom drawer of the cabinet and close it,FULL_HIT,0.849558,0.004589,0.002207,0.392299,0.997980,0.010139,0.003979,1.506617,0,0
0,18,92,put the black bowl in the bottom drawer of the cabinet and close it,FULL_HIT,0.837806,0.004665,0.002359,0.388923,1.038804,0.013604,0.004468,1.579843,0,0
0,18,93,put the black bowl in the bottom drawer of the cabinet and close it,FULL_HIT,0.830134,0.004600,0.002198,0.383434,0.899196,0.008914,0.003487,1.393191,0,0
0,18,94,put the black bowl in the bottom drawer of the cabinet and close it,FULL_HIT,0.833306,0.005012,0.002282,0.445330,0.876486,0.010019,0.003667,1.435786,0,0
0,18,95,put the black bowl in the bottom drawer of the cabinet and close it,FULL_HIT,0.832444,0.004938,0.002527,0.387019,1.007857,0.009922,0.003848,1.510367,0,0
0,18,96,put the black bowl in the bottom drawer of the cabinet and close it,FULL_HIT,0.820319,0.005697,0.003632,0.536432,1.141340,0.010118,0.003708,1.833809,0,0
0,18,97,put the black bowl in the bottom drawer of the cabinet and close it,FULL_HIT,0.814398,0.006008,0.002999,0.655114,0.898207,0.009523,0.003637,1.691927,0,0
0,18,98,put the black bowl in the bottom drawer of the cabinet and close it,FULL_HIT,0.813740,0.006808,0.002740,0.647566,1.203066,0.012304,0.004818,1.998628,0,0
0,18,99,put the black bowl in the bottom drawer of the cabinet and close it,FULL_HIT,0.824677,0.005090,0.002171,0.395020,0.917091,0.009326,0.003889,1.425292,0,0
0,18,100,put the black bowl in the bottom drawer of the cabinet and close it,FULL_HIT,0.830629,0.004980,0.002436,0.340643,0.895747,0.008842,0.004376,1.346955,0,0
0,18,0,put the yellow and white mug in the microwave and close it,FULL_HIT,0.998357,0.005432,0.002512,0.471727,1.496475,0.009977,0.004376,2.094686,0,0
0,18,1,put the yellow and white mug in the microwave and close it,FULL_HIT,0.998407,0.005090,0.002319,0.431148,1.342497,0.010811,0.004774,1.896800,0,0
0,18,2,put the yellow and white mug in the microwave and close it,FULL_HIT,0.998302,0.005928,0.002937,0.595558,1.296312,0.010481,0.004293,2.023165,0,0
0,18,3,put the yellow and white mug in the microwave and close it,FULL_HIT,0.998483,0.005931,0.002430,0.651765,1.657623,0.013773,0.005421,2.456019,0,0
0,18,4,put the yellow and white mug in the microwave and close it,FULL_HIT,0.998227,0.004611,0.002102,0.318452,1.114616,0.009279,0.004306,1.535897,0,0
0,18,5,put the yellow and white mug in the microwave and close it,FULL_HIT,0.998029,0.005375,0.002298,0.491862,1.160234,0.009580,0.003983,1.769188,0,0
0,18,6,put the yellow and white mug in the microwave and close it,FULL_HIT,0.997700,0.004953,0.002522,0.464070,1.317925,0.009022,0.004695,1.896797,0,0
0,18,7,put the yellow and white mug in the microwave and close it,FULL_HIT,0.997206,0.006056,0.002708,0.549087,1.544413,0.011317,0.005515,2.231552,0,0
0,18,8,put the yellow and white mug in the microwave and close it,FULL_HIT,0.997323,0.004605,0.002344,0.423634,1.238610,0.010060,0.003941,1.773259,0,0
0,18,9,put the yellow and white mug in the microwave and close it,FULL_HIT,0.997320,0.005689,0.002639,0.439526,1.325911,0.023833,0.004245,1.904434,0,0
0,18,10,put the yellow and white mug in the microwave and close it,FULL_HIT,0.997087,0.005020,0.001950,0.386304,1.167876,0.009810,0.004069,1.664905,0,0
0,18,11,put the yellow and white mug in the microwave and close it,FULL_HIT,0.996927,0.004983,0.002409,0.329663,1.250429,0.011000,0.004794,1.715734,0,0
0,18,12,put the yellow and white mug in the microwave and close it,FULL_HIT,0.997474,0.005157,0.002469,0.433704,1.193228,0.010389,0.004672,1.746188,0,0
0,18,13,put the yellow and white mug in the microwave and close it,FULL_HIT,0.997773,0.005149,0.003067,0.708531,1.452218,0.010449,0.004516,2.287383,0,0
0,18,14,put the yellow and white mug in the microwave and close it,FULL_HIT,0.998151,0.004842,0.002023,0.353213,1.156665,0.010135,0.003318,1.619161,0,0
0,18,15,put the yellow and white mug in the microwave and close it,FULL_HIT,0.998036,0.005242,0.002657,0.579496,1.586946,0.012779,0.004928,2.329284,0,0
0,18,16,put the yellow and white mug in the microwave and close it,FULL_HIT,0.997610,0.005380,0.002405,0.359614,1.352824,0.010398,0.004260,1.832907,0,0
0,18,17,put the yellow and white mug in the microwave and close it,FULL_HIT,0.997671,0.004556,0.002062,0.340389,1.252465,0.011312,0.003653,1.705234,0,0
0,18,18,put the yellow and white mug in the microwave and close it,FULL_HIT,0.996990,0.005998,0.002143,0.510559,1.567993,0.014180,0.005729,2.247687,0,0
0,18,19,put the yellow and white mug in the microwave and close it,FULL_HIT,0.997311,0.005279,0.002311,0.420225,1.298308,0.011343,0.004104,1.842270,0,0
0,18,20,put the yellow and white mug in the microwave and close it,FULL_HIT,0.996547,0.005065,0.002241,0.424263,1.293992,0.011464,0.004202,1.844033,0,0
0,18,21,put the yellow and white mug in the microwave and close it,FULL_HIT,0.995469,0.005140,0.002428,0.408966,1.499045,0.011987,0.004944,2.033902,0,0
0,18,22,put the yellow and white mug in the microwave and close it,FULL_HIT,0.993966,0.004991,0.001855,0.341988,1.219501,0.010473,0.004370,1.676934,0,0
0,18,23,put the yellow and white mug in the microwave and close it,FULL_HIT,0.994120,0.005435,0.002735,0.681103,1.338852,0.010604,0.004454,2.171027,0,0
0,18,24,put the yellow and white mug in the microwave and close it,FULL_HIT,0.991987,0.005204,0.002143,0.407827,1.149183,0.009310,0.004772,1.669794,0,0
0,18,25,put the yellow and white mug in the microwave and close it,FULL_HIT,0.991244,0.024020,0.002652,0.417893,1.234500,0.009449,0.004405,1.779815,0,0
0,18,26,put the yellow and white mug in the microwave and close it,FULL_HIT,0.990140,0.004481,0.002455,0.358956,1.178436,0.010373,0.004948,1.646143,0,0
0,18,27,put the yellow and white mug in the microwave and close it,FULL_HIT,0.987599,0.004983,0.002352,0.449372,1.151538,0.009002,0.003897,1.708939,0,0
0,18,28,put the yellow and white mug in the microwave and close it,FULL_HIT,0.984052,0.004591,0.002253,0.329989,1.096757,0.009226,0.004104,1.531443,0,0
0,18,29,put the yellow and white mug in the microwave and close it,FULL_HIT,0.983375,0.005056,0.002050,0.325888,1.079242,0.009736,0.004168,1.513602,0,0
0,18,30,put the yellow and white mug in the microwave and close it,FULL_HIT,0.987050,0.004839,0.002515,0.388796,1.211432,0.010677,0.004833,1.720519,0,0
0,18,31,put the yellow and white mug in the microwave and close it,FULL_HIT,0.987381,0.005782,0.002589,0.408022,1.188603,0.009937,0.004429,1.739207,0,0
0,18,32,put the yellow and white mug in the microwave and close it,FULL_HIT,0.990705,0.005570,0.002182,0.399140,1.181276,0.010741,0.003747,1.695628,0,0
0,18,33,put the yellow and white mug in the microwave and close it,FULL_HIT,0.994445,0.005626,0.002541,1.194119,1.174773,0.009843,0.003702,2.486865,0,0
0,18,34,put the yellow and white mug in the microwave and close it,FULL_HIT,0.996040,0.005370,0.002636,0.786753,2.358790,0.014169,0.005037,3.305726,0,0
0,18,35,put the yellow and white mug in the microwave and close it,FULL_HIT,0.997073,0.004923,0.002378,0.452387,1.333115,0.011432,0.004242,1.907978,0,0
0,18,36,put the yellow and white mug in the microwave and close it,FULL_HIT,0.997142,0.005403,0.002329,0.516978,1.358829,0.009866,0.004383,2.002493,0,0
0,18,37,put the yellow and white mug in the microwave and close it,FULL_HIT,0.991603,0.004873,0.002105,0.417385,1.054599,0.010215,0.004545,1.585394,0,0
0,18,38,put the yellow and white mug in the microwave and close it,FULL_HIT,0.973268,0.005093,0.002399,0.374264,1.193578,0.013927,0.005436,1.699821,0,0
0,18,39,put the yellow and white mug in the microwave and close it,FULL_HIT,0.966958,0.005482,0.002452,0.390866,1.936394,0.019484,0.009355,2.512038,0,0
0,18,40,put the yellow and white mug in the microwave and close it,FULL_HIT,0.966347,0.005084,0.002291,0.380184,1.238614,0.010866,0.005175,1.749399,0,0
0,18,41,put the yellow and white mug in the microwave and close it,FULL_HIT,0.966808,0.004722,0.002168,0.335038,1.181442,0.010532,0.003853,1.631196,0,0
0,18,42,put the yellow and white mug in the microwave and close it,FULL_HIT,0.958713,0.004743,0.002029,0.344043,1.138990,0.009734,0.004012,1.592795,0,0
0,18,43,put the yellow and white mug in the microwave and close it,FULL_HIT,0.959064,0.004803,0.002161,0.460037,1.104177,0.009930,0.005084,1.708963,0,0
0,18,44,put the yellow and white mug in the microwave and close it,FULL_HIT,0.956119,0.005272,0.002738,0.393907,1.103729,0.010036,0.003948,1.610624,0,0
0,18,45,put the yellow and white mug in the microwave and close it,FULL_HIT,0.962694,0.005260,0.002347,0.315265,1.079738,0.008803,0.003545,1.493001,0,0
0,18,46,put the yellow and white mug in the microwave and close it,FULL_HIT,0.930495,0.004928,0.002595,0.366742,1.211604,0.010831,0.004581,1.694732,0,0
0,18,47,put the yellow and white mug in the microwave and close it,FULL_HIT,0.933867,0.005252,0.002514,0.432084,1.153901,0.010022,0.003914,1.700012,0,0
0,18,48,put the yellow and white mug in the microwave and close it,FULL_HIT,0.912053,0.005070,0.002162,0.533293,1.228344,0.010759,0.003978,1.888975,0,0
0,18,49,put the yellow and white mug in the microwave and close it,FULL_HIT,0.878458,0.006284,0.003007,0.643796,1.205536,0.010210,0.004584,1.984531,0,0
0,18,50,put the yellow and white mug in the microwave and close it,FULL_HIT,0.889188,0.005170,0.002340,0.633994,2.117367,0.025242,0.005495,2.892079,0,0
0,18,51,put the yellow and white mug in the microwave and close it,FULL_HIT,0.902630,0.005963,0.002503,0.545321,1.437523,0.012396,0.005039,2.116239,0,0
0,18,52,put the yellow and white mug in the microwave and close it,FULL_HIT,0.917559,0.004517,0.002335,0.358373,1.183734,0.009192,0.004041,1.655050,0,0
0,18,53,put the yellow and white mug in the microwave and close it,FULL_HIT,0.926562,0.004920,0.039809,0.509901,1.227339,0.010563,0.004212,1.907470,0,0
0,18,54,put the yellow and white mug in the microwave and close it,FULL_HIT,0.962279,0.005947,0.003316,0.627933,1.307551,0.010180,0.003953,2.065988,0,0
0,18,55,put the yellow and white mug in the microwave and close it,FULL_HIT,0.953986,0.005214,0.002053,0.368920,1.571672,0.012320,0.004864,2.067195,0,0
0,18,56,put the yellow and white mug in the microwave and close it,FULL_HIT,0.975746,0.004863,0.002250,0.392130,1.283163,0.011017,0.004383,1.807545,0,0
0,18,57,put the yellow and white mug in the microwave and close it,FULL_HIT,0.981620,0.004614,0.002225,0.312938,1.159812,0.009092,0.003605,1.582166,0,0
0,18,58,put the yellow and white mug in the microwave and close it,FULL_HIT,0.980717,0.005066,0.002109,0.334924,1.169664,0.028505,0.004804,1.645980,0,0
0,18,59,put the yellow and white mug in the microwave and close it,FULL_HIT,0.973818,0.005445,0.002343,0.362980,1.199800,0.011388,0.005936,1.700465,0,0
0,18,60,put the yellow and white mug in the microwave and close it,FULL_HIT,0.957362,0.005178,0.002425,0.740532,1.279339,0.009874,0.003689,2.146684,0,0
0,18,61,put the yellow and white mug in the microwave and close it,FULL_HIT,0.937709,0.005760,0.002833,0.565516,1.515727,0.011072,0.004911,2.216002,0,0
0,18,62,put the yellow and white mug in the microwave and close it,FULL_HIT,0.931376,0.005075,0.001965,0.342934,1.182022,0.028800,0.004441,1.668101,0,0
0,18,63,put the yellow and white mug in the microwave and close it,FULL_HIT,0.933184,0.004922,0.002349,0.382050,1.076407,0.009686,0.004069,1.564200,0,0
0,18,64,put the yellow and white mug in the microwave and close it,FULL_HIT,0.963556,0.004353,0.002076,0.328312,1.153829,0.009316,0.003586,1.581764,0,0
0,18,65,put the yellow and white mug in the microwave and close it,FULL_HIT,0.960635,0.004631,0.002716,0.532508,2.065655,0.013261,0.005870,2.754591,0,0
0,18,66,put the yellow and white mug in the microwave and close it,FULL_HIT,0.953658,0.004761,0.002293,0.396489,1.217453,0.009935,0.004201,1.731281,0,0
0,18,67,put the yellow and white mug in the microwave and close it,FULL_HIT,0.961776,0.005165,0.002281,0.669395,2.383590,0.017846,0.007625,3.293792,0,0
0,18,68,put the yellow and white mug in the microwave and close it,FULL_HIT,0.961882,0.005471,0.002753,0.350159,1.147046,0.008546,0.003351,1.622629,0,0
0,18,69,put the yellow and white mug in the microwave and close it,FULL_HIT,0.939419,0.004897,0.001937,0.345351,1.215394,0.011294,0.004175,1.690909,0,0
0,18,70,put the yellow and white mug in the microwave and close it,FULL_HIT,0.889651,0.005263,0.001857,0.451213,1.364767,0.009917,0.004253,1.930364,0,0
0,18,71,put the yellow and white mug in the microwave and close it,FULL_HIT,0.880820,0.005094,0.002259,0.477174,1.205555,0.009924,0.004355,1.799500,0,0
0,18,72,put the yellow and white mug in the microwave and close it,FULL_HIT,0.901185,0.006791,0.003040,0.707912,1.884842,0.012531,0.005003,2.753824,0,0
0,18,73,put the yellow and white mug in the microwave and close it,FULL_HIT,0.789094,0.005342,0.002125,0.421634,1.136692,0.010890,0.004347,1.677725,0,0
0,18,74,put the yellow and white mug in the microwave and close it,FULL_HIT,0.690436,0.004765,0.002262,0.370970,1.301127,0.011143,0.005106,1.792708,0,0
0,18,75,put the yellow and white mug in the microwave and close it,FULL_HIT,0.698070,0.005452,0.002147,0.352237,1.219871,0.010760,0.004929,1.706126,0,0
0,18,76,put the yellow and white mug in the microwave and close it,FULL_HIT,0.708735,0.004655,0.001988,0.805251,1.188720,0.009165,0.004215,2.111515,0,0
0,18,77,put the yellow and white mug in the microwave and close it,FULL_HIT,0.746186,0.004643,0.002199,0.478173,1.154014,0.010263,0.004352,1.750297,0,0
0,18,78,put the yellow and white mug in the microwave and close it,FULL_HIT,0.751521,0.005421,0.002979,0.503661,1.492257,0.013132,0.005339,2.156029,0,0
0,18,79,put the yellow and white mug in the microwave and close it,FULL_HIT,0.744729,0.004593,0.002211,0.528101,1.180271,0.009412,0.004372,1.828109,0,0
0,18,80,put the yellow and white mug in the microwave and close it,FULL_HIT,0.766649,0.004690,0.002660,0.477826,1.122905,0.010314,0.003879,1.720576,0,0
0,19,0,put the black bowl in the bottom drawer of the cabinet and close it,FULL_HIT,0.997771,0.005513,0.002113,0.383419,1.129931,0.010762,0.003996,1.632075,0,0
0,19,1,put the black bowl in the bottom drawer of the cabinet and close it,FULL_HIT,0.998009,0.004770,0.002233,0.382785,0.985622,0.009108,0.003916,1.482396,0,0
0,19,2,put the black bowl in the bottom drawer of the cabinet and close it,FULL_HIT,0.997945,0.004773,0.002161,0.414827,0.863886,0.008867,0.003494,1.387061,0,0
0,19,3,put the black bowl in the bottom drawer of the cabinet and close it,FULL_HIT,0.998175,0.005407,0.002411,0.535105,1.168329,0.011364,0.003580,1.823418,0,0
0,19,4,put the black bowl in the bottom drawer of the cabinet and close it,FULL_HIT,0.997868,0.005102,0.002554,0.505235,1.591447,0.013321,0.003871,2.238117,0,0
0,19,5,put the black bowl in the bottom drawer of the cabinet and close it,FULL_HIT,0.996957,0.004732,0.002325,0.429700,0.944107,0.010156,0.003623,1.490333,0,0
0,19,6,put the black bowl in the bottom drawer of the cabinet and close it,FULL_HIT,0.996899,0.004649,0.002336,0.394052,1.779028,0.012406,0.004436,2.290555,0,0
0,19,7,put the black bowl in the bottom drawer of the cabinet and close it,FULL_HIT,0.997032,0.004746,0.002349,0.505408,1.481658,0.011866,0.004805,2.114071,0,0
0,19,8,put the black bowl in the bottom drawer of the cabinet and close it,FULL_HIT,0.997270,0.005273,0.002235,0.400249,1.871932,0.011621,0.003979,2.460296,0,0
0,19,9,put the black bowl in the bottom drawer of the cabinet and close it,FULL_HIT,0.997164,0.007445,0.002940,0.673761,1.182079,0.011904,0.004160,1.999183,0,0
0,19,10,put the black bowl in the bottom drawer of the cabinet and close it,FULL_HIT,0.997211,0.005055,0.002704,0.500204,0.975043,0.011838,0.004080,1.612283,0,0
0,19,11,put the black bowl in the bottom drawer of the cabinet and close it,FULL_HIT,0.997079,0.006042,0.002544,0.671124,1.441282,0.013398,0.005084,2.276898,0,0
0,19,12,put the black bowl in the bottom drawer of the cabinet and close it,FULL_HIT,0.996762,0.004976,0.002563,0.487984,1.092735,0.010671,0.003961,1.700166,0,0
0,19,13,put the black bowl in the bottom drawer of the cabinet and close it,FULL_HIT,0.996438,0.005543,0.001888,0.483163,0.996366,0.010270,0.003711,1.594227,0,0
0,19,14,put the black bowl in the bottom drawer of the cabinet and close it,FULL_HIT,0.996914,0.004951,0.002413,0.887711,1.275404,0.015269,0.005500,2.317329,0,0
0,19,15,put the black bowl in the bottom drawer of the cabinet and close it,FULL_HIT,0.996391,0.004768,0.002576,0.531597,1.024209,0.010903,0.003698,1.674776,0,0
0,19,16,put the black bowl in the bottom drawer of the cabinet and close it,FULL_HIT,0.995734,0.006544,0.002957,0.413862,1.172064,0.012314,0.003841,1.732818,0,0
0,19,17,put the black bowl in the bottom drawer of the cabinet and close it,FULL_HIT,0.995147,0.005165,0.002435,0.423790,1.343100,0.012454,0.003933,1.895247,0,0
0,19,18,put the black bowl in the bottom drawer of the cabinet and close it,FULL_HIT,0.996218,0.005027,0.002067,0.317280,0.953093,0.010314,0.058444,1.536266,0,0
0,19,19,put the black bowl in the bottom drawer of the cabinet and close it,FULL_HIT,0.997288,0.005157,0.002321,0.367255,0.939330,0.009620,0.004113,1.420463,0,0
0,19,20,put the black bowl in the bottom drawer of the cabinet and close it,FULL_HIT,0.997479,0.005904,0.002179,0.381750,1.400815,0.013857,0.005892,1.975682,0,0
0,19,21,put the black bowl in the bottom drawer of the cabinet and close it,FULL_HIT,0.997727,0.005373,0.002537,0.464392,0.958551,0.009718,0.003373,1.533124,0,0
0,19,22,put the black bowl in the bottom drawer of the cabinet and close it,FULL_HIT,0.997707,0.004734,0.002110,0.312829,0.920003,0.009662,0.003843,1.336902,0,0
0,19,23,put the black bowl in the bottom drawer of the cabinet and close it,FULL_HIT,0.997720,0.004824,0.002196,0.318425,0.870790,0.008576,0.003447,1.289630,0,0
0,19,24,put the black bowl in the bottom drawer of the cabinet and close it,FULL_HIT,0.998038,0.005139,0.002446,0.323054,0.863353,0.010312,0.004094,1.294692,0,0
0,19,25,put the black bowl in the bottom drawer of the cabinet and close it,FULL_HIT,0.998319,0.004218,0.002002,0.334466,0.875953,0.008585,0.003400,1.311693,0,0
0,19,26,put the black bowl in the bottom drawer of the cabinet and close it,FULL_HIT,0.998408,0.004656,0.002247,0.433630,0.927066,0.011282,0.003384,1.477068,0,0
0,19,27,put the black bowl in the bottom drawer of the cabinet and close it,FULL_HIT,0.998249,0.005255,0.002293,0.345379,1.198001,0.014103,0.006181,1.670661,0,0
0,19,28,put the black bowl in the bottom drawer of the cabinet and close it,FULL_HIT,0.997485,0.005104,0.002528,0.967059,1.077632,0.013351,0.004229,2.181352,0,0
0,19,29,put the black bowl in the bottom drawer of the cabinet and close it,FULL_HIT,0.997109,0.004742,0.002564,0.387682,0.900768,0.010523,0.003579,1.400980,0,0
0,19,30,put the black bowl in the bottom drawer of the cabinet and close it,FULL_HIT,0.996870,0.004501,0.002128,0.347381,0.881005,0.009596,0.003835,1.335919,0,0
0,19,31,put the black bowl in the bottom drawer of the cabinet and close it,FULL_HIT,0.994891,0.004802,0.002156,0.482129,0.939907,0.009504,0.003664,1.535916,0,0
0,19,32,put the black bowl in the bottom drawer of the cabinet and close it,FULL_HIT,0.994284,0.004331,0.002230,0.540296,0.978927,0.009567,0.003460,1.632206,0,0
0,19,33,put the black bowl in the bottom drawer of the cabinet and close it,FULL_HIT,0.997498,0.004660,0.002088,0.402743,0.862045,0.009355,0.003627,1.371503,0,0
0,19,34,put the black bowl in the bottom drawer of the cabinet and close it,FULL_HIT,0.997223,0.004874,0.002108,0.351371,0.840270,0.009262,0.003726,1.298717,0,0
0,19,35,put the black bowl in the bottom drawer of the cabinet and close it,FULL_HIT,0.997730,0.004188,0.002436,0.336560,0.861012,0.008449,0.003248,1.302734,0,0
0,19,36,put the black bowl in the bottom drawer of the cabinet and close it,FULL_HIT,0.997552,0.005403,0.002756,0.502941,1.100406,0.010859,0.004544,1.729908,0,0
0,19,37,put the black bowl in the bottom drawer of the cabinet and close it,FULL_HIT,0.996175,0.004568,0.001823,0.398964,0.904810,0.010379,0.003436,1.416119,0,0
0,19,38,put the black bowl in the bottom drawer of the cabinet and close it,FULL_HIT,0.994394,0.004753,0.002351,0.398254,1.179554,0.024658,0.004851,1.708700,0,0
0,19,39,put the black bowl in the bottom drawer of the cabinet and close it,FULL_HIT,0.993265,0.004914,0.002399,0.422411,1.293309,0.012873,0.003885,1.839681,0,0
0,19,40,put the black bowl in the bottom drawer of the cabinet and close it,FULL_HIT,0.989713,0.005389,0.002675,0.481630,0.915125,0.009029,0.003632,1.512150,0,0
0,19,41,put the black bowl in the bottom drawer of the cabinet and close it,FULL_HIT,0.982392,0.004490,0.002220,0.336678,0.979619,0.010045,0.003963,1.436541,0,0
0,19,42,put the black bowl in the bottom drawer of the cabinet and close it,FULL_HIT,0.981868,0.004559,0.002058,0.313130,0.874128,0.009137,0.003395,1.305155,0,0
0,19,43,put the black bowl in the bottom drawer of the cabinet and close it,FULL_HIT,0.989080,0.004569,0.002142,0.317389,0.929772,0.013232,0.004678,1.367354,0,0
0,19,44,put the black bowl in the bottom drawer of the cabinet and close it,FULL_HIT,0.994001,0.004537,0.002235,0.328807,0.915760,0.009565,0.004126,1.351441,0,0
0,19,45,put the black bowl in the bottom drawer of the cabinet and close it,FULL_HIT,0.995367,0.005111,0.002292,0.433355,0.896791,0.009049,0.003626,1.439612,0,0
0,19,46,put the black bowl in the bottom drawer of the cabinet and close it,FULL_HIT,0.994783,0.004807,0.002111,0.325092,0.941942,0.008961,0.003963,1.369982,0,0
0,19,47,put the black bowl in the bottom drawer of the cabinet and close it,FULL_HIT,0.994707,0.004888,0.002103,0.321429,0.930510,0.009149,0.003870,1.390441,0,0
0,19,48,put the black bowl in the bottom drawer of the cabinet and close it,FULL_HIT,0.994469,0.004862,0.002349,0.394419,0.881969,0.009404,0.003236,1.383123,0,0
0,19,49,put the black bowl in the bottom drawer of the cabinet and close it,FULL_HIT,0.994353,0.005538,0.002314,0.504644,0.969863,0.008548,0.003733,1.602286,0,0
0,19,50,put the black bowl in the bottom drawer of the cabinet and close it,FULL_HIT,0.994232,0.004722,0.002218,0.358260,0.866782,0.009797,0.003291,1.347967,0,0
0,19,51,put the black bowl in the bottom drawer of the cabinet and close it,FULL_HIT,0.994126,0.004889,0.002642,0.515281,1.007661,0.011912,0.003428,1.657192,0,0
0,19,52,put the black bowl in the bottom drawer of the cabinet and close it,FULL_HIT,0.994132,0.004628,0.002096,0.321233,0.934458,0.009598,0.004033,1.363581,0,0
0,19,53,put the black bowl in the bottom drawer of the cabinet and close it,FULL_HIT,0.993723,0.005229,0.002353,0.523551,1.145147,0.010485,0.004283,1.788257,0,0
0,19,54,put the black bowl in the bottom drawer of the cabinet and close it,FULL_HIT,0.993476,0.004596,0.002294,0.457017,0.910990,0.012645,0.005010,1.501544,0,0
0,20,0,put the white mug on the left plate and put the yellow and white mug on the right plate,FULL_HIT,0.998868,0.005433,0.002921,0.485367,1.235325,0.010368,0.003761,1.840981,0,0
0,20,1,put the white mug on the left plate and put the yellow and white mug on the right plate,FULL_HIT,0.998824,0.004831,0.002417,0.361589,0.954484,0.008860,0.004070,1.425743,0,0
0,20,2,put the white mug on the left plate and put the yellow and white mug on the right plate,FULL_HIT,0.998850,0.005333,0.002301,0.436340,1.316364,0.012727,0.005595,1.889159,0,0
0,20,3,put the white mug on the left plate and put the yellow and white mug on the right plate,FULL_HIT,0.998819,0.007747,0.003234,0.704977,1.411561,0.010669,0.003752,2.269445,0,0
0,20,4,put the white mug on the left plate and put the yellow and white mug on the right plate,FULL_HIT,0.998809,0.005626,0.002792,1.940751,1.193068,0.012510,0.003878,3.281386,0,0
0,20,5,put the white mug on the left plate and put the yellow and white mug on the right plate,FULL_HIT,0.998808,0.004756,0.002301,0.342546,1.020649,0.009961,0.003384,1.472908,0,0
0,20,6,put the white mug on the left plate and put the yellow and white mug on the right plate,FULL_HIT,0.998767,0.004943,0.002512,0.560549,1.285316,0.011285,0.004285,1.973492,0,0
0,20,7,put the white mug on the left plate and put the yellow and white mug on the right plate,FULL_HIT,0.998764,0.004626,0.002174,0.348113,0.909716,0.009224,0.003547,1.377264,0,0
0,20,8,put the white mug on the left plate and put the yellow and white mug on the right plate,FULL_HIT,0.998748,0.005086,0.002009,0.730560,1.247424,0.014791,0.006044,2.129318,0,0
0,20,9,put the white mug on the left plate and put the yellow and white mug on the right plate,FULL_HIT,0.997544,0.004958,0.002252,0.346780,0.921902,0.009328,0.003726,1.369366,0,0
0,20,10,put the white mug on the left plate and put the yellow and white mug on the right plate,FULL_HIT,0.997730,0.005085,0.002436,0.447946,1.041884,0.009118,0.004232,1.601164,0,0
0,20,11,put the white mug on the left plate and put the yellow and white mug on the right plate,FULL_HIT,0.998157,0.005330,0.002440,0.484899,1.075300,0.010336,0.004415,1.681374,0,0
0,20,12,put the white mug on the left plate and put the yellow and white mug on the right plate,FULL_HIT,0.998151,0.005802,0.003090,0.851888,1.555567,0.012087,0.004049,2.650992,0,0
0,20,13,put the white mug on the left plate and put the yellow and white mug on the right plate,FULL_HIT,0.998226,0.005412,0.002261,2.217754,1.094989,0.011338,0.003401,3.439072,0,0
0,20,14,put the white mug on the left plate and put the yellow and white mug on the right plate,FULL_HIT,0.998162,0.005198,0.002484,0.522702,1.123670,0.010563,0.003699,1.762097,0,0
0,20,15,put the white mug on the left plate and put the yellow and white mug on the right plate,FULL_HIT,0.998123,0.004843,0.002215,0.413146,1.213033,0.009757,0.003802,1.756789,0,0
0,20,16,put the white mug on the left plate and put the yellow and white mug on the right plate,FULL_HIT,0.998065,0.005070,0.002225,0.303400,1.031973,0.009190,0.003521,1.434571,0,0
0,20,17,put the white mug on the left plate and put the yellow and white mug on the right plate,FULL_HIT,0.998094,0.005177,0.002438,0.322707,0.973116,0.009363,0.003474,1.402881,0,0
0,20,18,put the white mug on the left plate and put the yellow and white mug on the right plate,FULL_HIT,0.998012,0.004408,0.002316,0.402553,0.954170,0.010529,0.004243,1.465313,0,0
0,20,19,put the white mug on the left plate and put the yellow and white mug on the right plate,FULL_HIT,0.997965,0.005951,0.002704,0.481550,1.259476,0.009660,0.004203,1.870724,0,0
0,20,20,put the white mug on the left plate and put the yellow and white mug on the right plate,FULL_HIT,0.997835,0.004957,0.002972,0.419436,0.984354,0.010717,0.004363,1.550330,0,0
0,20,21,put the white mug on the left plate and put the yellow and white mug on the right plate,FULL_HIT,0.997640,0.004586,0.002225,0.453604,1.029344,0.024441,0.004404,1.614989,0,0
0,20,22,put the white mug on the left plate and put the yellow and white mug on the right plate,FULL_HIT,0.998026,0.044073,0.003414,0.436108,1.726495,0.014641,0.006032,2.364718,0,0
0,20,23,put the white mug on the left plate and put the yellow and white mug on the right plate,FULL_HIT,0.997938,0.004818,0.002132,0.368623,1.110957,0.011068,0.004186,1.592630,0,0
0,20,24,put the white mug on the left plate and put the yellow and white mug on the right plate,FULL_HIT,0.997896,0.006021,0.002426,0.375060,0.997980,0.008732,0.003811,1.557410,0,0
0,20,25,put the white mug on the left plate and put the yellow and white mug on the right plate,FULL_HIT,0.997611,0.004944,0.002362,0.480408,1.236767,0.011948,0.004840,1.835404,0,0
0,20,26,put the white mug on the left plate and put the yellow and white mug on the right plate,FULL_HIT,0.997413,0.004544,0.002255,0.397610,0.946283,0.008308,0.003448,1.443021,0,0
0,20,27,put the white mug on the left plate and put the yellow and white mug on the right plate,FULL_HIT,0.997396,0.005160,0.002315,0.433613,0.978115,0.008399,0.003861,1.528562,0,0
0,20,28,put the white mug on the left plate and put the yellow and white mug on the right plate,FULL_HIT,0.997815,0.004898,0.002647,0.328219,0.860017,0.007360,0.003536,1.287600,0,0
0,20,29,put the white mug on the left plate and put the yellow and white mug on the right plate,FULL_HIT,0.998262,0.004712,0.002269,0.384218,0.962037,0.009109,0.003510,1.480409,0,0
0,20,30,put the white mug on the left plate and put the yellow and white mug on the right plate,FULL_HIT,0.998624,0.004574,0.002305,0.398258,0.905903,0.023456,0.005703,1.479113,0,0
0,20,31,put the white mug on the left plate and put the yellow and white mug on the right plate,FULL_HIT,0.998587,0.004819,0.002415,0.436823,1.030115,0.009188,0.003351,1.575652,0,0
0,20,32,put the white mug on the left plate and put the yellow and white mug on the right plate,FULL_HIT,0.998571,0.005981,0.002435,0.353769,0.883662,0.009038,0.003628,1.359483,0,0
0,20,33,put the white mug on the left plate and put the yellow and white mug on the right plate,FULL_HIT,0.998471,0.005336,0.002498,0.500301,1.095697,0.010570,0.027168,1.738659,0,0
0,20,34,put the white mug on the left plate and put the yellow and white mug on the right plate,FULL_HIT,0.998144,0.005095,0.002345,0.474232,1.143333,0.010157,0.004094,1.730186,0,0
0,20,35,put the white mug on the left plate and put the yellow and white mug on the right plate,FULL_HIT,0.997095,0.004686,0.002458,0.409662,0.994292,0.009820,0.005192,1.600633,0,0
0,20,36,put the white mug on the left plate and put the yellow and white mug on the right plate,FULL_HIT,0.995905,0.004578,0.002353,0.339806,0.979438,0.009237,0.003927,1.427797,0,0
0,20,37,put the white mug on the left plate and put the yellow and white mug on the right plate,FULL_HIT,0.996156,0.018617,0.002959,0.350323,0.921667,0.009853,0.004381,1.409739,0,0
0,20,38,put the white mug on the left plate and put the yellow and white mug on the right plate,FULL_HIT,0.995196,0.004801,0.002008,0.336325,0.941723,0.009054,0.003618,1.382093,0,0
0,20,39,put the white mug on the left plate and put the yellow and white mug on the right plate,FULL_HIT,0.996264,0.004509,0.002556,0.452433,0.945375,0.009427,0.003590,1.510156,0,0
0,20,40,put the white mug on the left plate and put the yellow and white mug on the right plate,FULL_HIT,0.996949,0.006014,0.002805,0.482153,0.975309,0.009081,0.004588,1.637193,0,0
0,20,41,put the white mug on the left plate and put the yellow and white mug on the right plate,FULL_HIT,0.997265,0.004825,0.002410,0.422684,0.915588,0.008917,0.003215,1.447733,0,0
0,20,42,put the white mug on the left plate and put the yellow and white mug on the right plate,FULL_HIT,0.997375,0.004894,0.002761,0.436391,1.600864,0.019875,0.006006,2.198843,0,0
0,20,43,put the white mug on the left plate and put the yellow and white mug on the right plate,FULL_HIT,0.997282,0.006615,0.002471,0.367626,0.963640,0.008825,0.003844,1.476434,0,0
0,20,44,put the white mug on the left plate and put the yellow and white mug on the right plate,FULL_HIT,0.997001,0.005288,0.002528,0.625219,1.364462,0.010720,0.004236,2.109531,0,0
0,20,45,put the white mug on the left plate and put the yellow and white mug on the right plate,FULL_HIT,0.996603,0.004753,0.002391,0.307396,0.936174,0.009503,0.004049,1.374625,0,0
0,21,0,put the white mug on the left plate and put the yellow and white mug on the right plate,FULL_HIT,0.998448,0.005069,0.002425,0.509854,1.208376,0.011769,0.004083,1.842944,0,0
0,21,1,put the white mug on the left plate and put the yellow and white mug on the right plate,FULL_HIT,0.998312,0.005007,0.002821,0.564363,1.292415,0.009935,0.004294,1.976805,0,0
0,21,2,put the white mug on the left plate and put the yellow and white mug on the right plate,FULL_HIT,0.998374,0.011586,0.003458,0.612698,1.290531,0.011780,0.004758,2.079844,0,0
0,21,3,put the white mug on the left plate and put the yellow and white mug on the right plate,FULL_HIT,0.998348,0.004771,0.002262,0.374774,0.940476,0.008660,0.003787,1.420624,0,0
0,21,4,put the white mug on the left plate and put the yellow and white mug on the right plate,FULL_HIT,0.998274,0.004215,0.002024,0.376010,1.053036,0.009986,0.003642,1.538622,0,0
0,21,5,put the white mug on the left plate and put the yellow and white mug on the right plate,FULL_HIT,0.998088,0.004648,0.002059,0.448911,1.408483,0.022142,0.008442,2.035034,0,0
0,21,6,put the white mug on the left plate and put the yellow and white mug on the right plate,FULL_HIT,0.997969,0.005092,0.002185,0.412446,0.961786,0.008037,0.086695,1.577261,0,0
0,21,7,put the white mug on the left plate and put the yellow and white mug on the right plate,FULL_HIT,0.998063,0.006112,0.002377,0.645941,1.347799,0.013328,0.004892,2.140115,0,0
0,21,8,put the white mug on the left plate and put the yellow and white mug on the right plate,FULL_HIT,0.995420,0.006620,0.003502,0.881287,1.640371,0.013753,0.003428,2.689942,0,0
0,21,9,put the white mug on the left plate and put the yellow and white mug on the right plate,FULL_HIT,0.995163,0.004820,0.002858,0.337981,1.381129,0.010327,0.004074,1.836590,0,0
0,21,10,put the white mug on the left plate and put the yellow and white mug on the right plate,FULL_HIT,0.995872,0.004994,0.002455,0.473588,1.288390,0.012742,0.004901,1.889160,0,0
0,21,11,put the white mug on the left plate and put the yellow and white mug on the right plate,FULL_HIT,0.995714,0.005611,0.002488,0.476143,1.053650,0.011220,0.004320,1.650564,0,0
0,21,12,put the white mug on the left plate and put the yellow and white mug on the right plate,FULL_HIT,0.994879,0.004500,0.002348,0.437691,1.109387,0.012097,0.004224,1.666012,0,0
0,21,13,put the white mug on the left plate and put the yellow and white mug on the right plate,FULL_HIT,0.995216,0.005190,0.002279,0.418253,0.981093,0.009280,0.004470,1.513585,0,0
0,21,14,put the white mug on the left plate and put the yellow and white mug on the right plate,FULL_HIT,0.995489,0.005148,0.002555,0.419961,0.928217,0.009844,0.004071,1.463389,0,0
0,21,15,put the white mug on the left plate and put the yellow and white mug on the right plate,FULL_HIT,0.994858,0.004715,0.002468,0.496970,1.106999,0.011219,0.004290,1.740964,0,0
0,21,16,put the white mug on the left plate and put the yellow and white mug on the right plate,FULL_HIT,0.995407,0.004514,0.002468,0.386738,1.024042,0.010379,0.003918,1.529400,0,0
0,21,17,put the white mug on the left plate and put the yellow and white mug on the right plate,FULL_HIT,0.990801,0.004902,0.002164,0.609182,1.039848,0.011444,0.004381,1.771055,0,0
0,21,18,put the white mug on the left plate and put the yellow and white mug on the right plate,FULL_HIT,0.989960,0.005392,0.002765,0.484571,1.324178,0.010496,0.003865,1.976505,0,0
0,21,19,put the white mug on the left plate and put the yellow and white mug on the right plate,FULL_HIT,0.992187,0.005333,0.002661,0.373894,0.974520,0.009393,0.004065,1.459059,0,0
0,21,20,put the white mug on the left plate and put the yellow and white mug on the right plate,FULL_HIT,0.995453,0.005127,0.002040,0.314429,0.960626,0.009658,0.004325,1.380090,0,0
0,21,21,put the white mug on the left plate and put the yellow and white mug on the right plate,FULL_HIT,0.996265,0.004584,0.002314,0.473025,1.220715,0.010569,0.004638,1.813382,0,0
0,21,22,put the white mug on the left plate and put the yellow and white mug on the right plate,FULL_HIT,0.993092,0.018954,0.002919,0.590363,1.307084,0.011818,0.004761,2.050328,0,0
0,21,23,put the white mug on the left plate and put the yellow and white mug on the right plate,FULL_HIT,0.996759,0.004982,0.002239,0.505789,1.059150,0.010757,0.003891,1.713742,0,0
0,21,24,put the white mug on the left plate and put the yellow and white mug on the right plate,FULL_HIT,0.998002,0.005558,0.002564,0.656936,1.351223,0.013563,0.006144,2.156717,0,0
0,21,25,put the white mug on the left plate and put the yellow and white mug on the right plate,FULL_HIT,0.998241,0.004958,0.002344,0.569958,1.406676,0.012446,0.005602,2.111737,0,0
0,21,26,put the white mug on the left plate and put the yellow and white mug on the right plate,FULL_HIT,0.998211,0.005619,0.002385,0.509708,1.140591,0.010638,0.003668,1.805781,0,0
0,21,27,put the white mug on the left plate and put the yellow and white mug on the right plate,FULL_HIT,0.998120,0.005040,0.002479,0.549775,1.145402,0.010662,0.004199,1.828795,0,0
0,21,28,put the white mug on the left plate and put the yellow and white mug on the right plate,FULL_HIT,0.998071,0.004433,0.002512,0.565007,1.090983,0.011518,0.004111,1.783840,0,0
0,21,29,put the white mug on the left plate and put the yellow and white mug on the right plate,FULL_HIT,0.998040,0.005240,0.002573,0.384932,1.148303,0.011453,0.004519,1.656368,0,0
0,21,30,put the white mug on the left plate and put the yellow and white mug on the right plate,FULL_HIT,0.998035,0.005091,0.002369,0.436233,1.347466,0.013789,0.006028,1.925632,0,0
0,21,31,put the white mug on the left plate and put the yellow and white mug on the right plate,FULL_HIT,0.997978,0.007508,0.002941,0.715965,1.853524,0.012953,0.005288,2.734206,0,0
0,21,32,put the white mug on the left plate and put the yellow and white mug on the right plate,FULL_HIT,0.997438,0.004501,0.001976,0.319847,0.972489,0.008994,0.003629,1.392862,0,0
0,21,33,put the white mug on the left plate and put the yellow and white mug on the right plate,FULL_HIT,0.996956,0.007395,0.002925,0.429973,0.983182,0.009780,0.003847,1.539025,0,0
0,21,34,put the white mug on the left plate and put the yellow and white mug on the right plate,FULL_HIT,0.995530,0.005264,0.002448,0.398885,0.996602,0.010267,0.004302,1.512975,0,0
0,21,35,put the white mug on the left plate and put the yellow and white mug on the right plate,FULL_HIT,0.995397,0.005045,0.002020,0.426520,1.112183,0.009986,0.003921,1.656062,0,0
0,21,36,put the white mug on the left plate and put the yellow and white mug on the right plate,FULL_HIT,0.991438,0.004994,0.002509,0.454343,1.071395,0.010383,0.004354,1.649055,0,0
0,21,37,put the white mug on the left plate and put the yellow and white mug on the right plate,FULL_HIT,0.995306,0.005488,0.002119,0.482340,1.057179,0.010226,0.005680,1.825477,0,0
0,21,38,put the white mug on the left plate and put the yellow and white mug on the right plate,FULL_HIT,0.996986,0.006269,0.002877,0.561040,1.065555,0.009309,0.003867,1.751010,0,0
0,21,39,put the white mug on the left plate and put the yellow and white mug on the right plate,FULL_HIT,0.997545,0.005218,0.002311,0.427401,1.293484,0.010851,0.004411,1.912995,0,0
0,21,40,put the white mug on the left plate and put the yellow and white mug on the right plate,FULL_HIT,0.997710,0.004518,0.002380,0.448951,1.046139,0.011331,0.003813,1.635138,0,0
0,21,41,put the white mug on the left plate and put the yellow and white mug on the right plate,FULL_HIT,0.997844,0.005194,0.003196,0.457585,0.981417,0.010361,0.004370,1.562599,0,0
0,21,42,put the white mug on the left plate and put the yellow and white mug on the right plate,FULL_HIT,0.997792,0.005245,0.002404,0.425906,1.183096,0.011548,0.004119,1.725402,0,0
0,21,43,put the white mug on the left plate and put the yellow and white mug on the right plate,FULL_HIT,0.997607,0.005502,0.002554,0.858228,1.359100,0.015432,0.006155,2.376460,0,0
0,21,44,put the white mug on the left plate and put the yellow and white mug on the right plate,FULL_HIT,0.997589,0.006450,0.002410,0.672145,1.334614,0.013929,0.005073,2.152496,0,0
0,22,0,put the white mug on the left plate and put the yellow and white mug on the right plate,FULL_HIT,0.998428,0.004651,0.002393,0.383162,0.962764,0.009509,0.004484,1.457234,0,0
0,22,1,put the white mug on the left plate and put the yellow and white mug on the right plate,FULL_HIT,0.998407,0.005598,0.002407,0.506877,1.083731,0.010178,0.004004,1.713775,0,0
0,22,2,put the white mug on the left plate and put the yellow and white mug on the right plate,FULL_HIT,0.998428,0.005284,0.002458,0.459650,1.281278,0.011313,0.004823,1.864159,0,0
0,22,3,put the white mug on the left plate and put the yellow and white mug on the right plate,FULL_HIT,0.998402,0.005107,0.002438,0.597191,1.405244,0.014746,0.007056,2.173382,0,0
0,22,4,put the white mug on the left plate and put the yellow and white mug on the right plate,FULL_HIT,0.998285,0.005447,0.002376,0.410506,1.082430,0.011013,0.004096,1.614523,0,0
0,22,5,put the white mug on the left plate and put the yellow and white mug on the right plate,FULL_HIT,0.997760,0.005906,0.002713,0.645371,1.769556,0.010686,0.004376,2.577296,0,0
0,22,6,put the white mug on the left plate and put the yellow and white mug on the right plate,FULL_HIT,0.997590,0.005275,0.002504,0.462618,1.077828,0.009533,0.004543,1.663411,0,0
0,22,7,put the white mug on the left plate and put the yellow and white mug on the right plate,FULL_HIT,0.997455,0.005478,0.002655,0.577911,1.173027,0.012786,0.005358,1.887595,0,0
0,22,8,put the white mug on the left plate and put the yellow and white mug on the right plate,FULL_HIT,0.997524,0.015373,0.002475,0.584462,1.126684,0.010501,0.004789,1.908971,0,0
0,22,9,put the white mug on the left plate and put the yellow and white mug on the right plate,FULL_HIT,0.992962,0.005343,0.002761,0.418313,0.933615,0.009475,0.003899,1.468390,0,0
0,22,10,put the white mug on the left plate and put the yellow and white mug on the right plate,FULL_HIT,0.996925,0.004951,0.002371,0.504899,1.154126,0.010499,0.004898,1.781627,0,0
0,22,11,put the white mug on the left plate and put the yellow and white mug on the right plate,FULL_HIT,0.996206,0.004697,0.002012,0.797176,1.388951,0.011867,0.004188,2.321636,0,0
0,22,12,put the white mug on the left plate and put the yellow and white mug on the right plate,FULL_HIT,0.996903,0.005923,0.002430,0.766795,1.246677,0.010243,0.003883,2.148564,0,0
0,22,13,put the white mug on the left plate and put the yellow and white mug on the right plate,FULL_HIT,0.997432,0.005109,0.002256,0.385237,1.058199,0.010739,0.004118,1.556724,0,0
0,22,14,put the white mug on the left plate and put the yellow and white mug on the right plate,FULL_HIT,0.997284,0.004476,0.002489,0.472168,1.376420,0.011267,0.004187,1.971631,0,0
0,22,15,put the white mug on the left plate and put the yellow and white mug on the right plate,FULL_HIT,0.996954,0.005904,0.002608,0.806928,1.519577,0.013101,0.005251,2.488318,0,0
0,22,16,put the white mug on the left plate and put the yellow and white mug on the right plate,FULL_HIT,0.995841,0.004539,0.002076,0.661306,0.974205,0.009600,0.003940,1.753218,0,0
0,22,17,put the white mug on the left plate and put the yellow and white mug on the right plate,FULL_HIT,0.994612,0.006373,0.002873,0.738014,1.320406,0.013124,0.004470,2.215839,0,0
0,22,18,put the white mug on the left plate and put the yellow and white mug on the right plate,FULL_HIT,0.995167,0.005835,0.002674,0.399232,1.131948,0.010983,0.004755,1.657857,0,0
0,22,19,put the white mug on the left plate and put the yellow and white mug on the right plate,FULL_HIT,0.995433,0.004895,0.002067,0.437393,1.023571,0.010444,0.003649,1.575529,0,0
0,22,20,put the white mug on the left plate and put the yellow and white mug on the right plate,FULL_HIT,0.994938,0.004680,0.002885,0.459478,1.202319,0.011073,0.003950,1.795741,0,0
0,22,21,put the white mug on the left plate and put the yellow and white mug on the right plate,FULL_HIT,0.995967,0.005989,0.002316,0.546823,1.284171,0.011392,0.004005,1.971080,0,0
0,22,22,put the white mug on the left plate and put the yellow and white mug on the right plate,FULL_HIT,0.995998,0.007670,0.002353,0.509661,1.481096,0.013134,0.005064,2.156258,0,0
0,22,23,put the white mug on the left plate and put the yellow and white mug on the right plate,FULL_HIT,0.995252,0.006148,0.002186,0.630893,1.497475,0.012178,0.004726,2.286468,0,0
0,22,24,put the white mug on the left plate and put the yellow and white mug on the right plate,FULL_HIT,0.994238,0.005876,0.002407,0.465125,1.688216,0.013522,0.005658,2.313913,0,0
0,22,25,put the white mug on the left plate and put the yellow and white mug on the right plate,FULL_HIT,0.993873,0.007492,0.003152,0.484006,1.251486,0.011339,0.003720,1.883550,0,0
0,22,26,put the white mug on the left plate and put the yellow and white mug on the right plate,FULL_HIT,0.991442,0.005400,0.002320,0.363478,1.053842,0.014741,0.005323,1.551159,0,0
0,22,27,put the white mug on the left plate and put the yellow and white mug on the right plate,FULL_HIT,0.989610,0.005273,0.002378,0.480105,1.412956,0.011462,0.004608,2.019616,0,0
0,22,28,put the white mug on the left plate and put the yellow and white mug on the right plate,FULL_HIT,0.991206,0.004662,0.002390,0.582595,0.963164,0.010978,0.004423,1.660581,0,0
0,22,29,put the white mug on the left plate and put the yellow and white mug on the right plate,FULL_HIT,0.990278,0.005459,0.002471,0.447673,1.153430,0.010767,0.004019,1.720045,0,0
0,22,30,put the white mug on the left plate and put the yellow and white mug on the right plate,FULL_HIT,0.989836,0.005182,0.002405,0.474653,1.098961,0.010412,0.005044,1.695683,0,0
0,22,31,put the white mug on the left plate and put the yellow and white mug on the right plate,FULL_HIT,0.993012,0.005176,0.002310,0.467744,1.081543,0.010400,0.003680,1.663736,0,0
0,22,32,put the white mug on the left plate and put the yellow and white mug on the right plate,FULL_HIT,0.987949,0.004680,0.002153,0.586642,1.320805,0.010848,0.004991,2.032196,0,0
0,22,33,put the white mug on the left plate and put the yellow and white mug on the right plate,FULL_HIT,0.993724,0.004500,0.002600,0.598794,1.214568,0.010323,0.004054,1.934874,0,0
0,22,34,put the white mug on the left plate and put the yellow and white mug on the right plate,FULL_HIT,0.995987,0.006057,0.002713,0.518283,1.006852,0.010372,0.003815,1.652610,0,0
0,22,35,put the white mug on the left plate and put the yellow and white mug on the right plate,FULL_HIT,0.996830,0.004615,0.001940,0.446588,2.041420,0.014438,0.005914,2.640119,0,0
0,22,36,put the white mug on the left plate and put the yellow and white mug on the right plate,FULL_HIT,0.996230,0.006113,0.002908,0.519647,1.266009,0.013769,0.005114,1.935107,0,0
0,22,37,put the white mug on the left plate and put the yellow and white mug on the right plate,FULL_HIT,0.996752,0.005987,0.002435,0.452154,1.174405,0.012017,0.004975,1.759824,0,0
0,22,38,put the white mug on the left plate and put the yellow and white mug on the right plate,FULL_HIT,0.997000,0.004497,0.002593,0.333815,0.994561,0.009569,0.003373,1.437016,0,0
0,22,39,put the white mug on the left plate and put the yellow and white mug on the right plate,FULL_HIT,0.997094,0.004969,0.002125,0.451864,1.383986,0.011022,0.004226,1.957834,0,0
0,22,40,put the white mug on the left plate and put the yellow and white mug on the right plate,FULL_HIT,0.997375,0.005407,0.002345,0.532377,1.210511,0.011330,0.004320,1.879972,0,0
0,22,41,put the white mug on the left plate and put the yellow and white mug on the right plate,FULL_HIT,0.997473,0.004791,0.002111,0.556313,0.921821,0.010528,0.004372,1.601949,0,0
0,22,42,put the white mug on the left plate and put the yellow and white mug on the right plate,FULL_HIT,0.996543,0.004696,0.002033,0.419153,0.924392,0.008878,0.003567,1.456430,0,0
0,23,0,put the white mug on the left plate and put the yellow and white mug on the right plate,FULL_HIT,0.996500,0.010601,0.004446,0.884068,1.029626,0.009675,0.003955,2.072451,0,0
0,23,1,put the white mug on the left plate and put the yellow and white mug on the right plate,FULL_HIT,0.995599,0.005209,0.002601,0.443315,1.021571,0.010084,0.003993,1.578456,0,0
0,23,2,put the white mug on the left plate and put the yellow and white mug on the right plate,FULL_HIT,0.995238,0.004777,0.002311,0.401006,1.111392,0.010374,0.004107,1.636502,0,0
0,23,3,put the white mug on the left plate and put the yellow and white mug on the right plate,FULL_HIT,0.996250,0.004480,0.002192,0.324535,0.927683,0.009385,0.003343,1.356472,0,0
0,23,4,put the white mug on the left plate and put the yellow and white mug on the right plate,FULL_HIT,0.997189,0.004352,0.002481,0.324898,1.086538,0.010663,0.003403,1.518388,0,0
0,23,5,put the white mug on the left plate and put the yellow and white mug on the right plate,FULL_HIT,0.996859,0.004861,0.002637,0.389549,1.168074,0.011469,0.004429,1.677846,0,0
0,23,6,put the white mug on the left plate and put the yellow and white mug on the right plate,FULL_HIT,0.996460,0.005154,0.002477,0.397198,1.023053,0.010136,0.004672,1.539392,0,0
0,23,7,put the white mug on the left plate and put the yellow and white mug on the right plate,FULL_HIT,0.995254,0.004727,0.020728,0.332341,1.285852,0.011723,0.004118,1.753021,0,0
0,23,8,put the white mug on the left plate and put the yellow and white mug on the right plate,FULL_HIT,0.995072,0.004670,0.002291,0.301893,0.984726,0.009617,0.003765,1.392206,0,0
0,23,9,put the white mug on the left plate and put the yellow and white mug on the right plate,FULL_HIT,0.988823,0.004894,0.002522,0.310992,0.974858,0.008830,0.003961,1.389907,0,0
0,23,10,put the white mug on the left plate and put the yellow and white mug on the right plate,FULL_HIT,0.994156,0.004607,0.002148,0.456685,1.071177,0.010327,0.003955,1.640934,0,0
0,23,11,put the white mug on the left plate and put the yellow and white mug on the right plate,FULL_HIT,0.995863,0.005898,0.002665,0.448492,0.941093,0.009343,0.003782,1.510509,0,0
0,23,12,put the white mug on the left plate and put the yellow and white mug on the right plate,FULL_HIT,0.996722,0.004496,0.002484,0.315649,0.986223,0.022217,0.004032,1.420882,0,0
0,23,13,put the white mug on the left plate and put the yellow and white mug on the right plate,FULL_HIT,0.996689,0.004638,0.002263,0.378769,0.950908,0.009854,0.004165,1.443591,0,0
0,23,14,put the white mug on the left plate and put the yellow and white mug on the right plate,FULL_HIT,0.996179,0.004674,0.002661,0.314013,1.142370,0.010671,0.003746,1.592533,0,0
0,23,15,put the white mug on the left plate and put the yellow and white mug on the right plate,FULL_HIT,0.995979,0.004635,0.002236,0.385394,0.960121,0.009442,0.003720,1.451157,0,0
0,23,16,put the white mug on the left plate and put the yellow and white mug on the right plate,FULL_HIT,0.995481,0.004562,0.002009,0.361972,1.000547,0.009922,0.003748,1.467572,0,0
0,23,17,put the white mug on the left plate and put the yellow and white mug on the right plate,FULL_HIT,0.994665,0.004756,0.002323,0.397200,0.953746,0.009377,0.003670,1.482023,0,0
0,23,18,put the white mug on the left plate and put the yellow and white mug on the right plate,FULL_HIT,0.986559,0.004427,0.002227,0.413652,0.972400,0.010204,0.004264,1.496480,0,0
0,23,19,put the white mug on the left plate and put the yellow and white mug on the right plate,FULL_HIT,0.983985,0.004909,0.001880,0.339535,1.391484,0.009720,0.004204,1.839671,0,0
0,23,20,put the white mug on the left plate and put the yellow and white mug on the right plate,FULL_HIT,0.983948,0.004794,0.002280,0.337062,0.914565,0.008579,0.003218,1.358764,0,0
0,23,21,put the white mug on the left plate and put the yellow and white mug on the right plate,FULL_HIT,0.987276,0.004656,0.001893,0.319403,0.955744,0.009584,0.003462,1.500240,0,0
0,23,22,put the white mug on the left plate and put the yellow and white mug on the right plate,FULL_HIT,0.986451,0.004350,0.002285,0.426845,0.954013,0.009037,0.003881,1.492110,0,0
0,23,23,put the white mug on the left plate and put the yellow and white mug on the right plate,FULL_HIT,0.992613,0.004991,0.002688,0.555747,1.107922,0.009777,0.005106,1.782862,0,0
0,23,24,put the white mug on the left plate and put the yellow and white mug on the right plate,FULL_HIT,0.993141,0.004724,0.002157,0.399853,1.019994,0.008549,0.003924,1.522452,0,0
0,23,25,put the white mug on the left plate and put the yellow and white mug on the right plate,FULL_HIT,0.994740,0.004482,0.002023,0.430686,1.199185,0.010787,0.003597,1.741952,0,0
0,23,26,put the white mug on the left plate and put the yellow and white mug on the right plate,FULL_HIT,0.996523,0.004518,0.001961,0.413204,0.964384,0.009334,0.004054,1.486712,0,0
0,23,27,put the white mug on the left plate and put the yellow and white mug on the right plate,FULL_HIT,0.996671,0.005160,0.002331,0.414600,0.980822,0.011072,0.004354,1.531756,0,0
0,23,28,put the white mug on the left plate and put the yellow and white mug on the right plate,FULL_HIT,0.995987,0.005446,0.002592,0.515092,1.258869,0.013473,0.004925,1.911266,0,0
0,23,29,put the white mug on the left plate and put the yellow and white mug on the right plate,FULL_HIT,0.995182,0.005668,0.002627,0.504968,1.047743,0.010069,0.003709,1.675762,0,0
0,23,30,put the white mug on the left plate and put the yellow and white mug on the right plate,FULL_HIT,0.993228,0.004685,0.002528,0.405072,1.091916,0.024019,0.004296,1.624319,0,0
0,23,31,put the white mug on the left plate and put the yellow and white mug on the right plate,FULL_HIT,0.991920,0.005022,0.002076,0.535225,1.323991,0.012082,0.004844,2.011845,0,0
0,23,32,put the white mug on the left plate and put the yellow and white mug on the right plate,FULL_HIT,0.988440,0.004656,0.002258,0.376913,1.045891,0.009969,0.003353,1.538141,0,0
0,23,33,put the white mug on the left plate and put the yellow and white mug on the right plate,FULL_HIT,0.988003,0.004876,0.002504,0.655273,1.481330,0.012337,0.004094,2.269876,0,0
0,23,34,put the white mug on the left plate and put the yellow and white mug on the right plate,FULL_HIT,0.989445,0.005352,0.002061,0.356958,0.995930,0.009508,0.003937,1.477634,0,0
0,23,35,put the white mug on the left plate and put the yellow and white mug on the right plate,FULL_HIT,0.985637,0.006219,0.002765,0.552601,1.372163,0.009957,0.004809,2.062442,0,0
0,23,36,put the white mug on the left plate and put the yellow and white mug on the right plate,FULL_HIT,0.992050,0.005053,0.004535,0.606059,1.600741,0.012116,0.006935,2.358164,0,0
0,23,37,put the white mug on the left plate and put the yellow and white mug on the right plate,FULL_HIT,0.991274,0.004997,0.002955,0.531278,1.196831,0.009928,0.003731,1.863973,0,0
0,23,38,put the white mug on the left plate and put the yellow and white mug on the right plate,FULL_HIT,0.992696,0.004807,0.002563,0.459840,1.284154,0.011855,0.005195,1.893651,0,0
0,23,39,put the white mug on the left plate and put the yellow and white mug on the right plate,FULL_HIT,0.992519,0.005101,0.002221,0.825066,1.169564,0.011032,0.006761,2.129848,0,0
0,23,40,put the white mug on the left plate and put the yellow and white mug on the right plate,FULL_HIT,0.989774,0.005185,0.002083,0.496530,1.242591,0.009647,0.003829,1.866982,0,0
0,23,41,put the white mug on the left plate and put the yellow and white mug on the right plate,FULL_HIT,0.984252,0.004965,0.002287,0.557322,1.121289,0.009947,0.003724,1.804204,0,0
0,23,42,put the white mug on the left plate and put the yellow and white mug on the right plate,FULL_HIT,0.985986,0.009317,0.003176,0.565740,1.135861,0.010208,0.006069,1.892575,0,0
0,23,43,put the white mug on the left plate and put the yellow and white mug on the right plate,FULL_HIT,0.980787,0.005063,0.002390,0.790543,1.375353,0.012659,0.004209,2.305501,0,0
0,24,0,put the white mug on the left plate and put the yellow and white mug on the right plate,FULL_HIT,0.997333,0.005221,0.002306,0.480428,1.310545,0.011829,0.004939,1.933039,0,0
0,24,1,put the white mug on the left plate and put the yellow and white mug on the right plate,FULL_HIT,0.997420,0.004700,0.002385,0.399570,1.064590,0.020823,0.004638,1.612546,0,0
0,24,2,put the white mug on the left plate and put the yellow and white mug on the right plate,FULL_HIT,0.997635,0.005623,0.002715,0.513052,1.123105,0.010210,0.004279,1.779584,0,0
0,24,3,put the white mug on the left plate and put the yellow and white mug on the right plate,FULL_HIT,0.996958,0.004847,0.002452,0.371439,1.034255,0.010620,0.003931,1.520501,0,0
0,24,4,put the white mug on the left plate and put the yellow and white mug on the right plate,FULL_HIT,0.997345,0.004562,0.002761,0.387290,0.957535,0.010299,0.003646,1.456864,0,0
0,24,5,put the white mug on the left plate and put the yellow and white mug on the right plate,FULL_HIT,0.997130,0.005476,0.002579,0.691349,1.352493,0.034256,0.004959,2.205609,0,0
0,24,6,put the white mug on the left plate and put the yellow and white mug on the right plate,FULL_HIT,0.996732,0.005702,0.002975,0.538178,1.132457,0.011776,0.005374,1.817426,0,0
0,24,7,put the white mug on the left plate and put the yellow and white mug on the right plate,FULL_HIT,0.995027,0.005514,0.002738,0.390414,0.978041,0.008839,0.004121,1.482080,0,0
0,24,8,put the white mug on the left plate and put the yellow and white mug on the right plate,FULL_HIT,0.995055,0.004925,0.002071,0.372740,0.886490,0.010168,0.004042,1.370968,0,0
0,24,9,put the white mug on the left plate and put the yellow and white mug on the right plate,FULL_HIT,0.991709,0.004637,0.001835,0.311936,0.917171,0.008500,0.003250,1.331168,0,0
0,24,10,put the white mug on the left plate and put the yellow and white mug on the right plate,FULL_HIT,0.994359,0.004330,0.002362,0.305754,0.911149,0.008238,0.004357,1.320634,0,0
0,24,11,put the white mug on the left plate and put the yellow and white mug on the right plate,FULL_HIT,0.996831,0.004534,0.002156,0.385362,0.995801,0.009239,0.003813,1.487810,0,0
0,24,12,put the white mug on the left plate and put the yellow and white mug on the right plate,FULL_HIT,0.997078,0.004628,0.002058,0.332491,1.021789,0.010715,0.003479,1.460275,0,0
0,24,13,put the white mug on the left plate and put the yellow and white mug on the right plate,FULL_HIT,0.997684,0.004829,0.002170,0.529761,1.153309,0.010058,0.004317,1.801309,0,0
0,24,14,put the white mug on the left plate and put the yellow and white mug on the right plate,FULL_HIT,0.997514,0.004895,0.002397,0.344535,0.992688,0.009368,0.003995,1.443557,0,0
0,24,15,put the white mug on the left plate and put the yellow and white mug on the right plate,FULL_HIT,0.996928,0.005326,0.002425,0.368029,0.933918,0.010387,0.003108,1.411951,0,0
0,24,16,put the white mug on the left plate and put the yellow and white mug on the right plate,FULL_HIT,0.996733,0.004883,0.002488,0.408540,1.169963,0.009591,0.004058,1.687758,0,0
0,24,17,put the white mug on the left plate and put the yellow and white mug on the right plate,FULL_HIT,0.996424,0.005151,0.002174,0.396545,1.003693,0.010886,0.005044,1.513490,0,0
0,24,18,put the white mug on the left plate and put the yellow and white mug on the right plate,FULL_HIT,0.994329,0.004774,0.002374,0.420973,1.287077,0.014081,0.006283,1.846143,0,0
0,24,19,put the white mug on the left plate and put the yellow and white mug on the right plate,FULL_HIT,0.994034,0.004671,0.002053,0.392216,0.938714,0.010066,0.003504,1.439819,0,0
0,24,20,put the white mug on the left plate and put the yellow and white mug on the right plate,FULL_HIT,0.990613,0.004783,0.002535,0.495968,1.182840,0.023717,0.007240,2.048549,0,0
0,24,21,put the white mug on the left plate and put the yellow and white mug on the right plate,FULL_HIT,0.994678,0.005333,0.002367,0.390892,1.236349,0.010244,0.004558,1.744661,0,0
0,24,22,put the white mug on the left plate and put the yellow and white mug on the right plate,FULL_HIT,0.995555,0.005147,0.002322,0.388605,1.199990,0.011912,0.006427,1.713597,0,0
0,24,23,put the white mug on the left plate and put the yellow and white mug on the right plate,FULL_HIT,0.995942,0.004256,0.002247,0.340456,1.541660,0.011340,0.005081,2.021139,0,0
0,24,24,put the white mug on the left plate and put the yellow and white mug on the right plate,FULL_HIT,0.996527,0.005412,0.001962,0.340714,1.101481,0.009441,0.003622,1.552097,0,0
0,24,25,put the white mug on the left plate and put the yellow and white mug on the right plate,FULL_HIT,0.997265,0.005340,0.002337,0.611391,1.528131,0.015360,0.004686,2.304605,0,0
0,24,26,put the white mug on the left plate and put the yellow and white mug on the right plate,FULL_HIT,0.997074,0.005116,0.002195,0.378669,0.971070,0.010214,0.003155,1.454679,0,0
0,24,27,put the white mug on the left plate and put the yellow and white mug on the right plate,FULL_HIT,0.996426,0.005497,0.002580,0.570271,1.028467,0.010395,0.003795,1.749597,0,0
0,24,28,put the white mug on the left plate and put the yellow and white mug on the right plate,FULL_HIT,0.995796,0.004713,0.001976,0.355548,0.966083,0.009662,0.003630,1.428339,0,0
0,24,29,put the white mug on the left plate and put the yellow and white mug on the right plate,FULL_HIT,0.993912,0.004716,0.002336,0.303355,0.933047,0.008582,0.003634,1.335420,0,0
0,24,30,put the white mug on the left plate and put the yellow and white mug on the right plate,FULL_HIT,0.992939,0.006154,0.002190,0.463620,1.081689,0.010406,0.003711,1.675919,0,0
0,24,31,put the white mug on the left plate and put the yellow and white mug on the right plate,FULL_HIT,0.991622,0.005222,0.002316,0.460394,1.013926,0.010432,0.004140,1.590845,0,0
0,24,32,put the white mug on the left plate and put the yellow and white mug on the right plate,FULL_HIT,0.985491,0.004960,0.002681,0.429056,1.309315,0.009299,0.002660,1.846800,0,0
0,24,33,put the white mug on the left plate and put the yellow and white mug on the right plate,FULL_HIT,0.980647,0.005334,0.002267,0.567070,2.128732,0.052535,0.005999,2.895969,0,0
0,24,34,put the white mug on the left plate and put the yellow and white mug on the right plate,FULL_HIT,0.981953,0.005887,0.002572,0.527598,1.084044,0.010380,0.004212,1.740808,0,0
0,24,35,put the white mug on the left plate and put the yellow and white mug on the right plate,FULL_HIT,0.986944,0.005215,0.002169,0.580118,1.019189,0.010890,0.004961,1.747910,0,0
0,24,36,put the white mug on the left plate and put the yellow and white mug on the right plate,FULL_HIT,0.991585,0.005400,0.002416,0.437031,1.123869,0.011495,0.003824,1.678729,0,0
0,24,37,put the white mug on the left plate and put the yellow and white mug on the right plate,FULL_HIT,0.993963,0.005035,0.002310,0.516691,1.276042,0.011366,0.003560,1.918508,0,0
0,24,38,put the white mug on the left plate and put the yellow and white mug on the right plate,FULL_HIT,0.994642,0.004962,0.002630,0.425523,1.436221,0.010938,0.004105,1.986093,0,0
0,24,39,put the white mug on the left plate and put the yellow and white mug on the right plate,FULL_HIT,0.992414,0.005411,0.002713,0.536557,1.180789,0.010666,0.004301,1.930649,0,0
0,24,40,put the white mug on the left plate and put the yellow and white mug on the right plate,FULL_HIT,0.990703,0.006593,0.002828,0.605346,1.423914,0.015666,0.005688,2.192192,0,0
0,24,41,put the white mug on the left plate and put the yellow and white mug on the right plate,FULL_HIT,0.987431,0.004685,0.002401,0.375362,1.086744,0.010874,0.004276,1.581656,0,0
0,25,0,pick up the book and place it in the back compartment of the caddy,FULL_HIT,0.998871,0.004815,0.002167,0.356658,1.017632,0.031939,0.004257,1.512603,0,0
0,25,1,pick up the book and place it in the back compartment of the caddy,FULL_HIT,0.998839,0.004733,0.001989,0.323444,0.898717,0.009636,0.005029,1.331095,0,0
0,25,2,pick up the book and place it in the back compartment of the caddy,FULL_HIT,0.998701,0.005744,0.002389,0.548289,1.175958,0.013588,0.004950,1.867131,0,0
0,25,3,pick up the book and place it in the back compartment of the caddy,FULL_HIT,0.998653,0.004823,0.002186,0.409638,0.834251,0.009459,0.003734,1.347592,0,0
0,25,4,pick up the book and place it in the back compartment of the caddy,FULL_HIT,0.998658,0.005910,0.003027,0.666293,1.063259,0.013105,0.004903,1.872968,0,0
0,25,5,pick up the book and place it in the back compartment of the caddy,FULL_HIT,0.998682,0.004899,0.002107,0.419905,0.980712,0.009150,0.006469,1.526897,0,0
0,25,6,pick up the book and place it in the back compartment of the caddy,FULL_HIT,0.998676,0.005073,0.002359,0.396780,1.849829,0.018109,0.006051,2.605091,0,0
0,25,7,pick up the book and place it in the back compartment of the caddy,FULL_HIT,0.998700,0.005735,0.002416,0.582746,1.151392,0.011526,0.003933,1.860984,0,0
0,25,8,pick up the book and place it in the back compartment of the caddy,FULL_HIT,0.998681,0.005122,0.002262,0.483752,1.135066,0.010091,0.003986,1.747928,0,0
0,25,9,pick up the book and place it in the back compartment of the caddy,FULL_HIT,0.998727,0.004662,0.003476,0.576583,1.051723,0.010260,0.003500,1.747881,0,0
0,25,10,pick up the book and place it in the back compartment of the caddy,FULL_HIT,0.998746,0.005186,0.002350,0.432419,1.262301,0.016692,0.006751,1.850133,0,0
0,25,11,pick up the book and place it in the back compartment of the caddy,FULL_HIT,0.998728,0.004505,0.001943,0.530961,1.066837,0.010165,0.004031,1.713517,0,0
0,25,12,pick up the book and place it in the back compartment of the caddy,FULL_HIT,0.993914,0.004669,0.002172,0.429015,0.920713,0.009774,0.003660,1.488706,0,0
0,25,13,pick up the book and place it in the back compartment of the caddy,FULL_HIT,0.998736,0.004785,0.002271,0.388478,0.898071,0.009698,0.003868,1.397257,0,0
0,25,14,pick up the book and place it in the back compartment of the caddy,FULL_HIT,0.998729,0.005071,0.002278,0.519016,0.938616,0.011822,0.004143,1.582056,0,0
0,25,15,pick up the book and place it in the back compartment of the caddy,FULL_HIT,0.998685,0.004695,0.002024,0.411470,0.822060,0.009113,0.003313,1.338696,0,0
0,25,16,pick up the book and place it in the back compartment of the caddy,FULL_HIT,0.998651,0.004761,0.002328,0.452654,1.091724,0.012637,0.004968,1.665683,0,0
0,25,17,pick up the book and place it in the back compartment of the caddy,FULL_HIT,0.998606,0.004638,0.001861,0.405709,0.810359,0.009398,0.003730,1.323790,0,0
0,25,18,pick up the book and place it in the back compartment of the caddy,FULL_HIT,0.998588,0.005421,0.002330,0.567562,0.917483,0.010652,0.004265,1.605562,0,0
0,25,19,pick up the book and place it in the back compartment of the caddy,FULL_HIT,0.998525,0.005363,0.002556,0.612408,0.925666,0.011879,0.004263,1.662462,0,0
0,25,20,pick up the book and place it in the back compartment of the caddy,FULL_HIT,0.998450,0.005896,0.002315,0.590905,0.966949,0.011495,0.004211,1.687708,0,0
0,25,21,pick up the book and place it in the back compartment of the caddy,FULL_HIT,0.998440,0.004988,0.002508,0.421416,1.206765,0.009956,0.003582,1.743012,0,0
0,25,22,pick up the book and place it in the back compartment of the caddy,FULL_HIT,0.998411,0.004705,0.002435,0.391608,0.812803,0.008306,0.003612,1.334930,0,0
0,25,23,pick up the book and place it in the back compartment of the caddy,FULL_HIT,0.998422,0.004753,0.002373,0.490540,1.828966,0.012117,0.004665,2.517187,0,0
0,25,24,pick up the book and place it in the back compartment of the caddy,FULL_HIT,0.998485,0.004799,0.002192,0.369938,0.823019,0.009418,0.003738,1.297856,0,0
0,25,25,pick up the book and place it in the back compartment of the caddy,FULL_HIT,0.998524,0.005014,0.002163,0.426849,0.797486,0.009312,0.003362,1.336097,0,0
0,25,26,pick up the book and place it in the back compartment of the caddy,FULL_HIT,0.998508,0.004684,0.002098,0.461407,0.943825,0.009144,0.003297,1.515950,0,0
0,25,27,pick up the book and place it in the back compartment of the caddy,FULL_HIT,0.998472,0.007229,0.002668,0.687465,1.246781,0.016403,0.005225,2.095063,0,0
0,25,28,pick up the book and place it in the back compartment of the caddy,FULL_HIT,0.998443,0.004832,0.002413,0.502154,0.809781,0.009294,0.003824,1.441329,0,0
0,25,29,pick up the book and place it in the back compartment of the caddy,FULL_HIT,0.998379,0.005304,0.002467,0.620888,1.124608,0.010155,0.004744,1.869574,0,0
0,25,30,pick up the book and place it in the back compartment of the caddy,FULL_HIT,0.998327,0.004763,0.002459,0.405928,0.801491,0.009605,0.004129,1.318818,0,0
0,25,31,pick up the book and place it in the back compartment of the caddy,FULL_HIT,0.998096,0.004737,0.002449,0.391819,0.862601,0.009279,0.003633,1.364198,0,0
0,25,32,pick up the book and place it in the back compartment of the caddy,FULL_HIT,0.997721,0.004872,0.002294,0.409633,0.981373,0.010311,0.004587,1.507960,0,0
0,25,33,pick up the book and place it in the back compartment of the caddy,FULL_HIT,0.997514,0.004548,0.001864,0.371535,0.810084,0.029759,0.004480,1.309644,0,0
0,25,34,pick up the book and place it in the back compartment of the caddy,FULL_HIT,0.997053,0.004878,0.002222,0.372364,0.875723,0.009354,0.003598,1.356321,0,0
0,26,0,pick up the book and place it in the back compartment of the caddy,FULL_HIT,0.998093,0.005526,0.002517,0.393968,0.809292,0.009359,0.004125,1.332562,0,0
0,26,1,pick up the book and place it in the back compartment of the caddy,FULL_HIT,0.998019,0.004628,0.001854,0.414376,0.916324,0.010954,0.004686,1.450894,0,0
0,26,2,pick up the book and place it in the back compartment of the caddy,FULL_HIT,0.997919,0.005372,0.002271,0.361987,0.842099,0.008536,0.004521,1.332949,0,0
0,26,3,pick up the book and place it in the back compartment of the caddy,FULL_HIT,0.997850,0.006142,0.002023,0.340112,0.848547,0.009034,0.003658,1.302108,0,0
0,26,4,pick up the book and place it in the back compartment of the caddy,FULL_HIT,0.997919,0.004893,0.002239,0.330772,0.777773,0.009248,0.003818,1.216419,0,0
0,26,5,pick up the book and place it in the back compartment of the caddy,FULL_HIT,0.998023,0.005161,0.002086,0.396325,0.793665,0.008326,0.016242,1.309147,0,0
0,26,6,pick up the book and place it in the back compartment of the caddy,FULL_HIT,0.997800,0.004935,0.002382,0.336400,0.842763,0.008374,0.003827,1.284800,0,0
0,26,7,pick up the book and place it in the back compartment of the caddy,FULL_HIT,0.997340,0.005435,0.002360,0.425782,0.886839,0.010750,0.004369,1.433601,0,0
0,26,8,pick up the book and place it in the back compartment of the caddy,FULL_HIT,0.997183,0.005756,0.002323,0.419721,0.960077,0.010723,0.004076,1.522307,0,0
0,26,9,pick up the book and place it in the back compartment of the caddy,FULL_HIT,0.997156,0.005371,0.002523,0.450083,0.944339,0.009603,0.003656,1.513255,0,0
0,26,10,pick up the book and place it in the back compartment of the caddy,FULL_HIT,0.997233,0.005064,0.002351,0.496599,0.909528,0.008861,0.003970,1.521646,0,0
0,26,11,pick up the book and place it in the back compartment of the caddy,FULL_HIT,0.997046,0.004945,0.002532,0.328019,0.825389,0.008700,0.003688,1.257404,0,0
0,26,12,pick up the book and place it in the back compartment of the caddy,FULL_HIT,0.997086,0.005075,0.002161,0.302291,0.859198,0.008386,0.003634,1.260493,0,0
0,26,13,pick up the book and place it in the back compartment of the caddy,FULL_HIT,0.997043,0.004440,0.002118,0.451585,0.811987,0.008562,0.003372,1.370942,0,0
0,26,14,pick up the book and place it in the back compartment of the caddy,FULL_HIT,0.993377,0.006599,0.002886,0.781592,1.249945,0.012099,0.004335,2.177081,0,0
0,26,15,pick up the book and place it in the back compartment of the caddy,FULL_HIT,0.994376,0.004960,0.002350,0.394553,1.149284,0.010510,0.004011,1.666753,0,0
0,26,16,pick up the book and place it in the back compartment of the caddy,FULL_HIT,0.994054,0.005034,0.002111,0.418348,0.865219,0.009947,0.004588,1.433280,0,0
0,26,17,pick up the book and place it in the back compartment of the caddy,FULL_HIT,0.987024,0.005071,0.002171,0.329810,0.881124,0.009928,0.004140,1.320083,0,0
0,26,18,pick up the book and place it in the back compartment of the caddy,FULL_HIT,0.983764,0.004626,0.002531,0.384051,0.885043,0.010753,0.004016,1.384330,0,0
0,26,19,pick up the book and place it in the back compartment of the caddy,FULL_HIT,0.986884,0.004758,0.002417,0.430392,0.938112,0.011757,0.004505,1.504584,0,0
0,26,20,pick up the book and place it in the back compartment of the caddy,FULL_HIT,0.989529,0.004584,0.002840,0.331567,0.801846,0.009609,0.004213,1.244303,0,0
0,26,21,pick up the book and place it in the back compartment of the caddy,FULL_HIT,0.989902,0.005451,0.002353,0.574797,1.102478,0.011840,0.004835,1.810241,0,0
0,26,22,pick up the book and place it in the back compartment of the caddy,FULL_HIT,0.984985,0.006082,0.002655,1.252220,0.998538,0.010448,0.003594,2.391855,0,0
0,26,23,pick up the book and place it in the back compartment of the caddy,FULL_HIT,0.990813,0.004752,0.002112,0.452524,1.039124,0.009733,0.003850,1.607036,0,0
0,26,24,pick up the book and place it in the back compartment of the caddy,FULL_HIT,0.980066,0.004574,0.002445,0.404967,0.841037,0.008089,0.003437,1.355082,0,0
0,26,25,pick up the book and place it in the back compartment of the caddy,FULL_HIT,0.984295,0.005001,0.002421,0.374505,0.804683,0.008944,0.003211,1.287274,0,0
0,26,26,pick up the book and place it in the back compartment of the caddy,FULL_HIT,0.988949,0.005100,0.002579,0.563911,1.060613,0.009997,0.003927,1.752359,0,0
0,26,27,pick up the book and place it in the back compartment of the caddy,FULL_HIT,0.989443,0.004723,0.002286,0.348123,0.853204,0.010260,0.004259,1.315409,0,0
0,26,28,pick up the book and place it in the back compartment of the caddy,FULL_HIT,0.994845,0.005286,0.002538,0.981423,1.073763,0.011787,0.003770,2.231178,0,0
0,26,29,pick up the book and place it in the back compartment of the caddy,FULL_HIT,0.995584,0.005163,0.002500,0.404417,0.824869,0.009082,0.003688,1.356884,0,0
0,26,30,pick up the book and place it in the back compartment of the caddy,FULL_HIT,0.996173,0.004553,0.002015,0.324367,0.802011,0.008691,0.003561,1.232164,0,0
0,26,31,pick up the book and place it in the back compartment of the caddy,FULL_HIT,0.996485,0.004796,0.002121,0.312090,0.787556,0.008361,0.004319,1.207410,0,0
0,26,32,pick up the book and place it in the back compartment of the caddy,FULL_HIT,0.996513,0.004389,0.002301,0.290101,0.846579,0.008294,0.003732,1.238429,0,0
0,26,33,pick up the book and place it in the back compartment of the caddy,FULL_HIT,0.995791,0.004935,0.002202,0.302424,0.779237,0.007478,0.003895,1.203665,0,0
0,26,34,pick up the book and place it in the back compartment of the caddy,FULL_HIT,0.996397,0.005057,0.002528,0.490428,0.940687,0.009773,0.004037,1.550440,0,0
0,26,35,pick up the book and place it in the back compartment of the caddy,FULL_HIT,0.996426,0.004979,0.002278,0.646034,1.187773,0.012286,0.004680,1.976683,0,0
0,27,0,pick up the book and place it in the back compartment of the caddy,FULL_HIT,0.998238,0.004960,0.002366,0.458887,1.024034,0.010327,0.003655,1.606543,0,0
0,27,1,pick up the book and place it in the back compartment of the caddy,FULL_HIT,0.998218,0.005236,0.002652,0.509088,1.196566,0.009842,0.004468,1.840803,0,0
0,27,2,pick up the book and place it in the back compartment of the caddy,FULL_HIT,0.998255,0.005328,0.002329,0.417220,0.999500,0.009318,0.003867,1.551563,0,0
0,27,3,pick up the book and place it in the back compartment of the caddy,FULL_HIT,0.998329,0.005216,0.002404,0.525066,1.351753,0.014505,0.004746,2.034556,0,0
0,27,4,pick up the book and place it in the back compartment of the caddy,FULL_HIT,0.998370,0.004946,0.002319,0.452706,1.016978,0.010503,0.004066,1.588635,0,0
0,27,5,pick up the book and place it in the back compartment of the caddy,FULL_HIT,0.998179,0.005407,0.002746,0.594004,0.995186,0.010198,0.003633,1.717689,0,0
0,27,6,pick up the book and place it in the back compartment of the caddy,FULL_HIT,0.997798,0.005839,0.336384,0.442513,1.284786,0.009653,0.003311,2.187270,0,0
0,27,7,pick up the book and place it in the back compartment of the caddy,FULL_HIT,0.997542,0.005271,0.002244,0.628776,1.026791,0.009583,0.003156,1.782254,0,0
0,27,8,pick up the book and place it in the back compartment of the caddy,FULL_HIT,0.997429,0.005342,0.002456,0.419537,1.065849,0.009757,0.003215,1.610158,0,0
0,27,9,pick up the book and place it in the back compartment of the caddy,FULL_HIT,0.997490,0.007944,0.002857,0.507720,1.133988,0.010809,0.004332,1.800045,0,0
0,27,10,pick up the book and place it in the back compartment of the caddy,FULL_HIT,0.997441,0.005059,0.002909,0.512882,0.909740,0.011098,0.003699,1.545064,0,0
0,27,11,pick up the book and place it in the back compartment of the caddy,FULL_HIT,0.997426,0.005574,0.002568,0.500463,0.875651,0.009743,0.003938,1.496284,0,0
0,27,12,pick up the book and place it in the back compartment of the caddy,FULL_HIT,0.997188,0.005825,0.002715,0.565254,1.064647,0.011569,0.003944,1.766873,0,0
0,27,13,pick up the book and place it in the back compartment of the caddy,FULL_HIT,0.995532,0.005026,0.002643,0.517311,0.935837,0.011112,0.004311,1.577162,0,0
0,27,14,pick up the book and place it in the back compartment of the caddy,FULL_HIT,0.994859,0.004878,0.002901,0.366929,0.952137,0.009883,0.004087,1.452551,0,0
0,27,15,pick up the book and place it in the back compartment of the caddy,FULL_HIT,0.994304,0.004956,0.002199,0.326274,0.799489,0.008630,0.003652,1.234264,0,0
0,27,16,pick up the book and place it in the back compartment of the caddy,FULL_HIT,0.991174,0.004939,0.002393,0.380318,0.794754,0.009953,0.003617,1.287081,0,0
0,27,17,pick up the book and place it in the back compartment of the caddy,FULL_HIT,0.995245,0.004718,0.002330,0.378062,0.830053,0.009318,0.003825,1.316556,0,0
0,27,18,pick up the book and place it in the back compartment of the caddy,FULL_HIT,0.994549,0.004793,0.002179,0.332437,0.825775,0.009788,0.003819,1.265059,0,0
0,27,19,pick up the book and place it in the back compartment of the caddy,FULL_HIT,0.994213,0.004703,0.002296,0.348226,0.924673,0.009711,0.003775,1.387710,0,0
0,27,20,pick up the book and place it in the back compartment of the caddy,FULL_HIT,0.995234,0.004589,0.002408,0.428613,0.845158,0.010733,0.003485,1.391847,0,0
0,27,21,pick up the book and place it in the back compartment of the caddy,FULL_HIT,0.994166,0.005225,0.002159,0.398474,0.868445,0.010930,0.003780,1.384619,0,0
0,27,22,pick up the book and place it in the back compartment of the caddy,FULL_HIT,0.995103,0.005005,0.002107,0.473178,0.861196,0.009707,0.003703,1.448885,0,0
0,27,23,pick up the book and place it in the back compartment of the caddy,FULL_HIT,0.994991,0.004714,0.002075,0.449321,0.844957,0.009669,0.003808,1.406576,0,0
0,27,24,pick up the book and place it in the back compartment of the caddy,FULL_HIT,0.995913,0.004518,0.002209,0.400260,0.967634,0.008920,0.004379,1.477362,0,0
0,27,25,pick up the book and place it in the back compartment of the caddy,FULL_HIT,0.994257,0.005038,0.002285,0.445991,0.810329,0.009617,0.004128,1.390030,0,0
0,27,26,pick up the book and place it in the back compartment of the caddy,FULL_HIT,0.995372,0.005751,0.002569,0.530458,1.315547,0.013735,0.005259,1.980949,0,0
0,27,27,pick up the book and place it in the back compartment of the caddy,FULL_HIT,0.996613,0.004847,0.002349,0.335367,0.860471,0.008980,0.003313,1.326901,0,0
0,27,28,pick up the book and place it in the back compartment of the caddy,FULL_HIT,0.996061,0.004696,0.002279,0.409165,0.883048,0.010638,0.003312,1.444425,0,0
0,27,29,pick up the book and place it in the back compartment of the caddy,FULL_HIT,0.996750,0.004427,0.002293,0.384413,0.798922,0.009017,0.003625,1.292341,0,0
0,27,30,pick up the book and place it in the back compartment of the caddy,FULL_HIT,0.997028,0.004806,0.002210,0.349289,0.931717,0.011562,0.003976,1.395990,0,0
0,29,0,pick up the book and place it in the back compartment of the caddy,FULL_HIT,0.998311,0.004996,0.002372,0.589037,0.840455,0.009151,0.003773,1.550346,0,0
0,29,1,pick up the book and place it in the back compartment of the caddy,FULL_HIT,0.998278,0.004952,0.002360,0.356633,0.995736,0.010242,0.003717,1.473461,0,0
0,29,2,pick up the book and place it in the back compartment of the caddy,FULL_HIT,0.998427,0.005126,0.002671,0.483044,1.235237,0.021760,0.006691,1.889228,0,0
0,29,3,pick up the book and place it in the back compartment of the caddy,FULL_HIT,0.998350,0.004738,0.002585,0.415860,0.795234,0.009653,0.003897,1.323920,0,0
0,29,4,pick up the book and place it in the back compartment of the caddy,FULL_HIT,0.998322,0.004460,0.002252,0.316315,0.872272,0.009143,0.003400,1.293831,0,0
0,29,5,pick up the book and place it in the back compartment of the caddy,FULL_HIT,0.998272,0.004644,0.002239,0.309477,0.773720,0.007559,0.003698,1.184196,0,0
0,29,6,pick up the book and place it in the back compartment of the caddy,FULL_HIT,0.998228,0.004536,0.002626,0.375369,0.773892,0.008414,0.003451,1.255718,0,0
0,29,7,pick up the book and place it in the back compartment of the caddy,FULL_HIT,0.998095,0.004255,0.002281,0.303911,0.832166,0.009038,0.003626,1.234624,0,0
0,29,8,pick up the book and place it in the back compartment of the caddy,FULL_HIT,0.997777,0.006682,0.002610,0.755447,1.352864,0.010660,0.004354,2.256641,0,0
0,29,9,pick up the book and place it in the back compartment of the caddy,FULL_HIT,0.997063,0.004740,0.002325,0.297935,0.764116,0.007988,0.003449,1.163279,0,0
0,29,10,pick up the book and place it in the back compartment of the caddy,FULL_HIT,0.989624,0.004708,0.002515,0.324200,0.822226,0.007907,0.004124,1.251642,0,0
0,29,11,pick up the book and place it in the back compartment of the caddy,FULL_HIT,0.992277,0.005546,0.003552,0.320477,0.790177,0.008048,0.004170,1.241072,0,0
0,29,12,pick up the book and place it in the back compartment of the caddy,FULL_HIT,0.996378,0.005059,0.002661,0.389756,0.855407,0.009768,0.004865,1.377718,0,0
0,29,13,pick up the book and place it in the back compartment of the caddy,FULL_HIT,0.997104,0.006289,0.003419,0.349004,0.858734,0.009597,0.003530,1.332879,0,0
0,29,14,pick up the book and place it in the back compartment of the caddy,FULL_HIT,0.997420,0.004580,0.002986,0.333338,0.788860,0.007871,0.003471,1.248451,0,0
0,29,15,pick up the book and place it in the back compartment of the caddy,FULL_HIT,0.997615,0.004707,0.002155,0.311329,0.861270,0.009150,0.026664,1.303150,0,0
0,29,16,pick up the book and place it in the back compartment of the caddy,FULL_HIT,0.997713,0.004820,0.002251,0.457322,1.258618,0.012685,0.005234,1.855475,0,0
0,29,17,pick up the book and place it in the back compartment of the caddy,FULL_HIT,0.997935,0.006566,0.003173,0.529866,1.085196,0.009209,0.002943,1.745853,0,0
0,29,18,pick up the book and place it in the back compartment of the caddy,FULL_HIT,0.997770,0.005741,0.002569,0.662618,1.609830,0.010469,0.003526,2.405490,0,0
0,29,19,pick up the book and place it in the back compartment of the caddy,FULL_HIT,0.997234,0.004967,0.002223,0.377027,0.990777,0.010067,0.003720,1.489318,0,0
0,29,20,pick up the book and place it in the back compartment of the caddy,FULL_HIT,0.996895,0.004696,0.002387,0.372853,0.918063,0.010789,0.003845,1.406823,0,0
0,29,21,pick up the book and place it in the back compartment of the caddy,FULL_HIT,0.997473,0.005985,0.002387,0.660106,1.062455,0.011274,0.004407,1.864579,0,0
0,29,22,pick up the book and place it in the back compartment of the caddy,FULL_HIT,0.997727,0.005174,0.002412,0.556959,2.248828,0.016025,0.006361,2.976993,0,0
0,29,23,pick up the book and place it in the back compartment of the caddy,FULL_HIT,0.997959,0.006697,0.002825,0.661980,1.381364,0.014189,0.005253,2.202513,0,0
0,29,24,pick up the book and place it in the back compartment of the caddy,FULL_HIT,0.998043,0.013888,0.007764,0.709465,1.182175,0.012236,0.005091,2.089531,0,0
0,29,25,pick up the book and place it in the back compartment of the caddy,FULL_HIT,0.998022,0.006016,0.002664,0.506932,1.070099,0.010706,0.006336,1.712658,0,0
0,29,26,pick up the book and place it in the back compartment of the caddy,FULL_HIT,0.998131,0.005719,0.002500,0.481434,1.169017,0.011409,0.006790,1.792762,0,0
0,29,27,pick up the book and place it in the back compartment of the caddy,FULL_HIT,0.998208,0.005349,0.002557,0.718413,1.473050,0.038243,0.006833,2.410322,0,0
0,29,28,pick up the book and place it in the back compartment of the caddy,FULL_HIT,0.998056,0.006930,0.002821,0.656369,1.261318,0.012461,0.004702,2.077002,0,0
0,29,29,pick up the book and place it in the back compartment of the caddy,FULL_HIT,0.997854,0.006114,0.002332,0.475189,1.158872,0.011563,0.003900,1.794137,0,0
0,29,30,pick up the book and place it in the back compartment of the caddy,FULL_HIT,0.997522,0.007820,0.003096,0.521819,1.103880,0.012215,0.004081,1.769456,0,0
0,30,0,put the white mug on the plate and put the chocolate pudding to the right of the plate,FULL_HIT,0.995816,0.006041,0.002773,0.442663,1.326405,0.012660,0.003382,1.919051,0,0
0,30,1,put the white mug on the plate and put the chocolate pudding to the right of the plate,FULL_HIT,0.995814,0.005824,0.002542,0.562133,1.235601,0.014059,0.006459,1.956060,0,0
0,30,2,put the white mug on the plate and put the chocolate pudding to the right of the plate,FULL_HIT,0.995962,0.004913,0.002648,0.512297,1.127055,0.014561,0.003858,1.770240,0,0
0,30,3,put the white mug on the plate and put the chocolate pudding to the right of the plate,FULL_HIT,0.996278,0.005238,0.002104,0.490863,2.235711,0.023877,0.013462,2.947452,0,0
0,30,4,put the white mug on the plate and put the chocolate pudding to the right of the plate,FULL_HIT,0.996356,0.005167,0.002448,0.656442,1.126949,0.012217,0.003683,1.921554,0,0
0,30,5,put the white mug on the plate and put the chocolate pudding to the right of the plate,FULL_HIT,0.995497,0.005835,0.004877,0.527615,1.143493,0.010723,0.003666,1.819511,0,0
0,30,6,put the white mug on the plate and put the chocolate pudding to the right of the plate,FULL_HIT,0.995859,0.004724,0.002710,0.531250,1.071915,0.010749,0.004598,1.735253,0,0
0,30,7,put the white mug on the plate and put the chocolate pudding to the right of the plate,FULL_HIT,0.996213,0.005080,0.002416,0.579843,1.036583,0.011456,0.003905,1.738487,0,0
0,30,8,put the white mug on the plate and put the chocolate pudding to the right of the plate,FULL_HIT,0.996722,0.005046,0.002422,0.581811,1.150839,0.012145,0.005170,1.868568,0,0
0,30,9,put the white mug on the plate and put the chocolate pudding to the right of the plate,FULL_HIT,0.996412,0.004757,0.002326,0.379547,0.968139,0.011450,0.004880,1.469235,0,0
0,30,10,put the white mug on the plate and put the chocolate pudding to the right of the plate,FULL_HIT,0.995244,0.005054,0.002313,0.384064,1.080971,0.010685,0.004221,1.585994,0,0
0,30,11,put the white mug on the plate and put the chocolate pudding to the right of the plate,FULL_HIT,0.992120,0.004881,0.002292,0.424706,0.925262,0.009796,0.004575,1.470044,0,0
0,30,12,put the white mug on the plate and put the chocolate pudding to the right of the plate,FULL_HIT,0.991374,0.005357,0.002417,0.564491,0.973787,0.010340,0.003252,1.660339,0,0
0,30,13,put the white mug on the plate and put the chocolate pudding to the right of the plate,FULL_HIT,0.994999,0.005590,0.002547,0.353511,0.909544,0.010005,0.004308,1.378452,0,0
0,30,14,put the white mug on the plate and put the chocolate pudding to the right of the plate,FULL_HIT,0.996448,0.010190,0.005059,0.779385,0.998099,0.010055,0.005138,1.972106,0,0
0,30,15,put the white mug on the plate and put the chocolate pudding to the right of the plate,FULL_HIT,0.997054,0.007880,0.003014,0.542955,1.037032,0.009623,0.003840,1.713620,0,0
0,30,16,put the white mug on the plate and put the chocolate pudding to the right of the plate,FULL_HIT,0.997776,0.005369,0.002778,0.372520,1.241200,0.011966,0.004426,1.736258,0,0
0,30,17,put the white mug on the plate and put the chocolate pudding to the right of the plate,FULL_HIT,0.997952,0.005495,0.002443,0.433592,0.906796,0.009813,0.004739,1.462362,0,0
0,30,18,put the white mug on the plate and put the chocolate pudding to the right of the plate,FULL_HIT,0.997985,0.005240,0.002637,0.478154,1.277949,0.010274,0.004841,1.910497,0,0
0,30,19,put the white mug on the plate and put the chocolate pudding to the right of the plate,FULL_HIT,0.997957,0.005177,0.001926,0.368478,1.127879,0.010039,0.003485,1.605176,0,0
0,30,20,put the white mug on the plate and put the chocolate pudding to the right of the plate,FULL_HIT,0.997977,0.005335,0.002630,0.388487,0.991507,0.009736,0.003705,1.500891,0,0
0,30,21,put the white mug on the plate and put the chocolate pudding to the right of the plate,FULL_HIT,0.997928,0.005650,0.002744,0.511652,1.131669,0.010672,0.003789,1.764490,0,0
0,30,22,put the white mug on the plate and put the chocolate pudding to the right of the plate,FULL_HIT,0.998006,0.004880,0.002248,0.323834,0.887668,0.008331,0.004940,1.318851,0,0
0,30,23,put the white mug on the plate and put the chocolate pudding to the right of the plate,FULL_HIT,0.997738,0.004892,0.002383,0.331574,0.981382,0.009107,0.004681,1.434419,0,0
0,30,24,put the white mug on the plate and put the chocolate pudding to the right of the plate,FULL_HIT,0.997301,0.005030,0.002432,0.380708,0.870004,0.009076,0.003915,1.364488,0,0
0,30,25,put the white mug on the plate and put the chocolate pudding to the right of the plate,FULL_HIT,0.996790,0.004840,0.002483,0.383093,0.927349,0.009792,0.003608,1.424239,0,0
0,30,26,put the white mug on the plate and put the chocolate pudding to the right of the plate,FULL_HIT,0.997040,0.005612,0.002283,0.371108,0.934559,0.009000,0.003948,1.420282,0,0
0,30,27,put the white mug on the plate and put the chocolate pudding to the right of the plate,FULL_HIT,0.996686,0.005387,0.002268,0.336419,0.930643,0.009982,0.004266,1.379761,0,0
0,30,28,put the white mug on the plate and put the chocolate pudding to the right of the plate,FULL_HIT,0.996425,0.005195,0.002325,0.429264,0.912749,0.009685,0.004276,1.458650,0,0
0,30,29,put the white mug on the plate and put the chocolate pudding to the right of the plate,FULL_HIT,0.997570,0.005165,0.002197,0.737786,1.441120,0.013928,0.003727,2.326226,0,0
0,30,30,put the white mug on the plate and put the chocolate pudding to the right of the plate,FULL_HIT,0.997514,0.005030,0.002131,0.409815,0.933272,0.009442,0.004143,1.460358,0,0
0,30,31,put the white mug on the plate and put the chocolate pudding to the right of the plate,FULL_HIT,0.997156,0.005988,0.002691,0.657802,1.096891,0.012065,0.005475,1.893750,0,0
0,30,32,put the white mug on the plate and put the chocolate pudding to the right of the plate,FULL_HIT,0.997014,0.004172,0.002283,0.380508,0.899299,0.010271,0.004032,1.391652,0,0
0,30,33,put the white mug on the plate and put the chocolate pudding to the right of the plate,FULL_HIT,0.997724,0.005346,0.002852,0.494540,0.907111,0.008268,0.004184,1.519730,0,0
0,30,34,put the white mug on the plate and put the chocolate pudding to the right of the plate,FULL_HIT,0.997845,0.005217,0.002433,0.478863,1.012810,0.010509,0.003657,1.611413,0,0
0,30,35,put the white mug on the plate and put the chocolate pudding to the right of the plate,FULL_HIT,0.997846,0.005013,0.002247,0.423829,0.963945,0.009982,0.003035,1.501621,0,0
0,30,36,put the white mug on the plate and put the chocolate pudding to the right of the plate,FULL_HIT,0.997784,0.004989,0.002358,0.531909,0.923013,0.009557,0.004876,1.573650,0,0
0,30,37,put the white mug on the plate and put the chocolate pudding to the right of the plate,FULL_HIT,0.998064,0.004532,0.002116,0.389619,0.947611,0.008618,0.003539,1.447176,0,0
0,30,38,put the white mug on the plate and put the chocolate pudding to the right of the plate,FULL_HIT,0.998080,0.005576,0.002509,0.494235,1.022937,0.009389,0.004391,1.633813,0,0
0,30,39,put the white mug on the plate and put the chocolate pudding to the right of the plate,FULL_HIT,0.995853,0.005177,0.002504,0.439922,0.909962,0.009697,0.003671,1.471230,0,0
0,30,40,put the white mug on the plate and put the chocolate pudding to the right of the plate,FULL_HIT,0.997893,0.004526,0.002221,0.441305,0.928777,0.010558,0.003926,1.488351,0,0
0,30,41,put the white mug on the plate and put the chocolate pudding to the right of the plate,FULL_HIT,0.997865,0.005154,0.002825,0.410770,1.100650,0.011219,0.005636,1.653087,0,0
0,30,42,put the white mug on the plate and put the chocolate pudding to the right of the plate,FULL_HIT,0.997799,0.005620,0.002223,0.535959,1.638616,0.011877,0.005536,2.312638,0,0
0,30,43,put the white mug on the plate and put the chocolate pudding to the right of the plate,FULL_HIT,0.997697,0.004479,0.002445,0.444703,0.947627,0.011527,0.004096,1.513331,0,0
0,30,44,put the white mug on the plate and put the chocolate pudding to the right of the plate,FULL_HIT,0.997442,0.005723,0.002546,0.548963,1.000534,0.010148,0.003311,1.694174,0,0
0,30,45,put the white mug on the plate and put the chocolate pudding to the right of the plate,FULL_HIT,0.997479,0.005347,0.002195,0.514957,0.946785,0.008901,0.003703,1.575814,0,0
0,30,46,put the white mug on the plate and put the chocolate pudding to the right of the plate,FULL_HIT,0.997558,0.005442,0.002621,0.493152,0.975236,0.010549,0.004134,1.593343,0,0
0,31,0,put the white mug on the plate and put the chocolate pudding to the right of the plate,FULL_HIT,0.991467,0.004983,0.002655,0.504829,0.940012,0.010840,0.003722,1.597305,0,0
0,31,1,put the white mug on the plate and put the chocolate pudding to the right of the plate,FULL_HIT,0.990925,0.007615,0.002883,0.465174,1.488366,0.012087,0.005372,2.093811,0,0
0,31,2,put the white mug on the plate and put the chocolate pudding to the right of the plate,FULL_HIT,0.992405,0.005691,0.002267,0.682226,1.125298,0.010502,0.003897,1.932527,0,0
0,31,3,put the white mug on the plate and put the chocolate pudding to the right of the plate,FULL_HIT,0.990854,0.005618,0.003156,0.561613,1.412018,0.012856,0.002911,2.108277,0,0
0,31,4,put the white mug on the plate and put the chocolate pudding to the right of the plate,FULL_HIT,0.989807,0.006157,0.004628,0.649807,1.250782,0.016069,0.004988,2.079596,0,0
0,31,5,put the white mug on the plate and put the chocolate pudding to the right of the plate,FULL_HIT,0.992172,0.006310,0.002536,0.430230,1.093797,0.009758,0.003643,1.643783,0,0
0,31,6,put the white mug on the plate and put the chocolate pudding to the right of the plate,FULL_HIT,0.987805,0.004523,0.002318,0.382427,1.087860,0.009398,0.004384,1.588656,0,0
0,31,7,put the white mug on the plate and put the chocolate pudding to the right of the plate,FULL_HIT,0.986894,0.004804,0.002250,0.462950,1.087510,0.010704,0.004813,1.676093,0,0
0,31,8,put the white mug on the plate and put the chocolate pudding to the right of the plate,FULL_HIT,0.984662,0.004979,0.004698,0.580985,1.491948,0.013207,0.005322,2.228636,0,0
0,31,9,put the white mug on the plate and put the chocolate pudding to the right of the plate,FULL_HIT,0.984852,0.005181,0.002260,0.344388,0.954302,0.009117,0.004038,1.426164,0,0
0,31,10,put the white mug on the plate and put the chocolate pudding to the right of the plate,FULL_HIT,0.981005,0.005376,0.002926,0.436388,0.982056,0.011066,0.003855,1.558884,0,0
0,31,11,put the white mug on the plate and put the chocolate pudding to the right of the plate,FULL_HIT,0.980893,0.004579,0.002048,0.360641,0.901088,0.008886,0.002987,1.370919,0,0
0,31,12,put the white mug on the plate and put the chocolate pudding to the right of the plate,FULL_HIT,0.986899,0.005007,0.002605,0.440556,1.011953,0.009796,0.003505,1.575939,0,0
0,31,13,put the white mug on the plate and put the chocolate pudding to the right of the plate,FULL_HIT,0.984068,0.005991,0.002596,0.639679,0.947004,0.009170,0.003457,1.731100,0,0
0,31,14,put the white mug on the plate and put the chocolate pudding to the right of the plate,FULL_HIT,0.966808,0.005127,0.002681,0.545581,1.021284,0.010102,0.003947,1.690966,0,0
0,31,15,put the white mug on the plate and put the chocolate pudding to the right of the plate,FULL_HIT,0.988659,0.005241,0.002169,0.551585,1.230728,0.092028,0.006214,2.050253,0,0
0,31,16,put the white mug on the plate and put the chocolate pudding to the right of the plate,FULL_HIT,0.991104,0.004774,0.002067,0.621371,0.995641,0.010831,0.003942,1.736288,0,0
0,31,17,put the white mug on the plate and put the chocolate pudding to the right of the plate,FULL_HIT,0.992662,0.004500,0.002073,0.591646,1.175443,0.011195,0.003737,1.902387,0,0
0,31,18,put the white mug on the plate and put the chocolate pudding to the right of the plate,FULL_HIT,0.992684,0.006179,0.002858,0.722094,1.322377,0.017777,0.008254,2.231783,0,0
0,31,19,put the white mug on the plate and put the chocolate pudding to the right of the plate,FULL_HIT,0.993727,0.006334,0.002533,0.689508,1.305969,0.016594,0.005881,2.172283,0,0
0,31,20,put the white mug on the plate and put the chocolate pudding to the right of the plate,FULL_HIT,0.994965,0.005933,0.002453,0.594147,1.002272,0.010150,0.003957,1.740578,0,0
0,31,21,put the white mug on the plate and put the chocolate pudding to the right of the plate,FULL_HIT,0.993202,0.004534,0.002397,0.471617,0.917946,0.010352,0.005400,1.506480,0,0
0,31,22,put the white mug on the plate and put the chocolate pudding to the right of the plate,FULL_HIT,0.982595,0.006083,0.002700,0.694835,1.131038,0.011309,0.003945,1.962784,0,0
0,31,23,put the white mug on the plate and put the chocolate pudding to the right of the plate,FULL_HIT,0.931078,0.004817,0.002352,0.520865,1.327959,0.011917,0.004227,1.977491,0,0
0,31,24,put the white mug on the plate and put the chocolate pudding to the right of the plate,FULL_HIT,0.834604,0.005985,0.002492,0.467671,0.960805,0.009463,0.004341,1.546965,0,0
0,31,25,put the white mug on the plate and put the chocolate pudding to the right of the plate,FULL_HIT,0.863667,0.004840,0.002127,0.485375,0.963391,0.010224,0.003190,1.560489,0,0
0,31,26,put the white mug on the plate and put the chocolate pudding to the right of the plate,FULL_HIT,0.904746,0.004266,0.002149,0.378429,0.826540,0.008373,0.002979,1.307004,0,0
0,31,27,put the white mug on the plate and put the chocolate pudding to the right of the plate,FULL_HIT,0.930333,0.004569,0.002080,0.623442,0.992733,0.009940,0.003737,1.724492,0,0
0,31,28,put the white mug on the plate and put the chocolate pudding to the right of the plate,FULL_HIT,0.941046,0.005617,0.002564,0.562394,1.101404,0.023637,0.010462,1.854545,0,0
0,31,29,put the white mug on the plate and put the chocolate pudding to the right of the plate,FULL_HIT,0.980304,0.005172,0.002116,0.388233,1.019261,0.010109,0.003559,1.515681,0,0
0,31,30,put the white mug on the plate and put the chocolate pudding to the right of the plate,FULL_HIT,0.985250,0.004912,0.002739,0.472100,0.980999,0.009676,0.003735,1.570576,0,0
0,31,31,put the white mug on the plate and put the chocolate pudding to the right of the plate,FULL_HIT,0.993565,0.005463,0.002730,0.469258,0.877921,0.009017,0.004327,1.464388,0,0
0,31,32,put the white mug on the plate and put the chocolate pudding to the right of the plate,FULL_HIT,0.995577,0.004584,0.002541,0.370047,0.876125,0.008678,0.003237,1.352875,0,0
0,31,33,put the white mug on the plate and put the chocolate pudding to the right of the plate,FULL_HIT,0.996973,0.005001,0.002225,0.613976,0.896733,0.009383,0.003839,1.626240,0,0
0,31,34,put the white mug on the plate and put the chocolate pudding to the right of the plate,FULL_HIT,0.997413,0.004526,0.002127,0.382262,0.906363,0.008735,0.002970,1.392802,0,0
0,31,35,put the white mug on the plate and put the chocolate pudding to the right of the plate,FULL_HIT,0.997776,0.004908,0.002421,0.405553,1.076379,0.009899,0.003574,1.599487,0,0
0,31,36,put the white mug on the plate and put the chocolate pudding to the right of the plate,FULL_HIT,0.997526,0.004639,0.002180,0.459665,1.022985,0.009465,0.003841,1.595281,0,0
0,31,37,put the white mug on the plate and put the chocolate pudding to the right of the plate,FULL_HIT,0.997620,0.005963,0.002957,0.620436,1.293853,0.013204,0.005742,2.128022,0,0
0,31,38,put the white mug on the plate and put the chocolate pudding to the right of the plate,FULL_HIT,0.997756,0.005003,0.002314,0.526288,1.138253,0.010320,0.004826,1.786856,0,0
0,31,39,put the white mug on the plate and put the chocolate pudding to the right of the plate,FULL_HIT,0.997418,0.004882,0.002708,0.417758,0.937056,0.009174,0.003995,1.471516,0,0
0,31,40,put the white mug on the plate and put the chocolate pudding to the right of the plate,FULL_HIT,0.997516,0.004435,0.002387,0.467410,0.946150,0.009382,0.003910,1.529587,0,0
0,31,41,put the white mug on the plate and put the chocolate pudding to the right of the plate,FULL_HIT,0.997835,0.004800,0.002203,0.668978,0.928958,0.009510,0.003669,1.718475,0,0
0,31,42,put the white mug on the plate and put the chocolate pudding to the right of the plate,FULL_HIT,0.997993,0.004957,0.002164,0.365500,1.003096,0.010896,0.003350,1.485058,0,0
0,31,43,put the white mug on the plate and put the chocolate pudding to the right of the plate,FULL_HIT,0.997944,0.005253,0.002022,0.518307,0.986227,0.010508,0.003919,1.627380,0,0
0,31,44,put the white mug on the plate and put the chocolate pudding to the right of the plate,FULL_HIT,0.997917,0.004666,0.002065,0.355551,0.844083,0.009598,0.021918,1.329724,0,0
0,31,45,put the white mug on the plate and put the chocolate pudding to the right of the plate,FULL_HIT,0.997717,0.004459,0.002352,0.351586,0.946268,0.010067,0.002988,1.404596,0,0
0,31,46,put the white mug on the plate and put the chocolate pudding to the right of the plate,FULL_HIT,0.994980,0.004246,0.001938,0.401109,0.898657,0.010237,0.003769,1.418945,0,0
0,32,0,put the white mug on the plate and put the chocolate pudding to the right of the plate,FULL_HIT,0.994259,0.004919,0.002327,0.327727,0.896815,0.009206,0.003501,1.333917,0,0
0,32,1,put the white mug on the plate and put the chocolate pudding to the right of the plate,FULL_HIT,0.994888,0.004908,0.002172,0.421714,0.815725,0.008683,0.003610,1.342815,0,0
0,32,2,put the white mug on the plate and put the chocolate pudding to the right of the plate,FULL_HIT,0.996656,0.004739,0.002266,0.393720,0.924474,0.009788,0.004193,1.426472,0,0
0,32,3,put the white mug on the plate and put the chocolate pudding to the right of the plate,FULL_HIT,0.996773,0.004641,0.002053,0.317361,0.911258,0.009469,0.003196,1.333354,0,0
0,32,4,put the white mug on the plate and put the chocolate pudding to the right of the plate,FULL_HIT,0.995842,0.004999,0.002491,0.324004,0.853684,0.009249,0.003893,1.281470,0,0
0,32,5,put the white mug on the plate and put the chocolate pudding to the right of the plate,FULL_HIT,0.996336,0.005705,0.002440,0.489249,1.551888,0.011256,0.004131,2.165334,0,0
0,32,6,put the white mug on the plate and put the chocolate pudding to the right of the plate,FULL_HIT,0.996457,0.006458,0.002730,0.454079,0.884807,0.009014,0.003546,1.490690,0,0
0,32,7,put the white mug on the plate and put the chocolate pudding to the right of the plate,FULL_HIT,0.996615,0.004835,0.002376,0.306198,0.866610,0.008742,0.004809,1.278452,0,0
0,32,8,put the white mug on the plate and put the chocolate pudding to the right of the plate,FULL_HIT,0.995521,0.004311,0.002249,0.335966,0.904634,0.009034,0.004230,1.344801,0,0
0,32,9,put the white mug on the plate and put the chocolate pudding to the right of the plate,FULL_HIT,0.994729,0.004766,0.002452,0.450851,0.934907,0.009644,0.004003,1.497954,0,0
0,32,10,put the white mug on the plate and put the chocolate pudding to the right of the plate,FULL_HIT,0.989744,0.005159,0.002192,0.350018,0.917669,0.009598,0.003766,1.378346,0,0
0,32,11,put the white mug on the plate and put the chocolate pudding to the right of the plate,FULL_HIT,0.990531,0.004742,0.002733,0.438511,0.941903,0.010294,0.003346,1.495598,0,0
0,32,12,put the white mug on the plate and put the chocolate pudding to the right of the plate,FULL_HIT,0.988610,0.006152,0.002548,0.656804,1.298943,0.012619,0.004203,2.096419,0,0
0,32,13,put the white mug on the plate and put the chocolate pudding to the right of the plate,FULL_HIT,0.981386,0.004895,0.002272,0.328006,0.908116,0.009597,0.003303,1.345234,0,0
0,32,14,put the white mug on the plate and put the chocolate pudding to the right of the plate,FULL_HIT,0.982239,0.005759,0.003028,0.413306,1.677771,0.020239,0.007658,2.273009,0,0
0,32,15,put the white mug on the plate and put the chocolate pudding to the right of the plate,FULL_HIT,0.984976,0.004919,0.002190,0.316853,0.924118,0.010798,0.004643,1.350636,0,0
0,32,16,put the white mug on the plate and put the chocolate pudding to the right of the plate,FULL_HIT,0.985790,0.005713,0.002433,0.567185,1.066989,0.010725,0.004342,1.759920,0,0
0,32,17,put the white mug on the plate and put the chocolate pudding to the right of the plate,FULL_HIT,0.986293,0.004423,0.002231,0.474496,0.923387,0.009323,0.003326,1.510490,0,0
0,32,18,put the white mug on the plate and put the chocolate pudding to the right of the plate,FULL_HIT,0.986866,0.004960,0.002427,0.417865,1.011112,0.010910,0.004251,1.547046,0,0
0,32,19,put the white mug on the plate and put the chocolate pudding to the right of the plate,FULL_HIT,0.986991,0.004740,0.002349,0.504040,0.975993,0.010657,0.003958,1.602361,0,0
0,32,20,put the white mug on the plate and put the chocolate pudding to the right of the plate,FULL_HIT,0.987835,0.004909,0.002399,0.353778,0.983283,0.009604,0.004054,1.450513,0,0
0,32,21,put the white mug on the plate and put the chocolate pudding to the right of the plate,FULL_HIT,0.988534,0.004823,0.001933,0.367828,0.933633,0.009481,0.004268,1.409928,0,0
0,32,22,put the white mug on the plate and put the chocolate pudding to the right of the plate,FULL_HIT,0.989312,0.005518,0.002346,0.627954,1.417336,0.010418,0.003916,2.199392,0,0
0,32,23,put the white mug on the plate and put the chocolate pudding to the right of the plate,FULL_HIT,0.986723,0.005203,0.002276,0.469354,1.042929,0.009694,0.003492,1.628689,0,0
0,32,24,put the white mug on the plate and put the chocolate pudding to the right of the plate,FULL_HIT,0.980836,0.004694,0.002222,0.642186,1.117348,0.011015,0.003827,1.885305,0,0
0,32,25,put the white mug on the plate and put the chocolate pudding to the right of the plate,FULL_HIT,0.980555,0.004831,0.002544,0.407329,1.210244,0.011159,0.003252,1.736021,0,0
0,32,26,put the white mug on the plate and put the chocolate pudding to the right of the plate,FULL_HIT,0.993153,0.005326,0.002395,0.413632,1.270978,0.015067,0.004411,1.821435,0,0
0,32,27,put the white mug on the plate and put the chocolate pudding to the right of the plate,FULL_HIT,0.975858,0.005043,0.002353,0.380000,1.100109,0.010683,0.003681,1.604677,0,0
0,32,28,put the white mug on the plate and put the chocolate pudding to the right of the plate,FULL_HIT,0.986078,0.004890,0.002428,0.459429,1.042017,0.009351,0.003257,1.616050,0,0
0,32,29,put the white mug on the plate and put the chocolate pudding to the right of the plate,FULL_HIT,0.991146,0.005641,0.002263,0.358495,1.546538,0.028904,0.010634,2.120989,0,0
0,32,30,put the white mug on the plate and put the chocolate pudding to the right of the plate,FULL_HIT,0.995601,0.005299,0.002552,0.474751,0.963317,0.010954,0.007096,1.574927,0,0
0,32,31,put the white mug on the plate and put the chocolate pudding to the right of the plate,FULL_HIT,0.995513,0.004895,0.002473,0.370538,1.292113,0.014576,0.004906,1.792093,0,0
0,32,32,put the white mug on the plate and put the chocolate pudding to the right of the plate,FULL_HIT,0.996489,0.005194,0.002179,0.362271,0.921271,0.009865,0.003484,1.417702,0,0
0,32,33,put the white mug on the plate and put the chocolate pudding to the right of the plate,FULL_HIT,0.996403,0.005247,0.002352,0.441852,1.034246,0.011433,0.004296,1.602643,0,0
0,32,34,put the white mug on the plate and put the chocolate pudding to the right of the plate,FULL_HIT,0.996604,0.005794,0.002486,0.583546,1.454583,0.014300,0.005116,2.187150,0,0
0,32,35,put the white mug on the plate and put the chocolate pudding to the right of the plate,FULL_HIT,0.997297,0.026151,0.002272,0.438372,1.080842,0.011747,0.004665,1.668542,0,0
0,32,36,put the white mug on the plate and put the chocolate pudding to the right of the plate,FULL_HIT,0.997942,0.005569,0.002264,0.750531,1.412190,0.084755,0.009380,2.436285,0,0
0,32,37,put the white mug on the plate and put the chocolate pudding to the right of the plate,FULL_HIT,0.997779,0.004719,0.002604,0.639787,1.337285,0.012192,0.005108,2.123970,0,0
0,32,38,put the white mug on the plate and put the chocolate pudding to the right of the plate,FULL_HIT,0.996596,0.005014,0.002662,0.442344,0.965881,0.011030,0.004867,1.532321,0,0
0,32,39,put the white mug on the plate and put the chocolate pudding to the right of the plate,FULL_HIT,0.997954,0.007442,0.002958,0.775660,1.563723,0.016333,0.005334,2.568313,0,0
0,32,40,put the white mug on the plate and put the chocolate pudding to the right of the plate,FULL_HIT,0.997840,0.005875,0.002628,0.542194,1.298639,0.014590,0.005380,1.986719,0,0
0,32,41,put the white mug on the plate and put the chocolate pudding to the right of the plate,FULL_HIT,0.997658,0.006041,0.002583,0.595049,1.314849,0.012444,0.004202,2.056137,0,0
0,32,42,put the white mug on the plate and put the chocolate pudding to the right of the plate,FULL_HIT,0.997497,0.004530,0.002409,0.444053,0.855269,0.009095,0.003094,1.413242,0,0
0,32,43,put the white mug on the plate and put the chocolate pudding to the right of the plate,FULL_HIT,0.997516,0.004792,0.002505,0.316575,0.956820,0.009800,0.003516,1.383894,0,0
0,34,0,put the white mug on the plate and put the chocolate pudding to the right of the plate,FULL_HIT,0.998565,0.004421,0.002231,0.358293,0.903645,0.008664,0.003357,1.366150,0,0
0,34,1,put the white mug on the plate and put the chocolate pudding to the right of the plate,FULL_HIT,0.998477,0.004882,0.002012,0.316766,1.172215,0.009790,0.004668,1.603277,0,0
0,34,2,put the white mug on the plate and put the chocolate pudding to the right of the plate,FULL_HIT,0.998532,0.005181,0.002280,0.472408,1.055377,0.010295,0.003686,1.649391,0,0
0,34,3,put the white mug on the plate and put the chocolate pudding to the right of the plate,FULL_HIT,0.998529,0.005541,0.002485,0.543575,0.966698,0.009750,0.003668,1.628364,0,0
0,34,4,put the white mug on the plate and put the chocolate pudding to the right of the plate,FULL_HIT,0.998474,0.005729,0.002763,0.549018,1.089317,0.013327,0.005171,1.779104,0,0
0,34,5,put the white mug on the plate and put the chocolate pudding to the right of the plate,FULL_HIT,0.998422,0.006540,0.003119,0.465248,0.981872,0.010683,0.003530,1.587522,0,0
0,34,6,put the white mug on the plate and put the chocolate pudding to the right of the plate,FULL_HIT,0.998353,0.004862,0.002086,0.536614,1.193313,0.011933,0.005790,1.860786,0,0
0,34,7,put the white mug on the plate and put the chocolate pudding to the right of the plate,FULL_HIT,0.998269,0.005136,0.002271,0.421680,0.972018,0.010082,0.003988,1.505809,0,0
0,34,8,put the white mug on the plate and put the chocolate pudding to the right of the plate,FULL_HIT,0.998008,0.004712,0.002332,0.394563,1.101073,0.013218,0.004663,1.622172,0,0
0,34,9,put the white mug on the plate and put the chocolate pudding to the right of the plate,FULL_HIT,0.997732,0.004469,0.002326,0.344511,0.903044,0.009680,0.003412,1.358818,0,0
0,34,10,put the white mug on the plate and put the chocolate pudding to the right of the plate,FULL_HIT,0.995129,0.008226,0.003358,0.859633,2.513587,0.016411,0.006069,3.586372,0,0
0,34,11,put the white mug on the plate and put the chocolate pudding to the right of the plate,FULL_HIT,0.997902,0.004363,0.002345,0.396981,0.900031,0.023951,0.003861,1.421299,0,0
0,34,12,put the white mug on the plate and put the chocolate pudding to the right of the plate,FULL_HIT,0.997121,0.004362,0.002332,0.358878,0.931420,0.010654,0.004471,1.407968,0,0
0,34,13,put the white mug on the plate and put the chocolate pudding to the right of the plate,FULL_HIT,0.996712,0.005507,0.002344,0.375549,0.956283,0.009513,0.003802,1.445728,0,0
0,34,14,put the white mug on the plate and put the chocolate pudding to the right of the plate,FULL_HIT,0.996043,0.004974,0.002295,0.345780,1.266121,0.009985,0.004303,1.730297,0,0
0,34,15,put the white mug on the plate and put the chocolate pudding to the right of the plate,FULL_HIT,0.996280,0.005160,0.002632,0.677500,0.947191,0.010127,0.003406,1.751248,0,0
0,34,16,put the white mug on the plate and put the chocolate pudding to the right of the plate,FULL_HIT,0.995437,0.005457,0.002247,0.480870,0.966289,0.010269,0.003651,1.564093,0,0
0,34,17,put the white mug on the plate and put the chocolate pudding to the right of the plate,FULL_HIT,0.994689,0.004860,0.002730,0.763845,1.292275,0.012499,0.005232,2.226282,0,0
0,34,18,put the white mug on the plate and put the chocolate pudding to the right of the plate,FULL_HIT,0.991773,0.004702,0.002737,0.530306,1.512646,0.011568,0.005155,2.180635,0,0
0,34,19,put the white mug on the plate and put the chocolate pudding to the right of the plate,FULL_HIT,0.989422,0.004873,0.002322,0.338591,0.997723,0.010468,0.004141,1.455436,0,0
0,34,20,put the white mug on the plate and put the chocolate pudding to the right of the plate,FULL_HIT,0.981574,0.004720,0.002356,0.393889,0.893717,0.008686,0.003878,1.389779,0,0
0,34,21,put the white mug on the plate and put the chocolate pudding to the right of the plate,FULL_HIT,0.980358,0.005008,0.002241,0.461786,0.942299,0.010169,0.004028,1.517921,0,0
0,34,22,put the white mug on the plate and put the chocolate pudding to the right of the plate,FULL_HIT,0.988517,0.005173,0.002141,0.311793,0.902401,0.008300,0.003902,1.317562,0,0
0,34,23,put the white mug on the plate and put the chocolate pudding to the right of the plate,FULL_HIT,0.993241,0.004581,0.002490,0.329563,0.933606,0.008557,0.004151,1.368362,0,0
0,34,24,put the white mug on the plate and put the chocolate pudding to the right of the plate,FULL_HIT,0.996803,0.004836,0.002253,0.381534,0.891933,0.009096,0.003531,1.401355,0,0
0,34,25,put the white mug on the plate and put the chocolate pudding to the right of the plate,FULL_HIT,0.997554,0.006029,0.002747,0.403112,1.010364,0.009972,0.003877,1.538741,0,0
0,34,26,put the white mug on the plate and put the chocolate pudding to the right of the plate,FULL_HIT,0.997732,0.004829,0.002265,0.364508,0.948267,0.008579,0.003596,1.419082,0,0
0,34,27,put the white mug on the plate and put the chocolate pudding to the right of the plate,FULL_HIT,0.997933,0.005406,0.002261,0.431569,0.932844,0.009819,0.004203,1.480677,0,0
0,34,28,put the white mug on the plate and put the chocolate pudding to the right of the plate,FULL_HIT,0.997954,0.006111,0.002388,0.364451,0.874464,0.008861,0.003966,1.367351,0,0
0,34,29,put the white mug on the plate and put the chocolate pudding to the right of the plate,FULL_HIT,0.997974,0.005233,0.001969,0.352428,0.890254,0.008979,0.003937,1.351576,0,0
0,34,30,put the white mug on the plate and put the chocolate pudding to the right of the plate,FULL_HIT,0.997897,0.005046,0.002396,0.332979,1.014235,0.008728,0.004114,1.457749,0,0
0,34,31,put the white mug on the plate and put the chocolate pudding to the right of the plate,FULL_HIT,0.997986,0.004697,0.002562,0.342981,1.143998,0.009982,0.004056,1.598270,0,0
0,34,32,put the white mug on the plate and put the chocolate pudding to the right of the plate,FULL_HIT,0.998057,0.004572,0.002331,0.333882,1.170974,0.010444,0.004757,1.619159,0,0
0,34,33,put the white mug on the plate and put the chocolate pudding to the right of the plate,FULL_HIT,0.998037,0.006312,0.002627,1.033457,1.503394,0.010650,0.004313,2.714810,0,0
0,34,34,put the white mug on the plate and put the chocolate pudding to the right of the plate,FULL_HIT,0.997544,0.004477,0.002661,0.409482,0.950518,0.009943,0.022967,1.499328,0,0
0,34,35,put the white mug on the plate and put the chocolate pudding to the right of the plate,FULL_HIT,0.997743,0.010679,0.005142,0.640724,1.019894,0.010295,0.003431,1.847004,0,0
0,34,36,put the white mug on the plate and put the chocolate pudding to the right of the plate,FULL_HIT,0.997707,0.004538,0.002361,0.385988,0.985099,0.009610,0.004195,1.484482,0,0
0,34,37,put the white mug on the plate and put the chocolate pudding to the right of the plate,FULL_HIT,0.997776,0.005002,0.002306,0.351870,0.909621,0.009344,0.004013,1.375811,0,0
0,34,38,put the white mug on the plate and put the chocolate pudding to the right of the plate,FULL_HIT,0.997796,0.005219,0.002646,0.347366,0.848715,0.008991,0.003756,1.309305,0,0
0,34,39,put the white mug on the plate and put the chocolate pudding to the right of the plate,FULL_HIT,0.997849,0.004501,0.002608,0.416291,0.898292,0.009275,0.003242,1.432365,0,0
0,35,0,put both the alphabet soup and the cream cheese box in the basket,FULL_HIT,0.998871,0.004657,0.002170,0.400368,1.142155,0.009196,0.004277,1.664000,0,0
0,35,1,put both the alphabet soup and the cream cheese box in the basket,FULL_HIT,0.998850,0.004350,0.002747,0.382170,1.030472,0.008770,0.004537,1.533238,0,0
0,35,2,put both the alphabet soup and the cream cheese box in the basket,FULL_HIT,0.998821,0.005566,0.002090,0.374639,0.910110,0.010392,0.004052,1.410381,0,0
0,35,3,put both the alphabet soup and the cream cheese box in the basket,FULL_HIT,0.998811,0.004921,0.002366,0.402663,0.959797,0.009407,0.003051,1.480502,0,0
0,35,4,put both the alphabet soup and the cream cheese box in the basket,FULL_HIT,0.998817,0.008513,0.002354,0.365854,1.093254,0.009561,0.003503,1.579034,0,0
0,35,5,put both the alphabet soup and the cream cheese box in the basket,FULL_HIT,0.998747,0.005852,0.002656,0.595032,1.055762,0.010509,0.003400,1.785736,0,0
0,35,6,put both the alphabet soup and the cream cheese box in the basket,FULL_HIT,0.998742,0.005750,0.001794,0.557454,1.673773,0.012567,0.004536,2.373845,0,0
0,35,7,put both the alphabet soup and the cream cheese box in the basket,FULL_HIT,0.998702,0.004862,0.002332,0.334138,1.336041,0.009822,0.005120,1.787367,0,0
0,35,8,put both the alphabet soup and the cream cheese box in the basket,FULL_HIT,0.998698,0.005357,0.002304,0.342541,1.297840,0.012167,0.004580,1.789941,0,0
0,35,9,put both the alphabet soup and the cream cheese box in the basket,FULL_HIT,0.998727,0.004971,0.002195,0.713795,1.115339,0.010199,0.003894,1.955606,0,0
0,35,10,put both the alphabet soup and the cream cheese box in the basket,FULL_HIT,0.998769,0.004817,0.002349,0.395966,1.181858,0.010389,0.004139,1.702242,0,0
0,35,11,put both the alphabet soup and the cream cheese box in the basket,FULL_HIT,0.998759,0.004798,0.002276,0.339283,0.947367,0.008884,0.003937,1.398628,0,0
0,35,12,put both the alphabet soup and the cream cheese box in the basket,FULL_HIT,0.998189,0.005580,0.002575,0.800975,1.523938,0.011170,0.003933,2.474909,0,0
0,35,13,put both the alphabet soup and the cream cheese box in the basket,FULL_HIT,0.998362,0.004679,0.002332,0.321671,1.109247,0.011413,0.004264,1.565781,0,0
0,35,14,put both the alphabet soup and the cream cheese box in the basket,FULL_HIT,0.998301,0.005968,0.003180,0.733225,2.449090,0.012580,0.004601,3.339362,0,0
0,35,15,put both the alphabet soup and the cream cheese box in the basket,FULL_HIT,0.998269,0.005325,0.002453,0.458334,1.156464,0.011977,0.003864,1.745674,0,0
0,35,16,put both the alphabet soup and the cream cheese box in the basket,FULL_HIT,0.998337,0.006669,0.002686,0.572851,1.119912,0.011978,0.005203,1.835028,0,0
0,35,17,put both the alphabet soup and the cream cheese box in the basket,FULL_HIT,0.998332,0.004966,0.002342,0.391986,1.015384,0.009573,0.004050,1.528046,0,0
0,35,18,put both the alphabet soup and the cream cheese box in the basket,FULL_HIT,0.998328,0.007241,0.003250,0.958006,1.225229,0.012610,0.005437,2.344157,0,0
0,35,19,put both the alphabet soup and the cream cheese box in the basket,FULL_HIT,0.998303,0.004709,0.002445,0.361308,1.316781,0.013928,0.004769,1.807560,0,0
0,35,20,put both the alphabet soup and the cream cheese box in the basket,FULL_HIT,0.998295,0.004935,0.002301,0.359345,1.016793,0.009971,0.003716,1.491647,0,0
0,35,21,put both the alphabet soup and the cream cheese box in the basket,FULL_HIT,0.998257,0.004718,0.002353,0.707074,1.058754,0.011048,0.004523,1.898157,0,0
0,35,22,put both the alphabet soup and the cream cheese box in the basket,FULL_HIT,0.998217,0.005553,0.002344,0.576815,1.052781,0.011183,0.004738,1.780918,0,0
0,35,23,put both the alphabet soup and the cream cheese box in the basket,FULL_HIT,0.998237,0.004950,0.002381,0.418158,1.007042,0.009746,0.004368,1.542298,0,0
0,35,24,put both the alphabet soup and the cream cheese box in the basket,FULL_HIT,0.998455,0.005111,0.002298,0.486437,1.141825,0.010171,0.004733,1.756391,0,0
0,35,25,put both the alphabet soup and the cream cheese box in the basket,FULL_HIT,0.998336,0.005340,0.002268,0.371339,0.996921,0.009129,0.004239,1.482662,0,0
0,35,26,put both the alphabet soup and the cream cheese box in the basket,FULL_HIT,0.998624,0.005870,0.002650,0.463387,2.645676,0.015735,0.006079,3.279585,0,0
0,35,27,put both the alphabet soup and the cream cheese box in the basket,FULL_HIT,0.998602,0.004558,0.002029,0.418504,0.956983,0.008834,0.003933,1.484813,0,0
0,35,28,put both the alphabet soup and the cream cheese box in the basket,FULL_HIT,0.998557,0.004702,0.002237,0.437828,0.970786,0.009561,0.003738,1.519426,0,0
0,35,29,put both the alphabet soup and the cream cheese box in the basket,FULL_HIT,0.998549,0.004571,0.002170,0.338446,0.958563,0.009925,0.005487,1.409979,0,0
0,35,30,put both the alphabet soup and the cream cheese box in the basket,FULL_HIT,0.998555,0.007143,0.003109,0.525596,1.647049,0.014872,0.004909,2.335131,0,0
0,35,31,put both the alphabet soup and the cream cheese box in the basket,FULL_HIT,0.998624,0.005726,0.002253,0.409836,0.896563,0.009479,0.004055,1.418638,0,0
0,35,32,put both the alphabet soup and the cream cheese box in the basket,FULL_HIT,0.998633,0.004751,0.002312,0.383958,0.969053,0.009762,0.004492,1.473981,0,0
0,35,33,put both the alphabet soup and the cream cheese box in the basket,FULL_HIT,0.998644,0.004620,0.002255,0.398816,1.014221,0.010460,0.003932,1.534212,0,0
0,35,34,put both the alphabet soup and the cream cheese box in the basket,FULL_HIT,0.998716,0.012614,0.006545,0.533868,0.981581,0.009781,0.003852,1.696388,0,0
0,35,35,put both the alphabet soup and the cream cheese box in the basket,FULL_HIT,0.998460,0.005479,0.002553,0.321250,0.952188,0.009746,0.004555,1.384180,0,0
0,35,36,put both the alphabet soup and the cream cheese box in the basket,FULL_HIT,0.998193,0.004968,0.002094,0.393800,0.974892,0.010427,0.004642,1.488358,0,0
0,35,37,put both the alphabet soup and the cream cheese box in the basket,FULL_HIT,0.997049,0.004863,0.002653,0.319143,0.982559,0.012168,0.004967,1.433265,0,0
0,35,38,put both the alphabet soup and the cream cheese box in the basket,FULL_HIT,0.991429,0.005958,0.002935,0.586185,1.173805,0.009492,0.003403,1.994660,0,0
0,35,39,put both the alphabet soup and the cream cheese box in the basket,FULL_HIT,0.990255,0.004908,0.002146,0.605615,1.086525,0.011218,0.003962,1.813446,0,0
0,35,40,put both the alphabet soup and the cream cheese box in the basket,FULL_HIT,0.988838,0.012254,0.007038,0.752043,1.207800,0.010846,0.004552,2.173538,0,0
0,35,41,put both the alphabet soup and the cream cheese box in the basket,FULL_HIT,0.993425,0.005430,0.002855,0.544504,1.605245,0.011047,0.004069,2.279268,0,0
0,35,42,put both the alphabet soup and the cream cheese box in the basket,FULL_HIT,0.993070,0.004742,0.002576,0.416056,1.498758,0.010203,0.004739,2.062086,0,0
0,35,43,put both the alphabet soup and the cream cheese box in the basket,FULL_HIT,0.992316,0.004552,0.002446,0.411846,0.905832,0.009443,0.004259,1.429802,0,0
0,35,44,put both the alphabet soup and the cream cheese box in the basket,FULL_HIT,0.994281,0.004738,0.002134,0.353331,0.882064,0.007908,0.003857,1.341256,0,0
0,35,45,put both the alphabet soup and the cream cheese box in the basket,FULL_HIT,0.994867,0.005812,0.002353,0.682024,1.679229,0.016975,0.006390,2.521736,0,0
0,35,46,put both the alphabet soup and the cream cheese box in the basket,FULL_HIT,0.996641,0.004632,0.002443,0.322908,1.196977,0.010740,0.003533,1.656708,0,0
0,35,47,put both the alphabet soup and the cream cheese box in the basket,FULL_HIT,0.994776,0.006120,0.004951,0.850519,1.982711,0.011439,0.005729,3.038271,0,0
0,35,48,put both the alphabet soup and the cream cheese box in the basket,FULL_HIT,0.996919,0.004940,0.002123,0.345022,0.887430,0.009791,0.004141,1.345786,0,0
0,38,0,put both the alphabet soup and the cream cheese box in the basket,FULL_HIT,0.998186,0.005070,0.002249,0.477801,0.894303,0.009573,0.003788,1.484626,0,0
0,38,1,put both the alphabet soup and the cream cheese box in the basket,FULL_HIT,0.998029,0.004813,0.002313,0.368673,0.962559,0.009868,0.004384,1.442879,0,0
0,38,2,put both the alphabet soup and the cream cheese box in the basket,FULL_HIT,0.998019,0.004490,0.002106,0.347232,0.886870,0.008673,0.003689,1.335592,0,0
0,38,3,put both the alphabet soup and the cream cheese box in the basket,FULL_HIT,0.998533,0.004397,0.002044,0.320153,0.958395,0.010115,0.003642,1.381419,0,0
0,38,4,put both the alphabet soup and the cream cheese box in the basket,FULL_HIT,0.998569,0.004954,0.002360,0.392168,1.203552,0.012894,0.004785,1.754547,0,0
0,38,5,put both the alphabet soup and the cream cheese box in the basket,FULL_HIT,0.998467,0.004656,0.002111,0.438754,1.006820,0.009248,0.004241,1.559536,0,0
0,38,6,put both the alphabet soup and the cream cheese box in the basket,FULL_HIT,0.997827,0.011029,0.003746,0.469251,1.021577,0.009587,0.003730,1.642939,0,0
0,38,7,put both the alphabet soup and the cream cheese box in the basket,FULL_HIT,0.994991,0.004749,0.002375,0.419497,1.071984,0.011212,0.003868,1.608183,0,0
0,38,8,put both the alphabet soup and the cream cheese box in the basket,FULL_HIT,0.991136,0.005224,0.002593,0.352166,1.115939,0.011296,0.003998,1.588921,0,0
0,38,9,put both the alphabet soup and the cream cheese box in the basket,FULL_HIT,0.993261,0.004548,0.002290,0.338209,0.882048,0.008549,0.003642,1.323479,0,0
0,38,10,put both the alphabet soup and the cream cheese box in the basket,FULL_HIT,0.993127,0.005460,0.002299,0.477507,1.009104,0.010299,0.004065,1.605205,0,0
0,38,11,put both the alphabet soup and the cream cheese box in the basket,FULL_HIT,0.990611,0.004962,0.002225,0.372022,1.003073,0.009617,0.004280,1.490418,0,0
0,38,12,put both the alphabet soup and the cream cheese box in the basket,FULL_HIT,0.992833,0.006371,0.002833,0.776171,1.776682,0.010718,0.004636,2.704262,0,0
0,38,13,put both the alphabet soup and the cream cheese box in the basket,FULL_HIT,0.990586,0.005255,0.002293,0.337344,0.996419,0.009938,0.004156,1.445056,0,0
0,38,14,put both the alphabet soup and the cream cheese box in the basket,FULL_HIT,0.991857,0.004919,0.002435,0.394916,1.061920,0.010513,0.003927,1.593924,0,0
0,38,15,put both the alphabet soup and the cream cheese box in the basket,FULL_HIT,0.992835,0.006639,0.002932,0.431083,1.198810,0.010898,0.005562,1.804010,0,0
0,38,16,put both the alphabet soup and the cream cheese box in the basket,FULL_HIT,0.992888,0.008724,0.002744,0.586783,1.341769,0.013272,0.006401,2.074033,0,0
0,38,17,put both the alphabet soup and the cream cheese box in the basket,FULL_HIT,0.993958,0.007386,0.002611,0.506075,1.653115,0.016836,0.005600,2.326999,0,0
0,38,18,put both the alphabet soup and the cream cheese box in the basket,FULL_HIT,0.989574,0.005510,0.002202,0.417035,1.339614,0.010735,0.003433,1.887869,0,0
0,38,19,put both the alphabet soup and the cream cheese box in the basket,FULL_HIT,0.985644,0.005088,0.002551,0.392534,1.183672,0.013008,0.004715,1.705370,0,0
0,38,20,put both the alphabet soup and the cream cheese box in the basket,FULL_HIT,0.980944,0.005211,0.002535,0.457498,1.159711,0.010618,0.005923,1.917634,0,0
0,38,21,put both the alphabet soup and the cream cheese box in the basket,FULL_HIT,0.969605,0.004455,0.002778,0.349811,0.916968,0.009202,0.003588,1.369628,0,0
0,38,22,put both the alphabet soup and the cream cheese box in the basket,FULL_HIT,0.964167,0.004598,0.002512,0.318035,0.912302,0.008608,0.004407,1.352670,0,0
0,38,23,put both the alphabet soup and the cream cheese box in the basket,FULL_HIT,0.967127,0.004937,0.002313,0.311975,0.939012,0.009237,0.003901,1.356231,0,0
0,38,24,put both the alphabet soup and the cream cheese box in the basket,FULL_HIT,0.983838,0.004846,0.002277,0.301838,0.925875,0.009188,0.003893,1.331051,0,0
0,38,25,put both the alphabet soup and the cream cheese box in the basket,FULL_HIT,0.992016,0.004516,0.002125,0.304706,0.928615,0.008787,0.003610,1.337832,0,0
0,38,26,put both the alphabet soup and the cream cheese box in the basket,FULL_HIT,0.995468,0.004689,0.002098,0.352250,0.999808,0.009483,0.003879,1.462552,0,0
0,38,27,put both the alphabet soup and the cream cheese box in the basket,FULL_HIT,0.995819,0.006676,0.002273,0.335764,0.911266,0.009113,0.003784,1.376700,0,0
0,38,28,put both the alphabet soup and the cream cheese box in the basket,FULL_HIT,0.996064,0.004854,0.002108,0.371806,0.970797,0.010064,0.004287,1.461765,0,0
0,38,29,put both the alphabet soup and the cream cheese box in the basket,FULL_HIT,0.996857,0.004595,0.002281,0.358207,1.612583,0.011090,0.004450,2.094201,0,0
0,38,30,put both the alphabet soup and the cream cheese box in the basket,FULL_HIT,0.997623,0.004952,0.002561,0.414691,1.072810,0.012121,0.005091,1.618471,0,0
0,38,31,put both the alphabet soup and the cream cheese box in the basket,FULL_HIT,0.997772,0.005515,0.002852,0.508585,0.995114,0.011401,0.004118,1.628287,0,0
0,38,32,put both the alphabet soup and the cream cheese box in the basket,FULL_HIT,0.997580,0.005281,0.002299,0.437035,1.007407,0.009965,0.004234,1.558926,0,0
0,38,33,put both the alphabet soup and the cream cheese box in the basket,FULL_HIT,0.997766,0.005685,0.002682,0.546621,1.321957,0.011085,0.004038,2.008328,0,0
0,38,34,put both the alphabet soup and the cream cheese box in the basket,FULL_HIT,0.997977,0.004820,0.002386,0.357164,0.979402,0.011436,0.005470,1.457391,0,0
0,38,35,put both the alphabet soup and the cream cheese box in the basket,FULL_HIT,0.998089,0.005477,0.002727,0.381764,1.012755,0.009987,0.004372,1.514505,0,0
0,38,36,put both the alphabet soup and the cream cheese box in the basket,FULL_HIT,0.998132,0.004722,0.002236,0.429764,1.219736,0.011943,0.005236,1.778025,0,0
0,38,37,put both the alphabet soup and the cream cheese box in the basket,FULL_HIT,0.998082,0.004955,0.002732,0.778083,2.097486,0.014015,0.007136,3.040424,0,0
0,38,38,put both the alphabet soup and the cream cheese box in the basket,FULL_HIT,0.998258,0.004758,0.002331,0.347516,1.267332,0.015756,0.005683,1.756027,0,0
0,38,39,put both the alphabet soup and the cream cheese box in the basket,FULL_HIT,0.998149,0.005268,0.002553,0.453665,0.977847,0.009481,0.003562,1.547856,0,0
0,38,40,put both the alphabet soup and the cream cheese box in the basket,FULL_HIT,0.998160,0.004962,0.002501,0.438902,0.937064,0.010889,0.004147,1.500195,0,0
0,38,41,put both the alphabet soup and the cream cheese box in the basket,FULL_HIT,0.997020,0.006614,0.002814,0.622738,4.039193,0.015035,0.005549,4.833425,0,0
0,38,42,put both the alphabet soup and the cream cheese box in the basket,FULL_HIT,0.996496,0.007002,0.002850,2.220312,2.046682,0.018993,0.008237,4.477490,0,0
0,38,43,put both the alphabet soup and the cream cheese box in the basket,FULL_HIT,0.983958,0.007799,0.002299,0.531047,1.294334,0.011548,0.004146,2.013351,0,0
0,38,44,put both the alphabet soup and the cream cheese box in the basket,FULL_HIT,0.990327,0.005243,0.002578,0.513102,1.064782,0.010314,0.003499,1.699769,0,0
0,38,45,put both the alphabet soup and the cream cheese box in the basket,FULL_HIT,0.990544,0.005327,0.002543,0.560697,1.287928,0.011752,0.004397,2.000666,0,0
0,38,46,put both the alphabet soup and the cream cheese box in the basket,FULL_HIT,0.993170,0.005186,0.002480,0.479932,1.437350,0.012858,0.004521,2.049424,0,0
0,38,47,put both the alphabet soup and the cream cheese box in the basket,FULL_HIT,0.994634,0.004935,0.003220,0.598537,1.139854,0.011661,0.004690,1.893729,0,0
0,38,48,put both the alphabet soup and the cream cheese box in the basket,FULL_HIT,0.994604,0.005576,0.002504,0.728557,1.654920,0.015119,0.006134,2.550593,0,0
0,38,49,put both the alphabet soup and the cream cheese box in the basket,FULL_HIT,0.994981,0.005456,0.002652,0.879633,1.526764,0.015435,0.005909,2.580179,0,0
0,38,50,put both the alphabet soup and the cream cheese box in the basket,FULL_HIT,0.994698,0.006811,0.003385,0.611905,1.131562,0.010389,0.004124,1.878447,0,0
0,38,51,put both the alphabet soup and the cream cheese box in the basket,FULL_HIT,0.995180,0.005179,0.002202,0.488584,1.142733,0.010630,0.004323,1.753140,0,0
0,38,52,put both the alphabet soup and the cream cheese box in the basket,FULL_HIT,0.995427,0.004661,0.002405,0.464687,0.925047,0.009764,0.003815,1.534927,0,0
0,38,53,put both the alphabet soup and the cream cheese box in the basket,FULL_HIT,0.996021,0.004751,0.002409,0.309371,1.021378,0.012708,0.004499,1.455433,0,0
0,38,54,put both the alphabet soup and the cream cheese box in the basket,FULL_HIT,0.996674,0.004980,0.002319,0.370464,0.923935,0.009635,0.004004,1.412869,0,0
0,39,0,put both the alphabet soup and the cream cheese box in the basket,FULL_HIT,0.997649,0.004973,0.002336,0.407912,0.931549,0.009028,0.004534,1.447400,0,0
0,39,1,put both the alphabet soup and the cream cheese box in the basket,FULL_HIT,0.997323,0.005375,0.002636,0.578686,1.029223,0.011604,0.004054,1.739588,0,0
0,39,2,put both the alphabet soup and the cream cheese box in the basket,FULL_HIT,0.997841,0.005613,0.002939,0.542440,1.424314,0.012098,0.005138,2.118624,0,0
0,39,3,put both the alphabet soup and the cream cheese box in the basket,FULL_HIT,0.998198,0.004738,0.002478,0.456233,1.045052,0.009262,0.003707,1.616773,0,0
0,39,4,put both the alphabet soup and the cream cheese box in the basket,FULL_HIT,0.998369,0.004508,0.002490,0.424939,1.007312,0.010275,0.003510,1.554642,0,0
0,39,5,put both the alphabet soup and the cream cheese box in the basket,FULL_HIT,0.998180,0.004823,0.002402,0.354449,0.989894,0.010046,0.004014,1.461588,0,0
0,39,6,put both the alphabet soup and the cream cheese box in the basket,FULL_HIT,0.997659,0.004811,0.002471,0.413081,1.080370,0.011070,0.004320,1.616815,0,0
0,39,7,put both the alphabet soup and the cream cheese box in the basket,FULL_HIT,0.997706,0.004810,0.002009,0.385132,0.944052,0.010762,0.004251,1.472749,0,0
0,39,8,put both the alphabet soup and the cream cheese box in the basket,FULL_HIT,0.997622,0.005370,0.002709,0.668837,1.222540,0.011988,0.004280,2.031991,0,0
0,39,9,put both the alphabet soup and the cream cheese box in the basket,FULL_HIT,0.997534,0.005817,0.002541,0.573764,1.381076,0.010288,0.004808,2.087840,0,0
0,39,10,put both the alphabet soup and the cream cheese box in the basket,FULL_HIT,0.996616,0.004666,0.002185,0.394533,1.076214,0.009654,0.003341,1.580637,0,0
0,39,11,put both the alphabet soup and the cream cheese box in the basket,FULL_HIT,0.996414,0.005422,0.002345,0.430118,1.048304,0.011844,0.004046,1.596107,0,0
0,39,12,put both the alphabet soup and the cream cheese box in the basket,FULL_HIT,0.995879,0.005504,0.002169,0.485903,0.968060,0.009469,0.004107,1.562873,0,0
0,39,13,put both the alphabet soup and the cream cheese box in the basket,FULL_HIT,0.994817,0.005844,0.002611,0.488114,0.999145,0.009436,0.003242,1.607761,0,0
0,39,14,put both the alphabet soup and the cream cheese box in the basket,FULL_HIT,0.996051,0.005737,0.002592,0.526066,1.131593,0.009983,0.003787,1.779576,0,0
0,39,15,put both the alphabet soup and the cream cheese box in the basket,FULL_HIT,0.996329,0.006349,0.002637,0.697509,1.382368,0.011225,0.004587,2.226219,0,0
0,39,16,put both the alphabet soup and the cream cheese box in the basket,FULL_HIT,0.995851,0.004972,0.002132,0.468045,1.112901,0.011344,0.004245,1.700934,0,0
0,39,17,put both the alphabet soup and the cream cheese box in the basket,FULL_HIT,0.996239,0.005462,0.002779,0.530599,1.364692,0.012298,0.004144,2.043209,0,0
0,39,18,put both the alphabet soup and the cream cheese box in the basket,FULL_HIT,0.995835,0.005850,0.003528,0.589662,1.325328,0.011049,0.004200,2.069098,0,0
0,39,19,put both the alphabet soup and the cream cheese box in the basket,FULL_HIT,0.995925,0.006967,0.002715,0.460692,1.227453,0.010962,0.004333,1.829600,0,0
0,39,20,put both the alphabet soup and the cream cheese box in the basket,FULL_HIT,0.996037,0.006456,0.002499,0.755786,1.517679,0.015676,0.005334,2.452911,0,0
0,39,21,put both the alphabet soup and the cream cheese box in the basket,FULL_HIT,0.996561,0.007968,0.002495,0.552688,1.581861,0.016247,0.005203,2.288606,0,0
0,39,22,put both the alphabet soup and the cream cheese box in the basket,FULL_HIT,0.994595,0.005019,0.002231,0.563363,1.299768,0.013826,0.004645,1.992866,0,0
0,39,23,put both the alphabet soup and the cream cheese box in the basket,FULL_HIT,0.994052,0.004490,0.002064,0.348758,0.918638,0.008873,0.003455,1.389837,0,0
0,39,24,put both the alphabet soup and the cream cheese box in the basket,FULL_HIT,0.990018,0.005089,0.002088,0.332562,0.933190,0.009685,0.004404,1.377606,0,0
0,39,25,put both the alphabet soup and the cream cheese box in the basket,FULL_HIT,0.989535,0.004945,0.002003,0.356126,0.881607,0.008878,0.003918,1.345909,0,0
0,39,26,put both the alphabet soup and the cream cheese box in the basket,FULL_HIT,0.987109,0.004624,0.002522,0.399155,1.051109,0.010341,0.004178,1.573024,0,0
0,39,27,put both the alphabet soup and the cream cheese box in the basket,FULL_HIT,0.989882,0.005141,0.002116,0.354182,1.036349,0.009890,0.004447,1.505371,0,0
0,39,28,put both the alphabet soup and the cream cheese box in the basket,FULL_HIT,0.990470,0.005188,0.002105,0.376649,1.303736,0.011644,0.003992,1.803829,0,0
0,39,29,put both the alphabet soup and the cream cheese box in the basket,FULL_HIT,0.990381,0.005641,0.002540,0.526174,1.425772,0.015034,0.006015,2.100973,0,0
0,39,30,put both the alphabet soup and the cream cheese box in the basket,FULL_HIT,0.992060,0.026331,0.002659,0.549717,1.017029,0.011101,0.004584,1.727987,0,0
0,39,31,put both the alphabet soup and the cream cheese box in the basket,FULL_HIT,0.994616,0.004965,0.002270,0.416674,1.092041,0.011962,0.005536,1.669652,0,0
0,39,32,put both the alphabet soup and the cream cheese box in the basket,FULL_HIT,0.996228,0.006933,0.003031,0.753064,1.541827,0.014230,0.005853,2.479493,0,0
0,39,33,put both the alphabet soup and the cream cheese box in the basket,FULL_HIT,0.997131,0.005508,0.002620,0.752842,1.624644,0.014890,0.004808,2.532429,0,0
0,39,34,put both the alphabet soup and the cream cheese box in the basket,FULL_HIT,0.997181,0.004644,0.002675,0.522130,1.103194,0.010409,0.005029,1.745212,0,0
0,39,35,put both the alphabet soup and the cream cheese box in the basket,FULL_HIT,0.996969,0.005180,0.002418,0.350843,1.051650,0.010362,0.003674,1.520687,0,0
0,39,36,put both the alphabet soup and the cream cheese box in the basket,FULL_HIT,0.996743,0.005020,0.002189,0.312674,0.923949,0.008311,0.004174,1.343099,0,0
0,39,37,put both the alphabet soup and the cream cheese box in the basket,FULL_HIT,0.996239,0.019084,0.002494,0.414507,1.008787,0.009865,0.003749,1.554979,0,0
0,39,38,put both the alphabet soup and the cream cheese box in the basket,FULL_HIT,0.995448,0.005137,0.002321,0.393455,0.931431,0.009961,0.003961,1.443491,0,0
0,39,39,put both the alphabet soup and the cream cheese box in the basket,FULL_HIT,0.992065,0.006525,0.002642,0.790313,1.634114,0.012019,0.005090,2.579986,0,0
0,39,40,put both the alphabet soup and the cream cheese box in the basket,FULL_HIT,0.982339,0.005126,0.002211,0.501773,0.994600,0.009778,0.003480,1.614305,0,0
0,39,41,put both the alphabet soup and the cream cheese box in the basket,FULL_HIT,0.971388,0.004961,0.002246,0.368130,0.957344,0.009792,0.004217,1.438614,0,0
0,39,42,put both the alphabet soup and the cream cheese box in the basket,FULL_HIT,0.967742,0.005167,0.002094,0.396670,2.749454,0.011467,0.004416,3.277650,0,0
0,39,43,put both the alphabet soup and the cream cheese box in the basket,FULL_HIT,0.971849,0.005071,0.002409,0.825006,0.978625,0.010884,0.004928,1.950364,0,0
0,39,44,put both the alphabet soup and the cream cheese box in the basket,FULL_HIT,0.980784,0.005225,0.002009,0.409073,0.960829,0.011203,0.003761,1.485539,0,0
0,39,45,put both the alphabet soup and the cream cheese box in the basket,FULL_HIT,0.986871,0.004704,0.018108,0.392192,0.909814,0.010021,0.003770,1.434594,0,0
0,39,46,put both the alphabet soup and the cream cheese box in the basket,FULL_HIT,0.988649,0.005157,0.002096,0.352209,1.005042,0.010512,0.004467,1.502681,0,0
0,39,47,put both the alphabet soup and the cream cheese box in the basket,FULL_HIT,0.993168,0.005326,0.002296,0.438956,0.923095,0.009744,0.004259,1.478700,0,0
0,39,48,put both the alphabet soup and the cream cheese box in the basket,FULL_HIT,0.994698,0.005649,0.002292,0.439978,1.621941,0.020973,0.011235,2.254102,0,0
0,39,49,put both the alphabet soup and the cream cheese box in the basket,FULL_HIT,0.994711,0.005138,0.002547,0.366549,0.920157,0.009416,0.003705,1.402859,0,0
0,39,50,put both the alphabet soup and the cream cheese box in the basket,FULL_HIT,0.993543,0.004946,0.002432,0.337015,0.983634,0.009776,0.004158,1.437117,0,0
0,39,51,put both the alphabet soup and the cream cheese box in the basket,FULL_HIT,0.991992,0.004872,0.002378,0.599573,1.291410,0.010535,0.003487,2.028789,0,0
0,39,52,put both the alphabet soup and the cream cheese box in the basket,FULL_HIT,0.993006,0.005479,0.003128,0.449565,1.269375,0.014784,0.005824,1.929483,0,0
0,39,53,put both the alphabet soup and the cream cheese box in the basket,FULL_HIT,0.993772,0.005071,0.002558,0.421113,1.038191,0.009802,0.003782,1.570930,0,0
0,39,54,put both the alphabet soup and the cream cheese box in the basket,FULL_HIT,0.995283,0.005038,0.002288,0.346887,0.918631,0.009071,0.003809,1.377896,0,0
0,39,55,put both the alphabet soup and the cream cheese box in the basket,FULL_HIT,0.989333,0.005183,0.002574,0.919236,1.079754,0.011451,0.004295,2.135751,0,0
0,40,0,put both moka pots on the stove,FULL_HIT,0.998838,0.005742,0.002338,0.622209,2.036816,0.027448,0.010593,2.883844,0,0
0,40,1,put both moka pots on the stove,FULL_HIT,0.998678,0.004850,0.002096,0.568934,1.975018,0.011599,0.005818,2.673545,0,0
0,40,2,put both moka pots on the stove,FULL_HIT,0.998591,0.004765,0.002481,0.436481,1.253914,0.009138,0.003974,1.805689,0,0
0,40,3,put both moka pots on the stove,FULL_HIT,0.998540,0.005741,0.002510,0.465497,1.203352,0.009752,0.004039,1.811257,0,0
0,40,4,put both moka pots on the stove,FULL_HIT,0.998499,0.005049,0.002160,0.415705,1.568530,0.013610,0.003774,2.109291,0,0
0,40,5,put both moka pots on the stove,FULL_HIT,0.998493,0.006152,0.002499,0.385378,1.140569,0.009457,0.004624,1.647189,0,0
0,40,6,put both moka pots on the stove,FULL_HIT,0.998526,0.010107,0.005234,0.642275,1.354616,0.011227,0.004165,2.163058,0,0
0,40,7,put both moka pots on the stove,FULL_HIT,0.998577,0.004981,0.002087,0.340190,1.108189,0.009503,0.003584,1.557775,0,0
0,40,8,put both moka pots on the stove,FULL_HIT,0.998586,0.005045,0.002596,0.329407,1.125995,0.010158,0.004011,1.568449,0,0
0,40,9,put both moka pots on the stove,FULL_HIT,0.998565,0.004636,0.002576,0.317330,1.087396,0.008634,0.004134,1.512032,0,0
0,40,10,put both moka pots on the stove,FULL_HIT,0.998548,0.005317,0.002033,0.347164,1.299499,0.013176,0.004658,1.772986,0,0
0,40,11,put both moka pots on the stove,FULL_HIT,0.998635,0.005121,0.002272,0.341958,1.129930,0.008921,0.003570,1.583098,0,0
0,40,12,put both moka pots on the stove,FULL_HIT,0.998711,0.005017,0.002216,0.330155,1.184525,0.009833,0.003497,1.626569,0,0
0,40,13,put both moka pots on the stove,FULL_HIT,0.998721,0.005854,0.002347,0.395826,1.336793,0.010549,0.003797,1.870501,0,0
0,40,14,put both moka pots on the stove,FULL_HIT,0.998694,0.005069,0.002227,0.405875,1.558877,0.014119,0.006419,2.142473,0,0
0,40,15,put both moka pots on the stove,FULL_HIT,0.998640,0.004790,0.002350,0.339817,1.283093,0.009077,0.003957,1.731370,0,0
0,40,16,put both moka pots on the stove,FULL_HIT,0.998658,0.004737,0.002168,0.341601,1.097031,0.008880,0.003445,1.541417,0,0
0,40,17,put both moka pots on the stove,FULL_HIT,0.998626,0.005780,0.002746,0.665014,1.541621,0.012561,0.004116,2.353747,0,0
0,40,18,put both moka pots on the stove,FULL_HIT,0.998626,0.004807,0.002706,0.533094,1.499203,0.014821,0.004609,2.165827,0,0
0,40,19,put both moka pots on the stove,FULL_HIT,0.998600,0.005067,0.002504,0.396158,1.305095,0.009659,0.004700,1.818525,0,0
0,40,20,put both moka pots on the stove,FULL_HIT,0.998547,0.004779,0.002490,0.417939,1.589972,0.010868,0.004799,2.144905,0,0
0,40,21,put both moka pots on the stove,FULL_HIT,0.998513,0.005040,0.002436,0.343329,1.382522,0.010334,0.004623,1.846901,0,0
0,40,22,put both moka pots on the stove,FULL_HIT,0.998187,0.004691,0.002585,0.320781,1.244760,0.011230,0.004182,1.685148,0,0
0,40,23,put both moka pots on the stove,FULL_HIT,0.993152,0.005733,0.002713,0.449630,1.702282,0.013332,0.004837,2.295818,0,0
0,40,24,put both moka pots on the stove,FULL_HIT,0.977967,0.004912,0.002137,0.351687,1.187573,0.009964,0.003108,1.654157,0,0
0,40,25,put both moka pots on the stove,FULL_HIT,0.977703,0.004387,0.002395,0.354727,1.182192,0.011305,0.004429,1.656273,0,0
0,40,26,put both moka pots on the stove,FULL_HIT,0.985777,0.005256,0.002401,0.382341,1.305164,0.013434,0.004833,1.819612,0,0
0,40,27,put both moka pots on the stove,FULL_HIT,0.992655,0.004834,0.002009,0.331102,1.528489,0.010087,0.004549,1.980324,0,0
0,40,28,put both moka pots on the stove,FULL_HIT,0.994145,0.004595,0.002027,0.315056,1.474369,0.010694,0.004494,1.907904,0,0
0,40,29,put both moka pots on the stove,FULL_HIT,0.993358,0.004977,0.002223,0.337939,1.120756,0.009583,0.005258,1.590689,0,0
0,40,30,put both moka pots on the stove,FULL_HIT,0.991415,0.005215,0.002075,0.325705,1.158613,0.009287,0.004545,1.599271,0,0
0,40,31,put both moka pots on the stove,FULL_HIT,0.987902,0.005060,0.002269,0.336947,1.181100,0.009144,0.003729,1.631160,0,0
0,40,32,put both moka pots on the stove,FULL_HIT,0.987294,0.004963,0.001848,0.330660,1.154189,0.009231,0.003418,1.603638,0,0
0,40,33,put both moka pots on the stove,FULL_HIT,0.986168,0.005345,0.002176,0.306046,1.187924,0.009165,0.003655,1.605992,0,0
0,40,34,put both moka pots on the stove,FULL_HIT,0.984679,0.005039,0.002377,0.536966,1.502570,0.010782,0.005275,2.171243,0,0
0,40,35,put both moka pots on the stove,FULL_HIT,0.977956,0.005788,0.002980,0.442019,1.084515,0.008606,0.003949,1.648871,0,0
0,40,36,put both moka pots on the stove,FULL_HIT,0.976735,0.006442,0.003130,0.506640,1.540432,0.011282,0.004548,2.191304,0,0
0,40,37,put both moka pots on the stove,FULL_HIT,0.976084,0.006225,0.002524,0.655382,1.839189,0.016002,0.006396,2.675822,0,0
0,40,38,put both moka pots on the stove,FULL_HIT,0.977860,0.004903,0.002399,0.417197,1.152482,0.010072,0.004531,1.686577,0,0
0,40,39,put both moka pots on the stove,FULL_HIT,0.996976,0.004925,0.002178,0.455715,1.308665,0.011308,0.004159,1.885684,0,0
0,40,40,put both moka pots on the stove,FULL_HIT,0.998291,0.007910,0.003064,0.428798,1.310929,0.009797,0.004402,1.878250,0,0
0,40,41,put both moka pots on the stove,FULL_HIT,0.998254,0.004940,0.002219,0.386608,1.648961,0.011363,0.005854,2.164308,0,0
0,40,42,put both moka pots on the stove,FULL_HIT,0.998223,0.005283,0.002079,0.406583,1.245830,0.010684,0.005114,1.771844,0,0
0,40,43,put both moka pots on the stove,FULL_HIT,0.998329,0.006072,0.002364,0.656002,1.408661,0.011669,0.005621,2.202779,0,0
0,40,44,put both moka pots on the stove,FULL_HIT,0.998417,0.007161,0.003522,0.690198,1.334651,0.009312,0.003648,2.205194,0,0
0,40,45,put both moka pots on the stove,FULL_HIT,0.998431,0.005515,0.002218,0.444468,1.253861,0.011891,0.004697,1.825834,0,0
0,40,46,put both moka pots on the stove,FULL_HIT,0.998428,0.006941,0.002715,0.521697,1.172260,0.009991,0.004264,1.826415,0,0
0,40,47,put both moka pots on the stove,FULL_HIT,0.998381,0.005033,0.002600,0.428813,1.339015,0.009972,0.003982,1.882210,0,0
0,40,48,put both moka pots on the stove,FULL_HIT,0.998437,0.004820,0.002212,0.312000,1.179436,0.010170,0.003344,1.619065,0,0
0,40,49,put both moka pots on the stove,FULL_HIT,0.998415,0.005033,0.002193,0.394557,1.083508,0.010407,0.003633,1.597629,0,0
0,40,50,put both moka pots on the stove,FULL_HIT,0.998351,0.005330,0.002616,0.630830,1.779647,0.013183,0.005124,2.560946,0,0
0,40,51,put both moka pots on the stove,FULL_HIT,0.998327,0.005334,0.002158,0.483950,1.604905,0.013568,0.005247,2.231580,0,0
0,40,52,put both moka pots on the stove,FULL_HIT,0.998231,0.004609,0.002213,0.345360,1.323787,0.010855,0.004659,1.787973,0,0
0,40,53,put both moka pots on the stove,FULL_HIT,0.997852,0.004293,0.002159,0.408551,1.572989,0.010760,0.004918,2.106305,0,0
0,40,54,put both moka pots on the stove,FULL_HIT,0.997834,0.005495,0.002805,1.155702,2.230527,0.017533,0.007120,3.680924,0,0
0,40,55,put both moka pots on the stove,FULL_HIT,0.997917,0.004423,0.002333,0.451275,1.379640,0.011224,0.004437,1.953654,0,0
0,40,56,put both moka pots on the stove,FULL_HIT,0.997934,0.006364,0.002743,0.622035,1.551228,0.012675,0.004838,2.324982,0,0
0,40,57,put both moka pots on the stove,FULL_HIT,0.998115,0.005068,0.002156,0.440682,1.538332,0.016840,0.048511,2.309135,0,0
0,40,58,put both moka pots on the stove,FULL_HIT,0.997286,0.005367,0.002293,0.493839,1.436024,0.012444,0.005149,2.061139,0,0
0,40,59,put both moka pots on the stove,FULL_HIT,0.998097,0.004756,0.002217,0.484573,1.723733,0.040843,0.006189,2.377137,0,0
0,40,60,put both moka pots on the stove,FULL_HIT,0.997893,0.004924,0.002152,0.422900,1.382487,0.011944,0.004240,1.932085,0,0
0,40,61,put both moka pots on the stove,FULL_HIT,0.997519,0.005412,0.002439,0.698188,1.997495,0.014020,0.005578,2.863047,0,0
0,40,62,put both moka pots on the stove,FULL_HIT,0.997230,0.005602,0.002483,0.407580,1.318763,0.011429,0.004643,1.854980,0,0
0,40,63,put both moka pots on the stove,FULL_HIT,0.997168,0.013981,0.004634,0.660875,1.212639,0.010759,0.004019,2.055252,0,0
0,40,64,put both moka pots on the stove,FULL_HIT,0.997364,0.004876,0.002429,0.616846,1.280617,0.010503,0.004276,2.019590,0,0
0,40,65,put both moka pots on the stove,FULL_HIT,0.997932,0.005322,0.002364,0.350187,1.549722,0.011565,0.004311,2.051911,0,0
0,40,66,put both moka pots on the stove,FULL_HIT,0.997785,0.006082,0.002403,0.360805,1.264347,0.010005,0.004250,1.768942,0,0
0,40,67,put both moka pots on the stove,FULL_HIT,0.997638,0.005405,0.002325,0.701564,1.229572,0.010901,0.003920,2.064370,0,0
0,40,68,put both moka pots on the stove,FULL_HIT,0.997639,0.005989,0.002516,0.751149,1.413660,0.012847,0.004781,2.310929,0,0
0,40,69,put both moka pots on the stove,FULL_HIT,0.997680,0.005011,0.002441,0.329676,1.304763,0.010196,0.004413,1.767637,0,0
0,40,70,put both moka pots on the stove,FULL_HIT,0.997610,0.005928,0.002456,0.535976,1.664833,0.012057,0.004020,2.352573,0,0
0,40,71,put both moka pots on the stove,FULL_HIT,0.997637,0.004628,0.002173,0.299299,1.090299,0.009513,0.004082,1.496110,0,0
0,40,72,put both moka pots on the stove,FULL_HIT,0.997591,0.005073,0.002002,0.351408,1.139382,0.009827,0.003846,1.602763,0,0
0,40,73,put both moka pots on the stove,FULL_HIT,0.997634,0.005106,0.002181,0.388743,1.182719,0.010141,0.003404,1.689972,0,0
0,40,74,put both moka pots on the stove,FULL_HIT,0.997477,0.005752,0.002346,0.412450,1.290812,0.010457,0.004322,1.824292,0,0
0,41,0,put both moka pots on the stove,FULL_HIT,0.998481,0.004644,0.002473,0.513666,1.568175,0.012779,0.005673,2.220707,0,0
0,41,1,put both moka pots on the stove,FULL_HIT,0.998484,0.005892,0.003059,0.578190,1.324463,0.009926,0.004769,2.039763,0,0
0,41,2,put both moka pots on the stove,FULL_HIT,0.998553,0.005505,0.002459,0.442585,1.359576,0.010277,0.004049,1.920521,0,0
0,41,3,put both moka pots on the stove,FULL_HIT,0.998542,0.004773,0.001864,0.345408,1.177381,0.008959,0.003858,1.638438,0,0
0,41,4,put both moka pots on the stove,FULL_HIT,0.998524,0.004607,0.002012,0.332856,1.225189,0.009709,0.004209,1.675721,0,0
0,41,5,put both moka pots on the stove,FULL_HIT,0.998517,0.004935,0.002162,0.317437,1.549962,0.010055,0.004412,1.983950,0,0
0,41,6,put both moka pots on the stove,FULL_HIT,0.998488,0.005203,0.002560,0.353213,1.234867,0.010648,0.003960,1.737689,0,0
0,41,7,put both moka pots on the stove,FULL_HIT,0.998534,0.005919,0.002626,0.381353,1.141248,0.008670,0.003854,1.642919,0,0
0,41,8,put both moka pots on the stove,FULL_HIT,0.998522,0.005264,0.002186,0.374499,1.213664,0.010856,0.004047,1.705842,0,0
0,41,9,put both moka pots on the stove,FULL_HIT,0.998557,0.005113,0.002246,0.465768,1.773414,0.012779,0.006559,2.521307,0,0
0,41,10,put both moka pots on the stove,FULL_HIT,0.998558,0.004893,0.002502,0.346906,1.183802,0.011212,0.003788,1.647192,0,0
0,41,11,put both moka pots on the stove,FULL_HIT,0.998593,0.004767,0.002034,0.390196,1.188142,0.009960,0.003667,1.697514,0,0
0,41,12,put both moka pots on the stove,FULL_HIT,0.998614,0.004855,0.002183,0.419817,1.200757,0.009561,0.004065,1.735096,0,0
0,41,13,put both moka pots on the stove,FULL_HIT,0.998569,0.020566,0.002298,0.371725,1.154686,0.009623,0.004109,1.731073,0,0
0,41,14,put both moka pots on the stove,FULL_HIT,0.998550,0.007458,0.002865,0.610128,1.310270,0.013532,0.004826,2.066912,0,0
0,41,15,put both moka pots on the stove,FULL_HIT,0.998409,0.004562,0.002399,0.327660,1.571129,0.011149,0.003804,2.018810,0,0
0,41,16,put both moka pots on the stove,FULL_HIT,0.998525,0.005008,0.002336,0.374991,1.159258,0.009472,0.003758,1.644138,0,0
0,41,17,put both moka pots on the stove,FULL_HIT,0.998605,0.005354,0.002753,0.566478,1.338750,0.011448,0.004324,2.040795,0,0
0,41,18,put both moka pots on the stove,FULL_HIT,0.998482,0.005091,0.002011,0.410336,1.209447,0.009219,0.003818,1.731172,0,0
0,41,19,put both moka pots on the stove,FULL_HIT,0.998396,0.005648,0.002263,0.373436,1.171313,0.009798,0.004083,1.663714,0,0
0,41,20,put both moka pots on the stove,FULL_HIT,0.998300,0.005220,0.002203,0.418771,1.383056,0.012091,0.005579,1.936253,0,0
0,41,21,put both moka pots on the stove,FULL_HIT,0.998270,0.004872,0.002326,0.404683,1.252501,0.010390,0.004683,1.780123,0,0
0,41,22,put both moka pots on the stove,FULL_HIT,0.996932,0.010376,0.005973,0.613332,1.724771,0.011340,0.005549,2.520421,0,0
0,41,23,put both moka pots on the stove,FULL_HIT,0.997207,0.005035,0.002308,0.370178,1.428854,0.011063,0.005230,1.926681,0,0
0,41,24,put both moka pots on the stove,FULL_HIT,0.994420,0.005128,0.002523,0.393297,1.287974,0.010841,0.004239,1.802874,0,0
0,41,25,put both moka pots on the stove,FULL_HIT,0.993982,0.004861,0.002372,0.388186,1.123798,0.009510,0.003733,1.627753,0,0
0,41,26,put both moka pots on the stove,FULL_HIT,0.993285,0.005027,0.002737,0.304792,1.231363,0.010648,0.004981,1.661604,0,0
0,41,27,put both moka pots on the stove,FULL_HIT,0.993059,0.004636,0.002428,0.457809,1.311096,0.010330,0.004096,1.888033,0,0
0,41,28,put both moka pots on the stove,FULL_HIT,0.992980,0.005378,0.002793,0.452126,1.379508,0.010293,0.003468,1.955415,0,0
0,41,29,put both moka pots on the stove,FULL_HIT,0.992904,0.006418,0.002072,0.427204,1.190540,0.010111,0.004610,1.754316,0,0
0,41,30,put both moka pots on the stove,FULL_HIT,0.992866,0.006079,0.003060,0.544684,1.489874,0.009694,0.003578,2.165742,0,0
0,41,31,put both moka pots on the stove,FULL_HIT,0.992970,0.006269,0.002858,0.520487,1.485006,0.013391,0.005066,2.157137,0,0
0,41,32,put both moka pots on the stove,FULL_HIT,0.992997,0.005110,0.002772,0.718674,2.229273,0.032434,0.004698,3.124573,0,0
0,41,33,put both moka pots on the stove,FULL_HIT,0.992984,0.006419,0.002837,0.561519,1.394755,0.011647,0.003872,2.088882,0,0
0,41,34,put both moka pots on the stove,FULL_HIT,0.992947,0.005128,0.002064,0.488988,1.150627,0.010773,0.003843,1.753554,0,0
0,41,35,put both moka pots on the stove,FULL_HIT,0.993264,0.005096,0.002223,0.366419,1.757598,0.015593,0.005072,2.258355,0,0
0,41,36,put both moka pots on the stove,FULL_HIT,0.992226,0.004740,0.002192,0.369308,1.611402,0.011746,0.004686,2.098587,0,0
0,41,37,put both moka pots on the stove,FULL_HIT,0.989260,0.005171,0.001944,0.463417,1.569418,0.011320,0.004761,2.162087,0,0
0,41,38,put both moka pots on the stove,FULL_HIT,0.995184,0.005994,0.003229,0.765601,2.205008,0.011591,0.005837,3.119646,0,0
0,41,39,put both moka pots on the stove,FULL_HIT,0.997956,0.005781,0.002569,0.525046,1.351399,0.010379,0.004568,2.006817,0,0
0,41,40,put both moka pots on the stove,FULL_HIT,0.997977,0.004903,0.002295,0.297388,1.102374,0.009032,0.003575,1.506105,0,0
0,41,41,put both moka pots on the stove,FULL_HIT,0.998118,0.004989,0.002270,0.334998,1.124059,0.009414,0.003803,1.568206,0,0
0,41,42,put both moka pots on the stove,FULL_HIT,0.998179,0.005240,0.002125,0.382498,1.148560,0.010021,0.004629,1.642626,0,0
0,41,43,put both moka pots on the stove,FULL_HIT,0.998177,0.005375,0.002272,0.556539,1.415279,0.010463,0.004398,2.096301,0,0
0,41,44,put both moka pots on the stove,FULL_HIT,0.998086,0.004734,0.002396,0.370298,1.193795,0.009561,0.003522,1.677398,0,0
0,41,45,put both moka pots on the stove,FULL_HIT,0.998022,0.005313,0.002259,0.360958,1.189240,0.010111,0.003514,1.663914,0,0
0,41,46,put both moka pots on the stove,FULL_HIT,0.998007,0.004669,0.002166,0.333987,1.121399,0.009858,0.004077,1.566535,0,0
0,41,47,put both moka pots on the stove,FULL_HIT,0.997930,0.004993,0.002050,0.365023,1.149178,0.010493,0.004082,1.631961,0,0
0,41,48,put both moka pots on the stove,FULL_HIT,0.997867,0.005316,0.002477,0.359839,1.148237,0.008776,0.003906,1.617905,0,0
0,41,49,put both moka pots on the stove,FULL_HIT,0.997831,0.005929,0.002288,0.361329,1.283568,0.012741,0.005175,1.979778,0,0
0,41,50,put both moka pots on the stove,FULL_HIT,0.997777,0.006437,0.002690,1.160221,1.791494,0.011775,0.004954,3.126064,0,0
0,41,51,put both moka pots on the stove,FULL_HIT,0.997387,0.006267,0.002642,0.738226,1.601087,0.012311,0.004361,2.501974,0,0
0,41,52,put both moka pots on the stove,FULL_HIT,0.997282,0.004944,0.002279,0.877534,1.705817,0.013478,0.005252,2.747167,0,0
0,41,53,put both moka pots on the stove,FULL_HIT,0.996897,0.005238,0.002253,0.358172,1.154676,0.008859,0.003841,1.634750,0,0
0,41,54,put both moka pots on the stove,FULL_HIT,0.995933,0.005427,0.002270,0.352905,1.380871,0.010001,0.004836,1.859962,0,0
0,41,55,put both moka pots on the stove,FULL_HIT,0.995298,0.004841,0.002223,0.434873,1.314088,0.010018,0.004810,1.875790,0,0
0,41,56,put both moka pots on the stove,FULL_HIT,0.995766,0.004886,0.002334,0.451361,1.259799,0.010230,0.004208,1.830026,0,0
0,41,57,put both moka pots on the stove,FULL_HIT,0.994345,0.005691,0.002728,0.421565,1.286721,0.010518,0.004310,1.835518,0,0
0,41,58,put both moka pots on the stove,FULL_HIT,0.992677,0.004202,0.002424,0.341684,1.112144,0.009642,0.003922,1.563562,0,0
0,41,59,put both moka pots on the stove,FULL_HIT,0.978987,0.004457,0.002497,0.373337,1.299850,0.010031,0.004384,1.789536,0,0
0,41,60,put both moka pots on the stove,FULL_HIT,0.984301,0.004570,0.002384,0.621613,1.628068,0.010489,0.005017,2.375656,0,0
0,41,61,put both moka pots on the stove,FULL_HIT,0.987590,0.004784,0.001990,0.429156,1.915693,0.011901,0.005476,2.483844,0,0
0,41,62,put both moka pots on the stove,FULL_HIT,0.986293,0.005203,0.002160,0.490300,1.295240,0.010511,0.004474,1.908754,0,0
0,41,63,put both moka pots on the stove,FULL_HIT,0.988563,0.005502,0.002751,0.594760,1.411966,0.021418,0.004630,2.160353,0,0
0,41,64,put both moka pots on the stove,FULL_HIT,0.985975,0.006242,0.003357,0.627521,1.777280,0.013508,0.005898,2.566433,0,0
0,41,65,put both moka pots on the stove,FULL_HIT,0.982216,0.004780,0.002072,0.365173,1.247551,0.010387,0.004281,1.733519,0,0
0,41,66,put both moka pots on the stove,FULL_HIT,0.984013,0.005613,0.002654,0.659246,1.470293,0.009636,0.003765,2.267636,0,0
0,41,67,put both moka pots on the stove,FULL_HIT,0.983745,0.005538,0.002142,0.330854,1.124079,0.010345,0.004245,1.567901,0,0
0,41,68,put both moka pots on the stove,FULL_HIT,0.988245,0.005353,0.002471,0.452496,1.382565,0.010840,0.003654,1.958912,0,0
0,41,69,put both moka pots on the stove,FULL_HIT,0.992440,0.004802,0.002316,0.351445,1.191412,0.009795,0.004386,1.658775,0,0
0,41,70,put both moka pots on the stove,FULL_HIT,0.993216,0.004751,0.001844,0.331230,1.628648,0.024886,0.006132,2.149777,0,0
0,41,71,put both moka pots on the stove,FULL_HIT,0.994640,0.005157,0.002603,0.385601,1.263785,0.011387,0.004587,1.772684,0,0
0,41,72,put both moka pots on the stove,FULL_HIT,0.996052,0.005270,0.002136,0.444045,1.154612,0.010309,0.004263,1.717583,0,0
0,41,73,put both moka pots on the stove,FULL_HIT,0.996518,0.004662,0.002711,0.366426,1.148315,0.008905,0.004292,1.631630,0,0
0,41,74,put both moka pots on the stove,FULL_HIT,0.996289,0.004765,0.002535,0.417961,1.139020,0.009391,0.004760,1.675401,0,0
0,42,0,put both moka pots on the stove,FULL_HIT,0.998437,0.004938,0.001919,0.364225,1.104846,0.008769,0.004060,1.580459,0,0
0,42,1,put both moka pots on the stove,FULL_HIT,0.998385,0.004981,0.002074,0.386659,1.132749,0.009035,0.003584,1.640662,0,0
0,42,2,put both moka pots on the stove,FULL_HIT,0.998357,0.004524,0.002323,0.431481,1.235627,0.009598,0.003038,1.776842,0,0
0,42,3,put both moka pots on the stove,FULL_HIT,0.998314,0.004811,0.002380,0.347301,1.479461,0.011674,0.003759,1.945375,0,0
0,42,4,put both moka pots on the stove,FULL_HIT,0.998242,0.004909,0.002262,0.579649,1.608552,0.010268,0.003972,2.549084,0,0
0,42,5,put both moka pots on the stove,FULL_HIT,0.998168,0.004834,0.002508,0.344052,1.659515,0.011223,0.004354,2.124837,0,0
0,42,6,put both moka pots on the stove,FULL_HIT,0.998092,0.004669,0.002484,0.463039,1.327070,0.010671,0.004144,1.919737,0,0
0,42,7,put both moka pots on the stove,FULL_HIT,0.998057,0.005790,0.002538,0.422668,1.341882,0.011034,0.004208,1.913436,0,0
0,42,8,put both moka pots on the stove,FULL_HIT,0.997998,0.005291,0.002488,0.636458,1.581717,0.010425,0.004405,2.364169,0,0
0,42,9,put both moka pots on the stove,FULL_HIT,0.997992,0.005058,0.002341,0.341933,1.206099,0.009965,0.003605,1.657872,0,0
0,42,10,put both moka pots on the stove,FULL_HIT,0.998090,0.005456,0.002237,0.523505,1.341695,0.011342,0.004480,2.000536,0,0
0,42,11,put both moka pots on the stove,FULL_HIT,0.998159,0.005358,0.003183,0.370954,1.173534,0.010038,0.004000,1.683707,0,0
0,42,12,put both moka pots on the stove,FULL_HIT,0.998325,0.005023,0.001985,0.382818,1.133456,0.009187,0.003770,1.624800,0,0
0,42,13,put both moka pots on the stove,FULL_HIT,0.998389,0.004897,0.002470,0.440288,1.383940,0.010757,0.004062,1.940981,0,0
0,42,14,put both moka pots on the stove,FULL_HIT,0.998382,0.005757,0.002772,0.445952,1.464147,0.030513,0.004703,2.060100,0,0
0,42,15,put both moka pots on the stove,FULL_HIT,0.998403,0.005154,0.002165,0.426383,1.162856,0.009768,0.003950,1.709834,0,0
0,42,16,put both moka pots on the stove,FULL_HIT,0.998408,0.005845,0.002637,0.912996,1.636530,0.011789,0.005226,2.712826,0,0
0,42,17,put both moka pots on the stove,FULL_HIT,0.998466,0.005184,0.002705,0.612339,1.198571,0.008831,0.003550,1.926720,0,0
0,42,18,put both moka pots on the stove,FULL_HIT,0.998469,0.005273,0.002678,0.596979,1.313995,0.009591,0.003727,2.034873,0,0
0,42,19,put both moka pots on the stove,FULL_HIT,0.998360,0.005730,0.002745,0.513232,1.537959,0.010923,0.004442,2.183701,0,0
0,42,20,put both moka pots on the stove,FULL_HIT,0.998075,0.006220,0.002691,0.705925,2.246114,0.012207,0.005962,3.127977,0,0
0,42,21,put both moka pots on the stove,FULL_HIT,0.997986,0.004915,0.002493,0.537405,1.142862,0.010463,0.004309,1.796556,0,0
0,42,22,put both moka pots on the stove,FULL_HIT,0.997979,0.005048,0.002421,0.469360,1.302297,0.011673,0.005568,1.900100,0,0
0,42,23,put both moka pots on the stove,FULL_HIT,0.997998,0.005059,0.002535,0.435151,1.156174,0.009597,0.004418,1.707758,0,0
0,42,24,put both moka pots on the stove,FULL_HIT,0.998071,0.004579,0.002543,0.462388,1.219075,0.010346,0.003291,1.799165,0,0
0,42,25,put both moka pots on the stove,FULL_HIT,0.998048,0.005152,0.002230,0.403789,1.171071,0.010128,0.003946,1.687863,0,0
0,42,26,put both moka pots on the stove,FULL_HIT,0.998049,0.005494,0.002390,0.578391,1.458314,0.012713,0.004375,2.170303,0,0
0,42,27,put both moka pots on the stove,FULL_HIT,0.998086,0.005128,0.002418,0.447759,1.192203,0.010149,0.004020,1.754129,0,0
0,42,28,put both moka pots on the stove,FULL_HIT,0.998144,0.005114,0.002271,0.582870,1.976879,0.012887,0.017085,2.724447,0,0
0,42,29,put both moka pots on the stove,FULL_HIT,0.997880,0.004341,0.002289,0.404183,1.169660,0.022285,0.004194,1.705327,0,0
0,42,30,put both moka pots on the stove,FULL_HIT,0.997245,0.005293,0.002702,0.709397,1.879996,0.011821,0.004409,2.738031,0,0
0,42,31,put both moka pots on the stove,FULL_HIT,0.973900,0.004725,0.002187,0.349299,1.116006,0.010134,0.004419,1.575632,0,0
0,42,32,put both moka pots on the stove,FULL_HIT,0.947061,0.004654,0.002377,0.438411,1.239939,0.011593,0.004232,1.804920,0,0
0,42,33,put both moka pots on the stove,FULL_HIT,0.964776,0.005431,0.001986,0.433322,1.284412,0.010891,0.004077,1.839859,0,0
0,42,34,put both moka pots on the stove,FULL_HIT,0.975238,0.004980,0.002173,0.466622,1.401794,0.011198,0.003910,1.993192,0,0
0,42,35,put both moka pots on the stove,FULL_HIT,0.961413,0.006382,0.002473,0.756605,2.278441,0.013936,0.007708,3.202742,0,0
0,42,36,put both moka pots on the stove,FULL_HIT,0.960893,0.005061,0.002779,0.612103,1.518806,0.011556,0.004761,2.295232,0,0
0,42,37,put both moka pots on the stove,FULL_HIT,0.954797,0.005651,0.002524,0.639985,1.485810,0.012081,0.005208,2.272221,0,0
0,42,38,put both moka pots on the stove,FULL_HIT,0.967926,0.005830,0.002565,0.448203,1.383317,0.011064,0.004803,1.976885,0,0
0,42,39,put both moka pots on the stove,FULL_HIT,0.972177,0.004859,0.002586,0.408769,1.923025,0.033510,0.013314,2.594138,0,0
0,42,40,put both moka pots on the stove,FULL_HIT,0.978726,0.004959,0.002339,0.531098,1.393336,0.011865,0.005650,2.058334,0,0
0,42,41,put both moka pots on the stove,FULL_HIT,0.973503,0.005663,0.002619,0.619722,1.507393,0.012839,0.004640,2.267127,0,0
0,42,42,put both moka pots on the stove,FULL_HIT,0.960030,0.005662,0.002186,0.544781,1.168062,0.010861,0.003937,1.841359,0,0
0,42,43,put both moka pots on the stove,FULL_HIT,0.939329,0.006744,0.003783,0.671493,1.944798,0.015872,0.006046,2.807917,0,0
0,42,44,put both moka pots on the stove,FULL_HIT,0.966624,0.004970,0.002333,0.539417,1.245653,0.010763,0.004330,1.909548,0,0
0,42,45,put both moka pots on the stove,FULL_HIT,0.989268,0.005244,0.002457,0.512676,1.348206,0.011823,0.004985,1.991121,0,0
0,42,46,put both moka pots on the stove,FULL_HIT,0.991180,0.005400,0.002253,0.614535,1.313912,0.010435,0.003903,2.053413,0,0
0,42,47,put both moka pots on the stove,FULL_HIT,0.992496,0.005341,0.002706,0.777362,1.809802,0.014139,0.005398,2.758569,0,0
0,42,48,put both moka pots on the stove,FULL_HIT,0.993629,0.004935,0.002370,0.627435,1.937835,0.014668,0.006751,2.725424,0,0
0,42,49,put both moka pots on the stove,FULL_HIT,0.994247,0.004607,0.002321,0.524174,1.346357,0.010002,0.004443,2.002420,0,0
0,42,50,put both moka pots on the stove,FULL_HIT,0.994538,0.005034,0.002417,0.522290,1.687486,0.011933,0.005014,2.343551,0,0
0,42,51,put both moka pots on the stove,FULL_HIT,0.994973,0.005826,0.002499,0.388518,1.300223,0.013334,0.003717,1.818486,0,0
0,42,52,put both moka pots on the stove,FULL_HIT,0.994939,0.004948,0.002351,0.601635,1.454472,0.012215,0.003995,2.209932,0,0
0,42,53,put both moka pots on the stove,FULL_HIT,0.995522,0.005033,0.002104,0.428645,1.720792,0.025103,0.005857,2.311715,0,0
0,42,54,put both moka pots on the stove,FULL_HIT,0.995362,0.004898,0.002511,0.436677,1.189218,0.010579,0.003658,1.741524,0,0
0,42,55,put both moka pots on the stove,FULL_HIT,0.995013,0.005386,0.002235,0.554762,1.361510,0.010548,0.004201,2.050410,0,0
0,42,56,put both moka pots on the stove,FULL_HIT,0.994731,0.005257,0.002306,0.469235,1.303598,0.010039,0.003574,1.892015,0,0
0,42,57,put both moka pots on the stove,FULL_HIT,0.994577,0.005026,0.002220,0.338621,1.418606,0.011575,0.004468,1.877035,0,0
0,42,58,put both moka pots on the stove,FULL_HIT,0.994379,0.006579,0.002735,0.418330,1.185568,0.011393,0.004632,1.735355,0,0
0,42,59,put both moka pots on the stove,FULL_HIT,0.993478,0.005160,0.002341,0.346585,1.146380,0.008948,0.004693,1.609058,0,0
0,42,60,put both moka pots on the stove,FULL_HIT,0.992539,0.005003,0.002012,0.370009,1.164806,0.009472,0.004052,1.649056,0,0
0,42,61,put both moka pots on the stove,FULL_HIT,0.991056,0.004369,0.002406,0.370597,1.149355,0.009524,0.004080,1.638731,0,0
0,42,62,put both moka pots on the stove,FULL_HIT,0.990179,0.005652,0.002631,0.466071,1.180729,0.009592,0.004600,1.789291,0,0
0,42,63,put both moka pots on the stove,FULL_HIT,0.987659,0.004627,0.002212,0.301909,1.699097,0.010650,0.004976,2.119983,0,0
0,42,64,put both moka pots on the stove,FULL_HIT,0.986804,0.004816,0.002040,0.313557,1.096319,0.010864,0.003839,1.533198,0,0
0,42,65,put both moka pots on the stove,FULL_HIT,0.984309,0.005024,0.002538,0.439213,1.663684,0.011862,0.004434,2.229314,0,0
0,42,66,put both moka pots on the stove,FULL_HIT,0.979721,0.004957,0.001960,0.426532,1.296553,0.010558,0.004498,1.854684,0,0
0,42,67,put both moka pots on the stove,FULL_HIT,0.984905,0.006022,0.003732,0.526313,1.492734,0.011779,0.004482,2.178984,0,0
0,42,68,put both moka pots on the stove,FULL_HIT,0.984053,0.005143,0.002435,0.376772,1.241323,0.010348,0.004312,1.739320,0,0
0,42,69,put both moka pots on the stove,FULL_HIT,0.982874,0.004915,0.002205,0.351149,1.229015,0.010747,0.004057,1.698809,0,0
0,42,70,put both moka pots on the stove,FULL_HIT,0.981258,0.006082,0.002410,0.646642,1.551156,0.011532,0.004620,2.341434,0,0
0,42,71,put both moka pots on the stove,FULL_HIT,0.978503,0.005644,0.002543,0.392276,1.337105,0.010247,0.004019,1.850777,0,0
0,42,72,put both moka pots on the stove,FULL_HIT,0.955580,0.004535,0.002411,0.358615,1.176835,0.009075,0.004541,1.647271,0,0
0,42,73,put both moka pots on the stove,FULL_HIT,0.959358,0.004851,0.002251,0.398003,1.158253,0.009767,0.003917,1.670776,0,0
0,42,74,put both moka pots on the stove,FULL_HIT,0.959090,0.004782,0.002451,0.411776,1.426976,0.012596,0.005099,1.967444,0,0
0,42,75,put both moka pots on the stove,FULL_HIT,0.963820,0.004871,0.002438,0.371794,1.124082,0.039297,0.004089,1.645682,0,0
0,42,76,put both moka pots on the stove,FULL_HIT,0.946057,0.005216,0.002712,0.383085,1.196429,0.010263,0.004084,1.717055,0,0
0,42,77,put both moka pots on the stove,FULL_HIT,0.929822,0.005366,0.002613,0.577204,1.811420,0.012646,0.005764,2.540338,0,0
0,42,78,put both moka pots on the stove,FULL_HIT,0.935067,0.005409,0.002499,0.392162,1.596881,0.011019,0.005139,2.124277,0,0
0,42,79,put both moka pots on the stove,FULL_HIT,0.927164,0.004821,0.002261,0.382767,1.155812,0.010218,0.003929,1.661429,0,0
0,42,80,put both moka pots on the stove,FULL_HIT,0.966856,0.004705,0.002168,0.439482,1.075102,0.010274,0.004477,1.634881,0,0
0,42,81,put both moka pots on the stove,FULL_HIT,0.981796,0.005148,0.002126,0.317595,1.127815,0.009031,0.003831,1.554635,0,0
0,42,82,put both moka pots on the stove,FULL_HIT,0.974340,0.005311,0.001843,0.376875,1.429464,0.011199,0.004690,1.931407,0,0
0,44,0,put both moka pots on the stove,FULL_HIT,0.995203,0.004869,0.002525,0.759847,1.886541,0.013349,0.008050,2.858747,0,0
0,44,1,put both moka pots on the stove,FULL_HIT,0.995803,0.004606,0.002332,0.373513,1.223409,0.009414,0.004472,1.725863,0,0
0,44,2,put both moka pots on the stove,FULL_HIT,0.996613,0.005134,0.002473,0.416283,1.415318,0.013213,0.004406,1.972900,0,0
0,44,3,put both moka pots on the stove,FULL_HIT,0.996873,0.021864,0.002325,0.342686,1.232875,0.010022,0.004217,1.708597,0,0
0,44,4,put both moka pots on the stove,FULL_HIT,0.996760,0.004969,0.002532,0.598751,1.369617,0.010750,0.003393,2.097717,0,0
0,44,5,put both moka pots on the stove,FULL_HIT,0.996522,0.005956,0.003180,0.544109,1.296135,0.011283,0.004611,1.973406,0,0
0,44,6,put both moka pots on the stove,FULL_HIT,0.995862,0.004682,0.002474,0.436903,1.721692,0.088418,0.008723,2.408962,0,0
0,44,7,put both moka pots on the stove,FULL_HIT,0.995359,0.009006,0.003049,0.737467,1.589478,0.011725,0.005297,2.488276,0,0
0,44,8,put both moka pots on the stove,FULL_HIT,0.996198,0.005174,0.002280,0.469806,1.329062,0.011235,0.004769,1.924093,0,0
0,44,9,put both moka pots on the stove,FULL_HIT,0.996780,0.005319,0.002319,0.493712,1.673045,0.012155,0.005127,2.305181,0,0
0,44,10,put both moka pots on the stove,FULL_HIT,0.997298,0.006040,0.002404,0.538747,1.428091,0.016182,0.005625,2.121140,0,0
0,44,11,put both moka pots on the stove,FULL_HIT,0.997330,0.005567,0.002359,0.519443,1.310772,0.010611,0.004216,1.955100,0,0
0,44,12,put both moka pots on the stove,FULL_HIT,0.997300,0.005211,0.002135,0.588822,1.581093,0.011769,0.004809,2.305808,0,0
0,44,13,put both moka pots on the stove,FULL_HIT,0.997423,0.005133,0.002395,0.426218,1.391392,0.013791,0.005538,1.972450,0,0
0,44,14,put both moka pots on the stove,FULL_HIT,0.997285,0.005192,0.002535,0.369413,1.194898,0.010519,0.003457,1.683260,0,0
0,44,15,put both moka pots on the stove,FULL_HIT,0.996767,0.005376,0.002467,0.541815,1.255928,0.010812,0.004467,1.933322,0,0
0,44,16,put both moka pots on the stove,FULL_HIT,0.995768,0.008525,0.003608,1.071824,1.380658,0.012898,0.004278,2.664048,0,0
0,44,17,put both moka pots on the stove,FULL_HIT,0.993644,0.005191,0.002267,0.433026,1.280540,0.011499,0.005166,1.864677,0,0
0,44,18,put both moka pots on the stove,FULL_HIT,0.985364,0.005404,0.002385,0.476038,1.415611,0.011757,0.004969,2.017515,0,0
0,44,19,put both moka pots on the stove,FULL_HIT,0.988252,0.005274,0.002146,0.431893,1.188083,0.011141,0.004738,1.745703,0,0
0,44,20,put both moka pots on the stove,FULL_HIT,0.984590,0.007011,0.002781,0.623835,3.032632,0.097442,0.025213,4.400699,0,0
0,44,21,put both moka pots on the stove,FULL_HIT,0.984714,0.005785,0.002832,0.566110,1.373756,0.010818,0.004093,2.075187,0,0
0,44,22,put both moka pots on the stove,FULL_HIT,0.983565,0.005724,0.002804,0.418248,1.257559,0.010834,0.004325,1.802570,0,0
0,44,23,put both moka pots on the stove,FULL_HIT,0.986626,0.005087,0.002526,0.455239,1.268101,0.009452,0.003804,1.836942,0,0
0,44,24,put both moka pots on the stove,FULL_HIT,0.988641,0.004970,0.002652,0.400816,1.143113,0.009651,0.004059,1.664483,0,0
0,44,25,put both moka pots on the stove,FULL_HIT,0.991423,0.005019,0.002058,0.550804,1.889508,0.032204,0.013337,2.677194,0,0
0,44,26,put both moka pots on the stove,FULL_HIT,0.992940,0.005313,0.002522,0.790462,1.696551,0.011854,0.130047,2.803768,0,0
0,44,27,put both moka pots on the stove,FULL_HIT,0.994120,0.005822,0.002200,0.403438,1.430193,0.011453,0.004442,1.958174,0,0
0,44,28,put both moka pots on the stove,FULL_HIT,0.995136,0.005271,0.002211,0.383738,1.385280,0.012895,0.004532,1.892984,0,0
0,44,29,put both moka pots on the stove,FULL_HIT,0.993494,0.005820,0.002608,0.781612,1.511494,0.011929,0.005243,2.432817,0,0
0,44,30,put both moka pots on the stove,FULL_HIT,0.994198,0.005206,0.002477,0.437276,1.406565,0.012396,0.004871,1.982129,0,0
0,44,31,put both moka pots on the stove,FULL_HIT,0.995268,0.004976,0.002556,0.382403,1.140606,0.009017,0.003645,1.637067,0,0
0,44,32,put both moka pots on the stove,FULL_HIT,0.995592,0.005494,0.002272,0.442775,1.215372,0.010730,0.004806,1.784092,0,0
0,44,33,put both moka pots on the stove,FULL_HIT,0.995729,0.004555,0.002373,0.334688,1.209464,0.010158,0.004311,1.657361,0,0
0,44,34,put both moka pots on the stove,FULL_HIT,0.995730,0.005758,0.002473,0.522289,1.291085,0.011119,0.004183,1.944468,0,0
0,44,35,put both moka pots on the stove,FULL_HIT,0.995517,0.004769,0.002989,0.344589,1.779157,0.020384,0.004813,2.286749,0,0
0,44,36,put both moka pots on the stove,FULL_HIT,0.995707,0.005441,0.002471,0.416776,1.206332,0.010963,0.003358,1.745928,0,0
0,44,37,put both moka pots on the stove,FULL_HIT,0.995698,0.004594,0.002140,0.387882,1.164402,0.010286,0.004048,1.670949,0,0
0,44,38,put both moka pots on the stove,FULL_HIT,0.995754,0.004819,0.002329,0.360788,1.125209,0.009964,0.004734,1.602839,0,0
0,44,39,put both moka pots on the stove,FULL_HIT,0.995819,0.005391,0.002910,0.533662,1.386332,0.011203,0.005104,2.058251,0,0
0,44,40,put both moka pots on the stove,FULL_HIT,0.994747,0.005326,0.002851,0.952742,1.442272,0.011479,0.004884,2.561957,0,0
0,44,41,put both moka pots on the stove,FULL_HIT,0.995344,0.004931,0.002183,0.353167,1.214939,0.010363,0.004577,1.692015,0,0
0,44,42,put both moka pots on the stove,FULL_HIT,0.995647,0.004345,0.001941,0.335753,1.158862,0.010087,0.004445,1.628554,0,0
0,44,43,put both moka pots on the stove,FULL_HIT,0.995651,0.005221,0.002350,0.506237,1.315155,0.010626,0.004783,1.946831,0,0
0,44,44,put both moka pots on the stove,FULL_HIT,0.994858,0.005311,0.002353,0.387736,1.345048,0.010446,0.004161,1.854585,0,0
0,44,45,put both moka pots on the stove,FULL_HIT,0.995074,0.005075,0.002490,0.448408,1.315396,0.010125,0.004626,1.890443,0,0
0,44,46,put both moka pots on the stove,FULL_HIT,0.995085,0.006652,0.003268,0.634170,1.657906,0.013006,0.004245,2.445887,0,0
0,44,47,put both moka pots on the stove,FULL_HIT,0.995212,0.004872,0.002485,0.508828,1.458506,0.012392,0.004272,2.099812,0,0
0,44,48,put both moka pots on the stove,FULL_HIT,0.994877,0.004841,0.002406,0.388480,1.520073,0.013170,0.004901,2.043670,0,0
0,44,49,put both moka pots on the stove,FULL_HIT,0.994616,0.004526,0.002201,0.375105,1.193104,0.010486,0.003797,1.689503,0,0
0,44,50,put both moka pots on the stove,FULL_HIT,0.994535,0.004987,0.002240,0.443639,1.230916,0.012082,0.004403,1.800071,0,0
0,44,51,put both moka pots on the stove,FULL_HIT,0.994335,0.005782,0.002624,0.375018,1.338330,0.012019,0.004683,1.845533,0,0
0,44,52,put both moka pots on the stove,FULL_HIT,0.993857,0.005245,0.002133,0.396469,1.225657,0.010842,0.004366,1.745448,0,0
0,44,53,put both moka pots on the stove,FULL_HIT,0.993276,0.005150,0.002099,0.385507,1.151853,0.010433,0.004253,1.653688,0,0
0,44,54,put both moka pots on the stove,FULL_HIT,0.992965,0.005640,0.002414,0.554878,1.332266,0.010665,0.004429,2.015082,0,0
0,44,55,put both moka pots on the stove,FULL_HIT,0.991811,0.004787,0.002525,0.390283,1.220217,0.011783,0.004136,1.733291,0,0
0,44,56,put both moka pots on the stove,FULL_HIT,0.991029,0.004967,0.002274,0.457126,1.576344,0.011499,0.004230,2.166320,0,0
0,44,57,put both moka pots on the stove,FULL_HIT,0.989567,0.005730,0.002668,0.425545,1.100372,0.010019,0.004207,1.649780,0,0
0,44,58,put both moka pots on the stove,FULL_HIT,0.987438,0.005017,0.002079,0.436804,1.449740,0.011585,0.004840,2.016252,0,0
0,44,59,put both moka pots on the stove,FULL_HIT,0.982339,0.005708,0.002229,0.495461,1.181972,0.010620,0.004217,1.806246,0,0
0,44,60,put both moka pots on the stove,FULL_HIT,0.983633,0.004841,0.002338,0.360005,1.710419,0.010182,0.004230,2.182662,0,0
0,44,61,put both moka pots on the stove,FULL_HIT,0.983301,0.005256,0.001932,0.481530,1.238741,0.009893,0.004115,1.835756,0,0
0,44,62,put both moka pots on the stove,FULL_HIT,0.985436,0.004478,0.002453,0.361564,1.161384,0.011169,0.004344,1.639506,0,0
0,44,63,put both moka pots on the stove,FULL_HIT,0.985950,0.005536,0.002670,0.465846,1.944220,0.022405,0.009489,2.600560,0,0
0,44,64,put both moka pots on the stove,FULL_HIT,0.986234,0.005786,0.002319,0.456092,1.359550,0.009996,0.003962,1.943205,0,0
0,44,65,put both moka pots on the stove,FULL_HIT,0.985954,0.004792,0.001866,0.303435,1.112097,0.009051,0.003753,1.520775,0,0
0,44,66,put both moka pots on the stove,FULL_HIT,0.986709,0.005092,0.002237,0.344854,1.123026,0.009270,0.004411,1.578932,0,0
0,44,67,put both moka pots on the stove,FULL_HIT,0.987302,0.004898,0.002182,0.436542,1.213330,0.010510,0.004193,1.772402,0,0
0,44,68,put both moka pots on the stove,FULL_HIT,0.987169,0.004787,0.002149,0.347372,1.122915,0.009867,0.003968,1.584057,0,0
0,44,69,put both moka pots on the stove,FULL_HIT,0.987496,0.004879,0.002110,0.398319,1.173923,0.010703,0.003746,1.689745,0,0
0,44,70,put both moka pots on the stove,FULL_HIT,0.988199,0.005847,0.002462,0.385000,1.202150,0.009537,0.003977,1.704282,0,0
0,44,71,put both moka pots on the stove,FULL_HIT,0.988464,0.004947,0.002361,0.351909,2.437974,0.014077,0.005919,2.944672,0,0
0,44,72,put both moka pots on the stove,FULL_HIT,0.988836,0.005110,0.002243,0.344554,1.806554,0.011087,0.004667,2.277954,0,0
0,44,73,put both moka pots on the stove,FULL_HIT,0.989614,0.006482,0.002359,0.661229,1.482308,0.010903,0.004773,2.296322,0,0
0,44,74,put both moka pots on the stove,FULL_HIT,0.990237,0.005695,0.002308,0.562328,1.515512,0.010706,0.004067,2.205621,0,0
0,44,75,put both moka pots on the stove,FULL_HIT,0.991336,0.005024,0.002451,0.524881,1.547546,0.013241,0.005264,2.214138,0,0
0,44,76,put both moka pots on the stove,FULL_HIT,0.992372,0.005226,0.002223,0.436955,1.201500,0.011029,0.004109,1.762616,0,0
0,44,77,put both moka pots on the stove,FULL_HIT,0.993036,0.004813,0.002533,0.464081,1.364614,0.012658,0.004403,1.962996,0,0
0,44,78,put both moka pots on the stove,FULL_HIT,0.993204,0.005367,0.002441,0.483943,1.552858,0.011647,0.004258,2.171963,0,0
0,44,79,put both moka pots on the stove,FULL_HIT,0.992220,0.005732,0.002259,0.524879,1.309717,0.010847,0.004057,1.963154,0,0
0,44,80,put both moka pots on the stove,FULL_HIT,0.988564,0.006000,0.002337,0.434337,1.510277,0.011156,0.004776,2.070871,0,0
0,44,81,put both moka pots on the stove,FULL_HIT,0.981135,0.004811,0.002393,0.381266,1.520164,0.012635,0.005247,2.036667,0,0
0,44,82,put both moka pots on the stove,FULL_HIT,0.978628,0.005404,0.002487,0.526607,1.168418,0.009415,0.003466,1.814056,0,0
0,44,83,put both moka pots on the stove,FULL_HIT,0.986941,0.005025,0.002346,0.423956,1.163255,0.010190,0.003643,1.708636,0,0
0,44,84,put both moka pots on the stove,FULL_HIT,0.988324,0.005276,0.002083,0.447063,1.130452,0.010332,0.004054,1.696946,0,0
0,44,85,put both moka pots on the stove,FULL_HIT,0.986974,0.005340,0.002381,0.582909,1.472033,0.011683,0.004631,2.210610,0,0
0,44,86,put both moka pots on the stove,FULL_HIT,0.985058,0.004913,0.002297,0.349078,1.159433,0.010641,0.004023,1.629754,0,0
0,44,87,put both moka pots on the stove,FULL_HIT,0.982040,0.005948,0.002434,0.685490,1.477457,0.010596,0.004821,2.302787,0,0
0,44,88,put both moka pots on the stove,FULL_HIT,0.977447,0.004891,0.002315,0.321963,1.055099,0.008830,0.004138,1.492573,0,0
0,44,89,put both moka pots on the stove,FULL_HIT,0.966412,0.005058,0.002310,0.299851,2.030493,0.011669,0.004707,2.458810,0,0
0,44,90,put both moka pots on the stove,FULL_HIT,0.946848,0.006338,0.002731,0.509234,1.412221,0.011321,0.004234,2.054492,0,0
0,44,91,put both moka pots on the stove,FULL_HIT,0.934906,0.005284,0.002490,0.517089,1.587329,0.013141,0.005179,2.258429,0,0
0,45,0,put the yellow and white mug in the microwave and close it,FULL_HIT,0.998844,0.005152,0.002454,0.568287,2.020139,0.011083,0.004893,2.725958,0,0
0,45,1,put the yellow and white mug in the microwave and close it,FULL_HIT,0.998819,0.004668,0.002204,0.408502,1.209523,0.010267,0.004984,1.738535,0,0
0,45,2,put the yellow and white mug in the microwave and close it,FULL_HIT,0.998789,0.005793,0.002349,0.612013,1.660884,0.013130,0.005806,2.423388,0,0
0,45,3,put the yellow and white mug in the microwave and close it,FULL_HIT,0.998777,0.005469,0.002238,0.461054,1.353770,0.008964,0.003937,1.929632,0,0
0,45,4,put the yellow and white mug in the microwave and close it,FULL_HIT,0.998713,0.004909,0.002614,0.508756,1.467427,0.012444,0.005122,2.116029,0,0
0,45,5,put the yellow and white mug in the microwave and close it,FULL_HIT,0.998668,0.005024,0.002314,0.528482,1.679394,0.013380,0.004995,2.342066,0,0
0,45,6,put the yellow and white mug in the microwave and close it,FULL_HIT,0.998683,0.005331,0.002557,0.446202,1.315235,0.011450,0.005155,1.913352,0,0
0,45,7,put the yellow and white mug in the microwave and close it,FULL_HIT,0.998662,0.005050,0.002360,0.405365,1.204090,0.010447,0.005198,1.733008,0,0
0,45,8,put the yellow and white mug in the microwave and close it,FULL_HIT,0.998677,0.005185,0.002376,0.375904,1.121889,0.010298,0.003932,1.615762,0,0
0,45,9,put the yellow and white mug in the microwave and close it,FULL_HIT,0.998695,0.004697,0.002329,0.390549,1.232363,0.011679,0.004784,1.745831,0,0
0,45,10,put the yellow and white mug in the microwave and close it,FULL_HIT,0.998607,0.004615,0.002301,0.382103,1.147178,0.008334,0.003871,1.632174,0,0
0,45,11,put the yellow and white mug in the microwave and close it,FULL_HIT,0.998584,0.005078,0.002586,0.449031,1.288061,0.009881,0.003017,1.852845,0,0
0,45,12,put the yellow and white mug in the microwave and close it,FULL_HIT,0.998463,0.005384,0.002351,0.432502,1.524315,0.010610,0.004599,2.127360,0,0
0,45,13,put the yellow and white mug in the microwave and close it,FULL_HIT,0.998383,0.004552,0.002497,0.511863,1.344868,0.010859,0.004017,1.975697,0,0
0,45,14,put the yellow and white mug in the microwave and close it,FULL_HIT,0.998492,0.005627,0.002410,0.460129,1.202164,0.010014,0.003856,1.775944,0,0
0,45,15,put the yellow and white mug in the microwave and close it,FULL_HIT,0.998515,0.027857,0.002626,0.510818,1.373889,0.011261,0.004223,2.036315,0,0
0,45,16,put the yellow and white mug in the microwave and close it,FULL_HIT,0.998503,0.005835,0.002757,0.457544,1.514608,0.013195,0.004404,2.115230,0,0
0,45,17,put the yellow and white mug in the microwave and close it,FULL_HIT,0.998540,0.005545,0.003584,1.143111,1.294322,0.010680,0.004955,2.626467,0,0
0,45,18,put the yellow and white mug in the microwave and close it,FULL_HIT,0.998450,0.004553,0.002331,0.425938,1.402964,0.010841,0.003840,1.945020,0,0
0,45,19,put the yellow and white mug in the microwave and close it,FULL_HIT,0.998521,0.005012,0.002479,0.336888,1.281059,0.010071,0.003242,1.728465,0,0
0,45,20,put the yellow and white mug in the microwave and close it,FULL_HIT,0.998099,0.004871,0.002104,0.383952,1.555235,0.011409,0.005015,2.062332,0,0
0,45,21,put the yellow and white mug in the microwave and close it,FULL_HIT,0.996856,0.004901,0.002180,0.426211,1.342081,0.011496,0.004466,1.892553,0,0
0,45,22,put the yellow and white mug in the microwave and close it,FULL_HIT,0.997125,0.005393,0.002364,0.481239,1.610488,0.011115,0.006722,2.219416,0,0
0,45,23,put the yellow and white mug in the microwave and close it,FULL_HIT,0.993304,0.004594,0.002309,0.364979,1.333482,0.011605,0.004578,1.818088,0,0
0,45,24,put the yellow and white mug in the microwave and close it,FULL_HIT,0.991384,0.005686,0.002385,0.774639,1.598683,0.012747,0.004683,2.522084,0,0
0,45,25,put the yellow and white mug in the microwave and close it,FULL_HIT,0.993283,0.004814,0.002177,0.392184,1.136121,0.014366,0.005856,1.662605,0,0
0,45,26,put the yellow and white mug in the microwave and close it,FULL_HIT,0.995550,0.005039,0.002265,0.475213,1.355119,0.012459,0.005629,1.970375,0,0
0,45,27,put the yellow and white mug in the microwave and close it,FULL_HIT,0.996365,0.006025,0.002479,0.483683,1.376949,0.011272,0.004171,2.006716,0,0
0,45,28,put the yellow and white mug in the microwave and close it,FULL_HIT,0.996424,0.005292,0.002736,0.435800,1.349417,0.010555,0.005231,1.913141,0,0
0,45,29,put the yellow and white mug in the microwave and close it,FULL_HIT,0.997258,0.004924,0.002046,0.382970,1.365458,0.013500,0.006071,1.882824,0,0
0,45,30,put the yellow and white mug in the microwave and close it,FULL_HIT,0.997431,0.004591,0.002296,0.302351,1.097007,0.008810,0.003478,1.504305,0,0
0,45,31,put the yellow and white mug in the microwave and close it,FULL_HIT,0.995791,0.005399,0.002141,0.411898,1.140562,0.009048,0.003891,1.660850,0,0
0,45,32,put the yellow and white mug in the microwave and close it,FULL_HIT,0.974466,0.004982,0.002173,0.347008,1.174704,0.010244,0.003693,1.632169,0,0
0,45,33,put the yellow and white mug in the microwave and close it,FULL_HIT,0.993037,0.005252,0.002880,0.317214,1.124149,0.009583,0.003789,1.552703,0,0
0,45,34,put the yellow and white mug in the microwave and close it,FULL_HIT,0.996809,0.004809,0.002149,0.303993,1.089294,0.009091,0.003583,1.499852,0,0
0,45,35,put the yellow and white mug in the microwave and close it,FULL_HIT,0.997285,0.004781,0.002331,0.357653,1.237693,0.010861,0.004624,1.716023,0,0
0,45,36,put the yellow and white mug in the microwave and close it,FULL_HIT,0.997406,0.004818,0.003306,0.364460,1.144438,0.009903,0.005017,1.646298,0,0
0,45,37,put the yellow and white mug in the microwave and close it,FULL_HIT,0.996947,0.021205,0.002555,0.347699,1.139133,0.010217,0.003881,1.614488,0,0
0,45,38,put the yellow and white mug in the microwave and close it,FULL_HIT,0.984449,0.004597,0.002182,0.349211,1.097261,0.009876,0.004257,1.564298,0,0
0,45,39,put the yellow and white mug in the microwave and close it,FULL_HIT,0.984078,0.004762,0.002220,0.373094,1.079270,0.010340,0.003850,1.574512,0,0
0,45,40,put the yellow and white mug in the microwave and close it,FULL_HIT,0.984059,0.005127,0.002311,0.342709,1.177511,0.009877,0.003192,1.637644,0,0
0,45,41,put the yellow and white mug in the microwave and close it,FULL_HIT,0.978677,0.004976,0.002258,0.535483,1.585630,0.011501,0.004745,2.270876,0,0
0,45,42,put the yellow and white mug in the microwave and close it,FULL_HIT,0.991402,0.004977,0.002206,0.405681,1.151157,0.009679,0.004145,1.671002,0,0
0,45,43,put the yellow and white mug in the microwave and close it,FULL_HIT,0.976905,0.005107,0.002260,0.351473,1.120350,0.010305,0.004620,1.583571,0,0
0,45,44,put the yellow and white mug in the microwave and close it,FULL_HIT,0.945403,0.004997,0.002512,0.454811,1.166973,0.009333,0.004240,1.732973,0,0
0,45,45,put the yellow and white mug in the microwave and close it,FULL_HIT,0.968957,0.004679,0.002337,0.413788,1.467611,0.011590,0.003821,2.019835,0,0
0,45,46,put the yellow and white mug in the microwave and close it,FULL_HIT,0.974152,0.004445,0.002088,0.520350,1.487560,0.011447,0.005764,2.139765,0,0
0,45,47,put the yellow and white mug in the microwave and close it,FULL_HIT,0.966938,0.005781,0.002516,0.537019,1.351856,0.010399,0.004389,2.015113,0,0
0,45,48,put the yellow and white mug in the microwave and close it,FULL_HIT,0.962865,0.005754,0.002529,0.750078,1.274671,0.010173,0.004287,2.154699,0,0
0,45,49,put the yellow and white mug in the microwave and close it,FULL_HIT,0.972553,0.004770,0.002379,0.321432,1.395108,0.011439,0.005067,1.840009,0,0
0,46,0,put the yellow and white mug in the microwave and close it,FULL_HIT,0.997500,0.005543,0.002353,0.594810,1.217031,0.009068,0.004082,1.934815,0,0
0,46,1,put the yellow and white mug in the microwave and close it,FULL_HIT,0.997490,0.004681,0.002311,0.494640,1.048943,0.009406,0.004644,1.658263,0,0
0,46,2,put the yellow and white mug in the microwave and close it,FULL_HIT,0.997395,0.004974,0.002282,0.356340,1.176858,0.009723,0.003829,1.649462,0,0
0,46,3,put the yellow and white mug in the microwave and close it,FULL_HIT,0.997575,0.005605,0.003034,0.513999,1.404346,0.009474,0.004232,2.043677,0,0
0,46,4,put the yellow and white mug in the microwave and close it,FULL_HIT,0.997600,0.004924,0.004620,0.323233,1.069209,0.008726,0.004098,1.515682,0,0
0,46,5,put the yellow and white mug in the microwave and close it,FULL_HIT,0.997474,0.005056,0.002511,0.384299,1.304490,0.010068,0.004087,1.800480,0,0
0,46,6,put the yellow and white mug in the microwave and close it,FULL_HIT,0.997295,0.006092,0.030783,0.534856,2.191562,0.010868,0.004415,2.898794,0,0
0,46,7,put the yellow and white mug in the microwave and close it,FULL_HIT,0.997258,0.004581,0.002454,0.345500,1.246988,0.009430,0.004815,1.724155,0,0
0,46,8,put the yellow and white mug in the microwave and close it,FULL_HIT,0.997273,0.004950,0.002221,0.424674,1.244557,0.009672,0.003943,1.787188,0,0
0,46,9,put the yellow and white mug in the microwave and close it,FULL_HIT,0.997569,0.004895,0.002096,0.397653,1.251987,0.010444,0.003774,1.761575,0,0
0,46,10,put the yellow and white mug in the microwave and close it,FULL_HIT,0.997891,0.005920,0.002097,0.513699,1.408536,0.009662,0.003739,2.039765,0,0
0,46,11,put the yellow and white mug in the microwave and close it,FULL_HIT,0.997976,0.004952,0.002576,0.547785,1.324467,0.011317,0.004014,2.017679,0,0
0,46,12,put the yellow and white mug in the microwave and close it,FULL_HIT,0.997910,0.005183,0.002743,0.456364,1.440219,0.013050,0.006000,2.038415,0,0
0,46,13,put the yellow and white mug in the microwave and close it,FULL_HIT,0.998186,0.005523,0.002596,0.450459,1.613100,0.010992,0.004354,2.193500,0,0
0,46,14,put the yellow and white mug in the microwave and close it,FULL_HIT,0.998112,0.005060,0.002411,0.411938,1.169544,0.010047,0.003908,1.696552,0,0
0,46,15,put the yellow and white mug in the microwave and close it,FULL_HIT,0.998020,0.004919,0.002254,0.331602,1.179830,0.009295,0.004056,1.622108,0,0
0,46,16,put the yellow and white mug in the microwave and close it,FULL_HIT,0.997802,0.005372,0.002277,0.486876,1.266917,0.012460,0.004090,1.886930,0,0
0,46,17,put the yellow and white mug in the microwave and close it,FULL_HIT,0.998114,0.004591,0.002185,0.419014,1.195819,0.009168,0.003747,1.742344,0,0
0,46,18,put the yellow and white mug in the microwave and close it,FULL_HIT,0.998056,0.004906,0.002558,0.382133,1.275371,0.011185,0.004325,1.785321,0,0
0,46,19,put the yellow and white mug in the microwave and close it,FULL_HIT,0.994716,0.004812,0.002289,0.324003,1.406653,0.010074,0.004248,1.847608,0,0
0,46,20,put the yellow and white mug in the microwave and close it,FULL_HIT,0.998117,0.004372,0.002431,0.428920,1.210075,0.008423,0.004329,1.748348,0,0
0,46,21,put the yellow and white mug in the microwave and close it,FULL_HIT,0.991006,0.004878,0.002567,0.365060,1.429714,0.011910,0.004526,1.917550,0,0
0,46,22,put the yellow and white mug in the microwave and close it,FULL_HIT,0.990427,0.004497,0.001991,0.423233,1.159808,0.010178,0.004047,1.697973,0,0
0,46,23,put the yellow and white mug in the microwave and close it,FULL_HIT,0.993689,0.006620,0.003077,0.525426,1.115997,0.010637,0.003995,1.778071,0,0
0,46,24,put the yellow and white mug in the microwave and close it,FULL_HIT,0.995055,0.005151,0.002713,0.403180,1.713246,0.010828,0.004390,2.256075,0,0
0,46,25,put the yellow and white mug in the microwave and close it,FULL_HIT,0.996204,0.004707,0.002477,0.478379,1.342812,0.011143,0.004316,1.949180,0,0
0,46,26,put the yellow and white mug in the microwave and close it,FULL_HIT,0.996443,0.005631,0.002733,0.440480,1.150528,0.009091,0.003819,1.700239,0,0
0,46,27,put the yellow and white mug in the microwave and close it,FULL_HIT,0.997365,0.004706,0.002030,0.455239,1.346552,0.010003,0.004213,1.921569,0,0
0,46,28,put the yellow and white mug in the microwave and close it,FULL_HIT,0.997797,0.005215,0.002398,0.360842,1.253163,0.010179,0.004965,1.729963,0,0
0,46,29,put the yellow and white mug in the microwave and close it,FULL_HIT,0.997657,0.004949,0.002327,0.445302,1.139242,0.010511,0.004555,1.707805,0,0
0,46,30,put the yellow and white mug in the microwave and close it,FULL_HIT,0.994098,0.004881,0.002186,0.603070,1.625585,0.011119,0.003353,2.366639,0,0
0,46,31,put the yellow and white mug in the microwave and close it,FULL_HIT,0.970664,0.005047,0.002245,0.456700,1.737060,0.015501,0.007267,2.351624,0,0
0,46,32,put the yellow and white mug in the microwave and close it,FULL_HIT,0.975801,0.005786,0.002327,0.397267,1.152991,0.011647,0.004556,1.691527,0,0
0,46,33,put the yellow and white mug in the microwave and close it,FULL_HIT,0.978576,0.005399,0.002663,0.431395,1.532433,0.010709,0.004298,2.085606,0,0
0,46,34,put the yellow and white mug in the microwave and close it,FULL_HIT,0.970067,0.008385,0.003931,0.683840,1.156000,0.009960,0.004184,2.000059,0,0
0,46,35,put the yellow and white mug in the microwave and close it,FULL_HIT,0.976983,0.005029,0.002250,0.422119,1.181577,0.009361,0.003890,1.723796,0,0
0,46,36,put the yellow and white mug in the microwave and close it,FULL_HIT,0.985412,0.004474,0.002155,0.312490,1.460073,0.010392,0.004279,1.893710,0,0
0,46,37,put the yellow and white mug in the microwave and close it,FULL_HIT,0.976082,0.004784,0.002193,0.422694,1.176683,0.009477,0.003919,1.713602,0,0
0,46,38,put the yellow and white mug in the microwave and close it,FULL_HIT,0.971472,0.005012,0.002306,0.436369,1.216450,0.010151,0.004048,1.787707,0,0
0,46,39,put the yellow and white mug in the microwave and close it,FULL_HIT,0.972723,0.004807,0.002332,0.359132,1.292382,0.009980,0.003621,1.769091,0,0
0,46,40,put the yellow and white mug in the microwave and close it,FULL_HIT,0.975213,0.005150,0.002423,0.661024,1.581341,0.012759,0.004993,2.401018,0,0
0,46,41,put the yellow and white mug in the microwave and close it,FULL_HIT,0.977909,0.005577,0.002888,0.548785,1.304831,0.011113,0.003131,1.978938,0,0
0,46,42,put the yellow and white mug in the microwave and close it,FULL_HIT,0.981300,0.005231,0.002585,0.464780,1.336561,0.010468,0.004089,1.923777,0,0
0,46,43,put the yellow and white mug in the microwave and close it,FULL_HIT,0.974581,0.005102,0.002779,0.535541,1.236574,0.010956,0.004681,1.917788,0,0
0,46,44,put the yellow and white mug in the microwave and close it,FULL_HIT,0.978620,0.004720,0.002431,0.378698,1.136368,0.008912,0.004023,1.635445,0,0
0,46,45,put the yellow and white mug in the microwave and close it,FULL_HIT,0.983349,0.004838,0.002829,0.324272,1.269438,0.008922,0.004137,1.713647,0,0
0,46,46,put the yellow and white mug in the microwave and close it,FULL_HIT,0.981372,0.004942,0.002769,0.806229,1.496090,0.011899,0.005352,2.472231,0,0
0,46,47,put the yellow and white mug in the microwave and close it,FULL_HIT,0.978579,0.005139,0.004356,0.428959,1.160760,0.009016,0.004206,1.705933,0,0
0,46,48,put the yellow and white mug in the microwave and close it,FULL_HIT,0.971836,0.005267,0.003037,0.424383,1.361645,0.010440,0.004138,1.917739,0,0
0,46,49,put the yellow and white mug in the microwave and close it,FULL_HIT,0.979900,0.004641,0.002324,0.357000,1.116071,0.008416,0.003511,1.585814,0,0
0,46,50,put the yellow and white mug in the microwave and close it,FULL_HIT,0.986830,0.004442,0.002036,0.859865,1.195981,0.009039,0.004060,2.168192,0,0
0,47,0,put the yellow and white mug in the microwave and close it,FULL_HIT,0.997579,0.004841,0.002332,0.356416,1.159809,0.009574,0.003660,1.632482,0,0
0,47,1,put the yellow and white mug in the microwave and close it,FULL_HIT,0.997896,0.006058,0.002086,0.347029,1.383739,0.011098,0.004054,1.865204,0,0
0,47,2,put the yellow and white mug in the microwave and close it,FULL_HIT,0.997868,0.005340,0.002176,0.326544,1.446311,0.009831,0.004488,1.893150,0,0
0,47,3,put the yellow and white mug in the microwave and close it,FULL_HIT,0.998066,0.005648,0.002584,0.472461,1.344874,0.010466,0.004253,1.941288,0,0
0,47,4,put the yellow and white mug in the microwave and close it,FULL_HIT,0.998059,0.004844,0.002263,0.455271,1.289536,0.010549,0.004762,1.865050,0,0
0,47,5,put the yellow and white mug in the microwave and close it,FULL_HIT,0.998023,0.005597,0.002558,0.556876,1.964670,0.123674,0.014071,2.924692,0,0
0,47,6,put the yellow and white mug in the microwave and close it,FULL_HIT,0.998060,0.004800,0.002346,0.387194,1.225497,0.008802,0.004121,1.729231,0,0
0,47,7,put the yellow and white mug in the microwave and close it,FULL_HIT,0.997966,0.004318,0.002483,0.335482,1.094025,0.009405,0.003970,1.540120,0,0
0,47,8,put the yellow and white mug in the microwave and close it,FULL_HIT,0.998101,0.005157,0.002376,0.416983,1.273827,0.009253,0.003703,1.802228,0,0
0,47,9,put the yellow and white mug in the microwave and close it,FULL_HIT,0.998255,0.004780,0.002392,0.331726,1.357885,0.009555,0.004379,1.803546,0,0
0,47,10,put the yellow and white mug in the microwave and close it,FULL_HIT,0.998143,0.007625,0.005253,0.442572,1.173893,0.011464,0.003886,1.775694,0,0
0,47,11,put the yellow and white mug in the microwave and close it,FULL_HIT,0.997545,0.004783,0.002612,0.496294,2.487586,0.013187,0.005296,3.131269,0,0
0,47,12,put the yellow and white mug in the microwave and close it,FULL_HIT,0.997897,0.012465,0.004452,0.794401,1.655616,0.013852,0.005558,2.669460,0,0
0,47,13,put the yellow and white mug in the microwave and close it,FULL_HIT,0.998127,0.004656,0.002179,0.485563,1.441046,0.011190,0.003734,2.047772,0,0
0,47,14,put the yellow and white mug in the microwave and close it,FULL_HIT,0.998305,0.004481,0.002279,0.483496,1.199060,0.009778,0.003749,1.797851,0,0
0,47,15,put the yellow and white mug in the microwave and close it,FULL_HIT,0.998161,0.005619,0.002762,0.550232,1.503583,0.012596,0.003886,2.191045,0,0
0,47,16,put the yellow and white mug in the microwave and close it,FULL_HIT,0.998336,0.005216,0.005980,0.350625,1.205540,0.009884,0.003978,1.673693,0,0
0,47,17,put the yellow and white mug in the microwave and close it,FULL_HIT,0.998279,0.008777,0.003047,0.737205,2.026611,0.020440,0.006587,2.964088,0,0
0,47,18,put the yellow and white mug in the microwave and close it,FULL_HIT,0.995445,0.007524,0.002290,0.557720,1.298719,0.010127,0.004340,1.981874,0,0
0,47,19,put the yellow and white mug in the microwave and close it,FULL_HIT,0.997685,0.004783,0.002106,0.479552,1.303847,0.009145,0.004541,1.897172,0,0
0,47,20,put the yellow and white mug in the microwave and close it,FULL_HIT,0.998096,0.012014,0.005954,0.860608,1.338037,0.020514,0.004183,2.385439,0,0
0,47,21,put the yellow and white mug in the microwave and close it,FULL_HIT,0.998124,0.005103,0.002450,0.505207,1.388527,0.011625,0.004676,2.012500,0,0
0,47,22,put the yellow and white mug in the microwave and close it,FULL_HIT,0.997250,0.004556,0.002436,0.954407,1.817317,0.014913,0.005065,2.927800,0,0
0,47,23,put the yellow and white mug in the microwave and close it,FULL_HIT,0.997425,0.005011,0.002550,0.904470,1.384506,0.011471,0.004491,2.430770,0,0
0,47,24,put the yellow and white mug in the microwave and close it,FULL_HIT,0.997632,0.005424,0.002348,0.491087,1.263469,0.010322,0.004094,1.877419,0,0
0,47,25,put the yellow and white mug in the microwave and close it,FULL_HIT,0.998207,0.005150,0.002673,0.444786,1.101529,0.010219,0.004407,1.677257,0,0
0,47,26,put the yellow and white mug in the microwave and close it,FULL_HIT,0.998527,0.004721,0.002445,0.444168,1.139290,0.009301,0.004350,1.702538,0,0
0,47,27,put the yellow and white mug in the microwave and close it,FULL_HIT,0.997752,0.005258,0.002471,0.373512,1.278259,0.010927,0.004471,1.771866,0,0
0,47,28,put the yellow and white mug in the microwave and close it,FULL_HIT,0.993697,0.004698,0.002250,0.526823,1.225094,0.010079,0.004278,1.873442,0,0
0,47,29,put the yellow and white mug in the microwave and close it,FULL_HIT,0.995810,0.005151,0.002521,0.428070,1.154677,0.011194,0.004683,1.708438,0,0
0,47,30,put the yellow and white mug in the microwave and close it,FULL_HIT,0.996607,0.005284,0.002638,0.472761,1.400668,0.011650,0.004955,2.026242,0,0
0,47,31,put the yellow and white mug in the microwave and close it,FULL_HIT,0.997023,0.004167,0.002516,0.403714,1.137036,0.009555,0.004439,1.651544,0,0
0,47,32,put the yellow and white mug in the microwave and close it,FULL_HIT,0.996977,0.005536,0.002479,0.700635,1.315458,0.012945,0.004595,2.185194,0,0
0,47,33,put the yellow and white mug in the microwave and close it,FULL_HIT,0.994766,0.005621,0.002558,0.471669,2.648958,0.011721,0.005357,3.260060,0,0
0,47,34,put the yellow and white mug in the microwave and close it,FULL_HIT,0.978422,0.005008,0.002427,0.405798,1.145214,0.009956,0.003718,1.669384,0,0
0,47,35,put the yellow and white mug in the microwave and close it,FULL_HIT,0.977504,0.004717,0.002269,0.313396,1.130260,0.009942,0.003964,1.554640,0,0
0,47,36,put the yellow and white mug in the microwave and close it,FULL_HIT,0.980783,0.004717,0.002425,0.468612,1.121797,0.009707,0.003520,1.710319,0,0
0,47,37,put the yellow and white mug in the microwave and close it,FULL_HIT,0.976972,0.004736,0.001971,0.379689,1.237046,0.010886,0.004284,1.736251,0,0
0,47,38,put the yellow and white mug in the microwave and close it,FULL_HIT,0.970912,0.005240,0.002393,0.509804,1.119426,0.009807,0.003987,1.782886,0,0
0,47,39,put the yellow and white mug in the microwave and close it,FULL_HIT,0.967295,0.005429,0.002634,0.422241,2.115955,0.016977,0.007911,2.707923,0,0
0,47,40,put the yellow and white mug in the microwave and close it,FULL_HIT,0.980392,0.005054,0.002699,1.060429,1.453079,0.010527,0.004509,2.651588,0,0
0,47,41,put the yellow and white mug in the microwave and close it,FULL_HIT,0.982022,0.004605,0.002254,0.570859,1.409482,0.010681,0.004153,2.104111,0,0
0,47,42,put the yellow and white mug in the microwave and close it,FULL_HIT,0.984145,0.005328,0.002572,0.496664,1.410787,0.011512,0.004571,2.042235,0,0
0,47,43,put the yellow and white mug in the microwave and close it,FULL_HIT,0.980242,0.006906,0.003161,0.776359,2.220505,0.014078,0.005667,3.173091,0,0
0,47,44,put the yellow and white mug in the microwave and close it,FULL_HIT,0.978624,0.005908,0.002700,0.710937,1.658135,0.013784,0.004913,2.527472,0,0
0,47,45,put the yellow and white mug in the microwave and close it,FULL_HIT,0.975098,0.005206,0.002642,0.662282,1.492619,0.011860,0.004800,2.294756,0,0
0,47,46,put the yellow and white mug in the microwave and close it,FULL_HIT,0.987357,0.006965,0.003792,1.184403,2.629916,0.057279,0.005171,4.105942,0,0
0,47,47,put the yellow and white mug in the microwave and close it,FULL_HIT,0.986695,0.005080,0.002495,0.312269,1.141423,0.010218,0.006087,1.588885,0,0
0,49,0,put the yellow and white mug in the microwave and close it,FULL_HIT,0.998276,0.004830,0.002069,0.639452,2.311895,0.011577,0.004963,3.084490,0,0
0,49,1,put the yellow and white mug in the microwave and close it,FULL_HIT,0.998288,0.005238,0.002083,0.443326,1.102985,0.008816,0.004094,1.663008,0,0
0,49,2,put the yellow and white mug in the microwave and close it,FULL_HIT,0.998220,0.004769,0.002141,0.370245,1.135919,0.009803,0.004104,1.619839,0,0
0,49,3,put the yellow and white mug in the microwave and close it,FULL_HIT,0.998282,0.005476,0.002688,0.438003,1.454010,0.012406,0.004544,2.026373,0,0
0,49,4,put the yellow and white mug in the microwave and close it,FULL_HIT,0.998051,0.004811,0.002295,0.348195,1.085999,0.009035,0.004126,1.564641,0,0
0,49,5,put the yellow and white mug in the microwave and close it,FULL_HIT,0.997835,0.004637,0.002331,0.437620,1.252348,0.010177,0.004124,1.809263,0,0
0,49,6,put the yellow and white mug in the microwave and close it,FULL_HIT,0.997413,0.004809,0.002219,0.396881,1.057669,0.009458,0.003653,1.567529,0,0
0,49,7,put the yellow and white mug in the microwave and close it,FULL_HIT,0.996803,0.004483,0.001713,0.323833,1.092865,0.009380,0.003926,1.523248,0,0
0,49,8,put the yellow and white mug in the microwave and close it,FULL_HIT,0.996509,0.004639,0.002286,0.305779,1.061013,0.008540,0.003351,1.469194,0,0
0,49,9,put the yellow and white mug in the microwave and close it,FULL_HIT,0.996521,0.008006,0.003557,0.366937,1.127687,0.009105,0.004074,1.626979,0,0
0,49,10,put the yellow and white mug in the microwave and close it,FULL_HIT,0.996692,0.006471,0.002173,0.670087,1.385051,0.012700,0.004799,2.212356,0,0
0,49,11,put the yellow and white mug in the microwave and close it,FULL_HIT,0.996269,0.005328,0.002147,0.404919,1.196952,0.008741,0.004357,1.716171,0,0
0,49,12,put the yellow and white mug in the microwave and close it,FULL_HIT,0.996038,0.004814,0.002261,0.491329,1.514457,0.010849,0.004310,2.119843,0,0
0,49,13,put the yellow and white mug in the microwave and close it,FULL_HIT,0.995720,0.006219,0.003294,0.811419,1.161599,0.010323,0.003996,2.106067,0,0
0,49,14,put the yellow and white mug in the microwave and close it,FULL_HIT,0.996187,0.006132,0.002064,0.492859,1.322155,0.009905,0.004375,1.938825,0,0
0,49,15,put the yellow and white mug in the microwave and close it,FULL_HIT,0.996566,0.004698,0.002407,0.342401,1.146913,0.010900,0.003955,1.601258,0,0
0,49,16,put the yellow and white mug in the microwave and close it,FULL_HIT,0.996489,0.004910,0.001968,0.375511,1.102767,0.009639,0.003410,1.589175,0,0
0,49,17,put the yellow and white mug in the microwave and close it,FULL_HIT,0.993471,0.004644,0.002259,0.368076,1.195857,0.008755,0.003512,1.693175,0,0
0,49,18,put the yellow and white mug in the microwave and close it,FULL_HIT,0.965814,0.006973,0.002880,0.724173,1.509158,0.012534,0.004770,2.377377,0,0
0,49,19,put the yellow and white mug in the microwave and close it,FULL_HIT,0.980979,0.005258,0.002115,0.388240,1.075881,0.008996,0.004463,1.575321,0,0
0,49,20,put the yellow and white mug in the microwave and close it,FULL_HIT,0.980886,0.005044,0.002648,0.426371,1.138319,0.010184,0.004808,1.707105,0,0
0,49,21,put the yellow and white mug in the microwave and close it,FULL_HIT,0.987472,0.004922,0.002308,0.644593,1.157971,0.010450,0.004165,1.922056,0,0
0,49,22,put the yellow and white mug in the microwave and close it,FULL_HIT,0.992249,0.005304,0.002256,0.335587,1.261964,0.010222,0.004293,1.712162,0,0
0,49,23,put the yellow and white mug in the microwave and close it,FULL_HIT,0.994135,0.004968,0.002292,0.366805,1.162250,0.009503,0.003611,1.643726,0,0
0,49,24,put the yellow and white mug in the microwave and close it,FULL_HIT,0.994315,0.004469,0.001984,0.355557,1.206788,0.009585,0.003368,1.675424,0,0
0,49,25,put the yellow and white mug in the microwave and close it,FULL_HIT,0.993153,0.005700,0.002822,0.630994,1.210702,0.010441,0.003937,1.978435,0,0
0,49,26,put the yellow and white mug in the microwave and close it,FULL_HIT,0.990075,0.004839,0.002863,0.555614,1.680665,0.013616,0.006063,2.409967,0,0
0,49,27,put the yellow and white mug in the microwave and close it,FULL_HIT,0.979242,0.004963,0.002276,0.355137,1.815248,0.011741,0.005330,2.300166,0,0
0,49,28,put the yellow and white mug in the microwave and close it,FULL_HIT,0.907894,0.005105,0.002107,0.375188,1.564675,0.012202,0.004782,2.068863,0,0
0,49,29,put the yellow and white mug in the microwave and close it,FULL_HIT,0.946612,0.005249,0.002471,0.368150,1.434978,0.010769,0.004608,1.927031,0,0
0,49,30,put the yellow and white mug in the microwave and close it,FULL_HIT,0.980624,0.004942,0.002344,0.414823,1.116682,0.010207,0.004868,1.650169,0,0
0,49,31,put the yellow and white mug in the microwave and close it,FULL_HIT,0.910983,0.004409,0.002367,0.373029,1.544319,0.011064,0.004766,2.042380,0,0
0,49,32,put the yellow and white mug in the microwave and close it,FULL_HIT,0.975055,0.005078,0.002184,0.400864,1.078921,0.009599,0.003471,1.595864,0,0
0,49,33,put the yellow and white mug in the microwave and close it,FULL_HIT,0.987203,0.005706,0.002277,0.992699,1.689249,0.012689,0.003913,2.834450,0,0
0,49,34,put the yellow and white mug in the microwave and close it,FULL_HIT,0.989702,0.005058,0.002256,0.535014,1.323117,0.010324,0.005214,1.990878,0,0
0,49,35,put the yellow and white mug in the microwave and close it,FULL_HIT,0.992860,0.005072,0.002872,0.389366,1.413415,0.011604,0.004887,1.931017,0,0
0,49,36,put the yellow and white mug in the microwave and close it,FULL_HIT,0.993138,0.005225,0.002257,0.464730,1.231012,0.009913,0.004604,1.815479,0,0
0,49,37,put the yellow and white mug in the microwave and close it,FULL_HIT,0.987919,0.004775,0.002590,0.510801,1.162577,0.011860,0.005354,1.834343,0,0
0,49,38,put the yellow and white mug in the microwave and close it,FULL_HIT,0.985365,0.005191,0.002334,0.438808,1.823649,0.015293,0.006076,2.422721,0,0
0,49,39,put the yellow and white mug in the microwave and close it,FULL_HIT,0.986335,0.005824,0.002507,0.614326,1.830630,0.013294,0.005374,2.600617,0,0
0,49,40,put the yellow and white mug in the microwave and close it,FULL_HIT,0.986233,0.005500,0.002368,0.535016,1.092845,0.010259,0.006357,1.753341,0,0
0,49,41,put the yellow and white mug in the microwave and close it,FULL_HIT,0.983979,0.005206,0.002266,0.456404,1.176714,0.010090,0.003345,1.751766,0,0
0,49,42,put the yellow and white mug in the microwave and close it,FULL_HIT,0.973517,0.004898,0.002190,0.372249,1.217560,0.011379,0.005695,1.714417,0,0
0,49,43,put the yellow and white mug in the microwave and close it,FULL_HIT,0.976854,0.004997,0.002511,0.443399,1.156739,0.009565,0.004192,1.718261,0,0
0,49,44,put the yellow and white mug in the microwave and close it,FULL_HIT,0.982949,0.005320,0.002304,0.489205,1.299274,0.010219,0.004310,1.908980,0,0
0,49,45,put the yellow and white mug in the microwave and close it,FULL_HIT,0.988493,0.006747,0.002976,0.616384,1.386127,0.010731,0.004453,2.146046,0,0
0,49,46,put the yellow and white mug in the microwave and close it,FULL_HIT,0.983418,0.005490,0.002742,0.902592,1.709838,0.014203,0.005385,2.892824,0,0
0,49,47,put the yellow and white mug in the microwave and close it,FULL_HIT,0.984346,0.005107,0.002630,0.487530,1.194314,0.011782,0.003787,1.807388,0,0
0,49,48,put the yellow and white mug in the microwave and close it,FULL_HIT,0.986812,0.006524,0.002754,0.582464,1.392022,0.011046,0.004674,2.114423,0,0
0,49,49,put the yellow and white mug in the microwave and close it,FULL_HIT,0.991979,0.005592,0.002774,0.398168,1.195367,0.011633,0.029540,1.751268,0,0
0,49,50,put the yellow and white mug in the microwave and close it,FULL_HIT,0.988661,0.004861,0.002043,0.381359,1.067534,0.009518,0.004572,1.563759,0,0
