cell,cohort,arm,uid,attempt,task,init,step,Y,pure_policy,actual_controls,nearest_row,retrieved_row,stage,phase,difficulty,hard,retrieved_hard,retrieved_known,event_near,event_end,support,tightness,density,deviation,out_of_tube,under_motion,motion_comparable,persistent_under_motion,run_limit,motion_ratio,motion_cutoff,movement,expected_movement,actual_head_motion,actual_tail_motion,actual_commit_motion,first_stall,last_anchor,nn_query_ms
pi05_spatial_500,p3,r6p3v2_pi05_sp_500_A_r0,r6p3v2_pi05_sp_500_A_r0:eval:0:0,1,0,0,0,1,False,10,51,887,0,0,0.5952845528455285,True,True,True,False,False,39,4.198693676073924,1.0,0.014306248400631312,False,False,True,False,1,1.0428055555698499,0.6709290922082054,0.35958311855706626,0.344822787562317,0.02212831473471247,0.05899857110196997,0.08091954365280607,False,False,0.01888199767563492
pi05_spatial_500,p3,r6p3v2_pi05_sp_500_A_r0,r6p3v2_pi05_sp_500_A_r0:eval:0:0,1,0,0,2,1,False,10,442,889,2,0,0.27293844367015097,False,False,True,False,False,0,,0.3333333333333333,0.04168480266012861,False,False,True,False,1,0.9388360417623189,0.6709290922082054,0.5472224353165738,0.5828732717689078,0.06557898240477546,0.06786963359304289,0.13111436362740844,False,False,0.01888199767563492
pi05_spatial_500,p3,r6p3v2_pi05_sp_500_A_r0,r6p3v2_pi05_sp_500_A_r0:eval:0:0,1,0,0,4,1,False,10,55,907,2,0,0.6953985851546828,True,False,True,False,True,39,4.9013443609043,0.25,0.12196716703715017,False,False,True,False,1,0.9485807394217176,0.6709290922082054,0.46369822475833533,0.4888336917329981,0.06208548109914667,0.05832912131743261,0.11577425987390184,False,False,0.01888199767563492
pi05_spatial_500,p3,r6p3v2_pi05_sp_500_A_r0,r6p3v2_pi05_sp_500_A_r0:eval:0:0,1,0,0,6,1,False,10,606,476,3,0,0.7205511561609123,True,True,True,True,True,39,2.7383029007517714,0.5,0.11377412946170015,False,False,True,False,1,0.9137174771925862,0.6709290922082054,0.3952051987337545,0.43252450412574983,0.062418134554318265,0.04182836004721806,0.10386485536026789,False,False,0.01888199767563492
pi05_spatial_500,p3,r6p3v2_pi05_sp_500_A_r0,r6p3v2_pi05_sp_500_A_r0:eval:0:0,1,0,0,8,1,False,10,329,608,4,1,0.2829753985851547,False,False,True,True,False,39,2.1132817018173875,0.5,0.12868291501287765,False,False,True,False,1,1.0234947964352232,0.6709290922082054,0.16330839935996638,0.15955957951985753,0.007519063629851254,0.03621930612034018,0.0430846865354286,False,False,0.01888199767563492
pi05_spatial_500,p3,r6p3v2_pi05_sp_500_A_r0,r6p3v2_pi05_sp_500_A_r0:eval:0:0,1,0,0,10,1,False,10,913,610,5,1,0.24930208003378737,False,False,True,False,False,3,2.4391028117364972,0.3333333333333333,0.16849396801341018,False,False,True,False,1,1.1053088903814963,0.6709290922082054,0.4014143339824467,0.3631693705493484,0.05816053253579777,0.05262010563118281,0.10774005120719156,False,False,0.01888199767563492
pi05_spatial_500,p3,r6p3v2_pi05_sp_500_A_r0,r6p3v2_pi05_sp_500_A_r0:eval:0:0,1,0,0,12,1,False,10,793,612,5,1,0.2975208531306092,False,False,True,False,False,39,2.202576527385031,0.5,0.1310215089433403,False,False,True,False,1,1.0278954097021789,0.6709290922082054,0.32113682424030454,0.3124216931111214,0.04727901670070959,0.04983904300802548,0.08545144389321828,False,False,0.01888199767563492
pi05_spatial_500,p3,r6p3v2_pi05_sp_500_A_r0,r6p3v2_pi05_sp_500_A_r0:eval:0:0,1,0,0,14,1,False,1,614,614,6,1,0.26021117094287827,False,False,True,False,False,39,2.476252097288213,0.3333333333333333,0.1103064837704381,False,False,False,False,1,,0.6709290922082054,,,0.010648614034573917,0.0,0.010648614034573917,False,True,0.01888199767563492
pi05_spatial_500,p3,r6p3v2_pi05_sp_500_A_r0,r6p3v2_pi05_sp_500_A_r0:eval:0:1,1,0,1,0,1,False,10,486,796,0,0,0.6110421286031041,True,True,True,False,False,39,4.6439974631631324,1.0,0.02082919779649277,False,False,True,False,1,1.0814560833351856,0.6709290922082054,0.3590047503378297,0.33196424327344604,0.022351421462042092,0.058278543634972466,0.08039785534480011,False,False,0.01706124749034643
pi05_spatial_500,p3,r6p3v2_pi05_sp_500_A_r0,r6p3v2_pi05_sp_500_A_r0:eval:0:1,1,0,1,2,1,False,10,904,798,2,0,0.19842888818498575,False,False,True,False,False,3,2.5354360294010903,0.25,0.06898173162134541,False,False,True,False,1,0.9976510768438397,0.6709290922082054,0.5489461745302313,0.5502386428197649,0.06538592214239183,0.0684734377775097,0.1318490735537891,False,False,0.01706124749034643
pi05_spatial_500,p3,r6p3v2_pi05_sp_500_A_r0,r6p3v2_pi05_sp_500_A_r0:eval:0:1,1,0,1,4,1,False,10,709,785,2,0,0.7002111709428783,True,True,True,False,True,39,3.3797249774232507,0.3333333333333333,0.12507882055338715,False,False,True,False,1,0.9077046593367532,0.6709290922082054,0.4791497181897043,0.5278696250604378,0.06391755652482152,0.05954249059460853,0.11899349665474185,False,False,0.01706124749034643
pi05_spatial_500,p3,r6p3v2_pi05_sp_500_A_r0,r6p3v2_pi05_sp_500_A_r0:eval:0:1,1,0,1,6,1,False,10,787,711,2,0,0.5281258578819554,True,True,True,True,True,39,2.5284163600426584,0.25,0.09163255457390289,False,False,True,False,1,0.9435563316726993,0.6709290922082054,0.3966146569073623,0.4203401997252878,0.06338860598433788,0.041686101371386196,0.10451624668726943,False,False,0.01706124749034643
pi05_spatial_500,p3,r6p3v2_pi05_sp_500_A_r0,r6p3v2_pi05_sp_500_A_r0:eval:0:1,1,0,1,8,1,False,10,713,478,3,1,0.36782388343363953,False,False,True,True,False,39,2.6182003166156975,0.5,0.12360899782088762,False,False,True,False,1,1.1777506498660113,0.6709290922082054,0.16322925393890053,0.13859406824141474,0.007949358147490457,0.035664737660332645,0.04308488412854839,False,False,0.01706124749034643
pi05_spatial_500,p3,r6p3v2_pi05_sp_500_A_r0,r6p3v2_pi05_sp_500_A_r0:eval:0:1,1,0,1,10,1,False,10,480,610,4,1,0.2541505648822722,False,False,True,False,False,39,2.4670635429918795,0.3333333333333333,0.17780942833221686,False,False,True,False,1,1.0332110250798239,0.6709290922082054,0.41249844750578035,0.3992393010652509,0.05576397203660266,0.056610261368663414,0.11032034059651114,False,False,0.01706124749034643
pi05_spatial_500,p3,r6p3v2_pi05_sp_500_A_r0,r6p3v2_pi05_sp_500_A_r0:eval:0:1,1,0,1,12,1,False,10,612,612,6,1,0.26021117094287827,False,False,True,False,False,39,2.476252097288213,0.3333333333333333,0.09714797654356114,False,False,True,False,1,0.9502992292471624,0.6709290922082054,0.3041344871564701,0.3200407595799155,0.046634206528692025,0.046625614101025184,0.0817666032846342,False,False,0.01706124749034643
pi05_spatial_500,p3,r6p3v2_pi05_sp_500_A_r0,r6p3v2_pi05_sp_500_A_r0:eval:0:1,1,0,1,14,1,False,5,614,614,6,1,0.26021117094287827,False,False,True,False,False,39,2.476252097288213,0.3333333333333333,0.12074077564709698,False,False,False,False,1,,0.6709290922082054,,,0.05023532475352185,0.0,0.05023532475352185,False,True,0.01706124749034643
pi05_spatial_500,p3,r6p3v2_pi05_sp_500_A_r0,r6p3v2_pi05_sp_500_A_r0:eval:1:0,1,1,0,0,1,False,10,1040,1668,0,0,0.6089382362304998,True,True,True,False,False,43,6.987379367619847,1.0,0.005634755503443524,False,False,True,False,2,1.0363608434414404,0.7069033121183256,0.21988424143395252,0.21216957667349104,0.025395695013765086,0.05215312096587681,0.07752757782327879,False,False,0.011388328857719898
pi05_spatial_500,p3,r6p3v2_pi05_sp_500_A_r0,r6p3v2_pi05_sp_500_A_r0:eval:1:0,1,1,0,2,1,False,10,1739,1395,1,0,0.2663933991297888,False,False,True,False,False,4,4.055488443237237,0.25,0.04241299075482807,False,False,True,False,2,0.9977522595078608,0.7069033121183256,0.31144706946827405,0.312148698737996,0.05499532814590491,0.05489722970204633,0.10985120315892812,False,False,0.011388328857719898
pi05_spatial_500,p3,r6p3v2_pi05_sp_500_A_r0,r6p3v2_pi05_sp_500_A_r0:eval:1:0,1,1,0,4,1,False,10,1289,1397,1,0,0.21208479252891863,False,False,True,False,False,43,4.1076219632114075,0.2,0.05822681755576809,False,False,True,False,2,1.0002784826887472,0.7069033121183256,0.3198763000016226,0.3197872447898665,0.054549679391033994,0.05559270074733271,0.10957550535217248,False,False,0.011388328857719898
pi05_spatial_500,p3,r6p3v2_pi05_sp_500_A_r0,r6p3v2_pi05_sp_500_A_r0:eval:1:0,1,1,0,6,1,False,10,1586,1399,1,0,0.08153056351480421,False,False,True,False,False,43,3.336368904850767,0.16666666666666666,0.07378272324105577,False,False,True,False,2,1.0910420673939663,0.7069033121183256,0.4059269086380937,0.3720543146495532,0.05626244602611434,0.058576950685830007,0.11216926670791538,False,False,0.011388328857719898
pi05_spatial_500,p3,r6p3v2_pi05_sp_500_A_r0,r6p3v2_pi05_sp_500_A_r0:eval:1:0,1,1,0,8,1,False,10,1293,1048,2,0,0.7133848031412501,True,True,True,False,True,43,5.688442603190524,0.25,0.08926586768686724,False,False,True,False,2,0.9610258509089102,0.7069033121183256,0.43559761574695804,0.4532631617921438,0.06013092650453727,0.05443874890229301,0.11423599515810766,False,False,0.011388328857719898
pi05_spatial_500,p3,r6p3v2_pi05_sp_500_A_r0,r6p3v2_pi05_sp_500_A_r0:eval:1:0,1,1,0,10,1,False,10,1919,1184,2,0,0.5953796561604584,True,True,True,True,True,43,5.039165481260067,0.16666666666666666,0.11310272180672873,False,False,True,False,2,1.2253951179766631,0.7069033121183256,0.1370842264497074,0.1118694080290257,0.032683944613844745,0.008447183038562478,0.037359033962765915,False,False,0.011388328857719898
pi05_spatial_500,p3,r6p3v2_pi05_sp_500_A_r0,r6p3v2_pi05_sp_500_A_r0:eval:1:0,1,1,0,12,1,False,10,1186,1814,4,1,0.29845590576249603,False,False,True,False,False,43,3.279720286224546,0.5,0.1268512512226522,False,False,True,False,2,0.8141767057559748,0.7069033121183256,0.26398784423070165,0.3242390040938166,0.01894875265138745,0.05082182228107574,0.06912670749139677,False,False,0.011388328857719898
pi05_spatial_500,p3,r6p3v2_pi05_sp_500_A_r0,r6p3v2_pi05_sp_500_A_r0:eval:1:0,1,1,0,14,1,False,10,2011,1055,5,1,0.2938382150058368,False,False,True,False,False,43,3.668087157513092,0.3333333333333333,0.09900657242552789,False,False,True,False,2,0.9960731403977953,0.7069033121183256,0.47108358257348965,0.47294075451663725,0.0638965253779195,0.06955777968293543,0.13108846987734302,False,False,0.011388328857719898
pi05_spatial_500,p3,r6p3v2_pi05_sp_500_A_r0,r6p3v2_pi05_sp_500_A_r0:eval:1:0,1,1,0,16,1,False,10,1366,2013,5,1,0.22220497718348722,False,False,True,False,False,43,3.017340468772868,0.3333333333333333,0.1170600471695728,False,False,True,False,2,0.9939440437202623,0.7069033121183256,0.40921827426996177,0.4117115816080417,0.06556757325037338,0.061531906210899705,0.12483919119675183,False,False,0.011388328857719898
pi05_spatial_500,p3,r6p3v2_pi05_sp_500_A_r0,r6p3v2_pi05_sp_500_A_r0:eval:1:0,1,1,0,18,1,False,10,968,1799,6,1,0.2317560755598005,False,False,True,False,False,43,3.09401686517638,0.3333333333333333,0.12693213630680156,False,False,True,False,2,0.9522579586206853,0.7069033121183256,0.38840920918745686,0.40788234497935305,0.06010904222232533,0.05292658502348138,0.10961899746054315,False,False,0.011388328857719898
pi05_spatial_500,p3,r6p3v2_pi05_sp_500_A_r0,r6p3v2_pi05_sp_500_A_r0:eval:1:0,1,1,0,20,1,False,10,1369,1801,6,1,0.26518491987689696,False,False,True,False,False,43,3.4661651003145835,0.3333333333333333,0.14999996060578347,False,False,True,False,2,1.0474367911829012,0.7069033121183256,0.3382472292501005,0.32292853573350994,0.0466581887202104,0.04344760744450047,0.0882851103759488,False,False,0.011388328857719898
pi05_spatial_500,p3,r6p3v2_pi05_sp_500_A_r0,r6p3v2_pi05_sp_500_A_r0:eval:1:0,1,1,0,22,1,False,2,1371,1491,7,1,0.352968799745304,False,False,True,False,False,43,3.2439229604150337,1.0,0.16783094462175221,False,False,False,False,2,,0.7069033121183256,,,0.014468488690734927,0.0,0.014468488690734927,False,True,0.011388328857719898
pi05_spatial_500,p3,r6p3v2_pi05_sp_500_A_r0,r6p3v2_pi05_sp_500_A_r0:eval:1:1,1,1,1,0,1,False,10,1868,1350,0,0,0.5535418656478828,False,True,True,False,False,43,5.149784753198183,1.0,0.019404755913777737,False,False,True,False,2,0.9484626278779755,0.7069033121183256,0.22229148442442534,0.23437031453918736,0.025887639589289524,0.052462664230299876,0.07834093192864396,False,False,0.014309453862634573
pi05_spatial_500,p3,r6p3v2_pi05_sp_500_A_r0,r6p3v2_pi05_sp_500_A_r0:eval:1:1,1,1,1,2,1,False,10,1065,1694,1,0,0.3007773532845166,False,False,True,False,False,43,4.375826820597688,0.25,0.03251842679624503,False,False,True,False,2,1.0072315967934191,0.7069033121183256,0.31467123675427355,0.31241199914304507,0.05546011660711158,0.0554822348196327,0.11090369449812308,False,False,0.014309453862634573
pi05_spatial_500,p3,r6p3v2_pi05_sp_500_A_r0,r6p3v2_pi05_sp_500_A_r0:eval:1:1,1,1,1,4,1,False,10,1786,1696,1,0,0.17961105804945346,False,False,True,False,False,43,3.8981889918257395,0.2,0.054965096563540684,False,False,True,False,2,0.9511154989496503,0.7069033121183256,0.32384809060322606,0.3404929169599935,0.055079184039546064,0.05589031882026825,0.1103124025028873,False,False,0.014309453862634573
pi05_spatial_500,p3,r6p3v2_pi05_sp_500_A_r0,r6p3v2_pi05_sp_500_A_r0:eval:1:1,1,1,1,6,1,False,10,1138,1698,2,0,0.6399739997877534,True,True,True,False,True,43,5.251252710535718,0.2,0.06632285130968019,False,False,True,False,2,1.0051096518698872,0.7069033121183256,0.41691555101073674,0.41479608740709517,0.05564179754025076,0.0593312207504765,0.1130006339990355,False,False,0.014309453862634573
pi05_spatial_500,p3,r6p3v2_pi05_sp_500_A_r0,r6p3v2_pi05_sp_500_A_r0:eval:1:1,1,1,1,8,1,False,10,1545,1700,2,0,0.5788469701793484,True,True,True,False,True,43,4.473388360037145,0.2,0.08599746153442923,False,False,True,False,2,0.9590754022376402,0.7069033121183256,0.40169455001202553,0.4188352126170925,0.0594005251365504,0.04638871180037171,0.1057384554503516,False,False,0.014309453862634573
pi05_spatial_500,p3,r6p3v2_pi05_sp_500_A_r0,r6p3v2_pi05_sp_500_A_r0:eval:1:1,1,1,1,10,1,False,10,961,1295,3,1,0.8639525628780643,True,True,True,True,True,43,4.8380398829532965,1.0,0.08665382398234531,False,False,True,False,2,1.347686124104269,0.7069033121183256,0.04581841078861047,0.033997835229670696,0.01608258399441784,0.005263040545003181,0.01362580459656971,False,False,0.014309453862634573
pi05_spatial_500,p3,r6p3v2_pi05_sp_500_A_r0,r6p3v2_pi05_sp_500_A_r0:eval:1:1,1,1,1,12,1,False,10,1297,1703,4,1,0.23391966465032366,False,False,True,False,False,43,3.836762225187134,0.25,0.1393529464302788,False,False,True,False,2,1.1567056963448106,0.7069033121183256,0.24379336622899017,0.21076525083206307,0.017159379066699964,0.046943941199764944,0.0638443944150667,False,False,0.014309453862634573
pi05_spatial_500,p3,r6p3v2_pi05_sp_500_A_r0,r6p3v2_pi05_sp_500_A_r0:eval:1:1,1,1,1,14,1,False,10,1774,1774,6,1,0.18711928260638863,False,False,True,False,False,43,3.513516637088926,0.25,0.13329147340827144,False,False,True,False,2,0.965214683873771,0.7069033121183256,0.45201755799820753,0.46830779260846966,0.06417887269752734,0.06565238070923271,0.12677368847242312,False,False,0.014309453862634573
pi05_spatial_500,p3,r6p3v2_pi05_sp_500_A_r0,r6p3v2_pi05_sp_500_A_r0:eval:1:1,1,1,1,16,1,False,10,1640,1708,5,1,0.18902950228165127,False,False,True,False,False,4,3.517290565311261,0.25,0.16060905806246448,False,False,True,False,2,0.9286815870659314,0.7069033121183256,0.37194873363049175,0.40051266097093985,0.05786854877165194,0.05965687857993953,0.11323450664293348,False,False,0.014309453862634573
pi05_spatial_500,p3,r6p3v2_pi05_sp_500_A_r0,r6p3v2_pi05_sp_500_A_r0:eval:1:1,1,1,1,18,1,False,10,1993,1949,6,1,0.39030430860660087,False,False,True,False,False,43,4.45217323098607,0.3333333333333333,0.24986640211457808,False,False,True,False,2,0.966914197105094,0.7069033121183256,0.3883092569610373,0.40159639616795484,0.059166793237864446,0.048076061027947974,0.10519805904631792,False,False,0.014309453862634573
pi05_spatial_500,p3,r6p3v2_pi05_sp_500_A_r0,r6p3v2_pi05_sp_500_A_r0:eval:1:1,1,1,1,20,1,False,5,1645,1578,6,1,0.513513477661042,False,False,True,True,True,4,0.0,0.3333333333333333,0.18703901724429542,False,False,False,False,2,,0.7069033121183256,,,0.03676315337374461,0.0,0.03676315337374461,False,True,0.014309453862634573
pi05_spatial_500,p3,r6p3v2_pi05_sp_500_A_r0,r6p3v2_pi05_sp_500_A_r0:eval:2:0,1,2,0,0,1,False,10,2756,2360,0,0,0.6131212609295904,True,False,True,False,False,42,5.518082388771382,1.0,0.013138270595250842,False,False,True,False,2,1.1890028234530219,0.6137567275250041,0.16079321513932324,0.13523366973373405,0.005678470421969946,0.03799320596571295,0.04366926880452904,False,False,0.014408899005502462
pi05_spatial_500,p3,r6p3v2_pi05_sp_500_A_r0,r6p3v2_pi05_sp_500_A_r0:eval:2:0,1,2,0,2,1,False,10,2758,2484,1,0,0.25012463568031906,False,True,True,False,False,42,3.444828251835711,0.25,0.041728153685612474,False,False,True,False,2,1.029865768498829,0.6137567275250041,0.3842578569288443,0.37311450548448943,0.052485272079356826,0.05554650813132432,0.10606503395538489,False,False,0.014408899005502462
pi05_spatial_500,p3,r6p3v2_pi05_sp_500_A_r0,r6p3v2_pi05_sp_500_A_r0:eval:2:0,1,2,0,4,1,False,10,2979,2979,2,0,0.5727968246663598,True,True,True,False,True,42,3.838095655253399,0.2,0.07227393089670654,False,False,True,False,2,1.0001748501386274,0.6137567275250041,0.4185405323654492,0.41846736328896705,0.05788477659464361,0.051284503088656765,0.10793250957793199,False,False,0.014408899005502462
pi05_spatial_500,p3,r6p3v2_pi05_sp_500_A_r0,r6p3v2_pi05_sp_500_A_r0:eval:2:0,1,2,0,6,1,False,10,2107,2981,2,0,0.7134370046530654,True,True,True,False,True,42,4.427516044657998,0.25,0.09834922437131931,False,False,True,False,2,0.7382217779998392,0.6137567275250041,0.28926276639695847,0.39183721615568684,0.040558002778157166,0.03270528681976799,0.07318767060480745,False,False,0.014408899005502462
pi05_spatial_500,p3,r6p3v2_pi05_sp_500_A_r0,r6p3v2_pi05_sp_500_A_r0:eval:2:0,1,2,0,8,1,False,10,2166,2904,3,1,0.406890755228307,False,False,True,True,False,42,3.7955379401774385,0.5,0.14455882557303132,False,True,True,False,2,0.369589544700443,0.6137567275250041,0.03776207162624323,0.10217299749875196,0.011394988546235359,0.008537510033621252,0.010966118497756788,True,False,0.014408899005502462
pi05_spatial_500,p3,r6p3v2_pi05_sp_500_A_r0,r6p3v2_pi05_sp_500_A_r0:eval:2:0,1,2,0,10,1,False,10,2492,2906,3,1,0.1010987114588127,False,False,True,False,False,42,2.781243951144063,0.2,0.09281265711554494,False,False,True,False,2,0.6913450114730718,0.6137567275250041,0.3003909358785709,0.4345022107536698,0.02684289846582979,0.049267148624254666,0.07541621125202067,False,False,0.014408899005502462
pi05_spatial_500,p3,r6p3v2_pi05_sp_500_A_r0,r6p3v2_pi05_sp_500_A_r0:eval:2:0,1,2,0,12,1,False,10,2132,2493,5,1,0.3444642583218285,False,False,True,False,False,42,4.092500981647043,0.25,0.11981715818930536,False,False,True,False,2,0.9087091224185342,0.6137567275250041,0.43747032883807857,0.4814195412430206,0.057877486868972865,0.05217762139239662,0.10767286067295863,False,False,0.014408899005502462
pi05_spatial_500,p3,r6p3v2_pi05_sp_500_A_r0,r6p3v2_pi05_sp_500_A_r0:eval:2:0,1,2,0,14,1,False,10,2134,2374,5,1,0.3444642583218285,False,False,True,False,False,42,4.092500981647043,0.25,0.14223110141416065,False,False,True,False,2,0.9833756315478382,0.6137567275250041,0.37256926866954687,0.3788677049919581,0.048191189169634975,0.046206043991141074,0.09263229729222829,False,False,0.014408899005502462
pi05_spatial_500,p3,r6p3v2_pi05_sp_500_A_r0,r6p3v2_pi05_sp_500_A_r0:eval:2:0,1,2,0,16,1,False,10,2274,2376,6,1,0.15159214092140919,False,False,True,False,False,42,2.610423059384271,0.25,0.15312776483081075,False,False,True,False,2,0.9912743633969807,0.6137567275250041,0.28784738619764516,0.2903811465588861,0.04080702186774297,0.033589275404619534,0.07289573717103472,False,False,0.014408899005502462
pi05_spatial_500,p3,r6p3v2_pi05_sp_500_A_r0,r6p3v2_pi05_sp_500_A_r0:eval:2:0,1,2,0,18,1,False,5,2914,2378,6,1,0.2165816587411157,False,False,True,False,False,42,3.2391700887107504,0.25,0.15224905026964583,False,False,False,False,2,,0.6137567275250041,,0.2075096509393518,0.030768258636356863,0.0,0.030768258636356863,False,True,0.014408899005502462
pi05_spatial_500,p3,r6p3v2_pi05_sp_500_A_r0,r6p3v2_pi05_sp_500_A_r0:eval:2:1,1,2,1,0,1,False,10,3035,2628,0,0,0.5051548039065296,False,False,True,False,False,42,3.91172215413207,1.0,0.026713326955755907,False,False,True,False,2,1.885041825714693,0.6137567275250041,0.19760903716081585,0.10483005441319294,0.011442508496340794,0.04238937360172138,0.053813589798636555,False,False,0.016906799282878637
pi05_spatial_500,p3,r6p3v2_pi05_sp_500_A_r0,r6p3v2_pi05_sp_500_A_r0:eval:2:1,1,2,1,2,1,False,10,2878,2362,1,0,0.42575867975660886,False,True,True,False,False,5,3.9002224239176795,0.5,0.035041581852202755,False,False,True,False,2,0.9666192783076185,0.6137567275250041,0.38816952375285146,0.40157436589974543,0.05291706786148284,0.054971608532096164,0.1060446878470812,False,False,0.016906799282878637
pi05_spatial_500,p3,r6p3v2_pi05_sp_500_A_r0,r6p3v2_pi05_sp_500_A_r0:eval:2:1,1,2,1,4,1,False,10,2900,2900,2,0,0.663991793219819,True,True,True,False,True,42,4.615947756300605,0.2,0.03875409986177279,False,False,True,False,2,1.0197164429728751,0.6137567275250041,0.4183724477813519,0.4102831239649637,0.05698318766705647,0.05105403587541881,0.10683832720484829,False,False,0.016906799282878637
pi05_spatial_500,p3,r6p3v2_pi05_sp_500_A_r0,r6p3v2_pi05_sp_500_A_r0:eval:2:1,1,2,1,6,1,False,10,2126,2783,2,0,0.6985829881883724,True,True,True,True,True,42,5.787499751295533,0.2,0.11398766372198718,False,False,True,False,2,1.0558015415412454,0.6137567275250041,0.27130545090560293,0.25696633337886093,0.03902645028851742,0.029835118322368355,0.06868446098932997,False,False,0.016906799282878637
pi05_spatial_500,p3,r6p3v2_pi05_sp_500_A_r0,r6p3v2_pi05_sp_500_A_r0:eval:2:1,1,2,1,8,1,False,10,2616,2904,2,1,0.5127607761926676,False,False,True,True,False,42,4.74798212078582,0.5,0.11753313347489146,False,False,True,False,2,0.6595570990864795,0.6137567275250041,0.03933592013808862,0.05963990106780882,0.009637717588566201,0.010329539067189926,0.011459083692150063,False,False,0.016906799282878637
pi05_spatial_500,p3,r6p3v2_pi05_sp_500_A_r0,r6p3v2_pi05_sp_500_A_r0:eval:2:1,1,2,1,10,1,False,10,2329,2329,5,1,0.1872315539193128,False,False,True,False,False,42,3.0340962551601236,0.25,0.10888050898275112,False,False,True,False,2,0.9615969922256711,0.6137567275250041,0.33835173504282984,0.35186438578566626,0.030817790288830263,0.054873413575183466,0.08456667910469262,False,False,0.016906799282878637
pi05_spatial_500,p3,r6p3v2_pi05_sp_500_A_r0,r6p3v2_pi05_sp_500_A_r0:eval:2:1,1,2,1,12,1,False,10,3047,3047,4,1,0.22077453085851614,False,False,True,False,False,42,3.264337040268659,0.25,0.14112924794654588,False,False,True,False,2,1.0364162019949161,0.6137567275250041,0.4612428618291179,0.4450363289779798,0.061916730702226794,0.05402312499914069,0.11343842037907757,False,False,0.016906799282878637
pi05_spatial_500,p3,r6p3v2_pi05_sp_500_A_r0,r6p3v2_pi05_sp_500_A_r0:eval:2:1,1,2,1,14,1,False,10,2172,2374,5,1,0.14739926880400878,False,False,True,False,False,42,2.570704441503119,0.25,0.17688057219685954,False,False,True,False,2,0.9406290609445819,0.6137567275250041,0.37406263522990585,0.3976728455043386,0.04901785865700301,0.046950763118532586,0.0939623680680307,False,False,0.016906799282878637
pi05_spatial_500,p3,r6p3v2_pi05_sp_500_A_r0,r6p3v2_pi05_sp_500_A_r0:eval:2:1,1,2,1,16,1,False,10,2174,2376,5,1,0.14739926880400878,False,False,True,False,False,42,2.570704441503119,0.25,0.16604159735947002,False,False,True,False,2,0.7261242668086482,0.6137567275250041,0.28274486677867566,0.38938908903479186,0.04042060972717389,0.032705188971336334,0.07162033560578533,False,False,0.016906799282878637
pi05_spatial_500,p3,r6p3v2_pi05_sp_500_A_r0,r6p3v2_pi05_sp_500_A_r0:eval:2:1,1,2,1,18,1,False,6,2914,2812,6,1,0.2165816587411157,False,False,True,False,False,42,3.2391700887107504,0.25,0.15111759010249728,False,False,False,False,2,,0.6137567275250041,,0.2075096509393518,0.03214148100539383,0.005233703424955305,0.03736607306320069,False,True,0.016906799282878637
pi05_spatial_500,p3,r6p3v2_pi05_sp_500_A_r0,r6p3v2_pi05_sp_500_A_r0:eval:3:0,1,3,0,0,1,False,10,3628,3325,0,0,0.5971769815418023,True,True,True,False,False,43,4.756184735036848,1.0,0.01805250401783292,False,False,True,False,1,1.1660345694960235,0.762086092106727,0.28071017514785396,0.2407391534448081,0.01958963713613675,0.05793070965381683,0.07748649051589361,False,False,0.019542665945159063
pi05_spatial_500,p3,r6p3v2_pi05_sp_500_A_r0,r6p3v2_pi05_sp_500_A_r0:eval:3:0,1,3,0,2,1,False,10,3547,3209,1,0,0.38925081433224756,False,False,True,False,False,43,3.7622088013197224,0.3333333333333333,0.06064988213194298,False,False,True,False,1,0.9993788278054606,0.762086092106727,0.4122727828460068,0.41252903441162353,0.06040346653876403,0.060139732669395186,0.12013939691504782,False,False,0.019542665945159063
pi05_spatial_500,p3,r6p3v2_pi05_sp_500_A_r0,r6p3v2_pi05_sp_500_A_r0:eval:3:0,1,3,0,4,1,False,10,3632,3431,2,0,0.5971769815418023,True,True,True,False,True,43,3.268447222342038,0.25,0.06192814293012805,False,False,True,False,1,0.9694501088029899,0.762086092106727,0.46408997501154026,0.47871465565625293,0.0638444463634269,0.06504489083144545,0.12656599858417905,False,False,0.019542665945159063
pi05_spatial_500,p3,r6p3v2_pi05_sp_500_A_r0,r6p3v2_pi05_sp_500_A_r0:eval:3:0,1,3,0,6,1,False,10,3634,3331,2,0,0.5971769815418023,True,True,True,False,True,43,3.268447222342038,0.25,0.0770546897394315,False,False,True,False,1,0.984652829546864,0.762086092106727,0.4339698174826236,0.44073383476929223,0.05694268510403156,0.04797787240095339,0.1018684565043401,False,False,0.019542665945159063
pi05_spatial_500,p3,r6p3v2_pi05_sp_500_A_r0,r6p3v2_pi05_sp_500_A_r0:eval:3:0,1,3,0,8,1,False,10,3553,3653,3,1,0.32084690553745926,False,False,True,True,False,43,2.827522424340059,0.3333333333333333,0.1445348211245255,False,False,True,False,1,1.1629824454418058,0.762086092106727,0.2201228194635735,0.18927441280504537,0.03904198637170671,0.016567063749111554,0.05484886007364684,False,False,0.019542665945159063
pi05_spatial_500,p3,r6p3v2_pi05_sp_500_A_r0,r6p3v2_pi05_sp_500_A_r0:eval:3:0,1,3,0,10,1,False,10,3555,3217,3,1,0.32084690553745926,False,False,True,False,False,43,2.827522424340059,0.3333333333333333,0.16608001939476713,False,False,True,False,1,1.069732801535691,0.762086092106727,0.2976544294835219,0.278251194182523,0.017365083369955278,0.05362782572734554,0.06979376504618036,False,False,0.019542665945159063
pi05_spatial_500,p3,r6p3v2_pi05_sp_500_A_r0,r6p3v2_pi05_sp_500_A_r0:eval:3:0,1,3,0,12,1,False,10,3557,3219,4,1,0.3914223669923995,False,False,True,False,False,43,2.5388774107515863,0.5,0.1155022959911863,False,False,True,False,1,1.0294528375403944,0.762086092106727,0.4360758489618702,0.4235996376519377,0.05959118811095422,0.05061253879849192,0.10185071463021261,False,False,0.019542665945159063
pi05_spatial_500,p3,r6p3v2_pi05_sp_500_A_r0,r6p3v2_pi05_sp_500_A_r0:eval:3:0,1,3,0,14,1,False,10,3675,3608,5,1,0.2665580890336591,False,False,True,False,False,43,2.3413416234571462,0.3333333333333333,0.07142205034447141,False,False,True,False,1,1.0387399547385978,0.762086092106727,0.48728923141643576,0.4691157100422344,0.06003283972977073,0.05951792464503803,0.11391437871141956,False,False,0.019542665945159063
pi05_spatial_500,p3,r6p3v2_pi05_sp_500_A_r0,r6p3v2_pi05_sp_500_A_r0:eval:3:0,1,3,0,16,1,False,4,3223,3139,5,1,0.2817589576547231,False,False,True,False,False,43,2.4777802807589424,0.3333333333333333,0.07782924124673657,False,False,False,False,1,,0.762086092106727,,,0.033722017907460725,0.0,0.033722017907460725,False,True,0.019542665945159063
pi05_spatial_500,p3,r6p3v2_pi05_sp_500_A_r0,r6p3v2_pi05_sp_500_A_r0:eval:3:1,1,3,1,0,1,False,10,3494,3307,0,0,0.6308360477741585,True,True,True,False,False,43,6.211880275111322,1.0,0.0193809672682078,False,False,True,False,1,1.0029514482322646,0.762086092106727,0.28113493266947753,0.2803076192421749,0.022398362989177162,0.05746897724528305,0.07980143012269753,False,False,0.013121558974186579
pi05_spatial_500,p3,r6p3v2_pi05_sp_500_A_r0,r6p3v2_pi05_sp_500_A_r0:eval:3:1,1,3,1,2,1,False,10,3309,3309,1,0,0.3968512486427796,False,False,True,False,False,43,3.9190397303612965,0.3333333333333333,0.10787194075221375,False,False,True,False,1,0.9912410612823171,0.762086092106727,0.4141064807920931,0.41776566464708903,0.059457933518472894,0.060878485294760906,0.1200301441897384,False,False,0.013121558974186579
pi05_spatial_500,p3,r6p3v2_pi05_sp_500_A_r0,r6p3v2_pi05_sp_500_A_r0:eval:3:1,1,3,1,4,1,False,10,3059,3632,2,0,0.38653637350705755,False,True,True,False,True,43,1.7772919608847233,0.2,0.12190736373737188,False,False,True,False,1,0.996894256509022,0.762086092106727,0.4750767064910367,0.4765567695762296,0.06496895422436287,0.06549050543712341,0.12771535864416056,False,False,0.013121558974186579
pi05_spatial_500,p3,r6p3v2_pi05_sp_500_A_r0,r6p3v2_pi05_sp_500_A_r0:eval:3:1,1,3,1,6,1,False,10,3130,3617,2,0,0.5559174809989142,True,True,True,False,True,43,2.741423468854946,0.25,0.13192335804804758,False,False,True,False,1,0.9490355267735766,0.762086092106727,0.42719844220455727,0.45013956817496403,0.0547201698328721,0.04798838450443234,0.10018224694550255,False,False,0.013121558974186579
pi05_spatial_500,p3,r6p3v2_pi05_sp_500_A_r0,r6p3v2_pi05_sp_500_A_r0:eval:3:1,1,3,1,8,1,False,10,3837,3619,2,0,0.5472312703583062,True,False,True,True,True,43,2.6821008729966147,0.25,0.20072634882657622,False,True,True,False,1,0.5989131225068713,0.762086092106727,0.1906133701058762,0.31826547614790207,0.037016893704451354,0.011981496071196175,0.04757244764142958,True,False,0.013121558974186579
pi05_spatial_500,p3,r6p3v2_pi05_sp_500_A_r0,r6p3v2_pi05_sp_500_A_r0:eval:3:1,1,3,1,10,1,False,10,3488,3621,3,1,0.27741585233441907,False,False,True,True,False,43,1.7910183995886235,0.5,0.2504128143788132,False,False,True,False,1,0.8192173231229777,0.762086092106727,0.2995753843723051,0.36568487496123664,0.01865140499295768,0.052036860788721204,0.07020880911253506,False,False,0.013121558974186579
pi05_spatial_500,p3,r6p3v2_pi05_sp_500_A_r0,r6p3v2_pi05_sp_500_A_r0:eval:3:1,1,3,1,12,1,False,10,3185,3606,4,1,0.1981541802388708,False,False,True,False,False,43,1.9313535547366283,0.3333333333333333,0.179341053181546,False,False,True,False,1,0.9020498386446064,0.762086092106727,0.4332434495111909,0.4802877080075418,0.05919296406570599,0.04984587891604045,0.10129889776738624,False,False,0.013121558974186579
pi05_spatial_500,p3,r6p3v2_pi05_sp_500_A_r0,r6p3v2_pi05_sp_500_A_r0:eval:3:1,1,3,1,14,1,False,10,3187,3608,5,1,0.18403908794788273,False,False,True,False,False,43,1.8350905861332465,0.3333333333333333,0.1560660958839769,False,False,True,False,1,0.9659593013547877,0.762086092106727,0.47268454584637315,0.48934209255340105,0.058336106060417885,0.05882588737749644,0.11052912417112581,False,False,0.013121558974186579
pi05_spatial_500,p3,r6p3v2_pi05_sp_500_A_r0,r6p3v2_pi05_sp_500_A_r0:eval:3:1,1,3,1,16,1,False,5,3845,3627,5,1,0.20901194353963085,False,False,True,False,False,43,1.9939208133168318,0.3333333333333333,0.20195260771699597,False,False,False,False,1,,0.762086092106727,,,0.04371059460769234,0.0,0.04371059460769234,False,True,0.013121558974186579
pi05_spatial_500,p3,r6p3v2_pi05_sp_500_A_r0,r6p3v2_pi05_sp_500_A_r0:eval:4:0,2,4,0,0,1,False,10,4969,4023,0,0,0.5798771121351766,True,True,True,False,False,43,6.205389938904875,1.0,0.01492563091379527,False,False,True,False,2,0.9935370022256627,0.6712602412021075,0.22438992903061403,0.22584959445692412,0.016655284569314997,0.050716055885756055,0.06736421484924483,False,False,0.012742588296532631
pi05_spatial_500,p3,r6p3v2_pi05_sp_500_A_r0,r6p3v2_pi05_sp_500_A_r0:eval:4:0,2,4,0,2,1,False,10,4868,4468,1,0,0.21466973886328725,False,False,True,False,False,43,4.237214022576622,0.25,0.04366916021777485,False,False,True,False,2,0.986399085398757,0.6712602412021075,0.38348033323364383,0.3887679326858053,0.05960206559252706,0.05685413967487888,0.11619774613553768,False,False,0.012742588296532631
pi05_spatial_500,p3,r6p3v2_pi05_sp_500_A_r0,r6p3v2_pi05_sp_500_A_r0:eval:4:0,2,4,0,4,1,False,10,4470,4470,1,0,0.2530721966205837,False,False,True,False,False,43,4.594736589866251,0.25,0.0426243209108418,False,False,True,False,2,1.063550349984844,0.6712602412021075,0.3073025573057226,0.28894030010906563,0.052495565230887616,0.04307281324082994,0.09440878134442367,False,False,0.012742588296532631
pi05_spatial_500,p3,r6p3v2_pi05_sp_500_A_r0,r6p3v2_pi05_sp_500_A_r0:eval:4:0,2,4,0,6,1,False,10,4472,4472,2,0,0.46428571428571425,True,True,True,False,True,43,3.1496465650744185,0.25,0.031235534495933946,False,False,True,False,2,0.9173413957911042,0.6712602412021075,0.21830532496968896,0.237976096981239,0.034330337841038935,0.030867353552451977,0.06288215121973775,False,False,0.012742588296532631
pi05_spatial_500,p3,r6p3v2_pi05_sp_500_A_r0,r6p3v2_pi05_sp_500_A_r0:eval:4:0,2,4,0,8,1,False,10,4750,4474,3,0,0.586405529953917,True,True,True,False,True,43,3.442404510332573,0.5,0.07385461473762227,False,False,True,False,2,1.157396851973502,0.6712602412021075,0.2139319739811779,0.18483891123118049,0.04035799097715876,0.021831773357435705,0.06137224367261464,False,False,0.012742588296532631
pi05_spatial_500,p3,r6p3v2_pi05_sp_500_A_r0,r6p3v2_pi05_sp_500_A_r0:eval:4:0,2,4,0,10,1,False,10,4953,4953,4,1,0.8594470046082949,True,True,True,True,True,43,5.528091633426315,1.0,0.0751713574721328,False,False,True,False,2,2.2835973578767694,0.6712602412021075,0.07296410680044975,0.031951388693272055,0.00558595089000251,0.01801407491038332,0.023119160893621572,False,False,0.012742588296532631
pi05_spatial_500,p3,r6p3v2_pi05_sp_500_A_r0,r6p3v2_pi05_sp_500_A_r0:eval:4:0,2,4,0,12,1,False,10,4036,3985,7,1,0.20929339477726575,False,False,True,False,False,4,4.184068646110075,0.25,0.0778169778456397,False,False,True,False,2,1.0439421422480852,0.6712602412021075,0.37583964763768246,0.360019614524161,0.047585393875343156,0.06138062796416544,0.10864576925511617,False,False,0.012742588296532631
pi05_spatial_500,p3,r6p3v2_pi05_sp_500_A_r0,r6p3v2_pi05_sp_500_A_r0:eval:4:0,2,4,0,14,1,False,10,4038,4480,7,1,0.20929339477726575,False,False,True,False,False,4,4.184068646110075,0.25,0.12797751011560363,False,False,True,False,2,1.072385632624591,0.6712602412021075,0.3198117480430848,0.29822457361757754,0.057756887295133404,0.05002957544360726,0.10331978044398772,False,False,0.012742588296532631
pi05_spatial_500,p3,r6p3v2_pi05_sp_500_A_r0,r6p3v2_pi05_sp_500_A_r0:eval:4:0,2,4,0,16,1,False,10,4040,3962,8,1,0.4208909370199693,False,False,True,False,False,4,4.346728028451858,1.0,0.0871994315645262,False,False,True,False,2,1.0222821827205213,0.6712602412021075,0.3242830544158302,0.3172148159257169,0.05315421434785709,0.06147209531110226,0.11313402344831891,False,False,0.012742588296532631
pi05_spatial_500,p3,r6p3v2_pi05_sp_500_A_r0,r6p3v2_pi05_sp_500_A_r0:eval:4:0,2,4,0,18,1,False,10,5158,3964,6,1,0.16474654377880185,False,False,True,False,False,43,4.603081723160243,0.14285714285714285,0.07411470815214206,False,False,True,False,2,0.9488159214538259,0.6712602412021075,0.41895363208664577,0.4415541756979614,0.06603727441151262,0.062374302558331415,0.12625520928601142,False,False,0.012742588296532631
pi05_spatial_500,p3,r6p3v2_pi05_sp_500_A_r0,r6p3v2_pi05_sp_500_A_r0:eval:4:0,2,4,0,20,1,False,10,5160,4044,6,1,0.16474654377880185,False,False,True,False,False,43,4.603081723160243,0.14285714285714285,0.08318762429215561,False,False,True,False,2,0.9677161356401384,0.6712602412021075,0.38088415066761516,0.3935907820898973,0.05993119001419995,0.049448106632633444,0.10887733133963963,False,False,0.012742588296532631
pi05_spatial_500,p3,r6p3v2_pi05_sp_500_A_r0,r6p3v2_pi05_sp_500_A_r0:eval:4:0,2,4,0,22,1,False,9,4739,4021,8,1,0.2515360983102919,False,False,True,False,False,43,4.571372796173521,0.25,0.07108556188864067,False,False,False,False,2,,0.6712602412021075,,,0.04194327206379428,0.032286670486529105,0.07400717747185154,False,True,0.012742588296532631
pi05_spatial_500,p3,r6p3v2_pi05_sp_500_A_r0,r6p3v2_pi05_sp_500_A_r0:eval:4:1,1,4,1,0,1,False,10,4390,4390,0,0,0.6113671274961597,True,True,True,False,False,43,8.729722007482103,1.0,0.022586567330558527,False,False,True,False,2,0.9801263475118486,0.6712602412021075,0.23705195986509767,0.24185857309813008,0.018287180711948396,0.05251303566776403,0.0707886948633883,False,False,0.012160860933363438
pi05_spatial_500,p3,r6p3v2_pi05_sp_500_A_r0,r6p3v2_pi05_sp_500_A_r0:eval:4:1,1,4,1,2,1,False,10,4187,4339,1,0,0.45199692780337947,True,False,True,False,False,43,5.639261625259394,0.5,0.061462891108103,False,False,True,False,2,0.9935249142874686,0.6712602412021075,0.3906827525846816,0.3932289436997859,0.06003632215015171,0.05768276473927613,0.11747075576156747,False,False,0.012160860933363438
pi05_spatial_500,p3,r6p3v2_pi05_sp_500_A_r0,r6p3v2_pi05_sp_500_A_r0:eval:4:1,1,4,1,4,1,False,10,4103,4189,1,0,0.08448540706605223,False,False,True,False,False,4,3.3343164434370114,0.2,0.06564359787464864,False,False,True,False,2,1.0140560557620328,0.6712602412021075,0.30411851272450957,0.2999030586094904,0.05156986397479423,0.04251731470875685,0.09360715507569571,False,False,0.012160860933363438
pi05_spatial_500,p3,r6p3v2_pi05_sp_500_A_r0,r6p3v2_pi05_sp_500_A_r0:eval:4:1,1,4,1,6,1,False,10,4029,4396,2,0,0.1801075268817204,False,False,True,False,False,4,3.016374817535509,0.3333333333333333,0.06997401241289465,False,False,True,False,2,0.9703918048950468,0.6712602412021075,0.2552378798991955,0.26302559297355244,0.040732107964722555,0.0387699642642211,0.07694750770925232,False,False,0.012160860933363438
pi05_spatial_500,p3,r6p3v2_pi05_sp_500_A_r0,r6p3v2_pi05_sp_500_A_r0:eval:4:1,1,4,1,8,1,False,10,4107,4398,2,0,0.44278033794162824,True,False,True,False,True,4,2.666482892471738,0.25,0.07888608271099337,False,False,True,False,2,0.9443341933187536,0.6712602412021075,0.22396196466637883,0.2371638835604272,0.03281123641306746,0.03219915249063589,0.06407421255377888,False,False,0.012160860933363438
pi05_spatial_500,p3,r6p3v2_pi05_sp_500_A_r0,r6p3v2_pi05_sp_500_A_r0:eval:4:1,1,4,1,10,1,False,10,4168,4400,4,0,0.6109831029185867,True,False,True,False,True,43,3.738289440358373,0.5,0.12831236558209824,False,False,True,False,2,1.4302522261179114,0.6712602412021075,0.22352045479740706,0.1562804453058616,0.03803007810384802,0.02657270444297972,0.06434236303579999,False,False,0.012160860933363438
pi05_spatial_500,p3,r6p3v2_pi05_sp_500_A_r0,r6p3v2_pi05_sp_500_A_r0:eval:4:1,1,4,1,12,1,False,10,4169,4033,5,0,0.8448540706605222,True,True,True,True,True,43,5.365308381466498,1.0,0.16571721625838584,False,True,True,False,2,0.39500414657467253,0.6712602412021075,0.023015099529146182,0.05826546310646223,0.009893510704736428,0.007252608628763362,0.006726491466647949,True,False,0.012160860933363438
pi05_spatial_500,p3,r6p3v2_pi05_sp_500_A_r0,r6p3v2_pi05_sp_500_A_r0:eval:4:1,1,4,1,14,1,False,10,4171,4728,7,1,0.47427035330261136,True,False,True,True,False,43,5.8859097522225285,0.5,0.08191893208215155,False,False,True,False,2,1.0422571929435518,0.6712602412021075,0.2140482392366018,0.20536988440644377,0.017918495139126706,0.048322257007276846,0.0633520213045338,False,False,0.012160860933363438
pi05_spatial_500,p3,r6p3v2_pi05_sp_500_A_r0,r6p3v2_pi05_sp_500_A_r0:eval:4:1,1,4,1,16,1,False,10,5008,4755,6,1,0.3060675883256529,False,False,True,False,False,43,5.203868200110822,0.25,0.1034940659326622,False,False,True,False,2,1.178603294465782,0.6712602412021075,0.39873466286736287,0.33831117284301737,0.06272944766258151,0.05703812181008035,0.11756337357781506,False,False,0.012160860933363438
pi05_spatial_500,p3,r6p3v2_pi05_sp_500_A_r0,r6p3v2_pi05_sp_500_A_r0:eval:4:1,1,4,1,18,1,False,10,4327,3961,5,1,0.34792626728110604,False,False,True,False,False,43,6.559586914865205,0.2,0.10081324050217605,False,False,True,False,2,0.9521349298277145,0.6712602412021075,0.2850407128958145,0.299370082922377,0.050674885101715104,0.05312899183401136,0.10196835414072958,False,False,0.012160860933363438
pi05_spatial_500,p3,r6p3v2_pi05_sp_500_A_r0,r6p3v2_pi05_sp_500_A_r0:eval:4:1,1,4,1,20,1,False,10,5157,4041,6,1,0.16474654377880185,False,False,True,False,False,43,4.603081723160243,0.14285714285714285,0.0900599024246366,False,False,True,False,2,0.8846769690387501,0.6712602412021075,0.37187271481688333,0.4203485880512334,0.059874981704808344,0.06444520221410197,0.12244585062411774,False,False,0.012160860933363438
pi05_spatial_500,p3,r6p3v2_pi05_sp_500_A_r0,r6p3v2_pi05_sp_500_A_r0:eval:4:1,1,4,1,22,1,False,10,5159,4786,6,1,0.16474654377880185,False,False,True,False,False,43,4.603081723160243,0.14285714285714285,0.09920005737412563,False,False,True,False,2,0.932296144101212,0.6712602412021075,0.4149226815031632,0.44505459357356125,0.06273138610641499,0.05736266573335813,0.11926731872199746,False,False,0.012160860933363438
pi05_spatial_500,p3,r6p3v2_pi05_sp_500_A_r0,r6p3v2_pi05_sp_500_A_r0:eval:4:1,1,4,1,24,1,False,10,4664,4045,8,1,0.1578341013824885,False,False,True,False,False,43,3.5571412594629916,0.25,0.1259285066811634,False,False,True,False,2,0.9171409245060045,0.6712602412021075,0.30628331099415,0.33395446960250086,0.04822764087767351,0.04007049968975038,0.08796874841063679,False,False,0.012160860933363438
pi05_spatial_500,p3,r6p3v2_pi05_sp_500_A_r0,r6p3v2_pi05_sp_500_A_r0:eval:4:1,1,4,1,26,1,False,6,4740,4839,8,1,0.2515360983102919,False,False,True,False,False,43,4.571372796173521,0.25,0.11110908304010363,False,False,False,False,2,,0.6712602412021075,,,0.03718273195186358,0.006776555616581525,0.04394624039931885,False,True,0.012160860933363438
pi05_spatial_500,p3,r6p3v2_pi05_sp_500_A_r0,r6p3v2_pi05_sp_500_A_r0:eval:5:0,2,5,0,0,1,False,10,5896,5618,0,0,0.4816250742721331,False,True,True,False,False,41,3.8256088119014415,1.0,0.01274721969315878,False,False,True,False,2,0.8335633620007485,0.5805091758624843,0.3472167526141311,0.4165451223536613,0.015866792066437534,0.048531840628781034,0.06422655446407917,False,False,0.015829004243844084
pi05_spatial_500,p3,r6p3v2_pi05_sp_500_A_r0,r6p3v2_pi05_sp_500_A_r0:eval:5:0,2,5,0,2,1,False,10,5997,6050,1,0,0.24668746286393342,False,False,True,False,False,41,2.4629960569232954,0.5,0.06417890051924281,False,False,True,False,2,1.0498488129606314,0.5805091758624843,0.535376159621756,0.5099554840777176,0.05685646114695701,0.055181644270143035,0.10648626556825164,False,False,0.015829004243844084
pi05_spatial_500,p3,r6p3v2_pi05_sp_500_A_r0,r6p3v2_pi05_sp_500_A_r0:eval:5:0,2,5,0,4,1,False,10,5921,6052,2,0,0.6229055258467023,True,True,True,False,True,41,3.9385307727283725,0.25,0.09083752571535603,False,False,True,False,2,0.9682855836325425,0.5805091758624843,0.5182847502202986,0.5352602155615528,0.05870393654828736,0.057417348541070515,0.11509507983412148,False,False,0.015829004243844084
pi05_spatial_500,p3,r6p3v2_pi05_sp_500_A_r0,r6p3v2_pi05_sp_500_A_r0:eval:5:0,2,5,0,6,1,False,10,5923,6054,3,1,0.43153594771241827,False,True,True,True,False,41,3.999618290722088,0.5,0.08920295553793307,False,False,True,False,2,1.2422106401612754,0.5805091758624843,0.19993028499501622,0.16094716832328806,0.039852259419557584,0.006989330860491572,0.046317042812073016,False,False,0.015829004243844084
pi05_spatial_500,p3,r6p3v2_pi05_sp_500_A_r0,r6p3v2_pi05_sp_500_A_r0:eval:5:0,2,5,0,8,1,False,10,6022,5348,4,1,0.16145276292335115,False,False,True,True,False,41,3.4655186120077257,0.2,0.1448611687659339,False,False,True,False,2,1.3124423724328804,0.5805091758624843,0.1830509029205934,0.1394734784288251,0.008443726891718854,0.03175037615769674,0.04007913774127683,False,False,0.015829004243844084
pi05_spatial_500,p3,r6p3v2_pi05_sp_500_A_r0,r6p3v2_pi05_sp_500_A_r0:eval:5:0,2,5,0,10,1,False,10,5861,5843,4,1,0.29361259655377303,False,False,True,False,False,41,3.958160527488199,0.25,0.1257867377574185,False,False,True,False,2,1.0384012135567033,0.5805091758624843,0.46323628408516565,0.44610529922100284,0.05144921633593804,0.05571271979383235,0.10569020025757676,False,False,0.015829004243844084
pi05_spatial_500,p3,r6p3v2_pi05_sp_500_A_r0,r6p3v2_pi05_sp_500_A_r0:eval:5:0,2,5,0,12,1,False,10,6042,5788,4,1,0.2225935828877005,False,False,True,False,False,41,3.962637555243334,0.16666666666666666,0.10084590632949558,False,False,True,False,2,1.0975129136116355,0.5805091758624843,0.3941388923292945,0.3591200499247738,0.05248176570191342,0.05473572961155053,0.10532085597497277,False,False,0.015829004243844084
pi05_spatial_500,p3,r6p3v2_pi05_sp_500_A_r0,r6p3v2_pi05_sp_500_A_r0:eval:5:0,2,5,0,14,1,False,10,6044,5790,5,1,0.3011437908496732,False,False,True,False,False,41,3.5336082581115096,0.3333333333333333,0.09479591257053546,False,False,True,False,2,0.8868062966191779,0.5805091758624843,0.5065118277279749,0.5711639956312655,0.06272526182973434,0.06463028837856839,0.12533301913585101,False,False,0.015829004243844084
pi05_spatial_500,p3,r6p3v2_pi05_sp_500_A_r0,r6p3v2_pi05_sp_500_A_r0:eval:5:0,2,5,0,16,1,False,10,5375,5479,5,1,0.35522875816993466,False,False,True,False,False,41,4.44477298201032,0.25,0.07532335778792724,False,False,False,False,2,,0.5805091758624843,,,0.05003391211694287,0.0506374332527741,0.09475142909917408,False,True,0.015829004243844084
pi05_spatial_500,p3,r6p3v2_pi05_sp_500_A_r0,r6p3v2_pi05_sp_500_A_r0:eval:5:1,2,5,1,0,1,False,10,5852,5618,1,0,0.27800059417706474,False,True,True,False,False,41,2.9130577153830743,0.5,0.0177544230900429,False,False,True,False,2,0.6352445226944365,0.5805091758624843,0.3450808602008273,0.5432252429932671,0.01631280683253027,0.04831402654174388,0.06457653595035161,False,False,0.013137363236058842
pi05_spatial_500,p3,r6p3v2_pi05_sp_500_A_r0,r6p3v2_pi05_sp_500_A_r0:eval:5:1,2,5,1,2,1,False,10,5997,6050,1,0,0.24668746286393342,False,False,True,False,False,41,2.4629960569232954,0.5,0.041285690932170646,False,False,True,False,2,1.0177379926480532,0.5805091758624843,0.5190010707051226,0.5099554840777176,0.054742210708026984,0.05445883143879469,0.10373575624862243,False,False,0.013137363236058842
pi05_spatial_500,p3,r6p3v2_pi05_sp_500_A_r0,r6p3v2_pi05_sp_500_A_r0:eval:5:1,2,5,1,4,1,False,10,5921,6052,2,0,0.6229055258467023,True,True,True,False,True,41,3.9385307727283725,0.25,0.12348445393813069,False,False,True,False,2,0.9805009122173627,0.5805091758624843,0.5248231296317647,0.5352602155615528,0.05908093013863612,0.05871928000542318,0.11673773114929929,False,False,0.013137363236058842
pi05_spatial_500,p3,r6p3v2_pi05_sp_500_A_r0,r6p3v2_pi05_sp_500_A_r0:eval:5:1,2,5,1,6,1,False,10,5383,5345,2,0,0.6633095662507428,True,True,True,True,True,41,4.2928839525547,0.25,0.11289824591410577,False,False,True,False,2,0.8151941752842127,0.5805091758624843,0.22657498798398543,0.2779399005212364,0.04468637007561636,0.008577379018255797,0.05304688683818962,False,False,0.013137363236058842
pi05_spatial_500,p3,r6p3v2_pi05_sp_500_A_r0,r6p3v2_pi05_sp_500_A_r0:eval:5:1,2,5,1,8,1,False,10,5385,6056,3,1,0.5032531194295901,True,True,True,True,False,41,4.5356557803673265,0.5,0.16936314740273664,False,False,True,False,2,1.267061720563529,0.5805091758624843,0.14130663670862717,0.11152308874565374,0.005971738690673752,0.024954446573825107,0.03088774063522878,False,False,0.013137363236058842
pi05_spatial_500,p3,r6p3v2_pi05_sp_500_A_r0,r6p3v2_pi05_sp_500_A_r0:eval:5:1,2,5,1,10,1,False,10,5861,6057,4,1,0.29361259655377303,False,False,True,False,False,41,3.958160527488199,0.25,0.20244279163901885,False,False,True,False,2,0.7402894516584759,0.5805091758624843,0.3302470473422565,0.44610529922100284,0.028185143673551603,0.045279288431256025,0.07333416747805602,False,False,0.013137363236058842
pi05_spatial_500,p3,r6p3v2_pi05_sp_500_A_r0,r6p3v2_pi05_sp_500_A_r0:eval:5:1,2,5,1,12,1,False,10,5863,6060,4,1,0.29361259655377303,False,False,True,False,False,41,3.958160527488199,0.25,0.23096743739603143,False,False,True,False,2,1.0414070386819039,0.5805091758624843,0.40088783119926996,0.3849482635595288,0.05181414290453166,0.051789783811997184,0.10133290096910268,False,False,0.013137363236058842
pi05_spatial_500,p3,r6p3v2_pi05_sp_500_A_r0,r6p3v2_pi05_sp_500_A_r0:eval:5:1,2,5,1,14,1,False,10,5205,6061,4,1,0.26804812834224595,False,False,True,False,False,41,4.341220465863862,0.16666666666666666,0.1950304527405954,False,False,True,False,2,0.9516711643244092,0.5805091758624843,0.3892359056935239,0.40900252133817905,0.05305370321025457,0.05517202782501646,0.10591541127359125,False,False,0.013137363236058842
pi05_spatial_500,p3,r6p3v2_pi05_sp_500_A_r0,r6p3v2_pi05_sp_500_A_r0:eval:5:1,2,5,1,16,1,False,10,5207,6063,5,1,0.23805704099821745,False,False,True,False,False,41,3.5724938266232025,0.25,0.24646390541143012,False,False,True,False,2,0.976205974787012,0.5805091758624843,0.4937292777008201,0.5057634253965119,0.06499418971503272,0.05345470107827361,0.11632835833242111,False,False,0.013137363236058842
pi05_spatial_500,p3,r6p3v2_pi05_sp_500_A_r0,r6p3v2_pi05_sp_500_A_r0:eval:5:1,2,5,1,18,1,False,10,6118,6065,5,1,0.2390671420083185,False,False,True,False,False,41,3.5952647972383875,0.25,0.2203466507446666,False,False,False,False,2,,0.5805091758624843,0.4091246197581106,,0.04463037728766192,0.046402704503535314,0.08998856633250464,False,False,0.013137363236058842
pi05_spatial_500,p3,r6p3v2_pi05_sp_500_A_r0,r6p3v2_pi05_sp_500_A_r0:eval:5:1,2,5,1,20,1,False,1,6066,6066,6,1,0.15522875816993464,False,False,True,False,False,41,2.988045465016555,0.25,0.22482295457522256,False,False,False,False,2,,0.5805091758624843,,,0.007638545806696386,0.0,0.007638545806696386,False,True,0.013137363236058842
pi05_spatial_500,p3,r6p3v2_pi05_sp_500_A_r0,r6p3v2_pi05_sp_500_A_r0:eval:6:0,1,6,0,0,1,False,10,6408,7106,0,0,0.4906367041198501,False,False,True,False,False,49,4.521320990295467,0.5,0.014118649876178056,False,False,True,False,2,0.960246605526512,0.7358285614820921,0.21078192905594836,0.21950812202077477,0.020323820112252446,0.05088857234406228,0.07116994356477846,False,False,0.012473457238890907
pi05_spatial_500,p3,r6p3v2_pi05_sp_500_A_r0,r6p3v2_pi05_sp_500_A_r0:eval:6:0,1,6,0,2,1,False,10,6326,7108,2,0,0.573501872659176,True,False,True,False,True,49,4.071582262211994,0.16666666666666666,0.06701465002343143,False,False,True,False,2,0.9429997523688863,0.7358285614820921,0.3568448910862901,0.3784146180207035,0.05834360484660874,0.06070877249882743,0.1188351625229693,False,False,0.012473457238890907
pi05_spatial_500,p3,r6p3v2_pi05_sp_500_A_r0,r6p3v2_pi05_sp_500_A_r0:eval:6:0,1,6,0,4,1,False,10,7043,7110,1,0,0.28089887640449435,False,True,True,False,False,49,3.940344048397814,0.25,0.06256941715862913,False,False,True,False,2,1.1066337978646152,0.7358285614820921,0.40510235951365264,0.3660672214199015,0.06318723200318077,0.06381290038219192,0.12658326711724996,False,False,0.012473457238890907
pi05_spatial_500,p3,r6p3v2_pi05_sp_500_A_r0,r6p3v2_pi05_sp_500_A_r0:eval:6:0,1,6,0,6,1,False,10,6352,7112,2,0,0.6109550561797753,True,True,True,False,True,49,4.201721550391751,0.2,0.06752280178428936,False,False,True,False,2,0.9547093681901512,0.7358285614820921,0.35438554509119136,0.37119730558735625,0.05632340422807848,0.04252595360784745,0.09651684639175748,False,False,0.012473457238890907
pi05_spatial_500,p3,r6p3v2_pi05_sp_500_A_r0,r6p3v2_pi05_sp_500_A_r0:eval:6:0,1,6,0,8,1,False,10,6517,6961,3,0,0.5416666666666666,True,True,True,False,True,49,3.866446887898524,0.16666666666666666,0.07059564933243065,False,False,True,False,2,0.892647566751771,0.7358285614820921,0.2675832737470513,0.29976362868578943,0.03736241018121736,0.032001520913485446,0.06831155137743375,False,False,0.012473457238890907
pi05_spatial_500,p3,r6p3v2_pi05_sp_500_A_r0,r6p3v2_pi05_sp_500_A_r0:eval:6:0,1,6,0,10,1,False,10,6519,7116,4,0,0.7640449438202248,True,True,True,True,True,49,3.398337114234154,1.0,0.09137198250792625,False,False,True,False,2,1.4841467387418474,0.7358285614820921,0.07365324225413075,0.049626657749872266,0.021798404239383343,0.009273438372913282,0.02316282843121403,False,False,0.012473457238890907
pi05_spatial_500,p3,r6p3v2_pi05_sp_500_A_r0,r6p3v2_pi05_sp_500_A_r0:eval:6:0,1,6,0,12,1,False,10,7176,7176,3,1,0.3295880149812734,False,False,True,False,False,49,3.1155596164103816,0.5,0.1556850047440492,False,False,True,False,2,0.9664324145792286,0.7358285614820921,0.41395542775172534,0.4283335508070224,0.04308104693177238,0.06389253199457216,0.10570197364777946,False,False,0.012473457238890907
pi05_spatial_500,p3,r6p3v2_pi05_sp_500_A_r0,r6p3v2_pi05_sp_500_A_r0:eval:6:0,1,6,0,14,1,False,10,6607,6607,6,1,0.24297752808988768,False,False,True,False,False,49,3.0507909051636926,0.3333333333333333,0.141506839707076,False,False,True,False,2,0.9652167222958203,0.7358285614820921,0.37295093319258876,0.3863908742748517,0.05332440000868298,0.05082500930932399,0.10103559476045819,False,False,0.012473457238890907
pi05_spatial_500,p3,r6p3v2_pi05_sp_500_A_r0,r6p3v2_pi05_sp_500_A_r0:eval:6:0,1,6,0,16,1,False,10,6609,7122,6,1,0.24297752808988768,False,False,True,False,False,49,3.0507909051636926,0.3333333333333333,0.1121391012325265,False,False,True,False,2,0.9664173979606928,0.7358285614820921,0.37927763686084714,0.39245737676203707,0.05133136832879509,0.05129195296392904,0.10165501934844198,False,False,0.012473457238890907
pi05_spatial_500,p3,r6p3v2_pi05_sp_500_A_r0,r6p3v2_pi05_sp_500_A_r0:eval:6:0,1,6,0,18,1,False,10,6611,6611,7,1,0.25983146067415736,False,False,True,False,False,49,3.2472166669327946,0.3333333333333333,0.11726179703199188,False,False,True,False,2,0.9749860547833324,0.7358285614820921,0.35438504959897627,0.3634770444770412,0.050282061366489154,0.04461020967767263,0.09155301061081644,False,False,0.012473457238890907
pi05_spatial_500,p3,r6p3v2_pi05_sp_500_A_r0,r6p3v2_pi05_sp_500_A_r0:eval:6:0,1,6,0,20,1,False,3,7183,7082,5,1,0.1858614232209738,False,False,True,False,False,49,2.5003368859172506,0.3333333333333333,0.15892867759537455,False,False,False,False,2,,0.7358285614820921,,,0.022423582734585917,0.0,0.022423582734585917,False,True,0.012473457238890907
pi05_spatial_500,p3,r6p3v2_pi05_sp_500_A_r0,r6p3v2_pi05_sp_500_A_r0:eval:6:1,2,6,1,0,1,False,10,6469,6913,0,0,0.5945692883895131,True,True,True,False,False,49,5.572038221752938,1.0,0.018276838645499983,False,False,True,False,2,0.9039389598453502,0.7358285614820921,0.24030756084747049,0.2658448982977604,0.027462951110683094,0.05358169412561872,0.08099272801626092,False,False,0.014511006884276867
pi05_spatial_500,p3,r6p3v2_pi05_sp_500_A_r0,r6p3v2_pi05_sp_500_A_r0:eval:6:1,2,6,1,2,1,False,10,6471,7167,1,0,0.5159176029962547,True,False,True,False,True,49,3.811904353623508,0.14285714285714285,0.054031966027288235,False,False,True,False,2,0.8892439429917038,0.7358285614820921,0.36528875759678253,0.4107857697268459,0.05900245625328954,0.06147642045803023,0.12030110865617617,False,False,0.014511006884276867
pi05_spatial_500,p3,r6p3v2_pi05_sp_500_A_r0,r6p3v2_pi05_sp_500_A_r0:eval:6:1,2,6,1,4,1,False,10,7149,7169,1,0,0.29353932584269665,False,False,True,False,False,49,4.340538911175454,0.2,0.06448766083296707,False,False,True,False,2,0.9412204594332788,0.7358285614820921,0.42755549747542937,0.45425648496088383,0.06578967808536061,0.06276870711983637,0.12775955859835583,False,False,0.014511006884276867
pi05_spatial_500,p3,r6p3v2_pi05_sp_500_A_r0,r6p3v2_pi05_sp_500_A_r0:eval:6:1,2,6,1,6,1,False,10,7151,6352,2,0,0.6516853932584269,True,True,True,False,True,49,4.206615568777231,0.25,0.06691037596193078,False,False,True,False,2,0.9803269095960478,0.7358285614820921,0.33803060517280614,0.3448141654217108,0.04942369621570432,0.04086750163623302,0.08801704844332464,False,False,0.014511006884276867
pi05_spatial_500,p3,r6p3v2_pi05_sp_500_A_r0,r6p3v2_pi05_sp_500_A_r0:eval:6:1,2,6,1,8,1,False,10,6755,7048,2,0,0.7659176029962547,True,True,True,True,True,49,3.94885238608703,0.5,0.07752689130869722,False,False,True,False,2,1.2891293761558245,0.7358285614820921,0.2120206936768072,0.1644681267826287,0.03989677883581452,0.016074680602564628,0.055596619377294716,False,False,0.014511006884276867
pi05_spatial_500,p3,r6p3v2_pi05_sp_500_A_r0,r6p3v2_pi05_sp_500_A_r0:eval:6:1,2,6,1,10,1,False,10,6984,7050,3,1,0.5084269662921348,True,False,True,True,False,49,4.853850841698717,0.5,0.1686779488395085,False,False,True,False,2,2.593381504425732,0.7358285614820921,0.10340220110070673,0.03987157343578099,0.010760047695037614,0.018084699064144255,0.026295863452783466,False,False,0.014511006884276867
pi05_spatial_500,p3,r6p3v2_pi05_sp_500_A_r0,r6p3v2_pi05_sp_500_A_r0:eval:6:1,2,6,1,12,1,False,10,6863,7219,4,1,0.3417602996254681,False,False,True,False,False,49,3.2917330816126205,0.5,0.13730638552097355,False,False,True,False,2,1.0146269823763456,0.7358285614820921,0.4274640878871178,0.4213017151248623,0.049075113849990665,0.06170786724511352,0.10889688606764866,False,False,0.014511006884276867
pi05_spatial_500,p3,r6p3v2_pi05_sp_500_A_r0,r6p3v2_pi05_sp_500_A_r0:eval:6:1,2,6,1,14,1,False,10,6865,7009,5,1,0.19241573033707868,False,False,True,False,False,49,2.5937531784715535,0.3333333333333333,0.13305813365599395,False,False,True,False,2,0.9646040426492452,0.7358285614820921,0.3816487852652904,0.39565331306004875,0.05372926634077547,0.05211942763059039,0.1028159918636184,False,False,0.014511006884276867
pi05_spatial_500,p3,r6p3v2_pi05_sp_500_A_r0,r6p3v2_pi05_sp_500_A_r0:eval:6:1,2,6,1,16,1,False,10,6484,6465,6,1,0.18960674157303373,False,False,True,False,False,49,2.5637754730876035,0.3333333333333333,0.18024631768930027,False,False,True,False,2,0.9908037084335435,0.7358285614820921,0.4111667357098589,0.41498304074770953,0.0549117489593495,0.056284231032839145,0.10917184785670528,False,False,0.014511006884276867
pi05_spatial_500,p3,r6p3v2_pi05_sp_500_A_r0,r6p3v2_pi05_sp_500_A_r0:eval:6:1,2,6,1,18,1,False,8,6343,6467,8,1,0.2345505617977528,False,False,True,False,False,49,2.925302661842535,0.3333333333333333,0.1482066227573108,False,False,False,False,2,,0.7358285614820921,,0.3418913547286722,0.05079879350589999,0.024624585089594333,0.07430160268434047,False,True,0.014511006884276867
pi05_spatial_500,p3,r6p3v2_pi05_sp_500_A_r0,r6p3v2_pi05_sp_500_A_r0:eval:7:0,1,7,0,0,1,False,10,7945,7945,0,0,0.3665675160568904,False,False,True,False,False,41,3.954035191328113,1.0,0.02917416465843041,False,False,True,False,2,1.1269535635986365,0.644949401716119,0.16056139394562735,0.14247383311244505,0.013597837873152331,0.03679589610669765,0.0501716991603605,False,False,0.012205496508007249
pi05_spatial_500,p3,r6p3v2_pi05_sp_500_A_r0,r6p3v2_pi05_sp_500_A_r0:eval:7:0,1,7,0,2,1,False,10,7947,7658,1,0,0.2572550704520166,False,True,True,False,False,41,3.2725214745475926,0.5,0.06578071130734645,False,False,True,False,2,1.1286403107426382,0.644949401716119,0.4448276437219485,0.39412702123784216,0.048335458519277015,0.05785508788732795,0.10495340379698426,False,False,0.012205496508007249
pi05_spatial_500,p3,r6p3v2_pi05_sp_500_A_r0,r6p3v2_pi05_sp_500_A_r0:eval:7:0,1,7,0,4,1,False,10,8382,7319,1,0,0.6644743365171696,True,True,True,False,True,41,7.359085126366946,0.2,0.06776059260142116,False,False,True,False,2,1.0266653599165751,0.644949401716119,0.4201376780333821,0.40922553193722405,0.05865959478047304,0.04831966246877492,0.10670793084974847,False,False,0.012205496508007249
pi05_spatial_500,p3,r6p3v2_pi05_sp_500_A_r0,r6p3v2_pi05_sp_500_A_r0:eval:7:0,1,7,0,6,1,False,10,8384,7559,2,1,0.9070374899472299,True,True,True,True,True,41,7.32404190841226,1.0,0.0699954990744151,False,True,True,False,2,0.5948268883239879,0.644949401716119,0.020191489935190286,0.03394515334046646,0.006570031273567431,0.006756928031471365,0.006553250822229558,True,False,0.012205496508007249
pi05_spatial_500,p3,r6p3v2_pi05_sp_500_A_r0,r6p3v2_pi05_sp_500_A_r0:eval:7:0,1,7,0,8,1,False,10,8072,8150,3,1,0.549683268885437,True,True,True,False,False,3,10.451316274522258,0.5,0.09730219603196028,False,False,True,False,2,0.9074185211482013,0.644949401716119,0.18648383862728612,0.20551028470448118,0.015070214419593048,0.03385505689750298,0.04873923727968636,False,False,0.012205496508007249
pi05_spatial_500,p3,r6p3v2_pi05_sp_500_A_r0,r6p3v2_pi05_sp_500_A_r0:eval:7:0,1,7,0,10,1,False,10,8152,8004,4,1,0.6241828337244274,True,False,True,True,True,2,0.5645024912787947,1.0,0.09330474576783115,False,False,True,False,2,2.075455905598912,0.644949401716119,0.36766276244817336,0.1771479516651438,0.04429362079880064,0.059065162978168426,0.10313065808742593,False,False,0.012205496508007249
pi05_spatial_500,p3,r6p3v2_pi05_sp_500_A_r0,r6p3v2_pi05_sp_500_A_r0:eval:7:0,1,7,0,12,1,False,10,7468,7468,6,1,0.32844080157759636,False,False,True,False,False,41,4.893552585063331,0.3333333333333333,0.10009040327842789,False,False,True,False,2,1.0347225874563397,0.644949401716119,0.4231182350602127,0.4089194922286996,0.06784053938120013,0.06504379092851365,0.13245999410494597,False,False,0.012205496508007249
pi05_spatial_500,p3,r6p3v2_pi05_sp_500_A_r0,r6p3v2_pi05_sp_500_A_r0:eval:7:0,1,7,0,14,1,False,10,7470,7470,6,1,0.32844080157759636,False,False,True,False,False,41,4.893552585063331,0.3333333333333333,0.08580726142335109,False,False,True,False,2,0.9806919109798669,0.644949401716119,0.32677800035447496,0.33321168115679867,0.060008639180488564,0.05595464307722536,0.11552822695005983,False,False,0.012205496508007249
pi05_spatial_500,p3,r6p3v2_pi05_sp_500_A_r0,r6p3v2_pi05_sp_500_A_r0:eval:7:0,1,7,0,16,1,False,10,7472,7472,7,1,0.39806656310936317,False,False,True,False,False,41,6.208380897902651,0.3333333333333333,0.07874074712818532,False,False,True,False,2,1.0048877989103433,0.644949401716119,0.3159473741923511,0.3144105984120324,0.052023595828881226,0.049586044061587606,0.10003983557157571,False,False,0.012205496508007249
pi05_spatial_500,p3,r6p3v2_pi05_sp_500_A_r0,r6p3v2_pi05_sp_500_A_r0:eval:7:0,1,7,0,18,1,False,10,7474,7474,8,1,0.37543819061153894,False,False,True,False,False,41,5.749645395310634,0.3333333333333333,0.10897829361354254,False,False,True,False,2,1.025716042794838,0.644949401716119,0.34558273234116194,0.3369185212308167,0.048153117318544235,0.04070121134400846,0.08786156623622166,False,False,0.012205496508007249
pi05_spatial_500,p3,r6p3v2_pi05_sp_500_A_r0,r6p3v2_pi05_sp_500_A_r0:eval:7:0,1,7,0,20,1,False,10,7476,7476,8,1,0.37543819061153894,False,False,True,False,False,41,5.749645395310634,0.3333333333333333,0.09872969623764223,False,False,False,False,2,,0.644949401716119,0.26159786490748127,,0.03199615365043543,0.028676134124212407,0.06009033835349563,False,False,0.012205496508007249
pi05_spatial_500,p3,r6p3v2_pi05_sp_500_A_r0,r6p3v2_pi05_sp_500_A_r0:eval:7:0,1,7,0,22,1,False,1,7477,8377,8,1,0.37543819061153894,False,True,True,False,False,41,5.749645395310634,0.3333333333333333,0.12036692983424328,False,False,False,False,2,,0.644949401716119,,,0.004564566644726951,0.0,0.004564566644726951,False,True,0.012205496508007249
pi05_spatial_500,p3,r6p3v2_pi05_sp_500_A_r0,r6p3v2_pi05_sp_500_A_r0:eval:7:1,2,7,1,0,1,False,10,7337,8064,0,0,0.41443522710998004,False,False,True,False,False,41,4.524967225211674,1.0,0.011850070230343556,False,False,True,False,2,1.1417283253681607,0.644949401716119,0.18024558420314088,0.15787081760016689,0.017056194334067555,0.038821326908182456,0.05540277566962872,False,False,0.012602501859267553
pi05_spatial_500,p3,r6p3v2_pi05_sp_500_A_r0,r6p3v2_pi05_sp_500_A_r0:eval:7:1,2,7,1,2,1,False,10,7828,8066,1,0,0.769620253164557,True,True,True,False,True,3,11.360215920638302,0.25,0.046150017325242584,False,False,True,False,2,0.9255531826493428,0.644949401716119,0.45167157358726845,0.4880017507955453,0.049123956452194854,0.058246174736245715,0.10604124352293556,False,False,0.012602501859267553
pi05_spatial_500,p3,r6p3v2_pi05_sp_500_A_r0,r6p3v2_pi05_sp_500_A_r0:eval:7:1,2,7,1,4,1,False,10,7830,8068,1,0,0.769620253164557,True,True,True,True,True,3,11.360215920638302,0.25,0.04902473980507606,False,False,True,False,2,1.0328128828936625,0.644949401716119,0.4339369073345913,0.42015055633196347,0.058541465934622804,0.04987659406646299,0.10787826397052545,False,False,0.012602501859267553
pi05_spatial_500,p3,r6p3v2_pi05_sp_500_A_r0,r6p3v2_pi05_sp_500_A_r0:eval:7:1,2,7,1,6,1,False,10,7662,8070,2,1,0.826967864185698,True,True,True,True,True,41,5.786317249255999,1.0,0.08749083256799176,False,True,True,False,2,0.31280372164712383,0.644949401716119,0.019018448767707634,0.0607999440274003,0.00818199945783138,0.004207441047352715,0.004713011571655893,True,False,0.012602501859267553
pi05_spatial_500,p3,r6p3v2_pi05_sp_500_A_r0,r6p3v2_pi05_sp_500_A_r0:eval:7:1,2,7,1,8,1,False,10,8287,7511,3,1,0.4546374943539237,False,False,True,False,False,41,7.252967795740023,0.3333333333333333,0.11852100964019788,False,False,True,False,2,1.4199486885855765,0.644949401716119,0.15910749558872167,0.11205158106608068,0.011339828911212192,0.02960717667684849,0.04054179388287856,False,False,0.012602501859267553
pi05_spatial_500,p3,r6p3v2_pi05_sp_500_A_r0,r6p3v2_pi05_sp_500_A_r0:eval:7:1,2,7,1,10,1,False,10,8412,8004,4,1,0.16839078560333146,False,False,True,False,False,41,4.513335014997615,0.2,0.09769096736194956,False,False,True,False,2,1.3726358036907877,0.644949401716119,0.37369657599770106,0.2722474344563165,0.044050386891132144,0.059569983072101255,0.10350863238510882,False,False,0.012602501859267553
pi05_spatial_500,p3,r6p3v2_pi05_sp_500_A_r0,r6p3v2_pi05_sp_500_A_r0:eval:7:1,2,7,1,12,1,False,10,8415,7397,4,1,0.16839078560333146,False,False,True,False,False,41,4.513335014997615,0.2,0.140650128781702,False,False,True,False,2,1.0659240150567377,0.644949401716119,0.4225564376350223,0.3964226639668402,0.06656286743758427,0.06525088161050026,0.13139146012548097,False,False,0.012602501859267553
pi05_spatial_500,p3,r6p3v2_pi05_sp_500_A_r0,r6p3v2_pi05_sp_500_A_r0:eval:7:1,2,7,1,14,1,False,10,8417,7399,5,1,0.2918134646528076,False,False,True,False,False,41,5.419506331141683,0.25,0.10956968586070076,False,False,True,False,2,1.0273173284132573,0.644949401716119,0.33451481573526665,0.3256197539780054,0.06102629132458928,0.05758388167150854,0.11812025573205755,False,False,0.012602501859267553
pi05_spatial_500,p3,r6p3v2_pi05_sp_500_A_r0,r6p3v2_pi05_sp_500_A_r0:eval:7:1,2,7,1,16,1,False,10,8419,7401,5,1,0.2918134646528076,False,False,True,False,False,41,5.419506331141683,0.25,0.1022603635810962,False,False,True,False,2,0.9447724496983143,0.644949401716119,0.31728714597733676,0.3358344605398403,0.05383124128644826,0.0511974758633366,0.10341124500575932,False,False,0.012602501859267553
pi05_spatial_500,p3,r6p3v2_pi05_sp_500_A_r0,r6p3v2_pi05_sp_500_A_r0:eval:7:1,2,7,1,18,1,False,10,7821,7287,6,1,0.16822773793392162,False,False,True,False,False,41,3.710644320726436,0.25,0.09475174349102225,False,False,True,False,2,0.9673394407418365,0.644949401716119,0.3446018790016233,0.3562367711765726,0.04919892776148034,0.04125339929554146,0.08928324770320294,False,False,0.012602501859267553
pi05_spatial_500,p3,r6p3v2_pi05_sp_500_A_r0,r6p3v2_pi05_sp_500_A_r0:eval:7:1,2,7,1,20,1,False,10,7990,8422,7,1,0.33888466580736143,False,False,True,False,False,41,5.124364464682596,0.3333333333333333,0.11299652552104329,False,False,True,False,2,0.984650347803483,0.644949401716119,0.2737230410706436,0.27799009230155003,0.033369936664458304,0.0305236300262072,0.0629501545013756,False,False,0.012602501859267553
pi05_spatial_500,p3,r6p3v2_pi05_sp_500_A_r0,r6p3v2_pi05_sp_500_A_r0:eval:7:1,2,7,1,22,1,False,3,7477,8424,8,1,0.37543819061153894,False,False,True,False,False,41,5.749645395310634,0.3333333333333333,0.12642801319192756,False,False,False,False,2,,0.644949401716119,,,0.012681410744603258,0.0,0.012681410744603258,False,True,0.012602501859267553
pi05_spatial_500,p3,r6p3v2_pi05_sp_500_A_r0,r6p3v2_pi05_sp_500_A_r0:eval:8:0,1,8,0,0,1,False,10,9547,8715,0,0,0.6270772238514174,True,False,False,False,False,32,8.593281189575777,1.0,0.016421483198772253,False,False,True,False,2,0.8750109219791478,0.6559362958083634,0.24795456520654766,0.28337310881298533,0.01819186665898566,0.05150005066970448,0.06958305372092119,False,False,0.018401804845780134
pi05_spatial_500,p3,r6p3v2_pi05_sp_500_A_r0,r6p3v2_pi05_sp_500_A_r0:eval:8:0,1,8,0,2,1,False,10,9260,9608,1,0,0.29178885630498536,False,False,True,False,False,32,3.964582777245096,0.25,0.03831778481943758,False,False,True,False,2,0.9981113374570054,0.6559362958083634,0.42740307383427356,0.4282118214619362,0.058786337772706865,0.06113568956774801,0.11987918831836405,False,False,0.018401804845780134
pi05_spatial_500,p3,r6p3v2_pi05_sp_500_A_r0,r6p3v2_pi05_sp_500_A_r0:eval:8:0,1,8,0,4,1,False,10,8996,9282,1,0,0.2653958944281525,False,False,True,False,False,32,4.419260500228879,0.2,0.10499429619970234,False,False,True,False,2,0.9751186913094677,0.6559362958083634,0.4475760175648662,0.45899644992326544,0.06279837594525337,0.06273405365174639,0.12443039585147128,False,False,0.018401804845780134
pi05_spatial_500,p3,r6p3v2_pi05_sp_500_A_r0,r6p3v2_pi05_sp_500_A_r0:eval:8:0,1,8,0,6,1,False,10,8886,9226,2,0,0.5488758553274682,True,True,True,False,True,32,3.002345595024204,0.25,0.14489483003738687,False,False,True,False,2,1.0162339286487472,0.6559362958083634,0.40862053476078414,0.40209298591724196,0.05705685720873176,0.054391061601744964,0.10854752480627111,False,False,0.018401804845780134
pi05_spatial_500,p3,r6p3v2_pi05_sp_500_A_r0,r6p3v2_pi05_sp_500_A_r0:eval:8:0,1,8,0,8,1,False,10,9228,9228,2,0,0.5791788856304986,True,True,True,False,True,32,3.2872201429838723,0.25,0.08185147112518626,False,False,True,False,2,1.089370890443096,0.6559362958083634,0.3880390458631661,0.3562047134427589,0.052419915548224415,0.05079403128574355,0.10260949096171404,False,False,0.018401804845780134
pi05_spatial_500,p3,r6p3v2_pi05_sp_500_A_r0,r6p3v2_pi05_sp_500_A_r0:eval:8:0,1,8,0,10,1,False,10,9493,9230,3,1,0.3577712609970674,False,False,True,True,False,32,2.9114448384438276,0.5,0.1348803231378924,False,False,True,False,2,2.1090590474953466,0.6559362958083634,0.08642977819841766,0.04098025529491884,0.028465916006694795,0.006532531323798975,0.023178706337400455,False,False,0.018401804845780134
pi05_spatial_500,p3,r6p3v2_pi05_sp_500_A_r0,r6p3v2_pi05_sp_500_A_r0:eval:8:0,1,8,0,12,1,False,10,9495,9232,4,1,0.31378299120234604,False,False,True,False,False,32,2.5925856191090197,0.5,0.1685009450204484,False,True,True,False,2,0.6009522383029965,0.6559362958083634,0.2254790176729991,0.3752028918466461,0.018545155904662106,0.04258728372853383,0.0592988858691147,True,False,0.018401804845780134
pi05_spatial_500,p3,r6p3v2_pi05_sp_500_A_r0,r6p3v2_pi05_sp_500_A_r0:eval:8:0,1,8,0,14,1,False,10,9328,9273,4,1,0.2619745845552297,False,False,True,False,False,32,2.7956726595244357,0.3333333333333333,0.16982768685414523,False,False,True,False,2,0.9639277151698195,0.6559362958083634,0.4111954418219671,0.4265832752298495,0.06340851790301492,0.052355379309291,0.1121909206313102,False,False,0.018401804845780134
pi05_spatial_500,p3,r6p3v2_pi05_sp_500_A_r0,r6p3v2_pi05_sp_500_A_r0:eval:8:0,1,8,0,16,1,False,10,8775,9255,5,1,0.17937438905180839,False,False,True,False,False,32,2.7478313196062545,0.25,0.12702595381289483,False,False,True,False,2,0.9912857837547668,0.6559362958083634,0.26973332434250064,0.27210450181259704,0.04095706152041351,0.03979215665689965,0.07140730244345293,False,False,0.018401804845780134
pi05_spatial_500,p3,r6p3v2_pi05_sp_500_A_r0,r6p3v2_pi05_sp_500_A_r0:eval:8:0,1,8,0,18,1,False,4,9443,9333,6,1,0.41886608015640275,False,False,True,False,False,32,2.8137027815477076,1.0,0.09379628833847808,False,False,False,False,2,,0.6559362958083634,,,0.032151899887308405,0.0,0.032151899887308405,False,True,0.018401804845780134
pi05_spatial_500,p3,r6p3v2_pi05_sp_500_A_r0,r6p3v2_pi05_sp_500_A_r0:eval:8:1,2,8,1,0,1,False,10,9057,9037,0,0,0.6192570869990225,True,True,True,False,False,32,7.222310106295185,1.0,0.017759544326735925,False,False,True,False,2,1.053911349711987,0.6559362958083634,0.2781076509985104,0.26388144607657155,0.023832741856026993,0.054369688385984306,0.07804911067494279,False,False,0.012808278287676248
pi05_spatial_500,p3,r6p3v2_pi05_sp_500_A_r0,r6p3v2_pi05_sp_500_A_r0:eval:8:1,2,8,1,2,1,False,10,8863,9427,1,0,0.272238514173998,False,False,True,False,False,32,4.504762711396443,0.2,0.06160128734243073,False,False,True,False,2,1.0015837958222402,0.6559362958083634,0.4265688245210443,0.4258942949160403,0.05933686267630293,0.06039029853052484,0.11962585691615013,False,False,0.012808278287676248
pi05_spatial_500,p3,r6p3v2_pi05_sp_500_A_r0,r6p3v2_pi05_sp_500_A_r0:eval:8:1,2,8,1,4,1,False,10,8865,9429,1,0,0.272238514173998,False,False,True,False,False,32,4.504762711396443,0.2,0.0817681170491773,False,False,True,False,2,0.967067093214709,0.6559362958083634,0.4370719493324101,0.45195618008208976,0.06125835316711245,0.06105861471818476,0.12127476258195963,False,False,0.012808278287676248
pi05_spatial_500,p3,r6p3v2_pi05_sp_500_A_r0,r6p3v2_pi05_sp_500_A_r0:eval:8:1,2,8,1,6,1,False,10,9508,8886,2,0,0.5733137829912024,True,True,True,False,True,32,3.2469661688104288,0.25,0.07704937151944727,False,False,True,False,2,0.9187007964404528,0.6559362958083634,0.4009993049084933,0.43648520439100846,0.055767626731162076,0.052804278763874314,0.10624677580283594,False,False,0.012808278287676248
pi05_spatial_500,p3,r6p3v2_pi05_sp_500_A_r0,r6p3v2_pi05_sp_500_A_r0:eval:8:1,2,8,1,8,1,False,10,9491,9491,2,0,0.5909090909090909,True,True,True,False,True,32,3.403667045511075,0.25,0.08160988581661889,False,False,True,False,2,0.9199981005376138,0.6559362958083634,0.38065060943336465,0.41375151667261717,0.05120042249877792,0.050238918631179755,0.10103847221399312,False,False,0.012808278287676248
pi05_spatial_500,p3,r6p3v2_pi05_sp_500_A_r0,r6p3v2_pi05_sp_500_A_r0:eval:8:1,2,8,1,10,1,False,10,9493,9493,3,1,0.3577712609970674,False,False,True,True,False,32,2.9114448384438276,0.5,0.08946769568931547,False,False,True,False,2,1.484876635316169,0.6559362958083634,0.06085062359671671,0.04098025529491884,0.02167916877717371,0.009710258619552216,0.016603293407434782,False,False,0.012808278287676248
pi05_spatial_500,p3,r6p3v2_pi05_sp_500_A_r0,r6p3v2_pi05_sp_500_A_r0:eval:8:1,2,8,1,12,1,False,10,9006,9495,4,1,0.2961876832844575,False,False,True,False,False,32,3.024482164711254,0.3333333333333333,0.13088136314433224,False,False,True,False,2,0.8487340022584549,0.6559362958083634,0.3469565357686274,0.4087930197746135,0.03351275381290985,0.06062765057547252,0.09197326906894086,False,False,0.012808278287676248
pi05_spatial_500,p3,r6p3v2_pi05_sp_500_A_r0,r6p3v2_pi05_sp_500_A_r0:eval:8:1,2,8,1,14,1,False,10,9329,9439,4,1,0.2619745845552297,False,False,True,False,False,32,2.7956726595244357,0.3333333333333333,0.09419859210411541,False,False,True,False,2,1.0115300855216123,0.6559362958083634,0.36083084020831485,0.3567178528577788,0.05865025232993026,0.04804021201864863,0.10081135263535583,False,False,0.012808278287676248
pi05_spatial_500,p3,r6p3v2_pi05_sp_500_A_r0,r6p3v2_pi05_sp_500_A_r0:eval:8:1,2,8,1,16,1,False,10,8775,8896,5,1,0.17937438905180839,False,False,True,False,False,32,2.7478313196062545,0.25,0.09922816008280892,False,False,True,False,2,0.9955222741324514,0.6559362958083634,0.27088609244615436,0.27210450181259704,0.03775836913989313,0.03745673118454338,0.07116409731629579,False,False,0.012808278287676248
pi05_spatial_500,p3,r6p3v2_pi05_sp_500_A_r0,r6p3v2_pi05_sp_500_A_r0:eval:8:1,2,8,1,18,1,False,10,9586,9586,5,1,0.3206256109481916,False,False,True,False,False,32,3.284632532863714,0.3333333333333333,0.09327472354212729,False,False,False,False,2,,0.6559362958083634,0.1257460251524315,,0.029061013938367297,0.005687126545451329,0.034139262496475954,False,False,0.012808278287676248
pi05_spatial_500,p3,r6p3v2_pi05_sp_500_A_r0,r6p3v2_pi05_sp_500_A_r0:eval:8:1,2,8,1,20,1,False,3,9444,9424,6,1,0.41886608015640275,False,False,True,False,False,32,2.8137027815477076,1.0,0.16993929671024918,False,False,False,False,2,,0.6559362958083634,,,0.0031767001268542664,0.0,0.0031767001268542664,False,True,0.012808278287676248
pi05_spatial_500,p3,r6p3v2_pi05_sp_500_A_r0,r6p3v2_pi05_sp_500_A_r0:eval:9:0,2,9,0,0,0,False,10,10324,10570,0,0,0.6202833214213719,True,False,True,False,False,13,5.958159811771115,1.0,0.008993587096896924,False,False,True,False,2,0.8715176098774041,0.7512171176292793,0.2534733246744897,0.2908413115257024,0.024180683272628893,0.057887620416864634,0.08181869225646964,False,False,0.011352229524742474
pi05_spatial_500,p3,r6p3v2_pi05_sp_500_A_r0,r6p3v2_pi05_sp_500_A_r0:eval:9:0,2,9,0,2,0,False,10,10500,10572,1,0,0.41861610497186946,False,False,True,False,False,33,4.37023094160407,0.3333333333333333,0.05412025862023312,False,False,True,False,2,1.0567241420016296,0.7512171176292793,0.39314591553961475,0.3720421441256411,0.06195392223266521,0.06134826873606096,0.12306447604524877,False,False,0.011352229524742474
pi05_spatial_500,p3,r6p3v2_pi05_sp_500_A_r0,r6p3v2_pi05_sp_500_A_r0:eval:9:0,2,9,0,4,0,False,10,10526,10574,2,0,0.19611211904631007,False,False,True,False,False,33,3.16190998890635,0.25,0.05154884514345376,False,False,True,False,2,0.9990573022575043,0.7512171176292793,0.350221348903424,0.35055181330645574,0.058770238042537094,0.0569471800472519,0.11422871208535143,False,False,0.011352229524742474
pi05_spatial_500,p3,r6p3v2_pi05_sp_500_A_r0,r6p3v2_pi05_sp_500_A_r0:eval:9:0,2,9,0,6,0,False,10,10528,10576,2,0,0.19611211904631007,False,False,True,False,False,33,3.16190998890635,0.25,0.05579510380456702,False,False,True,False,2,1.160904475724241,0.7512171176292793,0.25545583096669106,0.22004896725660616,0.04421637993612348,0.04089623898397831,0.07742756532046881,False,False,0.011352229524742474
pi05_spatial_500,p3,r6p3v2_pi05_sp_500_A_r0,r6p3v2_pi05_sp_500_A_r0:eval:9:0,2,9,0,8,0,False,10,10099,10099,3,0,0.8717677350779777,True,True,True,True,True,33,5.338068410742526,0.5,0.06875058657071496,False,False,True,False,2,1.0627153634853395,0.7512171176292793,0.26502633018066135,0.2493859967465479,0.05154338950288064,0.028147460010256073,0.07881319538022726,False,False,0.011352229524742474
pi05_spatial_500,p3,r6p3v2_pi05_sp_500_A_r0,r6p3v2_pi05_sp_500_A_r0:eval:9:0,2,9,0,10,0,False,10,10458,9795,4,1,0.3627650411420822,False,False,True,True,False,33,3.8942254069129083,0.3333333333333333,0.2126222883212594,False,False,True,False,2,0.9062868225811395,0.7512171176292793,0.15618138995014377,0.17233108333775968,0.01369068432671242,0.03712582834573415,0.047814017018215395,False,False,0.011352229524742474
pi05_spatial_500,p3,r6p3v2_pi05_sp_500_A_r0,r6p3v2_pi05_sp_500_A_r0:eval:9:0,2,9,0,12,0,False,10,10582,10127,3,1,0.39645298440449356,False,False,True,False,False,33,4.166677470834275,0.3333333333333333,0.1503370726036441,False,False,True,False,2,1.1326638784143983,0.7512171176292793,0.29304722007961953,0.25872390359075687,0.05665216118215097,0.05978232564451026,0.11517213547853197,False,False,0.011352229524742474
pi05_spatial_500,p3,r6p3v2_pi05_sp_500_A_r0,r6p3v2_pi05_sp_500_A_r0:eval:9:0,2,9,0,14,0,False,10,10105,10866,5,1,0.4257083035534297,True,False,True,False,False,33,4.495479839837203,0.3333333333333333,0.12465354912857987,False,False,True,False,2,0.951753035678763,0.7512171176292793,0.2392492124295165,0.25137740932855634,0.05659780828234205,0.057129889058367196,0.112823938169802,False,False,0.011352229524742474
pi05_spatial_500,p3,r6p3v2_pi05_sp_500_A_r0,r6p3v2_pi05_sp_500_A_r0:eval:9:0,2,9,0,16,0,False,10,10587,10587,5,1,0.19356708266901243,False,False,True,False,False,33,3.784663210243999,0.16666666666666666,0.1377303303415931,False,False,True,False,2,0.8603440240283406,0.7512171176292793,0.3452772592692648,0.4013246441261862,0.06372321466083726,0.07545302450935903,0.13783002728941052,False,False,0.011352229524742474
pi05_spatial_500,p3,r6p3v2_pi05_sp_500_A_r0,r6p3v2_pi05_sp_500_A_r0:eval:9:0,2,9,0,18,0,False,10,10466,10466,7,1,0.2900837502519838,False,False,True,False,False,33,3.9279804012008634,0.25,0.19956724835404582,False,False,True,False,2,0.9343231395579097,0.7512171176292793,0.47757552820589116,0.5111459922012248,0.08329509577128935,0.07703465130648113,0.15968258653215706,False,False,0.011352229524742474
pi05_spatial_500,p3,r6p3v2_pi05_sp_500_A_r0,r6p3v2_pi05_sp_500_A_r0:eval:9:0,2,9,0,20,0,False,10,10825,10825,7,1,0.42439226089028165,True,True,True,False,True,13,0.0,0.25,0.14275046158151555,False,False,True,False,2,0.9852367748239748,0.7512171176292793,0.36936916609464676,0.37490395764067913,0.06509442755115924,0.050419673198558584,0.11529407956863615,False,False,0.011352229524742474
pi05_spatial_500,p3,r6p3v2_pi05_sp_500_A_r0,r6p3v2_pi05_sp_500_A_r0:eval:9:0,2,9,0,22,0,False,10,9829,9856,6,1,0.5006196510711602,True,True,True,True,True,13,0.0,0.3333333333333333,0.13559643553369274,False,False,False,False,2,,0.7512171176292793,0.031794546663764654,,0.015555751069863,0.020604378837761467,0.01227016399499027,False,False,0.011352229524742474
pi05_spatial_500,p3,r6p3v2_pi05_sp_500_A_r0,r6p3v2_pi05_sp_500_A_r0:eval:9:0,2,9,0,24,0,False,10,10137,10546,7,2,0.5006196510711602,True,False,True,True,True,13,0.0,0.3333333333333333,1.1530207807453525,True,False,False,False,2,,0.7512171176292793,0.036409557981552224,,0.015348598333138458,0.015270114795003679,0.011640911069342784,False,False,0.011352229524742474
pi05_spatial_500,p3,r6p3v2_pi05_sp_500_A_r0,r6p3v2_pi05_sp_500_A_r0:eval:9:0,2,9,0,26,0,False,10,10137,10736,7,2,0.5006196510711602,True,False,True,True,True,13,0.0,0.3333333333333333,1.3149778101977156,True,False,False,False,2,,0.7512171176292793,0.04150976369819864,,0.015709123323788286,0.015602061842703864,0.01237643413827999,False,False,0.011352229524742474
pi05_spatial_500,p3,r6p3v2_pi05_sp_500_A_r0,r6p3v2_pi05_sp_500_A_r0:eval:9:0,2,9,0,28,0,False,10,10617,10736,8,1,0.28918348085839424,False,False,True,False,False,33,3.2901826089169535,0.3333333333333333,1.3984419668853771,True,False,False,False,2,,0.7512171176292793,0.04149869816374931,,0.016150832183484988,0.016125460684441338,0.012217233191533686,False,False,0.011352229524742474
pi05_spatial_500,p3,r6p3v2_pi05_sp_500_A_r0,r6p3v2_pi05_sp_500_A_r0:eval:9:0,2,9,0,30,0,False,10,10617,10736,8,1,0.28918348085839424,False,False,True,False,False,33,3.2901826089169535,0.3333333333333333,1.4834324148232765,True,False,False,False,2,,0.7512171176292793,0.04116359360612656,,0.01645232603883469,0.016669171016947305,0.011978424532396488,False,False,0.011352229524742474
pi05_spatial_500,p3,r6p3v2_pi05_sp_500_A_r0,r6p3v2_pi05_sp_500_A_r0:eval:9:0,2,9,0,32,0,False,10,10617,10617,8,1,0.28918348085839424,False,False,True,False,False,33,3.2901826089169535,0.3333333333333333,1.5859745904906406,True,False,False,False,2,,0.7512171176292793,0.04359669113863714,,0.016412781231026685,0.01636600616921567,0.012685268800928462,False,False,0.011352229524742474
pi05_spatial_500,p3,r6p3v2_pi05_sp_500_A_r0,r6p3v2_pi05_sp_500_A_r0:eval:9:0,2,9,0,34,0,False,10,10617,10736,8,1,0.28918348085839424,False,False,True,False,False,33,3.2901826089169535,0.3333333333333333,1.705023324098081,True,False,False,False,2,,0.7512171176292793,0.043140606409301924,,0.01487287431081301,0.017509321826303693,0.012528578818525421,False,False,0.011352229524742474
pi05_spatial_500,p3,r6p3v2_pi05_sp_500_A_r0,r6p3v2_pi05_sp_500_A_r0:eval:9:0,2,9,0,36,0,False,10,10617,10736,8,1,0.28918348085839424,False,False,True,False,False,33,3.2901826089169535,0.3333333333333333,1.8308532955449102,True,False,False,False,2,,0.7512171176292793,0.04197342221772937,,0.015174069219242964,0.016300023018344923,0.012175189211828629,False,False,0.011352229524742474
pi05_spatial_500,p3,r6p3v2_pi05_sp_500_A_r0,r6p3v2_pi05_sp_500_A_r0:eval:9:0,2,9,0,38,0,False,10,10617,10736,8,1,0.28918348085839424,False,False,True,False,False,33,3.2901826089169535,0.3333333333333333,1.957722814267616,True,False,False,False,2,,0.7512171176292793,0.04170776124667408,,0.01470086007821975,0.01627954226630584,0.012116036690331842,False,False,0.011352229524742474
pi05_spatial_500,p3,r6p3v2_pi05_sp_500_A_r0,r6p3v2_pi05_sp_500_A_r0:eval:9:0,2,9,0,40,0,False,10,10617,10736,8,1,0.28918348085839424,False,False,True,False,False,33,3.2901826089169535,0.3333333333333333,2.0902096905890732,True,False,False,False,2,,0.7512171176292793,0.04210859280950388,,0.016264028745948643,0.013836642237914434,0.012021137185034973,False,False,0.011352229524742474
pi05_spatial_500,p3,r6p3v2_pi05_sp_500_A_r0,r6p3v2_pi05_sp_500_A_r0:eval:9:0,2,9,0,42,0,False,10,10617,10736,8,1,0.28918348085839424,False,False,True,False,False,33,3.2901826089169535,0.3333333333333333,2.2392398373506426,True,False,False,False,2,,0.7512171176292793,,,0.015572898786234069,0.01347392440513955,0.011783193988242133,False,True,0.011352229524742474
pi05_spatial_500,p3,r6p3v2_pi05_sp_500_A_r0,r6p3v2_pi05_sp_500_A_r0:eval:9:1,2,9,1,0,1,False,10,10346,9712,0,0,0.6273755200029322,True,True,True,False,False,13,6.882426146470389,1.0,0.014070483830632387,False,False,True,False,2,1.0729580359546673,0.7512171176292793,0.257221961515694,0.2397316138154742,0.02393757138492965,0.05883718603596953,0.08255813422194215,False,False,0.010711932554841042
pi05_spatial_500,p3,r6p3v2_pi05_sp_500_A_r0,r6p3v2_pi05_sp_500_A_r0:eval:9:1,2,9,1,2,1,False,10,10620,10853,2,0,0.11189226089028166,False,False,True,False,False,33,2.37179741319358,0.25,0.052099982816813155,False,False,True,False,2,0.9371409242254919,0.7512171176292793,0.3948868201328054,0.421374000350228,0.06377854484305019,0.06169096712613693,0.12513508288046293,False,False,0.010711932554841042
pi05_spatial_500,p3,r6p3v2_pi05_sp_500_A_r0,r6p3v2_pi05_sp_500_A_r0:eval:9:1,2,9,1,4,1,False,10,10166,10166,1,0,0.24575750911723201,False,False,True,False,False,33,3.54577582784856,0.25,0.058813504401060486,False,False,True,False,2,1.0357908891718886,0.7512171176292793,0.3533415419090346,0.34113212000882726,0.06108679360987092,0.06073934179859311,0.12025790150215405,False,False,0.010711932554841042
pi05_spatial_500,p3,r6p3v2_pi05_sp_500_A_r0,r6p3v2_pi05_sp_500_A_r0:eval:9:1,2,9,1,6,1,False,10,9910,10810,2,0,0.7829778070995289,True,False,True,False,True,33,4.91141913478956,0.3333333333333333,0.10357042485747807,False,False,True,False,2,0.9145465797345822,0.7512171176292793,0.2711367810408247,0.29647126461236506,0.04882540939242492,0.04293242692211078,0.08567773701593186,False,False,0.010711932554841042
pi05_spatial_500,p3,r6p3v2_pi05_sp_500_A_r0,r6p3v2_pi05_sp_500_A_r0:eval:9:1,2,9,1,8,1,False,10,9935,9793,2,0,0.7776586581633588,True,False,True,True,True,33,4.716810084831419,0.3333333333333333,0.05382598305396029,False,False,True,False,2,1.0919824572798194,0.7512171176292793,0.1963176377780157,0.17978094471137598,0.05158101063489628,0.011794477191399443,0.058819459323338374,False,False,0.010711932554841042
pi05_spatial_500,p3,r6p3v2_pi05_sp_500_A_r0,r6p3v2_pi05_sp_500_A_r0:eval:9:1,2,9,1,10,1,False,10,9937,10603,3,1,0.40722872798577897,False,True,True,True,False,33,3.6656008554084236,0.5,0.13809062237721167,False,False,True,False,2,0.9763143490988692,0.7512171176292793,0.19426567347804768,0.19897861140456805,0.016824745309000723,0.04610351502478078,0.061248104020116406,False,False,0.010711932554841042
pi05_spatial_500,p3,r6p3v2_pi05_sp_500_A_r0,r6p3v2_pi05_sp_500_A_r0:eval:9:1,2,9,1,12,1,False,10,10028,10127,2,1,0.35567284256052195,False,False,True,False,False,13,3.809215995318274,0.3333333333333333,0.2423805921221705,False,False,True,False,2,1.4759716428499696,0.7512171176292793,0.2888735433261536,0.19571754289829346,0.060242292572742065,0.058185163222339076,0.11695172609040148,False,False,0.010711932554841042
pi05_spatial_500,p3,r6p3v2_pi05_sp_500_A_r0,r6p3v2_pi05_sp_500_A_r0:eval:9:1,2,9,1,14,1,False,10,9964,10289,5,1,0.23229928344970405,False,False,False,False,False,33,3.9099652311114355,0.2,0.1596656264107474,False,True,True,False,2,0.5950961619297416,0.7512171176292793,0.15050296971315447,0.25290529386899857,0.022590047701977672,0.03197225181833531,0.04879892591010885,True,False,0.010711932554841042
pi05_spatial_500,p3,r6p3v2_pi05_sp_500_A_r0,r6p3v2_pi05_sp_500_A_r0:eval:9:1,2,9,1,16,1,False,10,9817,10290,3,1,0.47637766415599175,True,False,False,True,False,13,4.295110774090567,0.5,0.5277901142623261,True,False,True,False,2,1.1766929323451163,0.7512171176292793,0.24216564688910686,0.20580190484060906,0.039451423429266545,0.040595274054160115,0.07819585588860745,False,False,0.010711932554841042
pi05_spatial_500,p3,r6p3v2_pi05_sp_500_A_r0,r6p3v2_pi05_sp_500_A_r0:eval:9:1,2,9,1,18,1,False,10,10862,10581,4,1,0.39113383546832337,False,False,True,True,False,13,4.151479900821792,0.3333333333333333,0.4801430245796083,True,True,True,False,2,0.6837658255635868,0.7512171176292793,0.06550661395522067,0.09580270248403762,0.015064773810807593,0.018706605128948273,0.02189706359202103,True,False,0.010711932554841042
pi05_spatial_500,p3,r6p3v2_pi05_sp_500_A_r0,r6p3v2_pi05_sp_500_A_r0:eval:9:1,2,9,1,20,1,False,10,10817,10335,5,1,0.1365546025986402,False,False,True,False,False,13,3.134830463950546,0.2,0.29415258845881365,False,False,True,False,2,1.1459458485398804,0.7512171176292793,0.316460619467818,0.2761566961222817,0.05044687570423355,0.062304773945014484,0.11105143990007608,False,False,0.010711932554841042
pi05_spatial_500,p3,r6p3v2_pi05_sp_500_A_r0,r6p3v2_pi05_sp_500_A_r0:eval:9:1,2,9,1,22,1,False,10,10867,10337,5,1,0.1349419062803526,False,False,True,False,False,13,2.5861719977303217,0.25,0.23616298050149395,False,False,True,False,2,1.0073464569484687,0.7512171176292793,0.24613455172722407,0.24433952194842057,0.05647622216978385,0.05997070511235725,0.11526962217802249,False,False,0.010711932554841042
pi05_spatial_500,p3,r6p3v2_pi05_sp_500_A_r0,r6p3v2_pi05_sp_500_A_r0:eval:9:1,2,9,1,24,1,False,10,10822,10822,6,1,0.30514092766690487,False,False,True,False,False,13,3.407133301413833,0.3333333333333333,0.23546111846231593,False,False,True,False,2,0.9652815435824383,0.7512171176292793,0.40914730138082034,0.42386317660478273,0.07135285096524258,0.08095272608779676,0.15130686987243863,False,False,0.010711932554841042
pi05_spatial_500,p3,r6p3v2_pi05_sp_500_A_r0,r6p3v2_pi05_sp_500_A_r0:eval:9:1,2,9,1,26,1,False,10,10872,10824,6,1,0.34471956493851597,False,True,True,False,True,13,0.0,0.16666666666666666,0.239633532094693,False,False,True,False,2,1.0145180635778324,0.7512171176292793,0.4265135113263411,0.42040997261515944,0.07336084036859272,0.06293645137160685,0.13581703858586858,False,False,0.010711932554841042
pi05_spatial_500,p3,r6p3v2_pi05_sp_500_A_r0,r6p3v2_pi05_sp_500_A_r0:eval:9:1,2,9,1,28,1,False,6,10735,9854,7,1,0.22016282734986348,False,False,True,False,False,33,4.016289732689516,0.16666666666666666,0.14387485492268864,False,False,False,False,2,,0.7512171176292793,,,0.049888708401637276,0.008326904779659621,0.058155511715087455,False,True,0.010711932554841042
pi05_spatial_500,p3,r6p3v2_pi05_sp_500_A_r1,r6p3v2_pi05_sp_500_A_r1:eval:0:0,1,0,0,0,1,False,10,51,562,0,0,0.5952845528455285,True,True,True,False,False,39,4.198693676073924,1.0,0.014306248400631312,False,False,True,False,1,1.0162660733192928,0.6709290922082054,0.3504317003069686,0.344822787562317,0.02069824414220443,0.05784224997908872,0.07831419526402429,False,False,0.02147187478840351
pi05_spatial_500,p3,r6p3v2_pi05_sp_500_A_r1,r6p3v2_pi05_sp_500_A_r1:eval:0:0,1,0,0,2,1,False,10,410,488,1,0,0.44661176222151827,False,False,True,False,False,39,3.226045621590503,0.5,0.0682120234268303,False,False,True,False,1,0.939242433290928,0.6709290922082054,0.5449097120301379,0.5801587457254005,0.0650232038364691,0.06805963868218753,0.13145514505456335,False,False,0.02147187478840351
pi05_spatial_500,p3,r6p3v2_pi05_sp_500_A_r1,r6p3v2_pi05_sp_500_A_r1:eval:0:0,1,0,0,4,1,False,10,906,620,2,0,0.19842888818498575,False,False,True,False,False,3,2.5354360294010903,0.25,0.08969766960324453,False,False,True,False,1,1.025781232532383,0.6709290922082054,0.4579354406500299,0.4464260274283906,0.06277051994073142,0.057411367451093306,0.11511579342708876,False,False,0.02147187478840351
pi05_spatial_500,p3,r6p3v2_pi05_sp_500_A_r1,r6p3v2_pi05_sp_500_A_r1:eval:0:0,1,0,0,6,1,False,10,846,908,2,0,0.4517622215183191,False,True,True,False,True,3,2.0678429380223595,0.25,0.09820716992731188,False,False,True,False,1,0.938386834625911,0.6709290922082054,0.4464817825338074,0.47579715108833326,0.06440930599505222,0.05227961247005029,0.11616388154317725,False,False,0.02147187478840351
pi05_spatial_500,p3,r6p3v2_pi05_sp_500_A_r1,r6p3v2_pi05_sp_500_A_r1:eval:0:0,1,0,0,8,1,False,10,556,910,3,1,0.2635814591912153,False,False,True,True,False,39,1.9663473320632676,0.5,0.1915674692146549,False,True,True,False,1,0.6225698698286235,0.6709290922082054,0.11938478447286688,0.19176126288561032,0.006147569068897619,0.027938547872083636,0.028374632789203897,True,False,0.02147187478840351
pi05_spatial_500,p3,r6p3v2_pi05_sp_500_A_r1,r6p3v2_pi05_sp_500_A_r1:eval:0:0,1,0,0,10,1,False,10,331,331,5,1,0.14267131242741,False,False,True,False,False,39,2.2165868815898686,0.25,0.09594049370129759,False,False,True,False,1,0.9248607189578893,0.6709290922082054,0.38371259183868184,0.41488689483000196,0.05364965701414709,0.05147619963936114,0.1024903047776172,False,False,0.02147187478840351
pi05_spatial_500,p3,r6p3v2_pi05_sp_500_A_r1,r6p3v2_pi05_sp_500_A_r1:eval:0:0,1,0,0,12,1,False,10,333,333,5,1,0.14267131242741,False,False,True,False,False,39,2.2165868815898686,0.25,0.06287440592241365,False,False,True,False,1,0.9717823011423551,0.6709290922082054,0.32307037167363156,0.3324513847328296,0.04497122813255245,0.051193633845322245,0.08595197894416555,False,False,0.02147187478840351
pi05_spatial_500,p3,r6p3v2_pi05_sp_500_A_r1,r6p3v2_pi05_sp_500_A_r1:eval:0:0,1,0,0,14,1,False,1,335,335,6,1,0.4025572801182557,False,False,True,False,False,39,2.256662725600263,1.0,0.11147851732566207,False,False,False,False,1,,0.6709290922082054,,,0.010336142275274764,0.0,0.010336142275274764,False,True,0.02147187478840351
pi05_spatial_500,p3,r6p3v2_pi05_sp_500_A_r1,r6p3v2_pi05_sp_500_A_r1:eval:0:1,1,0,1,0,1,False,10,486,796,0,0,0.6110421286031041,True,True,True,False,False,39,4.6439974631631324,1.0,0.02082919779649277,False,False,True,False,1,1.014408364633491,0.6709290922082054,0.33674730513581075,0.33196424327344604,0.018926737317254267,0.056382729518310165,0.0749663021337873,False,False,0.01676150714047253
pi05_spatial_500,p3,r6p3v2_pi05_sp_500_A_r1,r6p3v2_pi05_sp_500_A_r1:eval:0:1,1,0,1,2,1,False,10,904,564,2,0,0.19842888818498575,False,False,True,False,False,3,2.5354360294010903,0.25,0.05459211503769495,False,False,True,False,1,0.9903926265788862,0.6709290922082054,0.5449522947074685,0.5502386428197649,0.06431112504913883,0.06766893932326867,0.13078753744250682,False,False,0.01676150714047253
pi05_spatial_500,p3,r6p3v2_pi05_sp_500_A_r1,r6p3v2_pi05_sp_500_A_r1:eval:0:1,1,0,1,4,1,False,10,906,620,2,0,0.19842888818498575,False,False,True,False,False,3,2.5354360294010903,0.25,0.08736634814806912,False,False,True,False,1,1.0395486808181365,0.6709290922082054,0.46408158789606463,0.4464260274283906,0.06413313367363901,0.05736386281941916,0.11627404119966017,False,False,0.01676150714047253
pi05_spatial_500,p3,r6p3v2_pi05_sp_500_A_r1,r6p3v2_pi05_sp_500_A_r1:eval:0:1,1,0,1,6,1,False,10,846,5,2,0,0.4517622215183191,False,True,True,False,True,3,2.0678429380223595,0.25,0.05886700176323188,False,False,True,False,1,1.005366162784496,0.6709290922082054,0.4783503560534727,0.47579715108833326,0.06366944210024858,0.06075923425036438,0.12323739054143101,False,False,0.01676150714047253
pi05_spatial_500,p3,r6p3v2_pi05_sp_500_A_r1,r6p3v2_pi05_sp_500_A_r1:eval:0:1,1,0,1,8,1,False,10,652,571,3,1,0.6934663710273465,True,False,True,True,True,39,1.9995611656527517,1.0,0.1455167958584293,False,False,True,False,1,1.3226958423068302,0.6709290922082054,0.09171593000407505,0.06934015143203225,0.010754767204749962,0.02473212962722802,0.020859962696145876,False,False,0.01676150714047253
pi05_spatial_500,p3,r6p3v2_pi05_sp_500_A_r1,r6p3v2_pi05_sp_500_A_r1:eval:0:1,1,0,1,10,1,False,10,331,625,5,1,0.14267131242741,False,False,True,False,False,39,2.2165868815898686,0.25,0.11653489960182614,False,False,True,False,1,0.9349414727827088,0.6709290922082054,0.38789496449060684,0.41488689483000196,0.04802891357148983,0.056192963112373616,0.10314177188458934,False,False,0.01676150714047253
pi05_spatial_500,p3,r6p3v2_pi05_sp_500_A_r1,r6p3v2_pi05_sp_500_A_r1:eval:0:1,1,0,1,12,1,False,10,852,852,5,1,0.4420293527610601,False,False,True,False,True,3,0.0,0.3333333333333333,0.10866777690803837,False,False,True,False,1,0.9121131517021975,0.6709290922082054,0.28798455703157555,0.315733367613585,0.043148325498628945,0.04814034117952149,0.07754654164843511,False,False,0.01676150714047253
pi05_spatial_500,p3,r6p3v2_pi05_sp_500_A_r1,r6p3v2_pi05_sp_500_A_r1:eval:0:1,1,0,1,14,1,False,3,335,335,6,1,0.4025572801182557,False,False,True,False,False,39,2.256662725600263,1.0,0.12143285724489593,False,False,False,False,1,,0.6709290922082054,,,0.031242535417297438,0.0,0.031242535417297438,False,True,0.01676150714047253
pi05_spatial_500,p3,r6p3v2_pi05_sp_500_A_r1,r6p3v2_pi05_sp_500_A_r1:eval:1:0,1,1,0,0,1,False,10,1040,1714,0,0,0.6089382362304998,True,True,True,False,False,43,6.987379367619847,1.0,0.005634755503443524,False,False,True,False,2,1.0364209608292945,0.7069033121183256,0.21989699651468422,0.21216957667349104,0.025199321996858374,0.052419297388515196,0.07759859427979655,False,False,0.013204582501202822
pi05_spatial_500,p3,r6p3v2_pi05_sp_500_A_r1,r6p3v2_pi05_sp_500_A_r1:eval:1:0,1,1,0,2,1,False,10,1287,1494,1,0,0.21208479252891863,False,False,True,False,False,43,4.1076219632114075,0.2,0.034508194821864964,False,False,True,False,2,1.0012494229130793,0.7069033121183256,0.30886076908517984,0.3084753529111325,0.054705948569732515,0.05448926759356485,0.10913712964275529,False,False,0.013204582501202822
pi05_spatial_500,p3,r6p3v2_pi05_sp_500_A_r1,r6p3v2_pi05_sp_500_A_r1:eval:1:0,1,1,0,4,1,False,10,1741,1718,1,0,0.2663933991297888,False,False,True,False,False,4,4.055488443237237,0.25,0.04896673929268052,False,False,True,False,2,1.0016928611805926,0.7069033121183256,0.3187784404775605,0.3182397048351219,0.054359400459570086,0.05498315189246262,0.108593675944753,False,False,0.013204582501202822
pi05_spatial_500,p3,r6p3v2_pi05_sp_500_A_r1,r6p3v2_pi05_sp_500_A_r1:eval:1:0,1,1,0,6,1,False,10,1743,1720,2,0,0.43587631327602677,False,False,True,False,True,4,3.5294505733583676,0.16666666666666666,0.058652573744179114,False,False,True,False,2,0.9351090239649847,0.7069033121183256,0.3928304210510911,0.4200905038702746,0.05475361728694873,0.057141515367910144,0.10899670547233126,False,False,0.013204582501202822
pi05_spatial_500,p3,r6p3v2_pi05_sp_500_A_r1,r6p3v2_pi05_sp_500_A_r1:eval:1:0,1,1,0,8,1,False,10,1565,1048,2,0,0.7172052424917754,True,True,True,False,True,43,5.763640935680261,0.25,0.09359258319930232,False,False,True,False,2,1.1409714302651817,0.7069033121183256,0.43139899334951665,0.3780979802879481,0.05937639187374748,0.05427497363123505,0.11327576864103102,False,False,0.013204582501202822
pi05_spatial_500,p3,r6p3v2_pi05_sp_500_A_r1,r6p3v2_pi05_sp_500_A_r1:eval:1:0,1,1,0,10,1,False,10,1857,982,3,1,0.7054043298312639,True,True,True,True,True,43,3.4453889631980177,1.0,0.10152649538228323,False,False,True,False,2,1.5655234032318717,0.7069033121183256,0.15592692388982804,0.09960050649382308,0.03639495334176018,0.009125263587214195,0.04272041994842845,False,False,0.013204582501202822
pi05_spatial_500,p3,r6p3v2_pi05_sp_500_A_r1,r6p3v2_pi05_sp_500_A_r1:eval:1:0,1,1,0,12,1,False,10,1680,1362,4,1,0.26805024938979094,False,False,True,False,False,4,3.471967617475342,0.3333333333333333,0.20105609542989433,False,False,True,False,2,0.8738362924905418,0.7069033121183256,0.18905345124304157,0.21634882056021704,0.01191241753014997,0.037857492165158636,0.04944444644591906,False,False,0.013204582501202822
pi05_spatial_500,p3,r6p3v2_pi05_sp_500_A_r1,r6p3v2_pi05_sp_500_A_r1:eval:1:0,1,1,0,14,1,False,10,1682,964,5,1,0.3960349676323888,False,False,True,False,False,4,4.480264273383902,0.3333333333333333,0.15824790096537064,False,False,True,False,2,1.079143597092566,0.7069033121183256,0.46007911883670294,0.42633725490866126,0.059322306779154184,0.06975392670437196,0.12638084848270822,False,False,0.013204582501202822
pi05_spatial_500,p3,r6p3v2_pi05_sp_500_A_r1,r6p3v2_pi05_sp_500_A_r1:eval:1:0,1,1,0,16,1,False,10,1485,966,7,1,0.25754404117584634,False,False,True,False,False,43,3.3544465110044337,0.3333333333333333,0.06849885250937458,False,False,True,False,2,0.9852146524976061,0.7069033121183256,0.42777883722944926,0.434198614631839,0.0687829043402145,0.0631101106350875,0.12947959500808384,False,False,0.013204582501202822
pi05_spatial_500,p3,r6p3v2_pi05_sp_500_A_r1,r6p3v2_pi05_sp_500_A_r1:eval:1:0,1,1,0,18,1,False,10,1487,1842,7,1,0.25754404117584634,False,False,True,False,False,43,3.3544465110044337,0.3333333333333333,0.08100088105118128,False,False,True,False,2,0.9874440805198752,0.7069033121183256,0.3993410433622223,0.40441889443701456,0.06140373922276443,0.057984806553570925,0.11581047691687488,False,False,0.013204582501202822
pi05_spatial_500,p3,r6p3v2_pi05_sp_500_A_r1,r6p3v2_pi05_sp_500_A_r1:eval:1:0,1,1,0,20,1,False,10,1489,970,8,1,0.28810755598004884,False,False,True,False,False,43,3.6323919358205576,0.3333333333333333,0.116007640890672,False,False,True,False,2,0.9374870031779031,0.7069033121183256,0.331320559353485,0.3534134961128753,0.0470375639335422,0.041880861991228445,0.08659884861503177,False,False,0.013204582501202822
pi05_spatial_500,p3,r6p3v2_pi05_sp_500_A_r1,r6p3v2_pi05_sp_500_A_r1:eval:1:0,1,1,0,22,1,False,3,1371,2039,7,1,0.352968799745304,False,False,True,False,False,43,3.2439229604150337,1.0,0.07786602493513732,False,False,False,False,2,,0.7069033121183256,,,0.026914517288292448,0.0,0.026914517288292448,False,True,0.013204582501202822
pi05_spatial_500,p3,r6p3v2_pi05_sp_500_A_r1,r6p3v2_pi05_sp_500_A_r1:eval:1:1,1,1,1,0,1,False,10,1868,1737,0,0,0.5535418656478828,False,True,True,False,False,43,5.149784753198183,1.0,0.019404755913777737,False,False,True,False,2,0.9484808491873868,0.7069033121183256,0.2222957549584434,0.23437031453918736,0.025989106009770807,0.05241152435817805,0.07838255086944466,False,False,0.014344187961383299
pi05_spatial_500,p3,r6p3v2_pi05_sp_500_A_r1,r6p3v2_pi05_sp_500_A_r1:eval:1:1,1,1,1,2,1,False,10,1694,1739,1,0,0.27116894831794547,False,False,True,False,False,4,4.071233366478462,0.25,0.03295496647755231,False,False,True,False,2,1.0076710854487254,0.7069033121183256,0.3150029400567782,0.31260492099612486,0.055649546042761205,0.0555066787157956,0.11109246698159655,False,False,0.014344187961383299
pi05_spatial_500,p3,r6p3v2_pi05_sp_500_A_r1,r6p3v2_pi05_sp_500_A_r1:eval:1:1,1,1,1,4,1,False,10,1354,1696,1,0,0.234874774487955,False,False,True,False,False,43,3.838548971421155,0.25,0.04907275812768426,False,False,True,False,2,0.9969241684635114,0.7069033121183256,0.3210348734842835,0.3220253692706355,0.054842313871429134,0.05548170704734916,0.10968065987147434,False,False,0.014344187961383299
pi05_spatial_500,p3,r6p3v2_pi05_sp_500_A_r1,r6p3v2_pi05_sp_500_A_r1:eval:1:1,1,1,1,6,1,False,10,1356,1743,2,0,0.5702509816406665,True,False,True,False,True,43,4.383558209920685,0.2,0.06497226465119818,False,False,True,False,2,1.0908778961177696,0.7069033121183256,0.41103924964961613,0.37679675343356756,0.05537316877136828,0.05835802951614523,0.11148166742392848,False,False,0.014344187961383299
pi05_spatial_500,p3,r6p3v2_pi05_sp_500_A_r1,r6p3v2_pi05_sp_500_A_r1:eval:1:1,1,1,1,8,1,False,10,1455,1855,2,0,0.5915592168099332,True,False,True,False,True,43,4.920122183866008,0.16666666666666666,0.07895395127309686,False,False,True,False,2,0.9856268110421418,0.7069033121183256,0.41043511766530105,0.41642040685899356,0.0585600881456824,0.04954523788369304,0.10786837837089598,False,False,0.014344187961383299
pi05_spatial_500,p3,r6p3v2_pi05_sp_500_A_r1,r6p3v2_pi05_sp_500_A_r1:eval:1:1,1,1,1,10,1,False,10,1919,1360,2,0,0.5953796561604584,True,True,True,True,True,43,5.039165481260067,0.16666666666666666,0.08533098272721625,False,True,True,False,2,0.5662039433068814,0.7069033121183256,0.06334089996144085,0.1118694080290257,0.019835922980748696,0.004585285118448958,0.018705229170461423,True,False,0.014344187961383299
pi05_spatial_500,p3,r6p3v2_pi05_sp_500_A_r1,r6p3v2_pi05_sp_500_A_r1:eval:1:1,1,1,1,12,1,False,10,1297,1362,4,1,0.23391966465032366,False,False,True,False,False,43,3.836762225187134,0.25,0.2118581624755783,False,False,True,False,2,0.9561407872299044,0.7069033121183256,0.20152125285127703,0.21076525083206307,0.013860578895525902,0.03908311855577028,0.052790795434379124,False,False,0.014344187961383299
pi05_spatial_500,p3,r6p3v2_pi05_sp_500_A_r1,r6p3v2_pi05_sp_500_A_r1:eval:1:1,1,1,1,14,1,False,10,1967,1320,5,1,0.32058129045951395,False,False,True,False,False,43,3.840838557043898,0.3333333333333333,0.1297374032142219,False,False,True,False,2,1.0880266713186668,0.7069033121183256,0.46172538952913866,0.4243695505823737,0.06195881586155445,0.0685534237649222,0.127445284744884,False,False,0.014344187961383299
pi05_spatial_500,p3,r6p3v2_pi05_sp_500_A_r1,r6p3v2_pi05_sp_500_A_r1:eval:1:1,1,1,1,16,1,False,10,988,1640,5,1,0.1976254908203332,False,False,True,False,False,43,3.5546202506921953,0.25,0.15809061743016387,False,False,True,False,2,0.9420145764056824,0.7069033121183256,0.398266228845447,0.42278138663741016,0.06426836263068278,0.06156150115112029,0.12193104502058429,False,False,0.014344187961383299
pi05_spatial_500,p3,r6p3v2_pi05_sp_500_A_r1,r6p3v2_pi05_sp_500_A_r1:eval:1:1,1,1,1,18,1,False,10,1907,1755,6,1,0.26448317945452615,False,False,True,False,False,43,4.041125931605424,0.25,0.1661707732561643,False,False,True,False,2,0.956017218225268,0.7069033121183256,0.38468737245017387,0.4023854017653575,0.058016315335623306,0.0496172988418111,0.10488756373130466,False,False,0.014344187961383299
pi05_spatial_500,p3,r6p3v2_pi05_sp_500_A_r1,r6p3v2_pi05_sp_500_A_r1:eval:1:1,1,1,1,20,1,False,6,1846,1370,6,1,0.3998554069829141,False,False,True,False,False,43,4.519539723609968,0.3333333333333333,0.14991530700162617,False,False,False,False,2,,0.7069033121183256,,,0.04406005179449116,0.007317448443578628,0.05122669617387992,False,True,0.014344187961383299
pi05_spatial_500,p3,r6p3v2_pi05_sp_500_A_r1,r6p3v2_pi05_sp_500_A_r1:eval:2:0,1,2,0,0,1,False,10,2756,2855,0,0,0.6131212609295904,True,True,True,False,False,42,5.518082388771382,1.0,0.013138270595250842,False,False,True,False,2,1.2529528509881658,0.6137567275250041,0.1694414120424741,0.13523366973373405,0.006898517365262617,0.03905749490328512,0.04595586729449277,False,False,0.018633296713232994
pi05_spatial_500,p3,r6p3v2_pi05_sp_500_A_r1,r6p3v2_pi05_sp_500_A_r1:eval:2:0,1,2,0,2,1,False,10,2758,2857,1,0,0.25012463568031906,False,False,True,False,False,42,3.444828251835711,0.25,0.04998065235024485,False,False,True,False,2,1.0262250526846057,0.6137567275250041,0.38289945304821077,0.37311450548448943,0.05412276663026392,0.05547733732013652,0.10721632271598157,False,False,0.018633296713232994
pi05_spatial_500,p3,r6p3v2_pi05_sp_500_A_r1,r6p3v2_pi05_sp_500_A_r1:eval:2:0,1,2,0,4,1,False,10,2682,2242,2,0,0.5132273610471954,False,False,True,False,True,42,2.9956127507449883,0.25,0.08796234150894774,False,False,True,False,2,0.974815944697769,0.6137567275250041,0.41035117367493273,0.4209524638029568,0.05615650451297817,0.05141894078510834,0.10524904892650573,False,False,0.018633296713232994
pi05_spatial_500,p3,r6p3v2_pi05_sp_500_A_r1,r6p3v2_pi05_sp_500_A_r1:eval:2:0,1,2,0,6,1,False,10,2322,2862,2,0,0.11367732781101396,False,True,True,False,False,42,2.9614788026084105,0.2,0.1169068206877515,False,False,True,False,2,1.4243096126361552,0.6137567275250041,0.3177571494923941,0.22309555919115057,0.04492685254312435,0.035934683431231594,0.08083972672736991,False,False,0.018633296713232994
pi05_spatial_500,p3,r6p3v2_pi05_sp_500_A_r1,r6p3v2_pi05_sp_500_A_r1:eval:2:0,1,2,0,8,1,False,10,2864,2864,4,1,0.4047943191696068,False,False,True,True,False,42,3.7812540804557275,0.5,0.11246244941514198,False,False,True,False,2,1.47310590249966,0.6137567275250041,0.11685443698505886,0.07932521130135504,0.02529413780833105,0.006165321062722646,0.030439760053203098,False,False,0.018633296713232994
pi05_spatial_500,p3,r6p3v2_pi05_sp_500_A_r1,r6p3v2_pi05_sp_500_A_r1:eval:2:0,1,2,0,10,1,False,10,2168,2866,4,1,0.24907641765096897,False,False,True,False,False,42,3.4418867933730177,0.25,0.11799758904055863,False,False,True,False,2,0.9418429948145148,0.6137567275250041,0.21993603614928012,0.23351666611120678,0.015554975641114445,0.04042004523872868,0.05529434422124203,False,False,0.018633296713232994
pi05_spatial_500,p3,r6p3v2_pi05_sp_500_A_r1,r6p3v2_pi05_sp_500_A_r1:eval:2:0,1,2,0,12,1,False,10,2170,2868,4,1,0.24907641765096897,False,False,True,False,False,42,3.4418867933730177,0.25,0.14932806261868029,False,False,True,False,2,0.9714010087653363,0.6137567275250041,0.47894711185761774,0.4930477810254345,0.05896044099625346,0.060709586178703395,0.11847235188421774,False,False,0.018633296713232994
pi05_spatial_500,p3,r6p3v2_pi05_sp_500_A_r1,r6p3v2_pi05_sp_500_A_r1:eval:2:0,1,2,0,14,1,False,10,2172,2870,5,1,0.14739926880400878,False,False,True,False,False,42,2.570704441503119,0.25,0.09784490051595009,False,False,True,False,2,0.9605324696767259,0.6137567275250041,0.38197768041565344,0.3976728455043386,0.05101319577707721,0.048575520282656715,0.09676083269123929,False,False,0.018633296713232994
pi05_spatial_500,p3,r6p3v2_pi05_sp_500_A_r1,r6p3v2_pi05_sp_500_A_r1:eval:2:0,1,2,0,16,1,False,10,2174,2752,5,1,0.14739926880400878,False,False,True,False,False,42,2.570704441503119,0.25,0.142086316927669,False,False,True,False,2,0.8762382705713083,0.6137567275250041,0.3411976219551832,0.38938908903479186,0.04817342070704898,0.04075311003597427,0.08714336744100026,False,False,0.018633296713232994
pi05_spatial_500,p3,r6p3v2_pi05_sp_500_A_r1,r6p3v2_pi05_sp_500_A_r1:eval:2:0,1,2,0,18,1,False,8,2973,2156,5,1,0.17779759165516182,False,False,True,False,False,42,2.9890702966502034,0.25,0.18622436770512082,False,False,False,False,2,,0.6137567275250041,,,0.03551165161882101,0.016330011195307356,0.05182916600608095,False,True,0.018633296713232994
pi05_spatial_500,p3,r6p3v2_pi05_sp_500_A_r1,r6p3v2_pi05_sp_500_A_r1:eval:2:1,1,2,1,0,1,False,10,3035,2177,0,0,0.5051548039065296,False,True,True,False,False,42,3.91172215413207,1.0,0.026713326955755907,False,False,True,False,2,1.6942131217607816,0.6137567275250041,0.17760445374172823,0.10483005441319294,0.008979200887887182,0.03939882801462986,0.048376022507640865,False,False,0.013936904724687338
pi05_spatial_500,p3,r6p3v2_pi05_sp_500_A_r1,r6p3v2_pi05_sp_500_A_r1:eval:2:1,1,2,1,2,1,False,10,2878,2699,1,0,0.42575867975660886,False,False,True,False,False,5,3.9002224239176795,0.5,0.05281300967648947,False,False,True,False,2,0.9467986830545809,0.6137567275250041,0.3802100807823574,0.40157436589974543,0.053488723721,0.054419711862983514,0.10559366753273917,False,False,0.013936904724687338
pi05_spatial_500,p3,r6p3v2_pi05_sp_500_A_r1,r6p3v2_pi05_sp_500_A_r1:eval:2:1,1,2,1,4,1,False,10,2701,2242,2,0,0.43548026282149616,False,False,True,False,True,42,2.7977512518416656,0.2,0.045589982453915774,False,False,True,False,2,0.9847642663039197,0.6137567275250041,0.40833958857221003,0.4146571951730299,0.05523513179886431,0.05060174427240375,0.10403232108387031,False,False,0.013936904724687338
pi05_spatial_500,p3,r6p3v2_pi05_sp_500_A_r1,r6p3v2_pi05_sp_500_A_r1:eval:2:1,1,2,1,6,1,False,10,2763,2703,2,0,0.6369170885105078,True,False,True,False,True,42,3.8588180319681573,0.25,0.07846993299312091,False,False,True,False,2,0.8520705247748049,0.6137567275250041,0.30678832152298585,0.36005038620960095,0.042360542600308075,0.03552276396079896,0.07783497752243551,False,False,0.013936904724687338
pi05_spatial_500,p3,r6p3v2_pi05_sp_500_A_r1,r6p3v2_pi05_sp_500_A_r1:eval:2:1,1,2,1,8,1,False,10,2597,2406,3,1,0.48760354348826507,False,False,True,True,False,42,4.3360599679247604,0.5,0.07184400378808066,False,False,True,False,2,0.7266332709782031,0.6137567275250041,0.04980246174323458,0.06853864766774286,0.013458184690382825,0.00930871079463196,0.014400954998099432,False,False,0.013936904724687338
pi05_spatial_500,p3,r6p3v2_pi05_sp_500_A_r1,r6p3v2_pi05_sp_500_A_r1:eval:2:1,1,2,1,10,1,False,10,2866,2707,5,1,0.20295482435956433,False,False,True,False,False,42,3.1586419259748286,0.25,0.0825342437799283,False,False,True,False,2,1.2029285820171336,0.6137567275250041,0.3013577127480859,0.2505200368942548,0.025157239515916564,0.05174877642217644,0.07557842383384178,False,False,0.013936904724687338
pi05_spatial_500,p3,r6p3v2_pi05_sp_500_A_r1,r6p3v2_pi05_sp_500_A_r1:eval:2:1,1,2,1,12,1,False,10,2868,2868,5,1,0.20295482435956433,False,False,True,False,False,42,3.1586419259748286,0.25,0.09592530688665891,False,False,True,False,2,1.0060013704664346,0.6137567275250041,0.46447398338461104,0.4617031318448967,0.061670376919272185,0.054847339987942355,0.11433040196247976,False,False,0.013936904724687338
pi05_spatial_500,p3,r6p3v2_pi05_sp_500_A_r1,r6p3v2_pi05_sp_500_A_r1:eval:2:1,1,2,1,14,1,False,10,3049,2603,5,1,0.10424336554686302,False,False,True,False,False,42,2.8532624232750865,0.2,0.15197052804477537,False,False,True,False,2,0.9510727260974339,0.6137567275250041,0.37511583781122043,0.3944134107918801,0.049531056621537305,0.0487343268989819,0.09599928221595373,False,False,0.013936904724687338
pi05_spatial_500,p3,r6p3v2_pi05_sp_500_A_r1,r6p3v2_pi05_sp_500_A_r1:eval:2:1,1,2,1,16,1,False,10,2872,2793,6,1,0.1000504934294626,False,False,True,False,False,42,2.7712490027152943,0.2,0.17651619360462287,False,False,True,False,2,0.9348644828870376,0.6137567275250041,0.3243974151187046,0.34699940050872863,0.04579692609122714,0.038397477133200894,0.08267386612676805,False,False,0.013936904724687338
pi05_spatial_500,p3,r6p3v2_pi05_sp_500_A_r1,r6p3v2_pi05_sp_500_A_r1:eval:2:1,1,2,1,18,1,False,5,2874,2754,6,1,0.1000504934294626,False,False,True,False,False,42,2.7712490027152943,0.2,0.17339795135237213,False,False,False,False,2,,0.6137567275250041,,,0.033095954220235556,0.0,0.033095954220235556,False,True,0.013936904724687338
pi05_spatial_500,p3,r6p3v2_pi05_sp_500_A_r1,r6p3v2_pi05_sp_500_A_r1:eval:3:0,1,3,0,0,1,False,10,3628,3342,0,0,0.5971769815418023,True,True,True,False,False,43,4.756184735036848,1.0,0.01805250401783292,False,False,True,False,1,1.1607494461915995,0.762086092106727,0.2794378390376955,0.2407391534448081,0.019588770313193737,0.05811467510441048,0.07767366087469818,False,False,0.01680377560357253
pi05_spatial_500,p3,r6p3v2_pi05_sp_500_A_r1,r6p3v2_pi05_sp_500_A_r1:eval:3:0,1,3,0,2,1,False,10,3192,3192,1,0,0.34581976112920737,False,False,True,False,False,43,3.115657885710077,0.3333333333333333,0.05453692594956997,False,False,True,False,1,0.992725114465195,0.762086092106727,0.4156663554672472,0.41871244054420514,0.06068248958619545,0.06041329972221876,0.120777940647174,False,False,0.01680377560357253
pi05_spatial_500,p3,r6p3v2_pi05_sp_500_A_r1,r6p3v2_pi05_sp_500_A_r1:eval:3:0,1,3,0,4,1,False,10,3632,3194,2,0,0.5971769815418023,True,True,True,False,True,43,3.268447222342038,0.25,0.07748604564327691,False,False,True,False,1,0.9750078721178153,0.762086092106727,0.4667505577630158,0.47871465565625293,0.06405272389700024,0.06541932422799757,0.12706632732771378,False,False,0.01680377560357253
pi05_spatial_500,p3,r6p3v2_pi05_sp_500_A_r1,r6p3v2_pi05_sp_500_A_r1:eval:3:0,1,3,0,6,1,False,10,3331,3331,2,0,0.6780673181324648,True,True,True,False,True,43,3.1132137032267586,0.3333333333333333,0.07948841345959919,False,False,True,False,1,0.9913479543378945,0.762086092106727,0.4329393637479754,0.43671786667187784,0.05723486934843004,0.04759486800510281,0.10160467623367203,False,False,0.01680377560357253
pi05_spatial_500,p3,r6p3v2_pi05_sp_500_A_r1,r6p3v2_pi05_sp_500_A_r1:eval:3:0,1,3,0,8,1,False,10,3553,3653,3,1,0.32084690553745926,False,False,True,True,False,43,2.827522424340059,0.3333333333333333,0.13088752983770605,False,False,True,False,1,1.1364251219903982,0.762086092106727,0.21509619766163468,0.18927441280504537,0.038379710808594474,0.01607264626773277,0.0537703833848347,False,False,0.01680377560357253
pi05_spatial_500,p3,r6p3v2_pi05_sp_500_A_r1,r6p3v2_pi05_sp_500_A_r1:eval:3:0,1,3,0,10,1,False,10,3555,3335,3,1,0.32084690553745926,False,False,True,False,False,43,2.827522424340059,0.3333333333333333,0.15942142343140794,False,False,True,False,1,1.0792705367788178,0.762086092106727,0.30030831570471866,0.278251194182523,0.017643718165412218,0.05388858961048347,0.07041445248209366,False,False,0.01680377560357253
pi05_spatial_500,p3,r6p3v2_pi05_sp_500_A_r1,r6p3v2_pi05_sp_500_A_r1:eval:3:0,1,3,0,12,1,False,10,3557,3219,4,1,0.3914223669923995,False,False,True,False,False,43,2.5388774107515863,0.5,0.08680765097749177,False,False,True,False,1,1.0281649846598788,0.762086092106727,0.4355303149483348,0.4235996376519377,0.059874032258579575,0.05034876159984493,0.10174267814564388,False,False,0.01680377560357253
pi05_spatial_500,p3,r6p3v2_pi05_sp_500_A_r1,r6p3v2_pi05_sp_500_A_r1:eval:3:0,1,3,0,14,1,False,10,3675,3356,5,1,0.2665580890336591,False,False,True,False,False,43,2.3413416234571462,0.3333333333333333,0.08573144569567302,False,False,True,False,1,1.0449680817151183,0.762086092106727,0.4902109436252594,0.4691157100422344,0.061111329701798375,0.05922392777537215,0.11459526283931039,False,False,0.01680377560357253
pi05_spatial_500,p3,r6p3v2_pi05_sp_500_A_r1,r6p3v2_pi05_sp_500_A_r1:eval:3:0,1,3,0,16,1,False,4,3223,3223,5,1,0.2817589576547231,False,False,True,False,False,43,2.4777802807589424,0.3333333333333333,0.08455438249517681,False,False,False,False,1,,0.762086092106727,,,0.031984700174924274,0.0,0.031984700174924274,False,True,0.01680377560357253
pi05_spatial_500,p3,r6p3v2_pi05_sp_500_A_r1,r6p3v2_pi05_sp_500_A_r1:eval:3:1,1,3,1,0,1,False,10,3494,3307,0,0,0.6308360477741585,True,True,True,False,False,43,6.211880275111322,1.0,0.0193809672682078,False,False,True,False,1,1.0088010212182363,0.762086092106727,0.28277461254675856,0.2803076192421749,0.0224731005435395,0.05781286150188451,0.08021744547371741,False,False,0.01890856462220351
pi05_spatial_500,p3,r6p3v2_pi05_sp_500_A_r1,r6p3v2_pi05_sp_500_A_r1:eval:3:1,1,3,1,2,1,False,10,3309,3309,1,0,0.3968512486427796,False,False,True,False,False,43,3.9190397303612965,0.3333333333333333,0.10302940959214876,False,False,True,False,1,1.0007015805913038,0.762086092106727,0.41805876092911853,0.41776566464708903,0.05993859127043744,0.06108411559487982,0.12073299014020684,False,False,0.01890856462220351
pi05_spatial_500,p3,r6p3v2_pi05_sp_500_A_r1,r6p3v2_pi05_sp_500_A_r1:eval:3:1,1,3,1,4,1,False,10,3059,3311,2,0,0.38653637350705755,False,False,True,False,True,43,1.7772919608847233,0.2,0.12037778164899779,False,False,True,False,1,1.0017050094844944,0.762086092106727,0.47736930338825706,0.4765567695762296,0.06519366239870611,0.06554708397621267,0.12791778310117763,False,False,0.01890856462220351
pi05_spatial_500,p3,r6p3v2_pi05_sp_500_A_r1,r6p3v2_pi05_sp_500_A_r1:eval:3:1,1,3,1,6,1,False,10,3130,3365,2,0,0.5559174809989142,True,False,True,False,True,43,2.741423468854946,0.25,0.14159493013098057,False,False,True,False,1,0.9553095987192873,0.762086092106727,0.4300226502408982,0.45013956817496403,0.05504065604196878,0.04818710718134408,0.10085482692006124,False,False,0.01890856462220351
pi05_spatial_500,p3,r6p3v2_pi05_sp_500_A_r1,r6p3v2_pi05_sp_500_A_r1:eval:3:1,1,3,1,8,1,False,10,3619,3619,3,1,0.3523344191096634,False,False,True,True,False,43,2.2565085119284882,0.5,0.20352822468060297,False,False,True,False,1,1.6978565430646657,0.762086092106727,0.18354827925133185,0.1081058820906173,0.03523034385948843,0.012372873028027634,0.046176926891272146,False,False,0.01890856462220351
pi05_spatial_500,p3,r6p3v2_pi05_sp_500_A_r1,r6p3v2_pi05_sp_500_A_r1:eval:3:1,1,3,1,10,1,False,10,3488,3705,3,1,0.27741585233441907,False,False,True,True,False,43,1.7910183995886235,0.5,0.24709035825286113,False,False,True,False,1,0.8680391032245479,0.762086092106727,0.3174287709241328,0.36568487496123664,0.02120579875125342,0.053665366741522606,0.07435981201350877,False,False,0.01890856462220351
pi05_spatial_500,p3,r6p3v2_pi05_sp_500_A_r1,r6p3v2_pi05_sp_500_A_r1:eval:3:1,1,3,1,12,1,False,10,3185,3606,4,1,0.1981541802388708,False,False,True,False,False,43,1.9313535547366283,0.3333333333333333,0.20406576171767657,False,False,True,False,1,0.8994749385709708,0.762086092106727,0.43200675665647603,0.4802877080075418,0.05908736529231004,0.0499105810893005,0.10103289674495944,False,False,0.01890856462220351
pi05_spatial_500,p3,r6p3v2_pi05_sp_500_A_r1,r6p3v2_pi05_sp_500_A_r1:eval:3:1,1,3,1,14,1,False,10,3187,3475,5,1,0.18403908794788273,False,False,True,False,False,43,1.8350905861332465,0.3333333333333333,0.13486543607200493,False,False,True,False,1,0.9617440195831547,0.762086092106727,0.47062183104354005,0.48934209255340105,0.05837405238722074,0.058126278251899116,0.11002974389891833,False,False,0.01890856462220351
pi05_spatial_500,p3,r6p3v2_pi05_sp_500_A_r1,r6p3v2_pi05_sp_500_A_r1:eval:3:1,1,3,1,16,1,False,4,3189,3477,5,1,0.18403908794788273,False,False,True,False,False,43,1.8350905861332465,0.3333333333333333,0.1940360602978333,False,False,False,False,1,,0.762086092106727,,,0.03657068086371239,0.0,0.03657068086371239,False,True,0.01890856462220351
pi05_spatial_500,p3,r6p3v2_pi05_sp_500_A_r1,r6p3v2_pi05_sp_500_A_r1:eval:4:0,1,4,0,0,1,False,10,4969,4417,0,0,0.5798771121351766,True,True,True,False,False,43,6.205389938904875,1.0,0.01492563091379527,False,False,True,False,2,1.0790907908060783,0.6712602412021075,0.2437122174857543,0.22584959445692412,0.020881617269619176,0.05255601712480796,0.07343708375205282,False,False,0.02010716707445681
pi05_spatial_500,p3,r6p3v2_pi05_sp_500_A_r1,r6p3v2_pi05_sp_500_A_r1:eval:4:0,1,4,0,2,1,False,10,4468,4419,1,0,0.2530721966205837,False,False,True,False,False,43,4.594736589866251,0.25,0.03805927336179797,False,False,True,False,2,1.0052716088686566,0.6712602412021075,0.387234969764663,0.3852043232380365,0.060471768627553456,0.05798428948298899,0.11817075995614613,False,False,0.02010716707445681
pi05_spatial_500,p3,r6p3v2_pi05_sp_500_A_r1,r6p3v2_pi05_sp_500_A_r1:eval:4:0,1,4,0,4,1,False,10,4470,4870,1,0,0.2530721966205837,False,False,True,False,False,43,4.594736589866251,0.25,0.05544870113869163,False,False,True,False,2,1.022573180911924,0.6712602412021075,0.2954626017761732,0.28894030010906563,0.051090769498507584,0.041581220662218615,0.09060150745500822,False,False,0.02010716707445681
pi05_spatial_500,p3,r6p3v2_pi05_sp_500_A_r1,r6p3v2_pi05_sp_500_A_r1:eval:4:0,1,4,0,6,1,False,10,4549,5077,2,0,0.7753456221198157,True,True,True,False,True,43,6.140051951208582,0.3333333333333333,0.06262914736606023,False,False,True,False,2,0.9751417964203193,0.6712602412021075,0.2437189702362025,0.24993182645937098,0.03536038948720829,0.03730982127121934,0.06896321625137442,False,False,0.02010716707445681
pi05_spatial_500,p3,r6p3v2_pi05_sp_500_A_r1,r6p3v2_pi05_sp_500_A_r1:eval:4:0,1,4,0,8,1,False,10,4449,4551,2,0,0.6490015360983102,True,True,True,True,True,43,5.951006444568781,0.2,0.05837757906525058,False,False,True,False,2,0.8408743887351164,0.6712602412021075,0.07194620822098821,0.08556118391144384,0.02368012742023473,0.007243127274949041,0.021777471184603527,False,False,0.02010716707445681
pi05_spatial_500,p3,r6p3v2_pi05_sp_500_A_r1,r6p3v2_pi05_sp_500_A_r1:eval:4:0,1,4,0,10,1,False,10,4322,4322,4,1,0.6006144393241167,True,True,True,True,False,43,6.904820769370976,1.0,0.14305199676307467,False,False,True,False,2,1.0697988319927818,0.6712602412021075,0.13980006098542716,0.13067883120138837,0.010318438212152548,0.03244387552284485,0.041512258728253155,False,False,0.02010716707445681
pi05_spatial_500,p3,r6p3v2_pi05_sp_500_A_r1,r6p3v2_pi05_sp_500_A_r1:eval:4:0,1,4,0,12,1,False,10,3934,4428,6,1,0.3728878648233487,False,False,True,False,False,43,5.972709806894924,0.25,0.06660324614261777,False,False,True,False,2,0.9817216161770297,0.6712602412021075,0.3952696332572073,0.4026290414144553,0.05715391131625837,0.058386253084729334,0.11467181482838917,False,False,0.02010716707445681
pi05_spatial_500,p3,r6p3v2_pi05_sp_500_A_r1,r6p3v2_pi05_sp_500_A_r1:eval:4:0,1,4,0,14,1,False,10,4147,4430,5,1,0.30376344086021506,False,False,True,False,False,43,5.1792190903972894,0.25,0.11669411007025525,False,False,True,False,2,1.0168179849475323,0.6712602412021075,0.2889917745301909,0.2842119030232366,0.05123898386048411,0.05244509287760045,0.10116958593222183,False,False,0.02010716707445681
pi05_spatial_500,p3,r6p3v2_pi05_sp_500_A_r1,r6p3v2_pi05_sp_500_A_r1:eval:4:0,1,4,0,16,1,False,10,4227,4432,6,1,0.4942396313364055,True,False,True,False,False,43,6.155505610493098,0.5,0.09428543389142827,False,False,True,False,2,1.056940627691268,0.6712602412021075,0.34337671587475604,0.32487796086031073,0.05631189828098018,0.06288166408951858,0.11791811820120657,False,False,0.02010716707445681
pi05_spatial_500,p3,r6p3v2_pi05_sp_500_A_r1,r6p3v2_pi05_sp_500_A_r1:eval:4:0,1,4,0,18,1,False,10,4068,3964,9,1,0.11328725038402458,False,False,True,False,False,43,4.050388103352282,0.16666666666666666,0.08419664290504598,False,False,True,False,2,1.0151510939912236,0.6712602412021075,0.4072366764521767,0.4011586835325791,0.06434414262612277,0.059312561483795136,0.1214787575118066,False,False,0.02010716707445681
pi05_spatial_500,p3,r6p3v2_pi05_sp_500_A_r1,r6p3v2_pi05_sp_500_A_r1:eval:4:0,1,4,0,20,1,False,10,4255,3966,6,1,0.17588325652841783,False,False,True,False,False,43,4.347802344543036,0.2,0.14633738179955888,False,False,True,False,2,0.9116640900968943,0.6712602412021075,0.3590996073003234,0.39389464957664094,0.05527356378952721,0.04738399760738454,0.1024197440324925,False,False,0.02010716707445681
pi05_spatial_500,p3,r6p3v2_pi05_sp_500_A_r1,r6p3v2_pi05_sp_500_A_r1:eval:4:0,1,4,0,22,1,False,10,4257,4566,6,1,0.17588325652841783,False,False,True,False,False,43,4.347802344543036,0.2,0.0833582715792722,False,False,False,False,2,,0.6712602412021075,,0.19129142349792966,0.03773778710192029,0.029003157385134353,0.06656938072266728,False,True,0.02010716707445681
pi05_spatial_500,p3,r6p3v2_pi05_sp_500_A_r1,r6p3v2_pi05_sp_500_A_r1:eval:4:1,1,4,1,0,1,False,10,4390,4390,0,0,0.6113671274961597,True,True,True,False,False,43,8.729722007482103,1.0,0.022586567330558527,False,False,True,False,2,1.0019637990964045,0.6712602412021075,0.24233353474543787,0.24185857309813008,0.019151853187611194,0.053337678866092274,0.07248511831428839,False,False,0.010508229024708271
pi05_spatial_500,p3,r6p3v2_pi05_sp_500_A_r1,r6p3v2_pi05_sp_500_A_r1:eval:4:1,1,4,1,2,1,False,10,4392,4339,1,0,0.44278033794162824,True,False,True,False,False,43,5.527708780162866,0.5,0.06022430637974465,False,False,True,False,2,0.9712123707113306,0.6712602412021075,0.3912955186749018,0.4028938782856638,0.06025169879786471,0.0576922854234353,0.117707596785394,False,False,0.010508229024708271
pi05_spatial_500,p3,r6p3v2_pi05_sp_500_A_r1,r6p3v2_pi05_sp_500_A_r1:eval:4:1,1,4,1,4,1,False,10,4103,4394,1,0,0.08448540706605223,False,False,True,False,False,4,3.3343164434370114,0.2,0.06980171103916001,False,False,True,False,2,1.004333563334638,0.6712602412021075,0.30120270750822625,0.2999030586094904,0.051065946877570816,0.04228547001427294,0.09278373037678168,False,False,0.010508229024708271
pi05_spatial_500,p3,r6p3v2_pi05_sp_500_A_r1,r6p3v2_pi05_sp_500_A_r1:eval:4:1,1,4,1,6,1,False,10,4029,4396,2,0,0.1801075268817204,False,False,True,False,False,4,3.016374817535509,0.3333333333333333,0.0548380598308055,False,False,True,False,2,0.9697228644729575,0.6712602412021075,0.2550619314480115,0.26302559297355244,0.04088424262678149,0.038419670975020546,0.07671946085246131,False,False,0.010508229024708271
pi05_spatial_500,p3,r6p3v2_pi05_sp_500_A_r1,r6p3v2_pi05_sp_500_A_r1:eval:4:1,1,4,1,8,1,False,10,4107,4398,2,0,0.44278033794162824,True,False,True,False,True,4,2.666482892471738,0.25,0.08834550542613792,False,False,True,False,2,0.9605354444555241,0.6712602412021075,0.2278043163045131,0.2371638835604272,0.03282387170451539,0.03329616907033659,0.06521012480628338,False,False,0.010508229024708271
pi05_spatial_500,p3,r6p3v2_pi05_sp_500_A_r1,r6p3v2_pi05_sp_500_A_r1:eval:4:1,1,4,1,10,1,False,10,4168,4400,4,0,0.6109831029185867,True,False,True,False,True,43,3.738289440358373,0.5,0.11142972630904267,False,False,True,False,2,1.2116055444267217,0.6712602412021075,0.18935025401805897,0.1562804453058616,0.018495296039886252,0.03741601638621015,0.054888900386507754,False,False,0.010508229024708271
pi05_spatial_500,p3,r6p3v2_pi05_sp_500_A_r1,r6p3v2_pi05_sp_500_A_r1:eval:4:1,1,4,1,12,1,False,10,5031,4727,4,1,0.5234254992319508,True,True,True,True,False,43,7.551038436896435,0.5,0.2104717035998621,False,False,True,False,2,0.9403984219045876,0.6712602412021075,0.04774081895313507,0.05076658769423034,0.0032406492088350746,0.01646082596509522,0.01647036389535343,False,False,0.010508229024708271
pi05_spatial_500,p3,r6p3v2_pi05_sp_500_A_r1,r6p3v2_pi05_sp_500_A_r1:eval:4:1,1,4,1,14,1,False,10,4036,4036,7,1,0.20929339477726575,False,False,True,False,False,4,4.184068646110075,0.25,0.10413047090640015,False,False,True,False,2,1.0293171071713378,0.6712602412021075,0.37057434814694956,0.360019614524161,0.04495633846124382,0.06204536627762123,0.10671180904424782,False,False,0.010508229024708271
pi05_spatial_500,p3,r6p3v2_pi05_sp_500_A_r1,r6p3v2_pi05_sp_500_A_r1:eval:4:1,1,4,1,16,1,False,10,4480,4090,6,1,0.3782642089093702,False,False,True,False,False,43,6.026135392063505,0.25,0.1410885989636196,False,False,True,False,2,0.9472521691315593,0.6712602412021075,0.3077859913147372,0.3249250847289327,0.05562246183500929,0.050158572541764194,0.101304064514451,False,False,0.010508229024708271
pi05_spatial_500,p3,r6p3v2_pi05_sp_500_A_r1,r6p3v2_pi05_sp_500_A_r1:eval:4:1,1,4,1,18,1,False,10,4482,4733,7,1,0.3828725038402458,False,False,True,False,False,43,5.430438518742572,0.3333333333333333,0.14652817650351008,False,False,True,False,2,1.0975280903916254,0.6712602412021075,0.327970839968958,0.2988268298918252,0.053191246459821824,0.0630350136076433,0.11433774884439536,False,False,0.010508229024708271
pi05_spatial_500,p3,r6p3v2_pi05_sp_500_A_r1,r6p3v2_pi05_sp_500_A_r1:eval:4:1,1,4,1,20,1,False,10,4017,4987,7,1,0.34831029185867896,False,False,True,False,False,43,5.096987278245098,0.3333333333333333,0.16706489728136734,False,False,True,False,2,0.9512782290526927,0.6712602412021075,0.4277223360102384,0.4496290600870529,0.06659280570102595,0.0632925539722737,0.12786508743961378,False,False,0.010508229024708271
pi05_spatial_500,p3,r6p3v2_pi05_sp_500_A_r1,r6p3v2_pi05_sp_500_A_r1:eval:4:1,1,4,1,22,1,False,10,4737,5160,8,1,0.2515360983102919,False,False,True,False,False,43,4.571372796173521,0.25,0.13753427045655742,False,False,True,False,2,0.9651424384249924,0.6712602412021075,0.38673519445069515,0.40070271397640017,0.061112194791453855,0.04988066951448356,0.11039566306334497,False,False,0.010508229024708271
pi05_spatial_500,p3,r6p3v2_pi05_sp_500_A_r1,r6p3v2_pi05_sp_500_A_r1:eval:4:1,1,4,1,24,1,False,9,5018,4991,8,1,0.21121351766513055,False,False,True,False,False,43,4.731375912099372,0.2,0.12517356351564604,False,False,False,False,2,,0.6712602412021075,,,0.03764739511114573,0.023827869739772384,0.06130454185051066,False,True,0.010508229024708271
pi05_spatial_500,p3,r6p3v2_pi05_sp_500_A_r1,r6p3v2_pi05_sp_500_A_r1:eval:5:0,1,5,0,0,1,False,10,5896,5618,0,0,0.4816250742721331,False,True,True,False,False,41,3.8256088119014415,1.0,0.01274721969315878,False,False,True,False,2,0.8397501335392438,0.5805091758624843,0.3497938221216077,0.4165451223536613,0.015773000822579725,0.049545279148290995,0.06514953901798802,False,False,0.012445799075067043
pi05_spatial_500,p3,r6p3v2_pi05_sp_500_A_r1,r6p3v2_pi05_sp_500_A_r1:eval:5:0,1,5,0,2,1,False,10,5919,6050,2,0,0.6229055258467023,True,False,True,False,True,41,3.9385307727283725,0.25,0.07390918200694131,False,False,True,False,2,1.020161179173059,0.5805091758624843,0.5393468775280235,0.5286879059299406,0.05734324387619414,0.055169455312931534,0.10696099880743766,False,False,0.012445799075067043
pi05_spatial_500,p3,r6p3v2_pi05_sp_500_A_r1,r6p3v2_pi05_sp_500_A_r1:eval:5:0,1,5,0,4,1,False,10,5921,6052,2,0,0.6229055258467023,True,True,True,False,True,41,3.9385307727283725,0.25,0.08303058219318749,False,False,True,False,2,0.9740815297076939,0.5805091758624843,0.5213870895658673,0.5352602155615528,0.058424200765820514,0.05858877344839543,0.11573189174815234,False,False,0.012445799075067043
pi05_spatial_500,p3,r6p3v2_pi05_sp_500_A_r1,r6p3v2_pi05_sp_500_A_r1:eval:5:0,1,5,0,6,1,False,10,5923,6054,3,1,0.43153594771241827,False,True,True,True,False,41,3.999618290722088,0.5,0.08529405281482266,False,False,True,False,2,1.1195561425779128,0.5805091758624843,0.18018939092685843,0.16094716832328806,0.03631879002639292,0.006271356293564061,0.04217911883433085,False,False,0.012445799075067043
pi05_spatial_500,p3,r6p3v2_pi05_sp_500_A_r1,r6p3v2_pi05_sp_500_A_r1:eval:5:0,1,5,0,8,1,False,10,5860,6056,4,1,0.29361259655377303,False,True,True,False,False,41,3.958160527488199,0.25,0.05044339235725322,False,False,True,False,2,0.8026585206292098,0.5805091758624843,0.19807927055298805,0.2467790043488385,0.009334124266201586,0.03415592223197362,0.043366235803211514,False,False,0.012445799075067043
pi05_spatial_500,p3,r6p3v2_pi05_sp_500_A_r1,r6p3v2_pi05_sp_500_A_r1:eval:5:0,1,5,0,10,1,False,10,5861,5843,4,1,0.29361259655377303,False,False,True,False,False,41,3.958160527488199,0.25,0.15539418659893967,False,False,True,False,2,0.9934426359499153,0.5805091758624843,0.4431800243693388,0.44610529922100284,0.04973550560084285,0.052968849502762066,0.10118927550420696,False,False,0.012445799075067043
pi05_spatial_500,p3,r6p3v2_pi05_sp_500_A_r1,r6p3v2_pi05_sp_500_A_r1:eval:5:0,1,5,0,12,1,False,10,5204,5352,4,1,0.26804812834224595,False,False,True,False,False,41,4.341220465863862,0.16666666666666666,0.08948485277948116,False,False,True,False,2,1.0228888711633224,0.5805091758624843,0.3907537164593351,0.382009940155996,0.05191651586403739,0.05409963108250445,0.10415921521068942,False,False,0.012445799075067043
pi05_spatial_500,p3,r6p3v2_pi05_sp_500_A_r1,r6p3v2_pi05_sp_500_A_r1:eval:5:0,1,5,0,14,1,False,10,5206,6062,5,1,0.23805704099821745,False,False,True,False,False,41,3.5724938266232025,0.25,0.1176340057948275,False,False,True,False,2,0.9173267453021915,0.5805091758624843,0.47875219880549963,0.5218993136930572,0.058972585209331095,0.06517107096769024,0.1211167959313526,False,False,0.012445799075067043
pi05_spatial_500,p3,r6p3v2_pi05_sp_500_A_r1,r6p3v2_pi05_sp_500_A_r1:eval:5:0,1,5,0,16,1,False,10,5867,6064,5,1,0.2250891265597148,False,False,True,False,False,41,3.8813123853084033,0.2,0.1246647352884889,False,False,True,False,2,1.223337791957904,0.5805091758624843,0.4296030303011394,0.3511728593077932,0.052396953055790646,0.04728627816785255,0.09338427479639079,False,False,0.012445799075067043
pi05_spatial_500,p3,r6p3v2_pi05_sp_500_A_r1,r6p3v2_pi05_sp_500_A_r1:eval:5:0,1,5,0,18,1,False,3,5850,5850,5,1,0.3138146167557932,False,False,True,False,False,41,4.104443085694205,0.25,0.07907981348847402,False,False,False,False,2,,0.5805091758624843,,,0.02989390998901977,0.0,0.02989390998901977,False,True,0.012445799075067043
pi05_spatial_500,p3,r6p3v2_pi05_sp_500_A_r1,r6p3v2_pi05_sp_500_A_r1:eval:5:1,1,5,1,0,1,False,10,5852,5534,1,0,0.27800059417706474,False,False,True,False,False,41,2.9130577153830743,0.5,0.0177544230900429,False,False,True,False,2,0.686090785202506,0.5805091758624843,0.37270183350707276,0.5432252429932671,0.019089187492800315,0.05215622201510801,0.0712085738984133,False,False,0.015367779673801528
pi05_spatial_500,p3,r6p3v2_pi05_sp_500_A_r1,r6p3v2_pi05_sp_500_A_r1:eval:5:1,1,5,1,2,1,False,10,5322,6050,1,0,0.2830510992275698,False,False,True,False,False,41,2.961953016715564,0.5,0.07188384592240532,False,False,True,False,2,0.9763340523964325,0.5805091758624843,0.5225933956773525,0.5352608509296957,0.05579030805595247,0.05529225878928234,0.10519375445671438,False,False,0.015367779673801528
pi05_spatial_500,p3,r6p3v2_pi05_sp_500_A_r1,r6p3v2_pi05_sp_500_A_r1:eval:5:1,1,5,1,4,1,False,10,6052,6052,2,0,0.684521687462864,True,True,True,False,True,41,4.424661402551182,0.25,0.08195570795479136,False,False,True,False,2,0.9789624437812251,0.5805091758624843,0.5202790300345959,0.5314596421339999,0.05940059743424822,0.0578000933674519,0.11602922017153221,False,False,0.015367779673801528
pi05_spatial_500,p3,r6p3v2_pi05_sp_500_A_r1,r6p3v2_pi05_sp_500_A_r1:eval:5:1,1,5,1,6,1,False,10,6054,6054,2,0,0.684521687462864,True,True,True,True,True,41,4.424661402551182,0.25,0.08083866180761734,False,False,True,False,2,0.9268839791954895,0.5805091758624843,0.17817242114350057,0.19222731770393686,0.03415404634404034,0.00884052185413106,0.0421748867052215,False,False,0.015367779673801528
pi05_spatial_500,p3,r6p3v2_pi05_sp_500_A_r1,r6p3v2_pi05_sp_500_A_r1:eval:5:1,1,5,1,8,1,False,10,5925,6057,4,1,0.10892751039809863,False,False,True,False,False,41,3.066560614990191,0.2,0.12601206592674682,False,False,True,False,2,0.8785218640218162,0.5805091758624843,0.24634314590605597,0.280406391684224,0.01480627190785146,0.03950194670957215,0.0538995498748718,False,False,0.015367779673801528
pi05_spatial_500,p3,r6p3v2_pi05_sp_500_A_r1,r6p3v2_pi05_sp_500_A_r1:eval:5:1,1,5,1,10,1,False,10,5369,5273,4,1,0.20993761140819964,False,False,True,False,False,41,3.8026190562143047,0.2,0.14725907585020925,False,False,True,False,2,0.9852496192678722,0.5805091758624843,0.4570178119797527,0.4638599224421497,0.0568329983192617,0.05287316608231171,0.10762813953025455,False,False,0.015367779673801528
pi05_spatial_500,p3,r6p3v2_pi05_sp_500_A_r1,r6p3v2_pi05_sp_500_A_r1:eval:5:1,1,5,1,12,1,False,10,6043,5352,4,1,0.2225935828877005,False,False,True,False,False,41,3.962637555243334,0.16666666666666666,0.10889672742193053,False,False,True,False,2,0.9595664381145181,0.5805091758624843,0.387128698198795,0.4034412655776875,0.05251528336614909,0.05384374157737053,0.10418246963984144,False,False,0.015367779673801528
pi05_spatial_500,p3,r6p3v2_pi05_sp_500_A_r1,r6p3v2_pi05_sp_500_A_r1:eval:5:1,1,5,1,14,1,False,10,5373,5373,5,1,0.35522875816993466,False,False,True,False,False,41,4.44477298201032,0.25,0.11987895704222234,False,False,True,False,2,0.9690427538581297,0.5805091758624843,0.5145387710717082,0.5309763362071824,0.06494410869784148,0.06169852600082452,0.12486319861376266,False,False,0.015367779673801528
pi05_spatial_500,p3,r6p3v2_pi05_sp_500_A_r1,r6p3v2_pi05_sp_500_A_r1:eval:5:1,1,5,1,16,1,False,10,5375,5479,5,1,0.35522875816993466,False,False,True,False,False,41,4.44477298201032,0.25,0.0974395246195724,False,False,False,False,2,,0.5805091758624843,,,0.0448749552432073,0.049825817641088385,0.09061464407258793,False,True,0.015367779673801528
pi05_spatial_500,p3,r6p3v2_pi05_sp_500_A_r1,r6p3v2_pi05_sp_500_A_r1:eval:6:0,1,6,0,0,1,False,10,6408,6953,0,0,0.4906367041198501,False,True,True,False,False,49,4.521320990295467,0.5,0.014118649876178056,False,False,True,False,2,0.9695655288866089,0.7358285614820921,0.21282750842197876,0.21950812202077477,0.02045358069562691,0.0514682827563172,0.07191214036839787,False,False,0.014935281466354023
pi05_spatial_500,p3,r6p3v2_pi05_sp_500_A_r1,r6p3v2_pi05_sp_500_A_r1:eval:6:0,1,6,0,2,1,False,10,6241,6768,1,0,0.3843632958801498,False,False,True,False,False,49,4.192476799658091,0.3333333333333333,0.053849059276988506,False,False,True,False,2,1.021597127320638,0.7358285614820921,0.3516961270225368,0.3442610767171369,0.05821469065846455,0.06009449713340548,0.11809145963250466,False,False,0.014935281466354023
pi05_spatial_500,p3,r6p3v2_pi05_sp_500_A_r1,r6p3v2_pi05_sp_500_A_r1:eval:6:0,1,6,0,4,1,False,10,6243,6957,2,0,0.527621722846442,True,False,True,False,True,49,3.633542859497331,0.2,0.07346862142962779,False,False,True,False,2,0.9650380096446485,0.7358285614820921,0.3959334389644292,0.41027755902611746,0.062374035390995425,0.06225173473717579,0.12412044882327233,False,False,0.014935281466354023
pi05_spatial_500,p3,r6p3v2_pi05_sp_500_A_r1,r6p3v2_pi05_sp_500_A_r1:eval:6:0,1,6,0,6,1,False,10,7045,6959,2,0,0.3450374531835206,False,False,True,False,False,49,3.899218868736954,0.3333333333333333,0.08735469438326603,False,False,True,False,2,0.9139700586199542,0.7358285614820921,0.3408772884126969,0.37296329917787824,0.054305755148015764,0.04140031973906375,0.09416838454805733,False,False,0.014935281466354023
pi05_spatial_500,p3,r6p3v2_pi05_sp_500_A_r1,r6p3v2_pi05_sp_500_A_r1:eval:6:0,1,6,0,8,1,False,10,6517,6961,3,0,0.5416666666666666,True,True,True,False,True,49,3.866446887898524,0.16666666666666666,0.06528567852352604,False,False,True,False,2,0.8754084391381228,0.7358285614820921,0.26241561029820676,0.29976362868578943,0.037237131810445114,0.030596230619653532,0.06668272800421429,False,False,0.014935281466354023
pi05_spatial_500,p3,r6p3v2_pi05_sp_500_A_r1,r6p3v2_pi05_sp_500_A_r1:eval:6:0,1,6,0,10,1,False,10,6962,6540,3,0,0.8370786516853932,True,True,True,True,True,49,4.76796923840293,0.5,0.06705202916596284,False,False,True,False,2,0.8317585289754187,0.7358285614820921,0.16224201662190046,0.19505903572970187,0.036088714996752556,0.009336678849513074,0.044187328294543075,False,False,0.014935281466354023
pi05_spatial_500,p3,r6p3v2_pi05_sp_500_A_r1,r6p3v2_pi05_sp_500_A_r1:eval:6:0,1,6,0,12,1,False,10,6542,6542,3,1,0.10814606741573034,False,False,True,True,False,49,2.8140755103023674,0.2,0.12190120285761437,False,False,True,False,2,0.8189539203911012,0.7358285614820921,0.24967850001111358,0.3048749066270745,0.01509265670023834,0.04858721760703331,0.06336623340215242,False,False,0.014935281466354023
pi05_spatial_500,p3,r6p3v2_pi05_sp_500_A_r1,r6p3v2_pi05_sp_500_A_r1:eval:6:0,1,6,0,14,1,False,10,6585,6781,7,1,0.2401685393258427,False,False,True,False,False,49,2.9989181451019853,0.3333333333333333,0.16812944319909273,False,False,True,False,2,0.9299878542767062,0.7358285614820921,0.4051091287796009,0.4356069027317273,0.05361623569856766,0.05424866167752764,0.1058875613569772,False,False,0.014935281466354023
pi05_spatial_500,p3,r6p3v2_pi05_sp_500_A_r1,r6p3v2_pi05_sp_500_A_r1:eval:6:0,1,6,0,16,1,False,10,6587,6587,7,1,0.2401685393258427,False,False,True,False,False,49,2.9989181451019853,0.3333333333333333,0.25303871471091344,False,False,True,False,2,0.9566469992071177,0.7358285614820921,0.38139237982563684,0.39867618896180107,0.05154949182515135,0.05258317198234622,0.10296731438910066,False,False,0.014935281466354023
pi05_spatial_500,p3,r6p3v2_pi05_sp_500_A_r1,r6p3v2_pi05_sp_500_A_r1:eval:6:0,1,6,0,18,1,False,10,6589,6589,8,1,0.24110486891385766,False,False,True,False,False,49,3.0430956357014676,0.3333333333333333,0.2649592145600989,False,False,True,False,2,1.0287897264392454,0.7358285614820921,0.37701599734709507,0.3664655542896885,0.05309785512050775,0.04845952739673778,0.09903378831443232,False,False,0.014935281466354023
pi05_spatial_500,p3,r6p3v2_pi05_sp_500_A_r1,r6p3v2_pi05_sp_500_A_r1:eval:6:0,1,6,0,20,1,False,8,6590,6591,8,1,0.24110486891385766,False,False,True,False,False,49,3.0430956357014676,0.3333333333333333,0.22885587235771188,False,False,False,False,2,,0.7358285614820921,,,0.04153366675338262,0.021908282545886695,0.06288823972989487,False,True,0.014935281466354023
pi05_spatial_500,p3,r6p3v2_pi05_sp_500_A_r1,r6p3v2_pi05_sp_500_A_r1:eval:6:1,1,6,1,0,1,False,10,6469,6974,0,0,0.5945692883895131,True,False,True,False,False,49,5.572038221752938,1.0,0.018276838645499983,False,False,True,False,2,0.8477357457717054,0.7358285614820921,0.2253662231180551,0.2658448982977604,0.024594302662928495,0.051579134117400095,0.07604416464800276,False,False,0.013872201088815928
pi05_spatial_500,p3,r6p3v2_pi05_sp_500_A_r1,r6p3v2_pi05_sp_500_A_r1:eval:6:1,1,6,1,2,1,False,10,6533,6242,1,0,0.2504681647940075,False,False,True,False,False,49,3.9986227349274444,0.2,0.034384727559823636,False,False,True,False,2,0.9816163766483663,0.7358285614820921,0.35281868472913774,0.3594262413732367,0.057606864166793455,0.06021320015704276,0.1176722707745882,False,False,0.013872201088815928
pi05_spatial_500,p3,r6p3v2_pi05_sp_500_A_r1,r6p3v2_pi05_sp_500_A_r1:eval:6:1,1,6,1,4,1,False,10,6535,6350,1,0,0.2504681647940075,False,True,True,False,False,49,3.9986227349274444,0.2,0.07932489641823494,False,False,True,False,2,0.9642626650926303,0.7358285614820921,0.4118528231185473,0.42711684069919204,0.06396854628822457,0.062421287067370115,0.1254524053390844,False,False,0.013872201088815928
pi05_spatial_500,p3,r6p3v2_pi05_sp_500_A_r1,r6p3v2_pi05_sp_500_A_r1:eval:6:1,1,6,1,6,1,False,10,6352,6352,2,0,0.6109550561797753,True,True,True,False,True,49,4.201721550391751,0.2,0.06492440476759376,False,False,True,False,2,0.9101094492271661,0.7358285614820921,0.33783017534271687,0.37119730558735625,0.049434979875857835,0.0410331232083483,0.08841761291607732,False,False,0.013872201088815928
pi05_spatial_500,p3,r6p3v2_pi05_sp_500_A_r1,r6p3v2_pi05_sp_500_A_r1:eval:6:1,1,6,1,8,1,False,10,6517,6354,3,0,0.5416666666666666,True,True,True,False,True,49,3.866446887898524,0.16666666666666666,0.0982480173573628,False,False,True,False,2,0.9539237889732382,0.7358285614820921,0.28595165647231513,0.29976362868578943,0.042455820646801555,0.032583988738985374,0.0743642630934042,False,False,0.013872201088815928
pi05_spatial_500,p3,r6p3v2_pi05_sp_500_A_r1,r6p3v2_pi05_sp_500_A_r1:eval:6:1,1,6,1,10,1,False,10,6776,6250,2,0,0.7167602996254683,True,False,True,True,True,49,4.187803659138,0.3333333333333333,0.12393125712746773,False,False,True,False,2,0.8849168134631455,0.7358285614820921,0.10189896339634945,0.115150895367854,0.008987520854381485,0.018803881416789497,0.025936330994784023,False,False,0.013872201088815928
pi05_spatial_500,p3,r6p3v2_pi05_sp_500_A_r1,r6p3v2_pi05_sp_500_A_r1:eval:6:1,1,6,1,12,1,False,10,6802,7219,5,1,0.36938202247191015,False,False,True,False,False,49,4.049009642690117,0.3333333333333333,0.15549828507267038,False,False,True,False,2,0.9720304111135176,0.7358285614820921,0.4224428669867149,0.43459840572558006,0.04926249450373895,0.06046930556298215,0.10778133934498002,False,False,0.013872201088815928
pi05_spatial_500,p3,r6p3v2_pi05_sp_500_A_r1,r6p3v2_pi05_sp_500_A_r1:eval:6:1,1,6,1,14,1,False,10,6804,7178,6,1,0.27949438202247195,False,False,True,False,False,49,3.397754525247326,0.3333333333333333,0.07049820674406536,False,False,True,False,2,0.9596069567347021,0.7358285614820921,0.3806658551954993,0.3966893450739542,0.05233287887804294,0.052877006562713394,0.10293608812775175,False,False,0.013872201088815928
pi05_spatial_500,p3,r6p3v2_pi05_sp_500_A_r1,r6p3v2_pi05_sp_500_A_r1:eval:6:1,1,6,1,16,1,False,10,6867,7141,6,1,0.18117977528089887,False,False,True,False,False,49,2.43720532241645,0.3333333333333333,0.12320144191007834,False,False,True,False,2,0.9798183357801117,0.7358285614820921,0.3934149102551265,0.4015182160700202,0.054121781126288473,0.052633000997700026,0.10444524337710188,False,False,0.013872201088815928
pi05_spatial_500,p3,r6p3v2_pi05_sp_500_A_r1,r6p3v2_pi05_sp_500_A_r1:eval:6:1,1,6,1,18,1,False,9,7014,7143,6,1,0.2448501872659176,False,False,True,False,False,49,3.0698284152441966,0.3333333333333333,0.11668500731396136,False,False,False,False,2,,0.7358285614820921,,,0.04830651794985323,0.03100242476031501,0.07798504962162142,False,True,0.013872201088815928
pi05_spatial_500,p3,r6p3v2_pi05_sp_500_A_r1,r6p3v2_pi05_sp_500_A_r1:eval:7:0,1,7,0,0,1,False,10,7945,7779,0,0,0.3665675160568904,False,False,True,False,False,41,3.954035191328113,1.0,0.02917416465843041,False,False,True,False,2,1.1724728620238882,0.644949401716119,0.16704670287286227,0.14247383311244505,0.015224489384079738,0.03698518829407754,0.05188217384360854,False,False,0.01507408645314475
pi05_spatial_500,p3,r6p3v2_pi05_sp_500_A_r1,r6p3v2_pi05_sp_500_A_r1:eval:7:0,1,7,0,2,1,False,10,7947,8281,1,0,0.2572550704520166,False,True,True,False,False,41,3.2725214745475926,0.5,0.06110163978843265,False,False,True,False,2,1.1068254737812946,0.644949401716119,0.43622982701158497,0.39412702123784216,0.047341157479754696,0.05727077807079816,0.1033844785949883,False,False,0.01507408645314475
pi05_spatial_500,p3,r6p3v2_pi05_sp_500_A_r1,r6p3v2_pi05_sp_500_A_r1:eval:7:0,1,7,0,4,1,False,10,8382,7531,1,0,0.6644743365171696,True,True,True,False,True,41,7.359085126366946,0.2,0.05287861642876357,False,False,True,False,2,1.0243128417056595,0.644949401716119,0.41917496751712807,0.40922553193722405,0.05802698007755598,0.04718175672117925,0.10489477573409481,False,False,0.01507408645314475
pi05_spatial_500,p3,r6p3v2_pi05_sp_500_A_r1,r6p3v2_pi05_sp_500_A_r1:eval:7:0,1,7,0,6,1,False,10,8384,8285,2,1,0.9070374899472299,True,False,True,True,True,41,7.32404190841226,1.0,0.03988840322986942,False,True,True,False,2,0.4695945955352683,0.644949401716119,0.015940460553299007,0.03394515334046646,0.006543101719231789,0.004595615139212681,0.00449057641613289,True,False,0.01507408645314475
pi05_spatial_500,p3,r6p3v2_pi05_sp_500_A_r1,r6p3v2_pi05_sp_500_A_r1:eval:7:0,1,7,0,8,1,False,10,8386,8387,3,1,0.385882054841304,False,False,True,False,False,41,5.9871876339309695,0.3333333333333333,0.06408010816699687,False,False,True,False,2,1.6944457156531592,0.644949401716119,0.17617779097781702,0.10397370027868119,0.011291034483314578,0.03460508533093286,0.04488243552373582,False,False,0.01507408645314475
pi05_spatial_500,p3,r6p3v2_pi05_sp_500_A_r1,r6p3v2_pi05_sp_500_A_r1:eval:7:0,1,7,0,10,1,False,10,7563,7513,4,1,0.4582994568749931,False,False,True,False,False,41,6.362986103166055,0.5,0.10035258797893788,False,False,True,False,2,1.3066413195239641,0.644949401716119,0.3884198172861857,0.29726583070838053,0.04783659616977509,0.06104837950183965,0.1088019030550136,False,False,0.01507408645314475
pi05_spatial_500,p3,r6p3v2_pi05_sp_500_A_r1,r6p3v2_pi05_sp_500_A_r1:eval:7:0,1,7,0,12,1,False,10,7644,7713,4,1,0.2578709059060713,False,False,True,False,False,41,4.883506084986381,0.25,0.17683129061590452,False,False,True,False,2,1.0294472144677862,0.644949401716119,0.3976019711411576,0.3862286143022047,0.06492327807280462,0.06154572647709349,0.1259484211964203,False,False,0.01507408645314475
pi05_spatial_500,p3,r6p3v2_pi05_sp_500_A_r1,r6p3v2_pi05_sp_500_A_r1:eval:7:0,1,7,0,14,1,False,10,7647,7646,5,1,0.2521025437639775,False,False,True,False,False,41,6.405545853542774,0.16666666666666666,0.17920851049179043,False,False,True,False,2,1.0570959925282666,0.644949401716119,0.3227328349905101,0.3053013513168533,0.05843512714407231,0.056186311375030884,0.1143381302424313,False,False,0.01507408645314475
pi05_spatial_500,p3,r6p3v2_pi05_sp_500_A_r1,r6p3v2_pi05_sp_500_A_r1:eval:7:0,1,7,0,16,1,False,10,7649,7844,5,1,0.2521025437639775,False,False,True,False,False,41,6.405545853542774,0.16666666666666666,0.1435916437687641,False,False,True,False,2,1.0152517756307942,0.644949401716119,0.3100271656375817,0.30536973495560377,0.05330041010242543,0.050705124869023156,0.10254337101731804,False,False,0.01507408645314475
pi05_spatial_500,p3,r6p3v2_pi05_sp_500_A_r1,r6p3v2_pi05_sp_500_A_r1:eval:7:0,1,7,0,18,1,False,10,8421,7546,6,1,0.23263156735080584,False,True,True,False,False,41,4.536260834184257,0.25,0.14521985054663253,False,False,True,False,2,0.9215486752860287,0.644949401716119,0.32416284787823646,0.35175879101299057,0.04674462479768239,0.03847376068652372,0.08396370971859048,False,False,0.01507408645314475
pi05_spatial_500,p3,r6p3v2_pi05_sp_500_A_r1,r6p3v2_pi05_sp_500_A_r1:eval:7:0,1,7,0,20,1,False,10,7896,7476,6,1,0.2143548049487171,False,False,True,False,False,41,4.35102996331856,0.25,0.06605354441153143,False,False,False,False,2,,0.644949401716119,0.27449106900751513,,0.0328860012398948,0.030890060181252302,0.06299970005038712,False,False,0.01507408645314475
pi05_spatial_500,p3,r6p3v2_pi05_sp_500_A_r1,r6p3v2_pi05_sp_500_A_r1:eval:7:0,1,7,0,22,1,False,1,8087,8377,7,1,0.707827389805114,True,True,True,False,True,3,6.966032342256786,0.25,0.18579235359000043,False,False,False,False,2,,0.644949401716119,,0.12583517298099603,0.005416718496071402,0.0,0.005416718496071402,False,True,0.01507408645314475
pi05_spatial_500,p3,r6p3v2_pi05_sp_500_A_r1,r6p3v2_pi05_sp_500_A_r1:eval:7:1,1,7,1,0,1,False,10,7337,8064,0,0,0.41443522710998004,False,False,True,False,False,41,4.524967225211674,1.0,0.011850070230343556,False,False,True,False,2,1.1456335554071597,0.644949401716119,0.1808621060623144,0.15787081760016689,0.01744898249160154,0.03897354758381754,0.055929277047827075,False,False,0.011170913542931279
pi05_spatial_500,p3,r6p3v2_pi05_sp_500_A_r1,r6p3v2_pi05_sp_500_A_r1:eval:7:1,1,7,1,2,1,False,10,7947,8066,1,0,0.2572550704520166,False,True,True,False,False,41,3.2725214745475926,0.5,0.04205905720693663,False,False,True,False,2,1.1395665589012645,0.644949401716119,0.4491339733620134,0.39412702123784216,0.04876465892346481,0.058051772482324564,0.10547844885014739,False,False,0.011170913542931279
pi05_spatial_500,p3,r6p3v2_pi05_sp_500_A_r1,r6p3v2_pi05_sp_500_A_r1:eval:7:1,1,7,1,4,1,False,10,7830,8068,1,0,0.769620253164557,True,True,True,True,True,3,11.360215920638302,0.25,0.04130236145107572,False,False,True,False,2,1.0562615238675683,0.644949401716119,0.4437888668850063,0.42015055633196347,0.058888765606410085,0.050082009914095324,0.10843472118026348,False,False,0.011170913542931279
pi05_spatial_500,p3,r6p3v2_pi05_sp_500_A_r1,r6p3v2_pi05_sp_500_A_r1:eval:7:1,1,7,1,6,1,False,10,7662,8070,2,1,0.826967864185698,True,True,True,True,True,41,5.786317249255999,1.0,0.08942259968733371,False,True,True,False,2,0.18636455365131607,0.644949401716119,0.011330954430691457,0.0607999440274003,0.0051332948129572354,0.00452570878447381,0.003355557468844037,True,False,0.011170913542931279
pi05_spatial_500,p3,r6p3v2_pi05_sp_500_A_r1,r6p3v2_pi05_sp_500_A_r1:eval:7:1,1,7,1,8,1,False,10,8386,8287,3,1,0.385882054841304,False,False,True,False,False,41,5.9871876339309695,0.3333333333333333,0.10996481408013832,False,False,True,False,2,1.4593426879358617,0.644949401716119,0.15173325923932826,0.10397370027868119,0.009865256373659561,0.02814987080209301,0.037139185103486336,False,False,0.011170913542931279
pi05_spatial_500,p3,r6p3v2_pi05_sp_500_A_r1,r6p3v2_pi05_sp_500_A_r1:eval:7:1,1,7,1,10,1,False,10,7563,7513,4,1,0.4582994568749931,False,False,True,False,False,41,6.362986103166055,0.5,0.06760591990425151,False,False,True,False,2,1.294531968716908,0.644949401716119,0.3848201210591869,0.29726583070838053,0.04490343079901066,0.0614120795693508,0.1061606194408544,False,False,0.011170913542931279
pi05_spatial_500,p3,r6p3v2_pi05_sp_500_A_r1,r6p3v2_pi05_sp_500_A_r1:eval:7:1,1,7,1,12,1,False,10,7888,7713,4,1,0.09789470205241763,False,False,True,False,False,41,3.5519942866132843,0.2,0.15702464933462837,False,False,True,False,2,1.2236789679847344,0.644949401716119,0.413996889151698,0.33832148789278094,0.06628394419864213,0.0628179433257279,0.1286581945653508,False,False,0.011170913542931279
pi05_spatial_500,p3,r6p3v2_pi05_sp_500_A_r1,r6p3v2_pi05_sp_500_A_r1:eval:7:1,1,7,1,14,1,False,10,7517,7646,6,1,0.1213933965693889,False,False,True,False,False,41,3.9343872079893103,0.2,0.219816014620873,False,False,True,False,2,1.003000538115307,0.644949401716119,0.32709160892231887,0.32611309415341083,0.05900864034224558,0.056868149321674465,0.11549203105012604,False,False,0.011170913542931279
pi05_spatial_500,p3,r6p3v2_pi05_sp_500_A_r1,r6p3v2_pi05_sp_500_A_r1:eval:7:1,1,7,1,16,1,False,10,7377,7648,4,1,0.10066651243238478,False,False,True,False,False,41,4.066266988480008,0.16666666666666666,0.16253797598553105,False,False,True,False,2,1.0280527304225457,0.644949401716119,0.30889160053912745,0.3004627986466883,0.05392052869858539,0.05135856656694749,0.1040854610998219,False,False,0.011170913542931279
pi05_spatial_500,p3,r6p3v2_pi05_sp_500_A_r1,r6p3v2_pi05_sp_500_A_r1:eval:7:1,1,7,1,18,1,False,10,7379,8082,5,1,0.36082339073051967,False,False,True,False,False,41,4.730981689701648,0.5,0.1495229426553697,False,False,True,False,2,1.0655747886064082,0.644949401716119,0.3188201760353501,0.29920018702048407,0.047270182761993546,0.038361735512009436,0.08437014244432066,False,False,0.011170913542931279
pi05_spatial_500,p3,r6p3v2_pi05_sp_500_A_r1,r6p3v2_pi05_sp_500_A_r1:eval:7:1,1,7,1,20,1,False,10,8085,8084,7,1,0.707827389805114,True,True,True,False,True,3,6.966032342256786,0.25,0.10311422830600525,False,False,True,False,2,1.0357816152715975,0.644949401716119,0.2760972864342661,0.26655936189972756,0.03332454222671808,0.03128167060734413,0.06353330629617941,False,False,0.011170913542931279
pi05_spatial_500,p3,r6p3v2_pi05_sp_500_A_r1,r6p3v2_pi05_sp_500_A_r1:eval:7:1,1,7,1,22,1,False,5,8087,7314,7,1,0.707827389805114,True,False,True,False,True,3,6.966032342256786,0.25,0.11905473820277,False,False,False,False,2,,0.644949401716119,,0.12583517298099603,0.028280269064401356,0.0,0.028280269064401356,False,True,0.011170913542931279
pi05_spatial_500,p3,r6p3v2_pi05_sp_500_A_r1,r6p3v2_pi05_sp_500_A_r1:eval:8:0,1,8,0,0,1,False,10,9547,9258,0,0,0.6270772238514174,True,True,True,False,False,32,8.593281189575777,1.0,0.016421483198772253,False,False,True,False,2,0.9202339184326462,0.6559362958083634,0.26076954630141413,0.28337310881298533,0.019911737986391016,0.05344282657648852,0.07317114910153942,False,False,0.014516606461256742
pi05_spatial_500,p3,r6p3v2_pi05_sp_500_A_r1,r6p3v2_pi05_sp_500_A_r1:eval:8:0,1,8,0,2,1,False,10,9260,9260,1,0,0.29178885630498536,False,False,True,False,False,32,3.964582777245096,0.25,0.013424080592844279,False,False,True,False,2,0.9944885069726205,0.6559362958083634,0.42585173499370726,0.4282118214619362,0.05943489364716024,0.06014675465160835,0.11947998453869738,False,False,0.014516606461256742
pi05_spatial_500,p3,r6p3v2_pi05_sp_500_A_r1,r6p3v2_pi05_sp_500_A_r1:eval:8:0,1,8,0,4,1,False,10,9282,9262,1,0,0.27908113391984357,False,False,True,False,False,32,4.777291736771305,0.2,0.09553858266204257,False,False,True,False,2,1.0256729235705968,0.6559362958083634,0.44675811721480396,0.4355756176730678,0.0621365340961162,0.06282175702916874,0.12406791327063449,False,False,0.014516606461256742
pi05_spatial_500,p3,r6p3v2_pi05_sp_500_A_r1,r6p3v2_pi05_sp_500_A_r1:eval:8:0,1,8,0,6,1,False,10,9284,9284,2,0,0.6124144672531769,True,True,True,False,True,32,3.6248901991086036,0.25,0.10786704338698336,False,False,True,False,2,0.9029189581062507,0.6559362958083634,0.4003468304158066,0.44339176492149357,0.0566006652554231,0.05264793689137266,0.10653083573983647,False,False,0.014516606461256742
pi05_spatial_500,p3,r6p3v2_pi05_sp_500_A_r1,r6p3v2_pi05_sp_500_A_r1:eval:8:0,1,8,0,8,1,False,10,9228,9228,2,0,0.5791788856304986,True,True,True,False,True,32,3.2872201429838723,0.25,0.0737095759307915,False,False,True,False,2,1.0550649627323039,0.6559362958083634,0.3758191127135554,0.3562047134427589,0.04979033619048802,0.05051481843886488,0.09947115436862569,False,False,0.014516606461256742
pi05_spatial_500,p3,r6p3v2_pi05_sp_500_A_r1,r6p3v2_pi05_sp_500_A_r1:eval:8:0,1,8,0,10,1,False,10,9434,9230,2,0,0.5918866080156403,True,False,True,True,True,32,3.404776807254143,0.25,0.09552948968982654,False,False,True,False,2,0.7180013050584507,0.6559362958083634,0.13316967356267276,0.18547274583551313,0.038452920086137266,0.0030238395255340715,0.03550379764101961,False,False,0.014516606461256742
pi05_spatial_500,p3,r6p3v2_pi05_sp_500_A_r1,r6p3v2_pi05_sp_500_A_r1:eval:8:0,1,8,0,12,1,False,10,9436,9494,4,1,0.21456500488758554,False,False,True,True,False,32,2.977173580417863,0.25,0.16654991405632685,False,False,True,False,2,0.8908611935675832,0.6559362958083634,0.1990176719420211,0.22339919325144908,0.014485932547715097,0.03894795314903556,0.05228674745198229,False,False,0.014516606461256742
pi05_spatial_500,p3,r6p3v2_pi05_sp_500_A_r1,r6p3v2_pi05_sp_500_A_r1:eval:8:0,1,8,0,14,1,False,10,9328,9496,4,1,0.2619745845552297,False,False,True,False,False,32,2.7956726595244357,0.3333333333333333,0.15193090499660178,False,False,True,False,2,0.9874213714903429,0.6559362958083634,0.42121744268230044,0.4265832752298495,0.062054959313995225,0.05599166938464017,0.11455022980324725,False,False,0.014516606461256742
pi05_spatial_500,p3,r6p3v2_pi05_sp_500_A_r1,r6p3v2_pi05_sp_500_A_r1:eval:8:0,1,8,0,16,1,False,10,9275,9498,6,1,0.260019550342131,False,False,True,False,False,32,2.764128890294505,0.3333333333333333,0.14297151224154842,False,False,True,False,2,0.8498277704037018,0.6559362958083634,0.2699584694140889,0.3176625650699176,0.04383574357685031,0.03933180620278048,0.07239696851399077,False,False,0.014516606461256742
pi05_spatial_500,p3,r6p3v2_pi05_sp_500_A_r1,r6p3v2_pi05_sp_500_A_r1:eval:8:0,1,8,0,18,1,False,7,8777,9500,5,1,0.17937438905180839,False,False,True,False,False,32,2.7478313196062545,0.25,0.12029085875064832,False,False,False,False,2,,0.6559362958083634,,,0.0429191285519408,0.01620146485243385,0.05904593182317988,False,True,0.014516606461256742
pi05_spatial_500,p3,r6p3v2_pi05_sp_500_A_r1,r6p3v2_pi05_sp_500_A_r1:eval:8:1,1,8,1,0,1,False,10,9057,9393,0,0,0.6192570869990225,True,True,True,False,False,32,7.222310106295185,1.0,0.017759544326735925,False,False,True,False,2,1.085549446055238,0.6559362958083634,0.2864563576126774,0.26388144607657155,0.02511294804077541,0.055452263717666435,0.08037926970860522,False,False,0.016389181837439537
pi05_spatial_500,p3,r6p3v2_pi05_sp_500_A_r1,r6p3v2_pi05_sp_500_A_r1:eval:8:1,1,8,1,2,1,False,10,9504,9337,1,0,0.27126099706744866,False,False,True,False,False,32,4.504122537520205,0.2,0.046206776900475234,False,False,True,False,2,0.9906596762419878,0.6559362958083634,0.41659509381445275,0.4205229139786763,0.05828769989374305,0.05884117497914021,0.11673723450579264,False,False,0.016389181837439537
pi05_spatial_500,p3,r6p3v2_pi05_sp_500_A_r1,r6p3v2_pi05_sp_500_A_r1:eval:8:1,1,8,1,4,1,False,10,9506,9339,1,0,0.27126099706744866,False,False,True,False,False,32,4.504122537520205,0.2,0.09995359433625607,False,False,True,False,2,1.0000994193151087,0.6559362958083634,0.4333666427103025,0.4333235619785501,0.06118026597255041,0.05915716758059205,0.12000194460446627,False,False,0.016389181837439537
pi05_spatial_500,p3,r6p3v2_pi05_sp_500_A_r1,r6p3v2_pi05_sp_500_A_r1:eval:8:1,1,8,1,6,1,False,10,9245,9341,2,0,0.5635386119257088,True,False,True,False,True,32,3.1340435337333634,0.25,0.12992487092607408,False,False,True,False,2,0.7890404290742277,0.6559362958083634,0.33145133087233036,0.4200688819725226,0.04407419060768823,0.04635075005732571,0.08886261741258177,False,False,0.016389181837439537
pi05_spatial_500,p3,r6p3v2_pi05_sp_500_A_r1,r6p3v2_pi05_sp_500_A_r1:eval:8:1,1,8,1,8,1,False,10,9510,8788,2,0,0.5733137829912024,True,False,True,False,True,32,3.2469661688104288,0.25,0.09601652710935797,False,False,True,False,2,0.9391909273777507,0.6559362958083634,0.31869725577605973,0.3393317018786287,0.04356401707420325,0.04205609027126831,0.08410689141790126,False,False,0.016389181837439537
pi05_spatial_500,p3,r6p3v2_pi05_sp_500_A_r1,r6p3v2_pi05_sp_500_A_r1:eval:8:1,1,8,1,10,1,False,10,9634,9634,4,1,0.28934506353861195,False,False,True,True,False,32,2.4058452680826377,0.5,0.10122749810880471,False,False,True,False,2,1.494474969054379,0.6559362958083634,0.20381543522894302,0.13637929001775528,0.03969683672471536,0.015420819578136876,0.054805223596475376,False,False,0.016389181837439537
pi05_spatial_500,p3,r6p3v2_pi05_sp_500_A_r1,r6p3v2_pi05_sp_500_A_r1:eval:8:1,1,8,1,12,1,False,10,9308,9636,3,1,0.26392961876832843,False,False,True,False,False,32,2.7994703187770034,0.3333333333333333,0.17430210908671212,False,False,True,False,2,1.3589976605655874,0.6559362958083634,0.23470969118508514,0.17270794350551252,0.015001282166153075,0.0487683447443873,0.06170556303365843,False,False,0.016389181837439537
pi05_spatial_500,p3,r6p3v2_pi05_sp_500_A_r1,r6p3v2_pi05_sp_500_A_r1:eval:8:1,1,8,1,14,1,False,10,9637,8811,5,1,0.20039100684261976,False,False,True,False,False,32,2.2502006996444615,0.3333333333333333,0.19866179618861152,False,False,True,False,2,0.8497915014388152,0.6559362958083634,0.39648918370897146,0.466572309840308,0.059854499566178575,0.05262752496164577,0.1087896143359987,False,False,0.016389181837439537
pi05_spatial_500,p3,r6p3v2_pi05_sp_500_A_r1,r6p3v2_pi05_sp_500_A_r1:eval:8:1,1,8,1,16,1,False,10,9518,9538,5,1,0.2697947214076246,False,True,True,False,False,32,2.8137365750587273,0.3333333333333333,0.16351421758761714,False,False,True,False,2,1.0327447768534406,0.6559362958083634,0.23599935400343652,0.2285166280118866,0.03977276302515402,0.03206109967596603,0.06370716035160572,False,False,0.016389181837439537
pi05_spatial_500,p3,r6p3v2_pi05_sp_500_A_r1,r6p3v2_pi05_sp_500_A_r1:eval:8:1,1,8,1,18,1,False,10,8974,8974,6,1,0.45796676441837736,False,False,True,False,False,32,3.137298169163854,1.0,0.12236024134072228,False,False,False,False,2,,0.6559362958083634,0.2321062197328007,,0.035068253550597006,0.02754344875291322,0.06236563958472044,False,False,0.016389181837439537
pi05_spatial_500,p3,r6p3v2_pi05_sp_500_A_r1,r6p3v2_pi05_sp_500_A_r1:eval:8:1,1,8,1,20,1,False,2,8559,9464,6,1,0.6300097751710655,True,False,True,True,True,3,5.451757177293292,0.2,0.13109228393017672,False,False,False,False,2,,0.6559362958083634,,0.08350200184996806,0.010315070630587215,0.0,0.010315070630587215,False,True,0.016389181837439537
pi05_spatial_500,p3,r6p3v2_pi05_sp_500_A_r1,r6p3v2_pi05_sp_500_A_r1:eval:9:0,1,9,0,0,0,False,10,10324,10570,0,0,0.6202833214213719,True,False,True,False,False,13,5.958159811771115,1.0,0.008993587096896924,False,False,True,False,2,0.8744219731992388,0.7512171176292793,0.2543180335121592,0.2908413115257024,0.024749090432370707,0.0580193487027272,0.08248637859158486,False,False,0.012045361059294506
pi05_spatial_500,p3,r6p3v2_pi05_sp_500_A_r1,r6p3v2_pi05_sp_500_A_r1:eval:9:0,1,9,0,2,0,False,10,10500,10572,1,0,0.41861610497186946,False,False,True,False,False,33,4.37023094160407,0.3333333333333333,0.05531389797685251,False,False,True,False,2,1.0518360271111038,0.7512171176292793,0.39132733079501103,0.3720421441256411,0.06199246869966055,0.061187132581264465,0.12289206093549475,False,False,0.012045361059294506
pi05_spatial_500,p3,r6p3v2_pi05_sp_500_A_r1,r6p3v2_pi05_sp_500_A_r1:eval:9:0,1,9,0,4,0,False,10,10526,10574,2,0,0.19611211904631007,False,False,True,False,False,33,3.16190998890635,0.25,0.054215241209494155,False,False,True,False,2,0.9982315302265417,0.7512171176292793,0.34993187302059225,0.35055181330645574,0.05909150332924315,0.057591418987252604,0.11534525110650112,False,False,0.012045361059294506
pi05_spatial_500,p3,r6p3v2_pi05_sp_500_A_r1,r6p3v2_pi05_sp_500_A_r1:eval:9:0,1,9,0,6,0,False,10,10528,10576,2,0,0.19611211904631007,False,False,True,False,False,33,3.16190998890635,0.25,0.04730237891379615,False,False,True,False,2,1.1409381807636456,0.7512171176292793,0.25106226838067125,0.22004896725660616,0.04285592101251799,0.04226148772789069,0.0767199075997534,False,False,0.012045361059294506
pi05_spatial_500,p3,r6p3v2_pi05_sp_500_A_r1,r6p3v2_pi05_sp_500_A_r1:eval:9:0,1,9,0,8,0,False,10,10122,10099,3,0,0.8292145435886158,True,True,True,True,True,13,4.490881871085844,0.5,0.08989384029799835,False,False,True,False,2,1.3030765246204108,0.7512171176292793,0.24182849603114182,0.18558272784600047,0.05376326251804437,0.019789098135786984,0.07182341053801092,False,False,0.012045361059294506
pi05_spatial_500,p3,r6p3v2_pi05_sp_500_A_r1,r6p3v2_pi05_sp_500_A_r1:eval:9:0,1,9,0,10,0,False,10,10458,10124,4,1,0.3627650411420822,False,False,True,True,False,33,3.8942254069129083,0.3333333333333333,0.21205819452200658,False,False,True,False,2,0.8452929455088121,0.7512171176292793,0.14567024903729944,0.17233108333775968,0.01100171767873253,0.03669630638409463,0.044883477650542396,False,False,0.012045361059294506
pi05_spatial_500,p3,r6p3v2_pi05_sp_500_A_r1,r6p3v2_pi05_sp_500_A_r1:eval:9:0,1,9,0,12,0,False,10,10582,10127,3,1,0.39645298440449356,False,False,True,False,False,33,4.166677470834275,0.3333333333333333,0.1624646286381112,False,False,True,False,2,1.1503641236095699,0.7512171176292793,0.29762669661102786,0.25872390359075687,0.05476248209233523,0.060381594038526686,0.1139843650563702,False,False,0.012045361059294506
pi05_spatial_500,p3,r6p3v2_pi05_sp_500_A_r1,r6p3v2_pi05_sp_500_A_r1:eval:9:0,1,9,0,14,0,False,10,10032,9985,3,1,0.31579297011013985,False,False,True,False,False,13,4.155330983299453,0.25,0.1429688344730105,False,False,True,False,2,1.0368601572421532,0.7512171176292793,0.2412270636171004,0.23265149300240984,0.05716271433747578,0.056635340199802514,0.11275700769740246,False,False,0.012045361059294506
pi05_spatial_500,p3,r6p3v2_pi05_sp_500_A_r1,r6p3v2_pi05_sp_500_A_r1:eval:9:0,1,9,0,16,0,False,10,9822,9823,5,1,0.25800850330786007,False,False,True,False,False,13,4.138509626967737,0.2,0.17220639866420576,False,False,True,False,2,1.2215785824933247,0.7512171176292793,0.3253899652041839,0.26636842677778527,0.06184629310723637,0.07283692579089393,0.1332401793477596,False,False,0.012045361059294506
pi05_spatial_500,p3,r6p3v2_pi05_sp_500_A_r1,r6p3v2_pi05_sp_500_A_r1:eval:9:0,1,9,0,18,0,False,10,10109,9921,6,1,0.29185679989737384,False,False,True,False,False,33,3.9492743998801374,0.25,0.18720325395828308,False,False,True,False,2,0.9423158024512281,0.7512171176292793,0.4720184207700106,0.5009131965548684,0.08141114875391012,0.07980923285996709,0.1604748772119971,False,False,0.012045361059294506
pi05_spatial_500,p3,r6p3v2_pi05_sp_500_A_r1,r6p3v2_pi05_sp_500_A_r1:eval:9:0,1,9,0,20,0,False,10,9947,9923,6,1,0.18115573515128192,False,False,True,False,False,33,3.6730711163614904,0.16666666666666666,0.17768430664260465,False,False,True,False,2,0.9217619249096625,0.7512171176292793,0.37515213672017533,0.4069946117127177,0.06595375953188265,0.05192111868797668,0.11766085548566803,False,False,0.012045361059294506
pi05_spatial_500,p3,r6p3v2_pi05_sp_500_A_r1,r6p3v2_pi05_sp_500_A_r1:eval:9:0,1,9,0,22,0,False,10,9949,10255,6,1,0.18115573515128192,False,False,True,False,False,33,3.6730711163614904,0.16666666666666666,0.12290060420523145,False,False,False,False,2,,0.7512171176292793,0.023337847610057857,,0.017987917668775527,0.01826485116006059,0.010062631786703555,False,False,0.012045361059294506
pi05_spatial_500,p3,r6p3v2_pi05_sp_500_A_r1,r6p3v2_pi05_sp_500_A_r1:eval:9:0,1,9,0,24,0,False,10,10137,10546,7,2,0.5006196510711602,True,False,True,True,True,13,0.0,0.3333333333333333,0.9966813485785699,True,False,False,False,2,,0.7512171176292793,0.04076113129672622,,0.016183635161527554,0.009015164439062324,0.012971993160498742,False,False,0.012045361059294506
pi05_spatial_500,p3,r6p3v2_pi05_sp_500_A_r1,r6p3v2_pi05_sp_500_A_r1:eval:9:0,1,9,0,26,0,False,10,10137,10736,7,2,0.5006196510711602,True,False,True,True,True,13,0.0,0.3333333333333333,0.786407282030416,True,False,False,False,2,,0.7512171176292793,0.04339968602215318,,0.013172996520444711,0.01815500023525059,0.013335723491882232,False,False,0.012045361059294506
pi05_spatial_500,p3,r6p3v2_pi05_sp_500_A_r1,r6p3v2_pi05_sp_500_A_r1:eval:9:0,1,9,0,28,0,False,10,10137,10736,7,2,0.5006196510711602,True,False,True,True,True,13,0.0,0.3333333333333333,1.395716401304271,True,False,False,False,2,,0.7512171176292793,0.0397576356365611,,0.016033034922136483,0.014774553458566477,0.011696001033184683,False,False,0.012045361059294506
pi05_spatial_500,p3,r6p3v2_pi05_sp_500_A_r1,r6p3v2_pi05_sp_500_A_r1:eval:9:0,1,9,0,30,0,False,10,10617,10736,8,1,0.28918348085839424,False,False,True,False,False,33,3.2901826089169535,0.3333333333333333,1.4941931901315382,True,False,False,False,2,,0.7512171176292793,0.04141440811773537,,0.0160669354545852,0.015348338635930301,0.012104261832251134,False,False,0.012045361059294506
pi05_spatial_500,p3,r6p3v2_pi05_sp_500_A_r1,r6p3v2_pi05_sp_500_A_r1:eval:9:0,1,9,0,32,0,False,10,10617,10736,8,1,0.28918348085839424,False,False,True,False,False,33,3.2901826089169535,0.3333333333333333,1.5888148506950532,True,False,False,False,2,,0.7512171176292793,0.042311200244543865,,0.016750326342657367,0.015458875708792348,0.012388923848587599,False,False,0.012045361059294506
pi05_spatial_500,p3,r6p3v2_pi05_sp_500_A_r1,r6p3v2_pi05_sp_500_A_r1:eval:9:0,1,9,0,34,0,False,10,10617,10617,8,1,0.28918348085839424,False,False,True,False,False,33,3.2901826089169535,0.3333333333333333,1.6960276920409652,True,False,False,False,2,,0.7512171176292793,0.04142583330412286,,0.014888038902599618,0.016740425364653155,0.012110721895106745,False,False,0.012045361059294506
pi05_spatial_500,p3,r6p3v2_pi05_sp_500_A_r1,r6p3v2_pi05_sp_500_A_r1:eval:9:0,1,9,0,36,0,False,10,10617,10736,8,1,0.28918348085839424,False,False,True,False,False,33,3.2901826089169535,0.3333333333333333,1.862227223037616,True,False,False,False,2,,0.7512171176292793,0.04261249410390711,,0.01572560892703707,0.01700159405875322,0.012434216217449683,False,False,0.012045361059294506
pi05_spatial_500,p3,r6p3v2_pi05_sp_500_A_r1,r6p3v2_pi05_sp_500_A_r1:eval:9:0,1,9,0,38,0,False,10,10617,10736,8,1,0.28918348085839424,False,False,True,False,False,33,3.2901826089169535,0.3333333333333333,1.9812499028445199,True,False,False,False,2,,0.7512171176292793,0.0442986543577597,,0.015313131481332697,0.017772279146489933,0.012950190235346604,False,False,0.012045361059294506
pi05_spatial_500,p3,r6p3v2_pi05_sp_500_A_r1,r6p3v2_pi05_sp_500_A_r1:eval:9:0,1,9,0,40,0,False,10,10617,10736,8,1,0.28918348085839424,False,False,True,False,False,33,3.2901826089169535,0.3333333333333333,2.1087926168601054,True,False,False,False,2,,0.7512171176292793,0.042621896038022584,,0.015363584885929715,0.016670227169016026,0.012348360568105435,False,False,0.012045361059294506
pi05_spatial_500,p3,r6p3v2_pi05_sp_500_A_r1,r6p3v2_pi05_sp_500_A_r1:eval:9:0,1,9,0,42,0,False,10,10617,10736,8,1,0.28918348085839424,False,False,True,False,False,33,3.2901826089169535,0.3333333333333333,2.19804821478592,True,False,False,False,2,,0.7512171176292793,,,0.014604372684721909,0.01412577234243723,0.011315237257497083,False,True,0.012045361059294506
pi05_spatial_500,p3,r6p3v2_pi05_sp_500_A_r1,r6p3v2_pi05_sp_500_A_r1:eval:9:1,1,9,1,0,0,False,10,10346,9712,0,0,0.6273755200029322,True,True,True,False,False,13,6.882426146470389,1.0,0.014070483830632387,False,False,True,False,2,1.0824798629576151,0.7512171176292793,0.25950464446958244,0.2397316138154742,0.024295503654268982,0.059126967829241484,0.08321911927529162,False,False,0.01167027618397366
pi05_spatial_500,p3,r6p3v2_pi05_sp_500_A_r1,r6p3v2_pi05_sp_500_A_r1:eval:9:1,1,9,1,2,0,False,10,10070,10806,1,0,0.11100573606758664,False,False,True,False,False,33,2.36910470692444,0.25,0.05235099710189005,False,False,True,False,2,0.9952156019091118,0.7512171176292793,0.3968306247667457,0.39873834775651584,0.06424718290187063,0.06200944532419301,0.12592520256122597,False,False,0.01167027618397366
pi05_spatial_500,p3,r6p3v2_pi05_sp_500_A_r1,r6p3v2_pi05_sp_500_A_r1:eval:9:1,1,9,1,4,0,False,10,10166,9931,1,0,0.24575750911723201,False,False,True,False,False,33,3.54577582784856,0.25,0.06580759153698894,False,False,True,False,2,1.034734769662445,0.7512171176292793,0.3529812656217954,0.34113212000882726,0.06083915589786653,0.06153304678349084,0.12073359104108622,False,False,0.01167027618397366
pi05_spatial_500,p3,r6p3v2_pi05_sp_500_A_r1,r6p3v2_pi05_sp_500_A_r1:eval:9:1,1,9,1,6,0,False,10,9910,10810,2,0,0.7829778070995289,True,False,True,False,True,33,4.91141913478956,0.3333333333333333,0.10530563785767218,False,False,True,False,2,0.9014808966953949,0.7512171176292793,0.26726318146717254,0.29647126461236506,0.04862285121379575,0.04229330583183965,0.08483627618280196,False,False,0.01167027618397366
pi05_spatial_500,p3,r6p3v2_pi05_sp_500_A_r1,r6p3v2_pi05_sp_500_A_r1:eval:9:1,1,9,1,8,0,False,10,9935,9935,2,0,0.7776586581633588,True,True,True,True,True,33,4.716810084831419,0.3333333333333333,0.031214254218390428,False,False,True,False,2,1.1828805859413563,0.7512171176292793,0.212659389221283,0.17978094471137598,0.05163443912998349,0.014659978791914384,0.0641321761422675,False,False,0.01167027618397366
pi05_spatial_500,p3,r6p3v2_pi05_sp_500_A_r1,r6p3v2_pi05_sp_500_A_r1:eval:9:1,1,9,1,10,0,False,10,9937,9937,3,1,0.40722872798577897,False,False,True,True,False,33,3.6656008554084236,0.5,0.17756585007196543,False,False,True,False,2,0.844580732635246,0.7512171176292793,0.168053501398814,0.19897861140456805,0.013485745241260255,0.04057461349075807,0.05312377918756367,False,False,0.01167027618397366
pi05_spatial_500,p3,r6p3v2_pi05_sp_500_A_r1,r6p3v2_pi05_sp_500_A_r1:eval:9:1,1,9,1,12,0,False,10,9963,10127,5,1,0.23229928344970405,False,False,True,False,False,33,3.9099652311114355,0.2,0.23695154231243362,False,False,True,False,2,0.9737941824865343,0.7512171176292793,0.2861906589838008,0.29389234823012333,0.05362094463744866,0.0589248278883629,0.11158986097832696,False,False,0.01167027618397366
pi05_spatial_500,p3,r6p3v2_pi05_sp_500_A_r1,r6p3v2_pi05_sp_500_A_r1:eval:9:1,1,9,1,14,0,False,10,10336,10889,5,1,0.30160857294701926,False,True,True,False,False,13,4.025109400963267,0.25,0.1469583644272072,False,False,True,False,2,0.8709877831771986,0.7512171176292793,0.2104200488955979,0.2415878304607504,0.01844368830811587,0.0492497580875126,0.06514048964734256,False,False,0.01167027618397366
pi05_spatial_500,p3,r6p3v2_pi05_sp_500_A_r1,r6p3v2_pi05_sp_500_A_r1:eval:9:1,1,9,1,16,0,False,10,10649,10286,5,1,0.19595176571920758,False,False,False,True,False,33,3.598484578753917,0.2,0.555907442971631,True,True,True,False,2,0.4025919258326587,0.7512171176292793,0.06091969455777384,0.15131871915159995,0.020085147726086747,0.013062926135573753,0.01837762488988644,True,False,0.01167027618397366
pi05_spatial_500,p3,r6p3v2_pi05_sp_500_A_r1,r6p3v2_pi05_sp_500_A_r1:eval:9:1,1,9,1,18,0,False,10,10817,10335,5,1,0.1365546025986402,False,False,True,False,False,13,3.134830463950546,0.2,0.2152332928919743,False,True,True,False,2,0.23971407916266127,0.7512171176292793,0.06619864811555563,0.2761566961222817,0.0075223681678633645,0.01436006661461415,0.020282882163148067,False,False,0.01167027618397366
pi05_spatial_500,p3,r6p3v2_pi05_sp_500_A_r1,r6p3v2_pi05_sp_500_A_r1:eval:9:1,1,9,1,20,0,False,10,10891,10290,5,2,0.731696813092162,True,False,False,True,True,0,,0.5,0.6940784738760977,True,True,True,True,2,0.20500589013250894,0.7512171176292793,0.03885488896889672,0.18953059809053396,0.009582008635903156,0.01329801531684564,0.012032072903023409,False,False,0.01167027618397366
pi05_spatial_500,p3,r6p3v2_pi05_sp_500_A_r1,r6p3v2_pi05_sp_500_A_r1:eval:9:1,1,9,1,22,0,False,10,10818,10889,5,1,0.1365546025986402,False,True,True,False,False,13,3.134830463950546,0.2,0.38382852270172485,False,True,True,True,2,0.5437805604928897,0.7512171176292793,0.1273684096022372,0.23422758895019866,0.005129439627050594,0.03447752029128911,0.03904407911720545,False,False,0.01167027618397366
pi05_spatial_500,p3,r6p3v2_pi05_sp_500_A_r1,r6p3v2_pi05_sp_500_A_r1:eval:9:1,1,9,1,24,0,False,10,10893,10581,6,3,0.39836347975882863,False,False,True,True,False,0,,0.5,0.8002101383485706,True,True,True,True,2,0.5717653393680017,0.7512171176292793,0.08389749953415612,0.14673414731101375,0.011569217820695456,0.024978213730284336,0.025206323071788304,False,False,0.01167027618397366
pi05_spatial_500,p3,r6p3v2_pi05_sp_500_A_r1,r6p3v2_pi05_sp_500_A_r1:eval:9:1,1,9,1,26,0,False,10,10081,10334,4,1,0.12059715579012957,False,False,True,False,False,33,2.9674553717343453,0.2,0.6484583846912517,True,False,True,False,2,0.8767994873657595,0.7512171176292793,0.21133989038734963,0.24103559985224826,0.027959101762853517,0.04446617104868814,0.07119710264779855,False,False,0.01167027618397366
pi05_spatial_500,p3,r6p3v2_pi05_sp_500_A_r1,r6p3v2_pi05_sp_500_A_r1:eval:9:1,1,9,1,28,0,False,10,10082,10289,5,1,0.21827523961368592,False,False,False,False,False,33,3.3303454002929405,0.25,0.7479784021320517,True,False,True,False,2,0.9048583500785583,0.7512171176292793,0.22519468242609794,0.2488728566261746,0.02453311837365682,0.05155709357083949,0.0744709082794622,False,False,0.01167027618397366
pi05_spatial_500,p3,r6p3v2_pi05_sp_500_A_r1,r6p3v2_pi05_sp_500_A_r1:eval:9:1,1,9,1,30,0,False,10,10893,10290,6,3,0.39836347975882863,False,False,False,True,False,0,,0.5,1.1748791252857753,True,False,True,False,2,0.7611334971213676,0.7512171176292793,0.11168427468995382,0.14673414731101375,0.021621705527078847,0.016281423420999926,0.03641036376331209,False,False,0.01167027618397366
pi05_spatial_500,p3,r6p3v2_pi05_sp_500_A_r1,r6p3v2_pi05_sp_500_A_r1:eval:9:1,1,9,1,32,0,False,10,10892,9887,6,3,0.39836347975882863,False,True,True,True,False,0,,0.5,1.1937079281341043,True,True,True,False,2,0.6820290287789734,0.7512171176292793,0.04958114637702371,0.07269653384957545,0.01051876313692771,0.01751137889023021,0.015532146034929908,True,False,0.01167027618397366
pi05_spatial_500,p3,r6p3v2_pi05_sp_500_A_r1,r6p3v2_pi05_sp_500_A_r1:eval:9:1,1,9,1,34,0,False,10,10897,10815,7,3,0.19595176571920758,False,False,True,False,False,0,,0.2,0.904819235634656,True,False,True,False,2,1.2100541479985762,0.7512171176292793,0.2794869310409048,0.2309705987150863,0.035612155703475736,0.058467175600483326,0.0927734282056658,False,False,0.01167027618397366
pi05_spatial_500,p3,r6p3v2_pi05_sp_500_A_r1,r6p3v2_pi05_sp_500_A_r1:eval:9:1,1,9,1,36,0,False,10,10898,10289,7,3,0.19595176571920758,False,False,False,False,False,0,,0.2,0.9797559997033299,True,False,True,False,2,0.9273277661620881,0.7512171176292793,0.21355647743454267,0.23029233592172524,0.019238930209184248,0.05008484021010928,0.06840158615044908,False,False,0.01167027618397366
pi05_spatial_500,p3,r6p3v2_pi05_sp_500_A_r1,r6p3v2_pi05_sp_500_A_r1:eval:9:1,1,9,1,38,0,False,10,10898,10597,7,3,0.19595176571920758,False,False,True,False,False,0,,0.2,1.7203234779489505,True,False,True,False,2,0.817831791339733,0.7512171176292793,0.1883403936186761,0.23029233592172524,0.03631132720966178,0.029552273292591014,0.06541599274733426,False,False,0.01167027618397366
pi05_spatial_500,p3,r6p3v2_pi05_sp_500_A_r1,r6p3v2_pi05_sp_500_A_r1:eval:9:1,1,9,1,40,0,False,10,10893,10815,6,3,0.39836347975882863,False,False,True,True,False,0,,0.5,1.6981373119939716,True,True,True,False,2,0.4966950075701419,0.7512171176292793,0.0728821184094423,0.14673414731101375,0.00469057770302129,0.024008354200243585,0.022062296615838115,True,False,0.01167027618397366
pi05_spatial_500,p3,r6p3v2_pi05_sp_500_A_r1,r6p3v2_pi05_sp_500_A_r1:eval:9:1,1,9,1,42,0,False,10,10898,10815,7,3,0.19595176571920758,False,False,True,False,False,0,,0.2,1.2912932492790308,True,False,False,False,2,,0.7512171176292793,,0.23029233592172524,0.024345203563567615,0.04696720091963634,0.07058780326618339,False,True,0.01167027618397366
pi05_spatial_500,p3,r6p3v2_pi05_sp_500_A_r2,r6p3v2_pi05_sp_500_A_r2:eval:0:0,1,0,0,0,1,False,10,51,548,0,0,0.5952845528455285,True,True,True,False,False,39,4.198693676073924,1.0,0.014306248400631312,False,False,True,False,1,0.9960351662256175,0.6709290922082054,0.3434556225280132,0.344822787562317,0.019804365132489926,0.057784350484624866,0.0772947087336846,False,False,0.02257087908219546
pi05_spatial_500,p3,r6p3v2_pi05_sp_500_A_r2,r6p3v2_pi05_sp_500_A_r2:eval:0:0,1,0,0,2,1,False,10,410,812,1,0,0.44661176222151827,False,False,True,False,False,39,3.226045621590503,0.5,0.06950433596878085,False,False,True,False,1,0.9340795803399188,0.6709290922082054,0.5419144377377157,0.5801587457254005,0.06526923453702284,0.06774670786920052,0.13102805630067482,False,False,0.02257087908219546
pi05_spatial_500,p3,r6p3v2_pi05_sp_500_A_r2,r6p3v2_pi05_sp_500_A_r2:eval:0:0,1,0,0,4,1,False,10,906,814,2,0,0.19842888818498575,False,True,True,False,False,3,2.5354360294010903,0.25,0.06829090153518658,False,False,True,False,1,1.0417863947378263,0.6709290922082054,0.46508056163175304,0.4464260274283906,0.06397258073812614,0.05811776286517071,0.11723437414349937,False,False,0.02257087908219546
pi05_spatial_500,p3,r6p3v2_pi05_sp_500_A_r2,r6p3v2_pi05_sp_500_A_r2:eval:0:0,1,0,0,6,1,False,10,846,908,2,0,0.4517622215183191,False,True,True,False,True,3,2.0678429380223595,0.25,0.08502916666237235,False,False,True,False,1,0.9133106285705176,0.6709290922082054,0.4345505951325472,0.47579715108833326,0.06377100124384409,0.05013609856618871,0.11348780756357355,False,False,0.02257087908219546
pi05_spatial_500,p3,r6p3v2_pi05_sp_500_A_r2,r6p3v2_pi05_sp_500_A_r2:eval:0:0,1,0,0,8,1,False,10,478,478,3,1,0.4308541864639426,False,False,True,True,False,39,3.075748949705839,0.5,0.19898289221036675,False,False,True,False,1,1.6877954492246228,0.6709290922082054,0.11925156639618406,0.0706552245125252,0.00461180428936813,0.030022608457097526,0.030721280722673414,False,False,0.02257087908219546
pi05_spatial_500,p3,r6p3v2_pi05_sp_500_A_r2,r6p3v2_pi05_sp_500_A_r2:eval:0:0,1,0,0,10,1,False,10,913,610,5,1,0.24930208003378737,False,False,True,False,False,3,2.4391028117364972,0.3333333333333333,0.12478110881039156,False,False,True,False,1,1.1228477301646969,0.6709290922082054,0.4077839033866775,0.3631693705493484,0.05621053852847824,0.05503962904987038,0.10904983700089284,False,False,0.02257087908219546
pi05_spatial_500,p3,r6p3v2_pi05_sp_500_A_r2,r6p3v2_pi05_sp_500_A_r2:eval:0:0,1,0,0,12,1,False,10,914,643,5,1,0.24930208003378737,False,False,True,False,False,3,2.4391028117364972,0.3333333333333333,0.16053233842576603,False,False,True,False,1,1.0609157508828848,0.6709290922082054,0.32221065718541037,0.3037099382465285,0.04547936123337435,0.05096502455115978,0.08559164343392582,False,False,0.02257087908219546
pi05_spatial_500,p3,r6p3v2_pi05_sp_500_A_r2,r6p3v2_pi05_sp_500_A_r2:eval:0:0,1,0,0,14,1,False,1,516,614,5,1,0.1365748073065146,False,False,True,False,False,39,1.5235906573721714,0.3333333333333333,0.1555673072171502,False,False,False,False,1,,0.6709290922082054,,,0.010617735579310034,0.0,0.010617735579310034,False,True,0.02257087908219546
pi05_spatial_500,p3,r6p3v2_pi05_sp_500_A_r2,r6p3v2_pi05_sp_500_A_r2:eval:0:1,1,0,1,0,1,False,10,486,0,0,0,0.6110421286031041,True,True,True,False,False,39,4.6439974631631324,1.0,0.02082919779649277,False,False,True,False,1,1.0173733424558642,0.6709290922082054,0.33773157175493745,0.33196424327344604,0.019131424313208217,0.05638748990352825,0.07512366711073983,False,False,0.01901412906590849
pi05_spatial_500,p3,r6p3v2_pi05_sp_500_A_r2,r6p3v2_pi05_sp_500_A_r2:eval:0:1,1,0,1,2,1,False,10,904,307,2,0,0.19842888818498575,False,False,True,False,False,3,2.5354360294010903,0.25,0.05481436167659377,False,False,True,False,1,0.9937390658739679,0.6709290922082054,0.546793634923473,0.5502386428197649,0.06440070412522561,0.0683537076954566,0.13147360449959086,False,False,0.01901412906590849
pi05_spatial_500,p3,r6p3v2_pi05_sp_500_A_r2,r6p3v2_pi05_sp_500_A_r2:eval:0:1,1,0,1,4,1,False,10,906,603,2,0,0.19842888818498575,False,False,True,False,False,3,2.5354360294010903,0.25,0.07137281494762265,False,False,True,False,1,1.0605451419127196,0.6709290922082054,0.4734549546125742,0.4464260274283906,0.06592908901172752,0.057932790827981806,0.11814323219200756,False,False,0.01901412906590849
pi05_spatial_500,p3,r6p3v2_pi05_sp_500_A_r2,r6p3v2_pi05_sp_500_A_r2:eval:0:1,1,0,1,6,1,False,10,846,787,2,0,0.4517622215183191,False,True,True,False,True,3,2.0678429380223595,0.25,0.0774345162757937,False,False,True,False,1,0.9841092866402971,0.6709290922082054,0.46823639494302527,0.47579715108833326,0.06391248792352343,0.05845534785343297,0.12144432984370253,False,False,0.01901412906590849
pi05_spatial_500,p3,r6p3v2_pi05_sp_500_A_r2,r6p3v2_pi05_sp_500_A_r2:eval:0:1,1,0,1,8,1,False,10,788,639,3,1,0.32055115616091223,False,False,True,True,False,39,2.315747638895556,0.5,0.1228272208125151,False,True,True,False,1,0.4853865430594051,0.6709290922082054,0.057888524946311325,0.11926273147466825,0.01272818596734346,0.022077568180173084,0.013981343233741107,True,False,0.01901412906590849
pi05_spatial_500,p3,r6p3v2_pi05_sp_500_A_r2,r6p3v2_pi05_sp_500_A_r2:eval:0:1,1,0,1,10,1,False,10,912,805,5,1,0.24930208003378737,False,False,True,False,False,3,2.4391028117364972,0.3333333333333333,0.10733364968720412,False,False,True,False,1,1.0471007560251324,0.6709290922082054,0.4085670901499144,0.39018889805873463,0.0503012635068537,0.059957018768745554,0.10880694320977942,False,False,0.01901412906590849
pi05_spatial_500,p3,r6p3v2_pi05_sp_500_A_r2,r6p3v2_pi05_sp_500_A_r2:eval:0:1,1,0,1,12,1,False,10,914,627,5,1,0.24930208003378737,False,False,True,False,False,3,2.4391028117364972,0.3333333333333333,0.13977076724950177,False,False,True,False,1,0.9589171054795278,0.6709290922082054,0.29123265488872724,0.3037099382465285,0.045386662405422586,0.047781304194803045,0.07901076005622057,False,False,0.01901412906590849
pi05_spatial_500,p3,r6p3v2_pi05_sp_500_A_r2,r6p3v2_pi05_sp_500_A_r2:eval:0:1,1,0,1,14,1,False,5,795,614,5,1,0.2975208531306092,False,False,True,False,False,39,2.202576527385031,0.5,0.10141956805559672,False,False,False,False,1,,0.6709290922082054,,,0.05076911943234244,0.0,0.05076911943234244,False,True,0.01901412906590849
pi05_spatial_500,p3,r6p3v2_pi05_sp_500_A_r2,r6p3v2_pi05_sp_500_A_r2:eval:1:0,1,1,0,0,1,False,10,1040,1218,0,0,0.6089382362304998,True,True,True,False,False,43,6.987379367619847,1.0,0.005634755503443524,False,False,True,False,2,1.0628369109648208,0.7069033121183256,0.22550165747236692,0.21216957667349104,0.02666426350021825,0.05296044862457634,0.07959460798885683,False,False,0.012035269967534325
pi05_spatial_500,p3,r6p3v2_pi05_sp_500_A_r2,r6p3v2_pi05_sp_500_A_r2:eval:1:0,1,1,0,2,1,False,10,1739,1395,1,0,0.2663933991297888,False,False,True,False,False,4,4.055488443237237,0.25,0.05052146175312234,False,False,True,False,2,1.004941192229148,0.7069033121183256,0.3136910854625388,0.312148698737996,0.055277891954828504,0.05524316747652573,0.11046487268688358,False,False,0.012035269967534325
pi05_spatial_500,p3,r6p3v2_pi05_sp_500_A_r2,r6p3v2_pi05_sp_500_A_r2:eval:1:0,1,1,0,4,1,False,10,1289,1397,1,0,0.21208479252891863,False,False,True,False,False,43,4.1076219632114075,0.2,0.04639022478037156,False,False,True,False,2,1.0158159727826332,0.7069033121183256,0.3248449911496963,0.3197872447898665,0.05517104855888411,0.05634210259141642,0.11091990450870975,False,False,0.012035269967534325
pi05_spatial_500,p3,r6p3v2_pi05_sp_500_A_r2,r6p3v2_pi05_sp_500_A_r2:eval:1:0,1,1,0,6,1,False,10,1853,1399,2,0,0.4451315929109625,False,False,True,False,True,43,3.417448987543339,0.2,0.08861562321418177,False,False,True,False,2,1.0917456070493143,0.7069033121183256,0.41410889010154434,0.37930895936532855,0.05692218428742792,0.05884357053786935,0.11329628591679006,False,False,0.012035269967534325
pi05_spatial_500,p3,r6p3v2_pi05_sp_500_A_r2,r6p3v2_pi05_sp_500_A_r2:eval:1:0,1,1,0,8,1,False,10,1293,1117,2,0,0.7133848031412501,True,True,True,False,True,43,5.688442603190524,0.25,0.0932032343391987,False,False,True,False,2,0.9388639734202162,0.7069033121183256,0.42555245308518247,0.4532631617921438,0.05997676201341775,0.05197025364493536,0.1116542218060707,False,False,0.012035269967534325
pi05_spatial_500,p3,r6p3v2_pi05_sp_500_A_r2,r6p3v2_pi05_sp_500_A_r2:eval:1:0,1,1,0,10,1,False,10,1919,1184,2,0,0.5953796561604584,True,True,True,True,True,43,5.039165481260067,0.16666666666666666,0.12624598672157156,False,False,True,False,2,0.9168496282559966,0.7069033121183256,0.10256742516463062,0.1118694080290257,0.026438492369304196,0.007915614871698087,0.0283735354756061,False,False,0.012035269967534325
pi05_spatial_500,p3,r6p3v2_pi05_sp_500_A_r2,r6p3v2_pi05_sp_500_A_r2:eval:1:0,1,1,0,12,1,False,10,963,1186,4,1,0.43981216173193244,False,False,True,False,False,43,4.445513977881949,0.5,0.11593814970726413,False,False,True,False,2,0.9566455202270482,0.7069033121183256,0.33813532841913424,0.35345937577681014,0.031308502248845724,0.05892141020980317,0.08900928772184943,False,False,0.012035269967534325
pi05_spatial_500,p3,r6p3v2_pi05_sp_500_A_r2,r6p3v2_pi05_sp_500_A_r2:eval:1:0,1,1,0,14,1,False,10,1817,1055,5,1,0.11453093494640772,False,False,True,False,False,43,2.5210770509761824,0.25,0.10144372653946461,False,False,True,False,2,1.0269855578059701,0.7069033121183256,0.46870682191819263,0.4563908599839786,0.06711231844735839,0.06897116758726667,0.1341909502993369,False,False,0.012035269967534325
pi05_spatial_500,p3,r6p3v2_pi05_sp_500_A_r2,r6p3v2_pi05_sp_500_A_r2:eval:1:0,1,1,0,16,1,False,10,967,1057,5,1,0.1489148891011355,False,False,True,False,False,43,3.095398658940762,0.25,0.1238141405695671,False,False,True,False,2,0.983532801168137,0.7069033121183256,0.40289856506396604,0.409644258519335,0.06428854861990668,0.06189335211403305,0.1227728836531056,False,False,0.012035269967534325
pi05_spatial_500,p3,r6p3v2_pi05_sp_500_A_r2,r6p3v2_pi05_sp_500_A_r2:eval:1:0,1,1,0,18,1,False,10,1821,1800,6,1,0.19259657221691606,False,False,True,False,False,43,2.2682075433429656,0.3333333333333333,0.1449853091813844,False,False,True,False,2,1.0059747397254077,0.7069033121183256,0.36347370198187795,0.36131493926089264,0.05603878704560959,0.04508003315899709,0.09802997349252396,False,False,0.012035269967534325
pi05_spatial_500,p3,r6p3v2_pi05_sp_500_A_r2,r6p3v2_pi05_sp_500_A_r2:eval:1:0,1,1,0,20,1,False,6,1822,2017,6,1,0.19259657221691606,False,False,True,False,False,43,2.2682075433429656,0.3333333333333333,0.11426871221814314,False,False,False,False,2,,0.7069033121183256,,,0.04714873476825387,0.009487643510397185,0.05648388786348319,False,True,0.012035269967534325
pi05_spatial_500,p3,r6p3v2_pi05_sp_500_A_r2,r6p3v2_pi05_sp_500_A_r2:eval:1:1,1,1,1,0,1,False,10,1868,1350,0,0,0.5535418656478828,False,True,True,False,False,43,5.149784753198183,1.0,0.019404755913777737,False,False,True,False,2,0.9559104784735493,0.7069033121183256,0.22403703951115084,0.23437031453918736,0.026265050093434907,0.0527207263613793,0.07897424262789444,False,False,0.014091820710084656
pi05_spatial_500,p3,r6p3v2_pi05_sp_500_A_r2,r6p3v2_pi05_sp_500_A_r2:eval:1:1,1,1,1,2,1,False,10,1694,1694,1,0,0.27116894831794547,False,False,True,False,False,4,4.071233366478462,0.25,0.03453814286226009,False,False,True,False,2,1.0104423039557322,0.7069033121183256,0.31586923659922406,0.31260492099612486,0.05569420651235735,0.055657519824869196,0.11131522760687082,False,False,0.014091820710084656
pi05_spatial_500,p3,r6p3v2_pi05_sp_500_A_r2,r6p3v2_pi05_sp_500_A_r2:eval:1:1,1,1,1,4,1,False,10,1786,1696,1,0,0.17961105804945346,False,False,True,False,False,43,3.8981889918257395,0.2,0.05349949308856362,False,False,True,False,2,0.9558400415015753,0.7069033121183256,0.32545676387803263,0.3404929169599935,0.055191951790243686,0.056122403210252574,0.11064301634259473,False,False,0.014091820710084656
pi05_spatial_500,p3,r6p3v2_pi05_sp_500_A_r2,r6p3v2_pi05_sp_500_A_r2:eval:1:1,1,1,1,6,1,False,10,1138,1698,2,0,0.6399739997877534,True,True,True,False,True,43,5.251252710535718,0.2,0.07308818493204523,False,False,True,False,2,1.0094964929286256,0.7069033121183256,0.4187351955179783,0.41479608740709517,0.0557258593939171,0.05956843423743239,0.11351320880069475,False,False,0.014091820710084656
pi05_spatial_500,p3,r6p3v2_pi05_sp_500_A_r2,r6p3v2_pi05_sp_500_A_r2:eval:1:1,1,1,1,8,1,False,10,1545,1700,2,0,0.5788469701793484,True,True,True,False,True,43,4.473388360037145,0.2,0.08441201673189759,False,False,True,False,2,0.9434912771290905,0.7069033121183256,0.3951673696587348,0.4188352126170925,0.058944338556810305,0.04508761597715807,0.10396772131179458,False,False,0.014091820710084656
pi05_spatial_500,p3,r6p3v2_pi05_sp_500_A_r2,r6p3v2_pi05_sp_500_A_r2:eval:1:1,1,1,1,10,1,False,10,961,1295,3,1,0.8639525628780643,True,True,True,True,True,43,4.8380398829532965,1.0,0.08790607891401989,False,False,True,False,2,1.4270669036420358,0.7069033121183256,0.04851718545173828,0.033997835229670696,0.016467104378642995,0.0045306998350168794,0.014582969673738887,False,False,0.014091820710084656
pi05_spatial_500,p3,r6p3v2_pi05_sp_500_A_r2,r6p3v2_pi05_sp_500_A_r2:eval:1:1,1,1,1,12,1,False,10,1297,1703,4,1,0.23391966465032366,False,False,True,False,False,43,3.836762225187134,0.25,0.139961320309478,False,False,True,False,2,1.1343348201656014,0.7069033121183256,0.23907836289974613,0.21076525083206307,0.01678603940328871,0.04601329766549291,0.06259787680950983,False,False,0.014091820710084656
pi05_spatial_500,p3,r6p3v2_pi05_sp_500_A_r2,r6p3v2_pi05_sp_500_A_r2:eval:1:1,1,1,1,14,1,False,10,1774,1774,6,1,0.18711928260638863,False,False,True,False,False,43,3.513516637088926,0.25,0.12381974133388915,False,False,True,False,2,0.9674696308833245,0.7069033121183256,0.4530735672547006,0.46830779260846966,0.06285942899906302,0.06611575682333153,0.12592030801838325,False,False,0.014091820710084656
pi05_spatial_500,p3,r6p3v2_pi05_sp_500_A_r2,r6p3v2_pi05_sp_500_A_r2:eval:1:1,1,1,1,16,1,False,10,1640,1947,5,1,0.18902950228165127,False,False,True,False,False,4,3.517290565311261,0.25,0.17646550739114603,False,False,True,False,2,0.9362958737793416,0.7069033121183256,0.37499835186347535,0.40051266097093985,0.05853736446537712,0.06019304423675901,0.11444848007594065,False,False,0.014091820710084656
pi05_spatial_500,p3,r6p3v2_pi05_sp_500_A_r2,r6p3v2_pi05_sp_500_A_r2:eval:1:1,1,1,1,18,1,False,10,1993,1949,6,1,0.39030430860660087,False,False,True,False,False,43,4.45217323098607,0.3333333333333333,0.24018819235142239,False,False,True,False,2,0.9842197196749936,0.7069033121183256,0.39525909245891216,0.40159639616795484,0.06001918611277956,0.050195070146190714,0.10807941082533877,False,False,0.014091820710084656
pi05_spatial_500,p3,r6p3v2_pi05_sp_500_A_r2,r6p3v2_pi05_sp_500_A_r2:eval:1:1,1,1,1,20,1,False,6,1645,1578,6,1,0.513513477661042,False,False,True,True,True,4,0.0,0.3333333333333333,0.17495900928987143,False,False,False,False,2,,0.7069033121183256,,,0.03922484121946799,0.005725059734414885,0.04487143040260683,False,True,0.014091820710084656
pi05_spatial_500,p3,r6p3v2_pi05_sp_500_A_r2,r6p3v2_pi05_sp_500_A_r2:eval:2:0,1,2,0,0,1,False,10,2756,2360,0,0,0.6131212609295904,True,False,True,False,False,42,5.518082388771382,1.0,0.013138270595250842,False,False,True,False,2,1.192763643966164,0.6137567275250041,0.16130180469852537,0.13523366973373405,0.006142372998615788,0.037753790234693906,0.04389135266954833,False,False,0.015877000987529755
pi05_spatial_500,p3,r6p3v2_pi05_sp_500_A_r2,r6p3v2_pi05_sp_500_A_r2:eval:2:0,1,2,0,2,1,False,10,2758,2857,1,0,0.25012463568031906,False,False,True,False,False,42,3.444828251835711,0.25,0.04328279011944072,False,False,True,False,2,1.01795734342856,0.6137567275250041,0.37981465079765175,0.37311450548448943,0.05284629881847771,0.05544984067342034,0.10598589396508526,False,False,0.015877000987529755
pi05_spatial_500,p3,r6p3v2_pi05_sp_500_A_r2,r6p3v2_pi05_sp_500_A_r2:eval:2:0,1,2,0,4,1,False,10,2880,2242,2,0,0.6115808917523138,True,False,True,False,True,5,4.071979820195588,0.2,0.09074268563464184,False,False,True,False,2,0.9973920144529497,0.6137567275250041,0.4170488246987274,0.41813932601763476,0.057558933668857074,0.05190339886965972,0.10728193378762509,False,False,0.015877000987529755
pi05_spatial_500,p3,r6p3v2_pi05_sp_500_A_r2,r6p3v2_pi05_sp_500_A_r2:eval:2:0,1,2,0,6,1,False,10,2943,2862,2,0,0.4637821496139489,False,True,True,False,True,42,3.051723088455736,0.2,0.11549312193068695,False,False,True,False,2,0.9450633561649887,0.6137567275250041,0.3074527850123582,0.3253250514970588,0.043245257498547504,0.034752330265998846,0.07797076640215196,False,False,0.015877000987529755
pi05_spatial_500,p3,r6p3v2_pi05_sp_500_A_r2,r6p3v2_pi05_sp_500_A_r2:eval:2:0,1,2,0,8,1,False,10,2326,2489,3,0,0.7779599376182441,True,False,True,True,True,42,4.033540696971984,0.5,0.11666322306492552,False,True,True,False,2,0.35453952096050223,0.6137567275250041,0.05838955340085517,0.164691240182953,0.01680223592788093,0.0068998612358485215,0.01620283300062709,True,False,0.015877000987529755
pi05_spatial_500,p3,r6p3v2_pi05_sp_500_A_r2,r6p3v2_pi05_sp_500_A_r2:eval:2:0,1,2,0,10,1,False,10,2130,2866,4,1,0.6141694789589406,True,False,True,False,False,42,5.531864385827277,1.0,0.1320975098692728,False,False,True,False,2,0.8005602736109565,0.6137567275250041,0.3214249703768552,0.4015000256346172,0.02840944871513948,0.052954340068742896,0.08047614930619938,False,False,0.015877000987529755
pi05_spatial_500,p3,r6p3v2_pi05_sp_500_A_r2,r6p3v2_pi05_sp_500_A_r2:eval:2:0,1,2,0,12,1,False,10,3047,2670,4,1,0.22077453085851614,False,False,True,False,False,42,3.264337040268659,0.25,0.11598871691844656,False,False,True,False,2,1.003172305215593,0.6137567275250041,0.446448120045525,0.4450363289779798,0.0594386486692701,0.05342972001672739,0.11053654184004567,False,False,0.015877000987529755
pi05_spatial_500,p3,r6p3v2_pi05_sp_500_A_r2,r6p3v2_pi05_sp_500_A_r2:eval:2:0,1,2,0,14,1,False,10,2292,2374,5,1,0.18199046377256223,False,False,True,False,False,42,2.9959926745610206,0.25,0.11870388146230268,False,False,True,False,2,0.9126517241277934,0.6137567275250041,0.37467951179325193,0.41053942252870573,0.04927586018903508,0.04645670955904225,0.09373063227682986,False,False,0.015877000987529755
pi05_spatial_500,p3,r6p3v2_pi05_sp_500_A_r2,r6p3v2_pi05_sp_500_A_r2:eval:2:0,1,2,0,16,1,False,10,2294,2376,5,1,0.18199046377256223,False,False,True,False,False,42,2.9959926745610206,0.25,0.16589549997682854,False,False,True,False,2,0.8004679624001537,0.6137567275250041,0.28388029771436857,0.35464292270132963,0.0400323348197681,0.03315704963324372,0.07185208853456909,False,False,0.015877000987529755
pi05_spatial_500,p3,r6p3v2_pi05_sp_500_A_r2,r6p3v2_pi05_sp_500_A_r2:eval:2:0,1,2,0,18,1,False,4,2296,2378,5,1,0.18199046377256223,False,False,True,False,False,42,2.9959926745610206,0.25,0.15140086430040103,False,False,False,False,2,,0.6137567275250041,,,0.025598480392188955,0.0,0.025598480392188955,False,True,0.015877000987529755
pi05_spatial_500,p3,r6p3v2_pi05_sp_500_A_r2,r6p3v2_pi05_sp_500_A_r2:eval:2:1,1,2,1,0,1,False,10,3035,2177,0,0,0.5051548039065296,False,True,True,False,False,42,3.91172215413207,1.0,0.026713326955755907,False,False,True,False,2,1.6402649992747573,0.6137567275250041,0.1719490691260287,0.10483005441319294,0.008116276401336407,0.038929651796372894,0.047038915615658324,False,False,0.014481192920356989
pi05_spatial_500,p3,r6p3v2_pi05_sp_500_A_r2,r6p3v2_pi05_sp_500_A_r2:eval:2:1,1,2,1,2,1,False,10,2878,2816,1,0,0.42575867975660886,False,True,True,False,False,5,3.9002224239176795,0.5,0.04851617035454122,False,False,True,False,2,0.9436169419744124,0.6137567275250041,0.37893237512563155,0.40157436589974543,0.05307678550965392,0.05463942265079068,0.10553035275223531,False,False,0.014481192920356989
pi05_spatial_500,p3,r6p3v2_pi05_sp_500_A_r2,r6p3v2_pi05_sp_500_A_r2:eval:2:1,1,2,1,4,1,False,10,2880,2900,2,0,0.6115808917523138,True,True,True,False,True,5,4.071979820195588,0.2,0.08245151734991332,False,False,True,False,2,0.9844165115287843,0.6137567275250041,0.411623256651277,0.41813932601763476,0.055954977334622506,0.05107506606405307,0.10528618566039176,False,False,0.014481192920356989
pi05_spatial_500,p3,r6p3v2_pi05_sp_500_A_r2,r6p3v2_pi05_sp_500_A_r2:eval:2:1,1,2,1,6,1,False,10,2763,2703,2,0,0.6369170885105078,True,False,True,False,True,42,3.8588180319681573,0.25,0.08400297282618824,False,False,True,False,2,0.833479712367301,0.6137567275250041,0.30009469233571384,0.36005038620960095,0.040949640179120034,0.03507320778773005,0.07596675243708965,False,False,0.014481192920356989
pi05_spatial_500,p3,r6p3v2_pi05_sp_500_A_r2,r6p3v2_pi05_sp_500_A_r2:eval:2:1,1,2,1,8,1,False,10,2822,2822,2,1,0.5347733548090198,False,False,True,True,False,42,5.358940639747318,0.5,0.09819058612648274,False,False,True,False,2,1.0327867951648253,0.6137567275250041,0.045243197781675445,0.043806909609504605,0.01223611319426742,0.008718508989385906,0.013130431600006282,False,False,0.014481192920356989
pi05_spatial_500,p3,r6p3v2_pi05_sp_500_A_r2,r6p3v2_pi05_sp_500_A_r2:eval:2:1,1,2,1,10,1,False,10,2130,2866,4,1,0.6141694789589406,True,False,True,False,False,42,5.531864385827277,1.0,0.1400930436512114,False,False,True,False,2,0.7763262884071077,0.6137567275250041,0.31169502469628096,0.4015000256346172,0.027125214947180717,0.0519846915769314,0.0780820412085687,False,False,0.014481192920356989
pi05_spatial_500,p3,r6p3v2_pi05_sp_500_A_r2,r6p3v2_pi05_sp_500_A_r2:eval:2:1,1,2,1,12,1,False,10,3047,2601,4,1,0.22077453085851614,False,False,True,False,False,42,3.264337040268659,0.25,0.09771342688709614,False,False,True,False,2,1.0373517335233935,0.6137567275250041,0.46165920734619453,0.4450363289779798,0.06125973481472515,0.05422179861400729,0.11346099942484877,False,False,0.014481192920356989
pi05_spatial_500,p3,r6p3v2_pi05_sp_500_A_r2,r6p3v2_pi05_sp_500_A_r2:eval:2:1,1,2,1,14,1,False,10,3049,2374,5,1,0.10424336554686302,False,False,True,False,False,42,2.8532624232750865,0.2,0.1594562218501709,False,False,True,False,2,0.9343419862480622,0.6137567275250041,0.3685170096421581,0.3944134107918801,0.047778201478587884,0.047289466540886296,0.09300224521379297,False,False,0.014481192920356989
pi05_spatial_500,p3,r6p3v2_pi05_sp_500_A_r2,r6p3v2_pi05_sp_500_A_r2:eval:2:1,1,2,1,16,1,False,10,2395,3051,6,1,0.17360471953776138,False,False,True,False,False,42,2.9429796795964958,0.25,0.1683383500711189,False,False,True,False,2,0.8298033620456201,0.6137567275250041,0.2982245822623061,0.3593918702945802,0.04274008527913448,0.03442344162702019,0.07562616244042619,False,False,0.014481192920356989
pi05_spatial_500,p3,r6p3v2_pi05_sp_500_A_r2,r6p3v2_pi05_sp_500_A_r2:eval:2:1,1,2,1,18,1,False,6,2118,2377,6,1,0.1578814490975098,False,False,True,False,False,42,2.756880636226245,0.25,0.17064487676828588,False,False,False,False,2,,0.6137567275250041,,,0.033808363909393235,0.005732470302068638,0.039525558008623965,False,True,0.014481192920356989
pi05_spatial_500,p3,r6p3v2_pi05_sp_500_A_r2,r6p3v2_pi05_sp_500_A_r2:eval:3:0,1,3,0,0,1,False,10,3628,3342,0,0,0.5971769815418023,True,True,True,False,False,43,4.756184735036848,1.0,0.01805250401783292,False,False,True,False,1,1.1431561955231755,0.762086092106727,0.2752024547654368,0.2407391534448081,0.01967219399998801,0.057558471080252,0.07719515281501821,False,False,0.01773389521986246
pi05_spatial_500,p3,r6p3v2_pi05_sp_500_A_r2,r6p3v2_pi05_sp_500_A_r2:eval:3:0,1,3,0,2,1,False,10,3630,3630,1,0,0.36753528773072747,False,False,True,False,False,43,3.5014726074552502,0.3333333333333333,0.05453305018817864,False,False,True,False,1,1.019824438919509,0.762086092106727,0.41738356524974574,0.4092700168001056,0.060683136654308925,0.06068421686312461,0.12106646410754404,False,False,0.01773389521986246
pi05_spatial_500,p3,r6p3v2_pi05_sp_500_A_r2,r6p3v2_pi05_sp_500_A_r2:eval:3:0,1,3,0,4,1,False,10,3632,3211,2,0,0.5971769815418023,True,True,True,False,True,43,3.268447222342038,0.25,0.07969710962522704,False,False,True,False,1,0.9875830489180878,0.762086092106727,0.4727704791947748,0.47871465565625293,0.06497239900139146,0.06552307054418625,0.12822215398587536,False,False,0.01773389521986246
pi05_spatial_500,p3,r6p3v2_pi05_sp_500_A_r2,r6p3v2_pi05_sp_500_A_r2:eval:3:0,1,3,0,6,1,False,10,3634,3348,2,0,0.5971769815418023,True,True,True,False,True,43,3.268447222342038,0.25,0.08247133802224638,False,False,True,False,1,0.9702945882297274,0.762086092106727,0.4276416547263791,0.44073383476929223,0.05518476127980724,0.048164585479151936,0.1002362056109935,False,False,0.01773389521986246
pi05_spatial_500,p3,r6p3v2_pi05_sp_500_A_r2,r6p3v2_pi05_sp_500_A_r2:eval:3:0,1,3,0,8,1,False,10,3821,3350,3,1,0.44788273615635177,False,False,True,True,False,43,3.1182508119772847,0.5,0.14269695819910413,False,False,True,False,1,1.119651929373525,0.762086092106727,0.21518649721945793,0.19219052955132268,0.038870052512284016,0.015896218861527624,0.054047939584859116,False,False,0.01773389521986246
pi05_spatial_500,p3,r6p3v2_pi05_sp_500_A_r2,r6p3v2_pi05_sp_500_A_r2:eval:3:0,1,3,0,10,1,False,10,3555,3604,3,1,0.32084690553745926,False,False,True,False,False,43,2.827522424340059,0.3333333333333333,0.15008961722110384,False,False,True,False,1,1.0760087343103342,0.762086092106727,0.2994007152726756,0.278251194182523,0.017938932900171206,0.05309489790346736,0.07013031917791664,False,False,0.01773389521986246
pi05_spatial_500,p3,r6p3v2_pi05_sp_500_A_r2,r6p3v2_pi05_sp_500_A_r2:eval:3:0,1,3,0,12,1,False,10,3557,3890,4,1,0.3914223669923995,False,False,True,False,False,43,2.5388774107515863,0.5,0.06906463636413716,False,False,True,False,1,1.0401704275101682,0.762086092106727,0.44061581618956835,0.4235996376519377,0.06032064643124557,0.0502466254366464,0.10300818737809404,False,False,0.01773389521986246
pi05_spatial_500,p3,r6p3v2_pi05_sp_500_A_r2,r6p3v2_pi05_sp_500_A_r2:eval:3:0,1,3,0,14,1,False,10,3675,3892,5,1,0.2665580890336591,False,False,True,False,False,43,2.3413416234571462,0.3333333333333333,0.08956182010589914,False,False,True,False,1,1.040637442531214,0.762086092106727,0.48817937274956535,0.4691157100422344,0.06049880107493527,0.05934891330685753,0.11411121080882103,False,False,0.01773389521986246
pi05_spatial_500,p3,r6p3v2_pi05_sp_500_A_r2,r6p3v2_pi05_sp_500_A_r2:eval:3:0,1,3,0,16,1,False,4,3223,3139,5,1,0.2817589576547231,False,False,True,False,False,43,2.4777802807589424,0.3333333333333333,0.11088514314202914,False,False,False,False,1,,0.762086092106727,,,0.03409894179910412,0.0,0.03409894179910412,False,True,0.01773389521986246
pi05_spatial_500,p3,r6p3v2_pi05_sp_500_A_r2,r6p3v2_pi05_sp_500_A_r2:eval:3:1,1,3,1,0,1,False,10,3494,3529,0,0,0.6308360477741585,True,True,True,False,False,43,6.211880275111322,1.0,0.0193809672682078,False,False,True,False,1,1.0287074107619902,0.762086092106727,0.28835452520747556,0.2803076192421749,0.022832722062899574,0.058261035964720174,0.08105791563582104,False,False,0.015342672769394185
pi05_spatial_500,p3,r6p3v2_pi05_sp_500_A_r2,r6p3v2_pi05_sp_500_A_r2:eval:3:1,1,3,1,2,1,False,10,3309,3309,1,0,0.3968512486427796,False,False,True,False,False,43,3.9190397303612965,0.3333333333333333,0.0772886778926476,False,False,True,False,1,0.9999144523501515,0.762086092106727,0.4177299257762911,0.41776566464708903,0.060282571054795155,0.06098878096971132,0.12094269259752963,False,False,0.015342672769394185
pi05_spatial_500,p3,r6p3v2_pi05_sp_500_A_r2,r6p3v2_pi05_sp_500_A_r2:eval:3:1,1,3,1,4,1,False,10,3128,3632,2,0,0.5559174809989142,True,True,True,False,True,43,2.741423468854946,0.25,0.09166995789838485,False,False,True,False,1,0.9468359205024047,0.762086092106727,0.48000257418220715,0.506954334735749,0.06551251922152306,0.06570453014376373,0.12843001526906384,False,False,0.015342672769394185
pi05_spatial_500,p3,r6p3v2_pi05_sp_500_A_r2,r6p3v2_pi05_sp_500_A_r2:eval:3:1,1,3,1,6,1,False,10,3348,3484,2,0,0.6965255157437568,True,False,True,False,True,43,3.39339673106375,0.3333333333333333,0.08146122481302566,False,False,True,False,1,1.035202402672859,0.762086092106727,0.4285136017067762,0.413941853883229,0.05496729748769338,0.04794209394560729,0.10050473282384122,False,False,0.015342672769394185
pi05_spatial_500,p3,r6p3v2_pi05_sp_500_A_r2,r6p3v2_pi05_sp_500_A_r2:eval:3:1,1,3,1,8,1,False,10,3837,3619,2,0,0.5472312703583062,True,False,True,True,True,43,2.6821008729966147,0.25,0.1449448680718367,False,True,True,False,1,0.5789388176503605,0.762086092106727,0.18425623845999545,0.31826547614790207,0.03398851435396071,0.013448219216455703,0.04629805702710624,True,False,0.015342672769394185
pi05_spatial_500,p3,r6p3v2_pi05_sp_500_A_r2,r6p3v2_pi05_sp_500_A_r2:eval:3:1,1,3,1,10,1,False,10,3621,3539,4,1,0.255700325732899,False,False,True,False,False,43,2.265689083564749,0.3333333333333333,0.23758022438391974,False,False,True,False,1,1.0536917034178643,0.762086092106727,0.31021418745024015,0.2944069754407262,0.02000163815210473,0.053213423739737344,0.07261228429900451,False,False,0.015342672769394185
pi05_spatial_500,p3,r6p3v2_pi05_sp_500_A_r2,r6p3v2_pi05_sp_500_A_r2:eval:3:1,1,3,1,12,1,False,10,3185,3606,4,1,0.1981541802388708,False,False,True,False,False,43,1.9313535547366283,0.3333333333333333,0.17980416808551694,False,False,True,False,1,0.8974941535871122,0.762086092106727,0.43105540997652275,0.4802877080075418,0.059108125078206446,0.04965929847096441,0.1007693146525892,False,False,0.015342672769394185
pi05_spatial_500,p3,r6p3v2_pi05_sp_500_A_r2,r6p3v2_pi05_sp_500_A_r2:eval:3:1,1,3,1,14,1,False,10,3086,3608,5,1,0.3729641693811075,False,False,True,False,True,5,0.0,0.25,0.1380987339335275,False,False,True,False,1,1.0745770496101583,0.762086092106727,0.47816378325700015,0.4449785926755754,0.05901840264972886,0.05902632812407769,0.11178104521709681,False,False,0.015342672769394185
pi05_spatial_500,p3,r6p3v2_pi05_sp_500_A_r2,r6p3v2_pi05_sp_500_A_r2:eval:3:1,1,3,1,16,1,False,4,3845,3477,5,1,0.20901194353963085,False,False,True,False,False,43,1.9939208133168318,0.3333333333333333,0.1385799976695529,False,False,False,False,1,,0.762086092106727,,,0.03696587742768015,0.0,0.03696587742768015,False,True,0.015342672769394185
pi05_spatial_500,p3,r6p3v2_pi05_sp_500_A_r2,r6p3v2_pi05_sp_500_A_r2:eval:4:0,1,4,0,0,1,False,10,4969,4543,0,0,0.5798771121351766,True,True,True,False,False,43,6.205389938904875,1.0,0.01492563091379527,False,False,True,False,2,1.0744910031420454,0.6712602412021075,0.24267335730724454,0.22584959445692412,0.02097752931393071,0.05246262218780995,0.07343405722439153,False,False,0.013188750017434359
pi05_spatial_500,p3,r6p3v2_pi05_sp_500_A_r2,r6p3v2_pi05_sp_500_A_r2:eval:4:0,1,4,0,2,1,False,10,4621,4868,1,0,0.04685099846390169,False,False,True,False,False,4,2.3679685509770576,0.2,0.03408334264395259,False,False,True,False,2,1.0022350202590116,0.6712602412021075,0.38875609194114974,0.3878891518285621,0.06051611354886969,0.05842239868466358,0.11869566229125762,False,False,0.013188750017434359
pi05_spatial_500,p3,r6p3v2_pi05_sp_500_A_r2,r6p3v2_pi05_sp_500_A_r2:eval:4:0,1,4,0,4,1,False,10,4870,4870,1,0,0.21466973886328725,False,False,True,False,False,43,4.237214022576622,0.25,0.05212523723615455,False,False,True,False,2,0.9239551693689471,0.6712602412021075,0.289760339422907,0.31360865659836146,0.05023874540702312,0.04058019286491338,0.08866231867836108,False,False,0.013188750017434359
pi05_spatial_500,p3,r6p3v2_pi05_sp_500_A_r2,r6p3v2_pi05_sp_500_A_r2:eval:4:0,1,4,0,6,1,False,10,4549,5077,2,0,0.7753456221198157,True,True,True,False,True,43,6.140051951208582,0.3333333333333333,0.058716576403725594,False,False,True,False,2,0.9879651622741483,0.6712602412021075,0.24692393748540672,0.24993182645937098,0.03508083741245169,0.03838155642399057,0.06978916363489415,False,False,0.013188750017434359
pi05_spatial_500,p3,r6p3v2_pi05_sp_500_A_r2,r6p3v2_pi05_sp_500_A_r2:eval:4:0,1,4,0,8,1,False,10,3930,4551,3,0,0.8341013824884792,True,True,True,True,True,43,5.244308090437821,1.0,0.07888662765320774,False,False,True,False,2,2.396295620935389,0.6712602412021075,0.04970568229908932,0.020742717160951454,0.018052599767020203,0.006380715934561816,0.015709476982837627,False,False,0.013188750017434359
pi05_spatial_500,p3,r6p3v2_pi05_sp_500_A_r2,r6p3v2_pi05_sp_500_A_r2:eval:4:0,1,4,0,10,1,False,10,4451,4322,3,1,0.5026881720430108,True,True,True,True,False,43,6.29177660345217,0.5,0.14349947900633736,False,False,True,False,2,1.0161108068512643,0.6712602412021075,0.16747422971804637,0.16481886482146316,0.012037225325812473,0.038671786029110165,0.04930958501820055,False,False,0.013188750017434359
pi05_spatial_500,p3,r6p3v2_pi05_sp_500_A_r2,r6p3v2_pi05_sp_500_A_r2:eval:4:0,1,4,0,12,1,False,10,3934,4428,6,1,0.3728878648233487,False,False,True,False,False,43,5.972709806894924,0.25,0.09388673383614987,False,False,True,False,2,0.9831099774050646,0.6712602412021075,0.395828627807588,0.4026290414144553,0.059334716738590865,0.05729702675124355,0.11544541852234282,False,False,0.013188750017434359
pi05_spatial_500,p3,r6p3v2_pi05_sp_500_A_r2,r6p3v2_pi05_sp_500_A_r2:eval:4:0,1,4,0,14,1,False,10,4326,3936,5,1,0.34792626728110604,False,False,True,False,False,43,6.559586914865205,0.2,0.07771061376233158,False,False,True,False,2,0.9269542352385381,0.6712602412021075,0.2881196123363023,0.3108239882653526,0.05120473037049906,0.052565464284266006,0.10177705998144139,False,False,0.013188750017434359
pi05_spatial_500,p3,r6p3v2_pi05_sp_500_A_r2,r6p3v2_pi05_sp_500_A_r2:eval:4:0,1,4,0,16,1,False,10,4833,3938,5,1,0.15629800307219663,False,True,True,False,False,43,4.399437999526032,0.16666666666666666,0.08086892399315682,False,False,True,False,2,0.9781542812401371,0.6712602412021075,0.35014105999656053,0.35796097477857974,0.056845345137797904,0.06351711280764047,0.1188794338594572,False,False,0.013188750017434359
pi05_spatial_500,p3,r6p3v2_pi05_sp_500_A_r2,r6p3v2_pi05_sp_500_A_r2:eval:4:0,1,4,0,18,1,False,10,4835,4835,5,1,0.15629800307219663,False,False,True,False,False,43,4.399437999526032,0.16666666666666666,0.07685937785413013,False,False,True,False,2,0.9831058193292985,0.6712602412021075,0.4216145847648456,0.42885982004712625,0.06521441985041485,0.06015328798809693,0.12386351025036346,False,False,0.013188750017434359
pi05_spatial_500,p3,r6p3v2_pi05_sp_500_A_r2,r6p3v2_pi05_sp_500_A_r2:eval:4:0,1,4,0,20,1,False,10,4461,4614,6,1,0.23886328725038405,False,False,True,False,False,43,5.127812129331004,0.2,0.12879762897899666,False,False,True,False,2,1.0502649833968605,0.6712602412021075,0.3470069824099875,0.3303994590847603,0.05500201668282183,0.04422157255652374,0.09893447909353054,False,False,0.013188750017434359
pi05_spatial_500,p3,r6p3v2_pi05_sp_500_A_r2,r6p3v2_pi05_sp_500_A_r2:eval:4:0,1,4,0,22,1,False,9,4839,4839,6,1,0.37019969278033793,False,False,True,False,False,43,3.879433875223755,1.0,0.12957175511616564,False,False,False,False,2,,0.6712602412021075,,,0.03423660826716125,0.02216043127101849,0.05628486299524875,False,True,0.013188750017434359
pi05_spatial_500,p3,r6p3v2_pi05_sp_500_A_r2,r6p3v2_pi05_sp_500_A_r2:eval:4:1,1,4,1,0,1,False,10,4390,4390,0,0,0.6113671274961597,True,True,True,False,False,43,8.729722007482103,1.0,0.022586567330558527,False,False,True,False,2,1.0239001514480228,0.6712602412021075,0.24763902962417808,0.24185857309813008,0.020465258841850714,0.05377515122049948,0.0742358924264278,False,False,0.013180567683385951
pi05_spatial_500,p3,r6p3v2_pi05_sp_500_A_r2,r6p3v2_pi05_sp_500_A_r2:eval:4:1,1,4,1,2,1,False,10,4339,4339,1,0,0.2054531490015361,False,False,True,False,False,43,4.147988671535354,0.25,0.06239835605640232,False,False,True,False,2,1.004150968830704,0.6712602412021075,0.38986186296922626,0.38825024829006116,0.060146597295902327,0.057484904434957323,0.11739766773351819,False,False,0.013180567683385951
pi05_spatial_500,p3,r6p3v2_pi05_sp_500_A_r2,r6p3v2_pi05_sp_500_A_r2:eval:4:1,1,4,1,4,1,False,10,4341,4103,1,0,0.2054531490015361,False,False,True,False,False,43,4.147988671535354,0.25,0.07134362700974065,False,False,True,False,2,0.9685520298358004,0.6712602412021075,0.2981160752972285,0.307795622861653,0.05074210500595814,0.041788275059702805,0.09195859061754084,False,False,0.013180567683385951
pi05_spatial_500,p3,r6p3v2_pi05_sp_500_A_r2,r6p3v2_pi05_sp_500_A_r2:eval:4:1,1,4,1,6,1,False,10,4029,4396,2,0,0.1801075268817204,False,False,True,False,False,4,3.016374817535509,0.3333333333333333,0.03226381213301012,False,False,True,False,2,0.9615561211634479,0.6712602412021075,0.2529138689463649,0.26302559297355244,0.04052500689265489,0.037948460030281586,0.07563137085805023,False,False,0.013180567683385951
pi05_spatial_500,p3,r6p3v2_pi05_sp_500_A_r2,r6p3v2_pi05_sp_500_A_r2:eval:4:1,1,4,1,8,1,False,10,5028,4345,2,0,0.1609062980030722,False,False,True,False,False,43,3.605008508815812,0.25,0.06060269927649197,False,False,True,False,2,1.0177961515852705,0.6712602412021075,0.23842770400180394,0.2342587989062843,0.03347521992179379,0.0356037830238924,0.0682283209075069,False,False,0.013180567683385951
pi05_spatial_500,p3,r6p3v2_pi05_sp_500_A_r2,r6p3v2_pi05_sp_500_A_r2:eval:4:1,1,4,1,10,1,False,10,5030,4400,3,0,0.7891705069124425,True,False,True,True,True,43,5.666832014312728,0.5,0.10366600782919567,False,False,True,False,2,0.9839284042886826,0.6712602412021075,0.15609397621625798,0.15864363254062572,0.044528056390658995,0.010833546840464543,0.04549209807906713,False,False,0.013180567683385951
pi05_spatial_500,p3,r6p3v2_pi05_sp_500_A_r2,r6p3v2_pi05_sp_500_A_r2:eval:4:1,1,4,1,12,1,False,10,4979,4979,3,1,0.4343317972350231,False,False,True,True,False,43,5.441622924167716,0.5,0.16571422869018398,False,False,True,False,2,0.9097714187606653,0.6712602412021075,0.09983869590246483,0.10974041813543664,0.007619473483047582,0.022707572119954552,0.030209888111716977,False,False,0.013180567683385951
pi05_spatial_500,p3,r6p3v2_pi05_sp_500_A_r2,r6p3v2_pi05_sp_500_A_r2:eval:4:1,1,4,1,14,1,False,10,4172,4630,7,1,0.47427035330261136,True,False,True,False,False,43,5.8859097522225285,0.5,0.13333886194993047,False,False,True,False,2,0.9813542273503343,0.6712602412021075,0.3814200405744618,0.38866703779765593,0.05032212845012028,0.060097016572323136,0.11000863299892129,False,False,0.013180567683385951
pi05_spatial_500,p3,r6p3v2_pi05_sp_500_A_r2,r6p3v2_pi05_sp_500_A_r2:eval:4:1,1,4,1,16,1,False,10,4983,4632,4,1,0.28264208909370203,False,False,True,False,False,43,5.583722718855053,0.2,0.1319708202136649,False,False,True,False,2,1.0624471217707943,0.6712602412021075,0.30583351744818976,0.2878576365649644,0.05536479578604708,0.05081620858844244,0.10174499324788389,False,False,0.013180567683385951
pi05_spatial_500,p3,r6p3v2_pi05_sp_500_A_r2,r6p3v2_pi05_sp_500_A_r2:eval:4:1,1,4,1,18,1,False,10,4227,4985,6,1,0.4942396313364055,True,True,True,False,False,43,6.155505610493098,0.5,0.10680179477206109,False,False,True,False,2,1.018695778004949,0.6712602412021075,0.3309518070952556,0.32487796086031073,0.0543167821340627,0.06204573479606388,0.11492224774738036,False,False,0.013180567683385951
pi05_spatial_500,p3,r6p3v2_pi05_sp_500_A_r2,r6p3v2_pi05_sp_500_A_r2:eval:4:1,1,4,1,20,1,False,10,4229,4987,7,1,0.21236559139784947,False,False,True,False,False,43,5.127108183716057,0.16666666666666666,0.10973602722472404,False,False,True,False,2,1.0309842756273688,0.6712602412021075,0.4153884691673592,0.4029047571211397,0.0661376780585908,0.061334673202739894,0.12528435999167278,False,False,0.013180567683385951
pi05_spatial_500,p3,r6p3v2_pi05_sp_500_A_r2,r6p3v2_pi05_sp_500_A_r2:eval:4:1,1,4,1,22,1,False,10,4663,4737,8,1,0.1578341013824885,False,False,True,False,False,43,3.5571412594629916,0.25,0.06847604737910956,False,False,True,False,2,0.964055053926192,0.6712602412021075,0.3806417136734189,0.39483400053059714,0.058701309020723375,0.050103192915028676,0.10854658527069319,False,False,0.013180567683385951
pi05_spatial_500,p3,r6p3v2_pi05_sp_500_A_r2,r6p3v2_pi05_sp_500_A_r2:eval:4:1,1,4,1,24,1,False,10,4739,5189,8,1,0.2515360983102919,False,False,True,False,False,43,4.571372796173521,0.25,0.11596725829747062,False,False,False,False,2,,0.6712602412021075,0.2523469571368314,,0.03919929685321349,0.03334765025513143,0.07237451383503032,False,False,0.013180567683385951
pi05_spatial_500,p3,r6p3v2_pi05_sp_500_A_r2,r6p3v2_pi05_sp_500_A_r2:eval:4:1,1,4,1,26,1,False,1,4235,5191,7,1,0.21236559139784947,False,False,True,False,False,43,5.127108183716057,0.16666666666666666,0.11349307952605432,False,False,False,False,2,,0.6712602412021075,,,0.005335730136935009,0.0,0.005335730136935009,False,True,0.013180567683385951
pi05_spatial_500,p3,r6p3v2_pi05_sp_500_A_r2,r6p3v2_pi05_sp_500_A_r2:eval:5:0,1,5,0,0,1,False,10,5896,6198,0,0,0.4816250742721331,False,False,True,False,False,41,3.8256088119014415,1.0,0.01274721969315878,False,False,True,False,2,0.8866716688041724,0.5805091758624843,0.369338758769559,0.4165451223536613,0.017776465553662243,0.051026106235696485,0.06866122988186672,False,False,0.016206293366849422
pi05_spatial_500,p3,r6p3v2_pi05_sp_500_A_r2,r6p3v2_pi05_sp_500_A_r2:eval:5:0,1,5,0,2,1,False,10,5446,5265,2,0,0.7229055258467024,True,True,True,False,True,41,4.75684787224013,0.25,0.08894895224041181,False,False,True,False,2,0.9858508446335628,0.5805091758624843,0.5399408303856489,0.5476901838901836,0.05730092130434022,0.05547330639905584,0.1072133197877696,False,False,0.016206293366849422
pi05_spatial_500,p3,r6p3v2_pi05_sp_500_A_r2,r6p3v2_pi05_sp_500_A_r2:eval:5:0,1,5,0,4,1,False,10,6052,6202,2,0,0.684521687462864,True,True,True,False,True,41,4.424661402551182,0.25,0.09565948018829974,False,False,True,False,2,0.9720747743450006,0.5805091758624843,0.5166185117008827,0.5314596421339999,0.05850146236339247,0.057982212317627936,0.11481463970715498,False,False,0.016206293366849422
pi05_spatial_500,p3,r6p3v2_pi05_sp_500_A_r2,r6p3v2_pi05_sp_500_A_r2:eval:5:0,1,5,0,6,1,False,10,6108,6054,3,1,0.4658793820558526,False,True,True,True,False,41,4.314193346259115,0.5,0.08863583188368451,False,False,True,False,2,1.1209101013400944,0.5805091758624843,0.17585227901665515,0.15688348138393657,0.03758927107783812,0.003407357407607966,0.04094209386422702,False,False,0.016206293366849422
pi05_spatial_500,p3,r6p3v2_pi05_sp_500_A_r2,r6p3v2_pi05_sp_500_A_r2:eval:5:0,1,5,0,8,1,False,10,6038,6056,4,1,0.2225935828877005,False,True,True,True,False,41,3.962637555243334,0.16666666666666666,0.10110105990464524,False,False,True,False,2,1.1944111391387935,0.5805091758624843,0.13183785546211302,0.11037895674446915,0.0037546590953508145,0.025122136319144103,0.028655912439800427,False,False,0.016206293366849422
pi05_spatial_500,p3,r6p3v2_pi05_sp_500_A_r2,r6p3v2_pi05_sp_500_A_r2:eval:5:0,1,5,0,10,1,False,10,5202,6058,4,1,0.26804812834224595,False,False,True,False,False,41,4.341220465863862,0.16666666666666666,0.11364905940907065,False,False,True,False,2,0.8923425952383273,0.5805091758624843,0.420100633770544,0.4707840195147732,0.04156815657597078,0.05310316788835923,0.0938089523349463,False,False,0.016206293366849422
pi05_spatial_500,p3,r6p3v2_pi05_sp_500_A_r2,r6p3v2_pi05_sp_500_A_r2:eval:5:0,1,5,0,12,1,False,10,5204,6060,4,1,0.26804812834224595,False,False,True,False,False,41,4.341220465863862,0.16666666666666666,0.11622893432580403,False,False,True,False,2,1.0486802289845596,0.5805091758624843,0.40060627151716777,0.382009940155996,0.05185868448531899,0.05215343735962354,0.10236041007059855,False,False,0.016206293366849422
pi05_spatial_500,p3,r6p3v2_pi05_sp_500_A_r2,r6p3v2_pi05_sp_500_A_r2:eval:5:0,1,5,0,14,1,False,10,5206,5652,5,1,0.23805704099821745,False,False,True,False,False,41,3.5724938266232025,0.25,0.10271613961452865,False,False,True,False,2,0.8031015545732996,0.5805091758624843,0.41913815015763234,0.5218993136930572,0.054429793828742884,0.06203636847831022,0.11214084401978927,False,False,0.016206293366849422
pi05_spatial_500,p3,r6p3v2_pi05_sp_500_A_r2,r6p3v2_pi05_sp_500_A_r2:eval:5:0,1,5,0,16,1,False,10,5207,5848,5,1,0.23805704099821745,False,False,True,False,False,41,3.5724938266232025,0.25,0.16550804469571295,False,False,True,False,2,0.8981206436282361,0.5805091758624843,0.4542365731407366,0.5057634253965119,0.06075519329394312,0.04606705509716347,0.10170285819329841,False,False,0.016206293366849422
pi05_spatial_500,p3,r6p3v2_pi05_sp_500_A_r2,r6p3v2_pi05_sp_500_A_r2:eval:5:0,1,5,0,18,1,False,7,5480,5616,6,1,0.3057338086749852,False,False,True,False,False,41,4.047829888473687,0.25,0.13207472406005524,False,False,False,False,2,,0.5805091758624843,,,0.051411699583949484,0.02012482080871276,0.071467520550691,False,True,0.016206293366849422
pi05_spatial_500,p3,r6p3v2_pi05_sp_500_A_r2,r6p3v2_pi05_sp_500_A_r2:eval:5:1,1,5,1,0,1,False,10,5852,5639,1,0,0.27800059417706474,False,False,True,False,False,41,2.9130577153830743,0.5,0.0177544230900429,False,False,True,False,2,0.6943265327974453,0.5805091758624843,0.37717569949556484,0.5432252429932671,0.019004722868312538,0.052102401979353424,0.07104816101503426,False,False,0.02107599801901314
pi05_spatial_500,p3,r6p3v2_pi05_sp_500_A_r2,r6p3v2_pi05_sp_500_A_r2:eval:5:1,1,5,1,2,1,False,10,5464,5536,1,0,0.33052584670231727,False,True,True,False,False,41,3.348305597097711,0.5,0.06422980738937399,False,False,True,False,2,1.0297866731674281,0.5805091758624843,0.5247227478995894,0.5095450946997031,0.05600549584321949,0.055644289496870385,0.10553179963004651,False,False,0.02107599801901314
pi05_spatial_500,p3,r6p3v2_pi05_sp_500_A_r2,r6p3v2_pi05_sp_500_A_r2:eval:5:1,1,5,1,4,1,False,10,6052,5538,2,0,0.684521687462864,True,True,True,False,True,41,4.424661402551182,0.25,0.07590587441414763,False,False,True,False,2,0.9701080079280008,0.5805091758624843,0.5155732547247428,0.5314596421339999,0.05923069218098046,0.05763081630084601,0.11529643601013244,False,False,0.02107599801901314
pi05_spatial_500,p3,r6p3v2_pi05_sp_500_A_r2,r6p3v2_pi05_sp_500_A_r2:eval:5:1,1,5,1,6,1,False,10,6054,6054,2,0,0.684521687462864,True,True,True,True,True,41,4.424661402551182,0.25,0.10406649598054883,False,False,True,False,2,0.9235990432297481,0.5805091758624843,0.1775409667139769,0.19222731770393686,0.03419152878733093,0.008496136715054859,0.04223535734769894,False,False,0.02107599801901314
pi05_spatial_500,p3,r6p3v2_pi05_sp_500_A_r2,r6p3v2_pi05_sp_500_A_r2:eval:5:1,1,5,1,8,1,False,10,5201,5841,4,1,0.26804812834224595,False,False,True,False,False,41,4.341220465863862,0.16666666666666666,0.13315739252595923,False,False,True,False,2,0.7291190360783404,0.5805091758624843,0.24874999529497985,0.34116513626212996,0.014857408562963434,0.03960093754626586,0.054224979312192945,False,False,0.02107599801901314
pi05_spatial_500,p3,r6p3v2_pi05_sp_500_A_r2,r6p3v2_pi05_sp_500_A_r2:eval:5:1,1,5,1,10,1,False,10,5843,5843,4,1,0.32104872251931077,False,False,True,False,False,41,4.5811089359494925,0.2,0.1306497577787928,False,False,True,False,2,1.013300949435069,0.5805091758624843,0.4473252191862204,0.4414534689182036,0.056437177767578915,0.05207610430069453,0.10615317495849956,False,False,0.02107599801901314
pi05_spatial_500,p3,r6p3v2_pi05_sp_500_A_r2,r6p3v2_pi05_sp_500_A_r2:eval:5:1,1,5,1,12,1,False,10,5510,5845,4,1,0.36128936423054075,False,False,True,False,False,41,4.465817661785726,0.25,0.0798197555377203,False,False,True,False,2,1.0520436588094968,0.5805091758624843,0.39278390175394684,0.37335323345651367,0.05301659884071302,0.05454008945820253,0.10563613648216966,False,False,0.02107599801901314
pi05_spatial_500,p3,r6p3v2_pi05_sp_500_A_r2,r6p3v2_pi05_sp_500_A_r2:eval:5:1,1,5,1,14,1,False,10,5847,5653,5,1,0.3138146167557932,False,False,True,False,False,41,4.104443085694205,0.25,0.10535969288776689,False,False,True,False,2,0.9230662617557001,0.5805091758624843,0.5175186448452462,0.5606516739772398,0.06472179998418469,0.0633820880050579,0.12580893119712439,False,False,0.02107599801901314
pi05_spatial_500,p3,r6p3v2_pi05_sp_500_A_r2,r6p3v2_pi05_sp_500_A_r2:eval:5:1,1,5,1,16,1,False,10,5208,5318,5,1,0.23805704099821745,False,False,True,False,False,41,3.5724938266232025,0.25,0.11322362494786309,False,False,False,False,2,,0.5805091758624843,,0.41723489689289706,0.0477832068206281,0.04961316465531432,0.09262115263928995,False,True,0.02107599801901314
pi05_spatial_500,p3,r6p3v2_pi05_sp_500_A_r2,r6p3v2_pi05_sp_500_A_r2:eval:6:0,1,6,0,0,1,False,10,6408,6509,0,0,0.4906367041198501,False,True,True,False,False,49,4.521320990295467,0.5,0.014118649876178056,False,False,True,False,2,1.040118024190698,0.7358285614820921,0.22831435417005888,0.21950812202077477,0.024131089170868168,0.05294808912620332,0.0770679871161622,False,False,0.01707645556466146
pi05_spatial_500,p3,r6p3v2_pi05_sp_500_A_r2,r6p3v2_pi05_sp_500_A_r2:eval:6:0,1,6,0,2,1,False,10,7147,6511,1,0,0.29353932584269665,False,False,True,False,False,49,4.340538911175454,0.2,0.0675832886187708,False,False,True,False,2,0.9742211154370004,0.7358285614820921,0.3558185579584301,0.3652338799891673,0.05848370487046697,0.06058235397977693,0.11886149248385182,False,False,0.01707645556466146
pi05_spatial_500,p3,r6p3v2_pi05_sp_500_A_r2,r6p3v2_pi05_sp_500_A_r2:eval:6:0,1,6,0,4,1,False,10,7149,6957,1,0,0.29353932584269665,False,False,True,False,False,49,4.340538911175454,0.2,0.07532698087054945,False,False,True,False,2,0.8896230946664676,0.7358285614820921,0.4041170599232132,0.45425648496088383,0.06311200027027014,0.06306520333537807,0.12571405943818756,False,False,0.01707645556466146
pi05_spatial_500,p3,r6p3v2_pi05_sp_500_A_r2,r6p3v2_pi05_sp_500_A_r2:eval:6:0,1,6,0,6,1,False,10,7067,7190,3,0,0.6109550561797753,True,False,True,False,True,49,4.479818609730401,0.16666666666666666,0.09785841169426343,False,False,True,False,2,1.3194420166268774,0.7358285614820921,0.35026371183222627,0.26546351216529185,0.05503853855953801,0.04250624001097763,0.09543299335531123,False,False,0.01707645556466146
pi05_spatial_500,p3,r6p3v2_pi05_sp_500_A_r2,r6p3v2_pi05_sp_500_A_r2:eval:6:0,1,6,0,8,1,False,10,7152,6268,2,0,0.6516853932584269,True,True,True,False,True,49,4.206615568777231,0.25,0.08260248260629623,False,False,True,False,2,0.8457509478037096,0.7358285614820921,0.2542417505909093,0.3006106599716354,0.03639331455987039,0.028842175650088883,0.06473129178550227,False,False,0.01707645556466146
pi05_spatial_500,p3,r6p3v2_pi05_sp_500_A_r2,r6p3v2_pi05_sp_500_A_r2:eval:6:0,1,6,0,10,1,False,10,6457,7116,2,0,0.6835205992509362,True,True,True,True,True,49,4.7109823834868925,0.25,0.09068789546337669,False,False,True,False,2,0.7529566335545448,0.7358285614820921,0.07895995346246189,0.10486653539355792,0.020835778489431203,0.007775218847848223,0.023713314710059084,False,False,0.01707645556466146
pi05_spatial_500,p3,r6p3v2_pi05_sp_500_A_r2,r6p3v2_pi05_sp_500_A_r2:eval:6:0,1,6,0,12,1,False,10,7176,7176,3,1,0.3295880149812734,False,False,True,False,False,49,3.1155596164103816,0.5,0.17363370875186374,False,False,True,False,2,0.9616044501631096,0.7358285614820921,0.41188744861019916,0.4283335508070224,0.04277211748272603,0.06349859896855768,0.10522680288918725,False,False,0.01707645556466146
pi05_spatial_500,p3,r6p3v2_pi05_sp_500_A_r2,r6p3v2_pi05_sp_500_A_r2:eval:6:0,1,6,0,14,1,False,10,6884,6607,4,1,0.23923220973782774,False,False,True,False,False,49,2.9983317026131844,0.3333333333333333,0.0729609876530618,False,False,True,False,2,0.9615199415965068,0.7358285614820921,0.3685491728374791,0.38329852236401923,0.053857617825802374,0.04907864990373948,0.09949859989938259,False,False,0.01707645556466146
pi05_spatial_500,p3,r6p3v2_pi05_sp_500_A_r2,r6p3v2_pi05_sp_500_A_r2:eval:6:0,1,6,0,16,1,False,10,6609,6609,6,1,0.24297752808988768,False,False,True,False,False,49,3.0507909051636926,0.3333333333333333,0.07784661276355524,False,False,True,False,2,0.9722270918730282,0.7358285614820921,0.3815576940934727,0.39245737676203707,0.051523425696400796,0.05173900753661156,0.10225435626625874,False,False,0.01707645556466146
pi05_spatial_500,p3,r6p3v2_pi05_sp_500_A_r2,r6p3v2_pi05_sp_500_A_r2:eval:6:0,1,6,0,18,1,False,10,6611,6611,7,1,0.25983146067415736,False,False,True,False,False,49,3.2472166669327946,0.3333333333333333,0.12650332152811092,False,False,True,False,2,0.9820964218518167,0.7358285614820921,0.3569695048061758,0.3634770444770412,0.050601199164597786,0.044773615786443274,0.09227686250658232,False,False,0.01707645556466146
pi05_spatial_500,p3,r6p3v2_pi05_sp_500_A_r2,r6p3v2_pi05_sp_500_A_r2:eval:6:0,1,6,0,20,1,False,4,7183,6613,5,1,0.1858614232209738,False,False,True,False,False,49,2.5003368859172506,0.3333333333333333,0.1088431903825751,False,False,False,False,2,,0.7358285614820921,,,0.02908782659256145,0.0,0.02908782659256145,False,True,0.01707645556466146
pi05_spatial_500,p3,r6p3v2_pi05_sp_500_A_r2,r6p3v2_pi05_sp_500_A_r2:eval:6:1,1,6,1,0,1,False,10,6469,7165,0,0,0.5945692883895131,True,False,True,False,False,49,5.572038221752938,1.0,0.018276838645499983,False,False,True,False,2,0.8900034098618617,0.7358285614820921,0.2366028659793866,0.2658448982977604,0.02656142419752037,0.053274511225812185,0.07979445957555305,False,False,0.016254698857665062
pi05_spatial_500,p3,r6p3v2_pi05_sp_500_A_r2,r6p3v2_pi05_sp_500_A_r2:eval:6:1,1,6,1,2,1,False,10,6471,6663,1,0,0.5159176029962547,True,False,True,False,True,49,3.811904353623508,0.14285714285714285,0.05609845766804997,False,False,True,False,2,0.8678964943531452,0.7358285614820921,0.3565195294760879,0.4107857697268459,0.05824997109742924,0.06046070483095984,0.11857389350241944,False,False,0.016254698857665062
pi05_spatial_500,p3,r6p3v2_pi05_sp_500_A_r2,r6p3v2_pi05_sp_500_A_r2:eval:6:1,1,6,1,4,1,False,10,7149,7169,1,0,0.29353932584269665,False,False,True,False,False,49,4.340538911175454,0.2,0.05135972764979612,False,False,True,False,2,0.9282288107885764,0.7358285614820921,0.4216539568282401,0.45425648496088383,0.06480771244894794,0.06367805192143028,0.1276248098018135,False,False,0.016254698857665062
pi05_spatial_500,p3,r6p3v2_pi05_sp_500_A_r2,r6p3v2_pi05_sp_500_A_r2:eval:6:1,1,6,1,6,1,False,10,7151,6352,2,0,0.6516853932584269,True,True,True,False,True,49,4.206615568777231,0.25,0.06552119800246939,False,False,True,False,2,0.9615540330663385,0.7358285614820921,0.3315574514196496,0.3448141654217108,0.04879764726871197,0.039975144541423646,0.0863607635493729,False,False,0.016254698857665062
pi05_spatial_500,p3,r6p3v2_pi05_sp_500_A_r2,r6p3v2_pi05_sp_500_A_r2:eval:6:1,1,6,1,8,1,False,10,6395,6354,3,0,0.8436329588014981,True,True,True,False,True,49,4.899272259365663,0.5,0.07952882553369747,False,False,True,False,2,0.9166463751123424,0.7358285614820921,0.26285360417211273,0.28675573406363813,0.041694291638681304,0.026971281801824988,0.06829625789596794,False,False,0.016254698857665062
pi05_spatial_500,p3,r6p3v2_pi05_sp_500_A_r2,r6p3v2_pi05_sp_500_A_r2:eval:6:1,1,6,1,10,1,False,10,6458,7050,3,1,0.45786516853932585,False,False,True,True,False,49,4.139645756028505,0.5,0.10502676713843333,False,False,True,False,2,1.431693355426784,0.7358285614820921,0.0939597823400383,0.06562842663471685,0.009017782548276159,0.016709242110562728,0.02392141449697926,False,False,0.016254698857665062
pi05_spatial_500,p3,r6p3v2_pi05_sp_500_A_r2,r6p3v2_pi05_sp_500_A_r2:eval:6:1,1,6,1,12,1,False,10,6863,7219,4,1,0.3417602996254681,False,False,True,False,False,49,3.2917330816126205,0.5,0.14926542464239173,False,False,True,False,2,1.0013964377571687,0.7358285614820921,0.4218900367470226,0.4213017151248623,0.04723772715980764,0.06184962642689874,0.1073782421179244,False,False,0.016254698857665062
pi05_spatial_500,p3,r6p3v2_pi05_sp_500_A_r2,r6p3v2_pi05_sp_500_A_r2:eval:6:1,1,6,1,14,1,False,10,6865,6607,5,1,0.19241573033707868,False,False,True,False,False,49,2.5937531784715535,0.3333333333333333,0.13625141699639545,False,False,True,False,2,0.9318328908540382,0.7358285614820921,0.36868277048472303,0.39565331306004875,0.05179519775397425,0.05069808617944614,0.09945946715874097,False,False,0.016254698857665062
pi05_spatial_500,p3,r6p3v2_pi05_sp_500_A_r2,r6p3v2_pi05_sp_500_A_r2:eval:6:1,1,6,1,16,1,False,10,6484,6484,6,1,0.18960674157303373,False,False,True,False,False,49,2.5637754730876035,0.3333333333333333,0.1568940901468117,False,False,True,False,2,0.9776680983657958,0.7358285614820921,0.4057156803018687,0.41498304074770953,0.05424792979722691,0.05574508293042657,0.1080740714094847,False,False,0.016254698857665062
pi05_spatial_500,p3,r6p3v2_pi05_sp_500_A_r2,r6p3v2_pi05_sp_500_A_r2:eval:6:1,1,6,1,18,1,False,8,6486,6486,6,1,0.18960674157303373,False,False,True,False,False,49,2.5637754730876035,0.3333333333333333,0.11050838097985463,False,False,False,False,2,,0.7358285614820921,,,0.049802176033281506,0.02437352353009539,0.07303983844892065,False,True,0.016254698857665062
pi05_spatial_500,p3,r6p3v2_pi05_sp_500_A_r2,r6p3v2_pi05_sp_500_A_r2:eval:7:0,1,7,0,0,1,False,10,7945,7779,0,0,0.3665675160568904,False,False,True,False,False,41,3.954035191328113,1.0,0.02917416465843041,False,False,True,False,2,1.1884632397317174,0.644949401716119,0.1693249132778125,0.14247383311244505,0.015841404399860815,0.03754093470020938,0.053050263076760036,False,False,0.013439333997666836
pi05_spatial_500,p3,r6p3v2_pi05_sp_500_A_r2,r6p3v2_pi05_sp_500_A_r2:eval:7:0,1,7,0,2,1,False,10,7947,8281,1,0,0.2572550704520166,False,True,True,False,False,41,3.2725214745475926,0.5,0.05570813358382512,False,False,True,False,2,1.0986089847622034,0.644949401716119,0.43299148666945714,0.39412702123784216,0.04688978956174091,0.05712712705200364,0.10269911884463291,False,False,0.013439333997666836
pi05_spatial_500,p3,r6p3v2_pi05_sp_500_A_r2,r6p3v2_pi05_sp_500_A_r2:eval:7:0,1,7,0,4,1,False,10,8382,7531,1,0,0.6644743365171696,True,True,True,False,True,41,7.359085126366946,0.2,0.05658975858940461,False,False,True,False,2,1.0273611195835233,0.644949401716119,0.42042240065318937,0.40922553193722405,0.05789633408730422,0.0473317793376205,0.1049079483716891,False,False,0.013439333997666836
pi05_spatial_500,p3,r6p3v2_pi05_sp_500_A_r2,r6p3v2_pi05_sp_500_A_r2:eval:7:0,1,7,0,6,1,False,10,8384,8285,2,1,0.9070374899472299,True,False,True,True,True,41,7.32404190841226,1.0,0.047908529595937686,False,False,True,False,2,0.660561315875233,0.644949401716119,0.022422855158165087,0.03394515334046646,0.007677335238380063,0.00329816441694083,0.0060242594177315496,False,False,0.013439333997666836
pi05_spatial_500,p3,r6p3v2_pi05_sp_500_A_r2,r6p3v2_pi05_sp_500_A_r2:eval:7:0,1,7,0,8,1,False,10,8386,8287,3,1,0.385882054841304,False,False,True,False,False,41,5.9871876339309695,0.3333333333333333,0.0666235487028297,False,False,True,False,2,1.704972040004573,0.644949401716119,0.1772722518709671,0.10397370027868119,0.011678781453217362,0.03427755061017454,0.04487718034755935,False,False,0.013439333997666836
pi05_spatial_500,p3,r6p3v2_pi05_sp_500_A_r2,r6p3v2_pi05_sp_500_A_r2:eval:7:0,1,7,0,10,1,False,10,8073,7642,4,1,0.44350398254949264,False,False,True,False,False,3,6.184413538446458,0.5,0.09612598927772405,False,False,True,False,2,1.3350825918642657,0.644949401716119,0.39596292466391586,0.29658309311861086,0.04744866390315036,0.06265989556371987,0.1099671473003849,False,False,0.013439333997666836
pi05_spatial_500,p3,r6p3v2_pi05_sp_500_A_r2,r6p3v2_pi05_sp_500_A_r2:eval:7:0,1,7,0,12,1,False,10,7644,7540,4,1,0.2578709059060713,False,False,True,False,False,41,4.883506084986381,0.25,0.15091038045213695,False,False,True,False,2,1.0206799198042027,0.644949401716119,0.3942157910720626,0.3862286143022047,0.06427991515540137,0.061236401345523175,0.12504141767664512,False,False,0.013439333997666836
pi05_spatial_500,p3,r6p3v2_pi05_sp_500_A_r2,r6p3v2_pi05_sp_500_A_r2:eval:7:0,1,7,0,14,1,False,10,7647,8294,5,1,0.2521025437639775,False,False,True,False,False,41,6.405545853542774,0.16666666666666666,0.13787176758670452,False,False,True,False,2,1.0524948218753174,0.644949401716119,0.3213280913725252,0.3053013513168533,0.05798669628146927,0.05605978211955751,0.11372901643600891,False,False,0.013439333997666836
pi05_spatial_500,p3,r6p3v2_pi05_sp_500_A_r2,r6p3v2_pi05_sp_500_A_r2:eval:7:0,1,7,0,16,1,False,10,7649,8296,5,1,0.2521025437639775,False,False,True,False,False,41,6.405545853542774,0.16666666666666666,0.13545055959101482,False,False,True,False,2,1.0090775455021468,0.644949401716119,0.3081417426196418,0.30536973495560377,0.05330485835221126,0.050983589383927594,0.10305657639678105,False,False,0.013439333997666836
pi05_spatial_500,p3,r6p3v2_pi05_sp_500_A_r2,r6p3v2_pi05_sp_500_A_r2:eval:7:0,1,7,0,18,1,False,10,7650,8298,5,1,0.2521025437639775,False,False,True,False,False,41,6.405545853542774,0.16666666666666666,0.14291414799997765,False,False,True,False,2,0.982317819633098,0.644949401716119,0.31746541242372583,0.3231799383852175,0.046514496440026226,0.03738721236317589,0.08250718283068482,False,False,0.013439333997666836
pi05_spatial_500,p3,r6p3v2_pi05_sp_500_A_r2,r6p3v2_pi05_sp_500_A_r2:eval:7:0,1,7,0,20,1,False,10,8085,7823,7,1,0.707827389805114,True,False,True,False,True,3,6.966032342256786,0.25,0.10878910513516497,False,False,True,False,2,1.0101638185919135,0.644949401716119,0.2692686228980526,0.26655936189972756,0.03263536612233965,0.030008524783193487,0.06189016416651948,False,False,0.013439333997666836
pi05_spatial_500,p3,r6p3v2_pi05_sp_500_A_r2,r6p3v2_pi05_sp_500_A_r2:eval:7:0,1,7,0,22,1,False,5,8087,7550,7,1,0.707827389805114,True,True,True,False,True,3,6.966032342256786,0.25,0.1681787381236634,False,False,False,False,2,,0.644949401716119,,0.12583517298099603,0.02233147300590688,0.0,0.02233147300590688,False,True,0.013439333997666836
pi05_spatial_500,p3,r6p3v2_pi05_sp_500_A_r2,r6p3v2_pi05_sp_500_A_r2:eval:7:1,1,7,1,0,1,False,10,7337,8279,0,0,0.41443522710998004,False,False,True,False,False,41,4.524967225211674,1.0,0.011850070230343556,False,False,True,False,2,1.108383172643566,0.644949401716119,0.17498135767950668,0.15787081760016689,0.016281093453171636,0.03819612200675889,0.05402996197242165,False,False,0.016609725373035126
pi05_spatial_500,p3,r6p3v2_pi05_sp_500_A_r2,r6p3v2_pi05_sp_500_A_r2:eval:7:1,1,7,1,2,1,False,10,7947,8281,1,0,0.2572550704520166,False,True,True,False,False,41,3.2725214745475926,0.5,0.04277992061794227,False,False,True,False,2,1.0993099332238137,0.644949401716119,0.43326774939867285,0.39412702123784216,0.047101099235532816,0.05644908720885789,0.10199226555794703,False,False,0.016609725373035126
pi05_spatial_500,p3,r6p3v2_pi05_sp_500_A_r2,r6p3v2_pi05_sp_500_A_r2:eval:7:1,1,7,1,4,1,False,10,7830,8068,1,0,0.769620253164557,True,True,True,True,True,3,11.360215920638302,0.25,0.05156524152561045,False,False,True,False,2,1.069977076776552,0.644949401716119,0.4495514640701163,0.42015055633196347,0.058998136175750185,0.05146119187836819,0.10981582095138573,False,False,0.016609725373035126
pi05_spatial_500,p3,r6p3v2_pi05_sp_500_A_r2,r6p3v2_pi05_sp_500_A_r2:eval:7:1,1,7,1,6,1,False,10,7662,8070,2,1,0.826967864185698,True,True,True,True,True,41,5.786317249255999,1.0,0.09021945242802633,False,True,True,False,2,0.42746971159082486,0.644949401716119,0.0259901345381311,0.0607999440274003,0.009034164341058885,0.0038602377347611446,0.006278907538910654,True,False,0.016609725373035126
pi05_spatial_500,p3,r6p3v2_pi05_sp_500_A_r2,r6p3v2_pi05_sp_500_A_r2:eval:7:1,1,7,1,8,1,False,10,8386,8072,3,1,0.385882054841304,False,True,True,False,False,41,5.9871876339309695,0.3333333333333333,0.10059508328386471,False,False,True,False,2,1.5599987517633682,0.644949401716119,0.16219884265096124,0.10397370027868119,0.01053127347612212,0.03195853659609277,0.04177539009775169,False,False,0.016609725373035126
pi05_spatial_500,p3,r6p3v2_pi05_sp_500_A_r2,r6p3v2_pi05_sp_500_A_r2:eval:7:1,1,7,1,10,1,False,10,7563,7513,4,1,0.4582994568749931,False,False,True,False,False,41,6.362986103166055,0.5,0.07716113503567913,False,False,True,False,2,1.2526038438212608,0.644949401716119,0.3723563221820376,0.29726583070838053,0.043437185122864035,0.05905144965421298,0.10230027370426191,False,False,0.016609725373035126
pi05_spatial_500,p3,r6p3v2_pi05_sp_500_A_r2,r6p3v2_pi05_sp_500_A_r2:eval:7:1,1,7,1,12,1,False,10,7419,7514,5,1,0.3467175639796851,False,False,True,False,False,41,5.234068700579377,0.3333333333333333,0.1758842844641097,False,False,True,False,2,0.9980341680498339,0.644949401716119,0.4233181417324208,0.42415195319373444,0.06762660286140534,0.06364198674371355,0.13084015096518425,False,False,0.016609725373035126
pi05_spatial_500,p3,r6p3v2_pi05_sp_500_A_r2,r6p3v2_pi05_sp_500_A_r2:eval:7:1,1,7,1,14,1,False,10,7421,8078,6,1,0.2545526654988928,False,False,True,False,False,41,5.866314087769139,0.2,0.17348616457211508,False,False,True,False,2,0.9643369296732343,0.644949401716119,0.33214205169905064,0.34442531596461523,0.05982028133315084,0.05727964368537881,0.11661658948143999,False,False,0.016609725373035126
pi05_spatial_500,p3,r6p3v2_pi05_sp_500_A_r2,r6p3v2_pi05_sp_500_A_r2:eval:7:1,1,7,1,16,1,False,10,8464,7648,5,1,0.27979200405415827,False,False,True,False,False,41,6.340014308291434,0.2,0.15461735500658624,False,False,True,False,2,0.9719041857320082,0.644949401716119,0.3125967582215003,0.32163330790273537,0.053776354142260445,0.051181580516178375,0.10351273161536786,False,False,0.016609725373035126
pi05_spatial_500,p3,r6p3v2_pi05_sp_500_A_r2,r6p3v2_pi05_sp_500_A_r2:eval:7:1,1,7,1,18,1,False,10,7572,7521,7,1,0.3267001575393022,False,False,True,False,False,41,4.889475388413645,0.3333333333333333,0.1271440513915301,False,False,True,False,2,1.0478097538335032,0.644949401716119,0.3358917680836835,0.3205656054019293,0.04862531208225755,0.039295755110460996,0.08666441808404816,False,False,0.016609725373035126
pi05_spatial_500,p3,r6p3v2_pi05_sp_500_A_r2,r6p3v2_pi05_sp_500_A_r2:eval:7:1,1,7,1,20,1,False,10,7990,8110,7,1,0.33888466580736143,False,False,True,False,False,41,5.124364464682596,0.3333333333333333,0.10058503601452486,False,False,False,False,2,,0.644949401716119,,0.27799009230155003,0.035244956075836206,0.03258725441094233,0.06683501900348914,False,True,0.016609725373035126
pi05_spatial_500,p3,r6p3v2_pi05_sp_500_A_r2,r6p3v2_pi05_sp_500_A_r2:eval:8:0,1,8,0,0,1,False,10,9547,9258,0,0,0.6270772238514174,True,True,True,False,False,32,8.593281189575777,1.0,0.016421483198772253,False,False,True,False,2,0.9009702077735238,0.6559362958083634,0.25531072872466476,0.28337310881298533,0.01921096487827998,0.052617974464435904,0.07164358929541453,False,False,0.02021270338445902
pi05_spatial_500,p3,r6p3v2_pi05_sp_500_A_r2,r6p3v2_pi05_sp_500_A_r2:eval:8:0,1,8,0,2,1,False,10,9260,8717,1,0,0.29178885630498536,False,False,False,False,False,32,3.964582777245096,0.25,0.025618981456887478,False,False,True,False,2,1.0045677798510542,0.6559362958083634,0.43016779879199324,0.4282118214619362,0.05953033565744377,0.06118902497931446,0.12068293210150603,False,False,0.02021270338445902
pi05_spatial_500,p3,r6p3v2_pi05_sp_500_A_r2,r6p3v2_pi05_sp_500_A_r2:eval:8:0,1,8,0,4,1,False,10,8996,9282,1,0,0.2653958944281525,False,False,True,False,False,32,4.419260500228879,0.2,0.0919205301347414,False,False,True,False,2,0.978661620936176,0.6559362958083634,0.4492022096858533,0.45899644992326544,0.06297117165908787,0.0629504949179632,0.12477352828517692,False,False,0.02021270338445902
pi05_spatial_500,p3,r6p3v2_pi05_sp_500_A_r2,r6p3v2_pi05_sp_500_A_r2:eval:8:0,1,8,0,6,1,False,10,9284,9284,2,0,0.6124144672531769,True,True,True,False,True,32,3.6248901991086036,0.25,0.12791267919856772,False,False,True,False,2,0.9339383629880861,0.6559362958083634,0.414100579093178,0.44339176492149357,0.05794953417204378,0.054765768000824215,0.10998208929533472,False,False,0.02021270338445902
pi05_spatial_500,p3,r6p3v2_pi05_sp_500_A_r2,r6p3v2_pi05_sp_500_A_r2:eval:8:0,1,8,0,8,1,False,10,9228,9228,2,0,0.5791788856304986,True,True,True,False,True,32,3.2872201429838723,0.25,0.08627767960538507,False,False,True,False,2,1.0787517830051518,0.6559362958083634,0.3842564697412153,0.3562047134427589,0.05162796283496071,0.05050644470494226,0.10160985879115454,False,False,0.02021270338445902
pi05_spatial_500,p3,r6p3v2_pi05_sp_500_A_r2,r6p3v2_pi05_sp_500_A_r2:eval:8:0,1,8,0,10,1,False,10,9493,9230,3,1,0.3577712609970674,False,False,True,True,False,32,2.9114448384438276,0.5,0.1261662737221132,False,False,True,False,2,2.3280332710568628,0.6559362958083634,0.09540339778297523,0.04098025529491884,0.02997675226785135,0.004639714371268616,0.025481731142787654,False,False,0.02021270338445902
pi05_spatial_500,p3,r6p3v2_pi05_sp_500_A_r2,r6p3v2_pi05_sp_500_A_r2:eval:8:0,1,8,0,12,1,False,10,9290,9251,4,1,0.1896383186705767,False,False,True,False,False,32,1.9244743211303361,0.3333333333333333,0.1818243160608969,False,True,True,False,2,0.6398322806350802,0.6559362958083634,0.21536140042519286,0.3365903955508949,0.01711894937706196,0.040998445738070044,0.056648532650943405,True,False,0.02021270338445902
pi05_spatial_500,p3,r6p3v2_pi05_sp_500_A_r2,r6p3v2_pi05_sp_500_A_r2:eval:8:0,1,8,0,14,1,False,10,8893,9234,4,1,0.35386119257086995,False,False,True,False,False,32,2.8737368100816747,0.5,0.16229980053355678,False,False,True,False,2,0.9115760744763026,0.6559362958083634,0.42034433210177563,0.4611182147834036,0.06089705898627978,0.05668129532831455,0.11447422956346864,False,False,0.02021270338445902
pi05_spatial_500,p3,r6p3v2_pi05_sp_500_A_r2,r6p3v2_pi05_sp_500_A_r2:eval:8:0,1,8,0,16,1,False,10,8775,9255,5,1,0.17937438905180839,False,False,True,False,False,32,2.7478313196062545,0.25,0.13177493215591946,False,False,True,False,2,0.9636554060982924,0.6559362958083634,0.26221497419539175,0.27210450181259704,0.04037826343653058,0.03861340307632128,0.06956886219253304,False,False,0.02021270338445902
pi05_spatial_500,p3,r6p3v2_pi05_sp_500_A_r2,r6p3v2_pi05_sp_500_A_r2:eval:8:0,1,8,0,18,1,False,5,9443,9257,6,1,0.41886608015640275,False,False,True,False,False,32,2.8137027815477076,1.0,0.07067426723486454,False,False,False,False,2,,0.6559362958083634,,,0.039301888713100266,0.0,0.039301888713100266,False,True,0.02021270338445902
pi05_spatial_500,p3,r6p3v2_pi05_sp_500_A_r2,r6p3v2_pi05_sp_500_A_r2:eval:8:1,1,8,1,0,1,False,10,9057,9393,0,0,0.6192570869990225,True,True,True,False,False,32,7.222310106295185,1.0,0.017759544326735925,False,False,True,False,2,1.087519714171083,0.6559362958083634,0.28697627481224514,0.26388144607657155,0.02528609545219576,0.055435253215417916,0.0805242056298316,False,False,0.01754990080371499
pi05_spatial_500,p3,r6p3v2_pi05_sp_500_A_r2,r6p3v2_pi05_sp_500_A_r2:eval:8:1,1,8,1,2,1,False,10,8863,8882,1,0,0.272238514173998,False,False,True,False,False,32,4.504762711396443,0.2,0.07166479511742595,False,False,True,False,2,1.000453605706295,0.6559362958083634,0.42608748299849264,0.4258942949160403,0.05930917230362207,0.06031962550102427,0.11947423452143621,False,False,0.01754990080371499
pi05_spatial_500,p3,r6p3v2_pi05_sp_500_A_r2,r6p3v2_pi05_sp_500_A_r2:eval:8:1,1,8,1,4,1,False,10,8865,9429,1,0,0.272238514173998,False,False,True,False,False,32,4.504762711396443,0.2,0.07228173152522935,False,False,True,False,2,0.9659915857237329,0.6559362958083634,0.43658586707513886,0.45195618008208976,0.061276309002834775,0.06081608911778966,0.12112172765731884,False,False,0.01754990080371499
pi05_spatial_500,p3,r6p3v2_pi05_sp_500_A_r2,r6p3v2_pi05_sp_500_A_r2:eval:8:1,1,8,1,6,1,False,10,9508,8886,2,0,0.5733137829912024,True,True,True,False,True,32,3.2469661688104288,0.25,0.07108735206132077,False,False,True,False,2,0.9093172551946782,0.6559362958083634,0.3969035279899199,0.43648520439100846,0.05529578708492466,0.052268077565053236,0.10524503709679946,False,False,0.01754990080371499
pi05_spatial_500,p3,r6p3v2_pi05_sp_500_A_r2,r6p3v2_pi05_sp_500_A_r2:eval:8:1,1,8,1,8,1,False,10,9001,9491,2,0,0.6182795698924731,True,True,True,False,True,32,3.8154734028718025,0.25,0.0858349292320021,False,False,True,False,2,1.1310761837693195,0.6559362958083634,0.37305636040735485,0.32982425566078305,0.05004393835436689,0.049411628092251275,0.0990105643200309,False,False,0.01754990080371499
pi05_spatial_500,p3,r6p3v2_pi05_sp_500_A_r2,r6p3v2_pi05_sp_500_A_r2:eval:8:1,1,8,1,10,1,False,10,9493,9003,3,1,0.3577712609970674,False,False,True,True,False,32,2.9114448384438276,0.5,0.10962488978252784,False,False,True,False,2,2.0515867157290923,0.6559362958083634,0.0840745473702423,0.04098025529491884,0.026510515075637845,0.008468020592109124,0.02273257393263888,False,False,0.01754990080371499
pi05_spatial_500,p3,r6p3v2_pi05_sp_500_A_r2,r6p3v2_pi05_sp_500_A_r2:eval:8:1,1,8,1,12,1,False,10,9006,9495,4,1,0.2961876832844575,False,False,True,False,False,32,3.024482164711254,0.3333333333333333,0.13477730451272793,False,False,True,False,2,0.7869338414868536,0.6559362958083634,0.3216930614242479,0.4087930197746135,0.02878046815889711,0.05841947678226881,0.08513284474922549,False,False,0.01754990080371499
pi05_spatial_500,p3,r6p3v2_pi05_sp_500_A_r2,r6p3v2_pi05_sp_500_A_r2:eval:8:1,1,8,1,14,1,False,10,9329,9439,4,1,0.2619745845552297,False,False,True,False,False,32,2.7956726595244357,0.3333333333333333,0.13880392263729224,False,False,True,False,2,1.0458075725503948,0.6559362958083634,0.3730582317825825,0.3567178528577788,0.05919480260392851,0.049853662448105254,0.10386487297056018,False,False,0.01754990080371499
pi05_spatial_500,p3,r6p3v2_pi05_sp_500_A_r2,r6p3v2_pi05_sp_500_A_r2:eval:8:1,1,8,1,16,1,False,10,9441,9441,5,1,0.2873900293255132,False,False,True,False,False,32,2.9565498418402028,0.3333333333333333,0.0906271615308134,False,False,True,False,2,1.1054062116393226,0.6559362958083634,0.2716770446303325,0.2457712303130938,0.038044085112578216,0.03841746689144565,0.07137185932210774,False,False,0.01754990080371499
pi05_spatial_500,p3,r6p3v2_pi05_sp_500_A_r2,r6p3v2_pi05_sp_500_A_r2:eval:8:1,1,8,1,18,1,False,5,9443,9056,6,1,0.41886608015640275,False,False,True,False,False,32,2.8137027815477076,1.0,0.09436602746094919,False,False,False,False,2,,0.6559362958083634,,,0.035540640960572537,0.0,0.035540640960572537,False,True,0.01754990080371499
pi05_spatial_500,p3,r6p3v2_pi05_sp_500_A_r2,r6p3v2_pi05_sp_500_A_r2:eval:9:0,1,9,0,0,0,False,10,10324,10570,0,0,0.6202833214213719,True,False,True,False,False,13,5.958159811771115,1.0,0.008993587096896924,False,False,True,False,2,0.8702186217056398,0.7512171176292793,0.25309552525095735,0.2908413115257024,0.024281353060990808,0.05803528027725579,0.08202982429608996,False,False,0.014622092501006344
pi05_spatial_500,p3,r6p3v2_pi05_sp_500_A_r2,r6p3v2_pi05_sp_500_A_r2:eval:9:0,1,9,0,2,0,False,10,10500,10572,1,0,0.41861610497186946,False,False,True,False,False,33,4.37023094160407,0.3333333333333333,0.058489779211000084,False,False,True,False,2,1.0572854425404243,0.7512171176292793,0.39335474299556683,0.3720421441256411,0.06238841205082809,0.06133577467003771,0.12343353208177911,False,False,0.014622092501006344
pi05_spatial_500,p3,r6p3v2_pi05_sp_500_A_r2,r6p3v2_pi05_sp_500_A_r2:eval:9:0,1,9,0,4,0,False,10,9931,9931,1,0,0.1994978650099877,False,False,True,False,False,33,3.6330437011007444,0.2,0.06805792776049258,False,False,True,False,2,0.9569113891328078,0.7512171176292793,0.3530461351692005,0.36894339348301136,0.0594411864377593,0.05866707738305673,0.11687553181077011,False,False,0.014622092501006344
pi05_spatial_500,p3,r6p3v2_pi05_sp_500_A_r2,r6p3v2_pi05_sp_500_A_r2:eval:9:0,1,9,0,6,0,False,10,10528,9933,2,0,0.19611211904631007,False,True,True,False,False,33,3.16190998890635,0.25,0.061630830131084974,False,False,True,False,2,1.133995295631932,0.7512171176292793,0.24953449367765643,0.22004896725660616,0.04252268533487271,0.04224483294800301,0.07645626532135169,False,False,0.014622092501006344
pi05_spatial_500,p3,r6p3v2_pi05_sp_500_A_r2,r6p3v2_pi05_sp_500_A_r2:eval:9:0,1,9,0,8,0,False,10,10122,10099,3,0,0.8292145435886158,True,True,True,True,True,13,4.490881871085844,0.5,0.09435344479220525,False,False,True,False,2,1.294128533602659,0.7512171176292793,0.24016790344932593,0.18558272784600047,0.05337062060123153,0.019581780985786886,0.07141523746786493,False,False,0.014622092501006344
pi05_spatial_500,p3,r6p3v2_pi05_sp_500_A_r2,r6p3v2_pi05_sp_500_A_r2:eval:9:0,1,9,0,10,0,False,10,10458,10124,4,1,0.3627650411420822,False,False,True,True,False,33,3.8942254069129083,0.3333333333333333,0.21843300370942986,False,False,True,False,2,0.8747362451094524,0.7512171176292793,0.150744244754516,0.17233108333775968,0.01144342135680639,0.03778343453394404,0.04690641294573281,False,False,0.014622092501006344
pi05_spatial_500,p3,r6p3v2_pi05_sp_500_A_r2,r6p3v2_pi05_sp_500_A_r2:eval:9:0,1,9,0,12,0,False,10,10582,10127,3,1,0.39645298440449356,False,False,True,False,False,33,4.166677470834275,0.3333333333333333,0.18803413483890882,False,False,True,False,2,1.1044519716170142,0.7512171176292793,0.28574812542526173,0.25872390359075687,0.051570965999808066,0.0576999200177949,0.10836690801078315,False,False,0.014622092501006344
pi05_spatial_500,p3,r6p3v2_pi05_sp_500_A_r2,r6p3v2_pi05_sp_500_A_r2:eval:9:0,1,9,0,14,0,False,10,10105,10128,5,1,0.4257083035534297,True,False,True,False,False,33,4.495479839837203,0.3333333333333333,0.1825471557972899,False,False,True,False,2,0.9485060031322309,0.7512171176292793,0.23843298179996375,0.25137740932855634,0.056354980810884435,0.056632283532702284,0.11196857501593108,False,False,0.014622092501006344
pi05_spatial_500,p3,r6p3v2_pi05_sp_500_A_r2,r6p3v2_pi05_sp_500_A_r2:eval:9:0,1,9,0,16,0,False,10,9822,9823,5,1,0.25800850330786007,False,False,True,False,False,13,4.138509626967737,0.2,0.1490061572152619,False,False,True,False,2,1.1579040402794836,0.7512171176292793,0.3084290775688873,0.26636842677778527,0.06057204054493271,0.07030701342985204,0.12951309269931757,False,False,0.014622092501006344
pi05_spatial_500,p3,r6p3v2_pi05_sp_500_A_r2,r6p3v2_pi05_sp_500_A_r2:eval:9:0,1,9,0,18,0,False,10,9921,9921,6,1,0.26332765224403026,False,False,True,False,False,33,4.165750576924609,0.2,0.1756433675882081,False,False,True,False,2,0.9325035272423609,0.7512171176292793,0.46744955580001046,0.5012844907754636,0.08033101217644478,0.08072391743540139,0.16018731818576637,False,False,0.014622092501006344
pi05_spatial_500,p3,r6p3v2_pi05_sp_500_A_r2,r6p3v2_pi05_sp_500_A_r2:eval:9:0,1,9,0,20,0,False,10,9923,9923,6,1,0.26332765224403026,False,False,True,False,False,33,4.165750576924609,0.2,0.14641472756539228,False,False,True,False,2,0.9724709585087318,0.7512171176292793,0.3850415047923615,0.3959413917952021,0.06699459697320514,0.054218397601688756,0.12099819608151292,False,False,0.014622092501006344
pi05_spatial_500,p3,r6p3v2_pi05_sp_500_A_r2,r6p3v2_pi05_sp_500_A_r2:eval:9:0,1,9,0,22,0,False,10,9829,10255,6,1,0.5006196510711602,True,False,True,True,True,13,0.0,0.3333333333333333,0.09619304391113918,False,False,False,False,2,,0.7512171176292793,0.02648630127903591,,0.019655499025188043,0.014987841669383046,0.010932592115193053,False,False,0.014622092501006344
pi05_spatial_500,p3,r6p3v2_pi05_sp_500_A_r2,r6p3v2_pi05_sp_500_A_r2:eval:9:0,1,9,0,24,0,False,10,10137,10546,7,2,0.5006196510711602,True,False,True,True,True,13,0.0,0.3333333333333333,1.003473296413981,True,False,False,False,2,,0.7512171176292793,0.03666686802154649,,0.014690638380540426,0.010475056870843068,0.01193048829466112,False,False,0.014622092501006344
pi05_spatial_500,p3,r6p3v2_pi05_sp_500_A_r2,r6p3v2_pi05_sp_500_A_r2:eval:9:0,1,9,0,26,0,False,10,10137,10736,7,2,0.5006196510711602,True,False,True,True,True,13,0.0,0.3333333333333333,1.3075490925322393,True,False,False,False,2,,0.7512171176292793,0.03830569400579077,,0.014891897956083458,0.01600834260605337,0.01181964126879392,False,False,0.014622092501006344
pi05_spatial_500,p3,r6p3v2_pi05_sp_500_A_r2,r6p3v2_pi05_sp_500_A_r2:eval:9:0,1,9,0,28,0,False,10,10617,10736,8,1,0.28918348085839424,False,False,True,False,False,33,3.2901826089169535,0.3333333333333333,1.3803040317123791,True,False,False,False,2,,0.7512171176292793,0.041220768164009824,,0.014949890138727016,0.016449145555876028,0.012279186251146042,False,False,0.014622092501006344
pi05_spatial_500,p3,r6p3v2_pi05_sp_500_A_r2,r6p3v2_pi05_sp_500_A_r2:eval:9:0,1,9,0,30,0,False,10,10617,10736,8,1,0.28918348085839424,False,False,True,False,False,33,3.2901826089169535,0.3333333333333333,1.45440261848312,True,False,False,False,2,,0.7512171176292793,0.04191681145796965,,0.016013890187224537,0.015119019771055585,0.012299000312532579,False,False,0.014622092501006344
pi05_spatial_500,p3,r6p3v2_pi05_sp_500_A_r2,r6p3v2_pi05_sp_500_A_r2:eval:9:0,1,9,0,32,0,False,10,10617,10736,8,1,0.28918348085839424,False,False,True,False,False,33,3.2901826089169535,0.3333333333333333,1.5438821261802675,True,False,False,False,2,,0.7512171176292793,0.042348510682567814,,0.015539471417666283,0.01618974380420541,0.012256689399725428,False,False,0.014622092501006344
pi05_spatial_500,p3,r6p3v2_pi05_sp_500_A_r2,r6p3v2_pi05_sp_500_A_r2:eval:9:0,1,9,0,34,0,False,10,10617,10617,8,1,0.28918348085839424,False,False,True,False,False,33,3.2901826089169535,0.3333333333333333,1.6486032491915674,True,False,False,False,2,,0.7512171176292793,0.04380838057779596,,0.014297131101470897,0.01761348507009982,0.01296873180536616,False,False,0.014622092501006344
pi05_spatial_500,p3,r6p3v2_pi05_sp_500_A_r2,r6p3v2_pi05_sp_500_A_r2:eval:9:0,1,9,0,36,0,False,10,10617,10736,8,1,0.28918348085839424,False,False,True,False,False,33,3.2901826089169535,0.3333333333333333,1.809387370603783,True,False,False,False,2,,0.7512171176292793,0.042001724093278986,,0.016485003527281585,0.016350744072389,0.012266619923781317,False,False,0.014622092501006344
pi05_spatial_500,p3,r6p3v2_pi05_sp_500_A_r2,r6p3v2_pi05_sp_500_A_r2:eval:9:0,1,9,0,38,0,False,10,10617,10736,8,1,0.28918348085839424,False,False,True,False,False,33,3.2901826089169535,0.3333333333333333,1.9211110803373515,True,False,False,False,2,,0.7512171176292793,0.04354046775858108,,0.016083885184947775,0.017850569496737256,0.01278008888502821,False,False,0.014622092501006344
pi05_spatial_500,p3,r6p3v2_pi05_sp_500_A_r2,r6p3v2_pi05_sp_500_A_r2:eval:9:0,1,9,0,40,0,False,10,10617,10736,8,1,0.28918348085839424,False,False,True,False,False,33,3.2901826089169535,0.3333333333333333,2.048780104386519,True,False,False,False,2,,0.7512171176292793,0.0448533543665383,,0.014885122955698682,0.018136710455861023,0.01315805521291813,False,False,0.014622092501006344
pi05_spatial_500,p3,r6p3v2_pi05_sp_500_A_r2,r6p3v2_pi05_sp_500_A_r2:eval:9:0,1,9,0,42,0,False,10,10617,10736,8,1,0.28918348085839424,False,False,True,False,False,33,3.2901826089169535,0.3333333333333333,2.1885859346003995,True,False,False,False,2,,0.7512171176292793,,,0.014352178823229927,0.016445209468135102,0.011970073172422392,False,True,0.014622092501006344
pi05_spatial_500,p3,r6p3v2_pi05_sp_500_A_r2,r6p3v2_pi05_sp_500_A_r2:eval:9:1,1,9,1,0,0,False,10,10346,9712,0,0,0.6273755200029322,True,True,True,False,False,13,6.882426146470389,1.0,0.014070483830632387,False,False,True,False,2,1.0702618376492758,0.7512171176292793,0.25657559754477594,0.2397316138154742,0.02363983649997543,0.05904724085933422,0.08249594897183224,False,False,0.010895225304094229
pi05_spatial_500,p3,r6p3v2_pi05_sp_500_A_r2,r6p3v2_pi05_sp_500_A_r2:eval:9:1,1,9,1,2,0,False,10,10164,10806,1,0,0.24575750911723201,False,False,True,False,False,33,3.54577582784856,0.25,0.057047535143210974,False,False,True,False,2,0.9779795485336684,0.7512171176292793,0.39920946523282524,0.40819817329654706,0.06487789927546049,0.06247671555690439,0.1270047524006225,False,False,0.010895225304094229
pi05_spatial_500,p3,r6p3v2_pi05_sp_500_A_r2,r6p3v2_pi05_sp_500_A_r2:eval:9:1,1,9,1,4,0,False,10,9999,9931,1,0,0.17217594883354406,False,False,True,False,False,33,2.940047945825423,0.25,0.06336021890765152,False,False,True,False,2,0.9852419348075139,0.7512171176292793,0.35300249974443326,0.3582901694225989,0.061043340307036426,0.06133119907786686,0.12080306690369304,False,False,0.010895225304094229
pi05_spatial_500,p3,r6p3v2_pi05_sp_500_A_r2,r6p3v2_pi05_sp_500_A_r2:eval:9:1,1,9,1,6,0,False,10,9910,10810,2,0,0.7829778070995289,True,False,True,False,True,33,4.91141913478956,0.3333333333333333,0.10491776264904765,False,False,True,False,2,0.8720990328910959,0.7512171176292793,0.25855230314844374,0.29647126461236506,0.047365302045551935,0.04076490794163261,0.08236720284557972,False,False,0.010895225304094229
pi05_spatial_500,p3,r6p3v2_pi05_sp_500_A_r2,r6p3v2_pi05_sp_500_A_r2:eval:9:1,1,9,1,8,0,False,10,9935,9935,2,0,0.7776586581633588,True,True,True,True,True,33,4.716810084831419,0.3333333333333333,0.07240938194681232,False,False,True,False,2,1.2799356338144436,0.7512171176292793,0.23010803741691446,0.17978094471137598,0.050623928247529724,0.020191252487912283,0.06975645061212515,False,False,0.010895225304094229
pi05_spatial_500,p3,r6p3v2_pi05_sp_500_A_r2,r6p3v2_pi05_sp_500_A_r2:eval:9:1,1,9,1,10,0,False,10,10004,9937,3,1,0.4017721333406638,False,False,True,True,False,33,4.251708739182228,0.3333333333333333,0.25318409216247373,False,False,True,False,2,1.0711292248864357,0.7512171176292793,0.1264669011321303,0.11806876163381566,0.008598323218481628,0.03304287978176791,0.03973110020685116,False,False,0.010895225304094229
pi05_spatial_500,p3,r6p3v2_pi05_sp_500_A_r2,r6p3v2_pi05_sp_500_A_r2:eval:9:1,1,9,1,12,0,False,10,9915,10126,4,1,0.2837177231660161,False,False,True,False,False,33,4.327885822544629,0.2,0.2438180247133067,False,False,True,False,2,0.905622300728412,0.7512171176292793,0.2958891254023591,0.3267246457649828,0.04489745648361059,0.061576567589918835,0.10511337412948846,False,False,0.010895225304094229
pi05_spatial_500,p3,r6p3v2_pi05_sp_500_A_r2,r6p3v2_pi05_sp_500_A_r2:eval:9:1,1,9,1,14,0,False,10,9893,10889,4,1,0.2721929004709806,False,True,True,False,False,33,4.279116151956281,0.2,0.16126652798582392,False,False,True,False,2,0.9505647694528394,0.7512171176292793,0.224555133402651,0.23623338526622295,0.018045966296500803,0.05494141965979034,0.07101640105466712,False,False,0.010895225304094229
pi05_spatial_500,p3,r6p3v2_pi05_sp_500_A_r2,r6p3v2_pi05_sp_500_A_r2:eval:9:1,1,9,1,16,0,False,10,10649,10286,5,1,0.19595176571920758,False,False,False,True,False,33,3.598484578753917,0.2,0.5664835912735798,True,True,True,False,2,0.3711101734492659,0.7512171176292793,0.05615591611047101,0.15131871915159995,0.019874738854696074,0.016166724796513533,0.017470758110543105,True,False,0.010895225304094229
pi05_spatial_500,p3,r6p3v2_pi05_sp_500_A_r2,r6p3v2_pi05_sp_500_A_r2:eval:9:1,1,9,1,18,0,False,10,10817,10890,5,1,0.1365546025986402,False,True,True,False,False,13,3.134830463950546,0.2,0.1931802681592699,False,True,True,False,2,0.36968354563575556,0.7512171176292793,0.10209058657354102,0.2761566961222817,0.01762001663011406,0.015788182430867603,0.03045105691610166,False,False,0.010895225304094229
pi05_spatial_500,p3,r6p3v2_pi05_sp_500_A_r2,r6p3v2_pi05_sp_500_A_r2:eval:9:1,1,9,1,20,0,False,10,10892,10290,6,3,0.39836347975882863,False,False,False,True,False,0,,0.5,0.6501669939615808,True,False,True,False,2,0.8944512706175236,0.7512171176292793,0.06502350707124258,0.07269653384957545,0.01301019871127354,0.018215691280313834,0.01946477194509237,False,False,0.010895225304094229
pi05_spatial_500,p3,r6p3v2_pi05_sp_500_A_r2,r6p3v2_pi05_sp_500_A_r2:eval:9:1,1,9,1,22,0,False,10,10081,9982,4,1,0.12059715579012957,False,False,True,False,False,33,2.9674553717343453,0.2,0.5008687691509494,True,True,True,False,2,0.35756995933908864,0.7512171176292793,0.08618708963844125,0.24103559985224826,0.006627079681583499,0.024617355148440698,0.029782094373766388,True,False,0.010895225304094229
pi05_spatial_500,p3,r6p3v2_pi05_sp_500_A_r2,r6p3v2_pi05_sp_500_A_r2:eval:9:1,1,9,1,24,0,False,10,10081,10289,4,1,0.12059715579012957,False,False,False,False,False,33,2.9674553717343453,0.2,0.5904298353502037,True,False,True,False,2,0.8556045920005237,0.7512171176292793,0.20623116606918437,0.24103559985224826,0.021339681479868845,0.045251047554363634,0.06624617239890894,False,False,0.010895225304094229
pi05_spatial_500,p3,r6p3v2_pi05_sp_500_A_r2,r6p3v2_pi05_sp_500_A_r2:eval:9:1,1,9,1,26,0,False,10,10893,10291,6,3,0.39836347975882863,False,False,False,True,False,0,,0.5,0.8683238874880114,True,False,True,False,2,0.9808198698949919,0.7512171176292793,0.1439197672747411,0.14673414731101375,0.012897162127340472,0.034386999039185184,0.04363540486436401,False,False,0.010895225304094229
pi05_spatial_500,p3,r6p3v2_pi05_sp_500_A_r2,r6p3v2_pi05_sp_500_A_r2:eval:9:1,1,9,1,28,0,False,10,10896,9982,7,3,0.19595176571920758,False,False,True,False,False,0,,0.2,0.6936371400187706,True,True,True,False,2,0.6469299320925891,0.7512171176292793,0.1702119017817269,0.26310716715665283,0.02488065912710346,0.0364740828016226,0.06025902993751045,True,False,0.010895225304094229
pi05_spatial_500,p3,r6p3v2_pi05_sp_500_A_r2,r6p3v2_pi05_sp_500_A_r2:eval:9:1,1,9,1,30,0,False,10,10897,10289,7,3,0.19595176571920758,False,False,False,False,False,0,,0.2,0.7643588535896074,True,False,True,False,2,0.8410999518149953,0.7512171176292793,0.1942693594499397,0.2309705987150863,0.017356376904359098,0.044654740382294965,0.06134162739899792,False,False,0.010895225304094229
pi05_spatial_500,p3,r6p3v2_pi05_sp_500_A_r2,r6p3v2_pi05_sp_500_A_r2:eval:9:1,1,9,1,32,0,False,10,10893,10188,6,3,0.39836347975882863,False,False,True,True,False,0,,0.5,1.4039925512269003,True,False,True,False,2,0.8152254890099419,0.7512171176292793,0.11962141699607803,0.14673414731101375,0.027957385637550743,0.018509335883619974,0.04508548593141999,False,False,0.010895225304094229
pi05_spatial_500,p3,r6p3v2_pi05_sp_500_A_r2,r6p3v2_pi05_sp_500_A_r2:eval:9:1,1,9,1,34,0,False,10,10893,10291,6,3,0.39836347975882863,False,False,False,True,False,0,,0.5,1.3462642426323774,True,False,True,False,2,0.9293135977826206,0.7512171176292793,0.13636203835516322,0.14673414731101375,0.011613308174383795,0.031643507049848314,0.0411813263074929,False,False,0.010895225304094229
pi05_spatial_500,p3,r6p3v2_pi05_sp_500_A_r2,r6p3v2_pi05_sp_500_A_r2:eval:9:1,1,9,1,36,0,False,10,10897,10284,7,3,0.19595176571920758,False,False,False,False,False,0,,0.2,0.9750841668887142,True,True,True,False,2,0.70624884818096,0.7512171176292793,0.16312271930619643,0.2309705987150863,0.036972983840881636,0.02674394537133431,0.061237150900626106,True,False,0.010895225304094229
pi05_spatial_500,p3,r6p3v2_pi05_sp_500_A_r2,r6p3v2_pi05_sp_500_A_r2:eval:9:1,1,9,1,38,0,False,10,10898,10289,7,3,0.19595176571920758,False,False,False,False,False,0,,0.2,1.1258710120571815,True,True,True,False,2,0.701702049114053,0.7512171176292793,0.16159660401153644,0.23029233592172524,0.014836752437059517,0.034767506402716926,0.04877370757380005,False,False,0.010895225304094229
pi05_spatial_500,p3,r6p3v2_pi05_sp_500_A_r2,r6p3v2_pi05_sp_500_A_r2:eval:9:1,1,9,1,40,0,False,10,10898,10290,7,3,0.19595176571920758,False,False,False,False,False,0,,0.2,1.6516718140414204,True,True,True,True,2,0.4723991593741128,0.7512171176292793,0.1087899058997238,0.23029233592172524,0.02610949625638813,0.016886606699353553,0.041546406662222916,False,False,0.010895225304094229
pi05_spatial_500,p3,r6p3v2_pi05_sp_500_A_r2,r6p3v2_pi05_sp_500_A_r2:eval:9:1,1,9,1,42,0,False,10,10898,10291,7,3,0.19595176571920758,False,False,False,False,False,0,,0.2,1.7252352106821414,True,False,False,False,2,,0.7512171176292793,,0.23029233592172524,0.0049587426311967185,0.024257016392730153,0.02487931527925122,False,True,0.010895225304094229
pi05_spatial_500,p3,r6p3v2_pi05_sp_500_P10_r0,r6p3v2_pi05_sp_500_P10_r0:eval:0:0,1,0,0,0,1,True,10,51,887,0,0,0.5952845528455285,True,True,True,False,False,39,4.198693676073924,1.0,0.014306248400631312,False,False,True,False,1,1.0509222698758753,0.6709290922082054,0.3623819466099169,0.344822787562317,0.021492673390143047,0.0598251864945936,0.08086948616847288,False,False,0.02177324495278299
pi05_spatial_500,p3,r6p3v2_pi05_sp_500_P10_r0,r6p3v2_pi05_sp_500_P10_r0:eval:0:0,1,0,0,2,1,True,10,662,889,1,0,0.43933903494879106,False,False,True,False,False,39,3.136622747660042,0.5,0.059957855733589936,False,False,True,False,1,1.0104780834308988,0.6709290922082054,0.5752032954832993,0.5692387642197035,0.06688517890255383,0.07352967929481392,0.137916344380043,False,False,0.02177324495278299
pi05_spatial_500,p3,r6p3v2_pi05_sp_500_P10_r0,r6p3v2_pi05_sp_500_P10_r0:eval:0:0,1,0,0,4,1,True,10,474,474,2,0,0.6977869285186359,True,True,True,False,True,39,3.3618063225041017,0.3333333333333333,0.08995855294404935,False,False,True,False,1,1.0397146689217533,0.6709290922082054,0.47524462090293107,0.45709138777063546,0.0627814522530067,0.05997510812185132,0.11752671295295794,False,False,0.02177324495278299
pi05_spatial_500,p3,r6p3v2_pi05_sp_500_P10_r0,r6p3v2_pi05_sp_500_P10_r0:eval:0:0,1,0,0,6,1,True,10,476,476,2,0,0.6977869285186359,True,True,True,True,True,39,3.3618063225041017,0.3333333333333333,0.15734315975070268,False,False,True,False,1,0.9408574259210879,0.6709290922082054,0.4625437980358558,0.4916194370077178,0.06710537583716533,0.05274993994003243,0.11934058508620936,False,False,0.02177324495278299
pi05_spatial_500,p3,r6p3v2_pi05_sp_500_P10_r0,r6p3v2_pi05_sp_500_P10_r0:eval:0:0,1,0,0,8,1,True,10,77,329,3,1,0.43812691373666984,False,False,True,True,False,39,3.1277143063733224,0.5,0.21238649520276878,False,False,True,False,1,1.7784298443114446,0.6709290922082054,0.08473694565187073,0.04764705558834027,0.005779403445520583,0.01686291435870387,0.02223753729424724,False,False,0.02177324495278299
pi05_spatial_500,p3,r6p3v2_pi05_sp_500_P10_r0,r6p3v2_pi05_sp_500_P10_r0:eval:0:0,1,0,0,10,1,True,10,820,331,4,1,0.3989209164818921,False,False,True,False,False,39,2.229845836173866,1.0,0.1689551237419074,False,False,True,False,1,0.8521056034964416,0.6709290922082054,0.3394387913433462,0.39835296229778133,0.03960951529741869,0.05264386686544354,0.08999013022208646,False,False,0.02177324495278299
pi05_spatial_500,p3,r6p3v2_pi05_sp_500_P10_r0,r6p3v2_pi05_sp_500_P10_r0:eval:0:0,1,0,0,12,1,True,10,837,838,5,1,0.21297434273044027,False,False,True,False,False,39,2.626215166993402,0.25,0.19435714774920784,False,False,True,False,1,0.7573539836540518,0.6709290922082054,0.26599473425954684,0.3512158647085817,0.04637873555517975,0.04099804843140987,0.07257892835933583,False,False,0.02177324495278299
pi05_spatial_500,p3,r6p3v2_pi05_sp_500_P10_r0,r6p3v2_pi05_sp_500_P10_r0:eval:0:0,1,0,0,14,1,True,5,531,916,5,1,0.342369337979094,False,True,True,False,False,39,2.4570493109450395,0.5,0.1253316476931548,False,False,False,False,1,,0.6709290922082054,,,0.052986945117420005,0.0,0.052986945117420005,False,True,0.02177324495278299
pi05_spatial_500,p3,r6p3v2_pi05_sp_500_P10_r0,r6p3v2_pi05_sp_500_P10_r0:eval:0:1,1,0,1,0,1,True,10,486,796,0,0,0.6110421286031041,True,True,True,False,False,39,4.6439974631631324,1.0,0.02082919779649277,False,False,True,False,1,0.9945420995612149,0.6709290922082054,0.3301524154844229,0.33196424327344604,0.015254316375811223,0.057614130786550984,0.07219160702121749,False,False,0.018104634364135563
pi05_spatial_500,p3,r6p3v2_pi05_sp_500_P10_r0,r6p3v2_pi05_sp_500_P10_r0:eval:0:1,1,0,1,2,1,True,10,307,307,1,0,0.34384753457924194,False,False,True,False,False,39,3.0795472111572177,0.3333333333333333,0.053292473181676105,False,False,True,False,1,0.9953072313334159,0.6709290922082054,0.551180932061926,0.5537796920489639,0.06474447811531013,0.07009519475958659,0.13323142024310408,False,False,0.018104634364135563
pi05_spatial_500,p3,r6p3v2_pi05_sp_500_P10_r0,r6p3v2_pi05_sp_500_P10_r0:eval:0:1,1,0,1,4,1,True,10,309,709,2,0,0.5063076760637736,True,True,True,False,True,39,2.3831853960234817,0.25,0.08783244124349986,False,False,True,False,1,0.9733567585847632,0.6709290922082054,0.5029725620520986,0.5167401958387882,0.07182763640473419,0.05778546468655659,0.1220176972587725,False,False,0.018104634364135563
pi05_spatial_500,p3,r6p3v2_pi05_sp_500_P10_r0,r6p3v2_pi05_sp_500_P10_r0:eval:0:1,1,0,1,6,1,True,10,726,476,2,0,0.599641009397107,True,True,True,False,True,39,3.039466402303702,0.25,0.08584256799578208,False,False,True,False,1,1.0248934294165868,0.6709290922082054,0.4605790601802042,0.4493921484523377,0.06578206041801833,0.05538585723371435,0.12042492368048799,False,False,0.018104634364135563
pi05_spatial_500,p3,r6p3v2_pi05_sp_500_P10_r0,r6p3v2_pi05_sp_500_P10_r0:eval:0:1,1,0,1,8,1,True,10,8,803,3,1,0.82679970436068,True,True,True,True,True,39,2.8307498694013744,1.0,0.1447382489809139,False,True,True,False,1,0.5905778073924213,0.6709290922082054,0.09344422684599031,0.15822509020204245,0.008707549165159171,0.028128905859414244,0.02283995076995836,True,False,0.018104634364135563
pi05_spatial_500,p3,r6p3v2_pi05_sp_500_P10_r0,r6p3v2_pi05_sp_500_P10_r0:eval:0:1,1,0,1,10,1,True,10,10,805,4,1,0.2647935804033365,False,False,True,False,False,39,1.9683241980362745,0.5,0.12872068308282206,False,False,True,False,1,0.9411322341228083,0.6709290922082054,0.4584573378588565,0.4871338173706974,0.057225536852356054,0.06567483571455007,0.12214065231495355,False,False,0.018104634364135563
pi05_spatial_500,p3,r6p3v2_pi05_sp_500_P10_r0,r6p3v2_pi05_sp_500_P10_r0:eval:0:1,1,0,1,12,1,True,10,12,732,5,1,0.33752085313060926,False,False,True,False,False,39,2.4385702116028884,0.5,0.1931462435117294,False,False,True,False,1,0.9564924372737783,0.6709290922082054,0.32687878644923796,0.34174738211304323,0.05360880965103964,0.0508212652594715,0.08878327268705796,False,False,0.018104634364135563
pi05_spatial_500,p3,r6p3v2_pi05_sp_500_P10_r0,r6p3v2_pi05_sp_500_P10_r0:eval:0:1,1,0,1,14,1,True,5,320,809,5,1,0.14869601942772673,False,False,True,False,False,39,1.6647226595023785,0.3333333333333333,0.27613693905427844,False,False,False,False,1,,0.6709290922082054,,,0.05387351408603063,0.0,0.05387351408603063,False,True,0.018104634364135563
pi05_spatial_500,p3,r6p3v2_pi05_sp_500_P10_r0,r6p3v2_pi05_sp_500_P10_r0:eval:1:0,1,1,0,0,1,True,10,1040,1668,0,0,0.6089382362304998,True,True,True,False,False,43,6.987379367619847,1.0,0.005634755503443524,False,False,True,False,2,1.215367657609554,0.7069033121183256,0.2578640414176715,0.21216957667349104,0.03746029711290952,0.053831554828372534,0.09122699026815953,False,False,0.013855180110443722
pi05_spatial_500,p3,r6p3v2_pi05_sp_500_P10_r0,r6p3v2_pi05_sp_500_P10_r0:eval:1:0,1,1,0,2,1,True,10,1042,1395,1,0,0.1939377056139234,False,False,True,False,False,43,4.001960969271248,0.2,0.06684726437471318,False,False,True,False,2,0.9876186221123869,0.7069033121183256,0.30860826089357796,0.3124771586763981,0.05482128313280009,0.05439660357142543,0.10918843705802528,False,False,0.013855180110443722
pi05_spatial_500,p3,r6p3v2_pi05_sp_500_P10_r0,r6p3v2_pi05_sp_500_P10_r0:eval:1:0,1,1,0,4,1,True,10,1044,1397,1,0,0.1939377056139234,False,False,True,False,False,43,4.001960969271248,0.2,0.05798220745921572,False,False,True,False,2,1.041397655539622,0.7069033121183256,0.33053509401201064,0.3173956578966341,0.05426272970625032,0.05699665910117991,0.10976104912222477,False,False,0.013855180110443722
pi05_spatial_500,p3,r6p3v2_pi05_sp_500_P10_r0,r6p3v2_pi05_sp_500_P10_r0:eval:1:0,1,1,0,6,1,True,10,1453,1399,2,0,0.5915592168099332,True,False,True,False,True,43,4.920122183866008,0.16666666666666666,0.07995768263804767,False,False,True,False,2,1.027355190921981,0.7069033121183256,0.42051552717377644,0.40931854035447324,0.05469263509707244,0.06108200386539362,0.11357496333202916,False,False,0.013855180110443722
pi05_spatial_500,p3,r6p3v2_pi05_sp_500_P10_r0,r6p3v2_pi05_sp_500_P10_r0:eval:1:0,1,1,0,8,1,True,10,1455,1455,2,0,0.5915592168099332,True,True,True,False,True,43,4.920122183866008,0.16666666666666666,0.12094076126467723,False,False,True,False,2,1.0050937672759712,0.7069033121183256,0.4185415555004985,0.41642040685899356,0.059574643314993306,0.05009063825892756,0.10963018969312444,False,False,0.013855180110443722
pi05_spatial_500,p3,r6p3v2_pi05_sp_500_P10_r0,r6p3v2_pi05_sp_500_P10_r0:eval:1:0,1,1,0,10,1,True,10,1457,1272,2,0,0.5915592168099332,True,True,True,True,True,43,4.920122183866008,0.16666666666666666,0.07736039053518726,False,True,True,False,2,0.5578104553393555,0.7069033121183256,0.03985358967700896,0.07144647307258378,0.017824099446586663,0.010219058550865877,0.011649478846474564,True,False,0.013855180110443722
pi05_spatial_500,p3,r6p3v2_pi05_sp_500_P10_r0,r6p3v2_pi05_sp_500_P10_r0:eval:1:0,1,1,0,12,1,True,10,2009,963,4,1,0.3807532102302876,False,False,True,False,False,43,4.357547687333058,0.3333333333333333,0.12419240851456512,False,False,True,False,2,1.2936635125557796,0.7069033121183256,0.36237014508372273,0.2801115912806563,0.03854195482902736,0.06063151973524682,0.09578398158647587,False,False,0.013855180110443722
pi05_spatial_500,p3,r6p3v2_pi05_sp_500_P10_r0,r6p3v2_pi05_sp_500_P10_r0:eval:1:0,1,1,0,14,1,True,10,1055,965,5,1,0.1202615939721957,False,False,True,False,False,43,2.7385234120531132,0.25,0.09879293680324043,False,False,True,False,2,0.9853387712137428,0.7069033121183256,0.4783925765847691,0.4855107609289381,0.07143783232457697,0.06849983227361327,0.13850589428985585,False,False,0.013855180110443722
pi05_spatial_500,p3,r6p3v2_pi05_sp_500_P10_r0,r6p3v2_pi05_sp_500_P10_r0:eval:1:0,1,1,0,16,1,True,10,1819,967,5,1,0.11453093494640772,False,False,True,False,False,43,2.5210770509761824,0.25,0.13218309311183568,False,False,True,False,2,1.0067489947999773,0.7069033121183256,0.40290873984513426,0.400207739889708,0.06415281273738348,0.061244647109950076,0.12198732326370386,False,False,0.013855180110443722
pi05_spatial_500,p3,r6p3v2_pi05_sp_500_P10_r0,r6p3v2_pi05_sp_500_P10_r0:eval:1:0,1,1,0,18,1,True,10,1821,1821,6,1,0.19259657221691606,False,False,True,False,False,43,2.2682075433429656,0.3333333333333333,0.13923544425214823,False,False,True,False,2,0.944260014863655,0.7069033121183256,0.3411752499169511,0.36131493926089264,0.05485609109113443,0.04042331304595509,0.0917534523914862,False,False,0.013855180110443722
pi05_spatial_500,p3,r6p3v2_pi05_sp_500_P10_r0,r6p3v2_pi05_sp_500_P10_r0:eval:1:0,1,1,0,20,1,True,7,1823,1822,6,1,0.19259657221691606,False,False,True,False,False,43,2.2682075433429656,0.3333333333333333,0.16395786723890823,False,False,False,False,2,,0.7069033121183256,,,0.04344342930411832,0.018157447808172723,0.061239358111021165,False,True,0.013855180110443722
pi05_spatial_500,p3,r6p3v2_pi05_sp_500_P10_r0,r6p3v2_pi05_sp_500_P10_r0:eval:1:1,1,1,1,0,1,True,10,1868,1350,0,0,0.5535418656478828,False,True,True,False,False,43,5.149784753198183,1.0,0.019404755913777737,False,False,True,False,2,1.0786365659296295,0.7069033121183256,0.25280039123039616,0.23437031453918736,0.03439526700418367,0.054227877716011494,0.08862104003166336,False,False,0.017405604012310505
pi05_spatial_500,p3,r6p3v2_pi05_sp_500_P10_r0,r6p3v2_pi05_sp_500_P10_r0:eval:1:1,1,1,1,2,1,True,10,1330,1694,1,0,0.24130717393611376,False,False,True,False,False,43,3.1931826684664264,0.3333333333333333,0.054260678568310065,False,False,True,False,2,0.9619170030687358,0.7069033121183256,0.3163849049616841,0.3289108145009847,0.055653661813811955,0.055378902137331265,0.11099738966037143,False,False,0.017405604012310505
pi05_spatial_500,p3,r6p3v2_pi05_sp_500_P10_r0,r6p3v2_pi05_sp_500_P10_r0:eval:1:1,1,1,1,4,1,True,10,1157,1696,2,0,0.6094104849835509,True,False,True,False,True,43,4.853491012763507,0.2,0.05607479552546981,False,False,True,False,2,0.9540870034082526,0.7069033121183256,0.3499716951097922,0.3668131877487066,0.057156371261203966,0.05720422539416972,0.11103265110612504,False,False,0.017405604012310505
pi05_spatial_500,p3,r6p3v2_pi05_sp_500_P10_r0,r6p3v2_pi05_sp_500_P10_r0:eval:1:1,1,1,1,6,1,True,10,1159,1699,2,0,0.6094104849835509,True,True,True,False,True,43,4.853491012763507,0.2,0.0947893946643283,False,False,True,False,2,1.062564961087565,0.7069033121183256,0.446171824007399,0.41990074992754295,0.057985033265990256,0.0619685385908394,0.11848760834132525,False,False,0.017405604012310505
pi05_spatial_500,p3,r6p3v2_pi05_sp_500_P10_r0,r6p3v2_pi05_sp_500_P10_r0:eval:1:1,1,1,1,8,1,True,10,1118,1898,2,0,0.6495250981640667,True,True,True,True,True,43,5.692836905491747,0.2,0.14824650651581858,False,False,True,False,2,1.0128040447620845,0.7069033121183256,0.23810836174347103,0.23509815445040458,0.045797243960973656,0.020963835239271828,0.06345585097022376,False,False,0.017405604012310505
pi05_spatial_500,p3,r6p3v2_pi05_sp_500_P10_r0,r6p3v2_pi05_sp_500_P10_r0:eval:1:1,1,1,1,10,1,True,10,1097,1703,4,1,0.4025628780643107,False,False,True,True,False,43,4.062521744760015,0.5,0.2447708693562247,False,False,True,False,2,2.1125867308649737,0.7069033121183256,0.21381069249847112,0.10120800693040842,0.011542053017967136,0.04666707612112309,0.05634050076334783,False,False,0.017405604012310505
pi05_spatial_500,p3,r6p3v2_pi05_sp_500_P10_r0,r6p3v2_pi05_sp_500_P10_r0:eval:1:1,1,1,1,12,1,True,10,1617,1861,6,1,0.20978854929427995,False,False,True,False,False,4,2.8309578902956436,0.3333333333333333,0.322895790232689,False,False,True,False,2,0.9906810400607101,0.7069033121183256,0.4633423665011694,0.46770085200457173,0.06637170823100819,0.06533105269754393,0.12751284984405178,False,False,0.017405604012310505
pi05_spatial_500,p3,r6p3v2_pi05_sp_500_P10_r0,r6p3v2_pi05_sp_500_P10_r0:eval:1:1,1,1,1,14,1,True,10,1619,1102,6,1,0.20978854929427995,False,False,True,False,False,4,2.8309578902956436,0.3333333333333333,0.3271597003189509,False,False,True,False,2,0.9760035123471845,0.7069033121183256,0.4128780096476098,0.4230292252275631,0.06381981258991384,0.06499828992546097,0.1275306197095303,False,False,0.017405604012310505
pi05_spatial_500,p3,r6p3v2_pi05_sp_500_P10_r0,r6p3v2_pi05_sp_500_P10_r0:eval:1:1,1,1,1,16,1,True,10,1621,1710,7,1,0.513513477661042,False,False,True,False,True,4,0.0,0.3333333333333333,0.2812720640789524,False,False,True,False,2,1.0904718523186017,0.7069033121183256,0.3547484641135223,0.3253164796131537,0.05299188268471923,0.045897906631624,0.0955869697901593,False,False,0.017405604012310505
pi05_spatial_500,p3,r6p3v2_pi05_sp_500_P10_r0,r6p3v2_pi05_sp_500_P10_r0:eval:1:1,1,1,1,18,1,True,4,1131,1951,7,1,0.2584991510134777,False,False,True,False,False,43,3.3936097603377524,0.3333333333333333,0.2507703370835683,False,False,False,False,2,,0.7069033121183256,,,0.03649306096161609,0.0,0.03649306096161609,False,True,0.017405604012310505
pi05_spatial_500,p3,r6p3v2_pi05_sp_500_P10_r0,r6p3v2_pi05_sp_500_P10_r0:eval:2:0,1,2,0,0,1,True,10,2756,2360,0,0,0.6131212609295904,True,False,True,False,False,42,5.518082388771382,1.0,0.013138270595250842,False,False,True,False,2,1.294718134661163,0.6137567275250041,0.1750894846210439,0.13523366973373405,0.00408885225225208,0.04413743925068198,0.04820980341225987,False,False,0.015896593686193228
pi05_spatial_500,p3,r6p3v2_pi05_sp_500_P10_r0,r6p3v2_pi05_sp_500_P10_r0:eval:2:0,1,2,0,2,1,True,10,2878,2484,1,0,0.42575867975660886,False,True,True,False,False,5,3.9002224239176795,0.5,0.0608146231779285,False,False,True,False,2,1.060276429561906,0.6137567275250041,0.42577983487976856,0.40157436589974543,0.05780001988953875,0.06184239787551748,0.1167625016691399,False,False,0.015896593686193228
pi05_spatial_500,p3,r6p3v2_pi05_sp_500_P10_r0,r6p3v2_pi05_sp_500_P10_r0:eval:2:0,1,2,0,4,1,True,10,2880,2301,2,0,0.6115808917523138,True,True,True,False,True,5,4.071979820195588,0.2,0.10453404479186175,False,False,True,False,2,0.9619525479685446,0.6137567275250041,0.4022301900685137,0.41813932601763476,0.05980696255509487,0.04548096059351109,0.10371822376108873,False,False,0.015896593686193228
pi05_spatial_500,p3,r6p3v2_pi05_sp_500_P10_r0,r6p3v2_pi05_sp_500_P10_r0:eval:2:0,1,2,0,6,1,True,10,2244,2244,2,0,0.7434102878764636,True,True,True,False,True,42,4.099189202322854,0.3333333333333333,0.1429269436356446,False,False,True,False,2,0.9608018666265615,0.6137567275250041,0.3256842685214422,0.3389713111871244,0.045195439526076034,0.037834898478552766,0.08294190182909394,False,False,0.015896593686193228
pi05_spatial_500,p3,r6p3v2_pi05_sp_500_P10_r0,r6p3v2_pi05_sp_500_P10_r0:eval:2:0,1,2,0,8,1,True,10,2946,2246,3,1,0.20252978473180958,False,False,True,True,False,42,2.529188075436,0.3333333333333333,0.17783917162019827,False,False,True,False,2,0.8502412043161219,0.6137567275250041,0.04931606148261586,0.05800243652303637,0.01312065857313663,0.00978435557859057,0.014247209777975898,False,False,0.015896593686193228
pi05_spatial_500,p3,r6p3v2_pi05_sp_500_P10_r0,r6p3v2_pi05_sp_500_P10_r0:eval:2:0,1,2,0,10,1,True,10,2248,2248,3,1,0.30525515160811983,False,False,True,False,False,42,3.407925713470956,0.3333333333333333,0.17891143443906263,False,False,True,False,2,1.2593938690076074,0.6137567275250041,0.3211140620410706,0.2549750875745536,0.027198470922680597,0.05426465907218561,0.08032954694709908,False,False,0.015896593686193228
pi05_spatial_500,p3,r6p3v2_pi05_sp_500_P10_r0,r6p3v2_pi05_sp_500_P10_r0:eval:2:0,1,2,0,12,1,True,10,2250,2392,4,1,0.1683636293910109,False,False,True,False,False,42,2.8673381842075933,0.25,0.21360764943211755,False,False,True,False,2,0.8979789298919179,0.6137567275250041,0.4674242206026557,0.5205291628155636,0.06444600196923221,0.056332345870737384,0.11868186909122494,False,False,0.015896593686193228
pi05_spatial_500,p3,r6p3v2_pi05_sp_500_P10_r0,r6p3v2_pi05_sp_500_P10_r0:eval:2:0,1,2,0,14,1,True,10,2134,2374,5,1,0.3444642583218285,False,False,True,False,False,42,4.092500981647043,0.25,0.16306413820627558,False,False,True,False,2,0.9902492808065647,0.6137567275250041,0.37517347238912024,0.3788677049919581,0.04736316086425398,0.04770641414821969,0.09308721295648478,False,False,0.015896593686193228
pi05_spatial_500,p3,r6p3v2_pi05_sp_500_P10_r0,r6p3v2_pi05_sp_500_P10_r0:eval:2:0,1,2,0,16,1,True,10,2913,2376,6,1,0.2165816587411157,False,False,True,False,False,42,3.2391700887107504,0.25,0.15870979748226324,False,False,True,False,2,1.1199245992619342,0.6137567275250041,0.3016016866043883,0.26930535038086795,0.04469406490964616,0.034069499352012624,0.07614500791364998,False,False,0.015896593686193228
pi05_spatial_500,p3,r6p3v2_pi05_sp_500_P10_r0,r6p3v2_pi05_sp_500_P10_r0:eval:2:0,1,2,0,18,1,True,6,3013,2378,6,1,0.1252077261338651,False,False,True,False,False,42,3.0154200377508036,0.2,0.15566706384461101,False,False,False,False,2,,0.6137567275250041,,0.15761463555480523,0.028949899393548244,0.005017630927760791,0.03391666648896405,False,True,0.015896593686193228
pi05_spatial_500,p3,r6p3v2_pi05_sp_500_P10_r0,r6p3v2_pi05_sp_500_P10_r0:eval:2:1,1,2,1,0,1,True,10,3035,2628,0,0,0.5051548039065296,False,False,True,False,False,42,3.91172215413207,1.0,0.026713326955755907,False,False,True,False,2,2.264546906731984,0.6137567275250041,0.23739257545394166,0.10483005441319294,0.015244312465423683,0.051261954956471276,0.06618982037779748,False,False,0.014634907711297274
pi05_spatial_500,p3,r6p3v2_pi05_sp_500_P10_r0,r6p3v2_pi05_sp_500_P10_r0:eval:2:1,1,2,1,2,1,True,10,2465,3038,2,0,0.4805536380835506,False,False,True,False,True,42,3.1834758506481586,0.2,0.07104987384750049,False,False,True,False,2,1.016317229014844,0.6137567275250041,0.4032256818685982,0.39675179201621985,0.05459855412079525,0.05637209763804599,0.10846736542831037,False,False,0.014634907711297274
pi05_spatial_500,p3,r6p3v2_pi05_sp_500_P10_r0,r6p3v2_pi05_sp_500_P10_r0:eval:2:1,1,2,1,4,1,True,10,3040,3040,2,0,0.6861833358899627,True,True,True,False,True,42,4.157945898432823,0.25,0.07527289144246982,False,False,True,False,2,1.0788462974742217,0.6137567275250041,0.42857030777578664,0.3972487172446611,0.05526432120573501,0.054104194804570356,0.10863010242107911,False,False,0.014634907711297274
pi05_spatial_500,p3,r6p3v2_pi05_sp_500_P10_r0,r6p3v2_pi05_sp_500_P10_r0:eval:2:1,1,2,1,6,1,True,10,2802,2802,1,0,0.5804571253259702,True,True,True,True,True,42,4.058258661561086,0.16666666666666666,0.0827357662757287,False,False,True,False,2,1.1454178292284085,0.6137567275250041,0.2297700471154641,0.20059932825582505,0.043161345470776165,0.016226319064921613,0.05877671961699661,False,False,0.014634907711297274
pi05_spatial_500,p3,r6p3v2_pi05_sp_500_P10_r0,r6p3v2_pi05_sp_500_P10_r0:eval:2:1,1,2,1,8,1,True,10,2581,2472,2,1,0.37439599631845377,False,False,True,True,False,42,3.542777415393114,0.5,0.12312231260605644,False,False,True,False,2,0.8065584922813153,0.6137567275250041,0.17132702317498677,0.21241735697357275,0.008176537350287907,0.03533512731720556,0.04301024892031017,False,False,0.014634907711297274
pi05_spatial_500,p3,r6p3v2_pi05_sp_500_P10_r0,r6p3v2_pi05_sp_500_P10_r0:eval:2:1,1,2,1,10,1,True,10,2130,2967,4,1,0.6141694789589406,True,False,True,False,False,42,5.531864385827277,1.0,0.1366638145691954,False,False,True,False,2,1.2565173658144408,0.6137567275250041,0.5044917545848396,0.4015000256346172,0.06003715918155587,0.06533573064229366,0.12457499724369425,False,False,0.014634907711297274
pi05_spatial_500,p3,r6p3v2_pi05_sp_500_P10_r0,r6p3v2_pi05_sp_500_P10_r0:eval:2:1,1,2,1,12,1,True,10,2133,2373,5,1,0.3444642583218285,False,False,True,False,False,42,4.092500981647043,0.25,0.1240198356661297,False,False,True,False,2,0.9009837455128252,0.6137567275250041,0.38404056089564065,0.4262458260854096,0.05408432312830277,0.04856622220867605,0.09873657040172185,False,False,0.014634907711297274
pi05_spatial_500,p3,r6p3v2_pi05_sp_500_P10_r0,r6p3v2_pi05_sp_500_P10_r0:eval:2:1,1,2,1,14,1,True,10,2273,2375,6,1,0.15159214092140919,False,False,True,False,False,42,2.610423059384271,0.25,0.18498995552130096,False,False,True,False,2,1.1215493116018571,0.6137567275250041,0.3788703925504491,0.337809839149494,0.05007290438413674,0.048964292285073326,0.09744034849811643,False,False,0.014634907711297274
pi05_spatial_500,p3,r6p3v2_pi05_sp_500_P10_r0,r6p3v2_pi05_sp_500_P10_r0:eval:2:1,1,2,1,16,1,True,10,2396,2377,6,1,0.17360471953776138,False,False,True,False,False,42,2.9429796795964958,0.25,0.171962212624266,False,False,True,False,2,0.7990200050944255,0.6137567275250041,0.24978290572356138,0.31261157934843303,0.03316950345457432,0.030102857868232122,0.06326518507893311,False,False,0.014634907711297274
pi05_spatial_500,p3,r6p3v2_pi05_sp_500_P10_r0,r6p3v2_pi05_sp_500_P10_r0:eval:2:1,1,2,1,18,1,True,1,3013,2755,6,1,0.1252077261338651,False,False,True,False,False,42,3.0154200377508036,0.2,0.19934059343207755,False,False,False,False,2,,0.6137567275250041,,0.15761463555480523,0.005422943666889377,0.0,0.005422943666889377,False,True,0.014634907711297274
pi05_spatial_500,p3,r6p3v2_pi05_sp_500_P10_r0,r6p3v2_pi05_sp_500_P10_r0:eval:3:0,1,3,0,0,1,True,10,3628,3325,0,0,0.5971769815418023,True,True,True,False,False,43,4.756184735036848,1.0,0.01805250401783292,False,False,True,False,1,1.0655329464575536,0.762086092106727,0.2565154994977435,0.2407391534448081,0.017315350026581616,0.05633635344757042,0.07355314597771237,False,False,0.014202332951956324
pi05_spatial_500,p3,r6p3v2_pi05_sp_500_P10_r0,r6p3v2_pi05_sp_500_P10_r0:eval:3:0,1,3,0,2,1,True,10,3192,3192,1,0,0.34581976112920737,False,False,True,False,False,43,3.115657885710077,0.3333333333333333,0.09683721116432395,False,False,True,False,1,1.0152040662594657,0.762086092106727,0.42507857223390183,0.41871244054420514,0.06114734883861795,0.061674503839080234,0.12277305838910016,False,False,0.014202332951956324
pi05_spatial_500,p3,r6p3v2_pi05_sp_500_P10_r0,r6p3v2_pi05_sp_500_P10_r0:eval:3:0,1,3,0,4,1,True,10,3295,3194,2,0,0.5504885993485342,True,True,True,False,True,43,2.6902239754720636,0.25,0.11966547824884094,False,False,True,False,1,0.8519525136220065,0.762086092106727,0.4558768000977682,0.5350964904835426,0.06326238649070098,0.06428412433352387,0.1256134885741927,False,False,0.014202332951956324
pi05_spatial_500,p3,r6p3v2_pi05_sp_500_P10_r0,r6p3v2_pi05_sp_500_P10_r0:eval:3:0,1,3,0,6,1,True,10,3280,3246,3,0,0.6096634093376764,True,False,True,False,True,43,2.4090472108839864,0.3333333333333333,0.1272688316929006,False,False,True,False,1,0.8761374462871621,0.762086092106727,0.4143020432180893,0.47287334307395645,0.0532024903795571,0.04683615209922555,0.0971619581704694,False,False,0.014202332951956324
pi05_spatial_500,p3,r6p3v2_pi05_sp_500_P10_r0,r6p3v2_pi05_sp_500_P10_r0:eval:3:0,1,3,0,8,1,True,10,3248,3248,3,0,0.7747014115092291,True,True,True,True,True,43,3.0221739299928694,0.5,0.18059743357649793,False,False,True,False,1,0.9214906163059108,0.762086092106727,0.2552795429553286,0.2770289121105738,0.03831570535395906,0.024243139583115077,0.06213794355924872,False,False,0.014202332951956324
pi05_spatial_500,p3,r6p3v2_pi05_sp_500_P10_r0,r6p3v2_pi05_sp_500_P10_r0:eval:3:0,1,3,0,10,1,True,10,3250,3250,4,1,0.3099891422366992,False,False,True,True,False,43,2.7003981007399998,0.3333333333333333,0.2526729313288738,False,False,True,False,1,1.4557641846854223,0.762086092106727,0.16467035615827655,0.11311609248984261,0.011047768402030245,0.03615646715283227,0.03930235490715092,False,False,0.014202332951956324
pi05_spatial_500,p3,r6p3v2_pi05_sp_500_P10_r0,r6p3v2_pi05_sp_500_P10_r0:eval:3:0,1,3,0,12,1,True,10,3286,3741,5,1,0.3262757871878393,False,False,True,False,False,43,2.0783174601078525,0.5,0.15528121120304592,False,False,True,False,1,1.1085538894921014,0.762086092106727,0.5161354666532483,0.46559348313659565,0.0656249134641694,0.05855972471117707,0.12078375455764111,False,False,0.014202332951956324
pi05_spatial_500,p3,r6p3v2_pi05_sp_500_P10_r0,r6p3v2_pi05_sp_500_P10_r0:eval:3:0,1,3,0,14,1,True,10,3254,3607,6,1,0.33713355048859933,False,False,True,False,False,43,2.9458588416152334,0.3333333333333333,0.14838645740712322,False,False,True,False,1,1.0314663709216376,0.762086092106727,0.4775645590681807,0.4629957626650168,0.055127117131902825,0.06298691269321008,0.11177821423035315,False,False,0.014202332951956324
pi05_spatial_500,p3,r6p3v2_pi05_sp_500_P10_r0,r6p3v2_pi05_sp_500_P10_r0:eval:3:0,1,3,0,16,1,True,7,3289,3222,6,1,0.18946796959826276,False,False,True,False,False,43,1.8889570694382631,0.3333333333333333,0.14486554517386488,False,False,False,False,1,,0.762086092106727,,,0.06086927252990267,0.021006426841661877,0.08158839516680125,False,True,0.014202332951956324
pi05_spatial_500,p3,r6p3v2_pi05_sp_500_P10_r0,r6p3v2_pi05_sp_500_P10_r0:eval:3:1,1,3,1,0,1,True,10,3494,3307,0,0,0.6308360477741585,True,True,True,False,False,43,6.211880275111322,1.0,0.0193809672682078,False,False,True,False,1,1.0070599415596866,0.762086092106727,0.2822865746527595,0.2803076192421749,0.021892525852352823,0.058076763621877574,0.07987471461828076,False,False,0.015484996967845492
pi05_spatial_500,p3,r6p3v2_pi05_sp_500_P10_r0,r6p3v2_pi05_sp_500_P10_r0:eval:3:1,1,3,1,2,1,True,10,3732,3782,1,0,0.38273615635179153,False,False,True,False,False,43,3.7227800271602165,0.3333333333333333,0.12193202370335655,False,False,True,False,1,0.9782318000594086,0.762086092106727,0.4120348930464648,0.42120374028061824,0.06008700150901776,0.059828896450123244,0.11952293710060723,False,False,0.015484996967845492
pi05_spatial_500,p3,r6p3v2_pi05_sp_500_P10_r0,r6p3v2_pi05_sp_500_P10_r0:eval:3:1,1,3,1,4,1,True,10,3783,3784,1,0,0.27741585233441907,False,False,True,False,False,43,2.41232363416181,0.3333333333333333,0.27190388423307055,False,False,True,False,1,1.1054739638987257,0.762086092106727,0.513819522971432,0.46479568017985795,0.06663103863187571,0.07179828505152698,0.1361904419421957,False,False,0.015484996967845492
pi05_spatial_500,p3,r6p3v2_pi05_sp_500_P10_r0,r6p3v2_pi05_sp_500_P10_r0:eval:3:1,1,3,1,6,1,True,10,3786,3786,2,0,0.44516829533116176,False,False,True,False,True,43,1.9507998727300695,0.25,0.23116265879242998,False,False,True,False,1,1.0349366062500946,0.762086092106727,0.4445636692721357,0.4295564255698053,0.05935746213730216,0.04848999430915148,0.10435201882478366,False,False,0.015484996967845492
pi05_spatial_500,p3,r6p3v2_pi05_sp_500_P10_r0,r6p3v2_pi05_sp_500_P10_r0:eval:3:1,1,3,1,8,1,True,10,3788,3788,3,1,0.29261672095548313,False,False,True,True,False,43,1.9014807225407402,0.5,0.2688442351124075,False,False,True,False,1,1.1914874500888815,0.762086092106727,0.19672271391987614,0.16510682836416046,0.03799858106316148,0.013222674511480376,0.050439442626215,False,False,0.015484996967845492
pi05_spatial_500,p3,r6p3v2_pi05_sp_500_P10_r0,r6p3v2_pi05_sp_500_P10_r0:eval:3:1,1,3,1,10,1,True,10,3790,3839,4,1,0.16015200868621063,False,False,True,False,False,43,1.6910265968599083,0.3333333333333333,0.41349248085948476,True,False,True,False,1,0.9934361765831843,0.762086092106727,0.2956195154292286,0.2975727302844756,0.015156122408465983,0.05502799811605151,0.06920992662489739,False,False,0.015484996967845492
pi05_spatial_500,p3,r6p3v2_pi05_sp_500_P10_r0,r6p3v2_pi05_sp_500_P10_r0:eval:3:1,1,3,1,12,1,True,10,3390,3640,5,1,0.13735070575461455,False,False,True,False,False,43,1.3464890814730468,0.3333333333333333,0.35646619677038194,False,False,True,False,1,0.9960213332235373,0.762086092106727,0.4289517558093935,0.4306652292487833,0.059442834124769514,0.049313412968430455,0.10034254391168193,False,False,0.015484996967845492
pi05_spatial_500,p3,r6p3v2_pi05_sp_500_P10_r0,r6p3v2_pi05_sp_500_P10_r0:eval:3:1,1,3,1,14,1,True,10,3391,3794,5,1,0.13735070575461455,False,False,True,False,False,43,1.3464890814730468,0.3333333333333333,0.3218364924610586,False,False,True,False,1,1.0384717908160648,0.762086092106727,0.4805512397539222,0.4627484771409048,0.059725953965732714,0.059564236039062544,0.1124200944467799,False,False,0.015484996967845492
pi05_spatial_500,p3,r6p3v2_pi05_sp_500_P10_r0,r6p3v2_pi05_sp_500_P10_r0:eval:3:1,1,3,1,16,1,True,3,3796,3796,5,1,0.13843648208469056,False,False,True,False,False,43,1.3567431150935003,0.3333333333333333,0.3102470964438983,False,False,False,False,1,,0.762086092106727,,,0.029053422112001702,0.0,0.029053422112001702,False,True,0.015484996967845492
pi05_spatial_500,p3,r6p3v2_pi05_sp_500_P10_r0,r6p3v2_pi05_sp_500_P10_r0:eval:4:0,1,4,0,0,1,True,10,4969,4023,0,0,0.5798771121351766,True,True,True,False,False,43,6.205389938904875,1.0,0.01492563091379527,False,False,True,False,2,1.0832074642686187,0.6712602412021075,0.24464196651778064,0.22584959445692412,0.018912543792446068,0.05418334361528875,0.07305642615338197,False,False,0.011031766637013508
pi05_spatial_500,p3,r6p3v2_pi05_sp_500_P10_r0,r6p3v2_pi05_sp_500_P10_r0:eval:4:0,1,4,0,2,1,True,10,4468,4468,1,0,0.2530721966205837,False,False,True,False,False,43,4.594736589866251,0.25,0.04976897919815655,False,False,True,False,2,0.9883157111721653,0.6712602412021075,0.3807034846675927,0.3852043232380365,0.05981927937571406,0.05527108450446826,0.11466643787443354,False,False,0.011031766637013508
pi05_spatial_500,p3,r6p3v2_pi05_sp_500_P10_r0,r6p3v2_pi05_sp_500_P10_r0:eval:4:0,1,4,0,4,1,True,10,4341,4394,1,0,0.2054531490015361,False,False,True,False,False,43,4.147988671535354,0.25,0.09154768587591429,False,False,True,False,2,0.8582336283969314,0.6712602412021075,0.26416055421324997,0.307795622861653,0.04648318897807066,0.03550025093588281,0.08184012326263505,False,False,0.011031766637013508
pi05_spatial_500,p3,r6p3v2_pi05_sp_500_P10_r0,r6p3v2_pi05_sp_500_P10_r0:eval:4:0,1,4,0,6,1,True,10,4396,4105,2,0,0.07603686635944701,False,True,True,False,False,43,3.155043770334267,0.2,0.12191862590606854,False,False,True,False,2,1.0880566423082945,0.6712602412021075,0.27478069132456734,0.25254263485917844,0.03941620426134252,0.047586419867834316,0.08272336108359592,False,False,0.011031766637013508
pi05_spatial_500,p3,r6p3v2_pi05_sp_500_P10_r0,r6p3v2_pi05_sp_500_P10_r0:eval:4:0,1,4,0,8,1,True,10,4399,4950,3,0,0.25,False,True,True,False,False,43,4.023350282291097,0.3333333333333333,0.1257455202676884,False,False,True,False,2,0.975180609234846,0.6712602412021075,0.25180823364501786,0.2582170228370247,0.031052831403010364,0.04104801090704084,0.07164754036549412,False,False,0.011031766637013508
pi05_spatial_500,p3,r6p3v2_pi05_sp_500_P10_r0,r6p3v2_pi05_sp_500_P10_r0:eval:4:0,1,4,0,10,1,True,10,4110,4110,4,1,0.5034562211981567,True,True,True,True,False,4,6.3417739718532316,0.5,0.15735884784769189,False,True,True,False,2,0.5186994078901251,0.6712602412021075,0.018543860265130677,0.03575068716688949,0.012125209922819916,0.00781413589441902,0.005508715515717682,True,False,0.011031766637013508
pi05_spatial_500,p3,r6p3v2_pi05_sp_500_P10_r0,r6p3v2_pi05_sp_500_P10_r0:eval:4:0,1,4,0,12,1,True,10,4955,3958,5,1,0.4059139784946237,False,False,True,False,False,43,5.152163598673549,0.5,0.10816911891246753,False,False,True,False,2,0.865164074644084,0.6712602412021075,0.3269534529319436,0.37790918799586953,0.03762067911532798,0.05791754987046478,0.0955027198484144,False,False,0.011031766637013508
pi05_spatial_500,p3,r6p3v2_pi05_sp_500_P10_r0,r6p3v2_pi05_sp_500_P10_r0:eval:4:0,1,4,0,14,1,True,10,4957,4957,6,1,0.36367127496159757,False,False,True,False,False,43,5.847379371559443,0.25,0.12596701938759877,False,False,True,False,2,0.8942537697250513,0.6712602412021075,0.3297906935393385,0.36878870931764307,0.05790915246550975,0.049050558957868196,0.10255085727451062,False,False,0.011031766637013508
pi05_spatial_500,p3,r6p3v2_pi05_sp_500_P10_r0,r6p3v2_pi05_sp_500_P10_r0:eval:4:0,1,4,0,16,1,True,10,4327,4226,5,1,0.34792626728110604,False,False,True,False,False,43,6.559586914865205,0.2,0.05127690668878087,False,False,True,False,2,0.9862319696294884,0.6712602412021075,0.29524834652867915,0.299370082922377,0.050529022389428045,0.05557628587567205,0.10516252483024867,False,False,0.011031766637013508
pi05_spatial_500,p3,r6p3v2_pi05_sp_500_P10_r0,r6p3v2_pi05_sp_500_P10_r0:eval:4:0,1,4,0,18,1,True,10,4253,4410,5,1,0.456605222734255,True,False,True,False,False,43,5.688590947387856,0.5,0.13310237924191645,False,False,True,False,2,0.9586103698078237,0.6712602412021075,0.42063149528907473,0.43879297422309377,0.0654474340999076,0.06965769495328951,0.13308181858580614,False,False,0.011031766637013508
pi05_spatial_500,p3,r6p3v2_pi05_sp_500_P10_r0,r6p3v2_pi05_sp_500_P10_r0:eval:4:0,1,4,0,20,1,True,10,3965,4413,7,1,0.023425499231950846,False,False,True,False,False,43,2.4883938476357668,0.16666666666666666,0.13599601568217493,False,False,True,False,2,1.0632886257391145,0.6712602412021075,0.401227457685701,0.3773457629218965,0.05746610287517795,0.05687561651491945,0.11430915525163016,False,False,0.011031766637013508
pi05_spatial_500,p3,r6p3v2_pi05_sp_500_P10_r0,r6p3v2_pi05_sp_500_P10_r0:eval:4:0,1,4,0,22,1,True,10,3967,4415,7,1,0.023425499231950846,False,False,True,False,False,43,2.4883938476357668,0.16666666666666666,0.22519736099475227,False,False,True,False,2,0.859187829798558,0.6712602412021075,0.2904821673739283,0.3380892481240495,0.04922853408798091,0.03370742263573619,0.08288577484255588,False,False,0.011031766637013508
pi05_spatial_500,p3,r6p3v2_pi05_sp_500_P10_r0,r6p3v2_pi05_sp_500_P10_r0:eval:4:0,1,4,0,24,1,True,2,4287,4336,9,1,0.30568356374807987,False,False,True,False,False,43,2.9414505264489015,1.0,0.1881199005330957,False,False,False,False,2,,0.6712602412021075,,,0.01189075908398728,0.0,0.01189075908398728,False,True,0.011031766637013508
pi05_spatial_500,p3,r6p3v2_pi05_sp_500_P10_r0,r6p3v2_pi05_sp_500_P10_r0:eval:4:1,1,4,1,0,1,True,10,4390,4390,0,0,0.6113671274961597,True,True,True,False,False,43,8.729722007482103,1.0,0.022586567330558527,False,False,True,False,2,0.8896020842947571,0.6712602412021075,0.21515789073265237,0.24185857309813008,0.014377119283605088,0.05002042755353442,0.06417261066065659,False,False,0.00928280254205068
pi05_spatial_500,p3,r6p3v2_pi05_sp_500_P10_r0,r6p3v2_pi05_sp_500_P10_r0:eval:4:1,1,4,1,2,1,True,10,4392,4392,1,0,0.44278033794162824,True,True,True,False,False,43,5.527708780162866,0.5,0.031053869063424215,False,False,True,False,2,1.007534274570122,0.6712602412021075,0.4059293913872893,0.4028938782856638,0.061111942399236556,0.061267578549754786,0.12194240624604996,False,False,0.00928280254205068
pi05_spatial_500,p3,r6p3v2_pi05_sp_500_P10_r0,r6p3v2_pi05_sp_500_P10_r0:eval:4:1,1,4,1,4,1,True,10,4394,4394,2,0,0.07603686635944701,False,False,True,False,False,43,3.155043770334267,0.2,0.050364406121308214,False,False,True,False,2,1.2225263524549603,0.6712602412021075,0.32966651836993444,0.2696600508511982,0.05741754510061691,0.04442203188996392,0.10162713578303248,False,False,0.00928280254205068
pi05_spatial_500,p3,r6p3v2_pi05_sp_500_P10_r0,r6p3v2_pi05_sp_500_P10_r0:eval:4:1,1,4,1,6,1,True,10,4191,4191,2,0,0.11674347158218125,False,False,True,False,False,43,3.7875658701638577,0.2,0.049587445463674044,False,False,True,False,2,0.8165550918418655,0.6712602412021075,0.23224487433206303,0.28442033691590735,0.038624105583211325,0.03740708499421312,0.0715652483021554,False,False,0.00928280254205068
pi05_spatial_500,p3,r6p3v2_pi05_sp_500_P10_r0,r6p3v2_pi05_sp_500_P10_r0:eval:4:1,1,4,1,8,1,True,10,4106,4398,2,0,0.44278033794162824,True,False,True,False,True,4,2.666482892471738,0.25,0.12202754772760803,False,False,True,False,2,0.9678315077388597,0.6712602412021075,0.22909441622539284,0.2367089874565306,0.038374857914736354,0.029227898048110396,0.06551845603105537,False,False,0.00928280254205068
pi05_spatial_500,p3,r6p3v2_pi05_sp_500_P10_r0,r6p3v2_pi05_sp_500_P10_r0:eval:4:1,1,4,1,10,1,True,10,5003,5002,3,0,0.478110599078341,True,True,True,True,True,43,3.433933214209474,0.25,0.18173127567766265,False,False,True,False,2,1.3348354578406099,0.6712602412021075,0.23184170764357626,0.1736856076767928,0.031307697858287985,0.0347181792765271,0.06593788884139813,False,False,0.00928280254205068
pi05_spatial_500,p3,r6p3v2_pi05_sp_500_P10_r0,r6p3v2_pi05_sp_500_P10_r0:eval:4:1,1,4,1,12,1,True,10,5004,5004,4,1,0.6482334869431644,True,True,True,True,True,43,3.0614772468329603,1.0,0.15703856984111791,False,False,True,False,2,1.503309636825533,0.6712602412021075,0.07809553877532367,0.05194907081167542,0.017182254025346073,0.011289320357865474,0.02382125404223898,False,False,0.00928280254205068
pi05_spatial_500,p3,r6p3v2_pi05_sp_500_P10_r0,r6p3v2_pi05_sp_500_P10_r0:eval:4:1,1,4,1,14,1,True,10,4172,3984,7,1,0.47427035330261136,True,False,True,False,False,43,5.8859097522225285,0.5,0.2118840098506578,False,True,True,False,2,0.5545133167368697,0.6712602412021075,0.2155210482354725,0.38866703779765593,0.01629700611268906,0.047791259953041794,0.06289241741285148,True,False,0.00928280254205068
pi05_spatial_500,p3,r6p3v2_pi05_sp_500_P10_r0,r6p3v2_pi05_sp_500_P10_r0:eval:4:1,1,4,1,16,1,True,10,4114,4631,5,1,0.48041474654377875,True,False,True,False,False,4,9.236841734285969,0.3333333333333333,0.15448326671010332,False,False,True,False,2,1.0897791880332417,0.6712602412021075,0.3697960507276559,0.33933117349675057,0.05644672914517719,0.05235777072220176,0.10736565329370372,False,False,0.00928280254205068
pi05_spatial_500,p3,r6p3v2_pi05_sp_500_P10_r0,r6p3v2_pi05_sp_500_P10_r0:eval:4:1,1,4,1,18,1,True,10,4115,4633,6,1,0.46735791090629797,True,False,True,False,False,4,6.876907882787246,0.3333333333333333,0.10459816354415268,False,False,True,False,2,1.0628666701375,0.6712602412021075,0.29571802534983976,0.2782268309453937,0.05170418736180272,0.053343847930158825,0.10390451237700005,False,False,0.00928280254205068
pi05_spatial_500,p3,r6p3v2_pi05_sp_500_P10_r0,r6p3v2_pi05_sp_500_P10_r0:eval:4:1,1,4,1,20,1,True,10,4227,3989,6,1,0.4942396313364055,True,False,True,False,False,43,6.155505610493098,0.5,0.05306931593586995,False,False,True,False,2,1.045076853422368,0.6712602412021075,0.3395224370821688,0.32487796086031073,0.055387849916450564,0.06294272409242835,0.1162175136565159,False,False,0.00928280254205068
pi05_spatial_500,p3,r6p3v2_pi05_sp_500_P10_r0,r6p3v2_pi05_sp_500_P10_r0:eval:4:1,1,4,1,22,1,True,10,4229,4987,7,1,0.21236559139784947,False,False,True,False,False,43,5.127108183716057,0.16666666666666666,0.0938117737634713,False,False,True,False,2,1.0673155657773388,0.6712602412021075,0.4300265188011305,0.4029047571211397,0.06545422904551214,0.06326908155093977,0.1275901946026688,False,False,0.00928280254205068
pi05_spatial_500,p3,r6p3v2_pi05_sp_500_P10_r0,r6p3v2_pi05_sp_500_P10_r0:eval:4:1,1,4,1,24,1,True,10,4044,3993,9,1,0.24731182795698925,False,False,True,False,False,4,5.178031365436446,0.2,0.05058209319495032,False,False,True,False,2,1.043771094527937,0.6712602412021075,0.38608425277288777,0.36989360483056954,0.06088082131956067,0.04951826745249105,0.11014659231123004,False,False,0.00928280254205068
pi05_spatial_500,p3,r6p3v2_pi05_sp_500_P10_r0,r6p3v2_pi05_sp_500_P10_r0:eval:4:1,1,4,1,26,1,True,10,4209,3995,9,1,0.4631336405529954,True,False,True,False,False,43,4.840352369235761,1.0,0.09649717541001226,False,False,False,False,2,,0.6712602412021075,0.24965988628871155,,0.03964910648492967,0.031876747786471114,0.07152577206523533,False,False,0.00928280254205068
pi05_spatial_500,p3,r6p3v2_pi05_sp_500_P10_r0,r6p3v2_pi05_sp_500_P10_r0:eval:4:1,1,4,1,28,1,True,1,4210,3998,9,1,0.4631336405529954,True,False,True,False,False,43,4.840352369235761,1.0,0.14983051861818622,False,False,False,False,2,,0.6712602412021075,,,0.004087603571643848,0.0,0.004087603571643848,False,True,0.00928280254205068
pi05_spatial_500,p3,r6p3v2_pi05_sp_500_P10_r0,r6p3v2_pi05_sp_500_P10_r0:eval:5:0,1,5,0,0,1,True,10,5896,5618,0,0,0.4816250742721331,False,True,True,False,False,41,3.8256088119014415,1.0,0.01274721969315878,False,False,True,False,2,0.8165771399343384,0.5805091758624843,0.34014122466515184,0.4165451223536613,0.015978705991891558,0.04886702845424406,0.06465089724558086,False,False,0.01881455278231038
pi05_spatial_500,p3,r6p3v2_pi05_sp_500_P10_r0,r6p3v2_pi05_sp_500_P10_r0:eval:5:0,1,5,0,2,1,True,10,5997,6050,1,0,0.24668746286393342,False,False,True,False,False,41,2.4629960569232954,0.5,0.07615964687780524,False,False,True,False,2,1.1892996698004492,0.5805091758624843,0.6064898888265579,0.5099554840777176,0.06173340763138167,0.06133167913621944,0.11940188971846342,False,False,0.01881455278231038
pi05_spatial_500,p3,r6p3v2_pi05_sp_500_P10_r0,r6p3v2_pi05_sp_500_P10_r0:eval:5:0,1,5,0,4,1,True,10,5921,6052,2,0,0.6229055258467023,True,True,True,False,True,41,3.9385307727283725,0.25,0.04178369729700851,False,False,True,False,2,0.8439390381251556,0.5805091758624843,0.4517269914676803,0.5352602155615528,0.05549387995350015,0.04665924628323747,0.10097260265324283,False,False,0.01881455278231038
pi05_spatial_500,p3,r6p3v2_pi05_sp_500_P10_r0,r6p3v2_pi05_sp_500_P10_r0:eval:5:0,1,5,0,6,1,True,10,5402,5559,2,0,0.6431075460487226,True,False,True,True,True,41,4.086420178951509,0.25,0.1175908309664207,False,False,True,False,2,0.716908093005719,0.5805091758624843,0.2093135415804697,0.2919670507594618,0.04036052117725784,0.00816731617606378,0.0482392569471395,False,False,0.01881455278231038
pi05_spatial_500,p3,r6p3v2_pi05_sp_500_P10_r0,r6p3v2_pi05_sp_500_P10_r0:eval:5:0,1,5,0,8,1,True,10,5714,6056,3,1,0.5113339275103981,True,True,True,True,False,41,4.632279841010284,0.5,0.16898997348752787,False,False,True,False,2,0.9323262427957598,0.5805091758624843,0.1342148891137446,0.1439570001926315,0.003912939932780864,0.025418726623696725,0.02926543231356094,False,False,0.01881455278231038
pi05_spatial_500,p3,r6p3v2_pi05_sp_500_P10_r0,r6p3v2_pi05_sp_500_P10_r0:eval:5:0,1,5,0,10,1,True,10,5823,5824,4,1,0.22360368389780153,False,False,True,False,False,41,3.9653780766366946,0.16666666666666666,0.14370035120744776,False,False,True,False,2,1.096329447925791,0.5805091758624843,0.44863004123729505,0.4092109740243538,0.0509181190927702,0.05492994941107442,0.10332416765393289,False,False,0.01881455278231038
pi05_spatial_500,p3,r6p3v2_pi05_sp_500_P10_r0,r6p3v2_pi05_sp_500_P10_r0:eval:5:0,1,5,0,12,1,True,10,6149,5789,4,1,0.17256387403446227,False,False,True,False,False,41,3.5198580507456567,0.2,0.11632623141871064,False,False,True,False,2,1.077761457635867,0.5805091758624843,0.4197328899691917,0.3894487847894472,0.05683736422209574,0.05825348551309033,0.11344725770515715,False,False,0.01881455278231038
pi05_spatial_500,p3,r6p3v2_pi05_sp_500_P10_r0,r6p3v2_pi05_sp_500_P10_r0:eval:5:0,1,5,0,14,1,True,10,6151,5373,5,1,0.2890225787284611,False,False,True,False,False,41,3.481311723606106,0.3333333333333333,0.1395073224334294,False,False,True,False,2,0.9754891676297722,0.5805091758624843,0.5314073533775012,0.544759871264082,0.07017169227512848,0.0603289718699435,0.12944071165547621,False,False,0.01881455278231038
pi05_spatial_500,p3,r6p3v2_pi05_sp_500_P10_r0,r6p3v2_pi05_sp_500_P10_r0:eval:5:0,1,5,0,16,1,True,8,5950,5375,5,1,0.1410873440285205,False,False,True,False,False,41,2.848388287351183,0.25,0.18664090947274867,False,False,False,False,2,,0.5805091758624843,,,0.04070771729334075,0.031421194371443216,0.07064767918135553,False,True,0.01881455278231038
pi05_spatial_500,p3,r6p3v2_pi05_sp_500_P10_r0,r6p3v2_pi05_sp_500_P10_r0:eval:5:1,1,5,1,0,1,True,10,5852,5618,1,0,0.27800059417706474,False,True,True,False,False,41,2.9130577153830743,0.5,0.0177544230900429,False,False,True,False,2,0.766635216957306,0.5805091758624843,0.4164556020188286,0.5432252429932671,0.0254278837785129,0.05134461038871165,0.07598987245132881,False,False,0.015343597624450922
pi05_spatial_500,p3,r6p3v2_pi05_sp_500_P10_r0,r6p3v2_pi05_sp_500_P10_r0:eval:5:1,1,5,1,2,1,True,10,5919,5342,2,0,0.6229055258467023,True,True,True,False,True,41,3.9385307727283725,0.25,0.045067864140964115,False,False,True,False,2,1.0501634226340468,0.5805091758624843,0.5552087007966134,0.5286879059299406,0.06129926311637837,0.05643443907701219,0.11157325881578384,False,False,0.015343597624450922
pi05_spatial_500,p3,r6p3v2_pi05_sp_500_P10_r0,r6p3v2_pi05_sp_500_P10_r0:eval:5:1,1,5,1,4,1,True,10,5856,5856,2,0,0.697653000594177,True,True,True,False,True,41,4.4819413858298685,0.25,0.13401055136738887,False,False,True,False,2,0.8686893890574209,0.5805091758624843,0.44504957458496447,0.5123230238461522,0.0560804890541087,0.04680542890587158,0.10206162833246947,False,False,0.015343597624450922
pi05_spatial_500,p3,r6p3v2_pi05_sp_500_P10_r0,r6p3v2_pi05_sp_500_P10_r0:eval:5:1,1,5,1,6,1,True,10,5712,5383,2,0,0.7269459298871063,True,True,True,True,True,41,4.8798269437590465,0.25,0.18104889738232646,False,True,True,False,2,0.4928971382233364,0.5805091758624843,0.1402011566426908,0.2844430323698985,0.02711580591325635,0.0055511883768261,0.03230017794292407,True,False,0.015343597624450922
pi05_spatial_500,p3,r6p3v2_pi05_sp_500_P10_r0,r6p3v2_pi05_sp_500_P10_r0:eval:5:1,1,5,1,8,1,True,10,5541,5541,3,1,0.5204248366013072,True,True,True,True,False,41,4.736543201030351,0.5,0.2478197927808138,False,False,True,False,2,1.3609391628654466,0.5805091758624843,0.11164801256789929,0.08203747501308235,0.002924998427474411,0.02245572972610171,0.02414546616429695,False,False,0.015343597624450922
pi05_spatial_500,p3,r6p3v2_pi05_sp_500_P10_r0,r6p3v2_pi05_sp_500_P10_r0:eval:5:1,1,5,1,10,1,True,10,5543,5824,4,1,0.5143642305407011,True,False,True,False,False,41,4.693975351352771,0.5,0.12907270575051608,False,False,True,False,2,0.848158780894326,0.5805091758624843,0.4194602748228649,0.4945539494156654,0.042695428781903286,0.053779229394622506,0.09447088156030901,False,False,0.015343597624450922
pi05_spatial_500,p3,r6p3v2_pi05_sp_500_P10_r0,r6p3v2_pi05_sp_500_P10_r0:eval:5:1,1,5,1,12,1,True,10,6095,5351,4,1,0.2988265002970885,False,False,True,False,False,41,4.4430101650936695,0.2,0.1028223165955383,False,False,True,False,2,1.1068734382311738,0.5805091758624843,0.41895948933724886,0.3785071308665263,0.053863286412114984,0.05200196275890679,0.10393201420898313,False,False,0.015343597624450922
pi05_spatial_500,p3,r6p3v2_pi05_sp_500_P10_r0,r6p3v2_pi05_sp_500_P10_r0:eval:5:1,1,5,1,14,1,True,10,6097,5827,5,1,0.572534165181224,True,False,True,False,False,41,4.462009569257702,1.0,0.2628253812994421,False,False,True,False,2,0.8559907142501976,0.5805091758624843,0.4378181292413199,0.5114753255528307,0.05602558193560989,0.0640960422939818,0.11601718434352962,False,False,0.015343597624450922
pi05_spatial_500,p3,r6p3v2_pi05_sp_500_P10_r0,r6p3v2_pi05_sp_500_P10_r0:eval:5:1,1,5,1,16,1,True,10,5654,5549,6,1,0.3200089126559715,False,False,True,False,False,41,2.261547078775242,1.0,0.2420834108459277,False,False,False,False,2,,0.5805091758624843,0.4569477151997173,,0.06132954917862833,0.04730512627148474,0.10296095290140544,False,False,0.015343597624450922
pi05_spatial_500,p3,r6p3v2_pi05_sp_500_P10_r0,r6p3v2_pi05_sp_500_P10_r0:eval:5:1,1,5,1,18,1,True,8,5442,5515,8,3,0.14007724301841948,False,False,True,False,False,5,2.8447003191305242,0.25,0.33357141665799844,False,False,False,False,2,,0.5805091758624843,,,0.047094635480171405,0.026844509544684682,0.0738904404524438,False,True,0.015343597624450922
pi05_spatial_500,p3,r6p3v2_pi05_sp_500_P10_r0,r6p3v2_pi05_sp_500_P10_r0:eval:6:0,1,6,0,0,1,True,10,6408,7106,0,0,0.4906367041198501,False,False,True,False,False,49,4.521320990295467,0.5,0.014118649876178056,False,False,True,False,2,0.9742945689387468,0.7358285614820921,0.2138655711227846,0.21950812202077477,0.0223536020478874,0.05015580322018691,0.07235269039313245,False,False,0.012830905192954973
pi05_spatial_500,p3,r6p3v2_pi05_sp_500_P10_r0,r6p3v2_pi05_sp_500_P10_r0:eval:6:0,1,6,0,2,1,True,10,6410,6410,1,0,0.2097378277153558,False,False,True,False,False,49,3.409915034140633,0.25,0.06353686696617247,False,False,True,False,2,0.9744217822015081,0.7358285614820921,0.35040936200437145,0.3596074804615848,0.05673112629972235,0.05949436110801466,0.1161115401729822,False,False,0.012830905192954973
pi05_spatial_500,p3,r6p3v2_pi05_sp_500_P10_r0,r6p3v2_pi05_sp_500_P10_r0:eval:6:0,1,6,0,4,1,True,10,6350,6412,2,0,0.6109550561797753,True,False,True,False,True,49,4.201721550391751,0.2,0.06626350638238616,False,False,True,False,2,0.9979299959148535,0.7358285614820921,0.38347307991584595,0.38426851731648426,0.06200010852072768,0.0611307413308859,0.12285041583423423,False,False,0.012830905192954973
pi05_spatial_500,p3,r6p3v2_pi05_sp_500_P10_r0,r6p3v2_pi05_sp_500_P10_r0:eval:6:0,1,6,0,6,1,True,10,6897,6897,1,0,0.38904494382022475,False,False,True,False,True,49,2.1719656219551466,0.2,0.0797582782240265,False,False,True,False,2,1.0472636102853177,0.7358285614820921,0.37700420298609416,0.35998978603236553,0.05472361432726993,0.04892720499195367,0.10053395671180437,False,False,0.012830905192954973
pi05_spatial_500,p3,r6p3v2_pi05_sp_500_P10_r0,r6p3v2_pi05_sp_500_P10_r0:eval:6:0,1,6,0,8,1,True,10,7024,6899,2,0,0.5739700374531834,True,False,True,False,True,49,2.099755841778686,0.5,0.11160855568477988,False,False,True,False,2,1.0484139737849203,0.7358285614820921,0.3683402456560663,0.35133091971896063,0.05069018226774045,0.042839362862905656,0.09343986118051004,False,False,0.012830905192954973
pi05_spatial_500,p3,r6p3v2_pi05_sp_500_P10_r0,r6p3v2_pi05_sp_500_P10_r0:eval:6:0,1,6,0,10,1,True,10,7026,6902,3,1,0.6423220973782772,True,False,True,True,True,49,2.0824811024424297,1.0,0.17017470268389556,False,False,True,False,2,1.6421403098029101,0.7358285614820921,0.09720782489903548,0.05919580946813392,0.012107122443913605,0.01644051166918034,0.025217899001443188,False,False,0.012830905192954973
pi05_spatial_500,p3,r6p3v2_pi05_sp_500_P10_r0,r6p3v2_pi05_sp_500_P10_r0:eval:6:0,1,6,0,12,1,True,10,7028,7096,4,1,0.28885767790262173,False,False,True,False,False,49,3.4755735062262914,0.3333333333333333,0.2820151604295709,False,False,True,False,2,1.0650828443420721,0.7358285614820921,0.4247511653206982,0.3987963636604037,0.04170083848226248,0.06865175256863498,0.10813094088636856,False,False,0.012830905192954973
pi05_spatial_500,p3,r6p3v2_pi05_sp_500_P10_r0,r6p3v2_pi05_sp_500_P10_r0:eval:6:0,1,6,0,14,1,True,10,6381,7030,5,1,0.17743445692883897,False,False,True,False,False,49,2.357841982621063,0.3333333333333333,0.1567298478160811,False,False,True,False,2,1.1094323871297,0.7358285614820921,0.3946957485831981,0.35576367984384033,0.059722073637601215,0.04952710388137743,0.10512995111456559,False,False,0.012830905192954973
pi05_spatial_500,p3,r6p3v2_pi05_sp_500_P10_r0,r6p3v2_pi05_sp_500_P10_r0:eval:6:0,1,6,0,16,1,True,10,7100,7032,5,1,0.3309925093632959,False,False,True,False,False,49,3.841181530392267,0.3333333333333333,0.13436066254391485,False,False,True,False,2,0.9432428833342944,0.7358285614820921,0.35574142014018356,0.3771472082383105,0.04799977945220431,0.048336403098847874,0.09535293429469929,False,False,0.012830905192954973
pi05_spatial_500,p3,r6p3v2_pi05_sp_500_P10_r0,r6p3v2_pi05_sp_500_P10_r0:eval:6:0,1,6,0,18,1,True,10,7102,7102,6,1,0.24953183520599254,False,False,True,False,False,49,3.1068620185561535,0.3333333333333333,0.198172541742862,False,False,True,False,2,1.0171712979093206,0.7358285614820921,0.34251247260362244,0.33673037501905306,0.048952301062305234,0.04437522103873251,0.08752228410126472,False,False,0.012830905192954973
pi05_spatial_500,p3,r6p3v2_pi05_sp_500_P10_r0,r6p3v2_pi05_sp_500_P10_r0:eval:6:0,1,6,0,20,1,True,9,6912,7037,6,1,0.20271535580524347,False,False,True,False,False,49,2.698493811757959,0.3333333333333333,0.26667755053407965,False,False,False,False,2,,0.7358285614820921,,,0.02985703883028791,0.01561264200393326,0.045315719059630756,False,True,0.012830905192954973
pi05_spatial_500,p3,r6p3v2_pi05_sp_500_P10_r0,r6p3v2_pi05_sp_500_P10_r0:eval:6:1,1,6,1,0,1,True,10,6469,6913,0,0,0.5945692883895131,True,True,True,False,False,49,5.572038221752938,1.0,0.018276838645499983,False,False,True,False,2,0.9890906307351958,0.7358285614820921,0.2629446981350658,0.2658448982977604,0.03282523880798699,0.056022414212252764,0.0888132374012339,False,False,0.012940367345105518
pi05_spatial_500,p3,r6p3v2_pi05_sp_500_P10_r0,r6p3v2_pi05_sp_500_P10_r0:eval:6:1,1,6,1,2,1,True,10,6284,7167,0,0,0.2696629213483146,False,False,True,False,False,49,3.8709039519387596,0.25,0.04063572362321761,False,False,True,False,2,1.0704934890559858,0.7358285614820921,0.38228012030984104,0.3571064412983535,0.06134517787362019,0.06307986908669161,0.12426601075724768,False,False,0.012940367345105518
pi05_spatial_500,p3,r6p3v2_pi05_sp_500_P10_r0,r6p3v2_pi05_sp_500_P10_r0:eval:6:1,1,6,1,4,1,True,10,6286,7169,1,0,0.3904494382022472,False,False,True,False,False,49,3.7039274385639946,0.5,0.0798873293299928,False,False,True,False,2,1.0939163835652828,0.7358285614820921,0.43435823337787705,0.3970671249681995,0.06814579690105192,0.05872430510043098,0.1255921845215146,False,False,0.012940367345105518
pi05_spatial_500,p3,r6p3v2_pi05_sp_500_P10_r0,r6p3v2_pi05_sp_500_P10_r0:eval:6:1,1,6,1,6,1,True,10,6494,7171,1,0,0.5500936329588014,True,True,True,False,True,49,3.916004278594466,0.16666666666666666,0.11662625237547357,False,False,True,False,2,1.1306131118405203,0.7358285614820921,0.3633531826042577,0.32137711724637313,0.04949801163022197,0.0446352177670793,0.09323083704919487,False,False,0.012940367345105518
pi05_spatial_500,p3,r6p3v2_pi05_sp_500_P10_r0,r6p3v2_pi05_sp_500_P10_r0:eval:6:1,1,6,1,8,1,True,10,6983,6496,3,1,0.5084269662921348,True,True,True,True,False,49,4.853850841698717,0.5,0.10418445299461937,False,True,True,False,2,0.7033448444501965,0.7358285614820921,0.10223238065643492,0.14535171681872466,0.030015429036754502,0.005360492658546763,0.026785377332794416,True,False,0.012940367345105518
pi05_spatial_500,p3,r6p3v2_pi05_sp_500_P10_r0,r6p3v2_pi05_sp_500_P10_r0:eval:6:1,1,6,1,10,1,True,10,6498,6356,3,1,0.37780898876404495,False,False,True,True,False,49,4.126540157851576,0.3333333333333333,0.1780350083978668,False,False,True,False,2,1.9801322085079847,0.7358285614820921,0.1734819870134614,0.08761131517787836,0.01351140941022184,0.0317239252058586,0.04393491848274366,False,False,0.012940367345105518
pi05_spatial_500,p3,r6p3v2_pi05_sp_500_P10_r0,r6p3v2_pi05_sp_500_P10_r0:eval:6:1,1,6,1,12,1,True,10,6844,7220,4,1,0.17275280898876408,False,False,True,False,False,49,2.2900499770673477,0.3333333333333333,0.12205292801729178,False,False,True,False,2,0.9770437741205178,0.7358285614820921,0.473388238777316,0.48451077762962524,0.06190445277198773,0.06284868299065544,0.12056661297875973,False,False,0.012940367345105518
pi05_spatial_500,p3,r6p3v2_pi05_sp_500_P10_r0,r6p3v2_pi05_sp_500_P10_r0:eval:6:1,1,6,1,14,1,True,10,6761,6360,5,1,0.08333333333333333,False,False,True,False,False,49,1.9867396493004015,0.25,0.23081804136617365,False,False,True,False,2,0.9448757271699212,0.7358285614820921,0.3772148360863435,0.3992216386129128,0.05212329467167291,0.052007965257908156,0.10149014252164336,False,False,0.012940367345105518
pi05_spatial_500,p3,r6p3v2_pi05_sp_500_P10_r0,r6p3v2_pi05_sp_500_P10_r0:eval:6:1,1,6,1,16,1,True,10,6763,6465,6,1,0.15308988764044945,False,False,True,False,False,49,1.9629131469732002,0.3333333333333333,0.25445860927917624,False,False,True,False,2,0.9336582755326746,0.7358285614820921,0.44135566468058474,0.47271649194003096,0.05707137708720762,0.060765985292624024,0.11677777463876073,False,False,0.012940367345105518
pi05_spatial_500,p3,r6p3v2_pi05_sp_500_P10_r0,r6p3v2_pi05_sp_500_P10_r0:eval:6:1,1,6,1,18,1,True,10,6632,6764,6,1,0.2504681647940075,False,False,True,False,False,49,3.1106349875929706,0.3333333333333333,0.33605039057668273,False,False,True,False,2,0.8959788089031274,0.7358285614820921,0.3224700685899825,0.3599081422302341,0.04991976963928976,0.03464689953649242,0.08223177178926273,False,False,0.012940367345105518
pi05_spatial_500,p3,r6p3v2_pi05_sp_500_P10_r0,r6p3v2_pi05_sp_500_P10_r0:eval:6:1,1,6,1,20,1,True,1,6345,6365,8,1,0.2345505617977528,False,False,True,False,False,49,2.925302661842535,0.3333333333333333,0.3853550379601073,True,False,False,False,2,,0.7358285614820921,,,0.004223565546660858,0.0,0.004223565546660858,False,True,0.012940367345105518
pi05_spatial_500,p3,r6p3v2_pi05_sp_500_P10_r0,r6p3v2_pi05_sp_500_P10_r0:eval:7:0,1,7,0,0,1,True,10,7945,7945,0,0,0.3665675160568904,False,False,True,False,False,41,3.954035191328113,1.0,0.02917416465843041,False,False,True,False,2,1.2436874341120863,0.644949401716119,0.17719291593173037,0.14247383311244505,0.012394639104265102,0.04058236054331532,0.05283212587689024,False,False,0.015646907162259926
pi05_spatial_500,p3,r6p3v2_pi05_sp_500_P10_r0,r6p3v2_pi05_sp_500_P10_r0:eval:7:0,1,7,0,2,1,True,10,7806,7529,1,0,0.6254706899780768,True,True,True,False,True,41,7.234617275975115,0.16666666666666666,0.07706671326905241,False,False,True,False,2,1.0908596060880922,0.644949401716119,0.4775285155803959,0.43775432962711897,0.05380742320940745,0.059838339820322516,0.11316345548116294,False,False,0.015646907162259926
pi05_spatial_500,p3,r6p3v2_pi05_sp_500_P10_r0,r6p3v2_pi05_sp_500_P10_r0:eval:7:0,1,7,0,4,1,True,10,8309,7319,2,0,0.729585440283791,True,True,True,True,True,41,7.495810550761662,0.25,0.10144386099475203,False,False,True,False,2,0.9765876918828429,0.644949401716119,0.39552508713106455,0.4050072414577533,0.057899216534088534,0.046947750633679085,0.1048157816261693,False,False,0.015646907162259926
pi05_spatial_500,p3,r6p3v2_pi05_sp_500_P10_r0,r6p3v2_pi05_sp_500_P10_r0:eval:7:0,1,7,0,6,1,True,10,8311,8311,4,1,0.40328849522424565,False,False,True,True,False,41,6.296705126578553,0.3333333333333333,0.09074464924463703,False,False,True,False,2,0.926920821398684,0.644949401716119,0.05841871364567286,0.06302449173330847,0.006537762975628274,0.010382297640569221,0.014718978708222351,False,False,0.015646907162259926
pi05_spatial_500,p3,r6p3v2_pi05_sp_500_P10_r0,r6p3v2_pi05_sp_500_P10_r0:eval:7:0,1,7,0,8,1,True,10,8313,8313,4,1,0.40328849522424565,False,False,True,False,False,41,6.296705126578553,0.3333333333333333,0.14221821035527854,False,False,True,False,2,0.9963570981020092,0.644949401716119,0.19387632839165547,0.1945851831245809,0.0198677534348112,0.04061811473458423,0.05964856882976034,False,False,0.015646907162259926
pi05_spatial_500,p3,r6p3v2_pi05_sp_500_P10_r0,r6p3v2_pi05_sp_500_P10_r0:eval:7:0,1,7,0,10,1,True,10,8314,7587,5,1,0.29467891727534123,False,False,True,False,False,41,3.8575157212406417,0.5,0.1941714710272846,False,False,True,False,2,1.4083282591793576,0.644949401716119,0.4346373627136656,0.3086193576538269,0.0540854193705549,0.0669724634406774,0.12101696401106095,False,False,0.015646907162259926
pi05_spatial_500,p3,r6p3v2_pi05_sp_500_P10_r0,r6p3v2_pi05_sp_500_P10_r0:eval:7:0,1,7,0,12,1,True,10,8317,8317,6,1,0.2039847528395633,False,False,True,False,False,41,3.1548481830658353,0.3333333333333333,0.2721727291727382,False,False,True,False,2,1.0587847169985456,0.644949401716119,0.33923809332452176,0.3204032773406454,0.05753287469616051,0.05389323489450071,0.1108451111407355,False,False,0.015646907162259926
pi05_spatial_500,p3,r6p3v2_pi05_sp_500_P10_r0,r6p3v2_pi05_sp_500_P10_r0:eval:7:0,1,7,0,14,1,True,10,8319,7913,7,1,0.2807537649689879,False,False,True,False,False,41,3.611764055887177,0.5,0.2516962276550607,False,False,True,False,2,1.0405592143375,0.644949401716119,0.3095732923500858,0.29750665611777216,0.054838621421934186,0.055180403593049786,0.10989453351110222,False,False,0.015646907162259926
pi05_spatial_500,p3,r6p3v2_pi05_sp_500_P10_r0,r6p3v2_pi05_sp_500_P10_r0:eval:7:0,1,7,0,16,1,True,10,8321,7844,8,1,0.1379295149331835,False,False,True,False,False,41,4.139566963369723,0.2,0.27806023064694696,False,False,True,False,2,1.029158962968645,0.644949401716119,0.30984103683917047,0.30106237033142397,0.05226875014256535,0.05145066421067166,0.10260229410540256,False,False,0.015646907162259926
pi05_spatial_500,p3,r6p3v2_pi05_sp_500_P10_r0,r6p3v2_pi05_sp_500_P10_r0:eval:7:0,1,7,0,18,1,True,10,7846,8444,6,1,0.2848508884996309,False,False,True,False,False,3,5.325609385408094,0.25,0.2572140505982637,False,False,True,False,2,1.1208152963938256,0.644949401716119,0.3796253106679777,0.33870461251680417,0.050679196975865426,0.04591271967738173,0.09534823131834445,False,False,0.015646907162259926
pi05_spatial_500,p3,r6p3v2_pi05_sp_500_P10_r0,r6p3v2_pi05_sp_500_P10_r0:eval:7:0,1,7,0,20,1,True,2,8446,7919,6,1,0.11181985435877097,False,False,True,False,False,41,3.746866727750177,0.2,0.09363756456502778,False,False,False,False,2,,0.644949401716119,,,0.013716392778262653,0.0,0.013716392778262653,False,True,0.015646907162259926
pi05_spatial_500,p3,r6p3v2_pi05_sp_500_P10_r0,r6p3v2_pi05_sp_500_P10_r0:eval:7:1,1,7,1,0,1,True,10,7337,8064,0,0,0.41443522710998004,False,False,True,False,False,41,4.524967225211674,1.0,0.011850070230343556,False,False,True,False,2,0.9640631980155115,0.644949401716119,0.1521974452889404,0.15787081760016689,0.006653283997180862,0.038705171360965136,0.04526620493052809,False,False,0.017473548227413135
pi05_spatial_500,p3,r6p3v2_pi05_sp_500_P10_r0,r6p3v2_pi05_sp_500_P10_r0:eval:7:1,1,7,1,2,1,True,10,7855,8066,1,0,0.6540304722874045,True,True,True,False,True,41,7.118884257454124,0.2,0.037321378644399335,False,False,True,False,2,1.1180767334708248,0.644949401716119,0.46786903868761076,0.41845879149565485,0.05173952802495598,0.060013765708405185,0.10978904238362039,False,False,0.017473548227413135
pi05_spatial_500,p3,r6p3v2_pi05_sp_500_P10_r0,r6p3v2_pi05_sp_500_P10_r0:eval:7:1,1,7,1,4,1,True,10,7319,7319,1,0,0.6331427438278746,True,True,True,False,True,41,6.676505970986429,0.2,0.05713593626776949,False,False,True,False,2,0.9997252220145323,0.644949401716119,0.4320298500490494,0.43214859496939784,0.059004584148425875,0.051839118039924824,0.11007541934363546,False,False,0.017473548227413135
pi05_spatial_500,p3,r6p3v2_pi05_sp_500_P10_r0,r6p3v2_pi05_sp_500_P10_r0:eval:7:1,1,7,1,6,1,True,10,8310,8311,3,1,0.8652620330281698,True,False,True,True,True,41,6.429579671706508,1.0,0.1162918007182437,False,True,True,False,2,0.25275262638289275,0.644949401716119,0.04126050254331679,0.1632446045518499,0.01278278371546334,0.008374393864115428,0.014483396233042086,True,False,0.017473548227413135
pi05_spatial_500,p3,r6p3v2_pi05_sp_500_P10_r0,r6p3v2_pi05_sp_500_P10_r0:eval:7:1,1,7,1,8,1,True,10,8313,8313,4,1,0.40328849522424565,False,False,True,False,False,41,6.296705126578553,0.3333333333333333,0.163900047037877,False,False,True,False,2,0.9708133160972079,0.644949401716119,0.18890588689255683,0.1945851831245809,0.016511506475995613,0.03776973593041573,0.053836989897951305,False,False,0.017473548227413135
pi05_spatial_500,p3,r6p3v2_pi05_sp_500_P10_r0,r6p3v2_pi05_sp_500_P10_r0:eval:7:1,1,7,1,10,1,True,10,8315,8315,5,1,0.29467891727534123,False,False,True,False,False,41,3.8575157212406417,0.5,0.2531997701706589,False,False,True,False,2,1.2823081125045286,0.644949401716119,0.5140055482660346,0.4008440274639683,0.0656242420141918,0.07282417911101549,0.13840331351040397,False,False,0.017473548227413135
pi05_spatial_500,p3,r6p3v2_pi05_sp_500_P10_r0,r6p3v2_pi05_sp_500_P10_r0:eval:7:1,1,7,1,12,1,True,10,8318,8317,6,1,0.2039847528395633,False,False,True,False,False,41,3.1548481830658353,0.3333333333333333,0.3420628385403232,True,False,True,False,2,1.143361618412866,0.644949401716119,0.33995641677538924,0.29733061815324247,0.06018137680006116,0.05708184237678669,0.11628902174867503,False,False,0.017473548227413135
pi05_spatial_500,p3,r6p3v2_pi05_sp_500_P10_r0,r6p3v2_pi05_sp_500_P10_r0:eval:7:1,1,7,1,14,1,True,10,8271,8319,9,3,0.37275341243348653,False,False,True,False,False,2,6.948903671109493,0.25,0.22870062145325665,False,False,True,False,2,0.9862849280652642,0.644949401716119,0.31736779980705393,0.3217810500558041,0.056748900342367396,0.056203952880458354,0.11282733714222416,False,False,0.017473548227413135
pi05_spatial_500,p3,r6p3v2_pi05_sp_500_P10_r0,r6p3v2_pi05_sp_500_P10_r0:eval:7:1,1,7,1,16,1,True,10,8167,8166,10,3,0.31357151513148473,False,False,True,False,False,2,5.821440138806918,0.25,0.16692058213605576,False,False,True,False,2,0.9125082359547582,0.644949401716119,0.3310756208030767,0.36281932344059553,0.05395425212382201,0.05267986900759588,0.10539162022587867,False,False,0.017473548227413135
pi05_spatial_500,p3,r6p3v2_pi05_sp_500_P10_r0,r6p3v2_pi05_sp_500_P10_r0:eval:7:1,1,7,1,18,1,True,10,8323,8168,8,1,0.1379295149331835,False,False,True,False,False,41,4.139566963369723,0.2,0.18602380633889595,False,False,True,False,2,1.0301413614007677,0.644949401716119,0.35663902265713293,0.3462039638639318,0.0506622427905993,0.04192038228449777,0.09138994767025695,False,False,0.017473548227413135
pi05_spatial_500,p3,r6p3v2_pi05_sp_500_P10_r0,r6p3v2_pi05_sp_500_P10_r0:eval:7:1,1,7,1,20,1,True,9,8170,8014,10,3,0.31357151513148473,False,False,True,False,False,2,5.821440138806918,0.25,0.19283059253442897,False,False,False,False,2,,0.644949401716119,,,0.025964318157199587,0.018728781649587366,0.044227967032131825,False,True,0.017473548227413135
pi05_spatial_500,p3,r6p3v2_pi05_sp_500_P10_r0,r6p3v2_pi05_sp_500_P10_r0:eval:8:0,1,8,0,0,1,True,10,9547,8715,0,0,0.6270772238514174,True,False,False,False,False,32,8.593281189575777,1.0,0.016421483198772253,False,False,True,False,2,0.8887461586303693,0.6559362958083634,0.25184676191668637,0.28337310881298533,0.020905683061733835,0.04981617796863317,0.07067292796125005,False,False,0.01889130799099803
pi05_spatial_500,p3,r6p3v2_pi05_sp_500_P10_r0,r6p3v2_pi05_sp_500_P10_r0:eval:8:0,1,8,0,2,1,True,10,9589,9608,1,0,0.16177908113391984,False,False,True,False,False,32,2.9613473404008475,0.2,0.0600081175152339,False,False,True,False,2,0.9800400727035931,0.6559362958083634,0.4391176856481202,0.44806094962703485,0.06086166619030272,0.062338291502901974,0.12318542996592227,False,False,0.01889130799099803
pi05_spatial_500,p3,r6p3v2_pi05_sp_500_P10_r0,r6p3v2_pi05_sp_500_P10_r0:eval:8:0,1,8,0,4,1,True,10,8884,9224,1,0,0.250733137829912,False,False,True,False,False,32,4.151125906773192,0.2,0.10145763474852407,False,False,True,False,2,1.0086455022025027,0.6559362958083634,0.4499731428363796,0.4461162438674513,0.06311080110783611,0.06272050199606403,0.12494720031873284,False,False,0.01889130799099803
pi05_spatial_500,p3,r6p3v2_pi05_sp_500_P10_r0,r6p3v2_pi05_sp_500_P10_r0:eval:8:0,1,8,0,6,1,True,10,9226,9227,2,0,0.5791788856304986,True,True,True,False,True,32,3.2872201429838723,0.25,0.12093347635865649,False,False,True,False,2,0.9612010046426545,0.6559362958083634,0.41266182005486884,0.4293189645679616,0.058671216114292025,0.052087384874618045,0.10907037391030315,False,False,0.01889130799099803
pi05_spatial_500,p3,r6p3v2_pi05_sp_500_P10_r0,r6p3v2_pi05_sp_500_P10_r0:eval:8:0,1,8,0,8,1,True,10,9595,9229,2,0,0.5420332355816226,True,True,True,False,True,32,2.918567911056904,0.25,0.14972021553052434,False,False,True,False,2,0.8284802684615763,0.6559362958083634,0.3428229423675261,0.4137973533203413,0.04508045081077055,0.04650733704234075,0.09124190919459131,False,False,0.01889130799099803
pi05_spatial_500,p3,r6p3v2_pi05_sp_500_P10_r0,r6p3v2_pi05_sp_500_P10_r0:eval:8:0,1,8,0,10,1,True,10,9532,9532,3,1,0.2932551319648094,False,False,True,True,False,3,3.0086742803376922,0.3333333333333333,0.10689738576635961,False,False,True,False,2,0.8674392991684159,0.6559362958083634,0.09745939976467921,0.11235299099096636,0.026695526900568204,0.005662901945834505,0.026208281546509823,False,False,0.01889130799099803
pi05_spatial_500,p3,r6p3v2_pi05_sp_500_P10_r0,r6p3v2_pi05_sp_500_P10_r0:eval:8:0,1,8,0,12,1,True,10,9534,9534,4,1,0.22238514173998045,False,False,True,False,False,3,3.0791551275236198,0.25,0.09096319046998705,False,False,True,False,2,1.0567896715728269,0.6559362958083634,0.2652297538165101,0.2509768603451309,0.022725970173043213,0.04954510292974987,0.06961122762173562,False,False,0.01889130799099803
pi05_spatial_500,p3,r6p3v2_pi05_sp_500_P10_r0,r6p3v2_pi05_sp_500_P10_r0:eval:8:0,1,8,0,14,1,True,10,8949,8988,4,1,0.19208211143695017,False,False,True,False,False,32,2.8108088196206507,0.25,0.10938574542904617,False,False,True,False,2,0.9160239252495317,0.6559362958083634,0.4047766683546838,0.44188438445471784,0.062083775055012794,0.05596682961026928,0.11186591164930483,False,False,0.01889130799099803
pi05_spatial_500,p3,r6p3v2_pi05_sp_500_P10_r0,r6p3v2_pi05_sp_500_P10_r0:eval:8:0,1,8,0,16,1,True,10,9640,8952,6,1,0.27370478983382207,False,False,True,False,False,32,2.1641987567121523,0.5,0.10832844953230747,False,False,False,False,2,,0.6559362958083634,0.21206240178028313,,0.03373152099874434,0.028638367863198202,0.0562222477469487,False,False,0.01889130799099803
pi05_spatial_500,p3,r6p3v2_pi05_sp_500_P10_r0,r6p3v2_pi05_sp_500_P10_r0:eval:8:0,1,8,0,18,1,True,6,8954,9585,5,1,0.3088954056695992,False,False,True,False,False,32,3.157337935529812,0.3333333333333333,0.11300663956198523,False,False,False,False,2,,0.6559362958083634,,,0.03787880881346831,0.008159191179862725,0.04593623106249572,False,True,0.01889130799099803
pi05_spatial_500,p3,r6p3v2_pi05_sp_500_P10_r0,r6p3v2_pi05_sp_500_P10_r0:eval:8:1,1,8,1,0,1,True,10,9057,9037,0,0,0.6192570869990225,True,True,True,False,False,32,7.222310106295185,1.0,0.017759544326735925,False,False,True,False,2,1.2735653728533378,0.6559362958083634,0.3360702722615868,0.26388144607657155,0.035718153997831265,0.05863930300852217,0.0943028549773209,False,False,0.012279103975743055
pi05_spatial_500,p3,r6p3v2_pi05_sp_500_P10_r0,r6p3v2_pi05_sp_500_P10_r0:eval:8:1,1,8,1,2,1,True,10,8977,9039,1,0,0.1832844574780059,False,False,True,False,False,32,2.761930232528986,0.25,0.054263106263247145,False,False,True,False,2,1.009833418858449,0.6559362958083634,0.45044294884893743,0.44605668661484177,0.06274295628013349,0.06357071393889302,0.12627811531238853,False,False,0.012279103975743055
pi05_spatial_500,p3,r6p3v2_pi05_sp_500_P10_r0,r6p3v2_pi05_sp_500_P10_r0:eval:8:1,1,8,1,4,1,True,10,9041,9041,1,0,0.13636363636363638,False,False,True,False,False,32,2.7975980713050177,0.2,0.1124907862683534,False,False,True,False,2,0.9710086097984791,0.6559362958083634,0.43980617621988244,0.4529374629450081,0.06335859306252524,0.060521808241150075,0.12220319434977193,False,False,0.012279103975743055
pi05_spatial_500,p3,r6p3v2_pi05_sp_500_P10_r0,r6p3v2_pi05_sp_500_P10_r0:eval:8:1,1,8,1,6,1,True,10,9043,9043,2,0,0.6378299120234604,True,True,True,False,True,32,4.212227346441196,0.25,0.10163876351150442,False,False,True,False,2,1.1039433042543074,0.6559362958083634,0.39501238982599307,0.3578194535024753,0.053361947326845724,0.05305650863966651,0.10468263702738981,False,False,0.012279103975743055
pi05_spatial_500,p3,r6p3v2_pi05_sp_500_P10_r0,r6p3v2_pi05_sp_500_P10_r0:eval:8:1,1,8,1,8,1,True,10,9046,9046,2,0,0.6378299120234604,True,True,True,True,True,32,4.212227346441196,0.25,0.12271432366598747,False,False,True,False,2,1.1379983929383457,0.6559362958083634,0.3967341134166374,0.3486244935656351,0.05394329067454507,0.051651025630972174,0.10536666118178215,False,False,0.012279103975743055
pi05_spatial_500,p3,r6p3v2_pi05_sp_500_P10_r0,r6p3v2_pi05_sp_500_P10_r0:eval:8:1,1,8,1,10,1,True,10,9434,9047,2,0,0.5918866080156403,True,False,True,True,True,32,3.404776807254143,0.25,0.1639292968873829,False,True,True,False,2,0.1311848603780574,0.6559362958083634,0.024331216266366716,0.18547274583551313,0.009610251338324946,0.004355901932524717,0.00651803211580469,True,False,0.012279103975743055
pi05_spatial_500,p3,r6p3v2_pi05_sp_500_P10_r0,r6p3v2_pi05_sp_500_P10_r0:eval:8:1,1,8,1,12,1,True,10,8873,9049,4,1,0.26392961876832843,False,False,True,False,False,32,1.8823586484669246,0.5,0.3244081893924823,False,False,True,False,2,0.9469254829354999,0.6559362958083634,0.2685480752772644,0.28360000878290503,0.023419587741873762,0.04905749340599365,0.07040571637104387,False,False,0.012279103975743055
pi05_spatial_500,p3,r6p3v2_pi05_sp_500_P10_r0,r6p3v2_pi05_sp_500_P10_r0:eval:8:1,1,8,1,14,1,True,10,8875,8874,5,1,0.2101661779081134,False,False,True,False,False,32,2.355246120395303,0.3333333333333333,0.18794500176862178,False,False,True,False,2,1.026127831587168,0.6559362958083634,0.4225949659106676,0.41183462030945683,0.06434656146236631,0.05904000658682976,0.11625621433581218,False,False,0.012279103975743055
pi05_spatial_500,p3,r6p3v2_pi05_sp_500_P10_r0,r6p3v2_pi05_sp_500_P10_r0:eval:8:1,1,8,1,16,1,True,10,8877,8877,5,1,0.2101661779081134,False,False,True,False,False,32,2.355246120395303,0.3333333333333333,0.16935946508287308,False,False,True,False,2,1.1310532035780039,0.6559362958083634,0.36389265926862147,0.32172903813673287,0.05201767351202612,0.05186598194332224,0.09647010516238833,False,False,0.012279103975743055
pi05_spatial_500,p3,r6p3v2_pi05_sp_500_P10_r0,r6p3v2_pi05_sp_500_P10_r0:eval:8:1,1,8,1,18,1,True,5,8879,8879,6,1,0.35923753665689145,False,False,True,False,False,32,2.3378487065412594,1.0,0.16077434833881082,False,False,False,False,2,,0.6559362958083634,,,0.03141062313723713,0.0,0.03141062313723713,False,True,0.012279103975743055
pi05_spatial_500,p3,r6p3v2_pi05_sp_500_P10_r0,r6p3v2_pi05_sp_500_P10_r0:eval:9:0,1,9,0,0,1,True,10,10324,10570,0,0,0.6202833214213719,True,False,True,False,False,13,5.958159811771115,1.0,0.008993587096896924,False,False,True,False,2,0.9335503252338125,0.7512171176292793,0.2715150009662481,0.2908413115257024,0.027571609992866827,0.060687528224242566,0.08755030544341853,False,False,0.013832837187995514
pi05_spatial_500,p3,r6p3v2_pi05_sp_500_P10_r0,r6p3v2_pi05_sp_500_P10_r0:eval:9:0,1,9,0,2,1,True,10,10326,9906,2,0,0.13671495592574265,False,False,True,False,False,13,2.6193332843532566,0.25,0.051993849219715484,False,False,True,False,2,0.9105517620608818,0.7512171176292793,0.38392748773072916,0.4216426827419162,0.06356057390317289,0.060091617462063936,0.1229991968148848,False,False,0.013832837187995514
pi05_spatial_500,p3,r6p3v2_pi05_sp_500_P10_r0,r6p3v2_pi05_sp_500_P10_r0:eval:9:0,1,9,0,4,1,True,10,10526,10574,2,0,0.19611211904631007,False,False,True,False,False,33,3.16190998890635,0.25,0.08011169203544513,False,False,True,False,2,0.9348496938431886,0.7512171176292793,0.32771325534571477,0.35055181330645574,0.05872728126308885,0.04852981061897717,0.10621581544064809,False,False,0.013832837187995514
pi05_spatial_500,p3,r6p3v2_pi05_sp_500_P10_r0,r6p3v2_pi05_sp_500_P10_r0:eval:9:0,1,9,0,6,1,True,10,10145,10599,3,0,0.8026187989077648,True,False,True,False,True,33,4.180775376784048,0.5,0.12336728332377904,False,False,True,False,2,0.8801416086511732,0.7512171176292793,0.25783150342451855,0.29294320469594454,0.03620399843061975,0.045693807682997065,0.07800750493482352,False,False,0.013832837187995514
pi05_spatial_500,p3,r6p3v2_pi05_sp_500_P10_r0,r6p3v2_pi05_sp_500_P10_r0:eval:9:0,1,9,0,8,1,True,10,10146,9793,3,0,0.8026187989077648,True,False,True,True,True,33,4.180775376784048,0.5,0.15829716072546862,False,True,True,False,2,0.495956159555648,0.7512171176292793,0.1389911744486773,0.2802489126724557,0.04357565530172078,0.007293138792583714,0.0414729639974008,True,False,0.013832837187995514
pi05_spatial_500,p3,r6p3v2_pi05_sp_500_P10_r0,r6p3v2_pi05_sp_500_P10_r0:eval:9:0,1,9,0,10,1,True,10,10603,10863,4,1,0.4487579489435007,True,False,True,True,False,33,4.8122937212493575,0.3333333333333333,0.2595042251613707,False,False,True,False,2,1.315158002201979,0.7512171176292793,0.23043385156827279,0.17521381551300727,0.024050341763649757,0.05168052233363994,0.06979651189862231,False,False,0.013832837187995514
pi05_spatial_500,p3,r6p3v2_pi05_sp_500_P10_r0,r6p3v2_pi05_sp_500_P10_r0:eval:9:0,1,9,0,12,1,True,10,10152,9939,5,1,0.2271404878406363,False,False,True,False,False,33,3.388925160361758,0.25,0.2250207651886481,False,False,True,False,2,1.1083026067680135,0.7512171176292793,0.26591297631765537,0.2399281339715512,0.0605470533144386,0.054645176582666016,0.11198314083416389,False,False,0.013832837187995514
pi05_spatial_500,p3,r6p3v2_pi05_sp_500_P10_r0,r6p3v2_pi05_sp_500_P10_r0:eval:9:0,1,9,0,14,1,True,10,10153,10153,5,1,0.2271404878406363,False,False,True,False,False,33,3.388925160361758,0.25,0.23335618559757312,False,False,True,False,2,0.9949961800924877,0.7512171176292793,0.24361872429020828,0.24484387896601095,0.05544457434242199,0.05896084032202444,0.11393131726778577,False,False,0.013832837187995514
pi05_spatial_500,p3,r6p3v2_pi05_sp_500_P10_r0,r6p3v2_pi05_sp_500_P10_r0:eval:9:0,1,9,0,16,1,True,10,10156,10155,6,1,0.1526724027342533,False,False,True,False,False,33,2.7750165935256033,0.25,0.23933629859431374,False,False,True,False,2,0.8186393930975105,0.7512171176292793,0.3435366138010142,0.41964339451240473,0.06579154957061323,0.07044789131611219,0.1358265798554056,False,False,0.013832837187995514
pi05_spatial_500,p3,r6p3v2_pi05_sp_500_P10_r0,r6p3v2_pi05_sp_500_P10_r0:eval:9:0,1,9,0,18,1,True,10,10157,9969,6,1,0.1526724027342533,False,False,True,False,False,33,2.7750165935256033,0.25,0.3072719733686024,False,False,True,False,2,0.9557154444725491,0.7512171176292793,0.4435746556417968,0.4641283744102323,0.07828857620779574,0.07256965021752187,0.1495722177542563,False,False,0.013832837187995514
pi05_spatial_500,p3,r6p3v2_pi05_sp_500_P10_r0,r6p3v2_pi05_sp_500_P10_r0:eval:9:0,1,9,0,20,1,True,10,10758,10848,7,1,0.13228233181226748,False,True,True,False,False,33,2.5577921624863467,0.25,0.2727705483882168,False,False,True,False,2,0.9787875808062397,0.7512171176292793,0.3579303544089754,0.3656874703233807,0.0636408252016948,0.04831330468231965,0.11061416843503245,False,False,0.013832837187995514
pi05_spatial_500,p3,r6p3v2_pi05_sp_500_P10_r0,r6p3v2_pi05_sp_500_P10_r0:eval:9:0,1,9,0,22,1,True,3,10760,9758,7,1,0.13228233181226748,False,False,True,False,False,33,2.5577921624863467,0.25,0.23276405887483903,False,False,False,False,2,,0.7512171176292793,,,0.01822004822145881,0.0,0.01822004822145881,False,True,0.013832837187995514
pi05_spatial_500,p3,r6p3v2_pi05_sp_500_P10_r0,r6p3v2_pi05_sp_500_P10_r0:eval:9:1,1,9,1,0,1,True,10,10346,9712,0,0,0.6273755200029322,True,True,True,False,False,13,6.882426146470389,1.0,0.014070483830632387,False,False,True,False,2,1.0730257518144009,0.7512171176292793,0.2572381951480288,0.2397316138154742,0.024420297927620096,0.05685191439394747,0.08030714243513201,False,False,0.016127462283923075
pi05_spatial_500,p3,r6p3v2_pi05_sp_500_P10_r0,r6p3v2_pi05_sp_500_P10_r0:eval:9:1,1,9,1,2,1,True,10,9952,10853,1,0,0.44623582018436053,True,False,True,False,False,33,3.9992207961247677,0.5,0.15701055256029467,False,False,True,False,2,0.9354771668253367,0.7512171176292793,0.370850344460506,0.39642907129314003,0.06045427174890443,0.05937115496492595,0.11976903284515218,False,False,0.016127462283923075
pi05_spatial_500,p3,r6p3v2_pi05_sp_500_P10_r0,r6p3v2_pi05_sp_500_P10_r0:eval:9:1,1,9,1,4,1,True,10,10427,10427,1,0,0.10391353748602634,False,False,True,False,False,33,2.0058928237507327,0.25,0.1823949126624335,False,False,True,False,2,1.0041590197759096,0.7512171176292793,0.3563469506463556,0.35487103499391837,0.059310269510615576,0.059909103037777696,0.1180881477279357,False,False,0.016127462283923075
pi05_spatial_500,p3,r6p3v2_pi05_sp_500_P10_r0,r6p3v2_pi05_sp_500_P10_r0:eval:9:1,1,9,1,6,1,True,10,10428,10428,1,0,0.10391353748602634,False,False,True,False,False,33,2.0058928237507327,0.25,0.16136251796097617,False,False,True,False,2,0.9630257169565561,0.7512171176292793,0.2858483914205203,0.2968232170620377,0.05691879375516213,0.04064544415636374,0.08713594136852951,False,False,0.016127462283923075
pi05_spatial_500,p3,r6p3v2_pi05_sp_500_P10_r0,r6p3v2_pi05_sp_500_P10_r0:eval:9:1,1,9,1,8,1,True,10,10430,10430,2,0,0.581874118056701,True,True,True,False,True,33,1.8707300334009798,0.5,0.1649975812536148,False,False,True,False,2,1.024906904353713,0.7512171176292793,0.3752551637228347,0.3661358530504422,0.051985250375271456,0.05991694941638742,0.1110596701585872,False,False,0.016127462283923075
pi05_spatial_500,p3,r6p3v2_pi05_sp_500_P10_r0,r6p3v2_pi05_sp_500_P10_r0:eval:9:1,1,9,1,10,1,True,10,10431,10432,3,0,0.6530847398610882,True,False,True,True,True,33,2.198257502226386,1.0,0.2104467690556697,False,True,True,False,2,0.5711798148671745,0.7512171176292793,0.08521158134192945,0.14918521124865916,0.008505677762203262,0.02338264236987003,0.030534606677444863,True,False,0.016127462283923075
pi05_spatial_500,p3,r6p3v2_pi05_sp_500_P10_r0,r6p3v2_pi05_sp_500_P10_r0:eval:9:1,1,9,1,12,1,True,10,10434,10434,5,1,0.09311488628658347,False,False,True,False,False,33,2.7401999769447345,0.2,0.22539829486951687,False,False,True,False,2,0.9621895647831049,0.7512171176292793,0.31960318182730196,0.332162386212686,0.04031900208065292,0.06716544172160183,0.10384114984542682,False,False,0.016127462283923075
pi05_spatial_500,p3,r6p3v2_pi05_sp_500_P10_r0,r6p3v2_pi05_sp_500_P10_r0:eval:9:1,1,9,1,14,1,True,10,10436,10606,5,1,0.09311488628658347,False,False,True,False,False,33,2.7401999769447345,0.2,0.2524642952274592,False,False,True,False,2,0.9506455812937514,0.7512171176292793,0.278364133895952,0.29281589203530617,0.06274175645382575,0.05871552333226756,0.12051720128540583,False,False,0.016127462283923075
pi05_spatial_500,p3,r6p3v2_pi05_sp_500_P10_r0,r6p3v2_pi05_sp_500_P10_r0:eval:9:1,1,9,1,16,1,True,10,10439,10562,6,1,0.258155112064068,False,False,True,False,False,33,3.012781424095234,0.3333333333333333,0.22154813903354176,False,False,True,False,2,0.916129554728531,0.7512171176292793,0.24686600548735055,0.26946626076319774,0.05744274219837456,0.059430323272347874,0.1161031859529417,False,False,0.016127462283923075
pi05_spatial_500,p3,r6p3v2_pi05_sp_500_P10_r0,r6p3v2_pi05_sp_500_P10_r0:eval:9:1,1,9,1,18,1,True,10,10440,10440,6,1,0.258155112064068,False,False,True,False,False,33,3.012781424095234,0.3333333333333333,0.2102429413798574,False,False,True,False,2,0.9837051269044902,0.7512171176292793,0.362045771355632,0.3680429850913888,0.06440566805784335,0.07677582443493917,0.13935739149853832,False,False,0.016127462283923075
pi05_spatial_500,p3,r6p3v2_pi05_sp_500_P10_r0,r6p3v2_pi05_sp_500_P10_r0:eval:9:1,1,9,1,20,1,True,10,10442,10442,7,1,0.27751204940715085,False,False,True,False,False,33,4.308729025394565,0.2,0.2170699594570348,False,False,True,False,2,1.038856897793775,0.7512171176292793,0.4529162308730731,0.4359755726076741,0.08106221274338525,0.06521873621455544,0.14530821216218204,False,False,0.016127462283923075
pi05_spatial_500,p3,r6p3v2_pi05_sp_500_P10_r0,r6p3v2_pi05_sp_500_P10_r0:eval:9:1,1,9,1,22,1,True,10,10445,10444,7,1,0.27751204940715085,False,False,True,False,False,33,4.308729025394565,0.2,0.17257134537405708,False,False,True,False,2,1.0957151315273788,0.7512171176292793,0.36036620278073705,0.328886763002353,0.058948664676261045,0.051920010203486994,0.10974477557661876,False,False,0.016127462283923075
pi05_spatial_500,p3,r6p3v2_pi05_sp_500_P10_r0,r6p3v2_pi05_sp_500_P10_r0:eval:9:1,1,9,1,24,1,True,8,10016,10446,6,1,0.333509721993146,False,False,True,False,False,33,3.6393886051992625,0.3333333333333333,0.1740225106074152,False,False,False,False,2,,0.7512171176292793,,,0.04030452742749782,0.013553234204508482,0.053543828521025044,False,True,0.016127462283923075
pi05_spatial_500,p3,r6p3v2_pi05_sp_500_P10_r1,r6p3v2_pi05_sp_500_P10_r1:eval:0:0,1,0,0,0,1,True,10,51,562,0,0,0.5952845528455285,True,True,True,False,False,39,4.198693676073924,1.0,0.014306248400631312,False,False,True,False,1,1.0560240442218543,0.6709290922082054,0.3641411546614113,0.344822787562317,0.023204655845253604,0.060264267007082796,0.08303863952799731,False,False,0.023649510694667697
pi05_spatial_500,p3,r6p3v2_pi05_sp_500_P10_r1,r6p3v2_pi05_sp_500_P10_r1:eval:0:0,1,0,0,2,1,True,10,18,564,1,0,0.36903600464576075,False,False,True,False,False,39,2.6198873890691807,0.5,0.07728872565136165,False,False,True,False,1,1.0468092974013077,0.6709290922082054,0.5576744588382845,0.5327373956485724,0.06522513316626993,0.07081649185421532,0.1335594406424189,False,False,0.023649510694667697
pi05_spatial_500,p3,r6p3v2_pi05_sp_500_P10_r1,r6p3v2_pi05_sp_500_P10_r1:eval:0:0,1,0,0,4,1,True,10,20,620,2,0,0.6214591912152888,True,False,True,False,True,39,3.2830097334634454,0.25,0.10951936465613274,False,False,True,False,1,1.0904890410790375,0.6709290922082054,0.4664494748703378,0.42774338603970435,0.06476653159915426,0.05746095538072541,0.11620208174314585,False,False,0.023649510694667697
pi05_spatial_500,p3,r6p3v2_pi05_sp_500_P10_r1,r6p3v2_pi05_sp_500_P10_r1:eval:0:0,1,0,0,6,1,True,10,816,816,2,0,0.5596051103368177,True,True,True,True,True,39,2.2849350275319527,0.3333333333333333,0.08419686725919061,False,False,True,False,1,1.0176945438573803,0.6709290922082054,0.4880105525895861,0.4795255664237656,0.06726136434497505,0.06208826862639966,0.12824246908501277,False,False,0.023649510694667697
pi05_spatial_500,p3,r6p3v2_pi05_sp_500_P10_r1,r6p3v2_pi05_sp_500_P10_r1:eval:0:0,1,0,0,8,1,True,10,212,818,4,1,0.43839298912469643,False,False,True,True,False,3,6.589244930406189,0.3333333333333333,0.13006135909725305,False,False,True,False,1,0.921984214840093,0.6709290922082054,0.07514990610262898,0.08150888582801043,0.008737261121686962,0.022331584700390497,0.019497359030065383,False,False,0.023649510694667697
pi05_spatial_500,p3,r6p3v2_pi05_sp_500_P10_r1,r6p3v2_pi05_sp_500_P10_r1:eval:0:0,1,0,0,10,1,True,10,480,331,4,1,0.2541505648822722,False,False,True,False,False,39,2.4670635429918795,0.3333333333333333,0.20062385489606624,False,False,True,False,1,0.9561824379197335,0.6709290922082054,0.38174560820594206,0.3992393010652509,0.053929411491712924,0.0495366033371492,0.10104653192038014,False,False,0.023649510694667697
pi05_spatial_500,p3,r6p3v2_pi05_sp_500_P10_r1,r6p3v2_pi05_sp_500_P10_r1:eval:0:0,1,0,0,12,1,True,10,575,688,5,1,0.298999049730757,False,False,True,False,False,39,2.740574630064114,0.3333333333333333,0.12149993391567104,False,False,True,False,1,1.094191550334759,0.6709290922082054,0.3502159788124152,0.32006825377628756,0.04638298097195053,0.05745526689056863,0.0942993968369868,False,False,0.023649510694667697
pi05_spatial_500,p3,r6p3v2_pi05_sp_500_P10_r1,r6p3v2_pi05_sp_500_P10_r1:eval:0:0,1,0,0,14,1,True,2,689,335,5,1,0.23233238306409035,False,False,True,False,False,39,2.322199058025684,0.3333333333333333,0.22373739795975522,False,False,False,False,1,,0.6709290922082054,,,0.020220304572105316,0.0,0.020220304572105316,False,True,0.023649510694667697
pi05_spatial_500,p3,r6p3v2_pi05_sp_500_P10_r1,r6p3v2_pi05_sp_500_P10_r1:eval:0:1,1,0,1,0,1,True,10,486,796,0,0,0.6110421286031041,True,True,True,False,False,39,4.6439974631631324,1.0,0.02082919779649277,False,False,True,False,1,0.9350777493402233,0.6709290922082054,0.31041237746156425,0.33196424327344604,0.015423283723219173,0.05453692498644997,0.06870731386700647,False,False,0.014822377124801278
pi05_spatial_500,p3,r6p3v2_pi05_sp_500_P10_r1,r6p3v2_pi05_sp_500_P10_r1:eval:0:1,1,0,1,2,1,True,10,904,564,2,0,0.19842888818498575,False,False,True,False,False,3,2.5354360294010903,0.25,0.06762730217895259,False,False,True,False,1,0.9653530553424845,0.6709290922082054,0.531174555013562,0.5502386428197649,0.0632481739567793,0.0672489850304827,0.12981655595576824,False,False,0.014822377124801278
pi05_spatial_500,p3,r6p3v2_pi05_sp_500_P10_r1,r6p3v2_pi05_sp_500_P10_r1:eval:0:1,1,0,1,4,1,True,10,619,566,2,0,0.3850955548516524,False,True,True,False,True,39,1.2748208899635696,0.25,0.10272850245994432,False,False,True,False,1,1.0531244949443006,0.6709290922082054,0.5089144410702829,0.4832424309883698,0.07178038134465162,0.05930432523347288,0.12601463468198146,False,False,0.014822377124801278
pi05_spatial_500,p3,r6p3v2_pi05_sp_500_P10_r1,r6p3v2_pi05_sp_500_P10_r1:eval:0:1,1,0,1,6,1,True,10,311,622,2,0,0.5063076760637736,True,False,True,False,True,39,2.3831853960234817,0.25,0.09198555580975175,False,False,True,False,1,1.0002107390846413,0.6709290922082054,0.4698497288729707,0.46975073403327094,0.06275719994015408,0.05750436044759994,0.1188070006621151,False,False,0.014822377124801278
pi05_spatial_500,p3,r6p3v2_pi05_sp_500_P10_r1,r6p3v2_pi05_sp_500_P10_r1:eval:0:1,1,0,1,8,1,True,10,623,624,3,1,0.20903600464576075,False,False,True,True,False,39,1.2431172935697672,0.5,0.20070816764358468,False,True,True,False,1,0.5085561640815346,0.6709290922082054,0.06655963992440106,0.1308796247600488,0.015267435414290204,0.01914621382995374,0.015484515141604415,True,False,0.014822377124801278
pi05_spatial_500,p3,r6p3v2_pi05_sp_500_P10_r1,r6p3v2_pi05_sp_500_P10_r1:eval:0:1,1,0,1,10,1,True,10,626,625,5,1,0.12930208003378735,False,False,True,False,False,39,1.3893185946987618,0.3333333333333333,0.1339658977903143,False,False,True,False,1,1.0888132562250512,0.6709290922082054,0.392833165804878,0.36079021224157626,0.04400909491655652,0.06075019472590653,0.10377363944449355,False,False,0.014822377124801278
pi05_spatial_500,p3,r6p3v2_pi05_sp_500_P10_r1,r6p3v2_pi05_sp_500_P10_r1:eval:0:1,1,0,1,12,1,True,10,656,627,4,1,0.12570161545771302,False,False,True,False,False,39,2.114431341894709,0.25,0.15321918337866935,False,False,True,False,1,0.8336770196772112,0.6709290922082054,0.26016412716131776,0.3120682482792316,0.04823999023283864,0.0507490007961058,0.06932353811562995,False,False,0.014822377124801278
pi05_spatial_500,p3,r6p3v2_pi05_sp_500_P10_r1,r6p3v2_pi05_sp_500_P10_r1:eval:0:1,1,0,1,14,1,True,7,658,334,5,1,0.296308731918488,False,False,True,False,False,39,2.196276627857241,0.5,0.08395372370590673,False,False,False,False,1,,0.6709290922082054,,,0.05419194420709573,0.01998845405730569,0.07360886340386631,False,True,0.014822377124801278
pi05_spatial_500,p3,r6p3v2_pi05_sp_500_P10_r1,r6p3v2_pi05_sp_500_P10_r1:eval:1:0,1,1,0,0,1,True,10,1040,1714,0,0,0.6089382362304998,True,True,True,False,False,43,6.987379367619847,1.0,0.005634755503443524,False,False,True,False,2,0.9873956825297674,0.7069033121183256,0.2094953239715735,0.21216957667349104,0.021842769193370793,0.0522253702246371,0.07400739177049614,False,False,0.012742588296532631
pi05_spatial_500,p3,r6p3v2_pi05_sp_500_P10_r1,r6p3v2_pi05_sp_500_P10_r1:eval:1:0,1,1,0,2,1,True,10,1287,1494,1,0,0.21208479252891863,False,False,True,False,False,43,4.1076219632114075,0.2,0.031086653272875197,False,False,True,False,2,1.0060726188930786,0.7069033121183256,0.3103486061672697,0.3084753529111325,0.055156422199126434,0.054704060066971864,0.10980374608292896,False,False,0.012742588296532631
pi05_spatial_500,p3,r6p3v2_pi05_sp_500_P10_r1,r6p3v2_pi05_sp_500_P10_r1:eval:1:0,1,1,0,4,1,True,10,1718,1718,2,0,0.19284994163217659,False,False,True,False,False,43,3.5353645396353266,0.25,0.039265533421141065,False,False,True,False,2,1.06967618673687,0.7069033121183256,0.32471497902856267,0.30356381029583435,0.05451669579109294,0.05590396074503698,0.10969395138269371,False,False,0.012742588296532631
pi05_spatial_500,p3,r6p3v2_pi05_sp_500_P10_r1,r6p3v2_pi05_sp_500_P10_r1:eval:1:0,1,1,0,6,1,True,10,1743,1720,2,0,0.43587631327602677,False,False,True,False,True,4,3.5294505733583676,0.16666666666666666,0.05695769641015542,False,False,True,False,2,0.9314843581381143,0.7069033121183256,0.3913077333575197,0.4200905038702746,0.05230820436952553,0.05923583051009831,0.10806184865742767,False,False,0.012742588296532631
pi05_spatial_500,p3,r6p3v2_pi05_sp_500_P10_r1,r6p3v2_pi05_sp_500_P10_r1:eval:1:0,1,1,0,8,1,True,10,1745,1745,2,0,0.43587631327602677,False,False,True,False,True,4,3.5294505733583676,0.16666666666666666,0.0862441963113299,False,False,True,False,2,1.0930310367779357,0.7069033121183256,0.4466347043104747,0.4086203312461059,0.05897448103094206,0.05992330431918278,0.1171205576025041,False,False,0.012742588296532631
pi05_spatial_500,p3,r6p3v2_pi05_sp_500_P10_r1,r6p3v2_pi05_sp_500_P10_r1:eval:1:0,1,1,0,10,1,True,10,1457,1834,2,0,0.5915592168099332,True,True,True,True,True,43,4.920122183866008,0.16666666666666666,0.08454125522941262,False,False,True,False,2,1.6910803944285069,0.7069033121183256,0.12082172986411067,0.07144647307258378,0.03618582722812553,0.006831200048529426,0.03352053756025987,False,False,0.012742588296532631
pi05_spatial_500,p3,r6p3v2_pi05_sp_500_P10_r1,r6p3v2_pi05_sp_500_P10_r1:eval:1:0,1,1,0,12,1,True,10,962,962,4,1,0.43981216173193244,False,False,True,True,False,43,4.445513977881949,0.5,0.20999526674698454,False,False,True,False,2,1.090029414015774,0.7069033121183256,0.1643670100528782,0.15079135291160098,0.01055650743127099,0.03268320721202916,0.04301399727341721,False,False,0.012742588296532631
pi05_spatial_500,p3,r6p3v2_pi05_sp_500_P10_r1,r6p3v2_pi05_sp_500_P10_r1:eval:1:0,1,1,0,14,1,True,10,1682,964,5,1,0.3960349676323888,False,False,True,False,False,4,4.480264273383902,0.3333333333333333,0.17111136869015614,False,False,True,False,2,1.1241315932937637,0.7069033121183256,0.4792591776409628,0.42633725490866126,0.060321246258153986,0.07299597705327504,0.13083332752841859,False,False,0.012742588296532631
pi05_spatial_500,p3,r6p3v2_pi05_sp_500_P10_r1,r6p3v2_pi05_sp_500_P10_r1:eval:1:0,1,1,0,16,1,True,10,1485,1056,7,1,0.25754404117584634,False,False,True,False,False,43,3.3544465110044337,0.3333333333333333,0.11569262065300734,False,True,True,False,2,0.5451221229087406,0.7069033121183256,0.23669127057214226,0.434198614631839,0.04944158465074794,0.026514955699105967,0.0722698612308383,True,False,0.012742588296532631
pi05_spatial_500,p3,r6p3v2_pi05_sp_500_P10_r1,r6p3v2_pi05_sp_500_P10_r1:eval:1:0,1,1,0,18,1,True,10,2056,967,6,1,0.1868659131911281,False,False,True,False,False,43,1.9438534411305561,0.3333333333333333,0.1268581403904808,False,False,True,False,2,0.8488342531512572,0.7069033121183256,0.34435530979284806,0.405680270929743,0.047340660540441316,0.056163596000696515,0.10264744112475034,False,False,0.012742588296532631
pi05_spatial_500,p3,r6p3v2_pi05_sp_500_P10_r1,r6p3v2_pi05_sp_500_P10_r1:eval:1:0,1,1,0,20,1,True,10,2057,2057,6,1,0.1868659131911281,False,False,True,False,False,43,1.9438534411305561,0.3333333333333333,0.2014559565353507,False,False,True,False,2,1.0024919000885315,0.7069033121183256,0.38960642810389445,0.3886379810844235,0.06296196605218385,0.04673650706542412,0.10548531276002582,False,False,0.012742588296532631
pi05_spatial_500,p3,r6p3v2_pi05_sp_500_P10_r1,r6p3v2_pi05_sp_500_P10_r1:eval:1:0,1,1,0,22,1,True,6,2059,2059,6,1,0.1868659131911281,False,False,True,False,False,43,1.9438534411305561,0.3333333333333333,0.20740272798202475,False,False,False,False,2,,0.7069033121183256,,,0.04284653614928537,0.0055527668422433426,0.04815199705734201,False,True,0.012742588296532631
pi05_spatial_500,p3,r6p3v2_pi05_sp_500_P10_r1,r6p3v2_pi05_sp_500_P10_r1:eval:1:1,1,1,1,0,1,True,10,1868,1737,0,0,0.5535418656478828,False,True,True,False,False,43,5.149784753198183,1.0,0.019404755913777737,False,False,True,False,2,1.1042940478702745,0.7069033121183256,0.25881374334310864,0.23437031453918736,0.035461516189699095,0.05553167482609717,0.09099203825598311,False,False,0.01847059465944767
pi05_spatial_500,p3,r6p3v2_pi05_sp_500_P10_r1,r6p3v2_pi05_sp_500_P10_r1:eval:1:1,1,1,1,2,1,True,10,1870,1739,1,0,0.16610686617849943,False,False,True,False,False,43,3.2951687153841998,0.25,0.06155267651146253,False,False,True,False,2,0.9863438263257963,0.7069033121183256,0.31829190895614795,0.3226987389801068,0.05595700120999218,0.056027784066361774,0.11181132666016581,False,False,0.01847059465944767
pi05_spatial_500,p3,r6p3v2_pi05_sp_500_P10_r1,r6p3v2_pi05_sp_500_P10_r1:eval:1:1,1,1,1,4,1,True,10,1872,1872,1,0,0.16610686617849943,False,False,True,False,False,43,3.2951687153841998,0.25,0.05791187329968179,False,False,True,False,2,0.9814113786620706,0.7069033121183256,0.3451530693224411,0.35169051106069116,0.0564661844565451,0.05510083002094109,0.10891194415968869,False,False,0.01847059465944767
pi05_spatial_500,p3,r6p3v2_pi05_sp_500_P10_r1,r6p3v2_pi05_sp_500_P10_r1:eval:1:1,1,1,1,6,1,True,10,1631,1699,2,0,0.6236044784039053,True,True,True,False,True,4,4.24210668010639,0.25,0.094106693662672,False,False,True,False,2,0.9750668024912996,0.7069033121183256,0.42755697139572374,0.43848992736017056,0.05453006948597851,0.05893651686691071,0.11260218913239299,False,False,0.01847059465944767
pi05_spatial_500,p3,r6p3v2_pi05_sp_500_P10_r1,r6p3v2_pi05_sp_500_P10_r1:eval:1:1,1,1,1,8,1,True,10,2006,1746,2,0,0.6732701899607344,True,False,True,True,True,43,4.850267820084286,0.25,0.0881679798102061,False,False,True,False,2,0.8609570443234971,0.7069033121183256,0.259425677758903,0.30132244049730555,0.046753536999807624,0.023261208465244175,0.06882784690280416,False,False,0.01847059465944767
pi05_spatial_500,p3,r6p3v2_pi05_sp_500_P10_r1,r6p3v2_pi05_sp_500_P10_r1:eval:1:1,1,1,1,10,1,True,10,2008,2008,4,1,0.3807532102302876,False,False,True,True,False,43,4.357547687333058,0.3333333333333333,0.10331760329787162,False,False,True,False,2,0.8662397049121264,0.7069033121183256,0.10364950426305734,0.11965452942793914,0.00679575082216974,0.022141395273868554,0.02707375651011113,False,False,0.01847059465944767
pi05_spatial_500,p3,r6p3v2_pi05_sp_500_P10_r1,r6p3v2_pi05_sp_500_P10_r1:eval:1:1,1,1,1,12,1,True,10,1008,1319,4,1,0.20813169903427783,False,False,True,False,False,43,3.653210810306994,0.25,0.1237970368173205,False,False,True,False,2,0.9198632361766071,0.7069033121183256,0.4113132699288382,0.4471461123269297,0.05007178398520363,0.06280268319255872,0.1094997662106337,False,False,0.01847059465944767
pi05_spatial_500,p3,r6p3v2_pi05_sp_500_P10_r1,r6p3v2_pi05_sp_500_P10_r1:eval:1:1,1,1,1,14,1,True,10,1321,1321,5,1,0.2928831051682054,False,False,True,False,False,43,3.6666792110718416,0.3333333333333333,0.10671695297060067,False,False,True,False,2,0.9935165825052577,0.7069033121183256,0.4241285394509409,0.4268962863019918,0.06982301499876274,0.060932090630333766,0.12725689808312968,False,False,0.01847059465944767
pi05_spatial_500,p3,r6p3v2_pi05_sp_500_P10_r1,r6p3v2_pi05_sp_500_P10_r1:eval:1:1,1,1,1,16,1,True,10,1906,1323,6,1,0.26448317945452615,False,False,True,False,False,43,4.041125931605424,0.25,0.13783112165556946,False,False,True,False,2,0.9943715142116666,0.7069033121183256,0.41174067600438335,0.4140712702644238,0.061339435976678,0.05683274751169836,0.11487584294310671,False,False,0.01847059465944767
pi05_spatial_500,p3,r6p3v2_pi05_sp_500_P10_r1,r6p3v2_pi05_sp_500_P10_r1:eval:1:1,1,1,1,18,1,True,8,1014,2038,6,1,0.4398837949697549,False,False,True,False,False,43,3.902508890684768,1.0,0.12249835912796936,False,False,False,False,2,,0.7069033121183256,,,0.04995345265436413,0.02377987463027267,0.07279339241010456,False,True,0.01847059465944767
pi05_spatial_500,p3,r6p3v2_pi05_sp_500_P10_r1,r6p3v2_pi05_sp_500_P10_r1:eval:2:0,1,2,0,0,1,True,10,2756,2855,0,0,0.6131212609295904,True,True,True,False,False,42,5.518082388771382,1.0,0.013138270595250842,False,False,True,False,2,1.0837543665877196,0.6137567275250041,0.14656008008361582,0.13523366973373405,0.004644927755487933,0.035837335098840566,0.04045577210218203,False,False,0.01368573231791908
pi05_spatial_500,p3,r6p3v2_pi05_sp_500_P10_r1,r6p3v2_pi05_sp_500_P10_r1:eval:2:0,1,2,0,2,1,True,10,2857,2857,1,0,0.45091591246101137,False,False,True,False,False,42,4.059564355140794,0.5,0.027521719448761306,False,False,True,False,2,1.0322725379497728,0.6137567275250041,0.3878321465831791,0.37570712416070284,0.055942516075178604,0.05651821024945054,0.11143646016795583,False,False,0.01368573231791908
pi05_spatial_500,p3,r6p3v2_pi05_sp_500_P10_r1,r6p3v2_pi05_sp_500_P10_r1:eval:2:0,1,2,0,4,1,True,10,2859,2859,2,0,0.2685675205808662,False,False,True,False,False,42,3.165429718505429,0.3333333333333333,0.06572355468138474,False,False,True,False,2,0.9414673919444181,0.6137567275250041,0.36387560823401105,0.38649836558066725,0.05264250563888735,0.05076905990522791,0.09532375346547475,False,False,0.01368573231791908
pi05_spatial_500,p3,r6p3v2_pi05_sp_500_P10_r1,r6p3v2_pi05_sp_500_P10_r1:eval:2:0,1,2,0,6,1,True,10,2861,2861,3,0,0.7444585059058139,True,True,True,False,True,42,4.100800269840983,0.3333333333333333,0.10110974850891429,False,False,True,False,2,0.9599461782110345,0.6137567275250041,0.34176642186895445,0.35602664985434274,0.049426931799506794,0.03867032816740023,0.08788619264543297,False,False,0.01368573231791908
pi05_spatial_500,p3,r6p3v2_pi05_sp_500_P10_r1,r6p3v2_pi05_sp_500_P10_r1:eval:2:0,1,2,0,8,1,True,10,2126,2863,2,0,0.6985829881883724,True,True,True,True,True,42,5.787499751295533,0.2,0.087095891727582,False,False,True,False,2,0.9371517309018617,0.6137567275250041,0.24081644410950434,0.25696633337886093,0.03635003803883354,0.025075360989710492,0.06122292931598352,False,False,0.01368573231791908
pi05_spatial_500,p3,r6p3v2_pi05_sp_500_P10_r1,r6p3v2_pi05_sp_500_P10_r1:eval:2:0,1,2,0,10,1,True,10,2128,2388,3,1,0.49078974280308846,False,False,True,True,False,42,5.933632780461732,0.3333333333333333,0.16325602225310515,False,False,True,False,2,0.6890633754544475,0.6137567275250041,0.04103476443267681,0.059551509910991535,0.005629595275465468,0.011162435525740486,0.010932594849130194,False,False,0.01368573231791908
pi05_spatial_500,p3,r6p3v2_pi05_sp_500_P10_r1,r6p3v2_pi05_sp_500_P10_r1:eval:2:0,1,2,0,12,1,True,10,2548,3046,4,1,0.12224203609960627,False,False,True,False,False,42,2.255920863100874,0.25,0.11426500521251973,False,False,True,False,2,0.6735756340054538,0.6137567275250041,0.3086788962341913,0.4582690950363148,0.026991022213867358,0.052007768224604255,0.07765609294316504,False,False,0.01368573231791908
pi05_spatial_500,p3,r6p3v2_pi05_sp_500_P10_r1,r6p3v2_pi05_sp_500_P10_r1:eval:2:0,1,2,0,14,1,True,10,2670,2670,5,1,0.3601875287620801,False,False,True,False,False,42,4.227179310195962,0.25,0.09650600148083459,False,False,True,False,2,0.9677009250853355,0.6137567275250041,0.4628638047764322,0.47831286793036304,0.062406265940538955,0.05407672265949215,0.11345421987612417,False,False,0.01368573231791908
pi05_spatial_500,p3,r6p3v2_pi05_sp_500_P10_r1,r6p3v2_pi05_sp_500_P10_r1:eval:2:0,1,2,0,16,1,True,10,2890,2672,4,1,0.10529158357621311,False,False,True,False,False,5,2.8560805755889724,0.2,0.20213432432018222,False,False,True,False,2,0.9993776603244804,0.6137567275250041,0.39213758178035396,0.3923817765278381,0.051913956538362095,0.04959854980943056,0.09955027142127433,False,False,0.01368573231791908
pi05_spatial_500,p3,r6p3v2_pi05_sp_500_P10_r1,r6p3v2_pi05_sp_500_P10_r1:eval:2:0,1,2,0,18,1,True,10,2830,2674,5,1,0.11595272792350564,False,False,True,False,False,42,2.130873285980447,0.25,0.24280014362052604,False,False,True,False,2,1.0288006598619597,0.6137567275250041,0.2992390047908072,0.2908619876186295,0.04154974990612209,0.03604119533608576,0.07621705777074607,False,False,0.01368573231791908
pi05_spatial_500,p3,r6p3v2_pi05_sp_500_P10_r1,r6p3v2_pi05_sp_500_P10_r1:eval:2:0,1,2,0,20,1,True,5,2676,2676,7,1,0.22768701743621209,False,False,True,False,False,42,2.7979019766781623,0.3333333333333333,0.2174328758640647,False,False,False,False,2,,0.6137567275250041,,,0.03227916226287832,0.0,0.03227916226287832,False,True,0.01368573231791908
pi05_spatial_500,p3,r6p3v2_pi05_sp_500_P10_r1,r6p3v2_pi05_sp_500_P10_r1:eval:2:1,1,2,1,0,1,True,10,3035,2177,0,0,0.5051548039065296,False,True,True,False,False,42,3.91172215413207,1.0,0.026713326955755907,False,False,True,False,2,1.7580260211649494,0.6137567275250041,0.18429396345853075,0.10483005441319294,0.00916528021641377,0.04228259869722445,0.05127794872554787,False,False,0.014150200877338648
pi05_spatial_500,p3,r6p3v2_pi05_sp_500_P10_r1,r6p3v2_pi05_sp_500_P10_r1:eval:2:1,1,2,1,2,1,True,10,2699,2699,1,0,0.4330962059620596,False,False,True,False,False,42,3.917929484407342,0.5,0.06601561951642256,False,False,True,False,2,1.0099757675676173,0.6137567275250041,0.38118776410244987,0.37742268314069183,0.0525367119521977,0.05646439239591863,0.10743954778644937,False,False,0.014150200877338648
pi05_spatial_500,p3,r6p3v2_pi05_sp_500_P10_r1,r6p3v2_pi05_sp_500_P10_r1:eval:2:1,1,2,1,4,1,True,10,2701,2242,2,0,0.43548026282149616,False,False,True,False,True,42,2.7977512518416656,0.2,0.10968942646957096,False,False,True,False,2,0.9787164516378861,0.6137567275250041,0.4058318187058662,0.4146571951730299,0.05308231584702904,0.05391412864965034,0.10286304261664603,False,False,0.014150200877338648
pi05_spatial_500,p3,r6p3v2_pi05_sp_500_P10_r1,r6p3v2_pi05_sp_500_P10_r1:eval:2:1,1,2,1,6,1,True,10,2820,2703,1,0,0.6514195684409674,True,False,True,False,True,42,5.093048983894102,0.14285714285714285,0.0908975352684995,False,False,True,False,2,1.2837975233586087,0.6137567275250041,0.323180844852963,0.25173817441824703,0.04668440234702572,0.03591627341958297,0.08247873041999576,False,False,0.014150200877338648
pi05_spatial_500,p3,r6p3v2_pi05_sp_500_P10_r1,r6p3v2_pi05_sp_500_P10_r1:eval:2:1,1,2,1,8,1,True,10,2765,2864,3,1,0.8185719946822111,True,False,True,True,True,42,3.8174060465491135,1.0,0.11104703027490202,False,False,True,False,2,2.309765867357908,0.6137567275250041,0.08636533078161485,0.037391378928118946,0.02195867132059955,0.0016748942219667756,0.02209084957574974,False,False,0.014150200877338648
pi05_spatial_500,p3,r6p3v2_pi05_sp_500_P10_r1,r6p3v2_pi05_sp_500_P10_r1:eval:2:1,1,2,1,10,1,True,10,2866,2168,5,1,0.20295482435956433,False,False,True,False,False,42,3.1586419259748286,0.25,0.14182152338765697,False,False,True,False,2,0.7267689316209214,0.6137567275250041,0.18207017956327134,0.2505200368942548,0.011627928847873911,0.034383098404338744,0.046008342685909066,False,False,0.014150200877338648
pi05_spatial_500,p3,r6p3v2_pi05_sp_500_P10_r1,r6p3v2_pi05_sp_500_P10_r1:eval:2:1,1,2,1,12,1,True,10,2867,2391,5,1,0.20295482435956433,False,False,True,False,False,42,3.1586419259748286,0.25,0.07336144509399162,False,False,True,False,2,1.2316984982825496,0.6137567275250041,0.5179817810290436,0.4205426748114939,0.06207607125279865,0.06790969900617662,0.129486662376694,False,False,0.014150200877338648
pi05_spatial_500,p3,r6p3v2_pi05_sp_500_P10_r1,r6p3v2_pi05_sp_500_P10_r1:eval:2:1,1,2,1,14,1,True,10,2115,2393,6,1,0.1578814490975098,False,False,True,False,False,42,2.756880636226245,0.25,0.17378817391420256,False,False,True,False,2,0.9787065425729041,0.6137567275250041,0.403315390239867,0.4120902157040847,0.05666694465158171,0.0507309544747289,0.10168533262378658,False,False,0.014150200877338648
pi05_spatial_500,p3,r6p3v2_pi05_sp_500_P10_r1,r6p3v2_pi05_sp_500_P10_r1:eval:2:1,1,2,1,16,1,True,10,3051,2395,5,1,0.10424336554686302,False,False,True,False,False,42,2.8532624232750865,0.2,0.20111366651970564,False,False,True,False,2,1.2860728409256512,0.6137567275250041,0.3781989775287413,0.2940727503867763,0.0525293621445231,0.04600577161500817,0.09627495549193157,False,False,0.014150200877338648
pi05_spatial_500,p3,r6p3v2_pi05_sp_500_P10_r1,r6p3v2_pi05_sp_500_P10_r1:eval:2:1,1,2,1,18,1,True,10,3053,2397,5,1,0.10424336554686302,False,False,True,False,False,42,2.8532624232750865,0.2,0.15619603919583985,False,False,False,False,2,,0.6137567275250041,,,0.043318513132299875,0.03329358081803099,0.0760597077439042,False,True,0.014150200877338648
pi05_spatial_500,p3,r6p3v2_pi05_sp_500_P10_r1,r6p3v2_pi05_sp_500_P10_r1:eval:3:0,1,3,0,0,1,True,10,3628,3342,0,0,0.5971769815418023,True,True,True,False,False,43,4.756184735036848,1.0,0.01805250401783292,False,False,True,False,1,1.1478591331903445,0.762086092106727,0.27633463599813474,0.2407391534448081,0.020932428527446215,0.05862850111074966,0.07932219143260873,False,False,0.016128566736976307
pi05_spatial_500,p3,r6p3v2_pi05_sp_500_P10_r1,r6p3v2_pi05_sp_500_P10_r1:eval:3:0,1,3,0,2,1,True,10,3192,3192,1,0,0.34581976112920737,False,False,True,False,False,43,3.115657885710077,0.3333333333333333,0.06259169805087468,False,False,True,False,1,1.017438745048163,0.762086092106727,0.42601426004334964,0.41871244054420514,0.061619526842515884,0.06158587338231046,0.12317131195639405,False,False,0.016128566736976307
pi05_spatial_500,p3,r6p3v2_pi05_sp_500_P10_r1,r6p3v2_pi05_sp_500_P10_r1:eval:3:0,1,3,0,4,1,True,10,3346,3194,1,0,0.2747014115092291,False,True,True,False,False,43,3.4474326465672487,0.25,0.10898956066638209,False,False,True,False,1,0.945937675817406,0.762086092106727,0.4765615378900335,0.5037980303281884,0.06609790547175035,0.06617656800798238,0.1298546295895816,False,False,0.016128566736976307
pi05_spatial_500,p3,r6p3v2_pi05_sp_500_P10_r1,r6p3v2_pi05_sp_500_P10_r1:eval:3:0,1,3,0,6,1,True,10,3130,3331,2,0,0.5559174809989142,True,True,True,False,True,43,2.741423468854946,0.25,0.13453467663917795,False,False,True,False,1,0.9652379838707915,0.762086092106727,0.434491809245671,0.45013956817496403,0.06119310819671729,0.04483358565649815,0.10210175617481247,False,False,0.016128566736976307
pi05_spatial_500,p3,r6p3v2_pi05_sp_500_P10_r1,r6p3v2_pi05_sp_500_P10_r1:eval:3:0,1,3,0,8,1,True,10,3114,3350,2,0,0.5667752442996743,True,False,True,True,True,5,2.8920655847182286,0.25,0.07691352034026518,False,False,True,False,1,0.9723076727291062,0.762086092106727,0.27398719030202157,0.2817906286113993,0.04724505351646785,0.0213119595464027,0.06800719422701228,False,False,0.016128566736976307
pi05_spatial_500,p3,r6p3v2_pi05_sp_500_P10_r1,r6p3v2_pi05_sp_500_P10_r1:eval:3:0,1,3,0,10,1,True,10,3217,3335,3,1,0.3056460369163952,False,False,True,False,False,43,2.685550230314763,0.3333333333333333,0.14802429032079203,False,False,True,False,1,1.164960942744494,0.762086092106727,0.3118327669556044,0.26767658512307513,0.019297468313165242,0.05553087841138183,0.07321255048465238,False,False,0.016128566736976307
pi05_spatial_500,p3,r6p3v2_pi05_sp_500_P10_r1,r6p3v2_pi05_sp_500_P10_r1:eval:3:0,1,3,0,12,1,True,10,3557,3457,4,1,0.3914223669923995,False,False,True,False,False,43,2.5388774107515863,0.5,0.1590117222917375,False,False,True,False,1,1.0280811202064872,0.762086092106727,0.43549478999626623,0.4235996376519377,0.060045106029591455,0.04853058611050039,0.10172150789429174,False,False,0.016128566736976307
pi05_spatial_500,p3,r6p3v2_pi05_sp_500_P10_r1,r6p3v2_pi05_sp_500_P10_r1:eval:3:0,1,3,0,14,1,True,10,3575,3221,5,1,0.2676438653637351,False,False,True,False,False,43,2.3479712374658623,0.3333333333333333,0.1331458761800927,False,False,True,False,1,0.9894455618853006,0.762086092106727,0.47436843106440457,0.47942852981273437,0.05610395926866116,0.06249016626666473,0.11109977129301025,False,False,0.016128566736976307
pi05_spatial_500,p3,r6p3v2_pi05_sp_500_P10_r1,r6p3v2_pi05_sp_500_P10_r1:eval:3:0,1,3,0,16,1,True,4,3577,3239,5,1,0.2676438653637351,False,False,True,False,False,43,2.3479712374658623,0.3333333333333333,0.192269786761914,False,False,False,False,1,,0.762086092106727,,,0.04225413116646862,0.0,0.04225413116646862,False,True,0.016128566736976307
pi05_spatial_500,p3,r6p3v2_pi05_sp_500_P10_r1,r6p3v2_pi05_sp_500_P10_r1:eval:3:1,1,3,1,0,1,True,10,3494,3307,0,0,0.6308360477741585,True,True,True,False,False,43,6.211880275111322,1.0,0.0193809672682078,False,False,True,False,1,0.9528146094893614,0.762086092106727,0.2670811947651255,0.2803076192421749,0.017768580694838033,0.05756122344807441,0.07521516431333847,False,False,0.015215999964210723
pi05_spatial_500,p3,r6p3v2_pi05_sp_500_P10_r1,r6p3v2_pi05_sp_500_P10_r1:eval:3:1,1,3,1,2,1,True,10,3126,3309,1,0,0.4011943539630836,False,False,True,False,False,43,4.013767589115518,0.3333333333333333,0.11063612377275218,False,False,True,False,1,1.0025243377994408,0.762086092106727,0.4178935376595874,0.4168412894362957,0.060684192337545004,0.06018456789458394,0.1206749708031325,False,False,0.015215999964210723
pi05_spatial_500,p3,r6p3v2_pi05_sp_500_P10_r1,r6p3v2_pi05_sp_500_P10_r1:eval:3:1,1,3,1,4,1,True,10,3699,3632,2,0,0.5852334419109663,True,True,True,False,True,5,3.0807835222788045,0.25,0.19185013598007364,False,False,True,False,1,0.9479477000497656,0.762086092106727,0.4738404369941645,0.499859261190558,0.06506704697404926,0.0661316703912626,0.12676382029820324,False,False,0.015215999964210723
pi05_spatial_500,p3,r6p3v2_pi05_sp_500_P10_r1,r6p3v2_pi05_sp_500_P10_r1:eval:3:1,1,3,1,6,1,True,10,3061,3213,2,0,0.38653637350705755,False,True,True,False,True,43,1.7772919608847233,0.2,0.2048078097041534,False,False,True,False,1,1.077466706687236,0.762086092106727,0.47773572452830354,0.4433879223954335,0.06259262450380618,0.052161777223424896,0.11265250105209831,False,False,0.015215999964210723
pi05_spatial_500,p3,r6p3v2_pi05_sp_500_P10_r1,r6p3v2_pi05_sp_500_P10_r1:eval:3:1,1,3,1,8,1,True,10,3282,3215,3,0,0.6096634093376764,True,False,True,True,True,43,2.4090472108839864,0.3333333333333333,0.20136849449198535,False,False,True,False,1,0.7706679830260725,0.762086092106727,0.2061810308633233,0.26753548272985406,0.03805215942489246,0.013762166154752323,0.050180769843295024,False,False,0.015215999964210723
pi05_spatial_500,p3,r6p3v2_pi05_sp_500_P10_r1,r6p3v2_pi05_sp_500_P10_r1:eval:3:1,1,3,1,10,1,True,10,3285,3335,5,1,0.3262757871878393,False,False,True,False,False,43,2.0783174601078525,0.5,0.3462708810517633,False,True,True,False,1,0.6947032520333706,0.762086092106727,0.33756908403296076,0.48591838752000743,0.02324828401971641,0.05679881866988091,0.07911057165328414,True,False,0.015215999964210723
pi05_spatial_500,p3,r6p3v2_pi05_sp_500_P10_r1,r6p3v2_pi05_sp_500_P10_r1:eval:3:1,1,3,1,12,1,True,10,3185,3457,4,1,0.1981541802388708,False,False,True,False,False,43,1.9313535547366283,0.3333333333333333,0.12785172041954895,False,False,True,False,1,0.8958101006192928,0.762086092106727,0.4302465800364455,0.4802877080075418,0.05868008606671633,0.051655418395225666,0.10052763980709331,False,False,0.015215999964210723
pi05_spatial_500,p3,r6p3v2_pi05_sp_500_P10_r1,r6p3v2_pi05_sp_500_P10_r1:eval:3:1,1,3,1,14,1,True,10,3187,3744,5,1,0.18403908794788273,False,False,True,False,False,43,1.8350905861332465,0.3333333333333333,0.06575440423688425,False,False,True,False,1,1.000625373209413,0.762086092106727,0.48964811398832203,0.48934209255340105,0.06118589472807392,0.060555373315541595,0.1144541106158943,False,False,0.015215999964210723
pi05_spatial_500,p3,r6p3v2_pi05_sp_500_P10_r1,r6p3v2_pi05_sp_500_P10_r1:eval:3:1,1,3,1,16,1,True,3,3189,3223,5,1,0.18403908794788273,False,False,True,False,False,43,1.8350905861332465,0.3333333333333333,0.13721124484021308,False,False,False,False,1,,0.762086092106727,,,0.02635772032138325,0.0,0.02635772032138325,False,True,0.015215999964210723
pi05_spatial_500,p3,r6p3v2_pi05_sp_500_P10_r1,r6p3v2_pi05_sp_500_P10_r1:eval:4:0,1,4,0,0,1,True,10,4969,4417,0,0,0.5798771121351766,True,True,True,False,False,43,6.205389938904875,1.0,0.01492563091379527,False,False,True,False,2,1.1015113204664675,0.6712602412021075,0.2487758850170627,0.22584959445692412,0.019659823004509445,0.05495881357702938,0.07455613669280016,False,False,0.014524247186879316
pi05_spatial_500,p3,r6p3v2_pi05_sp_500_P10_r1,r6p3v2_pi05_sp_500_P10_r1:eval:4:0,1,4,0,2,1,True,10,4339,4419,1,0,0.2054531490015361,False,False,True,False,False,43,4.147988671535354,0.25,0.06343910726926745,False,False,True,False,2,1.0050101556559865,0.6712602412021075,0.39019544246746973,0.38825024829006116,0.060618459637248504,0.05781669930305178,0.11814124379955525,False,False,0.014524247186879316
pi05_spatial_500,p3,r6p3v2_pi05_sp_500_P10_r1,r6p3v2_pi05_sp_500_P10_r1:eval:4:0,1,4,0,4,1,True,10,4470,5169,1,0,0.2530721966205837,False,False,True,False,False,43,4.594736589866251,0.25,0.07623365416562812,False,False,True,False,2,0.9909012860599261,0.6712602412021075,0.28631131497261414,0.28894030010906563,0.050982854310653525,0.03834073993846877,0.08870145603821324,False,False,0.014524247186879316
pi05_spatial_500,p3,r6p3v2_pi05_sp_500_P10_r1,r6p3v2_pi05_sp_500_P10_r1:eval:4:0,1,4,0,6,1,True,10,4005,4472,2,0,0.4612135176651306,True,True,True,False,True,43,3.0881778432099445,0.25,0.09058747469356847,False,False,True,False,2,0.9788559052210319,0.6712602412021075,0.25433429917287703,0.2598281297750834,0.042240223166695276,0.035681067712883756,0.07418599610169717,False,False,0.014524247186879316
pi05_spatial_500,p3,r6p3v2_pi05_sp_500_P10_r1,r6p3v2_pi05_sp_500_P10_r1:eval:4:0,1,4,0,8,1,True,10,3903,4400,3,0,0.5165130568356374,True,False,True,False,True,43,3.066806699208211,0.3333333333333333,0.12708587304923513,False,False,True,False,2,0.9927687593140182,0.6712602412021075,0.23046012167760785,0.2321387730178484,0.035605269668373435,0.03101165029957232,0.06629427531493239,False,False,0.014524247186879316
pi05_spatial_500,p3,r6p3v2_pi05_sp_500_P10_r1,r6p3v2_pi05_sp_500_P10_r1:eval:4:0,1,4,0,10,1,True,10,4552,4322,3,1,0.8625192012288787,True,True,True,True,True,43,5.584738035395483,1.0,0.21102728837713577,False,False,True,False,2,2.297551750690315,0.6712602412021075,0.09646396297012486,0.04198554524011988,0.005490601681431838,0.02376936809708076,0.028113674259792915,False,False,0.014524247186879316
pi05_spatial_500,p3,r6p3v2_pi05_sp_500_P10_r1,r6p3v2_pi05_sp_500_P10_r1:eval:4:0,1,4,0,12,1,True,10,3958,4605,5,1,0.2745775729646698,False,False,True,False,False,43,4.865801253546391,0.25,0.08222071704103691,False,False,True,False,2,1.040364747070506,0.6712602412021075,0.3883952435717454,0.37332603268747977,0.05722425449870969,0.05683651543671419,0.11344190470575785,False,False,0.014524247186879316
pi05_spatial_500,p3,r6p3v2_pi05_sp_500_P10_r1,r6p3v2_pi05_sp_500_P10_r1:eval:4:0,1,4,0,14,1,True,10,4326,4957,5,1,0.34792626728110604,False,False,True,False,False,43,6.559586914865205,0.2,0.13162819292376246,False,False,True,False,2,0.9458373167433596,0.6712602412021075,0.2939889270403706,0.3108239882653526,0.055673227948488516,0.05092643218999345,0.09928016622731459,False,False,0.014524247186879316
pi05_spatial_500,p3,r6p3v2_pi05_sp_500_P10_r1,r6p3v2_pi05_sp_500_P10_r1:eval:4:0,1,4,0,16,1,True,10,4252,3962,5,1,0.456605222734255,True,False,True,False,False,43,5.688590947387856,0.5,0.10167566817391988,False,False,True,False,2,0.9169073096475615,0.6712602412021075,0.3543183008419725,0.38642761063619885,0.057666659561166046,0.06471158583775805,0.12183393384687563,False,False,0.014524247186879316
pi05_spatial_500,p3,r6p3v2_pi05_sp_500_P10_r1,r6p3v2_pi05_sp_500_P10_r1:eval:4:0,1,4,0,18,1,True,10,3964,3964,7,1,0.023425499231950846,False,False,True,False,False,43,2.4883938476357668,0.16666666666666666,0.08151077967070486,False,False,True,False,2,1.0086360685903544,0.6712602412021075,0.39726718597997956,0.3938657344816061,0.06684035309465935,0.05842559767777767,0.12100531185734803,False,False,0.014524247186879316
pi05_spatial_500,p3,r6p3v2_pi05_sp_500_P10_r1,r6p3v2_pi05_sp_500_P10_r1:eval:4:0,1,4,0,20,1,True,10,3966,3966,7,1,0.023425499231950846,False,False,True,False,False,43,2.4883938476357668,0.16666666666666666,0.1348675681674263,False,False,True,False,2,1.039278580171519,0.6712602412021075,0.37984526737261215,0.3654893640836164,0.05845477736404145,0.05007286776769467,0.10807186841841342,False,False,0.014524247186879316
pi05_spatial_500,p3,r6p3v2_pi05_sp_500_P10_r1,r6p3v2_pi05_sp_500_P10_r1:eval:4:0,1,4,0,22,1,True,9,4072,4285,9,1,0.11328725038402458,False,False,True,False,False,43,4.050388103352282,0.16666666666666666,0.21491669409652397,False,False,False,False,2,,0.6712602412021075,,0.22094703785063186,0.041336973642752836,0.028428332745799128,0.06926980026950082,False,True,0.014524247186879316
pi05_spatial_500,p3,r6p3v2_pi05_sp_500_P10_r1,r6p3v2_pi05_sp_500_P10_r1:eval:4:1,1,4,1,0,1,True,10,4390,4390,0,0,0.6113671274961597,True,True,True,False,False,43,8.729722007482103,1.0,0.022586567330558527,False,False,True,False,2,0.9524247145090357,0.6712602412021075,0.23035208243454927,0.24185857309813008,0.017058932414674096,0.05176947907250377,0.06874566652171647,False,False,0.010511461788645158
pi05_spatial_500,p3,r6p3v2_pi05_sp_500_P10_r1,r6p3v2_pi05_sp_500_P10_r1:eval:4:1,1,4,1,2,1,True,10,4392,4392,1,0,0.44278033794162824,True,True,True,False,False,43,5.527708780162866,0.5,0.0232537334547879,False,False,True,False,2,0.9999064495382095,0.6712602412021075,0.4028561873772976,0.4028938782856638,0.06031982297132602,0.061568607543102234,0.12134159331545541,False,False,0.010511461788645158
pi05_spatial_500,p3,r6p3v2_pi05_sp_500_P10_r1,r6p3v2_pi05_sp_500_P10_r1:eval:4:1,1,4,1,4,1,True,10,4394,4394,2,0,0.07603686635944701,False,False,True,False,False,43,3.155043770334267,0.2,0.042227797404875186,False,False,True,False,2,1.294170216238374,0.6712602412021075,0.3489860063209461,0.2696600508511982,0.060490446414354186,0.04800071963002718,0.10829975281080607,False,False,0.010511461788645158
pi05_spatial_500,p3,r6p3v2_pi05_sp_500_P10_r1,r6p3v2_pi05_sp_500_P10_r1:eval:4:1,1,4,1,6,1,True,10,4998,4999,2,0,0.10752688172043011,False,False,True,False,False,43,3.6109610847946576,0.2,0.12360310396296204,False,False,True,False,2,0.7715485888942768,0.6712602412021075,0.23038077336507246,0.2985952883346416,0.03914004082316809,0.03785651837835687,0.06948678119857804,False,False,0.010511461788645158
pi05_spatial_500,p3,r6p3v2_pi05_sp_500_P10_r1,r6p3v2_pi05_sp_500_P10_r1:eval:4:1,1,4,1,8,1,True,10,4006,4345,2,0,0.4612135176651306,True,False,True,False,True,43,3.0881778432099445,0.25,0.11855182283359626,False,False,True,False,2,0.8609203624008509,0.6712602412021075,0.2440239209649418,0.283445405199189,0.03537893333914295,0.03473666738812371,0.06990267867251994,False,False,0.010511461788645158
pi05_spatial_500,p3,r6p3v2_pi05_sp_500_P10_r1,r6p3v2_pi05_sp_500_P10_r1:eval:4:1,1,4,1,10,1,True,10,5003,5003,3,0,0.478110599078341,True,True,True,True,True,43,3.433933214209474,0.25,0.06381357426396533,False,False,True,False,2,1.0785803012261752,0.6712602412021075,0.18733387504668647,0.1736856076767928,0.03856377968122617,0.01630022418291661,0.0537149589709633,False,False,0.010511461788645158
pi05_spatial_500,p3,r6p3v2_pi05_sp_500_P10_r1,r6p3v2_pi05_sp_500_P10_r1:eval:4:1,1,4,1,12,1,True,10,4979,4477,3,1,0.4343317972350231,False,True,True,True,False,43,5.441622924167716,0.5,0.2966448814725945,True,False,True,False,2,1.1382874209659497,0.6712602412021075,0.1249161375351111,0.10974041813543664,0.007186657584463456,0.030238669078177984,0.03602598114861372,False,False,0.010511461788645158
pi05_spatial_500,p3,r6p3v2_pi05_sp_500_P10_r1,r6p3v2_pi05_sp_500_P10_r1:eval:4:1,1,4,1,14,1,True,10,4375,4981,4,1,0.4182027649769586,False,False,True,False,False,4,5.784213145235091,0.3333333333333333,0.14086476363529682,False,False,True,False,2,1.1706826607648728,0.6712602412021075,0.3775216455210772,0.3224799155002613,0.05455003063976196,0.05537903139996593,0.10948821871098083,False,False,0.010511461788645158
pi05_spatial_500,p3,r6p3v2_pi05_sp_500_P10_r1,r6p3v2_pi05_sp_500_P10_r1:eval:4:1,1,4,1,16,1,True,10,5180,4983,5,1,0.29301075268817206,False,False,True,False,False,43,5.120296804263578,0.25,0.12994156595349976,False,False,True,False,2,0.8250291374290654,0.6712602412021075,0.28285597142054575,0.3428436143503662,0.05018951628115997,0.05020618291361593,0.09523536976170151,False,False,0.010511461788645158
pi05_spatial_500,p3,r6p3v2_pi05_sp_500_P10_r1,r6p3v2_pi05_sp_500_P10_r1:eval:4:1,1,4,1,18,1,True,10,4328,4985,6,1,0.19086021505376347,False,True,True,False,False,43,4.018668288690075,0.25,0.08978666208929618,False,False,True,False,2,1.0367760240889023,0.6712602412021075,0.3266448205529886,0.3150582314439972,0.0542332259146678,0.06109599792633307,0.1140397409316625,False,False,0.010511461788645158
pi05_spatial_500,p3,r6p3v2_pi05_sp_500_P10_r1,r6p3v2_pi05_sp_500_P10_r1:eval:4:1,1,4,1,20,1,True,10,4229,4987,7,1,0.21236559139784947,False,False,True,False,False,43,5.127108183716057,0.16666666666666666,0.1006555264018889,False,False,True,False,2,1.1056218998631142,0.6712602412021075,0.44546032303216104,0.4029047571211397,0.06939418627358136,0.0671072480694697,0.13483523413495557,False,False,0.010511461788645158
pi05_spatial_500,p3,r6p3v2_pi05_sp_500_P10_r1,r6p3v2_pi05_sp_500_P10_r1:eval:4:1,1,4,1,22,1,True,10,4231,4737,7,1,0.21236559139784947,False,False,True,False,False,43,5.127108183716057,0.16666666666666666,0.16347394028795487,False,False,True,False,2,1.0698195254609386,0.6712602412021075,0.38791433190087377,0.3625979173765205,0.05733117753597165,0.05363062069524286,0.11081466800351919,False,False,0.010511461788645158
pi05_spatial_500,p3,r6p3v2_pi05_sp_500_P10_r1,r6p3v2_pi05_sp_500_P10_r1:eval:4:1,1,4,1,24,1,True,10,5162,4739,6,1,0.16474654377880185,False,False,True,False,False,43,4.603081723160243,0.14285714285714285,0.07396686381898607,False,False,False,False,2,,0.6712602412021075,,0.17034151456972796,0.04349807266792373,0.03897338561876435,0.08242161121141249,False,True,0.010511461788645158
pi05_spatial_500,p3,r6p3v2_pi05_sp_500_P10_r1,r6p3v2_pi05_sp_500_P10_r1:eval:5:0,1,5,0,0,1,True,10,5896,5618,0,0,0.4816250742721331,False,True,True,False,False,41,3.8256088119014415,1.0,0.01274721969315878,False,False,True,False,2,0.9667455751847145,0.5805091758624843,0.40269315390017757,0.4165451223536613,0.02258546154529964,0.05386263262883535,0.07624446590639784,False,False,0.013059203047305346
pi05_spatial_500,p3,r6p3v2_pi05_sp_500_P10_r1,r6p3v2_pi05_sp_500_P10_r1:eval:5:0,1,5,0,2,1,True,10,5919,6050,2,0,0.6229055258467023,True,False,True,False,True,41,3.9385307727283725,0.25,0.0673479845798396,False,False,True,False,2,1.1247743813842515,0.5805091758624843,0.5946546123376844,0.5286879059299406,0.06220742074003433,0.06178380979011515,0.1188113647939823,False,False,0.013059203047305346
pi05_spatial_500,p3,r6p3v2_pi05_sp_500_P10_r1,r6p3v2_pi05_sp_500_P10_r1:eval:5:0,1,5,0,4,1,True,10,6141,5856,2,0,0.6309863339275105,True,True,True,False,True,41,3.9852960965940496,0.25,0.07558198261932077,False,False,True,False,2,0.6910162303702991,0.5805091758624843,0.38240103459123964,0.5533893674050464,0.05149208913762392,0.0352660286051559,0.08557517244592504,False,False,0.013059203047305346
pi05_spatial_500,p3,r6p3v2_pi05_sp_500_P10_r1,r6p3v2_pi05_sp_500_P10_r1:eval:5:0,1,5,0,6,1,True,10,5402,5559,2,0,0.6431075460487226,True,False,True,True,True,41,4.086420178951509,0.25,0.13007846948925905,False,True,True,False,2,0.5681332204286601,0.5805091758624843,0.1658761808070311,0.2919670507594618,0.031469942237700985,0.0058870528796209996,0.037140925495935555,True,False,0.013059203047305346
pi05_spatial_500,p3,r6p3v2_pi05_sp_500_P10_r1,r6p3v2_pi05_sp_500_P10_r1:eval:5:0,1,5,0,8,1,True,10,6145,5366,4,1,0.17256387403446227,False,False,True,False,False,41,3.5198580507456567,0.2,0.1741135891617759,False,False,True,False,2,0.7500016147214259,0.5805091758624843,0.13387677029330372,0.17850197608311782,0.008015029418530087,0.0222260003799929,0.029377826169278944,False,False,0.013059203047305346
pi05_spatial_500,p3,r6p3v2_pi05_sp_500_P10_r1,r6p3v2_pi05_sp_500_P10_r1:eval:5:0,1,5,0,10,1,True,10,5906,6129,4,1,0.246301247771836,False,False,True,False,False,41,4.009582259477596,0.2,0.1461626593818995,False,False,True,False,2,1.3262468357806567,0.5805091758624843,0.4927483274230317,0.37153591181462814,0.05600346751175844,0.05921329333180487,0.1138504810125489,False,False,0.013059203047305346
pi05_spatial_500,p3,r6p3v2_pi05_sp_500_P10_r1,r6p3v2_pi05_sp_500_P10_r1:eval:5:0,1,5,0,12,1,True,10,6131,6131,4,1,0.06347296494355319,False,False,True,False,False,41,2.502035023269122,0.2,0.15772377083843242,False,False,True,False,2,1.0700031358087887,0.5805091758624843,0.3782293698360207,0.3534843564267936,0.0528039247981395,0.05109179291760646,0.10245947730243621,False,False,0.013059203047305346
pi05_spatial_500,p3,r6p3v2_pi05_sp_500_P10_r1,r6p3v2_pi05_sp_500_P10_r1:eval:5:0,1,5,0,14,1,True,10,5912,6133,6,1,0.13098633392751038,False,False,True,False,False,41,2.7195106048231046,0.25,0.1971920862900891,False,False,True,False,2,0.975088984134925,0.5805091758624843,0.4145958847552266,0.42518774337610415,0.05171351027021401,0.05513059821482134,0.10306013347853257,False,False,0.013059203047305346
pi05_spatial_500,p3,r6p3v2_pi05_sp_500_P10_r1,r6p3v2_pi05_sp_500_P10_r1:eval:5:0,1,5,0,16,1,True,10,5914,5831,6,1,0.13098633392751038,False,False,True,False,False,41,2.7195106048231046,0.25,0.17944018852091975,False,False,True,False,2,0.9049081780537769,0.5805091758624843,0.40754476130820944,0.45037139810663734,0.04603016942560633,0.047590373947287684,0.08966414613613936,False,False,0.013059203047305346
pi05_spatial_500,p3,r6p3v2_pi05_sp_500_P10_r1,r6p3v2_pi05_sp_500_P10_r1:eval:5:0,1,5,0,18,1,True,1,5813,5680,6,1,0.22942661913250148,False,False,True,False,False,41,3.0227101157815235,0.3333333333333333,0.1238782590398825,False,False,False,False,2,,0.5805091758624843,,,0.009911364925043438,0.0,0.009911364925043438,False,True,0.013059203047305346
pi05_spatial_500,p3,r6p3v2_pi05_sp_500_P10_r1,r6p3v2_pi05_sp_500_P10_r1:eval:5:1,1,5,1,0,1,True,10,5852,5534,1,0,0.27800059417706474,False,False,True,False,False,41,2.9130577153830743,0.5,0.0177544230900429,False,False,True,False,2,0.7789711079222802,0.5805091758624843,0.42315676938581515,0.5432252429932671,0.024596584889334992,0.056302591068431676,0.08058286006167954,False,False,0.016975204925984144
pi05_spatial_500,p3,r6p3v2_pi05_sp_500_P10_r1,r6p3v2_pi05_sp_500_P10_r1:eval:5:1,1,5,1,2,1,True,10,5322,6050,1,0,0.2830510992275698,False,False,True,False,False,41,2.961953016715564,0.5,0.0880946491088282,False,False,True,False,2,1.0276915604725327,0.5805091758624843,0.5500830591517947,0.5352608509296957,0.057995943549957435,0.05717971564399159,0.10888970292864536,False,False,0.016975204925984144
pi05_spatial_500,p3,r6p3v2_pi05_sp_500_P10_r1,r6p3v2_pi05_sp_500_P10_r1:eval:5:1,1,5,1,4,1,True,10,5921,6052,2,0,0.6229055258467023,True,True,True,False,True,41,3.9385307727283725,0.25,0.08016668021030081,False,False,True,False,2,0.9712982896093645,0.5805091758624843,0.519897331870876,0.5352602155615528,0.06255373240104105,0.05725176228628997,0.11931823278953418,False,False,0.016975204925984144
pi05_spatial_500,p3,r6p3v2_pi05_sp_500_P10_r1,r6p3v2_pi05_sp_500_P10_r1:eval:5:1,1,5,1,6,1,True,10,6143,5345,3,1,0.40830362448009505,False,True,True,True,False,41,3.860046079630113,0.5,0.13503701676046537,False,False,True,False,2,2.335330471743322,0.5805091758624843,0.1193297762209994,0.0510975973913961,0.024118347547369946,0.004002420866618976,0.02808251194105236,False,False,0.016975204925984144
pi05_spatial_500,p3,r6p3v2_pi05_sp_500_P10_r1,r6p3v2_pi05_sp_500_P10_r1:eval:5:1,1,5,1,8,1,True,10,6145,6145,4,1,0.17256387403446227,False,False,True,False,False,41,3.5198580507456567,0.2,0.11558388580512358,False,False,True,False,2,0.8442658810148025,0.5805091758624843,0.15070312810069666,0.17850197608311782,0.004467373200099833,0.028459862867206663,0.03290985532977404,False,False,0.016975204925984144
pi05_spatial_500,p3,r6p3v2_pi05_sp_500_P10_r1,r6p3v2_pi05_sp_500_P10_r1:eval:5:1,1,5,1,10,1,True,10,5630,5350,4,1,0.1181521093285799,False,False,True,False,False,41,3.3090273162073194,0.14285714285714285,0.17374311004440526,False,False,True,False,2,1.1542854326732912,0.5805091758624843,0.4589058911810182,0.397567081928952,0.05234145751662346,0.05300632223248458,0.10383576040092457,False,False,0.016975204925984144
pi05_spatial_500,p3,r6p3v2_pi05_sp_500_P10_r1,r6p3v2_pi05_sp_500_P10_r1:eval:5:1,1,5,1,12,1,True,10,5204,5545,4,1,0.26804812834224595,False,False,True,False,False,41,4.341220465863862,0.16666666666666666,0.177316959199162,False,False,True,False,2,1.0722095895171977,0.5805091758624843,0.40959472112614975,0.382009940155996,0.05256237804722185,0.05657117884931493,0.1070741894859093,False,False,0.016975204925984144
pi05_spatial_500,p3,r6p3v2_pi05_sp_500_P10_r1,r6p3v2_pi05_sp_500_P10_r1:eval:5:1,1,5,1,14,1,True,10,6097,5547,5,1,0.572534165181224,True,False,True,False,False,41,4.462009569257702,1.0,0.09980987953629035,False,False,True,False,2,0.9335480324141227,0.5805091758624843,0.47748678379821796,0.5114753255528307,0.059056024781357935,0.06934343936107999,0.12400577570409685,False,False,0.016975204925984144
pi05_spatial_500,p3,r6p3v2_pi05_sp_500_P10_r1,r6p3v2_pi05_sp_500_P10_r1:eval:5:1,1,5,1,16,1,True,10,5830,5549,5,1,0.1784610814022579,False,False,True,False,False,41,3.186508555585632,0.25,0.11986121528470449,False,False,True,False,2,1.0242473426882894,0.5805091758624843,0.44451718842538407,0.43399398748615015,0.054613955950593165,0.05155009245089269,0.09678470055641147,False,False,0.016975204925984144
pi05_spatial_500,p3,r6p3v2_pi05_sp_500_P10_r1,r6p3v2_pi05_sp_500_P10_r1:eval:5:1,1,5,1,18,1,True,4,5552,5552,6,1,0.21886512180629827,False,False,True,False,False,41,3.47661782968738,0.25,0.16546916185255856,False,False,False,False,2,,0.5805091758624843,,,0.04432925653244303,0.0,0.04432925653244303,False,True,0.016975204925984144
pi05_spatial_500,p3,r6p3v2_pi05_sp_500_P10_r1,r6p3v2_pi05_sp_500_P10_r1:eval:6:0,1,6,0,0,1,True,10,6408,6953,0,0,0.4906367041198501,False,True,True,False,False,49,4.521320990295467,0.5,0.014118649876178056,False,False,True,False,2,0.975362535593821,0.7358285614820921,0.21409999847762073,0.21950812202077477,0.020920190902957728,0.05153183254417532,0.07244454931997335,False,False,0.018442007289691406
pi05_spatial_500,p3,r6p3v2_pi05_sp_500_P10_r1,r6p3v2_pi05_sp_500_P10_r1:eval:6:0,1,6,0,2,1,True,10,6262,6768,1,0,0.2851123595505618,False,False,True,False,False,49,3.4448737456881475,0.3333333333333333,0.037730332728733315,False,False,True,False,2,1.0044949768811362,0.7358285614820921,0.3518782599334048,0.350303653111292,0.05827517517581185,0.06011310844291331,0.11819837686734204,False,False,0.018442007289691406
pi05_spatial_500,p3,r6p3v2_pi05_sp_500_P10_r1,r6p3v2_pi05_sp_500_P10_r1:eval:6:0,1,6,0,4,1,True,10,6264,6957,2,0,0.41292134831460675,False,False,True,False,False,49,3.291325989006538,1.0,0.040629097560226785,False,False,True,False,2,1.002743879425254,0.7358285614820921,0.41023875501049,0.4091161895155401,0.06334372780290136,0.06483298816366767,0.12753321094867565,False,False,0.018442007289691406
pi05_spatial_500,p3,r6p3v2_pi05_sp_500_P10_r1,r6p3v2_pi05_sp_500_P10_r1:eval:6:0,1,6,0,6,1,True,10,6515,6515,3,0,0.5416666666666666,True,True,True,False,True,49,3.866446887898524,0.16666666666666666,0.05066668098215308,False,False,True,False,2,0.9536629429856076,0.7358285614820921,0.3296356690756085,0.3456521735484727,0.057273567348487556,0.03668098327051409,0.09295847474760763,False,False,0.018442007289691406
pi05_spatial_500,p3,r6p3v2_pi05_sp_500_P10_r1,r6p3v2_pi05_sp_500_P10_r1:eval:6:0,1,6,0,8,1,True,10,6517,6268,3,0,0.5416666666666666,True,True,True,False,True,49,3.866446887898524,0.16666666666666666,0.07558862580477323,False,False,True,False,2,0.8390882843192272,0.7358285614820921,0.2515281488952649,0.29976362868578943,0.03178729296674724,0.0322828191098387,0.06385008111440392,False,False,0.018442007289691406
pi05_spatial_500,p3,r6p3v2_pi05_sp_500_P10_r1,r6p3v2_pi05_sp_500_P10_r1:eval:6:0,1,6,0,10,1,True,10,6436,6691,2,0,0.8782771535580524,True,False,True,True,True,49,4.2447365358526525,1.0,0.2353140914385675,False,True,True,False,2,0.1592860921301944,0.7358285614820921,0.02457057480645247,0.15425436381708338,0.01336568496426741,0.008919835668364939,0.007420709390005752,True,False,0.018442007289691406
pi05_spatial_500,p3,r6p3v2_pi05_sp_500_P10_r1,r6p3v2_pi05_sp_500_P10_r1:eval:6:0,1,6,0,12,1,True,10,7075,6672,6,1,0.12827715355805244,False,False,True,False,False,49,2.683267946833987,0.25,0.1504506533344073,False,False,True,False,2,0.8383465333171992,0.7358285614820921,0.3682079865238977,0.4392073824972584,0.03669788324487618,0.059129071016644066,0.09417823055739709,False,False,0.018442007289691406
pi05_spatial_500,p3,r6p3v2_pi05_sp_500_P10_r1,r6p3v2_pi05_sp_500_P10_r1:eval:6:0,1,6,0,14,1,True,10,6804,6674,6,1,0.27949438202247195,False,False,True,False,False,49,3.397754525247326,0.3333333333333333,0.16535490954282728,False,False,True,False,2,1.0505114571577672,0.7358285614820921,0.4167267019325999,0.3966893450739542,0.06184953210302678,0.054840989101145356,0.11233857565875598,False,False,0.018442007289691406
pi05_spatial_500,p3,r6p3v2_pi05_sp_500_P10_r1,r6p3v2_pi05_sp_500_P10_r1:eval:6:0,1,6,0,16,1,True,10,6948,6806,5,1,0.2102059925093633,False,False,True,False,False,49,2.7749788037032683,0.3333333333333333,0.1614437085579324,False,False,True,False,2,0.9952619282936355,0.7358285614820921,0.39593433423147883,0.397819230270672,0.052931590509108555,0.05466649584930198,0.10551700505367742,False,False,0.018442007289691406
pi05_spatial_500,p3,r6p3v2_pi05_sp_500_P10_r1,r6p3v2_pi05_sp_500_P10_r1:eval:6:0,1,6,0,18,1,True,10,6950,6808,6,1,0.22893258426966293,False,False,True,False,False,49,2.88533295913964,0.3333333333333333,0.1383238615821336,False,False,True,False,2,1.0815546737821062,0.7358285614820921,0.36609632385130453,0.3384908157912131,0.05058187096025275,0.04605159400031466,0.09356564637124073,False,False,0.018442007289691406
pi05_spatial_500,p3,r6p3v2_pi05_sp_500_P10_r1,r6p3v2_pi05_sp_500_P10_r1:eval:6:0,1,6,0,20,1,True,1,6951,6810,6,1,0.22893258426966293,False,False,True,False,False,49,2.88533295913964,0.3333333333333333,0.12967631129319734,False,False,False,False,2,,0.7358285614820921,,,0.005833237868849341,0.0,0.005833237868849341,False,True,0.018442007289691406
pi05_spatial_500,p3,r6p3v2_pi05_sp_500_P10_r1,r6p3v2_pi05_sp_500_P10_r1:eval:6:1,1,6,1,0,1,True,10,6469,6974,0,0,0.5945692883895131,True,False,True,False,False,49,5.572038221752938,1.0,0.018276838645499983,False,False,True,False,2,0.8109889150616195,0.7358285614820921,0.21559726564516732,0.2658448982977604,0.02178533261199419,0.05112857389843829,0.0729023385776535,False,False,0.015561373650350353
pi05_spatial_500,p3,r6p3v2_pi05_sp_500_P10_r1,r6p3v2_pi05_sp_500_P10_r1:eval:6:1,1,6,1,2,1,True,10,6637,6241,1,0,0.5009363295880149,False,False,True,False,False,49,4.726925686927168,0.5,0.05889718959851391,False,False,True,False,2,1.0378535588609954,0.7358285614820921,0.3592406348687172,0.3461380768043712,0.059246971875064294,0.061313840641144896,0.12036924615549524,False,False,0.015561373650350353
pi05_spatial_500,p3,r6p3v2_pi05_sp_500_P10_r1,r6p3v2_pi05_sp_500_P10_r1:eval:6:1,1,6,1,4,1,True,10,6513,6513,3,0,0.5416666666666666,True,True,True,False,True,49,3.866446887898524,0.16666666666666666,0.05180157414590154,False,False,True,False,2,0.9420163904485631,0.7358285614820921,0.3610620376510395,0.3832863645600809,0.05939133638791047,0.051763777925374045,0.10946954861905685,False,False,0.015561373650350353
pi05_spatial_500,p3,r6p3v2_pi05_sp_500_P10_r1,r6p3v2_pi05_sp_500_P10_r1:eval:6:1,1,6,1,6,1,True,10,6959,6515,2,0,0.22705992509363296,False,True,True,False,False,49,3.8578191640066906,0.2,0.10362844227360635,False,False,True,False,2,1.0493747596017216,0.7358285614820921,0.35017902074435964,0.33370253814496753,0.045473009729028,0.04667404490188099,0.09163488307255858,False,False,0.015561373650350353
pi05_spatial_500,p3,r6p3v2_pi05_sp_500_P10_r1,r6p3v2_pi05_sp_500_P10_r1:eval:6:1,1,6,1,8,1,True,10,6621,6517,1,0,0.525749063670412,True,True,True,False,True,49,3.597759298743596,0.2,0.07700011516992038,False,False,True,False,2,1.1912082406695548,0.7358285614820921,0.32224697404244945,0.27052110877047053,0.04779961417271275,0.03558482199122011,0.08240626073347726,False,False,0.015561373650350353
pi05_spatial_500,p3,r6p3v2_pi05_sp_500_P10_r1,r6p3v2_pi05_sp_500_P10_r1:eval:6:1,1,6,1,10,1,True,10,7072,6250,4,1,0.8707865168539325,True,False,True,True,True,49,4.201620640948686,1.0,0.10363373398565681,False,False,True,False,2,1.5820279687300987,0.7358285614820921,0.07199496626983407,0.045508023684072266,0.006685874131099156,0.013014497726845079,0.01860153427063468,False,False,0.015561373650350353
pi05_spatial_500,p3,r6p3v2_pi05_sp_500_P10_r1,r6p3v2_pi05_sp_500_P10_r1:eval:6:1,1,6,1,12,1,True,10,7074,6252,6,1,0.12827715355805244,False,False,True,False,False,49,2.683267946833987,0.25,0.10802790057554966,False,False,True,False,2,1.1791993780157433,0.7358285614820921,0.39634938554224947,0.3361173631292043,0.03748991207494059,0.0645093402707956,0.10058449253780823,False,False,0.015561373650350353
pi05_spatial_500,p3,r6p3v2_pi05_sp_500_P10_r1,r6p3v2_pi05_sp_500_P10_r1:eval:6:1,1,6,1,14,1,True,10,7076,7054,6,1,0.12827715355805244,False,False,True,False,False,49,2.683267946833987,0.25,0.1304835491664927,False,False,True,False,2,1.0155448369071838,0.7358285614820921,0.41048467989620974,0.40420143451896273,0.06061160554111095,0.054648376026367976,0.11132834568508934,False,False,0.015561373650350353
pi05_spatial_500,p3,r6p3v2_pi05_sp_500_P10_r1,r6p3v2_pi05_sp_500_P10_r1:eval:6:1,1,6,1,16,1,True,10,6948,6256,5,1,0.2102059925093633,False,False,True,False,False,49,2.7749788037032683,0.3333333333333333,0.12218600666175453,False,False,True,False,2,0.9848164581701838,0.7358285614820921,0.391778925347152,0.397819230270672,0.053508867416871705,0.052928106116806796,0.1048543473808578,False,False,0.015561373650350353
pi05_spatial_500,p3,r6p3v2_pi05_sp_500_P10_r1,r6p3v2_pi05_sp_500_P10_r1:eval:6:1,1,6,1,18,1,True,10,6950,6527,6,1,0.22893258426966293,False,False,True,False,False,49,2.88533295913964,0.3333333333333333,0.1488450660689373,False,False,True,False,2,1.0472897958665468,0.7358285614820921,0.35449797737268046,0.3384908157912131,0.050907861835730824,0.04332828152042168,0.09090949970066761,False,False,0.015561373650350353
pi05_spatial_500,p3,r6p3v2_pi05_sp_500_P10_r1,r6p3v2_pi05_sp_500_P10_r1:eval:6:1,1,6,1,20,1,True,3,6951,6613,6,1,0.22893258426966293,False,False,True,False,False,49,2.88533295913964,0.3333333333333333,0.13544116167072834,False,False,False,False,2,,0.7358285614820921,,,0.018505501538537986,0.0,0.018505501538537986,False,True,0.015561373650350353
pi05_spatial_500,p3,r6p3v2_pi05_sp_500_P10_r1,r6p3v2_pi05_sp_500_P10_r1:eval:7:0,1,7,0,0,1,True,10,7945,7779,0,0,0.3665675160568904,False,False,True,False,False,41,3.954035191328113,1.0,0.02917416465843041,False,False,True,False,2,1.264170714315467,0.644949401716119,0.1801112473770223,0.14247383311244505,0.01543503927055434,0.0398999196196899,0.05506824823993552,False,False,0.020319458351216534
pi05_spatial_500,p3,r6p3v2_pi05_sp_500_P10_r1,r6p3v2_pi05_sp_500_P10_r1:eval:7:0,1,7,0,2,1,True,10,8066,7529,1,0,0.7687499311454099,True,True,True,False,True,3,10.624165938474166,0.25,0.07621448255896911,False,False,True,False,2,1.0542970587157077,0.644949401716119,0.48334013339962195,0.4584477680212851,0.05221563840839307,0.0629950481046411,0.11464779542931393,False,False,0.020319458351216534
pi05_spatial_500,p3,r6p3v2_pi05_sp_500_P10_r1,r6p3v2_pi05_sp_500_P10_r1:eval:7:0,1,7,0,4,1,True,10,7483,7783,1,0,0.6524506725716362,True,True,True,False,True,41,8.289478515281758,0.16666666666666666,0.07637560328868702,False,False,True,False,2,1.1463012919881195,0.644949401716119,0.4057713798800278,0.35398318288228303,0.06372689263466554,0.04222457236830287,0.10594108453149896,False,False,0.020319458351216534
pi05_spatial_500,p3,r6p3v2_pi05_sp_500_P10_r1,r6p3v2_pi05_sp_500_P10_r1:eval:7:0,1,7,0,6,1,True,10,7344,8311,3,1,0.4765762192770819,False,False,True,True,False,41,6.670869162092171,0.5,0.13891830446769815,False,False,True,False,2,0.7101575835015532,0.644949401716119,0.03920567875491493,0.055207012733152316,0.0038890786041704682,0.006236917145387939,0.009598102715445032,False,False,0.020319458351216534
pi05_spatial_500,p3,r6p3v2_pi05_sp_500_P10_r1,r6p3v2_pi05_sp_500_P10_r1:eval:7:0,1,7,0,8,1,True,10,7535,8313,3,1,0.4720439347368653,False,False,True,False,False,3,7.866424229845043,0.3333333333333333,0.14917187487172354,False,False,True,False,2,1.8953945454745251,0.644949401716119,0.19532435894426603,0.10305208454388858,0.0174010389009417,0.040956638283430456,0.058342931038581014,False,False,0.020319458351216534
pi05_spatial_500,p3,r6p3v2_pi05_sp_500_P10_r1,r6p3v2_pi05_sp_500_P10_r1:eval:7:0,1,7,0,10,1,True,10,7908,7587,5,1,0.07265536349715218,False,False,True,False,False,41,3.0080264477572203,0.2,0.16908535576172526,False,False,True,False,2,1.9964775406776818,0.644949401716119,0.4500553125888453,0.22542468092883183,0.06040908983581382,0.06668881839332047,0.1270790769714414,False,False,0.020319458351216534
pi05_spatial_500,p3,r6p3v2_pi05_sp_500_P10_r1,r6p3v2_pi05_sp_500_P10_r1:eval:7:0,1,7,0,12,1,True,10,7959,8317,4,1,0.143151447048066,False,False,True,False,False,41,4.24263353441646,0.2,0.18465144296380032,False,False,True,False,2,0.9343647458938672,0.644949401716119,0.3298318250920764,0.353001144939967,0.05740774206412889,0.0547866216457304,0.1114727500841832,False,False,0.020319458351216534
pi05_spatial_500,p3,r6p3v2_pi05_sp_500_P10_r1,r6p3v2_pi05_sp_500_P10_r1:eval:7:0,1,7,0,14,1,True,10,7961,8320,5,1,0.2952947527293959,False,False,True,False,False,41,5.457255626224015,0.25,0.1543604155893538,False,False,True,False,2,1.0070093592419727,0.644949401716119,0.3047922936240363,0.3026707654966276,0.05427129761302187,0.05398053612774925,0.10821575746623721,False,False,0.020319458351216534
pi05_spatial_500,p3,r6p3v2_pi05_sp_500_P10_r1,r6p3v2_pi05_sp_500_P10_r1:eval:7:0,1,7,0,16,1,True,10,7963,7309,5,1,0.2952947527293959,False,False,True,False,False,41,5.457255626224015,0.25,0.16744928424674468,False,False,True,False,2,0.9442317382667171,0.644949401716119,0.30356993137853105,0.3214993937142808,0.05084752235135903,0.049969010873842,0.09988006176820663,False,False,0.020319458351216534
pi05_spatial_500,p3,r6p3v2_pi05_sp_500_P10_r1,r6p3v2_pi05_sp_500_P10_r1:eval:7:0,1,7,0,18,1,True,10,8193,7311,6,1,0.3162562933095372,False,False,True,False,False,41,4.787591598065577,0.3333333333333333,0.1285170316020449,False,False,True,False,2,0.9837899074128534,0.644949401716119,0.3087516364027632,0.31383899557854855,0.047779122423086524,0.03428704022975302,0.08053317728921387,False,False,0.020319458351216534
pi05_spatial_500,p3,r6p3v2_pi05_sp_500_P10_r1,r6p3v2_pi05_sp_500_P10_r1:eval:7:0,1,7,0,20,1,True,8,8195,8325,6,1,0.3162562933095372,False,False,True,False,False,41,4.787591598065577,0.3333333333333333,0.11289919213576648,False,False,False,False,2,,0.644949401716119,,,0.027470410375009528,0.016833126965898757,0.044188974509768345,False,True,0.020319458351216534
pi05_spatial_500,p3,r6p3v2_pi05_sp_500_P10_r1,r6p3v2_pi05_sp_500_P10_r1:eval:7:1,1,7,1,0,1,True,10,7337,8064,0,0,0.41443522710998004,False,False,True,False,False,41,4.524967225211674,1.0,0.011850070230343556,False,False,True,False,2,1.1579514003063482,0.644949401716119,0.18280673430762132,0.15787081760016689,0.013257717471280054,0.04149514500713997,0.054054974746658574,False,False,0.015659005536387365
pi05_spatial_500,p3,r6p3v2_pi05_sp_500_P10_r1,r6p3v2_pi05_sp_500_P10_r1:eval:7:1,1,7,1,2,1,True,10,7855,8066,1,0,0.6540304722874045,True,True,True,False,True,41,7.118884257454124,0.2,0.06166041947610464,False,False,True,False,2,1.1233653319532662,0.644949401716119,0.4700820992172789,0.41845879149565485,0.05174611444497805,0.05950516187800903,0.1095240492705551,False,False,0.015659005536387365
pi05_spatial_500,p3,r6p3v2_pi05_sp_500_P10_r1,r6p3v2_pi05_sp_500_P10_r1:eval:7:1,1,7,1,4,1,True,10,7319,8068,1,0,0.6331427438278746,True,True,True,False,True,41,6.676505970986429,0.2,0.06561804860749959,False,False,True,False,2,0.9714706931630783,0.644949401716119,0.4198196951043713,0.43214859496939784,0.057625366901910176,0.046820237078499985,0.10364842759045917,False,False,0.015659005536387365
pi05_spatial_500,p3,r6p3v2_pi05_sp_500_P10_r1,r6p3v2_pi05_sp_500_P10_r1:eval:7:1,1,7,1,6,1,True,10,7999,8070,2,1,0.9462019808088487,True,True,True,True,True,41,9.84567730429611,1.0,0.15197096815282576,False,True,True,False,2,0.46547694175805493,0.644949401716119,0.01787895042058283,0.03840995936996581,0.0020012203383277575,0.0070714923062659835,0.005168399578883623,True,False,0.015659005536387365
pi05_spatial_500,p3,r6p3v2_pi05_sp_500_P10_r1,r6p3v2_pi05_sp_500_P10_r1:eval:7:1,1,7,1,8,1,True,10,7665,8071,4,1,0.04061429311123597,False,True,True,False,False,41,3.017224909021224,0.16666666666666666,0.17065717719306717,False,True,True,False,2,0.491515059611829,0.644949401716119,0.13450377376273986,0.27365137879796275,0.010840479225281559,0.022226152646266137,0.032258840542008234,False,False,0.015659005536387365
pi05_spatial_500,p3,r6p3v2_pi05_sp_500_P10_r1,r6p3v2_pi05_sp_500_P10_r1:eval:7:1,1,7,1,10,1,True,10,8052,8100,4,1,0.4104317458219035,False,False,True,False,False,41,5.428060509659071,0.5,0.31070973716621586,True,False,True,False,2,0.9911090257337531,0.644949401716119,0.35119572196850823,0.35434620495813324,0.04054351400409492,0.05909777275391221,0.09888623169370457,False,False,0.015659005536387365
pi05_spatial_500,p3,r6p3v2_pi05_sp_500_P10_r1,r6p3v2_pi05_sp_500_P10_r1:eval:7:1,1,7,1,12,1,True,10,7690,8029,5,1,0.21174383889127588,False,False,True,False,False,41,4.321275417822582,0.25,0.2655001222799027,False,False,True,False,2,0.9912774689988074,0.644949401716119,0.3917797069336308,0.395227087456481,0.06484776377737901,0.06095419203189464,0.12483617651964168,False,False,0.015659005536387365
pi05_spatial_500,p3,r6p3v2_pi05_sp_500_P10_r1,r6p3v2_pi05_sp_500_P10_r1:eval:7:1,1,7,1,14,1,True,10,7691,7715,5,1,0.21174383889127588,False,False,True,False,False,41,4.321275417822582,0.25,0.32426518035465157,True,False,True,False,2,0.8704310682125279,0.644949401716119,0.31963664670207675,0.36721649579726745,0.05849637847378742,0.054056282910801605,0.11238920894011666,False,False,0.015659005536387365
pi05_spatial_500,p3,r6p3v2_pi05_sp_500_P10_r1,r6p3v2_pi05_sp_500_P10_r1:eval:7:1,1,7,1,16,1,True,10,8418,7717,5,1,0.2918134646528076,False,False,True,False,False,41,5.419506331141683,0.25,0.3060590591999433,False,False,True,False,2,0.898680014188097,0.644949401716119,0.2819648937865536,0.3137544947422602,0.0512502100623901,0.047783321085675685,0.09845716875190708,False,False,0.015659005536387365
pi05_spatial_500,p3,r6p3v2_pi05_sp_500_P10_r1,r6p3v2_pi05_sp_500_P10_r1:eval:7:1,1,7,1,18,1,True,10,7333,8082,6,1,0.26055568408412383,False,False,True,False,False,41,4.06231832950978,0.3333333333333333,0.1764406344321323,False,False,True,False,2,0.9937448951907526,0.644949401716119,0.35231492203676756,0.3545325603601109,0.049879146239833576,0.0473201660213749,0.09504897782826825,False,False,0.015659005536387365
pi05_spatial_500,p3,r6p3v2_pi05_sp_500_P10_r1,r6p3v2_pi05_sp_500_P10_r1:eval:7:1,1,7,1,20,1,True,10,7335,7334,6,1,0.26055568408412383,False,False,True,False,False,41,4.06231832950978,0.3333333333333333,0.19587930256256114,False,False,False,False,2,,0.644949401716119,0.3378796656963074,,0.038458917501350796,0.04182257868408213,0.07871437775019571,False,False,0.015659005536387365
pi05_spatial_500,p3,r6p3v2_pi05_sp_500_P10_r1,r6p3v2_pi05_sp_500_P10_r1:eval:7:1,1,7,1,22,1,True,1,8424,8352,6,1,0.23263156735080584,False,False,True,False,False,41,4.536260834184257,0.25,0.2525901009062615,False,False,False,False,2,,0.644949401716119,,,0.007940378863701246,0.0,0.007940378863701246,False,True,0.015659005536387365
pi05_spatial_500,p3,r6p3v2_pi05_sp_500_P10_r1,r6p3v2_pi05_sp_500_P10_r1:eval:8:0,1,8,0,0,1,True,10,9547,9258,0,0,0.6270772238514174,True,True,True,False,False,32,8.593281189575777,1.0,0.016421483198772253,False,False,True,False,2,0.6960740058782402,0.6559362958083634,0.19724865500962516,0.28337310881298533,0.009732165006892364,0.0457079769234893,0.055376769493125935,False,False,0.020558543672615833
pi05_spatial_500,p3,r6p3v2_pi05_sp_500_P10_r1,r6p3v2_pi05_sp_500_P10_r1:eval:8:0,1,8,0,2,1,True,10,9104,9280,1,0,0.3172043010752688,False,False,True,False,False,32,4.429603544925491,0.25,0.08393205639568715,False,False,True,False,2,0.9305970775349381,0.6559362958083634,0.39835195488803854,0.42806061237934945,0.05497745607674102,0.057060718659209995,0.11178405146711647,False,False,0.020558543672615833
pi05_spatial_500,p3,r6p3v2_pi05_sp_500_P10_r1,r6p3v2_pi05_sp_500_P10_r1:eval:8:0,1,8,0,4,1,True,10,9673,9645,1,0,0.22629521016617793,False,False,True,False,False,32,3.1085223621375686,0.25,0.39119978433392694,True,False,True,False,2,0.8152246756025058,0.6559362958083634,0.3591841192992593,0.4405952494431037,0.05338070371462219,0.04721946363325838,0.10057247559041672,False,False,0.020558543672615833
pi05_spatial_500,p3,r6p3v2_pi05_sp_500_P10_r1,r6p3v2_pi05_sp_500_P10_r1:eval:8:0,1,8,0,6,1,True,10,9592,9018,1,0,0.16177908113391984,False,False,True,False,False,32,2.9613473404008475,0.2,0.35795664924755577,False,False,True,False,2,0.9993594460264703,0.6559362958083634,0.4244029175957842,0.4246749448191466,0.05282676500933911,0.06503915317364625,0.11520379920504865,False,False,0.020558543672615833
pi05_spatial_500,p3,r6p3v2_pi05_sp_500_P10_r1,r6p3v2_pi05_sp_500_P10_r1:eval:8:0,1,8,0,8,1,True,10,9594,9020,2,0,0.5420332355816226,True,False,True,False,True,32,2.918567911056904,0.25,0.27187828536037256,False,False,True,False,2,0.8598784020721323,0.6559362958083634,0.34109432753155366,0.39667739846655714,0.05344370613254651,0.041503592984940954,0.08972637756423416,False,False,0.020558543672615833
pi05_spatial_500,p3,r6p3v2_pi05_sp_500_P10_r1,r6p3v2_pi05_sp_500_P10_r1:eval:8:0,1,8,0,10,1,True,10,9633,9152,3,0,0.5630498533724341,True,True,True,True,True,32,2.524509861450437,0.3333333333333333,0.15234311612259244,False,False,True,False,2,1.3115518063931133,0.6559362958083634,0.3288872241187021,0.2507619009142855,0.046610988688308694,0.04130180390728487,0.08786666432417456,False,False,0.020558543672615833
pi05_spatial_500,p3,r6p3v2_pi05_sp_500_P10_r1,r6p3v2_pi05_sp_500_P10_r1:eval:8:0,1,8,0,12,1,True,10,8872,9270,3,1,0.2619745845552297,False,False,True,True,False,32,1.849736816380068,0.5,0.3053309551501514,False,False,True,False,2,0.8925455910420333,0.6559362958083634,0.11802469018200573,0.13223379440395164,0.01313950674203541,0.024503265483353083,0.03248620317307618,False,False,0.020558543672615833
pi05_spatial_500,p3,r6p3v2_pi05_sp_500_P10_r1,r6p3v2_pi05_sp_500_P10_r1:eval:8:0,1,8,0,14,1,True,10,8873,9271,4,1,0.26392961876832843,False,False,True,False,False,32,1.8823586484669246,0.5,0.30698879736156576,False,False,True,False,2,1.191777133083063,0.6559362958083634,0.3379880054096221,0.28360000878290503,0.03499611490029968,0.05718340639682837,0.08890521295214339,False,False,0.020558543672615833
pi05_spatial_500,p3,r6p3v2_pi05_sp_500_P10_r1,r6p3v2_pi05_sp_500_P10_r1:eval:8:0,1,8,0,16,1,True,10,8876,8876,5,1,0.2101661779081134,False,False,True,False,False,32,2.355246120395303,0.3333333333333333,0.3267638124812384,False,False,True,False,2,1.1231007600428378,0.6559362958083634,0.37546505096624194,0.334311100414464,0.0551669623271489,0.05508800896136401,0.10537782137184189,False,False,0.020558543672615833
pi05_spatial_500,p3,r6p3v2_pi05_sp_500_P10_r1,r6p3v2_pi05_sp_500_P10_r1:eval:8:0,1,8,0,18,1,True,10,8877,8796,5,1,0.2101661779081134,False,False,True,False,False,32,2.355246120395303,0.3333333333333333,0.3745249350523786,True,False,True,False,2,0.846630473620923,0.6559362958083634,0.27238560793530614,0.32172903813673287,0.04143678508639476,0.034538715598501656,0.07196911655800586,False,False,0.020558543672615833
pi05_spatial_500,p3,r6p3v2_pi05_sp_500_P10_r1,r6p3v2_pi05_sp_500_P10_r1:eval:8:0,1,8,0,20,1,True,9,9541,9101,6,2,0.17693059628543498,False,False,True,True,False,3,1.4934069173866609,0.3333333333333333,0.3077340606065837,False,False,False,False,2,,0.6559362958083634,,0.17397140064559927,0.028691151898247707,0.011500208243750561,0.03569853355437677,False,True,0.020558543672615833
pi05_spatial_500,p3,r6p3v2_pi05_sp_500_P10_r1,r6p3v2_pi05_sp_500_P10_r1:eval:8:1,1,8,1,0,1,True,10,9057,9393,0,0,0.6192570869990225,True,True,True,False,False,32,7.222310106295185,1.0,0.017759544326735925,False,False,True,False,2,1.1408378963258934,0.6559362958083634,0.30104595382143057,0.26388144607657155,0.02781370256259098,0.056741168681907844,0.08447095017233515,False,False,0.016530905850231647
pi05_spatial_500,p3,r6p3v2_pi05_sp_500_P10_r1,r6p3v2_pi05_sp_500_P10_r1:eval:8:1,1,8,1,2,1,True,10,9337,9337,1,0,0.2937438905180841,False,False,True,False,False,4,5.408556423051078,0.2,0.06336529329369271,False,False,True,False,2,1.014463710791758,0.6559362958083634,0.4085569130370709,0.4027319150905898,0.05670026031458798,0.05828193875229522,0.1141504362940023,False,False,0.016530905850231647
pi05_spatial_500,p3,r6p3v2_pi05_sp_500_P10_r1,r6p3v2_pi05_sp_500_P10_r1:eval:8:1,1,8,1,4,1,True,10,9397,9339,1,0,0.3523949169110459,False,False,True,False,False,2,5.60557191221945,0.25,0.07577079064342347,False,False,True,False,2,1.1741991714508246,0.6559362958083634,0.42257370155252233,0.35988247294570647,0.06146755863345052,0.05570134042494424,0.1171562580508932,False,False,0.016530905850231647
pi05_spatial_500,p3,r6p3v2_pi05_sp_500_P10_r1,r6p3v2_pi05_sp_500_P10_r1:eval:8:1,1,8,1,6,1,True,10,9341,9341,2,0,0.4315738025415445,False,False,True,False,True,4,1.3433809851441456,0.25,0.10475865579206806,False,False,True,False,2,1.0191396169822147,0.6559362958083634,0.31018022984977445,0.3043549918785931,0.0430809591213872,0.045058546073483356,0.08460802113709522,False,False,0.016530905850231647
pi05_spatial_500,p3,r6p3v2_pi05_sp_500_P10_r1,r6p3v2_pi05_sp_500_P10_r1:eval:8:1,1,8,1,8,1,True,10,9369,9266,2,0,0.42473118279569894,False,True,True,False,True,2,0.989220748961711,0.25,0.16583451719098652,False,False,True,False,2,0.8081162044387667,0.6559362958083634,0.28137804107161085,0.34819007405875085,0.04033438322433882,0.03806315159258741,0.07459203359078542,False,False,0.016530905850231647
pi05_spatial_500,p3,r6p3v2_pi05_sp_500_P10_r1,r6p3v2_pi05_sp_500_P10_r1:eval:8:1,1,8,1,10,1,True,10,9492,9002,2,0,0.5909090909090909,True,True,True,True,True,32,3.403667045511075,0.25,0.09811374731465178,False,False,True,False,2,1.0391874196683921,0.6559362958083634,0.28533004780871457,0.2745703444906639,0.04615265047946991,0.03066886566715098,0.07674895344379687,False,False,0.016530905850231647
pi05_spatial_500,p3,r6p3v2_pi05_sp_500_P10_r1,r6p3v2_pi05_sp_500_P10_r1:eval:8:1,1,8,1,12,1,True,10,9326,9004,3,1,0.40469208211143687,False,False,True,True,False,32,3.3746572327055473,0.5,0.09219051607584411,False,True,True,False,2,0.5091043276925843,0.6559362958083634,0.10371302139596734,0.20371663675700089,0.0064186305164676966,0.027872760699702317,0.027554653978127168,True,False,0.016530905850231647
pi05_spatial_500,p3,r6p3v2_pi05_sp_500_P10_r1,r6p3v2_pi05_sp_500_P10_r1:eval:8:1,1,8,1,14,1,True,10,9437,8811,4,1,0.21456500488758554,False,False,True,False,False,32,2.977173580417863,0.25,0.10278320828050011,False,False,True,False,2,1.1163049006912358,0.6559362958083634,0.43574429742571474,0.3903452337760895,0.05776133674043992,0.06178402138470597,0.11646567559689405,False,False,0.016530905850231647
pi05_spatial_500,p3,r6p3v2_pi05_sp_500_P10_r1,r6p3v2_pi05_sp_500_P10_r1:eval:8:1,1,8,1,16,1,True,10,8950,8989,4,1,0.19208211143695017,False,False,True,False,False,32,2.8108088196206507,0.25,0.11812029564770907,False,False,True,False,2,0.8919558690081238,0.6559362958083634,0.3115340669779133,0.3492707182075573,0.05460564541074095,0.04374857800634716,0.08596008677154396,False,False,0.016530905850231647
pi05_spatial_500,p3,r6p3v2_pi05_sp_500_P10_r1,r6p3v2_pi05_sp_500_P10_r1:eval:8:1,1,8,1,18,1,True,8,9256,8991,6,1,0.4511241446725318,False,False,True,False,False,32,3.1066646367683717,1.0,0.12640626586685644,False,False,False,False,2,,0.6559362958083634,,,0.04573672405074512,0.025507150879689803,0.07085344900416225,False,True,0.016530905850231647
pi05_spatial_500,p3,r6p3v2_pi05_sp_500_P10_r1,r6p3v2_pi05_sp_500_P10_r1:eval:9:0,1,9,0,0,1,True,10,10324,10570,0,0,0.6202833214213719,True,False,True,False,False,13,5.958159811771115,1.0,0.008993587096896924,False,False,True,False,2,0.9421521733336158,0.7512171176292793,0.27401677374913974,0.2908413115257024,0.028110350909525954,0.06006266976091787,0.0867166641834365,False,False,0.015244334160039822
pi05_spatial_500,p3,r6p3v2_pi05_sp_500_P10_r1,r6p3v2_pi05_sp_500_P10_r1:eval:9:0,1,9,0,2,1,True,10,10140,10572,1,0,0.3423749702200964,False,False,True,False,False,33,3.7388421223559627,0.3333333333333333,0.0686051272390336,False,False,True,False,2,1.0984412253891234,0.7512171176292793,0.39940034252801593,0.36360647551854963,0.062066877927245634,0.061611889138420486,0.12344512562347469,False,False,0.015244334160039822
pi05_spatial_500,p3,r6p3v2_pi05_sp_500_P10_r1,r6p3v2_pi05_sp_500_P10_r1:eval:9:0,1,9,0,4,1,True,10,9954,10574,2,0,0.22359438854985614,False,False,True,False,False,33,3.361421138942703,0.25,0.060888006824982126,False,False,True,False,2,0.9490355453277429,0.7512171176292793,0.3380099381529914,0.3561615155692214,0.05957968905695646,0.05246200095497656,0.11083268494122442,False,False,0.015244334160039822
pi05_spatial_500,p3,r6p3v2_pi05_sp_500_P10_r1,r6p3v2_pi05_sp_500_P10_r1:eval:9:0,1,9,0,6,1,True,10,10528,10097,2,0,0.19611211904631007,False,False,True,False,False,33,3.16190998890635,0.25,0.07514966574460355,False,False,True,False,2,1.1535438538574039,0.7512171176292793,0.25383613372652714,0.22004896725660616,0.03759614114627507,0.04408509608154691,0.07680315538844316,False,False,0.015244334160039822
pi05_spatial_500,p3,r6p3v2_pi05_sp_500_P10_r1,r6p3v2_pi05_sp_500_P10_r1:eval:9:0,1,9,0,8,1,True,10,10099,10579,3,0,0.8717677350779777,True,True,True,True,True,33,5.338068410742526,0.5,0.12153144072928097,False,False,True,False,2,0.7828473032660277,0.7512171176292793,0.19523115502534538,0.2493859967465479,0.05210018867828908,0.012838208731966288,0.05749739535416313,False,False,0.015244334160039822
pi05_spatial_500,p3,r6p3v2_pi05_sp_500_P10_r1,r6p3v2_pi05_sp_500_P10_r1:eval:9:0,1,9,0,10,1,True,10,10194,9914,5,1,0.4124104312130042,False,False,True,True,False,33,4.319829979309799,0.3333333333333333,0.22447948031634282,False,False,True,False,2,1.0462308239591513,0.7512171176292793,0.228592048124752,0.21849102787825822,0.026255874286904467,0.0479771791426703,0.06897101458529076,False,False,0.015244334160039822
pi05_spatial_500,p3,r6p3v2_pi05_sp_500_P10_r1,r6p3v2_pi05_sp_500_P10_r1:eval:9:0,1,9,0,12,1,True,10,10152,10151,5,1,0.2271404878406363,False,False,True,False,False,33,3.388925160361758,0.25,0.196060716135481,False,False,True,False,2,1.0353256895067102,0.7512171176292793,0.24840376073615458,0.2399281339715512,0.051746880765523424,0.055997026690567955,0.10673252751339223,False,False,0.015244334160039822
pi05_spatial_500,p3,r6p3v2_pi05_sp_500_P10_r1,r6p3v2_pi05_sp_500_P10_r1:eval:9:0,1,9,0,14,1,True,10,10337,9799,5,1,0.30160857294701926,False,False,True,False,False,13,4.025109400963267,0.25,0.1717681833823204,False,False,True,False,2,1.0200579947206652,0.7512171176292793,0.24435838784179922,0.23955342647818256,0.056611061434934995,0.05911957191020957,0.11491446726279562,False,False,0.015244334160039822
pi05_spatial_500,p3,r6p3v2_pi05_sp_500_P10_r1,r6p3v2_pi05_sp_500_P10_r1:eval:9:0,1,9,0,16,1,True,10,9967,10201,6,1,0.4710585152198215,True,False,True,False,False,33,4.194266035910856,0.5,0.23308140016050055,False,False,True,False,2,0.8660149828567438,0.7512171176292793,0.36436228795497727,0.42073439278503805,0.06670920719736939,0.07539512264892684,0.1415260458701813,False,False,0.015244334160039822
pi05_spatial_500,p3,r6p3v2_pi05_sp_500_P10_r1,r6p3v2_pi05_sp_500_P10_r1:eval:9:0,1,9,0,18,1,True,10,10013,10732,5,1,0.22980006230872138,False,False,True,False,False,33,3.4366272785519665,0.25,0.26097155647933273,False,False,True,False,2,0.9481213383607848,0.7512171176292793,0.45569534360642383,0.4806297729721804,0.08084048866985939,0.07294954316422517,0.15315038132985456,False,False,0.015244334160039822
pi05_spatial_500,p3,r6p3v2_pi05_sp_500_P10_r1,r6p3v2_pi05_sp_500_P10_r1:eval:9:0,1,9,0,20,1,True,10,10015,10015,6,1,0.333509721993146,False,False,True,False,False,33,3.6393886051992625,0.3333333333333333,0.17793077060133347,False,False,True,False,2,1.0096251404043735,0.7512171176292793,0.34900271961055324,0.34567554396552685,0.06399449283083247,0.04537170182807087,0.1082932753942756,False,False,0.015244334160039822
pi05_spatial_500,p3,r6p3v2_pi05_sp_500_P10_r1,r6p3v2_pi05_sp_500_P10_r1:eval:9:0,1,9,0,22,1,True,1,10017,10447,6,1,0.333509721993146,False,False,True,False,False,33,3.6393886051992625,0.3333333333333333,0.22740695612120357,False,False,False,False,2,,0.7512171176292793,,,0.00686501308012168,0.0,0.00686501308012168,False,True,0.015244334160039822
pi05_spatial_500,p3,r6p3v2_pi05_sp_500_P10_r1,r6p3v2_pi05_sp_500_P10_r1:eval:9:1,1,9,1,0,1,True,10,10346,9712,0,0,0.6273755200029322,True,True,True,False,False,13,6.882426146470389,1.0,0.014070483830632387,False,False,True,False,2,1.0350785612939524,0.7512171176292793,0.2481410539247984,0.2397316138154742,0.023507858965909192,0.055393798887555856,0.07841884300606387,False,False,0.016211997717618942
pi05_spatial_500,p3,r6p3v2_pi05_sp_500_P10_r1,r6p3v2_pi05_sp_500_P10_r1:eval:9:1,1,9,1,2,1,True,10,9952,10853,1,0,0.44623582018436053,True,False,True,False,False,33,3.9992207961247677,0.5,0.15045467017271533,False,False,True,False,2,0.9009965413179303,0.7512171176292793,0.35718122211299835,0.39642907129314003,0.05781467296618474,0.05703505942941534,0.11469495286576246,False,False,0.016211997717618942
pi05_spatial_500,p3,r6p3v2_pi05_sp_500_P10_r1,r6p3v2_pi05_sp_500_P10_r1:eval:9:1,1,9,1,4,1,True,10,10427,10427,1,0,0.10391353748602634,False,False,True,False,False,33,2.0058928237507327,0.25,0.19358540869933177,False,False,True,False,2,1.0285894106070774,0.7512171176292793,0.365016588725918,0.35487103499391837,0.05922231404201554,0.060324618675073785,0.11839424919153242,False,False,0.016211997717618942
pi05_spatial_500,p3,r6p3v2_pi05_sp_500_P10_r1,r6p3v2_pi05_sp_500_P10_r1:eval:9:1,1,9,1,6,1,True,10,10428,10428,1,0,0.10391353748602634,False,False,True,False,False,33,2.0058928237507327,0.25,0.11444052455988313,False,False,True,False,2,1.0516607266290117,0.7512171176292793,0.31215732013582337,0.2968232170620377,0.06056896481614269,0.04099453668525046,0.09555896739067586,False,False,0.016211997717618942
pi05_spatial_500,p3,r6p3v2_pi05_sp_500_P10_r1,r6p3v2_pi05_sp_500_P10_r1:eval:9:1,1,9,1,8,1,True,10,10430,10430,2,0,0.581874118056701,True,True,True,False,True,33,1.8707300334009798,0.5,0.17184104955134838,False,False,True,False,2,1.0570448925983384,0.7512171176292793,0.38702203346410574,0.3661358530504422,0.04987244004824359,0.06483677822919023,0.11417674436158501,False,False,0.016211997717618942
pi05_spatial_500,p3,r6p3v2_pi05_sp_500_P10_r1,r6p3v2_pi05_sp_500_P10_r1:eval:9:1,1,9,1,10,1,True,10,10431,10432,3,0,0.6530847398610882,True,False,True,True,True,33,2.198257502226386,1.0,0.2962498197716301,False,True,True,False,2,0.5192841823750566,0.7512171176292793,0.07746952044571007,0.14918521124865916,0.016503105362094168,0.0238302210356486,0.030209511860317576,True,False,0.016211997717618942
pi05_spatial_500,p3,r6p3v2_pi05_sp_500_P10_r1,r6p3v2_pi05_sp_500_P10_r1:eval:9:1,1,9,1,12,1,True,10,10558,10558,4,1,0.2012709146553778,False,False,True,False,False,33,3.6364260968831417,0.2,0.2443586275864415,False,False,True,False,2,1.2287983187037215,0.7512171176292793,0.36521707463127423,0.29721482286576323,0.05892930749158815,0.06868218015853833,0.1260077160049371,False,False,0.016211997717618942
pi05_spatial_500,p3,r6p3v2_pi05_sp_500_P10_r1,r6p3v2_pi05_sp_500_P10_r1:eval:9:1,1,9,1,14,1,True,10,10559,10560,4,1,0.2012709146553778,False,False,True,False,False,33,3.6364260968831417,0.2,0.2595650640723435,False,False,True,False,2,0.8210370037939196,0.7512171176292793,0.259682729189196,0.3162862672318438,0.060494765432659886,0.058041858219429476,0.11760035188394102,False,False,0.016211997717618942
pi05_spatial_500,p3,r6p3v2_pi05_sp_500_P10_r1,r6p3v2_pi05_sp_500_P10_r1:eval:9:1,1,9,1,16,1,True,10,10439,10562,6,1,0.258155112064068,False,False,True,False,False,33,3.012781424095234,0.3333333333333333,0.2849415766448176,False,False,True,False,2,0.9352702923104136,0.7512171176292793,0.2520237884717901,0.26946626076319774,0.057755013754325235,0.060113422463440515,0.11732112910049329,False,False,0.016211997717618942
pi05_spatial_500,p3,r6p3v2_pi05_sp_500_P10_r1,r6p3v2_pi05_sp_500_P10_r1:eval:9:1,1,9,1,18,1,True,10,10035,10440,5,1,0.3041077940880019,False,False,True,False,False,13,4.59847083162147,0.2,0.21844098862331723,False,False,True,False,2,0.9927038028415637,0.7512171176292793,0.40341338635589913,0.4063784033073602,0.0677397952618954,0.08210107627145835,0.14807720171725267,False,False,0.016211997717618942
pi05_spatial_500,p3,r6p3v2_pi05_sp_500_P10_r1,r6p3v2_pi05_sp_500_P10_r1:eval:9:1,1,9,1,20,1,True,10,10037,10442,5,1,0.3041077940880019,False,False,True,False,False,13,4.59847083162147,0.2,0.20458112388242106,False,False,True,False,2,0.9310872633245609,0.7512171176292793,0.4247824707428139,0.456221975613839,0.07458722959362916,0.06130679642543277,0.13497209407863708,False,False,0.016211997717618942
pi05_spatial_500,p3,r6p3v2_pi05_sp_500_P10_r1,r6p3v2_pi05_sp_500_P10_r1:eval:9:1,1,9,1,22,1,True,10,10445,10445,7,1,0.27751204940715085,False,False,True,False,False,33,4.308729025394565,0.2,0.16700390304225737,False,False,True,False,2,1.0949185281697162,0.7512171176292793,0.3601042104810386,0.328886763002353,0.06245650199542359,0.04762935098513445,0.1090560317439799,False,False,0.016211997717618942
pi05_spatial_500,p3,r6p3v2_pi05_sp_500_P10_r1,r6p3v2_pi05_sp_500_P10_r1:eval:9:1,1,9,1,24,1,True,5,10827,10827,7,2,0.42439226089028165,True,True,True,True,True,13,0.0,0.25,0.13685355611275596,False,False,False,False,2,,0.7512171176292793,,,0.03281151484694396,0.0,0.03281151484694396,False,True,0.016211997717618942
pi05_spatial_500,p3,r6p3v2_pi05_sp_500_P10_r2,r6p3v2_pi05_sp_500_P10_r2:eval:0:0,1,0,0,0,1,True,10,51,548,0,0,0.5952845528455285,True,True,True,False,False,39,4.198693676073924,1.0,0.014306248400631312,False,False,True,False,1,0.8851771945072253,0.6709290922082054,0.3052292676965727,0.344822787562317,0.01350431927492684,0.05653436859700687,0.06954741410207406,False,False,0.02374625182710588
pi05_spatial_500,p3,r6p3v2_pi05_sp_500_P10_r2,r6p3v2_pi05_sp_500_P10_r2:eval:0:0,1,0,0,2,1,True,10,904,812,2,0,0.19842888818498575,False,False,True,False,False,3,2.5354360294010903,0.25,0.05223097671386799,False,False,True,False,1,1.0263377953454917,0.6709290922082054,0.564730715585533,0.5502386428197649,0.06560584154863906,0.06981989371491466,0.13421335159082642,False,False,0.02374625182710588
pi05_spatial_500,p3,r6p3v2_pi05_sp_500_P10_r2,r6p3v2_pi05_sp_500_P10_r2:eval:0:0,1,0,0,4,1,True,10,814,814,2,0,0.5596051103368177,True,True,True,False,True,39,2.2849350275319527,0.3333333333333333,0.08553659806831237,False,False,True,False,1,0.9335438840015182,0.6709290922082054,0.4561359501545919,0.48860686462796227,0.0650056993507662,0.056629279157877445,0.11502923496769199,False,False,0.02374625182710588
pi05_spatial_500,p3,r6p3v2_pi05_sp_500_P10_r2,r6p3v2_pi05_sp_500_P10_r2:eval:0:0,1,0,0,6,1,True,10,476,816,2,0,0.6977869285186359,True,True,True,True,True,39,3.3618063225041017,0.3333333333333333,0.11831597378099279,False,False,True,False,1,1.0673041062229176,0.6709290922082054,0.5247074438173362,0.4916194370077178,0.06747739136724185,0.06577448628930571,0.13299601669380348,False,False,0.02374625182710588
pi05_spatial_500,p3,r6p3v2_pi05_sp_500_P10_r2,r6p3v2_pi05_sp_500_P10_r2:eval:0:0,1,0,0,8,1,True,10,524,510,3,1,0.3253996410093971,False,True,True,True,False,39,2.3591773327793604,0.5,0.1757760142915211,False,True,True,False,1,0.20704525849916522,0.6709290922082054,0.02321729568135498,0.11213633120436123,0.01638704034884848,0.011863049505872041,0.00566070419450247,True,False,0.02374625182710588
pi05_spatial_500,p3,r6p3v2_pi05_sp_500_P10_r2,r6p3v2_pi05_sp_500_P10_r2:eval:0:0,1,0,0,10,1,True,10,912,882,5,1,0.24930208003378737,False,False,True,False,False,3,2.4391028117364972,0.3333333333333333,0.12449765940751498,False,False,True,False,1,0.8467209319377998,0.6709290922082054,0.33038110739607496,0.39018889805873463,0.03552185224685288,0.054365968534928207,0.0876918538546039,False,False,0.02374625182710588
pi05_spatial_500,p3,r6p3v2_pi05_sp_500_P10_r2,r6p3v2_pi05_sp_500_P10_r2:eval:0:0,1,0,0,12,1,True,10,332,332,5,1,0.14267131242741,False,False,True,False,False,39,2.2165868815898686,0.25,0.03660631509893717,False,False,True,False,1,1.150169324834466,0.6709290922082054,0.3298532336820301,0.28678667267491514,0.049914545696320485,0.04969927130557654,0.09039731973264825,False,False,0.02374625182710588
pi05_spatial_500,p3,r6p3v2_pi05_sp_500_P10_r2,r6p3v2_pi05_sp_500_P10_r2:eval:0:0,1,0,0,14,1,True,6,916,916,6,1,0.5314602470700032,True,True,True,True,True,3,0.0,0.5,0.18417360027919139,False,False,False,False,1,,0.6709290922082054,,,0.04995968812477212,0.010405859845164562,0.05967825265776634,False,True,0.02374625182710588
pi05_spatial_500,p3,r6p3v2_pi05_sp_500_P10_r2,r6p3v2_pi05_sp_500_P10_r2:eval:0:1,1,0,1,0,1,True,10,486,0,0,0,0.6110421286031041,True,True,True,False,False,39,4.6439974631631324,1.0,0.02082919779649277,False,False,True,False,1,0.8611421645249564,0.6709290922082054,0.2858684069973845,0.33196424327344604,0.01320419716487742,0.05457493941563362,0.06715217415908169,False,False,0.011662273512532314
pi05_spatial_500,p3,r6p3v2_pi05_sp_500_P10_r2,r6p3v2_pi05_sp_500_P10_r2:eval:0:1,1,0,1,2,1,True,10,307,307,1,0,0.34384753457924194,False,False,True,False,False,39,3.0795472111572177,0.3333333333333333,0.07282759989424056,False,False,True,False,1,0.9892521409301686,0.6709290922082054,0.547827745963087,0.5537796920489639,0.06398270402016594,0.06931162736735434,0.13194119471035434,False,False,0.011662273512532314
pi05_spatial_500,p3,r6p3v2_pi05_sp_500_P10_r2,r6p3v2_pi05_sp_500_P10_r2:eval:0:1,1,0,1,4,1,True,10,619,566,2,0,0.3850955548516524,False,True,True,False,True,39,1.2748208899635696,0.25,0.11334765429578841,False,False,True,False,1,1.0903205714186834,0.6709290922082054,0.5268891634889931,0.4832424309883698,0.07119151705854061,0.06030083909993977,0.12539263996610714,False,False,0.011662273512532314
pi05_spatial_500,p3,r6p3v2_pi05_sp_500_P10_r2,r6p3v2_pi05_sp_500_P10_r2:eval:0:1,1,0,1,6,1,True,10,846,311,2,0,0.4517622215183191,False,True,True,False,True,3,2.0678429380223595,0.25,0.10771516165447492,False,False,True,False,1,0.8720948351428828,0.6709290922082054,0.41494023803983326,0.47579715108833326,0.06351043378969334,0.045502229301597766,0.10735426901220343,False,False,0.011662273512532314
pi05_spatial_500,p3,r6p3v2_pi05_sp_500_P10_r2,r6p3v2_pi05_sp_500_P10_r2:eval:0:1,1,0,1,8,1,True,10,571,624,3,1,0.2769147925245486,False,False,True,True,False,39,2.0624237314122027,0.5,0.2481120634232233,False,False,True,False,1,0.8699996143200776,0.6709290922082054,0.11604093493008355,0.1333804441060263,0.00791415495110051,0.029679887660185814,0.02897596261093501,False,False,0.011662273512532314
pi05_spatial_500,p3,r6p3v2_pi05_sp_500_P10_r2,r6p3v2_pi05_sp_500_P10_r2:eval:0:1,1,0,1,10,1,True,10,331,316,5,1,0.14267131242741,False,False,True,False,False,39,2.2165868815898686,0.25,0.22113540964236938,False,True,True,False,1,0.5920754163659067,0.6709290922082054,0.24564433100123154,0.41488689483000196,0.05600606436054163,0.012816181968174838,0.06540767105929846,True,False,0.011662273512532314
pi05_spatial_500,p3,r6p3v2_pi05_sp_500_P10_r2,r6p3v2_pi05_sp_500_P10_r2:eval:0:1,1,0,1,12,1,True,10,514,726,5,1,0.1365748073065146,False,True,True,False,False,39,1.5235906573721714,0.3333333333333333,0.1952410190225192,False,False,True,False,1,1.4015546252630382,0.6709290922082054,0.4299983407182495,0.3068009858249721,0.05709714542712402,0.05022309951509907,0.10720317128392494,False,False,0.011662273512532314
pi05_spatial_500,p3,r6p3v2_pi05_sp_500_P10_r2,r6p3v2_pi05_sp_500_P10_r2:eval:0:1,1,0,1,14,1,True,10,728,728,3,1,0.30721782282757887,False,False,True,True,False,39,2.2514798247309797,0.5,0.25914260707418996,False,False,True,False,1,2.6517681663898602,0.6709290922082054,0.12443828541034414,0.046926532638694236,0.012049157504197574,0.01388499468301713,0.02380533096735892,False,False,0.011662273512532314
pi05_spatial_500,p3,r6p3v2_pi05_sp_500_P10_r2,r6p3v2_pi05_sp_500_P10_r2:eval:0:1,1,0,1,16,1,True,10,316,359,4,1,0.2866117622215183,False,False,True,False,False,39,2.121154903769492,0.5,0.21186204540510328,False,False,True,False,1,0.8975499261720508,0.6709290922082054,0.36196948544116897,0.40328618485316803,0.041502942625635905,0.05533988892548803,0.0960366307939966,False,False,0.011662273512532314
pi05_spatial_500,p3,r6p3v2_pi05_sp_500_P10_r2,r6p3v2_pi05_sp_500_P10_r2:eval:0:1,1,0,1,18,1,True,10,718,793,5,1,0.20930208003378734,False,False,True,False,False,39,2.2101282247369585,0.3333333333333333,0.19629804220817282,False,False,True,False,1,1.0404296738613725,0.6709290922082054,0.367794129560123,0.3535021528126159,0.03312387783979004,0.061026219810777695,0.09331826992683515,False,False,0.011662273512532314
pi05_spatial_500,p3,r6p3v2_pi05_sp_500_P10_r2,r6p3v2_pi05_sp_500_P10_r2:eval:0:1,1,0,1,20,1,True,10,728,728,3,1,0.30721782282757887,False,False,True,True,False,39,2.2514798247309797,0.5,0.5370823862729331,True,False,True,False,1,1.1490280537891668,0.6709290922082054,0.05391990246891265,0.046926532638694236,0.01365740012438871,0.010754145444252409,0.011317810900266524,False,False,0.011662273512532314
pi05_spatial_500,p3,r6p3v2_pi05_sp_500_P10_r2,r6p3v2_pi05_sp_500_P10_r2:eval:0:1,1,0,1,22,1,True,10,593,359,8,1,0.18021117094287828,False,False,True,True,False,39,2.0191385250595046,0.3333333333333333,0.5836789904298036,True,True,True,False,1,0.441170906824687,0.6709290922082054,0.16007219127274244,0.3628348760004524,0.009638132029017293,0.032330466417074905,0.041424025288680555,True,False,0.011662273512532314
pi05_spatial_500,p3,r6p3v2_pi05_sp_500_P10_r2,r6p3v2_pi05_sp_500_P10_r2:eval:0:1,1,0,1,24,1,True,10,900,113,4,1,0.3775208531306092,False,False,False,False,False,39,2.6563504991505993,0.5,0.4177229732766699,False,False,False,False,1,,0.6709290922082054,0.06495053322615503,,0.04430303288084782,0.035554555323814914,0.013536110340280487,False,False,0.011662273512532314
pi05_spatial_500,p3,r6p3v2_pi05_sp_500_P10_r2,r6p3v2_pi05_sp_500_P10_r2:eval:0:1,1,0,1,26,1,True,10,948,115,5,1,0.1632773730334706,False,False,False,False,False,39,2.3432647921898107,0.25,0.4519474178461864,False,False,False,False,1,,0.6709290922082054,0.4014547170430518,,0.060758005833448,0.04200558384118824,0.10265408972058454,False,False,0.011662273512532314
pi05_spatial_500,p3,r6p3v2_pi05_sp_500_P10_r2,r6p3v2_pi05_sp_500_P10_r2:eval:0:1,1,0,1,28,1,True,10,590,343,6,0,0.6211572167669729,True,False,True,False,True,39,2.1255156867148584,0.5,0.8113615540318637,True,True,True,False,1,0.3634250833893359,0.6709290922082054,0.13176833268277047,0.36257357762399567,0.007642823351895021,0.02503343326248599,0.031806627159378056,True,False,0.011662273512532314
pi05_spatial_500,p3,r6p3v2_pi05_sp_500_P10_r2,r6p3v2_pi05_sp_500_P10_r2:eval:0:1,1,0,1,30,1,True,10,598,594,9,1,0.2441875197972759,False,False,True,False,False,39,1.680954533343574,0.5,0.5969369288884433,True,False,False,False,1,,0.6709290922082054,0.4191991876492434,,0.052415863719031036,0.060292036536719246,0.11167058969854404,False,False,0.011662273512532314
pi05_spatial_500,p3,r6p3v2_pi05_sp_500_P10_r2,r6p3v2_pi05_sp_500_P10_r2:eval:0:1,1,0,1,32,1,True,10,464,361,9,3,0.20267131242741,False,False,True,False,False,0,,0.25,0.45219172374940714,False,False,True,False,1,0.736965826297234,0.6709290922082054,0.3028075564134459,0.41088412190678325,0.04963862649452319,0.04697201553179945,0.08166383091178445,False,False,0.011662273512532314
pi05_spatial_500,p3,r6p3v2_pi05_sp_500_P10_r2,r6p3v2_pi05_sp_500_P10_r2:eval:0:1,1,0,1,34,1,True,5,204,547,5,1,0.08206525182134938,False,False,True,False,False,39,1.6674939689248292,0.25,0.5761119476005617,True,False,False,False,1,,0.6709290922082054,,,0.04861643650264916,0.0,0.04861643650264916,False,True,0.011662273512532314
pi05_spatial_500,p3,r6p3v2_pi05_sp_500_P10_r2,r6p3v2_pi05_sp_500_P10_r2:eval:1:0,1,1,0,0,1,True,10,1040,1218,0,0,0.6089382362304998,True,True,True,False,False,43,6.987379367619847,1.0,0.005634755503443524,False,False,True,False,2,1.1364646540652494,0.7069033121183256,0.2411232245574094,0.21216957667349104,0.03207979777335702,0.05323183726725933,0.08528963272701731,False,False,0.012426086786118421
pi05_spatial_500,p3,r6p3v2_pi05_sp_500_P10_r2,r6p3v2_pi05_sp_500_P10_r2:eval:1:0,1,1,0,2,1,True,10,1287,1395,1,0,0.21208479252891863,False,False,True,False,False,43,4.1076219632114075,0.2,0.041275926366370064,False,False,True,False,2,0.9985084068244054,0.7069033121183256,0.3080152331798911,0.3084753529111325,0.05456490447555835,0.054477713485292595,0.1089717581543764,False,False,0.012426086786118421
pi05_spatial_500,p3,r6p3v2_pi05_sp_500_P10_r2,r6p3v2_pi05_sp_500_P10_r2:eval:1:0,1,1,0,4,1,True,10,1741,1397,1,0,0.2663933991297888,False,False,True,False,False,4,4.055488443237237,0.25,0.06407343865997546,False,False,True,False,2,1.020781991860552,0.7069033121183256,0.32485335979070984,0.3182397048351219,0.05416393212717989,0.055859672671810794,0.10895253818898543,False,False,0.012426086786118421
pi05_spatial_500,p3,r6p3v2_pi05_sp_500_P10_r2,r6p3v2_pi05_sp_500_P10_r2:eval:1:0,1,1,0,6,1,True,10,1743,1743,2,0,0.43587631327602677,False,False,True,False,True,4,3.5294505733583676,0.16666666666666666,0.06785796719359982,False,False,True,False,2,0.9407767580796422,0.7069033121183256,0.3952113823311203,0.4200905038702746,0.05499777284578477,0.05869121688126557,0.1101788077855729,False,False,0.012426086786118421
pi05_spatial_500,p3,r6p3v2_pi05_sp_500_P10_r2,r6p3v2_pi05_sp_500_P10_r2:eval:1:0,1,1,0,8,1,True,10,1767,1048,2,0,0.5922185079061869,True,True,True,False,True,43,4.61966720879869,0.2,0.10987945598443265,False,False,True,False,2,0.9647715715775689,0.7069033121183256,0.41329454421923983,0.4283859064622225,0.05623765028064954,0.052480602767984684,0.10862072221171062,False,False,0.012426086786118421
pi05_spatial_500,p3,r6p3v2_pi05_sp_500_P10_r2,r6p3v2_pi05_sp_500_P10_r2:eval:1:0,1,1,0,10,1,True,10,1857,1051,3,1,0.7054043298312639,True,True,True,True,True,43,3.4453889631980177,1.0,0.12420077217811128,False,False,True,False,2,1.2314617090220852,0.7069033121183256,0.12265420994634868,0.09960050649382308,0.03209591473844108,0.007005619330312428,0.03292091923598587,False,False,0.012426086786118421
pi05_spatial_500,p3,r6p3v2_pi05_sp_500_P10_r2,r6p3v2_pi05_sp_500_P10_r2:eval:1:0,1,1,0,12,1,True,10,1680,1680,4,1,0.26805024938979094,False,False,True,False,False,4,3.471967617475342,0.3333333333333333,0.20968962017223086,False,False,True,False,2,1.067134549481976,0.7069033121183256,0.23087330115948404,0.21634882056021704,0.01784869941357474,0.04322696152549691,0.060352685290839446,False,False,0.012426086786118421
pi05_spatial_500,p3,r6p3v2_pi05_sp_500_P10_r2,r6p3v2_pi05_sp_500_P10_r2:eval:1:0,1,1,0,14,1,True,10,1861,1638,4,1,0.04207524143054229,False,False,True,False,False,43,2.13805599279027,0.2,0.14654034545621789,False,False,True,False,2,1.0709892622890975,0.7069033121183256,0.46327223266480033,0.43256477817024735,0.06526939782707497,0.0685268745592014,0.1304138492853367,False,False,0.012426086786118421
pi05_spatial_500,p3,r6p3v2_pi05_sp_500_P10_r2,r6p3v2_pi05_sp_500_P10_r2:eval:1:0,1,1,0,16,1,True,10,1056,1883,5,1,0.1202615939721957,False,False,True,False,False,43,2.7385234120531132,0.25,0.19420646464100896,False,False,True,False,2,0.8858334598814027,0.7069033121183256,0.4002878838866735,0.45187713268390756,0.06396428136619303,0.06100388114569668,0.1225749652834267,False,False,0.012426086786118421
pi05_spatial_500,p3,r6p3v2_pi05_sp_500_P10_r2,r6p3v2_pi05_sp_500_P10_r2:eval:1:0,1,1,0,18,1,True,10,1820,1971,6,1,0.19259657221691606,False,False,True,False,False,43,2.2682075433429656,0.3333333333333333,0.1450146726567614,False,False,True,False,2,0.9856462805410525,0.7069033121183256,0.39304404955723565,0.39876785142584953,0.059849221793759,0.05386162794617947,0.11042155099834544,False,False,0.012426086786118421
pi05_spatial_500,p3,r6p3v2_pi05_sp_500_P10_r2,r6p3v2_pi05_sp_500_P10_r2:eval:1:0,1,1,0,20,1,True,7,1370,1822,7,1,0.352968799745304,False,False,True,False,False,43,3.2439229604150337,1.0,0.1932170597772147,False,False,False,False,2,,0.7069033121183256,,,0.046059652090098255,0.016313568150632892,0.06143728592694635,False,True,0.012426086786118421
pi05_spatial_500,p3,r6p3v2_pi05_sp_500_P10_r2,r6p3v2_pi05_sp_500_P10_r2:eval:1:1,1,1,1,0,1,True,10,1868,1350,0,0,0.5535418656478828,False,True,True,False,False,43,5.149784753198183,1.0,0.019404755913777737,False,False,True,False,2,1.1186638153369952,0.7069033121183256,0.26218159026413895,0.23437031453918736,0.03741759264778266,0.05479879073746512,0.09220602178294006,False,False,0.017731497064232826
pi05_spatial_500,p3,r6p3v2_pi05_sp_500_P10_r2,r6p3v2_pi05_sp_500_P10_r2:eval:1:1,1,1,1,2,1,True,10,1870,1694,1,0,0.16610686617849943,False,False,True,False,False,43,3.2951687153841998,0.25,0.05907912263828864,False,False,True,False,2,0.9875394922240448,0.7069033121183256,0.31867774883375427,0.3226987389801068,0.055943113369900856,0.055459026773864654,0.11132304151294103,False,False,0.017731497064232826
pi05_spatial_500,p3,r6p3v2_pi05_sp_500_P10_r2,r6p3v2_pi05_sp_500_P10_r2:eval:1:1,1,1,1,4,1,True,10,1332,1872,2,0,0.6256473522232834,True,False,True,False,True,43,5.125966007562906,0.2,0.07661474276339102,False,False,True,False,2,0.9915270360823791,0.7069033121183256,0.35853437727558213,0.3615981856553168,0.057242164329372076,0.0570501365888042,0.1106899303069623,False,False,0.017731497064232826
pi05_spatial_500,p3,r6p3v2_pi05_sp_500_P10_r2,r6p3v2_pi05_sp_500_P10_r2:eval:1:1,1,1,1,6,1,True,10,1159,1699,2,0,0.6094104849835509,True,True,True,False,True,43,4.853491012763507,0.2,0.12124142956536968,False,False,True,False,2,1.028558447938351,0.7069033121183256,0.4318924636336232,0.41990074992754295,0.057256944546588674,0.05878064996579124,0.11481430079684007,False,False,0.017731497064232826
pi05_spatial_500,p3,r6p3v2_pi05_sp_500_P10_r2,r6p3v2_pi05_sp_500_P10_r2:eval:1:1,1,1,1,8,1,True,10,1118,1898,2,0,0.6495250981640667,True,True,True,True,True,43,5.692836905491747,0.2,0.1342336612860808,False,False,True,False,2,0.9210182112658633,0.7069033121183256,0.21652968168381728,0.23509815445040458,0.04115049854574492,0.018107845774899,0.05733578893093583,False,False,0.017731497064232826
pi05_spatial_500,p3,r6p3v2_pi05_sp_500_P10_r2,r6p3v2_pi05_sp_500_P10_r2:eval:1:1,1,1,1,10,1,True,10,1120,1163,4,1,0.4799984081502706,False,False,True,True,False,43,4.181745990303347,1.0,0.1733162086029043,False,False,True,False,2,2.662835103178681,0.7069033121183256,0.1865877805752855,0.07007109841407447,0.011164431565481485,0.03865715673367097,0.048750137950506214,False,False,0.017731497064232826
pi05_spatial_500,p3,r6p3v2_pi05_sp_500_P10_r2,r6p3v2_pi05_sp_500_P10_r2:eval:1:1,1,1,1,12,1,True,10,1164,1008,4,1,0.3844157911493155,False,False,True,False,False,43,3.924373173613404,0.5,0.165461997022201,False,False,True,False,2,1.6180210018878307,0.7069033121183256,0.43900809776560207,0.271324103490244,0.05544610253730081,0.06742325354798742,0.11913392515107835,False,False,0.017731497064232826
pi05_spatial_500,p3,r6p3v2_pi05_sp_500_P10_r2,r6p3v2_pi05_sp_500_P10_r2:eval:1:1,1,1,1,14,1,True,10,1125,1102,6,1,0.1345882415366656,False,False,True,False,False,43,2.941208676925728,0.25,0.18648870883468555,False,False,True,False,2,1.014011609632756,0.7069033121183256,0.42240659775498096,0.41656978454907795,0.06667455620963396,0.06457529992192738,0.12811500369439613,False,False,0.017731497064232826
pi05_spatial_500,p3,r6p3v2_pi05_sp_500_P10_r2,r6p3v2_pi05_sp_500_P10_r2:eval:1:1,1,1,1,16,1,True,10,1104,1324,6,1,0.250858272312427,False,False,True,False,False,43,3.307737991206126,0.3333333333333333,0.259300718648943,False,False,True,False,2,0.9692089923631501,0.7069033121183256,0.3749256466771112,0.38683673968290155,0.058513225827566344,0.04898322651267547,0.10345445939240817,False,False,0.017731497064232826
pi05_spatial_500,p3,r6p3v2_pi05_sp_500_P10_r2,r6p3v2_pi05_sp_500_P10_r2:eval:1:1,1,1,1,18,1,True,8,1887,1780,6,1,0.20144593017085854,False,False,True,False,False,43,3.586562256394836,0.25,0.06177828537068364,False,False,False,False,2,,0.7069033121183256,,,0.044377161930027664,0.026895471844554278,0.07073821173692482,False,True,0.017731497064232826
pi05_spatial_500,p3,r6p3v2_pi05_sp_500_P10_r2,r6p3v2_pi05_sp_500_P10_r2:eval:2:0,1,2,0,0,1,True,10,2756,2360,0,0,0.6131212609295904,True,False,True,False,False,42,5.518082388771382,1.0,0.013138270595250842,False,False,True,False,2,1.0189544129169248,0.6137567275250041,0.13779694455013827,0.13523366973373405,0.002607099834713368,0.03620541699667796,0.03876100609753807,False,False,0.017281202599406242
pi05_spatial_500,p3,r6p3v2_pi05_sp_500_P10_r2,r6p3v2_pi05_sp_500_P10_r2:eval:2:0,1,2,0,2,1,True,10,2857,2857,1,0,0.45091591246101137,False,False,True,False,False,42,4.059564355140794,0.5,0.03627699220908449,False,False,True,False,2,1.0968516256028054,0.6137567275250041,0.41209496988622196,0.37570712416070284,0.05727934542830081,0.06097884678681213,0.11593843878967657,False,False,0.017281202599406242
pi05_spatial_500,p3,r6p3v2_pi05_sp_500_P10_r2,r6p3v2_pi05_sp_500_P10_r2:eval:2:0,1,2,0,4,1,True,10,2242,2242,1,0,0.17255650150841131,False,False,True,False,False,42,2.910137902356458,0.25,0.07291773905016907,False,False,True,False,2,1.0024357174156708,0.6137567275250041,0.41859138269482604,0.4175742897250065,0.06386741412980004,0.04777986564817281,0.1088396413408614,False,False,0.017281202599406242
pi05_spatial_500,p3,r6p3v2_pi05_sp_500_P10_r2,r6p3v2_pi05_sp_500_P10_r2:eval:2:0,1,2,0,6,1,True,10,2107,2862,2,0,0.7134370046530654,True,True,True,False,True,42,4.427516044657998,0.25,0.10118342628590878,False,False,True,False,2,0.7643990872169613,0.6137567275250041,0.2995200103670422,0.39183721615568684,0.04329818938171549,0.03282622834259754,0.07600553240236796,False,False,0.017281202599406242
pi05_spatial_500,p3,r6p3v2_pi05_sp_500_P10_r2,r6p3v2_pi05_sp_500_P10_r2:eval:2:0,1,2,0,8,1,True,10,2246,2983,3,1,0.30525515160811983,False,False,True,True,False,42,3.407925713470956,0.3333333333333333,0.16407685061716407,False,False,True,False,2,0.9551674345746438,0.6137567275250041,0.06024689369466784,0.06307469404198966,0.013846344333087356,0.008806333106412241,0.01613338087094362,False,False,0.017281202599406242
pi05_spatial_500,p3,r6p3v2_pi05_sp_500_P10_r2,r6p3v2_pi05_sp_500_P10_r2:eval:2:0,1,2,0,10,1,True,10,2948,2491,4,1,0.1327242163931073,False,False,True,False,False,42,2.420913954605518,0.25,0.17547587433302284,False,False,True,False,2,0.7137226717792957,0.6137567275250041,0.18087073416720925,0.2534187876031769,0.014899857498023448,0.03191501794516861,0.04574671360175722,False,False,0.017281202599406242
pi05_spatial_500,p3,r6p3v2_pi05_sp_500_P10_r2,r6p3v2_pi05_sp_500_P10_r2:eval:2:0,1,2,0,12,1,True,10,2987,2986,5,1,0.1306277803344071,False,False,True,False,False,42,2.4142738892682267,0.25,0.22501820380186713,False,False,True,False,2,1.0177099210180587,0.6137567275250041,0.4072299020552386,0.40014339414896255,0.047762762196332874,0.057211494621253786,0.1027827197150396,False,False,0.017281202599406242
pi05_spatial_500,p3,r6p3v2_pi05_sp_500_P10_r2,r6p3v2_pi05_sp_500_P10_r2:eval:2:0,1,2,0,14,1,True,10,2989,2989,5,1,0.1306277803344071,False,False,True,False,False,42,2.4142738892682267,0.25,0.2381685344947354,False,False,True,False,2,1.0318240634154157,0.6137567275250041,0.42387342896064695,0.4108001005109281,0.054960631779531983,0.05154869391208985,0.10464266384067364,False,False,0.017281202599406242
pi05_spatial_500,p3,r6p3v2_pi05_sp_500_P10_r2,r6p3v2_pi05_sp_500_P10_r2:eval:2:0,1,2,0,16,1,True,10,2991,2991,6,1,0.11700094595285575,False,False,True,False,False,42,2.201758902238452,0.25,0.3088990441686594,True,False,True,False,2,1.1835836969080507,0.6137567275250041,0.3416361240816663,0.2886455135992018,0.04390551206218995,0.04052664883276668,0.08232415712138431,False,False,0.017281202599406242
pi05_spatial_500,p3,r6p3v2_pi05_sp_500_P10_r2,r6p3v2_pi05_sp_500_P10_r2:eval:2:0,1,2,0,18,1,True,10,2675,2993,7,1,0.22768701743621209,False,False,True,False,False,42,2.7979019766781623,0.3333333333333333,0.38799213879219835,True,False,False,False,2,,0.6137567275250041,,0.26922233799449524,0.03376165508174483,0.026253256687868966,0.059322637806386753,False,True,0.017281202599406242
pi05_spatial_500,p3,r6p3v2_pi05_sp_500_P10_r2,r6p3v2_pi05_sp_500_P10_r2:eval:2:1,1,2,1,0,1,True,10,3035,2177,0,0,0.5051548039065296,False,True,True,False,False,42,3.91172215413207,1.0,0.026713326955755907,False,False,True,False,2,1.5408678435666816,0.6137567275250041,0.1615292598846345,0.10483005441319294,0.00829708607378808,0.03791910414400629,0.04594760030308959,False,False,0.016660697292536497
pi05_spatial_500,p3,r6p3v2_pi05_sp_500_P10_r2,r6p3v2_pi05_sp_500_P10_r2:eval:2:1,1,2,1,2,1,True,10,2240,2816,1,0,0.17255650150841131,False,True,True,False,False,42,2.910137902356458,0.25,0.049224022154822036,False,False,True,False,2,0.9258032321257289,0.6137567275250041,0.38253846622144316,0.413196295872828,0.05212523472725585,0.055261061299422536,0.1059270492197731,False,False,0.016660697292536497
pi05_spatial_500,p3,r6p3v2_pi05_sp_500_P10_r2,r6p3v2_pi05_sp_500_P10_r2:eval:2:1,1,2,1,4,1,True,10,2900,2900,2,0,0.663991793219819,True,True,True,False,True,42,4.615947756300605,0.2,0.07032387312599975,False,False,True,False,2,1.0315512130950726,0.6137567275250041,0.42322805423849436,0.4102831239649637,0.05686896064743038,0.05324863462513248,0.10798860429052591,False,False,0.016660697292536497
pi05_spatial_500,p3,r6p3v2_pi05_sp_500_P10_r2,r6p3v2_pi05_sp_500_P10_r2:eval:2:1,1,2,1,6,1,True,10,3042,2981,2,0,0.6861833358899627,True,True,True,True,True,42,4.157945898432823,0.25,0.06781756315730207,False,False,True,False,2,1.3515489406587318,0.6137567275250041,0.3126048917343397,0.23129380100877378,0.04693205488053913,0.03244367081903844,0.07936242688364656,False,False,0.016660697292536497
pi05_spatial_500,p3,r6p3v2_pi05_sp_500_P10_r2,r6p3v2_pi05_sp_500_P10_r2:eval:2:1,1,2,1,8,1,True,10,2562,2904,2,1,0.2654228664928158,False,False,True,True,False,42,3.1575170956792595,0.3333333333333333,0.15646452489494622,False,False,True,False,2,1.1412254001267343,0.6137567275250041,0.0408550210596118,0.0357992567069352,0.009976451541323277,0.011613667083269417,0.01168753091114943,False,False,0.016660697292536497
pi05_spatial_500,p3,r6p3v2_pi05_sp_500_P10_r2,r6p3v2_pi05_sp_500_P10_r2:eval:2:1,1,2,1,10,1,True,10,2130,2492,4,1,0.6141694789589406,True,False,True,False,False,42,5.531864385827277,1.0,0.11348422944004309,False,False,True,False,2,0.8478760047384558,0.6137567275250041,0.3404222376374668,0.4015000256346172,0.02958578961292163,0.05630764016943445,0.08487979988491885,False,False,0.016660697292536497
pi05_spatial_500,p3,r6p3v2_pi05_sp_500_P10_r2,r6p3v2_pi05_sp_500_P10_r2:eval:2:1,1,2,1,12,1,True,10,2566,2494,3,1,0.14006174259855805,False,False,True,False,False,42,2.531654600921028,0.25,0.1265575933360544,False,False,True,False,2,1.0587333520859892,0.6137567275250041,0.46146611925165604,0.435866234252887,0.06281484706309007,0.05723352882606273,0.11789583664156289,False,False,0.016660697292536497
pi05_spatial_500,p3,r6p3v2_pi05_sp_500_P10_r2,r6p3v2_pi05_sp_500_P10_r2:eval:2:1,1,2,1,14,1,True,10,2568,2374,4,1,0.11490450989415553,False,False,True,False,False,42,2.109254611548673,0.25,0.15921935124762693,False,False,True,False,2,1.0084860900691697,0.6137567275250041,0.34696346963964464,0.34404388226698024,0.04710227232518106,0.043057523825823785,0.08728584698399024,False,False,0.016660697292536497
pi05_spatial_500,p3,r6p3v2_pi05_sp_500_P10_r2,r6p3v2_pi05_sp_500_P10_r2:eval:2:1,1,2,1,16,1,True,10,2570,2570,4,1,0.11490450989415553,False,False,True,False,False,42,2.109254611548673,0.25,0.15775481100560504,False,False,True,False,2,0.9859758070248015,0.6137567275250041,0.309907935931896,0.3143159636614699,0.042775869262981596,0.03648121401158226,0.07758161361478107,False,False,0.016660697292536497
pi05_spatial_500,p3,r6p3v2_pi05_sp_500_P10_r2,r6p3v2_pi05_sp_500_P10_r2:eval:2:1,1,2,1,18,1,True,5,2812,2378,5,1,0.1285313442757069,False,False,True,False,False,42,2.3785871871053486,0.25,0.1652093889568904,False,False,False,False,2,,0.6137567275250041,,,0.03150081435992345,0.0,0.03150081435992345,False,True,0.016660697292536497
pi05_spatial_500,p3,r6p3v2_pi05_sp_500_P10_r2,r6p3v2_pi05_sp_500_P10_r2:eval:3:0,1,3,0,0,1,True,10,3628,3342,0,0,0.5971769815418023,True,True,True,False,False,43,4.756184735036848,1.0,0.01805250401783292,False,False,True,False,1,1.2680026845567207,0.762086092106727,0.30525789284592897,0.2407391534448081,0.02789711148342355,0.0592172632068469,0.08708220425928469,False,False,0.018021746654994786
pi05_spatial_500,p3,r6p3v2_pi05_sp_500_P10_r2,r6p3v2_pi05_sp_500_P10_r2:eval:3:0,1,3,0,2,1,True,10,3799,3799,1,0,0.3751357220412595,False,False,True,False,False,43,3.6634448067227465,0.3333333333333333,0.055974530314762086,False,False,True,False,1,0.9526213000320642,0.762086092106727,0.4172424153760954,0.43799400177389636,0.061254311499423265,0.060406532987851876,0.12152817038728532,False,False,0.018021746654994786
pi05_spatial_500,p3,r6p3v2_pi05_sp_500_P10_r2,r6p3v2_pi05_sp_500_P10_r2:eval:3:0,1,3,0,4,1,True,10,3211,3482,2,0,0.5993485342019543,True,False,True,False,True,43,3.2844894838914658,0.25,0.07759560404395072,False,False,True,False,1,1.0835656002566711,0.762086092106727,0.4908412017961455,0.4529870657391456,0.06899811870198863,0.06413779851284626,0.13135677923597963,False,False,0.018021746654994786
pi05_spatial_500,p3,r6p3v2_pi05_sp_500_P10_r2,r6p3v2_pi05_sp_500_P10_r2:eval:3:0,1,3,0,6,1,True,10,3213,3348,2,0,0.5993485342019543,True,True,True,False,True,43,3.2844894838914658,0.25,0.10241730769114753,False,False,True,False,1,0.9043209051165643,0.762086092106727,0.3899898409914366,0.4312516041428546,0.04864345793815711,0.04556863830043479,0.09166014100211511,False,False,0.018021746654994786
pi05_spatial_500,p3,r6p3v2_pi05_sp_500_P10_r2,r6p3v2_pi05_sp_500_P10_r2:eval:3:0,1,3,0,8,1,True,10,3653,3115,3,1,0.40119435396308356,False,True,True,True,False,43,2.6228202001941363,0.5,0.17886195759472295,False,False,True,False,1,1.0215093310482757,0.762086092106727,0.17494295379672162,0.1712592812218315,0.0331346672620063,0.013180860227089322,0.04461138794546399,False,False,0.018021746654994786
pi05_spatial_500,p3,r6p3v2_pi05_sp_500_P10_r2,r6p3v2_pi05_sp_500_P10_r2:eval:3:0,1,3,0,10,1,True,10,3672,3352,4,1,0.3718783930510315,False,False,True,False,False,43,2.3787805263659165,0.5,0.12617860540568776,False,False,True,False,1,0.9643638284733399,0.762086092106727,0.3633926575618218,0.3768211196153008,0.026973358663957184,0.05998837738451024,0.08503308280966881,False,False,0.018021746654994786
pi05_spatial_500,p3,r6p3v2_pi05_sp_500_P10_r2,r6p3v2_pi05_sp_500_P10_r2:eval:3:0,1,3,0,12,1,True,10,3674,3573,5,1,0.2665580890336591,False,False,True,False,False,43,2.3413416234571462,0.3333333333333333,0.10449414903845115,False,False,True,False,1,1.0241141753645773,0.762086092106727,0.4368622110618637,0.426575690065362,0.057050735621454775,0.05458654364457208,0.10252954309587914,False,False,0.018021746654994786
pi05_spatial_500,p3,r6p3v2_pi05_sp_500_P10_r2,r6p3v2_pi05_sp_500_P10_r2:eval:3:0,1,3,0,14,1,True,10,3221,3492,5,1,0.2817589576547231,False,False,True,False,False,43,2.4777802807589424,0.3333333333333333,0.14397199912689246,False,False,False,False,1,,0.762086092106727,,0.4842682525606803,0.061778109682077975,0.05590274216746022,0.11420439226728997,False,True,0.018021746654994786
pi05_spatial_500,p3,r6p3v2_pi05_sp_500_P10_r2,r6p3v2_pi05_sp_500_P10_r2:eval:3:1,1,3,1,0,1,True,10,3494,3529,0,0,0.6308360477741585,True,True,True,False,False,43,6.211880275111322,1.0,0.0193809672682078,False,False,True,False,1,1.0067738016983547,0.762086092106727,0.2822063674694593,0.2803076192421749,0.02135379269551346,0.0586199331814898,0.07984239263174572,False,False,0.015003218625982603
pi05_spatial_500,p3,r6p3v2_pi05_sp_500_P10_r2,r6p3v2_pi05_sp_500_P10_r2:eval:3:1,1,3,1,2,1,True,10,3480,3309,1,0,0.3116178067318133,False,False,True,False,False,43,4.019075689131178,0.25,0.07207361811879422,False,False,True,False,1,0.97446634953874,0.762086092106727,0.41630430883199954,0.4272126061911277,0.05996194929594294,0.06012940474727104,0.11989409746300642,False,False,0.015003218625982603
pi05_spatial_500,p3,r6p3v2_pi05_sp_500_P10_r2,r6p3v2_pi05_sp_500_P10_r2:eval:3:1,1,3,1,4,1,True,10,3482,3311,1,0,0.3116178067318133,False,False,True,False,False,43,4.019075689131178,0.25,0.09013660473759537,False,False,True,False,1,0.9197678928094122,0.762086092106727,0.45981431883070234,0.4999242987556447,0.06263024617930076,0.06558263766572481,0.12402272434957919,False,False,0.015003218625982603
pi05_spatial_500,p3,r6p3v2_pi05_sp_500_P10_r2,r6p3v2_pi05_sp_500_P10_r2:eval:3:1,1,3,1,6,1,True,10,3078,3313,2,0,0.5613463626492942,True,False,True,False,True,5,3.1507397484098267,0.2,0.09184614291204025,False,False,True,False,1,1.1289705021332184,0.762086092106727,0.45321650424105386,0.40144229046258495,0.058516780816465226,0.04955910349691031,0.10651498157910398,False,False,0.015003218625982603
pi05_spatial_500,p3,r6p3v2_pi05_sp_500_P10_r2,r6p3v2_pi05_sp_500_P10_r2:eval:3:1,1,3,1,8,1,True,10,3080,3315,3,1,0.23289902280130292,False,False,True,True,False,5,2.1273903117597843,0.3333333333333333,0.06404851459847799,False,False,True,False,1,1.3009424565573284,0.762086092106727,0.2053775662067504,0.15786829399836722,0.03688268319141759,0.01411120401180267,0.049748698283322464,False,False,0.015003218625982603
pi05_spatial_500,p3,r6p3v2_pi05_sp_500_P10_r2,r6p3v2_pi05_sp_500_P10_r2:eval:3:1,1,3,1,10,1,True,10,3488,3621,3,1,0.27741585233441907,False,False,True,True,False,43,1.7910183995886235,0.5,0.24314096003416524,False,True,True,False,1,0.6238333153349462,0.762086092106727,0.22812640791491354,0.36568487496123664,0.012259432318774103,0.04244666364519846,0.05355597052005774,True,False,0.015003218625982603
pi05_spatial_500,p3,r6p3v2_pi05_sp_500_P10_r2,r6p3v2_pi05_sp_500_P10_r2:eval:3:1,1,3,1,12,1,True,10,3622,3623,4,1,0.255700325732899,False,False,True,False,False,43,2.265689083564749,0.3333333333333333,0.19589939077577342,False,False,True,False,1,0.9990203069680866,0.762086092106727,0.44331759337025994,0.4437523344402063,0.0607472017812415,0.04930034941230955,0.10367313208927018,False,False,0.015003218625982603
pi05_spatial_500,p3,r6p3v2_pi05_sp_500_P10_r2,r6p3v2_pi05_sp_500_P10_r2:eval:3:1,1,3,1,14,1,True,10,3709,3625,5,1,0.46362649294245384,False,False,True,False,True,5,0.0,0.3333333333333333,0.17329296235307512,False,False,True,False,1,0.9970744353241732,0.762086092106727,0.46407792836150874,0.4654396020199091,0.05857899566166404,0.05893252527251905,0.10841719631965832,False,False,0.015003218625982603
pi05_spatial_500,p3,r6p3v2_pi05_sp_500_P10_r2,r6p3v2_pi05_sp_500_P10_r2:eval:3:1,1,3,1,16,1,True,5,3710,3627,5,1,0.46362649294245384,False,False,True,True,True,5,0.0,0.3333333333333333,0.16904852237283155,False,False,False,False,1,,0.762086092106727,,,0.043320768824076865,0.0,0.043320768824076865,False,True,0.015003218625982603
pi05_spatial_500,p3,r6p3v2_pi05_sp_500_P10_r2,r6p3v2_pi05_sp_500_P10_r2:eval:4:0,1,4,0,0,1,True,10,4969,4543,0,0,0.5798771121351766,True,True,True,False,False,43,6.205389938904875,1.0,0.01492563091379527,False,False,True,False,2,1.218090275052005,0.6712602412021075,0.2751051946324185,0.22584959445692412,0.024881477327343342,0.05855825982495742,0.08303361548576345,False,False,0.014545580294604102
pi05_spatial_500,p3,r6p3v2_pi05_sp_500_P10_r2,r6p3v2_pi05_sp_500_P10_r2:eval:4:0,1,4,0,2,1,True,10,4493,4419,1,0,0.09062980030721966,False,False,True,False,False,43,3.4427528973879573,0.2,0.05670993331025548,False,False,True,False,2,0.9704661032541962,0.6712602412021075,0.3876994458661435,0.39949818398200415,0.06237565037465992,0.05643131298944437,0.11837529885338585,False,False,0.014545580294604102
pi05_spatial_500,p3,r6p3v2_pi05_sp_500_P10_r2,r6p3v2_pi05_sp_500_P10_r2:eval:4:0,1,4,0,4,1,True,10,4495,4870,1,0,0.09062980030721966,False,False,True,False,False,43,3.4427528973879573,0.2,0.10274749231653114,False,False,True,False,2,0.9047954571706747,0.6712602412021075,0.29983195225667725,0.3313809213789177,0.051475621843445965,0.04159673592628505,0.09014324235326952,False,False,0.014545580294604102
pi05_spatial_500,p3,r6p3v2_pi05_sp_500_P10_r2,r6p3v2_pi05_sp_500_P10_r2:eval:4:0,1,4,0,6,1,True,10,5053,4872,2,0,0.42473118279569894,False,True,True,False,True,43,3.460284005605209,0.2,0.12065171263283007,False,False,True,False,2,0.7784828299614238,0.6712602412021075,0.19229175094913545,0.2470083392316618,0.029684103090186466,0.026996651153761278,0.05460616851006582,False,False,0.014545580294604102
pi05_spatial_500,p3,r6p3v2_pi05_sp_500_P10_r2,r6p3v2_pi05_sp_500_P10_r2:eval:4:0,1,4,0,8,1,True,10,4726,4900,3,0,0.6655145929339478,True,True,True,True,True,43,4.276854293197454,0.5,0.18008297549106678,False,False,True,False,2,1.325968294520991,0.6712602412021075,0.12191302480135452,0.09194263943196007,0.022490727886800187,0.013977409320835502,0.03519082999987697,False,False,0.014545580294604102
pi05_spatial_500,p3,r6p3v2_pi05_sp_500_P10_r2,r6p3v2_pi05_sp_500_P10_r2:eval:4:0,1,4,0,10,1,True,10,4876,4876,4,1,0.40322580645161293,False,False,True,True,False,43,4.223621888500541,1.0,0.23464988652356147,False,False,True,False,2,0.8491501818396163,0.6712602412021075,0.15818593202246306,0.18628734398874627,0.0047173211595863285,0.04150163951384556,0.045975976341579836,False,False,0.014545580294604102
pi05_spatial_500,p3,r6p3v2_pi05_sp_500_P10_r2,r6p3v2_pi05_sp_500_P10_r2:eval:4:0,1,4,0,12,1,True,10,5035,4755,6,1,0.271505376344086,False,False,True,False,False,43,4.227929709583029,0.3333333333333333,0.07581258128877992,False,False,True,False,2,0.9485101309803298,0.6712602412021075,0.40546699950151865,0.4274777740986799,0.06164499373492784,0.057517812803139064,0.11752292338276059,False,False,0.014545580294604102
pi05_spatial_500,p3,r6p3v2_pi05_sp_500_P10_r2,r6p3v2_pi05_sp_500_P10_r2:eval:4:0,1,4,0,14,1,True,10,4880,4880,5,1,0.3052995391705069,False,False,True,False,False,43,5.199198010019797,0.25,0.1248782588240539,False,False,True,False,2,0.9631907263449966,0.6712602412021075,0.27569971722441333,0.28623585099350607,0.04825884013733281,0.05124295303355584,0.0978523367038893,False,False,0.014545580294604102
pi05_spatial_500,p3,r6p3v2_pi05_sp_500_P10_r2,r6p3v2_pi05_sp_500_P10_r2:eval:4:0,1,4,0,16,1,True,10,4734,4882,7,1,0.3844086021505377,False,False,True,False,False,43,4.901347513022675,0.5,0.09054744954096425,False,False,True,False,2,0.9157736994559806,0.6712602412021075,0.3510122945624121,0.3832958893348133,0.05508934930027247,0.06512092344721879,0.11829334897303052,False,False,0.014545580294604102
pi05_spatial_500,p3,r6p3v2_pi05_sp_500_P10_r2,r6p3v2_pi05_sp_500_P10_r2:eval:4:0,1,4,0,18,1,True,10,3991,4936,7,1,0.4220430107526882,False,False,True,False,False,43,5.857133158767789,0.3333333333333333,0.11091173647017538,False,False,True,False,2,1.0345444004891917,0.6712602412021075,0.43561771269027566,0.42107203178934677,0.0656215513117057,0.06239340800431093,0.12636990565587375,False,False,0.014545580294604102
pi05_spatial_500,p3,r6p3v2_pi05_sp_500_P10_r2,r6p3v2_pi05_sp_500_P10_r2:eval:4:0,1,4,0,20,1,True,10,3994,4938,8,1,0.1609062980030722,False,False,True,False,False,43,4.481547096119513,0.16666666666666666,0.13428684137907165,False,False,True,False,2,1.0877350168452573,0.6712602412021075,0.33082481003068437,0.30414099473433426,0.05334181313614766,0.04339662280508513,0.09615427355083035,False,False,0.014545580294604102
pi05_spatial_500,p3,r6p3v2_pi05_sp_500_P10_r2,r6p3v2_pi05_sp_500_P10_r2:eval:4:0,1,4,0,22,1,True,9,3996,4790,8,1,0.1609062980030722,False,False,True,False,False,43,4.481547096119513,0.16666666666666666,0.10487083852637137,False,False,False,False,2,,0.6712602412021075,,0.10917862350805389,0.03271475188256456,0.02096590994838737,0.05318279678185411,False,True,0.014545580294604102
pi05_spatial_500,p3,r6p3v2_pi05_sp_500_P10_r2,r6p3v2_pi05_sp_500_P10_r2:eval:4:1,1,4,1,0,1,True,10,4390,4390,0,0,0.6113671274961597,True,True,True,False,False,43,8.729722007482103,1.0,0.022586567330558527,False,False,True,False,2,0.9457743678037004,0.6712602412021075,0.22874363906978903,0.24185857309813008,0.017131176163309836,0.051356636195193366,0.06845316134161963,False,False,0.01182138489989134
pi05_spatial_500,p3,r6p3v2_pi05_sp_500_P10_r2,r6p3v2_pi05_sp_500_P10_r2:eval:4:1,1,4,1,2,1,True,10,4392,4392,1,0,0.44278033794162824,True,True,True,False,False,43,5.527708780162866,0.5,0.03632362515876238,False,False,True,False,2,1.0255864161254418,0.6712602412021075,0.41320248870987386,0.4028938782856638,0.06249622066464116,0.06326246196724337,0.12514256724933812,False,False,0.01182138489989134
pi05_spatial_500,p3,r6p3v2_pi05_sp_500_P10_r2,r6p3v2_pi05_sp_500_P10_r2:eval:4:1,1,4,1,4,1,True,10,4394,4079,2,0,0.07603686635944701,False,False,True,False,False,43,3.155043770334267,0.2,0.10283654911473109,False,False,True,False,2,1.3049813621452002,0.6712602412021075,0.35190134047594057,0.2696600508511982,0.06035964876542568,0.049209350743616494,0.10929551689253397,False,False,0.01182138489989134
pi05_spatial_500,p3,r6p3v2_pi05_sp_500_P10_r2,r6p3v2_pi05_sp_500_P10_r2:eval:4:1,1,4,1,6,1,True,10,4267,4999,2,0,0.4155145929339478,False,False,True,False,True,43,3.319013616122278,0.2,0.12180191586747251,False,False,True,False,2,1.0139771691123134,0.6712602412021075,0.24914642593271627,0.24571206682181174,0.040819639833056386,0.03729922092276817,0.0732775602765379,False,False,0.01182138489989134
pi05_spatial_500,p3,r6p3v2_pi05_sp_500_P10_r2,r6p3v2_pi05_sp_500_P10_r2:eval:4:1,1,4,1,8,1,True,10,4269,5001,2,0,0.4155145929339478,False,True,True,False,True,43,3.319013616122278,0.2,0.1271956858818356,False,False,True,False,2,0.961899909071723,0.6712602412021075,0.22884599813974518,0.23791040625067938,0.03153723016024007,0.03402507649979571,0.06537342141989817,False,False,0.01182138489989134
pi05_spatial_500,p3,r6p3v2_pi05_sp_500_P10_r2,r6p3v2_pi05_sp_500_P10_r2:eval:4:1,1,4,1,10,1,True,10,4007,5003,2,0,0.4612135176651306,True,True,True,False,True,43,3.0881778432099445,0.25,0.17917741894763872,False,False,True,False,2,0.7222494456543993,0.6712602412021075,0.12048683848016048,0.16682164203115796,0.040405478092835026,0.007064994363632851,0.03453299774897054,False,False,0.01182138489989134
pi05_spatial_500,p3,r6p3v2_pi05_sp_500_P10_r2,r6p3v2_pi05_sp_500_P10_r2:eval:4:1,1,4,1,12,1,True,10,4087,4404,5,1,0.4869431643625192,True,True,True,False,False,43,5.138855027496304,1.0,0.18657651841507025,False,False,True,False,2,0.8665199667484245,0.6712602412021075,0.22305428680451272,0.2574139031573773,0.015187290077943746,0.05142603289023591,0.06606733104251937,False,False,0.01182138489989134
pi05_spatial_500,p3,r6p3v2_pi05_sp_500_P10_r2,r6p3v2_pi05_sp_500_P10_r2:eval:4:1,1,4,1,14,1,True,10,3909,4037,8,1,0.2991551459293395,False,False,True,False,False,43,5.1568121349697575,0.25,0.1189137167037913,False,False,True,False,2,0.9686211692185465,0.6712602412021075,0.36079032981159936,0.37247826217000174,0.059621220461820695,0.050592110069962455,0.1088197749041617,False,False,0.01182138489989134
pi05_spatial_500,p3,r6p3v2_pi05_sp_500_P10_r2,r6p3v2_pi05_sp_500_P10_r2:eval:4:1,1,4,1,16,1,True,10,4856,4481,5,1,0.29877112135176653,False,False,True,False,False,43,5.730594792300964,0.2,0.05498228530897757,False,False,True,False,2,0.9934595428986697,0.6712602412021075,0.28127845532032253,0.28313025661782004,0.049375411525836854,0.052260251727441316,0.10055681080532239,False,False,0.01182138489989134
pi05_spatial_500,p3,r6p3v2_pi05_sp_500_P10_r2,r6p3v2_pi05_sp_500_P10_r2:eval:4:1,1,4,1,18,1,True,10,4683,4041,7,1,0.3828725038402458,False,False,True,False,False,43,4.885082360743129,0.5,0.07901888734501292,False,False,True,False,2,1.038316406972897,0.6712602412021075,0.37871674318146437,0.36474117199551287,0.05940799626340189,0.065787265509486,0.12305363684951519,False,False,0.01182138489989134
pi05_spatial_500,p3,r6p3v2_pi05_sp_500_P10_r2,r6p3v2_pi05_sp_500_P10_r2:eval:4:1,1,4,1,20,1,True,10,4685,4988,8,1,0.07296466973886329,False,False,True,False,False,43,3.0900669418902957,0.2,0.08348189358428983,False,False,True,False,2,1.062756697627008,0.6712602412021075,0.4359841902460117,0.41023894859426,0.06428973891650368,0.06119632861617715,0.12528895627624315,False,False,0.01182138489989134
pi05_spatial_500,p3,r6p3v2_pi05_sp_500_P10_r2,r6p3v2_pi05_sp_500_P10_r2:eval:4:1,1,4,1,22,1,True,10,4887,4045,8,1,0.2553763440860215,False,False,True,False,False,43,4.611981549206135,0.25,0.1308269816642166,False,False,True,False,2,1.0064133362554915,0.6712602412021075,0.31819046716841604,0.31616280876432973,0.04823160165419262,0.044110061794001,0.09144631897853216,False,False,0.01182138489989134
pi05_spatial_500,p3,r6p3v2_pi05_sp_500_P10_r2,r6p3v2_pi05_sp_500_P10_r2:eval:4:1,1,4,1,24,1,True,3,4210,4865,9,1,0.4631336405529954,True,False,True,False,False,43,4.840352369235761,1.0,0.08923066031254585,False,False,False,False,2,,0.6712602412021075,,,0.02109229195078998,0.0,0.02109229195078998,False,True,0.01182138489989134
pi05_spatial_500,p3,r6p3v2_pi05_sp_500_P10_r2,r6p3v2_pi05_sp_500_P10_r2:eval:5:0,1,5,0,0,1,True,10,5896,6198,0,0,0.4816250742721331,False,False,True,False,False,41,3.8256088119014415,1.0,0.01274721969315878,False,False,True,False,2,1.0343402393949694,0.5805091758624843,0.43084938157409286,0.4165451223536613,0.026366394633128447,0.0536834188936133,0.08001613207204587,False,False,0.014897435903549194
pi05_spatial_500,p3,r6p3v2_pi05_sp_500_P10_r2,r6p3v2_pi05_sp_500_P10_r2:eval:5:0,1,5,0,2,1,True,10,5536,6200,2,0,0.7289661319073084,True,True,True,False,True,41,5.105191785427914,0.25,0.08922663157033846,False,False,True,False,2,1.1456628024604372,0.5805091758624843,0.5729430724323431,0.5000974730102825,0.062087366004395905,0.06111781592099178,0.11784751776924968,False,False,0.014897435903549194
pi05_spatial_500,p3,r6p3v2_pi05_sp_500_P10_r2,r6p3v2_pi05_sp_500_P10_r2:eval:5:0,1,5,0,4,1,True,10,6203,6203,2,0,0.6814913844325609,True,True,True,True,True,41,4.403149313916794,0.25,0.1160995080802249,False,False,True,False,2,1.135597760085572,0.5805091758624843,0.49385620670384467,0.43488656288528654,0.05942405781609336,0.052362837073098224,0.11098041914833522,False,False,0.014897435903549194
pi05_spatial_500,p3,r6p3v2_pi05_sp_500_P10_r2,r6p3v2_pi05_sp_500_P10_r2:eval:5:0,1,5,0,6,1,True,10,6037,5269,3,1,0.9129382055852644,True,False,True,True,True,41,4.493580890617933,1.0,0.1099949455457014,False,False,True,False,2,1.5668919544691482,0.5805091758624843,0.08834380087702727,0.05638155242615788,0.017263830649338306,0.003529064401766353,0.020257832860302753,False,False,0.014897435903549194
pi05_spatial_500,p3,r6p3v2_pi05_sp_500_P10_r2,r6p3v2_pi05_sp_500_P10_r2:eval:5:0,1,5,0,8,1,True,10,6039,5879,4,1,0.2225935828877005,False,False,True,False,False,41,3.962637555243334,0.16666666666666666,0.10183758656507173,False,False,True,False,2,0.8094970411883593,0.5805091758624843,0.24555529090006092,0.3033430369795798,0.014011309395197926,0.039620402536962085,0.05320408526550996,False,False,0.014897435903549194
pi05_spatial_500,p3,r6p3v2_pi05_sp_500_P10_r2,r6p3v2_pi05_sp_500_P10_r2:eval:5:0,1,5,0,10,1,True,10,5843,5369,4,1,0.32104872251931077,False,False,True,False,False,41,4.5811089359494925,0.2,0.1249341977993721,False,False,True,False,2,1.1166070311432268,0.5805091758624843,0.4929300473166341,0.4414534689182036,0.05998965139720916,0.05626215334695619,0.11396976764107426,False,False,0.014897435903549194
pi05_spatial_500,p3,r6p3v2_pi05_sp_500_P10_r2,r6p3v2_pi05_sp_500_P10_r2:eval:5:0,1,5,0,12,1,True,10,6043,6043,4,1,0.2225935828877005,False,False,True,False,False,41,3.962637555243334,0.16666666666666666,0.09053954621044799,False,False,True,False,2,0.9594253472207176,0.5805091758624843,0.3870717763100386,0.4034412655776875,0.051630481676451165,0.059245337721450506,0.10531623353660532,False,False,0.014897435903549194
pi05_spatial_500,p3,r6p3v2_pi05_sp_500_P10_r2,r6p3v2_pi05_sp_500_P10_r2:eval:5:0,1,5,0,14,1,True,10,5721,6213,6,1,0.4061942959001783,False,False,True,False,False,41,4.334051669892686,0.3333333333333333,0.10871190880296497,False,False,True,False,2,1.0390722136045096,0.5805091758624843,0.543036278896712,0.522616495549367,0.07385655458989387,0.05328175374816994,0.12689669791687105,False,False,0.014897435903549194
pi05_spatial_500,p3,r6p3v2_pi05_sp_500_P10_r2,r6p3v2_pi05_sp_500_P10_r2:eval:5:0,1,5,0,16,1,True,6,5723,5395,6,1,0.4061942959001783,False,False,True,False,False,41,4.334051669892686,0.3333333333333333,0.17538612429997177,False,False,False,False,2,,0.5805091758624843,,,0.043570581467636635,0.009946735857196463,0.053476495526893326,False,True,0.014897435903549194
pi05_spatial_500,p3,r6p3v2_pi05_sp_500_P10_r2,r6p3v2_pi05_sp_500_P10_r2:eval:5:1,1,5,1,0,1,True,10,5852,5639,1,0,0.27800059417706474,False,False,True,False,False,41,2.9130577153830743,0.5,0.0177544230900429,False,False,True,False,2,0.6785185889299696,0.5805091758624843,0.3685884253469315,0.5432252429932671,0.01784417335059288,0.050772539555575515,0.06835336292144273,False,False,0.013779103755950928
pi05_spatial_500,p3,r6p3v2_pi05_sp_500_P10_r2,r6p3v2_pi05_sp_500_P10_r2:eval:5:1,1,5,1,2,1,True,10,6050,6050,1,0,0.3780005941770648,False,False,True,False,False,41,3.6341845512936906,0.5,0.08685552038863492,False,False,True,False,2,0.9149743809593279,0.5805091758624843,0.5204569935180907,0.5688213837991885,0.055030074434513875,0.057635044665656464,0.10659125227316842,False,False,0.013779103755950928
pi05_spatial_500,p3,r6p3v2_pi05_sp_500_P10_r2,r6p3v2_pi05_sp_500_P10_r2:eval:5:1,1,5,1,4,1,True,10,6052,5538,2,0,0.684521687462864,True,True,True,False,True,41,4.424661402551182,0.25,0.0798756889831445,False,False,True,False,2,1.0105656157634024,0.5805091758624843,0.5370748405065431,0.5314596421339999,0.061939829133538,0.06154151966077246,0.122469467378192,False,False,0.013779103755950928
pi05_spatial_500,p3,r6p3v2_pi05_sp_500_P10_r2,r6p3v2_pi05_sp_500_P10_r2:eval:5:1,1,5,1,6,1,True,10,5198,5345,2,0,0.7198752228163993,True,True,True,True,True,41,4.715781021612414,0.25,0.09303618040141914,False,False,True,False,2,1.4511508956045878,0.5805091758624843,0.14395810319612484,0.09920271119437796,0.02716787115231336,0.006065349453975767,0.0329691699898317,False,False,0.013779103755950928
pi05_spatial_500,p3,r6p3v2_pi05_sp_500_P10_r2,r6p3v2_pi05_sp_500_P10_r2:eval:5:1,1,5,1,8,1,True,10,6056,6091,4,1,0.5513220439691028,True,False,True,True,False,41,4.33439602634761,1.0,0.12420343887257375,False,False,True,False,2,1.1887030680075628,0.5805091758624843,0.15150004284181828,0.12744986272791753,0.0021522275149571226,0.030833295452976153,0.03296041667009495,False,False,0.013779103755950928
pi05_spatial_500,p3,r6p3v2_pi05_sp_500_P10_r2,r6p3v2_pi05_sp_500_P10_r2:eval:5:1,1,5,1,10,1,True,10,5453,5543,4,1,0.2675133689839572,False,True,True,False,False,41,4.169416562705278,0.2,0.1065052015059063,False,False,True,False,2,1.1553588789640796,0.5805091758624843,0.5013150755022929,0.43390420468468044,0.05836949614870748,0.058553419876270364,0.11469503989155375,False,False,0.013779103755950928
pi05_spatial_500,p3,r6p3v2_pi05_sp_500_P10_r2,r6p3v2_pi05_sp_500_P10_r2:eval:5:1,1,5,1,12,1,True,10,6026,5545,4,1,0.16145276292335115,False,False,True,False,False,41,3.4655186120077257,0.2,0.1145618014055087,False,False,True,False,2,1.0013160886366743,0.5805091758624843,0.402925505903506,0.4023959172094226,0.05364446139702139,0.05443936408337917,0.10645061127126355,False,False,0.013779103755950928
pi05_spatial_500,p3,r6p3v2_pi05_sp_500_P10_r2,r6p3v2_pi05_sp_500_P10_r2:eval:5:1,1,5,1,14,1,True,10,5720,5457,5,1,0.562433155080214,True,False,True,False,False,41,4.414565943678269,1.0,0.14058999115957124,False,False,True,False,2,0.8907155973967512,0.5805091758624843,0.482417563408618,0.5416067315072904,0.058085989898610337,0.07107718063781014,0.12423109651669055,False,False,0.013779103755950928
pi05_spatial_500,p3,r6p3v2_pi05_sp_500_P10_r2,r6p3v2_pi05_sp_500_P10_r2:eval:5:1,1,5,1,16,1,True,10,5848,5459,5,1,0.3138146167557932,False,False,True,False,False,41,4.104443085694205,0.25,0.14235328120357013,False,False,True,False,2,0.8972461442202425,0.5805091758624843,0.41917538895725515,0.4671799278909604,0.057431453755353655,0.04241242993315854,0.09248544790008685,False,False,0.013779103755950928
pi05_spatial_500,p3,r6p3v2_pi05_sp_500_P10_r2,r6p3v2_pi05_sp_500_P10_r2:eval:5:1,1,5,1,18,1,True,3,5598,6066,5,1,0.2521984551396316,False,False,True,False,False,41,3.677067419104124,0.25,0.16946795831499292,False,False,False,False,2,,0.5805091758624843,,,0.02897630548510821,0.0,0.02897630548510821,False,True,0.013779103755950928
pi05_spatial_500,p3,r6p3v2_pi05_sp_500_P10_r2,r6p3v2_pi05_sp_500_P10_r2:eval:6:0,1,6,0,0,1,True,10,6408,6509,0,0,0.4906367041198501,False,True,True,False,False,49,4.521320990295467,0.5,0.014118649876178056,False,False,True,False,2,1.0627031631445587,0.7358285614820921,0.2332719756073991,0.21950812202077477,0.028732248756176023,0.05054202880794585,0.07911392786007092,False,False,0.01560299741950902
pi05_spatial_500,p3,r6p3v2_pi05_sp_500_P10_r2,r6p3v2_pi05_sp_500_P10_r2:eval:6:0,1,6,0,2,1,True,10,6410,6410,1,0,0.2097378277153558,False,False,True,False,False,49,3.409915034140633,0.25,0.07085177327116354,False,False,True,False,2,0.9633395880444159,0.7358285614820921,0.34642412208555345,0.3596074804615848,0.05737764969891211,0.059246664810269446,0.11646436659467692,False,False,0.01560299741950902
pi05_spatial_500,p3,r6p3v2_pi05_sp_500_P10_r2,r6p3v2_pi05_sp_500_P10_r2:eval:6:0,1,6,0,4,1,True,10,6895,6793,0,0,0.2813670411985019,False,False,True,False,False,49,4.219648563471048,0.2,0.11553441792504625,False,False,True,False,2,1.0067230767292716,0.7358285614820921,0.3955641468542622,0.3929224987465322,0.062040440753824026,0.06398249764159285,0.12569553404101694,False,False,0.01560299741950902
pi05_spatial_500,p3,r6p3v2_pi05_sp_500_P10_r2,r6p3v2_pi05_sp_500_P10_r2:eval:6:0,1,6,0,6,1,True,10,6897,6897,1,0,0.38904494382022475,False,False,True,False,True,49,2.1719656219551466,0.2,0.13616700181757455,False,False,True,False,2,1.0409282319954256,0.7358285614820921,0.3747235315110818,0.35998978603236553,0.05743327906706481,0.04519378903675905,0.10054509507226067,False,False,0.01560299741950902
pi05_spatial_500,p3,r6p3v2_pi05_sp_500_P10_r2,r6p3v2_pi05_sp_500_P10_r2:eval:6:0,1,6,0,8,1,True,10,7024,6899,2,0,0.5739700374531834,True,False,True,False,True,49,2.099755841778686,0.5,0.11700890439053643,False,False,True,False,2,1.0315203458997206,0.7358285614820921,0.36240499183376923,0.35133091971896063,0.04646754412964371,0.04640263291372466,0.09260717230043779,False,False,0.01560299741950902
pi05_spatial_500,p3,r6p3v2_pi05_sp_500_P10_r2,r6p3v2_pi05_sp_500_P10_r2:eval:6:0,1,6,0,10,1,True,10,7093,7174,2,1,0.6788389513108614,True,True,True,True,True,49,2.6022164420360805,1.0,0.13453195012509409,False,False,True,False,2,2.8416909168245645,0.7358285614820921,0.07859335257487868,0.027657248756209733,0.0029568788052948642,0.02186423343683601,0.020030695073489195,False,False,0.01560299741950902
pi05_spatial_500,p3,r6p3v2_pi05_sp_500_P10_r2,r6p3v2_pi05_sp_500_P10_r2:eval:6:0,1,6,0,12,1,True,10,7096,7096,4,1,0.43960674157303375,False,False,True,False,False,49,5.348841581235882,0.3333333333333333,0.12983962223210566,False,False,True,False,2,1.0006582734451264,0.7358285614820921,0.4950393535675419,0.49471369667807846,0.05908210720397266,0.06909040010761454,0.12702128234822205,False,False,0.01560299741950902
pi05_spatial_500,p3,r6p3v2_pi05_sp_500_P10_r2,r6p3v2_pi05_sp_500_P10_r2:eval:6:0,1,6,0,14,1,True,10,6381,7140,5,1,0.17743445692883897,False,False,True,False,False,49,2.357841982621063,0.3333333333333333,0.12282463195447553,False,False,True,False,2,1.0360582153658255,0.7358285614820921,0.3685918832309881,0.35576367984384033,0.05329569811622231,0.0486099018739096,0.09897101995260983,False,False,0.01560299741950902
pi05_spatial_500,p3,r6p3v2_pi05_sp_500_P10_r2,r6p3v2_pi05_sp_500_P10_r2:eval:6:0,1,6,0,16,1,True,10,6886,7243,4,1,0.23923220973782774,False,False,True,False,False,49,2.9983317026131844,0.3333333333333333,0.1923978876685064,False,False,True,False,2,0.9752681434904128,0.7358285614820921,0.3618442408562756,0.37102026070621125,0.048142818453368624,0.050298021923703584,0.09658243250418756,False,False,0.01560299741950902
pi05_spatial_500,p3,r6p3v2_pi05_sp_500_P10_r2,r6p3v2_pi05_sp_500_P10_r2:eval:6:0,1,6,0,18,1,True,10,6300,6528,6,1,0.1905430711610487,False,False,True,False,False,49,2.57367581797094,0.3333333333333333,0.2180922600548069,False,False,True,False,2,0.9324714969486745,0.7358285614820921,0.3216940437366618,0.34499075284267766,0.044080374760294236,0.04022203165719291,0.08150329975882947,False,False,0.01560299741950902
pi05_spatial_500,p3,r6p3v2_pi05_sp_500_P10_r2,r6p3v2_pi05_sp_500_P10_r2:eval:6:0,1,6,0,20,1,True,4,7104,7037,6,1,0.24953183520599254,False,False,True,False,False,49,3.1068620185561535,0.3333333333333333,0.31077146252392757,False,False,False,False,2,,0.7358285614820921,,,0.024686365042837968,0.0,0.024686365042837968,False,True,0.01560299741950902
pi05_spatial_500,p3,r6p3v2_pi05_sp_500_P10_r2,r6p3v2_pi05_sp_500_P10_r2:eval:6:1,1,6,1,0,1,True,10,6469,7165,0,0,0.5945692883895131,True,False,True,False,False,49,5.572038221752938,1.0,0.018276838645499983,False,False,True,False,2,0.8201206920098866,0.7358285614820921,0.2180249019592572,0.2658448982977604,0.021749789274555963,0.051803178329441854,0.07354737344443615,False,False,0.012273085303604603
pi05_spatial_500,p3,r6p3v2_pi05_sp_500_P10_r2,r6p3v2_pi05_sp_500_P10_r2:eval:6:1,1,6,1,2,1,True,10,7147,6663,1,0,0.29353932584269665,False,False,True,False,False,49,4.340538911175454,0.2,0.08327538534664625,False,False,True,False,2,0.9589334314737032,0.7358285614820921,0.3502349778284669,0.3652338799891673,0.058152694529138134,0.05926325175794798,0.11732021174538704,False,False,0.012273085303604603
pi05_spatial_500,p3,r6p3v2_pi05_sp_500_P10_r2,r6p3v2_pi05_sp_500_P10_r2:eval:6:1,1,6,1,4,1,True,10,6639,6665,2,0,0.2350187265917603,False,False,True,False,False,49,3.657715632274818,0.25,0.1209585687679291,False,False,True,False,2,0.8234024918934582,0.7358285614820921,0.3581860553709412,0.43500725210009167,0.05877729724294288,0.052401031776493696,0.1092055345078177,False,False,0.012273085303604603
pi05_spatial_500,p3,r6p3v2_pi05_sp_500_P10_r2,r6p3v2_pi05_sp_500_P10_r2:eval:6:1,1,6,1,6,1,True,10,6556,6515,3,0,0.6605805243445694,True,True,True,False,True,49,5.217597011145401,0.2,0.133691219932562,False,False,True,False,2,0.8408629455890754,0.7358285614820921,0.352851642575873,0.41963038617271814,0.04713704208607026,0.04626853287410564,0.09257975221773532,False,False,0.012273085303604603
pi05_spatial_500,p3,r6p3v2_pi05_sp_500_P10_r2,r6p3v2_pi05_sp_500_P10_r2:eval:6:1,1,6,1,8,1,True,10,6839,6753,1,0,0.6147003745318352,True,False,True,False,True,49,4.530294148933517,0.16666666666666666,0.07854144925907643,False,False,True,False,2,1.2067143703170888,0.7358285614820921,0.3293988160341116,0.2729716527263658,0.046904386117154764,0.03871574597735956,0.08398632010611144,False,False,0.012273085303604603
pi05_spatial_500,p3,r6p3v2_pi05_sp_500_P10_r2,r6p3v2_pi05_sp_500_P10_r2:eval:6:1,1,6,1,10,1,True,10,6603,6603,4,1,0.3923220973782771,False,False,True,True,False,49,3.715880730668443,0.5,0.07451439657208701,False,False,True,False,2,1.2196358589068401,0.7358285614820921,0.062270450804653474,0.05105659230162886,0.003940390197144586,0.012870967380890502,0.016434885942802777,False,False,0.012273085303604603
pi05_spatial_500,p3,r6p3v2_pi05_sp_500_P10_r2,r6p3v2_pi05_sp_500_P10_r2:eval:6:1,1,6,1,12,1,True,10,6882,7218,3,1,0.4176029962546816,False,False,True,False,False,49,3.8654040968578065,0.5,0.20054231837083447,False,False,True,False,2,0.8126833963262245,0.7358285614820921,0.3127270094881457,0.3848079226201047,0.017648938797480206,0.06197867047463668,0.07909522949459244,False,False,0.012273085303604603
pi05_spatial_500,p3,r6p3v2_pi05_sp_500_P10_r2,r6p3v2_pi05_sp_500_P10_r2:eval:6:1,1,6,1,14,1,True,10,7139,6564,4,1,0.18867041198501874,False,False,True,False,False,49,2.5608390026941787,0.3333333333333333,0.190340134345802,False,False,True,False,2,0.8862309601464419,0.7358285614820921,0.3839836819021429,0.433277214597302,0.05827602262541531,0.0514702328834534,0.1015512597624864,False,False,0.012273085303604603
pi05_spatial_500,p3,r6p3v2_pi05_sp_500_P10_r2,r6p3v2_pi05_sp_500_P10_r2:eval:6:1,1,6,1,16,1,True,10,6483,6587,5,1,0.21956928838951315,False,False,True,False,False,49,2.8203855602373062,0.3333333333333333,0.16956498319796492,False,False,True,False,2,1.004814745811768,0.7358285614820921,0.3803232677579659,0.378500882220544,0.050663401012621394,0.05226515325442955,0.10240408088469637,False,False,0.012273085303604603
pi05_spatial_500,p3,r6p3v2_pi05_sp_500_P10_r2,r6p3v2_pi05_sp_500_P10_r2:eval:6:1,1,6,1,18,1,True,10,6971,7244,6,1,0.12921348314606743,False,False,True,False,False,49,2.68399457665948,0.25,0.21285863641241679,False,False,True,False,2,0.9565926777607978,0.7358285614820921,0.372454378565792,0.38935524724863785,0.053992120302986245,0.04884434673149639,0.09730517515226726,False,False,0.012273085303604603
pi05_spatial_500,p3,r6p3v2_pi05_sp_500_P10_r2,r6p3v2_pi05_sp_500_P10_r2:eval:6:1,1,6,1,20,1,True,7,6973,6613,6,1,0.12921348314606743,False,False,True,False,False,49,2.68399457665948,0.25,0.1675354875290547,False,False,False,False,2,,0.7358285614820921,,,0.04059663479118811,0.011728193177481994,0.05184852897038432,False,True,0.012273085303604603
pi05_spatial_500,p3,r6p3v2_pi05_sp_500_P10_r2,r6p3v2_pi05_sp_500_P10_r2:eval:7:0,1,7,0,0,1,True,10,7945,7945,0,0,0.3665675160568904,False,False,True,False,False,41,3.954035191328113,1.0,0.02917416465843041,False,False,True,False,2,1.2643593385317953,0.644949401716119,0.18013812139214042,0.14247383311244505,0.017085949236516976,0.039448844027947266,0.05639204558922902,False,False,0.015772248540694516
pi05_spatial_500,p3,r6p3v2_pi05_sp_500_P10_r2,r6p3v2_pi05_sp_500_P10_r2:eval:7:0,1,7,0,2,1,True,10,7806,7529,1,0,0.6254706899780768,True,True,True,False,True,41,7.234617275975115,0.16666666666666666,0.07310254008846709,False,False,True,False,2,1.0470063334052617,0.644949401716119,0.45833155559516814,0.43775432962711897,0.049984749360821,0.06033114895412311,0.10923001592313591,False,False,0.015772248540694516
pi05_spatial_500,p3,r6p3v2_pi05_sp_500_P10_r2,r6p3v2_pi05_sp_500_P10_r2:eval:7:0,1,7,0,4,1,True,10,7483,8406,1,0,0.6524506725716362,True,True,True,False,True,41,8.289478515281758,0.16666666666666666,0.08759171266121693,False,False,True,False,2,1.173419896907535,0.644949401716119,0.41537090996472964,0.35398318288228303,0.06037892463019194,0.04605378401631389,0.10617797333046003,False,False,0.015772248540694516
pi05_spatial_500,p3,r6p3v2_pi05_sp_500_P10_r2,r6p3v2_pi05_sp_500_P10_r2:eval:7:0,1,7,0,6,1,True,10,8070,8311,2,1,0.5453316587897016,True,False,True,True,False,3,9.551661449438344,0.5,0.0897301257708477,False,True,True,False,2,0.5649035447885477,0.644949401716119,0.02040067946081909,0.03611356248163638,0.004151186211763105,0.00598489779050382,0.006029604502707206,True,False,0.015772248540694516
pi05_spatial_500,p3,r6p3v2_pi05_sp_500_P10_r2,r6p3v2_pi05_sp_500_P10_r2:eval:7:0,1,7,0,8,1,True,10,8362,7346,3,1,0.4965936257174648,False,False,True,False,False,3,7.10679998869255,0.5,0.14649030297932722,False,False,True,False,2,1.013529453014987,0.644949401716119,0.12975814974167582,0.12802602761634505,0.011668532978886906,0.03003299210190784,0.04064976927508075,False,False,0.015772248540694516
pi05_spatial_500,p3,r6p3v2_pi05_sp_500_P10_r2,r6p3v2_pi05_sp_500_P10_r2:eval:7:0,1,7,0,10,1,True,10,7348,7512,5,1,0.22827995725507044,False,False,True,False,False,41,4.500357082638205,0.25,0.2046557516251153,False,False,True,False,2,0.9320923675465902,0.644949401716119,0.35998764860587656,0.38621456535838733,0.03885325340442431,0.060136884442190876,0.09873548388674397,False,False,0.015772248540694516
pi05_spatial_500,p3,r6p3v2_pi05_sp_500_P10_r2,r6p3v2_pi05_sp_500_P10_r2:eval:7:0,1,7,0,12,1,True,10,8316,8316,6,1,0.2039847528395633,False,False,True,False,False,41,3.1548481830658353,0.3333333333333333,0.29707166255465706,False,False,True,False,2,1.0457806999915067,0.644949401716119,0.39303151392819974,0.37582593934980035,0.06364255492953752,0.05578236658436222,0.11850159584493286,False,False,0.015772248540694516
pi05_spatial_500,p3,r6p3v2_pi05_sp_500_P10_r2,r6p3v2_pi05_sp_500_P10_r2:eval:7:0,1,7,0,14,1,True,10,8318,8319,6,1,0.2039847528395633,False,False,True,False,False,41,3.1548481830658353,0.3333333333333333,0.321726619150012,True,False,True,False,2,1.0207309700225888,0.644949401716119,0.3034945702849751,0.29733061815324247,0.0532147361781665,0.05382811332491209,0.10680750845947405,False,False,0.015772248540694516
pi05_spatial_500,p3,r6p3v2_pi05_sp_500_P10_r2,r6p3v2_pi05_sp_500_P10_r2:eval:7:0,1,7,0,16,1,True,10,8320,8320,7,1,0.2807537649689879,False,False,True,False,False,41,3.611764055887177,0.5,0.28622378433260093,False,False,True,False,2,1.0097986147973081,0.644949401716119,0.3031662627089366,0.30022447868953517,0.053243325023970015,0.05281123325493396,0.1051962086722958,False,False,0.015772248540694516
pi05_spatial_500,p3,r6p3v2_pi05_sp_500_P10_r2,r6p3v2_pi05_sp_500_P10_r2:eval:7:0,1,7,0,18,1,True,10,8322,8323,8,1,0.1379295149331835,False,False,True,False,False,41,4.139566963369723,0.2,0.1845752420057051,False,False,True,False,2,1.0704547693959185,0.644949401716119,0.35776402033422144,0.3342168492893125,0.05193400218946076,0.04961785122982207,0.099947365399042,False,False,0.015772248540694516
pi05_spatial_500,p3,r6p3v2_pi05_sp_500_P10_r2,r6p3v2_pi05_sp_500_P10_r2:eval:7:0,1,7,0,20,1,True,10,8169,8013,10,3,0.31357151513148473,False,False,True,False,False,2,5.821440138806918,0.25,0.10781303266275144,False,False,True,False,2,0.9274331087828556,0.644949401716119,0.27844786314303016,0.3002349824543783,0.039660808307613614,0.027727861724689256,0.0664272129408546,False,False,0.015772248540694516
pi05_spatial_500,p3,r6p3v2_pi05_sp_500_P10_r2,r6p3v2_pi05_sp_500_P10_r2:eval:7:0,1,7,0,22,1,True,4,8278,8171,10,3,0.3597723942668914,False,False,True,False,False,2,5.425509610146826,0.3333333333333333,0.08073106406154812,False,False,False,False,2,,0.644949401716119,,,0.02088841325462472,0.0,0.02088841325462472,False,True,0.015772248540694516
pi05_spatial_500,p3,r6p3v2_pi05_sp_500_P10_r2,r6p3v2_pi05_sp_500_P10_r2:eval:7:1,1,7,1,0,1,True,10,7337,8279,0,0,0.41443522710998004,False,False,True,False,False,41,4.524967225211674,1.0,0.011850070230343556,False,False,True,False,2,1.1841323169080058,0.644949401716119,0.18693993701704678,0.15787081760016689,0.018786222432223606,0.042399984364115385,0.06081473817671336,False,False,0.012016253701100746
pi05_spatial_500,p3,r6p3v2_pi05_sp_500_P10_r2,r6p3v2_pi05_sp_500_P10_r2:eval:7:1,1,7,1,2,1,True,10,7900,8281,2,0,0.5896266428705204,True,True,True,False,True,41,5.9153057213713796,0.2,0.03794732435501852,False,False,True,False,2,1.1299013733266399,0.644949401716119,0.4373319461385919,0.3870532034588163,0.0477840986289472,0.05783058365750167,0.10262005437004347,False,False,0.012016253701100746
pi05_spatial_500,p3,r6p3v2_pi05_sp_500_P10_r2,r6p3v2_pi05_sp_500_P10_r2:eval:7:1,1,7,1,4,1,True,10,8283,8068,1,0,0.7321964063412323,True,True,True,True,True,41,7.5723994703108115,0.25,0.04859468309540604,False,False,True,False,2,0.9637721423575824,0.644949401716119,0.44301446383065685,0.4596672225314103,0.06008478757520148,0.04747607229002273,0.10631318933358933,False,False,0.012016253701100746
pi05_spatial_500,p3,r6p3v2_pi05_sp_500_P10_r2,r6p3v2_pi05_sp_500_P10_r2:eval:7:1,1,7,1,6,1,True,10,7637,7509,2,1,0.9401097266748191,True,True,True,True,True,41,8.626688686456028,1.0,0.09654232326541955,False,True,True,False,2,0.30470714617323863,0.644949401716119,0.03401365781909981,0.11162737154763556,0.010847928065486678,0.007435559470409706,0.010240587302674862,True,False,0.012016253701100746
pi05_spatial_500,p3,r6p3v2_pi05_sp_500_P10_r2,r6p3v2_pi05_sp_500_P10_r2:eval:7:1,1,7,1,8,1,True,10,8150,8072,3,1,0.5609974551343491,True,True,True,False,True,2,1.0544154241543298,0.5,0.1054672755866728,False,False,True,False,2,1.5472736559992517,0.644949401716119,0.24579225837967594,0.15885506576465283,0.0199643127415137,0.04299771512461914,0.060498488124316914,False,False,0.012016253701100746
pi05_spatial_500,p3,r6p3v2_pi05_sp_500_P10_r2,r6p3v2_pi05_sp_500_P10_r2:eval:7:1,1,7,1,10,1,True,10,8074,8074,4,1,0.44350398254949264,False,False,True,False,False,3,6.184413538446458,0.5,0.08498668933283215,False,False,True,False,2,1.080190953266027,0.644949401716119,0.47252185815849773,0.4374428953786342,0.06524465064941846,0.06851802325159388,0.1335281681862842,False,False,0.012016253701100746
pi05_spatial_500,p3,r6p3v2_pi05_sp_500_P10_r2,r6p3v2_pi05_sp_500_P10_r2:eval:7:1,1,7,1,12,1,True,10,7645,8292,5,1,0.2521025437639775,False,False,True,False,False,41,6.405545853542774,0.16666666666666666,0.19993508600979026,False,False,True,False,2,1.1411219237104937,0.644949401716119,0.3776712758985601,0.33096487592712004,0.0628848576368518,0.06013012673898109,0.12262394848284314,False,False,0.012016253701100746
pi05_spatial_500,p3,r6p3v2_pi05_sp_500_P10_r2,r6p3v2_pi05_sp_500_P10_r2:eval:7:1,1,7,1,14,1,True,10,7647,7794,5,1,0.2521025437639775,False,False,True,False,False,41,6.405545853542774,0.16666666666666666,0.15742054154464996,False,False,True,False,2,1.0507549782696675,0.644949401716119,0.3207969147686403,0.3053013513168533,0.05850808893528167,0.05579439089604824,0.11348730632747282,False,False,0.012016253701100746
pi05_spatial_500,p3,r6p3v2_pi05_sp_500_P10_r2,r6p3v2_pi05_sp_500_P10_r2:eval:7:1,1,7,1,16,1,True,10,7424,8107,6,1,0.2545526654988928,False,False,True,False,False,41,5.866314087769139,0.2,0.15311339729576423,False,False,True,False,2,1.021501981966867,0.644949401716119,0.35485616125904784,0.34738665956945525,0.053945161966080075,0.055448047358181714,0.10744174645881735,False,False,0.012016253701100746
pi05_spatial_500,p3,r6p3v2_pi05_sp_500_P10_r2,r6p3v2_pi05_sp_500_P10_r2:eval:7:1,1,7,1,18,1,True,10,7426,8109,7,1,0.10572760022474138,False,False,True,False,False,41,3.6415202902749564,0.2,0.12482308536316711,False,False,True,False,2,1.0534963880019153,0.644949401716119,0.363328887002957,0.34487910081215817,0.05177452259436888,0.0394627164926292,0.0903596968407817,False,False,0.012016253701100746
pi05_spatial_500,p3,r6p3v2_pi05_sp_500_P10_r2,r6p3v2_pi05_sp_500_P10_r2:eval:7:1,1,7,1,20,1,True,10,7524,7524,7,1,0.14853422348547443,False,False,True,False,False,41,4.716689653149994,0.16666666666666666,0.12859588935833474,False,False,True,False,2,1.1006652849813363,0.644949401716119,0.2411791094596391,0.2191212103720785,0.030881285520184522,0.025360758424899082,0.055646401269423655,False,False,0.012016253701100746
pi05_spatial_500,p3,r6p3v2_pi05_sp_500_P10_r2,r6p3v2_pi05_sp_500_P10_r2:eval:7:1,1,7,1,22,1,True,3,7526,7526,8,1,0.4109539390333918,False,False,True,False,False,41,4.499198850101072,1.0,0.10242355107932798,False,False,False,False,2,,0.644949401716119,,,0.01047623769658338,0.0,0.01047623769658338,False,True,0.012016253701100746
pi05_spatial_500,p3,r6p3v2_pi05_sp_500_P10_r2,r6p3v2_pi05_sp_500_P10_r2:eval:8:0,1,8,0,0,1,True,10,9547,9258,0,0,0.6270772238514174,True,True,True,False,False,32,8.593281189575777,1.0,0.016421483198772253,False,False,True,False,2,0.6970267262544362,0.6559362958083634,0.1975186303444573,0.28337310881298533,0.009749233416254787,0.04579975022662448,0.055441900868772494,False,False,0.017527397722005844
pi05_spatial_500,p3,r6p3v2_pi05_sp_500_P10_r2,r6p3v2_pi05_sp_500_P10_r2:eval:8:0,1,8,0,2,1,True,10,8994,8717,1,0,0.2653958944281525,False,False,False,False,False,32,4.419260500228879,0.2,0.023521002582090472,False,False,True,False,2,0.9891287907266886,0.6559362958083634,0.43043642361877155,0.4351672175091987,0.05929729638912791,0.06148492217138764,0.12075957323005622,False,False,0.017527397722005844
pi05_spatial_500,p3,r6p3v2_pi05_sp_500_P10_r2,r6p3v2_pi05_sp_500_P10_r2:eval:8:0,1,8,0,4,1,True,10,8699,9224,1,0,0.290811339198436,False,False,True,False,False,32,3.934954390214078,0.25,0.10119179560816509,False,False,True,False,2,1.0204233153417015,0.6559362958083634,0.44910434004280564,0.44011571794830795,0.06250701808347338,0.06336188965903611,0.12508751951539365,False,False,0.017527397722005844
pi05_spatial_500,p3,r6p3v2_pi05_sp_500_P10_r2,r6p3v2_pi05_sp_500_P10_r2:eval:8:0,1,8,0,6,1,True,10,9226,9226,2,0,0.5791788856304986,True,True,True,False,True,32,3.2872201429838723,0.25,0.13063070659643594,False,False,True,False,2,1.0025830920722973,0.6559362958083634,0.43042793498182397,0.4293189645679616,0.0625556816543379,0.05448702811387476,0.1142635110638518,False,False,0.017527397722005844
pi05_spatial_500,p3,r6p3v2_pi05_sp_500_P10_r2,r6p3v2_pi05_sp_500_P10_r2:eval:8:0,1,8,0,8,1,True,10,8982,9228,2,0,0.5728250244379277,True,True,True,True,True,32,2.6024286233005185,0.3333333333333333,0.09646795295205578,False,False,True,False,2,0.8485565534813814,0.6559362958083634,0.32330109521242895,0.38100123543447795,0.043592489665492486,0.04359723104288522,0.08530933024430834,False,False,0.017527397722005844
pi05_spatial_500,p3,r6p3v2_pi05_sp_500_P10_r2,r6p3v2_pi05_sp_500_P10_r2:eval:8:0,1,8,0,10,1,True,10,9230,9230,3,1,0.25219941348973607,False,False,True,True,False,32,2.7343163184433403,0.3333333333333333,0.1067318236289281,False,False,True,False,2,0.7783066596552272,0.6559362958083634,0.13671075108504976,0.1756515242277506,0.031859949455396226,0.007356390634749165,0.036774011511196115,False,False,0.017527397722005844
pi05_spatial_500,p3,r6p3v2_pi05_sp_500_P10_r2,r6p3v2_pi05_sp_500_P10_r2:eval:8:0,1,8,0,12,1,True,10,9535,9534,4,1,0.22238514173998045,False,False,True,False,False,3,3.0791551275236198,0.25,0.15109933513997123,False,True,True,False,2,0.5817120016046546,0.6559362958083634,0.21301255300353644,0.366182152707767,0.01512591966835869,0.04279431940756501,0.05585464954445164,True,False,0.017527397722005844
pi05_spatial_500,p3,r6p3v2_pi05_sp_500_P10_r2,r6p3v2_pi05_sp_500_P10_r2:eval:8:0,1,8,0,14,1,True,10,9601,9459,4,1,0.22873900293255134,False,False,True,False,False,32,2.5206015147268865,0.3333333333333333,0.13548236514695466,False,False,True,False,2,1.205063358380727,0.6559362958083634,0.44832490726678514,0.3720343035483298,0.07055275765175056,0.0578532166925786,0.1229725379235132,False,False,0.017527397722005844
pi05_spatial_500,p3,r6p3v2_pi05_sp_500_P10_r2,r6p3v2_pi05_sp_500_P10_r2:eval:8:0,1,8,0,16,1,True,10,9236,9236,5,1,0.1994134897360704,False,False,True,False,False,32,2.2043552400829407,0.3333333333333333,0.14859609504398208,False,False,True,False,2,0.9782527959226919,0.6559362958083634,0.2710422303936827,0.2770676777243806,0.04114265315998887,0.04022134092481674,0.07130010128956407,False,False,0.017527397722005844
pi05_spatial_500,p3,r6p3v2_pi05_sp_500_P10_r2,r6p3v2_pi05_sp_500_P10_r2:eval:8:0,1,8,0,18,1,True,4,9161,9238,5,1,0.27663734115347016,False,False,True,False,False,32,2.256076363305897,0.5,0.12515800764029994,False,False,False,False,2,,0.6559362958083634,,,0.04309728493278798,0.0,0.04309728493278798,False,True,0.017527397722005844
pi05_spatial_500,p3,r6p3v2_pi05_sp_500_P10_r2,r6p3v2_pi05_sp_500_P10_r2:eval:8:1,1,8,1,0,1,True,10,9057,9393,0,0,0.6192570869990225,True,True,True,False,False,32,7.222310106295185,1.0,0.017759544326735925,False,False,True,False,2,1.273293885878489,0.6559362958083634,0.33599863188607276,0.26388144607657155,0.035348822726070935,0.05902388865521771,0.09426979472323468,False,False,0.01615809742361307
pi05_spatial_500,p3,r6p3v2_pi05_sp_500_P10_r2,r6p3v2_pi05_sp_500_P10_r2:eval:8:1,1,8,1,2,1,True,10,8977,9040,1,0,0.1832844574780059,False,False,True,False,False,32,2.761930232528986,0.25,0.06718022214941889,False,False,True,False,2,1.0231512302474226,0.6559362958083634,0.4563834476700644,0.44605668661484177,0.06365362810526565,0.0642735537324669,0.12790432418423042,False,False,0.01615809742361307
pi05_spatial_500,p3,r6p3v2_pi05_sp_500_P10_r2,r6p3v2_pi05_sp_500_P10_r2:eval:8:1,1,8,1,4,1,True,10,9591,9041,1,0,0.16177908113391984,False,False,True,False,False,32,2.9613473404008475,0.2,0.11623901624122468,False,False,True,False,2,1.0107357473857352,0.6559362958083634,0.44075699782686795,0.43607540246487225,0.0638353008370387,0.06031031318027018,0.12278622959173666,False,False,0.01615809742361307
pi05_spatial_500,p3,r6p3v2_pi05_sp_500_P10_r2,r6p3v2_pi05_sp_500_P10_r2:eval:8:1,1,8,1,6,1,True,10,9043,9043,2,0,0.6378299120234604,True,True,True,False,True,32,4.212227346441196,0.25,0.09635896118730025,False,False,True,False,2,1.0269667651063843,0.6559362958083634,0.36746868665557136,0.3578194535024753,0.048271822685732414,0.05180554681021483,0.0977685830980658,False,False,0.01615809742361307
pi05_spatial_500,p3,r6p3v2_pi05_sp_500_P10_r2,r6p3v2_pi05_sp_500_P10_r2:eval:8:1,1,8,1,8,1,True,10,9045,9046,2,0,0.6378299120234604,True,True,True,False,True,32,4.212227346441196,0.25,0.06426137521052686,False,False,True,False,2,0.9810972629157638,0.6559362958083634,0.40895845992299124,0.41683783594257573,0.0548875007506906,0.0545521688460048,0.10874717653940572,False,False,0.01615809742361307
pi05_spatial_500,p3,r6p3v2_pi05_sp_500_P10_r2,r6p3v2_pi05_sp_500_P10_r2:eval:8:1,1,8,1,10,1,True,10,9047,9047,3,1,0.3333333333333333,False,False,True,True,False,32,2.7588403038487512,0.5,0.07799534315690013,False,False,True,False,2,0.8268770064230332,0.6559362958083634,0.09935630391933856,0.12015850380111734,0.02900348306926456,0.003095686709858325,0.026430712776284705,False,False,0.01615809742361307
pi05_spatial_500,p3,r6p3v2_pi05_sp_500_P10_r2,r6p3v2_pi05_sp_500_P10_r2:eval:8:1,1,8,1,12,1,True,10,9049,9049,4,1,0.2771260997067449,False,False,True,False,False,32,3.60622261701873,0.25,0.17268134742795946,False,False,True,False,2,0.8459503032152811,0.6559362958083634,0.21286228868821558,0.2516250515889294,0.01506206770733715,0.04290822405360516,0.05592212882873053,False,False,0.01615809742361307
pi05_spatial_500,p3,r6p3v2_pi05_sp_500_P10_r2,r6p3v2_pi05_sp_500_P10_r2:eval:8:1,1,8,1,14,1,True,10,8875,8874,5,1,0.2101661779081134,False,False,True,False,False,32,2.355246120395303,0.3333333333333333,0.23798625319173805,False,False,True,False,2,1.1388864572754491,0.6559362958083634,0.46903287170761704,0.41183462030945683,0.06623115105142907,0.06427462257679355,0.12666953365450787,False,False,0.01615809742361307
pi05_spatial_500,p3,r6p3v2_pi05_sp_500_P10_r2,r6p3v2_pi05_sp_500_P10_r2:eval:8:1,1,8,1,16,1,True,10,8877,8876,5,1,0.2101661779081134,False,False,True,False,False,32,2.355246120395303,0.3333333333333333,0.18555910356912314,False,False,True,False,2,1.0560387708476773,0.6559362958083634,0.3397583379799209,0.32172903813673287,0.051908060815754706,0.05230128529636576,0.090809099768433,False,False,0.01615809742361307
pi05_spatial_500,p3,r6p3v2_pi05_sp_500_P10_r2,r6p3v2_pi05_sp_500_P10_r2:eval:8:1,1,8,1,18,1,True,6,8878,9256,6,1,0.35923753665689145,False,False,True,False,False,32,2.3378487065412594,1.0,0.1631416660785846,False,False,False,False,2,,0.6559362958083634,,,0.052579249741028906,0.00810085930325332,0.06060995929758222,False,True,0.01615809742361307
pi05_spatial_500,p3,r6p3v2_pi05_sp_500_P10_r2,r6p3v2_pi05_sp_500_P10_r2:eval:9:0,1,9,0,0,1,True,10,10324,10570,0,0,0.6202833214213719,True,False,True,False,False,13,5.958159811771115,1.0,0.008993587096896924,False,False,True,False,2,0.9794961019576992,0.7512171176292793,0.28487793092769037,0.2908413115257024,0.03269147161456536,0.06174477031747606,0.09376930815273805,False,False,0.01676258398219943
pi05_spatial_500,p3,r6p3v2_pi05_sp_500_P10_r2,r6p3v2_pi05_sp_500_P10_r2:eval:9:0,1,9,0,2,1,True,10,10473,9906,1,0,0.3877251818864882,False,False,True,False,False,13,3.5170468673846966,0.5,0.04811145309967148,False,False,True,False,2,1.0358183533434293,0.7512171176292793,0.3685213307196571,0.3557779503811056,0.06288375813575323,0.05978131050322937,0.12189477885802179,False,False,0.01676258398219943
pi05_spatial_500,p3,r6p3v2_pi05_sp_500_P10_r2,r6p3v2_pi05_sp_500_P10_r2:eval:9:0,1,9,0,4,1,True,10,10475,10574,2,0,0.11366531053567175,False,False,True,False,False,13,2.3822337653390164,0.25,0.12149377919294725,False,False,True,False,2,1.2028564586638735,0.7512171176292793,0.3617462444036286,0.3007393291178354,0.06065844414231611,0.055978611049164836,0.11491351542823444,False,False,0.01676258398219943
pi05_spatial_500,p3,r6p3v2_pi05_sp_500_P10_r2,r6p3v2_pi05_sp_500_P10_r2:eval:9:0,1,9,0,6,1,True,10,9718,10120,2,0,0.6881196510711604,True,False,True,False,True,33,3.808679333799715,0.3333333333333333,0.158591146366133,False,False,True,False,2,0.7532715468201137,0.7512171176292793,0.2445279210244579,0.32462121004930616,0.0366117278577022,0.048064428106921867,0.07453779454283845,False,False,0.01676258398219943
pi05_spatial_500,p3,r6p3v2_pi05_sp_500_P10_r2,r6p3v2_pi05_sp_500_P10_r2:eval:9:0,1,9,0,8,1,True,10,10169,10122,2,0,0.7147153957520113,True,True,True,True,True,33,4.068153219005071,0.3333333333333333,0.16311692938701977,False,True,True,False,2,0.7197088543918008,0.7512171176292793,0.1862890428365837,0.25883944834055106,0.05542887490099822,0.0016151479704796595,0.055804243302914454,True,False,0.01676258398219943
pi05_spatial_500,p3,r6p3v2_pi05_sp_500_P10_r2,r6p3v2_pi05_sp_500_P10_r2:eval:9:0,1,9,0,10,1,True,10,10673,10124,3,1,0.30882447266663005,False,False,True,True,False,13,2.8185122832885035,0.5,0.24345806772415726,False,False,True,False,2,0.7762624511634831,0.7512171176292793,0.18203207652900566,0.23449810854070174,0.014595878563744825,0.04219073806063904,0.055903226741574226,False,False,0.01676258398219943
pi05_spatial_500,p3,r6p3v2_pi05_sp_500_P10_r2,r6p3v2_pi05_sp_500_P10_r2:eval:9:0,1,9,0,12,1,True,10,10151,9939,5,1,0.2271404878406363,False,False,True,False,False,33,3.388925160361758,0.25,0.17793255009517098,False,False,True,False,2,1.1149133997516505,0.7512171176292793,0.2932815121505575,0.26305317723859684,0.05651489071935066,0.06048043772943615,0.11627010281898793,False,False,0.01676258398219943
pi05_spatial_500,p3,r6p3v2_pi05_sp_500_P10_r2,r6p3v2_pi05_sp_500_P10_r2:eval:9:0,1,9,0,14,1,True,10,10153,10129,5,1,0.2271404878406363,False,False,True,False,False,33,3.388925160361758,0.25,0.2210101076194725,False,False,True,False,2,1.0012580425553348,0.7512171176292793,0.24515190298516346,0.24484387896601095,0.05748700237821438,0.0566694953158872,0.11348672003007951,False,False,0.01676258398219943
pi05_spatial_500,p3,r6p3v2_pi05_sp_500_P10_r2,r6p3v2_pi05_sp_500_P10_r2:eval:9:0,1,9,0,16,1,True,10,10155,10131,6,1,0.1526724027342533,False,False,True,False,False,33,2.7750165935256033,0.25,0.20272504302954594,False,False,True,False,2,0.8937157372229254,0.7512171176292793,0.29700987566691,0.3323314822561135,0.0596740631908824,0.0691723965274706,0.1275606579233434,False,False,0.01676258398219943
pi05_spatial_500,p3,r6p3v2_pi05_sp_500_P10_r2,r6p3v2_pi05_sp_500_P10_r2:eval:9:0,1,9,0,18,1,True,10,10156,9921,6,1,0.1526724027342533,False,False,True,False,False,33,2.7750165935256033,0.25,0.1960888397978974,False,False,True,False,2,1.1409959147864261,0.7512171176292793,0.4788113988057624,0.41964339451240473,0.0811289622118538,0.08222299517509263,0.16209212828984798,False,False,0.01676258398219943
pi05_spatial_500,p3,r6p3v2_pi05_sp_500_P10_r2,r6p3v2_pi05_sp_500_P10_r2:eval:9:0,1,9,0,20,1,True,10,10342,10708,7,1,0.42439226089028165,True,False,True,False,True,13,0.0,0.25,0.26807490713769055,False,False,True,False,2,1.080929779860511,0.7512171176292793,0.4144068921272853,0.38338003064432413,0.06603706457426678,0.06371123027625339,0.12862360803464354,False,False,0.01676258398219943
pi05_spatial_500,p3,r6p3v2_pi05_sp_500_P10_r2,r6p3v2_pi05_sp_500_P10_r2:eval:9:0,1,9,0,22,1,True,8,9972,10446,7,1,0.30692772188318945,False,False,True,False,False,33,4.1004100850051355,0.25,0.2309104154885746,False,False,False,False,2,,0.7512171176292793,,,0.04138176441909297,0.02066316526009084,0.05897543029304315,False,True,0.01676258398219943
pi05_spatial_500,p3,r6p3v2_pi05_sp_500_P10_r2,r6p3v2_pi05_sp_500_P10_r2:eval:9:1,1,9,1,0,1,True,10,10346,9712,0,0,0.6273755200029322,True,True,True,False,False,13,6.882426146470389,1.0,0.014070483830632387,False,False,True,False,2,1.0486868066405612,0.7512171176292793,0.25140338054293787,0.2397316138154742,0.021719917609709795,0.05877687574054667,0.08036605313192803,False,False,0.012864087087412676
pi05_spatial_500,p3,r6p3v2_pi05_sp_500_P10_r2,r6p3v2_pi05_sp_500_P10_r2:eval:9:1,1,9,1,2,1,True,10,9714,9714,1,0,0.21384261550021075,False,False,True,False,False,33,3.300039407741912,0.25,0.031645246106541014,False,False,True,False,2,0.9807972250457787,0.7512171176292793,0.3903236811805736,0.39796572748496023,0.06270614784139349,0.061197205968087316,0.12367652177542807,False,False,0.012864087087412676
pi05_spatial_500,p3,r6p3v2_pi05_sp_500_P10_r2,r6p3v2_pi05_sp_500_P10_r2:eval:9:1,1,9,1,4,1,True,10,9954,9931,2,0,0.22359438854985614,False,False,True,False,False,33,3.361421138942703,0.25,0.16075621868415887,False,False,True,False,2,1.0145612085715514,0.7512171176292793,0.36134765768258464,0.3561615155692214,0.061347122107063605,0.062470801929254534,0.12271982061301367,False,False,0.012864087087412676
pi05_spatial_500,p3,r6p3v2_pi05_sp_500_P10_r2,r6p3v2_pi05_sp_500_P10_r2:eval:9:1,1,9,1,6,1,True,10,10477,9933,2,0,0.11366531053567175,False,True,True,False,False,13,2.3822337653390164,0.25,0.29200010953387195,False,False,True,False,2,1.0699902638098815,0.7512171176292793,0.2707249923328962,0.253016313783019,0.05457180857525421,0.044350115164144874,0.08626266028674945,False,False,0.012864087087412676
pi05_spatial_500,p3,r6p3v2_pi05_sp_500_P10_r2,r6p3v2_pi05_sp_500_P10_r2:eval:9:1,1,9,1,8,1,True,10,10478,10554,3,0,0.580987593234006,True,True,True,False,True,13,1.8431046508993876,0.5,0.3149459328712107,False,False,True,False,2,1.443778623283821,0.7512171176292793,0.295601324454522,0.2047414469831862,0.05937484094059336,0.02909897598595664,0.08812144183885388,False,False,0.012864087087412676
pi05_spatial_500,p3,r6p3v2_pi05_sp_500_P10_r2,r6p3v2_pi05_sp_500_P10_r2:eval:9:1,1,9,1,10,1,True,10,10482,10603,6,1,0.08690921252771822,False,True,True,True,False,13,2.66924024563501,0.2,0.31332470682929703,False,False,True,False,2,0.7920841301416053,0.7512171176292793,0.15733359818618076,0.19863243334777247,0.014637042829110755,0.03701684102586478,0.047627599685570024,False,False,0.012864087087412676
pi05_spatial_500,p3,r6p3v2_pi05_sp_500_P10_r2,r6p3v2_pi05_sp_500_P10_r2:eval:9:1,1,9,1,12,1,True,10,10484,10725,6,1,0.08690921252771822,False,False,True,False,False,13,2.66924024563501,0.2,0.27938261014968874,False,False,True,False,2,1.021154414947512,0.7512171176292793,0.33236502153731223,0.325479689136335,0.06324618660223608,0.06357524269444423,0.12565369346290117,False,False,0.012864087087412676
pi05_spatial_500,p3,r6p3v2_pi05_sp_500_P10_r2,r6p3v2_pi05_sp_500_P10_r2:eval:9:1,1,9,1,14,1,True,10,9724,9846,4,1,0.38683865706379317,False,False,True,False,False,33,3.5135715593813335,0.5,0.24416479605378494,False,False,True,False,2,0.9344063887327659,0.7512171176292793,0.2484076779119786,0.2658454403858122,0.05935103942847627,0.05709500648318833,0.11525662953478923,False,False,0.012864087087412676
pi05_spatial_500,p3,r6p3v2_pi05_sp_500_P10_r2,r6p3v2_pi05_sp_500_P10_r2:eval:9:1,1,9,1,16,1,True,10,10562,10438,4,1,0.2012709146553778,False,False,True,False,False,33,3.6364260968831417,0.2,0.3035617627381229,False,False,True,False,2,1.1167641179727208,0.7512171176292793,0.28080798085136116,0.25144788978456456,0.05914771823627812,0.06397360659237401,0.12212728767071634,False,False,0.012864087087412676
pi05_spatial_500,p3,r6p3v2_pi05_sp_500_P10_r2,r6p3v2_pi05_sp_500_P10_r2:eval:9:1,1,9,1,18,1,True,10,10565,9778,5,1,0.18470183444206204,False,False,True,False,False,33,3.6918694086843464,0.16666666666666666,0.33484024004981944,False,False,True,False,2,0.9619121996454401,0.7512171176292793,0.46421802995058886,0.48259917082005943,0.07726525081507381,0.08127943437430867,0.1575657191589993,False,False,0.012864087087412676
pi05_spatial_500,p3,r6p3v2_pi05_sp_500_P10_r2,r6p3v2_pi05_sp_500_P10_r2:eval:9:1,1,9,1,20,1,True,10,10342,10443,7,1,0.42439226089028165,True,False,True,False,True,13,0.0,0.25,0.28349343089127144,False,False,True,False,2,1.002290291683118,0.7512171176292793,0.38425808273998235,0.38338003064432413,0.06732717624378906,0.05609430251898765,0.12174386805268583,False,False,0.012864087087412676
pi05_spatial_500,p3,r6p3v2_pi05_sp_500_P10_r2,r6p3v2_pi05_sp_500_P10_r2:eval:9:1,1,9,1,22,1,True,10,9948,10445,6,1,0.18115573515128192,False,False,True,False,False,33,3.6730711163614904,0.16666666666666666,0.10268020783057556,False,False,False,False,2,,0.7512171176292793,,,0.05504666350727997,0.03498525493285709,0.08931670811336152,False,True,0.012864087087412676
pi05_spatial_500,cal,r6c_cal_pi05_spatial_500,r6c_cal_pi05_spatial_500:eval:0:9,1,0,9,0,0,False,10,205,736,0,0,0.563769401330377,True,False,False,False,False,3,3.4668034282897175,1.0,0.0,False,False,True,False,1,1.1117080339390335,0.6709290922082054,0.37642751825631515,0.33860285863235795,0.02383423430932136,0.05958679281222459,0.08313830742238473,False,False,0.007266226351599802
pi05_spatial_500,cal,r6c_cal_pi05_spatial_500,r6c_cal_pi05_spatial_500:eval:0:9,1,0,9,2,0,False,10,827,738,1,0,0.4490360046457607,False,False,False,False,False,39,3.306173836235818,0.5,0.06360414898691395,False,False,True,False,1,1.0159852139743595,0.6709290922082054,0.5656243265287693,0.5567249589353216,0.06577245741568782,0.06915159098322639,0.1312159731247797,False,False,0.007266226351599802
pi05_spatial_500,cal,r6c_cal_pi05_spatial_500,r6c_cal_pi05_spatial_500:eval:0:9,1,0,9,4,0,False,10,354,922,2,0,0.48812585788195545,True,True,True,False,True,39,2.282633848452865,0.25,0.0784540173939072,False,False,True,False,1,1.0748392128868396,0.6709290922082054,0.4579288166575221,0.42604401771647443,0.05973769631129205,0.05958273488942404,0.11505160746540155,False,False,0.007266226351599802
pi05_spatial_500,cal,r6c_cal_pi05_spatial_500,r6c_cal_pi05_spatial_500:eval:0:9,1,0,9,6,0,False,10,57,666,2,0,0.6953985851546828,True,False,True,True,True,39,4.9013443609043,0.25,0.09094900689300747,False,False,True,False,1,0.914777385133493,0.6709290922082054,0.3354013255454309,0.36664802934157137,0.06130743418385517,0.028090247552763174,0.08927536416612374,False,False,0.007266226351599802
pi05_spatial_500,cal,r6c_cal_pi05_spatial_500,r6c_cal_pi05_spatial_500:eval:0:9,1,0,9,8,0,False,10,833,744,3,1,0.3969147925245486,False,False,False,True,False,39,2.8177688379570265,0.5,0.19179677764504433,False,False,True,False,1,0.6758019017191427,0.6709290922082054,0.08593522745309265,0.12716038122190218,0.002214095691976487,0.021050884091093652,0.02260332901914651,False,False,0.007266226351599802
pi05_spatial_500,cal,r6c_cal_pi05_spatial_500,r6c_cal_pi05_spatial_500:eval:0:9,1,0,9,10,0,False,10,685,61,4,1,0.37630873191848807,False,False,True,False,False,39,2.6453860809903738,0.5,0.174638678246132,False,False,True,False,1,0.6870778721424138,0.6709290922082054,0.28994014834773835,0.42199022862381036,0.03183172371024662,0.04500456096058435,0.07659781738146117,False,False,0.007266226351599802
pi05_spatial_500,cal,r6c_cal_pi05_spatial_500,r6c_cal_pi05_spatial_500:eval:0:9,1,0,9,12,0,False,10,595,595,8,1,0.18021117094287828,False,False,True,False,False,39,2.0191385250595046,0.3333333333333333,0.23286443608421692,False,False,True,False,1,1.068256913926942,0.6709290922082054,0.32421325930955897,0.30349745934968214,0.05142632323715093,0.0427021577200614,0.08729688103320192,False,False,0.007266226351599802
pi05_spatial_500,cal,r6c_cal_pi05_spatial_500,r6c_cal_pi05_spatial_500:eval:0:9,1,0,9,14,0,False,10,931,643,5,1,0.27085418646394255,False,False,True,False,False,39,2.0249112309833515,0.5,0.2181224630455666,False,False,True,False,1,0.7664519472627797,0.6709290922082054,0.3128669725796683,0.40820168008836855,0.044190339384235465,0.04860880452667917,0.08482006508356552,False,False,0.007266226351599802
pi05_spatial_500,cal,r6c_cal_pi05_spatial_500,r6c_cal_pi05_spatial_500:eval:0:9,1,0,9,16,0,False,10,49,363,6,1,0.2614232921549995,False,False,True,False,False,39,2.4936588650788702,0.3333333333333333,0.1763877852431572,False,False,False,False,1,,0.6709290922082054,0.345966291043704,,0.05307365542769653,0.039846430720073524,0.09102853305496302,False,False,0.007266226351599802
pi05_spatial_500,cal,r6c_cal_pi05_spatial_500,r6c_cal_pi05_spatial_500:eval:0:9,1,0,9,18,0,False,10,50,531,6,1,0.2614232921549995,False,False,True,False,False,39,2.4936588650788702,0.3333333333333333,0.27412506514073576,False,False,False,False,1,,0.6709290922082054,0.0715273210368142,,0.003254503916883324,0.018733219081954185,0.018718544520734126,False,False,0.007266226351599802
pi05_spatial_500,cal,r6c_cal_pi05_spatial_500,r6c_cal_pi05_spatial_500:eval:0:9,1,0,9,20,0,False,10,872,176,5,1,0.09903494879104635,False,False,False,False,False,39,1.9135234154748233,0.25,0.5431936350297091,True,False,False,False,1,,0.6709290922082054,0.053064850388635655,,0.009794648332673591,0.013783297971335498,0.01420448011285516,False,False,0.007266226351599802
pi05_spatial_500,cal,r6c_cal_pi05_spatial_500,r6c_cal_pi05_spatial_500:eval:0:9,1,0,9,22,0,False,10,872,176,5,1,0.09903494879104635,False,False,False,False,False,39,1.9135234154748233,0.25,1.1840875693313393,True,False,False,False,1,,0.6709290922082054,0.06080954527112876,,0.007480136218601471,0.009031509637731378,0.016107860381610814,False,False,0.007266226351599802
pi05_spatial_500,cal,r6c_cal_pi05_spatial_500,r6c_cal_pi05_spatial_500:eval:0:9,1,0,9,24,0,False,10,872,177,5,1,0.09903494879104635,False,False,False,False,False,39,1.9135234154748233,0.25,1.4677084622002834,True,False,False,False,1,,0.6709290922082054,0.034659517832789435,,0.007563437973233813,0.003525385081352714,0.00941068459181152,False,False,0.007266226351599802
pi05_spatial_500,cal,r6c_cal_pi05_spatial_500,r6c_cal_pi05_spatial_500:eval:0:9,1,0,9,26,0,False,10,872,176,5,1,0.09903494879104635,False,False,False,False,False,39,1.9135234154748233,0.25,1.5720330299522935,True,False,False,False,1,,0.6709290922082054,0.03692467982134518,,0.008345327931231918,0.0025192705155079437,0.009923260033005598,False,False,0.007266226351599802
pi05_spatial_500,cal,r6c_cal_pi05_spatial_500,r6c_cal_pi05_spatial_500:eval:0:9,1,0,9,28,0,False,10,872,180,5,1,0.09903494879104635,False,False,False,False,False,39,1.9135234154748233,0.25,1.6975110461094118,True,False,False,False,1,,0.6709290922082054,0.051510191555948145,,0.013296284933091474,0.0024933876679353313,0.013637804327729534,False,False,0.007266226351599802
pi05_spatial_500,cal,r6c_cal_pi05_spatial_500,r6c_cal_pi05_spatial_500:eval:0:9,1,0,9,30,0,False,10,872,180,5,1,0.09903494879104635,False,False,False,False,False,39,1.9135234154748233,0.25,1.8579984668356824,True,False,False,False,1,,0.6709290922082054,0.027856309608910234,,0.013271976553759392,0.006691805408336539,0.007124562290772877,False,False,0.007266226351599802
pi05_spatial_500,cal,r6c_cal_pi05_spatial_500,r6c_cal_pi05_spatial_500:eval:0:9,1,0,9,32,0,False,10,872,640,5,1,0.09903494879104635,False,False,True,False,False,39,1.9135234154748233,0.25,1.4294366272203753,True,False,False,False,1,,0.6709290922082054,0.2808186455231529,,0.02837740814645051,0.04579343023928435,0.07402997732807035,False,False,0.007266226351599802
pi05_spatial_500,cal,r6c_cal_pi05_spatial_500,r6c_cal_pi05_spatial_500:eval:0:9,1,0,9,34,0,False,10,69,177,6,1,0.15596874670045402,False,False,False,False,False,39,1.6834159383682685,0.3333333333333333,1.9794850759762812,True,False,False,False,1,,0.6709290922082054,0.13648868125214245,,0.030211501039732778,0.01512659783533304,0.03696811416349712,False,False,0.007266226351599802
pi05_spatial_500,cal,r6c_cal_pi05_spatial_500,r6c_cal_pi05_spatial_500:eval:0:9,1,0,9,36,0,False,10,225,177,8,2,0.62679970436068,True,False,False,True,True,3,0.05563582625784568,1.0,2.1735504371025494,True,False,False,False,1,,0.6709290922082054,0.06655405245347203,,0.010884268055683405,0.0075564610930768045,0.017686474223778743,False,False,0.007266226351599802
pi05_spatial_500,cal,r6c_cal_pi05_spatial_500,r6c_cal_pi05_spatial_500:eval:0:9,1,0,9,38,0,False,10,225,186,8,2,0.62679970436068,True,False,False,True,True,3,0.05563582625784568,1.0,2.3158116633132066,True,False,False,False,1,,0.6709290922082054,0.0321292229065777,,0.005250749899451096,0.0038246290783412605,0.008485968352711388,False,False,0.007266226351599802
pi05_spatial_500,cal,r6c_cal_pi05_spatial_500,r6c_cal_pi05_spatial_500:eval:0:9,1,0,9,40,0,False,10,225,269,8,2,0.62679970436068,True,False,False,True,True,3,0.05563582625784568,1.0,2.3832211422506298,True,False,False,False,1,,0.6709290922082054,0.09843884159493307,,0.012581005966776148,0.013915906543516009,0.02594322598136902,False,False,0.007266226351599802
pi05_spatial_500,cal,r6c_cal_pi05_spatial_500,r6c_cal_pi05_spatial_500:eval:0:9,1,0,9,42,0,False,10,225,269,8,2,0.62679970436068,True,False,False,True,True,3,0.05563582625784568,1.0,2.3946497016588357,True,False,False,False,1,,0.6709290922082054,,,0.012116234283422142,0.010021293642811574,0.021866080821526544,False,True,0.007266226351599802
pi05_spatial_500,cal,r6c_cal_pi05_spatial_500,r6c_cal_pi05_spatial_500:eval:1:6,1,1,6,0,1,False,10,1086,1307,0,0,0.5592725246736708,False,False,True,False,False,43,5.200864853288408,1.0,0.0,False,False,True,False,2,0.9690469190989387,0.7069033121183256,0.2297480272233339,0.2370865875482721,0.027705060588691054,0.05344723540046332,0.0811086242909018,False,False,0.012662177058783445
pi05_spatial_500,cal,r6c_cal_pi05_spatial_500,r6c_cal_pi05_spatial_500:eval:1:6,1,1,6,2,1,False,10,1111,1111,1,0,0.2788098270189961,False,False,True,False,False,43,4.1243353920432355,0.25,0.051781764016892544,False,False,True,False,2,1.004673279482204,0.7069033121183256,0.3199848226673838,0.31849639997621915,0.05610734147655945,0.056447186045283856,0.11252108548942784,False,False,0.012662177058783445
pi05_spatial_500,cal,r6c_cal_pi05_spatial_500,r6c_cal_pi05_spatial_500:eval:1:6,1,1,6,4,1,False,10,1451,1113,1,0,0.3389817467897697,False,False,True,False,False,43,4.845372895458009,0.25,0.06322179338692116,False,False,True,False,2,0.9916885520928697,0.7069033121183256,0.32803269215855324,0.3307819692647149,0.05590203912811424,0.056719274459282716,0.11214662967432257,False,False,0.012662177058783445
pi05_spatial_500,cal,r6c_cal_pi05_spatial_500,r6c_cal_pi05_spatial_500:eval:1:6,1,1,6,6,1,False,10,1915,1115,2,0,0.5953796561604584,True,True,True,False,True,43,5.039165481260067,0.16666666666666666,0.07869329191624846,False,False,True,False,2,1.0460309278401196,0.7069033121183256,0.4085680649136884,0.39058889564318494,0.05557987801692596,0.058493628413507706,0.11159391093228885,False,False,0.012662177058783445
pi05_spatial_500,cal,r6c_cal_pi05_spatial_500,r6c_cal_pi05_spatial_500:eval:1:6,1,1,6,8,1,False,10,1117,1117,2,0,0.6495250981640667,True,True,True,False,True,43,5.692836905491747,0.2,0.10778795489571494,False,False,True,False,2,1.0069513412519784,0.7069033121183256,0.39760786012304133,0.3948630324367823,0.058836535055551795,0.046015057481000515,0.10461480999989373,False,False,0.012662177058783445
pi05_spatial_500,cal,r6c_cal_pi05_spatial_500,r6c_cal_pi05_spatial_500:eval:1:6,1,1,6,10,1,False,10,961,1051,3,1,0.8639525628780643,True,True,True,True,True,43,4.8380398829532965,1.0,0.10315799129516236,False,False,True,False,2,0.8120495240746258,0.7069033121183256,0.027607925917821637,0.033997835229670696,0.01130154092783931,0.008494172009861502,0.00901721567640183,False,False,0.012662177058783445
pi05_spatial_500,cal,r6c_cal_pi05_spatial_500,r6c_cal_pi05_spatial_500:eval:1:6,1,1,6,12,1,False,10,963,2009,4,1,0.43981216173193244,False,False,True,False,False,43,4.445513977881949,0.5,0.09419577693797043,False,False,True,False,2,0.8249113831532948,0.7069033121183256,0.29157266256054865,0.35345937577681014,0.024452126937961956,0.052232584777183,0.07641117598689208,False,False,0.012662177058783445
pi05_spatial_500,cal,r6c_cal_pi05_spatial_500,r6c_cal_pi05_spatial_500:eval:1:6,1,1,6,14,1,False,10,965,2011,5,1,0.1489148891011355,False,False,True,False,False,43,3.095398658940762,0.25,0.09997631316185387,False,False,True,False,2,0.9824049532910335,0.7069033121183256,0.46611531515471827,0.4744635230036686,0.06471895237740706,0.06895095140237008,0.13132205097510935,False,False,0.012662177058783445
pi05_spatial_500,cal,r6c_cal_pi05_spatial_500,r6c_cal_pi05_spatial_500:eval:1:6,1,1,6,16,1,False,10,2013,2013,5,1,0.2938382150058368,False,False,True,False,False,43,3.668087157513092,0.3333333333333333,0.09323241365789234,False,False,True,False,2,1.0063786562378416,0.7069033121183256,0.39865112987071755,0.3961243885686132,0.06327481416076089,0.061041353647857226,0.12163290006835051,False,False,0.012662177058783445
pi05_spatial_500,cal,r6c_cal_pi05_spatial_500,r6c_cal_pi05_spatial_500:eval:1:6,1,1,6,18,1,False,10,2015,2015,6,1,0.19858060065796454,False,False,True,False,False,43,3.558925226588601,0.25,0.08605941427014896,False,False,True,False,2,0.9626385887329758,0.7069033121183256,0.3696824225164886,0.3840303379101645,0.056849172133195326,0.047504235962258064,0.10157052349962077,False,False,0.012662177058783445
pi05_spatial_500,cal,r6c_cal_pi05_spatial_500,r6c_cal_pi05_spatial_500:eval:1:6,1,1,6,20,1,False,8,2017,2017,6,1,0.19858060065796454,False,False,True,False,False,43,3.558925226588601,0.25,0.10839654660618225,False,False,False,False,2,,0.7069033121183256,,,0.04598885097959354,0.026051347522261025,0.07134285071806495,False,True,0.012662177058783445
pi05_spatial_500,cal,r6c_cal_pi05_spatial_500,r6c_cal_pi05_spatial_500:eval:2:5,1,2,5,0,1,False,10,2159,2573,0,0,0.4296831057933221,False,False,True,False,False,42,3.398029259910841,1.0,0.0,False,False,True,False,2,0.829532454214532,0.6137567275250041,0.22283389312585583,0.26862588919061986,0.015508326767401933,0.04469065548538296,0.060070612805208284,False,False,0.02238340675830841
pi05_spatial_500,cal,r6c_cal_pi05_spatial_500,r6c_cal_pi05_spatial_500:eval:2:5,1,2,5,2,1,False,10,2161,2382,1,0,0.26957419338344324,False,True,True,False,False,42,2.7171880054448985,0.5,0.05388558644720732,False,False,True,False,2,0.9866303342236504,0.6137567275250041,0.39571806647808117,0.4010803770689452,0.054903344451608056,0.055522446305040433,0.10770073283498087,False,False,0.02238340675830841
pi05_spatial_500,cal,r6c_cal_pi05_spatial_500,r6c_cal_pi05_spatial_500:eval:2:5,1,2,5,4,1,False,10,2542,2542,2,0,0.5560253361967582,True,True,True,False,True,42,3.72699220213982,0.2,0.07452066823663658,False,False,True,False,2,0.9753654111093355,0.6137567275250041,0.4375124223534533,0.44856257703033253,0.057972315370032834,0.054426077101831394,0.11120998139881763,False,False,0.02238340675830841
pi05_spatial_500,cal,r6c_cal_pi05_spatial_500,r6c_cal_pi05_spatial_500:eval:2:5,1,2,5,6,1,False,10,2544,3022,2,0,0.5560253361967582,True,True,True,True,True,42,3.72699220213982,0.2,0.10054032556522464,False,False,True,False,2,1.0332973484610368,0.6137567275250041,0.281741390933649,0.27266245418442864,0.04241319052239993,0.029578636027277488,0.07183129885941675,False,False,0.02238340675830841
pi05_spatial_500,cal,r6c_cal_pi05_spatial_500,r6c_cal_pi05_spatial_500:eval:2:5,1,2,5,8,1,False,10,2347,2452,3,1,0.9139598353530705,True,True,True,True,True,42,4.581734201279809,1.0,0.12452514591484044,False,True,True,False,2,0.6077923353007648,0.6137567275250041,0.038497245938344006,0.06333947255075818,0.0015506851160781447,0.009583091233779463,0.00979170821268069,True,False,0.02238340675830841
pi05_spatial_500,cal,r6c_cal_pi05_spatial_500,r6c_cal_pi05_spatial_500:eval:2:5,1,2,5,10,1,False,10,3026,2408,5,1,0.2123887866237153,False,False,True,False,False,42,3.2179621041833024,0.25,0.13175641460440338,False,False,True,False,2,1.0129696251540736,0.6137567275250041,0.3237227012426759,0.3195778957275618,0.028832094287425142,0.053489246115364104,0.08103261541242192,False,False,0.02238340675830841
pi05_spatial_500,cal,r6c_cal_pi05_spatial_500,r6c_cal_pi05_spatial_500:eval:2:5,1,2,5,12,1,False,10,2968,2392,4,1,0.19561729815411363,False,False,True,False,False,42,3.0980206155822727,0.25,0.13282478048200203,False,False,True,False,2,1.047066786674815,0.6137567275250041,0.4743874022274216,0.4530631744455772,0.06368391000232007,0.05674969715937459,0.11743426578810766,False,False,0.02238340675830841
pi05_spatial_500,cal,r6c_cal_pi05_spatial_500,r6c_cal_pi05_spatial_500:eval:2:5,1,2,5,14,1,False,10,2413,2311,5,1,0.25222107173901925,False,False,True,False,False,5,3.445321778896662,0.25,0.12362040780467133,False,False,True,False,2,0.9520086566610779,0.6137567275250041,0.3749485087635501,0.39384989426313016,0.0516372474953285,0.04605935200894447,0.09551422411921502,False,False,0.02238340675830841
pi05_spatial_500,cal,r6c_cal_pi05_spatial_500,r6c_cal_pi05_spatial_500:eval:2:5,1,2,5,16,1,False,10,2376,2606,5,1,0.19352086209541342,False,False,True,False,False,42,3.073012245351835,0.25,0.1367823348198492,False,False,True,False,2,1.034835479048914,0.6137567275250041,0.29624369681230117,0.2862712989745672,0.040985289488043634,0.035205951882337126,0.075174236631638,False,False,0.02238340675830841
pi05_spatial_500,cal,r6c_cal_pi05_spatial_500,r6c_cal_pi05_spatial_500:eval:2:5,1,2,5,18,1,False,5,2974,2875,5,1,0.17779759165516182,False,False,True,False,False,42,2.9890702966502034,0.25,0.1499601240972744,False,False,False,False,2,,0.6137567275250041,,,0.023881249916674258,0.0,0.023881249916674258,False,True,0.02238340675830841
pi05_spatial_500,cal,r6c_cal_pi05_spatial_500,r6c_cal_pi05_spatial_500:eval:3:0,1,3,0,0,1,False,10,3055,3359,0,0,0.6123778501628664,True,True,True,False,False,43,5.091688096517457,1.0,0.0,False,False,True,False,1,0.9863380727565136,0.762086092106727,0.28514430049519107,0.2890938800509848,0.021505330055889605,0.058260059793434044,0.0797417787222989,False,False,0.01284769969061017
pi05_spatial_500,cal,r6c_cal_pi05_spatial_500,r6c_cal_pi05_spatial_500:eval:3:0,1,3,0,2,1,False,10,3074,3799,1,0,0.5130293159609121,True,False,True,False,False,5,4.397200772327865,0.5,0.038051471114621,False,False,True,False,1,0.9958338923390146,0.762086092106727,0.42276726000769405,0.42453592236622745,0.061075594155566654,0.06113583246381193,0.12194279369550676,False,False,0.01284769969061017
pi05_spatial_500,cal,r6c_cal_pi05_spatial_500,r6c_cal_pi05_spatial_500:eval:3:0,1,3,0,4,1,False,10,3482,3482,1,0,0.3116178067318133,False,False,True,False,False,43,4.019075689131178,0.25,0.07276519245601487,False,False,True,False,1,0.985515277441002,0.762086092106727,0.49268303398766755,0.4999242987556447,0.06716446497133176,0.06577166416199015,0.13029786662203552,False,False,0.01284769969061017
pi05_spatial_500,cal,r6c_cal_pi05_spatial_500,r6c_cal_pi05_spatial_500:eval:3:0,1,3,0,6,1,False,10,3484,3113,2,0,0.4364820846905538,False,True,True,False,True,43,1.9188981099270839,0.25,0.0711356315461462,False,False,True,False,1,0.9956306473097729,0.762086092106727,0.435689894203718,0.4376019313798411,0.055205400467885975,0.04934285249901989,0.10206356569132974,False,False,0.01284769969061017
pi05_spatial_500,cal,r6c_cal_pi05_spatial_500,r6c_cal_pi05_spatial_500:eval:3:0,1,3,0,8,1,False,10,3486,3486,2,0,0.4364820846905538,False,False,True,True,True,43,1.9188981099270839,0.25,0.10353591387827886,False,False,True,False,1,0.9877010748468933,0.762086092106727,0.13547714893414647,0.1371641201819561,0.03175427762803886,0.007806043085564837,0.03454797268931061,False,False,0.01284769969061017
pi05_spatial_500,cal,r6c_cal_pi05_spatial_500,r6c_cal_pi05_spatial_500:eval:3:0,1,3,0,10,1,False,10,3621,3488,4,1,0.255700325732899,False,False,True,False,False,43,2.265689083564749,0.3333333333333333,0.21056628940094466,False,False,True,False,1,1.2185014956727376,0.762086092106727,0.3587353399110118,0.2944069754407262,0.026290722473027887,0.05811014015750658,0.08397472678497621,False,False,0.01284769969061017
pi05_spatial_500,cal,r6c_cal_pi05_spatial_500,r6c_cal_pi05_spatial_500:eval:3:0,1,3,0,12,1,False,10,3457,3119,4,1,0.34473398479913137,False,False,True,False,False,43,2.226061025635114,0.5,0.22409814827773886,False,False,True,False,1,0.9421620983802897,0.762086092106727,0.4244204100068197,0.45047493497823626,0.05610582237495539,0.050820119048815574,0.09939781910049043,False,False,0.01284769969061017
pi05_spatial_500,cal,r6c_cal_pi05_spatial_500,r6c_cal_pi05_spatial_500:eval:3:0,1,3,0,14,1,False,10,3087,3120,5,1,0.3729641693811075,False,False,True,False,True,5,0.0,0.25,0.21493639810740928,False,False,True,False,1,1.159303284356885,0.762086092106727,0.4521933649426069,0.3900561406530112,0.05565115611136186,0.054301082777584365,0.10570323167727178,False,False,0.01284769969061017
pi05_spatial_500,cal,r6c_cal_pi05_spatial_500,r6c_cal_pi05_spatial_500:eval:3:0,1,3,0,16,1,False,10,3779,3409,5,1,0.2687296416938111,False,False,True,False,False,43,2.349070580119728,0.3333333333333333,0.23815750471636793,False,False,False,False,1,,0.762086092106727,0.11434018621538683,,0.033094329463980096,0.006288005991756993,0.02681702078610988,False,False,0.01284769969061017
pi05_spatial_500,cal,r6c_cal_pi05_spatial_500,r6c_cal_pi05_spatial_500:eval:3:0,1,3,0,18,1,False,4,3426,3426,6,2,0.3729641693811075,False,False,True,True,True,5,0.0,0.25,0.23247161489398954,False,False,False,False,1,,0.762086092106727,,,0.0036822255556988983,0.0,0.0036822255556988983,False,True,0.01284769969061017
pi05_spatial_500,cal,r6c_cal_pi05_spatial_500,r6c_cal_pi05_spatial_500:eval:4:11,1,4,11,0,1,False,10,4185,4866,0,0,0.6052227342549923,True,True,True,False,False,43,7.500869141038181,1.0,0.0,False,False,True,False,2,1.205431371874811,0.6712602412021075,0.25230748919027585,0.20930887902632006,0.022136449601655287,0.05426362399918385,0.07638461227430296,False,False,0.012229232547374872
pi05_spatial_500,cal,r6c_cal_pi05_spatial_500,r6c_cal_pi05_spatial_500:eval:4:11,1,4,11,2,1,False,10,4468,4468,1,0,0.2530721966205837,False,False,True,False,False,43,4.594736589866251,0.25,0.0667812532792711,False,False,True,False,2,1.0116852430465355,0.6712602412021075,0.3897055293776492,0.3852043232380365,0.06020154267498225,0.0585432666531523,0.11851398427735901,False,False,0.012229232547374872
pi05_spatial_500,cal,r6c_cal_pi05_spatial_500,r6c_cal_pi05_spatial_500:eval:4:11,1,4,11,4,1,False,10,5024,4547,1,0,0.2692012288786482,False,False,True,False,False,43,4.748515263888796,0.25,0.067784065647484,False,False,True,False,2,0.917324442691599,0.6712602412021075,0.3217009610716914,0.35069485353269503,0.05520572009826142,0.045816261407341546,0.1001500216608363,False,False,0.012229232547374872
pi05_spatial_500,cal,r6c_cal_pi05_spatial_500,r6c_cal_pi05_spatial_500:eval:4:11,1,4,11,6,1,False,10,4217,4896,2,0,0.7215821812596005,True,False,True,False,True,43,6.197087769605153,0.25,0.10488956277812822,False,False,True,False,2,0.8984434601377398,0.6712602412021075,0.20963747698335336,0.23333407864220412,0.03501012495776833,0.028823924187149123,0.0610338059789502,False,False,0.012229232547374872
pi05_spatial_500,cal,r6c_cal_pi05_spatial_500,r6c_cal_pi05_spatial_500:eval:4:11,1,4,11,8,1,False,10,4474,4873,2,0,0.46428571428571425,True,True,True,False,True,43,3.1496465650744185,0.25,0.06348506040878163,False,False,True,False,2,0.9447930210687998,0.6712602412021075,0.21521089498237023,0.22778628777222792,0.03185152013477513,0.030668041848837816,0.0619427447966468,False,False,0.012229232547374872
pi05_spatial_500,cal,r6c_cal_pi05_spatial_500,r6c_cal_pi05_spatial_500:eval:4:11,1,4,11,10,1,False,10,4727,4727,4,1,0.9086021505376344,True,True,True,True,True,43,6.151810730421936,1.0,0.20919658250770592,False,False,True,False,2,0.8865460609697718,0.6712602412021075,0.03846064789555661,0.04338257151973064,0.007372971525768441,0.013061308953341686,0.01332734175443757,False,False,0.012229232547374872
pi05_spatial_500,cal,r6c_cal_pi05_spatial_500,r6c_cal_pi05_spatial_500:eval:4:11,1,4,11,12,1,False,10,5034,4729,5,1,0.35752688172043007,False,False,True,False,False,43,4.5415374238676085,0.5,0.09251536884393287,False,False,True,False,2,0.9330444755054335,0.6712602412021075,0.321961295244429,0.3450653250693344,0.03347686756574367,0.05953662320728404,0.09270054408896815,False,False,0.012229232547374872
pi05_spatial_500,cal,r6c_cal_pi05_spatial_500,r6c_cal_pi05_spatial_500:eval:4:11,1,4,11,14,1,False,10,4731,4905,6,1,0.22235023041474655,False,False,True,False,False,43,4.273006271095605,0.25,0.15676555084783028,False,False,True,False,2,1.05274450264582,0.6712602412021075,0.33561264070956387,0.31879780883783504,0.05666349781641879,0.05093201851346352,0.10471799948711982,False,False,0.012229232547374872
pi05_spatial_500,cal,r6c_cal_pi05_spatial_500,r6c_cal_pi05_spatial_500:eval:4:11,1,4,11,16,1,False,10,4881,3962,6,1,0.543778801843318,True,False,True,False,False,43,5.730494826427738,1.0,0.11038149225891958,False,False,True,False,2,1.0400300206646151,0.6712602412021075,0.306687448855141,0.29488326563800255,0.051814765863430236,0.058305435270333036,0.10863194042698592,False,False,0.012229232547374872
pi05_spatial_500,cal,r6c_cal_pi05_spatial_500,r6c_cal_pi05_spatial_500:eval:4:11,1,4,11,18,1,False,10,4016,4883,7,1,0.34831029185867896,False,False,True,False,False,43,5.096987278245098,0.3333333333333333,0.09847471486979713,False,False,True,False,2,1.0317577873364652,0.6712602412021075,0.41889924435021125,0.40600541085482944,0.06598070995690034,0.06701450362850207,0.13060042386034917,False,False,0.012229232547374872
pi05_spatial_500,cal,r6c_cal_pi05_spatial_500,r6c_cal_pi05_spatial_500:eval:4:11,1,4,11,20,1,False,10,3941,4836,8,1,0.10714285714285715,False,False,True,False,False,43,4.000465107949787,0.16666666666666666,0.1402293769792854,False,False,True,False,2,0.962257512155454,0.6712602412021075,0.40317876127190927,0.41899258377187415,0.061393294013102805,0.053898436918089314,0.11519994243580943,False,False,0.012229232547374872
pi05_spatial_500,cal,r6c_cal_pi05_spatial_500,r6c_cal_pi05_spatial_500:eval:4:11,1,4,11,22,1,False,10,4097,4838,8,1,0.2622887864823349,False,False,True,False,False,43,4.674537562482572,0.25,0.16355593541372246,False,False,False,False,2,,0.6712602412021075,0.27477427925436826,,0.04325857799956899,0.03569374676514408,0.07875259082543576,False,False,0.012229232547374872
pi05_spatial_500,cal,r6c_cal_pi05_spatial_500,r6c_cal_pi05_spatial_500:eval:4:11,1,4,11,24,1,False,1,4740,4889,8,1,0.2515360983102919,False,False,True,False,False,43,4.571372796173521,0.25,0.11373983650055015,False,False,False,False,2,,0.6712602412021075,,,0.005763267350361326,0.0,0.005763267350361326,False,True,0.012229232547374872
pi05_spatial_500,cal,r6c_cal_pi05_spatial_500,r6c_cal_pi05_spatial_500:eval:5:9,1,5,9,0,0,False,10,5377,5553,0,0,0.5169786096256684,True,True,True,False,False,41,4.045613884217447,1.0,0.0,False,False,True,False,2,1.2875480487750306,0.5805091758624843,0.371740981780771,0.28872008476456024,0.017100086083835175,0.05192329987473251,0.06892964964728197,False,False,0.007975544907491316
pi05_spatial_500,cal,r6c_cal_pi05_spatial_500,r6c_cal_pi05_spatial_500:eval:5:9,1,5,9,2,0,False,10,5265,5555,2,0,0.6259358288770054,True,False,True,False,True,41,3.953936248952437,0.25,0.05045716387216315,False,False,True,False,2,1.0112869661161876,0.5805091758624843,0.5747427062410491,0.5683280072799993,0.0574286032070651,0.05421491379442563,0.10823349510999879,False,False,0.007975544907491316
pi05_spatial_500,cal,r6c_cal_pi05_spatial_500,r6c_cal_pi05_spatial_500:eval:5:9,1,5,9,4,0,False,10,5837,5837,2,0,0.7208853238265003,True,True,True,False,True,41,4.722709787020681,0.25,0.07899800339040093,False,False,True,False,2,0.9606713354769113,0.5805091758624843,0.5197106698907752,0.5409869647383331,0.058162025666510124,0.05666252667410948,0.11344521855501169,False,False,0.007975544907491316
pi05_spatial_500,cal,r6c_cal_pi05_spatial_500,r6c_cal_pi05_spatial_500:eval:5:9,1,5,9,6,0,False,10,5839,5839,3,1,0.5224450386215093,True,True,True,True,False,41,4.769609793340519,0.5,0.09601646539741412,False,False,True,False,2,1.2710367563943967,0.5805091758624843,0.1628258864330272,0.1281047818750122,0.03360065036963779,0.00508090932059729,0.03798659142513605,False,False,0.007975544907491316
pi05_spatial_500,cal,r6c_cal_pi05_spatial_500,r6c_cal_pi05_spatial_500:eval:5:9,1,5,9,8,0,False,10,5841,6038,4,1,0.32104872251931077,False,False,True,False,False,41,4.5811089359494925,0.2,0.09496537956957626,False,False,True,False,2,0.887447897793904,0.5805091758624843,0.20357848273439746,0.22939767308083187,0.009451017370080906,0.034931231187931844,0.0442847542531586,False,False,0.007975544907491316
pi05_spatial_500,cal,r6c_cal_pi05_spatial_500,r6c_cal_pi05_spatial_500:eval:5:9,1,5,9,10,0,False,10,5843,5312,4,1,0.32104872251931077,False,False,True,False,False,41,4.5811089359494925,0.2,0.09032786654444876,False,False,True,False,2,0.8917914390660833,0.5805091758624843,0.39368442432727924,0.4414534689182036,0.03983588627235672,0.04870840300594327,0.08784150351262207,False,False,0.007975544907491316
pi05_spatial_500,cal,r6c_cal_pi05_spatial_500,r6c_cal_pi05_spatial_500:eval:5:9,1,5,9,12,0,False,10,6042,5428,4,1,0.2225935828877005,False,False,True,False,False,41,3.962637555243334,0.16666666666666666,0.14068154052280726,False,False,True,False,2,0.7511873711092165,0.5805091758624843,0.2697664462156014,0.3591200499247738,0.009248377759373786,0.05476971828770982,0.06343920748337854,False,False,0.007975544907491316
pi05_spatial_500,cal,r6c_cal_pi05_spatial_500,r6c_cal_pi05_spatial_500:eval:5:9,1,5,9,14,0,False,10,5430,5667,5,2,0.7365864527629234,True,True,True,True,True,5,3.829023598497151,0.5,0.32999201418516594,False,False,True,False,2,2.1991393179124166,0.5805091758624843,0.4458078109720508,0.20271922171590478,0.06315763356445679,0.04172663395806925,0.10477689931258616,False,False,0.007975544907491316
pi05_spatial_500,cal,r6c_cal_pi05_spatial_500,r6c_cal_pi05_spatial_500:eval:5:9,1,5,9,16,0,False,10,5431,5695,6,3,0.34365715983363043,False,False,True,True,False,5,3.440335923554316,0.5,0.2376447480100776,False,False,True,False,2,1.3494885555601268,0.5805091758624843,0.10511126711524132,0.07788970620177894,0.006633314887630201,0.018511302861652583,0.02126385252786074,False,False,0.007975544907491316
pi05_spatial_500,cal,r6c_cal_pi05_spatial_500,r6c_cal_pi05_spatial_500:eval:5:9,1,5,9,18,0,False,10,5968,5672,7,3,0.05034165181224005,False,False,True,False,False,5,2.1833451534708694,0.2,0.28535185561015514,False,False,True,False,2,0.8802229837078512,0.5805091758624843,0.3838504604042818,0.4360832056297259,0.03896900935313523,0.04937475031353079,0.08779511846265699,False,False,0.007975544907491316
pi05_spatial_500,cal,r6c_cal_pi05_spatial_500,r6c_cal_pi05_spatial_500:eval:5:9,1,5,9,20,0,False,10,5436,5571,7,3,0.05188651218062983,False,False,True,False,False,5,2.6101865629756937,0.16666666666666666,0.301702257051025,False,False,True,False,2,0.9702892055532866,0.5805091758624843,0.38797106265666015,0.39985095210394306,0.04786472342414029,0.04764740017731315,0.09409524809168636,False,False,0.007975544907491316
pi05_spatial_500,cal,r6c_cal_pi05_spatial_500,r6c_cal_pi05_spatial_500:eval:5:9,1,5,9,22,0,False,10,5971,5437,8,3,0.1016934046345811,False,False,True,False,False,5,1.9379886171013476,0.25,0.35728332198394874,False,False,True,False,2,0.8163659526723227,0.5805091758624843,0.3816187839658809,0.4674604357478111,0.05052326947447577,0.05348388251453293,0.1024679902612331,False,False,0.007975544907491316
pi05_spatial_500,cal,r6c_cal_pi05_spatial_500,r6c_cal_pi05_spatial_500:eval:5:9,1,5,9,24,0,False,10,5439,5439,8,3,0.14007724301841948,False,False,True,False,False,5,2.8447003191305242,0.25,0.40254520895003965,False,False,True,False,2,0.9691555747629722,0.5805091758624843,0.44468426364208224,0.45883682168452605,0.0567673679562651,0.06196912324553496,0.11546430496672132,False,False,0.007975544907491316
pi05_spatial_500,cal,r6c_cal_pi05_spatial_500,r6c_cal_pi05_spatial_500:eval:5:9,1,5,9,26,0,False,10,5440,5678,8,3,0.14007724301841948,False,False,True,False,False,5,2.8447003191305242,0.25,0.44827457610133287,True,False,True,False,2,0.9162527629331799,0.5805091758624843,0.42405649279677754,0.46281605900892975,0.05365106748255265,0.04539096145618866,0.09323344169701248,False,False,0.007975544907491316
pi05_spatial_500,cal,r6c_cal_pi05_spatial_500,r6c_cal_pi05_spatial_500:eval:5:9,1,5,9,28,0,False,10,5442,5812,8,3,0.14007724301841948,False,False,True,False,False,5,2.8447003191305242,0.25,0.4562069095461979,True,False,False,False,2,,0.5805091758624843,0.18352005426587734,,0.037602549999429774,0.011442170827013912,0.038419941212566484,False,False,0.007975544907491316
pi05_spatial_500,cal,r6c_cal_pi05_spatial_500,r6c_cal_pi05_spatial_500:eval:5:9,1,5,9,30,0,False,10,5443,5680,8,3,0.14007724301841948,False,False,True,False,False,5,2.8447003191305242,0.25,0.5073260984782333,True,False,False,False,2,,0.5805091758624843,0.1557887676711709,,0.02492256871104259,0.012896194103679016,0.0283331893372163,False,False,0.007975544907491316
pi05_spatial_500,cal,r6c_cal_pi05_spatial_500,r6c_cal_pi05_spatial_500:eval:5:9,1,5,9,32,0,False,10,5443,5568,8,3,0.14007724301841948,False,False,True,False,False,5,2.8447003191305242,0.25,0.8343105992304694,True,False,False,False,2,,0.5805091758624843,0.13546162695603214,,0.009346703836321257,0.021737726289175308,0.030228946414518065,False,False,0.007975544907491316
pi05_spatial_500,cal,r6c_cal_pi05_spatial_500,r6c_cal_pi05_spatial_500:eval:5:9,1,5,9,34,0,False,10,5443,5753,8,3,0.14007724301841948,False,False,True,False,False,5,2.8447003191305242,0.25,1.1881384542017674,True,False,False,False,2,,0.5805091758624843,0.10137210016978909,,0.015476888410983797,0.013122313898342008,0.02746324521097616,False,False,0.007975544907491316
pi05_spatial_500,cal,r6c_cal_pi05_spatial_500,r6c_cal_pi05_spatial_500:eval:5:9,1,5,9,36,0,False,10,5443,5753,8,3,0.14007724301841948,False,False,True,False,False,5,2.8447003191305242,0.25,1.5498269760991614,True,False,False,False,2,,0.5805091758624843,0.0749270307981163,,0.010785909593098488,0.01192719445875458,0.019059491939644832,False,False,0.007975544907491316
pi05_spatial_500,cal,r6c_cal_pi05_spatial_500,r6c_cal_pi05_spatial_500:eval:5:9,1,5,9,38,0,False,10,5443,5753,8,3,0.14007724301841948,False,False,True,False,False,5,2.8447003191305242,0.25,1.8842877985314779,True,False,False,False,2,,0.5805091758624843,0.08285907280595632,,0.008945449459218286,0.011704043648705108,0.018791177227770323,False,False,0.007975544907491316
pi05_spatial_500,cal,r6c_cal_pi05_spatial_500,r6c_cal_pi05_spatial_500:eval:5:9,1,5,9,40,0,False,10,5443,5563,8,3,0.14007724301841948,False,False,True,False,False,5,2.8447003191305242,0.25,2.0923800751235984,True,False,False,False,2,,0.5805091758624843,0.1888472136031305,,0.024924610972499796,0.016222272176827517,0.04108651025041531,False,False,0.007975544907491316
pi05_spatial_500,cal,r6c_cal_pi05_spatial_500,r6c_cal_pi05_spatial_500:eval:5:9,1,5,9,42,0,False,10,5442,6059,8,3,0.14007724301841948,False,False,True,False,False,5,2.8447003191305242,0.25,2.3747815121776688,True,False,False,False,2,,0.5805091758624843,,,0.026467743078881965,0.02497332030602402,0.049783807288018664,False,True,0.007975544907491316
pi05_spatial_500,cal,r6c_cal_pi05_spatial_500,r6c_cal_pi05_spatial_500:eval:6:9,1,6,9,0,1,False,10,6408,6995,0,0,0.4906367041198501,False,False,True,False,False,49,4.521320990295467,0.5,0.0,False,False,True,False,2,1.0045602866411758,0.7358285614820921,0.2205091419772557,0.21950812202077477,0.022856369999087554,0.05163584042625784,0.07441794242615454,False,False,0.013097824359481985
pi05_spatial_500,cal,r6c_cal_pi05_spatial_500,r6c_cal_pi05_spatial_500:eval:6:9,1,6,9,2,1,False,10,6683,6368,1,0,0.21207865168539328,False,False,True,False,False,49,3.808250478205118,0.2,0.06445364033644131,False,False,True,False,2,1.0292628929592555,0.7358285614820921,0.35465265870853435,0.3445695566551175,0.057721998711189944,0.060403068822820455,0.11804315000503053,False,False,0.013097824359481985
pi05_spatial_500,cal,r6c_cal_pi05_spatial_500,r6c_cal_pi05_spatial_500:eval:6:9,1,6,9,4,1,False,10,7043,6535,1,0,0.28089887640449435,False,False,True,False,False,49,3.940344048397814,0.25,0.08004579014808348,False,False,True,False,2,1.1488782390138697,0.7358285614820921,0.4205666647055967,0.3660672214199015,0.06454160434316666,0.06566858335534839,0.1296850923748334,False,False,0.013097824359481985
pi05_spatial_500,cal,r6c_cal_pi05_spatial_500,r6c_cal_pi05_spatial_500:eval:6:9,1,6,9,6,1,False,10,6352,6537,2,0,0.6109550561797753,True,True,True,False,True,49,4.201721550391751,0.2,0.03852450636212519,False,False,True,False,2,0.9663343726075866,0.7358285614820921,0.3587007154083845,0.37119730558735625,0.05639419733777403,0.04332400734356087,0.09750720039125198,False,False,0.013097824359481985
pi05_spatial_500,cal,r6c_cal_pi05_spatial_500,r6c_cal_pi05_spatial_500:eval:6:9,1,6,9,8,1,False,10,6754,6539,2,0,0.7659176029962547,True,True,True,False,True,49,3.94885238608703,0.5,0.09446380781634037,False,False,True,False,2,1.3756825782012203,0.7358285614820921,0.2716953723989142,0.19749859212011733,0.03682005824969569,0.033111097386943886,0.06958807631451798,False,False,0.013097824359481985
pi05_spatial_500,cal,r6c_cal_pi05_spatial_500,r6c_cal_pi05_spatial_500:eval:6:9,1,6,9,10,1,False,10,6519,6541,4,0,0.7640449438202248,True,False,True,True,True,49,3.398337114234154,1.0,0.1131580674100302,False,False,True,False,2,0.897578622155365,0.7358285614820921,0.044543827085306215,0.049626657749872266,0.014110063193057033,0.01486813223835854,0.014429087219287807,False,False,0.013097824359481985
pi05_spatial_500,cal,r6c_cal_pi05_spatial_500,r6c_cal_pi05_spatial_500:eval:6:9,1,6,9,12,1,False,10,7176,6737,3,1,0.3295880149812734,False,False,True,False,False,49,3.1155596164103816,0.5,0.16451077471356748,False,False,True,False,2,1.0123783860732838,0.7358285614820921,0.43363562886705226,0.4283335508070224,0.04792801476514624,0.06433966351477813,0.11075636247971485,False,False,0.013097824359481985
pi05_spatial_500,cal,r6c_cal_pi05_spatial_500,r6c_cal_pi05_spatial_500:eval:6:9,1,6,9,14,1,False,10,6422,6739,5,1,0.17181647940074907,False,False,True,False,False,49,2.2547991915780137,0.3333333333333333,0.18658180958862058,False,False,True,False,2,1.0634968052879226,0.7358285614820921,0.3813673342663966,0.35859753632560115,0.05407919970379111,0.05239469729511411,0.10363137455507997,False,False,0.013097824359481985
pi05_spatial_500,cal,r6c_cal_pi05_spatial_500,r6c_cal_pi05_spatial_500:eval:6:9,1,6,9,16,1,False,10,6609,6741,6,1,0.24297752808988768,False,False,True,False,False,49,3.0507909051636926,0.3333333333333333,0.22384662553176823,False,False,True,False,2,0.9776439172000597,0.7358285614820921,0.3836835671516976,0.39245737676203707,0.052804664650919264,0.05145193506020176,0.10249605109050185,False,False,0.013097824359481985
pi05_spatial_500,cal,r6c_cal_pi05_spatial_500,r6c_cal_pi05_spatial_500:eval:6:9,1,6,9,18,1,False,10,6611,6611,7,1,0.25983146067415736,False,False,True,False,False,49,3.2472166669327946,0.3333333333333333,0.17303570132323723,False,False,True,False,2,0.9596840741958315,0.7358285614820921,0.34882313092038636,0.3634770444770412,0.04981725345212446,0.04281139001164241,0.08961455789807152,False,False,0.013097824359481985
pi05_spatial_500,cal,r6c_cal_pi05_spatial_500,r6c_cal_pi05_spatial_500:eval:6:9,1,6,9,20,1,False,3,6809,6810,7,1,0.2645131086142322,False,False,True,False,False,49,3.2978965864787684,0.3333333333333333,0.17719617860399076,False,False,False,False,2,,0.7358285614820921,,,0.017562938598396076,0.0,0.017562938598396076,False,True,0.013097824359481985
pi05_spatial_500,cal,r6c_cal_pi05_spatial_500,r6c_cal_pi05_spatial_500:eval:7:0,1,7,0,0,1,False,10,7266,7754,0,0,0.2589957144903108,False,False,True,False,False,41,3.2810084196968514,0.5,0.0,False,False,True,False,2,0.8580318612676601,0.644949401716119,0.1477131060634565,0.17215340447291141,0.012763472150934376,0.0346430965830069,0.04714271742235026,False,False,0.013696660365288457
pi05_spatial_500,cal,r6c_cal_pi05_spatial_500,r6c_cal_pi05_spatial_500:eval:7:0,1,7,0,2,1,False,10,7702,7756,1,0,0.5401791321016624,False,True,True,False,True,41,5.574489535653864,0.16666666666666666,0.04418401887768339,False,False,True,False,2,0.9635434659028315,0.644949401716119,0.40241668312847795,0.4176424804577105,0.044444335475337236,0.05267465620208709,0.09454572253407867,False,False,0.013696660365288457
pi05_spatial_500,cal,r6c_cal_pi05_spatial_500,r6c_cal_pi05_spatial_500:eval:7:0,1,7,0,4,1,False,10,7435,7973,2,0,0.6810104548809642,True,True,True,False,True,41,8.033308382079266,0.2,0.0707252483080189,False,False,True,False,2,0.9239763184220399,0.644949401716119,0.46123064604894554,0.4991801595484957,0.05844500375653669,0.053249741439665495,0.11126439246888907,False,False,0.013696660365288457
pi05_spatial_500,cal,r6c_cal_pi05_spatial_500,r6c_cal_pi05_spatial_500:eval:7:0,1,7,0,6,1,False,10,8096,7760,2,1,0.3675314803186039,False,True,True,True,False,41,6.800223513288731,0.25,0.06835893934509658,False,False,True,False,2,1.6307019664994136,0.644949401716119,0.1760360223898555,0.10795107015646001,0.042330482380307205,0.004020910279669639,0.0454026489616888,False,False,0.013696660365288457
pi05_spatial_500,cal,r6c_cal_pi05_spatial_500,r6c_cal_pi05_spatial_500:eval:7:0,1,7,0,8,1,False,10,7486,7762,3,1,0.3850117328221569,False,False,True,True,False,41,5.950284074966951,0.3333333333333333,0.12243289234294592,False,False,True,False,2,1.1861684729430735,0.644949401716119,0.056233027254265135,0.047407285336746485,0.004111561466699773,0.010117884760733128,0.013771002289154469,False,False,0.013696660365288457
pi05_spatial_500,cal,r6c_cal_pi05_spatial_500,r6c_cal_pi05_spatial_500:eval:7:0,1,7,0,10,1,False,10,8099,7710,2,1,0.3675314803186039,False,False,True,False,False,41,6.800223513288731,0.25,0.09067906644304971,False,False,True,False,2,1.3564009421057182,0.644949401716119,0.244339105144032,0.18013781733645257,0.021861120690379838,0.042826676782570156,0.06451995380368161,False,False,0.013696660365288457
pi05_spatial_500,cal,r6c_cal_pi05_spatial_500,r6c_cal_pi05_spatial_500:eval:7:0,1,7,0,12,1,False,10,7712,7814,4,1,0.14141080300977185,False,False,True,False,False,41,4.206554676216083,0.2,0.12249592576413319,False,False,True,False,2,1.002048087575034,0.644949401716119,0.43092901189816585,0.43004823545047444,0.05969274264037623,0.06767610365000777,0.12700253437947662,False,False,0.013696660365288457
pi05_spatial_500,cal,r6c_cal_pi05_spatial_500,r6c_cal_pi05_spatial_500:eval:7:0,1,7,0,14,1,False,10,7714,7714,4,1,0.14141080300977185,False,False,True,False,False,41,4.206554676216083,0.2,0.12143096016993667,False,False,True,False,2,1.125283324476625,0.644949401716119,0.3837627925672021,0.3410365942689963,0.06440617476018716,0.06120885256736514,0.1253074256428348,False,False,0.013696660365288457
pi05_spatial_500,cal,r6c_cal_pi05_spatial_500,r6c_cal_pi05_spatial_500:eval:7:0,1,7,0,16,1,False,10,7716,7937,5,1,0.18856903636624034,False,False,True,False,False,41,5.274311642599274,0.16666666666666666,0.14558686557847536,False,False,True,False,2,1.043852348217587,0.644949401716119,0.3142212327037362,0.3010207652837871,0.057984787787068386,0.05404492050868312,0.11154956388944741,False,False,0.013696660365288457
pi05_spatial_500,cal,r6c_cal_pi05_spatial_500,r6c_cal_pi05_spatial_500:eval:7:0,1,7,0,18,1,False,10,8107,7772,5,1,0.21625849665642113,False,False,True,False,False,41,5.22687526777051,0.2,0.12241953929795099,False,False,True,False,2,0.9251388858979677,0.644949401716119,0.3259110113235805,0.35228333420148206,0.05160736179064787,0.04916646812991406,0.09900138221049068,False,False,0.013696660365288457
pi05_spatial_500,cal,r6c_cal_pi05_spatial_500,r6c_cal_pi05_spatial_500:eval:7:0,1,7,0,20,1,False,10,8083,7774,6,1,0.31096054907404347,False,False,True,False,False,3,5.808298904081409,0.25,0.1172721102338981,False,False,True,False,2,1.089821755888262,0.644949401716119,0.31778299536290205,0.29159171547634616,0.04300038727725668,0.03470982444899888,0.07654814808048131,False,False,0.013696660365288457
pi05_spatial_500,cal,r6c_cal_pi05_spatial_500,r6c_cal_pi05_spatial_500:eval:7:0,1,7,0,22,1,False,9,8015,7776,8,1,0.40676978330083396,False,False,True,False,False,41,6.3327085830381975,0.3333333333333333,0.13447132127405423,False,False,False,False,2,,0.644949401716119,,,0.03045403366965919,0.021456939129040824,0.05155897421036495,False,True,0.013696660365288457
pi05_spatial_500,cal,r6c_cal_pi05_spatial_500,r6c_cal_pi05_spatial_500:eval:8:9,1,8,9,0,1,False,10,8798,9425,0,0,0.604594330400782,True,True,True,False,False,32,6.718570098030937,1.0,0.0,False,False,True,False,2,1.158272735528342,0.6559362958083634,0.2940312243598387,0.25385318616320307,0.02644917698518136,0.05619314209804385,0.08250651270851125,False,False,0.021461595315486193
pi05_spatial_500,cal,r6c_cal_pi05_spatial_500,r6c_cal_pi05_spatial_500:eval:8:9,1,8,9,2,1,False,10,9241,9241,1,0,0.2751710654936461,False,False,True,False,False,32,4.533338493906953,0.2,0.0524401369910002,False,False,True,False,2,0.9871892161945731,0.6559362958083634,0.4186788998463909,0.4241121083760604,0.05870097508860788,0.0588987532178819,0.11735627319117738,False,False,0.021461595315486193
pi05_spatial_500,cal,r6c_cal_pi05_spatial_500,r6c_cal_pi05_spatial_500:eval:8:9,1,8,9,4,1,False,10,9243,9243,1,0,0.2751710654936461,False,False,True,False,False,32,4.533338493906953,0.2,0.0809072013905399,False,False,True,False,2,0.9574675446344533,0.6559362958083634,0.4343890324674632,0.4536853858929562,0.06049108605762759,0.06050649446999304,0.12040190702008835,False,False,0.021461595315486193
pi05_spatial_500,cal,r6c_cal_pi05_spatial_500,r6c_cal_pi05_spatial_500:eval:8:9,1,8,9,6,1,False,10,9245,9341,2,0,0.5635386119257088,True,False,True,False,True,32,3.1340435337333634,0.25,0.11364288984721846,False,False,True,False,2,0.809898973376457,0.6559362958083634,0.34021335625694216,0.4200688819725226,0.04575053979712217,0.046812554619050255,0.09128259884012785,False,False,0.021461595315486193
pi05_spatial_500,cal,r6c_cal_pi05_spatial_500,r6c_cal_pi05_spatial_500:eval:8:9,1,8,9,8,1,False,10,9510,9510,2,0,0.5733137829912024,True,True,True,False,True,32,3.2469661688104288,0.25,0.11112155342235872,False,False,True,False,2,0.8871527370908957,0.6559362958083634,0.3010390481033373,0.3393317018786287,0.043763446793194806,0.03733713935620897,0.07935610065990731,False,False,0.021461595315486193
pi05_spatial_500,cal,r6c_cal_pi05_spatial_500,r6c_cal_pi05_spatial_500:eval:8:9,1,8,9,10,1,False,10,9634,9345,4,1,0.28934506353861195,False,False,True,True,False,32,2.4058452680826377,0.5,0.17245178333886904,False,False,True,False,2,0.6957963162397238,0.6559362958083634,0.09489220760574306,0.13637929001775528,0.020331885906278588,0.00946806039168364,0.026260817161525285,False,False,0.021461595315486193
pi05_spatial_500,cal,r6c_cal_pi05_spatial_500,r6c_cal_pi05_spatial_500:eval:8:9,1,8,9,12,1,False,10,9309,8792,4,1,0.30791788856304986,False,False,True,False,False,32,2.5525141491815,0.5,0.1839486240440081,False,True,True,False,2,0.6018027967459805,0.6559362958083634,0.22880494234406343,0.38019920077015107,0.016662236105194534,0.04508461737562257,0.060254016074817084,True,False,0.021461595315486193
pi05_spatial_500,cal,r6c_cal_pi05_spatial_500,r6c_cal_pi05_spatial_500:eval:8:9,1,8,9,14,1,False,10,9052,9638,4,1,0.2771260997067449,False,False,True,False,False,32,3.60622261701873,0.25,0.10398031343778122,False,False,True,False,2,1.2227274207806997,0.6559362958083634,0.3764227415853084,0.3078549930163226,0.06084911750984657,0.04913057103330037,0.10401175316831618,False,False,0.021461595315486193
pi05_spatial_500,cal,r6c_cal_pi05_spatial_500,r6c_cal_pi05_spatial_500:eval:8:9,1,8,9,16,1,False,10,8952,9312,5,1,0.3088954056695992,False,False,True,False,False,32,3.157337935529812,0.3333333333333333,0.1328951359550527,False,False,True,False,2,1.0598031204033478,0.6559362958083634,0.2863227113831663,0.2701659448541682,0.03992614873117356,0.039939024122332516,0.07512590733524767,False,False,0.021461595315486193
pi05_spatial_500,cal,r6c_cal_pi05_spatial_500,r6c_cal_pi05_spatial_500:eval:8:9,1,8,9,18,1,False,2,9605,9586,5,1,0.25024437927663734,False,False,True,False,False,32,2.7167550671095833,0.3333333333333333,0.11578509502317598,False,False,False,False,2,,0.6559362958083634,,,0.01469835968821369,0.0,0.01469835968821369,False,True,0.021461595315486193
pi05_spatial_500,cal,r6c_cal_pi05_spatial_500,r6c_cal_pi05_spatial_500:eval:9:2,1,9,2,0,1,False,10,9734,10712,0,0,0.6291485696483222,True,True,True,False,False,33,7.277738690174442,1.0,0.0,False,False,True,False,2,0.9706858717208603,0.7512171176292793,0.23100573265327404,0.2379819665488077,0.017469759084791946,0.056574347444020366,0.07401778784979778,False,False,0.012411852367222309
pi05_spatial_500,cal,r6c_cal_pi05_spatial_500,r6c_cal_pi05_spatial_500:eval:9:2,1,9,2,2,1,False,10,10302,10524,1,0,0.3973395092271886,False,True,True,False,False,33,4.167785487194099,0.3333333333333333,0.06026534645286457,False,False,True,False,2,0.9790457681121729,0.7512171176292793,0.38570502143765856,0.3939601538561238,0.06291460858032939,0.061357436729755535,0.12392321326715267,False,False,0.012411852367222309
pi05_spatial_500,cal,r6c_cal_pi05_spatial_500,r6c_cal_pi05_spatial_500:eval:9:2,1,9,2,4,1,False,10,10166,10403,1,0,0.24575750911723201,False,False,True,False,False,33,3.54577582784856,0.25,0.07854477728750878,False,False,True,False,2,1.0065322113181407,0.7512171176292793,0.34336046710413026,0.34113212000882726,0.059928526991449786,0.05898176851926781,0.11713548822297223,False,False,0.012411852367222309
pi05_spatial_500,cal,r6c_cal_pi05_spatial_500,r6c_cal_pi05_spatial_500:eval:9:2,1,9,2,6,1,False,10,10167,10405,2,0,0.7147153957520113,True,False,True,False,True,33,4.068153219005071,0.3333333333333333,0.11994529375698465,False,False,True,False,2,0.8335635026667596,0.7512171176292793,0.2288459643093956,0.2745393285301782,0.04214833629610358,0.037224102051811696,0.0743971157719047,False,False,0.012411852367222309
pi05_spatial_500,cal,r6c_cal_pi05_spatial_500,r6c_cal_pi05_spatial_500:eval:9:2,1,9,2,8,1,False,10,10122,10407,3,0,0.8292145435886158,True,True,True,True,True,13,4.490881871085844,0.5,0.13627216837216885,False,False,True,False,2,1.306511362459914,0.7512171176292793,0.2424659426071055,0.18558272784600047,0.042578503880543454,0.031594079574714044,0.07335128339796591,False,False,0.012411852367222309
pi05_spatial_500,cal,r6c_cal_pi05_spatial_500,r6c_cal_pi05_spatial_500:eval:9:2,1,9,2,10,1,False,10,10886,10409,3,1,0.797588285960379,True,True,True,True,True,0,,1.0,0.28290445622949983,False,False,True,False,2,0.9569779976254497,0.7512171176292793,0.07701388902923444,0.08047613343287836,0.013211364813064402,0.02058271705890818,0.025081390140471414,False,False,0.012411852367222309
pi05_spatial_500,cal,r6c_cal_pi05_spatial_500,r6c_cal_pi05_spatial_500:eval:9:2,1,9,2,12,1,False,10,9770,9770,5,1,0.08779573735041325,False,False,True,False,False,33,2.6740583883801317,0.2,0.3035864230101329,False,False,True,False,2,1.0261955882051852,0.7512171176292793,0.29676686784865086,0.2891913308336238,0.035290273622919505,0.06217976472156573,0.09573566413094146,False,False,0.012411852367222309
pi05_spatial_500,cal,r6c_cal_pi05_spatial_500,r6c_cal_pi05_spatial_500:eval:9:2,1,9,2,14,1,False,10,9845,10536,4,1,0.20852346656404053,False,False,True,False,False,33,3.2636547603402235,0.25,0.37604867591656943,False,False,True,False,2,1.0148674177110084,0.7512171176292793,0.28201746961660656,0.2778860220507279,0.062474260078068625,0.05629133690341816,0.11721414253859486,False,False,0.012411852367222309
pi05_spatial_500,cal,r6c_cal_pi05_spatial_500,r6c_cal_pi05_spatial_500:eval:9:2,1,9,2,16,1,False,10,9847,10414,5,1,0.22535369362435173,False,False,True,False,False,33,2.74207143324492,0.3333333333333333,0.3486097083883712,False,False,True,False,2,0.999675047281485,0.7512171176292793,0.22867500436658952,0.22874933708553397,0.05427433165849231,0.05447643713132044,0.10825721001078296,False,False,0.012411852367222309
pi05_spatial_500,cal,r6c_cal_pi05_spatial_500,r6c_cal_pi05_spatial_500:eval:9:2,1,9,2,18,1,False,10,9848,10247,5,1,0.22535369362435173,False,False,True,False,False,33,2.74207143324492,0.3333333333333333,0.1735811187816215,False,False,True,False,2,1.080605455941098,0.7512171176292793,0.28162074247621754,0.2606138446996405,0.05620869881886373,0.06508435594081625,0.11952467426884913,False,False,0.012411852367222309
pi05_spatial_500,cal,r6c_cal_pi05_spatial_500,r6c_cal_pi05_spatial_500:eval:9:2,1,9,2,20,1,False,10,10418,10366,7,1,0.12414325508090972,False,False,True,False,False,33,2.9968975279878967,0.2,0.10963866032688956,False,False,True,False,2,0.9768920719641412,0.7512171176292793,0.4618921406654326,0.4728179846282828,0.07835958164721174,0.07798878105610835,0.1554477972453536,False,False,0.012411852367222309
pi05_spatial_500,cal,r6c_cal_pi05_spatial_500,r6c_cal_pi05_spatial_500:eval:9:2,1,9,2,22,1,False,10,9852,10368,6,1,0.2987886451518317,False,False,True,False,False,33,4.537529700808713,0.2,0.12501962005518674,False,False,True,False,2,0.9524058886817396,0.7512171176292793,0.38534940504205667,0.4046062814410284,0.06239902138029389,0.057510890960847924,0.11989034798498412,False,False,0.012411852367222309
pi05_spatial_500,cal,r6c_cal_pi05_spatial_500,r6c_cal_pi05_spatial_500:eval:9:2,1,9,2,24,1,False,10,9854,9828,6,1,0.2987886451518317,False,True,True,False,False,33,4.537529700808713,0.2,0.14915430291309192,False,False,True,False,2,0.9767649692112461,0.7512171176292793,0.2813089923337649,0.28800069740515627,0.05084366815401435,0.035892831863119055,0.08631864058211991,False,False,0.012411852367222309
pi05_spatial_500,cal,r6c_cal_pi05_spatial_500,r6c_cal_pi05_spatial_500:eval:9:2,1,9,2,26,1,False,3,9856,9830,7,1,0.5546804845419393,True,True,True,False,False,33,4.3695808882370235,1.0,0.14644845669964884,False,False,False,False,2,,0.7512171176292793,,,0.014089792242819097,0.0,0.014089792242819097,False,True,0.012411852367222309
