cell,arm,uid,attempt,task_id,init,step,control_index,cohort,noprog_flag,observe_us,observe_cpu_us,state,reason,delta_hat,e90,a10,window_span,W,K,reference_episodes,phase_hat,distance_hat,spread_hat
pi05_sp_50,r6p3v2_pi05_sp_50_A_r0,r6p3v2_pi05_sp_50_A_r0:eval:0:0,1,0,0,0,0,A,False,91.326,112.279,inactive,warming_up,,,,0,2,4,5,,,
pi05_sp_50,r6p3v2_pi05_sp_50_A_r0,r6p3v2_pi05_sp_50_A_r0:eval:0:0,1,0,0,2,10,A,False,35.011,37.026,inactive,warming_up,,,,0,2,4,5,,,
pi05_sp_50,r6p3v2_pi05_sp_50_A_r0,r6p3v2_pi05_sp_50_A_r0:eval:0:0,1,0,0,4,20,A,False,1077.922,1081.182,ok,,0.25,0.14166666666666672,0.25,20,2,4,5,0.125,17.09592602865463,0.1333333333333334
pi05_sp_50,r6p3v2_pi05_sp_50_A_r0,r6p3v2_pi05_sp_50_A_r0:eval:0:0,1,0,0,6,30,A,False,681.189,684.548,ok,,0.2666666666666667,0.0410256410256411,0.25,20,2,4,5,0.125,12.87943619769514,0.10833333333333328
pi05_sp_50,r6p3v2_pi05_sp_50_A_r0,r6p3v2_pi05_sp_50_A_r0:eval:0:0,1,0,0,8,40,A,False,577.091,580.108,ok,,0.25,0.14166666666666672,0.25,20,2,4,5,0.375,12.75994759653735,0.13333333333333336
pi05_sp_50,r6p3v2_pi05_sp_50_A_r0,r6p3v2_pi05_sp_50_A_r0:eval:0:0,1,0,0,10,50,A,False,567.413,572.478,ok,,0.25,0.05769230769230771,0.25,20,2,4,5,0.4,12.508099342430269,0.016666666666666607
pi05_sp_50,r6p3v2_pi05_sp_50_A_r0,r6p3v2_pi05_sp_50_A_r0:eval:0:0,1,0,0,12,60,A,False,586.719,590.099,ok,,0.25,0.05769230769230771,0.25,20,2,4,5,0.5333333333333333,13.003339237271982,0.01666666666666672
pi05_sp_50,r6p3v2_pi05_sp_50_A_r0,r6p3v2_pi05_sp_50_A_r0:eval:0:0,1,0,0,14,70,A,False,560.463,563.582,ok,,0.25,0.0410256410256411,0.25,20,2,4,5,0.6666666666666666,13.407735257792956,0.08333333333333337
pi05_sp_50,r6p3v2_pi05_sp_50_A_r0,r6p3v2_pi05_sp_50_A_r0:eval:0:1,1,0,1,0,0,A,False,50.107,53.666,inactive,warming_up,,,,0,2,4,5,,,
pi05_sp_50,r6p3v2_pi05_sp_50_A_r0,r6p3v2_pi05_sp_50_A_r0:eval:0:1,1,0,1,2,10,A,False,39.237,41.396,inactive,warming_up,,,,0,2,4,5,,,
pi05_sp_50,r6p3v2_pi05_sp_50_A_r0,r6p3v2_pi05_sp_50_A_r0:eval:0:1,1,0,1,4,20,A,False,631.124,634.365,ok,,0.26666666666666666,0.14166666666666672,0.25,20,2,4,5,0.0,14.037182035353979,0.125
pi05_sp_50,r6p3v2_pi05_sp_50_A_r0,r6p3v2_pi05_sp_50_A_r0:eval:0:1,1,0,1,6,30,A,False,642.893,646.036,ok,,0.2666666666666667,0.0410256410256411,0.25,20,2,4,5,0.125,11.414638926021125,0.10833333333333328
pi05_sp_50,r6p3v2_pi05_sp_50_A_r0,r6p3v2_pi05_sp_50_A_r0:eval:0:1,1,0,1,8,40,A,False,668.183,671.605,ok,,0.26666666666666666,0.14166666666666672,0.25,20,2,4,5,0.26666666666666666,11.952851161254932,0.125
pi05_sp_50,r6p3v2_pi05_sp_50_A_r0,r6p3v2_pi05_sp_50_A_r0:eval:0:1,1,0,1,10,50,A,False,708.215,711.57,ok,,0.25,0.05769230769230771,0.25,20,2,4,5,0.4,11.968580432613814,0.016666666666666607
pi05_sp_50,r6p3v2_pi05_sp_50_A_r0,r6p3v2_pi05_sp_50_A_r0:eval:0:1,1,0,1,12,60,A,False,652.57,655.54,ok,,0.25,0.05769230769230771,0.25,20,2,4,5,0.5333333333333333,11.347308175546479,0.01666666666666672
pi05_sp_50,r6p3v2_pi05_sp_50_A_r0,r6p3v2_pi05_sp_50_A_r0:eval:0:1,1,0,1,14,70,A,False,712.638,715.861,ok,,0.25,0.0410256410256411,0.25,20,2,4,5,0.6666666666666666,10.8147930322447,0.08333333333333337
pi05_sp_50,r6p3v2_pi05_sp_50_A_r0,r6p3v2_pi05_sp_50_A_r0:eval:1:0,1,1,0,0,0,A,False,54.084,57.166,inactive,warming_up,,,,0,2,4,5,,,
pi05_sp_50,r6p3v2_pi05_sp_50_A_r0,r6p3v2_pi05_sp_50_A_r0:eval:1:0,1,1,0,2,10,A,False,31.622,33.439,inactive,warming_up,,,,0,2,4,5,,,
pi05_sp_50,r6p3v2_pi05_sp_50_A_r0,r6p3v2_pi05_sp_50_A_r0:eval:1:0,1,1,0,4,20,A,False,798.999,801.694,slow_confirmed,,0.09090909090909091,0.009523809523809518,0.17391304347826086,20,2,4,5,0.09090909090909091,18.089112202855183,0.013043478260869573
pi05_sp_50,r6p3v2_pi05_sp_50_A_r0,r6p3v2_pi05_sp_50_A_r0:eval:1:0,1,1,0,6,30,A,False,539.623,542.425,ok,,0.17391304347826086,0.08181818181818178,0.17391304347826086,20,2,4,5,0.09523809523809523,14.071422552230038,0.1090909090909091
pi05_sp_50,r6p3v2_pi05_sp_50_A_r0,r6p3v2_pi05_sp_50_A_r0:eval:1:0,1,1,0,8,40,A,False,524.87,535.28,ok,,0.18181818181818182,0.07391304347826082,0.17391304347826086,20,2,4,5,0.18181818181818182,13.964113968710421,0.026086956521739146
pi05_sp_50,r6p3v2_pi05_sp_50_A_r0,r6p3v2_pi05_sp_50_A_r0:eval:1:0,1,1,0,10,50,A,False,590.23,593.743,ok,,0.18181818181818182,0.08181818181818178,0.17391304347826086,20,2,4,5,0.2727272727272727,13.792909511367176,0.026086956521739146
pi05_sp_50,r6p3v2_pi05_sp_50_A_r0,r6p3v2_pi05_sp_50_A_r0:eval:1:0,1,1,0,12,60,A,False,589.736,592.499,ok,,0.17391304347826086,0.09047619047619049,0.17391304347826086,20,2,4,5,0.36363636363636365,13.060717427611323,0.09047619047619049
pi05_sp_50,r6p3v2_pi05_sp_50_A_r0,r6p3v2_pi05_sp_50_A_r0:eval:1:0,1,1,0,14,70,A,False,521.832,524.64,ok,,0.17391304347826092,0.09047619047619049,0.17391304347826086,20,2,4,5,0.45454545454545453,12.869161278844386,0.09047619047619049
pi05_sp_50,r6p3v2_pi05_sp_50_A_r0,r6p3v2_pi05_sp_50_A_r0:eval:1:0,1,1,0,16,80,A,False,557.331,560.101,ok,,0.18181818181818188,0.052700922266139635,0.1739130434782609,20,2,4,5,0.5217391304347826,12.413828667125628,0.02608695652173909
pi05_sp_50,r6p3v2_pi05_sp_50_A_r0,r6p3v2_pi05_sp_50_A_r0:eval:1:0,1,1,0,18,90,A,False,526.069,528.757,ok,,0.18181818181818188,0.05714285714285705,0.1739130434782609,20,2,4,5,0.6086956521739131,12.298000984879423,0.02608695652173923
pi05_sp_50,r6p3v2_pi05_sp_50_A_r0,r6p3v2_pi05_sp_50_A_r0:eval:1:0,1,1,0,20,100,A,False,541.516,543.942,slow_ambiguous,,0.17391304347826086,0.05714285714285705,0.1739130434782609,20,2,4,5,0.7,12.250404031687026,0.10476190476190486
pi05_sp_50,r6p3v2_pi05_sp_50_A_r0,r6p3v2_pi05_sp_50_A_r0:eval:1:0,1,1,0,22,110,A,False,552.876,555.551,slow_ambiguous,,0.17391304347826086,0.05714285714285705,0.1739130434782609,20,2,4,5,0.8,13.948790564136134,0.10476190476190472
pi05_sp_50,r6p3v2_pi05_sp_50_A_r0,r6p3v2_pi05_sp_50_A_r0:eval:1:1,1,1,1,0,0,A,False,45.993,49.024,inactive,warming_up,,,,0,2,4,5,,,
pi05_sp_50,r6p3v2_pi05_sp_50_A_r0,r6p3v2_pi05_sp_50_A_r0:eval:1:1,1,1,1,2,10,A,False,31.212,33.37,inactive,warming_up,,,,0,2,4,5,,,
pi05_sp_50,r6p3v2_pi05_sp_50_A_r0,r6p3v2_pi05_sp_50_A_r0:eval:1:1,1,1,1,4,20,A,False,660.814,663.878,ok,,0.18181818181818182,0.07391304347826082,0.17391304347826086,20,2,4,5,0.0,17.031881330807295,0.026086956521739146
pi05_sp_50,r6p3v2_pi05_sp_50_A_r0,r6p3v2_pi05_sp_50_A_r0:eval:1:1,1,1,1,6,30,A,False,686.028,689.259,ok,,0.1818181818181818,0.009523809523809518,0.17391304347826086,20,2,4,5,0.09090909090909091,13.883960986053593,0.02608695652173912
pi05_sp_50,r6p3v2_pi05_sp_50_A_r0,r6p3v2_pi05_sp_50_A_r0:eval:1:1,1,1,1,8,40,A,False,590.24,593.128,ok,,0.19047619047619047,0.07391304347826082,0.17391304347826086,20,2,4,5,0.19047619047619047,13.490511777251287,0.026086956521739146
pi05_sp_50,r6p3v2_pi05_sp_50_A_r0,r6p3v2_pi05_sp_50_A_r0:eval:1:1,1,1,1,10,50,A,False,608.767,623.623,ok,,0.19047619047619047,0.09523809523809523,0.17391304347826086,20,2,4,5,0.2857142857142857,13.644090130665672,0.07039337474120083
pi05_sp_50,r6p3v2_pi05_sp_50_A_r0,r6p3v2_pi05_sp_50_A_r0:eval:1:1,1,1,1,12,60,A,False,666.756,669.669,ok,,0.19999999999999996,0.09047619047619049,0.17391304347826086,20,2,4,5,0.38095238095238093,13.648067694532017,0.09523809523809523
pi05_sp_50,r6p3v2_pi05_sp_50_A_r0,r6p3v2_pi05_sp_50_A_r0:eval:1:1,1,1,1,14,70,A,False,583.343,586.092,ok,,0.18181818181818188,0.07391304347826082,0.17391304347826086,20,2,4,5,0.5,13.577641926076623,0.11180124223602483
pi05_sp_50,r6p3v2_pi05_sp_50_A_r0,r6p3v2_pi05_sp_50_A_r0:eval:1:1,1,1,1,16,80,A,False,529.554,532.286,ok,,0.19047619047619047,0.07391304347826082,0.17391304347826086,20,2,4,5,0.6,13.111229425765188,0.11180124223602483
pi05_sp_50,r6p3v2_pi05_sp_50_A_r0,r6p3v2_pi05_sp_50_A_r0:eval:1:1,1,1,1,18,90,A,False,619.02,627.65,ok,,0.18181818181818177,0.05714285714285705,0.1739130434782609,20,2,4,5,0.7,13.131326240471381,0.02608695652173923
pi05_sp_50,r6p3v2_pi05_sp_50_A_r0,r6p3v2_pi05_sp_50_A_r0:eval:2:0,1,2,0,0,0,A,False,57.335,60.458,inactive,warming_up,,,,0,2,4,5,,,
pi05_sp_50,r6p3v2_pi05_sp_50_A_r0,r6p3v2_pi05_sp_50_A_r0:eval:2:0,1,2,0,2,10,A,False,58.933,61.196,inactive,warming_up,,,,0,2,4,5,,,
pi05_sp_50,r6p3v2_pi05_sp_50_A_r0,r6p3v2_pi05_sp_50_A_r0:eval:2:0,1,2,0,4,20,A,False,910.385,913.765,ok,,0.21052631578947367,0.09941520467836255,0.2,20,2,4,5,0.0,24.893098815844013,0.022222222222222227
pi05_sp_50,r6p3v2_pi05_sp_50_A_r0,r6p3v2_pi05_sp_50_A_r0:eval:2:0,1,2,0,6,30,A,False,710.015,713.453,ok,,0.22222222222222224,0.09941520467836255,0.2,20,2,4,5,0.1111111111111111,16.732438145389846,0.011695906432748565
pi05_sp_50,r6p3v2_pi05_sp_50_A_r0,r6p3v2_pi05_sp_50_A_r0:eval:2:0,1,2,0,8,40,A,False,699.418,702.275,ok,,0.22222222222222224,0.09941520467836255,0.2,20,2,4,5,0.2222222222222222,16.56171518864518,0.07777777777777775
pi05_sp_50,r6p3v2_pi05_sp_50_A_r0,r6p3v2_pi05_sp_50_A_r0:eval:2:0,1,2,0,10,50,A,False,679.006,682.067,ok,,0.22222222222222227,0.08888888888888889,0.2,20,2,4,5,0.3333333333333333,15.4566908243587,0.02222222222222231
pi05_sp_50,r6p3v2_pi05_sp_50_A_r0,r6p3v2_pi05_sp_50_A_r0:eval:2:0,1,2,0,12,60,A,False,744.736,747.963,ok,,0.22222222222222224,0.08888888888888889,0.2,20,2,4,5,0.4444444444444444,15.425908917804705,0.022222222222222282
pi05_sp_50,r6p3v2_pi05_sp_50_A_r0,r6p3v2_pi05_sp_50_A_r0:eval:2:0,1,2,0,14,70,A,False,709.887,712.943,ok,,0.22222222222222224,0.09941520467836262,0.19999999999999996,20,2,4,5,0.5555555555555556,14.001310760365167,0.11578947368421041
pi05_sp_50,r6p3v2_pi05_sp_50_A_r0,r6p3v2_pi05_sp_50_A_r0:eval:2:0,1,2,0,16,80,A,False,569.112,571.903,ok,,0.22222222222222224,0.11111111111111119,0.19999999999999996,20,2,4,5,0.6666666666666666,14.270180289436235,0.09356725146198827
pi05_sp_50,r6p3v2_pi05_sp_50_A_r0,r6p3v2_pi05_sp_50_A_r0:eval:2:0,1,2,0,18,90,A,False,520.639,523.368,slow_ambiguous,,0.11111111111111105,0.11111111111111119,0.19999999999999996,20,2,4,5,0.7777777777777778,13.781421649254542,0.12222222222222226
pi05_sp_50,r6p3v2_pi05_sp_50_A_r0,r6p3v2_pi05_sp_50_A_r0:eval:2:1,1,2,1,0,0,A,False,44.834,47.862,inactive,warming_up,,,,0,2,4,5,,,
pi05_sp_50,r6p3v2_pi05_sp_50_A_r0,r6p3v2_pi05_sp_50_A_r0:eval:2:1,1,2,1,2,10,A,False,29.56,31.377,inactive,warming_up,,,,0,2,4,5,,,
pi05_sp_50,r6p3v2_pi05_sp_50_A_r0,r6p3v2_pi05_sp_50_A_r0:eval:2:1,1,2,1,4,20,A,False,652.264,654.968,ok,,0.22222222222222224,0.09941520467836255,0.2,20,2,4,5,0.0,17.283053148148426,0.022222222222222227
pi05_sp_50,r6p3v2_pi05_sp_50_A_r0,r6p3v2_pi05_sp_50_A_r0:eval:2:1,1,2,1,6,30,A,False,549.416,552.118,ok,,0.22222222222222224,0.09941520467836255,0.2,20,2,4,5,0.1111111111111111,12.249488180971701,0.0777777777777778
pi05_sp_50,r6p3v2_pi05_sp_50_A_r0,r6p3v2_pi05_sp_50_A_r0:eval:2:1,1,2,1,8,40,A,False,562.69,565.519,ok,,0.22222222222222224,0.09941520467836255,0.2,20,2,4,5,0.2222222222222222,11.994148981131723,0.07777777777777775
pi05_sp_50,r6p3v2_pi05_sp_50_A_r0,r6p3v2_pi05_sp_50_A_r0:eval:2:1,1,2,1,10,50,A,False,512.63,515.173,ok,,0.22222222222222227,0.08888888888888889,0.2,20,2,4,5,0.3333333333333333,11.73108688956088,0.02222222222222231
pi05_sp_50,r6p3v2_pi05_sp_50_A_r0,r6p3v2_pi05_sp_50_A_r0:eval:2:1,1,2,1,12,60,A,False,530.033,532.74,ok,,0.21052631578947367,0.08888888888888889,0.2,20,2,4,5,0.4444444444444444,12.906877273781605,0.022222222222222282
pi05_sp_50,r6p3v2_pi05_sp_50_A_r0,r6p3v2_pi05_sp_50_A_r0:eval:2:1,1,2,1,14,70,A,False,536.786,539.704,ok,,0.22222222222222224,0.09941520467836262,0.19999999999999996,20,2,4,5,0.5555555555555556,12.9222589690121,0.11578947368421041
pi05_sp_50,r6p3v2_pi05_sp_50_A_r0,r6p3v2_pi05_sp_50_A_r0:eval:2:1,1,2,1,16,80,A,False,501.828,517.06,ok,,0.22222222222222224,0.11111111111111119,0.19999999999999996,20,2,4,5,0.631578947368421,13.80025427114832,0.12280701754385959
pi05_sp_50,r6p3v2_pi05_sp_50_A_r0,r6p3v2_pi05_sp_50_A_r0:eval:2:1,1,2,1,18,90,A,False,547.723,550.231,slow_ambiguous,,0.11111111111111105,0.11111111111111119,0.19999999999999996,20,2,4,5,0.7777777777777778,13.144465957450812,0.12222222222222226
pi05_sp_50,r6p3v2_pi05_sp_50_A_r0,r6p3v2_pi05_sp_50_A_r0:eval:3:0,1,3,0,0,0,A,False,75.986,79.625,inactive,warming_up,,,,0,2,4,5,,,
pi05_sp_50,r6p3v2_pi05_sp_50_A_r0,r6p3v2_pi05_sp_50_A_r0:eval:3:0,1,3,0,2,10,A,False,36.661,38.762,inactive,warming_up,,,,0,2,4,5,,,
pi05_sp_50,r6p3v2_pi05_sp_50_A_r0,r6p3v2_pi05_sp_50_A_r0:eval:3:0,1,3,0,4,20,A,False,810.275,813.158,ok,,0.25,0.0,0.25,20,2,4,5,0.0,18.27896016591649,0.0
pi05_sp_50,r6p3v2_pi05_sp_50_A_r0,r6p3v2_pi05_sp_50_A_r0:eval:3:0,1,3,0,6,30,A,False,636.736,639.832,ok,,0.25,0.0,0.25,20,2,4,5,0.125,13.19627132688314,0.0
pi05_sp_50,r6p3v2_pi05_sp_50_A_r0,r6p3v2_pi05_sp_50_A_r0:eval:3:0,1,3,0,8,40,A,False,553.124,556.29,ok,,0.25,0.0,0.25,20,2,4,5,0.25,12.507541139338095,0.0
pi05_sp_50,r6p3v2_pi05_sp_50_A_r0,r6p3v2_pi05_sp_50_A_r0:eval:3:0,1,3,0,10,50,A,False,588.894,591.75,ok,,0.25,0.0,0.25,20,2,4,5,0.375,12.492975719735282,0.0
pi05_sp_50,r6p3v2_pi05_sp_50_A_r0,r6p3v2_pi05_sp_50_A_r0:eval:3:0,1,3,0,12,60,A,False,531.971,534.975,ok,,0.25,0.0,0.25,20,2,4,5,0.5,12.348936526896258,0.0
pi05_sp_50,r6p3v2_pi05_sp_50_A_r0,r6p3v2_pi05_sp_50_A_r0:eval:3:0,1,3,0,14,70,A,False,545.135,560.629,ok,,0.25,0.0,0.25,20,2,4,5,0.625,11.733694463576029,0.0
pi05_sp_50,r6p3v2_pi05_sp_50_A_r0,r6p3v2_pi05_sp_50_A_r0:eval:3:0,1,3,0,16,80,A,False,571.699,574.339,ok,,0.25,0.0,0.25,20,2,4,5,0.75,11.922955243091343,0.0
pi05_sp_50,r6p3v2_pi05_sp_50_A_r0,r6p3v2_pi05_sp_50_A_r0:eval:3:1,1,3,1,0,0,A,False,50.117,53.81,inactive,warming_up,,,,0,2,4,5,,,
pi05_sp_50,r6p3v2_pi05_sp_50_A_r0,r6p3v2_pi05_sp_50_A_r0:eval:3:1,1,3,1,2,10,A,False,35.103,37.22,inactive,warming_up,,,,0,2,4,5,,,
pi05_sp_50,r6p3v2_pi05_sp_50_A_r0,r6p3v2_pi05_sp_50_A_r0:eval:3:1,1,3,1,4,20,A,False,690.715,694.358,ok,,0.25,0.0,0.25,20,2,4,5,0.0,17.310410941397134,0.0
pi05_sp_50,r6p3v2_pi05_sp_50_A_r0,r6p3v2_pi05_sp_50_A_r0:eval:3:1,1,3,1,6,30,A,False,715.814,719.512,ok,,0.25,0.0,0.25,20,2,4,5,0.125,14.591618028360925,0.0
pi05_sp_50,r6p3v2_pi05_sp_50_A_r0,r6p3v2_pi05_sp_50_A_r0:eval:3:1,1,3,1,8,40,A,False,706.864,710.081,ok,,0.25,0.0,0.25,20,2,4,5,0.25,14.880519873693904,0.0
pi05_sp_50,r6p3v2_pi05_sp_50_A_r0,r6p3v2_pi05_sp_50_A_r0:eval:3:1,1,3,1,10,50,A,False,617.361,620.491,ok,,0.25,0.0,0.25,20,2,4,5,0.375,15.905422380279646,0.0
pi05_sp_50,r6p3v2_pi05_sp_50_A_r0,r6p3v2_pi05_sp_50_A_r0:eval:3:1,1,3,1,12,60,A,False,657.288,660.885,ok,,0.25,0.0,0.25,20,2,4,5,0.5,16.56584005487616,0.0
pi05_sp_50,r6p3v2_pi05_sp_50_A_r0,r6p3v2_pi05_sp_50_A_r0:eval:3:1,1,3,1,14,70,A,False,723.371,726.881,ok,,0.25,0.0,0.25,20,2,4,5,0.625,16.207152719617355,0.0
pi05_sp_50,r6p3v2_pi05_sp_50_A_r0,r6p3v2_pi05_sp_50_A_r0:eval:3:1,1,3,1,16,80,A,False,579.105,582.113,ok,,0.25,0.125,0.25,20,2,4,5,0.75,16.606974577375507,0.125
pi05_sp_50,r6p3v2_pi05_sp_50_A_r0,r6p3v2_pi05_sp_50_A_r0:eval:4:0,1,4,0,0,0,A,False,57.511,60.705,inactive,warming_up,,,,0,2,4,5,,,
pi05_sp_50,r6p3v2_pi05_sp_50_A_r0,r6p3v2_pi05_sp_50_A_r0:eval:4:0,1,4,0,2,10,A,False,32.554,34.6,inactive,warming_up,,,,0,2,4,5,,,
pi05_sp_50,r6p3v2_pi05_sp_50_A_r0,r6p3v2_pi05_sp_50_A_r0:eval:4:0,1,4,0,4,20,A,False,787.148,789.877,ok,,0.16666666666666666,0.0757575757575758,0.15384615384615385,20,2,4,5,0.0,14.432167065996031,0.07076923076923078
pi05_sp_50,r6p3v2_pi05_sp_50_A_r0,r6p3v2_pi05_sp_50_A_r0:eval:4:0,1,4,0,6,30,A,False,572.217,575.143,ok,,0.16666666666666669,0.021818181818181792,0.15384615384615385,20,2,4,5,0.08333333333333333,10.601162666670769,0.02181818181818182
pi05_sp_50,r6p3v2_pi05_sp_50_A_r0,r6p3v2_pi05_sp_50_A_r0:eval:4:0,1,4,0,8,40,A,False,501.073,503.718,ok,,0.16666666666666666,0.021818181818181792,0.15384615384615385,20,2,4,5,0.16666666666666666,10.263438437406796,0.02181818181818182
pi05_sp_50,r6p3v2_pi05_sp_50_A_r0,r6p3v2_pi05_sp_50_A_r0:eval:4:0,1,4,0,10,50,A,False,563.737,566.461,ok,,0.16000000000000003,0.021818181818181792,0.15384615384615385,20,2,4,5,0.25,9.958562740891635,0.02006688963210701
pi05_sp_50,r6p3v2_pi05_sp_50_A_r0,r6p3v2_pi05_sp_50_A_r0:eval:4:0,1,4,0,12,60,A,False,571.804,574.587,ok,,0.15999999999999998,0.0757575757575758,0.1538461538461538,20,2,4,5,0.3333333333333333,10.425629757637958,0.08300395256916998
pi05_sp_50,r6p3v2_pi05_sp_50_A_r0,r6p3v2_pi05_sp_50_A_r0:eval:4:0,1,4,0,14,70,A,False,544.908,547.765,ok,,0.16666666666666669,0.021818181818181792,0.15384615384615385,20,2,4,5,0.4,10.282550826510255,0.021818181818181737
pi05_sp_50,r6p3v2_pi05_sp_50_A_r0,r6p3v2_pi05_sp_50_A_r0:eval:4:0,1,4,0,16,80,A,False,542.116,544.93,ok,,0.16666666666666663,0.021818181818181792,0.15384615384615385,20,2,4,5,0.48,9.469048923721287,0.021818181818181792
pi05_sp_50,r6p3v2_pi05_sp_50_A_r0,r6p3v2_pi05_sp_50_A_r0:eval:4:0,1,4,0,18,90,A,False,576.353,584.776,ok,,0.15999999999999992,0.021818181818181792,0.15384615384615385,20,2,4,5,0.5833333333333334,8.26299557987475,0.02006688963210701
pi05_sp_50,r6p3v2_pi05_sp_50_A_r0,r6p3v2_pi05_sp_50_A_r0:eval:4:0,1,4,0,20,100,A,False,478.104,480.595,ok,,0.16000000000000003,0.02341137123745818,0.15384615384615385,20,2,4,5,0.6666666666666666,7.952771335356846,0.02006688963210701
pi05_sp_50,r6p3v2_pi05_sp_50_A_r0,r6p3v2_pi05_sp_50_A_r0:eval:4:0,1,4,0,22,110,A,False,552.497,555.5,slow_ambiguous,,0.08333333333333337,0.0705128205128206,0.15384615384615385,20,2,4,5,0.75,8.508306405741296,0.08307692307692316
pi05_sp_50,r6p3v2_pi05_sp_50_A_r0,r6p3v2_pi05_sp_50_A_r0:eval:4:0,1,4,0,24,120,A,False,665.093,668.087,slow_ambiguous,,0.13043478260869568,0.0757575757575758,0.1538461538461538,20,2,4,5,0.8333333333333334,9.731603508331688,0.08974358974358965
pi05_sp_50,r6p3v2_pi05_sp_50_A_r0,r6p3v2_pi05_sp_50_A_r0:eval:4:1,1,4,1,0,0,A,False,68.719,72.051,inactive,warming_up,,,,0,2,4,5,,,
pi05_sp_50,r6p3v2_pi05_sp_50_A_r0,r6p3v2_pi05_sp_50_A_r0:eval:4:1,1,4,1,2,10,A,False,30.927,32.806,inactive,warming_up,,,,0,2,4,5,,,
pi05_sp_50,r6p3v2_pi05_sp_50_A_r0,r6p3v2_pi05_sp_50_A_r0:eval:4:1,1,4,1,4,20,A,False,648.303,651.302,ok,,0.16,0.021818181818181792,0.15384615384615385,20,2,4,5,0.0,12.86813827441508,0.02797202797202797
pi05_sp_50,r6p3v2_pi05_sp_50_A_r0,r6p3v2_pi05_sp_50_A_r0:eval:4:1,1,4,1,6,30,A,False,582.37,585.213,ok,,0.15384615384615385,0.0757575757575758,0.15384615384615385,20,2,4,5,0.08,10.394409569709454,0.07575757575757577
pi05_sp_50,r6p3v2_pi05_sp_50_A_r0,r6p3v2_pi05_sp_50_A_r0:eval:4:1,1,4,1,8,40,A,False,565.427,568.078,ok,,0.15384615384615385,0.0757575757575758,0.15384615384615385,20,2,4,5,0.16,10.584785331991208,0.07575757575757577
pi05_sp_50,r6p3v2_pi05_sp_50_A_r0,r6p3v2_pi05_sp_50_A_r0:eval:4:1,1,4,1,10,50,A,False,612.371,615.592,ok,,0.16000000000000003,0.021818181818181792,0.15384615384615385,20,2,4,5,0.23076923076923078,10.963902730726447,0.02797202797202797
pi05_sp_50,r6p3v2_pi05_sp_50_A_r0,r6p3v2_pi05_sp_50_A_r0:eval:4:1,1,4,1,12,60,A,False,610.055,613.226,ok,,0.15384615384615385,0.0757575757575758,0.1538461538461538,20,2,4,5,0.3076923076923077,12.427721471858264,0.09848484848484845
pi05_sp_50,r6p3v2_pi05_sp_50_A_r0,r6p3v2_pi05_sp_50_A_r0:eval:4:1,1,4,1,14,70,A,False,642.064,645.052,ok,,0.16000000000000003,0.021818181818181792,0.15384615384615385,20,2,4,5,0.38461538461538464,14.829166154358994,0.02797202797202797
pi05_sp_50,r6p3v2_pi05_sp_50_A_r0,r6p3v2_pi05_sp_50_A_r0:eval:4:1,1,4,1,16,80,A,False,700.291,703.299,ok,,0.24999999999999994,0.06909090909090909,0.1538461538461538,20,2,4,5,0.43478260869565216,17.84649531097674,0.11272727272727273
pi05_sp_50,r6p3v2_pi05_sp_50_A_r0,r6p3v2_pi05_sp_50_A_r0:eval:4:1,1,4,1,18,90,A,False,701.679,704.825,ok,,0.17391304347826086,0.0757575757575758,0.15384615384615385,20,2,4,5,0.5454545454545454,20.504741838901072,0.06410256410256421
pi05_sp_50,r6p3v2_pi05_sp_50_A_r0,r6p3v2_pi05_sp_50_A_r0:eval:4:1,1,4,1,20,100,A,False,690.763,693.951,ok,,0.16666666666666674,0.0757575757575758,0.1538461538461538,20,2,4,5,0.6666666666666666,22.420065022010416,0.08615384615384614
pi05_sp_50,r6p3v2_pi05_sp_50_A_r0,r6p3v2_pi05_sp_50_A_r0:eval:4:1,1,4,1,22,110,A,False,744.641,747.792,ok,,0.21739130434782608,0.07304347826086965,0.15384615384615385,20,2,4,5,0.75,23.66143988263435,0.12615384615384617
pi05_sp_50,r6p3v2_pi05_sp_50_A_r0,r6p3v2_pi05_sp_50_A_r0:eval:4:1,1,4,1,24,120,A,True,696.445,699.441,slow_ambiguous,,0.12,0.0757575757575758,0.1538461538461538,20,2,4,5,0.8461538461538461,22.540795840378504,0.08974358974358965
pi05_sp_50,r6p3v2_pi05_sp_50_A_r0,r6p3v2_pi05_sp_50_A_r0:eval:4:1,1,4,1,26,130,A,True,726.861,729.727,slow_confirmed,,0.0,0.0757575757575758,0.15384615384615385,20,2,4,5,1.0,22.135628729782663,0.0
pi05_sp_50,r6p3v2_pi05_sp_50_A_r0,r6p3v2_pi05_sp_50_A_r0:eval:4:1,1,4,1,28,140,A,True,714.332,717.401,slow_confirmed,,0.0,0.0757575757575758,0.1538461538461538,20,2,4,5,1.0,21.43308279124696,0.09090909090909094
pi05_sp_50,r6p3v2_pi05_sp_50_A_r0,r6p3v2_pi05_sp_50_A_r0:eval:4:1,1,4,1,30,150,A,True,540.409,543.031,slow_confirmed,,0.0,0.0757575757575758,0.1538461538461538,20,2,4,5,1.0,22.781526166616846,0.09090909090909094
pi05_sp_50,r6p3v2_pi05_sp_50_A_r0,r6p3v2_pi05_sp_50_A_r0:eval:4:1,1,4,1,32,160,A,True,582.751,585.382,slow_confirmed,,0.0,0.0757575757575758,0.15384615384615385,20,2,4,5,1.0,24.539478818385447,0.0
pi05_sp_50,r6p3v2_pi05_sp_50_A_r0,r6p3v2_pi05_sp_50_A_r0:eval:4:1,1,4,1,34,170,A,True,544.359,546.948,slow_confirmed,,0.0,0.0757575757575758,0.15384615384615385,20,2,4,5,1.0,26.475154524823637,0.0
pi05_sp_50,r6p3v2_pi05_sp_50_A_r0,r6p3v2_pi05_sp_50_A_r0:eval:4:1,1,4,1,36,180,A,True,610.304,613.055,slow_confirmed,,0.0,0.0757575757575758,0.15384615384615385,20,2,4,5,1.0,27.437479406115955,0.0
pi05_sp_50,r6p3v2_pi05_sp_50_A_r0,r6p3v2_pi05_sp_50_A_r0:eval:4:1,1,4,1,38,190,A,True,1464.072,601.743,slow_confirmed,,0.0,0.0757575757575758,0.15384615384615385,20,2,4,5,1.0,27.04791056386587,0.0
pi05_sp_50,r6p3v2_pi05_sp_50_A_r0,r6p3v2_pi05_sp_50_A_r0:eval:4:1,1,4,1,40,200,A,True,481.111,483.657,slow_confirmed,,0.0,0.0757575757575758,0.15384615384615385,20,2,4,5,1.0,26.112586456584154,0.0
pi05_sp_50,r6p3v2_pi05_sp_50_A_r0,r6p3v2_pi05_sp_50_A_r0:eval:4:1,1,4,1,42,210,A,True,569.64,572.075,slow_confirmed,,0.0,0.0757575757575758,0.15384615384615385,20,2,4,5,1.0,25.627145360146113,0.0
pi05_sp_50,r6p3v2_pi05_sp_50_A_r0,r6p3v2_pi05_sp_50_A_r0:eval:5:0,1,5,0,0,0,A,False,95.907,99.123,inactive,warming_up,,,,0,2,4,5,,,
pi05_sp_50,r6p3v2_pi05_sp_50_A_r0,r6p3v2_pi05_sp_50_A_r0:eval:5:0,1,5,0,2,10,A,False,33.973,35.927,inactive,warming_up,,,,0,2,4,5,,,
pi05_sp_50,r6p3v2_pi05_sp_50_A_r0,r6p3v2_pi05_sp_50_A_r0:eval:5:0,1,5,0,4,20,A,False,752.1,754.406,ok,,0.22222222222222224,0.013071895424836583,0.22222222222222224,20,2,4,5,0.0,24.710007827850546,0.013071895424836583
pi05_sp_50,r6p3v2_pi05_sp_50_A_r0,r6p3v2_pi05_sp_50_A_r0:eval:5:0,1,5,0,6,30,A,False,538.312,540.971,ok,,0.22222222222222224,0.013071895424836583,0.22222222222222224,20,2,4,5,0.1111111111111111,19.388079656988086,0.013071895424836583
pi05_sp_50,r6p3v2_pi05_sp_50_A_r0,r6p3v2_pi05_sp_50_A_r0:eval:5:0,1,5,0,8,40,A,False,632.354,635.607,ok,,0.22222222222222224,0.013071895424836583,0.22222222222222224,20,2,4,5,0.2222222222222222,17.403896609948003,0.013071895424836583
pi05_sp_50,r6p3v2_pi05_sp_50_A_r0,r6p3v2_pi05_sp_50_A_r0:eval:5:0,1,5,0,10,50,A,False,622.381,625.341,ok,,0.22222222222222227,0.11111111111111108,0.22222222222222224,20,2,4,5,0.3333333333333333,17.300109896416355,0.013071895424836555
pi05_sp_50,r6p3v2_pi05_sp_50_A_r0,r6p3v2_pi05_sp_50_A_r0:eval:5:0,1,5,0,12,60,A,False,608.342,611.441,ok,,0.22222222222222224,0.04575163398692808,0.22222222222222224,20,2,4,5,0.4444444444444444,17.65778708039846,0.013071895424836638
pi05_sp_50,r6p3v2_pi05_sp_50_A_r0,r6p3v2_pi05_sp_50_A_r0:eval:5:0,1,5,0,14,70,A,False,582.013,586.0,ok,,0.22222222222222224,0.11111111111111108,0.22222222222222224,20,2,4,5,0.5555555555555556,17.517985239551503,0.013071895424836555
pi05_sp_50,r6p3v2_pi05_sp_50_A_r0,r6p3v2_pi05_sp_50_A_r0:eval:5:0,1,5,0,16,80,A,False,568.239,571.166,ok,,0.22222222222222224,0.04575163398692808,0.22222222222222224,20,2,4,5,0.6666666666666666,16.550094135083732,0.11764705882352947
pi05_sp_50,r6p3v2_pi05_sp_50_A_r0,r6p3v2_pi05_sp_50_A_r0:eval:5:0,1,5,0,18,90,A,False,485.212,487.821,slow_ambiguous,,0.17647058823529416,0.04575163398692808,0.22222222222222224,20,2,4,5,0.7777777777777778,16.284309509249187,0.1045751633986928
pi05_sp_50,r6p3v2_pi05_sp_50_A_r0,r6p3v2_pi05_sp_50_A_r0:eval:5:1,1,5,1,0,0,A,False,47.992,51.126,inactive,warming_up,,,,0,2,4,5,,,
pi05_sp_50,r6p3v2_pi05_sp_50_A_r0,r6p3v2_pi05_sp_50_A_r0:eval:5:1,1,5,1,2,10,A,False,42.489,52.616,inactive,warming_up,,,,0,2,4,5,,,
pi05_sp_50,r6p3v2_pi05_sp_50_A_r0,r6p3v2_pi05_sp_50_A_r0:eval:5:1,1,5,1,4,20,A,False,740.133,743.485,ok,,0.22222222222222224,0.013071895424836583,0.22222222222222224,20,2,4,5,0.0,25.386841998771597,0.013071895424836583
pi05_sp_50,r6p3v2_pi05_sp_50_A_r0,r6p3v2_pi05_sp_50_A_r0:eval:5:1,1,5,1,6,30,A,False,666.329,669.477,ok,,0.22222222222222224,0.013071895424836583,0.22222222222222224,20,2,4,5,0.1111111111111111,20.81779965442505,0.013071895424836583
pi05_sp_50,r6p3v2_pi05_sp_50_A_r0,r6p3v2_pi05_sp_50_A_r0:eval:5:1,1,5,1,8,40,A,False,673.194,676.329,ok,,0.22222222222222224,0.013071895424836583,0.22222222222222224,20,2,4,5,0.2222222222222222,19.162735393941986,0.013071895424836583
pi05_sp_50,r6p3v2_pi05_sp_50_A_r0,r6p3v2_pi05_sp_50_A_r0:eval:5:1,1,5,1,10,50,A,False,663.607,666.887,ok,,0.22222222222222227,0.11111111111111108,0.22222222222222224,20,2,4,5,0.3333333333333333,19.04543065841547,0.013071895424836555
pi05_sp_50,r6p3v2_pi05_sp_50_A_r0,r6p3v2_pi05_sp_50_A_r0:eval:5:1,1,5,1,12,60,A,False,742.011,745.925,ok,,0.22222222222222224,0.04575163398692808,0.22222222222222224,20,2,4,5,0.4444444444444444,18.38979845621242,0.013071895424836638
pi05_sp_50,r6p3v2_pi05_sp_50_A_r0,r6p3v2_pi05_sp_50_A_r0:eval:5:1,1,5,1,14,70,A,False,730.073,732.975,ok,,0.22222222222222224,0.11111111111111108,0.22222222222222224,20,2,4,5,0.5555555555555556,18.40731662642312,0.013071895424836555
pi05_sp_50,r6p3v2_pi05_sp_50_A_r0,r6p3v2_pi05_sp_50_A_r0:eval:5:1,1,5,1,16,80,A,False,685.272,688.281,ok,,0.22222222222222224,0.04575163398692808,0.22222222222222224,20,2,4,5,0.6666666666666666,17.95068092905032,0.11764705882352947
pi05_sp_50,r6p3v2_pi05_sp_50_A_r0,r6p3v2_pi05_sp_50_A_r0:eval:5:1,1,5,1,18,90,A,False,752.178,755.365,slow_ambiguous,,0.17647058823529416,0.04575163398692808,0.22222222222222224,20,2,4,5,0.7777777777777778,18.134889691288972,0.04575163398692808
pi05_sp_50,r6p3v2_pi05_sp_50_A_r0,r6p3v2_pi05_sp_50_A_r0:eval:6:0,1,6,0,0,0,A,False,60.365,63.565,inactive,warming_up,,,,0,2,4,5,,,
pi05_sp_50,r6p3v2_pi05_sp_50_A_r0,r6p3v2_pi05_sp_50_A_r0:eval:6:0,1,6,0,2,10,A,False,34.293,36.075,inactive,warming_up,,,,0,2,4,5,,,
pi05_sp_50,r6p3v2_pi05_sp_50_A_r0,r6p3v2_pi05_sp_50_A_r0:eval:6:0,1,6,0,4,20,A,False,769.988,772.695,ok,,0.17391304347826086,0.04385964912280699,0.16666666666666663,20,2,4,5,0.0,12.791535049941297,0.033333333333333354
pi05_sp_50,r6p3v2_pi05_sp_50_A_r0,r6p3v2_pi05_sp_50_A_r0:eval:6:0,1,6,0,6,30,A,False,648.546,651.407,ok,,0.17391304347826086,0.06666666666666671,0.16666666666666669,20,2,4,5,0.08695652173913043,9.362727141266449,0.0333333333333333
pi05_sp_50,r6p3v2_pi05_sp_50_A_r0,r6p3v2_pi05_sp_50_A_r0:eval:6:0,1,6,0,8,40,A,False,534.813,537.543,ok,,0.17391304347826086,0.04385964912280699,0.16666666666666663,20,2,4,5,0.17391304347826086,8.951398668565643,0.033333333333333354
pi05_sp_50,r6p3v2_pi05_sp_50_A_r0,r6p3v2_pi05_sp_50_A_r0:eval:6:0,1,6,0,10,50,A,False,547.586,550.083,slow_confirmed,,0.08695652173913043,0.06666666666666665,0.16666666666666674,20,2,4,5,0.2608695652173913,9.301602284836578,0.1166666666666667
pi05_sp_50,r6p3v2_pi05_sp_50_A_r0,r6p3v2_pi05_sp_50_A_r0:eval:6:0,1,6,0,12,60,A,False,502.223,504.836,slow_confirmed,,0.09999999999999998,0.0,0.16666666666666663,20,2,4,5,0.34782608695652173,10.746530093689024,0.16304347826086962
pi05_sp_50,r6p3v2_pi05_sp_50_A_r0,r6p3v2_pi05_sp_50_A_r0:eval:6:0,1,6,0,14,70,A,False,526.991,546.917,ok,,0.17391304347826086,0.0,0.16666666666666663,20,2,4,5,0.34782608695652173,13.667839008295305,0.23333333333333334
pi05_sp_50,r6p3v2_pi05_sp_50_A_r0,r6p3v2_pi05_sp_50_A_r0:eval:6:0,1,6,0,16,80,A,True,550.068,552.693,ok,,0.17391304347826092,0.06666666666666665,0.16666666666666674,20,2,4,5,0.5,15.803731437798097,0.1271929824561404
pi05_sp_50,r6p3v2_pi05_sp_50_A_r0,r6p3v2_pi05_sp_50_A_r0:eval:6:0,1,6,0,18,90,A,False,504.555,507.242,ok,,0.2000000000000001,0.1739130434782609,0.16666666666666663,20,2,4,5,0.6,18.49963224610245,0.181159420289855
pi05_sp_50,r6p3v2_pi05_sp_50_A_r0,r6p3v2_pi05_sp_50_A_r0:eval:6:0,1,6,0,20,100,A,False,561.407,564.002,slow_ambiguous,,0.10526315789473684,0.1739130434782609,0.16666666666666674,20,2,4,5,0.7,20.316553967391613,0.1
pi05_sp_50,r6p3v2_pi05_sp_50_A_r0,r6p3v2_pi05_sp_50_A_r0:eval:6:0,1,6,0,22,110,A,False,525.026,527.627,ok,,0.17391304347826086,0.09473684210526312,0.16666666666666674,20,2,4,5,0.8,21.745504888958422,0.09473684210526312
pi05_sp_50,r6p3v2_pi05_sp_50_A_r0,r6p3v2_pi05_sp_50_A_r0:eval:6:0,1,6,0,24,120,A,False,554.418,557.181,slow_ambiguous,,0.1578947368421053,0.1739130434782609,0.16666666666666663,20,2,4,5,0.8,22.058231903986933,0.16086956521739137
pi05_sp_50,r6p3v2_pi05_sp_50_A_r0,r6p3v2_pi05_sp_50_A_r0:eval:6:0,1,6,0,26,130,A,False,585.714,588.689,slow_ambiguous,,0.0,0.1739130434782609,0.16666666666666663,20,2,4,5,0.9473684210526315,22.627723839244776,0.13043478260869568
pi05_sp_50,r6p3v2_pi05_sp_50_A_r0,r6p3v2_pi05_sp_50_A_r0:eval:6:0,1,6,0,28,140,A,True,654.843,657.681,slow_ambiguous,,0.0,0.1739130434782609,0.16666666666666663,20,2,4,5,0.9565217391304348,23.986955530182925,0.25000000000000006
pi05_sp_50,r6p3v2_pi05_sp_50_A_r0,r6p3v2_pi05_sp_50_A_r0:eval:6:0,1,6,0,30,150,A,True,615.3,618.264,slow_confirmed,,0.0,0.0,0.16666666666666663,20,2,4,5,0.4,25.61426544977952,0.25000000000000006
pi05_sp_50,r6p3v2_pi05_sp_50_A_r0,r6p3v2_pi05_sp_50_A_r0:eval:6:0,1,6,0,32,160,A,True,585.049,588.178,slow_confirmed,,0.0,0.07391304347826089,0.16666666666666669,20,2,4,5,0.42105263157894735,27.432854202783684,0.0
pi05_sp_50,r6p3v2_pi05_sp_50_A_r0,r6p3v2_pi05_sp_50_A_r0:eval:6:0,1,6,0,34,170,A,True,567.414,570.441,slow_confirmed,,0.0,0.07391304347826089,0.16666666666666663,20,2,4,5,0.4,29.102004795893848,0.08333333333333337
pi05_sp_50,r6p3v2_pi05_sp_50_A_r0,r6p3v2_pi05_sp_50_A_r0:eval:6:0,1,6,0,36,180,A,True,532.022,534.713,slow_confirmed,,0.0,0.0,0.16666666666666663,20,2,4,5,0.4,30.943953406577283,0.16666666666666669
pi05_sp_50,r6p3v2_pi05_sp_50_A_r0,r6p3v2_pi05_sp_50_A_r0:eval:6:0,1,6,0,38,190,A,True,542.934,545.335,slow_confirmed,,0.0,0.07391304347826089,0.16666666666666669,20,2,4,5,0.4166666666666667,32.704831641417634,0.0
pi05_sp_50,r6p3v2_pi05_sp_50_A_r0,r6p3v2_pi05_sp_50_A_r0:eval:6:0,1,6,0,40,200,A,True,526.182,528.699,slow_confirmed,,0.0,0.07391304347826089,0.16666666666666669,20,2,4,5,0.4166666666666667,33.889052670295634,0.0
pi05_sp_50,r6p3v2_pi05_sp_50_A_r0,r6p3v2_pi05_sp_50_A_r0:eval:6:0,1,6,0,42,210,A,True,601.948,604.966,slow_confirmed,,0.0,0.07391304347826089,0.16666666666666669,20,2,4,5,0.4166666666666667,34.81765849916631,0.0
pi05_sp_50,r6p3v2_pi05_sp_50_A_r0,r6p3v2_pi05_sp_50_A_r0:eval:6:1,1,6,1,0,0,A,False,52.079,55.029,inactive,warming_up,,,,0,2,4,5,,,
pi05_sp_50,r6p3v2_pi05_sp_50_A_r0,r6p3v2_pi05_sp_50_A_r0:eval:6:1,1,6,1,2,10,A,False,37.003,39.46,inactive,warming_up,,,,0,2,4,5,,,
pi05_sp_50,r6p3v2_pi05_sp_50_A_r0,r6p3v2_pi05_sp_50_A_r0:eval:6:1,1,6,1,4,20,A,False,728.265,731.53,slow_ambiguous,,0.16666666666666666,0.1739130434782609,0.16666666666666674,20,2,4,5,0.0,23.64510460914886,0.11304347826086958
pi05_sp_50,r6p3v2_pi05_sp_50_A_r0,r6p3v2_pi05_sp_50_A_r0:eval:6:1,1,6,1,6,30,A,False,708.081,711.524,ok,,0.16666666666666669,0.1739130434782609,0.16666666666666663,20,2,4,5,0.08695652173913043,18.099657518569522,0.1
pi05_sp_50,r6p3v2_pi05_sp_50_A_r0,r6p3v2_pi05_sp_50_A_r0:eval:6:1,1,6,1,8,40,A,False,762.715,766.029,ok,,0.21052631578947367,0.07391304347826089,0.16666666666666663,20,2,4,5,0.16666666666666666,16.695528820847656,0.060869565217391286
pi05_sp_50,r6p3v2_pi05_sp_50_A_r0,r6p3v2_pi05_sp_50_A_r0:eval:6:1,1,6,1,10,50,A,True,686.796,690.108,ok,,0.21052631578947367,0.0,0.16666666666666663,20,2,4,5,0.2608695652173913,15.155210792951541,0.1594202898550725
pi05_sp_50,r6p3v2_pi05_sp_50_A_r0,r6p3v2_pi05_sp_50_A_r0:eval:6:1,1,6,1,12,60,A,False,734.288,738.018,ok,,0.19999999999999996,0.07391304347826089,0.16666666666666663,20,2,4,5,0.4,15.000530812311899,0.07608695652173908
pi05_sp_50,r6p3v2_pi05_sp_50_A_r0,r6p3v2_pi05_sp_50_A_r0:eval:6:1,1,6,1,14,70,A,False,663.815,666.865,ok,,0.17391304347826092,0.07391304347826089,0.16666666666666663,20,2,4,5,0.5,16.22154487307594,0.04385964912280704
pi05_sp_50,r6p3v2_pi05_sp_50_A_r0,r6p3v2_pi05_sp_50_A_r0:eval:6:1,1,6,1,16,80,A,False,567.425,570.219,ok,,0.2000000000000001,0.1739130434782609,0.16666666666666663,20,2,4,5,0.6,19.856125299611467,0.181159420289855
pi05_sp_50,r6p3v2_pi05_sp_50_A_r0,r6p3v2_pi05_sp_50_A_r0:eval:6:1,1,6,1,18,90,A,False,533.768,536.464,slow_ambiguous,,0.10526315789473684,0.1739130434782609,0.16666666666666663,20,2,4,5,0.7,22.761843891766848,0.16086956521739115
pi05_sp_50,r6p3v2_pi05_sp_50_A_r0,r6p3v2_pi05_sp_50_A_r0:eval:6:1,1,6,1,20,100,A,False,574.331,577.09,slow_ambiguous,,0.08333333333333326,0.1739130434782609,0.16666666666666663,20,2,4,5,0.8,24.918890238970267,0.30434782608695654
pi05_sp_50,r6p3v2_pi05_sp_50_A_r0,r6p3v2_pi05_sp_50_A_r0:eval:6:1,1,6,1,22,110,A,True,592.465,595.464,slow_ambiguous,,0.13043478260869568,0.1739130434782609,0.16666666666666663,20,2,4,5,0.8421052631578947,25.016182342938595,0.19999999999999996
pi05_sp_50,r6p3v2_pi05_sp_50_A_r0,r6p3v2_pi05_sp_50_A_r0:eval:6:1,1,6,1,24,120,A,True,520.142,522.912,slow_confirmed,,0.0,0.0,0.16666666666666663,20,2,4,5,0.4166666666666667,24.14835944706081,0.16666666666666669
pi05_sp_50,r6p3v2_pi05_sp_50_A_r0,r6p3v2_pi05_sp_50_A_r0:eval:6:1,1,6,1,26,130,A,True,574.356,577.216,slow_confirmed,,0.0,0.0,0.16666666666666663,20,2,4,5,0.4166666666666667,23.76535186132483,0.4736842105263158
pi05_sp_50,r6p3v2_pi05_sp_50_A_r0,r6p3v2_pi05_sp_50_A_r0:eval:6:1,1,6,1,28,140,A,True,545.104,547.636,slow_confirmed,,0.0,0.0,0.16666666666666663,20,2,4,5,0.4,24.153108160592748,0.4736842105263158
pi05_sp_50,r6p3v2_pi05_sp_50_A_r0,r6p3v2_pi05_sp_50_A_r0:eval:6:1,1,6,1,30,150,A,True,486.287,488.703,slow_confirmed,,0.0,0.07391304347826089,0.16666666666666669,20,2,4,5,0.4166666666666667,25.630331858439472,0.0
pi05_sp_50,r6p3v2_pi05_sp_50_A_r0,r6p3v2_pi05_sp_50_A_r0:eval:6:1,1,6,1,32,160,A,True,562.675,565.343,slow_confirmed,,0.0,0.07391304347826089,0.16666666666666669,20,2,4,5,0.4166666666666667,27.25642622538611,0.0
pi05_sp_50,r6p3v2_pi05_sp_50_A_r0,r6p3v2_pi05_sp_50_A_r0:eval:6:1,1,6,1,34,170,A,True,525.793,528.427,slow_ambiguous,,0.0,0.1739130434782609,0.16666666666666663,20,2,4,5,0.4166666666666667,29.383099529154155,0.10526315789473684
pi05_sp_50,r6p3v2_pi05_sp_50_A_r0,r6p3v2_pi05_sp_50_A_r0:eval:6:1,1,6,1,36,180,A,True,538.265,540.899,slow_confirmed,,0.0,0.07391304347826089,0.16666666666666669,20,2,4,5,0.4166666666666667,30.59691268150038,0.0
pi05_sp_50,r6p3v2_pi05_sp_50_A_r0,r6p3v2_pi05_sp_50_A_r0:eval:6:1,1,6,1,38,190,A,True,549.132,551.895,slow_confirmed,,0.0,0.07391304347826089,0.16666666666666669,20,2,4,5,0.4166666666666667,31.150437555330182,0.0
pi05_sp_50,r6p3v2_pi05_sp_50_A_r0,r6p3v2_pi05_sp_50_A_r0:eval:6:1,1,6,1,40,200,A,True,582.357,585.125,slow_confirmed,,0.0,0.07391304347826089,0.16666666666666669,20,2,4,5,0.4166666666666667,31.32703414685639,0.0
pi05_sp_50,r6p3v2_pi05_sp_50_A_r0,r6p3v2_pi05_sp_50_A_r0:eval:6:1,1,6,1,42,210,A,True,622.435,625.908,slow_confirmed,,0.0,0.07391304347826089,0.16666666666666669,20,2,4,5,0.4166666666666667,31.786902472261062,0.0
pi05_sp_50,r6p3v2_pi05_sp_50_A_r0,r6p3v2_pi05_sp_50_A_r0:eval:7:0,1,7,0,0,0,A,False,66.717,69.859,inactive,warming_up,,,,0,2,4,5,,,
pi05_sp_50,r6p3v2_pi05_sp_50_A_r0,r6p3v2_pi05_sp_50_A_r0:eval:7:0,1,7,0,2,10,A,False,36.03,38.016,inactive,warming_up,,,,0,2,4,5,,,
pi05_sp_50,r6p3v2_pi05_sp_50_A_r0,r6p3v2_pi05_sp_50_A_r0:eval:7:0,1,7,0,4,20,A,False,810.677,813.439,ok,,0.16,0.02181818181818182,0.15384615384615385,20,2,4,5,0.0,17.625024385224407,0.09615384615384615
pi05_sp_50,r6p3v2_pi05_sp_50_A_r0,r6p3v2_pi05_sp_50_A_r0:eval:7:0,1,7,0,6,30,A,False,604.866,607.645,ok,,0.1818181818181818,0.02181818181818182,0.15384615384615385,20,2,4,5,0.08333333333333333,13.976837023540293,0.09615384615384615
pi05_sp_50,r6p3v2_pi05_sp_50_A_r0,r6p3v2_pi05_sp_50_A_r0:eval:7:0,1,7,0,8,40,A,False,536.341,538.943,ok,,0.16666666666666669,0.07575757575757577,0.15384615384615385,20,2,4,5,0.16,15.2941639855251,0.08615384615384619
pi05_sp_50,r6p3v2_pi05_sp_50_A_r0,r6p3v2_pi05_sp_50_A_r0:eval:7:0,1,7,0,10,50,A,False,572.28,575.284,ok,,0.18181818181818182,0.07575757575757577,0.15384615384615385,20,2,4,5,0.2727272727272727,14.922264244749108,0.06818181818181823
pi05_sp_50,r6p3v2_pi05_sp_50_A_r0,r6p3v2_pi05_sp_50_A_r0:eval:7:0,1,7,0,12,60,A,False,597.545,600.427,ok,,0.16000000000000003,0.15999999999999998,0.15384615384615385,20,2,4,5,0.4,14.58101598952724,0.21678321678321683
pi05_sp_50,r6p3v2_pi05_sp_50_A_r0,r6p3v2_pi05_sp_50_A_r0:eval:7:0,1,7,0,14,70,A,False,649.906,652.915,ok,,0.15384615384615385,0.15384615384615385,0.15384615384615385,20,2,4,5,0.45454545454545453,13.647321760737531,0.10181818181818186
pi05_sp_50,r6p3v2_pi05_sp_50_A_r0,r6p3v2_pi05_sp_50_A_r0:eval:7:0,1,7,0,16,80,A,False,668.311,671.593,ok,,0.15384615384615385,0.027972027972027913,0.15384615384615385,20,2,4,5,0.56,13.779834119658451,0.09090909090909094
pi05_sp_50,r6p3v2_pi05_sp_50_A_r0,r6p3v2_pi05_sp_50_A_r0:eval:7:0,1,7,0,18,90,A,False,679.524,682.674,ok,,0.16000000000000003,0.18181818181818182,0.15384615384615385,20,2,4,5,0.6363636363636364,13.215776055455487,0.027972027972028024
pi05_sp_50,r6p3v2_pi05_sp_50_A_r0,r6p3v2_pi05_sp_50_A_r0:eval:7:0,1,7,0,20,100,A,False,686.574,690.031,ok,,0.18181818181818177,0.18181818181818182,0.15384615384615385,20,2,4,5,0.7272727272727273,13.476517328347311,0.07333333333333336
pi05_sp_50,r6p3v2_pi05_sp_50_A_r0,r6p3v2_pi05_sp_50_A_r0:eval:7:0,1,7,0,22,110,A,False,752.279,755.367,ok,,0.18181818181818177,0.18181818181818182,0.15384615384615385,20,2,4,5,0.8181818181818182,14.475178138046358,0.033333333333333326
pi05_sp_50,r6p3v2_pi05_sp_50_A_r0,r6p3v2_pi05_sp_50_A_r0:eval:7:1,1,7,1,0,0,A,False,61.226,64.944,inactive,warming_up,,,,0,2,4,5,,,
pi05_sp_50,r6p3v2_pi05_sp_50_A_r0,r6p3v2_pi05_sp_50_A_r0:eval:7:1,1,7,1,2,10,A,True,47.507,50.698,inactive,warming_up,,,,0,2,4,5,,,
pi05_sp_50,r6p3v2_pi05_sp_50_A_r0,r6p3v2_pi05_sp_50_A_r0:eval:7:1,1,7,1,4,20,A,False,647.895,650.983,ok,,0.16,0.02181818181818182,0.15384615384615385,20,2,4,5,0.0,18.90696935524505,0.09615384615384615
pi05_sp_50,r6p3v2_pi05_sp_50_A_r0,r6p3v2_pi05_sp_50_A_r0:eval:7:1,1,7,1,6,30,A,False,544.634,547.288,ok,,0.16,0.02181818181818182,0.15384615384615385,20,2,4,5,0.08333333333333333,15.947417819783709,0.09615384615384615
pi05_sp_50,r6p3v2_pi05_sp_50_A_r0,r6p3v2_pi05_sp_50_A_r0:eval:7:1,1,7,1,8,40,A,False,563.628,566.475,ok,,0.18181818181818182,0.006666666666666599,0.15384615384615385,20,2,4,5,0.18181818181818182,16.401263683267498,0.10606060606060602
pi05_sp_50,r6p3v2_pi05_sp_50_A_r0,r6p3v2_pi05_sp_50_A_r0:eval:7:1,1,7,1,10,50,A,False,635.161,637.858,ok,,0.24000000000000005,0.027972027972027913,0.15384615384615385,20,2,4,5,0.2727272727272727,16.454903325798753,0.09090909090909088
pi05_sp_50,r6p3v2_pi05_sp_50_A_r0,r6p3v2_pi05_sp_50_A_r0:eval:7:1,1,7,1,12,60,A,False,565.495,568.061,ok,,0.24,0.15999999999999998,0.15384615384615385,20,2,4,5,0.36363636363636365,15.264265224532316,0.1258741258741259
pi05_sp_50,r6p3v2_pi05_sp_50_A_r0,r6p3v2_pi05_sp_50_A_r0:eval:7:1,1,7,1,14,70,A,False,560.304,563.005,ok,,0.15999999999999992,0.18181818181818182,0.15384615384615385,20,2,4,5,0.5384615384615384,14.059528085843484,0.11888111888111891
pi05_sp_50,r6p3v2_pi05_sp_50_A_r0,r6p3v2_pi05_sp_50_A_r0:eval:7:1,1,7,1,16,80,A,False,547.506,550.144,ok,,0.15384615384615385,0.10181818181818192,0.15384615384615385,20,2,4,5,0.6363636363636364,14.349813540034758,0.09090909090909094
pi05_sp_50,r6p3v2_pi05_sp_50_A_r0,r6p3v2_pi05_sp_50_A_r0:eval:7:1,1,7,1,18,90,A,False,533.233,535.969,ok,,0.16000000000000003,0.18181818181818182,0.15384615384615385,20,2,4,5,0.72,14.606889204143355,0.027972027972027913
pi05_sp_50,r6p3v2_pi05_sp_50_A_r0,r6p3v2_pi05_sp_50_A_r0:eval:7:1,1,7,1,20,100,A,False,532.597,535.183,ok,,0.18181818181818177,0.18181818181818182,0.15384615384615385,20,2,4,5,0.8,15.369576424839382,0.18939393939393945
pi05_sp_50,r6p3v2_pi05_sp_50_A_r0,r6p3v2_pi05_sp_50_A_r0:eval:8:0,1,8,0,0,0,A,False,56.776,60.02,inactive,warming_up,,,,0,2,3,4,,,
pi05_sp_50,r6p3v2_pi05_sp_50_A_r0,r6p3v2_pi05_sp_50_A_r0:eval:8:0,1,8,0,2,10,A,False,29.699,31.296,inactive,warming_up,,,,0,2,3,4,,,
pi05_sp_50,r6p3v2_pi05_sp_50_A_r0,r6p3v2_pi05_sp_50_A_r0:eval:8:0,1,8,0,4,20,A,False,633.855,636.275,ok,,0.22222222222222224,0.11111111111111112,0.22222222222222224,20,2,3,4,0.0,28.322107752525977,0.027777777777777762
pi05_sp_50,r6p3v2_pi05_sp_50_A_r0,r6p3v2_pi05_sp_50_A_r0:eval:8:0,1,8,0,6,30,A,False,532.503,535.463,ok,,0.25,0.09722222222222224,0.22222222222222224,20,2,3,4,0.1111111111111111,22.19341405673002,0.11111111111111108
pi05_sp_50,r6p3v2_pi05_sp_50_A_r0,r6p3v2_pi05_sp_50_A_r0:eval:8:0,1,8,0,8,40,A,False,505.423,508.299,ok,,0.22222222222222224,0.09722222222222224,0.22222222222222224,20,2,3,4,0.25,19.01855131088706,0.1388888888888889
pi05_sp_50,r6p3v2_pi05_sp_50_A_r0,r6p3v2_pi05_sp_50_A_r0:eval:8:0,1,8,0,10,50,A,False,532.535,538.068,ok,,0.22222222222222227,0.09722222222222224,0.22222222222222224,20,2,3,4,0.375,17.551665798492152,0.13888888888888884
pi05_sp_50,r6p3v2_pi05_sp_50_A_r0,r6p3v2_pi05_sp_50_A_r0:eval:8:0,1,8,0,12,60,A,False,519.278,522.192,slow_ambiguous,,0.125,0.09722222222222224,0.22222222222222224,20,2,3,4,0.4444444444444444,16.95718035684705,0.11111111111111108
pi05_sp_50,r6p3v2_pi05_sp_50_A_r0,r6p3v2_pi05_sp_50_A_r0:eval:8:0,1,8,0,14,70,A,False,475.63,478.566,slow_confirmed,,0.11111111111111105,0.09722222222222224,0.22222222222222224,20,2,3,4,0.5555555555555556,17.388686418530728,0.125
pi05_sp_50,r6p3v2_pi05_sp_50_A_r0,r6p3v2_pi05_sp_50_A_r0:eval:8:0,1,8,0,16,80,A,False,503.202,506.092,slow_confirmed,,0.125,0.027777777777777762,0.22222222222222224,20,2,3,4,0.625,17.817698441494077,0.22222222222222224
pi05_sp_50,r6p3v2_pi05_sp_50_A_r0,r6p3v2_pi05_sp_50_A_r0:eval:8:0,1,8,0,18,90,A,False,468.238,470.85,ok,,0.25,0.027777777777777762,0.22222222222222224,20,2,3,4,0.6666666666666666,17.831551204447084,0.11111111111111102
pi05_sp_50,r6p3v2_pi05_sp_50_A_r0,r6p3v2_pi05_sp_50_A_r0:eval:8:1,1,8,1,0,0,A,False,43.444,46.197,inactive,warming_up,,,,0,2,3,4,,,
pi05_sp_50,r6p3v2_pi05_sp_50_A_r0,r6p3v2_pi05_sp_50_A_r0:eval:8:1,1,8,1,2,10,A,False,30.227,32.015,inactive,warming_up,,,,0,2,3,4,,,
pi05_sp_50,r6p3v2_pi05_sp_50_A_r0,r6p3v2_pi05_sp_50_A_r0:eval:8:1,1,8,1,4,20,A,False,586.026,588.69,ok,,0.22222222222222224,0.11111111111111112,0.22222222222222224,20,2,3,4,0.0,18.688105111806163,0.027777777777777762
pi05_sp_50,r6p3v2_pi05_sp_50_A_r0,r6p3v2_pi05_sp_50_A_r0:eval:8:1,1,8,1,6,30,A,False,463.882,466.46,ok,,0.22222222222222224,0.09722222222222224,0.22222222222222224,20,2,3,4,0.125,13.320001181731248,0.1388888888888889
pi05_sp_50,r6p3v2_pi05_sp_50_A_r0,r6p3v2_pi05_sp_50_A_r0:eval:8:1,1,8,1,8,40,A,False,508.258,511.388,ok,,0.22222222222222224,0.11111111111111112,0.22222222222222224,20,2,3,4,0.2222222222222222,12.009977598227032,0.027777777777777762
pi05_sp_50,r6p3v2_pi05_sp_50_A_r0,r6p3v2_pi05_sp_50_A_r0:eval:8:1,1,8,1,10,50,A,False,589.874,592.814,ok,,0.22222222222222227,0.11111111111111112,0.22222222222222224,20,2,3,4,0.3333333333333333,12.00998861020482,0.027777777777777735
pi05_sp_50,r6p3v2_pi05_sp_50_A_r0,r6p3v2_pi05_sp_50_A_r0:eval:8:1,1,8,1,12,60,A,False,575.724,578.96,ok,,0.22222222222222224,0.027777777777777762,0.22222222222222224,20,2,3,4,0.4444444444444444,11.587745878422474,0.09722222222222224
pi05_sp_50,r6p3v2_pi05_sp_50_A_r0,r6p3v2_pi05_sp_50_A_r0:eval:8:1,1,8,1,14,70,A,False,558.611,561.646,ok,,0.22222222222222224,0.11111111111111112,0.22222222222222224,20,2,3,4,0.5555555555555556,12.79010656004722,0.0
pi05_sp_50,r6p3v2_pi05_sp_50_A_r0,r6p3v2_pi05_sp_50_A_r0:eval:8:1,1,8,1,16,80,A,False,536.16,539.094,ok,,0.22222222222222224,0.11111111111111112,0.22222222222222224,20,2,3,4,0.6666666666666666,13.247614920444732,0.0
pi05_sp_50,r6p3v2_pi05_sp_50_A_r0,r6p3v2_pi05_sp_50_A_r0:eval:8:1,1,8,1,18,90,A,False,690.254,693.297,ok,,0.22222222222222224,0.027777777777777762,0.22222222222222224,20,2,3,4,0.7777777777777778,13.712066246301854,0.0
pi05_sp_50,r6p3v2_pi05_sp_50_A_r0,r6p3v2_pi05_sp_50_A_r0:eval:9:0,1,9,0,0,0,A,False,64.025,67.082,inactive,warming_up,,,,0,2,4,5,,,
pi05_sp_50,r6p3v2_pi05_sp_50_A_r0,r6p3v2_pi05_sp_50_A_r0:eval:9:0,1,9,0,2,10,A,False,36.894,38.959,inactive,warming_up,,,,0,2,4,5,,,
pi05_sp_50,r6p3v2_pi05_sp_50_A_r0,r6p3v2_pi05_sp_50_A_r0:eval:9:0,1,9,0,4,20,A,False,795.409,798.276,ok,,0.18181818181818182,0.02608695652173909,0.16666666666666669,20,2,4,5,0.0,21.03227175514051,0.026086956521739146
pi05_sp_50,r6p3v2_pi05_sp_50_A_r0,r6p3v2_pi05_sp_50_A_r0:eval:9:0,1,9,0,6,30,A,False,550.064,553.005,ok,,0.1818181818181818,0.02608695652173909,0.16666666666666669,20,2,4,5,0.09090909090909091,17.15430428227144,0.02608695652173912
pi05_sp_50,r6p3v2_pi05_sp_50_A_r0,r6p3v2_pi05_sp_50_A_r0:eval:9:0,1,9,0,8,40,A,False,645.586,648.755,slow_ambiguous,,0.09999999999999998,0.08181818181818185,0.16666666666666663,20,2,4,5,0.18181818181818182,17.66973820837443,0.09090909090909094
pi05_sp_50,r6p3v2_pi05_sp_50_A_r0,r6p3v2_pi05_sp_50_A_r0:eval:9:0,1,9,0,10,50,A,False,572.614,575.878,ok,,0.17391304347826086,0.026086956521739146,0.16666666666666663,20,2,4,5,0.2727272727272727,20.63376948854398,0.08181818181818178
pi05_sp_50,r6p3v2_pi05_sp_50_A_r0,r6p3v2_pi05_sp_50_A_r0:eval:9:0,1,9,0,12,60,A,False,548.282,550.937,ok,,0.18181818181818177,0.02608695652173909,0.16666666666666669,20,2,4,5,0.3,19.556726445718393,0.026086956521739146
pi05_sp_50,r6p3v2_pi05_sp_50_A_r0,r6p3v2_pi05_sp_50_A_r0:eval:9:0,1,9,0,14,70,A,False,496.55,499.121,ok,,0.17391304347826092,0.08181818181818179,0.16666666666666663,20,2,4,5,0.43478260869565216,18.70171117301653,0.10909090909090907
pi05_sp_50,r6p3v2_pi05_sp_50_A_r0,r6p3v2_pi05_sp_50_A_r0:eval:9:0,1,9,0,16,80,A,False,543.87,546.468,ok,,0.17391304347826086,0.02608695652173909,0.16666666666666669,20,2,4,5,0.5217391304347826,15.164251832142872,0.033333333333333326
pi05_sp_50,r6p3v2_pi05_sp_50_A_r0,r6p3v2_pi05_sp_50_A_r0:eval:9:0,1,9,0,18,90,A,False,503.466,505.984,ok,,0.17391304347826086,0.02608695652173909,0.16666666666666669,20,2,4,5,0.6086956521739131,14.788231996308333,0.033333333333333354
pi05_sp_50,r6p3v2_pi05_sp_50_A_r0,r6p3v2_pi05_sp_50_A_r0:eval:9:0,1,9,0,20,100,A,False,548.935,551.598,ok,,0.17391304347826086,0.02608695652173909,0.16666666666666663,20,2,4,5,0.7,14.107817992232143,0.033333333333333465
pi05_sp_50,r6p3v2_pi05_sp_50_A_r0,r6p3v2_pi05_sp_50_A_r0:eval:9:0,1,9,0,22,110,A,False,528.679,531.308,slow_ambiguous,,0.09999999999999998,0.1739130434782609,0.16666666666666663,20,2,4,5,0.8,14.936720500573939,0.12648221343873525
pi05_sp_50,r6p3v2_pi05_sp_50_A_r0,r6p3v2_pi05_sp_50_A_r0:eval:9:0,1,9,0,24,120,A,False,515.293,517.804,slow_ambiguous,,0.09090909090909094,0.1739130434782609,0.16666666666666663,20,2,4,5,0.9090909090909091,17.46020274237301,0.047101449275362306
pi05_sp_50,r6p3v2_pi05_sp_50_A_r0,r6p3v2_pi05_sp_50_A_r0:eval:9:0,1,9,0,26,130,A,True,598.618,601.149,slow_ambiguous,,0.0,0.1739130434782609,0.16666666666666663,20,2,4,5,0.9090909090909091,21.134030345513434,0.09090909090909094
pi05_sp_50,r6p3v2_pi05_sp_50_A_r0,r6p3v2_pi05_sp_50_A_r0:eval:9:1,1,9,1,0,0,A,False,59.279,62.668,inactive,warming_up,,,,0,2,4,5,,,
pi05_sp_50,r6p3v2_pi05_sp_50_A_r0,r6p3v2_pi05_sp_50_A_r0:eval:9:1,1,9,1,2,10,A,False,37.745,39.717,inactive,warming_up,,,,0,2,4,5,,,
pi05_sp_50,r6p3v2_pi05_sp_50_A_r0,r6p3v2_pi05_sp_50_A_r0:eval:9:1,1,9,1,4,20,A,False,684.288,686.884,ok,,0.18181818181818182,0.02608695652173909,0.16666666666666669,20,2,4,5,0.0,25.118788152460812,0.026086956521739146
pi05_sp_50,r6p3v2_pi05_sp_50_A_r0,r6p3v2_pi05_sp_50_A_r0:eval:9:1,1,9,1,6,30,A,False,617.33,620.277,ok,,0.1818181818181818,0.02608695652173909,0.16666666666666669,20,2,4,5,0.09090909090909091,22.839072380578184,0.02608695652173912
pi05_sp_50,r6p3v2_pi05_sp_50_A_r0,r6p3v2_pi05_sp_50_A_r0:eval:9:1,1,9,1,8,40,A,False,611.19,613.908,slow_ambiguous,,0.09999999999999998,0.08181818181818185,0.16666666666666663,20,2,4,5,0.18181818181818182,23.188955642770427,0.09090909090909094
pi05_sp_50,r6p3v2_pi05_sp_50_A_r0,r6p3v2_pi05_sp_50_A_r0:eval:9:1,1,9,1,10,50,A,False,570.138,572.695,slow_ambiguous,,0.10000000000000005,0.08181818181818179,0.16666666666666663,20,2,4,5,0.2727272727272727,21.477650397350306,0.09486166007905139
pi05_sp_50,r6p3v2_pi05_sp_50_A_r0,r6p3v2_pi05_sp_50_A_r0:eval:9:1,1,9,1,12,60,A,False,525.289,527.839,ok,,0.18181818181818177,0.02608695652173909,0.16666666666666669,20,2,4,5,0.3,20.075209568284667,0.026086956521739146
pi05_sp_50,r6p3v2_pi05_sp_50_A_r0,r6p3v2_pi05_sp_50_A_r0:eval:9:1,1,9,1,14,70,A,False,569.543,572.235,ok,,0.18181818181818182,0.1739130434782609,0.16666666666666663,20,2,4,5,0.4,18.85078442240901,0.20909090909090905
pi05_sp_50,r6p3v2_pi05_sp_50_A_r0,r6p3v2_pi05_sp_50_A_r0:eval:9:1,1,9,1,16,80,A,False,656.381,659.048,ok,,0.17391304347826086,0.02608695652173909,0.16666666666666669,20,2,4,5,0.5217391304347826,19.36655776176726,0.033333333333333326
pi05_sp_50,r6p3v2_pi05_sp_50_A_r0,r6p3v2_pi05_sp_50_A_r0:eval:9:1,1,9,1,18,90,A,False,551.58,554.325,ok,,0.16666666666666674,0.07391304347826089,0.16666666666666663,20,2,4,5,0.6363636363636364,18.969372460204212,0.08181818181818179
pi05_sp_50,r6p3v2_pi05_sp_50_A_r0,r6p3v2_pi05_sp_50_A_r0:eval:9:1,1,9,1,20,100,A,False,653.871,657.319,ok,,0.17391304347826086,0.02608695652173909,0.16666666666666663,20,2,4,5,0.7,18.31529828036091,0.033333333333333465
pi05_sp_50,r6p3v2_pi05_sp_50_A_r0,r6p3v2_pi05_sp_50_A_r0:eval:9:1,1,9,1,22,110,A,True,685.381,688.566,ok,,0.16666666666666663,0.1739130434782609,0.16666666666666663,20,2,4,5,0.8,18.18686544621933,0.12648221343873525
pi05_sp_50,r6p3v2_pi05_sp_50_A_r0,r6p3v2_pi05_sp_50_A_r0:eval:9:1,1,9,1,24,120,A,False,633.931,636.917,slow_ambiguous,,0.09090909090909094,0.1739130434782609,0.16666666666666663,20,2,4,5,0.9090909090909091,20.3701783960207,0.047101449275362306
pi05_sp_50,r6p3v2_pi05_sp_50_A_r0,r6p3v2_pi05_sp_50_A_r0:eval:9:1,1,9,1,26,130,A,True,637.544,640.732,slow_ambiguous,,0.0,0.1739130434782609,0.16666666666666663,20,2,4,5,0.9090909090909091,24.489961661997324,0.09090909090909094
pi05_sp_50,r6p3v2_pi05_sp_50_A_r0,r6p3v2_pi05_sp_50_A_r0:eval:9:1,1,9,1,28,140,A,True,743.212,746.453,slow_ambiguous,,0.0,0.1739130434782609,0.16666666666666669,20,2,4,5,1.0,29.3563440308212,0.0
pi05_sp_50,r6p3v2_pi05_sp_50_A_r0,r6p3v2_pi05_sp_50_A_r0:eval:9:1,1,9,1,30,150,A,True,766.393,769.213,slow_ambiguous,,0.0,0.1739130434782609,0.16666666666666669,20,2,4,5,1.0,32.161914904144645,0.0
pi05_sp_50,r6p3v2_pi05_sp_50_A_r0,r6p3v2_pi05_sp_50_A_r0:eval:9:1,1,9,1,32,160,A,True,732.596,736.541,slow_confirmed,,0.0,0.0757575757575758,0.16666666666666669,20,2,4,5,0.5,33.32556209146423,0.0
pi05_sp_50,r6p3v2_pi05_sp_50_A_r0,r6p3v2_pi05_sp_50_A_r0:eval:9:1,1,9,1,34,170,A,True,656.713,659.571,slow_confirmed,,0.0,0.0757575757575758,0.16666666666666669,20,2,4,5,0.5,32.98890988936127,0.0
pi05_sp_50,r6p3v2_pi05_sp_50_A_r0,r6p3v2_pi05_sp_50_A_r0:eval:9:1,1,9,1,36,180,A,True,585.822,588.712,slow_confirmed,,0.0,0.0757575757575758,0.16666666666666669,20,2,4,5,0.5,33.27834766005416,0.0
pi05_sp_50,r6p3v2_pi05_sp_50_A_r0,r6p3v2_pi05_sp_50_A_r0:eval:9:1,1,9,1,38,190,A,True,576.618,579.105,slow_confirmed,,0.0,0.0757575757575758,0.16666666666666669,20,2,4,5,0.5,33.453004391374655,0.0
pi05_sp_50,r6p3v2_pi05_sp_50_A_r0,r6p3v2_pi05_sp_50_A_r0:eval:9:1,1,9,1,40,200,A,True,635.885,640.647,slow_confirmed,,0.0,0.0757575757575758,0.16666666666666669,20,2,4,5,0.5,33.81603583585669,0.0
pi05_sp_50,r6p3v2_pi05_sp_50_A_r0,r6p3v2_pi05_sp_50_A_r0:eval:9:1,1,9,1,42,210,A,True,567.864,570.262,slow_confirmed,,0.0,0.0757575757575758,0.16666666666666669,20,2,4,5,0.5,33.880304710800154,0.0
pi05_sp_50,r6p3v2_pi05_sp_50_A_r1,r6p3v2_pi05_sp_50_A_r1:eval:0:0,1,0,0,0,0,A,False,47.878,51.137,inactive,warming_up,,,,0,2,4,5,,,
pi05_sp_50,r6p3v2_pi05_sp_50_A_r1,r6p3v2_pi05_sp_50_A_r1:eval:0:0,1,0,0,2,10,A,False,32.44,34.419,inactive,warming_up,,,,0,2,4,5,,,
pi05_sp_50,r6p3v2_pi05_sp_50_A_r1,r6p3v2_pi05_sp_50_A_r1:eval:0:0,1,0,0,4,20,A,False,642.406,644.99,ok,,0.25,0.17435897435897435,0.25,20,2,4,5,0.125,15.668138109886705,0.17435897435897438
pi05_sp_50,r6p3v2_pi05_sp_50_A_r1,r6p3v2_pi05_sp_50_A_r1:eval:0:0,1,0,0,6,30,A,False,534.623,537.269,ok,,0.2666666666666667,0.17435897435897435,0.25,20,2,4,5,0.13333333333333333,12.427574266259485,0.1826923076923077
pi05_sp_50,r6p3v2_pi05_sp_50_A_r1,r6p3v2_pi05_sp_50_A_r1:eval:0:0,1,0,0,8,40,A,False,514.621,517.196,ok,,0.25,0.14166666666666672,0.25,20,2,4,5,0.375,11.922422275623077,0.13333333333333336
pi05_sp_50,r6p3v2_pi05_sp_50_A_r1,r6p3v2_pi05_sp_50_A_r1:eval:0:0,1,0,0,10,50,A,False,530.543,533.24,ok,,0.2666666666666666,0.0410256410256411,0.25,20,2,4,5,0.4,12.465470171014132,0.05769230769230771
pi05_sp_50,r6p3v2_pi05_sp_50_A_r1,r6p3v2_pi05_sp_50_A_r1:eval:0:0,1,0,0,12,60,A,False,488.032,490.698,ok,,0.2666666666666667,0.14166666666666672,0.25,20,2,4,5,0.5333333333333333,13.066358046392422,0.15000000000000002
pi05_sp_50,r6p3v2_pi05_sp_50_A_r1,r6p3v2_pi05_sp_50_A_r1:eval:0:0,1,0,0,14,70,A,False,606.444,609.62,ok,,0.25,0.09999999999999995,0.25,20,2,4,5,0.75,14.276008534075556,0.10256410256410262
pi05_sp_50,r6p3v2_pi05_sp_50_A_r1,r6p3v2_pi05_sp_50_A_r1:eval:0:1,1,0,1,0,0,A,False,52.953,56.874,inactive,warming_up,,,,0,2,4,5,,,
pi05_sp_50,r6p3v2_pi05_sp_50_A_r1,r6p3v2_pi05_sp_50_A_r1:eval:0:1,1,0,1,2,10,A,False,36.099,38.185,inactive,warming_up,,,,0,2,4,5,,,
pi05_sp_50,r6p3v2_pi05_sp_50_A_r1,r6p3v2_pi05_sp_50_A_r1:eval:0:1,1,0,1,4,20,A,False,655.914,658.626,ok,,0.26666666666666666,0.14166666666666672,0.25,20,2,4,5,0.0,12.861239188124612,0.125
pi05_sp_50,r6p3v2_pi05_sp_50_A_r1,r6p3v2_pi05_sp_50_A_r1:eval:0:1,1,0,1,6,30,A,False,532.335,534.742,ok,,0.25,0.05769230769230771,0.25,20,2,4,5,0.125,10.488437259376502,0.01666666666666672
pi05_sp_50,r6p3v2_pi05_sp_50_A_r1,r6p3v2_pi05_sp_50_A_r1:eval:0:1,1,0,1,8,40,A,False,539.872,542.337,ok,,0.26666666666666666,0.14166666666666672,0.25,20,2,4,5,0.26666666666666666,10.050568208026021,0.125
pi05_sp_50,r6p3v2_pi05_sp_50_A_r1,r6p3v2_pi05_sp_50_A_r1:eval:0:1,1,0,1,10,50,A,False,538.724,541.32,ok,,0.2666666666666666,0.0410256410256411,0.25,20,2,4,5,0.375,10.229547054236507,0.10833333333333339
pi05_sp_50,r6p3v2_pi05_sp_50_A_r1,r6p3v2_pi05_sp_50_A_r1:eval:0:1,1,0,1,12,60,A,False,540.124,542.869,ok,,0.25,0.05769230769230771,0.25,20,2,4,5,0.5333333333333333,11.44113213530766,0.01666666666666672
pi05_sp_50,r6p3v2_pi05_sp_50_A_r1,r6p3v2_pi05_sp_50_A_r1:eval:0:1,1,0,1,14,70,A,False,584.74,587.783,ok,,0.25,0.0410256410256411,0.25,20,2,4,5,0.6666666666666666,11.57535172268438,0.10256410256410262
pi05_sp_50,r6p3v2_pi05_sp_50_A_r1,r6p3v2_pi05_sp_50_A_r1:eval:1:0,1,1,0,0,0,A,False,45.253,48.263,inactive,warming_up,,,,0,2,4,5,,,
pi05_sp_50,r6p3v2_pi05_sp_50_A_r1,r6p3v2_pi05_sp_50_A_r1:eval:1:0,1,1,0,2,10,A,False,47.499,50.273,inactive,warming_up,,,,0,2,4,5,,,
pi05_sp_50,r6p3v2_pi05_sp_50_A_r1,r6p3v2_pi05_sp_50_A_r1:eval:1:0,1,1,0,4,20,A,False,766.54,769.43,ok,,0.18181818181818182,0.07391304347826082,0.17391304347826086,20,2,4,5,0.0,13.887518194869452,0.026086956521739146
pi05_sp_50,r6p3v2_pi05_sp_50_A_r1,r6p3v2_pi05_sp_50_A_r1:eval:1:0,1,1,0,6,30,A,False,648.965,652.011,ok,,0.1818181818181818,0.009523809523809518,0.17391304347826086,20,2,4,5,0.09090909090909091,10.220970329832989,0.02608695652173912
pi05_sp_50,r6p3v2_pi05_sp_50_A_r1,r6p3v2_pi05_sp_50_A_r1:eval:1:0,1,1,0,8,40,A,False,632.773,636.258,ok,,0.18181818181818182,0.07391304347826082,0.17391304347826086,20,2,4,5,0.18181818181818182,10.430151672716024,0.026086956521739146
pi05_sp_50,r6p3v2_pi05_sp_50_A_r1,r6p3v2_pi05_sp_50_A_r1:eval:1:0,1,1,0,10,50,A,False,558.55,561.161,ok,,0.18181818181818182,0.08181818181818178,0.17391304347826086,20,2,4,5,0.2727272727272727,11.46103765683641,0.026086956521739146
pi05_sp_50,r6p3v2_pi05_sp_50_A_r1,r6p3v2_pi05_sp_50_A_r1:eval:1:0,1,1,0,12,60,A,False,723.939,726.825,ok,,0.17391304347826086,0.09047619047619049,0.17391304347826086,20,2,4,5,0.36363636363636365,11.902702954527578,0.09047619047619049
pi05_sp_50,r6p3v2_pi05_sp_50_A_r1,r6p3v2_pi05_sp_50_A_r1:eval:1:0,1,1,0,14,70,A,False,786.349,790.031,ok,,0.17391304347826092,0.09047619047619049,0.17391304347826086,20,2,4,5,0.45454545454545453,12.14249981958285,0.09047619047619049
pi05_sp_50,r6p3v2_pi05_sp_50_A_r1,r6p3v2_pi05_sp_50_A_r1:eval:1:0,1,1,0,16,80,A,False,669.89,672.867,ok,,0.19047619047619047,0.09047619047619049,0.17391304347826086,20,2,4,5,0.5,11.042579464094429,0.10389610389610382
pi05_sp_50,r6p3v2_pi05_sp_50_A_r1,r6p3v2_pi05_sp_50_A_r1:eval:1:0,1,1,0,18,90,A,False,586.668,589.888,ok,,0.19047619047619047,0.05714285714285705,0.1739130434782609,20,2,4,5,0.6363636363636364,10.694544492090325,0.018181818181818216
pi05_sp_50,r6p3v2_pi05_sp_50_A_r1,r6p3v2_pi05_sp_50_A_r1:eval:1:0,1,1,0,20,100,A,False,537.421,540.151,ok,,0.18181818181818177,0.09956709956709953,0.1739130434782609,20,2,4,5,0.7272727272727273,10.38208006555225,0.0165631469979296
pi05_sp_50,r6p3v2_pi05_sp_50_A_r1,r6p3v2_pi05_sp_50_A_r1:eval:1:0,1,1,0,22,110,A,False,615.368,618.289,slow_ambiguous,,0.17391304347826086,0.05714285714285705,0.1739130434782609,20,2,4,5,0.8,11.537554507433034,0.05714285714285705
pi05_sp_50,r6p3v2_pi05_sp_50_A_r1,r6p3v2_pi05_sp_50_A_r1:eval:1:1,1,1,1,0,0,A,False,72.088,75.186,inactive,warming_up,,,,0,2,4,5,,,
pi05_sp_50,r6p3v2_pi05_sp_50_A_r1,r6p3v2_pi05_sp_50_A_r1:eval:1:1,1,1,1,2,10,A,False,29.893,31.691,inactive,warming_up,,,,0,2,4,5,,,
pi05_sp_50,r6p3v2_pi05_sp_50_A_r1,r6p3v2_pi05_sp_50_A_r1:eval:1:1,1,1,1,4,20,A,False,592.432,595.226,ok,,0.18181818181818182,0.07391304347826082,0.17391304347826086,20,2,4,5,0.0,15.244389758449898,0.026086956521739146
pi05_sp_50,r6p3v2_pi05_sp_50_A_r1,r6p3v2_pi05_sp_50_A_r1:eval:1:1,1,1,1,6,30,A,False,562.368,564.9,ok,,0.1818181818181818,0.009523809523809518,0.17391304347826086,20,2,4,5,0.09090909090909091,11.101838324893114,0.02608695652173912
pi05_sp_50,r6p3v2_pi05_sp_50_A_r1,r6p3v2_pi05_sp_50_A_r1:eval:1:1,1,1,1,8,40,A,False,505.83,508.283,ok,,0.19047619047619047,0.08181818181818178,0.17391304347826086,20,2,4,5,0.18181818181818182,10.962507207130939,0.09881422924901184
pi05_sp_50,r6p3v2_pi05_sp_50_A_r1,r6p3v2_pi05_sp_50_A_r1:eval:1:1,1,1,1,10,50,A,False,538.641,541.407,ok,,0.2,0.09523809523809523,0.17391304347826086,20,2,4,5,0.2727272727272727,11.200654874833667,0.08225108225108224
pi05_sp_50,r6p3v2_pi05_sp_50_A_r1,r6p3v2_pi05_sp_50_A_r1:eval:1:1,1,1,1,12,60,A,False,531.898,534.504,ok,,0.19999999999999996,0.09047619047619049,0.17391304347826086,20,2,4,5,0.38095238095238093,12.1262097822856,0.09523809523809523
pi05_sp_50,r6p3v2_pi05_sp_50_A_r1,r6p3v2_pi05_sp_50_A_r1:eval:1:1,1,1,1,14,70,A,False,514.498,517.028,ok,,0.18181818181818188,0.052700922266139635,0.1739130434782609,20,2,4,5,0.5217391304347826,13.428539754719083,0.02608695652173909
pi05_sp_50,r6p3v2_pi05_sp_50_A_r1,r6p3v2_pi05_sp_50_A_r1:eval:1:1,1,1,1,16,80,A,False,615.471,648.222,ok,,0.18181818181818188,0.05714285714285705,0.1739130434782609,20,2,4,5,0.6086956521739131,14.518877921280229,0.02608695652173923
pi05_sp_50,r6p3v2_pi05_sp_50_A_r1,r6p3v2_pi05_sp_50_A_r1:eval:1:1,1,1,1,18,90,A,False,627.554,630.468,ok,,0.18181818181818177,0.05714285714285705,0.1739130434782609,20,2,4,5,0.7,15.75815573996681,0.02608695652173923
pi05_sp_50,r6p3v2_pi05_sp_50_A_r1,r6p3v2_pi05_sp_50_A_r1:eval:1:1,1,1,1,20,100,A,False,633.799,636.698,slow_ambiguous,,0.17391304347826086,0.05714285714285705,0.1739130434782609,20,2,4,5,0.8,15.63842387271153,0.05714285714285705
pi05_sp_50,r6p3v2_pi05_sp_50_A_r1,r6p3v2_pi05_sp_50_A_r1:eval:2:0,1,2,0,0,0,A,False,54.867,58.185,inactive,warming_up,,,,0,2,4,5,,,
pi05_sp_50,r6p3v2_pi05_sp_50_A_r1,r6p3v2_pi05_sp_50_A_r1:eval:2:0,1,2,0,2,10,A,False,46.319,48.353,inactive,warming_up,,,,0,2,4,5,,,
pi05_sp_50,r6p3v2_pi05_sp_50_A_r1,r6p3v2_pi05_sp_50_A_r1:eval:2:0,1,2,0,4,20,A,False,634.483,637.283,ok,,0.22222222222222224,0.09941520467836255,0.2,20,2,4,5,0.0,12.512931063283068,0.011695906432748565
pi05_sp_50,r6p3v2_pi05_sp_50_A_r1,r6p3v2_pi05_sp_50_A_r1:eval:2:0,1,2,0,6,30,A,False,521.339,523.98,ok,,0.22222222222222224,0.09941520467836255,0.2,20,2,4,5,0.1111111111111111,9.50486202004196,0.011695906432748565
pi05_sp_50,r6p3v2_pi05_sp_50_A_r1,r6p3v2_pi05_sp_50_A_r1:eval:2:0,1,2,0,8,40,A,False,528.741,531.376,ok,,0.22222222222222224,0.09941520467836255,0.2,20,2,4,5,0.21052631578947367,11.457717509152806,0.08947368421052632
pi05_sp_50,r6p3v2_pi05_sp_50_A_r1,r6p3v2_pi05_sp_50_A_r1:eval:2:0,1,2,0,10,50,A,False,560.659,563.749,slow_ambiguous,,0.11111111111111112,0.08888888888888889,0.2,20,2,4,5,0.3333333333333333,12.701646470675692,0.09941520467836255
pi05_sp_50,r6p3v2_pi05_sp_50_A_r1,r6p3v2_pi05_sp_50_A_r1:eval:2:0,1,2,0,12,60,A,False,594.512,597.24,slow_ambiguous,,0.11111111111111116,0.1169590643274854,0.19999999999999996,20,2,4,5,0.4444444444444444,12.905979851058632,0.12222222222222226
pi05_sp_50,r6p3v2_pi05_sp_50_A_r1,r6p3v2_pi05_sp_50_A_r1:eval:2:0,1,2,0,14,70,A,False,582.967,585.801,ok,,0.21052631578947367,0.1169590643274854,0.19999999999999996,20,2,4,5,0.4444444444444444,11.715433973760108,0.2333333333333334
pi05_sp_50,r6p3v2_pi05_sp_50_A_r1,r6p3v2_pi05_sp_50_A_r1:eval:2:0,1,2,0,16,80,A,False,693.674,696.965,ok,,0.21052631578947367,0.09941520467836251,0.2000000000000001,20,2,4,5,0.6,11.373438826982513,0.022222222222222143
pi05_sp_50,r6p3v2_pi05_sp_50_A_r1,r6p3v2_pi05_sp_50_A_r1:eval:2:0,1,2,0,18,90,A,True,703.992,707.121,ok,,0.22222222222222224,0.11111111111111119,0.19999999999999996,20,2,4,5,0.7,12.250708120406633,0.06315789473684205
pi05_sp_50,r6p3v2_pi05_sp_50_A_r1,r6p3v2_pi05_sp_50_A_r1:eval:2:1,1,2,1,0,0,A,False,44.583,47.682,inactive,warming_up,,,,0,2,4,5,,,
pi05_sp_50,r6p3v2_pi05_sp_50_A_r1,r6p3v2_pi05_sp_50_A_r1:eval:2:1,1,2,1,2,10,A,False,47.693,50.431,inactive,warming_up,,,,0,2,4,5,,,
pi05_sp_50,r6p3v2_pi05_sp_50_A_r1,r6p3v2_pi05_sp_50_A_r1:eval:2:1,1,2,1,4,20,A,False,767.057,770.113,ok,,0.21052631578947367,0.09941520467836255,0.2,20,2,4,5,0.0,11.65254312443795,0.022222222222222227
pi05_sp_50,r6p3v2_pi05_sp_50_A_r1,r6p3v2_pi05_sp_50_A_r1:eval:2:1,1,2,1,6,30,A,False,747.128,750.388,ok,,0.22222222222222224,0.09941520467836255,0.19999999999999998,20,2,4,5,0.10526315789473684,9.39969054205374,0.08947368421052637
pi05_sp_50,r6p3v2_pi05_sp_50_A_r1,r6p3v2_pi05_sp_50_A_r1:eval:2:1,1,2,1,8,40,A,False,663.624,666.735,ok,,0.22222222222222224,0.09941520467836255,0.2,20,2,4,5,0.2222222222222222,9.40298237701654,0.07777777777777775
pi05_sp_50,r6p3v2_pi05_sp_50_A_r1,r6p3v2_pi05_sp_50_A_r1:eval:2:1,1,2,1,10,50,A,False,559.419,562.358,ok,,0.22222222222222227,0.08888888888888889,0.2,20,2,4,5,0.3333333333333333,9.686296743742005,0.02222222222222231
pi05_sp_50,r6p3v2_pi05_sp_50_A_r1,r6p3v2_pi05_sp_50_A_r1:eval:2:1,1,2,1,12,60,A,False,543.629,546.261,slow_ambiguous,,0.11111111111111116,0.1169590643274854,0.19999999999999996,20,2,4,5,0.4444444444444444,11.1340094108987,0.12222222222222226
pi05_sp_50,r6p3v2_pi05_sp_50_A_r1,r6p3v2_pi05_sp_50_A_r1:eval:2:1,1,2,1,14,70,A,False,562.24,565.058,ok,,0.22222222222222224,0.09941520467836262,0.19999999999999996,20,2,4,5,0.5555555555555556,11.677151759004369,0.1169590643274854
pi05_sp_50,r6p3v2_pi05_sp_50_A_r1,r6p3v2_pi05_sp_50_A_r1:eval:2:1,1,2,1,16,80,A,False,573.269,576.006,ok,,0.22222222222222224,0.11111111111111119,0.19999999999999996,20,2,4,5,0.631578947368421,12.58570004987942,0.12280701754385959
pi05_sp_50,r6p3v2_pi05_sp_50_A_r1,r6p3v2_pi05_sp_50_A_r1:eval:2:1,1,2,1,18,90,A,False,511.689,514.305,slow_ambiguous,,0.11111111111111105,0.11111111111111119,0.19999999999999996,20,2,4,5,0.7777777777777778,12.33859656370297,0.08888888888888904
pi05_sp_50,r6p3v2_pi05_sp_50_A_r1,r6p3v2_pi05_sp_50_A_r1:eval:3:0,1,3,0,0,0,A,False,47.166,50.308,inactive,warming_up,,,,0,2,4,5,,,
pi05_sp_50,r6p3v2_pi05_sp_50_A_r1,r6p3v2_pi05_sp_50_A_r1:eval:3:0,1,3,0,2,10,A,False,33.009,34.834,inactive,warming_up,,,,0,2,4,5,,,
pi05_sp_50,r6p3v2_pi05_sp_50_A_r1,r6p3v2_pi05_sp_50_A_r1:eval:3:0,1,3,0,4,20,A,False,580.96,583.471,ok,,0.25,0.0,0.25,20,2,4,5,0.0,17.056582755230085,0.0
pi05_sp_50,r6p3v2_pi05_sp_50_A_r1,r6p3v2_pi05_sp_50_A_r1:eval:3:0,1,3,0,6,30,A,False,514.022,516.589,ok,,0.25,0.0,0.25,20,2,4,5,0.125,12.83484686037536,0.0
pi05_sp_50,r6p3v2_pi05_sp_50_A_r1,r6p3v2_pi05_sp_50_A_r1:eval:3:0,1,3,0,8,40,A,False,543.576,546.368,ok,,0.25,0.0,0.25,20,2,4,5,0.25,12.28619526613844,0.0
pi05_sp_50,r6p3v2_pi05_sp_50_A_r1,r6p3v2_pi05_sp_50_A_r1:eval:3:0,1,3,0,10,50,A,False,516.68,519.391,ok,,0.25,0.0,0.25,20,2,4,5,0.375,12.377545069100014,0.0
pi05_sp_50,r6p3v2_pi05_sp_50_A_r1,r6p3v2_pi05_sp_50_A_r1:eval:3:0,1,3,0,12,60,A,False,615.398,618.318,ok,,0.25,0.0,0.25,20,2,4,5,0.5,12.742857857253933,0.0
pi05_sp_50,r6p3v2_pi05_sp_50_A_r1,r6p3v2_pi05_sp_50_A_r1:eval:3:0,1,3,0,14,70,A,False,563.802,566.619,ok,,0.25,0.0,0.25,20,2,4,5,0.625,12.7785196029839,0.0
pi05_sp_50,r6p3v2_pi05_sp_50_A_r1,r6p3v2_pi05_sp_50_A_r1:eval:3:0,1,3,0,16,80,A,False,620.465,623.359,ok,,0.25,0.0,0.25,20,2,4,5,0.75,13.684836307733464,0.0
pi05_sp_50,r6p3v2_pi05_sp_50_A_r1,r6p3v2_pi05_sp_50_A_r1:eval:3:1,1,3,1,0,0,A,False,51.155,54.74,inactive,warming_up,,,,0,2,4,5,,,
pi05_sp_50,r6p3v2_pi05_sp_50_A_r1,r6p3v2_pi05_sp_50_A_r1:eval:3:1,1,3,1,2,10,A,False,35.356,37.56,inactive,warming_up,,,,0,2,4,5,,,
pi05_sp_50,r6p3v2_pi05_sp_50_A_r1,r6p3v2_pi05_sp_50_A_r1:eval:3:1,1,3,1,4,20,A,False,616.06,618.727,ok,,0.25,0.0,0.25,20,2,4,5,0.0,16.62201464143594,0.0
pi05_sp_50,r6p3v2_pi05_sp_50_A_r1,r6p3v2_pi05_sp_50_A_r1:eval:3:1,1,3,1,6,30,A,False,552.571,555.25,ok,,0.25,0.0,0.25,20,2,4,5,0.125,13.899473061830784,0.0
pi05_sp_50,r6p3v2_pi05_sp_50_A_r1,r6p3v2_pi05_sp_50_A_r1:eval:3:1,1,3,1,8,40,A,False,523.362,526.164,ok,,0.25,0.0,0.25,20,2,4,5,0.25,13.96767609263164,0.0
pi05_sp_50,r6p3v2_pi05_sp_50_A_r1,r6p3v2_pi05_sp_50_A_r1:eval:3:1,1,3,1,10,50,A,False,560.328,563.313,ok,,0.25,0.0,0.25,20,2,4,5,0.375,14.902687690244157,0.0
pi05_sp_50,r6p3v2_pi05_sp_50_A_r1,r6p3v2_pi05_sp_50_A_r1:eval:3:1,1,3,1,12,60,A,False,548.592,551.543,ok,,0.25,0.0,0.25,20,2,4,5,0.5,15.436253483811013,0.0
pi05_sp_50,r6p3v2_pi05_sp_50_A_r1,r6p3v2_pi05_sp_50_A_r1:eval:3:1,1,3,1,14,70,A,False,535.362,538.299,ok,,0.25,0.0,0.25,20,2,4,5,0.625,14.918639066902108,0.0
pi05_sp_50,r6p3v2_pi05_sp_50_A_r1,r6p3v2_pi05_sp_50_A_r1:eval:3:1,1,3,1,16,80,A,False,669.814,673.172,ok,,0.25,0.0,0.25,20,2,4,5,0.75,15.621319688985748,0.0
pi05_sp_50,r6p3v2_pi05_sp_50_A_r1,r6p3v2_pi05_sp_50_A_r1:eval:4:0,1,4,0,0,0,A,False,56.493,59.537,inactive,warming_up,,,,0,2,4,5,,,
pi05_sp_50,r6p3v2_pi05_sp_50_A_r1,r6p3v2_pi05_sp_50_A_r1:eval:4:0,1,4,0,2,10,A,False,36.339,38.342,inactive,warming_up,,,,0,2,4,5,,,
pi05_sp_50,r6p3v2_pi05_sp_50_A_r1,r6p3v2_pi05_sp_50_A_r1:eval:4:0,1,4,0,4,20,A,False,722.17,724.787,ok,,0.16666666666666666,0.0757575757575758,0.15384615384615385,20,2,4,5,0.0,15.23830284868982,0.07076923076923078
pi05_sp_50,r6p3v2_pi05_sp_50_A_r1,r6p3v2_pi05_sp_50_A_r1:eval:4:0,1,4,0,6,30,A,False,749.193,752.975,ok,,0.16666666666666669,0.021818181818181792,0.15384615384615385,20,2,4,5,0.08333333333333333,11.010073871507055,0.02181818181818182
pi05_sp_50,r6p3v2_pi05_sp_50_A_r1,r6p3v2_pi05_sp_50_A_r1:eval:4:0,1,4,0,8,40,A,False,687.329,690.283,ok,,0.16666666666666666,0.021818181818181792,0.15384615384615385,20,2,4,5,0.16666666666666666,11.099946532718297,0.02181818181818182
pi05_sp_50,r6p3v2_pi05_sp_50_A_r1,r6p3v2_pi05_sp_50_A_r1:eval:4:0,1,4,0,10,50,A,False,807.507,811.22,ok,,0.16666666666666669,0.021818181818181792,0.15384615384615385,20,2,4,5,0.25,10.696657618846194,0.021818181818181792
pi05_sp_50,r6p3v2_pi05_sp_50_A_r1,r6p3v2_pi05_sp_50_A_r1:eval:4:0,1,4,0,12,60,A,False,583.252,586.343,ok,,0.15999999999999998,0.0757575757575758,0.1538461538461538,20,2,4,5,0.3333333333333333,11.417226144045818,0.08300395256916998
pi05_sp_50,r6p3v2_pi05_sp_50_A_r1,r6p3v2_pi05_sp_50_A_r1:eval:4:0,1,4,0,14,70,A,False,534.03,536.727,ok,,0.16000000000000003,0.0757575757575758,0.1538461538461538,20,2,4,5,0.4166666666666667,11.334199359318859,0.08300395256917004
pi05_sp_50,r6p3v2_pi05_sp_50_A_r1,r6p3v2_pi05_sp_50_A_r1:eval:4:0,1,4,0,16,80,A,False,585.32,588.37,ok,,0.16666666666666663,0.06909090909090909,0.1538461538461538,20,2,4,5,0.48,10.93827866805333,0.11272727272727273
pi05_sp_50,r6p3v2_pi05_sp_50_A_r1,r6p3v2_pi05_sp_50_A_r1:eval:4:0,1,4,0,18,90,A,False,553.94,556.5,ok,,0.15999999999999992,0.021818181818181792,0.15384615384615385,20,2,4,5,0.5833333333333334,9.676593874571479,0.02006688963210701
pi05_sp_50,r6p3v2_pi05_sp_50_A_r1,r6p3v2_pi05_sp_50_A_r1:eval:4:0,1,4,0,20,100,A,False,555.531,558.25,ok,,0.16666666666666674,0.0757575757575758,0.15384615384615385,20,2,4,5,0.6666666666666666,9.304105816702231,0.08615384615384614
pi05_sp_50,r6p3v2_pi05_sp_50_A_r1,r6p3v2_pi05_sp_50_A_r1:eval:4:0,1,4,0,22,110,A,False,543.624,546.297,ok,,0.16666666666666663,0.0757575757575758,0.1538461538461538,20,2,4,5,0.75,9.90025007391043,0.08615384615384614
pi05_sp_50,r6p3v2_pi05_sp_50_A_r1,r6p3v2_pi05_sp_50_A_r1:eval:4:0,1,4,0,24,120,A,False,559.164,561.862,slow_ambiguous,,0.12,0.0757575757575758,0.1538461538461538,20,2,4,5,0.8461538461538461,10.446413342832727,0.08974358974358965
pi05_sp_50,r6p3v2_pi05_sp_50_A_r1,r6p3v2_pi05_sp_50_A_r1:eval:4:1,1,4,1,0,0,A,False,40.136,42.911,inactive,warming_up,,,,0,2,4,5,,,
pi05_sp_50,r6p3v2_pi05_sp_50_A_r1,r6p3v2_pi05_sp_50_A_r1:eval:4:1,1,4,1,2,10,A,False,27.776,29.549,inactive,warming_up,,,,0,2,4,5,,,
pi05_sp_50,r6p3v2_pi05_sp_50_A_r1,r6p3v2_pi05_sp_50_A_r1:eval:4:1,1,4,1,4,20,A,False,626.11,628.596,ok,,0.16,0.021818181818181792,0.15384615384615385,20,2,4,5,0.0,14.44365858913851,0.02797202797202797
pi05_sp_50,r6p3v2_pi05_sp_50_A_r1,r6p3v2_pi05_sp_50_A_r1:eval:4:1,1,4,1,6,30,A,False,520.921,523.376,ok,,0.15384615384615385,0.0757575757575758,0.15384615384615385,20,2,4,5,0.08,11.128026783618665,0.07575757575757577
pi05_sp_50,r6p3v2_pi05_sp_50_A_r1,r6p3v2_pi05_sp_50_A_r1:eval:4:1,1,4,1,8,40,A,False,665.452,668.415,ok,,0.15384615384615385,0.0757575757575758,0.15384615384615385,20,2,4,5,0.16,11.313783052482917,0.07575757575757577
pi05_sp_50,r6p3v2_pi05_sp_50_A_r1,r6p3v2_pi05_sp_50_A_r1:eval:4:1,1,4,1,10,50,A,False,578.907,581.433,ok,,0.16000000000000003,0.021818181818181792,0.15384615384615385,20,2,4,5,0.23076923076923078,11.562072635750695,0.02797202797202797
pi05_sp_50,r6p3v2_pi05_sp_50_A_r1,r6p3v2_pi05_sp_50_A_r1:eval:4:1,1,4,1,12,60,A,False,635.533,638.602,ok,,0.15384615384615385,0.0757575757575758,0.1538461538461538,20,2,4,5,0.3076923076923077,12.929088832405071,0.09848484848484845
pi05_sp_50,r6p3v2_pi05_sp_50_A_r1,r6p3v2_pi05_sp_50_A_r1:eval:4:1,1,4,1,14,70,A,False,618.076,621.307,ok,,0.16000000000000003,0.021818181818181792,0.15384615384615385,20,2,4,5,0.38461538461538464,15.282078311978315,0.02797202797202797
pi05_sp_50,r6p3v2_pi05_sp_50_A_r1,r6p3v2_pi05_sp_50_A_r1:eval:4:1,1,4,1,16,80,A,False,593.93,596.898,ok,,0.24999999999999994,0.0757575757575758,0.15384615384615385,20,2,4,5,0.43478260869565216,18.64566567877309,0.04195804195804201
pi05_sp_50,r6p3v2_pi05_sp_50_A_r1,r6p3v2_pi05_sp_50_A_r1:eval:4:1,1,4,1,18,90,A,False,590.033,592.637,ok,,0.17391304347826086,0.0757575757575758,0.15384615384615385,20,2,4,5,0.5454545454545454,21.028009609379904,0.06410256410256421
pi05_sp_50,r6p3v2_pi05_sp_50_A_r1,r6p3v2_pi05_sp_50_A_r1:eval:4:1,1,4,1,20,100,A,False,537.684,540.301,ok,,0.16666666666666674,0.0757575757575758,0.1538461538461538,20,2,4,5,0.6666666666666666,22.773231321100294,0.08615384615384614
pi05_sp_50,r6p3v2_pi05_sp_50_A_r1,r6p3v2_pi05_sp_50_A_r1:eval:4:1,1,4,1,22,110,A,False,539.849,542.428,ok,,0.17391304347826086,0.07304347826086965,0.15384615384615385,20,2,4,5,0.75,23.83136207112531,0.12615384615384617
pi05_sp_50,r6p3v2_pi05_sp_50_A_r1,r6p3v2_pi05_sp_50_A_r1:eval:4:1,1,4,1,24,120,A,False,583.14,586.074,slow_ambiguous,,0.12,0.0757575757575758,0.1538461538461538,20,2,4,5,0.8461538461538461,22.636421122038527,0.08974358974358965
pi05_sp_50,r6p3v2_pi05_sp_50_A_r1,r6p3v2_pi05_sp_50_A_r1:eval:4:1,1,4,1,26,130,A,True,595.647,598.293,slow_confirmed,,0.0,0.0757575757575758,0.15384615384615385,20,2,4,5,0.9565217391304348,22.067172762374906,0.04347826086956519
pi05_sp_50,r6p3v2_pi05_sp_50_A_r1,r6p3v2_pi05_sp_50_A_r1:eval:4:1,1,4,1,28,140,A,True,546.506,549.013,slow_confirmed,,0.0,0.0757575757575758,0.15384615384615385,20,2,4,5,1.0,21.560291695492108,0.0
pi05_sp_50,r6p3v2_pi05_sp_50_A_r1,r6p3v2_pi05_sp_50_A_r1:eval:4:1,1,4,1,30,150,A,True,667.489,670.52,slow_confirmed,,0.0,0.0757575757575758,0.1538461538461538,20,2,4,5,1.0,23.099983497499903,0.09090909090909094
pi05_sp_50,r6p3v2_pi05_sp_50_A_r1,r6p3v2_pi05_sp_50_A_r1:eval:4:1,1,4,1,32,160,A,True,743.844,747.193,slow_confirmed,,0.0,0.0757575757575758,0.1538461538461538,20,2,4,5,1.0,25.255106908778007,0.09090909090909094
pi05_sp_50,r6p3v2_pi05_sp_50_A_r1,r6p3v2_pi05_sp_50_A_r1:eval:4:1,1,4,1,34,170,A,True,692.16,695.419,slow_confirmed,,0.0,0.0757575757575758,0.15384615384615385,20,2,4,5,1.0,27.473981411118526,0.0
pi05_sp_50,r6p3v2_pi05_sp_50_A_r1,r6p3v2_pi05_sp_50_A_r1:eval:4:1,1,4,1,36,180,A,True,650.227,653.21,slow_confirmed,,0.0,0.0757575757575758,0.15384615384615385,20,2,4,5,1.0,28.8444786324512,0.0
pi05_sp_50,r6p3v2_pi05_sp_50_A_r1,r6p3v2_pi05_sp_50_A_r1:eval:4:1,1,4,1,38,190,A,True,688.413,691.49,slow_confirmed,,0.0,0.0757575757575758,0.15384615384615385,20,2,4,5,1.0,28.33217161712096,0.0
pi05_sp_50,r6p3v2_pi05_sp_50_A_r1,r6p3v2_pi05_sp_50_A_r1:eval:4:1,1,4,1,40,200,A,False,698.388,701.623,slow_confirmed,,0.0,0.0757575757575758,0.15384615384615385,20,2,4,5,1.0,26.994909245356187,0.0
pi05_sp_50,r6p3v2_pi05_sp_50_A_r1,r6p3v2_pi05_sp_50_A_r1:eval:4:1,1,4,1,42,210,A,True,759.462,762.446,slow_confirmed,,0.0,0.0757575757575758,0.15384615384615385,20,2,4,5,1.0,26.165396234789853,0.0
pi05_sp_50,r6p3v2_pi05_sp_50_A_r1,r6p3v2_pi05_sp_50_A_r1:eval:5:0,1,5,0,0,0,A,False,45.097,48.097,inactive,warming_up,,,,0,2,4,5,,,
pi05_sp_50,r6p3v2_pi05_sp_50_A_r1,r6p3v2_pi05_sp_50_A_r1:eval:5:0,1,5,0,2,10,A,False,30.435,32.288,inactive,warming_up,,,,0,2,4,5,,,
pi05_sp_50,r6p3v2_pi05_sp_50_A_r1,r6p3v2_pi05_sp_50_A_r1:eval:5:0,1,5,0,4,20,A,False,723.482,726.095,ok,,0.22222222222222224,0.013071895424836583,0.22222222222222224,20,2,4,5,0.0,24.382519710020876,0.013071895424836583
pi05_sp_50,r6p3v2_pi05_sp_50_A_r1,r6p3v2_pi05_sp_50_A_r1:eval:5:0,1,5,0,6,30,A,False,539.043,541.684,ok,,0.22222222222222224,0.013071895424836583,0.22222222222222224,20,2,4,5,0.1111111111111111,19.43132717962483,0.013071895424836583
pi05_sp_50,r6p3v2_pi05_sp_50_A_r1,r6p3v2_pi05_sp_50_A_r1:eval:5:0,1,5,0,8,40,A,False,527.936,530.558,ok,,0.22222222222222224,0.013071895424836583,0.22222222222222224,20,2,4,5,0.2222222222222222,17.42894058690234,0.013071895424836583
pi05_sp_50,r6p3v2_pi05_sp_50_A_r1,r6p3v2_pi05_sp_50_A_r1:eval:5:0,1,5,0,10,50,A,False,488.368,490.831,ok,,0.22222222222222227,0.11111111111111108,0.22222222222222224,20,2,4,5,0.3333333333333333,17.425552699405536,0.013071895424836555
pi05_sp_50,r6p3v2_pi05_sp_50_A_r1,r6p3v2_pi05_sp_50_A_r1:eval:5:0,1,5,0,12,60,A,False,550.07,552.699,ok,,0.22222222222222224,0.04575163398692808,0.22222222222222224,20,2,4,5,0.4444444444444444,17.97875252923792,0.013071895424836638
pi05_sp_50,r6p3v2_pi05_sp_50_A_r1,r6p3v2_pi05_sp_50_A_r1:eval:5:0,1,5,0,14,70,A,False,582.66,585.421,ok,,0.22222222222222224,0.11111111111111108,0.22222222222222224,20,2,4,5,0.5555555555555556,18.178572281594374,0.013071895424836555
pi05_sp_50,r6p3v2_pi05_sp_50_A_r1,r6p3v2_pi05_sp_50_A_r1:eval:5:0,1,5,0,16,80,A,False,533.575,536.177,ok,,0.22222222222222224,0.11111111111111108,0.22222222222222224,20,2,4,5,0.6666666666666666,17.232269071939545,0.013071895424836555
pi05_sp_50,r6p3v2_pi05_sp_50_A_r1,r6p3v2_pi05_sp_50_A_r1:eval:5:0,1,5,0,18,90,A,False,564.527,567.229,slow_ambiguous,,0.17647058823529416,0.04575163398692808,0.22222222222222224,20,2,4,5,0.7777777777777778,16.08084657639134,0.1045751633986928
pi05_sp_50,r6p3v2_pi05_sp_50_A_r1,r6p3v2_pi05_sp_50_A_r1:eval:5:1,1,5,1,0,0,A,False,45.512,48.545,inactive,warming_up,,,,0,2,4,5,,,
pi05_sp_50,r6p3v2_pi05_sp_50_A_r1,r6p3v2_pi05_sp_50_A_r1:eval:5:1,1,5,1,2,10,A,False,29.774,31.561,inactive,warming_up,,,,0,2,4,5,,,
pi05_sp_50,r6p3v2_pi05_sp_50_A_r1,r6p3v2_pi05_sp_50_A_r1:eval:5:1,1,5,1,4,20,A,False,576.761,579.264,ok,,0.22222222222222224,0.013071895424836583,0.22222222222222224,20,2,4,5,0.0,25.20067955742233,0.013071895424836583
pi05_sp_50,r6p3v2_pi05_sp_50_A_r1,r6p3v2_pi05_sp_50_A_r1:eval:5:1,1,5,1,6,30,A,False,611.993,615.092,ok,,0.22222222222222224,0.013071895424836583,0.22222222222222224,20,2,4,5,0.1111111111111111,20.722420386145377,0.013071895424836583
pi05_sp_50,r6p3v2_pi05_sp_50_A_r1,r6p3v2_pi05_sp_50_A_r1:eval:5:1,1,5,1,8,40,A,False,587.376,590.236,ok,,0.22222222222222224,0.013071895424836583,0.22222222222222224,20,2,4,5,0.2222222222222222,19.25190415199341,0.013071895424836583
pi05_sp_50,r6p3v2_pi05_sp_50_A_r1,r6p3v2_pi05_sp_50_A_r1:eval:5:1,1,5,1,10,50,A,False,596.455,599.408,ok,,0.22222222222222227,0.11111111111111108,0.22222222222222224,20,2,4,5,0.3333333333333333,18.941119634212765,0.013071895424836555
pi05_sp_50,r6p3v2_pi05_sp_50_A_r1,r6p3v2_pi05_sp_50_A_r1:eval:5:1,1,5,1,12,60,A,False,534.697,537.479,slow_confirmed,,0.11764705882352944,0.04575163398692808,0.22222222222222224,20,2,4,5,0.4444444444444444,19.857921674727276,0.12418300653594772
pi05_sp_50,r6p3v2_pi05_sp_50_A_r1,r6p3v2_pi05_sp_50_A_r1:eval:5:1,1,5,1,14,70,A,False,557.751,560.789,ok,,0.22222222222222224,0.11111111111111108,0.22222222222222224,20,2,4,5,0.5555555555555556,20.4320509096427,0.013071895424836555
pi05_sp_50,r6p3v2_pi05_sp_50_A_r1,r6p3v2_pi05_sp_50_A_r1:eval:5:1,1,5,1,16,80,A,False,512.345,515.024,ok,,0.22222222222222224,0.11111111111111108,0.22222222222222224,20,2,4,5,0.6666666666666666,20.624450961010982,0.013071895424836555
pi05_sp_50,r6p3v2_pi05_sp_50_A_r1,r6p3v2_pi05_sp_50_A_r1:eval:5:1,1,5,1,18,90,A,False,576.959,579.89,slow_ambiguous,,0.17647058823529416,0.04575163398692808,0.22222222222222224,20,2,4,5,0.7777777777777778,19.3455870861614,0.04575163398692808
pi05_sp_50,r6p3v2_pi05_sp_50_A_r1,r6p3v2_pi05_sp_50_A_r1:eval:5:1,1,5,1,20,100,A,True,556.601,559.462,slow_confirmed,,0.05882352941176472,0.04575163398692808,0.22222222222222224,20,2,4,5,0.8888888888888888,17.885770782578394,0.22222222222222224
pi05_sp_50,r6p3v2_pi05_sp_50_A_r1,r6p3v2_pi05_sp_50_A_r1:eval:5:1,1,5,1,22,110,A,False,528.317,531.102,slow_confirmed,,0.0,0.11111111111111108,0.22222222222222224,20,2,4,5,1.0,18.291208721344915,0.0
pi05_sp_50,r6p3v2_pi05_sp_50_A_r1,r6p3v2_pi05_sp_50_A_r1:eval:5:1,1,5,1,24,120,A,True,571.428,574.62,slow_confirmed,,0.0,0.11111111111111108,0.22222222222222224,20,2,4,5,1.0,20.757760215012574,0.0
pi05_sp_50,r6p3v2_pi05_sp_50_A_r1,r6p3v2_pi05_sp_50_A_r1:eval:5:1,1,5,1,26,130,A,True,632.582,635.76,slow_confirmed,,0.0,0.11111111111111108,0.22222222222222224,20,2,4,5,1.0,24.899655037330575,0.0
pi05_sp_50,r6p3v2_pi05_sp_50_A_r1,r6p3v2_pi05_sp_50_A_r1:eval:5:1,1,5,1,28,140,A,True,628.428,631.721,slow_confirmed,,0.0,0.11111111111111108,0.22222222222222224,20,2,4,5,1.0,28.731362734551876,0.0
pi05_sp_50,r6p3v2_pi05_sp_50_A_r1,r6p3v2_pi05_sp_50_A_r1:eval:5:1,1,5,1,30,150,A,False,691.554,694.657,slow_confirmed,,0.0,0.11111111111111108,0.22222222222222224,20,2,4,5,1.0,31.377125912187566,0.0
pi05_sp_50,r6p3v2_pi05_sp_50_A_r1,r6p3v2_pi05_sp_50_A_r1:eval:5:1,1,5,1,32,160,A,True,591.956,595.032,slow_confirmed,,0.0,0.11111111111111108,0.22222222222222224,20,2,4,5,1.0,34.338394992662714,0.0
pi05_sp_50,r6p3v2_pi05_sp_50_A_r1,r6p3v2_pi05_sp_50_A_r1:eval:5:1,1,5,1,34,170,A,True,735.933,739.349,slow_confirmed,,0.0,0.11111111111111108,0.22222222222222224,20,2,4,5,1.0,38.427316563804595,0.0
pi05_sp_50,r6p3v2_pi05_sp_50_A_r1,r6p3v2_pi05_sp_50_A_r1:eval:5:1,1,5,1,36,180,A,True,712.471,715.787,slow_confirmed,,0.0,0.11111111111111108,0.22222222222222224,20,2,4,5,1.0,42.78311922314689,0.0
pi05_sp_50,r6p3v2_pi05_sp_50_A_r1,r6p3v2_pi05_sp_50_A_r1:eval:5:1,1,5,1,38,190,A,True,822.325,825.385,slow_confirmed,,0.0,0.04575163398692808,0.22222222222222224,20,2,4,5,1.0,47.022587268454174,0.05882352941176472
pi05_sp_50,r6p3v2_pi05_sp_50_A_r1,r6p3v2_pi05_sp_50_A_r1:eval:5:1,1,5,1,40,200,A,True,605.961,609.314,slow_confirmed,,0.0,0.04575163398692808,0.22222222222222224,20,2,4,5,1.0,50.01369167548386,0.05882352941176472
pi05_sp_50,r6p3v2_pi05_sp_50_A_r1,r6p3v2_pi05_sp_50_A_r1:eval:5:1,1,5,1,42,210,A,True,538.143,541.044,slow_confirmed,,0.0,0.11111111111111108,0.22222222222222224,20,2,4,5,1.0,52.654383698435105,0.0
pi05_sp_50,r6p3v2_pi05_sp_50_A_r1,r6p3v2_pi05_sp_50_A_r1:eval:6:0,1,6,0,0,0,A,False,64.024,67.268,inactive,warming_up,,,,0,2,4,5,,,
pi05_sp_50,r6p3v2_pi05_sp_50_A_r1,r6p3v2_pi05_sp_50_A_r1:eval:6:0,1,6,0,2,10,A,False,31.476,33.422,inactive,warming_up,,,,0,2,4,5,,,
pi05_sp_50,r6p3v2_pi05_sp_50_A_r1,r6p3v2_pi05_sp_50_A_r1:eval:6:0,1,6,0,4,20,A,False,611.686,614.348,ok,,0.17391304347826086,0.04385964912280699,0.16666666666666663,20,2,4,5,0.0,12.672503153412457,0.033333333333333354
pi05_sp_50,r6p3v2_pi05_sp_50_A_r1,r6p3v2_pi05_sp_50_A_r1:eval:6:0,1,6,0,6,30,A,False,578.689,581.419,ok,,0.17391304347826086,0.06666666666666671,0.16666666666666669,20,2,4,5,0.08695652173913043,9.40764498504291,0.0333333333333333
pi05_sp_50,r6p3v2_pi05_sp_50_A_r1,r6p3v2_pi05_sp_50_A_r1:eval:6:0,1,6,0,8,40,A,False,543.751,546.503,ok,,0.17391304347826086,0.04385964912280699,0.16666666666666663,20,2,4,5,0.17391304347826086,9.296189684395499,0.033333333333333354
pi05_sp_50,r6p3v2_pi05_sp_50_A_r1,r6p3v2_pi05_sp_50_A_r1:eval:6:0,1,6,0,10,50,A,False,542.685,545.383,ok,,0.2,0.0,0.16666666666666663,20,2,4,5,0.2608695652173913,9.470076781098781,0.24637681159420294
pi05_sp_50,r6p3v2_pi05_sp_50_A_r1,r6p3v2_pi05_sp_50_A_r1:eval:6:0,1,6,0,12,60,A,False,591.234,593.934,slow_confirmed,,0.09999999999999998,0.0,0.16666666666666663,20,2,4,5,0.34782608695652173,10.705345106164096,0.16304347826086962
pi05_sp_50,r6p3v2_pi05_sp_50_A_r1,r6p3v2_pi05_sp_50_A_r1:eval:6:0,1,6,0,14,70,A,False,575.12,577.734,slow_confirmed,,0.09999999999999998,0.0,0.16666666666666663,20,2,4,5,0.42105263157894735,13.750941463167342,0.1775362318840581
pi05_sp_50,r6p3v2_pi05_sp_50_A_r1,r6p3v2_pi05_sp_50_A_r1:eval:6:0,1,6,0,16,80,A,True,664.306,667.318,ok,,0.17391304347826092,0.026086956521739035,0.16666666666666663,20,2,4,5,0.5,16.131779224865866,0.21666666666666679
pi05_sp_50,r6p3v2_pi05_sp_50_A_r1,r6p3v2_pi05_sp_50_A_r1:eval:6:0,1,6,0,18,90,A,False,592.605,596.228,ok,,0.2000000000000001,0.1739130434782609,0.16666666666666663,20,2,4,5,0.6,18.946393590384336,0.181159420289855
pi05_sp_50,r6p3v2_pi05_sp_50_A_r1,r6p3v2_pi05_sp_50_A_r1:eval:6:0,1,6,0,20,100,A,False,588.845,591.614,slow_ambiguous,,0.10526315789473684,0.1739130434782609,0.16666666666666663,20,2,4,5,0.6666666666666666,20.487551413157764,0.26086956521739124
pi05_sp_50,r6p3v2_pi05_sp_50_A_r1,r6p3v2_pi05_sp_50_A_r1:eval:6:0,1,6,0,22,110,A,False,591.253,594.238,ok,,0.17391304347826086,0.07391304347826089,0.16666666666666663,20,2,4,5,0.8,20.971586112541274,0.042105263157894646
pi05_sp_50,r6p3v2_pi05_sp_50_A_r1,r6p3v2_pi05_sp_50_A_r1:eval:6:0,1,6,0,24,120,A,False,580.51,584.497,slow_ambiguous,,0.13043478260869568,0.07391304347826089,0.16666666666666674,20,2,4,5,0.8421052631578947,20.932496493865987,0.06666666666666665
pi05_sp_50,r6p3v2_pi05_sp_50_A_r1,r6p3v2_pi05_sp_50_A_r1:eval:6:0,1,6,0,26,130,A,True,622.397,625.453,slow_ambiguous,,0.0,0.1739130434782609,0.16666666666666663,20,2,4,5,0.8695652173913043,20.78074026887796,0.13043478260869568
pi05_sp_50,r6p3v2_pi05_sp_50_A_r1,r6p3v2_pi05_sp_50_A_r1:eval:6:0,1,6,0,28,140,A,True,618.747,621.642,slow_ambiguous,,0.0,0.1739130434782609,0.16666666666666674,20,2,4,5,1.0,21.929461347325656,0.08333333333333337
pi05_sp_50,r6p3v2_pi05_sp_50_A_r1,r6p3v2_pi05_sp_50_A_r1:eval:6:0,1,6,0,30,150,A,True,555.949,558.531,slow_confirmed,,0.0,0.07391304347826089,0.16666666666666669,20,2,4,5,0.4166666666666667,23.268362772248974,0.0
pi05_sp_50,r6p3v2_pi05_sp_50_A_r1,r6p3v2_pi05_sp_50_A_r1:eval:6:0,1,6,0,32,160,A,True,620.33,623.361,slow_confirmed,,0.0,0.07391304347826089,0.16666666666666663,20,2,4,5,0.4,24.41331744879464,0.08333333333333337
pi05_sp_50,r6p3v2_pi05_sp_50_A_r1,r6p3v2_pi05_sp_50_A_r1:eval:6:0,1,6,0,34,170,A,True,565.654,568.289,slow_confirmed,,0.0,0.07391304347826089,0.16666666666666663,20,2,4,5,0.4,26.16841536279115,0.08333333333333337
pi05_sp_50,r6p3v2_pi05_sp_50_A_r1,r6p3v2_pi05_sp_50_A_r1:eval:6:0,1,6,0,36,180,A,True,557.561,560.287,slow_confirmed,,0.0,0.07391304347826089,0.16666666666666669,20,2,4,5,0.4166666666666667,28.34831358472773,0.0
pi05_sp_50,r6p3v2_pi05_sp_50_A_r1,r6p3v2_pi05_sp_50_A_r1:eval:6:0,1,6,0,38,190,A,True,607.093,609.971,slow_confirmed,,0.0,0.07391304347826089,0.16666666666666669,20,2,4,5,0.4166666666666667,30.774666720046582,0.0
pi05_sp_50,r6p3v2_pi05_sp_50_A_r1,r6p3v2_pi05_sp_50_A_r1:eval:6:0,1,6,0,40,200,A,True,653.39,656.274,slow_confirmed,,0.0,0.07391304347826089,0.16666666666666669,20,2,4,5,0.4166666666666667,32.45321675518386,0.0
pi05_sp_50,r6p3v2_pi05_sp_50_A_r1,r6p3v2_pi05_sp_50_A_r1:eval:6:0,1,6,0,42,210,A,True,658.151,661.316,slow_confirmed,,0.0,0.07391304347826089,0.16666666666666669,20,2,4,5,0.4166666666666667,33.18212224208515,0.0
pi05_sp_50,r6p3v2_pi05_sp_50_A_r1,r6p3v2_pi05_sp_50_A_r1:eval:6:1,1,6,1,0,0,A,False,48.526,64.017,inactive,warming_up,,,,0,2,4,5,,,
pi05_sp_50,r6p3v2_pi05_sp_50_A_r1,r6p3v2_pi05_sp_50_A_r1:eval:6:1,1,6,1,2,10,A,False,43.878,46.505,inactive,warming_up,,,,0,2,4,5,,,
pi05_sp_50,r6p3v2_pi05_sp_50_A_r1,r6p3v2_pi05_sp_50_A_r1:eval:6:1,1,6,1,4,20,A,False,746.012,749.521,slow_ambiguous,,0.16666666666666666,0.1739130434782609,0.16666666666666674,20,2,4,5,0.0,23.145262508378682,0.11304347826086958
pi05_sp_50,r6p3v2_pi05_sp_50_A_r1,r6p3v2_pi05_sp_50_A_r1:eval:6:1,1,6,1,6,30,A,False,750.434,753.601,ok,,0.16666666666666669,0.1739130434782609,0.16666666666666663,20,2,4,5,0.08695652173913043,18.42357608058983,0.1
pi05_sp_50,r6p3v2_pi05_sp_50_A_r1,r6p3v2_pi05_sp_50_A_r1:eval:6:1,1,6,1,8,40,A,False,766.445,770.209,ok,,0.21052631578947367,0.07391304347826089,0.16666666666666663,20,2,4,5,0.16666666666666666,17.082278087540992,0.060869565217391286
pi05_sp_50,r6p3v2_pi05_sp_50_A_r1,r6p3v2_pi05_sp_50_A_r1:eval:6:1,1,6,1,10,50,A,True,603.122,606.185,ok,,0.21052631578947367,0.0,0.16666666666666663,20,2,4,5,0.2608695652173913,15.690086245851097,0.1594202898550725
pi05_sp_50,r6p3v2_pi05_sp_50_A_r1,r6p3v2_pi05_sp_50_A_r1:eval:6:1,1,6,1,12,60,A,False,587.966,591.214,ok,,0.19999999999999996,0.07391304347826089,0.16666666666666663,20,2,4,5,0.4,15.384727719983978,0.07608695652173908
pi05_sp_50,r6p3v2_pi05_sp_50_A_r1,r6p3v2_pi05_sp_50_A_r1:eval:6:1,1,6,1,14,70,A,False,539.759,542.55,ok,,0.17391304347826092,0.07391304347826089,0.16666666666666663,20,2,4,5,0.5,16.769502817632553,0.04385964912280704
pi05_sp_50,r6p3v2_pi05_sp_50_A_r1,r6p3v2_pi05_sp_50_A_r1:eval:6:1,1,6,1,16,80,A,False,539.941,542.578,ok,,0.2000000000000001,0.1739130434782609,0.16666666666666663,20,2,4,5,0.6,20.25678617591021,0.181159420289855
pi05_sp_50,r6p3v2_pi05_sp_50_A_r1,r6p3v2_pi05_sp_50_A_r1:eval:6:1,1,6,1,18,90,A,True,552.966,555.546,slow_ambiguous,,0.10000000000000009,0.1739130434782609,0.16666666666666663,20,2,4,5,0.7,23.274247819357583,0.17753623188405787
pi05_sp_50,r6p3v2_pi05_sp_50_A_r1,r6p3v2_pi05_sp_50_A_r1:eval:6:1,1,6,1,20,100,A,False,558.249,560.968,slow_ambiguous,,0.10526315789473684,0.1739130434782609,0.16666666666666663,20,2,4,5,0.7368421052631579,25.0490056801235,0.1166666666666667
pi05_sp_50,r6p3v2_pi05_sp_50_A_r1,r6p3v2_pi05_sp_50_A_r1:eval:6:1,1,6,1,22,110,A,False,557.294,559.934,slow_ambiguous,,0.1578947368421053,0.07391304347826089,0.16666666666666674,20,2,4,5,0.8333333333333334,25.248866551976572,0.06956521739130428
pi05_sp_50,r6p3v2_pi05_sp_50_A_r1,r6p3v2_pi05_sp_50_A_r1:eval:6:1,1,6,1,24,120,A,True,516.432,519.09,slow_confirmed,,0.10526315789473684,0.0,0.16666666666666663,20,2,4,5,0.42105263157894735,24.852265345917758,0.5166666666666666
pi05_sp_50,r6p3v2_pi05_sp_50_A_r1,r6p3v2_pi05_sp_50_A_r1:eval:6:1,1,6,1,26,130,A,True,568.196,570.821,ok,,0.5789473684210527,0.0,0.16666666666666663,20,2,4,5,0.4166666666666667,24.850250002122973,0.6
pi05_sp_50,r6p3v2_pi05_sp_50_A_r1,r6p3v2_pi05_sp_50_A_r1:eval:6:1,1,6,1,28,140,A,True,511.849,514.386,slow_ambiguous,,0.0,0.1739130434782609,0.16666666666666663,20,2,4,5,1.0,25.189772211319674,0.4736842105263158
pi05_sp_50,r6p3v2_pi05_sp_50_A_r1,r6p3v2_pi05_sp_50_A_r1:eval:6:1,1,6,1,30,150,A,True,561.329,564.146,slow_ambiguous,,0.0,0.1739130434782609,0.16666666666666663,20,2,4,5,1.0,25.789450303201264,0.0
pi05_sp_50,r6p3v2_pi05_sp_50_A_r1,r6p3v2_pi05_sp_50_A_r1:eval:6:1,1,6,1,32,160,A,True,598.278,601.251,slow_ambiguous,,0.0,0.1739130434782609,0.16666666666666663,20,2,4,5,1.0,26.828356924501104,0.0
pi05_sp_50,r6p3v2_pi05_sp_50_A_r1,r6p3v2_pi05_sp_50_A_r1:eval:6:1,1,6,1,34,170,A,True,547.289,549.792,slow_ambiguous,,0.0,0.1739130434782609,0.16666666666666663,20,2,4,5,1.0,28.212633982029654,0.0
pi05_sp_50,r6p3v2_pi05_sp_50_A_r1,r6p3v2_pi05_sp_50_A_r1:eval:6:1,1,6,1,36,180,A,True,599.378,602.563,slow_ambiguous,,0.0,0.1739130434782609,0.16666666666666663,20,2,4,5,1.0,29.630376052051833,0.0
pi05_sp_50,r6p3v2_pi05_sp_50_A_r1,r6p3v2_pi05_sp_50_A_r1:eval:6:1,1,6,1,38,190,A,True,642.968,646.023,slow_ambiguous,,0.0,0.1739130434782609,0.16666666666666663,20,2,4,5,1.0,30.970285790718105,0.0
pi05_sp_50,r6p3v2_pi05_sp_50_A_r1,r6p3v2_pi05_sp_50_A_r1:eval:6:1,1,6,1,40,200,A,True,637.763,640.714,slow_ambiguous,,0.0,0.1739130434782609,0.16666666666666663,20,2,4,5,1.0,32.415481544641985,0.0
pi05_sp_50,r6p3v2_pi05_sp_50_A_r1,r6p3v2_pi05_sp_50_A_r1:eval:6:1,1,6,1,42,210,A,True,647.416,650.252,slow_ambiguous,,0.0,0.1739130434782609,0.16666666666666663,20,2,4,5,1.0,34.132087977132166,0.0
pi05_sp_50,r6p3v2_pi05_sp_50_A_r1,r6p3v2_pi05_sp_50_A_r1:eval:7:0,1,7,0,0,0,A,False,48.597,51.854,inactive,warming_up,,,,0,2,4,5,,,
pi05_sp_50,r6p3v2_pi05_sp_50_A_r1,r6p3v2_pi05_sp_50_A_r1:eval:7:0,1,7,0,2,10,A,False,32.189,34.078,inactive,warming_up,,,,0,2,4,5,,,
pi05_sp_50,r6p3v2_pi05_sp_50_A_r1,r6p3v2_pi05_sp_50_A_r1:eval:7:0,1,7,0,4,20,A,False,657.105,660.0,ok,,0.16,0.07575757575757577,0.15384615384615385,20,2,4,5,0.0,17.248277213367846,0.02797202797202797
pi05_sp_50,r6p3v2_pi05_sp_50_A_r1,r6p3v2_pi05_sp_50_A_r1:eval:7:0,1,7,0,6,30,A,False,566.122,568.923,ok,,0.1818181818181818,0.02181818181818182,0.15384615384615385,20,2,4,5,0.08333333333333333,12.996856671752047,0.09615384615384615
pi05_sp_50,r6p3v2_pi05_sp_50_A_r1,r6p3v2_pi05_sp_50_A_r1:eval:7:0,1,7,0,8,40,A,False,595.272,598.407,ok,,0.18181818181818182,0.07575757575757577,0.15384615384615385,20,2,4,5,0.16666666666666666,13.644568050953078,0.06818181818181818
pi05_sp_50,r6p3v2_pi05_sp_50_A_r1,r6p3v2_pi05_sp_50_A_r1:eval:7:0,1,7,0,10,50,A,False,699.65,702.718,ok,,0.18181818181818182,0.07575757575757577,0.15384615384615385,20,2,4,5,0.2727272727272727,13.553325352844723,0.07333333333333336
pi05_sp_50,r6p3v2_pi05_sp_50_A_r1,r6p3v2_pi05_sp_50_A_r1:eval:7:0,1,7,0,12,60,A,False,678.372,682.172,ok,,0.16666666666666669,0.18181818181818182,0.15384615384615385,20,2,4,5,0.38461538461538464,13.651999876219472,0.07076923076923075
pi05_sp_50,r6p3v2_pi05_sp_50_A_r1,r6p3v2_pi05_sp_50_A_r1:eval:7:0,1,7,0,14,70,A,False,699.338,702.432,ok,,0.15384615384615385,0.15384615384615385,0.15384615384615385,20,2,4,5,0.5,13.310281023491305,0.10181818181818186
pi05_sp_50,r6p3v2_pi05_sp_50_A_r1,r6p3v2_pi05_sp_50_A_r1:eval:7:0,1,7,0,16,80,A,False,607.565,610.557,ok,,0.15384615384615385,0.18181818181818182,0.15384615384615385,20,2,4,5,0.56,13.30183993280158,0.14909090909090905
pi05_sp_50,r6p3v2_pi05_sp_50_A_r1,r6p3v2_pi05_sp_50_A_r1:eval:7:0,1,7,0,18,90,A,False,722.567,725.836,ok,,0.16666666666666674,0.18181818181818182,0.15384615384615385,20,2,4,5,0.6363636363636364,12.780945097203842,0.027972027972028024
pi05_sp_50,r6p3v2_pi05_sp_50_A_r1,r6p3v2_pi05_sp_50_A_r1:eval:7:0,1,7,0,20,100,A,False,764.86,768.17,ok,,0.16666666666666663,0.18181818181818182,0.15384615384615385,20,2,4,5,0.7272727272727273,12.147564796256091,0.027972027972027913
pi05_sp_50,r6p3v2_pi05_sp_50_A_r1,r6p3v2_pi05_sp_50_A_r1:eval:7:0,1,7,0,22,110,A,False,747.882,750.735,ok,,0.16666666666666663,0.18181818181818182,0.15384615384615385,20,2,4,5,0.8181818181818182,11.9899558401917,0.10489510489510478
pi05_sp_50,r6p3v2_pi05_sp_50_A_r1,r6p3v2_pi05_sp_50_A_r1:eval:7:1,1,7,1,0,0,A,False,61.068,64.412,inactive,warming_up,,,,0,2,4,5,,,
pi05_sp_50,r6p3v2_pi05_sp_50_A_r1,r6p3v2_pi05_sp_50_A_r1:eval:7:1,1,7,1,2,10,A,False,33.109,34.956,inactive,warming_up,,,,0,2,4,5,,,
pi05_sp_50,r6p3v2_pi05_sp_50_A_r1,r6p3v2_pi05_sp_50_A_r1:eval:7:1,1,7,1,4,20,A,False,583.96,586.47,ok,,0.16,0.07575757575757577,0.15384615384615385,20,2,4,5,0.0,17.312248087873034,0.02797202797202797
pi05_sp_50,r6p3v2_pi05_sp_50_A_r1,r6p3v2_pi05_sp_50_A_r1:eval:7:1,1,7,1,6,30,A,False,563.073,565.632,ok,,0.15384615384615385,0.02181818181818182,0.15384615384615385,20,2,4,5,0.08,14.060260908983288,0.09090909090909088
pi05_sp_50,r6p3v2_pi05_sp_50_A_r1,r6p3v2_pi05_sp_50_A_r1:eval:7:1,1,7,1,8,40,A,False,572.913,575.57,ok,,0.18181818181818182,0.07575757575757577,0.15384615384615385,20,2,4,5,0.16,14.488269059954012,0.08615384615384619
pi05_sp_50,r6p3v2_pi05_sp_50_A_r1,r6p3v2_pi05_sp_50_A_r1:eval:7:1,1,7,1,10,50,A,True,543.71,546.197,ok,,0.18181818181818182,0.15999999999999998,0.15384615384615385,20,2,4,5,0.24,14.587100986458916,0.2366666666666667
pi05_sp_50,r6p3v2_pi05_sp_50_A_r1,r6p3v2_pi05_sp_50_A_r1:eval:7:1,1,7,1,12,60,A,False,551.847,554.468,ok,,0.16666666666666669,0.15999999999999998,0.15384615384615385,20,2,4,5,0.36363636363636365,14.001549187297753,0.14769230769230768
pi05_sp_50,r6p3v2_pi05_sp_50_A_r1,r6p3v2_pi05_sp_50_A_r1:eval:7:1,1,7,1,14,70,A,False,547.092,549.449,ok,,0.18181818181818182,0.15999999999999998,0.15384615384615385,20,2,4,5,0.45454545454545453,13.96124523552123,0.16999999999999998
pi05_sp_50,r6p3v2_pi05_sp_50_A_r1,r6p3v2_pi05_sp_50_A_r1:eval:7:1,1,7,1,16,80,A,False,567.744,570.365,ok,,0.16666666666666663,0.18181818181818182,0.15384615384615385,20,2,4,5,0.5454545454545454,13.773688841994703,0.11272727272727284
pi05_sp_50,r6p3v2_pi05_sp_50_A_r1,r6p3v2_pi05_sp_50_A_r1:eval:7:1,1,7,1,18,90,A,False,578.16,580.754,ok,,0.16666666666666674,0.18181818181818182,0.15384615384615385,20,2,4,5,0.6363636363636364,13.269316897833344,0.021818181818181848
pi05_sp_50,r6p3v2_pi05_sp_50_A_r1,r6p3v2_pi05_sp_50_A_r1:eval:7:1,1,7,1,20,100,A,False,718.009,721.015,ok,,0.16666666666666663,0.18181818181818182,0.15384615384615385,20,2,4,5,0.7272727272727273,12.90233062573573,0.021818181818181737
pi05_sp_50,r6p3v2_pi05_sp_50_A_r1,r6p3v2_pi05_sp_50_A_r1:eval:7:1,1,7,1,22,110,A,False,556.561,559.091,ok,,0.16666666666666663,0.18181818181818182,0.15384615384615385,20,2,4,5,0.8181818181818182,13.113601956511872,0.021818181818181848
pi05_sp_50,r6p3v2_pi05_sp_50_A_r1,r6p3v2_pi05_sp_50_A_r1:eval:8:0,1,8,0,0,0,A,False,53.422,56.678,inactive,warming_up,,,,0,2,3,4,,,
pi05_sp_50,r6p3v2_pi05_sp_50_A_r1,r6p3v2_pi05_sp_50_A_r1:eval:8:0,1,8,0,2,10,A,False,32.206,34.101,inactive,warming_up,,,,0,2,3,4,,,
pi05_sp_50,r6p3v2_pi05_sp_50_A_r1,r6p3v2_pi05_sp_50_A_r1:eval:8:0,1,8,0,4,20,A,False,620.61,623.517,ok,,0.22222222222222224,0.09722222222222224,0.22222222222222224,20,2,3,4,0.0,23.633643741779746,0.11111111111111108
pi05_sp_50,r6p3v2_pi05_sp_50_A_r1,r6p3v2_pi05_sp_50_A_r1:eval:8:0,1,8,0,6,30,A,False,516.142,519.172,ok,,0.25,0.09722222222222224,0.22222222222222224,20,2,3,4,0.1111111111111111,18.824759137899758,0.11111111111111108
pi05_sp_50,r6p3v2_pi05_sp_50_A_r1,r6p3v2_pi05_sp_50_A_r1:eval:8:0,1,8,0,8,40,A,True,466.24,468.905,ok,,0.22222222222222224,0.11111111111111112,0.22222222222222224,20,2,3,4,0.2222222222222222,16.97451056977322,0.027777777777777762
pi05_sp_50,r6p3v2_pi05_sp_50_A_r1,r6p3v2_pi05_sp_50_A_r1:eval:8:0,1,8,0,10,50,A,False,398.069,400.549,ok,,0.22222222222222227,0.09722222222222224,0.22222222222222224,20,2,3,4,0.375,17.061829000982943,0.13888888888888884
pi05_sp_50,r6p3v2_pi05_sp_50_A_r1,r6p3v2_pi05_sp_50_A_r1:eval:8:0,1,8,0,12,60,A,False,447.945,450.521,ok,,0.22222222222222224,0.027777777777777762,0.22222222222222224,20,2,3,4,0.4444444444444444,17.27460055407039,0.09722222222222224
pi05_sp_50,r6p3v2_pi05_sp_50_A_r1,r6p3v2_pi05_sp_50_A_r1:eval:8:0,1,8,0,14,70,A,False,509.876,512.707,ok,,0.22222222222222224,0.09722222222222224,0.22222222222222224,20,2,3,4,0.5555555555555556,17.109461208688987,0.11111111111111119
pi05_sp_50,r6p3v2_pi05_sp_50_A_r1,r6p3v2_pi05_sp_50_A_r1:eval:8:0,1,8,0,16,80,A,False,451.872,454.53,ok,,0.22222222222222224,0.11111111111111112,0.22222222222222224,20,2,3,4,0.6666666666666666,15.426771877809676,0.0
pi05_sp_50,r6p3v2_pi05_sp_50_A_r1,r6p3v2_pi05_sp_50_A_r1:eval:8:1,1,8,1,0,0,A,False,43.686,46.58,inactive,warming_up,,,,0,2,3,4,,,
pi05_sp_50,r6p3v2_pi05_sp_50_A_r1,r6p3v2_pi05_sp_50_A_r1:eval:8:1,1,8,1,2,10,A,False,56.372,58.977,inactive,warming_up,,,,0,2,3,4,,,
pi05_sp_50,r6p3v2_pi05_sp_50_A_r1,r6p3v2_pi05_sp_50_A_r1:eval:8:1,1,8,1,4,20,A,False,636.7,639.636,ok,,0.22222222222222224,0.11111111111111112,0.22222222222222224,20,2,3,4,0.0,17.35619466903918,0.027777777777777762
pi05_sp_50,r6p3v2_pi05_sp_50_A_r1,r6p3v2_pi05_sp_50_A_r1:eval:8:1,1,8,1,6,30,A,False,570.548,573.669,ok,,0.22222222222222224,0.11111111111111112,0.22222222222222224,20,2,3,4,0.1111111111111111,12.556235499725462,0.027777777777777762
pi05_sp_50,r6p3v2_pi05_sp_50_A_r1,r6p3v2_pi05_sp_50_A_r1:eval:8:1,1,8,1,8,40,A,False,582.788,585.84,ok,,0.22222222222222224,0.11111111111111112,0.22222222222222224,20,2,3,4,0.2222222222222222,11.774444873110724,0.027777777777777762
pi05_sp_50,r6p3v2_pi05_sp_50_A_r1,r6p3v2_pi05_sp_50_A_r1:eval:8:1,1,8,1,10,50,A,False,560.937,563.81,ok,,0.22222222222222227,0.11111111111111112,0.22222222222222224,20,2,3,4,0.3333333333333333,11.127479248528552,0.027777777777777735
pi05_sp_50,r6p3v2_pi05_sp_50_A_r1,r6p3v2_pi05_sp_50_A_r1:eval:8:1,1,8,1,12,60,A,False,570.954,574.228,ok,,0.22222222222222224,0.027777777777777762,0.22222222222222224,20,2,3,4,0.4444444444444444,10.592134791942314,0.09722222222222224
pi05_sp_50,r6p3v2_pi05_sp_50_A_r1,r6p3v2_pi05_sp_50_A_r1:eval:8:1,1,8,1,14,70,A,False,605.071,608.291,ok,,0.22222222222222224,0.11111111111111112,0.22222222222222224,20,2,3,4,0.5555555555555556,10.718682981996523,0.0
pi05_sp_50,r6p3v2_pi05_sp_50_A_r1,r6p3v2_pi05_sp_50_A_r1:eval:8:1,1,8,1,16,80,A,False,632.296,635.142,ok,,0.22222222222222224,0.027777777777777762,0.22222222222222224,20,2,3,4,0.6666666666666666,11.265170424320416,0.11111111111111113
pi05_sp_50,r6p3v2_pi05_sp_50_A_r1,r6p3v2_pi05_sp_50_A_r1:eval:9:0,1,9,0,0,0,A,False,48.549,51.677,inactive,warming_up,,,,0,2,4,5,,,
pi05_sp_50,r6p3v2_pi05_sp_50_A_r1,r6p3v2_pi05_sp_50_A_r1:eval:9:0,1,9,0,2,10,A,False,33.802,35.62,inactive,warming_up,,,,0,2,4,5,,,
pi05_sp_50,r6p3v2_pi05_sp_50_A_r1,r6p3v2_pi05_sp_50_A_r1:eval:9:0,1,9,0,4,20,A,False,653.15,656.24,ok,,0.18181818181818182,0.02608695652173909,0.16666666666666669,20,2,4,5,0.0,20.153402368474435,0.026086956521739146
pi05_sp_50,r6p3v2_pi05_sp_50_A_r1,r6p3v2_pi05_sp_50_A_r1:eval:9:0,1,9,0,6,30,A,False,566.658,569.271,ok,,0.1818181818181818,0.02608695652173909,0.16666666666666669,20,2,4,5,0.09090909090909091,16.141180373824486,0.02608695652173912
pi05_sp_50,r6p3v2_pi05_sp_50_A_r1,r6p3v2_pi05_sp_50_A_r1:eval:9:0,1,9,0,8,40,A,False,552.485,555.13,ok,,0.18181818181818182,0.02608695652173909,0.16666666666666669,20,2,4,5,0.18181818181818182,17.119492879169865,0.026086956521739146
pi05_sp_50,r6p3v2_pi05_sp_50_A_r1,r6p3v2_pi05_sp_50_A_r1:eval:9:0,1,9,0,10,50,A,False,532.809,535.26,ok,,0.18181818181818182,0.0757575757575758,0.16666666666666669,20,2,4,5,0.2727272727272727,20.76157903513965,0.026086956521739146
pi05_sp_50,r6p3v2_pi05_sp_50_A_r1,r6p3v2_pi05_sp_50_A_r1:eval:9:0,1,9,0,12,60,A,False,580.007,582.713,slow_confirmed,,0.09090909090909088,0.07391304347826089,0.16666666666666663,20,2,4,5,0.36363636363636365,23.067127846102068,0.08300395256916998
pi05_sp_50,r6p3v2_pi05_sp_50_A_r1,r6p3v2_pi05_sp_50_A_r1:eval:9:0,1,9,0,14,70,A,False,555.436,557.973,ok,,0.17391304347826092,0.07391304347826089,0.16666666666666663,20,2,4,5,0.45454545454545453,23.86280452216737,0.08181818181818185
pi05_sp_50,r6p3v2_pi05_sp_50_A_r1,r6p3v2_pi05_sp_50_A_r1:eval:9:0,1,9,0,16,80,A,True,549.857,552.433,ok,,0.18181818181818182,0.02608695652173909,0.16666666666666669,20,2,4,5,0.45454545454545453,21.21374764183686,0.02608695652173909
pi05_sp_50,r6p3v2_pi05_sp_50_A_r1,r6p3v2_pi05_sp_50_A_r1:eval:9:0,1,9,0,18,90,A,False,517.026,519.547,slow_ambiguous,,0.09090909090909094,0.1739130434782609,0.16666666666666663,20,2,4,5,0.6086956521739131,20.202804589479687,0.2000000000000001
pi05_sp_50,r6p3v2_pi05_sp_50_A_r1,r6p3v2_pi05_sp_50_A_r1:eval:9:0,1,9,0,20,100,A,False,666.118,668.968,ok,,0.18181818181818188,0.09848484848484851,0.16666666666666663,20,2,4,5,0.6363636363636364,20.6374699841208,0.09881422924901184
pi05_sp_50,r6p3v2_pi05_sp_50_A_r1,r6p3v2_pi05_sp_50_A_r1:eval:9:0,1,9,0,22,110,A,True,561.967,565.2,slow_ambiguous,,0.09999999999999998,0.1739130434782609,0.16666666666666663,20,2,4,5,0.782608695652174,22.35715593076461,0.18939393939393945
pi05_sp_50,r6p3v2_pi05_sp_50_A_r1,r6p3v2_pi05_sp_50_A_r1:eval:9:0,1,9,0,24,120,A,False,543.363,545.959,slow_ambiguous,,0.09090909090909094,0.1739130434782609,0.16666666666666663,20,2,4,5,0.8695652173913043,23.063575152801267,0.18181818181818177
pi05_sp_50,r6p3v2_pi05_sp_50_A_r1,r6p3v2_pi05_sp_50_A_r1:eval:9:0,1,9,0,26,130,A,True,612.639,615.346,slow_ambiguous,,0.0,0.1739130434782609,0.16666666666666669,20,2,4,5,1.0,24.130004361575317,0.0
pi05_sp_50,r6p3v2_pi05_sp_50_A_r1,r6p3v2_pi05_sp_50_A_r1:eval:9:0,1,9,0,28,140,A,True,626.072,629.215,slow_ambiguous,,0.0,0.1739130434782609,0.16666666666666669,20,2,4,5,1.0,26.147302359590253,0.0
pi05_sp_50,r6p3v2_pi05_sp_50_A_r1,r6p3v2_pi05_sp_50_A_r1:eval:9:0,1,9,0,30,150,A,True,676.41,693.544,slow_ambiguous,,0.0,0.1739130434782609,0.16666666666666669,20,2,4,5,1.0,29.72219381301301,0.0
pi05_sp_50,r6p3v2_pi05_sp_50_A_r1,r6p3v2_pi05_sp_50_A_r1:eval:9:0,1,9,0,32,160,A,True,622.612,625.318,slow_confirmed,,0.0,0.0757575757575758,0.16666666666666669,20,2,4,5,0.4,31.89250568296255,0.0
pi05_sp_50,r6p3v2_pi05_sp_50_A_r1,r6p3v2_pi05_sp_50_A_r1:eval:9:0,1,9,0,34,170,A,True,541.545,544.128,slow_confirmed,,0.0,0.0757575757575758,0.16666666666666669,20,2,4,5,0.4,32.72695348677413,0.0
pi05_sp_50,r6p3v2_pi05_sp_50_A_r1,r6p3v2_pi05_sp_50_A_r1:eval:9:0,1,9,0,36,180,A,True,556.329,569.771,slow_ambiguous,,0.0,0.1739130434782609,0.16666666666666663,20,2,4,5,0.5833333333333334,32.57408508120374,0.5217391304347826
pi05_sp_50,r6p3v2_pi05_sp_50_A_r1,r6p3v2_pi05_sp_50_A_r1:eval:9:0,1,9,0,38,190,A,True,601.852,604.999,slow_ambiguous,,0.0,0.1739130434782609,0.16666666666666663,20,2,4,5,0.5833333333333334,32.71699643430246,0.5217391304347826
pi05_sp_50,r6p3v2_pi05_sp_50_A_r1,r6p3v2_pi05_sp_50_A_r1:eval:9:0,1,9,0,40,200,A,True,504.983,507.487,slow_confirmed,,0.0,0.08181818181818179,0.16666666666666669,20,2,4,5,0.8695652173913043,32.87000045933754,0.0
pi05_sp_50,r6p3v2_pi05_sp_50_A_r1,r6p3v2_pi05_sp_50_A_r1:eval:9:0,1,9,0,42,210,A,True,548.876,551.44,slow_ambiguous,,0.0,0.1739130434782609,0.16666666666666663,20,2,4,5,0.8695652173913043,33.06299206141335,0.33333333333333326
pi05_sp_50,r6p3v2_pi05_sp_50_A_r1,r6p3v2_pi05_sp_50_A_r1:eval:9:1,1,9,1,0,0,A,False,50.152,53.287,inactive,warming_up,,,,0,2,4,5,,,
pi05_sp_50,r6p3v2_pi05_sp_50_A_r1,r6p3v2_pi05_sp_50_A_r1:eval:9:1,1,9,1,2,10,A,False,34.419,36.542,inactive,warming_up,,,,0,2,4,5,,,
pi05_sp_50,r6p3v2_pi05_sp_50_A_r1,r6p3v2_pi05_sp_50_A_r1:eval:9:1,1,9,1,4,20,A,False,773.139,776.16,ok,,0.18181818181818182,0.02608695652173909,0.16666666666666669,20,2,4,5,0.0,24.511108604490502,0.026086956521739146
pi05_sp_50,r6p3v2_pi05_sp_50_A_r1,r6p3v2_pi05_sp_50_A_r1:eval:9:1,1,9,1,6,30,A,False,627.059,630.901,ok,,0.1818181818181818,0.02608695652173909,0.16666666666666669,20,2,4,5,0.09090909090909091,21.778630138952167,0.02608695652173912
pi05_sp_50,r6p3v2_pi05_sp_50_A_r1,r6p3v2_pi05_sp_50_A_r1:eval:9:1,1,9,1,8,40,A,False,720.104,723.453,slow_ambiguous,,0.09999999999999998,0.08181818181818185,0.16666666666666663,20,2,4,5,0.18181818181818182,21.581955467822336,0.09090909090909094
pi05_sp_50,r6p3v2_pi05_sp_50_A_r1,r6p3v2_pi05_sp_50_A_r1:eval:9:1,1,9,1,10,50,A,False,739.975,743.221,slow_ambiguous,,0.10000000000000005,0.08181818181818179,0.16666666666666663,20,2,4,5,0.2727272727272727,20.270438037635724,0.09486166007905139
pi05_sp_50,r6p3v2_pi05_sp_50_A_r1,r6p3v2_pi05_sp_50_A_r1:eval:9:1,1,9,1,12,60,A,False,793.564,797.132,ok,,0.18181818181818177,0.02608695652173909,0.16666666666666669,20,2,4,5,0.3,18.986863522850275,0.026086956521739146
pi05_sp_50,r6p3v2_pi05_sp_50_A_r1,r6p3v2_pi05_sp_50_A_r1:eval:9:1,1,9,1,14,70,A,False,757.967,760.95,ok,,0.17391304347826086,0.02608695652173909,0.16666666666666669,20,2,4,5,0.4,17.73753085126913,0.033333333333333326
pi05_sp_50,r6p3v2_pi05_sp_50_A_r1,r6p3v2_pi05_sp_50_A_r1:eval:9:1,1,9,1,16,80,A,False,584.607,587.383,ok,,0.17391304347826086,0.02608695652173909,0.16666666666666669,20,2,4,5,0.5217391304347826,17.180872468721294,0.033333333333333326
pi05_sp_50,r6p3v2_pi05_sp_50_A_r1,r6p3v2_pi05_sp_50_A_r1:eval:9:1,1,9,1,18,90,A,False,582.523,585.567,ok,,0.18181818181818188,0.08181818181818179,0.16666666666666663,20,2,4,5,0.6,16.315504871500135,0.09420289855072461
pi05_sp_50,r6p3v2_pi05_sp_50_A_r1,r6p3v2_pi05_sp_50_A_r1:eval:9:1,1,9,1,20,100,A,False,571.731,574.227,ok,,0.17391304347826086,0.02608695652173909,0.16666666666666663,20,2,4,5,0.7,15.177645505570759,0.033333333333333465
pi05_sp_50,r6p3v2_pi05_sp_50_A_r1,r6p3v2_pi05_sp_50_A_r1:eval:9:1,1,9,1,22,110,A,False,589.702,592.233,ok,,0.16666666666666663,0.1739130434782609,0.16666666666666663,20,2,4,5,0.8,15.246167665613228,0.12648221343873525
pi05_sp_50,r6p3v2_pi05_sp_50_A_r1,r6p3v2_pi05_sp_50_A_r1:eval:9:1,1,9,1,24,120,A,True,519.291,521.707,slow_ambiguous,,0.09090909090909094,0.09848484848484851,0.16666666666666663,20,2,4,5,0.8695652173913043,19.14583740458025,0.0984848484848484
pi05_sp_50,r6p3v2_pi05_sp_50_A_r1,r6p3v2_pi05_sp_50_A_r1:eval:9:1,1,9,1,26,130,A,True,578.711,581.337,slow_ambiguous,,0.0,0.1739130434782609,0.16666666666666663,20,2,4,5,0.9090909090909091,24.323627276523013,0.09090909090909094
pi05_sp_50,r6p3v2_pi05_sp_50_A_r1,r6p3v2_pi05_sp_50_A_r1:eval:9:1,1,9,1,28,140,A,True,566.225,568.908,slow_ambiguous,,0.0,0.1739130434782609,0.16666666666666669,20,2,4,5,1.0,29.63586458023336,0.0
pi05_sp_50,r6p3v2_pi05_sp_50_A_r2,r6p3v2_pi05_sp_50_A_r2:eval:0:0,1,0,0,0,0,A,False,63.207,66.525,inactive,warming_up,,,,0,2,4,5,,,
pi05_sp_50,r6p3v2_pi05_sp_50_A_r2,r6p3v2_pi05_sp_50_A_r2:eval:0:0,1,0,0,2,10,A,False,35.968,38.192,inactive,warming_up,,,,0,2,4,5,,,
pi05_sp_50,r6p3v2_pi05_sp_50_A_r2,r6p3v2_pi05_sp_50_A_r2:eval:0:0,1,0,0,4,20,A,False,613.895,617.019,ok,,0.26666666666666666,0.17435897435897435,0.25,20,2,4,5,0.0,15.58255781087747,0.25
pi05_sp_50,r6p3v2_pi05_sp_50_A_r2,r6p3v2_pi05_sp_50_A_r2:eval:0:0,1,0,0,6,30,A,False,549.744,552.617,ok,,0.2666666666666667,0.14166666666666672,0.25,20,2,4,5,0.125,12.07351948594119,0.125
pi05_sp_50,r6p3v2_pi05_sp_50_A_r2,r6p3v2_pi05_sp_50_A_r2:eval:0:0,1,0,0,8,40,A,False,558.422,561.083,ok,,0.26666666666666666,0.14166666666666672,0.25,20,2,4,5,0.26666666666666666,11.446779631339924,0.125
pi05_sp_50,r6p3v2_pi05_sp_50_A_r2,r6p3v2_pi05_sp_50_A_r2:eval:0:0,1,0,0,10,50,A,False,595.284,598.273,ok,,0.2666666666666666,0.14166666666666672,0.25,20,2,4,5,0.4,10.940745953967516,0.125
pi05_sp_50,r6p3v2_pi05_sp_50_A_r2,r6p3v2_pi05_sp_50_A_r2:eval:0:0,1,0,0,12,60,A,True,578.486,581.549,ok,,0.25,0.05769230769230771,0.25,20,2,4,5,0.5333333333333333,14.2314282872088,0.01666666666666672
pi05_sp_50,r6p3v2_pi05_sp_50_A_r2,r6p3v2_pi05_sp_50_A_r2:eval:0:0,1,0,0,14,70,A,True,591.003,593.692,ok,,0.25,0.14166666666666672,0.25,20,2,4,5,0.6666666666666666,17.743916959233356,0.19999999999999996
pi05_sp_50,r6p3v2_pi05_sp_50_A_r2,r6p3v2_pi05_sp_50_A_r2:eval:0:0,1,0,0,16,80,A,False,548.839,551.987,slow_ambiguous,,0.1333333333333333,0.14166666666666672,0.25,20,2,4,5,0.46153846153846156,19.933093270222614,0.375
pi05_sp_50,r6p3v2_pi05_sp_50_A_r2,r6p3v2_pi05_sp_50_A_r2:eval:0:0,1,0,0,18,90,A,True,522.191,524.692,slow_confirmed,,0.0,0.14166666666666672,0.25,20,2,4,5,0.46153846153846156,20.5680953973896,0.4
pi05_sp_50,r6p3v2_pi05_sp_50_A_r2,r6p3v2_pi05_sp_50_A_r2:eval:0:0,1,0,0,20,100,A,False,597.439,600.127,slow_confirmed,,0.0,0.14166666666666672,0.25,20,2,4,5,0.5,22.170536603779595,0.2666666666666667
pi05_sp_50,r6p3v2_pi05_sp_50_A_r2,r6p3v2_pi05_sp_50_A_r2:eval:0:0,1,0,0,22,110,A,True,569.585,572.588,slow_confirmed,,0.0,0.14166666666666672,0.25,20,2,4,5,0.46153846153846156,23.915038335004805,0.4
pi05_sp_50,r6p3v2_pi05_sp_50_A_r2,r6p3v2_pi05_sp_50_A_r2:eval:0:0,1,0,0,24,120,A,True,546.028,548.768,slow_confirmed,,0.0,0.05769230769230771,0.25,20,2,4,5,0.5,26.737827923043117,0.0
pi05_sp_50,r6p3v2_pi05_sp_50_A_r2,r6p3v2_pi05_sp_50_A_r2:eval:0:0,1,0,0,26,130,A,True,503.905,506.444,slow_confirmed,,0.0,0.14166666666666672,0.25,20,2,4,5,0.5,28.568294640820767,0.25
pi05_sp_50,r6p3v2_pi05_sp_50_A_r2,r6p3v2_pi05_sp_50_A_r2:eval:0:0,1,0,0,28,140,A,False,583.81,586.93,slow_confirmed,,0.0,0.14166666666666672,0.25,20,2,4,5,0.5,30.056009099139327,0.5
pi05_sp_50,r6p3v2_pi05_sp_50_A_r2,r6p3v2_pi05_sp_50_A_r2:eval:0:0,1,0,0,30,150,A,True,673.332,676.363,slow_ambiguous,,0.15384615384615385,0.14166666666666672,0.25,20,2,4,5,0.5,32.14335483376555,0.5
pi05_sp_50,r6p3v2_pi05_sp_50_A_r2,r6p3v2_pi05_sp_50_A_r2:eval:0:0,1,0,0,32,160,A,True,664.59,667.649,slow_confirmed,,0.0,0.14166666666666672,0.25,20,2,4,5,0.8,34.665814662881104,0.375
pi05_sp_50,r6p3v2_pi05_sp_50_A_r2,r6p3v2_pi05_sp_50_A_r2:eval:0:0,1,0,0,34,170,A,True,613.633,616.725,slow_confirmed,,0.0,0.14166666666666672,0.25,20,2,4,5,0.8,37.59687134234275,0.375
pi05_sp_50,r6p3v2_pi05_sp_50_A_r2,r6p3v2_pi05_sp_50_A_r2:eval:0:0,1,0,0,36,180,A,True,599.765,602.748,slow_confirmed,,0.0,0.09999999999999995,0.25,20,2,4,5,1.0,39.21650461498866,0.0
pi05_sp_50,r6p3v2_pi05_sp_50_A_r2,r6p3v2_pi05_sp_50_A_r2:eval:0:0,1,0,0,38,190,A,True,658.045,660.999,slow_confirmed,,0.0,0.09999999999999995,0.25,20,2,4,5,1.0,40.56240372207392,0.0
pi05_sp_50,r6p3v2_pi05_sp_50_A_r2,r6p3v2_pi05_sp_50_A_r2:eval:0:0,1,0,0,40,200,A,True,675.554,678.754,slow_confirmed,,0.0,0.09999999999999995,0.25,20,2,4,5,0.8,41.49537330411112,0.0
pi05_sp_50,r6p3v2_pi05_sp_50_A_r2,r6p3v2_pi05_sp_50_A_r2:eval:0:0,1,0,0,42,210,A,True,730.738,734.028,slow_confirmed,,0.0,0.09999999999999995,0.25,20,2,4,5,0.8,42.99001438302321,0.0
pi05_sp_50,r6p3v2_pi05_sp_50_A_r2,r6p3v2_pi05_sp_50_A_r2:eval:0:1,1,0,1,0,0,A,False,46.88,49.985,inactive,warming_up,,,,0,2,4,5,,,
pi05_sp_50,r6p3v2_pi05_sp_50_A_r2,r6p3v2_pi05_sp_50_A_r2:eval:0:1,1,0,1,2,10,A,False,31.998,33.869,inactive,warming_up,,,,0,2,4,5,,,
pi05_sp_50,r6p3v2_pi05_sp_50_A_r2,r6p3v2_pi05_sp_50_A_r2:eval:0:1,1,0,1,4,20,A,False,582.013,584.729,ok,,0.26666666666666666,0.14166666666666672,0.25,20,2,4,5,0.0,11.919095908380887,0.125
pi05_sp_50,r6p3v2_pi05_sp_50_A_r2,r6p3v2_pi05_sp_50_A_r2:eval:0:1,1,0,1,6,30,A,False,544.582,547.299,ok,,0.25,0.05769230769230771,0.25,20,2,4,5,0.125,10.714083875310655,0.01666666666666672
pi05_sp_50,r6p3v2_pi05_sp_50_A_r2,r6p3v2_pi05_sp_50_A_r2:eval:0:1,1,0,1,8,40,A,False,524.247,526.914,ok,,0.26666666666666666,0.14166666666666672,0.25,20,2,4,5,0.26666666666666666,11.780312969676942,0.125
pi05_sp_50,r6p3v2_pi05_sp_50_A_r2,r6p3v2_pi05_sp_50_A_r2:eval:0:1,1,0,1,10,50,A,False,558.744,561.357,ok,,0.2666666666666666,0.0410256410256411,0.25,20,2,4,5,0.375,12.145849916660401,0.10833333333333339
pi05_sp_50,r6p3v2_pi05_sp_50_A_r2,r6p3v2_pi05_sp_50_A_r2:eval:0:1,1,0,1,12,60,A,False,516.134,518.741,ok,,0.25,0.05769230769230771,0.25,20,2,4,5,0.5333333333333333,12.861870797388432,0.01666666666666672
pi05_sp_50,r6p3v2_pi05_sp_50_A_r2,r6p3v2_pi05_sp_50_A_r2:eval:0:1,1,0,1,14,70,A,False,545.803,548.534,ok,,0.25,0.0410256410256411,0.25,20,2,4,5,0.6666666666666666,11.237019790493674,0.08333333333333337
pi05_sp_50,r6p3v2_pi05_sp_50_A_r2,r6p3v2_pi05_sp_50_A_r2:eval:1:0,1,1,0,0,0,A,False,52.345,61.772,inactive,warming_up,,,,0,2,4,5,,,
pi05_sp_50,r6p3v2_pi05_sp_50_A_r2,r6p3v2_pi05_sp_50_A_r2:eval:1:0,1,1,0,2,10,A,False,46.669,49.05,inactive,warming_up,,,,0,2,4,5,,,
pi05_sp_50,r6p3v2_pi05_sp_50_A_r2,r6p3v2_pi05_sp_50_A_r2:eval:1:0,1,1,0,4,20,A,False,615.862,618.399,ok,,0.18181818181818182,0.07391304347826082,0.17391304347826086,20,2,4,5,0.0,14.341628043914447,0.026086956521739146
pi05_sp_50,r6p3v2_pi05_sp_50_A_r2,r6p3v2_pi05_sp_50_A_r2:eval:1:0,1,1,0,6,30,A,False,568.128,570.81,ok,,0.1818181818181818,0.009523809523809518,0.17391304347826086,20,2,4,5,0.09090909090909091,12.126034656530797,0.02608695652173912
pi05_sp_50,r6p3v2_pi05_sp_50_A_r2,r6p3v2_pi05_sp_50_A_r2:eval:1:0,1,1,0,8,40,A,False,580.144,582.818,ok,,0.18181818181818182,0.07391304347826082,0.17391304347826086,20,2,4,5,0.18181818181818182,12.265777680823435,0.026086956521739146
pi05_sp_50,r6p3v2_pi05_sp_50_A_r2,r6p3v2_pi05_sp_50_A_r2:eval:1:0,1,1,0,10,50,A,False,598.924,601.885,ok,,0.18181818181818182,0.08181818181818178,0.17391304347826086,20,2,4,5,0.2727272727272727,12.622241386151352,0.026086956521739146
pi05_sp_50,r6p3v2_pi05_sp_50_A_r2,r6p3v2_pi05_sp_50_A_r2:eval:1:0,1,1,0,12,60,A,True,595.779,598.785,ok,,0.17391304347826086,0.09047619047619049,0.17391304347826086,20,2,4,5,0.36363636363636365,12.23790585029453,0.09047619047619049
pi05_sp_50,r6p3v2_pi05_sp_50_A_r2,r6p3v2_pi05_sp_50_A_r2:eval:1:0,1,1,0,14,70,A,False,599.219,602.614,ok,,0.17391304347826092,0.09047619047619049,0.17391304347826086,20,2,4,5,0.45454545454545453,11.704155042283153,0.09047619047619049
pi05_sp_50,r6p3v2_pi05_sp_50_A_r2,r6p3v2_pi05_sp_50_A_r2:eval:1:0,1,1,0,16,80,A,False,545.287,547.973,ok,,0.18181818181818188,0.052700922266139635,0.1739130434782609,20,2,4,5,0.5217391304347826,10.464941267067383,0.02608695652173909
pi05_sp_50,r6p3v2_pi05_sp_50_A_r2,r6p3v2_pi05_sp_50_A_r2:eval:1:0,1,1,0,18,90,A,False,542.146,544.834,ok,,0.18181818181818188,0.05714285714285705,0.1739130434782609,20,2,4,5,0.6086956521739131,9.873618251877032,0.02608695652173923
pi05_sp_50,r6p3v2_pi05_sp_50_A_r2,r6p3v2_pi05_sp_50_A_r2:eval:1:0,1,1,0,20,100,A,False,604.963,607.763,slow_ambiguous,,0.17391304347826086,0.05714285714285705,0.1739130434782609,20,2,4,5,0.7,9.609453382399668,0.10476190476190486
pi05_sp_50,r6p3v2_pi05_sp_50_A_r2,r6p3v2_pi05_sp_50_A_r2:eval:1:0,1,1,0,22,110,A,False,631.459,634.073,slow_ambiguous,,0.17391304347826086,0.05714285714285705,0.1739130434782609,20,2,4,5,0.8,10.80917596682795,0.05714285714285705
pi05_sp_50,r6p3v2_pi05_sp_50_A_r2,r6p3v2_pi05_sp_50_A_r2:eval:1:1,1,1,1,0,0,A,False,58.614,61.45,inactive,warming_up,,,,0,2,4,5,,,
pi05_sp_50,r6p3v2_pi05_sp_50_A_r2,r6p3v2_pi05_sp_50_A_r2:eval:1:1,1,1,1,2,10,A,False,31.938,33.917,inactive,warming_up,,,,0,2,4,5,,,
pi05_sp_50,r6p3v2_pi05_sp_50_A_r2,r6p3v2_pi05_sp_50_A_r2:eval:1:1,1,1,1,4,20,A,False,680.274,683.183,ok,,0.18181818181818182,0.07391304347826082,0.17391304347826086,20,2,4,5,0.0,16.259675073157755,0.026086956521739146
pi05_sp_50,r6p3v2_pi05_sp_50_A_r2,r6p3v2_pi05_sp_50_A_r2:eval:1:1,1,1,1,6,30,A,False,697.964,701.104,ok,,0.1818181818181818,0.009523809523809518,0.17391304347826086,20,2,4,5,0.09090909090909091,13.44126527418966,0.02608695652173912
pi05_sp_50,r6p3v2_pi05_sp_50_A_r2,r6p3v2_pi05_sp_50_A_r2:eval:1:1,1,1,1,8,40,A,False,659.319,662.04,ok,,0.19047619047619047,0.07391304347826082,0.17391304347826086,20,2,4,5,0.19047619047619047,13.184335356441792,0.026086956521739146
pi05_sp_50,r6p3v2_pi05_sp_50_A_r2,r6p3v2_pi05_sp_50_A_r2:eval:1:1,1,1,1,10,50,A,False,619.874,623.184,slow_ambiguous,,0.10000000000000005,0.09047619047619049,0.17391304347826086,20,2,4,5,0.2857142857142857,13.810989883845219,0.09523809523809523
pi05_sp_50,r6p3v2_pi05_sp_50_A_r2,r6p3v2_pi05_sp_50_A_r2:eval:1:1,1,1,1,12,60,A,False,686.877,689.922,ok,,0.17391304347826086,0.09047619047619049,0.17391304347826086,20,2,4,5,0.38095238095238093,14.18887783970599,0.09047619047619049
pi05_sp_50,r6p3v2_pi05_sp_50_A_r2,r6p3v2_pi05_sp_50_A_r2:eval:1:1,1,1,1,14,70,A,True,750.055,753.104,ok,,0.19047619047619047,0.018181818181818132,0.17391304347826092,20,2,4,5,0.4,15.61777635634673,0.026086956521739035
pi05_sp_50,r6p3v2_pi05_sp_50_A_r2,r6p3v2_pi05_sp_50_A_r2:eval:1:1,1,1,1,16,80,A,False,744.094,747.772,ok,,0.18181818181818188,0.052700922266139635,0.1739130434782609,20,2,4,5,0.5217391304347826,16.062064246109234,0.02608695652173909
pi05_sp_50,r6p3v2_pi05_sp_50_A_r2,r6p3v2_pi05_sp_50_A_r2:eval:1:1,1,1,1,18,90,A,False,667.137,670.46,ok,,0.18181818181818188,0.09047619047619049,0.1739130434782609,20,2,4,5,0.6,16.364537411442946,0.02608695652173923
pi05_sp_50,r6p3v2_pi05_sp_50_A_r2,r6p3v2_pi05_sp_50_A_r2:eval:1:1,1,1,1,20,100,A,False,573.239,576.281,ok,,0.18181818181818177,0.05714285714285705,0.1739130434782609,20,2,4,5,0.7,15.501243442192981,0.02608695652173923
pi05_sp_50,r6p3v2_pi05_sp_50_A_r2,r6p3v2_pi05_sp_50_A_r2:eval:1:1,1,1,1,22,110,A,False,541.8,544.497,ok,,0.18181818181818177,0.05714285714285705,0.1739130434782609,20,2,4,5,0.782608695652174,16.228917242994626,0.02608695652173909
pi05_sp_50,r6p3v2_pi05_sp_50_A_r2,r6p3v2_pi05_sp_50_A_r2:eval:1:1,1,1,1,24,120,A,False,542.411,544.961,slow_ambiguous,,0.09090909090909094,0.09047619047619049,0.1739130434782609,20,2,4,5,0.9,17.845506929786257,0.082815734989648
pi05_sp_50,r6p3v2_pi05_sp_50_A_r2,r6p3v2_pi05_sp_50_A_r2:eval:2:0,1,2,0,0,0,A,False,47.071,50.375,inactive,warming_up,,,,0,2,4,5,,,
pi05_sp_50,r6p3v2_pi05_sp_50_A_r2,r6p3v2_pi05_sp_50_A_r2:eval:2:0,1,2,0,2,10,A,False,31.889,33.78,inactive,warming_up,,,,0,2,4,5,,,
pi05_sp_50,r6p3v2_pi05_sp_50_A_r2,r6p3v2_pi05_sp_50_A_r2:eval:2:0,1,2,0,4,20,A,False,610.94,613.568,ok,,0.21052631578947367,0.09941520467836255,0.2,20,2,4,5,0.0,23.381198605409683,0.022222222222222227
pi05_sp_50,r6p3v2_pi05_sp_50_A_r2,r6p3v2_pi05_sp_50_A_r2:eval:2:0,1,2,0,6,30,A,False,517.01,519.505,ok,,0.22222222222222224,0.09941520467836255,0.2,20,2,4,5,0.1111111111111111,15.355425683367143,0.011695906432748565
pi05_sp_50,r6p3v2_pi05_sp_50_A_r2,r6p3v2_pi05_sp_50_A_r2:eval:2:0,1,2,0,8,40,A,False,539.034,541.52,ok,,0.22222222222222224,0.09941520467836255,0.2,20,2,4,5,0.2222222222222222,15.574334310527695,0.07777777777777775
pi05_sp_50,r6p3v2_pi05_sp_50_A_r2,r6p3v2_pi05_sp_50_A_r2:eval:2:0,1,2,0,10,50,A,False,662.129,665.477,ok,,0.22222222222222227,0.08888888888888889,0.2,20,2,4,5,0.3333333333333333,14.67879836648846,0.02222222222222231
pi05_sp_50,r6p3v2_pi05_sp_50_A_r2,r6p3v2_pi05_sp_50_A_r2:eval:2:0,1,2,0,12,60,A,False,553.266,556.134,slow_ambiguous,,0.11111111111111116,0.1169590643274854,0.19999999999999996,20,2,4,5,0.4444444444444444,15.27660608220595,0.12222222222222226
pi05_sp_50,r6p3v2_pi05_sp_50_A_r2,r6p3v2_pi05_sp_50_A_r2:eval:2:0,1,2,0,14,70,A,False,530.224,533.132,ok,,0.21052631578947367,0.09941520467836251,0.2000000000000001,20,2,4,5,0.5555555555555556,13.735117688845955,0.022222222222222143
pi05_sp_50,r6p3v2_pi05_sp_50_A_r2,r6p3v2_pi05_sp_50_A_r2:eval:2:0,1,2,0,16,80,A,False,562.696,565.731,ok,,0.22222222222222224,0.11111111111111119,0.19999999999999996,20,2,4,5,0.631578947368421,14.096015869240668,0.12280701754385959
pi05_sp_50,r6p3v2_pi05_sp_50_A_r2,r6p3v2_pi05_sp_50_A_r2:eval:2:0,1,2,0,18,90,A,False,581.223,584.281,slow_ambiguous,,0.11111111111111105,0.11111111111111119,0.19999999999999996,20,2,4,5,0.7777777777777778,13.36692129570587,0.12222222222222226
pi05_sp_50,r6p3v2_pi05_sp_50_A_r2,r6p3v2_pi05_sp_50_A_r2:eval:2:1,1,2,1,0,0,A,False,84.33,87.475,inactive,warming_up,,,,0,2,4,5,,,
pi05_sp_50,r6p3v2_pi05_sp_50_A_r2,r6p3v2_pi05_sp_50_A_r2:eval:2:1,1,2,1,2,10,A,False,30.754,32.513,inactive,warming_up,,,,0,2,4,5,,,
pi05_sp_50,r6p3v2_pi05_sp_50_A_r2,r6p3v2_pi05_sp_50_A_r2:eval:2:1,1,2,1,4,20,A,False,629.877,632.335,ok,,0.21052631578947367,0.09941520467836255,0.2,20,2,4,5,0.0,15.45705614841677,0.022222222222222227
pi05_sp_50,r6p3v2_pi05_sp_50_A_r2,r6p3v2_pi05_sp_50_A_r2:eval:2:1,1,2,1,6,30,A,False,469.699,472.248,ok,,0.22222222222222224,0.09941520467836255,0.2,20,2,4,5,0.1111111111111111,10.774294902033782,0.0777777777777778
pi05_sp_50,r6p3v2_pi05_sp_50_A_r2,r6p3v2_pi05_sp_50_A_r2:eval:2:1,1,2,1,8,40,A,False,597.968,601.061,ok,,0.22222222222222224,0.09941520467836255,0.2,20,2,4,5,0.2222222222222222,10.76880171622041,0.07777777777777775
pi05_sp_50,r6p3v2_pi05_sp_50_A_r2,r6p3v2_pi05_sp_50_A_r2:eval:2:1,1,2,1,10,50,A,False,566.915,569.548,ok,,0.22222222222222227,0.08888888888888889,0.2,20,2,4,5,0.3333333333333333,10.602935463748544,0.02222222222222231
pi05_sp_50,r6p3v2_pi05_sp_50_A_r2,r6p3v2_pi05_sp_50_A_r2:eval:2:1,1,2,1,12,60,A,False,518.473,521.369,slow_ambiguous,,0.19999999999999996,0.08888888888888889,0.2,20,2,4,5,0.4444444444444444,12.462190831490323,0.11111111111111108
pi05_sp_50,r6p3v2_pi05_sp_50_A_r2,r6p3v2_pi05_sp_50_A_r2:eval:2:1,1,2,1,14,70,A,False,566.886,569.473,ok,,0.22222222222222224,0.09941520467836262,0.19999999999999996,20,2,4,5,0.5555555555555556,12.647634555577719,0.11578947368421041
pi05_sp_50,r6p3v2_pi05_sp_50_A_r2,r6p3v2_pi05_sp_50_A_r2:eval:2:1,1,2,1,16,80,A,False,586.018,589.074,ok,,0.22222222222222224,0.11111111111111119,0.19999999999999996,20,2,4,5,0.631578947368421,14.022598889717694,0.12280701754385959
pi05_sp_50,r6p3v2_pi05_sp_50_A_r2,r6p3v2_pi05_sp_50_A_r2:eval:2:1,1,2,1,18,90,A,False,684.832,687.811,slow_ambiguous,,0.11111111111111105,0.11111111111111119,0.19999999999999996,20,2,4,5,0.7777777777777778,13.520043320643337,0.12222222222222226
pi05_sp_50,r6p3v2_pi05_sp_50_A_r2,r6p3v2_pi05_sp_50_A_r2:eval:3:0,1,3,0,0,0,A,False,57.603,61.353,inactive,warming_up,,,,0,2,4,5,,,
pi05_sp_50,r6p3v2_pi05_sp_50_A_r2,r6p3v2_pi05_sp_50_A_r2:eval:3:0,1,3,0,2,10,A,False,45.858,48.105,inactive,warming_up,,,,0,2,4,5,,,
pi05_sp_50,r6p3v2_pi05_sp_50_A_r2,r6p3v2_pi05_sp_50_A_r2:eval:3:0,1,3,0,4,20,A,False,736.579,740.01,ok,,0.25,0.0,0.25,20,2,4,5,0.0,12.894032994677554,0.0
pi05_sp_50,r6p3v2_pi05_sp_50_A_r2,r6p3v2_pi05_sp_50_A_r2:eval:3:0,1,3,0,6,30,A,False,732.26,735.309,ok,,0.25,0.0,0.25,20,2,4,5,0.125,9.899572022207531,0.0
pi05_sp_50,r6p3v2_pi05_sp_50_A_r2,r6p3v2_pi05_sp_50_A_r2:eval:3:0,1,3,0,8,40,A,False,733.325,736.299,ok,,0.25,0.0,0.25,20,2,4,5,0.25,10.292635125040887,0.0
pi05_sp_50,r6p3v2_pi05_sp_50_A_r2,r6p3v2_pi05_sp_50_A_r2:eval:3:0,1,3,0,10,50,A,False,671.051,674.552,ok,,0.25,0.0,0.25,20,2,4,5,0.375,11.611592809557443,0.0
pi05_sp_50,r6p3v2_pi05_sp_50_A_r2,r6p3v2_pi05_sp_50_A_r2:eval:3:0,1,3,0,12,60,A,False,553.058,555.975,ok,,0.25,0.0,0.25,20,2,4,5,0.5,12.693309776246027,0.0
pi05_sp_50,r6p3v2_pi05_sp_50_A_r2,r6p3v2_pi05_sp_50_A_r2:eval:3:0,1,3,0,14,70,A,False,564.869,567.678,ok,,0.25,0.0,0.25,20,2,4,5,0.625,13.643700586260168,0.0
pi05_sp_50,r6p3v2_pi05_sp_50_A_r2,r6p3v2_pi05_sp_50_A_r2:eval:3:0,1,3,0,16,80,A,False,517.043,519.692,ok,,0.25,0.0,0.25,20,2,4,5,0.75,14.554924973561626,0.0
pi05_sp_50,r6p3v2_pi05_sp_50_A_r2,r6p3v2_pi05_sp_50_A_r2:eval:3:1,1,3,1,0,0,A,False,38.964,41.72,inactive,warming_up,,,,0,2,4,5,,,
pi05_sp_50,r6p3v2_pi05_sp_50_A_r2,r6p3v2_pi05_sp_50_A_r2:eval:3:1,1,3,1,2,10,A,False,27.759,29.376,inactive,warming_up,,,,0,2,4,5,,,
pi05_sp_50,r6p3v2_pi05_sp_50_A_r2,r6p3v2_pi05_sp_50_A_r2:eval:3:1,1,3,1,4,20,A,False,544.682,547.186,ok,,0.25,0.0,0.25,20,2,4,5,0.0,13.78310046669628,0.0
pi05_sp_50,r6p3v2_pi05_sp_50_A_r2,r6p3v2_pi05_sp_50_A_r2:eval:3:1,1,3,1,6,30,A,False,522.222,524.856,ok,,0.25,0.0,0.25,20,2,4,5,0.125,10.750942993305541,0.0
pi05_sp_50,r6p3v2_pi05_sp_50_A_r2,r6p3v2_pi05_sp_50_A_r2:eval:3:1,1,3,1,8,40,A,False,540.014,542.697,ok,,0.25,0.0,0.25,20,2,4,5,0.25,11.07016520196697,0.0
pi05_sp_50,r6p3v2_pi05_sp_50_A_r2,r6p3v2_pi05_sp_50_A_r2:eval:3:1,1,3,1,10,50,A,False,638.76,641.686,ok,,0.25,0.0,0.25,20,2,4,5,0.375,11.580468011065932,0.0
pi05_sp_50,r6p3v2_pi05_sp_50_A_r2,r6p3v2_pi05_sp_50_A_r2:eval:3:1,1,3,1,12,60,A,False,527.274,530.03,ok,,0.25,0.0,0.25,20,2,4,5,0.5,12.718544373020778,0.0
pi05_sp_50,r6p3v2_pi05_sp_50_A_r2,r6p3v2_pi05_sp_50_A_r2:eval:3:1,1,3,1,14,70,A,False,549.726,552.304,ok,,0.25,0.0,0.25,20,2,4,5,0.625,13.088120680472713,0.0
pi05_sp_50,r6p3v2_pi05_sp_50_A_r2,r6p3v2_pi05_sp_50_A_r2:eval:3:1,1,3,1,16,80,A,False,524.48,527.054,ok,,0.25,0.0,0.25,20,2,4,5,0.75,14.792578901632503,0.0
pi05_sp_50,r6p3v2_pi05_sp_50_A_r2,r6p3v2_pi05_sp_50_A_r2:eval:4:0,1,4,0,0,0,A,False,44.918,47.738,inactive,warming_up,,,,0,2,4,5,,,
pi05_sp_50,r6p3v2_pi05_sp_50_A_r2,r6p3v2_pi05_sp_50_A_r2:eval:4:0,1,4,0,2,10,A,False,34.491,46.286,inactive,warming_up,,,,0,2,4,5,,,
pi05_sp_50,r6p3v2_pi05_sp_50_A_r2,r6p3v2_pi05_sp_50_A_r2:eval:4:0,1,4,0,4,20,A,False,692.765,695.896,ok,,0.16666666666666666,0.0757575757575758,0.15384615384615385,20,2,4,5,0.0,16.13661878942801,0.07076923076923078
pi05_sp_50,r6p3v2_pi05_sp_50_A_r2,r6p3v2_pi05_sp_50_A_r2:eval:4:0,1,4,0,6,30,A,False,577.409,580.329,ok,,0.16666666666666669,0.0757575757575758,0.15384615384615385,20,2,4,5,0.08,11.29671619707986,0.0707692307692308
pi05_sp_50,r6p3v2_pi05_sp_50_A_r2,r6p3v2_pi05_sp_50_A_r2:eval:4:0,1,4,0,8,40,A,False,542.153,544.775,ok,,0.16,0.021818181818181792,0.15384615384615385,20,2,4,5,0.16666666666666666,11.037040479932335,0.02797202797202797
pi05_sp_50,r6p3v2_pi05_sp_50_A_r2,r6p3v2_pi05_sp_50_A_r2:eval:4:0,1,4,0,10,50,A,False,671.716,674.73,ok,,0.16000000000000003,0.021818181818181792,0.15384615384615385,20,2,4,5,0.25,10.959324089362235,0.02797202797202797
pi05_sp_50,r6p3v2_pi05_sp_50_A_r2,r6p3v2_pi05_sp_50_A_r2:eval:4:0,1,4,0,12,60,A,False,708.428,711.516,ok,,0.16666666666666669,0.021818181818181792,0.15384615384615385,20,2,4,5,0.3333333333333333,11.767209098079846,0.021818181818181792
pi05_sp_50,r6p3v2_pi05_sp_50_A_r2,r6p3v2_pi05_sp_50_A_r2:eval:4:0,1,4,0,14,70,A,False,559.504,562.13,ok,,0.16666666666666669,0.021818181818181792,0.15384615384615385,20,2,4,5,0.4166666666666667,11.94447920637296,0.021818181818181792
pi05_sp_50,r6p3v2_pi05_sp_50_A_r2,r6p3v2_pi05_sp_50_A_r2:eval:4:0,1,4,0,16,80,A,False,571.26,573.947,ok,,0.16000000000000003,0.021818181818181792,0.15384615384615385,20,2,4,5,0.5,11.24447923086037,0.02006688963210701
pi05_sp_50,r6p3v2_pi05_sp_50_A_r2,r6p3v2_pi05_sp_50_A_r2:eval:4:0,1,4,0,18,90,A,False,689.345,692.337,ok,,0.15999999999999992,0.021818181818181792,0.15384615384615385,20,2,4,5,0.5833333333333334,10.151070657225452,0.02006688963210701
pi05_sp_50,r6p3v2_pi05_sp_50_A_r2,r6p3v2_pi05_sp_50_A_r2:eval:4:0,1,4,0,20,100,A,False,723.129,726.215,ok,,0.16666666666666674,0.0757575757575758,0.1538461538461538,20,2,4,5,0.6666666666666666,9.80597732262155,0.08615384615384614
pi05_sp_50,r6p3v2_pi05_sp_50_A_r2,r6p3v2_pi05_sp_50_A_r2:eval:4:0,1,4,0,22,110,A,False,665.734,668.699,ok,,0.16666666666666663,0.0757575757575758,0.1538461538461538,20,2,4,5,0.75,10.088724549299718,0.08615384615384614
pi05_sp_50,r6p3v2_pi05_sp_50_A_r2,r6p3v2_pi05_sp_50_A_r2:eval:4:0,1,4,0,24,120,A,False,739.629,742.609,slow_ambiguous,,0.12,0.0757575757575758,0.1538461538461538,20,2,4,5,0.8461538461538461,10.083777964763037,0.08974358974358965
pi05_sp_50,r6p3v2_pi05_sp_50_A_r2,r6p3v2_pi05_sp_50_A_r2:eval:4:1,1,4,1,0,0,A,False,58.329,61.966,inactive,warming_up,,,,0,2,4,5,,,
pi05_sp_50,r6p3v2_pi05_sp_50_A_r2,r6p3v2_pi05_sp_50_A_r2:eval:4:1,1,4,1,2,10,A,False,36.155,38.334,inactive,warming_up,,,,0,2,4,5,,,
pi05_sp_50,r6p3v2_pi05_sp_50_A_r2,r6p3v2_pi05_sp_50_A_r2:eval:4:1,1,4,1,4,20,A,False,835.725,839.1,ok,,0.16,0.021818181818181792,0.15384615384615385,20,2,4,5,0.0,14.485736659563406,0.02797202797202797
pi05_sp_50,r6p3v2_pi05_sp_50_A_r2,r6p3v2_pi05_sp_50_A_r2:eval:4:1,1,4,1,6,30,A,False,710.261,713.307,ok,,0.15999999999999998,0.021818181818181792,0.15384615384615385,20,2,4,5,0.08,10.852898234150866,0.02797202797202794
pi05_sp_50,r6p3v2_pi05_sp_50_A_r2,r6p3v2_pi05_sp_50_A_r2:eval:4:1,1,4,1,8,40,A,False,567.779,570.689,ok,,0.15384615384615385,0.0757575757575758,0.15384615384615385,20,2,4,5,0.16,10.979403047081263,0.07575757575757577
pi05_sp_50,r6p3v2_pi05_sp_50_A_r2,r6p3v2_pi05_sp_50_A_r2:eval:4:1,1,4,1,10,50,A,False,554.368,556.977,ok,,0.15384615384615385,0.0757575757575758,0.15384615384615385,20,2,4,5,0.24,11.480810755786562,0.07575757575757575
pi05_sp_50,r6p3v2_pi05_sp_50_A_r2,r6p3v2_pi05_sp_50_A_r2:eval:4:1,1,4,1,12,60,A,False,546.482,549.196,ok,,0.15384615384615385,0.0757575757575758,0.1538461538461538,20,2,4,5,0.3076923076923077,12.786580901396865,0.09848484848484845
pi05_sp_50,r6p3v2_pi05_sp_50_A_r2,r6p3v2_pi05_sp_50_A_r2:eval:4:1,1,4,1,14,70,A,False,558.672,561.231,ok,,0.16666666666666669,0.021818181818181792,0.15384615384615385,20,2,4,5,0.4,15.007407344490703,0.021818181818181737
pi05_sp_50,r6p3v2_pi05_sp_50_A_r2,r6p3v2_pi05_sp_50_A_r2:eval:4:1,1,4,1,16,80,A,False,478.424,480.827,ok,,0.24999999999999994,0.0757575757575758,0.15384615384615385,20,2,4,5,0.43478260869565216,18.147498066166534,0.04195804195804201
pi05_sp_50,r6p3v2_pi05_sp_50_A_r2,r6p3v2_pi05_sp_50_A_r2:eval:4:1,1,4,1,18,90,A,False,571.152,573.731,ok,,0.17391304347826086,0.0757575757575758,0.15384615384615385,20,2,4,5,0.5454545454545454,20.67044102711734,0.06410256410256421
pi05_sp_50,r6p3v2_pi05_sp_50_A_r2,r6p3v2_pi05_sp_50_A_r2:eval:4:1,1,4,1,20,100,A,False,570.382,572.944,ok,,0.16666666666666674,0.0757575757575758,0.1538461538461538,20,2,4,5,0.6666666666666666,22.626811198232414,0.08615384615384614
pi05_sp_50,r6p3v2_pi05_sp_50_A_r2,r6p3v2_pi05_sp_50_A_r2:eval:4:1,1,4,1,22,110,A,False,617.455,620.576,ok,,0.21739130434782608,0.07304347826086965,0.15384615384615385,20,2,4,5,0.75,23.698772286012275,0.12615384615384617
pi05_sp_50,r6p3v2_pi05_sp_50_A_r2,r6p3v2_pi05_sp_50_A_r2:eval:4:1,1,4,1,24,120,A,True,621.536,624.423,slow_ambiguous,,0.12,0.0757575757575758,0.1538461538461538,20,2,4,5,0.8461538461538461,22.708629097655344,0.08974358974358965
pi05_sp_50,r6p3v2_pi05_sp_50_A_r2,r6p3v2_pi05_sp_50_A_r2:eval:4:1,1,4,1,26,130,A,True,579.937,582.641,slow_confirmed,,0.0,0.0757575757575758,0.15384615384615385,20,2,4,5,1.0,21.91544775134486,0.0
pi05_sp_50,r6p3v2_pi05_sp_50_A_r2,r6p3v2_pi05_sp_50_A_r2:eval:4:1,1,4,1,28,140,A,True,546.418,549.107,slow_confirmed,,0.0,0.0757575757575758,0.1538461538461538,20,2,4,5,1.0,21.438345777921906,0.09090909090909094
pi05_sp_50,r6p3v2_pi05_sp_50_A_r2,r6p3v2_pi05_sp_50_A_r2:eval:4:1,1,4,1,30,150,A,True,543.078,545.883,slow_confirmed,,0.0,0.0757575757575758,0.1538461538461538,20,2,4,5,1.0,23.094876897097453,0.09090909090909094
pi05_sp_50,r6p3v2_pi05_sp_50_A_r2,r6p3v2_pi05_sp_50_A_r2:eval:4:1,1,4,1,32,160,A,True,619.988,624.783,slow_confirmed,,0.0,0.0757575757575758,0.15384615384615385,20,2,4,5,1.0,25.78766074734541,0.0
pi05_sp_50,r6p3v2_pi05_sp_50_A_r2,r6p3v2_pi05_sp_50_A_r2:eval:4:1,1,4,1,34,170,A,True,690.301,693.257,slow_confirmed,,0.0,0.0757575757575758,0.15384615384615385,20,2,4,5,1.0,27.36551731078832,0.0
pi05_sp_50,r6p3v2_pi05_sp_50_A_r2,r6p3v2_pi05_sp_50_A_r2:eval:4:1,1,4,1,36,180,A,True,586.065,589.17,slow_confirmed,,0.0,0.0757575757575758,0.15384615384615385,20,2,4,5,1.0,27.66638888551439,0.0
pi05_sp_50,r6p3v2_pi05_sp_50_A_r2,r6p3v2_pi05_sp_50_A_r2:eval:4:1,1,4,1,38,190,A,True,569.893,573.738,slow_confirmed,,0.0,0.0757575757575758,0.15384615384615385,20,2,4,5,1.0,26.79865671140476,0.0
pi05_sp_50,r6p3v2_pi05_sp_50_A_r2,r6p3v2_pi05_sp_50_A_r2:eval:4:1,1,4,1,40,200,A,True,528.137,530.814,slow_confirmed,,0.0,0.0757575757575758,0.15384615384615385,20,2,4,5,1.0,26.14974580290607,0.0
pi05_sp_50,r6p3v2_pi05_sp_50_A_r2,r6p3v2_pi05_sp_50_A_r2:eval:4:1,1,4,1,42,210,A,True,613.244,616.249,slow_confirmed,,0.0,0.0757575757575758,0.15384615384615385,20,2,4,5,1.0,26.318765314277602,0.0
pi05_sp_50,r6p3v2_pi05_sp_50_A_r2,r6p3v2_pi05_sp_50_A_r2:eval:5:0,1,5,0,0,0,A,False,55.105,58.141,inactive,warming_up,,,,0,2,4,5,,,
pi05_sp_50,r6p3v2_pi05_sp_50_A_r2,r6p3v2_pi05_sp_50_A_r2:eval:5:0,1,5,0,2,10,A,False,28.548,30.289,inactive,warming_up,,,,0,2,4,5,,,
pi05_sp_50,r6p3v2_pi05_sp_50_A_r2,r6p3v2_pi05_sp_50_A_r2:eval:5:0,1,5,0,4,20,A,False,606.512,609.168,ok,,0.22222222222222224,0.013071895424836583,0.22222222222222224,20,2,4,5,0.0,20.963294262794182,0.013071895424836583
pi05_sp_50,r6p3v2_pi05_sp_50_A_r2,r6p3v2_pi05_sp_50_A_r2:eval:5:0,1,5,0,6,30,A,False,618.729,622.232,ok,,0.22222222222222224,0.013071895424836583,0.22222222222222224,20,2,4,5,0.1111111111111111,16.145860844593262,0.013071895424836583
pi05_sp_50,r6p3v2_pi05_sp_50_A_r2,r6p3v2_pi05_sp_50_A_r2:eval:5:0,1,5,0,8,40,A,False,688.988,692.119,ok,,0.22222222222222224,0.013071895424836583,0.22222222222222224,20,2,4,5,0.2222222222222222,13.85834587918019,0.013071895424836583
pi05_sp_50,r6p3v2_pi05_sp_50_A_r2,r6p3v2_pi05_sp_50_A_r2:eval:5:0,1,5,0,10,50,A,False,639.14,642.394,ok,,0.22222222222222227,0.11111111111111108,0.22222222222222224,20,2,4,5,0.3333333333333333,14.75558116517531,0.013071895424836555
pi05_sp_50,r6p3v2_pi05_sp_50_A_r2,r6p3v2_pi05_sp_50_A_r2:eval:5:0,1,5,0,12,60,A,False,696.869,700.167,ok,,0.22222222222222224,0.04575163398692808,0.22222222222222224,20,2,4,5,0.4444444444444444,15.856421087938207,0.013071895424836638
pi05_sp_50,r6p3v2_pi05_sp_50_A_r2,r6p3v2_pi05_sp_50_A_r2:eval:5:0,1,5,0,14,70,A,False,650.671,653.593,ok,,0.22222222222222224,0.11111111111111108,0.22222222222222224,20,2,4,5,0.5555555555555556,16.792332538881666,0.013071895424836555
pi05_sp_50,r6p3v2_pi05_sp_50_A_r2,r6p3v2_pi05_sp_50_A_r2:eval:5:0,1,5,0,16,80,A,False,734.374,737.677,ok,,0.22222222222222224,0.11111111111111108,0.22222222222222224,20,2,4,5,0.6666666666666666,16.206011974175336,0.013071895424836555
pi05_sp_50,r6p3v2_pi05_sp_50_A_r2,r6p3v2_pi05_sp_50_A_r2:eval:5:0,1,5,0,18,90,A,False,703.15,706.577,slow_ambiguous,,0.17647058823529416,0.04575163398692808,0.22222222222222224,20,2,4,5,0.7777777777777778,16.278763281410843,0.1045751633986928
pi05_sp_50,r6p3v2_pi05_sp_50_A_r2,r6p3v2_pi05_sp_50_A_r2:eval:5:0,1,5,0,20,100,A,True,769.399,772.426,slow_confirmed,,0.0,0.04575163398692808,0.22222222222222224,20,2,4,5,0.9411764705882353,19.402280102241008,0.11111111111111116
pi05_sp_50,r6p3v2_pi05_sp_50_A_r2,r6p3v2_pi05_sp_50_A_r2:eval:5:0,1,5,0,22,110,A,True,627.634,631.17,slow_confirmed,,0.0,0.11111111111111108,0.22222222222222224,20,2,4,5,1.0,24.945113926354452,0.0
pi05_sp_50,r6p3v2_pi05_sp_50_A_r2,r6p3v2_pi05_sp_50_A_r2:eval:5:0,1,5,0,24,120,A,True,490.964,493.518,slow_confirmed,,0.0,0.11111111111111108,0.22222222222222224,20,2,4,5,1.0,29.904979763613635,0.0
pi05_sp_50,r6p3v2_pi05_sp_50_A_r2,r6p3v2_pi05_sp_50_A_r2:eval:5:0,1,5,0,26,130,A,False,553.432,556.293,slow_confirmed,,0.0,0.11111111111111108,0.22222222222222224,20,2,4,5,1.0,33.301053912511826,0.0
pi05_sp_50,r6p3v2_pi05_sp_50_A_r2,r6p3v2_pi05_sp_50_A_r2:eval:5:0,1,5,0,28,140,A,True,524.576,527.389,slow_confirmed,,0.0,0.11111111111111108,0.22222222222222224,20,2,4,5,1.0,35.717076227827185,0.0
pi05_sp_50,r6p3v2_pi05_sp_50_A_r2,r6p3v2_pi05_sp_50_A_r2:eval:5:0,1,5,0,30,150,A,True,508.912,511.604,slow_confirmed,,0.0,0.11111111111111108,0.22222222222222224,20,2,4,5,1.0,39.17373593096087,0.0
pi05_sp_50,r6p3v2_pi05_sp_50_A_r2,r6p3v2_pi05_sp_50_A_r2:eval:5:0,1,5,0,32,160,A,True,534.591,537.373,slow_confirmed,,0.0,0.04575163398692808,0.22222222222222224,20,2,4,5,1.0,43.37022062137421,0.05882352941176472
pi05_sp_50,r6p3v2_pi05_sp_50_A_r2,r6p3v2_pi05_sp_50_A_r2:eval:5:0,1,5,0,34,170,A,True,525.203,527.817,slow_confirmed,,0.0,0.04575163398692808,0.22222222222222224,20,2,4,5,1.0,47.372099196575384,0.05882352941176472
pi05_sp_50,r6p3v2_pi05_sp_50_A_r2,r6p3v2_pi05_sp_50_A_r2:eval:5:0,1,5,0,36,180,A,True,535.228,537.939,slow_confirmed,,0.0,0.11111111111111108,0.22222222222222224,20,2,4,5,1.0,50.81646947460117,0.0
pi05_sp_50,r6p3v2_pi05_sp_50_A_r2,r6p3v2_pi05_sp_50_A_r2:eval:5:0,1,5,0,38,190,A,True,621.407,624.249,slow_confirmed,,0.0,0.11111111111111108,0.22222222222222224,20,2,4,5,1.0,52.799325950517336,0.0
pi05_sp_50,r6p3v2_pi05_sp_50_A_r2,r6p3v2_pi05_sp_50_A_r2:eval:5:0,1,5,0,40,200,A,True,539.728,542.359,slow_confirmed,,0.0,0.11111111111111108,0.22222222222222224,20,2,4,5,1.0,54.125644342300724,0.0
pi05_sp_50,r6p3v2_pi05_sp_50_A_r2,r6p3v2_pi05_sp_50_A_r2:eval:5:0,1,5,0,42,210,A,True,504.71,507.338,slow_confirmed,,0.0,0.11111111111111108,0.22222222222222224,20,2,4,5,1.0,54.55806308247011,0.0
pi05_sp_50,r6p3v2_pi05_sp_50_A_r2,r6p3v2_pi05_sp_50_A_r2:eval:5:1,1,5,1,0,0,A,False,44.8,47.974,inactive,warming_up,,,,0,2,4,5,,,
pi05_sp_50,r6p3v2_pi05_sp_50_A_r2,r6p3v2_pi05_sp_50_A_r2:eval:5:1,1,5,1,2,10,A,False,43.816,46.034,inactive,warming_up,,,,0,2,4,5,,,
pi05_sp_50,r6p3v2_pi05_sp_50_A_r2,r6p3v2_pi05_sp_50_A_r2:eval:5:1,1,5,1,4,20,A,False,644.089,646.985,ok,,0.22222222222222224,0.013071895424836583,0.22222222222222224,20,2,4,5,0.0,22.63020496642189,0.013071895424836583
pi05_sp_50,r6p3v2_pi05_sp_50_A_r2,r6p3v2_pi05_sp_50_A_r2:eval:5:1,1,5,1,6,30,A,False,614.156,617.156,ok,,0.22222222222222224,0.013071895424836583,0.22222222222222224,20,2,4,5,0.1111111111111111,17.41110254804531,0.013071895424836583
pi05_sp_50,r6p3v2_pi05_sp_50_A_r2,r6p3v2_pi05_sp_50_A_r2:eval:5:1,1,5,1,8,40,A,False,562.149,565.381,ok,,0.22222222222222224,0.013071895424836583,0.22222222222222224,20,2,4,5,0.2222222222222222,15.868028361137632,0.013071895424836583
pi05_sp_50,r6p3v2_pi05_sp_50_A_r2,r6p3v2_pi05_sp_50_A_r2:eval:5:1,1,5,1,10,50,A,False,545.32,548.065,ok,,0.22222222222222227,0.11111111111111108,0.22222222222222224,20,2,4,5,0.3333333333333333,15.910918791759327,0.013071895424836555
pi05_sp_50,r6p3v2_pi05_sp_50_A_r2,r6p3v2_pi05_sp_50_A_r2:eval:5:1,1,5,1,12,60,A,False,522.924,527.188,ok,,0.22222222222222224,0.04575163398692808,0.22222222222222224,20,2,4,5,0.4444444444444444,16.311930523126605,0.013071895424836638
pi05_sp_50,r6p3v2_pi05_sp_50_A_r2,r6p3v2_pi05_sp_50_A_r2:eval:5:1,1,5,1,14,70,A,False,559.314,562.272,ok,,0.22222222222222224,0.11111111111111108,0.22222222222222224,20,2,4,5,0.5555555555555556,16.91985693812502,0.013071895424836555
pi05_sp_50,r6p3v2_pi05_sp_50_A_r2,r6p3v2_pi05_sp_50_A_r2:eval:5:1,1,5,1,16,80,A,False,533.533,536.115,ok,,0.22222222222222224,0.11111111111111108,0.22222222222222224,20,2,4,5,0.6666666666666666,16.594018399575695,0.013071895424836555
pi05_sp_50,r6p3v2_pi05_sp_50_A_r2,r6p3v2_pi05_sp_50_A_r2:eval:5:1,1,5,1,18,90,A,False,500.228,502.911,slow_ambiguous,,0.17647058823529416,0.04575163398692808,0.22222222222222224,20,2,4,5,0.7777777777777778,16.076158673137986,0.04575163398692808
pi05_sp_50,r6p3v2_pi05_sp_50_A_r2,r6p3v2_pi05_sp_50_A_r2:eval:6:0,1,6,0,0,0,A,False,49.854,53.159,inactive,warming_up,,,,0,2,4,5,,,
pi05_sp_50,r6p3v2_pi05_sp_50_A_r2,r6p3v2_pi05_sp_50_A_r2:eval:6:0,1,6,0,2,10,A,False,33.619,35.944,inactive,warming_up,,,,0,2,4,5,,,
pi05_sp_50,r6p3v2_pi05_sp_50_A_r2,r6p3v2_pi05_sp_50_A_r2:eval:6:0,1,6,0,4,20,A,False,777.659,780.498,ok,,0.17391304347826086,0.04385964912280699,0.16666666666666663,20,2,4,5,0.0,14.47708223771455,0.033333333333333354
pi05_sp_50,r6p3v2_pi05_sp_50_A_r2,r6p3v2_pi05_sp_50_A_r2:eval:6:0,1,6,0,6,30,A,False,649.159,652.478,ok,,0.17391304347826086,0.06666666666666671,0.16666666666666669,20,2,4,5,0.08695652173913043,9.513657222535915,0.0333333333333333
pi05_sp_50,r6p3v2_pi05_sp_50_A_r2,r6p3v2_pi05_sp_50_A_r2:eval:6:0,1,6,0,8,40,A,False,685.012,688.414,ok,,0.17391304347826086,0.04385964912280699,0.16666666666666663,20,2,4,5,0.17391304347826086,8.760247710274713,0.033333333333333354
pi05_sp_50,r6p3v2_pi05_sp_50_A_r2,r6p3v2_pi05_sp_50_A_r2:eval:6:0,1,6,0,10,50,A,False,694.824,698.105,slow_confirmed,,0.08695652173913043,0.07391304347826089,0.16666666666666669,20,2,4,5,0.2608695652173913,9.061722647296856,0.02192982456140352
pi05_sp_50,r6p3v2_pi05_sp_50_A_r2,r6p3v2_pi05_sp_50_A_r2:eval:6:0,1,6,0,12,60,A,False,748.815,752.111,slow_confirmed,,0.09999999999999998,0.0,0.16666666666666663,20,2,4,5,0.34782608695652173,10.562793738154893,0.16304347826086962
pi05_sp_50,r6p3v2_pi05_sp_50_A_r2,r6p3v2_pi05_sp_50_A_r2:eval:6:0,1,6,0,14,70,A,False,747.126,750.378,ok,,0.17391304347826086,0.0,0.16666666666666663,20,2,4,5,0.34782608695652173,13.497845064385706,0.23333333333333334
pi05_sp_50,r6p3v2_pi05_sp_50_A_r2,r6p3v2_pi05_sp_50_A_r2:eval:6:0,1,6,0,16,80,A,True,771.172,774.365,ok,,0.17391304347826092,0.026086956521739035,0.16666666666666663,20,2,4,5,0.5,15.82555302125337,0.21666666666666679
pi05_sp_50,r6p3v2_pi05_sp_50_A_r2,r6p3v2_pi05_sp_50_A_r2:eval:6:0,1,6,0,18,90,A,False,563.766,567.21,ok,,0.2000000000000001,0.1739130434782609,0.16666666666666663,20,2,4,5,0.6,18.087311984472063,0.181159420289855
pi05_sp_50,r6p3v2_pi05_sp_50_A_r2,r6p3v2_pi05_sp_50_A_r2:eval:6:0,1,6,0,20,100,A,False,567.161,570.072,slow_ambiguous,,0.08695652173913038,0.1739130434782609,0.16666666666666663,20,2,4,5,0.6666666666666666,19.558693551754956,0.2000000000000001
pi05_sp_50,r6p3v2_pi05_sp_50_A_r2,r6p3v2_pi05_sp_50_A_r2:eval:6:0,1,6,0,22,110,A,True,553.217,555.898,ok,,0.17391304347826086,0.07391304347826089,0.16666666666666663,20,2,4,5,0.8,20.054968029191922,0.042105263157894646
pi05_sp_50,r6p3v2_pi05_sp_50_A_r2,r6p3v2_pi05_sp_50_A_r2:eval:6:0,1,6,0,24,120,A,False,542.674,545.432,slow_ambiguous,,0.1578947368421053,0.1739130434782609,0.16666666666666663,20,2,4,5,0.8,21.051912264656234,0.16086956521739137
pi05_sp_50,r6p3v2_pi05_sp_50_A_r2,r6p3v2_pi05_sp_50_A_r2:eval:6:0,1,6,0,26,130,A,True,567.64,570.367,slow_ambiguous,,0.0,0.1739130434782609,0.16666666666666663,20,2,4,5,1.0,22.689265366666465,0.13043478260869568
pi05_sp_50,r6p3v2_pi05_sp_50_A_r2,r6p3v2_pi05_sp_50_A_r2:eval:6:0,1,6,0,28,140,A,False,520.868,523.397,slow_ambiguous,,0.0,0.1739130434782609,0.16666666666666674,20,2,4,5,0.9565217391304348,24.891557137639,0.08333333333333337
pi05_sp_50,r6p3v2_pi05_sp_50_A_r2,r6p3v2_pi05_sp_50_A_r2:eval:6:0,1,6,0,30,150,A,True,548.375,550.87,slow_confirmed,,0.0,0.0,0.16666666666666663,20,2,4,5,0.4166666666666667,26.635615315296253,0.5833333333333333
pi05_sp_50,r6p3v2_pi05_sp_50_A_r2,r6p3v2_pi05_sp_50_A_r2:eval:6:0,1,6,0,32,160,A,True,581.79,584.78,slow_confirmed,,0.0,0.0,0.16666666666666663,20,2,4,5,0.4166666666666667,27.238949983387652,0.5833333333333333
pi05_sp_50,r6p3v2_pi05_sp_50_A_r2,r6p3v2_pi05_sp_50_A_r2:eval:6:0,1,6,0,34,170,A,True,566.393,569.301,slow_confirmed,,0.0,0.07391304347826089,0.16666666666666669,20,2,4,5,0.42105263157894735,28.357124378752644,0.0
pi05_sp_50,r6p3v2_pi05_sp_50_A_r2,r6p3v2_pi05_sp_50_A_r2:eval:6:0,1,6,0,36,180,A,True,534.679,537.285,slow_confirmed,,0.0,0.07391304347826089,0.16666666666666663,20,2,4,5,0.9,29.827104552345634,0.0
pi05_sp_50,r6p3v2_pi05_sp_50_A_r2,r6p3v2_pi05_sp_50_A_r2:eval:6:0,1,6,0,38,190,A,True,543.103,545.564,slow_confirmed,,0.0,0.07391304347826089,0.16666666666666663,20,2,4,5,0.9,31.954852409692197,0.0
pi05_sp_50,r6p3v2_pi05_sp_50_A_r2,r6p3v2_pi05_sp_50_A_r2:eval:6:0,1,6,0,40,200,A,True,505.424,508.135,slow_ambiguous,,0.0,0.1739130434782609,0.16666666666666663,20,2,4,5,1.0,33.674003240304614,0.0
pi05_sp_50,r6p3v2_pi05_sp_50_A_r2,r6p3v2_pi05_sp_50_A_r2:eval:6:0,1,6,0,42,210,A,True,616.774,619.532,slow_confirmed,,0.0,0.07391304347826089,0.16666666666666663,20,2,4,5,0.9,35.01473523340874,0.0
pi05_sp_50,r6p3v2_pi05_sp_50_A_r2,r6p3v2_pi05_sp_50_A_r2:eval:6:1,1,6,1,0,0,A,False,43.953,47.245,inactive,warming_up,,,,0,2,4,5,,,
pi05_sp_50,r6p3v2_pi05_sp_50_A_r2,r6p3v2_pi05_sp_50_A_r2:eval:6:1,1,6,1,2,10,A,False,43.266,45.491,inactive,warming_up,,,,0,2,4,5,,,
pi05_sp_50,r6p3v2_pi05_sp_50_A_r2,r6p3v2_pi05_sp_50_A_r2:eval:6:1,1,6,1,4,20,A,False,602.455,613.444,slow_ambiguous,,0.16666666666666666,0.1739130434782609,0.16666666666666674,20,2,4,5,0.0,24.009568233952688,0.11304347826086958
pi05_sp_50,r6p3v2_pi05_sp_50_A_r2,r6p3v2_pi05_sp_50_A_r2:eval:6:1,1,6,1,6,30,A,False,548.551,551.367,ok,,0.16666666666666669,0.1739130434782609,0.16666666666666663,20,2,4,5,0.08695652173913043,17.98203093101206,0.1
pi05_sp_50,r6p3v2_pi05_sp_50_A_r2,r6p3v2_pi05_sp_50_A_r2:eval:6:1,1,6,1,8,40,A,False,614.446,617.173,ok,,0.21052631578947367,0.07391304347826089,0.16666666666666663,20,2,4,5,0.16666666666666666,16.64363439247982,0.060869565217391286
pi05_sp_50,r6p3v2_pi05_sp_50_A_r2,r6p3v2_pi05_sp_50_A_r2:eval:6:1,1,6,1,10,50,A,True,535.857,538.118,ok,,0.21052631578947367,0.0,0.16666666666666663,20,2,4,5,0.2608695652173913,15.311036005852825,0.1594202898550725
pi05_sp_50,r6p3v2_pi05_sp_50_A_r2,r6p3v2_pi05_sp_50_A_r2:eval:6:1,1,6,1,12,60,A,False,557.291,559.917,ok,,0.19999999999999996,0.07391304347826089,0.16666666666666663,20,2,4,5,0.4,15.204224203348664,0.07608695652173908
pi05_sp_50,r6p3v2_pi05_sp_50_A_r2,r6p3v2_pi05_sp_50_A_r2:eval:6:1,1,6,1,14,70,A,False,552.604,555.123,ok,,0.17391304347826092,0.07391304347826089,0.16666666666666663,20,2,4,5,0.5,16.530314249066084,0.04385964912280704
pi05_sp_50,r6p3v2_pi05_sp_50_A_r2,r6p3v2_pi05_sp_50_A_r2:eval:6:1,1,6,1,16,80,A,False,544.485,547.191,ok,,0.2000000000000001,0.1739130434782609,0.16666666666666663,20,2,4,5,0.6,20.051206065207342,0.181159420289855
pi05_sp_50,r6p3v2_pi05_sp_50_A_r2,r6p3v2_pi05_sp_50_A_r2:eval:6:1,1,6,1,18,90,A,False,663.108,667.144,slow_ambiguous,,0.10526315789473684,0.1739130434782609,0.16666666666666663,20,2,4,5,0.7,22.720770060005723,0.16086956521739115
pi05_sp_50,r6p3v2_pi05_sp_50_A_r2,r6p3v2_pi05_sp_50_A_r2:eval:6:1,1,6,1,20,100,A,False,676.171,679.413,slow_ambiguous,,0.08333333333333326,0.1739130434782609,0.16666666666666663,20,2,4,5,0.8,24.821540411736972,0.30434782608695654
pi05_sp_50,r6p3v2_pi05_sp_50_A_r2,r6p3v2_pi05_sp_50_A_r2:eval:6:1,1,6,1,22,110,A,True,724.712,727.647,slow_ambiguous,,0.13043478260869568,0.1739130434782609,0.16666666666666663,20,2,4,5,0.8421052631578947,25.33259986624772,0.19999999999999996
pi05_sp_50,r6p3v2_pi05_sp_50_A_r2,r6p3v2_pi05_sp_50_A_r2:eval:6:1,1,6,1,24,120,A,True,663.33,666.301,slow_confirmed,,0.0,0.0,0.16666666666666663,20,2,4,5,0.4166666666666667,24.65432323555446,0.16666666666666669
pi05_sp_50,r6p3v2_pi05_sp_50_A_r2,r6p3v2_pi05_sp_50_A_r2:eval:6:1,1,6,1,26,130,A,True,723.935,726.767,slow_confirmed,,0.08333333333333331,0.0,0.16666666666666663,20,2,4,5,0.4166666666666667,24.076152641875677,0.6
pi05_sp_50,r6p3v2_pi05_sp_50_A_r2,r6p3v2_pi05_sp_50_A_r2:eval:6:1,1,6,1,28,140,A,True,727.175,730.679,ok,,0.16666666666666669,0.0,0.16666666666666663,20,2,4,5,0.4166666666666667,24.286326838928602,0.6
pi05_sp_50,r6p3v2_pi05_sp_50_A_r2,r6p3v2_pi05_sp_50_A_r2:eval:6:1,1,6,1,30,150,A,True,728.888,732.003,slow_ambiguous,,0.0,0.1739130434782609,0.16666666666666674,20,2,4,5,1.0,25.301958967198345,0.08333333333333337
pi05_sp_50,r6p3v2_pi05_sp_50_A_r2,r6p3v2_pi05_sp_50_A_r2:eval:6:1,1,6,1,32,160,A,True,739.435,742.463,slow_confirmed,,0.0,0.07391304347826089,0.16666666666666663,20,2,4,5,0.5833333333333334,26.22090704297148,0.0
pi05_sp_50,r6p3v2_pi05_sp_50_A_r2,r6p3v2_pi05_sp_50_A_r2:eval:6:1,1,6,1,34,170,A,True,620.018,623.008,slow_confirmed,,0.0,0.07391304347826089,0.16666666666666669,20,2,4,5,0.4166666666666667,27.493110576072652,0.0
pi05_sp_50,r6p3v2_pi05_sp_50_A_r2,r6p3v2_pi05_sp_50_A_r2:eval:6:1,1,6,1,36,180,A,True,535.862,538.556,slow_ambiguous,,0.0,0.1739130434782609,0.16666666666666663,20,2,4,5,0.4166666666666667,28.73474637198648,0.10526315789473684
pi05_sp_50,r6p3v2_pi05_sp_50_A_r2,r6p3v2_pi05_sp_50_A_r2:eval:6:1,1,6,1,38,190,A,True,576.979,579.731,slow_confirmed,,0.0,0.07391304347826089,0.16666666666666669,20,2,4,5,0.4166666666666667,29.786278644648274,0.0
pi05_sp_50,r6p3v2_pi05_sp_50_A_r2,r6p3v2_pi05_sp_50_A_r2:eval:6:1,1,6,1,40,200,A,True,546.411,549.025,slow_confirmed,,0.0,0.07391304347826089,0.16666666666666669,20,2,4,5,0.4166666666666667,30.079196772746627,0.0
pi05_sp_50,r6p3v2_pi05_sp_50_A_r2,r6p3v2_pi05_sp_50_A_r2:eval:6:1,1,6,1,42,210,A,True,530.164,532.723,slow_confirmed,,0.0,0.07391304347826089,0.16666666666666669,20,2,4,5,0.4166666666666667,30.180637661242503,0.0
pi05_sp_50,r6p3v2_pi05_sp_50_A_r2,r6p3v2_pi05_sp_50_A_r2:eval:7:0,1,7,0,0,0,A,False,45.07,48.247,inactive,warming_up,,,,0,2,4,5,,,
pi05_sp_50,r6p3v2_pi05_sp_50_A_r2,r6p3v2_pi05_sp_50_A_r2:eval:7:0,1,7,0,2,10,A,False,42.371,44.862,inactive,warming_up,,,,0,2,4,5,,,
pi05_sp_50,r6p3v2_pi05_sp_50_A_r2,r6p3v2_pi05_sp_50_A_r2:eval:7:0,1,7,0,4,20,A,False,671.502,674.073,ok,,0.16,0.07575757575757577,0.15384615384615385,20,2,4,5,0.0,16.880497795571852,0.02797202797202797
pi05_sp_50,r6p3v2_pi05_sp_50_A_r2,r6p3v2_pi05_sp_50_A_r2:eval:7:0,1,7,0,6,30,A,False,566.036,568.618,ok,,0.1818181818181818,0.02181818181818182,0.15384615384615385,20,2,4,5,0.08333333333333333,12.732773469853308,0.09615384615384615
pi05_sp_50,r6p3v2_pi05_sp_50_A_r2,r6p3v2_pi05_sp_50_A_r2:eval:7:0,1,7,0,8,40,A,False,574.659,577.441,ok,,0.18181818181818182,0.07575757575757577,0.15384615384615385,20,2,4,5,0.16666666666666666,13.390001076948707,0.06818181818181818
pi05_sp_50,r6p3v2_pi05_sp_50_A_r2,r6p3v2_pi05_sp_50_A_r2:eval:7:0,1,7,0,10,50,A,False,569.964,572.95,ok,,0.18181818181818182,0.15999999999999998,0.15384615384615385,20,2,4,5,0.2727272727272727,13.313696177578159,0.14102564102564097
pi05_sp_50,r6p3v2_pi05_sp_50_A_r2,r6p3v2_pi05_sp_50_A_r2:eval:7:0,1,7,0,12,60,A,False,648.127,651.192,ok,,0.16666666666666669,0.18181818181818182,0.15384615384615385,20,2,4,5,0.38461538461538464,13.17909609664617,0.07076923076923075
pi05_sp_50,r6p3v2_pi05_sp_50_A_r2,r6p3v2_pi05_sp_50_A_r2:eval:7:0,1,7,0,14,70,A,False,624.525,627.671,ok,,0.15384615384615385,0.15384615384615385,0.15384615384615385,20,2,4,5,0.5,12.447119123841636,0.10181818181818186
pi05_sp_50,r6p3v2_pi05_sp_50_A_r2,r6p3v2_pi05_sp_50_A_r2:eval:7:0,1,7,0,16,80,A,False,620.231,633.985,ok,,0.15384615384615385,0.18181818181818182,0.15384615384615385,20,2,4,5,0.56,12.405454296884672,0.14909090909090905
pi05_sp_50,r6p3v2_pi05_sp_50_A_r2,r6p3v2_pi05_sp_50_A_r2:eval:7:0,1,7,0,18,90,A,False,595.376,598.085,ok,,0.18181818181818188,0.10181818181818192,0.15384615384615385,20,2,4,5,0.6363636363636364,11.918298874181135,0.08615384615384614
pi05_sp_50,r6p3v2_pi05_sp_50_A_r2,r6p3v2_pi05_sp_50_A_r2:eval:7:0,1,7,0,20,100,A,False,569.479,572.239,ok,,0.16666666666666663,0.18181818181818182,0.15384615384615385,20,2,4,5,0.7272727272727273,11.258363068429327,0.027972027972027913
pi05_sp_50,r6p3v2_pi05_sp_50_A_r2,r6p3v2_pi05_sp_50_A_r2:eval:7:0,1,7,0,22,110,A,False,613.957,616.646,ok,,0.16666666666666663,0.18181818181818182,0.15384615384615385,20,2,4,5,0.8181818181818182,10.68953116303531,0.10489510489510478
pi05_sp_50,r6p3v2_pi05_sp_50_A_r2,r6p3v2_pi05_sp_50_A_r2:eval:7:1,1,7,1,0,0,A,False,46.07,49.441,inactive,warming_up,,,,0,2,4,5,,,
pi05_sp_50,r6p3v2_pi05_sp_50_A_r2,r6p3v2_pi05_sp_50_A_r2:eval:7:1,1,7,1,2,10,A,False,32.97,34.938,inactive,warming_up,,,,0,2,4,5,,,
pi05_sp_50,r6p3v2_pi05_sp_50_A_r2,r6p3v2_pi05_sp_50_A_r2:eval:7:1,1,7,1,4,20,A,False,577.443,580.179,ok,,0.16666666666666666,0.07575757575757577,0.15384615384615385,20,2,4,5,0.0,15.433830609821875,0.02181818181818182
pi05_sp_50,r6p3v2_pi05_sp_50_A_r2,r6p3v2_pi05_sp_50_A_r2:eval:7:1,1,7,1,6,30,A,False,615.398,618.377,ok,,0.15999999999999998,0.02181818181818182,0.15384615384615385,20,2,4,5,0.08,13.438795739959305,0.09615384615384615
pi05_sp_50,r6p3v2_pi05_sp_50_A_r2,r6p3v2_pi05_sp_50_A_r2:eval:7:1,1,7,1,8,40,A,False,696.635,700.062,ok,,0.23076923076923078,0.07575757575757577,0.15384615384615385,20,2,4,5,0.16,14.22446513980502,0.06818181818181818
pi05_sp_50,r6p3v2_pi05_sp_50_A_r2,r6p3v2_pi05_sp_50_A_r2:eval:7:1,1,7,1,10,50,A,False,702.392,705.526,ok,,0.18181818181818182,0.15384615384615385,0.15384615384615385,20,2,4,5,0.24,14.960536932624988,0.14102564102564097
pi05_sp_50,r6p3v2_pi05_sp_50_A_r2,r6p3v2_pi05_sp_50_A_r2:eval:7:1,1,7,1,12,60,A,False,668.257,671.875,ok,,0.16666666666666669,0.18181818181818182,0.15384615384615385,20,2,4,5,0.38461538461538464,14.255309768787948,0.07076923076923075
pi05_sp_50,r6p3v2_pi05_sp_50_A_r2,r6p3v2_pi05_sp_50_A_r2:eval:7:1,1,7,1,14,70,A,False,695.555,699.085,ok,,0.15384615384615385,0.027972027972027913,0.15384615384615385,20,2,4,5,0.48,14.219028297860449,0.09848484848484845
pi05_sp_50,r6p3v2_pi05_sp_50_A_r2,r6p3v2_pi05_sp_50_A_r2:eval:7:1,1,7,1,16,80,A,False,673.398,676.834,ok,,0.15384615384615385,0.027972027972027913,0.15384615384615385,20,2,4,5,0.5833333333333334,14.628433956762827,0.09090909090909094
pi05_sp_50,r6p3v2_pi05_sp_50_A_r2,r6p3v2_pi05_sp_50_A_r2:eval:7:1,1,7,1,18,90,A,False,691.598,694.698,ok,,0.18181818181818188,0.06909090909090909,0.15384615384615385,20,2,4,5,0.6363636363636364,14.772032715459089,0.09615384615384615
pi05_sp_50,r6p3v2_pi05_sp_50_A_r2,r6p3v2_pi05_sp_50_A_r2:eval:7:1,1,7,1,20,100,A,False,750.791,754.972,ok,,0.16666666666666663,0.18181818181818182,0.15384615384615385,20,2,4,5,0.7272727272727273,14.227817791010493,0.021818181818181737
pi05_sp_50,r6p3v2_pi05_sp_50_A_r2,r6p3v2_pi05_sp_50_A_r2:eval:7:1,1,7,1,22,110,A,False,660.427,663.507,ok,,0.16666666666666663,0.18181818181818182,0.15384615384615385,20,2,4,5,0.8181818181818182,14.011961491676134,0.06181818181818177
pi05_sp_50,r6p3v2_pi05_sp_50_A_r2,r6p3v2_pi05_sp_50_A_r2:eval:8:0,1,8,0,0,0,A,False,47.235,57.004,inactive,warming_up,,,,0,2,3,4,,,
pi05_sp_50,r6p3v2_pi05_sp_50_A_r2,r6p3v2_pi05_sp_50_A_r2:eval:8:0,1,8,0,2,10,A,False,41.397,43.246,inactive,warming_up,,,,0,2,3,4,,,
pi05_sp_50,r6p3v2_pi05_sp_50_A_r2,r6p3v2_pi05_sp_50_A_r2:eval:8:0,1,8,0,4,20,A,False,544.725,547.325,ok,,0.25,0.09722222222222224,0.22222222222222224,20,2,3,4,0.0,27.655338703712403,0.11111111111111108
pi05_sp_50,r6p3v2_pi05_sp_50_A_r2,r6p3v2_pi05_sp_50_A_r2:eval:8:0,1,8,0,6,30,A,False,456.528,459.138,ok,,0.25,0.09722222222222224,0.22222222222222224,20,2,3,4,0.125,20.953604926404424,0.2222222222222222
pi05_sp_50,r6p3v2_pi05_sp_50_A_r2,r6p3v2_pi05_sp_50_A_r2:eval:8:0,1,8,0,8,40,A,False,434.113,436.851,ok,,0.22222222222222224,0.11111111111111112,0.22222222222222224,20,2,3,4,0.2222222222222222,17.976584301367545,0.027777777777777762
pi05_sp_50,r6p3v2_pi05_sp_50_A_r2,r6p3v2_pi05_sp_50_A_r2:eval:8:0,1,8,0,10,50,A,False,448.843,451.389,ok,,0.22222222222222227,0.09722222222222224,0.22222222222222224,20,2,3,4,0.375,16.80316468222531,0.13888888888888884
pi05_sp_50,r6p3v2_pi05_sp_50_A_r2,r6p3v2_pi05_sp_50_A_r2:eval:8:0,1,8,0,12,60,A,False,507.506,510.45,slow_ambiguous,,0.125,0.09722222222222224,0.22222222222222224,20,2,3,4,0.4444444444444444,16.81623672389068,0.11111111111111108
pi05_sp_50,r6p3v2_pi05_sp_50_A_r2,r6p3v2_pi05_sp_50_A_r2:eval:8:0,1,8,0,14,70,A,False,487.981,490.956,slow_confirmed,,0.11111111111111105,0.11111111111111112,0.22222222222222224,20,2,3,4,0.5555555555555556,17.889638036900024,0.01388888888888895
pi05_sp_50,r6p3v2_pi05_sp_50_A_r2,r6p3v2_pi05_sp_50_A_r2:eval:8:0,1,8,0,16,80,A,False,468.208,470.841,ok,,0.22222222222222224,0.09722222222222224,0.22222222222222224,20,2,3,4,0.625,18.078760736948393,0.13888888888888884
pi05_sp_50,r6p3v2_pi05_sp_50_A_r2,r6p3v2_pi05_sp_50_A_r2:eval:8:0,1,8,0,18,90,A,False,412.405,414.857,ok,,0.33333333333333337,0.027777777777777762,0.22222222222222224,20,2,3,4,0.6666666666666666,17.846840280647736,0.08333333333333337
pi05_sp_50,r6p3v2_pi05_sp_50_A_r2,r6p3v2_pi05_sp_50_A_r2:eval:8:1,1,8,1,0,0,A,False,46.24,49.763,inactive,warming_up,,,,0,2,3,4,,,
pi05_sp_50,r6p3v2_pi05_sp_50_A_r2,r6p3v2_pi05_sp_50_A_r2:eval:8:1,1,8,1,2,10,A,False,37.192,39.311,inactive,warming_up,,,,0,2,3,4,,,
pi05_sp_50,r6p3v2_pi05_sp_50_A_r2,r6p3v2_pi05_sp_50_A_r2:eval:8:1,1,8,1,4,20,A,False,516.452,519.31,ok,,0.22222222222222224,0.11111111111111112,0.22222222222222224,20,2,3,4,0.0,15.657982429317187,0.027777777777777762
pi05_sp_50,r6p3v2_pi05_sp_50_A_r2,r6p3v2_pi05_sp_50_A_r2:eval:8:1,1,8,1,6,30,A,False,518.191,521.25,ok,,0.22222222222222224,0.11111111111111112,0.22222222222222224,20,2,3,4,0.1111111111111111,12.269719289311395,0.027777777777777762
pi05_sp_50,r6p3v2_pi05_sp_50_A_r2,r6p3v2_pi05_sp_50_A_r2:eval:8:1,1,8,1,8,40,A,False,519.431,522.484,ok,,0.22222222222222224,0.11111111111111112,0.22222222222222224,20,2,3,4,0.2222222222222222,11.209634009302897,0.027777777777777762
pi05_sp_50,r6p3v2_pi05_sp_50_A_r2,r6p3v2_pi05_sp_50_A_r2:eval:8:1,1,8,1,10,50,A,False,500.297,503.46,ok,,0.22222222222222227,0.11111111111111112,0.22222222222222224,20,2,3,4,0.3333333333333333,11.171957299614434,0.027777777777777735
pi05_sp_50,r6p3v2_pi05_sp_50_A_r2,r6p3v2_pi05_sp_50_A_r2:eval:8:1,1,8,1,12,60,A,False,488.334,491.142,ok,,0.22222222222222224,0.027777777777777762,0.22222222222222224,20,2,3,4,0.4444444444444444,10.873020322505461,0.09722222222222224
pi05_sp_50,r6p3v2_pi05_sp_50_A_r2,r6p3v2_pi05_sp_50_A_r2:eval:8:1,1,8,1,14,70,A,False,462.237,464.853,ok,,0.22222222222222224,0.11111111111111112,0.22222222222222224,20,2,3,4,0.5555555555555556,11.47637261754514,0.0
pi05_sp_50,r6p3v2_pi05_sp_50_A_r2,r6p3v2_pi05_sp_50_A_r2:eval:8:1,1,8,1,16,80,A,False,509.121,522.105,ok,,0.22222222222222224,0.11111111111111112,0.22222222222222224,20,2,3,4,0.6666666666666666,11.787540031904719,0.0
pi05_sp_50,r6p3v2_pi05_sp_50_A_r2,r6p3v2_pi05_sp_50_A_r2:eval:8:1,1,8,1,18,90,A,False,498.071,500.641,ok,,0.22222222222222224,0.027777777777777762,0.22222222222222224,20,2,3,4,0.7777777777777778,12.305131485800812,0.0
pi05_sp_50,r6p3v2_pi05_sp_50_A_r2,r6p3v2_pi05_sp_50_A_r2:eval:9:0,1,9,0,0,0,A,False,57.945,60.953,inactive,warming_up,,,,0,2,4,5,,,
pi05_sp_50,r6p3v2_pi05_sp_50_A_r2,r6p3v2_pi05_sp_50_A_r2:eval:9:0,1,9,0,2,10,A,False,31.673,33.408,inactive,warming_up,,,,0,2,4,5,,,
pi05_sp_50,r6p3v2_pi05_sp_50_A_r2,r6p3v2_pi05_sp_50_A_r2:eval:9:0,1,9,0,4,20,A,False,705.065,708.238,ok,,0.18181818181818182,0.02608695652173909,0.16666666666666669,20,2,4,5,0.0,18.480824598299744,0.026086956521739146
pi05_sp_50,r6p3v2_pi05_sp_50_A_r2,r6p3v2_pi05_sp_50_A_r2:eval:9:0,1,9,0,6,30,A,False,643.285,646.561,ok,,0.1818181818181818,0.02608695652173909,0.16666666666666669,20,2,4,5,0.09090909090909091,14.791325792101171,0.02608695652173912
pi05_sp_50,r6p3v2_pi05_sp_50_A_r2,r6p3v2_pi05_sp_50_A_r2:eval:9:0,1,9,0,8,40,A,False,723.722,727.232,ok,,0.18181818181818182,0.02608695652173909,0.16666666666666669,20,2,4,5,0.18181818181818182,16.030895307073852,0.026086956521739146
pi05_sp_50,r6p3v2_pi05_sp_50_A_r2,r6p3v2_pi05_sp_50_A_r2:eval:9:0,1,9,0,10,50,A,False,658.143,661.318,ok,,0.18181818181818182,0.0757575757575758,0.16666666666666669,20,2,4,5,0.2727272727272727,19.056859851361455,0.026086956521739146
pi05_sp_50,r6p3v2_pi05_sp_50_A_r2,r6p3v2_pi05_sp_50_A_r2:eval:9:0,1,9,0,12,60,A,True,655.164,658.833,slow_confirmed,,0.09090909090909088,0.07391304347826089,0.16666666666666663,20,2,4,5,0.36363636363636365,21.469518974476387,0.08300395256916998
pi05_sp_50,r6p3v2_pi05_sp_50_A_r2,r6p3v2_pi05_sp_50_A_r2:eval:9:0,1,9,0,14,70,A,False,707.721,710.699,ok,,0.18181818181818182,0.02608695652173909,0.16666666666666669,20,2,4,5,0.45454545454545453,22.751215967039457,0.026086956521739035
pi05_sp_50,r6p3v2_pi05_sp_50_A_r2,r6p3v2_pi05_sp_50_A_r2:eval:9:0,1,9,0,16,80,A,True,710.115,713.05,ok,,0.18181818181818182,0.02608695652173909,0.16666666666666669,20,2,4,5,0.45454545454545453,20.747466352747555,0.02608695652173909
pi05_sp_50,r6p3v2_pi05_sp_50_A_r2,r6p3v2_pi05_sp_50_A_r2:eval:9:0,1,9,0,18,90,A,False,737.084,740.51,slow_ambiguous,,0.09090909090909094,0.1739130434782609,0.16666666666666663,20,2,4,5,0.6363636363636364,20.106190698200773,0.17391304347826086
pi05_sp_50,r6p3v2_pi05_sp_50_A_r2,r6p3v2_pi05_sp_50_A_r2:eval:9:0,1,9,0,20,100,A,False,680.281,683.513,ok,,0.18181818181818188,0.09848484848484851,0.16666666666666663,20,2,4,5,0.6363636363636364,20.426895102871804,0.09881422924901184
pi05_sp_50,r6p3v2_pi05_sp_50_A_r2,r6p3v2_pi05_sp_50_A_r2:eval:9:0,1,9,0,22,110,A,False,595.754,598.815,slow_ambiguous,,0.09999999999999998,0.1739130434782609,0.16666666666666663,20,2,4,5,0.782608695652174,22.365088279867148,0.18939393939393945
pi05_sp_50,r6p3v2_pi05_sp_50_A_r2,r6p3v2_pi05_sp_50_A_r2:eval:9:0,1,9,0,24,120,A,False,536.128,538.919,slow_ambiguous,,0.09999999999999998,0.09848484848484851,0.16666666666666663,20,2,4,5,0.8695652173913043,23.185404656108293,0.09090909090909083
pi05_sp_50,r6p3v2_pi05_sp_50_A_r2,r6p3v2_pi05_sp_50_A_r2:eval:9:0,1,9,0,26,130,A,True,578.538,581.459,slow_ambiguous,,0.0,0.1739130434782609,0.16666666666666669,20,2,4,5,1.0,23.60739847643215,0.0
pi05_sp_50,r6p3v2_pi05_sp_50_A_r2,r6p3v2_pi05_sp_50_A_r2:eval:9:0,1,9,0,28,140,A,True,536.296,538.933,slow_ambiguous,,0.0,0.1739130434782609,0.16666666666666669,20,2,4,5,1.0,24.87209756496057,0.0
pi05_sp_50,r6p3v2_pi05_sp_50_A_r2,r6p3v2_pi05_sp_50_A_r2:eval:9:0,1,9,0,30,150,A,True,559.972,562.748,slow_confirmed,,0.0,0.0757575757575758,0.16666666666666669,20,2,4,5,0.4,27.58454987732608,0.0
pi05_sp_50,r6p3v2_pi05_sp_50_A_r2,r6p3v2_pi05_sp_50_A_r2:eval:9:0,1,9,0,32,160,A,True,596.819,599.535,slow_confirmed,,0.0,0.0757575757575758,0.16666666666666669,20,2,4,5,0.4,30.078045975639515,0.0
pi05_sp_50,r6p3v2_pi05_sp_50_A_r2,r6p3v2_pi05_sp_50_A_r2:eval:9:0,1,9,0,34,170,A,True,593.354,596.206,slow_ambiguous,,0.0,0.1739130434782609,0.16666666666666663,20,2,4,5,0.4,31.35155963517019,0.5217391304347826
pi05_sp_50,r6p3v2_pi05_sp_50_A_r2,r6p3v2_pi05_sp_50_A_r2:eval:9:0,1,9,0,36,180,A,True,555.395,557.997,slow_ambiguous,,0.0,0.1739130434782609,0.16666666666666663,20,2,4,5,0.5833333333333334,31.630917698828387,0.5217391304347826
pi05_sp_50,r6p3v2_pi05_sp_50_A_r2,r6p3v2_pi05_sp_50_A_r2:eval:9:0,1,9,0,38,190,A,True,549.599,552.281,slow_confirmed,,0.0,0.08181818181818179,0.16666666666666669,20,2,4,5,0.8695652173913043,31.69975209165159,0.0
pi05_sp_50,r6p3v2_pi05_sp_50_A_r2,r6p3v2_pi05_sp_50_A_r2:eval:9:0,1,9,0,40,200,A,True,521.075,523.759,slow_confirmed,,0.0,0.0757575757575758,0.16666666666666669,20,2,4,5,0.5833333333333334,31.738275984582916,0.0
pi05_sp_50,r6p3v2_pi05_sp_50_A_r2,r6p3v2_pi05_sp_50_A_r2:eval:9:0,1,9,0,42,210,A,True,591.278,603.198,slow_ambiguous,,0.0,0.1739130434782609,0.16666666666666663,20,2,4,5,0.5833333333333334,31.651750357060553,0.5217391304347826
pi05_sp_50,r6p3v2_pi05_sp_50_A_r2,r6p3v2_pi05_sp_50_A_r2:eval:9:1,1,9,1,0,0,A,False,54.818,58.554,inactive,warming_up,,,,0,2,4,5,,,
pi05_sp_50,r6p3v2_pi05_sp_50_A_r2,r6p3v2_pi05_sp_50_A_r2:eval:9:1,1,9,1,2,10,A,False,30.322,32.306,inactive,warming_up,,,,0,2,4,5,,,
pi05_sp_50,r6p3v2_pi05_sp_50_A_r2,r6p3v2_pi05_sp_50_A_r2:eval:9:1,1,9,1,4,20,A,False,667.34,669.966,ok,,0.18181818181818182,0.02608695652173909,0.16666666666666669,20,2,4,5,0.0,23.449631415067813,0.026086956521739146
pi05_sp_50,r6p3v2_pi05_sp_50_A_r2,r6p3v2_pi05_sp_50_A_r2:eval:9:1,1,9,1,6,30,A,False,604.197,606.922,ok,,0.1818181818181818,0.02608695652173909,0.16666666666666669,20,2,4,5,0.09090909090909091,20.085023989924814,0.02608695652173912
pi05_sp_50,r6p3v2_pi05_sp_50_A_r2,r6p3v2_pi05_sp_50_A_r2:eval:9:1,1,9,1,8,40,A,False,640.002,643.007,ok,,0.16666666666666666,0.08181818181818185,0.16666666666666663,20,2,4,5,0.17391304347826086,19.694603954546253,0.09090909090909094
pi05_sp_50,r6p3v2_pi05_sp_50_A_r2,r6p3v2_pi05_sp_50_A_r2:eval:9:1,1,9,1,10,50,A,False,575.108,578.018,slow_ambiguous,,0.10000000000000005,0.08181818181818179,0.16666666666666663,20,2,4,5,0.2727272727272727,17.69239280762985,0.09486166007905139
pi05_sp_50,r6p3v2_pi05_sp_50_A_r2,r6p3v2_pi05_sp_50_A_r2:eval:9:1,1,9,1,12,60,A,False,530.857,533.636,ok,,0.18181818181818177,0.02608695652173909,0.16666666666666669,20,2,4,5,0.3,16.28203435548656,0.026086956521739146
pi05_sp_50,r6p3v2_pi05_sp_50_A_r2,r6p3v2_pi05_sp_50_A_r2:eval:9:1,1,9,1,14,70,A,False,584.426,587.077,ok,,0.17391304347826086,0.08181818181818179,0.16666666666666663,20,2,4,5,0.4,16.60475165380399,0.10909090909090907
pi05_sp_50,r6p3v2_pi05_sp_50_A_r2,r6p3v2_pi05_sp_50_A_r2:eval:9:1,1,9,1,16,80,A,False,580.128,582.681,ok,,0.17391304347826086,0.08181818181818179,0.16666666666666663,20,2,4,5,0.5,18.368691833991793,0.10909090909090902
pi05_sp_50,r6p3v2_pi05_sp_50_A_r2,r6p3v2_pi05_sp_50_A_r2:eval:9:1,1,9,1,18,90,A,False,646.902,649.715,ok,,0.17391304347826086,0.02608695652173909,0.16666666666666669,20,2,4,5,0.5454545454545454,18.922863368896145,0.033333333333333354
pi05_sp_50,r6p3v2_pi05_sp_50_A_r2,r6p3v2_pi05_sp_50_A_r2:eval:9:1,1,9,1,20,100,A,False,678.047,681.161,ok,,0.17391304347826086,0.02608695652173909,0.16666666666666663,20,2,4,5,0.6956521739130435,18.66063836860728,0.033333333333333465
pi05_sp_50,r6p3v2_pi05_sp_50_A_r2,r6p3v2_pi05_sp_50_A_r2:eval:9:1,1,9,1,22,110,A,True,728.105,731.298,slow_ambiguous,,0.09999999999999998,0.09848484848484851,0.16666666666666663,20,2,4,5,0.7272727272727273,18.314663073010195,0.09848484848484851
pi05_sp_50,r6p3v2_pi05_sp_50_A_r2,r6p3v2_pi05_sp_50_A_r2:eval:9:1,1,9,1,24,120,A,False,669.247,672.353,slow_ambiguous,,0.0,0.1739130434782609,0.16666666666666663,20,2,4,5,0.8695652173913043,20.058943143869957,0.18181818181818177
pi05_sp_50,r6p3v2_pi05_sp_50_A_r2,r6p3v2_pi05_sp_50_A_r2:eval:9:1,1,9,1,26,130,A,True,699.202,702.157,slow_ambiguous,,0.09090909090909094,0.1739130434782609,0.16666666666666663,20,2,4,5,0.9090909090909091,22.943659356481074,0.13043478260869568
pi05_sp_50,r6p3v2_pi05_sp_50_A_r2,r6p3v2_pi05_sp_50_A_r2:eval:9:1,1,9,1,28,140,A,True,680.256,683.326,slow_ambiguous,,0.0,0.1739130434782609,0.16666666666666663,20,2,4,5,0.9090909090909091,27.08917724560892,0.09090909090909094
pi05_sp_50,r6p3v2_pi05_sp_50_A_r2,r6p3v2_pi05_sp_50_A_r2:eval:9:1,1,9,1,30,150,A,True,669.284,672.382,slow_ambiguous,,0.0,0.1739130434782609,0.16666666666666669,20,2,4,5,1.0,29.88251275287387,0.0
pi05_sp_50,r6p3v2_pi05_sp_50_A_r2,r6p3v2_pi05_sp_50_A_r2:eval:9:1,1,9,1,32,160,A,True,760.658,764.244,slow_ambiguous,,0.0,0.1739130434782609,0.16666666666666669,20,2,4,5,1.0,30.550499367739977,0.0
pi05_sp_50,r6p3v2_pi05_sp_50_A_r2,r6p3v2_pi05_sp_50_A_r2:eval:9:1,1,9,1,34,170,A,True,714.132,717.483,slow_ambiguous,,0.0,0.1739130434782609,0.16666666666666669,20,2,4,5,1.0,30.65814347705209,0.0
pi05_sp_50,r6p3v2_pi05_sp_50_A_r2,r6p3v2_pi05_sp_50_A_r2:eval:9:1,1,9,1,36,180,A,True,599.648,602.522,slow_ambiguous,,0.0,0.1739130434782609,0.16666666666666669,20,2,4,5,1.0,30.757214464491664,0.0
pi05_sp_50,r6p3v2_pi05_sp_50_A_r2,r6p3v2_pi05_sp_50_A_r2:eval:9:1,1,9,1,38,190,A,True,536.827,539.293,slow_confirmed,,0.0,0.0757575757575758,0.16666666666666669,20,2,4,5,0.5,31.51730756071798,0.0
pi05_sp_50,r6p3v2_pi05_sp_50_A_r2,r6p3v2_pi05_sp_50_A_r2:eval:9:1,1,9,1,40,200,A,True,553.322,556.084,slow_confirmed,,0.0,0.0757575757575758,0.16666666666666669,20,2,4,5,0.5,31.491112311557558,0.0
pi05_sp_50,r6p3v2_pi05_sp_50_A_r2,r6p3v2_pi05_sp_50_A_r2:eval:9:1,1,9,1,42,210,A,True,495.767,498.349,slow_confirmed,,0.0,0.0757575757575758,0.16666666666666669,20,2,4,5,0.5,31.459674172526054,0.0
pi05_sp_50,r6p3v2_pi05_sp_50_B_r0,r6p3v2_pi05_sp_50_B_r0:eval:0:0,2,0,0,0,0,B,False,57.799,61.399,inactive,warming_up,,,,0,2,4,5,,,
pi05_sp_50,r6p3v2_pi05_sp_50_B_r0,r6p3v2_pi05_sp_50_B_r0:eval:0:0,2,0,0,2,10,B,False,47.03,49.217,inactive,warming_up,,,,0,2,4,5,,,
pi05_sp_50,r6p3v2_pi05_sp_50_B_r0,r6p3v2_pi05_sp_50_B_r0:eval:0:0,2,0,0,4,20,B,False,634.156,636.671,ok,,0.25,0.14166666666666672,0.25,20,2,4,5,0.125,17.06558796482688,0.1333333333333334
pi05_sp_50,r6p3v2_pi05_sp_50_B_r0,r6p3v2_pi05_sp_50_B_r0:eval:0:0,2,0,0,6,30,B,False,544.439,547.012,ok,,0.2666666666666667,0.0410256410256411,0.25,20,2,4,5,0.125,12.809127089584786,0.10833333333333328
pi05_sp_50,r6p3v2_pi05_sp_50_B_r0,r6p3v2_pi05_sp_50_B_r0:eval:0:0,2,0,0,8,40,B,False,516.677,519.169,ok,,0.25,0.14166666666666672,0.25,20,2,4,5,0.375,12.861266634642405,0.13333333333333336
pi05_sp_50,r6p3v2_pi05_sp_50_B_r0,r6p3v2_pi05_sp_50_B_r0:eval:0:0,2,0,0,10,50,B,False,573.604,589.22,ok,,0.25,0.05769230769230771,0.25,20,2,4,5,0.4,12.73499416157526,0.016666666666666607
pi05_sp_50,r6p3v2_pi05_sp_50_B_r0,r6p3v2_pi05_sp_50_B_r0:eval:0:0,2,0,0,12,60,B,False,678.381,681.273,ok,,0.25,0.05769230769230771,0.25,20,2,4,5,0.5333333333333333,13.216778619325185,0.01666666666666672
pi05_sp_50,r6p3v2_pi05_sp_50_B_r0,r6p3v2_pi05_sp_50_B_r0:eval:0:0,2,0,0,14,70,B,False,568.982,571.885,ok,,0.25,0.0410256410256411,0.25,20,2,4,5,0.6666666666666666,13.388743825216132,0.08333333333333337
pi05_sp_50,r6p3v2_pi05_sp_50_B_r0,r6p3v2_pi05_sp_50_B_r0:eval:0:1,2,0,1,0,0,B,False,39.547,42.177,inactive,warming_up,,,,0,2,4,5,,,
pi05_sp_50,r6p3v2_pi05_sp_50_B_r0,r6p3v2_pi05_sp_50_B_r0:eval:0:1,2,0,1,2,10,B,False,27.982,29.63,inactive,warming_up,,,,0,2,4,5,,,
pi05_sp_50,r6p3v2_pi05_sp_50_B_r0,r6p3v2_pi05_sp_50_B_r0:eval:0:1,2,0,1,4,20,B,False,525.566,528.111,ok,,0.26666666666666666,0.14166666666666672,0.25,20,2,4,5,0.0,14.03594992336526,0.125
pi05_sp_50,r6p3v2_pi05_sp_50_B_r0,r6p3v2_pi05_sp_50_B_r0:eval:0:1,2,0,1,6,30,B,False,626.218,629.07,ok,,0.2666666666666667,0.0410256410256411,0.25,20,2,4,5,0.125,11.402982822201523,0.10833333333333328
pi05_sp_50,r6p3v2_pi05_sp_50_B_r0,r6p3v2_pi05_sp_50_B_r0:eval:0:1,2,0,1,8,40,B,False,552.19,555.307,ok,,0.26666666666666666,0.14166666666666672,0.25,20,2,4,5,0.26666666666666666,12.154226938690726,0.125
pi05_sp_50,r6p3v2_pi05_sp_50_B_r0,r6p3v2_pi05_sp_50_B_r0:eval:0:1,2,0,1,10,50,B,False,510.871,513.41,ok,,0.25,0.05769230769230771,0.25,20,2,4,5,0.4,11.829717635483384,0.016666666666666607
pi05_sp_50,r6p3v2_pi05_sp_50_B_r0,r6p3v2_pi05_sp_50_B_r0:eval:0:1,2,0,1,12,60,B,False,557.51,560.031,ok,,0.25,0.05769230769230771,0.25,20,2,4,5,0.5333333333333333,11.246876823415706,0.01666666666666672
pi05_sp_50,r6p3v2_pi05_sp_50_B_r0,r6p3v2_pi05_sp_50_B_r0:eval:0:1,2,0,1,14,70,B,False,555.579,558.126,ok,,0.25,0.0410256410256411,0.25,20,2,4,5,0.6666666666666666,10.45327225803276,0.08333333333333337
pi05_sp_50,r6p3v2_pi05_sp_50_B_r0,r6p3v2_pi05_sp_50_B_r0:eval:1:0,1,1,0,0,0,B,False,48.098,51.025,inactive,warming_up,,,,0,2,4,5,,,
pi05_sp_50,r6p3v2_pi05_sp_50_B_r0,r6p3v2_pi05_sp_50_B_r0:eval:1:0,1,1,0,2,10,B,False,36.889,39.047,inactive,warming_up,,,,0,2,4,5,,,
pi05_sp_50,r6p3v2_pi05_sp_50_B_r0,r6p3v2_pi05_sp_50_B_r0:eval:1:0,1,1,0,4,20,B,False,752.241,755.238,slow_confirmed,,0.09090909090909091,0.009523809523809518,0.17391304347826086,20,2,4,5,0.09090909090909091,18.079298205879535,0.013043478260869573
pi05_sp_50,r6p3v2_pi05_sp_50_B_r0,r6p3v2_pi05_sp_50_B_r0:eval:1:0,1,1,0,6,30,B,False,694.434,698.008,ok,,0.17391304347826086,0.08181818181818178,0.17391304347826086,20,2,4,5,0.09523809523809523,14.032242293253882,0.1090909090909091
pi05_sp_50,r6p3v2_pi05_sp_50_B_r0,r6p3v2_pi05_sp_50_B_r0:eval:1:0,1,1,0,8,40,B,False,665.345,669.006,ok,,0.18181818181818182,0.07391304347826082,0.17391304347826086,20,2,4,5,0.18181818181818182,13.834080850157093,0.026086956521739146
pi05_sp_50,r6p3v2_pi05_sp_50_B_r0,r6p3v2_pi05_sp_50_B_r0:eval:1:0,1,1,0,10,50,B,False,663.389,666.928,ok,,0.2,0.09523809523809523,0.17391304347826086,20,2,4,5,0.2727272727272727,13.487917885817305,0.08225108225108224
pi05_sp_50,r6p3v2_pi05_sp_50_B_r0,r6p3v2_pi05_sp_50_B_r0:eval:1:0,1,1,0,12,60,B,False,733.066,736.307,ok,,0.19999999999999996,0.09047619047619049,0.17391304347826086,20,2,4,5,0.36363636363636365,14.082030161679716,0.08225108225108224
pi05_sp_50,r6p3v2_pi05_sp_50_B_r0,r6p3v2_pi05_sp_50_B_r0:eval:1:0,1,1,0,14,70,B,True,787.516,790.962,slow_confirmed,,0.09090909090909094,0.07391304347826082,0.17391304347826086,20,2,4,5,0.5217391304347826,16.328435631720236,0.19999999999999996
pi05_sp_50,r6p3v2_pi05_sp_50_B_r0,r6p3v2_pi05_sp_50_B_r0:eval:1:0,1,1,0,16,80,B,True,673.288,677.072,slow_confirmed,,0.0,0.09956709956709953,0.1739130434782609,20,2,4,5,0.5714285714285714,18.18458893195682,0.0
pi05_sp_50,r6p3v2_pi05_sp_50_B_r0,r6p3v2_pi05_sp_50_B_r0:eval:1:0,1,1,0,18,90,B,True,537.021,539.766,slow_confirmed,,0.0,0.018181818181818132,0.17391304347826092,20,2,4,5,0.5217391304347826,17.150877760210914,0.0
pi05_sp_50,r6p3v2_pi05_sp_50_B_r0,r6p3v2_pi05_sp_50_B_r0:eval:1:0,1,1,0,20,100,B,False,546.541,549.447,slow_confirmed,,0.09090909090909094,0.018181818181818132,0.17391304347826092,20,2,4,5,0.5217391304347826,15.432656463376269,0.01304347826086949
pi05_sp_50,r6p3v2_pi05_sp_50_B_r0,r6p3v2_pi05_sp_50_B_r0:eval:1:0,1,1,0,22,110,B,True,504.095,506.732,ok,,0.17391304347826086,0.09047619047619049,0.17391304347826086,20,2,4,5,0.5217391304347826,14.494163960495664,0.10476190476190472
pi05_sp_50,r6p3v2_pi05_sp_50_B_r0,r6p3v2_pi05_sp_50_B_r0:eval:1:0,1,1,0,24,120,B,False,579.98,582.74,ok,,0.19047619047619047,0.05714285714285705,0.1739130434782609,20,2,4,5,0.6363636363636364,14.27586004545661,0.018181818181818216
pi05_sp_50,r6p3v2_pi05_sp_50_B_r0,r6p3v2_pi05_sp_50_B_r0:eval:1:0,1,1,0,26,130,B,False,546.681,549.454,ok,,0.18181818181818177,0.05714285714285705,0.1739130434782609,20,2,4,5,0.6956521739130435,13.663575261280181,0.02608695652173923
pi05_sp_50,r6p3v2_pi05_sp_50_B_r0,r6p3v2_pi05_sp_50_B_r0:eval:1:0,1,1,0,28,140,B,False,637.966,640.907,slow_ambiguous,,0.17391304347826086,0.05714285714285705,0.1739130434782609,20,2,4,5,0.8,14.309975353917176,0.10476190476190472
pi05_sp_50,r6p3v2_pi05_sp_50_B_r0,r6p3v2_pi05_sp_50_B_r0:eval:1:1,3,1,1,0,0,B,False,41.833,45.025,inactive,warming_up,,,,0,2,4,5,,,
pi05_sp_50,r6p3v2_pi05_sp_50_B_r0,r6p3v2_pi05_sp_50_B_r0:eval:1:1,3,1,1,2,10,B,False,28.206,29.987,inactive,warming_up,,,,0,2,4,5,,,
pi05_sp_50,r6p3v2_pi05_sp_50_B_r0,r6p3v2_pi05_sp_50_B_r0:eval:1:1,3,1,1,4,20,B,False,610.221,612.769,ok,,0.18181818181818182,0.07391304347826082,0.17391304347826086,20,2,4,5,0.0,17.015862217655513,0.026086956521739146
pi05_sp_50,r6p3v2_pi05_sp_50_B_r0,r6p3v2_pi05_sp_50_B_r0:eval:1:1,3,1,1,6,30,B,False,630.426,636.458,ok,,0.1818181818181818,0.009523809523809518,0.17391304347826086,20,2,4,5,0.09090909090909091,13.888366793402724,0.02608695652173912
pi05_sp_50,r6p3v2_pi05_sp_50_B_r0,r6p3v2_pi05_sp_50_B_r0:eval:1:1,3,1,1,8,40,B,False,590.635,593.74,ok,,0.19047619047619047,0.07391304347826082,0.17391304347826086,20,2,4,5,0.19047619047619047,13.522081100043378,0.026086956521739146
pi05_sp_50,r6p3v2_pi05_sp_50_B_r0,r6p3v2_pi05_sp_50_B_r0:eval:1:1,3,1,1,10,50,B,False,657.395,660.4,ok,,0.2,0.09047619047619049,0.17391304347826086,20,2,4,5,0.2857142857142857,13.864489144431339,0.09523809523809523
pi05_sp_50,r6p3v2_pi05_sp_50_B_r0,r6p3v2_pi05_sp_50_B_r0:eval:1:1,3,1,1,12,60,B,False,591.835,595.174,ok,,0.19999999999999996,0.09047619047619049,0.17391304347826086,20,2,4,5,0.38095238095238093,13.56784053407757,0.09523809523809523
pi05_sp_50,r6p3v2_pi05_sp_50_B_r0,r6p3v2_pi05_sp_50_B_r0:eval:1:1,3,1,1,14,70,B,False,546.06,548.68,ok,,0.18181818181818188,0.052700922266139635,0.1739130434782609,20,2,4,5,0.5217391304347826,12.493993627194579,0.02608695652173909
pi05_sp_50,r6p3v2_pi05_sp_50_B_r0,r6p3v2_pi05_sp_50_B_r0:eval:1:1,3,1,1,16,80,B,False,561.599,564.265,ok,,0.18181818181818188,0.05714285714285705,0.1739130434782609,20,2,4,5,0.6086956521739131,11.480108701178859,0.02608695652173923
pi05_sp_50,r6p3v2_pi05_sp_50_B_r0,r6p3v2_pi05_sp_50_B_r0:eval:1:1,3,1,1,18,90,B,False,649.882,652.74,ok,,0.18181818181818177,0.05714285714285705,0.1739130434782609,20,2,4,5,0.7,11.232597502019642,0.02608695652173923
pi05_sp_50,r6p3v2_pi05_sp_50_B_r0,r6p3v2_pi05_sp_50_B_r0:eval:1:1,3,1,1,20,100,B,False,540.075,542.76,slow_ambiguous,,0.17391304347826086,0.05714285714285705,0.1739130434782609,20,2,4,5,0.8,11.43774736019909,0.05714285714285705
pi05_sp_50,r6p3v2_pi05_sp_50_B_r0,r6p3v2_pi05_sp_50_B_r0:eval:2:0,4,2,0,0,0,B,False,44.617,47.317,inactive,warming_up,,,,0,2,4,5,,,
pi05_sp_50,r6p3v2_pi05_sp_50_B_r0,r6p3v2_pi05_sp_50_B_r0:eval:2:0,4,2,0,2,10,B,False,30.499,32.266,inactive,warming_up,,,,0,2,4,5,,,
pi05_sp_50,r6p3v2_pi05_sp_50_B_r0,r6p3v2_pi05_sp_50_B_r0:eval:2:0,4,2,0,4,20,B,False,590.254,592.923,ok,,0.21052631578947367,0.09941520467836255,0.2,20,2,4,5,0.0,24.8352480507733,0.022222222222222227
pi05_sp_50,r6p3v2_pi05_sp_50_B_r0,r6p3v2_pi05_sp_50_B_r0:eval:2:0,4,2,0,6,30,B,False,575.295,578.445,ok,,0.22222222222222224,0.09941520467836255,0.2,20,2,4,5,0.1111111111111111,16.61780578634604,0.011695906432748565
pi05_sp_50,r6p3v2_pi05_sp_50_B_r0,r6p3v2_pi05_sp_50_B_r0:eval:2:0,4,2,0,8,40,B,False,664.852,668.057,ok,,0.22222222222222224,0.09941520467836255,0.2,20,2,4,5,0.2222222222222222,16.42200160782225,0.07777777777777775
pi05_sp_50,r6p3v2_pi05_sp_50_B_r0,r6p3v2_pi05_sp_50_B_r0:eval:2:0,4,2,0,10,50,B,False,724.128,727.329,ok,,0.22222222222222227,0.08888888888888889,0.2,20,2,4,5,0.3333333333333333,15.38825077278579,0.02222222222222231
pi05_sp_50,r6p3v2_pi05_sp_50_B_r0,r6p3v2_pi05_sp_50_B_r0:eval:2:0,4,2,0,12,60,B,False,719.241,722.609,ok,,0.22222222222222224,0.08888888888888889,0.2,20,2,4,5,0.4444444444444444,15.26242902948294,0.022222222222222282
pi05_sp_50,r6p3v2_pi05_sp_50_B_r0,r6p3v2_pi05_sp_50_B_r0:eval:2:0,4,2,0,14,70,B,False,624.853,627.885,ok,,0.22222222222222224,0.09941520467836262,0.19999999999999996,20,2,4,5,0.5555555555555556,13.707682739466984,0.11578947368421041
pi05_sp_50,r6p3v2_pi05_sp_50_B_r0,r6p3v2_pi05_sp_50_B_r0:eval:2:0,4,2,0,16,80,B,False,694.262,697.76,ok,,0.22222222222222224,0.09941520467836251,0.2000000000000001,20,2,4,5,0.6666666666666666,13.906162571858928,0.011695906432748565
pi05_sp_50,r6p3v2_pi05_sp_50_B_r0,r6p3v2_pi05_sp_50_B_r0:eval:2:0,4,2,0,18,90,B,False,683.888,687.732,slow_ambiguous,,0.11111111111111105,0.11111111111111119,0.19999999999999996,20,2,4,5,0.7777777777777778,13.441842515837271,0.12222222222222226
pi05_sp_50,r6p3v2_pi05_sp_50_B_r0,r6p3v2_pi05_sp_50_B_r0:eval:2:1,3,2,1,0,0,B,False,54.07,57.125,inactive,warming_up,,,,0,2,4,5,,,
pi05_sp_50,r6p3v2_pi05_sp_50_B_r0,r6p3v2_pi05_sp_50_B_r0:eval:2:1,3,2,1,2,10,B,False,35.096,37.137,inactive,warming_up,,,,0,2,4,5,,,
pi05_sp_50,r6p3v2_pi05_sp_50_B_r0,r6p3v2_pi05_sp_50_B_r0:eval:2:1,3,2,1,4,20,B,False,567.281,569.742,ok,,0.22222222222222224,0.09941520467836255,0.2,20,2,4,5,0.0,17.29668046931167,0.022222222222222227
pi05_sp_50,r6p3v2_pi05_sp_50_B_r0,r6p3v2_pi05_sp_50_B_r0:eval:2:1,3,2,1,6,30,B,False,534.982,537.917,ok,,0.22222222222222224,0.09941520467836255,0.2,20,2,4,5,0.1111111111111111,12.184960545281497,0.0777777777777778
pi05_sp_50,r6p3v2_pi05_sp_50_B_r0,r6p3v2_pi05_sp_50_B_r0:eval:2:1,3,2,1,8,40,B,False,543.444,546.236,ok,,0.22222222222222224,0.09941520467836255,0.2,20,2,4,5,0.2222222222222222,11.806153724368286,0.07777777777777775
pi05_sp_50,r6p3v2_pi05_sp_50_B_r0,r6p3v2_pi05_sp_50_B_r0:eval:2:1,3,2,1,10,50,B,False,536.141,538.803,ok,,0.22222222222222227,0.08888888888888889,0.2,20,2,4,5,0.3333333333333333,11.617452991719034,0.02222222222222231
pi05_sp_50,r6p3v2_pi05_sp_50_B_r0,r6p3v2_pi05_sp_50_B_r0:eval:2:1,3,2,1,12,60,B,False,568.349,571.067,ok,,0.21052631578947367,0.08888888888888889,0.2,20,2,4,5,0.4444444444444444,12.785253412332233,0.022222222222222282
pi05_sp_50,r6p3v2_pi05_sp_50_B_r0,r6p3v2_pi05_sp_50_B_r0:eval:2:1,3,2,1,14,70,B,False,590.383,593.298,ok,,0.22222222222222224,0.09941520467836262,0.19999999999999996,20,2,4,5,0.5555555555555556,12.91347974521854,0.11578947368421041
pi05_sp_50,r6p3v2_pi05_sp_50_B_r0,r6p3v2_pi05_sp_50_B_r0:eval:2:1,3,2,1,16,80,B,False,534.724,537.321,ok,,0.22222222222222224,0.09941520467836251,0.2000000000000001,20,2,4,5,0.6666666666666666,13.764947838968816,0.011695906432748565
pi05_sp_50,r6p3v2_pi05_sp_50_B_r0,r6p3v2_pi05_sp_50_B_r0:eval:2:1,3,2,1,18,90,B,False,565.201,567.945,slow_ambiguous,,0.11111111111111105,0.11111111111111119,0.19999999999999996,20,2,4,5,0.7777777777777778,13.084375390249681,0.12222222222222226
pi05_sp_50,r6p3v2_pi05_sp_50_B_r0,r6p3v2_pi05_sp_50_B_r0:eval:3:0,1,3,0,0,0,B,False,52.703,56.052,inactive,warming_up,,,,0,2,4,5,,,
pi05_sp_50,r6p3v2_pi05_sp_50_B_r0,r6p3v2_pi05_sp_50_B_r0:eval:3:0,1,3,0,2,10,B,False,114.632,117.44,inactive,warming_up,,,,0,2,4,5,,,
pi05_sp_50,r6p3v2_pi05_sp_50_B_r0,r6p3v2_pi05_sp_50_B_r0:eval:3:0,1,3,0,4,20,B,False,701.579,704.79,ok,,0.25,0.0,0.25,20,2,4,5,0.0,18.341081948473644,0.0
pi05_sp_50,r6p3v2_pi05_sp_50_B_r0,r6p3v2_pi05_sp_50_B_r0:eval:3:0,1,3,0,6,30,B,False,613.389,616.506,ok,,0.25,0.0,0.25,20,2,4,5,0.125,13.22735775263636,0.0
pi05_sp_50,r6p3v2_pi05_sp_50_B_r0,r6p3v2_pi05_sp_50_B_r0:eval:3:0,1,3,0,8,40,B,False,556.769,559.894,ok,,0.25,0.0,0.25,20,2,4,5,0.25,12.566161744651152,0.0
pi05_sp_50,r6p3v2_pi05_sp_50_B_r0,r6p3v2_pi05_sp_50_B_r0:eval:3:0,1,3,0,10,50,B,False,531.126,533.986,ok,,0.25,0.0,0.25,20,2,4,5,0.375,12.630399595838576,0.0
pi05_sp_50,r6p3v2_pi05_sp_50_B_r0,r6p3v2_pi05_sp_50_B_r0:eval:3:0,1,3,0,12,60,B,False,519.847,522.519,ok,,0.25,0.0,0.25,20,2,4,5,0.5,12.636378152727724,0.0
pi05_sp_50,r6p3v2_pi05_sp_50_B_r0,r6p3v2_pi05_sp_50_B_r0:eval:3:0,1,3,0,14,70,B,False,580.903,583.828,ok,,0.25,0.0,0.25,20,2,4,5,0.625,12.009188330267236,0.0
pi05_sp_50,r6p3v2_pi05_sp_50_B_r0,r6p3v2_pi05_sp_50_B_r0:eval:3:0,1,3,0,16,80,B,False,574.831,577.782,ok,,0.25,0.0,0.25,20,2,4,5,0.75,12.149764918879912,0.0
pi05_sp_50,r6p3v2_pi05_sp_50_B_r0,r6p3v2_pi05_sp_50_B_r0:eval:3:1,3,3,1,0,0,B,False,45.419,48.792,inactive,warming_up,,,,0,2,4,5,,,
pi05_sp_50,r6p3v2_pi05_sp_50_B_r0,r6p3v2_pi05_sp_50_B_r0:eval:3:1,3,3,1,2,10,B,False,31.739,33.789,inactive,warming_up,,,,0,2,4,5,,,
pi05_sp_50,r6p3v2_pi05_sp_50_B_r0,r6p3v2_pi05_sp_50_B_r0:eval:3:1,3,3,1,4,20,B,False,544.473,547.162,ok,,0.25,0.0,0.25,20,2,4,5,0.0,17.31853132956787,0.0
pi05_sp_50,r6p3v2_pi05_sp_50_B_r0,r6p3v2_pi05_sp_50_B_r0:eval:3:1,3,3,1,6,30,B,False,608.086,611.144,ok,,0.25,0.0,0.25,20,2,4,5,0.125,14.603602483306206,0.0
pi05_sp_50,r6p3v2_pi05_sp_50_B_r0,r6p3v2_pi05_sp_50_B_r0:eval:3:1,3,3,1,8,40,B,False,648.008,650.823,ok,,0.25,0.0,0.25,20,2,4,5,0.25,14.838879046610648,0.0
pi05_sp_50,r6p3v2_pi05_sp_50_B_r0,r6p3v2_pi05_sp_50_B_r0:eval:3:1,3,3,1,10,50,B,False,652.798,655.988,ok,,0.25,0.0,0.25,20,2,4,5,0.375,15.696553246085086,0.0
pi05_sp_50,r6p3v2_pi05_sp_50_B_r0,r6p3v2_pi05_sp_50_B_r0:eval:3:1,3,3,1,12,60,B,False,694.17,697.179,ok,,0.25,0.0,0.25,20,2,4,5,0.5,16.444123087692294,0.0
pi05_sp_50,r6p3v2_pi05_sp_50_B_r0,r6p3v2_pi05_sp_50_B_r0:eval:3:1,3,3,1,14,70,B,False,643.425,646.452,ok,,0.25,0.0,0.25,20,2,4,5,0.625,16.354544946919585,0.0
pi05_sp_50,r6p3v2_pi05_sp_50_B_r0,r6p3v2_pi05_sp_50_B_r0:eval:3:1,3,3,1,16,80,B,False,705.262,708.426,ok,,0.25,0.125,0.25,20,2,4,5,0.75,17.01775829062016,0.125
pi05_sp_50,r6p3v2_pi05_sp_50_B_r0,r6p3v2_pi05_sp_50_B_r0:eval:3:1,3,3,1,18,90,B,True,671.762,675.185,slow_confirmed,,0.125,0.0,0.25,20,2,4,5,0.875,19.435087698597673,0.0
pi05_sp_50,r6p3v2_pi05_sp_50_B_r0,r6p3v2_pi05_sp_50_B_r0:eval:4:0,3,4,0,0,0,B,False,55.289,59.08,inactive,warming_up,,,,0,2,4,5,,,
pi05_sp_50,r6p3v2_pi05_sp_50_B_r0,r6p3v2_pi05_sp_50_B_r0:eval:4:0,3,4,0,2,10,B,False,36.221,38.31,inactive,warming_up,,,,0,2,4,5,,,
pi05_sp_50,r6p3v2_pi05_sp_50_B_r0,r6p3v2_pi05_sp_50_B_r0:eval:4:0,3,4,0,4,20,B,False,713.554,716.766,ok,,0.16666666666666666,0.0757575757575758,0.15384615384615385,20,2,4,5,0.0,14.3646296006524,0.07076923076923078
pi05_sp_50,r6p3v2_pi05_sp_50_B_r0,r6p3v2_pi05_sp_50_B_r0:eval:4:0,3,4,0,6,30,B,False,607.7,611.024,ok,,0.16666666666666669,0.021818181818181792,0.15384615384615385,20,2,4,5,0.08333333333333333,10.514438057844009,0.02181818181818182
pi05_sp_50,r6p3v2_pi05_sp_50_B_r0,r6p3v2_pi05_sp_50_B_r0:eval:4:0,3,4,0,8,40,B,False,567.093,570.798,ok,,0.16666666666666666,0.021818181818181792,0.15384615384615385,20,2,4,5,0.16666666666666666,10.13662066634309,0.02181818181818182
pi05_sp_50,r6p3v2_pi05_sp_50_B_r0,r6p3v2_pi05_sp_50_B_r0:eval:4:0,3,4,0,10,50,B,False,563.559,566.389,ok,,0.16000000000000003,0.021818181818181792,0.15384615384615385,20,2,4,5,0.25,10.151171209393079,0.02006688963210701
pi05_sp_50,r6p3v2_pi05_sp_50_B_r0,r6p3v2_pi05_sp_50_B_r0:eval:4:0,3,4,0,12,60,B,False,600.369,603.259,ok,,0.15999999999999998,0.0757575757575758,0.1538461538461538,20,2,4,5,0.3333333333333333,10.769990914637157,0.08300395256916998
pi05_sp_50,r6p3v2_pi05_sp_50_B_r0,r6p3v2_pi05_sp_50_B_r0:eval:4:0,3,4,0,14,70,B,False,557.108,559.844,ok,,0.16666666666666669,0.021818181818181792,0.15384615384615385,20,2,4,5,0.4,11.014047496262904,0.021818181818181737
pi05_sp_50,r6p3v2_pi05_sp_50_B_r0,r6p3v2_pi05_sp_50_B_r0:eval:4:0,3,4,0,16,80,B,False,554.103,556.713,ok,,0.16666666666666663,0.021818181818181792,0.15384615384615385,20,2,4,5,0.48,10.093045027586696,0.021818181818181792
pi05_sp_50,r6p3v2_pi05_sp_50_B_r0,r6p3v2_pi05_sp_50_B_r0:eval:4:0,3,4,0,18,90,B,False,528.888,531.413,ok,,0.15999999999999992,0.021818181818181792,0.15384615384615385,20,2,4,5,0.5833333333333334,8.78607813849475,0.02006688963210701
pi05_sp_50,r6p3v2_pi05_sp_50_B_r0,r6p3v2_pi05_sp_50_B_r0:eval:4:0,3,4,0,20,100,B,False,569.7,572.357,ok,,0.16000000000000003,0.02341137123745818,0.15384615384615385,20,2,4,5,0.6666666666666666,8.20242238158692,0.02006688963210701
pi05_sp_50,r6p3v2_pi05_sp_50_B_r0,r6p3v2_pi05_sp_50_B_r0:eval:4:0,3,4,0,22,110,B,False,603.183,605.922,slow_ambiguous,,0.08695652173913038,0.0757575757575758,0.15384615384615385,20,2,4,5,0.75,8.767155575672733,0.07666666666666666
pi05_sp_50,r6p3v2_pi05_sp_50_B_r0,r6p3v2_pi05_sp_50_B_r0:eval:4:0,3,4,0,24,120,B,False,587.87,590.938,slow_ambiguous,,0.13043478260869568,0.0757575757575758,0.1538461538461538,20,2,4,5,0.8333333333333334,9.772779192013537,0.08974358974358965
pi05_sp_50,r6p3v2_pi05_sp_50_B_r0,r6p3v2_pi05_sp_50_B_r0:eval:4:1,2,4,1,0,0,B,False,60.037,63.384,inactive,warming_up,,,,0,2,4,5,,,
pi05_sp_50,r6p3v2_pi05_sp_50_B_r0,r6p3v2_pi05_sp_50_B_r0:eval:4:1,2,4,1,2,10,B,False,36.069,38.117,inactive,warming_up,,,,0,2,4,5,,,
pi05_sp_50,r6p3v2_pi05_sp_50_B_r0,r6p3v2_pi05_sp_50_B_r0:eval:4:1,2,4,1,4,20,B,False,658.523,661.167,ok,,0.16,0.021818181818181792,0.15384615384615385,20,2,4,5,0.0,12.802154677325184,0.02797202797202797
pi05_sp_50,r6p3v2_pi05_sp_50_B_r0,r6p3v2_pi05_sp_50_B_r0:eval:4:1,2,4,1,6,30,B,False,541.296,544.017,ok,,0.15384615384615385,0.0757575757575758,0.15384615384615385,20,2,4,5,0.08,10.27394926370913,0.07575757575757577
pi05_sp_50,r6p3v2_pi05_sp_50_B_r0,r6p3v2_pi05_sp_50_B_r0:eval:4:1,2,4,1,8,40,B,False,619.34,622.222,ok,,0.15384615384615385,0.0757575757575758,0.15384615384615385,20,2,4,5,0.16,10.431162060933454,0.07575757575757577
pi05_sp_50,r6p3v2_pi05_sp_50_B_r0,r6p3v2_pi05_sp_50_B_r0:eval:4:1,2,4,1,10,50,B,False,597.843,600.405,ok,,0.16000000000000003,0.021818181818181792,0.15384615384615385,20,2,4,5,0.23076923076923078,10.920492088264778,0.02797202797202797
pi05_sp_50,r6p3v2_pi05_sp_50_B_r0,r6p3v2_pi05_sp_50_B_r0:eval:4:1,2,4,1,12,60,B,False,531.444,533.91,ok,,0.15384615384615385,0.0757575757575758,0.1538461538461538,20,2,4,5,0.3076923076923077,12.388124497662718,0.09848484848484845
pi05_sp_50,r6p3v2_pi05_sp_50_B_r0,r6p3v2_pi05_sp_50_B_r0:eval:4:1,2,4,1,14,70,B,False,570.742,573.201,ok,,0.16000000000000003,0.021818181818181792,0.15384615384615385,20,2,4,5,0.38461538461538464,14.84009482907293,0.02797202797202797
pi05_sp_50,r6p3v2_pi05_sp_50_B_r0,r6p3v2_pi05_sp_50_B_r0:eval:4:1,2,4,1,16,80,B,False,576.516,579.128,ok,,0.24999999999999994,0.06909090909090909,0.1538461538461538,20,2,4,5,0.43478260869565216,17.898632800956335,0.11272727272727273
pi05_sp_50,r6p3v2_pi05_sp_50_B_r0,r6p3v2_pi05_sp_50_B_r0:eval:4:1,2,4,1,18,90,B,False,642.529,645.533,ok,,0.17391304347826086,0.0757575757575758,0.15384615384615385,20,2,4,5,0.5454545454545454,20.446885588415764,0.06410256410256421
pi05_sp_50,r6p3v2_pi05_sp_50_B_r0,r6p3v2_pi05_sp_50_B_r0:eval:4:1,2,4,1,20,100,B,False,676.178,679.269,ok,,0.16666666666666674,0.0757575757575758,0.1538461538461538,20,2,4,5,0.6666666666666666,22.30329574298193,0.08615384615384614
pi05_sp_50,r6p3v2_pi05_sp_50_B_r0,r6p3v2_pi05_sp_50_B_r0:eval:4:1,2,4,1,22,110,B,False,725.883,729.039,ok,,0.21739130434782608,0.07304347826086965,0.15384615384615385,20,2,4,5,0.75,23.57889668113731,0.12615384615384617
pi05_sp_50,r6p3v2_pi05_sp_50_B_r0,r6p3v2_pi05_sp_50_B_r0:eval:4:1,2,4,1,24,120,B,True,705.986,709.03,slow_ambiguous,,0.12,0.0757575757575758,0.1538461538461538,20,2,4,5,0.8461538461538461,22.5065801097234,0.08974358974358965
pi05_sp_50,r6p3v2_pi05_sp_50_B_r0,r6p3v2_pi05_sp_50_B_r0:eval:4:1,2,4,1,26,130,B,True,688.463,692.75,slow_confirmed,,0.0,0.0757575757575758,0.1538461538461538,20,2,4,5,1.0,22.26353858465863,0.09090909090909094
pi05_sp_50,r6p3v2_pi05_sp_50_B_r0,r6p3v2_pi05_sp_50_B_r0:eval:4:1,2,4,1,28,140,B,True,672.958,675.961,slow_confirmed,,0.0,0.0757575757575758,0.1538461538461538,20,2,4,5,1.0,21.54046362237906,0.09090909090909094
pi05_sp_50,r6p3v2_pi05_sp_50_B_r0,r6p3v2_pi05_sp_50_B_r0:eval:4:1,2,4,1,30,150,B,True,741.201,744.187,slow_confirmed,,0.0,0.0757575757575758,0.15384615384615385,20,2,4,5,1.0,23.358449122568388,0.0
pi05_sp_50,r6p3v2_pi05_sp_50_B_r0,r6p3v2_pi05_sp_50_B_r0:eval:4:1,2,4,1,32,160,B,True,747.824,750.907,slow_confirmed,,0.0,0.0757575757575758,0.15384615384615385,20,2,4,5,1.0,24.52012375025463,0.0
pi05_sp_50,r6p3v2_pi05_sp_50_B_r0,r6p3v2_pi05_sp_50_B_r0:eval:4:1,2,4,1,34,170,B,True,733.862,736.942,slow_confirmed,,0.0,0.0757575757575758,0.15384615384615385,20,2,4,5,1.0,25.56030675075429,0.0
pi05_sp_50,r6p3v2_pi05_sp_50_B_r0,r6p3v2_pi05_sp_50_B_r0:eval:4:1,2,4,1,36,180,B,True,580.772,583.768,slow_confirmed,,0.0,0.021818181818181792,0.15384615384615385,20,2,4,5,0.3076923076923077,25.987843904848816,0.0
pi05_sp_50,r6p3v2_pi05_sp_50_B_r0,r6p3v2_pi05_sp_50_B_r0:eval:4:1,2,4,1,38,190,B,True,564.008,566.793,slow_confirmed,,0.0,0.021818181818181792,0.15384615384615385,20,2,4,5,0.18181818181818182,26.723406333123176,0.0
pi05_sp_50,r6p3v2_pi05_sp_50_B_r0,r6p3v2_pi05_sp_50_B_r0:eval:4:1,2,4,1,40,200,B,False,552.529,555.366,slow_ambiguous,,0.08695652173913043,0.06909090909090909,0.1538461538461538,20,2,4,5,0.17391304347826086,27.755892020338425,0.18181818181818182
pi05_sp_50,r6p3v2_pi05_sp_50_B_r0,r6p3v2_pi05_sp_50_B_r0:eval:4:1,2,4,1,42,210,B,False,555.636,558.235,ok,,0.16,0.06909090909090909,0.1538461538461538,20,2,4,5,0.16666666666666666,28.049648619658047,0.18181818181818182
pi05_sp_50,r6p3v2_pi05_sp_50_B_r0,r6p3v2_pi05_sp_50_B_r0:eval:5:0,1,5,0,0,0,B,False,43.701,46.902,inactive,warming_up,,,,0,2,4,5,,,
pi05_sp_50,r6p3v2_pi05_sp_50_B_r0,r6p3v2_pi05_sp_50_B_r0:eval:5:0,1,5,0,2,10,B,False,30.063,31.888,inactive,warming_up,,,,0,2,4,5,,,
pi05_sp_50,r6p3v2_pi05_sp_50_B_r0,r6p3v2_pi05_sp_50_B_r0:eval:5:0,1,5,0,4,20,B,False,609.488,612.221,ok,,0.22222222222222224,0.013071895424836583,0.22222222222222224,20,2,4,5,0.0,24.709675830992683,0.013071895424836583
pi05_sp_50,r6p3v2_pi05_sp_50_B_r0,r6p3v2_pi05_sp_50_B_r0:eval:5:0,1,5,0,6,30,B,False,543.171,545.937,ok,,0.22222222222222224,0.013071895424836583,0.22222222222222224,20,2,4,5,0.1111111111111111,19.395031353142496,0.013071895424836583
pi05_sp_50,r6p3v2_pi05_sp_50_B_r0,r6p3v2_pi05_sp_50_B_r0:eval:5:0,1,5,0,8,40,B,False,508.394,510.993,ok,,0.22222222222222224,0.013071895424836583,0.22222222222222224,20,2,4,5,0.2222222222222222,17.434312182468517,0.013071895424836583
pi05_sp_50,r6p3v2_pi05_sp_50_B_r0,r6p3v2_pi05_sp_50_B_r0:eval:5:0,1,5,0,10,50,B,False,610.792,614.051,ok,,0.22222222222222227,0.11111111111111108,0.22222222222222224,20,2,4,5,0.3333333333333333,17.192953064918175,0.013071895424836555
pi05_sp_50,r6p3v2_pi05_sp_50_B_r0,r6p3v2_pi05_sp_50_B_r0:eval:5:0,1,5,0,12,60,B,False,573.269,576.253,ok,,0.22222222222222224,0.04575163398692808,0.22222222222222224,20,2,4,5,0.4444444444444444,17.936448591451054,0.013071895424836638
pi05_sp_50,r6p3v2_pi05_sp_50_B_r0,r6p3v2_pi05_sp_50_B_r0:eval:5:0,1,5,0,14,70,B,False,579.519,582.663,ok,,0.22222222222222224,0.11111111111111108,0.22222222222222224,20,2,4,5,0.5555555555555556,18.028964155533263,0.013071895424836555
pi05_sp_50,r6p3v2_pi05_sp_50_B_r0,r6p3v2_pi05_sp_50_B_r0:eval:5:0,1,5,0,16,80,B,False,616.954,620.051,ok,,0.22222222222222224,0.04575163398692808,0.22222222222222224,20,2,4,5,0.6666666666666666,17.443040894386716,0.11764705882352947
pi05_sp_50,r6p3v2_pi05_sp_50_B_r0,r6p3v2_pi05_sp_50_B_r0:eval:5:0,1,5,0,18,90,B,False,565.704,568.533,slow_ambiguous,,0.17647058823529416,0.04575163398692808,0.22222222222222224,20,2,4,5,0.7777777777777778,16.966270157745942,0.04575163398692808
pi05_sp_50,r6p3v2_pi05_sp_50_B_r0,r6p3v2_pi05_sp_50_B_r0:eval:5:1,3,5,1,0,0,B,False,44.45,47.449,inactive,warming_up,,,,0,2,4,5,,,
pi05_sp_50,r6p3v2_pi05_sp_50_B_r0,r6p3v2_pi05_sp_50_B_r0:eval:5:1,3,5,1,2,10,B,False,35.927,37.802,inactive,warming_up,,,,0,2,4,5,,,
pi05_sp_50,r6p3v2_pi05_sp_50_B_r0,r6p3v2_pi05_sp_50_B_r0:eval:5:1,3,5,1,4,20,B,False,572.792,575.516,ok,,0.22222222222222224,0.013071895424836583,0.22222222222222224,20,2,4,5,0.0,25.37649632062976,0.013071895424836583
pi05_sp_50,r6p3v2_pi05_sp_50_B_r0,r6p3v2_pi05_sp_50_B_r0:eval:5:1,3,5,1,6,30,B,False,513.815,516.496,ok,,0.22222222222222224,0.013071895424836583,0.22222222222222224,20,2,4,5,0.1111111111111111,20.78640964631786,0.013071895424836583
pi05_sp_50,r6p3v2_pi05_sp_50_B_r0,r6p3v2_pi05_sp_50_B_r0:eval:5:1,3,5,1,8,40,B,False,517.757,520.382,ok,,0.22222222222222224,0.013071895424836583,0.22222222222222224,20,2,4,5,0.2222222222222222,18.947669183984985,0.013071895424836583
pi05_sp_50,r6p3v2_pi05_sp_50_B_r0,r6p3v2_pi05_sp_50_B_r0:eval:5:1,3,5,1,10,50,B,False,529.445,532.044,ok,,0.22222222222222227,0.11111111111111108,0.22222222222222224,20,2,4,5,0.3333333333333333,18.813312486214144,0.013071895424836555
pi05_sp_50,r6p3v2_pi05_sp_50_B_r0,r6p3v2_pi05_sp_50_B_r0:eval:5:1,3,5,1,12,60,B,False,604.982,607.689,ok,,0.22222222222222224,0.04575163398692808,0.22222222222222224,20,2,4,5,0.4444444444444444,18.35172474340383,0.013071895424836638
pi05_sp_50,r6p3v2_pi05_sp_50_B_r0,r6p3v2_pi05_sp_50_B_r0:eval:5:1,3,5,1,14,70,B,False,626.328,629.62,ok,,0.22222222222222224,0.11111111111111108,0.22222222222222224,20,2,4,5,0.5555555555555556,18.973575563030302,0.013071895424836555
pi05_sp_50,r6p3v2_pi05_sp_50_B_r0,r6p3v2_pi05_sp_50_B_r0:eval:5:1,3,5,1,16,80,B,False,664.875,669.346,slow_confirmed,,0.11764705882352933,0.04575163398692808,0.22222222222222224,20,2,4,5,0.6666666666666666,18.964388425804813,0.11111111111111108
pi05_sp_50,r6p3v2_pi05_sp_50_B_r0,r6p3v2_pi05_sp_50_B_r0:eval:5:1,3,5,1,18,90,B,False,655.282,658.505,slow_ambiguous,,0.17647058823529416,0.04575163398692808,0.22222222222222224,20,2,4,5,0.7777777777777778,19.3462252360536,0.04575163398692808
pi05_sp_50,r6p3v2_pi05_sp_50_B_r0,r6p3v2_pi05_sp_50_B_r0:eval:6:0,2,6,0,0,0,B,False,50.838,53.854,inactive,warming_up,,,,0,2,4,5,,,
pi05_sp_50,r6p3v2_pi05_sp_50_B_r0,r6p3v2_pi05_sp_50_B_r0:eval:6:0,2,6,0,2,10,B,False,34.575,36.592,inactive,warming_up,,,,0,2,4,5,,,
pi05_sp_50,r6p3v2_pi05_sp_50_B_r0,r6p3v2_pi05_sp_50_B_r0:eval:6:0,2,6,0,4,20,B,False,764.709,767.56,ok,,0.17391304347826086,0.04385964912280699,0.16666666666666663,20,2,4,5,0.0,12.816966815430641,0.033333333333333354
pi05_sp_50,r6p3v2_pi05_sp_50_B_r0,r6p3v2_pi05_sp_50_B_r0:eval:6:0,2,6,0,6,30,B,False,702.901,706.027,ok,,0.17391304347826086,0.06666666666666671,0.16666666666666669,20,2,4,5,0.08695652173913043,9.346814874099808,0.0333333333333333
pi05_sp_50,r6p3v2_pi05_sp_50_B_r0,r6p3v2_pi05_sp_50_B_r0:eval:6:0,2,6,0,8,40,B,False,759.146,762.491,ok,,0.17391304347826086,0.04385964912280699,0.16666666666666663,20,2,4,5,0.17391304347826086,8.995387617084907,0.033333333333333354
pi05_sp_50,r6p3v2_pi05_sp_50_B_r0,r6p3v2_pi05_sp_50_B_r0:eval:6:0,2,6,0,10,50,B,False,578.212,581.317,slow_confirmed,,0.08695652173913043,0.06666666666666665,0.16666666666666674,20,2,4,5,0.2608695652173913,9.312069209599896,0.1166666666666667
pi05_sp_50,r6p3v2_pi05_sp_50_B_r0,r6p3v2_pi05_sp_50_B_r0:eval:6:0,2,6,0,12,60,B,False,547.253,550.076,slow_confirmed,,0.09999999999999998,0.0,0.16666666666666663,20,2,4,5,0.34782608695652173,10.798649054194742,0.16304347826086962
pi05_sp_50,r6p3v2_pi05_sp_50_B_r0,r6p3v2_pi05_sp_50_B_r0:eval:6:0,2,6,0,14,70,B,False,524.047,526.619,ok,,0.17391304347826086,0.0,0.16666666666666663,20,2,4,5,0.34782608695652173,13.692952744281001,0.23333333333333334
pi05_sp_50,r6p3v2_pi05_sp_50_B_r0,r6p3v2_pi05_sp_50_B_r0:eval:6:0,2,6,0,16,80,B,True,568.842,571.581,ok,,0.17391304347826092,0.06666666666666665,0.16666666666666674,20,2,4,5,0.5,15.786323218078337,0.1271929824561404
pi05_sp_50,r6p3v2_pi05_sp_50_B_r0,r6p3v2_pi05_sp_50_B_r0:eval:6:0,2,6,0,18,90,B,True,628.639,631.56,ok,,0.21052631578947367,0.1739130434782609,0.16666666666666663,20,2,4,5,0.6,17.331751609925135,0.4
pi05_sp_50,r6p3v2_pi05_sp_50_B_r0,r6p3v2_pi05_sp_50_B_r0:eval:6:0,2,6,0,20,100,B,True,512.277,514.813,slow_confirmed,,0.0,0.07391304347826089,0.16666666666666674,20,2,4,5,0.5263157894736842,18.242698554074185,0.08695652173913043
pi05_sp_50,r6p3v2_pi05_sp_50_B_r0,r6p3v2_pi05_sp_50_B_r0:eval:6:0,2,6,0,22,110,B,False,540.143,545.592,slow_confirmed,,0.10526315789473684,0.0,0.16666666666666663,20,2,4,5,0.43478260869565216,16.748180502816584,0.21666666666666667
pi05_sp_50,r6p3v2_pi05_sp_50_B_r0,r6p3v2_pi05_sp_50_B_r0:eval:6:0,2,6,0,24,120,B,False,493.769,496.303,ok,,0.25,0.0,0.16666666666666663,20,2,4,5,0.43478260869565216,16.072078827407,0.22105263157894725
pi05_sp_50,r6p3v2_pi05_sp_50_B_r0,r6p3v2_pi05_sp_50_B_r0:eval:6:0,2,6,0,26,130,B,False,530.811,533.411,ok,,0.17391304347826086,0.1739130434782609,0.16666666666666674,20,2,4,5,0.631578947368421,14.701685272949382,0.11052631578947358
pi05_sp_50,r6p3v2_pi05_sp_50_B_r0,r6p3v2_pi05_sp_50_B_r0:eval:6:0,2,6,0,28,140,B,False,545.44,548.119,slow_ambiguous,,0.09999999999999998,0.1739130434782609,0.16666666666666663,20,2,4,5,0.8,14.590200734195173,0.19999999999999996
pi05_sp_50,r6p3v2_pi05_sp_50_B_r0,r6p3v2_pi05_sp_50_B_r0:eval:6:1,1,6,1,0,0,B,False,52.663,55.915,inactive,warming_up,,,,0,2,4,5,,,
pi05_sp_50,r6p3v2_pi05_sp_50_B_r0,r6p3v2_pi05_sp_50_B_r0:eval:6:1,1,6,1,2,10,B,False,34.331,36.447,inactive,warming_up,,,,0,2,4,5,,,
pi05_sp_50,r6p3v2_pi05_sp_50_B_r0,r6p3v2_pi05_sp_50_B_r0:eval:6:1,1,6,1,4,20,B,False,741.662,744.394,slow_ambiguous,,0.16666666666666666,0.1739130434782609,0.16666666666666674,20,2,4,5,0.0,23.6246717140439,0.11304347826086958
pi05_sp_50,r6p3v2_pi05_sp_50_B_r0,r6p3v2_pi05_sp_50_B_r0:eval:6:1,1,6,1,6,30,B,False,548.506,551.497,ok,,0.16666666666666669,0.1739130434782609,0.16666666666666663,20,2,4,5,0.08695652173913043,18.091106265620382,0.1
pi05_sp_50,r6p3v2_pi05_sp_50_B_r0,r6p3v2_pi05_sp_50_B_r0:eval:6:1,1,6,1,8,40,B,False,612.351,615.102,ok,,0.21052631578947367,0.07391304347826089,0.16666666666666663,20,2,4,5,0.16666666666666666,16.69188854248398,0.060869565217391286
pi05_sp_50,r6p3v2_pi05_sp_50_B_r0,r6p3v2_pi05_sp_50_B_r0:eval:6:1,1,6,1,10,50,B,True,621.356,624.099,ok,,0.21052631578947367,0.0,0.16666666666666663,20,2,4,5,0.2608695652173913,15.213622397533706,0.1594202898550725
pi05_sp_50,r6p3v2_pi05_sp_50_B_r0,r6p3v2_pi05_sp_50_B_r0:eval:6:1,1,6,1,12,60,B,False,520.816,523.521,ok,,0.19999999999999996,0.07391304347826089,0.16666666666666663,20,2,4,5,0.4,14.35844053066675,0.07608695652173908
pi05_sp_50,r6p3v2_pi05_sp_50_B_r0,r6p3v2_pi05_sp_50_B_r0:eval:6:1,1,6,1,14,70,B,False,540.327,543.025,slow_confirmed,,0.09999999999999998,0.06666666666666665,0.16666666666666674,20,2,4,5,0.5263157894736842,16.223671109791383,0.1271929824561404
pi05_sp_50,r6p3v2_pi05_sp_50_B_r0,r6p3v2_pi05_sp_50_B_r0:eval:6:1,1,6,1,16,80,B,False,524.666,527.189,ok,,0.17391304347826086,0.07391304347826089,0.16666666666666663,20,2,4,5,0.6,19.363517570589043,0.04385964912280693
pi05_sp_50,r6p3v2_pi05_sp_50_B_r0,r6p3v2_pi05_sp_50_B_r0:eval:6:1,1,6,1,18,90,B,True,576.83,579.349,slow_ambiguous,,0.10526315789473684,0.1739130434782609,0.16666666666666663,20,2,4,5,0.6666666666666666,23.054369343787997,0.29130434782608683
pi05_sp_50,r6p3v2_pi05_sp_50_B_r0,r6p3v2_pi05_sp_50_B_r0:eval:6:1,1,6,1,20,100,B,True,647.333,650.395,slow_ambiguous,,0.0,0.1739130434782609,0.16666666666666663,20,2,4,5,0.8,24.01400230103179,0.30434782608695654
pi05_sp_50,r6p3v2_pi05_sp_50_B_r0,r6p3v2_pi05_sp_50_B_r0:eval:6:1,1,6,1,22,110,B,True,689.735,693.061,slow_ambiguous,,0.0,0.1739130434782609,0.16666666666666663,20,2,4,5,0.8,25.073016402034593,0.33333333333333337
pi05_sp_50,r6p3v2_pi05_sp_50_B_r0,r6p3v2_pi05_sp_50_B_r0:eval:6:1,1,6,1,24,120,B,True,696.662,701.384,slow_ambiguous,,0.0,0.1739130434782609,0.16666666666666674,20,2,4,5,0.5,24.534664649598415,0.10526315789473684
pi05_sp_50,r6p3v2_pi05_sp_50_B_r0,r6p3v2_pi05_sp_50_B_r0:eval:6:1,1,6,1,26,130,B,True,666.871,670.084,slow_confirmed,,0.0,0.07391304347826089,0.16666666666666669,20,2,4,5,0.42105263157894735,23.961577099579106,0.0
pi05_sp_50,r6p3v2_pi05_sp_50_B_r0,r6p3v2_pi05_sp_50_B_r0:eval:6:1,1,6,1,28,140,B,True,672.037,675.815,slow_confirmed,,0.10526315789473684,0.0,0.16666666666666663,20,2,4,5,0.4,22.384937526438648,0.34782608695652173
pi05_sp_50,r6p3v2_pi05_sp_50_B_r0,r6p3v2_pi05_sp_50_B_r0:eval:6:1,1,6,1,30,150,B,False,659.066,662.197,ok,,0.29999999999999993,0.0,0.16666666666666663,20,2,4,5,0.4,22.169391043776074,0.26449275362318847
pi05_sp_50,r6p3v2_pi05_sp_50_B_r0,r6p3v2_pi05_sp_50_B_r0:eval:6:1,1,6,1,32,160,B,False,671.24,673.948,ok,,0.25,0.026086956521739035,0.16666666666666663,20,2,4,5,0.5833333333333334,23.052507380917106,0.20434782608695645
pi05_sp_50,r6p3v2_pi05_sp_50_B_r0,r6p3v2_pi05_sp_50_B_r0:eval:6:1,1,6,1,34,170,B,True,681.344,684.459,slow_ambiguous,,0.10526315789473684,0.1739130434782609,0.16666666666666663,20,2,4,5,0.6956521739130435,25.00228950267702,0.30434782608695654
pi05_sp_50,r6p3v2_pi05_sp_50_B_r0,r6p3v2_pi05_sp_50_B_r0:eval:6:1,1,6,1,36,180,B,True,768.259,771.122,slow_confirmed,,0.10000000000000005,0.0,0.16666666666666663,20,2,4,5,0.3,26.047869834830053,0.33333333333333337
pi05_sp_50,r6p3v2_pi05_sp_50_B_r0,r6p3v2_pi05_sp_50_B_r0:eval:6:1,1,6,1,38,190,B,True,679.405,682.417,slow_confirmed,,0.0,0.07391304347826089,0.16666666666666669,20,2,4,5,0.42105263157894735,26.81520654071171,0.0
pi05_sp_50,r6p3v2_pi05_sp_50_B_r0,r6p3v2_pi05_sp_50_B_r0:eval:6:1,1,6,1,40,200,B,True,559.115,562.064,slow_confirmed,,0.0,0.07391304347826089,0.16666666666666663,20,2,4,5,0.5,27.897799649718525,0.0
pi05_sp_50,r6p3v2_pi05_sp_50_B_r0,r6p3v2_pi05_sp_50_B_r0:eval:6:1,1,6,1,42,210,B,True,536.033,538.723,slow_confirmed,,0.0,0.07391304347826089,0.16666666666666663,20,2,4,5,0.5,27.720862189906512,0.0
pi05_sp_50,r6p3v2_pi05_sp_50_B_r0,r6p3v2_pi05_sp_50_B_r0:eval:7:0,1,7,0,0,0,B,False,46.36,49.392,inactive,warming_up,,,,0,2,4,5,,,
pi05_sp_50,r6p3v2_pi05_sp_50_B_r0,r6p3v2_pi05_sp_50_B_r0:eval:7:0,1,7,0,2,10,B,False,31.254,33.17,inactive,warming_up,,,,0,2,4,5,,,
pi05_sp_50,r6p3v2_pi05_sp_50_B_r0,r6p3v2_pi05_sp_50_B_r0:eval:7:0,1,7,0,4,20,B,False,595.94,598.655,ok,,0.16,0.02181818181818182,0.15384615384615385,20,2,4,5,0.0,17.64909810955245,0.09615384615384615
pi05_sp_50,r6p3v2_pi05_sp_50_B_r0,r6p3v2_pi05_sp_50_B_r0:eval:7:0,1,7,0,6,30,B,False,561.094,563.759,ok,,0.1818181818181818,0.02181818181818182,0.15384615384615385,20,2,4,5,0.08,13.983048252039532,0.09615384615384615
pi05_sp_50,r6p3v2_pi05_sp_50_B_r0,r6p3v2_pi05_sp_50_B_r0:eval:7:0,1,7,0,8,40,B,False,573.24,575.756,ok,,0.16666666666666669,0.07575757575757577,0.15384615384615385,20,2,4,5,0.16,15.3711523445025,0.08615384615384619
pi05_sp_50,r6p3v2_pi05_sp_50_B_r0,r6p3v2_pi05_sp_50_B_r0:eval:7:0,1,7,0,10,50,B,False,502.629,505.38,ok,,0.18181818181818182,0.15999999999999998,0.15384615384615385,20,2,4,5,0.2727272727272727,15.289720603161475,0.14102564102564097
pi05_sp_50,r6p3v2_pi05_sp_50_B_r0,r6p3v2_pi05_sp_50_B_r0:eval:7:0,1,7,0,12,60,B,False,544.947,547.653,ok,,0.16000000000000003,0.15999999999999998,0.15384615384615385,20,2,4,5,0.4,14.675283052439278,0.21678321678321683
pi05_sp_50,r6p3v2_pi05_sp_50_B_r0,r6p3v2_pi05_sp_50_B_r0:eval:7:0,1,7,0,14,70,B,False,677.055,680.131,ok,,0.16666666666666663,0.15999999999999998,0.15384615384615385,20,2,4,5,0.45454545454545453,13.723927510417964,0.19272727272727275
pi05_sp_50,r6p3v2_pi05_sp_50_B_r0,r6p3v2_pi05_sp_50_B_r0:eval:7:0,1,7,0,16,80,B,False,642.999,646.12,ok,,0.15384615384615385,0.027972027972027913,0.15384615384615385,20,2,4,5,0.56,13.226694862124992,0.09090909090909094
pi05_sp_50,r6p3v2_pi05_sp_50_B_r0,r6p3v2_pi05_sp_50_B_r0:eval:7:0,1,7,0,18,90,B,False,640.143,643.261,ok,,0.16666666666666674,0.18181818181818182,0.15384615384615385,20,2,4,5,0.6363636363636364,12.737531034626459,0.021818181818181848
pi05_sp_50,r6p3v2_pi05_sp_50_B_r0,r6p3v2_pi05_sp_50_B_r0:eval:7:0,1,7,0,20,100,B,False,576.147,579.264,ok,,0.18181818181818177,0.18181818181818182,0.15384615384615385,20,2,4,5,0.7272727272727273,12.589648010504723,0.07333333333333336
pi05_sp_50,r6p3v2_pi05_sp_50_B_r0,r6p3v2_pi05_sp_50_B_r0:eval:7:0,1,7,0,22,110,B,False,567.249,570.048,ok,,0.16666666666666663,0.18181818181818182,0.15384615384615385,20,2,4,5,0.8181818181818182,13.63945522576121,0.021818181818181848
pi05_sp_50,r6p3v2_pi05_sp_50_B_r0,r6p3v2_pi05_sp_50_B_r0:eval:7:1,1,7,1,0,0,B,False,40.356,42.944,inactive,warming_up,,,,0,2,4,5,,,
pi05_sp_50,r6p3v2_pi05_sp_50_B_r0,r6p3v2_pi05_sp_50_B_r0:eval:7:1,1,7,1,2,10,B,True,27.993,29.811,inactive,warming_up,,,,0,2,4,5,,,
pi05_sp_50,r6p3v2_pi05_sp_50_B_r0,r6p3v2_pi05_sp_50_B_r0:eval:7:1,1,7,1,4,20,B,False,610.934,613.533,ok,,0.16,0.07575757575757577,0.15384615384615385,20,2,4,5,0.0,19.365439097542748,0.02797202797202797
pi05_sp_50,r6p3v2_pi05_sp_50_B_r0,r6p3v2_pi05_sp_50_B_r0:eval:7:1,1,7,1,6,30,B,False,533.299,536.014,ok,,0.1818181818181818,0.07575757575757577,0.15384615384615385,20,2,4,5,0.09090909090909091,16.794205515182004,0.09
pi05_sp_50,r6p3v2_pi05_sp_50_B_r0,r6p3v2_pi05_sp_50_B_r0:eval:7:1,1,7,1,8,40,B,False,538.696,541.272,ok,,0.24000000000000005,0.027972027972027913,0.15384615384615385,20,2,4,5,0.16666666666666666,17.346411636868048,0.09090909090909088
pi05_sp_50,r6p3v2_pi05_sp_50_B_r0,r6p3v2_pi05_sp_50_B_r0:eval:7:1,1,7,1,10,50,B,False,676.232,679.22,ok,,0.24000000000000005,0.027972027972027913,0.15384615384615385,20,2,4,5,0.2727272727272727,16.667525431823652,0.09090909090909088
pi05_sp_50,r6p3v2_pi05_sp_50_B_r0,r6p3v2_pi05_sp_50_B_r0:eval:7:1,1,7,1,12,60,B,False,668.666,671.824,ok,,0.18181818181818182,0.18181818181818182,0.15384615384615385,20,2,4,5,0.4166666666666667,15.173043859874573,0.0733333333333333
pi05_sp_50,r6p3v2_pi05_sp_50_B_r0,r6p3v2_pi05_sp_50_B_r0:eval:7:1,1,7,1,14,70,B,False,675.273,678.135,ok,,0.16666666666666663,0.18181818181818182,0.15384615384615385,20,2,4,5,0.5454545454545454,14.157105251108291,0.11272727272727284
pi05_sp_50,r6p3v2_pi05_sp_50_B_r0,r6p3v2_pi05_sp_50_B_r0:eval:7:1,1,7,1,16,80,B,False,645.441,648.712,ok,,0.18181818181818188,0.10181818181818192,0.15384615384615385,20,2,4,5,0.6363636363636364,14.66169540825731,0.08999999999999997
pi05_sp_50,r6p3v2_pi05_sp_50_B_r0,r6p3v2_pi05_sp_50_B_r0:eval:7:1,1,7,1,18,90,B,False,694.024,697.141,ok,,0.16666666666666663,0.18181818181818182,0.15384615384615385,20,2,4,5,0.7272727272727273,13.947701464374516,0.021818181818181737
pi05_sp_50,r6p3v2_pi05_sp_50_B_r0,r6p3v2_pi05_sp_50_B_r0:eval:7:1,1,7,1,20,100,B,False,743.416,746.416,ok,,0.18181818181818177,0.18181818181818182,0.15384615384615385,20,2,4,5,0.8181818181818182,14.424369849822662,0.1166666666666667
pi05_sp_50,r6p3v2_pi05_sp_50_B_r0,r6p3v2_pi05_sp_50_B_r0:eval:8:0,2,8,0,0,0,B,False,47.536,50.845,inactive,warming_up,,,,0,2,3,4,,,
pi05_sp_50,r6p3v2_pi05_sp_50_B_r0,r6p3v2_pi05_sp_50_B_r0:eval:8:0,2,8,0,2,10,B,False,34.224,36.275,inactive,warming_up,,,,0,2,3,4,,,
pi05_sp_50,r6p3v2_pi05_sp_50_B_r0,r6p3v2_pi05_sp_50_B_r0:eval:8:0,2,8,0,4,20,B,False,705.37,708.66,ok,,0.22222222222222224,0.11111111111111112,0.22222222222222224,20,2,3,4,0.0,28.31277450125575,0.027777777777777762
pi05_sp_50,r6p3v2_pi05_sp_50_B_r0,r6p3v2_pi05_sp_50_B_r0:eval:8:0,2,8,0,6,30,B,False,555.183,558.139,ok,,0.25,0.09722222222222224,0.22222222222222224,20,2,3,4,0.1111111111111111,22.281113884707537,0.11111111111111108
pi05_sp_50,r6p3v2_pi05_sp_50_B_r0,r6p3v2_pi05_sp_50_B_r0:eval:8:0,2,8,0,8,40,B,False,478.9,481.694,ok,,0.22222222222222224,0.09722222222222224,0.22222222222222224,20,2,3,4,0.25,19.075918103902225,0.1388888888888889
pi05_sp_50,r6p3v2_pi05_sp_50_B_r0,r6p3v2_pi05_sp_50_B_r0:eval:8:0,2,8,0,10,50,B,False,448.218,450.879,ok,,0.22222222222222227,0.09722222222222224,0.22222222222222224,20,2,3,4,0.375,17.63146103762021,0.13888888888888884
pi05_sp_50,r6p3v2_pi05_sp_50_B_r0,r6p3v2_pi05_sp_50_B_r0:eval:8:0,2,8,0,12,60,B,False,476.325,478.828,slow_ambiguous,,0.11111111111111116,0.11111111111111112,0.22222222222222224,20,2,3,4,0.4444444444444444,16.969916985972123,0.01388888888888884
pi05_sp_50,r6p3v2_pi05_sp_50_B_r0,r6p3v2_pi05_sp_50_B_r0:eval:8:0,2,8,0,14,70,B,False,566.19,569.01,slow_confirmed,,0.11111111111111105,0.11111111111111112,0.22222222222222224,20,2,3,4,0.5555555555555556,17.227954621135016,0.01388888888888895
pi05_sp_50,r6p3v2_pi05_sp_50_B_r0,r6p3v2_pi05_sp_50_B_r0:eval:8:0,2,8,0,16,80,B,False,506.992,510.055,slow_ambiguous,,0.125,0.09722222222222224,0.22222222222222224,20,2,3,4,0.5555555555555556,17.07433835944522,0.11111111111111119
pi05_sp_50,r6p3v2_pi05_sp_50_B_r0,r6p3v2_pi05_sp_50_B_r0:eval:8:0,2,8,0,18,90,B,False,478.05,480.831,ok,,0.22222222222222224,0.027777777777777762,0.22222222222222224,20,2,3,4,0.6666666666666666,16.504421531285463,0.027777777777777762
pi05_sp_50,r6p3v2_pi05_sp_50_B_r0,r6p3v2_pi05_sp_50_B_r0:eval:8:1,2,8,1,0,0,B,False,40.664,43.377,inactive,warming_up,,,,0,2,3,4,,,
pi05_sp_50,r6p3v2_pi05_sp_50_B_r0,r6p3v2_pi05_sp_50_B_r0:eval:8:1,2,8,1,2,10,B,False,29.521,31.263,inactive,warming_up,,,,0,2,3,4,,,
pi05_sp_50,r6p3v2_pi05_sp_50_B_r0,r6p3v2_pi05_sp_50_B_r0:eval:8:1,2,8,1,4,20,B,False,505.218,507.847,ok,,0.22222222222222224,0.11111111111111112,0.22222222222222224,20,2,3,4,0.0,18.675830074898123,0.027777777777777762
pi05_sp_50,r6p3v2_pi05_sp_50_B_r0,r6p3v2_pi05_sp_50_B_r0:eval:8:1,2,8,1,6,30,B,False,477.891,480.692,ok,,0.22222222222222224,0.09722222222222224,0.22222222222222224,20,2,3,4,0.125,13.244721112436231,0.1388888888888889
pi05_sp_50,r6p3v2_pi05_sp_50_B_r0,r6p3v2_pi05_sp_50_B_r0:eval:8:1,2,8,1,8,40,B,False,525.49,528.355,ok,,0.22222222222222224,0.11111111111111112,0.22222222222222224,20,2,3,4,0.2222222222222222,11.961132881690844,0.027777777777777762
pi05_sp_50,r6p3v2_pi05_sp_50_B_r0,r6p3v2_pi05_sp_50_B_r0:eval:8:1,2,8,1,10,50,B,False,520.977,523.989,ok,,0.22222222222222227,0.11111111111111112,0.22222222222222224,20,2,3,4,0.3333333333333333,11.983735723316633,0.027777777777777735
pi05_sp_50,r6p3v2_pi05_sp_50_B_r0,r6p3v2_pi05_sp_50_B_r0:eval:8:1,2,8,1,12,60,B,False,534.836,537.901,ok,,0.22222222222222224,0.027777777777777762,0.22222222222222224,20,2,3,4,0.4444444444444444,11.715274749397944,0.09722222222222224
pi05_sp_50,r6p3v2_pi05_sp_50_B_r0,r6p3v2_pi05_sp_50_B_r0:eval:8:1,2,8,1,14,70,B,False,484.056,487.547,ok,,0.22222222222222224,0.11111111111111112,0.22222222222222224,20,2,3,4,0.5555555555555556,12.837073112461676,0.0
pi05_sp_50,r6p3v2_pi05_sp_50_B_r0,r6p3v2_pi05_sp_50_B_r0:eval:8:1,2,8,1,16,80,B,False,410.585,413.003,ok,,0.22222222222222224,0.11111111111111112,0.22222222222222224,20,2,3,4,0.6666666666666666,13.578318542881775,0.0
pi05_sp_50,r6p3v2_pi05_sp_50_B_r0,r6p3v2_pi05_sp_50_B_r0:eval:8:1,2,8,1,18,90,B,False,470.115,478.839,ok,,0.22222222222222224,0.027777777777777762,0.22222222222222224,20,2,3,4,0.7777777777777778,13.941385668352746,0.0
pi05_sp_50,r6p3v2_pi05_sp_50_B_r0,r6p3v2_pi05_sp_50_B_r0:eval:9:0,2,9,0,0,0,B,False,70.161,73.445,inactive,warming_up,,,,0,2,4,5,,,
pi05_sp_50,r6p3v2_pi05_sp_50_B_r0,r6p3v2_pi05_sp_50_B_r0:eval:9:0,2,9,0,2,10,B,False,31.815,33.633,inactive,warming_up,,,,0,2,4,5,,,
pi05_sp_50,r6p3v2_pi05_sp_50_B_r0,r6p3v2_pi05_sp_50_B_r0:eval:9:0,2,9,0,4,20,B,False,589.709,591.934,ok,,0.18181818181818182,0.02608695652173909,0.16666666666666669,20,2,4,5,0.0,20.983607286861435,0.026086956521739146
pi05_sp_50,r6p3v2_pi05_sp_50_B_r0,r6p3v2_pi05_sp_50_B_r0:eval:9:0,2,9,0,6,30,B,False,558.257,560.809,ok,,0.1818181818181818,0.02608695652173909,0.16666666666666669,20,2,4,5,0.09090909090909091,17.071055947673834,0.02608695652173912
pi05_sp_50,r6p3v2_pi05_sp_50_B_r0,r6p3v2_pi05_sp_50_B_r0:eval:9:0,2,9,0,8,40,B,False,589.731,592.341,slow_ambiguous,,0.09999999999999998,0.08181818181818185,0.16666666666666663,20,2,4,5,0.18181818181818182,17.583873517196864,0.09090909090909094
pi05_sp_50,r6p3v2_pi05_sp_50_B_r0,r6p3v2_pi05_sp_50_B_r0:eval:9:0,2,9,0,10,50,B,False,583.556,587.156,ok,,0.17391304347826086,0.026086956521739146,0.16666666666666663,20,2,4,5,0.2727272727272727,20.64334019226116,0.08181818181818178
pi05_sp_50,r6p3v2_pi05_sp_50_B_r0,r6p3v2_pi05_sp_50_B_r0:eval:9:0,2,9,0,12,60,B,True,687.94,691.217,slow_ambiguous,,0.09090909090909088,0.1739130434782609,0.16666666666666663,20,2,4,5,0.3,22.269252785682962,0.11304347826086958
pi05_sp_50,r6p3v2_pi05_sp_50_B_r0,r6p3v2_pi05_sp_50_B_r0:eval:9:0,2,9,0,14,70,B,False,705.982,708.948,ok,,0.18181818181818182,0.02608695652173909,0.16666666666666669,20,2,4,5,0.43478260869565216,22.74986267651037,0.026086956521739035
pi05_sp_50,r6p3v2_pi05_sp_50_B_r0,r6p3v2_pi05_sp_50_B_r0:eval:9:0,2,9,0,16,80,B,True,711.784,715.217,ok,,0.18181818181818182,0.07391304347826089,0.16666666666666663,20,2,4,5,0.45454545454545453,20.502650548062423,0.07905138339920947
pi05_sp_50,r6p3v2_pi05_sp_50_B_r0,r6p3v2_pi05_sp_50_B_r0:eval:9:0,2,9,0,18,90,B,True,739.136,742.127,slow_confirmed,,0.0,0.09848484848484851,0.16666666666666663,20,2,4,5,0.6086956521739131,20.838203459417088,0.09999999999999998
pi05_sp_50,r6p3v2_pi05_sp_50_B_r0,r6p3v2_pi05_sp_50_B_r0:eval:9:0,2,9,0,20,100,B,False,700.632,703.638,slow_ambiguous,,0.08333333333333331,0.1739130434782609,0.16666666666666663,20,2,4,5,0.25,22.266119379093436,0.36363636363636365
pi05_sp_50,r6p3v2_pi05_sp_50_B_r0,r6p3v2_pi05_sp_50_B_r0:eval:9:0,2,9,0,22,110,B,False,617.034,620.102,slow_ambiguous,,0.08695652173913043,0.1739130434782609,0.16666666666666663,20,2,4,5,0.2608695652173913,23.22763572245025,0.19999999999999998
pi05_sp_50,r6p3v2_pi05_sp_50_B_r0,r6p3v2_pi05_sp_50_B_r0:eval:9:0,2,9,0,24,120,B,False,660.33,663.649,ok,,0.17391304347826086,0.1739130434782609,0.16666666666666663,20,2,4,5,0.3333333333333333,23.54434543458161,0.2090909090909091
pi05_sp_50,r6p3v2_pi05_sp_50_B_r0,r6p3v2_pi05_sp_50_B_r0:eval:9:0,2,9,0,26,130,B,False,691.989,695.487,ok,,0.2727272727272727,0.1739130434782609,0.16666666666666663,20,2,4,5,0.3,23.577587111597563,0.13913043478260861
pi05_sp_50,r6p3v2_pi05_sp_50_B_r0,r6p3v2_pi05_sp_50_B_r0:eval:9:0,2,9,0,28,140,B,True,686.154,689.775,slow_ambiguous,,0.09999999999999998,0.08181818181818179,0.16666666666666663,20,2,4,5,0.45454545454545453,24.070941703755796,0.09486166007905134
pi05_sp_50,r6p3v2_pi05_sp_50_B_r0,r6p3v2_pi05_sp_50_B_r0:eval:9:0,2,9,0,30,150,B,True,538.824,541.584,slow_ambiguous,,0.0,0.1739130434782609,0.16666666666666663,20,2,4,5,0.6363636363636364,26.219466674135035,0.36363636363636365
pi05_sp_50,r6p3v2_pi05_sp_50_B_r0,r6p3v2_pi05_sp_50_B_r0:eval:9:0,2,9,0,32,160,B,False,580.218,583.243,ok,,0.18181818181818182,0.1739130434782609,0.16666666666666663,20,2,4,5,0.2727272727272727,28.031000338535634,0.36363636363636365
pi05_sp_50,r6p3v2_pi05_sp_50_B_r0,r6p3v2_pi05_sp_50_B_r0:eval:9:0,2,9,0,34,170,B,True,502.783,505.312,ok,,0.18181818181818182,0.1739130434782609,0.16666666666666663,20,2,4,5,0.2727272727272727,27.62007139809053,0.12608695652173912
pi05_sp_50,r6p3v2_pi05_sp_50_B_r0,r6p3v2_pi05_sp_50_B_r0:eval:9:0,2,9,0,36,180,B,False,637.362,640.096,ok,,0.18181818181818182,0.1739130434782609,0.16666666666666663,20,2,4,5,0.4,26.56137202908573,0.34387351778656133
pi05_sp_50,r6p3v2_pi05_sp_50_B_r0,r6p3v2_pi05_sp_50_B_r0:eval:9:0,2,9,0,38,190,B,False,570.605,573.485,ok,,0.2000000000000001,0.1739130434782609,0.16666666666666663,20,2,4,5,0.45454545454545453,25.68118430911151,0.16600790513833996
pi05_sp_50,r6p3v2_pi05_sp_50_B_r0,r6p3v2_pi05_sp_50_B_r0:eval:9:0,2,9,0,40,200,B,True,535.611,538.134,ok,,0.4545454545454546,0.1739130434782609,0.16666666666666663,20,2,4,5,0.34782608695652173,26.011221029520538,0.11067193675889331
pi05_sp_50,r6p3v2_pi05_sp_50_B_r0,r6p3v2_pi05_sp_50_B_r0:eval:9:0,2,9,0,42,210,B,True,543.758,546.375,slow_ambiguous,,0.0,0.1739130434782609,0.16666666666666663,20,2,4,5,0.4,26.530513754540426,0.6363636363636364
pi05_sp_50,r6p3v2_pi05_sp_50_B_r0,r6p3v2_pi05_sp_50_B_r0:eval:9:1,2,9,1,0,0,B,False,52.377,55.477,inactive,warming_up,,,,0,2,4,5,,,
pi05_sp_50,r6p3v2_pi05_sp_50_B_r0,r6p3v2_pi05_sp_50_B_r0:eval:9:1,2,9,1,2,10,B,False,30.188,32.028,inactive,warming_up,,,,0,2,4,5,,,
pi05_sp_50,r6p3v2_pi05_sp_50_B_r0,r6p3v2_pi05_sp_50_B_r0:eval:9:1,2,9,1,4,20,B,False,712.8,715.373,ok,,0.18181818181818182,0.02608695652173909,0.16666666666666669,20,2,4,5,0.0,25.112101138347466,0.026086956521739146
pi05_sp_50,r6p3v2_pi05_sp_50_B_r0,r6p3v2_pi05_sp_50_B_r0:eval:9:1,2,9,1,6,30,B,False,666.271,669.377,ok,,0.1818181818181818,0.02608695652173909,0.16666666666666669,20,2,4,5,0.09090909090909091,22.826479715144615,0.02608695652173912
pi05_sp_50,r6p3v2_pi05_sp_50_B_r0,r6p3v2_pi05_sp_50_B_r0:eval:9:1,2,9,1,8,40,B,False,613.804,616.73,slow_ambiguous,,0.09999999999999998,0.08181818181818185,0.16666666666666663,20,2,4,5,0.18181818181818182,23.254968690186516,0.09090909090909094
pi05_sp_50,r6p3v2_pi05_sp_50_B_r0,r6p3v2_pi05_sp_50_B_r0:eval:9:1,2,9,1,10,50,B,False,574.024,576.661,slow_ambiguous,,0.10000000000000005,0.08181818181818179,0.16666666666666663,20,2,4,5,0.2727272727272727,21.373083846046274,0.09486166007905139
pi05_sp_50,r6p3v2_pi05_sp_50_B_r0,r6p3v2_pi05_sp_50_B_r0:eval:9:1,2,9,1,12,60,B,False,562.797,576.827,ok,,0.18181818181818177,0.02608695652173909,0.16666666666666669,20,2,4,5,0.3,20.153874837949697,0.026086956521739146
pi05_sp_50,r6p3v2_pi05_sp_50_B_r0,r6p3v2_pi05_sp_50_B_r0:eval:9:1,2,9,1,14,70,B,False,656.43,659.265,ok,,0.18181818181818182,0.1739130434782609,0.16666666666666663,20,2,4,5,0.4,18.709190018368957,0.20909090909090905
pi05_sp_50,r6p3v2_pi05_sp_50_B_r0,r6p3v2_pi05_sp_50_B_r0:eval:9:1,2,9,1,16,80,B,False,578.693,581.445,ok,,0.17391304347826086,0.02608695652173909,0.16666666666666669,20,2,4,5,0.5217391304347826,19.155752432803798,0.033333333333333326
pi05_sp_50,r6p3v2_pi05_sp_50_B_r0,r6p3v2_pi05_sp_50_B_r0:eval:9:1,2,9,1,18,90,B,False,539.408,541.978,ok,,0.16666666666666674,0.07391304347826089,0.16666666666666663,20,2,4,5,0.6363636363636364,18.349076975687613,0.08181818181818179
pi05_sp_50,r6p3v2_pi05_sp_50_B_r0,r6p3v2_pi05_sp_50_B_r0:eval:9:1,2,9,1,20,100,B,False,561.768,564.261,ok,,0.17391304347826086,0.02608695652173909,0.16666666666666663,20,2,4,5,0.7,17.661097796602494,0.033333333333333465
pi05_sp_50,r6p3v2_pi05_sp_50_B_r0,r6p3v2_pi05_sp_50_B_r0:eval:9:1,2,9,1,22,110,B,True,545.012,547.553,ok,,0.16666666666666663,0.1739130434782609,0.16666666666666663,20,2,4,5,0.8,17.664859897284057,0.12648221343873525
pi05_sp_50,r6p3v2_pi05_sp_50_B_r1,r6p3v2_pi05_sp_50_B_r1:eval:0:0,1,0,0,0,0,B,False,48.865,52.419,inactive,warming_up,,,,0,2,4,5,,,
pi05_sp_50,r6p3v2_pi05_sp_50_B_r1,r6p3v2_pi05_sp_50_B_r1:eval:0:0,1,0,0,2,10,B,False,37.197,39.554,inactive,warming_up,,,,0,2,4,5,,,
pi05_sp_50,r6p3v2_pi05_sp_50_B_r1,r6p3v2_pi05_sp_50_B_r1:eval:0:0,1,0,0,4,20,B,False,734.157,737.203,ok,,0.25,0.17435897435897435,0.25,20,2,4,5,0.125,15.63509525631695,0.17435897435897438
pi05_sp_50,r6p3v2_pi05_sp_50_B_r1,r6p3v2_pi05_sp_50_B_r1:eval:0:0,1,0,0,6,30,B,False,688.223,691.658,ok,,0.2666666666666667,0.17435897435897435,0.25,20,2,4,5,0.13333333333333333,12.40844136785354,0.1826923076923077
pi05_sp_50,r6p3v2_pi05_sp_50_B_r1,r6p3v2_pi05_sp_50_B_r1:eval:0:0,1,0,0,8,40,B,False,703.544,706.757,ok,,0.25,0.14166666666666672,0.25,20,2,4,5,0.375,11.978111392801408,0.13333333333333336
pi05_sp_50,r6p3v2_pi05_sp_50_B_r1,r6p3v2_pi05_sp_50_B_r1:eval:0:0,1,0,0,10,50,B,False,635.426,638.53,ok,,0.2666666666666666,0.0410256410256411,0.25,20,2,4,5,0.4,12.42748199123271,0.05769230769230771
pi05_sp_50,r6p3v2_pi05_sp_50_B_r1,r6p3v2_pi05_sp_50_B_r1:eval:0:0,1,0,0,12,60,B,False,606.036,609.86,ok,,0.2666666666666667,0.0410256410256411,0.25,20,2,4,5,0.5333333333333333,12.818942518014493,0.05769230769230771
pi05_sp_50,r6p3v2_pi05_sp_50_B_r1,r6p3v2_pi05_sp_50_B_r1:eval:0:0,1,0,0,14,70,B,False,655.528,658.662,ok,,0.25,0.0410256410256411,0.25,20,2,4,5,0.6666666666666666,13.678997136765425,0.10256410256410262
pi05_sp_50,r6p3v2_pi05_sp_50_B_r1,r6p3v2_pi05_sp_50_B_r1:eval:0:1,1,0,1,0,0,B,False,44.358,46.946,inactive,warming_up,,,,0,2,4,5,,,
pi05_sp_50,r6p3v2_pi05_sp_50_B_r1,r6p3v2_pi05_sp_50_B_r1:eval:0:1,1,0,1,2,10,B,False,32.498,34.386,inactive,warming_up,,,,0,2,4,5,,,
pi05_sp_50,r6p3v2_pi05_sp_50_B_r1,r6p3v2_pi05_sp_50_B_r1:eval:0:1,1,0,1,4,20,B,False,589.389,592.027,ok,,0.26666666666666666,0.14166666666666672,0.25,20,2,4,5,0.0,12.869101016924295,0.125
pi05_sp_50,r6p3v2_pi05_sp_50_B_r1,r6p3v2_pi05_sp_50_B_r1:eval:0:1,1,0,1,6,30,B,False,531.694,534.39,ok,,0.25,0.05769230769230771,0.25,20,2,4,5,0.125,10.481774093467509,0.01666666666666672
pi05_sp_50,r6p3v2_pi05_sp_50_B_r1,r6p3v2_pi05_sp_50_B_r1:eval:0:1,1,0,1,8,40,B,False,592.476,595.582,ok,,0.26666666666666666,0.14166666666666672,0.25,20,2,4,5,0.26666666666666666,10.351110333805506,0.125
pi05_sp_50,r6p3v2_pi05_sp_50_B_r1,r6p3v2_pi05_sp_50_B_r1:eval:0:1,1,0,1,10,50,B,False,582.294,585.374,ok,,0.2666666666666666,0.14166666666666672,0.25,20,2,4,5,0.375,10.635146108124308,0.125
pi05_sp_50,r6p3v2_pi05_sp_50_B_r1,r6p3v2_pi05_sp_50_B_r1:eval:0:1,1,0,1,12,60,B,False,525.632,528.261,ok,,0.25,0.05769230769230771,0.25,20,2,4,5,0.5333333333333333,11.21508733986011,0.01666666666666672
pi05_sp_50,r6p3v2_pi05_sp_50_B_r1,r6p3v2_pi05_sp_50_B_r1:eval:0:1,1,0,1,14,70,B,False,525.262,527.926,ok,,0.25,0.0410256410256411,0.25,20,2,4,5,0.6666666666666666,10.251968621432491,0.10256410256410262
pi05_sp_50,r6p3v2_pi05_sp_50_B_r1,r6p3v2_pi05_sp_50_B_r1:eval:1:0,1,1,0,0,0,B,False,46.292,49.619,inactive,warming_up,,,,0,2,4,5,,,
pi05_sp_50,r6p3v2_pi05_sp_50_B_r1,r6p3v2_pi05_sp_50_B_r1:eval:1:0,1,1,0,2,10,B,False,31.676,33.666,inactive,warming_up,,,,0,2,4,5,,,
pi05_sp_50,r6p3v2_pi05_sp_50_B_r1,r6p3v2_pi05_sp_50_B_r1:eval:1:0,1,1,0,4,20,B,False,614.116,617.075,ok,,0.18181818181818182,0.07391304347826082,0.17391304347826086,20,2,4,5,0.0,13.856116191847311,0.026086956521739146
pi05_sp_50,r6p3v2_pi05_sp_50_B_r1,r6p3v2_pi05_sp_50_B_r1:eval:1:0,1,1,0,6,30,B,False,683.904,686.985,ok,,0.1818181818181818,0.009523809523809518,0.17391304347826086,20,2,4,5,0.09090909090909091,10.214766767746395,0.02608695652173912
pi05_sp_50,r6p3v2_pi05_sp_50_B_r1,r6p3v2_pi05_sp_50_B_r1:eval:1:0,1,1,0,8,40,B,False,671.171,673.915,ok,,0.18181818181818182,0.07391304347826082,0.17391304347826086,20,2,4,5,0.18181818181818182,10.398434119787881,0.026086956521739146
pi05_sp_50,r6p3v2_pi05_sp_50_B_r1,r6p3v2_pi05_sp_50_B_r1:eval:1:0,1,1,0,10,50,B,False,611.806,615.305,ok,,0.18181818181818182,0.08181818181818178,0.17391304347826086,20,2,4,5,0.2727272727272727,11.47680762318837,0.026086956521739146
pi05_sp_50,r6p3v2_pi05_sp_50_B_r1,r6p3v2_pi05_sp_50_B_r1:eval:1:0,1,1,0,12,60,B,False,577.641,580.46,ok,,0.17391304347826086,0.09047619047619049,0.17391304347826086,20,2,4,5,0.36363636363636365,11.888779579977864,0.09047619047619049
pi05_sp_50,r6p3v2_pi05_sp_50_B_r1,r6p3v2_pi05_sp_50_B_r1:eval:1:0,1,1,0,14,70,B,False,591.011,593.735,ok,,0.17391304347826092,0.09047619047619049,0.17391304347826086,20,2,4,5,0.45454545454545453,12.13497200442391,0.09047619047619049
pi05_sp_50,r6p3v2_pi05_sp_50_B_r1,r6p3v2_pi05_sp_50_B_r1:eval:1:0,1,1,0,16,80,B,False,632.429,635.556,ok,,0.19047619047619047,0.052700922266139635,0.1739130434782609,20,2,4,5,0.5454545454545454,10.786486559696533,0.018181818181818077
pi05_sp_50,r6p3v2_pi05_sp_50_B_r1,r6p3v2_pi05_sp_50_B_r1:eval:1:0,1,1,0,18,90,B,False,574.389,577.211,ok,,0.19047619047619047,0.05714285714285705,0.1739130434782609,20,2,4,5,0.6363636363636364,10.387752402492293,0.018181818181818216
pi05_sp_50,r6p3v2_pi05_sp_50_B_r1,r6p3v2_pi05_sp_50_B_r1:eval:1:0,1,1,0,20,100,B,False,560.314,562.944,ok,,0.18181818181818177,0.05714285714285705,0.1739130434782609,20,2,4,5,0.7,9.962530211452924,0.02608695652173923
pi05_sp_50,r6p3v2_pi05_sp_50_B_r1,r6p3v2_pi05_sp_50_B_r1:eval:1:0,1,1,0,22,110,B,False,537.779,540.299,slow_ambiguous,,0.17391304347826086,0.05714285714285705,0.1739130434782609,20,2,4,5,0.8,10.351925680772176,0.05714285714285705
pi05_sp_50,r6p3v2_pi05_sp_50_B_r1,r6p3v2_pi05_sp_50_B_r1:eval:1:1,1,1,1,0,0,B,False,43.196,46.357,inactive,warming_up,,,,0,2,4,5,,,
pi05_sp_50,r6p3v2_pi05_sp_50_B_r1,r6p3v2_pi05_sp_50_B_r1:eval:1:1,1,1,1,2,10,B,False,29.55,31.46,inactive,warming_up,,,,0,2,4,5,,,
pi05_sp_50,r6p3v2_pi05_sp_50_B_r1,r6p3v2_pi05_sp_50_B_r1:eval:1:1,1,1,1,4,20,B,False,740.2,743.284,ok,,0.18181818181818182,0.07391304347826082,0.17391304347826086,20,2,4,5,0.0,15.203351665911555,0.026086956521739146
pi05_sp_50,r6p3v2_pi05_sp_50_B_r1,r6p3v2_pi05_sp_50_B_r1:eval:1:1,1,1,1,6,30,B,False,649.088,653.22,ok,,0.1818181818181818,0.009523809523809518,0.17391304347826086,20,2,4,5,0.09090909090909091,11.060554358688476,0.02608695652173912
pi05_sp_50,r6p3v2_pi05_sp_50_B_r1,r6p3v2_pi05_sp_50_B_r1:eval:1:1,1,1,1,8,40,B,False,657.545,660.568,ok,,0.19047619047619047,0.08181818181818178,0.17391304347826086,20,2,4,5,0.18181818181818182,10.943022444019634,0.09881422924901184
pi05_sp_50,r6p3v2_pi05_sp_50_B_r1,r6p3v2_pi05_sp_50_B_r1:eval:1:1,1,1,1,10,50,B,False,735.003,738.504,ok,,0.2,0.09523809523809523,0.17391304347826086,20,2,4,5,0.2727272727272727,11.124857586277203,0.08225108225108224
pi05_sp_50,r6p3v2_pi05_sp_50_B_r1,r6p3v2_pi05_sp_50_B_r1:eval:1:1,1,1,1,12,60,B,False,686.572,689.725,ok,,0.19999999999999996,0.09047619047619049,0.17391304347826086,20,2,4,5,0.38095238095238093,12.047923583122033,0.09523809523809523
pi05_sp_50,r6p3v2_pi05_sp_50_B_r1,r6p3v2_pi05_sp_50_B_r1:eval:1:1,1,1,1,14,70,B,False,649.542,652.618,ok,,0.18181818181818188,0.052700922266139635,0.1739130434782609,20,2,4,5,0.5217391304347826,12.960917608235002,0.02608695652173909
pi05_sp_50,r6p3v2_pi05_sp_50_B_r1,r6p3v2_pi05_sp_50_B_r1:eval:1:1,1,1,1,16,80,B,False,661.062,664.279,ok,,0.18181818181818188,0.05714285714285705,0.1739130434782609,20,2,4,5,0.6086956521739131,13.839397520598382,0.02608695652173923
pi05_sp_50,r6p3v2_pi05_sp_50_B_r1,r6p3v2_pi05_sp_50_B_r1:eval:1:1,1,1,1,18,90,B,False,730.06,733.055,ok,,0.18181818181818177,0.05714285714285705,0.1739130434782609,20,2,4,5,0.7,14.770142843341475,0.02608695652173923
pi05_sp_50,r6p3v2_pi05_sp_50_B_r1,r6p3v2_pi05_sp_50_B_r1:eval:1:1,1,1,1,20,100,B,False,744.125,747.129,slow_ambiguous,,0.17391304347826086,0.05714285714285705,0.1739130434782609,20,2,4,5,0.8,14.758385154584344,0.05714285714285705
pi05_sp_50,r6p3v2_pi05_sp_50_B_r1,r6p3v2_pi05_sp_50_B_r1:eval:2:0,1,2,0,0,0,B,False,55.953,59.432,inactive,warming_up,,,,0,2,4,5,,,
pi05_sp_50,r6p3v2_pi05_sp_50_B_r1,r6p3v2_pi05_sp_50_B_r1:eval:2:0,1,2,0,2,10,B,False,33.33,35.301,inactive,warming_up,,,,0,2,4,5,,,
pi05_sp_50,r6p3v2_pi05_sp_50_B_r1,r6p3v2_pi05_sp_50_B_r1:eval:2:0,1,2,0,4,20,B,False,684.008,686.716,ok,,0.22222222222222224,0.09941520467836255,0.2,20,2,4,5,0.0,12.472301632336345,0.011695906432748565
pi05_sp_50,r6p3v2_pi05_sp_50_B_r1,r6p3v2_pi05_sp_50_B_r1:eval:2:0,1,2,0,6,30,B,False,549.691,552.397,ok,,0.22222222222222224,0.09941520467836255,0.19999999999999998,20,2,4,5,0.10526315789473684,9.567158363717644,0.08947368421052637
pi05_sp_50,r6p3v2_pi05_sp_50_B_r1,r6p3v2_pi05_sp_50_B_r1:eval:2:0,1,2,0,8,40,B,False,535.263,537.812,ok,,0.22222222222222224,0.09941520467836255,0.2,20,2,4,5,0.2222222222222222,10.074288180406262,0.07777777777777775
pi05_sp_50,r6p3v2_pi05_sp_50_B_r1,r6p3v2_pi05_sp_50_B_r1:eval:2:0,1,2,0,10,50,B,False,515.172,517.824,ok,,0.22222222222222227,0.08888888888888889,0.2,20,2,4,5,0.3333333333333333,10.274883408394253,0.02222222222222231
pi05_sp_50,r6p3v2_pi05_sp_50_B_r1,r6p3v2_pi05_sp_50_B_r1:eval:2:0,1,2,0,12,60,B,False,558.308,561.024,slow_ambiguous,,0.11111111111111116,0.1169590643274854,0.19999999999999996,20,2,4,5,0.4444444444444444,12.532966768996182,0.12222222222222226
pi05_sp_50,r6p3v2_pi05_sp_50_B_r1,r6p3v2_pi05_sp_50_B_r1:eval:2:0,1,2,0,14,70,B,False,564.501,567.274,ok,,0.22222222222222224,0.09941520467836262,0.19999999999999996,20,2,4,5,0.5555555555555556,13.631531748711154,0.21578947368421053
pi05_sp_50,r6p3v2_pi05_sp_50_B_r1,r6p3v2_pi05_sp_50_B_r1:eval:2:0,1,2,0,16,80,B,False,616.252,619.191,ok,,0.22222222222222224,0.11111111111111119,0.19999999999999996,20,2,4,5,0.631578947368421,14.926740442576524,0.11111111111111102
pi05_sp_50,r6p3v2_pi05_sp_50_B_r1,r6p3v2_pi05_sp_50_B_r1:eval:2:0,1,2,0,18,90,B,True,605.738,608.812,slow_ambiguous,,0.11111111111111105,0.11111111111111119,0.19999999999999996,20,2,4,5,0.7777777777777778,15.112084048305091,0.11111111111111119
pi05_sp_50,r6p3v2_pi05_sp_50_B_r1,r6p3v2_pi05_sp_50_B_r1:eval:2:1,1,2,1,0,0,B,False,46.444,49.556,inactive,warming_up,,,,0,2,4,5,,,
pi05_sp_50,r6p3v2_pi05_sp_50_B_r1,r6p3v2_pi05_sp_50_B_r1:eval:2:1,1,2,1,2,10,B,False,31.931,33.802,inactive,warming_up,,,,0,2,4,5,,,
pi05_sp_50,r6p3v2_pi05_sp_50_B_r1,r6p3v2_pi05_sp_50_B_r1:eval:2:1,1,2,1,4,20,B,False,559.939,562.654,ok,,0.21052631578947367,0.09941520467836255,0.2,20,2,4,5,0.0,11.687958725088768,0.022222222222222227
pi05_sp_50,r6p3v2_pi05_sp_50_B_r1,r6p3v2_pi05_sp_50_B_r1:eval:2:1,1,2,1,6,30,B,False,615.541,618.696,ok,,0.22222222222222224,0.09941520467836255,0.19999999999999998,20,2,4,5,0.10526315789473684,9.283909276776923,0.08947368421052637
pi05_sp_50,r6p3v2_pi05_sp_50_B_r1,r6p3v2_pi05_sp_50_B_r1:eval:2:1,1,2,1,8,40,B,False,573.036,576.016,ok,,0.22222222222222224,0.09941520467836255,0.2,20,2,4,5,0.2222222222222222,9.299744758583595,0.07777777777777775
pi05_sp_50,r6p3v2_pi05_sp_50_B_r1,r6p3v2_pi05_sp_50_B_r1:eval:2:1,1,2,1,10,50,B,False,497.883,500.751,ok,,0.22222222222222227,0.08888888888888889,0.2,20,2,4,5,0.3333333333333333,9.633474153029828,0.02222222222222231
pi05_sp_50,r6p3v2_pi05_sp_50_B_r1,r6p3v2_pi05_sp_50_B_r1:eval:2:1,1,2,1,12,60,B,False,523.845,526.462,slow_ambiguous,,0.11111111111111116,0.1169590643274854,0.19999999999999996,20,2,4,5,0.4444444444444444,11.30413354309024,0.12222222222222226
pi05_sp_50,r6p3v2_pi05_sp_50_B_r1,r6p3v2_pi05_sp_50_B_r1:eval:2:1,1,2,1,14,70,B,False,554.241,556.951,ok,,0.22222222222222224,0.09941520467836251,0.2000000000000001,20,2,4,5,0.5555555555555556,11.552910343270542,0.011695906432748565
pi05_sp_50,r6p3v2_pi05_sp_50_B_r1,r6p3v2_pi05_sp_50_B_r1:eval:2:1,1,2,1,16,80,B,False,582.191,584.936,ok,,0.22222222222222224,0.11111111111111119,0.19999999999999996,20,2,4,5,0.631578947368421,12.775879229866797,0.11111111111111102
pi05_sp_50,r6p3v2_pi05_sp_50_B_r1,r6p3v2_pi05_sp_50_B_r1:eval:2:1,1,2,1,18,90,B,True,559.771,562.77,slow_ambiguous,,0.11111111111111105,0.11111111111111119,0.19999999999999996,20,2,4,5,0.7777777777777778,12.601668820218636,0.12222222222222226
pi05_sp_50,r6p3v2_pi05_sp_50_B_r1,r6p3v2_pi05_sp_50_B_r1:eval:3:0,1,3,0,0,0,B,False,47.106,50.551,inactive,warming_up,,,,0,2,4,5,,,
pi05_sp_50,r6p3v2_pi05_sp_50_B_r1,r6p3v2_pi05_sp_50_B_r1:eval:3:0,1,3,0,2,10,B,False,40.813,42.936,inactive,warming_up,,,,0,2,4,5,,,
pi05_sp_50,r6p3v2_pi05_sp_50_B_r1,r6p3v2_pi05_sp_50_B_r1:eval:3:0,1,3,0,4,20,B,False,778.731,781.573,ok,,0.25,0.0,0.25,20,2,4,5,0.0,16.974191855818543,0.0
pi05_sp_50,r6p3v2_pi05_sp_50_B_r1,r6p3v2_pi05_sp_50_B_r1:eval:3:0,1,3,0,6,30,B,False,675.21,678.724,ok,,0.25,0.0,0.25,20,2,4,5,0.125,12.697057924981294,0.0
pi05_sp_50,r6p3v2_pi05_sp_50_B_r1,r6p3v2_pi05_sp_50_B_r1:eval:3:0,1,3,0,8,40,B,False,599.263,602.35,ok,,0.25,0.0,0.25,20,2,4,5,0.25,12.150889655009074,0.0
pi05_sp_50,r6p3v2_pi05_sp_50_B_r1,r6p3v2_pi05_sp_50_B_r1:eval:3:0,1,3,0,10,50,B,False,609.144,612.077,ok,,0.25,0.0,0.25,20,2,4,5,0.375,12.48669469318331,0.0
pi05_sp_50,r6p3v2_pi05_sp_50_B_r1,r6p3v2_pi05_sp_50_B_r1:eval:3:0,1,3,0,12,60,B,False,615.018,618.121,ok,,0.25,0.0,0.25,20,2,4,5,0.5,12.84162927603228,0.0
pi05_sp_50,r6p3v2_pi05_sp_50_B_r1,r6p3v2_pi05_sp_50_B_r1:eval:3:0,1,3,0,14,70,B,False,686.3,689.687,ok,,0.25,0.0,0.25,20,2,4,5,0.625,12.859818017593021,0.0
pi05_sp_50,r6p3v2_pi05_sp_50_B_r1,r6p3v2_pi05_sp_50_B_r1:eval:3:0,1,3,0,16,80,B,False,700.747,703.973,ok,,0.25,0.0,0.25,20,2,4,5,0.75,13.628590883113494,0.0
pi05_sp_50,r6p3v2_pi05_sp_50_B_r1,r6p3v2_pi05_sp_50_B_r1:eval:3:1,1,3,1,0,0,B,False,57.664,60.787,inactive,warming_up,,,,0,2,4,5,,,
pi05_sp_50,r6p3v2_pi05_sp_50_B_r1,r6p3v2_pi05_sp_50_B_r1:eval:3:1,1,3,1,2,10,B,False,33.197,35.149,inactive,warming_up,,,,0,2,4,5,,,
pi05_sp_50,r6p3v2_pi05_sp_50_B_r1,r6p3v2_pi05_sp_50_B_r1:eval:3:1,1,3,1,4,20,B,False,641.01,643.598,ok,,0.25,0.0,0.25,20,2,4,5,0.0,16.617940868793983,0.0
pi05_sp_50,r6p3v2_pi05_sp_50_B_r1,r6p3v2_pi05_sp_50_B_r1:eval:3:1,1,3,1,6,30,B,False,566.356,569.134,ok,,0.25,0.0,0.25,20,2,4,5,0.125,13.868203596810288,0.0
pi05_sp_50,r6p3v2_pi05_sp_50_B_r1,r6p3v2_pi05_sp_50_B_r1:eval:3:1,1,3,1,8,40,B,False,535.916,538.47,ok,,0.25,0.0,0.25,20,2,4,5,0.25,13.879873844715137,0.0
pi05_sp_50,r6p3v2_pi05_sp_50_B_r1,r6p3v2_pi05_sp_50_B_r1:eval:3:1,1,3,1,10,50,B,False,546.841,549.309,ok,,0.25,0.0,0.25,20,2,4,5,0.375,14.965050723026797,0.0
pi05_sp_50,r6p3v2_pi05_sp_50_B_r1,r6p3v2_pi05_sp_50_B_r1:eval:3:1,1,3,1,12,60,B,False,537.705,540.321,ok,,0.25,0.0,0.25,20,2,4,5,0.5,15.618866271932566,0.0
pi05_sp_50,r6p3v2_pi05_sp_50_B_r1,r6p3v2_pi05_sp_50_B_r1:eval:3:1,1,3,1,14,70,B,False,535.027,537.594,ok,,0.25,0.0,0.25,20,2,4,5,0.625,15.171662669007267,0.0
pi05_sp_50,r6p3v2_pi05_sp_50_B_r1,r6p3v2_pi05_sp_50_B_r1:eval:3:1,1,3,1,16,80,B,False,571.549,574.483,ok,,0.25,0.125,0.25,20,2,4,5,0.75,15.57876335944963,0.125
pi05_sp_50,r6p3v2_pi05_sp_50_B_r1,r6p3v2_pi05_sp_50_B_r1:eval:4:0,1,4,0,0,0,B,False,56.599,59.846,inactive,warming_up,,,,0,2,4,5,,,
pi05_sp_50,r6p3v2_pi05_sp_50_B_r1,r6p3v2_pi05_sp_50_B_r1:eval:4:0,1,4,0,2,10,B,False,33.307,35.336,inactive,warming_up,,,,0,2,4,5,,,
pi05_sp_50,r6p3v2_pi05_sp_50_B_r1,r6p3v2_pi05_sp_50_B_r1:eval:4:0,1,4,0,4,20,B,False,673.109,676.062,ok,,0.16666666666666666,0.0757575757575758,0.15384615384615385,20,2,4,5,0.0,15.22540584054371,0.07076923076923078
pi05_sp_50,r6p3v2_pi05_sp_50_B_r1,r6p3v2_pi05_sp_50_B_r1:eval:4:0,1,4,0,6,30,B,False,582.174,584.674,ok,,0.16666666666666669,0.021818181818181792,0.15384615384615385,20,2,4,5,0.08333333333333333,10.994159431732868,0.02181818181818182
pi05_sp_50,r6p3v2_pi05_sp_50_B_r1,r6p3v2_pi05_sp_50_B_r1:eval:4:0,1,4,0,8,40,B,False,600.441,603.277,ok,,0.16666666666666666,0.021818181818181792,0.15384615384615385,20,2,4,5,0.16666666666666666,11.037678527798134,0.02181818181818182
pi05_sp_50,r6p3v2_pi05_sp_50_B_r1,r6p3v2_pi05_sp_50_B_r1:eval:4:0,1,4,0,10,50,B,False,595.612,598.428,ok,,0.16666666666666669,0.021818181818181792,0.15384615384615385,20,2,4,5,0.25,10.786579119805964,0.021818181818181792
pi05_sp_50,r6p3v2_pi05_sp_50_B_r1,r6p3v2_pi05_sp_50_B_r1:eval:4:0,1,4,0,12,60,B,False,575.311,577.798,ok,,0.15999999999999998,0.0757575757575758,0.1538461538461538,20,2,4,5,0.3333333333333333,11.554047902478189,0.08300395256916998
pi05_sp_50,r6p3v2_pi05_sp_50_B_r1,r6p3v2_pi05_sp_50_B_r1:eval:4:0,1,4,0,14,70,B,False,537.88,540.467,ok,,0.16000000000000003,0.0757575757575758,0.1538461538461538,20,2,4,5,0.4166666666666667,11.455038840547289,0.08300395256917004
pi05_sp_50,r6p3v2_pi05_sp_50_B_r1,r6p3v2_pi05_sp_50_B_r1:eval:4:0,1,4,0,16,80,B,False,569.383,571.869,ok,,0.16666666666666663,0.06909090909090909,0.1538461538461538,20,2,4,5,0.48,10.580170297054798,0.11272727272727273
pi05_sp_50,r6p3v2_pi05_sp_50_B_r1,r6p3v2_pi05_sp_50_B_r1:eval:4:0,1,4,0,18,90,B,False,566.706,569.254,ok,,0.15999999999999992,0.021818181818181792,0.15384615384615385,20,2,4,5,0.5833333333333334,9.224609269082,0.02006688963210701
pi05_sp_50,r6p3v2_pi05_sp_50_B_r1,r6p3v2_pi05_sp_50_B_r1:eval:4:0,1,4,0,20,100,B,False,653.492,656.42,ok,,0.16666666666666674,0.0757575757575758,0.15384615384615385,20,2,4,5,0.6666666666666666,8.800260120034734,0.08615384615384614
pi05_sp_50,r6p3v2_pi05_sp_50_B_r1,r6p3v2_pi05_sp_50_B_r1:eval:4:0,1,4,0,22,110,B,False,685.793,689.216,ok,,0.16666666666666663,0.0757575757575758,0.15384615384615385,20,2,4,5,0.75,9.519569399504768,0.08615384615384614
pi05_sp_50,r6p3v2_pi05_sp_50_B_r1,r6p3v2_pi05_sp_50_B_r1:eval:4:0,1,4,0,24,120,B,False,777.756,791.232,slow_ambiguous,,0.12,0.0757575757575758,0.1538461538461538,20,2,4,5,0.8461538461538461,10.337548323696232,0.08974358974358965
pi05_sp_50,r6p3v2_pi05_sp_50_B_r1,r6p3v2_pi05_sp_50_B_r1:eval:4:1,1,4,1,0,0,B,False,46.108,49.633,inactive,warming_up,,,,0,2,4,5,,,
pi05_sp_50,r6p3v2_pi05_sp_50_B_r1,r6p3v2_pi05_sp_50_B_r1:eval:4:1,1,4,1,2,10,B,False,33.914,36.068,inactive,warming_up,,,,0,2,4,5,,,
pi05_sp_50,r6p3v2_pi05_sp_50_B_r1,r6p3v2_pi05_sp_50_B_r1:eval:4:1,1,4,1,4,20,B,False,706.751,709.555,ok,,0.16,0.021818181818181792,0.15384615384615385,20,2,4,5,0.0,14.384141127909858,0.02797202797202797
pi05_sp_50,r6p3v2_pi05_sp_50_B_r1,r6p3v2_pi05_sp_50_B_r1:eval:4:1,1,4,1,6,30,B,False,643.314,646.462,ok,,0.15384615384615385,0.0757575757575758,0.15384615384615385,20,2,4,5,0.08,11.067580098933881,0.07575757575757577
pi05_sp_50,r6p3v2_pi05_sp_50_B_r1,r6p3v2_pi05_sp_50_B_r1:eval:4:1,1,4,1,8,40,B,False,685.438,689.178,ok,,0.15384615384615385,0.0757575757575758,0.15384615384615385,20,2,4,5,0.16,11.244474902257371,0.07575757575757577
pi05_sp_50,r6p3v2_pi05_sp_50_B_r1,r6p3v2_pi05_sp_50_B_r1:eval:4:1,1,4,1,10,50,B,False,706.406,709.942,ok,,0.16000000000000003,0.021818181818181792,0.15384615384615385,20,2,4,5,0.23076923076923078,11.642763735632348,0.02797202797202797
pi05_sp_50,r6p3v2_pi05_sp_50_B_r1,r6p3v2_pi05_sp_50_B_r1:eval:4:1,1,4,1,12,60,B,False,644.286,651.864,ok,,0.15384615384615385,0.0757575757575758,0.1538461538461538,20,2,4,5,0.3076923076923077,13.006359756949708,0.09848484848484845
pi05_sp_50,r6p3v2_pi05_sp_50_B_r1,r6p3v2_pi05_sp_50_B_r1:eval:4:1,1,4,1,14,70,B,False,581.657,584.358,ok,,0.16000000000000003,0.021818181818181792,0.15384615384615385,20,2,4,5,0.38461538461538464,15.365567588624634,0.02797202797202797
pi05_sp_50,r6p3v2_pi05_sp_50_B_r1,r6p3v2_pi05_sp_50_B_r1:eval:4:1,1,4,1,16,80,B,False,650.188,653.165,ok,,0.24999999999999994,0.0757575757575758,0.15384615384615385,20,2,4,5,0.43478260869565216,18.641764783220793,0.04195804195804201
pi05_sp_50,r6p3v2_pi05_sp_50_B_r1,r6p3v2_pi05_sp_50_B_r1:eval:4:1,1,4,1,18,90,B,False,606.974,609.635,ok,,0.17391304347826086,0.0757575757575758,0.15384615384615385,20,2,4,5,0.5454545454545454,21.074512888128904,0.06410256410256421
pi05_sp_50,r6p3v2_pi05_sp_50_B_r1,r6p3v2_pi05_sp_50_B_r1:eval:4:1,1,4,1,20,100,B,False,548.469,551.154,ok,,0.16666666666666674,0.0757575757575758,0.1538461538461538,20,2,4,5,0.6666666666666666,22.791899642405202,0.08615384615384614
pi05_sp_50,r6p3v2_pi05_sp_50_B_r1,r6p3v2_pi05_sp_50_B_r1:eval:4:1,1,4,1,22,110,B,False,534.626,537.213,ok,,0.17391304347826086,0.07304347826086965,0.15384615384615385,20,2,4,5,0.75,23.85421233265744,0.12615384615384617
pi05_sp_50,r6p3v2_pi05_sp_50_B_r1,r6p3v2_pi05_sp_50_B_r1:eval:4:1,1,4,1,24,120,B,True,582.594,585.186,slow_ambiguous,,0.12,0.0757575757575758,0.1538461538461538,20,2,4,5,0.8461538461538461,22.5849015761507,0.08974358974358965
pi05_sp_50,r6p3v2_pi05_sp_50_B_r1,r6p3v2_pi05_sp_50_B_r1:eval:4:1,1,4,1,26,130,B,True,563.763,566.33,slow_confirmed,,0.0,0.0757575757575758,0.1538461538461538,20,2,4,5,0.9565217391304348,21.908857115673516,0.09090909090909094
pi05_sp_50,r6p3v2_pi05_sp_50_B_r1,r6p3v2_pi05_sp_50_B_r1:eval:4:1,1,4,1,28,140,B,True,552.421,555.047,slow_confirmed,,0.0,0.0757575757575758,0.15384615384615385,20,2,4,5,1.0,21.266696282593045,0.07692307692307687
pi05_sp_50,r6p3v2_pi05_sp_50_B_r1,r6p3v2_pi05_sp_50_B_r1:eval:4:1,1,4,1,30,150,B,True,576.703,579.651,slow_confirmed,,0.0,0.0757575757575758,0.15384615384615385,20,2,4,5,1.0,22.870306705996153,0.0
pi05_sp_50,r6p3v2_pi05_sp_50_B_r1,r6p3v2_pi05_sp_50_B_r1:eval:4:1,1,4,1,32,160,B,True,620.963,623.962,slow_confirmed,,0.0,0.0757575757575758,0.15384615384615385,20,2,4,5,1.0,23.958784465594693,0.0
pi05_sp_50,r6p3v2_pi05_sp_50_B_r1,r6p3v2_pi05_sp_50_B_r1:eval:4:1,1,4,1,34,170,B,True,652.877,655.818,slow_confirmed,,0.0,0.0757575757575758,0.15384615384615385,20,2,4,5,0.9090909090909091,25.013488928811302,0.0
pi05_sp_50,r6p3v2_pi05_sp_50_B_r1,r6p3v2_pi05_sp_50_B_r1:eval:4:1,1,4,1,36,180,B,True,589.793,592.918,slow_confirmed,,0.0,0.021818181818181792,0.15384615384615385,20,2,4,5,0.32,24.88579114261977,0.0
pi05_sp_50,r6p3v2_pi05_sp_50_B_r1,r6p3v2_pi05_sp_50_B_r1:eval:4:1,1,4,1,38,190,B,False,579.81,582.581,slow_confirmed,,0.0,0.0757575757575758,0.1538461538461538,20,2,4,5,0.32,25.546806241458295,0.08000000000000002
pi05_sp_50,r6p3v2_pi05_sp_50_B_r1,r6p3v2_pi05_sp_50_B_r1:eval:4:1,1,4,1,40,200,B,False,599.934,602.783,ok,,0.15384615384615385,0.06909090909090909,0.1538461538461538,20,2,4,5,0.3076923076923077,26.736631487318295,0.6482213438735178
pi05_sp_50,r6p3v2_pi05_sp_50_B_r1,r6p3v2_pi05_sp_50_B_r1:eval:4:1,1,4,1,42,210,B,False,584.882,587.815,ok,,0.6923076923076923,0.06909090909090909,0.1538461538461538,20,2,4,5,0.24,26.44307597383474,0.15151515151515138
pi05_sp_50,r6p3v2_pi05_sp_50_B_r1,r6p3v2_pi05_sp_50_B_r1:eval:5:0,1,5,0,0,0,B,False,47.12,49.812,inactive,warming_up,,,,0,2,4,5,,,
pi05_sp_50,r6p3v2_pi05_sp_50_B_r1,r6p3v2_pi05_sp_50_B_r1:eval:5:0,1,5,0,2,10,B,False,32.239,34.039,inactive,warming_up,,,,0,2,4,5,,,
pi05_sp_50,r6p3v2_pi05_sp_50_B_r1,r6p3v2_pi05_sp_50_B_r1:eval:5:0,1,5,0,4,20,B,False,544.405,546.972,ok,,0.22222222222222224,0.013071895424836583,0.22222222222222224,20,2,4,5,0.0,24.487347438053945,0.013071895424836583
pi05_sp_50,r6p3v2_pi05_sp_50_B_r1,r6p3v2_pi05_sp_50_B_r1:eval:5:0,1,5,0,6,30,B,False,540.317,543.045,ok,,0.22222222222222224,0.013071895424836583,0.22222222222222224,20,2,4,5,0.1111111111111111,19.483588947024042,0.013071895424836583
pi05_sp_50,r6p3v2_pi05_sp_50_B_r1,r6p3v2_pi05_sp_50_B_r1:eval:5:0,1,5,0,8,40,B,False,624.164,627.141,ok,,0.22222222222222224,0.013071895424836583,0.22222222222222224,20,2,4,5,0.2222222222222222,17.474593548681806,0.013071895424836583
pi05_sp_50,r6p3v2_pi05_sp_50_B_r1,r6p3v2_pi05_sp_50_B_r1:eval:5:0,1,5,0,10,50,B,False,685.174,688.18,ok,,0.22222222222222227,0.11111111111111108,0.22222222222222224,20,2,4,5,0.3333333333333333,17.24580006116727,0.013071895424836555
pi05_sp_50,r6p3v2_pi05_sp_50_B_r1,r6p3v2_pi05_sp_50_B_r1:eval:5:0,1,5,0,12,60,B,False,666.082,669.488,ok,,0.22222222222222224,0.04575163398692808,0.22222222222222224,20,2,4,5,0.4444444444444444,17.67269541440156,0.013071895424836638
pi05_sp_50,r6p3v2_pi05_sp_50_B_r1,r6p3v2_pi05_sp_50_B_r1:eval:5:0,1,5,0,14,70,B,False,642.885,645.918,ok,,0.22222222222222224,0.11111111111111108,0.22222222222222224,20,2,4,5,0.5555555555555556,18.299316111503696,0.013071895424836555
pi05_sp_50,r6p3v2_pi05_sp_50_B_r1,r6p3v2_pi05_sp_50_B_r1:eval:5:0,1,5,0,16,80,B,True,712.314,715.319,ok,,0.22222222222222224,0.04575163398692808,0.22222222222222224,20,2,4,5,0.6666666666666666,18.333799408875056,0.11764705882352947
pi05_sp_50,r6p3v2_pi05_sp_50_B_r1,r6p3v2_pi05_sp_50_B_r1:eval:5:0,1,5,0,18,90,B,False,704.431,707.672,slow_ambiguous,,0.17647058823529416,0.04575163398692808,0.22222222222222224,20,2,4,5,0.7777777777777778,18.33399354291541,0.04575163398692808
pi05_sp_50,r6p3v2_pi05_sp_50_B_r1,r6p3v2_pi05_sp_50_B_r1:eval:5:0,1,5,0,20,100,B,True,620.937,624.666,slow_confirmed,,0.11111111111111116,0.04575163398692808,0.22222222222222224,20,2,4,5,0.8888888888888888,19.133407912644387,0.11764705882352944
pi05_sp_50,r6p3v2_pi05_sp_50_B_r1,r6p3v2_pi05_sp_50_B_r1:eval:5:0,1,5,0,22,110,B,True,645.26,648.308,slow_confirmed,,0.0,0.11111111111111108,0.22222222222222224,20,2,4,5,1.0,20.76757994048737,0.0
pi05_sp_50,r6p3v2_pi05_sp_50_B_r1,r6p3v2_pi05_sp_50_B_r1:eval:5:0,1,5,0,24,120,B,True,651.376,654.714,slow_confirmed,,0.0,0.04575163398692808,0.22222222222222224,20,2,4,5,0.9411764705882353,23.579205575439953,0.05882352941176472
pi05_sp_50,r6p3v2_pi05_sp_50_B_r1,r6p3v2_pi05_sp_50_B_r1:eval:5:0,1,5,0,26,130,B,False,648.861,652.011,slow_confirmed,,0.0,0.11111111111111108,0.22222222222222224,20,2,4,5,1.0,25.37585537148645,0.0
pi05_sp_50,r6p3v2_pi05_sp_50_B_r1,r6p3v2_pi05_sp_50_B_r1:eval:5:0,1,5,0,28,140,B,True,577.838,591.001,slow_confirmed,,0.0,0.04575163398692808,0.22222222222222224,20,2,4,5,0.9411764705882353,28.82167746493265,0.05882352941176472
pi05_sp_50,r6p3v2_pi05_sp_50_B_r1,r6p3v2_pi05_sp_50_B_r1:eval:5:0,1,5,0,30,150,B,True,604.566,607.629,slow_confirmed,,0.0,0.11111111111111108,0.22222222222222224,20,2,4,5,1.0,30.893332192626488,0.0
pi05_sp_50,r6p3v2_pi05_sp_50_B_r1,r6p3v2_pi05_sp_50_B_r1:eval:5:0,1,5,0,32,160,B,True,554.696,557.626,slow_confirmed,,0.0,0.11111111111111108,0.22222222222222224,20,2,4,5,1.0,36.61476302136976,0.0
pi05_sp_50,r6p3v2_pi05_sp_50_B_r1,r6p3v2_pi05_sp_50_B_r1:eval:5:0,1,5,0,34,170,B,True,525.1,527.644,slow_confirmed,,0.0,0.11111111111111108,0.22222222222222224,20,2,4,5,1.0,39.96062364992235,0.0
pi05_sp_50,r6p3v2_pi05_sp_50_B_r1,r6p3v2_pi05_sp_50_B_r1:eval:5:0,1,5,0,36,180,B,True,553.314,555.916,slow_confirmed,,0.0,0.11111111111111108,0.22222222222222224,20,2,4,5,1.0,44.320403973802506,0.0
pi05_sp_50,r6p3v2_pi05_sp_50_B_r1,r6p3v2_pi05_sp_50_B_r1:eval:5:0,1,5,0,38,190,B,True,536.489,539.222,slow_confirmed,,0.0,0.11111111111111108,0.22222222222222224,20,2,4,5,1.0,44.67210150909884,0.0
pi05_sp_50,r6p3v2_pi05_sp_50_B_r1,r6p3v2_pi05_sp_50_B_r1:eval:5:0,1,5,0,40,200,B,True,507.614,510.365,slow_confirmed,,0.0,0.04575163398692808,0.22222222222222224,20,2,4,5,0.9411764705882353,44.68106098088677,0.33333333333333337
pi05_sp_50,r6p3v2_pi05_sp_50_B_r1,r6p3v2_pi05_sp_50_B_r1:eval:5:0,1,5,0,42,210,B,True,533.941,536.587,slow_confirmed,,0.0,0.11111111111111108,0.22222222222222224,20,2,4,5,1.0,44.38219894450674,0.0
pi05_sp_50,r6p3v2_pi05_sp_50_B_r1,r6p3v2_pi05_sp_50_B_r1:eval:5:1,1,5,1,0,0,B,False,47.065,50.19,inactive,warming_up,,,,0,2,4,5,,,
pi05_sp_50,r6p3v2_pi05_sp_50_B_r1,r6p3v2_pi05_sp_50_B_r1:eval:5:1,1,5,1,2,10,B,False,35.921,37.949,inactive,warming_up,,,,0,2,4,5,,,
pi05_sp_50,r6p3v2_pi05_sp_50_B_r1,r6p3v2_pi05_sp_50_B_r1:eval:5:1,1,5,1,4,20,B,False,686.532,689.714,ok,,0.22222222222222224,0.013071895424836583,0.22222222222222224,20,2,4,5,0.0,25.184342512397507,0.013071895424836583
pi05_sp_50,r6p3v2_pi05_sp_50_B_r1,r6p3v2_pi05_sp_50_B_r1:eval:5:1,1,5,1,6,30,B,False,611.886,615.373,ok,,0.22222222222222224,0.013071895424836583,0.22222222222222224,20,2,4,5,0.1111111111111111,20.638184880657935,0.013071895424836583
pi05_sp_50,r6p3v2_pi05_sp_50_B_r1,r6p3v2_pi05_sp_50_B_r1:eval:5:1,1,5,1,8,40,B,False,607.896,611.007,ok,,0.22222222222222224,0.013071895424836583,0.22222222222222224,20,2,4,5,0.2222222222222222,19.113519001642853,0.013071895424836583
pi05_sp_50,r6p3v2_pi05_sp_50_B_r1,r6p3v2_pi05_sp_50_B_r1:eval:5:1,1,5,1,10,50,B,False,545.809,559.262,ok,,0.22222222222222227,0.11111111111111108,0.22222222222222224,20,2,4,5,0.3333333333333333,18.854932106475903,0.013071895424836555
pi05_sp_50,r6p3v2_pi05_sp_50_B_r1,r6p3v2_pi05_sp_50_B_r1:eval:5:1,1,5,1,12,60,B,False,585.027,588.007,ok,,0.22222222222222224,0.04575163398692808,0.22222222222222224,20,2,4,5,0.4444444444444444,19.088255887683516,0.013071895424836638
pi05_sp_50,r6p3v2_pi05_sp_50_B_r1,r6p3v2_pi05_sp_50_B_r1:eval:5:1,1,5,1,14,70,B,False,552.365,555.144,ok,,0.22222222222222224,0.11111111111111108,0.22222222222222224,20,2,4,5,0.5555555555555556,18.877385115845644,0.013071895424836555
pi05_sp_50,r6p3v2_pi05_sp_50_B_r1,r6p3v2_pi05_sp_50_B_r1:eval:5:1,1,5,1,16,80,B,False,523.971,526.681,ok,,0.22222222222222224,0.11111111111111108,0.22222222222222224,20,2,4,5,0.6666666666666666,17.998285377255907,0.013071895424836555
pi05_sp_50,r6p3v2_pi05_sp_50_B_r1,r6p3v2_pi05_sp_50_B_r1:eval:6:0,1,6,0,0,0,B,False,58.674,61.644,inactive,warming_up,,,,0,2,4,5,,,
pi05_sp_50,r6p3v2_pi05_sp_50_B_r1,r6p3v2_pi05_sp_50_B_r1:eval:6:0,1,6,0,2,10,B,False,29.375,31.219,inactive,warming_up,,,,0,2,4,5,,,
pi05_sp_50,r6p3v2_pi05_sp_50_B_r1,r6p3v2_pi05_sp_50_B_r1:eval:6:0,1,6,0,4,20,B,False,740.506,743.148,ok,,0.17391304347826086,0.04385964912280699,0.16666666666666663,20,2,4,5,0.0,12.667905659321358,0.033333333333333354
pi05_sp_50,r6p3v2_pi05_sp_50_B_r1,r6p3v2_pi05_sp_50_B_r1:eval:6:0,1,6,0,6,30,B,False,697.106,700.049,ok,,0.17391304347826086,0.06666666666666671,0.16666666666666669,20,2,4,5,0.08695652173913043,9.462638804399582,0.0333333333333333
pi05_sp_50,r6p3v2_pi05_sp_50_B_r1,r6p3v2_pi05_sp_50_B_r1:eval:6:0,1,6,0,8,40,B,False,749.695,752.583,ok,,0.17391304347826086,0.04385964912280699,0.16666666666666663,20,2,4,5,0.17391304347826086,9.316794906283713,0.033333333333333354
pi05_sp_50,r6p3v2_pi05_sp_50_B_r1,r6p3v2_pi05_sp_50_B_r1:eval:6:0,1,6,0,10,50,B,False,630.223,633.343,ok,,0.2,0.0,0.16666666666666663,20,2,4,5,0.2608695652173913,9.351900240152688,0.1594202898550725
pi05_sp_50,r6p3v2_pi05_sp_50_B_r1,r6p3v2_pi05_sp_50_B_r1:eval:6:0,1,6,0,12,60,B,False,746.224,749.001,ok,,0.19999999999999996,0.04385964912280699,0.16666666666666663,20,2,4,5,0.34782608695652173,11.245515986688046,0.15942028985507245
pi05_sp_50,r6p3v2_pi05_sp_50_B_r1,r6p3v2_pi05_sp_50_B_r1:eval:6:0,1,6,0,14,70,B,False,686.575,689.679,ok,,0.17391304347826092,0.06666666666666665,0.16666666666666674,20,2,4,5,0.5,14.131518408666146,0.1166666666666667
pi05_sp_50,r6p3v2_pi05_sp_50_B_r1,r6p3v2_pi05_sp_50_B_r1:eval:6:0,1,6,0,16,80,B,False,641.555,644.504,ok,,0.16666666666666674,0.1739130434782609,0.16666666666666674,20,2,4,5,0.6,17.488883646215353,0.09473684210526326
pi05_sp_50,r6p3v2_pi05_sp_50_B_r1,r6p3v2_pi05_sp_50_B_r1:eval:6:0,1,6,0,18,90,B,True,706.028,709.007,slow_ambiguous,,0.10000000000000009,0.07391304347826089,0.16666666666666674,20,2,4,5,0.6666666666666666,20.491556029849658,0.07971014492753636
pi05_sp_50,r6p3v2_pi05_sp_50_B_r1,r6p3v2_pi05_sp_50_B_r1:eval:6:0,1,6,0,20,100,B,False,730.573,734.331,slow_ambiguous,,0.0,0.1739130434782609,0.16666666666666663,20,2,4,5,0.7368421052631579,22.554511324680487,0.30434782608695654
pi05_sp_50,r6p3v2_pi05_sp_50_B_r1,r6p3v2_pi05_sp_50_B_r1:eval:6:0,1,6,0,22,110,B,True,681.229,684.349,slow_ambiguous,,0.0,0.1739130434782609,0.16666666666666663,20,2,4,5,0.6956521739130435,23.827608003995334,0.30434782608695654
pi05_sp_50,r6p3v2_pi05_sp_50_B_r1,r6p3v2_pi05_sp_50_B_r1:eval:6:0,1,6,0,24,120,B,True,625.364,628.189,slow_confirmed,,0.0,0.026086956521739035,0.16666666666666663,20,2,4,5,0.5833333333333334,24.11268360787466,0.4
pi05_sp_50,r6p3v2_pi05_sp_50_B_r1,r6p3v2_pi05_sp_50_B_r1:eval:6:0,1,6,0,26,130,B,False,663.674,666.605,slow_confirmed,,0.0,0.026086956521739035,0.16666666666666663,20,2,4,5,0.5833333333333334,25.855858839817177,0.4
pi05_sp_50,r6p3v2_pi05_sp_50_B_r1,r6p3v2_pi05_sp_50_B_r1:eval:6:0,1,6,0,28,140,B,True,572.32,575.046,slow_ambiguous,,0.0,0.1739130434782609,0.16666666666666663,20,2,4,5,0.3157894736842105,27.25578028192611,0.10526315789473684
pi05_sp_50,r6p3v2_pi05_sp_50_B_r1,r6p3v2_pi05_sp_50_B_r1:eval:6:0,1,6,0,30,150,B,True,567.734,570.441,slow_ambiguous,,0.0,0.1739130434782609,0.16666666666666663,20,2,4,5,0.42105263157894735,29.171744795038027,0.10000000000000005
pi05_sp_50,r6p3v2_pi05_sp_50_B_r1,r6p3v2_pi05_sp_50_B_r1:eval:6:0,1,6,0,32,160,B,True,531.825,534.406,slow_ambiguous,,0.0,0.1739130434782609,0.16666666666666663,20,2,4,5,0.4166666666666667,29.208843754440476,0.10000000000000005
pi05_sp_50,r6p3v2_pi05_sp_50_B_r1,r6p3v2_pi05_sp_50_B_r1:eval:6:0,1,6,0,34,170,B,False,571.214,574.035,slow_confirmed,,0.08695652173913043,0.06666666666666665,0.16666666666666674,20,2,4,5,0.4,29.72284080631984,0.1271929824561403
pi05_sp_50,r6p3v2_pi05_sp_50_B_r1,r6p3v2_pi05_sp_50_B_r1:eval:6:0,1,6,0,36,180,B,True,548.801,551.509,ok,,0.21052631578947367,0.0,0.16666666666666663,20,2,4,5,0.4,29.47633501174076,0.48550724637681164
pi05_sp_50,r6p3v2_pi05_sp_50_B_r1,r6p3v2_pi05_sp_50_B_r1:eval:6:0,1,6,0,38,190,B,True,532.021,534.86,slow_confirmed,,0.0,0.0,0.16666666666666663,20,2,4,5,0.43478260869565216,30.005313537607606,0.5652173913043479
pi05_sp_50,r6p3v2_pi05_sp_50_B_r1,r6p3v2_pi05_sp_50_B_r1:eval:6:0,1,6,0,40,200,B,True,609.305,612.377,slow_confirmed,,0.0,0.07391304347826089,0.16666666666666663,20,2,4,5,0.42105263157894735,30.557559602925448,0.08695652173913043
pi05_sp_50,r6p3v2_pi05_sp_50_B_r1,r6p3v2_pi05_sp_50_B_r1:eval:6:0,1,6,0,42,210,B,True,602.992,605.947,slow_ambiguous,,0.08333333333333326,0.1739130434782609,0.16666666666666663,20,2,4,5,0.43478260869565216,30.813709148168865,0.09999999999999998
pi05_sp_50,r6p3v2_pi05_sp_50_B_r1,r6p3v2_pi05_sp_50_B_r1:eval:6:1,1,6,1,0,0,B,False,45.037,47.994,inactive,warming_up,,,,0,2,4,5,,,
pi05_sp_50,r6p3v2_pi05_sp_50_B_r1,r6p3v2_pi05_sp_50_B_r1:eval:6:1,1,6,1,2,10,B,False,30.658,32.587,inactive,warming_up,,,,0,2,4,5,,,
pi05_sp_50,r6p3v2_pi05_sp_50_B_r1,r6p3v2_pi05_sp_50_B_r1:eval:6:1,1,6,1,4,20,B,False,555.567,557.863,slow_ambiguous,,0.16666666666666666,0.1739130434782609,0.16666666666666674,20,2,4,5,0.0,23.17247281273275,0.11304347826086958
pi05_sp_50,r6p3v2_pi05_sp_50_B_r1,r6p3v2_pi05_sp_50_B_r1:eval:6:1,1,6,1,6,30,B,False,653.436,656.347,ok,,0.16666666666666669,0.1739130434782609,0.16666666666666663,20,2,4,5,0.08695652173913043,18.435202681744997,0.1
pi05_sp_50,r6p3v2_pi05_sp_50_B_r1,r6p3v2_pi05_sp_50_B_r1:eval:6:1,1,6,1,8,40,B,False,548.307,550.936,ok,,0.21052631578947367,0.07391304347826089,0.16666666666666663,20,2,4,5,0.16666666666666666,17.069960397117622,0.060869565217391286
pi05_sp_50,r6p3v2_pi05_sp_50_B_r1,r6p3v2_pi05_sp_50_B_r1:eval:6:1,1,6,1,10,50,B,True,490.624,493.29,ok,,0.21052631578947367,0.0,0.16666666666666663,20,2,4,5,0.2608695652173913,15.698569142337044,0.1594202898550725
pi05_sp_50,r6p3v2_pi05_sp_50_B_r1,r6p3v2_pi05_sp_50_B_r1:eval:6:1,1,6,1,12,60,B,False,576.638,579.364,ok,,0.19999999999999996,0.07391304347826089,0.16666666666666663,20,2,4,5,0.4,15.307199216338306,0.07608695652173908
pi05_sp_50,r6p3v2_pi05_sp_50_B_r1,r6p3v2_pi05_sp_50_B_r1:eval:6:1,1,6,1,14,70,B,False,565.315,567.848,ok,,0.17391304347826092,0.07391304347826089,0.16666666666666663,20,2,4,5,0.5,16.494771341535962,0.04385964912280704
pi05_sp_50,r6p3v2_pi05_sp_50_B_r1,r6p3v2_pi05_sp_50_B_r1:eval:6:1,1,6,1,16,80,B,False,612.237,614.829,ok,,0.16666666666666674,0.1739130434782609,0.16666666666666674,20,2,4,5,0.6,19.930358098455617,0.09473684210526326
pi05_sp_50,r6p3v2_pi05_sp_50_B_r1,r6p3v2_pi05_sp_50_B_r1:eval:6:1,1,6,1,18,90,B,False,655.384,669.205,slow_ambiguous,,0.10526315789473684,0.1739130434782609,0.16666666666666663,20,2,4,5,0.7,22.748833796927553,0.16086956521739115
pi05_sp_50,r6p3v2_pi05_sp_50_B_r1,r6p3v2_pi05_sp_50_B_r1:eval:6:1,1,6,1,20,100,B,False,680.216,683.263,ok,,0.17391304347826086,0.1739130434782609,0.16666666666666663,20,2,4,5,0.7368421052631579,24.28510315332271,0.1798245614035089
pi05_sp_50,r6p3v2_pi05_sp_50_B_r1,r6p3v2_pi05_sp_50_B_r1:eval:6:1,1,6,1,22,110,B,False,705.128,708.429,slow_ambiguous,,0.13043478260869568,0.1739130434782609,0.16666666666666674,20,2,4,5,0.8421052631578947,24.384975619174046,0.11666666666666659
pi05_sp_50,r6p3v2_pi05_sp_50_B_r1,r6p3v2_pi05_sp_50_B_r1:eval:6:1,1,6,1,24,120,B,True,705.58,708.655,slow_confirmed,,0.0,0.06666666666666665,0.16666666666666674,20,2,4,5,0.4166666666666667,24.95581253355351,0.13043478260869568
pi05_sp_50,r6p3v2_pi05_sp_50_B_r1,r6p3v2_pi05_sp_50_B_r1:eval:6:1,1,6,1,26,130,B,True,735.132,738.156,slow_confirmed,,0.0,0.07391304347826089,0.16666666666666669,20,2,4,5,0.4166666666666667,25.988705451934774,0.0
pi05_sp_50,r6p3v2_pi05_sp_50_B_r1,r6p3v2_pi05_sp_50_B_r1:eval:6:1,1,6,1,28,140,B,True,639.951,643.343,slow_confirmed,,0.0,0.0,0.16666666666666663,20,2,4,5,0.4166666666666667,27.878144155130794,0.5833333333333333
pi05_sp_50,r6p3v2_pi05_sp_50_B_r1,r6p3v2_pi05_sp_50_B_r1:eval:6:1,1,6,1,30,150,B,True,666.064,679.029,slow_confirmed,,0.0,0.07391304347826089,0.16666666666666669,20,2,4,5,0.4166666666666667,29.283823245183488,0.0
pi05_sp_50,r6p3v2_pi05_sp_50_B_r1,r6p3v2_pi05_sp_50_B_r1:eval:6:1,1,6,1,32,160,B,True,722.356,725.558,slow_confirmed,,0.0,0.07391304347826089,0.16666666666666669,20,2,4,5,0.4166666666666667,32.09353628554271,0.0
pi05_sp_50,r6p3v2_pi05_sp_50_B_r1,r6p3v2_pi05_sp_50_B_r1:eval:6:1,1,6,1,34,170,B,True,698.679,702.258,slow_confirmed,,0.0,0.07391304347826089,0.16666666666666669,20,2,4,5,0.4166666666666667,34.54015300345753,0.0
pi05_sp_50,r6p3v2_pi05_sp_50_B_r1,r6p3v2_pi05_sp_50_B_r1:eval:6:1,1,6,1,36,180,B,True,653.48,656.311,slow_ambiguous,,0.0,0.1739130434782609,0.16666666666666663,20,2,4,5,0.3157894736842105,35.847744692657805,0.10526315789473684
pi05_sp_50,r6p3v2_pi05_sp_50_B_r1,r6p3v2_pi05_sp_50_B_r1:eval:6:1,1,6,1,38,190,B,False,634.062,636.788,slow_confirmed,,0.0,0.07391304347826089,0.16666666666666663,20,2,4,5,0.4,37.100489883890376,0.08695652173913043
pi05_sp_50,r6p3v2_pi05_sp_50_B_r1,r6p3v2_pi05_sp_50_B_r1:eval:6:1,1,6,1,40,200,B,False,604.838,607.574,slow_confirmed,,0.0,0.0,0.16666666666666663,20,2,4,5,0.4,38.702324758665725,0.16666666666666669
pi05_sp_50,r6p3v2_pi05_sp_50_B_r1,r6p3v2_pi05_sp_50_B_r1:eval:6:1,1,6,1,42,210,B,True,551.833,554.429,slow_confirmed,,0.0,0.0,0.16666666666666663,20,2,4,5,0.4166666666666667,40.93260444770705,0.5652173913043479
pi05_sp_50,r6p3v2_pi05_sp_50_B_r1,r6p3v2_pi05_sp_50_B_r1:eval:7:0,1,7,0,0,0,B,False,47.571,50.684,inactive,warming_up,,,,0,2,4,5,,,
pi05_sp_50,r6p3v2_pi05_sp_50_B_r1,r6p3v2_pi05_sp_50_B_r1:eval:7:0,1,7,0,2,10,B,False,40.414,42.294,inactive,warming_up,,,,0,2,4,5,,,
pi05_sp_50,r6p3v2_pi05_sp_50_B_r1,r6p3v2_pi05_sp_50_B_r1:eval:7:0,1,7,0,4,20,B,False,659.935,662.573,ok,,0.16,0.07575757575757577,0.15384615384615385,20,2,4,5,0.0,17.234538138224636,0.02797202797202797
pi05_sp_50,r6p3v2_pi05_sp_50_B_r1,r6p3v2_pi05_sp_50_B_r1:eval:7:0,1,7,0,6,30,B,False,588.808,591.448,ok,,0.1818181818181818,0.02181818181818182,0.15384615384615385,20,2,4,5,0.08333333333333333,12.985668561925953,0.09615384615384615
pi05_sp_50,r6p3v2_pi05_sp_50_B_r1,r6p3v2_pi05_sp_50_B_r1:eval:7:0,1,7,0,8,40,B,False,603.18,608.238,ok,,0.18181818181818182,0.07575757575757577,0.15384615384615385,20,2,4,5,0.16666666666666666,13.581324884487694,0.06818181818181818
pi05_sp_50,r6p3v2_pi05_sp_50_B_r1,r6p3v2_pi05_sp_50_B_r1:eval:7:0,1,7,0,10,50,B,False,656.423,659.472,ok,,0.18181818181818182,0.15999999999999998,0.15384615384615385,20,2,4,5,0.2727272727272727,13.332342892269423,0.14102564102564097
pi05_sp_50,r6p3v2_pi05_sp_50_B_r1,r6p3v2_pi05_sp_50_B_r1:eval:7:0,1,7,0,12,60,B,False,626.156,628.982,ok,,0.16666666666666669,0.18181818181818182,0.15384615384615385,20,2,4,5,0.38461538461538464,13.107699508353946,0.07076923076923075
pi05_sp_50,r6p3v2_pi05_sp_50_B_r1,r6p3v2_pi05_sp_50_B_r1:eval:7:0,1,7,0,14,70,B,False,617.246,620.126,ok,,0.15999999999999992,0.18181818181818182,0.15384615384615385,20,2,4,5,0.5,12.857494624486918,0.02797202797202797
pi05_sp_50,r6p3v2_pi05_sp_50_B_r1,r6p3v2_pi05_sp_50_B_r1:eval:7:0,1,7,0,16,80,B,False,508.68,511.327,ok,,0.15384615384615385,0.18181818181818182,0.15384615384615385,20,2,4,5,0.56,12.835571629428435,0.14909090909090905
pi05_sp_50,r6p3v2_pi05_sp_50_B_r1,r6p3v2_pi05_sp_50_B_r1:eval:7:0,1,7,0,18,90,B,False,571.172,573.931,ok,,0.16666666666666674,0.18181818181818182,0.15384615384615385,20,2,4,5,0.6363636363636364,12.49342002359107,0.027972027972028024
pi05_sp_50,r6p3v2_pi05_sp_50_B_r1,r6p3v2_pi05_sp_50_B_r1:eval:7:0,1,7,0,20,100,B,False,681.54,684.24,ok,,0.16666666666666663,0.18181818181818182,0.15384615384615385,20,2,4,5,0.7272727272727273,11.634482378127005,0.027972027972027913
pi05_sp_50,r6p3v2_pi05_sp_50_B_r1,r6p3v2_pi05_sp_50_B_r1:eval:7:0,1,7,0,22,110,B,False,543.901,546.525,ok,,0.16666666666666663,0.18181818181818182,0.15384615384615385,20,2,4,5,0.8181818181818182,11.143819503385744,0.10489510489510478
pi05_sp_50,r6p3v2_pi05_sp_50_B_r1,r6p3v2_pi05_sp_50_B_r1:eval:7:1,1,7,1,0,0,B,False,46.037,49.299,inactive,warming_up,,,,0,2,4,5,,,
pi05_sp_50,r6p3v2_pi05_sp_50_B_r1,r6p3v2_pi05_sp_50_B_r1:eval:7:1,1,7,1,2,10,B,False,30.911,32.769,inactive,warming_up,,,,0,2,4,5,,,
pi05_sp_50,r6p3v2_pi05_sp_50_B_r1,r6p3v2_pi05_sp_50_B_r1:eval:7:1,1,7,1,4,20,B,False,667.082,669.448,ok,,0.16,0.07575757575757577,0.15384615384615385,20,2,4,5,0.0,17.25446501317978,0.02797202797202797
pi05_sp_50,r6p3v2_pi05_sp_50_B_r1,r6p3v2_pi05_sp_50_B_r1:eval:7:1,1,7,1,6,30,B,False,622.773,625.909,ok,,0.15384615384615385,0.02181818181818182,0.15384615384615385,20,2,4,5,0.08,13.97578552188583,0.09090909090909088
pi05_sp_50,r6p3v2_pi05_sp_50_B_r1,r6p3v2_pi05_sp_50_B_r1:eval:7:1,1,7,1,8,40,B,False,670.855,673.903,ok,,0.18181818181818182,0.07575757575757577,0.15384615384615385,20,2,4,5,0.16,14.550227315235995,0.08615384615384619
pi05_sp_50,r6p3v2_pi05_sp_50_B_r1,r6p3v2_pi05_sp_50_B_r1:eval:7:1,1,7,1,10,50,B,True,738.152,741.387,ok,,0.18181818181818182,0.15999999999999998,0.15384615384615385,20,2,4,5,0.24,14.648789720173427,0.15333333333333338
pi05_sp_50,r6p3v2_pi05_sp_50_B_r1,r6p3v2_pi05_sp_50_B_r1:eval:7:1,1,7,1,12,60,B,False,720.833,723.977,ok,,0.16666666666666669,0.027972027972027913,0.15384615384615385,20,2,4,5,0.36363636363636365,14.100073923685757,0.07076923076923072
pi05_sp_50,r6p3v2_pi05_sp_50_B_r1,r6p3v2_pi05_sp_50_B_r1:eval:7:1,1,7,1,14,70,B,False,768.859,771.795,ok,,0.16666666666666669,0.15384615384615385,0.15384615384615385,20,2,4,5,0.45454545454545453,14.015724743854634,0.10181818181818186
pi05_sp_50,r6p3v2_pi05_sp_50_B_r1,r6p3v2_pi05_sp_50_B_r1:eval:7:1,1,7,1,16,80,B,False,655.958,658.839,ok,,0.16666666666666663,0.18181818181818182,0.15384615384615385,20,2,4,5,0.5454545454545454,14.061653713348738,0.11272727272727284
pi05_sp_50,r6p3v2_pi05_sp_50_B_r1,r6p3v2_pi05_sp_50_B_r1:eval:7:1,1,7,1,18,90,B,False,637.083,640.251,ok,,0.18181818181818188,0.10181818181818192,0.15384615384615385,20,2,4,5,0.6363636363636364,13.590609226662494,0.08999999999999997
pi05_sp_50,r6p3v2_pi05_sp_50_B_r1,r6p3v2_pi05_sp_50_B_r1:eval:7:1,1,7,1,20,100,B,False,666.906,669.999,ok,,0.16000000000000003,0.18181818181818182,0.15384615384615385,20,2,4,5,0.72,13.231612844912965,0.027972027972027913
pi05_sp_50,r6p3v2_pi05_sp_50_B_r1,r6p3v2_pi05_sp_50_B_r1:eval:7:1,1,7,1,22,110,B,False,720.145,723.241,ok,,0.18181818181818177,0.18181818181818182,0.15384615384615385,20,2,4,5,0.8,13.150440068845603,0.0461538461538461
pi05_sp_50,r6p3v2_pi05_sp_50_B_r1,r6p3v2_pi05_sp_50_B_r1:eval:8:0,1,8,0,0,0,B,False,47.998,51.174,inactive,warming_up,,,,0,2,3,4,,,
pi05_sp_50,r6p3v2_pi05_sp_50_B_r1,r6p3v2_pi05_sp_50_B_r1:eval:8:0,1,8,0,2,10,B,False,32.015,34.125,inactive,warming_up,,,,0,2,3,4,,,
pi05_sp_50,r6p3v2_pi05_sp_50_B_r1,r6p3v2_pi05_sp_50_B_r1:eval:8:0,1,8,0,4,20,B,False,483.872,486.358,ok,,0.22222222222222224,0.09722222222222224,0.22222222222222224,20,2,3,4,0.0,23.605842593855865,0.11111111111111108
pi05_sp_50,r6p3v2_pi05_sp_50_B_r1,r6p3v2_pi05_sp_50_B_r1:eval:8:0,1,8,0,6,30,B,False,487.464,490.227,ok,,0.25,0.09722222222222224,0.22222222222222224,20,2,3,4,0.1111111111111111,18.860596843327812,0.11111111111111108
pi05_sp_50,r6p3v2_pi05_sp_50_B_r1,r6p3v2_pi05_sp_50_B_r1:eval:8:0,1,8,0,8,40,B,True,450.136,452.702,ok,,0.22222222222222224,0.11111111111111112,0.22222222222222224,20,2,3,4,0.2222222222222222,16.962970564625554,0.027777777777777762
pi05_sp_50,r6p3v2_pi05_sp_50_B_r1,r6p3v2_pi05_sp_50_B_r1:eval:8:0,1,8,0,10,50,B,False,437.979,440.595,ok,,0.22222222222222227,0.09722222222222224,0.22222222222222224,20,2,3,4,0.375,15.497501929018028,0.13888888888888884
pi05_sp_50,r6p3v2_pi05_sp_50_B_r1,r6p3v2_pi05_sp_50_B_r1:eval:8:0,1,8,0,12,60,B,False,426.529,428.648,ok,,0.22222222222222224,0.027777777777777762,0.22222222222222224,20,2,3,4,0.4444444444444444,15.450678071927848,0.09722222222222224
pi05_sp_50,r6p3v2_pi05_sp_50_B_r1,r6p3v2_pi05_sp_50_B_r1:eval:8:0,1,8,0,14,70,B,False,487.066,489.901,ok,,0.22222222222222224,0.027777777777777762,0.22222222222222224,20,2,3,4,0.5555555555555556,14.990648456225571,0.027777777777777762
pi05_sp_50,r6p3v2_pi05_sp_50_B_r1,r6p3v2_pi05_sp_50_B_r1:eval:8:0,1,8,0,16,80,B,False,501.638,504.114,ok,,0.22222222222222224,0.11111111111111112,0.22222222222222224,20,2,3,4,0.6666666666666666,15.006788133414455,0.0
pi05_sp_50,r6p3v2_pi05_sp_50_B_r1,r6p3v2_pi05_sp_50_B_r1:eval:8:1,1,8,1,0,0,B,False,60.968,64.402,inactive,warming_up,,,,0,2,3,4,,,
pi05_sp_50,r6p3v2_pi05_sp_50_B_r1,r6p3v2_pi05_sp_50_B_r1:eval:8:1,1,8,1,2,10,B,False,36.795,38.972,inactive,warming_up,,,,0,2,3,4,,,
pi05_sp_50,r6p3v2_pi05_sp_50_B_r1,r6p3v2_pi05_sp_50_B_r1:eval:8:1,1,8,1,4,20,B,False,629.682,632.725,ok,,0.22222222222222224,0.11111111111111112,0.22222222222222224,20,2,3,4,0.0,17.33468874668632,0.027777777777777762
pi05_sp_50,r6p3v2_pi05_sp_50_B_r1,r6p3v2_pi05_sp_50_B_r1:eval:8:1,1,8,1,6,30,B,False,544.176,547.295,ok,,0.22222222222222224,0.11111111111111112,0.22222222222222224,20,2,3,4,0.1111111111111111,12.512286364836344,0.027777777777777762
pi05_sp_50,r6p3v2_pi05_sp_50_B_r1,r6p3v2_pi05_sp_50_B_r1:eval:8:1,1,8,1,8,40,B,False,401.585,403.975,ok,,0.22222222222222224,0.11111111111111112,0.22222222222222224,20,2,3,4,0.2222222222222222,11.71756615234934,0.027777777777777762
pi05_sp_50,r6p3v2_pi05_sp_50_B_r1,r6p3v2_pi05_sp_50_B_r1:eval:8:1,1,8,1,10,50,B,False,517.562,520.273,ok,,0.22222222222222227,0.11111111111111112,0.22222222222222224,20,2,3,4,0.3333333333333333,11.213270037313732,0.027777777777777735
pi05_sp_50,r6p3v2_pi05_sp_50_B_r1,r6p3v2_pi05_sp_50_B_r1:eval:8:1,1,8,1,12,60,B,False,520.956,523.667,ok,,0.22222222222222224,0.027777777777777762,0.22222222222222224,20,2,3,4,0.4444444444444444,10.607342253042445,0.09722222222222224
pi05_sp_50,r6p3v2_pi05_sp_50_B_r1,r6p3v2_pi05_sp_50_B_r1:eval:8:1,1,8,1,14,70,B,False,466.506,469.102,ok,,0.22222222222222224,0.11111111111111112,0.22222222222222224,20,2,3,4,0.5555555555555556,11.15838415277721,0.0
pi05_sp_50,r6p3v2_pi05_sp_50_B_r1,r6p3v2_pi05_sp_50_B_r1:eval:8:1,1,8,1,16,80,B,False,523.932,526.652,ok,,0.22222222222222224,0.11111111111111112,0.22222222222222224,20,2,3,4,0.6666666666666666,11.449522175179872,0.0
pi05_sp_50,r6p3v2_pi05_sp_50_B_r1,r6p3v2_pi05_sp_50_B_r1:eval:8:1,1,8,1,18,90,B,False,514.41,517.393,ok,,0.22222222222222224,0.027777777777777762,0.22222222222222224,20,2,3,4,0.7777777777777778,12.596969167180104,0.0
pi05_sp_50,r6p3v2_pi05_sp_50_B_r1,r6p3v2_pi05_sp_50_B_r1:eval:9:0,1,9,0,0,0,B,False,46.796,49.882,inactive,warming_up,,,,0,2,4,5,,,
pi05_sp_50,r6p3v2_pi05_sp_50_B_r1,r6p3v2_pi05_sp_50_B_r1:eval:9:0,1,9,0,2,10,B,False,40.366,43.089,inactive,warming_up,,,,0,2,4,5,,,
pi05_sp_50,r6p3v2_pi05_sp_50_B_r1,r6p3v2_pi05_sp_50_B_r1:eval:9:0,1,9,0,4,20,B,False,709.344,712.397,ok,,0.18181818181818182,0.02608695652173909,0.16666666666666669,20,2,4,5,0.0,20.186923909328712,0.026086956521739146
pi05_sp_50,r6p3v2_pi05_sp_50_B_r1,r6p3v2_pi05_sp_50_B_r1:eval:9:0,1,9,0,6,30,B,False,730.498,733.667,ok,,0.1818181818181818,0.02608695652173909,0.16666666666666669,20,2,4,5,0.09090909090909091,16.20441475967404,0.02608695652173912
pi05_sp_50,r6p3v2_pi05_sp_50_B_r1,r6p3v2_pi05_sp_50_B_r1:eval:9:0,1,9,0,8,40,B,False,710.006,713.278,ok,,0.17391304347826086,0.08181818181818185,0.16666666666666663,20,2,4,5,0.18181818181818182,17.275781416289036,0.08181818181818185
pi05_sp_50,r6p3v2_pi05_sp_50_B_r1,r6p3v2_pi05_sp_50_B_r1:eval:9:0,1,9,0,10,50,B,False,737.012,741.026,ok,,0.18181818181818182,0.0757575757575758,0.16666666666666669,20,2,4,5,0.2727272727272727,20.60661478720949,0.026086956521739146
pi05_sp_50,r6p3v2_pi05_sp_50_B_r1,r6p3v2_pi05_sp_50_B_r1:eval:9:0,1,9,0,12,60,B,True,739.028,742.936,slow_ambiguous,,0.09090909090909088,0.08181818181818179,0.16666666666666663,20,2,4,5,0.34782608695652173,22.74531851273601,0.10909090909090913
pi05_sp_50,r6p3v2_pi05_sp_50_B_r1,r6p3v2_pi05_sp_50_B_r1:eval:9:0,1,9,0,14,70,B,False,641.723,645.258,ok,,0.18181818181818182,0.02608695652173909,0.16666666666666669,20,2,4,5,0.45454545454545453,22.540392537032375,0.026086956521739035
pi05_sp_50,r6p3v2_pi05_sp_50_B_r1,r6p3v2_pi05_sp_50_B_r1:eval:9:0,1,9,0,16,80,B,False,636.152,639.808,ok,,0.18181818181818182,0.1739130434782609,0.16666666666666663,20,2,4,5,0.45454545454545453,20.65289484674595,0.12608695652173918
pi05_sp_50,r6p3v2_pi05_sp_50_B_r1,r6p3v2_pi05_sp_50_B_r1:eval:9:0,1,9,0,18,90,B,False,676.057,679.297,ok,,0.17391304347826086,0.07391304347826089,0.16666666666666663,20,2,4,5,0.6363636363636364,20.380068656950918,0.08181818181818179
pi05_sp_50,r6p3v2_pi05_sp_50_B_r1,r6p3v2_pi05_sp_50_B_r1:eval:9:0,1,9,0,20,100,B,False,713.616,717.461,ok,,0.17391304347826086,0.09848484848484851,0.16666666666666663,20,2,4,5,0.6956521739130435,22.371401279564015,0.10606060606060608
pi05_sp_50,r6p3v2_pi05_sp_50_B_r1,r6p3v2_pi05_sp_50_B_r1:eval:9:0,1,9,0,22,110,B,False,640.748,643.94,ok,,0.18181818181818177,0.08181818181818179,0.16666666666666663,20,2,4,5,0.8181818181818182,23.54807914422356,0.05072463768115945
pi05_sp_50,r6p3v2_pi05_sp_50_B_r1,r6p3v2_pi05_sp_50_B_r1:eval:9:0,1,9,0,24,120,B,True,607.844,610.847,slow_ambiguous,,0.09090909090909094,0.1739130434782609,0.16666666666666663,20,2,4,5,0.9,24.757567792451386,0.13043478260869568
pi05_sp_50,r6p3v2_pi05_sp_50_B_r1,r6p3v2_pi05_sp_50_B_r1:eval:9:0,1,9,0,26,130,B,True,544.693,547.495,slow_ambiguous,,0.0,0.1739130434782609,0.16666666666666669,20,2,4,5,1.0,25.18730917719005,0.0
pi05_sp_50,r6p3v2_pi05_sp_50_B_r1,r6p3v2_pi05_sp_50_B_r1:eval:9:0,1,9,0,28,140,B,True,633.081,636.264,slow_confirmed,,0.0,0.0757575757575758,0.16666666666666669,20,2,4,5,0.4,26.111541262255383,0.0
pi05_sp_50,r6p3v2_pi05_sp_50_B_r1,r6p3v2_pi05_sp_50_B_r1:eval:9:0,1,9,0,30,150,B,True,602.061,607.371,slow_confirmed,,0.0,0.0757575757575758,0.16666666666666669,20,2,4,5,0.4,25.74958326780246,0.0
pi05_sp_50,r6p3v2_pi05_sp_50_B_r1,r6p3v2_pi05_sp_50_B_r1:eval:9:0,1,9,0,32,160,B,True,561.052,564.033,slow_ambiguous,,0.0,0.1739130434782609,0.16666666666666663,20,2,4,5,0.2727272727272727,25.581388702605423,0.6363636363636364
pi05_sp_50,r6p3v2_pi05_sp_50_B_r1,r6p3v2_pi05_sp_50_B_r1:eval:9:0,1,9,0,34,170,B,False,524.678,527.284,slow_confirmed,,0.0,0.0757575757575758,0.16666666666666669,20,2,4,5,0.2727272727272727,26.159772992378223,0.0
pi05_sp_50,r6p3v2_pi05_sp_50_B_r1,r6p3v2_pi05_sp_50_B_r1:eval:9:0,1,9,0,36,180,B,True,524.499,527.123,slow_confirmed,,0.0,0.0757575757575758,0.16666666666666669,20,2,4,5,0.2727272727272727,27.516934398717712,0.0
pi05_sp_50,r6p3v2_pi05_sp_50_B_r1,r6p3v2_pi05_sp_50_B_r1:eval:9:0,1,9,0,38,190,B,False,571.383,574.059,slow_confirmed,,0.0,0.026086956521739146,0.16666666666666663,20,2,4,5,0.2727272727272727,30.495852822773866,0.08333333333333337
pi05_sp_50,r6p3v2_pi05_sp_50_B_r1,r6p3v2_pi05_sp_50_B_r1:eval:9:0,1,9,0,40,200,B,False,639.743,657.184,slow_ambiguous,,0.08695652173913043,0.1739130434782609,0.16666666666666663,20,2,4,5,0.2727272727272727,33.79260796094817,0.6439393939393939
pi05_sp_50,r6p3v2_pi05_sp_50_B_r1,r6p3v2_pi05_sp_50_B_r1:eval:9:0,1,9,0,42,210,B,True,580.817,584.32,slow_ambiguous,,0.10000000000000005,0.1739130434782609,0.16666666666666663,20,2,4,5,0.2727272727272727,36.71330575950617,0.7272727272727273
pi05_sp_50,r6p3v2_pi05_sp_50_B_r1,r6p3v2_pi05_sp_50_B_r1:eval:9:1,1,9,1,0,0,B,False,44.952,48.081,inactive,warming_up,,,,0,2,4,5,,,
pi05_sp_50,r6p3v2_pi05_sp_50_B_r1,r6p3v2_pi05_sp_50_B_r1:eval:9:1,1,9,1,2,10,B,False,30.026,31.815,inactive,warming_up,,,,0,2,4,5,,,
pi05_sp_50,r6p3v2_pi05_sp_50_B_r1,r6p3v2_pi05_sp_50_B_r1:eval:9:1,1,9,1,4,20,B,False,681.315,683.892,ok,,0.18181818181818182,0.02608695652173909,0.16666666666666669,20,2,4,5,0.0,24.43800837473883,0.026086956521739146
pi05_sp_50,r6p3v2_pi05_sp_50_B_r1,r6p3v2_pi05_sp_50_B_r1:eval:9:1,1,9,1,6,30,B,False,646.147,649.134,ok,,0.1818181818181818,0.02608695652173909,0.16666666666666669,20,2,4,5,0.09090909090909091,21.746771091813347,0.02608695652173912
pi05_sp_50,r6p3v2_pi05_sp_50_B_r1,r6p3v2_pi05_sp_50_B_r1:eval:9:1,1,9,1,8,40,B,False,622.246,625.14,slow_ambiguous,,0.09999999999999998,0.08181818181818185,0.16666666666666663,20,2,4,5,0.18181818181818182,21.617452093987307,0.09090909090909094
pi05_sp_50,r6p3v2_pi05_sp_50_B_r1,r6p3v2_pi05_sp_50_B_r1:eval:9:1,1,9,1,10,50,B,False,561.593,564.377,slow_ambiguous,,0.10000000000000005,0.08181818181818179,0.16666666666666663,20,2,4,5,0.2727272727272727,20.620380669715413,0.09486166007905139
pi05_sp_50,r6p3v2_pi05_sp_50_B_r1,r6p3v2_pi05_sp_50_B_r1:eval:9:1,1,9,1,12,60,B,False,629.094,631.975,ok,,0.18181818181818177,0.02608695652173909,0.16666666666666669,20,2,4,5,0.3,19.77312667897496,0.026086956521739146
pi05_sp_50,r6p3v2_pi05_sp_50_B_r1,r6p3v2_pi05_sp_50_B_r1:eval:9:1,1,9,1,14,70,B,False,575.343,578.111,ok,,0.18181818181818182,0.1739130434782609,0.16666666666666663,20,2,4,5,0.4,19.03826434045288,0.20909090909090905
pi05_sp_50,r6p3v2_pi05_sp_50_B_r1,r6p3v2_pi05_sp_50_B_r1:eval:9:1,1,9,1,16,80,B,False,625.376,628.313,ok,,0.17391304347826086,0.02608695652173909,0.16666666666666669,20,2,4,5,0.5217391304347826,18.941714731296315,0.033333333333333326
pi05_sp_50,r6p3v2_pi05_sp_50_B_r1,r6p3v2_pi05_sp_50_B_r1:eval:9:1,1,9,1,18,90,B,False,674.719,677.593,ok,,0.16666666666666674,0.07391304347826089,0.16666666666666663,20,2,4,5,0.6363636363636364,18.032396147379455,0.08181818181818179
pi05_sp_50,r6p3v2_pi05_sp_50_B_r1,r6p3v2_pi05_sp_50_B_r1:eval:9:1,1,9,1,20,100,B,False,710.367,713.104,ok,,0.17391304347826086,0.02608695652173909,0.16666666666666663,20,2,4,5,0.7,17.286201149146436,0.033333333333333465
pi05_sp_50,r6p3v2_pi05_sp_50_B_r1,r6p3v2_pi05_sp_50_B_r1:eval:9:1,1,9,1,22,110,B,True,722.821,725.634,ok,,0.16666666666666663,0.1739130434782609,0.16666666666666663,20,2,4,5,0.8,17.11543674826971,0.12648221343873525
pi05_sp_50,r6p3v2_pi05_sp_50_B_r1,r6p3v2_pi05_sp_50_B_r1:eval:9:1,1,9,1,24,120,B,False,752.627,755.751,slow_ambiguous,,0.09090909090909094,0.08181818181818179,0.16666666666666663,20,2,4,5,0.9,18.952825123465512,0.047101449275362306
pi05_sp_50,r6p3v2_pi05_sp_50_B_r2,r6p3v2_pi05_sp_50_B_r2:eval:0:0,1,0,0,0,0,B,False,60.687,63.71,inactive,warming_up,,,,0,2,4,5,,,
pi05_sp_50,r6p3v2_pi05_sp_50_B_r2,r6p3v2_pi05_sp_50_B_r2:eval:0:0,1,0,0,2,10,B,False,34.189,36.147,inactive,warming_up,,,,0,2,4,5,,,
pi05_sp_50,r6p3v2_pi05_sp_50_B_r2,r6p3v2_pi05_sp_50_B_r2:eval:0:0,1,0,0,4,20,B,False,718.517,722.134,ok,,0.26666666666666666,0.17435897435897435,0.25,20,2,4,5,0.0,15.648733728505006,0.25
pi05_sp_50,r6p3v2_pi05_sp_50_B_r2,r6p3v2_pi05_sp_50_B_r2:eval:0:0,1,0,0,6,30,B,False,718.976,722.232,ok,,0.2666666666666667,0.0410256410256411,0.25,20,2,4,5,0.125,12.224651648669372,0.10833333333333328
pi05_sp_50,r6p3v2_pi05_sp_50_B_r2,r6p3v2_pi05_sp_50_B_r2:eval:0:0,1,0,0,8,40,B,False,615.987,619.043,ok,,0.26666666666666666,0.14166666666666672,0.25,20,2,4,5,0.26666666666666666,11.567233211812697,0.125
pi05_sp_50,r6p3v2_pi05_sp_50_B_r2,r6p3v2_pi05_sp_50_B_r2:eval:0:0,1,0,0,10,50,B,False,546.598,549.709,ok,,0.25,0.05769230769230771,0.25,20,2,4,5,0.4,10.967363817630657,0.016666666666666607
pi05_sp_50,r6p3v2_pi05_sp_50_B_r2,r6p3v2_pi05_sp_50_B_r2:eval:0:0,1,0,0,12,60,B,False,536.202,538.939,ok,,0.25,0.05769230769230771,0.25,20,2,4,5,0.5333333333333333,11.636355239184596,0.01666666666666672
pi05_sp_50,r6p3v2_pi05_sp_50_B_r2,r6p3v2_pi05_sp_50_B_r2:eval:0:0,1,0,0,14,70,B,False,483.2,485.826,ok,,0.25,0.14166666666666672,0.25,20,2,4,5,0.6666666666666666,11.464977152651512,0.20833333333333337
pi05_sp_50,r6p3v2_pi05_sp_50_B_r2,r6p3v2_pi05_sp_50_B_r2:eval:0:1,1,0,1,0,0,B,False,59.387,62.447,inactive,warming_up,,,,0,2,4,5,,,
pi05_sp_50,r6p3v2_pi05_sp_50_B_r2,r6p3v2_pi05_sp_50_B_r2:eval:0:1,1,0,1,2,10,B,False,29.781,31.553,inactive,warming_up,,,,0,2,4,5,,,
pi05_sp_50,r6p3v2_pi05_sp_50_B_r2,r6p3v2_pi05_sp_50_B_r2:eval:0:1,1,0,1,4,20,B,False,577.244,579.785,ok,,0.26666666666666666,0.14166666666666672,0.25,20,2,4,5,0.0,11.855371705503364,0.125
pi05_sp_50,r6p3v2_pi05_sp_50_B_r2,r6p3v2_pi05_sp_50_B_r2:eval:0:1,1,0,1,6,30,B,False,624.956,630.755,ok,,0.25,0.05769230769230771,0.25,20,2,4,5,0.125,10.64224243182415,0.01666666666666672
pi05_sp_50,r6p3v2_pi05_sp_50_B_r2,r6p3v2_pi05_sp_50_B_r2:eval:0:1,1,0,1,8,40,B,False,580.154,583.125,ok,,0.26666666666666666,0.14166666666666672,0.25,20,2,4,5,0.26666666666666666,11.42236019364286,0.125
pi05_sp_50,r6p3v2_pi05_sp_50_B_r2,r6p3v2_pi05_sp_50_B_r2:eval:0:1,1,0,1,10,50,B,False,584.438,587.237,ok,,0.2666666666666666,0.0410256410256411,0.25,20,2,4,5,0.375,11.492786133397601,0.10833333333333339
pi05_sp_50,r6p3v2_pi05_sp_50_B_r2,r6p3v2_pi05_sp_50_B_r2:eval:0:1,1,0,1,12,60,B,False,594.97,597.855,ok,,0.25,0.05769230769230771,0.25,20,2,4,5,0.5333333333333333,12.36331239291758,0.01666666666666672
pi05_sp_50,r6p3v2_pi05_sp_50_B_r2,r6p3v2_pi05_sp_50_B_r2:eval:0:1,1,0,1,14,70,B,False,616.89,619.92,ok,,0.25,0.0410256410256411,0.25,20,2,4,5,0.6666666666666666,10.594499600719267,0.08333333333333337
pi05_sp_50,r6p3v2_pi05_sp_50_B_r2,r6p3v2_pi05_sp_50_B_r2:eval:1:0,1,1,0,0,0,B,False,44.428,47.423,inactive,warming_up,,,,0,2,4,5,,,
pi05_sp_50,r6p3v2_pi05_sp_50_B_r2,r6p3v2_pi05_sp_50_B_r2:eval:1:0,1,1,0,2,10,B,False,27.424,29.086,inactive,warming_up,,,,0,2,4,5,,,
pi05_sp_50,r6p3v2_pi05_sp_50_B_r2,r6p3v2_pi05_sp_50_B_r2:eval:1:0,1,1,0,4,20,B,False,626.979,629.564,ok,,0.18181818181818182,0.07391304347826082,0.17391304347826086,20,2,4,5,0.0,14.370952249958357,0.026086956521739146
pi05_sp_50,r6p3v2_pi05_sp_50_B_r2,r6p3v2_pi05_sp_50_B_r2:eval:1:0,1,1,0,6,30,B,False,493.246,495.964,ok,,0.1818181818181818,0.009523809523809518,0.17391304347826086,20,2,4,5,0.09090909090909091,12.104679700730628,0.02608695652173912
pi05_sp_50,r6p3v2_pi05_sp_50_B_r2,r6p3v2_pi05_sp_50_B_r2:eval:1:0,1,1,0,8,40,B,False,563.139,565.747,ok,,0.18181818181818182,0.07391304347826082,0.17391304347826086,20,2,4,5,0.18181818181818182,12.166061272810467,0.026086956521739146
pi05_sp_50,r6p3v2_pi05_sp_50_B_r2,r6p3v2_pi05_sp_50_B_r2:eval:1:0,1,1,0,10,50,B,False,549.22,551.873,ok,,0.18181818181818182,0.08181818181818178,0.17391304347826086,20,2,4,5,0.2727272727272727,12.516784197673386,0.026086956521739146
pi05_sp_50,r6p3v2_pi05_sp_50_B_r2,r6p3v2_pi05_sp_50_B_r2:eval:1:0,1,1,0,12,60,B,True,569.376,572.315,ok,,0.17391304347826086,0.09047619047619049,0.17391304347826086,20,2,4,5,0.36363636363636365,12.108095261900246,0.09047619047619049
pi05_sp_50,r6p3v2_pi05_sp_50_B_r2,r6p3v2_pi05_sp_50_B_r2:eval:1:0,1,1,0,14,70,B,False,593.879,598.639,slow_ambiguous,,0.09523809523809523,0.09047619047619049,0.17391304347826086,20,2,4,5,0.45454545454545453,12.398487019776807,0.09486166007905139
pi05_sp_50,r6p3v2_pi05_sp_50_B_r2,r6p3v2_pi05_sp_50_B_r2:eval:1:0,1,1,0,16,80,B,True,636.696,639.898,slow_confirmed,,0.09090909090909094,0.07391304347826082,0.17391304347826086,20,2,4,5,0.5217391304347826,14.476664688738808,0.19999999999999996
pi05_sp_50,r6p3v2_pi05_sp_50_B_r2,r6p3v2_pi05_sp_50_B_r2:eval:1:0,1,1,0,18,90,B,True,730.639,733.706,slow_confirmed,,0.0,0.03896103896103886,0.17391304347826086,20,2,4,5,0.5714285714285714,16.258251915301244,0.34782608695652173
pi05_sp_50,r6p3v2_pi05_sp_50_B_r2,r6p3v2_pi05_sp_50_B_r2:eval:1:0,1,1,0,20,100,B,True,738.628,741.714,slow_confirmed,,0.0,0.018181818181818132,0.17391304347826092,20,2,4,5,0.5217391304347826,17.179673444071994,0.0
pi05_sp_50,r6p3v2_pi05_sp_50_B_r2,r6p3v2_pi05_sp_50_B_r2:eval:1:0,1,1,0,22,110,B,False,728.722,731.883,slow_confirmed,,0.0,0.09047619047619049,0.17391304347826086,20,2,4,5,0.5217391304347826,17.843503004587323,0.09999999999999998
pi05_sp_50,r6p3v2_pi05_sp_50_B_r2,r6p3v2_pi05_sp_50_B_r2:eval:1:0,1,1,0,24,120,B,True,747.07,750.803,ok,,0.17391304347826086,0.09047619047619049,0.17391304347826086,20,2,4,5,0.5217391304347826,17.77867516382334,0.10476190476190472
pi05_sp_50,r6p3v2_pi05_sp_50_B_r2,r6p3v2_pi05_sp_50_B_r2:eval:1:0,1,1,0,26,130,B,False,678.591,681.56,ok,,0.2857142857142857,0.07391304347826082,0.17391304347826086,20,2,4,5,0.5714285714285714,17.740052118612226,0.16600790513833985
pi05_sp_50,r6p3v2_pi05_sp_50_B_r2,r6p3v2_pi05_sp_50_B_r2:eval:1:0,1,1,0,28,140,B,False,688.75,692.207,ok,,0.18181818181818177,0.05714285714285705,0.1739130434782609,20,2,4,5,0.6956521739130435,16.25758166803868,0.02608695652173923
pi05_sp_50,r6p3v2_pi05_sp_50_B_r2,r6p3v2_pi05_sp_50_B_r2:eval:1:0,1,1,0,30,150,B,False,721.025,724.0,slow_confirmed,,0.09523809523809523,0.05714285714285705,0.1739130434782609,20,2,4,5,0.8571428571428571,18.130943199412012,0.09486166007905128
pi05_sp_50,r6p3v2_pi05_sp_50_B_r2,r6p3v2_pi05_sp_50_B_r2:eval:1:1,1,1,1,0,0,B,False,42.708,45.558,inactive,warming_up,,,,0,2,4,5,,,
pi05_sp_50,r6p3v2_pi05_sp_50_B_r2,r6p3v2_pi05_sp_50_B_r2:eval:1:1,1,1,1,2,10,B,False,29.18,30.818,inactive,warming_up,,,,0,2,4,5,,,
pi05_sp_50,r6p3v2_pi05_sp_50_B_r2,r6p3v2_pi05_sp_50_B_r2:eval:1:1,1,1,1,4,20,B,False,632.326,634.959,ok,,0.18181818181818182,0.07391304347826082,0.17391304347826086,20,2,4,5,0.0,16.289962093824617,0.026086956521739146
pi05_sp_50,r6p3v2_pi05_sp_50_B_r2,r6p3v2_pi05_sp_50_B_r2:eval:1:1,1,1,1,6,30,B,False,543.455,546.179,ok,,0.1818181818181818,0.009523809523809518,0.17391304347826086,20,2,4,5,0.09090909090909091,13.445788341276478,0.02608695652173912
pi05_sp_50,r6p3v2_pi05_sp_50_B_r2,r6p3v2_pi05_sp_50_B_r2:eval:1:1,1,1,1,8,40,B,False,642.134,645.164,ok,,0.19047619047619047,0.07391304347826082,0.17391304347826086,20,2,4,5,0.19047619047619047,13.171036784894286,0.026086956521739146
pi05_sp_50,r6p3v2_pi05_sp_50_B_r2,r6p3v2_pi05_sp_50_B_r2:eval:1:1,1,1,1,10,50,B,False,578.799,581.409,slow_ambiguous,,0.10000000000000005,0.09047619047619049,0.17391304347826086,20,2,4,5,0.2857142857142857,13.741897826170877,0.09523809523809523
pi05_sp_50,r6p3v2_pi05_sp_50_B_r2,r6p3v2_pi05_sp_50_B_r2:eval:1:1,1,1,1,12,60,B,False,608.425,611.363,ok,,0.17391304347826086,0.09047619047619049,0.17391304347826086,20,2,4,5,0.38095238095238093,14.110082183692901,0.09047619047619049
pi05_sp_50,r6p3v2_pi05_sp_50_B_r2,r6p3v2_pi05_sp_50_B_r2:eval:1:1,1,1,1,14,70,B,True,609.276,612.318,ok,,0.19047619047619047,0.018181818181818132,0.17391304347826092,20,2,4,5,0.4,15.432651564871918,0.026086956521739035
pi05_sp_50,r6p3v2_pi05_sp_50_B_r2,r6p3v2_pi05_sp_50_B_r2:eval:1:1,1,1,1,16,80,B,False,586.997,590.063,ok,,0.19047619047619047,0.052700922266139635,0.1739130434782609,20,2,4,5,0.5217391304347826,16.1684087762721,0.02608695652173909
pi05_sp_50,r6p3v2_pi05_sp_50_B_r2,r6p3v2_pi05_sp_50_B_r2:eval:1:1,1,1,1,18,90,B,False,615.068,618.158,ok,,0.18181818181818188,0.09047619047619049,0.1739130434782609,20,2,4,5,0.6,16.371564554019784,0.02608695652173923
pi05_sp_50,r6p3v2_pi05_sp_50_B_r2,r6p3v2_pi05_sp_50_B_r2:eval:1:1,1,1,1,20,100,B,False,635.793,638.701,ok,,0.19047619047619047,0.052700922266139635,0.1739130434782609,20,2,4,5,0.7,16.49808569324095,0.11818181818181828
pi05_sp_50,r6p3v2_pi05_sp_50_B_r2,r6p3v2_pi05_sp_50_B_r2:eval:1:1,1,1,1,22,110,B,True,631.346,634.49,slow_ambiguous,,0.17391304347826086,0.05714285714285705,0.1739130434782609,20,2,4,5,0.782608695652174,16.245872832712553,0.09523809523809523
pi05_sp_50,r6p3v2_pi05_sp_50_B_r2,r6p3v2_pi05_sp_50_B_r2:eval:1:1,1,1,1,24,120,B,False,584.89,587.867,slow_confirmed,,0.04347826086956519,0.05714285714285705,0.1739130434782609,20,2,4,5,0.9523809523809523,17.2379537420115,0.04761904761904767
pi05_sp_50,r6p3v2_pi05_sp_50_B_r2,r6p3v2_pi05_sp_50_B_r2:eval:2:0,1,2,0,0,0,B,False,47.313,50.307,inactive,warming_up,,,,0,2,4,5,,,
pi05_sp_50,r6p3v2_pi05_sp_50_B_r2,r6p3v2_pi05_sp_50_B_r2:eval:2:0,1,2,0,2,10,B,False,31.732,33.581,inactive,warming_up,,,,0,2,4,5,,,
pi05_sp_50,r6p3v2_pi05_sp_50_B_r2,r6p3v2_pi05_sp_50_B_r2:eval:2:0,1,2,0,4,20,B,False,585.837,588.52,ok,,0.21052631578947367,0.09941520467836255,0.2,20,2,4,5,0.0,23.45682799743227,0.022222222222222227
pi05_sp_50,r6p3v2_pi05_sp_50_B_r2,r6p3v2_pi05_sp_50_B_r2:eval:2:0,1,2,0,6,30,B,False,561.845,564.696,ok,,0.22222222222222224,0.09941520467836255,0.2,20,2,4,5,0.1111111111111111,15.534455565606665,0.011695906432748565
pi05_sp_50,r6p3v2_pi05_sp_50_B_r2,r6p3v2_pi05_sp_50_B_r2:eval:2:0,1,2,0,8,40,B,False,525.639,528.538,ok,,0.22222222222222224,0.09941520467836255,0.2,20,2,4,5,0.2222222222222222,15.731866767913038,0.07777777777777775
pi05_sp_50,r6p3v2_pi05_sp_50_B_r2,r6p3v2_pi05_sp_50_B_r2:eval:2:0,1,2,0,10,50,B,False,545.623,548.31,ok,,0.22222222222222227,0.08888888888888889,0.2,20,2,4,5,0.3333333333333333,14.638695415780568,0.02222222222222231
pi05_sp_50,r6p3v2_pi05_sp_50_B_r2,r6p3v2_pi05_sp_50_B_r2:eval:2:0,1,2,0,12,60,B,False,567.681,570.631,slow_ambiguous,,0.11111111111111116,0.1169590643274854,0.19999999999999996,20,2,4,5,0.4444444444444444,15.185898252610114,0.12222222222222226
pi05_sp_50,r6p3v2_pi05_sp_50_B_r2,r6p3v2_pi05_sp_50_B_r2:eval:2:0,1,2,0,14,70,B,False,626.456,629.615,ok,,0.21052631578947367,0.09941520467836251,0.2000000000000001,20,2,4,5,0.5555555555555556,13.690358695593138,0.022222222222222143
pi05_sp_50,r6p3v2_pi05_sp_50_B_r2,r6p3v2_pi05_sp_50_B_r2:eval:2:0,1,2,0,16,80,B,False,668.139,671.124,ok,,0.22222222222222224,0.11111111111111119,0.19999999999999996,20,2,4,5,0.631578947368421,13.951526694134756,0.12280701754385959
pi05_sp_50,r6p3v2_pi05_sp_50_B_r2,r6p3v2_pi05_sp_50_B_r2:eval:2:0,1,2,0,18,90,B,False,652.811,655.9,slow_ambiguous,,0.11111111111111105,0.11111111111111119,0.19999999999999996,20,2,4,5,0.7777777777777778,13.221331842642599,0.12222222222222226
pi05_sp_50,r6p3v2_pi05_sp_50_B_r2,r6p3v2_pi05_sp_50_B_r2:eval:2:1,1,2,1,0,0,B,False,44.895,47.645,inactive,warming_up,,,,0,2,4,5,,,
pi05_sp_50,r6p3v2_pi05_sp_50_B_r2,r6p3v2_pi05_sp_50_B_r2:eval:2:1,1,2,1,2,10,B,False,33.589,35.717,inactive,warming_up,,,,0,2,4,5,,,
pi05_sp_50,r6p3v2_pi05_sp_50_B_r2,r6p3v2_pi05_sp_50_B_r2:eval:2:1,1,2,1,4,20,B,False,715.789,719.115,ok,,0.21052631578947367,0.09941520467836255,0.2,20,2,4,5,0.0,15.479143263862596,0.022222222222222227
pi05_sp_50,r6p3v2_pi05_sp_50_B_r2,r6p3v2_pi05_sp_50_B_r2:eval:2:1,1,2,1,6,30,B,False,689.843,693.239,ok,,0.22222222222222224,0.09941520467836255,0.2,20,2,4,5,0.1111111111111111,10.800125036439061,0.0777777777777778
pi05_sp_50,r6p3v2_pi05_sp_50_B_r2,r6p3v2_pi05_sp_50_B_r2:eval:2:1,1,2,1,8,40,B,False,648.204,651.267,ok,,0.22222222222222224,0.09941520467836255,0.2,20,2,4,5,0.2222222222222222,10.659414695542013,0.07777777777777775
pi05_sp_50,r6p3v2_pi05_sp_50_B_r2,r6p3v2_pi05_sp_50_B_r2:eval:2:1,1,2,1,10,50,B,False,673.332,676.815,ok,,0.22222222222222227,0.08888888888888889,0.2,20,2,4,5,0.3333333333333333,10.359760015342822,0.02222222222222231
pi05_sp_50,r6p3v2_pi05_sp_50_B_r2,r6p3v2_pi05_sp_50_B_r2:eval:2:1,1,2,1,12,60,B,False,587.405,590.633,ok,,0.21052631578947367,0.08888888888888889,0.2,20,2,4,5,0.4444444444444444,12.198098088353566,0.022222222222222282
pi05_sp_50,r6p3v2_pi05_sp_50_B_r2,r6p3v2_pi05_sp_50_B_r2:eval:2:1,1,2,1,14,70,B,False,542.681,545.571,ok,,0.22222222222222224,0.09941520467836262,0.19999999999999996,20,2,4,5,0.5555555555555556,12.499586911411683,0.11578947368421041
pi05_sp_50,r6p3v2_pi05_sp_50_B_r2,r6p3v2_pi05_sp_50_B_r2:eval:2:1,1,2,1,16,80,B,False,535.494,538.085,ok,,0.22222222222222224,0.11111111111111119,0.19999999999999996,20,2,4,5,0.631578947368421,14.058931190236336,0.12280701754385959
pi05_sp_50,r6p3v2_pi05_sp_50_B_r2,r6p3v2_pi05_sp_50_B_r2:eval:2:1,1,2,1,18,90,B,False,534.649,537.255,slow_ambiguous,,0.11111111111111105,0.11111111111111119,0.19999999999999996,20,2,4,5,0.7777777777777778,13.587295660878846,0.12222222222222226
pi05_sp_50,r6p3v2_pi05_sp_50_B_r2,r6p3v2_pi05_sp_50_B_r2:eval:3:0,1,3,0,0,0,B,False,42.106,44.95,inactive,warming_up,,,,0,2,4,5,,,
pi05_sp_50,r6p3v2_pi05_sp_50_B_r2,r6p3v2_pi05_sp_50_B_r2:eval:3:0,1,3,0,2,10,B,False,29.422,31.286,inactive,warming_up,,,,0,2,4,5,,,
pi05_sp_50,r6p3v2_pi05_sp_50_B_r2,r6p3v2_pi05_sp_50_B_r2:eval:3:0,1,3,0,4,20,B,False,626.409,629.106,ok,,0.25,0.0,0.25,20,2,4,5,0.0,12.906306199836331,0.0
pi05_sp_50,r6p3v2_pi05_sp_50_B_r2,r6p3v2_pi05_sp_50_B_r2:eval:3:0,1,3,0,6,30,B,False,571.324,574.032,ok,,0.25,0.0,0.25,20,2,4,5,0.125,9.894682387389777,0.0
pi05_sp_50,r6p3v2_pi05_sp_50_B_r2,r6p3v2_pi05_sp_50_B_r2:eval:3:0,1,3,0,8,40,B,False,563.289,566.318,ok,,0.25,0.0,0.25,20,2,4,5,0.25,10.284486893884287,0.0
pi05_sp_50,r6p3v2_pi05_sp_50_B_r2,r6p3v2_pi05_sp_50_B_r2:eval:3:0,1,3,0,10,50,B,False,599.266,602.491,ok,,0.25,0.0,0.25,20,2,4,5,0.375,11.617254400961533,0.0
pi05_sp_50,r6p3v2_pi05_sp_50_B_r2,r6p3v2_pi05_sp_50_B_r2:eval:3:0,1,3,0,12,60,B,False,621.987,625.122,ok,,0.25,0.0,0.25,20,2,4,5,0.5,12.553240211141633,0.0
pi05_sp_50,r6p3v2_pi05_sp_50_B_r2,r6p3v2_pi05_sp_50_B_r2:eval:3:0,1,3,0,14,70,B,False,583.329,586.29,ok,,0.25,0.0,0.25,20,2,4,5,0.625,13.360042051374897,0.0
pi05_sp_50,r6p3v2_pi05_sp_50_B_r2,r6p3v2_pi05_sp_50_B_r2:eval:3:0,1,3,0,16,80,B,False,525.842,528.414,ok,,0.25,0.0,0.25,20,2,4,5,0.75,14.264659510604467,0.0
pi05_sp_50,r6p3v2_pi05_sp_50_B_r2,r6p3v2_pi05_sp_50_B_r2:eval:3:1,1,3,1,0,0,B,False,46.6,49.758,inactive,warming_up,,,,0,2,4,5,,,
pi05_sp_50,r6p3v2_pi05_sp_50_B_r2,r6p3v2_pi05_sp_50_B_r2:eval:3:1,1,3,1,2,10,B,False,32.033,33.898,inactive,warming_up,,,,0,2,4,5,,,
pi05_sp_50,r6p3v2_pi05_sp_50_B_r2,r6p3v2_pi05_sp_50_B_r2:eval:3:1,1,3,1,4,20,B,False,568.097,570.864,ok,,0.25,0.0,0.25,20,2,4,5,0.0,13.816581098973662,0.0
pi05_sp_50,r6p3v2_pi05_sp_50_B_r2,r6p3v2_pi05_sp_50_B_r2:eval:3:1,1,3,1,6,30,B,False,538.266,541.139,ok,,0.25,0.0,0.25,20,2,4,5,0.125,10.742662836335198,0.0
pi05_sp_50,r6p3v2_pi05_sp_50_B_r2,r6p3v2_pi05_sp_50_B_r2:eval:3:1,1,3,1,8,40,B,False,543.993,546.66,ok,,0.25,0.0,0.25,20,2,4,5,0.25,11.147028772191996,0.0
pi05_sp_50,r6p3v2_pi05_sp_50_B_r2,r6p3v2_pi05_sp_50_B_r2:eval:3:1,1,3,1,10,50,B,False,512.908,515.481,ok,,0.25,0.0,0.25,20,2,4,5,0.375,11.562673657441765,0.0
pi05_sp_50,r6p3v2_pi05_sp_50_B_r2,r6p3v2_pi05_sp_50_B_r2:eval:3:1,1,3,1,12,60,B,False,565.263,568.234,ok,,0.25,0.0,0.25,20,2,4,5,0.5,12.414069364261744,0.0
pi05_sp_50,r6p3v2_pi05_sp_50_B_r2,r6p3v2_pi05_sp_50_B_r2:eval:3:1,1,3,1,14,70,B,False,619.293,622.276,ok,,0.25,0.0,0.25,20,2,4,5,0.625,12.340274195924541,0.0
pi05_sp_50,r6p3v2_pi05_sp_50_B_r2,r6p3v2_pi05_sp_50_B_r2:eval:3:1,1,3,1,16,80,B,False,705.031,708.489,ok,,0.25,0.0,0.25,20,2,4,5,0.75,14.028563454221208,0.0
pi05_sp_50,r6p3v2_pi05_sp_50_B_r2,r6p3v2_pi05_sp_50_B_r2:eval:4:0,1,4,0,0,0,B,False,45.101,48.091,inactive,warming_up,,,,0,2,4,5,,,
pi05_sp_50,r6p3v2_pi05_sp_50_B_r2,r6p3v2_pi05_sp_50_B_r2:eval:4:0,1,4,0,2,10,B,False,43.022,45.394,inactive,warming_up,,,,0,2,4,5,,,
pi05_sp_50,r6p3v2_pi05_sp_50_B_r2,r6p3v2_pi05_sp_50_B_r2:eval:4:0,1,4,0,4,20,B,False,827.743,830.781,ok,,0.16666666666666666,0.0757575757575758,0.15384615384615385,20,2,4,5,0.0,16.02521072421182,0.07076923076923078
pi05_sp_50,r6p3v2_pi05_sp_50_B_r2,r6p3v2_pi05_sp_50_B_r2:eval:4:0,1,4,0,6,30,B,False,734.633,738.038,ok,,0.16666666666666669,0.021818181818181792,0.15384615384615385,20,2,4,5,0.08333333333333333,11.234504803632626,0.02181818181818182
pi05_sp_50,r6p3v2_pi05_sp_50_B_r2,r6p3v2_pi05_sp_50_B_r2:eval:4:0,1,4,0,8,40,B,False,633.622,637.059,ok,,0.16,0.021818181818181792,0.15384615384615385,20,2,4,5,0.16666666666666666,10.999135624128122,0.02006688963210701
pi05_sp_50,r6p3v2_pi05_sp_50_B_r2,r6p3v2_pi05_sp_50_B_r2:eval:4:0,1,4,0,10,50,B,False,730.864,733.824,ok,,0.16666666666666669,0.021818181818181792,0.15384615384615385,20,2,4,5,0.25,10.970760058188446,0.021818181818181792
pi05_sp_50,r6p3v2_pi05_sp_50_B_r2,r6p3v2_pi05_sp_50_B_r2:eval:4:0,1,4,0,12,60,B,False,706.162,709.469,ok,,0.16666666666666669,0.021818181818181792,0.15384615384615385,20,2,4,5,0.3333333333333333,11.918685600069283,0.021818181818181792
pi05_sp_50,r6p3v2_pi05_sp_50_B_r2,r6p3v2_pi05_sp_50_B_r2:eval:4:0,1,4,0,14,70,B,False,553.476,556.361,ok,,0.16000000000000003,0.0757575757575758,0.1538461538461538,20,2,4,5,0.4166666666666667,12.103741039146856,0.08300395256917004
pi05_sp_50,r6p3v2_pi05_sp_50_B_r2,r6p3v2_pi05_sp_50_B_r2:eval:4:0,1,4,0,16,80,B,False,581.508,584.094,ok,,0.16000000000000003,0.021818181818181792,0.15384615384615385,20,2,4,5,0.5,10.602076879686923,0.02006688963210701
pi05_sp_50,r6p3v2_pi05_sp_50_B_r2,r6p3v2_pi05_sp_50_B_r2:eval:4:0,1,4,0,18,90,B,False,616.557,619.255,ok,,0.15999999999999992,0.021818181818181792,0.15384615384615385,20,2,4,5,0.5833333333333334,8.717889109867313,0.02006688963210701
pi05_sp_50,r6p3v2_pi05_sp_50_B_r2,r6p3v2_pi05_sp_50_B_r2:eval:4:0,1,4,0,20,100,B,False,533.232,535.747,ok,,0.16666666666666674,0.0757575757575758,0.15384615384615385,20,2,4,5,0.6666666666666666,8.815626161196263,0.08615384615384614
pi05_sp_50,r6p3v2_pi05_sp_50_B_r2,r6p3v2_pi05_sp_50_B_r2:eval:4:0,1,4,0,22,110,B,False,594.385,597.179,ok,,0.16666666666666663,0.0757575757575758,0.1538461538461538,20,2,4,5,0.75,9.777908359293114,0.08615384615384614
pi05_sp_50,r6p3v2_pi05_sp_50_B_r2,r6p3v2_pi05_sp_50_B_r2:eval:4:0,1,4,0,24,120,B,False,576.147,578.663,slow_ambiguous,,0.12,0.0757575757575758,0.1538461538461538,20,2,4,5,0.8461538461538461,10.220663368433426,0.08974358974358965
pi05_sp_50,r6p3v2_pi05_sp_50_B_r2,r6p3v2_pi05_sp_50_B_r2:eval:4:1,1,4,1,0,0,B,False,42.291,45.527,inactive,warming_up,,,,0,2,4,5,,,
pi05_sp_50,r6p3v2_pi05_sp_50_B_r2,r6p3v2_pi05_sp_50_B_r2:eval:4:1,1,4,1,2,10,B,False,29.162,30.947,inactive,warming_up,,,,0,2,4,5,,,
pi05_sp_50,r6p3v2_pi05_sp_50_B_r2,r6p3v2_pi05_sp_50_B_r2:eval:4:1,1,4,1,4,20,B,False,662.97,665.872,ok,,0.16,0.021818181818181792,0.15384615384615385,20,2,4,5,0.0,14.580958883955132,0.02797202797202797
pi05_sp_50,r6p3v2_pi05_sp_50_B_r2,r6p3v2_pi05_sp_50_B_r2:eval:4:1,1,4,1,6,30,B,False,625.271,628.307,ok,,0.15999999999999998,0.021818181818181792,0.15384615384615385,20,2,4,5,0.08,10.943988570106924,0.02797202797202794
pi05_sp_50,r6p3v2_pi05_sp_50_B_r2,r6p3v2_pi05_sp_50_B_r2:eval:4:1,1,4,1,8,40,B,False,646.557,655.741,ok,,0.15384615384615385,0.0757575757575758,0.15384615384615385,20,2,4,5,0.16,11.053226641719,0.07575757575757577
pi05_sp_50,r6p3v2_pi05_sp_50_B_r2,r6p3v2_pi05_sp_50_B_r2:eval:4:1,1,4,1,10,50,B,False,577.388,580.422,ok,,0.15384615384615385,0.0757575757575758,0.15384615384615385,20,2,4,5,0.24,11.561793091539707,0.07575757575757575
pi05_sp_50,r6p3v2_pi05_sp_50_B_r2,r6p3v2_pi05_sp_50_B_r2:eval:4:1,1,4,1,12,60,B,False,867.746,792.865,ok,,0.16666666666666669,0.0757575757575758,0.15384615384615385,20,2,4,5,0.3076923076923077,13.244562930229383,0.07076923076923078
pi05_sp_50,r6p3v2_pi05_sp_50_B_r2,r6p3v2_pi05_sp_50_B_r2:eval:4:1,1,4,1,14,70,B,False,593.257,596.083,ok,,0.16666666666666669,0.021818181818181792,0.15384615384615385,20,2,4,5,0.4,15.361328737477953,0.021818181818181737
pi05_sp_50,r6p3v2_pi05_sp_50_B_r2,r6p3v2_pi05_sp_50_B_r2:eval:4:1,1,4,1,16,80,B,False,588.447,591.113,ok,,0.16666666666666663,0.06909090909090909,0.1538461538461538,20,2,4,5,0.48,18.247344833806327,0.11272727272727273
pi05_sp_50,r6p3v2_pi05_sp_50_B_r2,r6p3v2_pi05_sp_50_B_r2:eval:4:1,1,4,1,18,90,B,False,565.975,568.494,ok,,0.17391304347826086,0.0757575757575758,0.15384615384615385,20,2,4,5,0.5454545454545454,20.80575487979573,0.06410256410256421
pi05_sp_50,r6p3v2_pi05_sp_50_B_r2,r6p3v2_pi05_sp_50_B_r2:eval:4:1,1,4,1,20,100,B,False,556.391,558.866,ok,,0.16666666666666674,0.0757575757575758,0.1538461538461538,20,2,4,5,0.6666666666666666,22.968807826320994,0.08615384615384614
pi05_sp_50,r6p3v2_pi05_sp_50_B_r2,r6p3v2_pi05_sp_50_B_r2:eval:4:1,1,4,1,22,110,B,False,503.733,506.153,ok,,0.17391304347826086,0.07304347826086965,0.15384615384615385,20,2,4,5,0.75,24.057200955462292,0.12615384615384617
pi05_sp_50,r6p3v2_pi05_sp_50_B_r2,r6p3v2_pi05_sp_50_B_r2:eval:4:1,1,4,1,24,120,B,True,567.647,570.231,slow_ambiguous,,0.12,0.0757575757575758,0.1538461538461538,20,2,4,5,0.8461538461538461,23.486056240986954,0.08974358974358965
pi05_sp_50,r6p3v2_pi05_sp_50_B_r2,r6p3v2_pi05_sp_50_B_r2:eval:4:1,1,4,1,26,130,B,True,560.275,562.706,slow_confirmed,,0.04347826086956519,0.0757575757575758,0.1538461538461538,20,2,4,5,0.9230769230769231,23.139144812475347,0.09090909090909094
pi05_sp_50,r6p3v2_pi05_sp_50_B_r2,r6p3v2_pi05_sp_50_B_r2:eval:4:1,1,4,1,28,140,B,True,552.189,554.788,slow_confirmed,,0.0,0.0757575757575758,0.1538461538461538,20,2,4,5,0.9230769230769231,23.3070183071431,0.09090909090909094
pi05_sp_50,r6p3v2_pi05_sp_50_B_r2,r6p3v2_pi05_sp_50_B_r2:eval:4:1,1,4,1,30,150,B,True,541.323,543.84,slow_confirmed,,0.0,0.0757575757575758,0.15384615384615385,20,2,4,5,1.0,25.687580036816527,0.0
pi05_sp_50,r6p3v2_pi05_sp_50_B_r2,r6p3v2_pi05_sp_50_B_r2:eval:4:1,1,4,1,32,160,B,True,575.947,588.934,slow_confirmed,,0.0,0.0757575757575758,0.15384615384615385,20,2,4,5,1.0,27.838371082332543,0.0
pi05_sp_50,r6p3v2_pi05_sp_50_B_r2,r6p3v2_pi05_sp_50_B_r2:eval:4:1,1,4,1,34,170,B,True,546.141,548.756,slow_confirmed,,0.0,0.021818181818181792,0.15384615384615385,20,2,4,5,0.24,29.127460557818537,0.0
pi05_sp_50,r6p3v2_pi05_sp_50_B_r2,r6p3v2_pi05_sp_50_B_r2:eval:4:1,1,4,1,36,180,B,True,562.118,564.689,slow_confirmed,,0.0,0.0757575757575758,0.15384615384615385,20,2,4,5,0.18181818181818182,30.127739267000695,0.08333333333333333
pi05_sp_50,r6p3v2_pi05_sp_50_B_r2,r6p3v2_pi05_sp_50_B_r2:eval:4:1,1,4,1,38,190,B,True,543.559,546.125,slow_confirmed,,0.0,0.0757575757575758,0.15384615384615385,20,2,4,5,0.0,30.871594095322138,0.08333333333333333
pi05_sp_50,r6p3v2_pi05_sp_50_B_r2,r6p3v2_pi05_sp_50_B_r2:eval:4:1,1,4,1,40,200,B,True,537.473,539.975,slow_confirmed,,0.0,0.06909090909090909,0.15384615384615385,20,2,4,5,0.08695652173913043,31.214656958483676,0.3076923076923077
pi05_sp_50,r6p3v2_pi05_sp_50_B_r2,r6p3v2_pi05_sp_50_B_r2:eval:4:1,1,4,1,42,210,B,True,543.011,545.493,slow_confirmed,,0.0,0.0757575757575758,0.1538461538461538,20,2,4,5,0.08695652173913043,31.290175297387563,0.09090909090909091
pi05_sp_50,r6p3v2_pi05_sp_50_B_r2,r6p3v2_pi05_sp_50_B_r2:eval:5:0,1,5,0,0,0,B,False,44.013,47.492,inactive,warming_up,,,,0,2,4,5,,,
pi05_sp_50,r6p3v2_pi05_sp_50_B_r2,r6p3v2_pi05_sp_50_B_r2:eval:5:0,1,5,0,2,10,B,False,31.911,33.658,inactive,warming_up,,,,0,2,4,5,,,
pi05_sp_50,r6p3v2_pi05_sp_50_B_r2,r6p3v2_pi05_sp_50_B_r2:eval:5:0,1,5,0,4,20,B,False,587.059,589.742,ok,,0.22222222222222224,0.013071895424836583,0.22222222222222224,20,2,4,5,0.0,20.958370221105334,0.013071895424836583
pi05_sp_50,r6p3v2_pi05_sp_50_B_r2,r6p3v2_pi05_sp_50_B_r2:eval:5:0,1,5,0,6,30,B,False,555.589,558.235,ok,,0.22222222222222224,0.013071895424836583,0.22222222222222224,20,2,4,5,0.1111111111111111,16.09987379493174,0.013071895424836583
pi05_sp_50,r6p3v2_pi05_sp_50_B_r2,r6p3v2_pi05_sp_50_B_r2:eval:5:0,1,5,0,8,40,B,False,487.838,490.484,ok,,0.22222222222222224,0.013071895424836583,0.22222222222222224,20,2,4,5,0.2222222222222222,14.023208677554052,0.013071895424836583
pi05_sp_50,r6p3v2_pi05_sp_50_B_r2,r6p3v2_pi05_sp_50_B_r2:eval:5:0,1,5,0,10,50,B,False,541.444,544.147,ok,,0.22222222222222227,0.11111111111111108,0.22222222222222224,20,2,4,5,0.3333333333333333,14.718188603648729,0.013071895424836555
pi05_sp_50,r6p3v2_pi05_sp_50_B_r2,r6p3v2_pi05_sp_50_B_r2:eval:5:0,1,5,0,12,60,B,False,526.175,528.805,ok,,0.22222222222222224,0.04575163398692808,0.22222222222222224,20,2,4,5,0.47058823529411764,15.89578829039314,0.12418300653594783
pi05_sp_50,r6p3v2_pi05_sp_50_B_r2,r6p3v2_pi05_sp_50_B_r2:eval:5:0,1,5,0,14,70,B,False,513.318,515.822,ok,,0.22222222222222224,0.11111111111111108,0.22222222222222224,20,2,4,5,0.5555555555555556,16.473960261959718,0.013071895424836555
pi05_sp_50,r6p3v2_pi05_sp_50_B_r2,r6p3v2_pi05_sp_50_B_r2:eval:5:0,1,5,0,16,80,B,False,562.106,564.605,ok,,0.22222222222222224,0.11111111111111108,0.22222222222222224,20,2,4,5,0.6666666666666666,15.663680429481838,0.013071895424836555
pi05_sp_50,r6p3v2_pi05_sp_50_B_r2,r6p3v2_pi05_sp_50_B_r2:eval:5:0,1,5,0,18,90,B,False,563.065,565.457,slow_ambiguous,,0.17647058823529416,0.04575163398692808,0.22222222222222224,20,2,4,5,0.7777777777777778,15.630345430204157,0.1045751633986928
pi05_sp_50,r6p3v2_pi05_sp_50_B_r2,r6p3v2_pi05_sp_50_B_r2:eval:5:0,1,5,0,20,100,B,True,536.265,538.758,slow_confirmed,,0.05882352941176472,0.04575163398692808,0.22222222222222224,20,2,4,5,0.8888888888888888,18.7987101444466,0.11111111111111116
pi05_sp_50,r6p3v2_pi05_sp_50_B_r2,r6p3v2_pi05_sp_50_B_r2:eval:5:0,1,5,0,22,110,B,True,580.33,582.834,slow_confirmed,,0.0,0.11111111111111108,0.22222222222222224,20,2,4,5,1.0,23.119261828051535,0.0
pi05_sp_50,r6p3v2_pi05_sp_50_B_r2,r6p3v2_pi05_sp_50_B_r2:eval:5:1,1,5,1,0,0,B,False,43.064,46.255,inactive,warming_up,,,,0,2,4,5,,,
pi05_sp_50,r6p3v2_pi05_sp_50_B_r2,r6p3v2_pi05_sp_50_B_r2:eval:5:1,1,5,1,2,10,B,False,29.702,31.399,inactive,warming_up,,,,0,2,4,5,,,
pi05_sp_50,r6p3v2_pi05_sp_50_B_r2,r6p3v2_pi05_sp_50_B_r2:eval:5:1,1,5,1,4,20,B,False,602.794,605.391,ok,,0.22222222222222224,0.013071895424836583,0.22222222222222224,20,2,4,5,0.0,22.65294190199802,0.013071895424836583
pi05_sp_50,r6p3v2_pi05_sp_50_B_r2,r6p3v2_pi05_sp_50_B_r2:eval:5:1,1,5,1,6,30,B,False,572.636,587.545,ok,,0.22222222222222224,0.013071895424836583,0.22222222222222224,20,2,4,5,0.1111111111111111,17.47720955208752,0.013071895424836583
pi05_sp_50,r6p3v2_pi05_sp_50_B_r2,r6p3v2_pi05_sp_50_B_r2:eval:5:1,1,5,1,8,40,B,False,569.257,571.69,ok,,0.22222222222222224,0.013071895424836583,0.22222222222222224,20,2,4,5,0.2222222222222222,15.898932281935023,0.013071895424836583
pi05_sp_50,r6p3v2_pi05_sp_50_B_r2,r6p3v2_pi05_sp_50_B_r2:eval:5:1,1,5,1,10,50,B,False,548.496,550.884,ok,,0.22222222222222227,0.11111111111111108,0.22222222222222224,20,2,4,5,0.3333333333333333,15.873685958023612,0.013071895424836555
pi05_sp_50,r6p3v2_pi05_sp_50_B_r2,r6p3v2_pi05_sp_50_B_r2:eval:5:1,1,5,1,12,60,B,False,525.07,527.478,ok,,0.22222222222222224,0.04575163398692808,0.22222222222222224,20,2,4,5,0.4444444444444444,16.29962394935677,0.013071895424836638
pi05_sp_50,r6p3v2_pi05_sp_50_B_r2,r6p3v2_pi05_sp_50_B_r2:eval:5:1,1,5,1,14,70,B,False,505.828,508.336,ok,,0.22222222222222224,0.11111111111111108,0.22222222222222224,20,2,4,5,0.5555555555555556,17.044178050451027,0.013071895424836555
pi05_sp_50,r6p3v2_pi05_sp_50_B_r2,r6p3v2_pi05_sp_50_B_r2:eval:5:1,1,5,1,16,80,B,False,556.277,558.769,ok,,0.22222222222222224,0.11111111111111108,0.22222222222222224,20,2,4,5,0.6666666666666666,16.866036864361988,0.013071895424836555
pi05_sp_50,r6p3v2_pi05_sp_50_B_r2,r6p3v2_pi05_sp_50_B_r2:eval:5:1,1,5,1,18,90,B,False,512.022,514.586,slow_ambiguous,,0.17647058823529416,0.04575163398692808,0.22222222222222224,20,2,4,5,0.7777777777777778,15.847496897790743,0.04575163398692808
pi05_sp_50,r6p3v2_pi05_sp_50_B_r2,r6p3v2_pi05_sp_50_B_r2:eval:6:0,1,6,0,0,0,B,False,44.457,47.362,inactive,warming_up,,,,0,2,4,5,,,
pi05_sp_50,r6p3v2_pi05_sp_50_B_r2,r6p3v2_pi05_sp_50_B_r2:eval:6:0,1,6,0,2,10,B,False,30.315,32.248,inactive,warming_up,,,,0,2,4,5,,,
pi05_sp_50,r6p3v2_pi05_sp_50_B_r2,r6p3v2_pi05_sp_50_B_r2:eval:6:0,1,6,0,4,20,B,False,621.863,624.529,ok,,0.17391304347826086,0.04385964912280699,0.16666666666666663,20,2,4,5,0.0,14.500238934512856,0.033333333333333354
pi05_sp_50,r6p3v2_pi05_sp_50_B_r2,r6p3v2_pi05_sp_50_B_r2:eval:6:0,1,6,0,6,30,B,False,539.487,542.126,ok,,0.17391304347826086,0.06666666666666671,0.16666666666666669,20,2,4,5,0.08695652173913043,9.639083845680801,0.0333333333333333
pi05_sp_50,r6p3v2_pi05_sp_50_B_r2,r6p3v2_pi05_sp_50_B_r2:eval:6:0,1,6,0,8,40,B,False,522.446,524.97,ok,,0.17391304347826086,0.04385964912280699,0.16666666666666663,20,2,4,5,0.17391304347826086,8.900591731367726,0.033333333333333354
pi05_sp_50,r6p3v2_pi05_sp_50_B_r2,r6p3v2_pi05_sp_50_B_r2:eval:6:0,1,6,0,10,50,B,False,558.405,560.942,slow_confirmed,,0.08695652173913043,0.07391304347826089,0.16666666666666669,20,2,4,5,0.2608695652173913,9.325901056413647,0.02192982456140352
pi05_sp_50,r6p3v2_pi05_sp_50_B_r2,r6p3v2_pi05_sp_50_B_r2:eval:6:0,1,6,0,12,60,B,False,526.028,528.524,slow_confirmed,,0.09999999999999998,0.0,0.16666666666666663,20,2,4,5,0.34782608695652173,10.666791794620364,0.16304347826086962
pi05_sp_50,r6p3v2_pi05_sp_50_B_r2,r6p3v2_pi05_sp_50_B_r2:eval:6:0,1,6,0,14,70,B,False,523.311,525.854,ok,,0.17391304347826086,0.0,0.16666666666666663,20,2,4,5,0.34782608695652173,13.622583703326,0.23333333333333334
pi05_sp_50,r6p3v2_pi05_sp_50_B_r2,r6p3v2_pi05_sp_50_B_r2:eval:6:0,1,6,0,16,80,B,True,539.815,542.364,ok,,0.17391304347826092,0.026086956521739035,0.16666666666666663,20,2,4,5,0.5,15.715835618822373,0.21666666666666679
pi05_sp_50,r6p3v2_pi05_sp_50_B_r2,r6p3v2_pi05_sp_50_B_r2:eval:6:0,1,6,0,18,90,B,True,530.15,532.717,slow_ambiguous,,0.09999999999999998,0.1739130434782609,0.16666666666666663,20,2,4,5,0.6,17.47556379730791,0.5217391304347826
pi05_sp_50,r6p3v2_pi05_sp_50_B_r2,r6p3v2_pi05_sp_50_B_r2:eval:6:0,1,6,0,20,100,B,True,553.068,555.686,slow_ambiguous,,0.0,0.1739130434782609,0.16666666666666663,20,2,4,5,0.6086956521739131,19.239351198002144,0.26086956521739124
pi05_sp_50,r6p3v2_pi05_sp_50_B_r2,r6p3v2_pi05_sp_50_B_r2:eval:6:0,1,6,0,22,110,B,False,531.288,533.872,slow_confirmed,,0.08333333333333326,0.0,0.16666666666666663,20,2,4,5,0.42105263157894735,19.32418261241703,0.26086956521739135
pi05_sp_50,r6p3v2_pi05_sp_50_B_r2,r6p3v2_pi05_sp_50_B_r2:eval:6:0,1,6,0,24,120,B,False,517.215,519.746,ok,,0.30000000000000004,0.0,0.16666666666666663,20,2,4,5,0.42105263157894735,19.491555972115712,0.17105263157894735
pi05_sp_50,r6p3v2_pi05_sp_50_B_r2,r6p3v2_pi05_sp_50_B_r2:eval:6:0,1,6,0,26,130,B,False,558.328,560.868,slow_ambiguous,,0.10000000000000009,0.1739130434782609,0.16666666666666663,20,2,4,5,0.6666666666666666,18.073338228630504,0.1499999999999999
pi05_sp_50,r6p3v2_pi05_sp_50_B_r2,r6p3v2_pi05_sp_50_B_r2:eval:6:0,1,6,0,28,140,B,True,538.378,540.877,slow_ambiguous,,0.09999999999999998,0.1739130434782609,0.16666666666666663,20,2,4,5,0.8,18.018682380389134,0.19999999999999996
pi05_sp_50,r6p3v2_pi05_sp_50_B_r2,r6p3v2_pi05_sp_50_B_r2:eval:6:1,1,6,1,0,0,B,False,39.8,42.758,inactive,warming_up,,,,0,2,4,5,,,
pi05_sp_50,r6p3v2_pi05_sp_50_B_r2,r6p3v2_pi05_sp_50_B_r2:eval:6:1,1,6,1,2,10,B,False,28.001,29.61,inactive,warming_up,,,,0,2,4,5,,,
pi05_sp_50,r6p3v2_pi05_sp_50_B_r2,r6p3v2_pi05_sp_50_B_r2:eval:6:1,1,6,1,4,20,B,False,563.141,565.661,slow_ambiguous,,0.16666666666666666,0.1739130434782609,0.16666666666666674,20,2,4,5,0.0,24.004683484848925,0.11304347826086958
pi05_sp_50,r6p3v2_pi05_sp_50_B_r2,r6p3v2_pi05_sp_50_B_r2:eval:6:1,1,6,1,6,30,B,False,538.714,541.323,ok,,0.16666666666666669,0.1739130434782609,0.16666666666666663,20,2,4,5,0.08695652173913043,17.942350919912993,0.1
pi05_sp_50,r6p3v2_pi05_sp_50_B_r2,r6p3v2_pi05_sp_50_B_r2:eval:6:1,1,6,1,8,40,B,False,562.186,564.83,ok,,0.21052631578947367,0.07391304347826089,0.16666666666666663,20,2,4,5,0.16666666666666666,16.552241706103164,0.060869565217391286
pi05_sp_50,r6p3v2_pi05_sp_50_B_r2,r6p3v2_pi05_sp_50_B_r2:eval:6:1,1,6,1,10,50,B,True,591.891,594.447,ok,,0.21052631578947367,0.0,0.16666666666666663,20,2,4,5,0.2608695652173913,15.289384905203837,0.1594202898550725
pi05_sp_50,r6p3v2_pi05_sp_50_B_r2,r6p3v2_pi05_sp_50_B_r2:eval:6:1,1,6,1,12,60,B,False,613.081,615.551,ok,,0.19999999999999996,0.07391304347826089,0.16666666666666663,20,2,4,5,0.4,14.822943660536088,0.07608695652173908
pi05_sp_50,r6p3v2_pi05_sp_50_B_r2,r6p3v2_pi05_sp_50_B_r2:eval:6:1,1,6,1,14,70,B,False,606.001,617.388,ok,,0.17391304347826092,0.06666666666666665,0.16666666666666674,20,2,4,5,0.5,16.088812778177736,0.1271929824561404
pi05_sp_50,r6p3v2_pi05_sp_50_B_r2,r6p3v2_pi05_sp_50_B_r2:eval:6:1,1,6,1,16,80,B,False,532.343,534.925,ok,,0.16666666666666674,0.1739130434782609,0.16666666666666674,20,2,4,5,0.6,19.09016466151564,0.09473684210526326
pi05_sp_50,r6p3v2_pi05_sp_50_B_r2,r6p3v2_pi05_sp_50_B_r2:eval:6:1,1,6,1,18,90,B,False,537.476,540.007,slow_ambiguous,,0.10526315789473684,0.1739130434782609,0.16666666666666674,20,2,4,5,0.6666666666666666,20.647686675063532,0.11304347826086972
pi05_sp_50,r6p3v2_pi05_sp_50_B_r2,r6p3v2_pi05_sp_50_B_r2:eval:6:1,1,6,1,20,100,B,False,579.347,581.947,ok,,0.17391304347826086,0.1739130434782609,0.16666666666666663,20,2,4,5,0.7368421052631579,22.409355896792665,0.1271929824561404
pi05_sp_50,r6p3v2_pi05_sp_50_B_r2,r6p3v2_pi05_sp_50_B_r2:eval:7:0,1,7,0,0,0,B,False,39.793,42.585,inactive,warming_up,,,,0,2,4,5,,,
pi05_sp_50,r6p3v2_pi05_sp_50_B_r2,r6p3v2_pi05_sp_50_B_r2:eval:7:0,1,7,0,2,10,B,False,31.189,32.96,inactive,warming_up,,,,0,2,4,5,,,
pi05_sp_50,r6p3v2_pi05_sp_50_B_r2,r6p3v2_pi05_sp_50_B_r2:eval:7:0,1,7,0,4,20,B,False,629.909,632.509,ok,,0.16,0.07575757575757577,0.15384615384615385,20,2,4,5,0.0,16.897950865095716,0.02797202797202797
pi05_sp_50,r6p3v2_pi05_sp_50_B_r2,r6p3v2_pi05_sp_50_B_r2:eval:7:0,1,7,0,6,30,B,False,617.111,619.762,ok,,0.1818181818181818,0.02181818181818182,0.15384615384615385,20,2,4,5,0.08333333333333333,12.743007319830204,0.09615384615384615
pi05_sp_50,r6p3v2_pi05_sp_50_B_r2,r6p3v2_pi05_sp_50_B_r2:eval:7:0,1,7,0,8,40,B,False,580.682,583.295,ok,,0.23076923076923078,0.07575757575757577,0.15384615384615385,20,2,4,5,0.16,13.398969718989123,0.06818181818181818
pi05_sp_50,r6p3v2_pi05_sp_50_B_r2,r6p3v2_pi05_sp_50_B_r2:eval:7:0,1,7,0,10,50,B,False,531.274,533.892,ok,,0.18181818181818182,0.15999999999999998,0.15384615384615385,20,2,4,5,0.2727272727272727,13.265090960584942,0.14102564102564097
pi05_sp_50,r6p3v2_pi05_sp_50_B_r2,r6p3v2_pi05_sp_50_B_r2:eval:7:0,1,7,0,12,60,B,False,584.57,587.154,ok,,0.16666666666666669,0.18181818181818182,0.15384615384615385,20,2,4,5,0.38461538461538464,13.12593394222459,0.07076923076923075
pi05_sp_50,r6p3v2_pi05_sp_50_B_r2,r6p3v2_pi05_sp_50_B_r2:eval:7:0,1,7,0,14,70,B,False,535.889,538.355,ok,,0.15384615384615385,0.15384615384615385,0.15384615384615385,20,2,4,5,0.5,12.373452280907967,0.10181818181818186
pi05_sp_50,r6p3v2_pi05_sp_50_B_r2,r6p3v2_pi05_sp_50_B_r2:eval:7:0,1,7,0,16,80,B,False,534.16,536.806,ok,,0.15384615384615385,0.18181818181818182,0.15384615384615385,20,2,4,5,0.56,12.159050520194222,0.14909090909090905
pi05_sp_50,r6p3v2_pi05_sp_50_B_r2,r6p3v2_pi05_sp_50_B_r2:eval:7:0,1,7,0,18,90,B,False,544.458,546.953,ok,,0.18181818181818188,0.10181818181818192,0.15384615384615385,20,2,4,5,0.6363636363636364,11.65104185003414,0.08615384615384614
pi05_sp_50,r6p3v2_pi05_sp_50_B_r2,r6p3v2_pi05_sp_50_B_r2:eval:7:0,1,7,0,20,100,B,False,532.179,534.667,ok,,0.16666666666666663,0.18181818181818182,0.15384615384615385,20,2,4,5,0.7272727272727273,11.05932811568906,0.027972027972027913
pi05_sp_50,r6p3v2_pi05_sp_50_B_r2,r6p3v2_pi05_sp_50_B_r2:eval:7:0,1,7,0,22,110,B,False,547.156,549.815,ok,,0.16666666666666663,0.18181818181818182,0.15384615384615385,20,2,4,5,0.8181818181818182,10.615127999252325,0.10489510489510478
pi05_sp_50,r6p3v2_pi05_sp_50_B_r2,r6p3v2_pi05_sp_50_B_r2:eval:7:1,1,7,1,0,0,B,False,45.66,52.521,inactive,warming_up,,,,0,2,4,5,,,
pi05_sp_50,r6p3v2_pi05_sp_50_B_r2,r6p3v2_pi05_sp_50_B_r2:eval:7:1,1,7,1,2,10,B,False,31.7,33.667,inactive,warming_up,,,,0,2,4,5,,,
pi05_sp_50,r6p3v2_pi05_sp_50_B_r2,r6p3v2_pi05_sp_50_B_r2:eval:7:1,1,7,1,4,20,B,False,573.435,576.078,ok,,0.16666666666666666,0.07575757575757577,0.15384615384615385,20,2,4,5,0.0,15.428617979864034,0.02181818181818182
pi05_sp_50,r6p3v2_pi05_sp_50_B_r2,r6p3v2_pi05_sp_50_B_r2:eval:7:1,1,7,1,6,30,B,False,552.503,555.238,ok,,0.15999999999999998,0.02181818181818182,0.15384615384615385,20,2,4,5,0.08,13.353429753982965,0.09615384615384615
pi05_sp_50,r6p3v2_pi05_sp_50_B_r2,r6p3v2_pi05_sp_50_B_r2:eval:7:1,1,7,1,8,40,B,False,543.384,545.938,ok,,0.23076923076923078,0.07575757575757577,0.15384615384615385,20,2,4,5,0.16,14.115523952697885,0.06818181818181818
pi05_sp_50,r6p3v2_pi05_sp_50_B_r2,r6p3v2_pi05_sp_50_B_r2:eval:7:1,1,7,1,10,50,B,False,535.067,537.752,ok,,0.18181818181818182,0.15384615384615385,0.15384615384615385,20,2,4,5,0.24,14.824708322612437,0.14102564102564097
pi05_sp_50,r6p3v2_pi05_sp_50_B_r2,r6p3v2_pi05_sp_50_B_r2:eval:7:1,1,7,1,12,60,B,True,543.076,545.612,ok,,0.16666666666666669,0.18181818181818182,0.15384615384615385,20,2,4,5,0.38461538461538464,14.154955500398918,0.07076923076923075
pi05_sp_50,r6p3v2_pi05_sp_50_B_r2,r6p3v2_pi05_sp_50_B_r2:eval:7:1,1,7,1,14,70,B,False,542.743,545.032,ok,,0.16000000000000003,0.18181818181818182,0.15384615384615385,20,2,4,5,0.48,14.529905152647515,0.02797202797202797
pi05_sp_50,r6p3v2_pi05_sp_50_B_r2,r6p3v2_pi05_sp_50_B_r2:eval:7:1,1,7,1,16,80,B,False,551.382,554.022,ok,,0.15999999999999992,0.18181818181818182,0.15384615384615385,20,2,4,5,0.56,15.164561100899661,0.104895104895105
pi05_sp_50,r6p3v2_pi05_sp_50_B_r2,r6p3v2_pi05_sp_50_B_r2:eval:7:1,1,7,1,18,90,B,False,568.313,570.916,ok,,0.16666666666666674,0.18181818181818182,0.15384615384615385,20,2,4,5,0.6363636363636364,15.471673322510386,0.027972027972028024
pi05_sp_50,r6p3v2_pi05_sp_50_B_r2,r6p3v2_pi05_sp_50_B_r2:eval:7:1,1,7,1,20,100,B,False,473.363,475.819,ok,,0.18181818181818177,0.18181818181818182,0.15384615384615385,20,2,4,5,0.7272727272727273,14.864693103528202,0.06410256410256421
pi05_sp_50,r6p3v2_pi05_sp_50_B_r2,r6p3v2_pi05_sp_50_B_r2:eval:7:1,1,7,1,22,110,B,False,596.975,599.529,slow_ambiguous,,0.08333333333333326,0.18181818181818182,0.15384615384615385,20,2,4,5,0.8181818181818182,14.292260148714421,0.10489510489510478
pi05_sp_50,r6p3v2_pi05_sp_50_B_r2,r6p3v2_pi05_sp_50_B_r2:eval:8:0,1,8,0,0,0,B,False,65.441,68.57,inactive,warming_up,,,,0,2,3,4,,,
pi05_sp_50,r6p3v2_pi05_sp_50_B_r2,r6p3v2_pi05_sp_50_B_r2:eval:8:0,1,8,0,2,10,B,False,30.367,32.229,inactive,warming_up,,,,0,2,3,4,,,
pi05_sp_50,r6p3v2_pi05_sp_50_B_r2,r6p3v2_pi05_sp_50_B_r2:eval:8:0,1,8,0,4,20,B,False,563.882,566.46,ok,,0.22222222222222224,0.11111111111111112,0.22222222222222224,20,2,3,4,0.0,27.61268204543967,0.027777777777777762
pi05_sp_50,r6p3v2_pi05_sp_50_B_r2,r6p3v2_pi05_sp_50_B_r2:eval:8:0,1,8,0,6,30,B,False,481.586,484.123,ok,,0.25,0.09722222222222224,0.22222222222222224,20,2,3,4,0.125,20.990270945190492,0.2222222222222222
pi05_sp_50,r6p3v2_pi05_sp_50_B_r2,r6p3v2_pi05_sp_50_B_r2:eval:8:0,1,8,0,8,40,B,False,438.055,440.77,ok,,0.22222222222222224,0.11111111111111112,0.22222222222222224,20,2,3,4,0.2222222222222222,17.940352319728706,0.027777777777777762
pi05_sp_50,r6p3v2_pi05_sp_50_B_r2,r6p3v2_pi05_sp_50_B_r2:eval:8:0,1,8,0,10,50,B,False,455.59,458.143,ok,,0.22222222222222227,0.09722222222222224,0.22222222222222224,20,2,3,4,0.375,16.595223605321685,0.13888888888888884
pi05_sp_50,r6p3v2_pi05_sp_50_B_r2,r6p3v2_pi05_sp_50_B_r2:eval:8:0,1,8,0,12,60,B,False,449.695,452.297,slow_ambiguous,,0.125,0.09722222222222224,0.22222222222222224,20,2,3,4,0.4444444444444444,16.330342943291857,0.11111111111111108
pi05_sp_50,r6p3v2_pi05_sp_50_B_r2,r6p3v2_pi05_sp_50_B_r2:eval:8:0,1,8,0,14,70,B,True,450.32,452.88,slow_confirmed,,0.11111111111111105,0.11111111111111112,0.22222222222222224,20,2,3,4,0.5555555555555556,17.249929926512383,0.01388888888888895
pi05_sp_50,r6p3v2_pi05_sp_50_B_r2,r6p3v2_pi05_sp_50_B_r2:eval:8:0,1,8,0,16,80,B,False,493.663,496.281,slow_confirmed,,0.125,0.027777777777777762,0.22222222222222224,20,2,3,4,0.625,19.38771009284688,0.22222222222222224
pi05_sp_50,r6p3v2_pi05_sp_50_B_r2,r6p3v2_pi05_sp_50_B_r2:eval:8:0,1,8,0,18,90,B,False,453.068,455.569,ok,,0.22222222222222224,0.027777777777777762,0.22222222222222224,20,2,3,4,0.6666666666666666,21.215111831806926,0.33333333333333337
pi05_sp_50,r6p3v2_pi05_sp_50_B_r2,r6p3v2_pi05_sp_50_B_r2:eval:8:0,1,8,0,20,100,B,False,481.931,484.449,ok,,0.22222222222222224,0.027777777777777762,0.22222222222222224,20,2,3,4,0.75,22.408566052862415,0.027777777777777762
pi05_sp_50,r6p3v2_pi05_sp_50_B_r2,r6p3v2_pi05_sp_50_B_r2:eval:8:1,1,8,1,0,0,B,False,53.283,56.592,inactive,warming_up,,,,0,2,3,4,,,
pi05_sp_50,r6p3v2_pi05_sp_50_B_r2,r6p3v2_pi05_sp_50_B_r2:eval:8:1,1,8,1,2,10,B,False,29.364,31.111,inactive,warming_up,,,,0,2,3,4,,,
pi05_sp_50,r6p3v2_pi05_sp_50_B_r2,r6p3v2_pi05_sp_50_B_r2:eval:8:1,1,8,1,4,20,B,False,518.273,525.79,ok,,0.22222222222222224,0.11111111111111112,0.22222222222222224,20,2,3,4,0.0,15.555447587020813,0.027777777777777762
pi05_sp_50,r6p3v2_pi05_sp_50_B_r2,r6p3v2_pi05_sp_50_B_r2:eval:8:1,1,8,1,6,30,B,False,452.105,454.674,ok,,0.22222222222222224,0.11111111111111112,0.22222222222222224,20,2,3,4,0.1111111111111111,12.187313280220067,0.027777777777777762
pi05_sp_50,r6p3v2_pi05_sp_50_B_r2,r6p3v2_pi05_sp_50_B_r2:eval:8:1,1,8,1,8,40,B,False,458.712,461.295,ok,,0.22222222222222224,0.11111111111111112,0.22222222222222224,20,2,3,4,0.2222222222222222,11.233095539370007,0.027777777777777762
pi05_sp_50,r6p3v2_pi05_sp_50_B_r2,r6p3v2_pi05_sp_50_B_r2:eval:8:1,1,8,1,10,50,B,False,477.674,480.162,ok,,0.25,0.09722222222222224,0.22222222222222224,20,2,3,4,0.3333333333333333,11.257388739634727,0.11111111111111105
pi05_sp_50,r6p3v2_pi05_sp_50_B_r2,r6p3v2_pi05_sp_50_B_r2:eval:8:1,1,8,1,12,60,B,False,442.451,445.007,ok,,0.22222222222222224,0.027777777777777762,0.22222222222222224,20,2,3,4,0.4444444444444444,10.677811698008606,0.09722222222222224
pi05_sp_50,r6p3v2_pi05_sp_50_B_r2,r6p3v2_pi05_sp_50_B_r2:eval:8:1,1,8,1,14,70,B,False,448.52,451.03,ok,,0.22222222222222224,0.09722222222222224,0.22222222222222224,20,2,3,4,0.625,10.845373262031648,0.13888888888888884
pi05_sp_50,r6p3v2_pi05_sp_50_B_r2,r6p3v2_pi05_sp_50_B_r2:eval:8:1,1,8,1,16,80,B,False,435.227,437.807,ok,,0.22222222222222224,0.027777777777777762,0.22222222222222224,20,2,3,4,0.6666666666666666,11.453944137604944,0.11111111111111119
pi05_sp_50,r6p3v2_pi05_sp_50_B_r2,r6p3v2_pi05_sp_50_B_r2:eval:8:1,1,8,1,18,90,B,False,445.889,448.353,ok,,0.22222222222222224,0.027777777777777762,0.22222222222222224,20,2,3,4,0.7777777777777778,12.660262895106184,0.09722222222222224
pi05_sp_50,r6p3v2_pi05_sp_50_B_r2,r6p3v2_pi05_sp_50_B_r2:eval:8:1,1,8,1,20,100,B,True,430.316,432.894,slow_confirmed,,0.11111111111111116,0.027777777777777762,0.22222222222222224,20,2,3,4,0.8888888888888888,15.432677985793914,0.11111111111111116
pi05_sp_50,r6p3v2_pi05_sp_50_B_r2,r6p3v2_pi05_sp_50_B_r2:eval:9:0,1,9,0,0,0,B,False,47.679,50.577,inactive,warming_up,,,,0,2,4,5,,,
pi05_sp_50,r6p3v2_pi05_sp_50_B_r2,r6p3v2_pi05_sp_50_B_r2:eval:9:0,1,9,0,2,10,B,False,32.644,34.367,inactive,warming_up,,,,0,2,4,5,,,
pi05_sp_50,r6p3v2_pi05_sp_50_B_r2,r6p3v2_pi05_sp_50_B_r2:eval:9:0,1,9,0,4,20,B,False,649.105,651.556,ok,,0.18181818181818182,0.02608695652173909,0.16666666666666669,20,2,4,5,0.0,18.45383729514366,0.026086956521739146
pi05_sp_50,r6p3v2_pi05_sp_50_B_r2,r6p3v2_pi05_sp_50_B_r2:eval:9:0,1,9,0,6,30,B,False,544.585,547.156,ok,,0.1818181818181818,0.02608695652173909,0.16666666666666669,20,2,4,5,0.09090909090909091,14.770700044784796,0.02608695652173912
pi05_sp_50,r6p3v2_pi05_sp_50_B_r2,r6p3v2_pi05_sp_50_B_r2:eval:9:0,1,9,0,8,40,B,False,546.37,549.109,ok,,0.18181818181818182,0.02608695652173909,0.16666666666666669,20,2,4,5,0.18181818181818182,16.06592601316288,0.026086956521739146
pi05_sp_50,r6p3v2_pi05_sp_50_B_r2,r6p3v2_pi05_sp_50_B_r2:eval:9:0,1,9,0,10,50,B,False,525.72,528.247,ok,,0.18181818181818182,0.0757575757575758,0.16666666666666669,20,2,4,5,0.2727272727272727,18.599138286476386,0.026086956521739146
pi05_sp_50,r6p3v2_pi05_sp_50_B_r2,r6p3v2_pi05_sp_50_B_r2:eval:9:0,1,9,0,12,60,B,True,567.542,570.018,slow_confirmed,,0.09090909090909088,0.07391304347826089,0.16666666666666663,20,2,4,5,0.36363636363636365,20.671066816825086,0.08300395256916998
pi05_sp_50,r6p3v2_pi05_sp_50_B_r2,r6p3v2_pi05_sp_50_B_r2:eval:9:0,1,9,0,14,70,B,False,539.899,542.352,ok,,0.18181818181818182,0.02608695652173909,0.16666666666666669,20,2,4,5,0.45454545454545453,21.057911827006446,0.026086956521739035
pi05_sp_50,r6p3v2_pi05_sp_50_B_r2,r6p3v2_pi05_sp_50_B_r2:eval:9:0,1,9,0,16,80,B,False,531.329,533.757,ok,,0.18181818181818182,0.08181818181818179,0.16666666666666663,20,2,4,5,0.45454545454545453,19.85270421979131,0.0988142292490119
pi05_sp_50,r6p3v2_pi05_sp_50_B_r2,r6p3v2_pi05_sp_50_B_r2:eval:9:0,1,9,0,18,90,B,False,569.651,572.106,ok,,0.17391304347826086,0.07391304347826089,0.16666666666666663,20,2,4,5,0.6363636363636364,19.63747728389841,0.08181818181818179
pi05_sp_50,r6p3v2_pi05_sp_50_B_r2,r6p3v2_pi05_sp_50_B_r2:eval:9:0,1,9,0,20,100,B,False,583.235,585.785,ok,,0.17391304347826086,0.09848484848484851,0.16666666666666663,20,2,4,5,0.6956521739130435,21.536614139760854,0.10606060606060608
pi05_sp_50,r6p3v2_pi05_sp_50_B_r2,r6p3v2_pi05_sp_50_B_r2:eval:9:0,1,9,0,22,110,B,False,501.269,503.816,ok,,0.18181818181818177,0.08181818181818179,0.16666666666666663,20,2,4,5,0.8181818181818182,22.701223076772806,0.05072463768115945
pi05_sp_50,r6p3v2_pi05_sp_50_B_r2,r6p3v2_pi05_sp_50_B_r2:eval:9:0,1,9,0,24,120,B,True,552.935,555.414,slow_ambiguous,,0.09090909090909094,0.08181818181818179,0.16666666666666663,20,2,4,5,0.9,22.970262214525345,0.03952569169960474
pi05_sp_50,r6p3v2_pi05_sp_50_B_r2,r6p3v2_pi05_sp_50_B_r2:eval:9:0,1,9,0,26,130,B,True,571.743,574.255,slow_ambiguous,,0.0,0.1739130434782609,0.16666666666666669,20,2,4,5,1.0,22.566442925097693,0.0
pi05_sp_50,r6p3v2_pi05_sp_50_B_r2,r6p3v2_pi05_sp_50_B_r2:eval:9:0,1,9,0,28,140,B,True,603.11,605.572,slow_ambiguous,,0.0,0.1739130434782609,0.16666666666666663,20,2,4,5,0.4,23.335687443783275,0.6
pi05_sp_50,r6p3v2_pi05_sp_50_B_r2,r6p3v2_pi05_sp_50_B_r2:eval:9:0,1,9,0,30,150,B,True,549.119,551.581,slow_ambiguous,,0.0,0.1739130434782609,0.16666666666666663,20,2,4,5,0.4,24.800394201840486,0.6
pi05_sp_50,r6p3v2_pi05_sp_50_B_r2,r6p3v2_pi05_sp_50_B_r2:eval:9:0,1,9,0,32,160,B,True,571.483,574.038,slow_ambiguous,,0.0,0.1739130434782609,0.16666666666666669,20,2,4,5,1.0,27.30256309954262,0.0
pi05_sp_50,r6p3v2_pi05_sp_50_B_r2,r6p3v2_pi05_sp_50_B_r2:eval:9:0,1,9,0,34,170,B,True,534.637,537.166,slow_ambiguous,,0.0,0.1739130434782609,0.16666666666666663,20,2,4,5,0.4,28.511012241971624,0.5217391304347826
pi05_sp_50,r6p3v2_pi05_sp_50_B_r2,r6p3v2_pi05_sp_50_B_r2:eval:9:0,1,9,0,36,180,B,True,550.732,553.388,ok,,0.2608695652173913,0.1739130434782609,0.16666666666666663,20,2,4,5,0.0,28.24420142299698,0.5
pi05_sp_50,r6p3v2_pi05_sp_50_B_r2,r6p3v2_pi05_sp_50_B_r2:eval:9:0,1,9,0,38,190,B,False,596.699,599.225,slow_confirmed,,0.0,0.026086956521739146,0.16666666666666663,20,2,4,5,0.2608695652173913,26.530176634465075,0.08333333333333331
pi05_sp_50,r6p3v2_pi05_sp_50_B_r2,r6p3v2_pi05_sp_50_B_r2:eval:9:0,1,9,0,40,200,B,True,559.692,562.307,slow_confirmed,,0.0,0.0757575757575758,0.16666666666666669,20,2,4,5,0.2727272727272727,26.557831097801472,0.0
pi05_sp_50,r6p3v2_pi05_sp_50_B_r2,r6p3v2_pi05_sp_50_B_r2:eval:9:0,1,9,0,42,210,B,True,539.247,541.732,slow_confirmed,,0.0,0.0757575757575758,0.16666666666666669,20,2,4,5,0.2727272727272727,28.093388502101423,0.0
pi05_sp_50,r6p3v2_pi05_sp_50_B_r2,r6p3v2_pi05_sp_50_B_r2:eval:9:1,1,9,1,0,0,B,False,40.187,68.28,inactive,warming_up,,,,0,2,4,5,,,
pi05_sp_50,r6p3v2_pi05_sp_50_B_r2,r6p3v2_pi05_sp_50_B_r2:eval:9:1,1,9,1,2,10,B,False,31.365,33.322,inactive,warming_up,,,,0,2,4,5,,,
pi05_sp_50,r6p3v2_pi05_sp_50_B_r2,r6p3v2_pi05_sp_50_B_r2:eval:9:1,1,9,1,4,20,B,False,610.845,613.353,ok,,0.18181818181818182,0.02608695652173909,0.16666666666666669,20,2,4,5,0.0,23.428871053794072,0.026086956521739146
pi05_sp_50,r6p3v2_pi05_sp_50_B_r2,r6p3v2_pi05_sp_50_B_r2:eval:9:1,1,9,1,6,30,B,False,579.557,582.043,ok,,0.1818181818181818,0.02608695652173909,0.16666666666666669,20,2,4,5,0.09090909090909091,20.081680203222046,0.02608695652173912
pi05_sp_50,r6p3v2_pi05_sp_50_B_r2,r6p3v2_pi05_sp_50_B_r2:eval:9:1,1,9,1,8,40,B,False,591.471,593.873,ok,,0.16666666666666666,0.08181818181818185,0.16666666666666663,20,2,4,5,0.17391304347826086,19.74157543046235,0.09090909090909094
pi05_sp_50,r6p3v2_pi05_sp_50_B_r2,r6p3v2_pi05_sp_50_B_r2:eval:9:1,1,9,1,10,50,B,False,543.972,546.478,ok,,0.16666666666666669,0.026086956521739146,0.16666666666666663,20,2,4,5,0.2727272727272727,17.676676411809265,0.08181818181818178
pi05_sp_50,r6p3v2_pi05_sp_50_B_r2,r6p3v2_pi05_sp_50_B_r2:eval:9:1,1,9,1,12,60,B,False,561.916,564.404,ok,,0.18181818181818182,0.026086956521739146,0.16666666666666663,20,2,4,5,0.3,16.170657451773398,0.06818181818181829
pi05_sp_50,r6p3v2_pi05_sp_50_B_r2,r6p3v2_pi05_sp_50_B_r2:eval:9:1,1,9,1,14,70,B,False,559.223,561.863,ok,,0.16666666666666663,0.1739130434782609,0.16666666666666663,20,2,4,5,0.45454545454545453,15.02900449623673,0.16996047430830047
pi05_sp_50,r6p3v2_pi05_sp_50_B_r2,r6p3v2_pi05_sp_50_B_r2:eval:9:1,1,9,1,16,80,B,False,552.97,556.502,ok,,0.17391304347826086,0.02608695652173909,0.16666666666666669,20,2,4,5,0.5217391304347826,14.826241204180597,0.033333333333333326
pi05_sp_50,r6p3v2_pi05_sp_50_B_r2,r6p3v2_pi05_sp_50_B_r2:eval:9:1,1,9,1,18,90,B,False,541.802,544.287,ok,,0.17391304347826086,0.02608695652173909,0.16666666666666669,20,2,4,5,0.6086956521739131,14.267046498187696,0.033333333333333354
pi05_sp_50,r6p3v2_pi05_sp_50_B_r2,r6p3v2_pi05_sp_50_B_r2:eval:9:1,1,9,1,20,100,B,False,552.245,554.711,ok,,0.17391304347826086,0.02608695652173909,0.16666666666666663,20,2,4,5,0.7,13.123095447436617,0.033333333333333465
pi05_sp_50,r6p3v2_pi05_sp_50_B_r2,r6p3v2_pi05_sp_50_B_r2:eval:9:1,1,9,1,22,110,B,True,549.654,552.265,slow_ambiguous,,0.09999999999999998,0.1739130434782609,0.16666666666666663,20,2,4,5,0.8,13.178779718867808,0.12648221343873525
