cell,arm,uid,attempt,task_id,init,step,control_index,cohort,noprog_flag,observe_us,observe_cpu_us,state,reason,delta_hat,e90,a10,window_span,W,K,reference_episodes,phase_hat,distance_hat,spread_hat
groot_l10_500,r6p3v2_groot_l10_500_A_r0,r6p3v2_groot_l10_500_A_r0:eval:0:0,1,0,0,0,0,A,False,74.42,77.854,inactive,warming_up,,,,0,2,5,43,,,
groot_l10_500,r6p3v2_groot_l10_500_A_r0,r6p3v2_groot_l10_500_A_r0:eval:0:0,1,0,0,2,10,A,False,40.85,42.986,inactive,warming_up,,,,0,2,5,43,,,
groot_l10_500,r6p3v2_groot_l10_500_A_r0,r6p3v2_groot_l10_500_A_r0:eval:0:0,1,0,0,4,20,A,False,6505.01,6507.902,ok,,0.07407407407407407,0.019916142557652006,0.0625,20,2,5,43,0.0,9.203914227955808,0.03140096618357487
groot_l10_500,r6p3v2_groot_l10_500_A_r0,r6p3v2_groot_l10_500_A_r0:eval:0:0,1,0,0,6,30,A,False,4724.793,4727.789,ok,,0.07547169811320754,0.01340996168582375,0.0625,20,2,5,43,0.038461538461538464,7.627441245240697,0.03508771929824561
groot_l10_500,r6p3v2_groot_l10_500_A_r0,r6p3v2_groot_l10_500_A_r0:eval:0:0,1,0,0,8,40,A,True,4779.545,4796.09,slow_ambiguous,,0.04000000000000001,0.023569023569023573,0.0625,20,2,5,43,0.11538461538461539,7.671235173405875,0.03313840155945419
groot_l10_500,r6p3v2_groot_l10_500_A_r0,r6p3v2_groot_l10_500_A_r0:eval:0:0,1,0,0,10,50,A,False,5152.678,5155.994,ok,,0.0784313725490196,0.025756214435459696,0.0625,20,2,5,43,0.12,7.511139966814184,0.04824561403508773
groot_l10_500,r6p3v2_groot_l10_500_A_r0,r6p3v2_groot_l10_500_A_r0:eval:0:0,1,0,0,12,60,A,False,4484.995,4488.073,ok,,0.0784313725490196,0.025756214435459696,0.0625,20,2,5,43,0.1509433962264151,7.954567190116383,0.054824561403508804
groot_l10_500,r6p3v2_groot_l10_500_A_r0,r6p3v2_groot_l10_500_A_r0:eval:0:0,1,0,0,14,70,A,False,4348.961,4351.831,slow_confirmed,,0.04081632653061226,0.012882447665056362,0.0625,20,2,5,43,0.19607843137254902,7.9917566016476265,0.04629629629629631
groot_l10_500,r6p3v2_groot_l10_500_A_r0,r6p3v2_groot_l10_500_A_r0:eval:0:0,1,0,0,16,80,A,False,5101.88,5105.265,slow_confirmed,,0.040816326530612235,0.006747638326585703,0.0625,20,2,5,43,0.24561403508771928,8.246925761330502,0.07017543859649122
groot_l10_500,r6p3v2_groot_l10_500_A_r0,r6p3v2_groot_l10_500_A_r0:eval:0:0,1,0,0,18,90,A,True,5103.804,5107.132,ok,,0.07407407407407407,0.011484823625922902,0.0625,20,2,5,43,0.23529411764705882,8.664741476655083,0.011457214464733245
groot_l10_500,r6p3v2_groot_l10_500_A_r0,r6p3v2_groot_l10_500_A_r0:eval:0:0,1,0,0,20,100,A,False,4602.711,4606.003,ok,,0.16326530612244897,0.020606060606060572,0.0625,20,2,5,43,0.21739130434782608,8.762260787588657,0.13882532418001528
groot_l10_500,r6p3v2_groot_l10_500_A_r0,r6p3v2_groot_l10_500_A_r0:eval:0:0,1,0,0,22,110,A,False,4508.835,4511.531,ok,,0.08695652173913043,0.020606060606060572,0.0625,20,2,5,43,0.2857142857142857,9.042592178889771,0.17982456140350878
groot_l10_500,r6p3v2_groot_l10_500_A_r0,r6p3v2_groot_l10_500_A_r0:eval:0:0,1,0,0,24,120,A,True,4834.383,4837.247,ok,,0.08163265306122452,0.020606060606060572,0.0625,20,2,5,43,0.34782608695652173,8.653682479538844,0.4714912280701754
groot_l10_500,r6p3v2_groot_l10_500_A_r0,r6p3v2_groot_l10_500_A_r0:eval:0:0,1,0,0,26,130,A,False,4869.374,4872.575,ok,,0.07547169811320753,0.012882447665056362,0.0625,20,2,5,43,0.37735849056603776,8.767114319025268,0.03508771929824561
groot_l10_500,r6p3v2_groot_l10_500_A_r0,r6p3v2_groot_l10_500_A_r0:eval:0:0,1,0,0,28,140,A,False,4910.161,4912.866,ok,,0.07547169811320753,0.01991614255765197,0.0625,20,2,5,43,0.41509433962264153,8.767774548439117,0.03508771929824561
groot_l10_500,r6p3v2_groot_l10_500_A_r0,r6p3v2_groot_l10_500_A_r0:eval:0:0,1,0,0,30,150,A,True,4448.151,4450.746,slow_ambiguous,,0.03508771929824561,0.037010159651669094,0.0625,20,2,5,43,0.5084745762711864,8.956547535342994,0.06779661016949157
groot_l10_500,r6p3v2_groot_l10_500_A_r0,r6p3v2_groot_l10_500_A_r0:eval:0:0,1,0,0,32,160,A,False,4593.76,4596.615,slow_confirmed,,0.0,0.037010159651669094,0.0625,20,2,5,43,0.5098039215686274,9.52717717301073,0.08333333333333337
groot_l10_500,r6p3v2_groot_l10_500_A_r0,r6p3v2_groot_l10_500_A_r0:eval:0:0,1,0,0,34,170,A,False,4746.799,4750.079,ok,,0.06779661016949146,0.037010159651669094,0.0625,20,2,5,43,0.5660377358490566,9.216317798787076,0.08726415094339623
groot_l10_500,r6p3v2_groot_l10_500_A_r0,r6p3v2_groot_l10_500_A_r0:eval:0:0,1,0,0,36,180,A,False,5302.877,5313.781,ok,,0.08163265306122447,0.02974983096686956,0.0625,20,2,5,43,0.5306122448979592,9.274262218092437,0.04217536071032191
groot_l10_500,r6p3v2_groot_l10_500_A_r0,r6p3v2_groot_l10_500_A_r0:eval:0:0,1,0,0,38,190,A,False,4461.694,4464.713,ok,,0.07547169811320753,0.009634684865515886,0.0625,20,2,5,43,0.5660377358490566,8.837534268989875,0.01814058956916098
groot_l10_500,r6p3v2_groot_l10_500_A_r0,r6p3v2_groot_l10_500_A_r0:eval:0:0,1,0,0,40,200,A,False,4360.698,4371.8,ok,,0.07843137254901966,0.03547169811320772,0.0625,20,2,5,43,0.6274509803921569,9.145027161535623,0.040935672514619825
groot_l10_500,r6p3v2_groot_l10_500_A_r0,r6p3v2_groot_l10_500_A_r0:eval:0:0,1,0,0,42,210,A,True,4760.504,4763.921,ok,,0.08333333333333326,0.023284313725490224,0.0625,20,2,5,43,0.6530612244897959,8.833622632942822,0.07255426702349088
groot_l10_500,r6p3v2_groot_l10_500_A_r0,r6p3v2_groot_l10_500_A_r0:eval:0:0,1,0,0,44,220,A,False,4502.469,4505.438,slow_ambiguous,,0.04166666666666663,0.036256011838697755,0.0625,20,2,5,43,0.6938775510204082,8.634400199758126,0.11704509114166939
groot_l10_500,r6p3v2_groot_l10_500_A_r0,r6p3v2_groot_l10_500_A_r0:eval:0:0,1,0,0,46,230,A,False,4276.222,4278.967,slow_confirmed,,0.03508771929824561,0.023284313725490224,0.0625,20,2,5,43,0.7719298245614035,8.568015959582512,0.07999999999999996
groot_l10_500,r6p3v2_groot_l10_500_A_r0,r6p3v2_groot_l10_500_A_r0:eval:0:0,1,0,0,48,240,A,False,4493.78,4496.28,ok,,0.07547169811320753,0.012345679012345623,0.0625,20,2,5,43,0.8070175438596491,8.80483625133881,0.04654493376297886
groot_l10_500,r6p3v2_groot_l10_500_A_r0,r6p3v2_groot_l10_500_A_r0:eval:0:0,1,0,0,50,250,A,False,4494.683,4497.285,ok,,0.1132075471698113,0.013157894736842146,0.0625,20,2,5,43,0.8301886792452831,8.9573741784256,0.09996689837802053
groot_l10_500,r6p3v2_groot_l10_500_A_r0,r6p3v2_groot_l10_500_A_r0:eval:0:0,1,0,0,52,260,A,True,4568.912,4571.6,ok,,0.08333333333333337,0.017819706498951815,0.0625,20,2,5,43,0.875,8.813611540661006,0.037735849056603765
groot_l10_500,r6p3v2_groot_l10_500_A_r0,r6p3v2_groot_l10_500_A_r0:eval:0:0,1,0,0,54,270,A,False,4587.521,4590.544,ok,,0.07017543859649122,0.017500683620453795,0.0625,20,2,5,43,0.9166666666666666,8.361014792843296,0.04700991365526064
groot_l10_500,r6p3v2_groot_l10_500_A_r0,r6p3v2_groot_l10_500_A_r0:eval:0:1,1,0,1,0,0,A,False,46.271,49.32,inactive,warming_up,,,,0,2,5,43,,,
groot_l10_500,r6p3v2_groot_l10_500_A_r0,r6p3v2_groot_l10_500_A_r0:eval:0:1,1,0,1,2,10,A,False,30.571,32.318,inactive,warming_up,,,,0,2,5,43,,,
groot_l10_500,r6p3v2_groot_l10_500_A_r0,r6p3v2_groot_l10_500_A_r0:eval:0:1,1,0,1,4,20,A,False,4543.562,4546.125,ok,,0.0784313725490196,0.006747638326585703,0.0625,20,2,5,43,0.0,8.903469690018843,0.0776470588235294
groot_l10_500,r6p3v2_groot_l10_500_A_r0,r6p3v2_groot_l10_500_A_r0:eval:0:1,1,0,1,6,30,A,True,4367.619,4370.618,ok,,0.0784313725490196,0.009634684865515844,0.0625,20,2,5,43,0.04,6.9380751172747095,0.009824561403508764
groot_l10_500,r6p3v2_groot_l10_500_A_r0,r6p3v2_groot_l10_500_A_r0:eval:0:1,1,0,1,8,40,A,False,4941.201,4944.235,ok,,0.07692307692307693,0.009634684865515844,0.0625,20,2,5,43,0.0784313725490196,7.030366597685877,0.009824561403508777
groot_l10_500,r6p3v2_groot_l10_500_A_r0,r6p3v2_groot_l10_500_A_r0:eval:0:1,1,0,1,10,50,A,True,5117.904,5121.339,ok,,0.08000000000000002,0.013468013468013462,0.0625,20,2,5,43,0.12,7.5608018953610285,0.04331450094161958
groot_l10_500,r6p3v2_groot_l10_500_A_r0,r6p3v2_groot_l10_500_A_r0:eval:0:1,1,0,1,12,60,A,False,4666.152,4669.191,ok,,0.0625,0.020606060606060572,0.0625,20,2,5,43,0.16,8.12084728841158,0.07721280602636534
groot_l10_500,r6p3v2_groot_l10_500_A_r0,r6p3v2_groot_l10_500_A_r0:eval:0:1,1,0,1,14,70,A,False,4543.705,4546.438,slow_confirmed,,0.037037037037037035,0.011484823625922902,0.0625,20,2,5,43,0.21052631578947367,8.299076636764502,0.004912280701754368
groot_l10_500,r6p3v2_groot_l10_500_A_r0,r6p3v2_groot_l10_500_A_r0:eval:0:1,1,0,1,16,80,A,True,4981.969,4984.788,ok,,0.07017543859649122,0.016140865737344107,0.0625,20,2,5,43,0.24,9.12924049532909,0.04139433551198257
groot_l10_500,r6p3v2_groot_l10_500_A_r0,r6p3v2_groot_l10_500_A_r0:eval:0:1,1,0,1,18,90,A,False,4799.888,4803.048,ok,,0.07407407407407407,0.016140865737344107,0.0625,20,2,5,43,0.25925925925925924,9.734784038400573,0.041573393028461775
groot_l10_500,r6p3v2_groot_l10_500_A_r0,r6p3v2_groot_l10_500_A_r0:eval:0:1,1,0,1,20,100,A,False,4877.296,4880.325,slow_confirmed,,0.03508771929824561,0.011484823625922902,0.0625,20,2,5,43,0.28,10.013220249549493,0.006101694915254224
groot_l10_500,r6p3v2_groot_l10_500_A_r0,r6p3v2_groot_l10_500_A_r0:eval:0:1,1,0,1,22,110,A,False,4483.646,4486.751,slow_confirmed,,0.0,0.011646866992778948,0.0625,20,2,5,43,0.3157894736842105,10.793329910960551,0.03921568627450983
groot_l10_500,r6p3v2_groot_l10_500_A_r0,r6p3v2_groot_l10_500_A_r0:eval:0:1,1,0,1,24,120,A,False,4850.185,4853.764,slow_confirmed,,0.0,0.006747638326585703,0.0625,20,2,5,43,0.1568627450980392,11.055039183846993,0.5263157894736842
groot_l10_500,r6p3v2_groot_l10_500_A_r0,r6p3v2_groot_l10_500_A_r0:eval:0:1,1,0,1,26,130,A,False,4765.394,4768.54,ok,,0.07692307692307693,0.009634684865515886,0.0625,20,2,5,43,0.08,10.600826365488805,0.01220338983050849
groot_l10_500,r6p3v2_groot_l10_500_A_r0,r6p3v2_groot_l10_500_A_r0:eval:0:1,1,0,1,28,140,A,True,5065.73,5068.708,ok,,0.08,0.019916142557652006,0.0625,20,2,5,43,0.07692307692307693,11.159674407594652,0.04520917678812417
groot_l10_500,r6p3v2_groot_l10_500_A_r0,r6p3v2_groot_l10_500_A_r0:eval:0:1,1,0,1,30,150,A,False,4623.279,4626.31,ok,,0.07692307692307693,0.019916142557652006,0.0625,20,2,5,43,0.15384615384615385,12.984144072171754,0.040935672514619895
groot_l10_500,r6p3v2_groot_l10_500_A_r0,r6p3v2_groot_l10_500_A_r0:eval:0:1,1,0,1,32,160,A,False,4649.002,4651.803,ok,,0.09523809523809523,0.006747638326585703,0.0625,20,2,5,43,0.15873015873015872,14.094364596450694,0.07811982787156571
groot_l10_500,r6p3v2_groot_l10_500_A_r0,r6p3v2_groot_l10_500_A_r0:eval:0:1,1,0,1,34,170,A,True,4854.734,4857.63,ok,,0.0625,0.012882447665056362,0.0625,20,2,5,43,0.21875,14.136928249525823,0.07017543859649122
groot_l10_500,r6p3v2_groot_l10_500_A_r0,r6p3v2_groot_l10_500_A_r0:eval:0:1,1,0,1,36,180,A,True,4532.919,4535.847,ok,,0.07017543859649122,0.020606060606060572,0.0625,20,2,5,43,0.2553191489361702,12.870778907231097,0.5161544523246651
groot_l10_500,r6p3v2_groot_l10_500_A_r0,r6p3v2_groot_l10_500_A_r0:eval:0:1,1,0,1,38,190,A,False,4557.658,4553.544,slow_confirmed,,0.0,0.020606060606060572,0.0625,20,2,5,43,0.2962962962962963,12.22671060877533,0.5660377358490567
groot_l10_500,r6p3v2_groot_l10_500_A_r0,r6p3v2_groot_l10_500_A_r0:eval:0:1,1,0,1,40,200,A,False,4615.332,4618.275,slow_confirmed,,0.0,0.020606060606060572,0.0625,20,2,5,43,0.2857142857142857,12.208783324557396,0.5555555555555556
groot_l10_500,r6p3v2_groot_l10_500_A_r0,r6p3v2_groot_l10_500_A_r0:eval:0:1,1,0,1,42,210,A,True,4556.189,4559.191,ok,,0.3508771929824561,0.020606060606060572,0.0625,20,2,5,43,0.2807017543859649,12.014496089308636,0.6153846153846154
groot_l10_500,r6p3v2_groot_l10_500_A_r0,r6p3v2_groot_l10_500_A_r0:eval:0:1,1,0,1,44,220,A,True,4545.61,4548.454,slow_confirmed,,0.0,0.017819706498951815,0.0625,20,2,5,43,0.631578947368421,12.22549250921393,0.03508771929824561
groot_l10_500,r6p3v2_groot_l10_500_A_r0,r6p3v2_groot_l10_500_A_r0:eval:0:1,1,0,1,46,230,A,False,4490.697,4493.499,slow_confirmed,,0.03508771929824561,0.020606060606060572,0.0625,20,2,5,43,0.1702127659574468,12.672525395312283,0.5599999999999999
groot_l10_500,r6p3v2_groot_l10_500_A_r0,r6p3v2_groot_l10_500_A_r0:eval:0:1,1,0,1,48,240,A,True,4457.361,4460.118,slow_confirmed,,0.0,0.017819706498951815,0.0625,20,2,5,43,0.72,12.592116406547937,0.037037037037037035
groot_l10_500,r6p3v2_groot_l10_500_A_r0,r6p3v2_groot_l10_500_A_r0:eval:0:1,1,0,1,50,250,A,False,4483.178,4485.913,slow_confirmed,,0.0,0.02645074224021593,0.0625,20,2,5,43,0.6666666666666666,12.392664173538071,0.07407407407407407
groot_l10_500,r6p3v2_groot_l10_500_A_r0,r6p3v2_groot_l10_500_A_r0:eval:0:1,1,0,1,52,260,A,True,4530.23,4533.014,slow_ambiguous,,0.03389830508474578,0.033138401559454245,0.0625,20,2,5,43,0.3333333333333333,12.441562336526177,0.5925925925925926
groot_l10_500,r6p3v2_groot_l10_500_A_r0,r6p3v2_groot_l10_500_A_r0:eval:0:1,1,0,1,54,270,A,False,4438.178,4440.98,slow_confirmed,,0.0,0.036256011838697755,0.0625,20,2,5,43,0.7169811320754716,12.076711533152059,0.40740740740740733
groot_l10_500,r6p3v2_groot_l10_500_A_r0,r6p3v2_groot_l10_500_A_r0:eval:0:1,1,0,1,56,280,A,False,4432.128,4434.885,slow_ambiguous,,0.040000000000000036,0.036256011838697755,0.0625,20,2,5,43,0.7169811320754716,11.398450303635679,0.5798664612223935
groot_l10_500,r6p3v2_groot_l10_500_A_r0,r6p3v2_groot_l10_500_A_r0:eval:0:1,1,0,1,58,290,A,True,4394.775,4397.796,slow_ambiguous,,0.037735849056603876,0.036256011838697755,0.0625,20,2,5,43,0.72,10.779641315743843,0.14035087719298245
groot_l10_500,r6p3v2_groot_l10_500_A_r0,r6p3v2_groot_l10_500_A_r0:eval:0:1,1,0,1,60,300,A,True,4434.1,4436.914,slow_confirmed,,0.0,0.011484823625922846,0.0625,20,2,5,43,0.7878787878787878,11.015637341039943,0.0
groot_l10_500,r6p3v2_groot_l10_500_A_r0,r6p3v2_groot_l10_500_A_r0:eval:0:1,1,0,1,62,310,A,False,4498.652,4501.393,slow_confirmed,,0.0,0.011484823625922846,0.0625,20,2,5,43,0.8070175438596491,10.954045712113682,0.0
groot_l10_500,r6p3v2_groot_l10_500_A_r0,r6p3v2_groot_l10_500_A_r0:eval:0:1,1,0,1,64,320,A,True,4476.319,4479.119,slow_confirmed,,0.0,0.011484823625922846,0.0625,20,2,5,43,0.8070175438596491,11.02538363095252,0.0
groot_l10_500,r6p3v2_groot_l10_500_A_r0,r6p3v2_groot_l10_500_A_r0:eval:0:1,1,0,1,66,330,A,True,4356.012,4358.757,slow_confirmed,,0.0,0.03171390013495279,0.0625,20,2,5,43,0.7924528301886793,11.383014294150437,0.09090909090909094
groot_l10_500,r6p3v2_groot_l10_500_A_r0,r6p3v2_groot_l10_500_A_r0:eval:0:1,1,0,1,68,340,A,False,4407.178,4409.664,slow_confirmed,,0.0,0.036256011838697755,0.0625,20,2,5,43,0.7878787878787878,11.600421489771536,0.40740740740740733
groot_l10_500,r6p3v2_groot_l10_500_A_r0,r6p3v2_groot_l10_500_A_r0:eval:0:1,1,0,1,70,350,A,True,4481.134,4483.763,slow_ambiguous,,0.040000000000000036,0.036256011838697755,0.0625,20,2,5,43,0.72,11.918880236561984,0.5423728813559322
groot_l10_500,r6p3v2_groot_l10_500_A_r0,r6p3v2_groot_l10_500_A_r0:eval:0:1,1,0,1,72,360,A,True,4320.271,4323.154,slow_confirmed,,0.03703703703703709,0.01297169811320753,0.0625,20,2,5,43,0.7407407407407407,11.564249191245743,0.040000000000000036
groot_l10_500,r6p3v2_groot_l10_500_A_r0,r6p3v2_groot_l10_500_A_r0:eval:0:1,1,0,1,74,370,A,True,4435.446,4438.2,slow_ambiguous,,0.037735849056603765,0.02645074224021593,0.0625,20,2,5,43,0.7796610169491526,11.331179234312001,0.06060606060606066
groot_l10_500,r6p3v2_groot_l10_500_A_r0,r6p3v2_groot_l10_500_A_r0:eval:0:1,1,0,1,76,380,A,False,4380.536,4383.194,slow_ambiguous,,0.03389830508474567,0.03171390013495279,0.0625,20,2,5,43,0.7878787878787878,11.567577868054265,0.06060606060606066
groot_l10_500,r6p3v2_groot_l10_500_A_r0,r6p3v2_groot_l10_500_A_r0:eval:0:1,1,0,1,78,390,A,True,4494.417,4497.047,ok,,0.06349206349206349,0.037010159651669094,0.0625,20,2,5,43,0.7777777777777778,12.324723076089834,0.5654416505480335
groot_l10_500,r6p3v2_groot_l10_500_A_r0,r6p3v2_groot_l10_500_A_r0:eval:0:1,1,0,1,80,400,A,False,4440.988,4443.824,ok,,0.07407407407407407,0.037010159651669094,0.0625,20,2,5,43,0.7777777777777778,12.271829297331566,0.5423728813559322
groot_l10_500,r6p3v2_groot_l10_500_A_r0,r6p3v2_groot_l10_500_A_r0:eval:0:1,1,0,1,82,410,A,False,4531.004,4533.86,slow_ambiguous,,0.037735849056603765,0.036256011838697755,0.0625,20,2,5,43,0.7450980392156863,12.775882153867945,0.576271186440678
groot_l10_500,r6p3v2_groot_l10_500_A_r0,r6p3v2_groot_l10_500_A_r0:eval:0:1,1,0,1,84,420,A,True,4450.028,4453.028,slow_ambiguous,,0.037735849056603765,0.036256011838697755,0.0625,20,2,5,43,0.7450980392156863,11.964679114669634,0.33647206528562457
groot_l10_500,r6p3v2_groot_l10_500_A_r0,r6p3v2_groot_l10_500_A_r0:eval:0:1,1,0,1,86,430,A,True,4273.411,4276.442,slow_confirmed,,0.03389830508474567,0.01297169811320753,0.0625,20,2,5,43,0.7777777777777778,11.742412461794155,0.039215686274509776
groot_l10_500,r6p3v2_groot_l10_500_A_r0,r6p3v2_groot_l10_500_A_r0:eval:0:1,1,0,1,88,440,A,False,4667.699,4670.586,slow_ambiguous,,0.03703703703703698,0.02645074224021593,0.0625,20,2,5,43,0.7777777777777778,12.072924734473949,0.06349206349206349
groot_l10_500,r6p3v2_groot_l10_500_A_r0,r6p3v2_groot_l10_500_A_r0:eval:0:1,1,0,1,90,450,A,True,4514.966,4517.941,slow_ambiguous,,0.04255319148936165,0.037010159651669094,0.0625,20,2,5,43,0.7777777777777778,13.075081251996702,0.14814814814814814
groot_l10_500,r6p3v2_groot_l10_500_A_r0,r6p3v2_groot_l10_500_A_r0:eval:0:1,1,0,1,92,460,A,True,4559.624,4562.587,ok,,0.4905660377358491,0.020606060606060572,0.0625,20,2,5,43,0.28125,13.461761110025648,0.5423728813559322
groot_l10_500,r6p3v2_groot_l10_500_A_r0,r6p3v2_groot_l10_500_A_r0:eval:0:1,1,0,1,94,470,A,True,4412.675,4415.378,ok,,0.41666666666666663,0.020606060606060572,0.0625,20,2,5,43,0.27450980392156865,13.89261331329216,0.5385353373840742
groot_l10_500,r6p3v2_groot_l10_500_A_r0,r6p3v2_groot_l10_500_A_r0:eval:0:1,1,0,1,96,480,A,False,4225.268,4228.011,slow_ambiguous,,0.03703703703703709,0.03243958953988746,0.0625,20,2,5,43,0.7450980392156863,12.937445553691482,0.07547169811320753
groot_l10_500,r6p3v2_groot_l10_500_A_r0,r6p3v2_groot_l10_500_A_r0:eval:0:1,1,0,1,98,490,A,True,4380.793,4383.589,slow_ambiguous,,0.03389830508474567,0.03243958953988746,0.0625,20,2,5,43,0.7843137254901961,13.061994913101119,0.12307692307692308
groot_l10_500,r6p3v2_groot_l10_500_A_r0,r6p3v2_groot_l10_500_A_r0:eval:0:1,1,0,1,100,500,A,False,4344.592,4347.252,slow_ambiguous,,0.04255319148936165,0.036256011838697755,0.0625,20,2,5,43,0.7777777777777778,13.450532295139745,0.11994784876140818
groot_l10_500,r6p3v2_groot_l10_500_A_r0,r6p3v2_groot_l10_500_A_r0:eval:0:1,1,0,1,102,510,A,True,4570.569,4573.244,slow_ambiguous,,0.039215686274509776,0.033138401559454245,0.0625,20,2,5,43,0.3333333333333333,13.693111718827973,0.4313725490196079
groot_l10_500,r6p3v2_groot_l10_500_A_r0,r6p3v2_groot_l10_500_A_r0:eval:1:0,1,1,0,0,0,A,False,53.275,56.148,inactive,warming_up,,,,0,2,5,48,,,
groot_l10_500,r6p3v2_groot_l10_500_A_r0,r6p3v2_groot_l10_500_A_r0:eval:1:0,1,1,0,2,10,A,False,32.427,34.239,inactive,warming_up,,,,0,2,5,48,,,
groot_l10_500,r6p3v2_groot_l10_500_A_r0,r6p3v2_groot_l10_500_A_r0:eval:1:0,1,1,0,4,20,A,False,6043.718,6046.493,ok,,0.08888888888888889,0.00888888888888889,0.07547169811320753,20,2,5,48,0.0,8.768362349681388,0.04166666666666667
groot_l10_500,r6p3v2_groot_l10_500_A_r0,r6p3v2_groot_l10_500_A_r0:eval:1:0,1,1,0,6,30,A,False,4494.401,4497.378,ok,,0.08695652173913043,0.005555555555555564,0.07547169811320754,20,2,5,48,0.043478260869565216,8.005215437435288,0.007575757575757555
groot_l10_500,r6p3v2_groot_l10_500_A_r0,r6p3v2_groot_l10_500_A_r0:eval:1:0,1,1,0,8,40,A,False,4521.804,4524.607,ok,,0.08333333333333333,0.005555555555555564,0.07547169811320756,20,2,5,48,0.08333333333333333,7.861961939279361,0.01683501683501684
groot_l10_500,r6p3v2_groot_l10_500_A_r0,r6p3v2_groot_l10_500_A_r0:eval:1:0,1,1,0,10,50,A,False,4613.745,4616.483,ok,,0.08695652173913043,0.005555555555555564,0.07547169811320754,20,2,5,48,0.13043478260869565,7.737602223055224,0.007575757575757569
groot_l10_500,r6p3v2_groot_l10_500_A_r0,r6p3v2_groot_l10_500_A_r0:eval:1:0,1,1,0,12,60,A,False,4454.253,4457.292,ok,,0.08510638297872339,0.005555555555555564,0.07547169811320756,20,2,5,48,0.17391304347826086,7.7534007104688385,0.012882447665056362
groot_l10_500,r6p3v2_groot_l10_500_A_r0,r6p3v2_groot_l10_500_A_r0:eval:1:0,1,1,0,14,70,A,False,4541.805,4544.791,ok,,0.08000000000000002,0.005555555555555564,0.07547169811320753,20,2,5,48,0.20833333333333334,7.591514157478817,0.01288244766505639
groot_l10_500,r6p3v2_groot_l10_500_A_r0,r6p3v2_groot_l10_500_A_r0:eval:1:0,1,1,0,16,80,A,False,4589.272,4591.747,ok,,0.08333333333333331,0.006160954948016939,0.07547169811320759,20,2,5,48,0.2608695652173913,8.001700906518874,0.012882447665056362
groot_l10_500,r6p3v2_groot_l10_500_A_r0,r6p3v2_groot_l10_500_A_r0:eval:1:0,1,1,0,18,90,A,True,4630.927,4633.799,ok,,0.08695652173913043,0.005555555555555591,0.07547169811320759,20,2,5,48,0.3111111111111111,8.551594586041919,0.014814814814814836
groot_l10_500,r6p3v2_groot_l10_500_A_r0,r6p3v2_groot_l10_500_A_r0:eval:1:0,1,1,0,20,100,A,False,4554.716,4557.242,ok,,0.08333333333333331,0.006066734074823055,0.07547169811320759,20,2,5,48,0.35555555555555557,8.612156989936365,0.01481481481481478
groot_l10_500,r6p3v2_groot_l10_500_A_r0,r6p3v2_groot_l10_500_A_r0:eval:1:0,1,1,0,22,110,A,True,4372.431,4375.092,ok,,0.08333333333333331,0.007575757575757569,0.07547169811320753,20,2,5,48,0.4,7.971506046003822,0.01481481481481478
groot_l10_500,r6p3v2_groot_l10_500_A_r0,r6p3v2_groot_l10_500_A_r0:eval:1:0,1,1,0,24,120,A,False,4649.099,4657.397,ok,,0.08333333333333331,0.04255319148936165,0.07547169811320753,20,2,5,48,0.44,7.697456571523385,0.048888888888888926
groot_l10_500,r6p3v2_groot_l10_500_A_r0,r6p3v2_groot_l10_500_A_r0:eval:1:0,1,1,0,26,130,A,False,4623.52,4633.27,ok,,0.08333333333333331,0.007256235827664381,0.07547169811320753,20,2,5,48,0.4583333333333333,7.498057504155195,0.011484823625922846
groot_l10_500,r6p3v2_groot_l10_500_A_r0,r6p3v2_groot_l10_500_A_r0:eval:1:0,1,1,0,28,140,A,False,4807.345,4810.266,ok,,0.08333333333333337,0.03718820861678007,0.07547169811320753,20,2,5,48,0.5,7.804332865114193,0.013417190775681376
groot_l10_500,r6p3v2_groot_l10_500_A_r0,r6p3v2_groot_l10_500_A_r0:eval:1:0,1,1,0,30,150,A,False,4635.091,4637.888,ok,,0.07692307692307687,0.005802707930367468,0.07547169811320759,20,2,5,48,0.5283018867924528,8.247460698163898,0.009259259259259245
groot_l10_500,r6p3v2_groot_l10_500_A_r0,r6p3v2_groot_l10_500_A_r0:eval:1:0,1,1,0,32,160,A,False,4783.704,4786.598,ok,,0.08163265306122458,0.005555555555555536,0.07547169811320753,20,2,5,48,0.5833333333333334,8.437472037531771,0.012882447665056307
groot_l10_500,r6p3v2_groot_l10_500_A_r0,r6p3v2_groot_l10_500_A_r0:eval:1:0,1,1,0,34,170,A,True,4649.352,4652.267,ok,,0.08695652173913038,0.034545454545454546,0.07547169811320764,20,2,5,48,0.6521739130434783,8.171780147107228,0.49777777777777776
groot_l10_500,r6p3v2_groot_l10_500_A_r0,r6p3v2_groot_l10_500_A_r0:eval:1:0,1,1,0,36,180,A,False,4669.412,4672.818,ok,,0.0851063829787233,0.007575757575757569,0.07547169811320753,20,2,5,48,0.7111111111111111,7.3949187962444904,0.007256235827664437
groot_l10_500,r6p3v2_groot_l10_500_A_r0,r6p3v2_groot_l10_500_A_r0:eval:1:0,1,1,0,38,190,A,False,4590.711,4593.512,ok,,0.08510638297872342,0.007575757575757569,0.07547169811320753,20,2,5,48,0.7555555555555555,6.972055636112856,0.007256235827664437
groot_l10_500,r6p3v2_groot_l10_500_A_r0,r6p3v2_groot_l10_500_A_r0:eval:1:0,1,1,0,40,200,A,True,4456.999,4459.823,ok,,0.08695652173913038,0.007575757575757569,0.07547169811320753,20,2,5,48,0.782608695652174,7.482127636495424,0.00927643784786647
groot_l10_500,r6p3v2_groot_l10_500_A_r0,r6p3v2_groot_l10_500_A_r0:eval:1:0,1,1,0,42,210,A,False,4632.634,4635.386,ok,,0.08695652173913038,0.005555555555555536,0.07547169811320753,20,2,5,48,0.8260869565217391,7.915332692765783,0.009276437847866359
groot_l10_500,r6p3v2_groot_l10_500_A_r0,r6p3v2_groot_l10_500_A_r0:eval:1:0,1,1,0,44,220,A,False,4468.25,4471.12,ok,,0.0888888888888889,0.044403330249768835,0.07547169811320753,20,2,5,48,0.8636363636363636,7.844346809991866,0.026382978723404227
groot_l10_500,r6p3v2_groot_l10_500_A_r0,r6p3v2_groot_l10_500_A_r0:eval:1:0,1,1,0,46,230,A,False,4541.203,4543.902,slow_ambiguous,,0.06382978723404253,0.04528985507246375,0.07547169811320753,20,2,5,48,0.9090909090909091,7.432117596127223,0.08499999999999996
groot_l10_500,r6p3v2_groot_l10_500_A_r0,r6p3v2_groot_l10_500_A_r0:eval:1:1,1,1,1,0,0,A,False,56.439,59.762,inactive,warming_up,,,,0,2,5,48,,,
groot_l10_500,r6p3v2_groot_l10_500_A_r0,r6p3v2_groot_l10_500_A_r0:eval:1:1,1,1,1,2,10,A,False,26.552,28.103,inactive,warming_up,,,,0,2,5,48,,,
groot_l10_500,r6p3v2_groot_l10_500_A_r0,r6p3v2_groot_l10_500_A_r0:eval:1:1,1,1,1,4,20,A,True,4478.156,4480.58,ok,,0.08,0.005323868677905949,0.07547169811320759,20,2,5,48,0.0,9.375400691157772,0.013417190775681348
groot_l10_500,r6p3v2_groot_l10_500_A_r0,r6p3v2_groot_l10_500_A_r0:eval:1:1,1,1,1,6,30,A,False,4680.016,4682.771,ok,,0.08163265306122448,0.005802707930367509,0.07547169811320759,20,2,5,48,0.041666666666666664,8.1988366695808,0.01341719077568132
groot_l10_500,r6p3v2_groot_l10_500_A_r0,r6p3v2_groot_l10_500_A_r0:eval:1:1,1,1,1,8,40,A,False,4494.311,4497.044,ok,,0.08,0.005555555555555564,0.07547169811320756,20,2,5,48,0.08,8.10835384055547,0.014814814814814822
groot_l10_500,r6p3v2_groot_l10_500_A_r0,r6p3v2_groot_l10_500_A_r0:eval:1:1,1,1,1,10,50,A,False,4726.712,4729.989,ok,,0.08000000000000002,0.005323868677905949,0.07547169811320759,20,2,5,48,0.12,8.805779786596274,0.014814814814814808
groot_l10_500,r6p3v2_groot_l10_500_A_r0,r6p3v2_groot_l10_500_A_r0:eval:1:1,1,1,1,12,60,A,False,4510.007,4512.922,ok,,0.08000000000000002,0.004134366925064595,0.07547169811320759,20,2,5,48,0.1509433962264151,8.571238451211585,0.04592592592592595
groot_l10_500,r6p3v2_groot_l10_500_A_r0,r6p3v2_groot_l10_500_A_r0:eval:1:1,1,1,1,14,70,A,False,4539.21,4541.898,slow_ambiguous,,0.07407407407407407,0.005555555555555591,0.07547169811320759,20,2,5,48,0.18181818181818182,8.714955949841848,0.034545454545454546
groot_l10_500,r6p3v2_groot_l10_500_A_r0,r6p3v2_groot_l10_500_A_r0:eval:1:1,1,1,1,16,80,A,False,4683.855,4686.374,ok,,0.08333333333333331,0.006160954948016939,0.07547169811320759,20,2,5,48,0.2222222222222222,8.104871939131419,0.014814814814814836
groot_l10_500,r6p3v2_groot_l10_500_A_r0,r6p3v2_groot_l10_500_A_r0:eval:1:1,1,1,1,18,90,A,True,4727.618,4730.494,ok,,0.08333333333333331,0.005555555555555591,0.07547169811320759,20,2,5,48,0.2608695652173913,8.654844229517991,0.014814814814814836
groot_l10_500,r6p3v2_groot_l10_500_A_r0,r6p3v2_groot_l10_500_A_r0:eval:1:1,1,1,1,20,100,A,True,4730.158,4733.069,ok,,0.08333333333333337,0.003952569169960507,0.07547169811320759,20,2,5,48,0.2978723404255319,8.681629854150907,0.012882447665056362
groot_l10_500,r6p3v2_groot_l10_500_A_r0,r6p3v2_groot_l10_500_A_r0:eval:1:1,1,1,1,22,110,A,False,4833.28,4836.094,ok,,0.08333333333333337,0.005555555555555591,0.07547169811320759,20,2,5,48,0.34782608695652173,8.67466140986557,0.01481481481481478
groot_l10_500,r6p3v2_groot_l10_500_A_r0,r6p3v2_groot_l10_500_A_r0:eval:1:1,1,1,1,24,120,A,True,4701.914,4704.711,ok,,0.08333333333333331,0.005555555555555536,0.07547169811320759,20,2,5,48,0.391304347826087,8.398462008335995,0.01481481481481478
groot_l10_500,r6p3v2_groot_l10_500_A_r0,r6p3v2_groot_l10_500_A_r0:eval:1:1,1,1,1,26,130,A,False,4595.614,4598.54,ok,,0.08695652173913043,0.005555555555555591,0.07547169811320759,20,2,5,48,0.4444444444444444,8.38316364862898,0.009276437847866359
groot_l10_500,r6p3v2_groot_l10_500_A_r0,r6p3v2_groot_l10_500_A_r0:eval:1:1,1,1,1,28,140,A,False,4738.147,4741.318,ok,,0.08333333333333331,0.03996598639455784,0.07547169811320764,20,2,5,48,0.4782608695652174,8.402243706104622,0.09554730983302412
groot_l10_500,r6p3v2_groot_l10_500_A_r0,r6p3v2_groot_l10_500_A_r0:eval:1:1,1,1,1,30,150,A,False,4441.364,4444.23,ok,,0.08163265306122447,0.04066193853427896,0.07547169811320764,20,2,5,48,0.4888888888888889,8.259139282800454,0.05073649754500831
groot_l10_500,r6p3v2_groot_l10_500_A_r0,r6p3v2_groot_l10_500_A_r0:eval:1:1,1,1,1,32,160,A,True,4596.715,4599.473,ok,,0.08510638297872342,0.007256235827664437,0.07547169811320753,20,2,5,48,0.5777777777777777,8.021231909969263,0.011965811965812034
groot_l10_500,r6p3v2_groot_l10_500_A_r0,r6p3v2_groot_l10_500_A_r0:eval:1:1,1,1,1,34,170,A,False,5052.33,5055.264,ok,,0.08510638297872342,0.005555555555555647,0.07547169811320753,20,2,5,48,0.6363636363636364,8.227031639712669,0.013986013986013957
groot_l10_500,r6p3v2_groot_l10_500_A_r0,r6p3v2_groot_l10_500_A_r0:eval:1:1,1,1,1,36,180,A,True,4894.393,4897.309,ok,,0.08510638297872342,0.019503546099290836,0.07547169811320764,20,2,5,48,0.6530612244897959,8.738196786032285,0.11230769230769244
groot_l10_500,r6p3v2_groot_l10_500_A_r0,r6p3v2_groot_l10_500_A_r0:eval:1:1,1,1,1,38,190,A,False,4962.239,4965.12,ok,,0.0851063829787233,0.005555555555555536,0.07547169811320753,20,2,5,48,0.723404255319149,8.719483095972206,0.00927643784786647
groot_l10_500,r6p3v2_groot_l10_500_A_r0,r6p3v2_groot_l10_500_A_r0:eval:1:1,1,1,1,40,200,A,True,4565.247,4567.998,ok,,0.0888888888888889,0.005555555555555536,0.07547169811320753,20,2,5,48,0.7346938775510204,8.576899453115454,0.00927643784786647
groot_l10_500,r6p3v2_groot_l10_500_A_r0,r6p3v2_groot_l10_500_A_r0:eval:1:1,1,1,1,42,210,A,False,5050.697,5053.566,ok,,0.0888888888888888,0.005555555555555536,0.07547169811320753,20,2,5,48,0.7916666666666666,8.590143028049754,0.009689922480620172
groot_l10_500,r6p3v2_groot_l10_500_A_r0,r6p3v2_groot_l10_500_A_r0:eval:1:1,1,1,1,44,220,A,False,5277.071,4907.651,ok,,0.0888888888888889,0.005555555555555536,0.07547169811320753,20,2,5,48,0.8372093023255814,8.82750377455651,0.009689922480620172
groot_l10_500,r6p3v2_groot_l10_500_A_r0,r6p3v2_groot_l10_500_A_r0:eval:1:1,1,1,1,46,230,A,False,5136.558,5139.771,ok,,0.11111111111111116,0.02548725637181415,0.07547169811320753,20,2,5,48,0.8888888888888888,8.701364024676069,0.03409090909090906
groot_l10_500,r6p3v2_groot_l10_500_A_r0,r6p3v2_groot_l10_500_A_r0:eval:1:1,1,1,1,48,240,A,True,4675.397,4678.315,slow_ambiguous,,0.06666666666666665,0.04044489383215377,0.07547169811320753,20,2,5,48,0.9333333333333333,8.549724582443696,0.019503546099290836
groot_l10_500,r6p3v2_groot_l10_500_A_r0,r6p3v2_groot_l10_500_A_r0:eval:2:0,1,2,0,0,0,A,False,53.691,56.546,inactive,warming_up,,,,0,2,5,42,,,
groot_l10_500,r6p3v2_groot_l10_500_A_r0,r6p3v2_groot_l10_500_A_r0:eval:2:0,1,2,0,2,10,A,False,33.79,35.619,inactive,warming_up,,,,0,2,5,42,,,
groot_l10_500,r6p3v2_groot_l10_500_A_r0,r6p3v2_groot_l10_500_A_r0:eval:2:0,1,2,0,4,20,A,False,5934.966,5937.702,ok,,0.08695652173913043,0.008281573498964856,0.07272727272727275,20,2,5,42,0.0425531914893617,9.238181960385731,0.023809523809523794
groot_l10_500,r6p3v2_groot_l10_500_A_r0,r6p3v2_groot_l10_500_A_r0:eval:2:0,1,2,0,6,30,A,True,4724.019,4726.953,ok,,0.07547169811320756,0.006956521739130445,0.07272727272727272,20,2,5,42,0.07142857142857142,7.435847078850988,0.015527950310559008
groot_l10_500,r6p3v2_groot_l10_500_A_r0,r6p3v2_groot_l10_500_A_r0:eval:2:0,1,2,0,8,40,A,False,4453.217,4456.311,ok,,0.07692307692307693,0.034655371582595296,0.07272727272727272,20,2,5,42,0.10714285714285714,7.169436577665601,0.04621848739495797
groot_l10_500,r6p3v2_groot_l10_500_A_r0,r6p3v2_groot_l10_500_A_r0:eval:2:0,1,2,0,10,50,A,False,4298.573,4301.497,ok,,0.0816326530612245,0.012535612535612528,0.07272727272727272,20,2,5,42,0.14285714285714285,7.3106636461350405,0.07951482479784366
groot_l10_500,r6p3v2_groot_l10_500_A_r0,r6p3v2_groot_l10_500_A_r0:eval:2:0,1,2,0,12,60,A,False,4435.775,4439.043,ok,,0.07999999999999999,0.029249011857707563,0.07272727272727274,20,2,5,42,0.19230769230769232,7.444047753590993,0.04664484451718495
groot_l10_500,r6p3v2_groot_l10_500_A_r0,r6p3v2_groot_l10_500_A_r0:eval:2:0,1,2,0,14,70,A,False,4363.747,4367.128,ok,,0.08333333333333334,0.009689922480620172,0.07272727272727272,20,2,5,42,0.2553191489361702,6.892860579208324,0.07692307692307689
groot_l10_500,r6p3v2_groot_l10_500_A_r0,r6p3v2_groot_l10_500_A_r0:eval:2:0,1,2,0,16,80,A,False,5258.151,5261.418,ok,,0.08510638297872339,0.03436988543371522,0.07272727272727272,20,2,5,42,0.2608695652173913,7.331602400587305,0.010033444816053505
groot_l10_500,r6p3v2_groot_l10_500_A_r0,r6p3v2_groot_l10_500_A_r0:eval:2:0,1,2,0,18,90,A,False,4149.851,4152.837,ok,,0.08333333333333331,0.0385947550717467,0.07272727272727272,20,2,5,42,0.30434782608695654,7.423231393507038,0.010033444816053505
groot_l10_500,r6p3v2_groot_l10_500_A_r0,r6p3v2_groot_l10_500_A_r0:eval:2:0,1,2,0,20,100,A,False,4328.44,4331.22,ok,,0.08510638297872342,0.0385947550717467,0.07272727272727275,20,2,5,42,0.34782608695652173,7.6436384486288835,0.013986013986013957
groot_l10_500,r6p3v2_groot_l10_500_A_r0,r6p3v2_groot_l10_500_A_r0:eval:2:0,1,2,0,22,110,A,False,4186.033,4188.833,ok,,0.08333333333333331,0.03495311167945436,0.0727272727272727,20,2,5,42,0.425531914893617,8.004226333978236,0.03965183752417789
groot_l10_500,r6p3v2_groot_l10_500_A_r0,r6p3v2_groot_l10_500_A_r0:eval:2:0,1,2,0,24,120,A,False,4385.37,4388.11,ok,,0.08333333333333331,0.034545454545454546,0.0727272727272727,20,2,5,42,0.46808510638297873,8.333182161330072,0.04656862745098034
groot_l10_500,r6p3v2_groot_l10_500_A_r0,r6p3v2_groot_l10_500_A_r0:eval:2:0,1,2,0,26,130,A,False,4285.268,4288.257,ok,,0.08333333333333331,0.010457516339869188,0.0727272727272727,20,2,5,42,0.5098039215686274,8.83411930123197,0.006675010429703865
groot_l10_500,r6p3v2_groot_l10_500_A_r0,r6p3v2_groot_l10_500_A_r0:eval:2:0,1,2,0,28,140,A,False,4108.692,4115.064,ok,,0.08333333333333337,0.010457516339869188,0.0727272727272727,20,2,5,42,0.52,8.979139002713737,0.006675010429703865
groot_l10_500,r6p3v2_groot_l10_500_A_r0,r6p3v2_groot_l10_500_A_r0:eval:2:0,1,2,0,30,150,A,False,4185.077,4199.417,ok,,0.08333333333333337,0.02251082251082248,0.0727272727272727,20,2,5,42,0.5769230769230769,8.9574829830698,0.0507364975450082
groot_l10_500,r6p3v2_groot_l10_500_A_r0,r6p3v2_groot_l10_500_A_r0:eval:2:0,1,2,0,32,160,A,False,4163.553,4166.395,ok,,0.08333333333333326,0.02795031055900621,0.07272727272727275,20,2,5,42,0.6274509803921569,8.7674672674448,0.04922820191906552
groot_l10_500,r6p3v2_groot_l10_500_A_r0,r6p3v2_groot_l10_500_A_r0:eval:2:0,1,2,0,34,170,A,False,4303.139,4306.025,ok,,0.07843137254901966,0.03761504601840737,0.07272727272727275,20,2,5,42,0.6666666666666666,8.294071378243636,0.08844388819357529
groot_l10_500,r6p3v2_groot_l10_500_A_r0,r6p3v2_groot_l10_500_A_r0:eval:2:0,1,2,0,36,180,A,False,4112.178,4114.889,ok,,0.0851063829787233,0.032478632478632474,0.07272727272727275,20,2,5,42,0.7058823529411765,8.02920833772763,0.08823529411764719
groot_l10_500,r6p3v2_groot_l10_500_A_r0,r6p3v2_groot_l10_500_A_r0:eval:2:0,1,2,0,38,190,A,False,4281.023,4283.815,ok,,0.08333333333333337,0.034545454545454546,0.07272727272727275,20,2,5,42,0.7450980392156863,8.256674304138995,0.11744680851063816
groot_l10_500,r6p3v2_groot_l10_500_A_r0,r6p3v2_groot_l10_500_A_r0:eval:2:0,1,2,0,40,200,A,True,4346.728,4349.582,ok,,0.07843137254901966,0.037487335359675744,0.07272727272727275,20,2,5,42,0.8085106382978723,8.70565444671353,0.043439716312056786
groot_l10_500,r6p3v2_groot_l10_500_A_r0,r6p3v2_groot_l10_500_A_r0:eval:2:0,1,2,0,42,210,A,False,4107.036,4109.637,ok,,0.08163265306122447,0.034655371582595296,0.07272727272727264,20,2,5,42,0.8333333333333334,8.60160294783971,0.006675010429703865
groot_l10_500,r6p3v2_groot_l10_500_A_r0,r6p3v2_groot_l10_500_A_r0:eval:2:0,1,2,0,44,220,A,False,4299.948,4302.594,ok,,0.07843137254901966,0.03296703296703296,0.07272727272727264,20,2,5,42,0.8846153846153846,8.612330929042523,0.008183306055646433
groot_l10_500,r6p3v2_groot_l10_500_A_r0,r6p3v2_groot_l10_500_A_r0:eval:2:0,1,2,0,46,230,A,False,4231.255,4234.236,ok,,0.07692307692307687,0.03610675039246469,0.07272727272727275,20,2,5,42,0.92,8.574258566618576,0.050909090909091015
groot_l10_500,r6p3v2_groot_l10_500_A_r0,r6p3v2_groot_l10_500_A_r0:eval:2:1,1,2,1,0,0,A,False,42.478,45.363,inactive,warming_up,,,,0,2,5,42,,,
groot_l10_500,r6p3v2_groot_l10_500_A_r0,r6p3v2_groot_l10_500_A_r0:eval:2:1,1,2,1,2,10,A,False,25.849,27.301,inactive,warming_up,,,,0,2,5,42,,,
groot_l10_500,r6p3v2_groot_l10_500_A_r0,r6p3v2_groot_l10_500_A_r0:eval:2:1,1,2,1,4,20,A,False,4296.478,4299.267,ok,,0.0851063829787234,0.012535612535612528,0.07272727272727272,20,2,5,42,0.0,7.776622905273687,0.07692307692307693
groot_l10_500,r6p3v2_groot_l10_500_A_r0,r6p3v2_groot_l10_500_A_r0:eval:2:1,1,2,1,6,30,A,False,4294.249,4297.47,ok,,0.0851063829787234,0.007575757575757569,0.07272727272727272,20,2,5,42,0.0,6.380770634104805,0.07541478129713425
groot_l10_500,r6p3v2_groot_l10_500_A_r0,r6p3v2_groot_l10_500_A_r0:eval:2:1,1,2,1,8,40,A,False,4311.995,4314.861,ok,,0.07999999999999999,0.006956521739130445,0.07272727272727272,20,2,5,42,0.0425531914893617,7.134971333589383,0.013986013986013984
groot_l10_500,r6p3v2_groot_l10_500_A_r0,r6p3v2_groot_l10_500_A_r0:eval:2:1,1,2,1,10,50,A,False,4181.139,4184.155,ok,,0.08,0.007256235827664381,0.07272727272727272,20,2,5,42,0.12244897959183673,7.1988575656760645,0.010033444816053505
groot_l10_500,r6p3v2_groot_l10_500_A_r0,r6p3v2_groot_l10_500_A_r0:eval:2:1,1,2,1,12,60,A,False,4127.252,4129.959,ok,,0.0816326530612245,0.034655371582595296,0.07272727272727272,20,2,5,42,0.16326530612244897,7.305242057524286,0.046218487394957986
groot_l10_500,r6p3v2_groot_l10_500_A_r0,r6p3v2_groot_l10_500_A_r0:eval:2:1,1,2,1,14,70,A,True,4119.897,4122.728,ok,,0.0784313725490196,0.012535612535612528,0.07272727272727272,20,2,5,42,0.16666666666666666,7.583582559713192,0.07692307692307696
groot_l10_500,r6p3v2_groot_l10_500_A_r0,r6p3v2_groot_l10_500_A_r0:eval:2:1,1,2,1,16,80,A,True,4175.746,4178.564,ok,,0.08333333333333334,0.007256235827664437,0.07272727272727272,20,2,5,42,0.23529411764705882,6.9059824786380615,0.07692307692307689
groot_l10_500,r6p3v2_groot_l10_500_A_r0,r6p3v2_groot_l10_500_A_r0:eval:2:1,1,2,1,18,90,A,False,4193.242,4196.029,ok,,0.08333333333333331,0.007256235827664437,0.07272727272727272,20,2,5,42,0.2692307692307692,7.096847003437136,0.07190635451505023
groot_l10_500,r6p3v2_groot_l10_500_A_r0,r6p3v2_groot_l10_500_A_r0:eval:2:1,1,2,1,20,100,A,True,4287.701,4290.677,ok,,0.08695652173913043,0.03815439219165928,0.07272727272727272,20,2,5,42,0.2857142857142857,6.972981049387761,0.04656862745098039
groot_l10_500,r6p3v2_groot_l10_500_A_r0,r6p3v2_groot_l10_500_A_r0:eval:2:1,1,2,1,22,110,A,False,4176.454,4179.287,ok,,0.0784313725490196,0.03815439219165928,0.07272727272727274,20,2,5,42,0.34782608695652173,7.5058722246883365,0.0492424242424242
groot_l10_500,r6p3v2_groot_l10_500_A_r0,r6p3v2_groot_l10_500_A_r0:eval:2:1,1,2,1,24,120,A,False,4135.838,4138.791,ok,,0.08695652173913043,0.034655371582595296,0.0727272727272727,20,2,5,42,0.391304347826087,8.10667436871193,0.03431372549019608
groot_l10_500,r6p3v2_groot_l10_500_A_r0,r6p3v2_groot_l10_500_A_r0:eval:2:1,1,2,1,26,130,A,True,4229.0,4231.892,ok,,0.08510638297872342,0.034545454545454546,0.0727272727272727,20,2,5,42,0.4166666666666667,8.364873751893285,0.04656862745098034
groot_l10_500,r6p3v2_groot_l10_500_A_r0,r6p3v2_groot_l10_500_A_r0:eval:2:1,1,2,1,28,140,A,False,3993.605,3996.534,ok,,0.08333333333333331,0.010457516339869188,0.0727272727272727,20,2,5,42,0.4583333333333333,8.56978054371676,0.023567921440261874
groot_l10_500,r6p3v2_groot_l10_500_A_r0,r6p3v2_groot_l10_500_A_r0:eval:2:1,1,2,1,30,150,A,False,4222.033,4224.937,ok,,0.08333333333333337,0.008281573498964856,0.0727272727272727,20,2,5,42,0.5,9.040132835437328,0.012882447665056362
groot_l10_500,r6p3v2_groot_l10_500_A_r0,r6p3v2_groot_l10_500_A_r0:eval:2:1,1,2,1,32,160,A,False,4128.702,4131.489,ok,,0.08163265306122447,0.006675010429703754,0.0727272727272727,20,2,5,42,0.5416666666666666,8.749447858887125,0.018949181739879473
groot_l10_500,r6p3v2_groot_l10_500_A_r0,r6p3v2_groot_l10_500_A_r0:eval:2:1,1,2,1,34,170,A,True,4149.623,4152.593,ok,,0.08163265306122447,0.011390602752728962,0.0727272727272727,20,2,5,42,0.5882352941176471,8.45966908247153,0.011965811965812034
groot_l10_500,r6p3v2_groot_l10_500_A_r0,r6p3v2_groot_l10_500_A_r0:eval:2:1,1,2,1,36,180,A,False,4233.946,4236.731,ok,,0.11764705882352944,0.014939309056956118,0.07272727272727275,20,2,5,42,0.6521739130434783,8.290790429856314,0.05641025641025654
groot_l10_500,r6p3v2_groot_l10_500_A_r0,r6p3v2_groot_l10_500_A_r0:eval:2:1,1,2,1,38,190,A,True,4234.125,4236.834,ok,,0.0888888888888889,0.036338225017470305,0.07272727272727275,20,2,5,42,0.68,8.280343568438534,0.08634222919937207
groot_l10_500,r6p3v2_groot_l10_500_A_r0,r6p3v2_groot_l10_500_A_r0:eval:2:1,1,2,1,40,200,A,False,4196.046,4199.045,ok,,0.08163265306122447,0.04078014184397161,0.07272727272727275,20,2,5,42,0.75,8.407406743420154,0.043333333333333335
groot_l10_500,r6p3v2_groot_l10_500_A_r0,r6p3v2_groot_l10_500_A_r0:eval:2:1,1,2,1,42,210,A,False,3966.533,3969.388,ok,,0.07999999999999996,0.021445221445221506,0.07272727272727275,20,2,5,42,0.8,8.968538402386203,0.04251700680272119
groot_l10_500,r6p3v2_groot_l10_500_A_r0,r6p3v2_groot_l10_500_A_r0:eval:2:1,1,2,1,44,220,A,False,4038.8,4041.624,ok,,0.08695652173913038,0.03152088258471242,0.07272727272727275,20,2,5,42,0.8163265306122449,9.963105433179399,0.04336734693877553
groot_l10_500,r6p3v2_groot_l10_500_A_r0,r6p3v2_groot_l10_500_A_r0:eval:2:1,1,2,1,46,230,A,False,4124.452,4127.177,ok,,0.08333333333333337,0.03215130023640666,0.07272727272727264,20,2,5,42,0.8636363636363636,9.846572731521151,0.013986013986013957
groot_l10_500,r6p3v2_groot_l10_500_A_r0,r6p3v2_groot_l10_500_A_r0:eval:2:1,1,2,1,48,240,A,False,3992.607,3995.377,ok,,0.08695652173913049,0.030065359477124187,0.07272727272727264,20,2,5,42,0.9090909090909091,10.375583768968834,0.02511773940345363
groot_l10_500,r6p3v2_groot_l10_500_A_r0,r6p3v2_groot_l10_500_A_r0:eval:3:0,1,3,0,0,0,A,False,55.286,58.374,inactive,warming_up,,,,0,2,5,48,,,
groot_l10_500,r6p3v2_groot_l10_500_A_r0,r6p3v2_groot_l10_500_A_r0:eval:3:0,1,3,0,2,10,A,False,29.736,31.555,inactive,warming_up,,,,0,2,5,48,,,
groot_l10_500,r6p3v2_groot_l10_500_A_r0,r6p3v2_groot_l10_500_A_r0:eval:3:0,1,3,0,4,20,A,False,5905.905,5908.741,ok,,0.08888888888888889,0.006066734074823055,0.08163265306122448,20,2,5,48,0.0,8.94397799190305,0.03208556149732621
groot_l10_500,r6p3v2_groot_l10_500_A_r0,r6p3v2_groot_l10_500_A_r0:eval:3:0,1,3,0,6,30,A,False,4557.174,4559.873,ok,,0.08888888888888888,0.006066734074823055,0.08163265306122448,20,2,5,48,0.044444444444444446,7.82525772630369,0.006066734074823055
groot_l10_500,r6p3v2_groot_l10_500_A_r0,r6p3v2_groot_l10_500_A_r0:eval:3:0,1,3,0,8,40,A,False,4482.087,4484.891,ok,,0.0909090909090909,0.0063492063492063405,0.08163265306122448,20,2,5,48,0.08695652173913043,7.983806519848234,0.024057738572574178
groot_l10_500,r6p3v2_groot_l10_500_A_r0,r6p3v2_groot_l10_500_A_r0:eval:3:0,1,3,0,10,50,A,True,4469.854,4472.585,ok,,0.08888888888888888,0.004537719795802614,0.08163265306122448,20,2,5,48,0.13043478260869565,8.150156249328772,0.024057738572574178
groot_l10_500,r6p3v2_groot_l10_500_A_r0,r6p3v2_groot_l10_500_A_r0:eval:3:0,1,3,0,12,60,A,False,4590.274,4595.635,ok,,0.08695652173913043,0.006976744186046463,0.08163265306122448,20,2,5,48,0.1568627450980392,8.355869010157091,0.02194357366771159
groot_l10_500,r6p3v2_groot_l10_500_A_r0,r6p3v2_groot_l10_500_A_r0:eval:3:0,1,3,0,14,70,A,True,4420.623,4423.471,ok,,0.08695652173913046,0.006976744186046463,0.08163265306122448,20,2,5,48,0.19607843137254902,8.393562727659242,0.021943573667711602
groot_l10_500,r6p3v2_groot_l10_500_A_r0,r6p3v2_groot_l10_500_A_r0:eval:3:0,1,3,0,16,80,A,False,4544.083,4546.783,slow_ambiguous,,0.0784313725490196,0.011484823625922902,0.0816326530612245,20,2,5,48,0.23809523809523808,8.799174403680883,0.04978354978354976
groot_l10_500,r6p3v2_groot_l10_500_A_r0,r6p3v2_groot_l10_500_A_r0:eval:3:0,1,3,0,18,90,A,False,4466.024,4468.75,ok,,0.09523809523809523,0.00697674418604656,0.08163265306122447,20,2,5,48,0.3111111111111111,8.920153746465326,0.064367816091954
groot_l10_500,r6p3v2_groot_l10_500_A_r0,r6p3v2_groot_l10_500_A_r0:eval:3:0,1,3,0,20,100,A,False,4792.268,4795.227,ok,,0.09302325581395349,0.006976744186046491,0.08163265306122448,20,2,5,48,0.35555555555555557,8.87985172054479,0.014559386973180127
groot_l10_500,r6p3v2_groot_l10_500_A_r0,r6p3v2_groot_l10_500_A_r0:eval:3:0,1,3,0,22,110,A,True,4528.955,4532.23,ok,,0.09302325581395349,0.008525149190110853,0.08163265306122447,20,2,5,48,0.4186046511627907,8.646503615362773,0.03873744619799141
groot_l10_500,r6p3v2_groot_l10_500_A_r0,r6p3v2_groot_l10_500_A_r0:eval:3:0,1,3,0,24,120,A,False,4591.813,4594.591,ok,,0.09523809523809523,0.004537719795802586,0.08163265306122452,20,2,5,48,0.47619047619047616,8.717281822373574,0.010604453870625696
groot_l10_500,r6p3v2_groot_l10_500_A_r0,r6p3v2_groot_l10_500_A_r0:eval:3:0,1,3,0,26,130,A,False,4516.109,4532.064,ok,,0.09523809523809523,0.02452107279693483,0.08163265306122452,20,2,5,48,0.47619047619047616,8.727085735662998,0.08403361344537819
groot_l10_500,r6p3v2_groot_l10_500_A_r0,r6p3v2_groot_l10_500_A_r0:eval:3:0,1,3,0,28,140,A,True,4589.034,4591.875,ok,,0.09523809523809523,0.041269841269841234,0.08163265306122447,20,2,5,48,0.5652173913043478,9.170481168093941,0.04872646733111852
groot_l10_500,r6p3v2_groot_l10_500_A_r0,r6p3v2_groot_l10_500_A_r0:eval:3:0,1,3,0,30,150,A,False,4559.631,4562.497,ok,,0.09302325581395354,0.011484823625922902,0.08163265306122447,20,2,5,48,0.5714285714285714,8.510208542243001,0.04994192799070851
groot_l10_500,r6p3v2_groot_l10_500_A_r0,r6p3v2_groot_l10_500_A_r0:eval:3:0,1,3,0,32,160,A,False,4477.928,4480.854,ok,,0.0888888888888889,0.04646464646464654,0.08163265306122452,20,2,5,48,0.6222222222222222,8.770403045758696,0.051049347702779246
groot_l10_500,r6p3v2_groot_l10_500_A_r0,r6p3v2_groot_l10_500_A_r0:eval:3:0,1,3,0,34,170,A,False,4502.982,4505.929,ok,,0.09302325581395343,0.03965183752417789,0.08163265306122447,20,2,5,48,0.6666666666666666,8.87489423326305,0.008672086720867167
groot_l10_500,r6p3v2_groot_l10_500_A_r0,r6p3v2_groot_l10_500_A_r0:eval:3:0,1,3,0,36,180,A,False,4482.332,4484.876,ok,,0.1333333333333333,0.0385947550717467,0.08163265306122447,20,2,5,48,0.6976744186046512,9.602844471122026,0.04983388704318947
groot_l10_500,r6p3v2_groot_l10_500_A_r0,r6p3v2_groot_l10_500_A_r0:eval:3:0,1,3,0,38,190,A,False,4550.4,4553.053,ok,,0.09523809523809523,0.009090909090909038,0.08163265306122447,20,2,5,48,0.7619047619047619,9.673045248291624,0.034636318654131526
groot_l10_500,r6p3v2_groot_l10_500_A_r0,r6p3v2_groot_l10_500_A_r0:eval:3:0,1,3,0,40,200,A,False,4545.521,4548.427,ok,,0.09302325581395354,0.006349206349206327,0.08163265306122447,20,2,5,48,0.8275862068965517,9.31646079532088,0.028595458368376847
groot_l10_500,r6p3v2_groot_l10_500_A_r0,r6p3v2_groot_l10_500_A_r0:eval:3:0,1,3,0,42,210,A,False,4465.143,4467.933,ok,,0.09302325581395343,0.026873385012919908,0.08163265306122447,20,2,5,48,0.8636363636363636,8.380923412781094,0.028595458368376736
groot_l10_500,r6p3v2_groot_l10_500_A_r0,r6p3v2_groot_l10_500_A_r0:eval:3:0,1,3,0,44,220,A,False,4382.804,4385.428,ok,,0.09523809523809523,0.03241719520789295,0.08163265306122447,20,2,5,48,0.9047619047619048,7.888437834302107,0.046511627906976716
groot_l10_500,r6p3v2_groot_l10_500_A_r0,r6p3v2_groot_l10_500_A_r0:eval:3:1,1,3,1,0,0,A,False,42.696,45.535,inactive,warming_up,,,,0,2,5,48,,,
groot_l10_500,r6p3v2_groot_l10_500_A_r0,r6p3v2_groot_l10_500_A_r0:eval:3:1,1,3,1,2,10,A,False,27.665,29.393,inactive,warming_up,,,,0,2,5,48,,,
groot_l10_500,r6p3v2_groot_l10_500_A_r0,r6p3v2_groot_l10_500_A_r0:eval:3:1,1,3,1,4,20,A,False,4691.128,4693.967,ok,,0.09090909090909091,0.007916872835230099,0.08163265306122448,20,2,5,48,0.0,9.149644062429717,0.026272577996715923
groot_l10_500,r6p3v2_groot_l10_500_A_r0,r6p3v2_groot_l10_500_A_r0:eval:3:1,1,3,1,6,30,A,False,4560.366,4563.408,ok,,0.0909090909090909,0.0069767441860465185,0.08163265306122448,20,2,5,48,0.045454545454545456,7.627305535316275,0.026272577996715923
groot_l10_500,r6p3v2_groot_l10_500_A_r0,r6p3v2_groot_l10_500_A_r0:eval:3:1,1,3,1,8,40,A,False,4353.216,4355.798,ok,,0.09090909090909091,0.004537719795802614,0.08163265306122448,20,2,5,48,0.09090909090909091,8.049883757654705,0.026272577996715923
groot_l10_500,r6p3v2_groot_l10_500_A_r0,r6p3v2_groot_l10_500_A_r0:eval:3:1,1,3,1,10,50,A,False,4493.314,4496.126,ok,,0.09090909090909091,0.006066734074823055,0.08163265306122448,20,2,5,48,0.14285714285714285,7.67582195699173,0.0082815734989648
groot_l10_500,r6p3v2_groot_l10_500_A_r0,r6p3v2_groot_l10_500_A_r0:eval:3:1,1,3,1,12,60,A,False,4578.607,4581.454,ok,,0.08888888888888888,0.012311901504788003,0.0816326530612245,20,2,5,48,0.19047619047619047,7.626315341077077,0.05602240896358543
groot_l10_500,r6p3v2_groot_l10_500_A_r0,r6p3v2_groot_l10_500_A_r0:eval:3:1,1,3,1,14,70,A,False,4873.971,4876.885,ok,,0.09523809523809523,0.008672086720867209,0.08163265306122448,20,2,5,48,0.22727272727272727,7.327015178973087,0.028758169934640504
groot_l10_500,r6p3v2_groot_l10_500_A_r0,r6p3v2_groot_l10_500_A_r0:eval:3:1,1,3,1,16,80,A,False,4604.684,4607.326,ok,,0.0888888888888889,0.010131712259371817,0.0816326530612245,20,2,5,48,0.26666666666666666,7.820866591114665,0.047619047619047616
groot_l10_500,r6p3v2_groot_l10_500_A_r0,r6p3v2_groot_l10_500_A_r0:eval:3:1,1,3,1,18,90,A,False,4522.085,4524.611,ok,,0.09090909090909094,0.00697674418604656,0.08163265306122452,20,2,5,48,0.3181818181818182,7.997223948113266,0.0560224089635854
groot_l10_500,r6p3v2_groot_l10_500_A_r0,r6p3v2_groot_l10_500_A_r0:eval:3:1,1,3,1,20,100,A,False,4536.517,4539.143,ok,,0.09090909090909088,0.006976744186046463,0.08163265306122452,20,2,5,48,0.35555555555555557,8.3186107448896,0.016806722689075626
groot_l10_500,r6p3v2_groot_l10_500_A_r0,r6p3v2_groot_l10_500_A_r0:eval:3:1,1,3,1,22,110,A,False,4760.18,4763.044,ok,,0.08888888888888885,0.02896007020623087,0.08163265306122447,20,2,5,48,0.4090909090909091,8.419252630870362,0.04540420819490587
groot_l10_500,r6p3v2_groot_l10_500_A_r0,r6p3v2_groot_l10_500_A_r0:eval:3:1,1,3,1,24,120,A,False,4629.318,4635.089,ok,,0.09090909090909088,0.006976744186046463,0.08163265306122452,20,2,5,48,0.45454545454545453,8.265025967886375,0.019129603060736466
groot_l10_500,r6p3v2_groot_l10_500_A_r0,r6p3v2_groot_l10_500_A_r0:eval:3:1,1,3,1,26,130,A,False,4506.853,4509.549,ok,,0.08888888888888885,0.006976744186046463,0.08163265306122452,20,2,5,48,0.4888888888888889,8.494037281297839,0.006066734074823055
groot_l10_500,r6p3v2_groot_l10_500_A_r0,r6p3v2_groot_l10_500_A_r0:eval:3:1,1,3,1,28,140,A,False,4669.703,4672.483,ok,,0.09090909090909094,0.04044489383215369,0.08163265306122447,20,2,5,48,0.5454545454545454,8.260552248525732,0.05064599483204135
groot_l10_500,r6p3v2_groot_l10_500_A_r0,r6p3v2_groot_l10_500_A_r0:eval:3:1,1,3,1,30,150,A,False,4610.155,4613.012,ok,,0.09090909090909083,0.041269841269841345,0.08163265306122447,20,2,5,48,0.5777777777777777,8.357514591099461,0.050793650793650724
groot_l10_500,r6p3v2_groot_l10_500_A_r0,r6p3v2_groot_l10_500_A_r0:eval:3:1,1,3,1,32,160,A,False,4620.419,4623.397,ok,,0.0888888888888889,0.04646464646464654,0.08163265306122447,20,2,5,48,0.6363636363636364,9.035961582466138,0.04872646733111852
groot_l10_500,r6p3v2_groot_l10_500_A_r0,r6p3v2_groot_l10_500_A_r0:eval:3:1,1,3,1,34,170,A,False,4631.837,4634.849,ok,,0.09302325581395343,0.033986928104575265,0.08163265306122458,20,2,5,48,0.6976744186046512,8.714313591322975,0.0043290043290042934
groot_l10_500,r6p3v2_groot_l10_500_A_r0,r6p3v2_groot_l10_500_A_r0:eval:3:1,1,3,1,36,180,A,False,4527.294,4530.029,ok,,0.09302325581395354,0.033986928104575265,0.08163265306122458,20,2,5,48,0.7441860465116279,9.203373007120687,0.0043290043290042934
groot_l10_500,r6p3v2_groot_l10_500_A_r0,r6p3v2_groot_l10_500_A_r0:eval:3:1,1,3,1,38,190,A,False,4583.868,4586.49,ok,,0.09302325581395354,0.008672086720867167,0.08163265306122452,20,2,5,48,0.7906976744186046,8.636471881536893,0.0043290043290044045
groot_l10_500,r6p3v2_groot_l10_500_A_r0,r6p3v2_groot_l10_500_A_r0:eval:3:1,1,3,1,40,200,A,False,4701.437,4704.184,ok,,0.09302325581395343,0.04044489383215366,0.08163265306122443,20,2,5,48,0.8571428571428571,8.535283497380208,0.06442577030812324
groot_l10_500,r6p3v2_groot_l10_500_A_r0,r6p3v2_groot_l10_500_A_r0:eval:3:1,1,3,1,42,210,A,False,4698.242,4701.099,ok,,0.09523809523809523,0.026873385012919908,0.08163265306122443,20,2,5,48,0.9047619047619048,8.305335408844872,0.051948051948051965
groot_l10_500,r6p3v2_groot_l10_500_A_r0,r6p3v2_groot_l10_500_A_r0:eval:4:0,1,4,0,0,0,A,False,62.442,65.518,inactive,warming_up,,,,0,2,5,45,,,
groot_l10_500,r6p3v2_groot_l10_500_A_r0,r6p3v2_groot_l10_500_A_r0:eval:4:0,1,4,0,2,10,A,False,61.749,63.584,inactive,warming_up,,,,0,2,5,45,,,
groot_l10_500,r6p3v2_groot_l10_500_A_r0,r6p3v2_groot_l10_500_A_r0:eval:4:0,1,4,0,4,20,A,True,5729.323,5732.055,slow_ambiguous,,0.06779661016949153,0.014227642276422772,0.07843137254901963,20,2,5,45,0.0,9.031455511977157,0.0946969696969697
groot_l10_500,r6p3v2_groot_l10_500_A_r0,r6p3v2_groot_l10_500_A_r0:eval:4:0,1,4,0,6,30,A,False,4423.296,4426.045,ok,,0.08333333333333334,0.03081232492997199,0.0784313725490196,20,2,5,45,0.041666666666666664,8.063569254230075,0.04872646733111849
groot_l10_500,r6p3v2_groot_l10_500_A_r0,r6p3v2_groot_l10_500_A_r0:eval:4:0,1,4,0,8,40,A,False,4326.595,4329.412,ok,,0.09090909090909091,0.01459188326493388,0.0784313725490196,20,2,5,45,0.09090909090909091,8.44834934366343,0.029764365440264576
groot_l10_500,r6p3v2_groot_l10_500_A_r0,r6p3v2_groot_l10_500_A_r0:eval:4:0,1,4,0,10,50,A,False,4460.587,4463.468,ok,,0.09090909090909091,0.013605442176870736,0.0784313725490196,20,2,5,45,0.12244897959183673,8.06645497023381,0.05720338983050849
groot_l10_500,r6p3v2_groot_l10_500_A_r0,r6p3v2_groot_l10_500_A_r0:eval:4:0,1,4,0,12,60,A,False,4506.721,4509.583,ok,,0.09523809523809523,0.014227642276422772,0.0784313725490196,20,2,5,45,0.18181818181818182,8.110047309261631,0.04336734693877553
groot_l10_500,r6p3v2_groot_l10_500_A_r0,r6p3v2_groot_l10_500_A_r0:eval:4:0,1,4,0,14,70,A,False,4475.01,4477.767,ok,,0.08333333333333331,0.011904761904761862,0.0784313725490196,20,2,5,45,0.23809523809523808,8.146210044906612,0.02976436544026459
groot_l10_500,r6p3v2_groot_l10_500_A_r0,r6p3v2_groot_l10_500_A_r0:eval:4:0,1,4,0,16,80,A,True,4362.535,4365.122,ok,,0.09523809523809523,0.0075757575757576245,0.0784313725490196,20,2,5,45,0.2857142857142857,8.42961083622331,0.029764365440264617
groot_l10_500,r6p3v2_groot_l10_500_A_r0,r6p3v2_groot_l10_500_A_r0:eval:4:0,1,4,0,18,90,A,False,4245.188,4247.942,ok,,0.09090909090909088,0.0357142857142857,0.07843137254901963,20,2,5,45,0.2857142857142857,8.129498615630178,0.11824990145841544
groot_l10_500,r6p3v2_groot_l10_500_A_r0,r6p3v2_groot_l10_500_A_r0:eval:4:0,1,4,0,20,100,A,False,4280.216,4283.241,slow_ambiguous,,0.06779661016949151,0.04251207729468598,0.0784313725490196,20,2,5,45,0.32653061224489793,7.564769129163115,0.09408033826638479
groot_l10_500,r6p3v2_groot_l10_500_A_r0,r6p3v2_groot_l10_500_A_r0:eval:4:0,1,4,0,22,110,A,True,4259.856,4262.87,slow_ambiguous,,0.03389830508474573,0.06896551724137934,0.0784313725490196,20,2,5,45,0.37209302325581395,7.398582931769194,0.04651162790697677
groot_l10_500,r6p3v2_groot_l10_500_A_r0,r6p3v2_groot_l10_500_A_r0:eval:4:0,1,4,0,24,120,A,False,4328.594,4331.258,slow_confirmed,,0.0,0.06896551724137923,0.0784313725490196,20,2,5,45,0.4166666666666667,7.5000518619069,0.046511627906976716
groot_l10_500,r6p3v2_groot_l10_500_A_r0,r6p3v2_groot_l10_500_A_r0:eval:4:0,1,4,0,26,130,A,False,7851.084,7855.406,slow_confirmed,,0.0,0.06896551724137934,0.0784313725490196,20,2,5,45,0.4186046511627907,7.395994499224816,0.046511627906976716
groot_l10_500,r6p3v2_groot_l10_500_A_r0,r6p3v2_groot_l10_500_A_r0:eval:4:0,1,4,0,28,140,A,True,4955.318,4958.393,slow_ambiguous,,0.0,0.08163265306122447,0.0784313725490196,20,2,5,45,0.43902439024390244,7.816370064740073,0.045454545454545414
groot_l10_500,r6p3v2_groot_l10_500_A_r0,r6p3v2_groot_l10_500_A_r0:eval:4:0,1,4,0,30,150,A,False,4528.148,4530.899,slow_ambiguous,,0.0,0.08163265306122447,0.0784313725490196,20,2,5,45,0.43902439024390244,7.791160086764594,0.04444444444444445
groot_l10_500,r6p3v2_groot_l10_500_A_r0,r6p3v2_groot_l10_500_A_r0:eval:4:0,1,4,0,32,160,A,True,4456.6,4459.337,slow_ambiguous,,0.04878048780487804,0.0357142857142857,0.07843137254901963,20,2,5,45,0.4489795918367347,8.417554092315166,0.08333333333333331
groot_l10_500,r6p3v2_groot_l10_500_A_r0,r6p3v2_groot_l10_500_A_r0:eval:4:0,1,4,0,34,170,A,False,4315.221,4317.877,slow_ambiguous,,0.04444444444444445,0.03495311167945442,0.07843137254901963,20,2,5,45,0.47058823529411764,8.56738285881085,0.08323329331732691
groot_l10_500,r6p3v2_groot_l10_500_A_r0,r6p3v2_groot_l10_500_A_r0:eval:4:0,1,4,0,36,180,A,False,4446.974,4450.059,ok,,0.08333333333333337,0.006066734074823166,0.07843137254901966,20,2,5,45,0.5,8.761760883140512,0.010457516339869188
groot_l10_500,r6p3v2_groot_l10_500_A_r0,r6p3v2_groot_l10_500_A_r0:eval:4:0,1,4,0,38,190,A,False,4409.674,4412.488,ok,,0.08333333333333326,0.008281573498964856,0.07843137254901966,20,2,5,45,0.5652173913043478,9.222535309521282,0.041501976284585074
groot_l10_500,r6p3v2_groot_l10_500_A_r0,r6p3v2_groot_l10_500_A_r0:eval:4:0,1,4,0,40,200,A,True,4322.965,4325.549,ok,,0.08333333333333337,0.006349206349206327,0.07843137254901955,20,2,5,45,0.6086956521739131,10.151672980378686,0.008525149190110826
groot_l10_500,r6p3v2_groot_l10_500_A_r0,r6p3v2_groot_l10_500_A_r0:eval:4:0,1,4,0,42,210,A,False,4223.811,4226.384,ok,,0.08695652173913038,0.008281573498964745,0.07843137254901955,20,2,5,45,0.6511627906976745,10.609997782915142,0.01459188326493388
groot_l10_500,r6p3v2_groot_l10_500_A_r0,r6p3v2_groot_l10_500_A_r0:eval:4:0,1,4,0,44,220,A,False,4260.483,4263.143,ok,,0.08333333333333326,0.008281573498964745,0.07843137254901955,20,2,5,45,0.6956521739130435,9.709925408859524,0.010457516339869355
groot_l10_500,r6p3v2_groot_l10_500_A_r0,r6p3v2_groot_l10_500_A_r0:eval:4:0,1,4,0,46,230,A,False,4706.529,4709.561,ok,,0.08333333333333337,0.008281573498964745,0.07843137254901955,20,2,5,45,0.7346938775510204,10.400474751209593,0.012477718360071388
groot_l10_500,r6p3v2_groot_l10_500_A_r0,r6p3v2_groot_l10_500_A_r0:eval:4:0,1,4,0,48,240,A,False,4381.367,4384.132,ok,,0.0888888888888889,0.009689922480620172,0.07843137254901966,20,2,5,45,0.7727272727272727,10.464773051717621,0.0513565891472868
groot_l10_500,r6p3v2_groot_l10_500_A_r0,r6p3v2_groot_l10_500_A_r0:eval:4:0,1,4,0,50,250,A,False,4450.771,4453.79,slow_confirmed,,0.04651162790697683,0.009689922480620172,0.07843137254901966,20,2,5,45,0.8163265306122449,11.375196573421206,0.05220692928334136
groot_l10_500,r6p3v2_groot_l10_500_A_r0,r6p3v2_groot_l10_500_A_r0:eval:4:0,1,4,0,52,260,A,False,4657.43,4660.145,ok,,0.08163265306122447,0.008281573498964856,0.07843137254901966,20,2,5,45,0.8163265306122449,10.920798266377117,0.04651162790697683
groot_l10_500,r6p3v2_groot_l10_500_A_r0,r6p3v2_groot_l10_500_A_r0:eval:4:0,1,4,0,54,270,A,False,4816.387,4819.628,ok,,0.08695652173913049,0.008281573498964745,0.07843137254901955,20,2,5,45,0.8571428571428571,10.391894606198148,0.01680672268907568
groot_l10_500,r6p3v2_groot_l10_500_A_r0,r6p3v2_groot_l10_500_A_r0:eval:4:0,1,4,0,56,280,A,False,5129.172,5132.543,ok,,0.08695652173913049,0.011904761904761862,0.07843137254901955,20,2,5,45,0.9130434782608695,9.390374781411454,0.06282513005202084
groot_l10_500,r6p3v2_groot_l10_500_A_r0,r6p3v2_groot_l10_500_A_r0:eval:4:1,1,4,1,0,0,A,False,41.518,44.201,inactive,warming_up,,,,0,2,5,45,,,
groot_l10_500,r6p3v2_groot_l10_500_A_r0,r6p3v2_groot_l10_500_A_r0:eval:4:1,1,4,1,2,10,A,False,26.616,28.211,inactive,warming_up,,,,0,2,5,45,,,
groot_l10_500,r6p3v2_groot_l10_500_A_r0,r6p3v2_groot_l10_500_A_r0:eval:4:1,1,4,1,4,20,A,False,4783.404,4786.3,ok,,0.08333333333333333,0.011904761904761918,0.0784313725490196,20,2,5,45,0.0,9.42520495245144,0.06856702619414483
groot_l10_500,r6p3v2_groot_l10_500_A_r0,r6p3v2_groot_l10_500_A_r0:eval:4:1,1,4,1,6,30,A,True,4246.471,4249.492,ok,,0.09090909090909091,0.015536723163841804,0.0784313725490196,20,2,5,45,0.03389830508474576,8.713178154379948,0.05720338983050846
groot_l10_500,r6p3v2_groot_l10_500_A_r0,r6p3v2_groot_l10_500_A_r0:eval:4:1,1,4,1,8,40,A,False,4275.336,4278.143,ok,,0.08163265306122448,0.027441485068603694,0.0784313725490196,20,2,5,45,0.08163265306122448,8.98519993299032,0.029764365440264576
groot_l10_500,r6p3v2_groot_l10_500_A_r0,r6p3v2_groot_l10_500_A_r0:eval:4:1,1,4,1,10,50,A,False,4484.824,4488.02,ok,,0.09302325581395349,0.01459188326493388,0.0784313725490196,20,2,5,45,0.13043478260869565,9.124061138985018,0.020062262193012784
groot_l10_500,r6p3v2_groot_l10_500_A_r0,r6p3v2_groot_l10_500_A_r0:eval:4:1,1,4,1,12,60,A,True,4204.316,4206.946,ok,,0.09523809523809523,0.035714285714285726,0.0784313725490196,20,2,5,45,0.17777777777777778,9.021739771540494,0.0525783619817998
groot_l10_500,r6p3v2_groot_l10_500_A_r0,r6p3v2_groot_l10_500_A_r0:eval:4:1,1,4,1,14,70,A,False,4285.2,4288.193,ok,,0.08695652173913046,0.036821705426356655,0.0784313725490196,20,2,5,45,0.24390243902439024,9.126247300850913,0.053116531165311676
groot_l10_500,r6p3v2_groot_l10_500_A_r0,r6p3v2_groot_l10_500_A_r0:eval:4:1,1,4,1,16,80,A,False,4309.511,4312.461,ok,,0.09756097560975613,0.011904761904761918,0.07843137254901963,20,2,5,45,0.2916666666666667,8.674710125330208,0.06856702619414484
groot_l10_500,r6p3v2_groot_l10_500_A_r0,r6p3v2_groot_l10_500_A_r0:eval:4:1,1,4,1,18,90,A,False,5004.299,5007.357,ok,,0.09090909090909088,0.011904761904761918,0.07843137254901963,20,2,5,45,0.28,8.48364272564978,0.088550674507091
groot_l10_500,r6p3v2_groot_l10_500_A_r0,r6p3v2_groot_l10_500_A_r0:eval:4:1,1,4,1,20,100,A,False,4210.529,4213.487,ok,,0.08333333333333337,0.024318349299926267,0.07843137254901963,20,2,5,45,0.3448275862068966,8.527543862829647,0.163265306122449
groot_l10_500,r6p3v2_groot_l10_500_A_r0,r6p3v2_groot_l10_500_A_r0:eval:4:1,1,4,1,22,110,A,True,4333.561,4336.251,ok,,0.12244897959183676,0.021346469622331693,0.0784313725490196,20,2,5,45,0.4,10.367456533056808,0.37288135593220334
groot_l10_500,r6p3v2_groot_l10_500_A_r0,r6p3v2_groot_l10_500_A_r0:eval:4:1,1,4,1,24,120,A,True,4623.764,4626.373,ok,,0.07999999999999996,0.03495311167945442,0.0784313725490196,20,2,5,45,0.4166666666666667,11.564021303786783,0.1258503401360545
groot_l10_500,r6p3v2_groot_l10_500_A_r0,r6p3v2_groot_l10_500_A_r0:eval:4:1,1,4,1,26,130,A,False,4564.756,4567.7,ok,,0.12,0.021346469622331693,0.0784313725490196,20,2,5,45,0.4,11.7257667521527,0.19944341372912794
groot_l10_500,r6p3v2_groot_l10_500_A_r0,r6p3v2_groot_l10_500_A_r0:eval:4:1,1,4,1,28,140,A,False,5125.731,5128.839,ok,,0.08163265306122447,0.011904761904761862,0.0784313725490196,20,2,5,45,0.5333333333333333,10.49577556467483,0.0552380952380952
groot_l10_500,r6p3v2_groot_l10_500_A_r0,r6p3v2_groot_l10_500_A_r0:eval:4:1,1,4,1,30,150,A,True,4270.414,4273.37,ok,,0.0888888888888889,0.008281573498964745,0.07843137254901955,20,2,5,45,0.5909090909090909,10.061984673047931,0.013605442176870763
groot_l10_500,r6p3v2_groot_l10_500_A_r0,r6p3v2_groot_l10_500_A_r0:eval:4:1,1,4,1,32,160,A,False,4284.231,4286.789,ok,,0.0888888888888889,0.008281573498964745,0.07843137254901955,20,2,5,45,0.6363636363636364,10.303850850549113,0.013605442176870652
groot_l10_500,r6p3v2_groot_l10_500_A_r0,r6p3v2_groot_l10_500_A_r0:eval:4:1,1,4,1,34,170,A,False,4332.534,4343.384,ok,,0.0888888888888889,0.008281573498964745,0.07843137254901955,20,2,5,45,0.6666666666666666,10.225809702012379,0.013605442176870763
groot_l10_500,r6p3v2_groot_l10_500_A_r0,r6p3v2_groot_l10_500_A_r0:eval:4:1,1,4,1,36,180,A,False,4310.821,4313.602,ok,,0.0888888888888889,0.008281573498964745,0.07843137254901955,20,2,5,45,0.7272727272727273,9.402490925996757,0.013605442176870763
groot_l10_500,r6p3v2_groot_l10_500_A_r0,r6p3v2_groot_l10_500_A_r0:eval:4:1,1,4,1,38,190,A,False,4377.189,4380.194,ok,,0.08333333333333337,0.008281573498964745,0.07843137254901966,20,2,5,45,0.7727272727272727,9.10087422569143,0.00927643784786647
groot_l10_500,r6p3v2_groot_l10_500_A_r0,r6p3v2_groot_l10_500_A_r0:eval:4:1,1,4,1,40,200,A,False,4317.568,4320.3,ok,,0.0888888888888888,0.007575757575757458,0.07843137254901966,20,2,5,45,0.8,9.06193083143787,0.015928322548531604
groot_l10_500,r6p3v2_groot_l10_500_A_r0,r6p3v2_groot_l10_500_A_r0:eval:4:1,1,4,1,42,210,A,False,4370.046,4372.954,ok,,0.09302325581395343,0.006651884700665245,0.07843137254901966,20,2,5,45,0.8292682926829268,8.508931470278972,0.015928322548531604
groot_l10_500,r6p3v2_groot_l10_500_A_r0,r6p3v2_groot_l10_500_A_r0:eval:4:1,1,4,1,44,220,A,False,4160.518,4163.139,ok,,0.09756097560975607,0.011904761904761862,0.07843137254901955,20,2,5,45,0.8780487804878049,8.790331440419848,0.04031007751937987
groot_l10_500,r6p3v2_groot_l10_500_A_r0,r6p3v2_groot_l10_500_A_r0:eval:4:1,1,4,1,46,230,A,False,4368.961,4371.944,ok,,0.09523809523809523,0.028282828282828312,0.07843137254901955,20,2,5,45,0.9047619047619048,8.729901102261474,0.046511627906976716
groot_l10_500,r6p3v2_groot_l10_500_A_r0,r6p3v2_groot_l10_500_A_r0:eval:4:1,1,4,1,48,240,A,True,4224.434,4227.319,slow_confirmed,,0.024390243902439046,0.008281573498964856,0.07843137254901962,20,2,5,45,0.975609756097561,8.428898147761215,0.02436323366555926
groot_l10_500,r6p3v2_groot_l10_500_A_r0,r6p3v2_groot_l10_500_A_r0:eval:4:1,1,4,1,50,250,A,True,4248.267,4250.945,slow_confirmed,,0.0,0.011390602752729073,0.07843137254901962,20,2,5,45,1.0,8.498449001755588,0.040000000000000036
groot_l10_500,r6p3v2_groot_l10_500_A_r0,r6p3v2_groot_l10_500_A_r0:eval:4:1,1,4,1,52,260,A,False,4215.549,4218.159,slow_confirmed,,0.0,0.008281573498964745,0.07843137254901966,20,2,5,45,1.0,8.52372266029876,0.019607843137254943
groot_l10_500,r6p3v2_groot_l10_500_A_r0,r6p3v2_groot_l10_500_A_r0:eval:4:1,1,4,1,54,270,A,True,4339.118,4342.114,slow_confirmed,,0.0,0.011904761904761862,0.07843137254901962,20,2,5,45,1.0,8.512146724244642,0.0
groot_l10_500,r6p3v2_groot_l10_500_A_r0,r6p3v2_groot_l10_500_A_r0:eval:4:1,1,4,1,56,280,A,True,4355.28,4369.947,slow_confirmed,,0.0,0.010604453870625696,0.07843137254901955,20,2,5,45,1.0,8.447691990599424,0.0
groot_l10_500,r6p3v2_groot_l10_500_A_r0,r6p3v2_groot_l10_500_A_r0:eval:4:1,1,4,1,58,290,A,False,4151.145,4154.343,slow_confirmed,,0.0,0.011904761904761862,0.07843137254901962,20,2,5,45,1.0,8.62635777665013,0.0
groot_l10_500,r6p3v2_groot_l10_500_A_r0,r6p3v2_groot_l10_500_A_r0:eval:4:1,1,4,1,60,300,A,True,4152.091,4154.761,slow_confirmed,,0.0,0.011904761904761862,0.07843137254901962,20,2,5,45,1.0,8.667213587498365,0.0
groot_l10_500,r6p3v2_groot_l10_500_A_r0,r6p3v2_groot_l10_500_A_r0:eval:4:1,1,4,1,62,310,A,True,4233.785,4236.836,slow_confirmed,,0.0,0.011904761904761862,0.07843137254901962,20,2,5,45,1.0,8.63312676493816,0.0
groot_l10_500,r6p3v2_groot_l10_500_A_r0,r6p3v2_groot_l10_500_A_r0:eval:4:1,1,4,1,64,320,A,True,4452.383,4455.049,slow_confirmed,,0.0,0.011904761904761862,0.07843137254901962,20,2,5,45,1.0,8.756488807113138,0.0
groot_l10_500,r6p3v2_groot_l10_500_A_r0,r6p3v2_groot_l10_500_A_r0:eval:4:1,1,4,1,66,330,A,True,4374.611,4377.568,slow_confirmed,,0.0,0.011904761904761862,0.07843137254901962,20,2,5,45,1.0,8.818186250627988,0.0
groot_l10_500,r6p3v2_groot_l10_500_A_r0,r6p3v2_groot_l10_500_A_r0:eval:4:1,1,4,1,68,340,A,True,4138.333,4141.005,slow_confirmed,,0.0,0.008281573498964745,0.07843137254901955,20,2,5,45,1.0,9.083799672659358,0.019607843137254943
groot_l10_500,r6p3v2_groot_l10_500_A_r0,r6p3v2_groot_l10_500_A_r0:eval:4:1,1,4,1,70,350,A,False,4397.948,4400.811,slow_confirmed,,0.0,0.008281573498964856,0.07843137254901955,20,2,5,45,1.0,9.741390689083866,0.0
groot_l10_500,r6p3v2_groot_l10_500_A_r0,r6p3v2_groot_l10_500_A_r0:eval:4:1,1,4,1,72,360,A,False,4241.333,4243.922,slow_confirmed,,0.0,0.008281573498964856,0.07843137254901955,20,2,5,45,1.0,10.600875087124288,0.0
groot_l10_500,r6p3v2_groot_l10_500_A_r0,r6p3v2_groot_l10_500_A_r0:eval:4:1,1,4,1,74,370,A,False,4333.159,4335.795,slow_confirmed,,0.0,0.008525149190110826,0.07843137254901955,20,2,5,45,1.0,11.24031698125271,0.023255813953488413
groot_l10_500,r6p3v2_groot_l10_500_A_r0,r6p3v2_groot_l10_500_A_r0:eval:4:1,1,4,1,76,380,A,False,4314.685,4317.539,slow_confirmed,,0.0,0.006349206349206327,0.07843137254901955,20,2,5,45,0.5769230769230769,11.752521198533833,0.0
groot_l10_500,r6p3v2_groot_l10_500_A_r0,r6p3v2_groot_l10_500_A_r0:eval:4:1,1,4,1,78,390,A,True,4477.311,4483.672,slow_confirmed,,0.0,0.010457516339869244,0.07843137254901955,20,2,5,45,0.5769230769230769,11.820583510638889,0.44067796610169496
groot_l10_500,r6p3v2_groot_l10_500_A_r0,r6p3v2_groot_l10_500_A_r0:eval:4:1,1,4,1,80,400,A,False,4272.943,4275.593,slow_confirmed,,0.0,0.006349206349206327,0.07843137254901955,20,2,5,45,0.5423728813559322,11.991119982634961,0.0
groot_l10_500,r6p3v2_groot_l10_500_A_r0,r6p3v2_groot_l10_500_A_r0:eval:4:1,1,4,1,82,410,A,False,4327.137,4329.698,slow_confirmed,,0.0,0.011904761904761862,0.07843137254901955,20,2,5,45,0.5423728813559322,12.201504694539944,0.44067796610169496
groot_l10_500,r6p3v2_groot_l10_500_A_r0,r6p3v2_groot_l10_500_A_r0:eval:4:1,1,4,1,84,420,A,True,4433.03,4435.881,slow_confirmed,,0.0,0.006349206349206327,0.07843137254901955,20,2,5,45,0.5423728813559322,12.472169164119705,0.0
groot_l10_500,r6p3v2_groot_l10_500_A_r0,r6p3v2_groot_l10_500_A_r0:eval:4:1,1,4,1,86,430,A,False,4229.291,4232.143,slow_confirmed,,0.0,0.006349206349206327,0.07843137254901955,20,2,5,45,0.45454545454545453,12.706819120047596,0.0
groot_l10_500,r6p3v2_groot_l10_500_A_r0,r6p3v2_groot_l10_500_A_r0:eval:4:1,1,4,1,88,440,A,False,4323.695,4326.34,slow_confirmed,,0.0,0.008281573498964856,0.07843137254901955,20,2,5,45,0.5423728813559322,12.9584442945579,0.03389830508474578
groot_l10_500,r6p3v2_groot_l10_500_A_r0,r6p3v2_groot_l10_500_A_r0:eval:4:1,1,4,1,90,450,A,True,4236.562,4239.23,slow_confirmed,,0.0,0.006349206349206327,0.07843137254901955,20,2,5,45,0.45454545454545453,13.065074197597028,0.0
groot_l10_500,r6p3v2_groot_l10_500_A_r0,r6p3v2_groot_l10_500_A_r0:eval:4:1,1,4,1,92,460,A,True,4279.494,4282.072,slow_confirmed,,0.0,0.006349206349206327,0.07843137254901955,20,2,5,45,0.5098039215686274,13.170678803718294,0.0
groot_l10_500,r6p3v2_groot_l10_500_A_r0,r6p3v2_groot_l10_500_A_r0:eval:4:1,1,4,1,94,470,A,False,4381.419,4384.393,slow_confirmed,,0.0,0.006349206349206327,0.07843137254901955,20,2,5,45,0.5098039215686274,13.093307272691922,0.0
groot_l10_500,r6p3v2_groot_l10_500_A_r0,r6p3v2_groot_l10_500_A_r0:eval:4:1,1,4,1,96,480,A,True,4380.811,4383.446,slow_confirmed,,0.0,0.006349206349206327,0.07843137254901955,20,2,5,45,0.5098039215686274,13.168848362693298,0.0
groot_l10_500,r6p3v2_groot_l10_500_A_r0,r6p3v2_groot_l10_500_A_r0:eval:4:1,1,4,1,98,490,A,False,4268.903,4271.569,slow_confirmed,,0.0,0.024318349299926267,0.07843137254901955,20,2,5,45,0.5098039215686274,13.159262334662202,0.20338983050847456
groot_l10_500,r6p3v2_groot_l10_500_A_r0,r6p3v2_groot_l10_500_A_r0:eval:4:1,1,4,1,100,500,A,True,4228.863,4231.552,slow_confirmed,,0.0,0.006349206349206327,0.07843137254901955,20,2,5,45,0.5098039215686274,13.356337851957841,0.0
groot_l10_500,r6p3v2_groot_l10_500_A_r0,r6p3v2_groot_l10_500_A_r0:eval:4:1,1,4,1,102,510,A,False,4324.529,4327.272,slow_confirmed,,0.0,0.006349206349206327,0.07843137254901955,20,2,5,45,0.47619047619047616,13.553996256545437,0.0
groot_l10_500,r6p3v2_groot_l10_500_A_r0,r6p3v2_groot_l10_500_A_r0:eval:5:0,1,5,0,0,0,A,False,52.264,55.447,inactive,warming_up,,,,0,2,5,46,,,
groot_l10_500,r6p3v2_groot_l10_500_A_r0,r6p3v2_groot_l10_500_A_r0:eval:5:0,1,5,0,2,10,A,False,59.506,63.011,inactive,warming_up,,,,0,2,5,46,,,
groot_l10_500,r6p3v2_groot_l10_500_A_r0,r6p3v2_groot_l10_500_A_r0:eval:5:0,1,5,0,4,20,A,False,5497.475,5500.366,ok,,0.09523809523809523,0.02028397565922921,0.07407407407407407,20,2,5,46,0.037037037037037035,8.08224272387213,0.05092592592592593
groot_l10_500,r6p3v2_groot_l10_500_A_r0,r6p3v2_groot_l10_500_A_r0:eval:5:0,1,5,0,6,30,A,False,4191.139,4193.988,ok,,0.11428571428571428,0.03793103448275863,0.07407407407407407,20,2,5,46,0.07407407407407407,7.724609917620775,0.11342592592592593
groot_l10_500,r6p3v2_groot_l10_500_A_r0,r6p3v2_groot_l10_500_A_r0:eval:5:0,1,5,0,8,40,A,False,4232.382,4235.445,ok,,0.09523809523809523,0.047008547008547,0.07407407407407407,20,2,5,46,0.14285714285714285,7.93219383453462,0.07188940092165899
groot_l10_500,r6p3v2_groot_l10_500_A_r0,r6p3v2_groot_l10_500_A_r0:eval:5:0,1,5,0,10,50,A,False,4217.963,4220.669,ok,,0.1025641025641026,0.03793103448275863,0.07407407407407407,20,2,5,46,0.22857142857142856,8.634271816411996,0.07188940092165899
groot_l10_500,r6p3v2_groot_l10_500_A_r0,r6p3v2_groot_l10_500_A_r0:eval:5:0,1,5,0,12,60,A,False,4292.492,4295.763,ok,,0.12121212121212122,0.048120300751879674,0.07407407407407407,20,2,5,46,0.25,8.734178901784045,0.026468155500413593
groot_l10_500,r6p3v2_groot_l10_500_A_r0,r6p3v2_groot_l10_500_A_r0:eval:5:0,1,5,0,14,70,A,False,4121.749,4124.27,ok,,0.125,0.048120300751879674,0.07407407407407407,20,2,5,46,0.3125,9.151826750044565,0.02376910016977929
groot_l10_500,r6p3v2_groot_l10_500_A_r0,r6p3v2_groot_l10_500_A_r0:eval:5:0,1,5,0,16,80,A,False,4216.361,4218.875,ok,,0.11111111111111112,0.027439024390243927,0.07407407407407407,20,2,5,46,0.41025641025641024,9.644918150086161,0.026468155500413648
groot_l10_500,r6p3v2_groot_l10_500_A_r0,r6p3v2_groot_l10_500_A_r0:eval:5:0,1,5,0,18,90,A,True,4264.62,4267.203,ok,,0.125,0.0499194847020934,0.07407407407407407,20,2,5,46,0.4375,8.970013974864253,0.02376910016977922
groot_l10_500,r6p3v2_groot_l10_500_A_r0,r6p3v2_groot_l10_500_A_r0:eval:5:0,1,5,0,20,100,A,False,4120.165,4122.825,ok,,0.10526315789473684,0.03933747412008293,0.07407407407407407,20,2,5,46,0.4444444444444444,8.441861368417628,0.054824561403508776
groot_l10_500,r6p3v2_groot_l10_500_A_r0,r6p3v2_groot_l10_500_A_r0:eval:5:0,1,5,0,22,110,A,True,4300.453,4303.375,ok,,0.10526315789473684,0.04761904761904756,0.07407407407407407,20,2,5,46,0.5625,7.976021868751513,0.06653225806451613
groot_l10_500,r6p3v2_groot_l10_500_A_r0,r6p3v2_groot_l10_500_A_r0:eval:5:0,1,5,0,24,120,A,False,4013.832,4016.48,ok,,0.10526315789473684,0.05313092979127121,0.07407407407407407,20,2,5,46,0.6285714285714286,7.593470022317639,0.10691244239631348
groot_l10_500,r6p3v2_groot_l10_500_A_r0,r6p3v2_groot_l10_500_A_r0:eval:5:0,1,5,0,26,130,A,True,4043.238,4045.874,ok,,0.09523809523809523,0.07126436781609191,0.07407407407407407,20,2,5,46,0.6842105263157895,7.252577331320367,0.06048387096774188
groot_l10_500,r6p3v2_groot_l10_500_A_r0,r6p3v2_groot_l10_500_A_r0:eval:5:0,1,5,0,28,140,A,False,4181.657,4184.356,ok,,0.10526315789473684,0.06349206349206349,0.07407407407407407,20,2,5,46,0.7368421052631579,7.236850453506005,0.09394453876627051
groot_l10_500,r6p3v2_groot_l10_500_A_r0,r6p3v2_groot_l10_500_A_r0:eval:5:0,1,5,0,30,150,A,False,4011.479,4014.039,ok,,0.10526315789473684,0.06209150326797386,0.07407407407407407,20,2,5,46,0.8125,7.2579960791488505,0.1524122807017544
groot_l10_500,r6p3v2_groot_l10_500_A_r0,r6p3v2_groot_l10_500_A_r0:eval:5:0,1,5,0,32,160,A,False,4087.265,4089.874,ok,,0.10526315789473684,0.06349206349206349,0.07407407407407407,20,2,5,46,0.8333333333333334,7.264012516240371,0.09285714285714286
groot_l10_500,r6p3v2_groot_l10_500_A_r0,r6p3v2_groot_l10_500_A_r0:eval:5:0,1,5,0,34,170,A,True,4026.451,4028.824,ok,,0.10526315789473684,0.06236559139784943,0.07407407407407407,20,2,5,46,0.8421052631578947,7.061953681828399,0.16666666666666663
groot_l10_500,r6p3v2_groot_l10_500_A_r0,r6p3v2_groot_l10_500_A_r0:eval:5:0,1,5,0,36,180,A,False,4089.73,4092.005,slow_ambiguous,,0.05555555555555558,0.07407407407407407,0.07407407407407407,20,2,5,46,0.9375,7.222911178095369,0.19047619047619047
groot_l10_500,r6p3v2_groot_l10_500_A_r0,r6p3v2_groot_l10_500_A_r0:eval:5:0,1,5,0,38,190,A,False,4171.36,4174.255,slow_ambiguous,,0.07017543859649122,0.07407407407407407,0.07407407407407407,20,2,5,46,0.9019607843137255,7.666499651100341,0.360655737704918
groot_l10_500,r6p3v2_groot_l10_500_A_r0,r6p3v2_groot_l10_500_A_r0:eval:5:0,1,5,0,40,200,A,True,4189.936,4192.886,slow_ambiguous,,0.0,0.07407407407407407,0.07407407407407407,20,2,5,46,1.0,7.968625202636656,0.03508771929824561
groot_l10_500,r6p3v2_groot_l10_500_A_r0,r6p3v2_groot_l10_500_A_r0:eval:5:0,1,5,0,42,210,A,False,4255.596,4258.83,slow_confirmed,,0.0,0.07126436781609191,0.07407407407407407,20,2,5,46,0.9411764705882353,8.595444342151387,0.0
groot_l10_500,r6p3v2_groot_l10_500_A_r0,r6p3v2_groot_l10_500_A_r0:eval:5:0,1,5,0,44,220,A,False,4203.89,4207.024,slow_confirmed,,0.0,0.07126436781609191,0.07407407407407407,20,2,5,46,0.9411764705882353,8.72101209664287,0.03508771929824561
groot_l10_500,r6p3v2_groot_l10_500_A_r0,r6p3v2_groot_l10_500_A_r0:eval:5:0,1,5,0,46,230,A,True,4196.882,4199.549,slow_confirmed,,0.0,0.07017543859649122,0.07407407407407407,20,2,5,46,0.8695652173913043,8.908978431786553,0.10526315789473684
groot_l10_500,r6p3v2_groot_l10_500_A_r0,r6p3v2_groot_l10_500_A_r0:eval:5:0,1,5,0,48,240,A,True,4137.113,4139.874,slow_confirmed,,0.0,0.06557377049180324,0.07407407407407407,20,2,5,46,0.8947368421052632,8.899941193851186,0.03508771929824561
groot_l10_500,r6p3v2_groot_l10_500_A_r0,r6p3v2_groot_l10_500_A_r0:eval:5:0,1,5,0,50,250,A,True,4096.103,4099.016,slow_confirmed,,0.0,0.05882352941176472,0.07407407407407413,20,2,5,46,0.8947368421052632,9.010044748902827,0.05882352941176472
groot_l10_500,r6p3v2_groot_l10_500_A_r0,r6p3v2_groot_l10_500_A_r0:eval:5:0,1,5,0,52,260,A,True,4247.998,4251.406,slow_confirmed,,0.0,0.07017543859649122,0.07407407407407407,20,2,5,46,0.9180327868852459,9.177759778970334,0.05882352941176472
groot_l10_500,r6p3v2_groot_l10_500_A_r0,r6p3v2_groot_l10_500_A_r0:eval:5:0,1,5,0,54,270,A,False,4128.459,4131.408,slow_confirmed,,0.0,0.07017543859649122,0.07407407407407407,20,2,5,46,0.9180327868852459,9.140790234476574,0.0
groot_l10_500,r6p3v2_groot_l10_500_A_r0,r6p3v2_groot_l10_500_A_r0:eval:5:0,1,5,0,56,280,A,False,4045.649,4048.487,slow_ambiguous,,0.0,0.07450980392156858,0.07407407407407407,20,2,5,46,0.9180327868852459,9.011283310717774,0.14035087719298245
groot_l10_500,r6p3v2_groot_l10_500_A_r0,r6p3v2_groot_l10_500_A_r0:eval:5:1,1,5,1,0,0,A,False,43.034,56.332,inactive,warming_up,,,,0,2,5,46,,,
groot_l10_500,r6p3v2_groot_l10_500_A_r0,r6p3v2_groot_l10_500_A_r0:eval:5:1,1,5,1,2,10,A,False,29.76,31.426,inactive,warming_up,,,,0,2,5,46,,,
groot_l10_500,r6p3v2_groot_l10_500_A_r0,r6p3v2_groot_l10_500_A_r0:eval:5:1,1,5,1,4,20,A,True,4280.821,4283.527,ok,,0.125,0.02903225806451612,0.07407407407407407,20,2,5,46,0.0,8.589666763912133,0.07142857142857142
groot_l10_500,r6p3v2_groot_l10_500_A_r0,r6p3v2_groot_l10_500_A_r0:eval:5:1,1,5,1,6,30,A,False,4309.837,4326.012,ok,,0.1142857142857143,0.03379416282642089,0.07407407407407407,20,2,5,46,0.05555555555555555,8.08686356392131,0.10109289617486339
groot_l10_500,r6p3v2_groot_l10_500_A_r0,r6p3v2_groot_l10_500_A_r0:eval:5:1,1,5,1,8,40,A,True,4188.041,4191.216,ok,,0.11111111111111113,0.03703703703703706,0.07407407407407407,20,2,5,46,0.11428571428571428,8.422918167390852,0.09221311475409837
groot_l10_500,r6p3v2_groot_l10_500_A_r0,r6p3v2_groot_l10_500_A_r0:eval:5:1,1,5,1,10,50,A,False,4033.829,4036.844,ok,,0.11764705882352944,0.0268199233716475,0.07407407407407407,20,2,5,46,0.14285714285714285,8.638477843822265,0.09226190476190477
groot_l10_500,r6p3v2_groot_l10_500_A_r0,r6p3v2_groot_l10_500_A_r0:eval:5:1,1,5,1,12,60,A,False,4097.457,4100.059,ok,,0.1176470588235294,0.0499194847020934,0.07407407407407407,20,2,5,46,0.25,8.985874316275932,0.029761904761904767
groot_l10_500,r6p3v2_groot_l10_500_A_r0,r6p3v2_groot_l10_500_A_r0:eval:5:1,1,5,1,14,70,A,True,4076.028,4078.669,ok,,0.1176470588235294,0.048120300751879674,0.07407407407407407,20,2,5,46,0.3125,9.078256337849846,0.029761904761904767
groot_l10_500,r6p3v2_groot_l10_500_A_r0,r6p3v2_groot_l10_500_A_r0:eval:5:1,1,5,1,16,80,A,True,4024.707,4027.475,ok,,0.125,0.022435897435897398,0.07407407407407407,20,2,5,46,0.375,9.726113529662172,0.042692939244663386
groot_l10_500,r6p3v2_groot_l10_500_A_r0,r6p3v2_groot_l10_500_A_r0:eval:5:1,1,5,1,18,90,A,False,4229.188,4232.044,ok,,0.125,0.0268199233716475,0.07407407407407407,20,2,5,46,0.4375,9.557479763147635,0.03793103448275857
groot_l10_500,r6p3v2_groot_l10_500_A_r0,r6p3v2_groot_l10_500_A_r0:eval:5:1,1,5,1,20,100,A,True,4282.572,4285.435,ok,,0.11764705882352944,0.029032258064516148,0.07407407407407407,20,2,5,46,0.4666666666666667,9.504653715416227,0.037931034482758696
groot_l10_500,r6p3v2_groot_l10_500_A_r0,r6p3v2_groot_l10_500_A_r0:eval:5:1,1,5,1,22,110,A,False,4091.195,4094.005,ok,,0.11764705882352944,0.05207328833172614,0.07407407407407413,20,2,5,46,0.48484848484848486,8.613037179874807,0.06315789473684208
groot_l10_500,r6p3v2_groot_l10_500_A_r0,r6p3v2_groot_l10_500_A_r0:eval:5:1,1,5,1,24,120,A,True,4050.076,4052.853,ok,,0.11764705882352933,0.034068912117692585,0.07407407407407407,20,2,5,46,0.5454545454545454,8.43289494819581,0.06315789473684208
groot_l10_500,r6p3v2_groot_l10_500_A_r0,r6p3v2_groot_l10_500_A_r0:eval:5:1,1,5,1,26,130,A,False,4220.49,4223.326,ok,,0.10526315789473684,0.04761904761904756,0.07407407407407407,20,2,5,46,0.631578947368421,8.056908435083523,0.07083333333333341
groot_l10_500,r6p3v2_groot_l10_500_A_r0,r6p3v2_groot_l10_500_A_r0:eval:5:1,1,5,1,28,140,A,False,4192.664,4195.576,ok,,0.10526315789473684,0.05578047683310834,0.07407407407407407,20,2,5,46,0.6842105263157895,7.616901183487896,0.11285266457680254
groot_l10_500,r6p3v2_groot_l10_500_A_r0,r6p3v2_groot_l10_500_A_r0:eval:5:1,1,5,1,30,150,A,True,4140.515,4143.199,ok,,0.09836065573770497,0.06775956284153001,0.07407407407407407,20,2,5,46,0.7368421052631579,7.374374145608435,0.08078817733990151
groot_l10_500,r6p3v2_groot_l10_500_A_r0,r6p3v2_groot_l10_500_A_r0:eval:5:1,1,5,1,32,160,A,False,4170.76,4173.857,ok,,0.08571428571428574,0.06775956284153001,0.07407407407407407,20,2,5,46,0.7894736842105263,7.5375474043886745,0.08750000000000002
groot_l10_500,r6p3v2_groot_l10_500_A_r0,r6p3v2_groot_l10_500_A_r0:eval:5:1,1,5,1,34,170,A,True,4138.943,4141.783,ok,,0.10526315789473684,0.07407407407407407,0.07407407407407407,20,2,5,46,0.8421052631578947,7.715965762402841,0.17142857142857137
groot_l10_500,r6p3v2_groot_l10_500_A_r0,r6p3v2_groot_l10_500_A_r0:eval:6:0,1,6,0,0,0,A,False,48.645,51.398,inactive,warming_up,,,,0,2,5,39,,,
groot_l10_500,r6p3v2_groot_l10_500_A_r0,r6p3v2_groot_l10_500_A_r0:eval:6:0,1,6,0,2,10,A,False,29.895,31.514,inactive,warming_up,,,,0,2,5,39,,,
groot_l10_500,r6p3v2_groot_l10_500_A_r0,r6p3v2_groot_l10_500_A_r0:eval:6:0,1,6,0,4,20,A,False,5251.687,5254.313,ok,,0.0784313725490196,0.017221584385763503,0.059701492537313425,20,2,5,39,0.0,8.237646185147854,0.04366197183098592
groot_l10_500,r6p3v2_groot_l10_500_A_r0,r6p3v2_groot_l10_500_A_r0:eval:6:0,1,6,0,6,30,A,True,3712.991,3715.812,ok,,0.0784313725490196,0.017221584385763503,0.059701492537313425,20,2,5,39,0.04081632653061224,7.339946915585223,0.04117647058823529
groot_l10_500,r6p3v2_groot_l10_500_A_r0,r6p3v2_groot_l10_500_A_r0:eval:6:0,1,6,0,8,40,A,False,3669.069,3671.824,ok,,0.059701492537313425,0.015437392795883367,0.059701492537313425,20,2,5,39,0.0784313725490196,7.765310867330752,0.025294624892210398
groot_l10_500,r6p3v2_groot_l10_500_A_r0,r6p3v2_groot_l10_500_A_r0:eval:6:0,1,6,0,10,50,A,False,3792.652,3795.388,ok,,0.08888888888888888,0.026923076923076883,0.059701492537313425,20,2,5,39,0.12244897959183673,7.988440374553818,0.0411764705882353
groot_l10_500,r6p3v2_groot_l10_500_A_r0,r6p3v2_groot_l10_500_A_r0:eval:6:0,1,6,0,12,60,A,False,3665.869,3668.576,ok,,0.09090909090909091,0.02284781721746229,0.059701492537313425,20,2,5,39,0.16326530612244897,8.376515706784284,0.05121951219512197
groot_l10_500,r6p3v2_groot_l10_500_A_r0,r6p3v2_groot_l10_500_A_r0:eval:6:0,1,6,0,14,70,A,True,3745.056,3747.69,ok,,0.06451612903225806,0.016806722689075626,0.059701492537313425,20,2,5,39,0.2,8.310252964596062,0.046457607433217196
groot_l10_500,r6p3v2_groot_l10_500_A_r0,r6p3v2_groot_l10_500_A_r0:eval:6:0,1,6,0,16,80,A,False,3738.844,3741.737,ok,,0.05970149253731344,0.035536602700781794,0.05970149253731344,20,2,5,39,0.2857142857142857,9.07726878416364,0.04872646733111852
groot_l10_500,r6p3v2_groot_l10_500_A_r0,r6p3v2_groot_l10_500_A_r0:eval:6:0,1,6,0,18,90,A,False,3784.898,3787.629,ok,,0.08695652173913043,0.015607580824972142,0.05970149253731344,20,2,5,39,0.25,8.979444796115175,0.09907120743034056
groot_l10_500,r6p3v2_groot_l10_500_A_r0,r6p3v2_groot_l10_500_A_r0:eval:6:0,1,6,0,20,100,A,False,3889.006,3891.795,ok,,0.08695652173913043,0.026923076923076883,0.05970149253731344,20,2,5,39,0.30434782608695654,8.469136512925095,0.04643962848297212
groot_l10_500,r6p3v2_groot_l10_500_A_r0,r6p3v2_groot_l10_500_A_r0:eval:6:0,1,6,0,22,110,A,True,3830.816,3833.407,ok,,0.10000000000000005,0.054698457223001484,0.05970149253731344,20,2,5,39,0.35,8.089960025807395,0.0716112531969309
groot_l10_500,r6p3v2_groot_l10_500_A_r0,r6p3v2_groot_l10_500_A_r0:eval:6:0,1,6,0,24,120,A,False,3833.036,3835.91,ok,,0.09756097560975613,0.02738553701326485,0.05970149253731344,20,2,5,39,0.4,7.9634861749730215,0.14450127877237845
groot_l10_500,r6p3v2_groot_l10_500_A_r0,r6p3v2_groot_l10_500_A_r0:eval:6:0,1,6,0,26,130,A,False,3859.948,3862.921,ok,,0.09302325581395343,0.051219512195121886,0.05970149253731344,20,2,5,39,0.45,7.462810116206484,0.12629399585921325
groot_l10_500,r6p3v2_groot_l10_500_A_r0,r6p3v2_groot_l10_500_A_r0:eval:6:0,1,6,0,28,140,A,True,3786.499,3789.388,ok,,0.08163265306122447,0.05970149253731344,0.05970149253731344,20,2,5,39,0.5581395348837209,7.906537176144912,0.04756871035940813
groot_l10_500,r6p3v2_groot_l10_500_A_r0,r6p3v2_groot_l10_500_A_r0:eval:6:0,1,6,0,30,150,A,False,3791.607,3794.317,ok,,0.08695652173913038,0.056338028169014065,0.05970149253731344,20,2,5,39,0.5,8.13719398418524,0.05882352941176466
groot_l10_500,r6p3v2_groot_l10_500_A_r0,r6p3v2_groot_l10_500_A_r0:eval:6:0,1,6,0,32,160,A,False,3808.396,3811.134,ok,,0.08695652173913038,0.04651162790697683,0.05970149253731344,20,2,5,39,0.6046511627906976,7.87752412908173,0.03419972640218888
groot_l10_500,r6p3v2_groot_l10_500_A_r0,r6p3v2_groot_l10_500_A_r0:eval:6:0,1,6,0,34,170,A,True,3796.498,3799.299,ok,,0.09090909090909083,0.06666666666666676,0.05970149253731338,20,2,5,39,0.6956521739130435,8.118789397030195,0.006066734074822944
groot_l10_500,r6p3v2_groot_l10_500_A_r0,r6p3v2_groot_l10_500_A_r0:eval:6:0,1,6,0,36,180,A,False,4467.862,3931.736,ok,,0.12244897959183676,0.02017543859649129,0.059701492537313494,20,2,5,39,0.7391304347826086,8.154639243465965,0.220702234382125
groot_l10_500,r6p3v2_groot_l10_500_A_r0,r6p3v2_groot_l10_500_A_r0:eval:6:0,1,6,0,38,190,A,True,3739.026,3741.833,ok,,0.09302325581395354,0.05494505494505497,0.05970149253731344,20,2,5,39,0.782608695652174,7.805209608665106,0.03375196232339095
groot_l10_500,r6p3v2_groot_l10_500_A_r0,r6p3v2_groot_l10_500_A_r0:eval:6:0,1,6,0,40,200,A,False,3881.616,3884.296,slow_ambiguous,,0.04761904761904756,0.05882352941176472,0.05970149253731344,20,2,5,39,0.8292682926829268,7.5266672627866775,0.054082714740190996
groot_l10_500,r6p3v2_groot_l10_500_A_r0,r6p3v2_groot_l10_500_A_r0:eval:6:0,1,6,0,42,210,A,False,3879.488,3882.331,ok,,0.09302325581395354,0.04994192799070851,0.05970149253731344,20,2,5,39,0.85,7.488789298039933,0.11764705882352944
groot_l10_500,r6p3v2_groot_l10_500_A_r0,r6p3v2_groot_l10_500_A_r0:eval:6:0,1,6,0,44,220,A,False,3839.862,3842.442,ok,,0.07547169811320753,0.041269841269841345,0.05970149253731344,20,2,5,39,0.7924528301886793,7.821230194891798,0.17008663930688558
groot_l10_500,r6p3v2_groot_l10_500_A_r0,r6p3v2_groot_l10_500_A_r0:eval:6:1,1,6,1,0,0,A,False,74.495,77.322,inactive,warming_up,,,,0,2,5,39,,,
groot_l10_500,r6p3v2_groot_l10_500_A_r0,r6p3v2_groot_l10_500_A_r0:eval:6:1,1,6,1,2,10,A,False,27.258,28.789,inactive,warming_up,,,,0,2,5,39,,,
groot_l10_500,r6p3v2_groot_l10_500_A_r0,r6p3v2_groot_l10_500_A_r0:eval:6:1,1,6,1,4,20,A,False,3988.313,3991.1,ok,,0.08888888888888889,0.018367346938775522,0.059701492537313425,20,2,5,39,0.0,7.7650595178041115,0.0380479735318445
groot_l10_500,r6p3v2_groot_l10_500_A_r0,r6p3v2_groot_l10_500_A_r0:eval:6:1,1,6,1,6,30,A,False,3815.051,3817.81,ok,,0.10256410256410257,0.02564102564102566,0.059701492537313425,20,2,5,39,0.044444444444444446,7.288242362739456,0.031111111111111117
groot_l10_500,r6p3v2_groot_l10_500_A_r0,r6p3v2_groot_l10_500_A_r0:eval:6:1,1,6,1,8,40,A,True,3686.908,3689.585,ok,,0.0975609756097561,0.015437392795883367,0.059701492537313425,20,2,5,39,0.0975609756097561,7.717275074698844,0.02256410256410256
groot_l10_500,r6p3v2_groot_l10_500_A_r0,r6p3v2_groot_l10_500_A_r0:eval:6:1,1,6,1,10,50,A,False,3845.087,3847.765,ok,,0.08888888888888888,0.01432880844645551,0.059701492537313425,20,2,5,39,0.12,7.9064254933084674,0.037500000000000006
groot_l10_500,r6p3v2_groot_l10_500_A_r0,r6p3v2_groot_l10_500_A_r0:eval:6:1,1,6,1,12,60,A,False,3822.003,3824.645,ok,,0.08888888888888888,0.024132730015082995,0.059701492537313425,20,2,5,39,0.17777777777777778,7.957990196511556,0.04374057315233788
groot_l10_500,r6p3v2_groot_l10_500_A_r0,r6p3v2_groot_l10_500_A_r0:eval:6:1,1,6,1,14,70,A,False,3780.461,3783.012,slow_ambiguous,,0.05128205128205132,0.01489361702127659,0.059701492537313425,20,2,5,39,0.2222222222222222,7.705254141020107,0.05947712418300655
groot_l10_500,r6p3v2_groot_l10_500_A_r0,r6p3v2_groot_l10_500_A_r0:eval:6:1,1,6,1,16,80,A,True,3833.519,3836.38,ok,,0.09302325581395349,0.024132730015082995,0.059701492537313425,20,2,5,39,0.2926829268292683,8.155152585286583,0.04871794871794878
groot_l10_500,r6p3v2_groot_l10_500_A_r0,r6p3v2_groot_l10_500_A_r0:eval:6:1,1,6,1,18,90,A,False,3703.536,3706.136,ok,,0.10526315789473684,0.034094368340943704,0.059701492537313425,20,2,5,39,0.3076923076923077,8.113867323103268,0.056976744186046535
groot_l10_500,r6p3v2_groot_l10_500_A_r0,r6p3v2_groot_l10_500_A_r0:eval:6:1,1,6,1,20,100,A,True,3633.646,3636.167,ok,,0.09756097560975607,0.05633802816901412,0.059701492537313494,20,2,5,39,0.3684210526315789,8.392490357723977,0.01223990208078335
groot_l10_500,r6p3v2_groot_l10_500_A_r0,r6p3v2_groot_l10_500_A_r0:eval:6:1,1,6,1,22,110,A,False,3970.588,3973.298,ok,,0.09302325581395349,0.054698457223001484,0.05970149253731344,20,2,5,39,0.42105263157894735,8.092589681054159,0.0564826700898588
groot_l10_500,r6p3v2_groot_l10_500_A_r0,r6p3v2_groot_l10_500_A_r0:eval:6:1,1,6,1,24,120,A,False,3914.738,3917.523,ok,,0.09090909090909088,0.054698457223001484,0.05970149253731344,20,2,5,39,0.4186046511627907,7.834385968305298,0.06604747162022707
groot_l10_500,r6p3v2_groot_l10_500_A_r0,r6p3v2_groot_l10_500_A_r0:eval:6:1,1,6,1,26,130,A,False,3942.138,3945.018,ok,,0.09090909090909088,0.04994192799070851,0.05970149253731344,20,2,5,39,0.5,8.412682160002648,0.06604747162022706
groot_l10_500,r6p3v2_groot_l10_500_A_r0,r6p3v2_groot_l10_500_A_r0:eval:6:1,1,6,1,28,140,A,False,3872.791,3875.538,ok,,0.09302325581395349,0.017116524028966407,0.059701492537313404,20,2,5,39,0.46511627906976744,9.030210934564947,0.03508771929824561
groot_l10_500,r6p3v2_groot_l10_500_A_r0,r6p3v2_groot_l10_500_A_r0:eval:6:1,1,6,1,30,150,A,False,3628.499,3631.203,ok,,0.09090909090909094,0.036956521739130443,0.05970149253731344,20,2,5,39,0.5454545454545454,9.351772339024096,0.04643962848297217
groot_l10_500,r6p3v2_groot_l10_500_A_r0,r6p3v2_groot_l10_500_A_r0:eval:6:1,1,6,1,32,160,A,False,3895.994,3898.779,ok,,0.10526315789473684,0.05970149253731344,0.05970149253731344,20,2,5,39,0.6046511627906976,8.91402325066839,0.08474036317298506
groot_l10_500,r6p3v2_groot_l10_500_A_r0,r6p3v2_groot_l10_500_A_r0:eval:6:1,1,6,1,34,170,A,False,3722.91,3725.736,ok,,0.12244897959183676,0.044242768009075395,0.05970149253731338,20,2,5,39,0.7272727272727273,8.84834774537285,0.10909090909090915
groot_l10_500,r6p3v2_groot_l10_500_A_r0,r6p3v2_groot_l10_500_A_r0:eval:6:1,1,6,1,36,180,A,False,3964.261,3967.149,ok,,0.13953488372093026,0.044242768009075395,0.059701492537313494,20,2,5,39,0.7727272727272727,8.282480761234885,0.14164904862579275
groot_l10_500,r6p3v2_groot_l10_500_A_r0,r6p3v2_groot_l10_500_A_r0:eval:6:1,1,6,1,38,190,A,True,3814.292,3817.135,ok,,0.09302325581395343,0.0547945205479452,0.05970149253731344,20,2,5,39,0.8372093023255814,7.967064543464171,0.05790223065970579
groot_l10_500,r6p3v2_groot_l10_500_A_r0,r6p3v2_groot_l10_500_A_r0:eval:6:1,1,6,1,40,200,A,False,3868.02,3870.719,ok,,0.06666666666666665,0.04901960784313719,0.059701492537313494,20,2,5,39,0.9333333333333333,7.642073963666008,0.08402100525131284
groot_l10_500,r6p3v2_groot_l10_500_A_r0,r6p3v2_groot_l10_500_A_r0:eval:7:0,1,7,0,0,0,A,False,51.092,54.277,inactive,warming_up,,,,0,2,5,42,,,
groot_l10_500,r6p3v2_groot_l10_500_A_r0,r6p3v2_groot_l10_500_A_r0:eval:7:0,1,7,0,2,10,A,False,34.907,36.837,inactive,warming_up,,,,0,2,5,42,,,
groot_l10_500,r6p3v2_groot_l10_500_A_r0,r6p3v2_groot_l10_500_A_r0:eval:7:0,1,7,0,4,20,A,False,6095.183,6097.864,ok,,0.07692307692307693,0.03152088258471237,0.07017543859649122,20,2,5,42,0.0,7.698804027275099,0.04333333333333333
groot_l10_500,r6p3v2_groot_l10_500_A_r0,r6p3v2_groot_l10_500_A_r0:eval:7:0,1,7,0,6,30,A,False,4222.967,4225.873,ok,,0.0851063829787234,0.03152088258471237,0.07017543859649122,20,2,5,42,0.0,6.509249792253872,0.054901960784313725
groot_l10_500,r6p3v2_groot_l10_500_A_r0,r6p3v2_groot_l10_500_A_r0:eval:7:0,1,7,0,8,40,A,False,4214.924,4217.865,ok,,0.08510638297872339,0.04163265306122448,0.07017543859649122,20,2,5,42,0.0784313725490196,6.946253185280071,0.04656862745098039
groot_l10_500,r6p3v2_groot_l10_500_A_r0,r6p3v2_groot_l10_500_A_r0:eval:7:0,1,7,0,10,50,A,False,4184.533,4187.444,ok,,0.08333333333333334,0.03152088258471237,0.07017543859649122,20,2,5,42,0.12244897959183673,6.575851724062019,0.16452830188679243
groot_l10_500,r6p3v2_groot_l10_500_A_r0,r6p3v2_groot_l10_500_A_r0:eval:7:0,1,7,0,12,60,A,True,4040.884,4043.72,ok,,0.08510638297872339,0.03547169811320755,0.07017543859649122,20,2,5,42,0.16326530612244897,6.434284657268985,0.3058503401360544
groot_l10_500,r6p3v2_groot_l10_500_A_r0,r6p3v2_groot_l10_500_A_r0:eval:7:0,1,7,0,14,70,A,False,4120.005,4122.754,slow_ambiguous,,0.04166666666666666,0.03547169811320755,0.07017543859649122,20,2,5,42,0.20833333333333334,6.511922894172145,0.15999999999999998
groot_l10_500,r6p3v2_groot_l10_500_A_r0,r6p3v2_groot_l10_500_A_r0:eval:7:0,1,7,0,16,80,A,True,4064.5,4067.122,ok,,0.08163265306122447,0.014229249011857709,0.07017543859649122,20,2,5,42,0.25,7.336453419567834,0.07189542483660129
groot_l10_500,r6p3v2_groot_l10_500_A_r0,r6p3v2_groot_l10_500_A_r0:eval:7:0,1,7,0,18,90,A,False,4057.805,4060.542,ok,,0.12244897959183669,0.03398692810457521,0.07017543859649122,20,2,5,42,0.25,7.789701998095669,0.10559495665878643
groot_l10_500,r6p3v2_groot_l10_500_A_r0,r6p3v2_groot_l10_500_A_r0:eval:7:0,1,7,0,20,100,A,False,4023.481,4026.0,ok,,0.08163265306122452,0.032478632478632474,0.07017543859649122,20,2,5,42,0.2978723404255319,7.83461245812019,0.006675010429703809
groot_l10_500,r6p3v2_groot_l10_500_A_r0,r6p3v2_groot_l10_500_A_r0:eval:7:0,1,7,0,22,110,A,False,3917.94,3920.57,ok,,0.08888888888888885,0.026666666666666727,0.07017543859649122,20,2,5,42,0.35555555555555557,8.16917374000968,0.03601440576230491
groot_l10_500,r6p3v2_groot_l10_500_A_r0,r6p3v2_groot_l10_500_A_r0:eval:7:0,1,7,0,24,120,A,False,4244.633,4247.35,ok,,0.08510638297872336,0.032478632478632474,0.07017543859649122,20,2,5,42,0.3829787234042553,7.55685530757649,0.014591883264933936
groot_l10_500,r6p3v2_groot_l10_500_A_r0,r6p3v2_groot_l10_500_A_r0:eval:7:0,1,7,0,26,130,A,False,4150.038,4152.663,ok,,0.12499999999999996,0.039651837524177946,0.07017543859649122,20,2,5,42,0.4186046511627907,6.8800554444770485,0.10031919744642032
groot_l10_500,r6p3v2_groot_l10_500_A_r0,r6p3v2_groot_l10_500_A_r0:eval:7:0,1,7,0,28,140,A,True,4294.074,4296.89,ok,,0.08163265306122447,0.04440333024976878,0.07017543859649122,20,2,5,42,0.5,7.194072092116493,0.04162812210915823
groot_l10_500,r6p3v2_groot_l10_500_A_r0,r6p3v2_groot_l10_500_A_r0:eval:7:0,1,7,0,30,150,A,False,4061.894,4064.475,ok,,0.08163265306122447,0.01459188326493377,0.07017543859649122,20,2,5,42,0.5490196078431373,7.379844861215129,0.006675010429703865
groot_l10_500,r6p3v2_groot_l10_500_A_r0,r6p3v2_groot_l10_500_A_r0:eval:7:0,1,7,0,32,160,A,False,4030.143,4032.934,ok,,0.08163265306122447,0.01459188326493377,0.07017543859649122,20,2,5,42,0.5957446808510638,7.40751641840644,0.008183306055646544
groot_l10_500,r6p3v2_groot_l10_500_A_r0,r6p3v2_groot_l10_500_A_r0:eval:7:0,1,7,0,34,170,A,False,4119.054,4121.621,ok,,0.08163265306122458,0.01459188326493377,0.07017543859649122,20,2,5,42,0.6382978723404256,7.791899971838659,0.008183306055646544
groot_l10_500,r6p3v2_groot_l10_500_A_r0,r6p3v2_groot_l10_500_A_r0:eval:7:0,1,7,0,36,180,A,False,3978.514,3981.229,ok,,0.08333333333333337,0.010033444816053505,0.07017543859649122,20,2,5,42,0.6666666666666666,7.984038430471821,0.01610017889087645
groot_l10_500,r6p3v2_groot_l10_500_A_r0,r6p3v2_groot_l10_500_A_r0:eval:7:0,1,7,0,38,190,A,False,4260.054,4263.053,ok,,0.0851063829787233,0.007256235827664437,0.07017543859649122,20,2,5,42,0.723404255319149,8.044889131237792,0.06708463949843269
groot_l10_500,r6p3v2_groot_l10_500_A_r0,r6p3v2_groot_l10_500_A_r0:eval:7:0,1,7,0,40,200,A,True,4227.975,4230.663,ok,,0.07843137254901955,0.03465537158259535,0.07017543859649122,20,2,5,42,0.7450980392156863,7.198019699382772,0.04255319148936165
groot_l10_500,r6p3v2_groot_l10_500_A_r0,r6p3v2_groot_l10_500_A_r0:eval:7:0,1,7,0,42,210,A,False,4164.9,4170.853,ok,,0.08163265306122447,0.01459188326493377,0.07017543859649122,20,2,5,42,0.7843137254901961,7.0031259488388455,0.012379110251450665
groot_l10_500,r6p3v2_groot_l10_500_A_r0,r6p3v2_groot_l10_500_A_r0:eval:7:0,1,7,0,44,220,A,False,4148.379,4151.011,ok,,0.07843137254901966,0.03918722786647322,0.07017543859649122,20,2,5,42,0.8235294117647058,7.355822156339108,0.042553191489361764
groot_l10_500,r6p3v2_groot_l10_500_A_r0,r6p3v2_groot_l10_500_A_r0:eval:7:0,1,7,0,46,230,A,True,4062.408,4065.055,ok,,0.07272727272727275,0.023126734505087954,0.0701754385964913,20,2,5,42,0.8837209302325582,7.722632786256804,0.035121025154247865
groot_l10_500,r6p3v2_groot_l10_500_A_r0,r6p3v2_groot_l10_500_A_r0:eval:7:0,1,7,0,48,240,A,False,4118.37,4121.163,slow_ambiguous,,0.04081632653061229,0.03465537158259535,0.0701754385964913,20,2,5,42,0.9166666666666666,7.309055653461354,0.037710437710437694
groot_l10_500,r6p3v2_groot_l10_500_A_r0,r6p3v2_groot_l10_500_A_r0:eval:7:0,1,7,0,50,250,A,False,4139.095,4141.98,slow_ambiguous,,0.03703703703703709,0.0366013071895425,0.07017543859649122,20,2,5,42,0.9629629629629629,7.053544207951503,0.07692307692307687
groot_l10_500,r6p3v2_groot_l10_500_A_r0,r6p3v2_groot_l10_500_A_r0:eval:7:1,1,7,1,0,0,A,False,37.59,40.222,inactive,warming_up,,,,0,2,5,42,,,
groot_l10_500,r6p3v2_groot_l10_500_A_r0,r6p3v2_groot_l10_500_A_r0:eval:7:1,1,7,1,2,10,A,False,33.258,35.347,inactive,warming_up,,,,0,2,5,42,,,
groot_l10_500,r6p3v2_groot_l10_500_A_r0,r6p3v2_groot_l10_500_A_r0:eval:7:1,1,7,1,4,20,A,False,4356.184,4358.889,ok,,0.0784313725490196,0.009276437847866428,0.07017543859649122,20,2,5,42,0.0,7.681873586348169,0.014814814814814822
groot_l10_500,r6p3v2_groot_l10_500_A_r0,r6p3v2_groot_l10_500_A_r0:eval:7:1,1,7,1,6,30,A,False,4156.257,4159.03,ok,,0.08695652173913043,0.014229249011857709,0.07017543859649122,20,2,5,42,0.03773584905660377,6.986487752901234,0.05218787635487754
groot_l10_500,r6p3v2_groot_l10_500_A_r0,r6p3v2_groot_l10_500_A_r0:eval:7:1,1,7,1,8,40,A,True,4120.124,4122.463,ok,,0.08,0.009689922480620158,0.07017543859649122,20,2,5,42,0.08,7.056528788816444,0.01683501683501684
groot_l10_500,r6p3v2_groot_l10_500_A_r0,r6p3v2_groot_l10_500_A_r0:eval:7:1,1,7,1,10,50,A,False,4057.608,4060.129,ok,,0.09090909090909091,0.024521072796934856,0.07017543859649122,20,2,5,42,0.11764705882352941,6.989592188725321,0.10823529411764704
groot_l10_500,r6p3v2_groot_l10_500_A_r0,r6p3v2_groot_l10_500_A_r0:eval:7:1,1,7,1,12,60,A,False,4028.88,4031.483,ok,,0.08510638297872342,0.03676470588235295,0.07017543859649122,20,2,5,42,0.1568627450980392,6.684623916791195,0.05244755244755242
groot_l10_500,r6p3v2_groot_l10_500_A_r0,r6p3v2_groot_l10_500_A_r0:eval:7:1,1,7,1,14,70,A,False,4049.433,4051.973,slow_ambiguous,,0.0392156862745098,0.03547169811320755,0.07017543859649122,20,2,5,42,0.19607843137254902,6.60692310493226,0.08510638297872339
groot_l10_500,r6p3v2_groot_l10_500_A_r0,r6p3v2_groot_l10_500_A_r0:eval:7:1,1,7,1,16,80,A,False,4132.374,4135.013,ok,,0.07692307692307693,0.04633569739952714,0.07017543859649122,20,2,5,42,0.2127659574468085,7.7003876675555745,0.04162812210915817
groot_l10_500,r6p3v2_groot_l10_500_A_r0,r6p3v2_groot_l10_500_A_r0:eval:7:1,1,7,1,18,90,A,False,4095.413,4098.09,ok,,0.08510638297872342,0.016781083142639208,0.07017543859649122,20,2,5,42,0.2222222222222222,8.584186524037941,0.08789722785665993
groot_l10_500,r6p3v2_groot_l10_500_A_r0,r6p3v2_groot_l10_500_A_r0:eval:7:1,1,7,1,20,100,A,False,4049.271,4051.722,ok,,0.0784313725490196,0.0053238686779059075,0.07017543859649122,20,2,5,42,0.3076923076923077,8.687861458645154,0.019923371647509597
groot_l10_500,r6p3v2_groot_l10_500_A_r0,r6p3v2_groot_l10_500_A_r0:eval:7:1,1,7,1,22,110,A,False,4048.416,4050.976,ok,,0.0784313725490196,0.007256235827664381,0.07017543859649122,20,2,5,42,0.34615384615384615,8.252762667887481,0.019923371647509514
groot_l10_500,r6p3v2_groot_l10_500_A_r0,r6p3v2_groot_l10_500_A_r0:eval:7:1,1,7,1,24,120,A,True,4187.31,4189.866,ok,,0.08163265306122447,0.039079461571862706,0.07017543859649122,20,2,5,42,0.39215686274509803,7.64232764083344,0.05603448275862072
groot_l10_500,r6p3v2_groot_l10_500_A_r0,r6p3v2_groot_l10_500_A_r0:eval:7:1,1,7,1,26,130,A,False,4023.684,4026.158,ok,,0.08163265306122452,0.04440333024976867,0.07017543859649122,20,2,5,42,0.43137254901960786,7.314699570919699,0.0824468085106382
groot_l10_500,r6p3v2_groot_l10_500_A_r0,r6p3v2_groot_l10_500_A_r0:eval:7:1,1,7,1,28,140,A,False,4056.027,4058.68,ok,,0.07843137254901966,0.043948613928329994,0.07017543859649122,20,2,5,42,0.5,7.142042137553891,0.043439716312056786
groot_l10_500,r6p3v2_groot_l10_500_A_r0,r6p3v2_groot_l10_500_A_r0:eval:7:1,1,7,1,30,150,A,True,4046.021,4048.732,ok,,0.07843137254901955,0.040816326530612235,0.07017543859649122,20,2,5,42,0.5490196078431373,7.237973380078377,0.043439716312056675
groot_l10_500,r6p3v2_groot_l10_500_A_r0,r6p3v2_groot_l10_500_A_r0:eval:7:1,1,7,1,32,160,A,False,4140.498,4143.052,ok,,0.08333333333333337,0.03985507246376807,0.07017543859649122,20,2,5,42,0.5882352941176471,6.9166429766109845,0.006675010429703865
groot_l10_500,r6p3v2_groot_l10_500_A_r0,r6p3v2_groot_l10_500_A_r0:eval:7:1,1,7,1,34,170,A,False,4082.374,4084.954,ok,,0.08000000000000007,0.013417190775681376,0.07017543859649122,20,2,5,42,0.6274509803921569,7.833212483462913,0.049228201919065406
groot_l10_500,r6p3v2_groot_l10_500_A_r0,r6p3v2_groot_l10_500_A_r0:eval:7:1,1,7,1,36,180,A,False,4002.997,4005.498,ok,,0.11764705882352944,0.026412325752017574,0.07017543859649122,20,2,5,42,0.6666666666666666,8.227269887679023,0.2036434612882236
groot_l10_500,r6p3v2_groot_l10_500_A_r0,r6p3v2_groot_l10_500_A_r0:eval:7:1,1,7,1,38,190,A,False,4077.18,4079.745,slow_ambiguous,,0.06896551724137934,0.014814814814814836,0.07017543859649122,20,2,5,42,0.723404255319149,7.772573545701204,0.04737053392211965
groot_l10_500,r6p3v2_groot_l10_500_A_r0,r6p3v2_groot_l10_500_A_r0:eval:7:1,1,7,1,40,200,A,False,4092.115,4094.642,ok,,0.07843137254901955,0.03465537158259535,0.07017543859649122,20,2,5,42,0.7659574468085106,7.126315032777879,0.042553191489361764
groot_l10_500,r6p3v2_groot_l10_500_A_r0,r6p3v2_groot_l10_500_A_r0:eval:7:1,1,7,1,42,210,A,False,4267.827,4270.375,ok,,0.08333333333333337,0.03050397877984079,0.07017543859649122,20,2,5,42,0.7659574468085106,6.908665586516196,0.025016903313049288
groot_l10_500,r6p3v2_groot_l10_500_A_r0,r6p3v2_groot_l10_500_A_r0:eval:7:1,1,7,1,44,220,A,False,4161.712,4164.233,ok,,0.08163265306122447,0.01459188326493377,0.07017543859649122,20,2,5,42,0.8085106382978723,7.035284220304628,0.006675010429703865
groot_l10_500,r6p3v2_groot_l10_500_A_r0,r6p3v2_groot_l10_500_A_r0:eval:7:1,1,7,1,46,230,A,False,4092.3,4094.906,ok,,0.0980392156862745,0.039651837524178,0.07017543859649122,20,2,5,42,0.851063829787234,6.728881453884863,0.0460269214068606
groot_l10_500,r6p3v2_groot_l10_500_A_r0,r6p3v2_groot_l10_500_A_r0:eval:8:0,1,8,0,0,0,A,False,66.19,69.211,inactive,warming_up,,,,0,3,5,29,,,
groot_l10_500,r6p3v2_groot_l10_500_A_r0,r6p3v2_groot_l10_500_A_r0:eval:8:0,1,8,0,2,10,A,False,35.22,37.016,inactive,warming_up,,,,0,3,5,29,,,
groot_l10_500,r6p3v2_groot_l10_500_A_r0,r6p3v2_groot_l10_500_A_r0:eval:8:0,1,8,0,4,20,A,False,31.138,32.862,inactive,warming_up,,,,0,3,5,29,,,
groot_l10_500,r6p3v2_groot_l10_500_A_r0,r6p3v2_groot_l10_500_A_r0:eval:8:0,1,8,0,6,30,A,False,5887.513,5890.123,ok,,0.07142857142857142,0.01436781609195402,0.06521739130434782,30,3,5,29,0.0,7.415462090569179,0.017722878625134268
groot_l10_500,r6p3v2_groot_l10_500_A_r0,r6p3v2_groot_l10_500_A_r0:eval:8:0,1,8,0,8,40,A,False,4455.318,4458.132,ok,,0.07058823529411765,0.015793714746172444,0.06521739130434782,30,3,5,29,0.023529411764705882,6.498526755188519,0.017722878625134268
groot_l10_500,r6p3v2_groot_l10_500_A_r0,r6p3v2_groot_l10_500_A_r0:eval:8:0,1,8,0,10,50,A,False,4372.14,4375.205,ok,,0.07142857142857142,0.01436781609195402,0.06521739130434782,30,3,5,29,0.047619047619047616,6.687340336773897,0.01772287862513426
groot_l10_500,r6p3v2_groot_l10_500_A_r0,r6p3v2_groot_l10_500_A_r0:eval:8:0,1,8,0,12,60,A,False,4175.829,4178.69,ok,,0.07142857142857142,0.03132832080200502,0.06521739130434782,30,3,5,29,0.07142857142857142,6.988874927283089,0.017722878625134268
groot_l10_500,r6p3v2_groot_l10_500_A_r0,r6p3v2_groot_l10_500_A_r0:eval:8:0,1,8,0,14,70,A,False,4243.339,4246.55,ok,,0.07792207792207792,0.022708618331053296,0.06521739130434784,30,3,5,29,0.1038961038961039,7.484604232543806,0.038154392191659274
groot_l10_500,r6p3v2_groot_l10_500_A_r0,r6p3v2_groot_l10_500_A_r0:eval:8:0,1,8,0,16,80,A,True,4141.433,4144.285,ok,,0.07142857142857142,0.025811397904421177,0.06521739130434784,30,3,5,29,0.12987012987012986,7.8697526422794395,0.03815439219165928
groot_l10_500,r6p3v2_groot_l10_500_A_r0,r6p3v2_groot_l10_500_A_r0:eval:8:0,1,8,0,18,90,A,False,4324.203,4395.606,ok,,0.09195402298850576,0.025811397904421177,0.06521739130434784,30,3,5,29,0.13793103448275862,8.107394175362103,0.04004576659038901
groot_l10_500,r6p3v2_groot_l10_500_A_r0,r6p3v2_groot_l10_500_A_r0:eval:8:0,1,8,0,20,100,A,False,4149.322,4152.168,ok,,0.07894736842105263,0.027665317139001368,0.06521739130434784,30,3,5,29,0.18181818181818182,7.937667844564774,0.19489795918367347
groot_l10_500,r6p3v2_groot_l10_500_A_r0,r6p3v2_groot_l10_500_A_r0:eval:8:0,1,8,0,22,110,A,False,4080.214,4082.873,slow_ambiguous,,0.052631578947368425,0.0212613473483039,0.06521739130434781,30,3,5,29,0.21052631578947367,8.177856927182038,0.22135007849293561
groot_l10_500,r6p3v2_groot_l10_500_A_r0,r6p3v2_groot_l10_500_A_r0:eval:8:0,1,8,0,24,120,A,True,4369.501,4372.488,slow_ambiguous,,0.05128205128205132,0.025551684088269445,0.06521739130434784,30,3,5,29,0.22448979591836735,7.7243085888723595,0.22448979591836735
groot_l10_500,r6p3v2_groot_l10_500_A_r0,r6p3v2_groot_l10_500_A_r0:eval:8:0,1,8,0,26,130,A,False,4203.332,4206.053,ok,,0.06593406593406595,0.035714285714285705,0.06521739130434784,30,3,5,29,0.2564102564102564,7.797294906137643,0.029304029304029318
groot_l10_500,r6p3v2_groot_l10_500_A_r0,r6p3v2_groot_l10_500_A_r0:eval:8:0,1,8,0,28,140,A,False,4183.953,4186.768,ok,,0.07692307692307693,0.057692307692307654,0.06521739130434784,30,3,5,29,0.28205128205128205,8.054803853311585,0.06907378335949768
groot_l10_500,r6p3v2_groot_l10_500_A_r0,r6p3v2_groot_l10_500_A_r0:eval:8:0,1,8,0,30,150,A,True,4261.133,4264.125,ok,,0.07142857142857145,0.02371794871794869,0.06521739130434781,30,3,5,29,0.3076923076923077,8.38715743613835,0.08186813186813188
groot_l10_500,r6p3v2_groot_l10_500_A_r0,r6p3v2_groot_l10_500_A_r0:eval:8:0,1,8,0,32,160,A,False,4396.161,4399.262,ok,,0.07500000000000001,0.03823573686587386,0.06521739130434784,30,3,5,29,0.375,8.633433798873416,0.034013605442176846
groot_l10_500,r6p3v2_groot_l10_500_A_r0,r6p3v2_groot_l10_500_A_r0:eval:8:0,1,8,0,34,170,A,False,4209.94,4212.554,ok,,0.07499999999999996,0.05143160127253449,0.06521739130434784,30,3,5,29,0.4,8.48426993494855,0.06864564007421153
groot_l10_500,r6p3v2_groot_l10_500_A_r0,r6p3v2_groot_l10_500_A_r0:eval:8:0,1,8,0,36,180,A,False,4168.906,4182.586,ok,,0.07500000000000001,0.029692470837751866,0.06521739130434784,30,3,5,29,0.425,8.429099185782334,0.056277056277056266
groot_l10_500,r6p3v2_groot_l10_500_A_r0,r6p3v2_groot_l10_500_A_r0:eval:8:0,1,8,0,38,190,A,True,4198.211,4200.923,slow_ambiguous,,0.04347826086956525,0.03957636566332212,0.06521739130434778,30,3,5,29,0.45,7.9192077771583005,0.0561829474872953
groot_l10_500,r6p3v2_groot_l10_500_A_r0,r6p3v2_groot_l10_500_A_r0:eval:8:0,1,8,0,40,200,A,True,4240.358,4243.023,slow_confirmed,,0.0,0.03957636566332212,0.06521739130434781,30,3,5,29,0.4675324675324675,7.788559092070144,0.04081632653061229
groot_l10_500,r6p3v2_groot_l10_500_A_r0,r6p3v2_groot_l10_500_A_r0:eval:8:0,1,8,0,42,210,A,False,4223.424,4226.223,slow_ambiguous,,0.0,0.06521739130434784,0.06521739130434784,30,3,5,29,0.4675324675324675,7.4984393649017145,0.02380952380952378
groot_l10_500,r6p3v2_groot_l10_500_A_r0,r6p3v2_groot_l10_500_A_r0:eval:8:0,1,8,0,44,220,A,True,4177.413,4180.276,slow_ambiguous,,0.021739130434782594,0.06521739130434778,0.06521739130434778,30,3,5,29,0.47368421052631576,7.679756731216434,0.06521739130434778
groot_l10_500,r6p3v2_groot_l10_500_A_r0,r6p3v2_groot_l10_500_A_r0:eval:8:0,1,8,0,46,230,A,False,4239.313,4241.943,slow_ambiguous,,0.04347826086956519,0.04457527333894028,0.06521739130434778,30,3,5,29,0.47368421052631576,8.050396043661031,0.07402597402597398
groot_l10_500,r6p3v2_groot_l10_500_A_r0,r6p3v2_groot_l10_500_A_r0:eval:8:0,1,8,0,48,240,A,True,4523.134,4525.9,slow_ambiguous,,0.061224489795918324,0.022368421052631482,0.0652173913043479,30,3,5,29,0.49411764705882355,8.438563500962976,0.05820433436532518
groot_l10_500,r6p3v2_groot_l10_500_A_r0,r6p3v2_groot_l10_500_A_r0:eval:8:0,1,8,0,50,250,A,True,4212.802,4215.405,ok,,0.06521739130434784,0.02312755737413269,0.06521739130434778,30,3,5,29,0.49411764705882355,8.46730722729259,0.02914159011719991
groot_l10_500,r6p3v2_groot_l10_500_A_r0,r6p3v2_groot_l10_500_A_r0:eval:8:0,1,8,0,52,260,A,True,4207.551,4210.268,ok,,0.07058823529411762,0.026923076923076945,0.06521739130434778,30,3,5,29,0.5176470588235295,8.265433623525343,0.016697588126159568
groot_l10_500,r6p3v2_groot_l10_500_A_r0,r6p3v2_groot_l10_500_A_r0:eval:8:0,1,8,0,54,270,A,False,4171.166,4174.019,ok,,0.07058823529411772,0.026923076923076945,0.06521739130434778,30,3,5,29,0.5411764705882353,8.165359349381658,0.016697588126159513
groot_l10_500,r6p3v2_groot_l10_500_A_r0,r6p3v2_groot_l10_500_A_r0:eval:8:0,1,8,0,56,280,A,True,4188.074,4190.739,ok,,0.0714285714285714,0.06521739130434784,0.06521739130434784,30,3,5,29,0.5476190476190477,8.014258537773685,0.012704686617730165
groot_l10_500,r6p3v2_groot_l10_500_A_r0,r6p3v2_groot_l10_500_A_r0:eval:8:0,1,8,0,58,290,A,False,4345.571,4348.34,ok,,0.07317073170731714,0.06521739130434784,0.06521739130434784,30,3,5,29,0.6097560975609756,7.634093687274457,0.016974389517569924
groot_l10_500,r6p3v2_groot_l10_500_A_r0,r6p3v2_groot_l10_500_A_r0:eval:8:0,1,8,0,60,300,A,False,4188.814,4191.441,ok,,0.09756097560975606,0.028142589118198988,0.06521739130434778,30,3,5,29,0.611764705882353,7.356134759864528,0.05242966751918142
groot_l10_500,r6p3v2_groot_l10_500_A_r0,r6p3v2_groot_l10_500_A_r0:eval:8:0,1,8,0,62,310,A,False,4184.357,4187.047,ok,,0.10526315789473685,0.021222679759265235,0.06521739130434778,30,3,5,29,0.6511627906976745,7.269805069550971,0.09769820971867005
groot_l10_500,r6p3v2_groot_l10_500_A_r0,r6p3v2_groot_l10_500_A_r0:eval:8:0,1,8,0,64,320,A,False,4096.965,4099.563,ok,,0.07894736842105265,0.026455026455026412,0.06521739130434778,30,3,5,29,0.7105263157894737,6.979650676736347,0.09411764705882353
groot_l10_500,r6p3v2_groot_l10_500_A_r0,r6p3v2_groot_l10_500_A_r0:eval:8:0,1,8,0,66,330,A,False,4294.363,4296.832,slow_ambiguous,,0.046511627906976716,0.03086325439266613,0.06521739130434778,30,3,5,29,0.7441860465116279,6.986258813400206,0.05276256844201099
groot_l10_500,r6p3v2_groot_l10_500_A_r0,r6p3v2_groot_l10_500_A_r0:eval:8:0,1,8,0,68,340,A,False,4300.34,4303.008,slow_ambiguous,,0.04705882352941171,0.033411293017039836,0.0652173913043479,30,3,5,29,0.7764705882352941,7.115383281039136,0.032354405176704834
groot_l10_500,r6p3v2_groot_l10_500_A_r0,r6p3v2_groot_l10_500_A_r0:eval:8:0,1,8,0,70,350,A,False,4239.091,4241.679,ok,,0.07058823529411762,0.033411293017039836,0.06521739130434778,30,3,5,29,0.7804878048780488,7.333880212593632,0.032354405176704834
groot_l10_500,r6p3v2_groot_l10_500_A_r0,r6p3v2_groot_l10_500_A_r0:eval:8:0,1,8,0,72,360,A,True,4337.434,4340.081,ok,,0.07058823529411762,0.06593406593406603,0.0652173913043479,30,3,5,29,0.8,7.79155316139526,0.020967291025999493
groot_l10_500,r6p3v2_groot_l10_500_A_r0,r6p3v2_groot_l10_500_A_r0:eval:8:0,1,8,0,74,370,A,False,4165.94,4168.608,ok,,0.07058823529411772,0.030158730158730163,0.0652173913043479,30,3,5,29,0.8292682926829268,8.012603620651227,0.020967291025999382
groot_l10_500,r6p3v2_groot_l10_500_A_r0,r6p3v2_groot_l10_500_A_r0:eval:8:0,1,8,0,76,380,A,True,4270.244,4272.787,ok,,0.07317073170731714,0.03086325439266624,0.0652173913043479,30,3,5,29,0.8505747126436781,8.180661416752354,0.030729533192587324
groot_l10_500,r6p3v2_groot_l10_500_A_r0,r6p3v2_groot_l10_500_A_r0:eval:8:0,1,8,0,78,390,A,False,4186.381,4188.901,ok,,0.07058823529411762,0.06593406593406592,0.0652173913043479,30,3,5,29,0.8780487804878049,8.521192262732361,0.020967291025999493
groot_l10_500,r6p3v2_groot_l10_500_A_r0,r6p3v2_groot_l10_500_A_r0:eval:8:0,1,8,0,80,400,A,False,4176.778,4179.484,ok,,0.08219178082191782,0.023127557374132746,0.0652173913043479,30,3,5,29,0.9041095890410958,8.853481804232676,0.042671614100185606
groot_l10_500,r6p3v2_groot_l10_500_A_r0,r6p3v2_groot_l10_500_A_r0:eval:8:0,1,8,0,82,410,A,False,4182.445,4185.087,slow_ambiguous,,0.061224489795918324,0.03457273320287026,0.0652173913043479,30,3,5,29,0.9387755102040817,8.741876033077741,0.052412150089338985
groot_l10_500,r6p3v2_groot_l10_500_A_r0,r6p3v2_groot_l10_500_A_r0:eval:8:1,1,8,1,0,0,A,False,43.164,46.141,inactive,warming_up,,,,0,3,5,29,,,
groot_l10_500,r6p3v2_groot_l10_500_A_r0,r6p3v2_groot_l10_500_A_r0:eval:8:1,1,8,1,2,10,A,False,29.804,31.596,inactive,warming_up,,,,0,3,5,29,,,
groot_l10_500,r6p3v2_groot_l10_500_A_r0,r6p3v2_groot_l10_500_A_r0:eval:8:1,1,8,1,4,20,A,False,28.294,30.01,inactive,warming_up,,,,0,3,5,29,,,
groot_l10_500,r6p3v2_groot_l10_500_A_r0,r6p3v2_groot_l10_500_A_r0:eval:8:1,1,8,1,6,30,A,False,4729.261,4732.02,ok,,0.07142857142857142,0.015126050420168055,0.06521739130434782,30,3,5,29,0.0,8.673026891484641,0.017722878625134268
groot_l10_500,r6p3v2_groot_l10_500_A_r0,r6p3v2_groot_l10_500_A_r0:eval:8:1,1,8,1,8,40,A,False,4464.053,4466.727,ok,,0.07142857142857142,0.01436781609195402,0.06521739130434782,30,3,5,29,0.023809523809523808,7.783327109870944,0.017722878625134268
groot_l10_500,r6p3v2_groot_l10_500_A_r0,r6p3v2_groot_l10_500_A_r0:eval:8:1,1,8,1,10,50,A,False,4412.048,4414.879,ok,,0.06593406593406592,0.01864018334606568,0.06521739130434781,30,3,5,29,0.047619047619047616,8.285654661972732,0.029564652371669914
groot_l10_500,r6p3v2_groot_l10_500_A_r0,r6p3v2_groot_l10_500_A_r0:eval:8:1,1,8,1,12,60,A,False,4462.81,4465.59,ok,,0.07058823529411765,0.029692470837751866,0.06521739130434782,30,3,5,29,0.07058823529411765,8.357946677108334,0.03499132446500868
groot_l10_500,r6p3v2_groot_l10_500_A_r0,r6p3v2_groot_l10_500_A_r0:eval:8:1,1,8,1,14,70,A,False,4398.365,4401.27,slow_ambiguous,,0.04705882352941176,0.029692470837751866,0.06521739130434782,30,3,5,29,0.10869565217391304,8.087841903409858,0.035469107551487404
groot_l10_500,r6p3v2_groot_l10_500_A_r0,r6p3v2_groot_l10_500_A_r0:eval:8:1,1,8,1,16,80,A,False,4334.486,4337.108,ok,,0.07058823529411765,0.029692470837751866,0.06521739130434781,30,3,5,29,0.12987012987012986,8.050057658157634,0.03546910755148741
groot_l10_500,r6p3v2_groot_l10_500_A_r0,r6p3v2_groot_l10_500_A_r0:eval:8:1,1,8,1,18,90,A,False,4377.623,4380.358,ok,,0.07792207792207792,0.025811397904421177,0.06521739130434784,30,3,5,29,0.1411764705882353,8.29037330906668,0.04004576659038901
groot_l10_500,r6p3v2_groot_l10_500_A_r0,r6p3v2_groot_l10_500_A_r0:eval:8:1,1,8,1,20,100,A,False,4399.631,4402.126,ok,,0.09195402298850579,0.034022257551669294,0.06521739130434784,30,3,5,29,0.16091954022988506,8.690506395156124,0.05389610389610389
groot_l10_500,r6p3v2_groot_l10_500_A_r0,r6p3v2_groot_l10_500_A_r0:eval:8:1,1,8,1,22,110,A,False,4729.988,4732.704,slow_ambiguous,,0.04999999999999998,0.034022257551669294,0.06521739130434784,30,3,5,29,0.2077922077922078,8.706080758831666,0.07058823529411767
groot_l10_500,r6p3v2_groot_l10_500_A_r0,r6p3v2_groot_l10_500_A_r0:eval:8:1,1,8,1,24,120,A,True,4474.862,4477.726,slow_confirmed,,0.0,0.01301330248698665,0.06521739130434784,30,3,5,29,0.2631578947368421,8.98474318807217,0.02597402597402595
groot_l10_500,r6p3v2_groot_l10_500_A_r0,r6p3v2_groot_l10_500_A_r0:eval:8:1,1,8,1,26,130,A,False,4268.307,4271.244,slow_confirmed,,0.0,0.04595791805094129,0.06521739130434784,30,3,5,29,0.2597402597402597,9.0295888935714,0.051948051948051965
groot_l10_500,r6p3v2_groot_l10_500_A_r0,r6p3v2_groot_l10_500_A_r0:eval:8:1,1,8,1,28,140,A,True,4540.911,4562.976,slow_ambiguous,,0.0547945205479452,0.02173913043478265,0.06521739130434784,30,3,5,29,0.2564102564102564,9.218948235321475,0.14285714285714282
groot_l10_500,r6p3v2_groot_l10_500_A_r0,r6p3v2_groot_l10_500_A_r0:eval:8:1,1,8,1,30,150,A,True,4495.045,4497.762,ok,,0.07792207792207792,0.02173913043478265,0.06521739130434784,30,3,5,29,0.2564102564102564,9.362042762352173,0.26530612244897955
groot_l10_500,r6p3v2_groot_l10_500_A_r0,r6p3v2_groot_l10_500_A_r0:eval:8:1,1,8,1,32,160,A,True,4524.68,4527.391,slow_confirmed,,0.0,0.024291497975708502,0.06521739130434784,30,3,5,29,0.2631578947368421,9.538754118705295,0.07692307692307693
groot_l10_500,r6p3v2_groot_l10_500_A_r0,r6p3v2_groot_l10_500_A_r0:eval:8:1,1,8,1,34,170,A,False,4551.748,4570.286,slow_confirmed,,0.0,0.026190476190476195,0.06521739130434784,30,3,5,29,0.2564102564102564,9.528083705822159,0.0
groot_l10_500,r6p3v2_groot_l10_500_A_r0,r6p3v2_groot_l10_500_A_r0:eval:8:1,1,8,1,36,180,A,True,4566.56,4569.165,slow_confirmed,,0.0,0.043478260869565244,0.06521739130434784,30,3,5,29,0.23809523809523808,9.179310419196316,0.024390243902439015
groot_l10_500,r6p3v2_groot_l10_500_A_r0,r6p3v2_groot_l10_500_A_r0:eval:8:1,1,8,1,38,190,A,False,4504.536,4507.034,slow_ambiguous,,0.04395604395604394,0.05143160127253449,0.06521739130434781,30,3,5,29,0.19047619047619047,8.584524830430148,0.07317073170731705
groot_l10_500,r6p3v2_groot_l10_500_A_r0,r6p3v2_groot_l10_500_A_r0:eval:8:1,1,8,1,40,200,A,False,4563.228,4565.935,slow_ambiguous,,0.024390243902439046,0.05143160127253443,0.06521739130434781,30,3,5,29,0.24390243902439024,8.01888436734673,0.026315789473684237
groot_l10_500,r6p3v2_groot_l10_500_A_r0,r6p3v2_groot_l10_500_A_r0:eval:8:1,1,8,1,42,210,A,False,4337.849,4340.53,slow_ambiguous,,0.052631578947368425,0.061224489795918324,0.06521739130434784,30,3,5,29,0.2564102564102564,7.724168524237687,0.05651491365777078
groot_l10_500,r6p3v2_groot_l10_500_A_r0,r6p3v2_groot_l10_500_A_r0:eval:8:1,1,8,1,44,220,A,True,4435.312,4438.315,ok,,0.08791208791208789,0.029692470837751866,0.06521739130434784,30,3,5,29,0.2564102564102564,8.098641723707763,0.08418367346938777
groot_l10_500,r6p3v2_groot_l10_500_A_r0,r6p3v2_groot_l10_500_A_r0:eval:8:1,1,8,1,46,230,A,False,4448.797,4451.441,ok,,0.08791208791208792,0.029692470837751866,0.06521739130434784,30,3,5,29,0.28205128205128205,8.390144154837072,0.052564102564102606
groot_l10_500,r6p3v2_groot_l10_500_A_r0,r6p3v2_groot_l10_500_A_r0:eval:8:1,1,8,1,48,240,A,False,4375.272,4378.044,ok,,0.07142857142857145,0.05143160127253443,0.06521739130434778,30,3,5,29,0.3333333333333333,8.342252343426491,0.015698587127158554
groot_l10_500,r6p3v2_groot_l10_500_A_r0,r6p3v2_groot_l10_500_A_r0:eval:8:1,1,8,1,50,250,A,True,4455.199,4457.937,ok,,0.0714285714285714,0.030612244897959162,0.06521739130434781,30,3,5,29,0.3561643835616438,8.486505755986801,0.020967291025999493
groot_l10_500,r6p3v2_groot_l10_500_A_r0,r6p3v2_groot_l10_500_A_r0:eval:8:1,1,8,1,52,260,A,False,4419.061,4421.951,ok,,0.09411764705882351,0.027015250544662327,0.06521739130434781,30,3,5,29,0.3835616438356164,8.410093952922894,0.03266596417281348
groot_l10_500,r6p3v2_groot_l10_500_A_r0,r6p3v2_groot_l10_500_A_r0:eval:8:1,1,8,1,54,270,A,False,4440.717,4455.561,ok,,0.0714285714285714,0.029692470837751866,0.06521739130434781,30,3,5,29,0.38961038961038963,8.135283167269233,0.041339612768184195
groot_l10_500,r6p3v2_groot_l10_500_A_r0,r6p3v2_groot_l10_500_A_r0:eval:8:1,1,8,1,56,280,A,True,4566.788,4569.935,slow_ambiguous,,0.052631578947368425,0.057692307692307654,0.06521739130434784,30,3,5,29,0.4155844155844156,7.977006348482994,0.07349896480331262
groot_l10_500,r6p3v2_groot_l10_500_A_r0,r6p3v2_groot_l10_500_A_r0:eval:8:1,1,8,1,58,290,A,False,4541.411,4544.257,slow_confirmed,,0.025974025974025983,0.02716887928372952,0.06521739130434784,30,3,5,29,0.44155844155844154,8.398494190222575,0.05459183673469381
groot_l10_500,r6p3v2_groot_l10_500_A_r0,r6p3v2_groot_l10_500_A_r0:eval:8:1,1,8,1,60,300,A,True,4407.629,4410.457,slow_ambiguous,,0.05128205128205132,0.01772287862513433,0.06521739130434784,30,3,5,29,0.5121951219512195,8.458243341175763,0.03457382953181275
groot_l10_500,r6p3v2_groot_l10_500_A_r0,r6p3v2_groot_l10_500_A_r0:eval:8:1,1,8,1,62,310,A,False,4378.651,4381.474,ok,,0.07692307692307697,0.03853680566009332,0.0652173913043479,30,3,5,29,0.49411764705882355,8.432128858267228,0.10294117647058831
groot_l10_500,r6p3v2_groot_l10_500_A_r0,r6p3v2_groot_l10_500_A_r0:eval:8:1,1,8,1,64,320,A,False,4579.614,4582.423,ok,,0.07692307692307697,0.0116035455278002,0.06521739130434784,30,3,5,29,0.5365853658536586,8.641375929746777,0.030725372188786862
groot_l10_500,r6p3v2_groot_l10_500_A_r0,r6p3v2_groot_l10_500_A_r0:eval:8:1,1,8,1,66,330,A,False,4397.816,4400.45,ok,,0.07317073170731701,0.026923076923076945,0.06521739130434778,30,3,5,29,0.5411764705882353,8.320862426919625,0.012704686617730165
groot_l10_500,r6p3v2_groot_l10_500_A_r0,r6p3v2_groot_l10_500_A_r0:eval:8:1,1,8,1,68,340,A,True,4613.555,4616.435,ok,,0.07692307692307687,0.01701746529332738,0.06521739130434784,30,3,5,29,0.5454545454545454,8.039833282293394,0.04216959511077155
groot_l10_500,r6p3v2_groot_l10_500_A_r0,r6p3v2_groot_l10_500_A_r0:eval:8:1,1,8,1,70,350,A,False,4408.216,4411.016,ok,,0.07317073170731714,0.022708618331053407,0.0652173913043479,30,3,5,29,0.5882352941176471,7.5867773098221924,0.03867871259175604
groot_l10_500,r6p3v2_groot_l10_500_A_r0,r6p3v2_groot_l10_500_A_r0:eval:8:1,1,8,1,72,360,A,True,4574.334,4577.194,ok,,0.07792207792207795,0.021222679759265235,0.06521739130434778,30,3,5,29,0.611764705882353,7.414931814679955,0.09814169570267127
groot_l10_500,r6p3v2_groot_l10_500_A_r0,r6p3v2_groot_l10_500_A_r0:eval:8:1,1,8,1,74,370,A,False,4678.753,4681.563,ok,,0.0652173913043479,0.021222679759265235,0.06521739130434778,30,3,5,29,0.627906976744186,7.248368330011366,0.09814169570267127
groot_l10_500,r6p3v2_groot_l10_500_A_r0,r6p3v2_groot_l10_500_A_r0:eval:8:1,1,8,1,76,380,A,True,4440.455,4443.187,slow_confirmed,,0.04347826086956519,0.012704686617730054,0.06521739130434778,30,3,5,29,0.6588235294117647,7.527695190988807,0.11764705882352944
groot_l10_500,r6p3v2_groot_l10_500_A_r0,r6p3v2_groot_l10_500_A_r0:eval:8:1,1,8,1,78,390,A,False,4554.357,4557.112,ok,,0.06976744186046512,0.02664002664002653,0.06521739130434778,30,3,5,29,0.6823529411764706,7.867561393658484,0.17033248081841434
groot_l10_500,r6p3v2_groot_l10_500_A_r0,r6p3v2_groot_l10_500_A_r0:eval:8:1,1,8,1,80,400,A,False,4464.67,4467.497,ok,,0.07317073170731701,0.03457273320287026,0.06521739130434778,30,3,5,29,0.7058823529411765,8.740140735275448,0.12122762148337596
groot_l10_500,r6p3v2_groot_l10_500_A_r0,r6p3v2_groot_l10_500_A_r0:eval:8:1,1,8,1,82,410,A,True,4535.716,4538.408,ok,,0.07058823529411762,0.0392433653303218,0.06521739130434778,30,3,5,29,0.7671232876712328,9.677658495170492,0.05866236905721191
groot_l10_500,r6p3v2_groot_l10_500_A_r0,r6p3v2_groot_l10_500_A_r0:eval:8:1,1,8,1,84,420,A,False,4482.675,4485.368,slow_ambiguous,,0.04705882352941182,0.03457273320287026,0.06521739130434778,30,3,5,29,0.691358024691358,10.510146771127161,0.3913043478260869
groot_l10_500,r6p3v2_groot_l10_500_A_r0,r6p3v2_groot_l10_500_A_r0:eval:8:1,1,8,1,86,430,A,True,4488.72,4491.548,slow_confirmed,,0.025974025974025983,0.03457273320287026,0.0652173913043479,30,3,5,29,0.691358024691358,10.16104973431696,0.06521739130434778
groot_l10_500,r6p3v2_groot_l10_500_A_r0,r6p3v2_groot_l10_500_A_r0:eval:8:1,1,8,1,88,440,A,True,4380.43,4383.365,slow_ambiguous,,0.04347826086956519,0.0392433653303218,0.06521739130434778,30,3,5,29,0.6956521739130435,9.420524385180189,0.043793415886439035
groot_l10_500,r6p3v2_groot_l10_500_A_r0,r6p3v2_groot_l10_500_A_r0:eval:8:1,1,8,1,90,450,A,True,4415.318,4418.368,slow_confirmed,,0.0,0.0392433653303218,0.06521739130434778,30,3,5,29,0.7391304347826086,9.493691645008667,0.0434782608695653
groot_l10_500,r6p3v2_groot_l10_500_A_r0,r6p3v2_groot_l10_500_A_r0:eval:8:1,1,8,1,92,460,A,True,4493.355,4496.26,slow_confirmed,,0.0,0.01772287862513422,0.06521739130434778,30,3,5,29,0.7551020408163265,9.452062169659207,0.02352941176470591
groot_l10_500,r6p3v2_groot_l10_500_A_r0,r6p3v2_groot_l10_500_A_r0:eval:8:1,1,8,1,94,470,A,False,4386.824,4389.663,slow_confirmed,,0.0,0.01772287862513422,0.06521739130434778,30,3,5,29,0.7551020408163265,9.460390016944103,0.025316455696202445
groot_l10_500,r6p3v2_groot_l10_500_A_r0,r6p3v2_groot_l10_500_A_r0:eval:8:1,1,8,1,96,480,A,True,4526.382,4529.289,slow_confirmed,,0.0,0.01772287862513422,0.06521739130434778,30,3,5,29,0.7551020408163265,9.615458208635935,0.025316455696202445
groot_l10_500,r6p3v2_groot_l10_500_A_r0,r6p3v2_groot_l10_500_A_r0:eval:8:1,1,8,1,98,490,A,True,4346.406,4348.996,slow_confirmed,,0.0,0.01772287862513422,0.06521739130434778,30,3,5,29,0.7551020408163265,9.59337475933381,0.025316455696202445
groot_l10_500,r6p3v2_groot_l10_500_A_r0,r6p3v2_groot_l10_500_A_r0:eval:8:1,1,8,1,100,500,A,True,4488.686,4491.306,slow_confirmed,,0.0,0.03001786777843965,0.0652173913043479,30,3,5,29,0.7551020408163265,9.624141432865397,0.0
groot_l10_500,r6p3v2_groot_l10_500_A_r0,r6p3v2_groot_l10_500_A_r0:eval:8:1,1,8,1,102,510,A,True,4521.294,4524.098,slow_ambiguous,,0.0,0.06593406593406592,0.0652173913043479,30,3,5,29,0.7551020408163265,9.503857770033921,0.0
groot_l10_500,r6p3v2_groot_l10_500_A_r0,r6p3v2_groot_l10_500_A_r0:eval:9:0,1,9,0,0,0,A,False,63.968,71.262,inactive,warming_up,,,,0,2,5,45,,,
groot_l10_500,r6p3v2_groot_l10_500_A_r0,r6p3v2_groot_l10_500_A_r0:eval:9:0,1,9,0,2,10,A,False,34.693,36.544,inactive,warming_up,,,,0,2,5,45,,,
groot_l10_500,r6p3v2_groot_l10_500_A_r0,r6p3v2_groot_l10_500_A_r0:eval:9:0,1,9,0,4,20,A,False,6537.483,6540.211,ok,,0.08,0.011484823625922888,0.058823529411764705,20,2,5,45,0.0,8.296287844963935,0.032474804031354984
groot_l10_500,r6p3v2_groot_l10_500_A_r0,r6p3v2_groot_l10_500_A_r0:eval:9:0,1,9,0,6,30,A,False,4644.052,4646.808,ok,,0.07999999999999999,0.011904761904761904,0.058823529411764705,20,2,5,45,0.04,7.425113245415273,0.03247480403135497
groot_l10_500,r6p3v2_groot_l10_500_A_r0,r6p3v2_groot_l10_500_A_r0:eval:9:0,1,9,0,8,40,A,False,4698.699,4701.412,ok,,0.07894736842105263,0.013677811550151978,0.058823529411764705,20,2,5,45,0.08,7.859005121653638,0.03744680851063831
groot_l10_500,r6p3v2_groot_l10_500_A_r0,r6p3v2_groot_l10_500_A_r0:eval:9:0,1,9,0,10,50,A,True,4632.702,4635.305,ok,,0.07547169811320756,0.008525149190110826,0.05882352941176472,20,2,5,45,0.12,8.720588746209325,0.07652173913043478
groot_l10_500,r6p3v2_groot_l10_500_A_r0,r6p3v2_groot_l10_500_A_r0:eval:9:0,1,9,0,12,60,A,False,4704.706,4707.488,ok,,0.07999999999999999,0.02390710382513664,0.0588235294117647,20,2,5,45,0.1568627450980392,8.95081664493331,0.04217536071032188
groot_l10_500,r6p3v2_groot_l10_500_A_r0,r6p3v2_groot_l10_500_A_r0:eval:9:0,1,9,0,14,70,A,False,4493.604,4496.617,ok,,0.07843137254901963,0.008525149190110826,0.05882352941176472,20,2,5,45,0.19607843137254902,8.422372647564352,0.07999999999999999
groot_l10_500,r6p3v2_groot_l10_500_A_r0,r6p3v2_groot_l10_500_A_r0:eval:9:0,1,9,0,16,80,A,False,4449.134,4451.888,ok,,0.08000000000000002,0.045644487303117987,0.05882352941176472,20,2,5,45,0.24,7.6488994265239585,0.03477617462079173
groot_l10_500,r6p3v2_groot_l10_500_A_r0,r6p3v2_groot_l10_500_A_r0:eval:9:0,1,9,0,18,90,A,False,4584.762,4587.452,slow_ambiguous,,0.043478260869565244,0.03996983408748117,0.05882352941176472,20,2,5,45,0.28,7.642830913077067,0.03843137254901963
groot_l10_500,r6p3v2_groot_l10_500_A_r0,r6p3v2_groot_l10_500_A_r0:eval:9:0,1,9,0,20,100,A,False,4695.708,4708.34,slow_ambiguous,,0.039215686274509776,0.04251700680272108,0.05882352941176472,20,2,5,45,0.34615384615384615,7.6759676874600204,0.04255319148936171
groot_l10_500,r6p3v2_groot_l10_500_A_r0,r6p3v2_groot_l10_500_A_r0:eval:9:0,1,9,0,22,110,A,True,4822.18,4824.783,slow_confirmed,,0.0,0.04597701149425287,0.05882352941176466,20,2,5,45,0.35294117647058826,7.94203101215453,0.0
groot_l10_500,r6p3v2_groot_l10_500_A_r0,r6p3v2_groot_l10_500_A_r0:eval:9:0,1,9,0,24,120,A,True,4588.087,4590.699,slow_confirmed,,0.0,0.04255319148936171,0.05882352941176472,20,2,5,45,0.34615384615384615,7.537062284123867,0.17647058823529416
groot_l10_500,r6p3v2_groot_l10_500_A_r0,r6p3v2_groot_l10_500_A_r0:eval:9:0,1,9,0,26,130,A,False,4692.4,4694.926,slow_confirmed,,0.0,0.022675736961451254,0.05882352941176472,20,2,5,45,0.34615384615384615,7.916861110341661,0.20588235294117654
groot_l10_500,r6p3v2_groot_l10_500_A_r0,r6p3v2_groot_l10_500_A_r0:eval:9:0,1,9,0,28,140,A,True,4792.539,4795.434,slow_confirmed,,0.0,0.03917050691244242,0.0588235294117647,20,2,5,45,0.35294117647058826,8.392321455594255,0.03846153846153849
groot_l10_500,r6p3v2_groot_l10_500_A_r0,r6p3v2_groot_l10_500_A_r0:eval:9:0,1,9,0,30,150,A,False,4788.76,4791.431,slow_confirmed,,0.0,0.0071770334928229484,0.05882352941176472,20,2,5,45,0.38461538461538464,9.353636177767045,0.2647058823529412
groot_l10_500,r6p3v2_groot_l10_500_A_r0,r6p3v2_groot_l10_500_A_r0:eval:9:0,1,9,0,32,160,A,False,4668.406,4671.044,slow_confirmed,,0.0,0.03525641025641024,0.05882352941176472,20,2,5,45,0.39215686274509803,10.312174093458998,0.031746031746031744
groot_l10_500,r6p3v2_groot_l10_500_A_r0,r6p3v2_groot_l10_500_A_r0:eval:9:0,1,9,0,34,170,A,False,4696.416,4708.401,ok,,0.06349206349206349,0.028801843317972364,0.05882352941176472,20,2,5,45,0.4090909090909091,10.52872362576777,0.08220502901353971
groot_l10_500,r6p3v2_groot_l10_500_A_r0,r6p3v2_groot_l10_500_A_r0:eval:9:0,1,9,0,36,180,A,False,4717.464,4720.117,ok,,0.0655737704918033,0.011484823625922902,0.05882352941176472,20,2,5,45,0.4090909090909091,11.632083483098995,0.24886877828054293
groot_l10_500,r6p3v2_groot_l10_500_A_r0,r6p3v2_groot_l10_500_A_r0:eval:9:0,1,9,0,38,190,A,True,4512.553,4515.138,ok,,0.1639344262295082,0.028801843317972364,0.05882352941176472,20,2,5,45,0.5283018867924528,10.560241505674028,0.07466063348416296
groot_l10_500,r6p3v2_groot_l10_500_A_r0,r6p3v2_groot_l10_500_A_r0:eval:9:0,1,9,0,40,200,A,False,4763.821,4766.446,ok,,0.12698412698412698,0.02117647058823524,0.05882352941176472,20,2,5,45,0.6349206349206349,11.938142414603908,0.11248185776487662
groot_l10_500,r6p3v2_groot_l10_500_A_r0,r6p3v2_groot_l10_500_A_r0:eval:9:0,1,9,0,42,210,A,True,4673.936,4676.727,ok,,0.07843137254901955,0.011884550084889645,0.05882352941176472,20,2,5,45,0.6923076923076923,12.541794897211846,0.021382751247327136
groot_l10_500,r6p3v2_groot_l10_500_A_r0,r6p3v2_groot_l10_500_A_r0:eval:9:0,1,9,0,44,220,A,False,4712.76,4715.315,ok,,0.08333333333333326,0.028768354809709296,0.05882352941176472,20,2,5,45,0.7142857142857143,13.816263046789972,0.050804828973842975
groot_l10_500,r6p3v2_groot_l10_500_A_r0,r6p3v2_groot_l10_500_A_r0:eval:9:0,1,9,0,46,230,A,False,4727.859,4730.302,ok,,0.08333333333333337,0.011884550084889645,0.05882352941176472,20,2,5,45,0.7843137254901961,12.604628770656973,0.012477718360071277
groot_l10_500,r6p3v2_groot_l10_500_A_r0,r6p3v2_groot_l10_500_A_r0:eval:9:0,1,9,0,48,240,A,False,4652.905,4655.557,ok,,0.05882352941176472,0.03744680851063842,0.05882352941176472,20,2,5,45,0.8333333333333334,11.291653869844623,0.03833333333333344
groot_l10_500,r6p3v2_groot_l10_500_A_r0,r6p3v2_groot_l10_500_A_r0:eval:9:0,1,9,0,50,250,A,False,4533.739,4536.412,ok,,0.07999999999999996,0.03059581320450888,0.05882352941176472,20,2,5,45,0.8627450980392157,10.193758294349808,0.09558823529411764
groot_l10_500,r6p3v2_groot_l10_500_A_r0,r6p3v2_groot_l10_500_A_r0:eval:9:0,1,9,0,52,260,A,False,4736.18,4738.88,ok,,0.07843137254901955,0.041480820695807274,0.05882352941176472,20,2,5,45,0.9130434782608695,10.55027223961343,0.04695652173913056
groot_l10_500,r6p3v2_groot_l10_500_A_r0,r6p3v2_groot_l10_500_A_r0:eval:9:0,1,9,0,54,270,A,True,4645.463,4648.176,slow_ambiguous,,0.04255319148936165,0.02876835480970922,0.05882352941176472,20,2,5,45,0.9411764705882353,10.328857340085841,0.030654515327257603
groot_l10_500,r6p3v2_groot_l10_500_A_r0,r6p3v2_groot_l10_500_A_r0:eval:9:0,1,9,0,56,280,A,True,4648.192,4650.827,slow_confirmed,,0.0,0.0358781810596579,0.05882352941176472,20,2,5,45,1.0,11.275640018647707,0.0
groot_l10_500,r6p3v2_groot_l10_500_A_r0,r6p3v2_groot_l10_500_A_r0:eval:9:0,1,9,0,58,290,A,False,4670.12,4672.848,slow_confirmed,,0.0,0.043896804004620704,0.05882352941176472,20,2,5,45,1.0,11.84528521533278,0.0
groot_l10_500,r6p3v2_groot_l10_500_A_r0,r6p3v2_groot_l10_500_A_r0:eval:9:0,1,9,0,60,300,A,True,4844.333,4846.828,slow_confirmed,,0.0,0.043896804004620704,0.05882352941176472,20,2,5,45,0.9811320754716981,12.215385421983163,0.0
groot_l10_500,r6p3v2_groot_l10_500_A_r0,r6p3v2_groot_l10_500_A_r0:eval:9:0,1,9,0,62,310,A,False,4927.405,4930.09,slow_confirmed,,0.0,0.043896804004620704,0.05882352941176472,20,2,5,45,0.9811320754716981,12.690976891948608,0.0
groot_l10_500,r6p3v2_groot_l10_500_A_r0,r6p3v2_groot_l10_500_A_r0:eval:9:0,1,9,0,64,320,A,False,4557.257,4559.8,slow_confirmed,,0.0,0.043896804004620704,0.05882352941176472,20,2,5,45,1.0,12.828852344592278,0.0
groot_l10_500,r6p3v2_groot_l10_500_A_r0,r6p3v2_groot_l10_500_A_r0:eval:9:0,1,9,0,66,330,A,True,4622.173,4624.796,slow_confirmed,,0.0,0.043896804004620704,0.05882352941176472,20,2,5,45,1.0,12.94436312862271,0.0
groot_l10_500,r6p3v2_groot_l10_500_A_r0,r6p3v2_groot_l10_500_A_r0:eval:9:0,1,9,0,68,340,A,True,4614.337,4617.084,slow_confirmed,,0.0,0.01683501683501684,0.058823529411764705,20,2,5,45,0.0,13.11304399607655,0.0
groot_l10_500,r6p3v2_groot_l10_500_A_r0,r6p3v2_groot_l10_500_A_r0:eval:9:0,1,9,0,70,350,A,True,4798.849,4803.5,slow_confirmed,,0.0,0.01683501683501684,0.058823529411764705,20,2,5,45,0.0,13.26932581468241,0.0
groot_l10_500,r6p3v2_groot_l10_500_A_r0,r6p3v2_groot_l10_500_A_r0:eval:9:0,1,9,0,72,360,A,False,4573.419,4576.058,slow_confirmed,,0.0,0.01683501683501684,0.058823529411764705,20,2,5,45,0.0,13.415965762316569,0.0
groot_l10_500,r6p3v2_groot_l10_500_A_r0,r6p3v2_groot_l10_500_A_r0:eval:9:0,1,9,0,74,370,A,True,4769.711,4772.317,slow_confirmed,,0.0,0.01683501683501684,0.058823529411764705,20,2,5,45,0.0,13.384248300347984,0.0
groot_l10_500,r6p3v2_groot_l10_500_A_r0,r6p3v2_groot_l10_500_A_r0:eval:9:0,1,9,0,76,380,A,True,4668.894,4671.471,slow_confirmed,,0.0,0.01683501683501684,0.058823529411764705,20,2,5,45,0.0,13.350306213702176,0.0
groot_l10_500,r6p3v2_groot_l10_500_A_r0,r6p3v2_groot_l10_500_A_r0:eval:9:0,1,9,0,78,390,A,True,4949.557,4952.215,slow_confirmed,,0.0,0.01683501683501684,0.058823529411764705,20,2,5,45,0.0,13.326187634484484,0.0
groot_l10_500,r6p3v2_groot_l10_500_A_r0,r6p3v2_groot_l10_500_A_r0:eval:9:0,1,9,0,80,400,A,True,4766.87,4769.506,slow_confirmed,,0.0,0.01683501683501684,0.058823529411764705,20,2,5,45,0.0,13.240986398258835,0.0
groot_l10_500,r6p3v2_groot_l10_500_A_r0,r6p3v2_groot_l10_500_A_r0:eval:9:0,1,9,0,82,410,A,False,4632.491,4635.015,slow_confirmed,,0.0,0.01683501683501684,0.058823529411764705,20,2,5,45,0.0,13.489337004630457,0.0
groot_l10_500,r6p3v2_groot_l10_500_A_r0,r6p3v2_groot_l10_500_A_r0:eval:9:0,1,9,0,84,420,A,True,4713.265,4715.979,slow_confirmed,,0.0,0.01683501683501684,0.058823529411764705,20,2,5,45,0.0,13.722992995352724,0.0
groot_l10_500,r6p3v2_groot_l10_500_A_r0,r6p3v2_groot_l10_500_A_r0:eval:9:0,1,9,0,86,430,A,True,4698.35,4701.156,slow_confirmed,,0.0,0.01683501683501684,0.058823529411764705,20,2,5,45,0.0,13.875898739002631,0.0
groot_l10_500,r6p3v2_groot_l10_500_A_r0,r6p3v2_groot_l10_500_A_r0:eval:9:0,1,9,0,88,440,A,True,4716.304,4718.962,slow_confirmed,,0.0,0.01683501683501684,0.058823529411764705,20,2,5,45,0.0,13.980770115752094,0.0
groot_l10_500,r6p3v2_groot_l10_500_A_r0,r6p3v2_groot_l10_500_A_r0:eval:9:0,1,9,0,90,450,A,True,4735.805,4738.412,slow_confirmed,,0.0,0.01683501683501684,0.058823529411764705,20,2,5,45,0.0,14.0079379642426,0.0
groot_l10_500,r6p3v2_groot_l10_500_A_r0,r6p3v2_groot_l10_500_A_r0:eval:9:0,1,9,0,92,460,A,False,4796.121,4798.863,slow_confirmed,,0.0,0.01683501683501684,0.058823529411764705,20,2,5,45,0.0,14.12030095748367,0.0
groot_l10_500,r6p3v2_groot_l10_500_A_r0,r6p3v2_groot_l10_500_A_r0:eval:9:0,1,9,0,94,470,A,True,4619.61,4622.363,slow_confirmed,,0.0,0.01683501683501684,0.058823529411764705,20,2,5,45,0.0,14.12901672995435,0.0
groot_l10_500,r6p3v2_groot_l10_500_A_r0,r6p3v2_groot_l10_500_A_r0:eval:9:0,1,9,0,96,480,A,True,4654.994,4657.651,slow_confirmed,,0.0,0.01683501683501684,0.058823529411764705,20,2,5,45,0.0,14.035911228573946,0.0
groot_l10_500,r6p3v2_groot_l10_500_A_r0,r6p3v2_groot_l10_500_A_r0:eval:9:0,1,9,0,98,490,A,True,4585.159,4587.822,slow_confirmed,,0.0,0.01683501683501684,0.058823529411764705,20,2,5,45,0.0,14.184901766329633,0.0
groot_l10_500,r6p3v2_groot_l10_500_A_r0,r6p3v2_groot_l10_500_A_r0:eval:9:0,1,9,0,100,500,A,True,4731.523,4734.229,slow_confirmed,,0.0,0.01683501683501684,0.058823529411764705,20,2,5,45,0.0,14.155664593162966,0.0
groot_l10_500,r6p3v2_groot_l10_500_A_r0,r6p3v2_groot_l10_500_A_r0:eval:9:0,1,9,0,102,510,A,False,4711.46,4713.922,slow_confirmed,,0.0,0.01683501683501684,0.058823529411764705,20,2,5,45,0.0,14.42216170712787,0.0
groot_l10_500,r6p3v2_groot_l10_500_A_r0,r6p3v2_groot_l10_500_A_r0:eval:9:1,1,9,1,0,0,A,False,45.98,49.04,inactive,warming_up,,,,0,2,5,45,,,
groot_l10_500,r6p3v2_groot_l10_500_A_r0,r6p3v2_groot_l10_500_A_r0:eval:9:1,1,9,1,2,10,A,False,29.456,31.176,inactive,warming_up,,,,0,2,5,45,,,
groot_l10_500,r6p3v2_groot_l10_500_A_r0,r6p3v2_groot_l10_500_A_r0:eval:9:1,1,9,1,4,20,A,False,4850.511,4852.998,slow_ambiguous,,0.0425531914893617,0.017759562841530074,0.05882352941176472,20,2,5,45,0.0,8.855436380737421,0.045787545787545784
groot_l10_500,r6p3v2_groot_l10_500_A_r0,r6p3v2_groot_l10_500_A_r0:eval:9:1,1,9,1,6,30,A,False,4559.406,4562.285,ok,,0.0851063829787234,0.022093344380005507,0.05882352941176472,20,2,5,45,0.0,7.661692071235362,0.07749326145552561
groot_l10_500,r6p3v2_groot_l10_500_A_r0,r6p3v2_groot_l10_500_A_r0:eval:9:1,1,9,1,8,40,A,False,4582.076,4584.65,ok,,0.07692307692307693,0.035878181059657906,0.058823529411764705,20,2,5,45,0.06779661016949153,7.935494022961554,0.0454109370003198
groot_l10_500,r6p3v2_groot_l10_500_A_r0,r6p3v2_groot_l10_500_A_r0:eval:9:1,1,9,1,10,50,A,True,4702.26,4704.86,ok,,0.07692307692307693,0.03325774754346183,0.05882352941176472,20,2,5,45,0.1016949152542373,8.444753150247886,0.03934624697336565
groot_l10_500,r6p3v2_groot_l10_500_A_r0,r6p3v2_groot_l10_500_A_r0:eval:9:1,1,9,1,12,60,A,False,4566.709,4569.331,ok,,0.07692307692307693,0.01683501683501684,0.0588235294117647,20,2,5,45,0.13559322033898305,8.410504656093183,0.017309772809231877
groot_l10_500,r6p3v2_groot_l10_500_A_r0,r6p3v2_groot_l10_500_A_r0:eval:9:1,1,9,1,14,70,A,False,4518.069,4520.681,ok,,0.0816326530612245,0.01007838745800671,0.05882352941176472,20,2,5,45,0.1724137931034483,8.242072459895008,0.06146926536731637
groot_l10_500,r6p3v2_groot_l10_500_A_r0,r6p3v2_groot_l10_500_A_r0:eval:9:1,1,9,1,16,80,A,False,4587.971,4590.386,ok,,0.08163265306122447,0.022675736961451254,0.05882352941176472,20,2,5,45,0.2127659574468085,7.910606438537869,0.11621966794380587
groot_l10_500,r6p3v2_groot_l10_500_A_r0,r6p3v2_groot_l10_500_A_r0:eval:9:1,1,9,1,18,90,A,True,4644.6,4646.986,ok,,0.08695652173913043,0.03985507246376807,0.05882352941176472,20,2,5,45,0.2962962962962963,7.79799332321162,0.07407407407407408
groot_l10_500,r6p3v2_groot_l10_500_A_r0,r6p3v2_groot_l10_500_A_r0:eval:9:1,1,9,1,20,100,A,False,4594.623,4597.356,slow_ambiguous,,0.043478260869565244,0.041573393028461775,0.05882352941176472,20,2,5,45,0.3333333333333333,7.841691874597277,0.2190383681398737
groot_l10_500,r6p3v2_groot_l10_500_A_r0,r6p3v2_groot_l10_500_A_r0:eval:9:1,1,9,1,22,110,A,True,4676.22,4678.848,ok,,0.08333333333333331,0.034953111679454474,0.05882352941176472,20,2,5,45,0.375,8.248592239091565,0.10084507042253521
groot_l10_500,r6p3v2_groot_l10_500_A_r0,r6p3v2_groot_l10_500_A_r0:eval:9:1,1,9,1,24,120,A,False,5058.061,5060.905,ok,,0.08333333333333331,0.03547169811320755,0.05882352941176472,20,2,5,45,0.4166666666666667,8.18998637375453,0.054773082942097054
groot_l10_500,r6p3v2_groot_l10_500_A_r0,r6p3v2_groot_l10_500_A_r0:eval:9:1,1,9,1,26,130,A,True,4758.291,4773.021,ok,,0.08333333333333331,0.03907946157186282,0.05882352941176461,20,2,5,45,0.4583333333333333,7.950407127165149,0.012882447665056307
groot_l10_500,r6p3v2_groot_l10_500_A_r0,r6p3v2_groot_l10_500_A_r0:eval:9:1,1,9,1,28,140,A,False,4736.086,4738.797,ok,,0.07843137254901966,0.02795031055900621,0.05882352941176461,20,2,5,45,0.5098039215686274,8.13815104119238,0.043478260869565244
groot_l10_500,r6p3v2_groot_l10_500_A_r0,r6p3v2_groot_l10_500_A_r0:eval:9:1,1,9,1,30,150,A,False,4679.311,4682.009,ok,,0.07843137254901955,0.016333938294010752,0.05882352941176472,20,2,5,45,0.5306122448979592,7.835718330311543,0.04849498327759194
groot_l10_500,r6p3v2_groot_l10_500_A_r0,r6p3v2_groot_l10_500_A_r0:eval:9:1,1,9,1,32,160,A,False,4709.486,4712.765,slow_ambiguous,,0.038461538461538436,0.04511278195488727,0.05882352941176461,20,2,5,45,0.5660377358490566,8.291527719418315,0.04139433551198257
groot_l10_500,r6p3v2_groot_l10_500_A_r0,r6p3v2_groot_l10_500_A_r0:eval:9:1,1,9,1,34,170,A,True,4782.667,4785.567,ok,,0.07692307692307698,0.03152088258471236,0.05882352941176461,20,2,5,45,0.5769230769230769,8.349787829670584,0.015437392795883409
groot_l10_500,r6p3v2_groot_l10_500_A_r0,r6p3v2_groot_l10_500_A_r0:eval:9:1,1,9,1,36,180,A,False,4579.126,4582.017,ok,,0.08695652173913038,0.034953111679454474,0.05882352941176472,20,2,5,45,0.6086956521739131,8.540337533981427,0.07692307692307698
groot_l10_500,r6p3v2_groot_l10_500_A_r0,r6p3v2_groot_l10_500_A_r0:eval:9:1,1,9,1,38,190,A,False,5022.215,4470.633,ok,,0.07547169811320764,0.03815439219165928,0.05882352941176472,20,2,5,45,0.6666666666666666,8.649724368186877,0.07692307692307698
groot_l10_500,r6p3v2_groot_l10_500_A_r0,r6p3v2_groot_l10_500_A_r0:eval:9:1,1,9,1,40,200,A,False,4652.297,4655.242,ok,,0.06896551724137934,0.018796992481203034,0.05882352941176472,20,2,5,45,0.6938775510204082,9.201831317637454,0.03815439219165928
groot_l10_500,r6p3v2_groot_l10_500_A_r0,r6p3v2_groot_l10_500_A_r0:eval:9:1,1,9,1,42,210,A,True,4630.706,4633.448,ok,,0.0714285714285714,0.015250544662309351,0.05882352941176472,20,2,5,45,0.7407407407407407,9.477912948501807,0.01775956284153013
groot_l10_500,r6p3v2_groot_l10_500_A_r0,r6p3v2_groot_l10_500_A_r0:eval:9:1,1,9,1,44,220,A,False,4875.07,4877.605,ok,,0.07407407407407407,0.008525149190110937,0.05882352941176472,20,2,5,45,0.7659574468085106,8.803529719368123,0.021382751247327136
groot_l10_500,r6p3v2_groot_l10_500_A_r0,r6p3v2_groot_l10_500_A_r0:eval:9:1,1,9,1,46,230,A,False,4578.004,4580.914,ok,,0.07142857142857151,0.015527950310558869,0.05882352941176472,20,2,5,45,0.8148148148148148,8.627987762546836,0.03457106274007682
groot_l10_500,r6p3v2_groot_l10_500_A_r0,r6p3v2_groot_l10_500_A_r0:eval:9:1,1,9,1,48,240,A,False,4428.62,4431.253,ok,,0.07142857142857151,0.02955082742316787,0.05882352941176472,20,2,5,45,0.8571428571428571,8.690311190174361,0.09469696969696972
groot_l10_500,r6p3v2_groot_l10_500_A_r0,r6p3v2_groot_l10_500_A_r0:eval:9:1,1,9,1,50,250,A,False,4548.264,4551.017,ok,,0.0714285714285714,0.028768354809709296,0.05882352941176472,20,2,5,45,0.8928571428571429,8.650435656506021,0.06274007682458393
groot_l10_500,r6p3v2_groot_l10_500_A_r0,r6p3v2_groot_l10_500_A_r0:eval:9:1,1,9,1,52,260,A,False,4450.916,4453.556,ok,,0.07407407407407407,0.028768354809709296,0.05882352941176472,20,2,5,45,0.9259259259259259,9.136810020196705,0.06412945759664368
groot_l10_500,r6p3v2_groot_l10_500_A_r1,r6p3v2_groot_l10_500_A_r1:eval:0:0,2,0,0,0,0,A,False,45.151,48.065,inactive,warming_up,,,,0,2,5,43,,,
groot_l10_500,r6p3v2_groot_l10_500_A_r1,r6p3v2_groot_l10_500_A_r1:eval:0:0,2,0,0,2,10,A,False,31.399,33.055,inactive,warming_up,,,,0,2,5,43,,,
groot_l10_500,r6p3v2_groot_l10_500_A_r1,r6p3v2_groot_l10_500_A_r1:eval:0:0,2,0,0,4,20,A,False,6197.261,6199.73,ok,,0.07407407407407407,0.019916142557652006,0.0625,20,2,5,43,0.0,9.203914227955808,0.03140096618357487
groot_l10_500,r6p3v2_groot_l10_500_A_r1,r6p3v2_groot_l10_500_A_r1:eval:0:0,2,0,0,6,30,A,False,4530.134,4532.938,ok,,0.07547169811320754,0.01340996168582375,0.0625,20,2,5,43,0.038461538461538464,7.627441245240697,0.03508771929824561
groot_l10_500,r6p3v2_groot_l10_500_A_r1,r6p3v2_groot_l10_500_A_r1:eval:0:0,2,0,0,8,40,A,True,4551.488,4553.976,slow_ambiguous,,0.04000000000000001,0.023569023569023573,0.0625,20,2,5,43,0.11538461538461539,7.671235173405875,0.03313840155945419
groot_l10_500,r6p3v2_groot_l10_500_A_r1,r6p3v2_groot_l10_500_A_r1:eval:0:0,2,0,0,10,50,A,False,4496.797,4499.588,ok,,0.0784313725490196,0.025756214435459696,0.0625,20,2,5,43,0.12,7.511139966814184,0.04824561403508773
groot_l10_500,r6p3v2_groot_l10_500_A_r1,r6p3v2_groot_l10_500_A_r1:eval:0:0,2,0,0,12,60,A,False,4509.409,4512.031,ok,,0.0784313725490196,0.025756214435459696,0.0625,20,2,5,43,0.1509433962264151,7.954567190116383,0.054824561403508804
groot_l10_500,r6p3v2_groot_l10_500_A_r1,r6p3v2_groot_l10_500_A_r1:eval:0:0,2,0,0,14,70,A,False,4439.846,4442.611,slow_confirmed,,0.04081632653061226,0.012882447665056362,0.0625,20,2,5,43,0.19607843137254902,7.992752134659878,0.04629629629629631
groot_l10_500,r6p3v2_groot_l10_500_A_r1,r6p3v2_groot_l10_500_A_r1:eval:0:0,2,0,0,16,80,A,False,4430.531,4443.461,slow_confirmed,,0.040816326530612235,0.006747638326585703,0.0625,20,2,5,43,0.24561403508771928,8.237654636772138,0.07017543859649122
groot_l10_500,r6p3v2_groot_l10_500_A_r1,r6p3v2_groot_l10_500_A_r1:eval:0:0,2,0,0,18,90,A,False,4432.059,4434.612,ok,,0.07407407407407407,0.01288244766505639,0.0625,20,2,5,43,0.23076923076923078,8.535860015442749,0.011457214464733245
groot_l10_500,r6p3v2_groot_l10_500_A_r1,r6p3v2_groot_l10_500_A_r1:eval:0:0,2,0,0,20,100,A,False,4540.276,4542.774,ok,,0.08163265306122447,0.020606060606060572,0.0625,20,2,5,43,0.24489795918367346,8.791220185718318,0.13882532418001528
groot_l10_500,r6p3v2_groot_l10_500_A_r1,r6p3v2_groot_l10_500_A_r1:eval:0:0,2,0,0,22,110,A,True,4525.537,4528.12,ok,,0.08695652173913043,0.019916142557652006,0.0625,20,2,5,43,0.3137254901960784,9.098637672351243,0.04217536071032185
groot_l10_500,r6p3v2_groot_l10_500_A_r1,r6p3v2_groot_l10_500_A_r1:eval:0:0,2,0,0,24,120,A,False,4354.271,4357.017,ok,,0.07547169811320753,0.009634684865515886,0.0625,20,2,5,43,0.3492063492063492,8.926386375088496,0.023464458247066944
groot_l10_500,r6p3v2_groot_l10_500_A_r1,r6p3v2_groot_l10_500_A_r1:eval:0:0,2,0,0,26,130,A,False,4526.052,4528.741,ok,,0.07407407407407407,0.035612535612535634,0.0625,20,2,5,43,0.41509433962264153,9.024773519681897,0.0589569160997732
groot_l10_500,r6p3v2_groot_l10_500_A_r1,r6p3v2_groot_l10_500_A_r1:eval:0:0,2,0,0,28,140,A,True,4453.46,4456.197,slow_confirmed,,0.039215686274509776,0.019871794871794912,0.0625,20,2,5,43,0.47058823529411764,8.667445274390206,0.04038397881496192
groot_l10_500,r6p3v2_groot_l10_500_A_r1,r6p3v2_groot_l10_500_A_r1:eval:0:0,2,0,0,30,150,A,False,4635.244,4637.769,slow_confirmed,,0.0,0.02974983096686956,0.0625,20,2,5,43,0.5185185185185185,8.669202451473248,0.04081632653061229
groot_l10_500,r6p3v2_groot_l10_500_A_r1,r6p3v2_groot_l10_500_A_r1:eval:0:0,2,0,0,32,160,A,True,4388.836,4391.384,ok,,0.07547169811320753,0.037010159651669094,0.0625,20,2,5,43,0.5185185185185185,8.914696090993411,0.08163265306122447
groot_l10_500,r6p3v2_groot_l10_500_A_r1,r6p3v2_groot_l10_500_A_r1:eval:0:0,2,0,0,34,170,A,False,4464.046,4466.535,ok,,0.13043478260869568,0.037010159651669094,0.0625,20,2,5,43,0.5263157894736842,8.967175952627905,0.09868421052631582
groot_l10_500,r6p3v2_groot_l10_500_A_r1,r6p3v2_groot_l10_500_A_r1:eval:0:0,2,0,0,36,180,A,False,4509.496,4512.185,ok,,0.07843137254901955,0.037010159651669094,0.0625,20,2,5,43,0.5652173913043478,8.806287284188363,0.10526315789473684
groot_l10_500,r6p3v2_groot_l10_500_A_r1,r6p3v2_groot_l10_500_A_r1:eval:0:0,2,0,0,38,190,A,False,4571.668,4574.45,ok,,0.07843137254901966,0.00925925925925919,0.0625,20,2,5,43,0.625,8.652436510437338,0.016781083142639153
groot_l10_500,r6p3v2_groot_l10_500_A_r1,r6p3v2_groot_l10_500_A_r1:eval:0:0,2,0,0,40,200,A,False,4684.093,4686.953,ok,,0.14035087719298245,0.036256011838697755,0.0625,20,2,5,43,0.6666666666666666,8.8113794668608,0.12088263511352737
groot_l10_500,r6p3v2_groot_l10_500_A_r1,r6p3v2_groot_l10_500_A_r1:eval:0:0,2,0,0,42,210,A,False,4532.221,4534.809,ok,,0.08163265306122447,0.022606382978723416,0.0625,20,2,5,43,0.6938775510204082,8.457378357365076,0.0831467860569236
groot_l10_500,r6p3v2_groot_l10_500_A_r1,r6p3v2_groot_l10_500_A_r1:eval:0:0,2,0,0,44,220,A,False,4723.865,4726.429,ok,,0.07999999999999996,0.014294996751137101,0.0625,20,2,5,43,0.76,8.67179503032047,0.040935672514619936
groot_l10_500,r6p3v2_groot_l10_500_A_r1,r6p3v2_groot_l10_500_A_r1:eval:0:0,2,0,0,46,230,A,True,4426.227,4429.092,ok,,0.07999999999999996,0.013157894736842146,0.0625,20,2,5,43,0.8,9.019065763618551,0.07602339181286544
groot_l10_500,r6p3v2_groot_l10_500_A_r1,r6p3v2_groot_l10_500_A_r1:eval:0:0,2,0,0,48,240,A,False,4594.388,4602.384,ok,,0.08000000000000007,0.02645074224021593,0.0625,20,2,5,43,0.84,8.874446477517814,0.1364522417153996
groot_l10_500,r6p3v2_groot_l10_500_A_r1,r6p3v2_groot_l10_500_A_r1:eval:0:0,2,0,0,50,250,A,True,4452.778,4455.48,ok,,0.08333333333333337,0.01297169811320753,0.0625,20,2,5,43,0.875,8.475183638819903,0.037735849056603765
groot_l10_500,r6p3v2_groot_l10_500_A_r1,r6p3v2_groot_l10_500_A_r1:eval:0:0,2,0,0,52,260,A,False,4623.649,4626.443,slow_confirmed,,0.037735849056603765,0.020606060606060628,0.0625,20,2,5,43,0.9166666666666666,7.984270689212008,0.04824561403508776
groot_l10_500,r6p3v2_groot_l10_500_A_r1,r6p3v2_groot_l10_500_A_r1:eval:0:1,2,0,1,0,0,A,False,46.036,49.174,inactive,warming_up,,,,0,2,5,43,,,
groot_l10_500,r6p3v2_groot_l10_500_A_r1,r6p3v2_groot_l10_500_A_r1:eval:0:1,2,0,1,2,10,A,False,30.998,32.794,inactive,warming_up,,,,0,2,5,43,,,
groot_l10_500,r6p3v2_groot_l10_500_A_r1,r6p3v2_groot_l10_500_A_r1:eval:0:1,2,0,1,4,20,A,False,4727.059,4729.773,ok,,0.0784313725490196,0.006747638326585703,0.0625,20,2,5,43,0.0,8.903469690018843,0.0776470588235294
groot_l10_500,r6p3v2_groot_l10_500_A_r1,r6p3v2_groot_l10_500_A_r1:eval:0:1,2,0,1,6,30,A,True,4581.312,4584.004,ok,,0.0784313725490196,0.009634684865515844,0.0625,20,2,5,43,0.04,6.9380751172747095,0.009824561403508764
groot_l10_500,r6p3v2_groot_l10_500_A_r1,r6p3v2_groot_l10_500_A_r1:eval:0:1,2,0,1,8,40,A,False,4401.805,4404.489,ok,,0.07692307692307693,0.009634684865515844,0.0625,20,2,5,43,0.0784313725490196,7.030366597685877,0.009824561403508777
groot_l10_500,r6p3v2_groot_l10_500_A_r1,r6p3v2_groot_l10_500_A_r1:eval:0:1,2,0,1,10,50,A,True,4378.534,4381.477,ok,,0.08000000000000002,0.013468013468013462,0.0625,20,2,5,43,0.12,7.5608018953610285,0.04331450094161958
groot_l10_500,r6p3v2_groot_l10_500_A_r1,r6p3v2_groot_l10_500_A_r1:eval:0:1,2,0,1,12,60,A,False,4474.797,4477.758,ok,,0.0625,0.020606060606060572,0.0625,20,2,5,43,0.16,8.12084728841158,0.07721280602636534
groot_l10_500,r6p3v2_groot_l10_500_A_r1,r6p3v2_groot_l10_500_A_r1:eval:0:1,2,0,1,14,70,A,False,4547.465,4550.594,slow_confirmed,,0.037037037037037035,0.011484823625922902,0.0625,20,2,5,43,0.21052631578947367,8.299076636764502,0.004912280701754368
groot_l10_500,r6p3v2_groot_l10_500_A_r1,r6p3v2_groot_l10_500_A_r1:eval:0:1,2,0,1,16,80,A,True,4566.748,4569.537,ok,,0.07017543859649122,0.016140865737344107,0.0625,20,2,5,43,0.24,9.12924049532909,0.04139433551198257
groot_l10_500,r6p3v2_groot_l10_500_A_r1,r6p3v2_groot_l10_500_A_r1:eval:0:1,2,0,1,18,90,A,False,4350.983,4353.644,ok,,0.07407407407407407,0.016140865737344107,0.0625,20,2,5,43,0.25925925925925924,9.734784038400573,0.041573393028461775
groot_l10_500,r6p3v2_groot_l10_500_A_r1,r6p3v2_groot_l10_500_A_r1:eval:0:1,2,0,1,20,100,A,False,4436.391,4439.275,slow_confirmed,,0.03508771929824561,0.011484823625922902,0.0625,20,2,5,43,0.28,10.013220249549493,0.006101694915254224
groot_l10_500,r6p3v2_groot_l10_500_A_r1,r6p3v2_groot_l10_500_A_r1:eval:0:1,2,0,1,22,110,A,False,4421.399,4424.095,slow_confirmed,,0.0,0.011646866992778948,0.0625,20,2,5,43,0.3157894736842105,10.793329910960551,0.03921568627450983
groot_l10_500,r6p3v2_groot_l10_500_A_r1,r6p3v2_groot_l10_500_A_r1:eval:0:1,2,0,1,24,120,A,False,4438.908,4441.506,slow_confirmed,,0.0,0.006747638326585703,0.0625,20,2,5,43,0.1568627450980392,11.055039183846993,0.5263157894736842
groot_l10_500,r6p3v2_groot_l10_500_A_r1,r6p3v2_groot_l10_500_A_r1:eval:0:1,2,0,1,26,130,A,False,4497.47,4500.236,ok,,0.07692307692307693,0.009634684865515886,0.0625,20,2,5,43,0.08,10.600826365488805,0.01220338983050849
groot_l10_500,r6p3v2_groot_l10_500_A_r1,r6p3v2_groot_l10_500_A_r1:eval:0:1,2,0,1,28,140,A,True,4430.349,4432.999,ok,,0.08,0.019916142557652006,0.0625,20,2,5,43,0.07692307692307693,11.159674407594652,0.04520917678812417
groot_l10_500,r6p3v2_groot_l10_500_A_r1,r6p3v2_groot_l10_500_A_r1:eval:0:1,2,0,1,30,150,A,False,4637.083,4639.644,ok,,0.07692307692307693,0.019916142557652006,0.0625,20,2,5,43,0.15384615384615385,12.984144072171754,0.040935672514619895
groot_l10_500,r6p3v2_groot_l10_500_A_r1,r6p3v2_groot_l10_500_A_r1:eval:0:1,2,0,1,32,160,A,False,4503.094,4505.77,ok,,0.09523809523809523,0.006747638326585703,0.0625,20,2,5,43,0.15873015873015872,14.094364596450694,0.07811982787156571
groot_l10_500,r6p3v2_groot_l10_500_A_r1,r6p3v2_groot_l10_500_A_r1:eval:0:1,2,0,1,34,170,A,True,4646.54,4649.183,ok,,0.0625,0.012882447665056362,0.0625,20,2,5,43,0.21875,14.136928249525823,0.07017543859649122
groot_l10_500,r6p3v2_groot_l10_500_A_r1,r6p3v2_groot_l10_500_A_r1:eval:0:1,2,0,1,36,180,A,True,4464.937,4467.617,ok,,0.07017543859649122,0.020606060606060572,0.0625,20,2,5,43,0.2553191489361702,12.870778907231097,0.5161544523246651
groot_l10_500,r6p3v2_groot_l10_500_A_r1,r6p3v2_groot_l10_500_A_r1:eval:0:1,2,0,1,38,190,A,False,4528.428,4531.277,slow_confirmed,,0.0,0.020606060606060572,0.0625,20,2,5,43,0.2962962962962963,12.22671060877533,0.5660377358490567
groot_l10_500,r6p3v2_groot_l10_500_A_r1,r6p3v2_groot_l10_500_A_r1:eval:0:1,2,0,1,40,200,A,False,4637.815,4640.645,slow_confirmed,,0.0,0.020606060606060572,0.0625,20,2,5,43,0.2857142857142857,12.208783324557396,0.5555555555555556
groot_l10_500,r6p3v2_groot_l10_500_A_r1,r6p3v2_groot_l10_500_A_r1:eval:0:1,2,0,1,42,210,A,True,4443.962,4446.834,ok,,0.3508771929824561,0.020606060606060572,0.0625,20,2,5,43,0.2807017543859649,12.014496089308636,0.6153846153846154
groot_l10_500,r6p3v2_groot_l10_500_A_r1,r6p3v2_groot_l10_500_A_r1:eval:0:1,2,0,1,44,220,A,True,4764.524,4767.485,slow_confirmed,,0.0,0.017819706498951815,0.0625,20,2,5,43,0.631578947368421,12.22549250921393,0.03508771929824561
groot_l10_500,r6p3v2_groot_l10_500_A_r1,r6p3v2_groot_l10_500_A_r1:eval:0:1,2,0,1,46,230,A,False,4269.622,4272.199,slow_confirmed,,0.03508771929824561,0.020606060606060572,0.0625,20,2,5,43,0.1702127659574468,12.672525395312283,0.5599999999999999
groot_l10_500,r6p3v2_groot_l10_500_A_r1,r6p3v2_groot_l10_500_A_r1:eval:0:1,2,0,1,48,240,A,True,4393.861,4396.628,slow_confirmed,,0.0,0.017819706498951815,0.0625,20,2,5,43,0.72,12.592116406547937,0.037037037037037035
groot_l10_500,r6p3v2_groot_l10_500_A_r1,r6p3v2_groot_l10_500_A_r1:eval:0:1,2,0,1,50,250,A,False,4576.711,4579.422,slow_confirmed,,0.0,0.02645074224021593,0.0625,20,2,5,43,0.6666666666666666,12.392664173538071,0.07407407407407407
groot_l10_500,r6p3v2_groot_l10_500_A_r1,r6p3v2_groot_l10_500_A_r1:eval:0:1,2,0,1,52,260,A,True,4451.581,4454.082,slow_ambiguous,,0.03389830508474578,0.033138401559454245,0.0625,20,2,5,43,0.3333333333333333,12.441562336526177,0.5925925925925926
groot_l10_500,r6p3v2_groot_l10_500_A_r1,r6p3v2_groot_l10_500_A_r1:eval:0:1,2,0,1,54,270,A,False,4376.108,4378.802,slow_confirmed,,0.0,0.036256011838697755,0.0625,20,2,5,43,0.7169811320754716,12.076711533152059,0.40740740740740733
groot_l10_500,r6p3v2_groot_l10_500_A_r1,r6p3v2_groot_l10_500_A_r1:eval:0:1,2,0,1,56,280,A,False,4503.42,4505.913,slow_ambiguous,,0.040000000000000036,0.036256011838697755,0.0625,20,2,5,43,0.7169811320754716,11.398450303635679,0.5798664612223935
groot_l10_500,r6p3v2_groot_l10_500_A_r1,r6p3v2_groot_l10_500_A_r1:eval:0:1,2,0,1,58,290,A,True,4431.279,4433.852,slow_ambiguous,,0.037735849056603876,0.036256011838697755,0.0625,20,2,5,43,0.72,10.779641315743843,0.14035087719298245
groot_l10_500,r6p3v2_groot_l10_500_A_r1,r6p3v2_groot_l10_500_A_r1:eval:0:1,2,0,1,60,300,A,True,4444.316,4447.013,slow_confirmed,,0.0,0.011484823625922846,0.0625,20,2,5,43,0.7878787878787878,11.015637341039943,0.0
groot_l10_500,r6p3v2_groot_l10_500_A_r1,r6p3v2_groot_l10_500_A_r1:eval:0:1,2,0,1,62,310,A,False,4602.536,4605.151,slow_confirmed,,0.0,0.011484823625922846,0.0625,20,2,5,43,0.8070175438596491,10.954045712113682,0.0
groot_l10_500,r6p3v2_groot_l10_500_A_r1,r6p3v2_groot_l10_500_A_r1:eval:0:1,2,0,1,64,320,A,True,4385.065,4387.713,slow_confirmed,,0.0,0.011484823625922846,0.0625,20,2,5,43,0.8070175438596491,11.02538363095252,0.0
groot_l10_500,r6p3v2_groot_l10_500_A_r1,r6p3v2_groot_l10_500_A_r1:eval:0:1,2,0,1,66,330,A,True,4325.892,4340.09,slow_confirmed,,0.0,0.03171390013495279,0.0625,20,2,5,43,0.7924528301886793,11.383014294150437,0.09090909090909094
groot_l10_500,r6p3v2_groot_l10_500_A_r1,r6p3v2_groot_l10_500_A_r1:eval:0:1,2,0,1,68,340,A,False,4569.917,4572.537,slow_confirmed,,0.0,0.036256011838697755,0.0625,20,2,5,43,0.7878787878787878,11.600421489771536,0.40740740740740733
groot_l10_500,r6p3v2_groot_l10_500_A_r1,r6p3v2_groot_l10_500_A_r1:eval:0:1,2,0,1,70,350,A,True,4406.074,4408.743,slow_ambiguous,,0.040000000000000036,0.036256011838697755,0.0625,20,2,5,43,0.72,11.918880236561984,0.5423728813559322
groot_l10_500,r6p3v2_groot_l10_500_A_r1,r6p3v2_groot_l10_500_A_r1:eval:0:1,2,0,1,72,360,A,True,4628.18,4630.714,slow_confirmed,,0.03703703703703709,0.01297169811320753,0.0625,20,2,5,43,0.7407407407407407,11.564249191245743,0.040000000000000036
groot_l10_500,r6p3v2_groot_l10_500_A_r1,r6p3v2_groot_l10_500_A_r1:eval:0:1,2,0,1,74,370,A,True,4354.721,4357.172,slow_ambiguous,,0.037735849056603765,0.02645074224021593,0.0625,20,2,5,43,0.7796610169491526,11.331179234312001,0.06060606060606066
groot_l10_500,r6p3v2_groot_l10_500_A_r1,r6p3v2_groot_l10_500_A_r1:eval:0:1,2,0,1,76,380,A,False,4570.724,4582.862,slow_ambiguous,,0.03389830508474567,0.03171390013495279,0.0625,20,2,5,43,0.7878787878787878,11.567577868054265,0.06060606060606066
groot_l10_500,r6p3v2_groot_l10_500_A_r1,r6p3v2_groot_l10_500_A_r1:eval:0:1,2,0,1,78,390,A,True,4634.665,4637.252,ok,,0.06349206349206349,0.037010159651669094,0.0625,20,2,5,43,0.7777777777777778,12.324723076089834,0.5654416505480335
groot_l10_500,r6p3v2_groot_l10_500_A_r1,r6p3v2_groot_l10_500_A_r1:eval:0:1,2,0,1,80,400,A,False,4471.308,4473.982,ok,,0.07407407407407407,0.037010159651669094,0.0625,20,2,5,43,0.7777777777777778,12.271829297331566,0.5423728813559322
groot_l10_500,r6p3v2_groot_l10_500_A_r1,r6p3v2_groot_l10_500_A_r1:eval:0:1,2,0,1,82,410,A,False,4413.311,4415.965,slow_ambiguous,,0.037735849056603765,0.036256011838697755,0.0625,20,2,5,43,0.7450980392156863,12.775882153867945,0.576271186440678
groot_l10_500,r6p3v2_groot_l10_500_A_r1,r6p3v2_groot_l10_500_A_r1:eval:0:1,2,0,1,84,420,A,True,4427.283,4429.894,slow_ambiguous,,0.037735849056603765,0.036256011838697755,0.0625,20,2,5,43,0.7450980392156863,11.964679114669634,0.33647206528562457
groot_l10_500,r6p3v2_groot_l10_500_A_r1,r6p3v2_groot_l10_500_A_r1:eval:0:1,2,0,1,86,430,A,True,4678.98,4681.757,slow_confirmed,,0.03389830508474567,0.01297169811320753,0.0625,20,2,5,43,0.7777777777777778,11.742412461794155,0.039215686274509776
groot_l10_500,r6p3v2_groot_l10_500_A_r1,r6p3v2_groot_l10_500_A_r1:eval:0:1,2,0,1,88,440,A,False,4414.061,4416.641,slow_ambiguous,,0.03703703703703698,0.02645074224021593,0.0625,20,2,5,43,0.7777777777777778,12.072924734473949,0.06349206349206349
groot_l10_500,r6p3v2_groot_l10_500_A_r1,r6p3v2_groot_l10_500_A_r1:eval:0:1,2,0,1,90,450,A,True,4574.86,4577.531,slow_ambiguous,,0.04255319148936165,0.037010159651669094,0.0625,20,2,5,43,0.7777777777777778,13.075081251996702,0.14814814814814814
groot_l10_500,r6p3v2_groot_l10_500_A_r1,r6p3v2_groot_l10_500_A_r1:eval:0:1,2,0,1,92,460,A,True,4444.196,4447.138,ok,,0.4905660377358491,0.020606060606060572,0.0625,20,2,5,43,0.28125,13.461761110025648,0.5423728813559322
groot_l10_500,r6p3v2_groot_l10_500_A_r1,r6p3v2_groot_l10_500_A_r1:eval:0:1,2,0,1,94,470,A,True,4468.032,4470.861,ok,,0.41666666666666663,0.020606060606060572,0.0625,20,2,5,43,0.27450980392156865,13.89261331329216,0.5385353373840742
groot_l10_500,r6p3v2_groot_l10_500_A_r1,r6p3v2_groot_l10_500_A_r1:eval:0:1,2,0,1,96,480,A,False,4462.404,4464.976,slow_ambiguous,,0.03703703703703709,0.03243958953988746,0.0625,20,2,5,43,0.7450980392156863,12.937445553691482,0.07547169811320753
groot_l10_500,r6p3v2_groot_l10_500_A_r1,r6p3v2_groot_l10_500_A_r1:eval:0:1,2,0,1,98,490,A,True,4383.946,4386.76,slow_ambiguous,,0.03389830508474567,0.03243958953988746,0.0625,20,2,5,43,0.7843137254901961,13.061994913101119,0.12307692307692308
groot_l10_500,r6p3v2_groot_l10_500_A_r1,r6p3v2_groot_l10_500_A_r1:eval:0:1,2,0,1,100,500,A,False,4536.935,4539.607,slow_ambiguous,,0.04255319148936165,0.036256011838697755,0.0625,20,2,5,43,0.7777777777777778,13.450532295139745,0.11994784876140818
groot_l10_500,r6p3v2_groot_l10_500_A_r1,r6p3v2_groot_l10_500_A_r1:eval:0:1,2,0,1,102,510,A,True,4393.265,4407.813,slow_ambiguous,,0.039215686274509776,0.033138401559454245,0.0625,20,2,5,43,0.3333333333333333,13.693111718827973,0.4313725490196079
groot_l10_500,r6p3v2_groot_l10_500_A_r1,r6p3v2_groot_l10_500_A_r1:eval:1:0,2,1,0,0,0,A,False,42.624,45.529,inactive,warming_up,,,,0,2,5,48,,,
groot_l10_500,r6p3v2_groot_l10_500_A_r1,r6p3v2_groot_l10_500_A_r1:eval:1:0,2,1,0,2,10,A,False,25.241,26.823,inactive,warming_up,,,,0,2,5,48,,,
groot_l10_500,r6p3v2_groot_l10_500_A_r1,r6p3v2_groot_l10_500_A_r1:eval:1:0,2,1,0,4,20,A,False,6486.578,6489.145,ok,,0.08888888888888889,0.00888888888888889,0.07547169811320753,20,2,5,48,0.0,8.768362349681388,0.04166666666666667
groot_l10_500,r6p3v2_groot_l10_500_A_r1,r6p3v2_groot_l10_500_A_r1:eval:1:0,2,1,0,6,30,A,False,4977.531,4980.39,ok,,0.08695652173913043,0.005555555555555564,0.07547169811320754,20,2,5,48,0.043478260869565216,8.005215437435288,0.007575757575757555
groot_l10_500,r6p3v2_groot_l10_500_A_r1,r6p3v2_groot_l10_500_A_r1:eval:1:0,2,1,0,8,40,A,False,4675.8,4678.721,ok,,0.08333333333333333,0.005555555555555564,0.07547169811320756,20,2,5,48,0.08333333333333333,7.861961939279361,0.01683501683501684
groot_l10_500,r6p3v2_groot_l10_500_A_r1,r6p3v2_groot_l10_500_A_r1:eval:1:0,2,1,0,10,50,A,False,4699.433,4702.4,ok,,0.08695652173913043,0.005555555555555564,0.07547169811320754,20,2,5,48,0.13043478260869565,7.737602223055224,0.007575757575757569
groot_l10_500,r6p3v2_groot_l10_500_A_r1,r6p3v2_groot_l10_500_A_r1:eval:1:0,2,1,0,12,60,A,False,4666.321,4669.124,ok,,0.08510638297872339,0.005555555555555564,0.07547169811320756,20,2,5,48,0.17391304347826086,7.7534007104688385,0.012882447665056362
groot_l10_500,r6p3v2_groot_l10_500_A_r1,r6p3v2_groot_l10_500_A_r1:eval:1:0,2,1,0,14,70,A,False,4875.388,4878.095,ok,,0.08000000000000002,0.005555555555555564,0.07547169811320753,20,2,5,48,0.20833333333333334,7.591514157478817,0.01288244766505639
groot_l10_500,r6p3v2_groot_l10_500_A_r1,r6p3v2_groot_l10_500_A_r1:eval:1:0,2,1,0,16,80,A,False,4811.832,4814.398,ok,,0.08333333333333331,0.006160954948016939,0.07547169811320759,20,2,5,48,0.2608695652173913,7.995029688135795,0.012882447665056362
groot_l10_500,r6p3v2_groot_l10_500_A_r1,r6p3v2_groot_l10_500_A_r1:eval:1:0,2,1,0,18,90,A,True,4649.757,4652.563,ok,,0.08695652173913043,0.003952569169960507,0.07547169811320759,20,2,5,48,0.3111111111111111,8.558371806623095,0.014814814814814836
groot_l10_500,r6p3v2_groot_l10_500_A_r1,r6p3v2_groot_l10_500_A_r1:eval:1:0,2,1,0,20,100,A,False,4926.928,4929.663,ok,,0.08333333333333331,0.006066734074823055,0.07547169811320759,20,2,5,48,0.35555555555555557,8.586144609556131,0.01481481481481478
groot_l10_500,r6p3v2_groot_l10_500_A_r1,r6p3v2_groot_l10_500_A_r1:eval:1:0,2,1,0,22,110,A,True,4676.375,4679.048,ok,,0.08333333333333331,0.007256235827664381,0.07547169811320753,20,2,5,48,0.4,7.944305983099351,0.01481481481481478
groot_l10_500,r6p3v2_groot_l10_500_A_r1,r6p3v2_groot_l10_500_A_r1:eval:1:0,2,1,0,24,120,A,False,4896.52,4899.368,ok,,0.08333333333333331,0.04166666666666663,0.07547169811320753,20,2,5,48,0.4444444444444444,7.807686718023767,0.048888888888888926
groot_l10_500,r6p3v2_groot_l10_500_A_r1,r6p3v2_groot_l10_500_A_r1:eval:1:0,2,1,0,26,130,A,False,4730.006,4742.141,ok,,0.08333333333333331,0.007256235827664381,0.07547169811320753,20,2,5,48,0.4583333333333333,7.699060772162832,0.011484823625922846
groot_l10_500,r6p3v2_groot_l10_500_A_r1,r6p3v2_groot_l10_500_A_r1:eval:1:0,2,1,0,28,140,A,False,4803.169,4806.203,ok,,0.08000000000000007,0.005555555555555536,0.07547169811320759,20,2,5,48,0.49056603773584906,7.962489259578124,0.00786163522012584
groot_l10_500,r6p3v2_groot_l10_500_A_r1,r6p3v2_groot_l10_500_A_r1:eval:1:0,2,1,0,30,150,A,False,4700.481,4703.344,ok,,0.08333333333333326,0.04044489383215366,0.07547169811320753,20,2,5,48,0.5333333333333333,7.934510698980996,0.013417190775681376
groot_l10_500,r6p3v2_groot_l10_500_A_r1,r6p3v2_groot_l10_500_A_r1:eval:1:0,2,1,0,32,160,A,False,4757.524,4760.149,ok,,0.08333333333333337,0.027135368485969792,0.07547169811320753,20,2,5,48,0.6,7.8839136115055455,0.013417190775681376
groot_l10_500,r6p3v2_groot_l10_500_A_r1,r6p3v2_groot_l10_500_A_r1:eval:1:0,2,1,0,34,170,A,True,4698.6,4701.44,ok,,0.0888888888888889,0.04444444444444445,0.07547169811320753,20,2,5,48,0.64,7.597677372139568,0.10867924528301898
groot_l10_500,r6p3v2_groot_l10_500_A_r1,r6p3v2_groot_l10_500_A_r1:eval:1:0,2,1,0,36,180,A,False,4730.803,4733.661,ok,,0.08695652173913049,0.044403330249768835,0.07547169811320753,20,2,5,48,0.7111111111111111,7.262083723760239,0.038367346938775526
groot_l10_500,r6p3v2_groot_l10_500_A_r1,r6p3v2_groot_l10_500_A_r1:eval:1:0,2,1,0,38,190,A,False,4935.582,4938.685,ok,,0.08333333333333337,0.007575757575757569,0.07547169811320753,20,2,5,48,0.7555555555555555,7.312807364231351,0.007256235827664437
groot_l10_500,r6p3v2_groot_l10_500_A_r1,r6p3v2_groot_l10_500_A_r1:eval:1:0,2,1,0,40,200,A,True,4815.476,4818.273,ok,,0.08510638297872342,0.007575757575757569,0.07547169811320753,20,2,5,48,0.7916666666666666,7.75740398388585,0.00927643784786647
groot_l10_500,r6p3v2_groot_l10_500_A_r1,r6p3v2_groot_l10_500_A_r1:eval:1:0,2,1,0,42,210,A,False,4805.903,4808.536,ok,,0.08510638297872342,0.005555555555555536,0.07547169811320753,20,2,5,48,0.8333333333333334,8.153720102420912,0.009276437847866359
groot_l10_500,r6p3v2_groot_l10_500_A_r1,r6p3v2_groot_l10_500_A_r1:eval:1:0,2,1,0,44,220,A,True,4782.591,4794.489,ok,,0.09090909090909094,0.03815439219165928,0.07547169811320753,20,2,5,48,0.8636363636363636,7.863809969247774,0.08666666666666656
groot_l10_500,r6p3v2_groot_l10_500_A_r1,r6p3v2_groot_l10_500_A_r1:eval:1:0,2,1,0,46,230,A,False,4828.649,4840.179,slow_ambiguous,,0.04166666666666674,0.044403330249768835,0.07547169811320753,20,2,5,48,0.9166666666666666,7.803484552012516,0.026666666666666616
groot_l10_500,r6p3v2_groot_l10_500_A_r1,r6p3v2_groot_l10_500_A_r1:eval:1:1,2,1,1,0,0,A,False,45.595,48.667,inactive,warming_up,,,,0,2,5,48,,,
groot_l10_500,r6p3v2_groot_l10_500_A_r1,r6p3v2_groot_l10_500_A_r1:eval:1:1,2,1,1,2,10,A,False,30.998,32.766,inactive,warming_up,,,,0,2,5,48,,,
groot_l10_500,r6p3v2_groot_l10_500_A_r1,r6p3v2_groot_l10_500_A_r1:eval:1:1,2,1,1,4,20,A,True,5001.327,5004.151,ok,,0.08,0.005323868677905949,0.07547169811320759,20,2,5,48,0.0,9.375400691157772,0.013417190775681348
groot_l10_500,r6p3v2_groot_l10_500_A_r1,r6p3v2_groot_l10_500_A_r1:eval:1:1,2,1,1,6,30,A,False,4850.532,4853.313,ok,,0.08163265306122448,0.005802707930367509,0.07547169811320759,20,2,5,48,0.041666666666666664,8.1988366695808,0.01341719077568132
groot_l10_500,r6p3v2_groot_l10_500_A_r1,r6p3v2_groot_l10_500_A_r1:eval:1:1,2,1,1,8,40,A,False,4657.294,4660.081,ok,,0.08,0.005555555555555564,0.07547169811320756,20,2,5,48,0.08,8.10835384055547,0.014814814814814822
groot_l10_500,r6p3v2_groot_l10_500_A_r1,r6p3v2_groot_l10_500_A_r1:eval:1:1,2,1,1,10,50,A,False,4778.701,4781.523,ok,,0.08000000000000002,0.005323868677905949,0.07547169811320759,20,2,5,48,0.12,8.805779786596274,0.014814814814814808
groot_l10_500,r6p3v2_groot_l10_500_A_r1,r6p3v2_groot_l10_500_A_r1:eval:1:1,2,1,1,12,60,A,False,4789.283,4791.905,ok,,0.08000000000000002,0.004134366925064595,0.07547169811320759,20,2,5,48,0.1509433962264151,8.566683223371527,0.04592592592592595
groot_l10_500,r6p3v2_groot_l10_500_A_r1,r6p3v2_groot_l10_500_A_r1:eval:1:1,2,1,1,14,70,A,True,4730.05,4732.664,slow_ambiguous,,0.07547169811320753,0.005323868677905935,0.07547169811320759,20,2,5,48,0.18181818181818182,8.699742276158364,0.016835016835016814
groot_l10_500,r6p3v2_groot_l10_500_A_r1,r6p3v2_groot_l10_500_A_r1:eval:1:1,2,1,1,16,80,A,False,4631.513,4634.276,slow_ambiguous,,0.07547169811320753,0.006160954948016939,0.07547169811320759,20,2,5,48,0.2222222222222222,8.06974315198498,0.014814814814814836
groot_l10_500,r6p3v2_groot_l10_500_A_r1,r6p3v2_groot_l10_500_A_r1:eval:1:1,2,1,1,18,90,A,True,4750.834,4753.855,ok,,0.08333333333333331,0.004134366925064595,0.07547169811320759,20,2,5,48,0.26666666666666666,8.439421781304418,0.014814814814814836
groot_l10_500,r6p3v2_groot_l10_500_A_r1,r6p3v2_groot_l10_500_A_r1:eval:1:1,2,1,1,20,100,A,False,4768.969,4771.719,ok,,0.08510638297872342,0.003952569169960507,0.07547169811320759,20,2,5,48,0.30434782608695654,8.748129209110807,0.014814814814814836
groot_l10_500,r6p3v2_groot_l10_500_A_r1,r6p3v2_groot_l10_500_A_r1:eval:1:1,2,1,1,22,110,A,False,4754.318,4756.919,ok,,0.08333333333333337,0.005555555555555591,0.07547169811320759,20,2,5,48,0.34782608695652173,8.79336224697123,0.01481481481481478
groot_l10_500,r6p3v2_groot_l10_500_A_r1,r6p3v2_groot_l10_500_A_r1:eval:1:1,2,1,1,24,120,A,True,4683.308,4686.034,ok,,0.08695652173913043,0.005555555555555647,0.07547169811320759,20,2,5,48,0.4,8.205443667935405,0.01481481481481478
groot_l10_500,r6p3v2_groot_l10_500_A_r1,r6p3v2_groot_l10_500_A_r1:eval:1:1,2,1,1,26,130,A,False,4725.307,4728.01,ok,,0.08695652173913043,0.007256235827664437,0.07547169811320759,20,2,5,48,0.43478260869565216,8.145765435355354,0.016835016835016814
groot_l10_500,r6p3v2_groot_l10_500_A_r1,r6p3v2_groot_l10_500_A_r1:eval:1:1,2,1,1,28,140,A,False,4759.555,4762.24,ok,,0.08695652173913038,0.022849462365591322,0.07547169811320764,20,2,5,48,0.4583333333333333,8.15680971082609,0.05944055944055948
groot_l10_500,r6p3v2_groot_l10_500_A_r1,r6p3v2_groot_l10_500_A_r1:eval:1:1,2,1,1,30,150,A,True,4702.204,4705.069,ok,,0.08333333333333337,0.03996598639455784,0.07547169811320764,20,2,5,48,0.5,8.277771254689,0.05641025641025649
groot_l10_500,r6p3v2_groot_l10_500_A_r1,r6p3v2_groot_l10_500_A_r1:eval:1:1,2,1,1,32,160,A,False,4915.538,4918.28,ok,,0.08333333333333326,0.007256235827664381,0.07547169811320753,20,2,5,48,0.5777777777777777,8.13067678053282,0.01481481481481478
groot_l10_500,r6p3v2_groot_l10_500_A_r1,r6p3v2_groot_l10_500_A_r1:eval:1:1,2,1,1,34,170,A,False,4717.706,4724.745,ok,,0.08695652173913038,0.04166666666666663,0.07547169811320753,20,2,5,48,0.6086956521739131,8.196934376589438,0.03991291727140789
groot_l10_500,r6p3v2_groot_l10_500_A_r1,r6p3v2_groot_l10_500_A_r1:eval:1:1,2,1,1,36,180,A,True,4743.812,4746.517,ok,,0.08333333333333337,0.042377260981912135,0.07547169811320753,20,2,5,48,0.6666666666666666,8.4686350579299,0.04541062801932372
groot_l10_500,r6p3v2_groot_l10_500_A_r1,r6p3v2_groot_l10_500_A_r1:eval:1:1,2,1,1,38,190,A,False,4676.435,4679.151,ok,,0.08163265306122447,0.03965183752417789,0.07547169811320753,20,2,5,48,0.723404255319149,8.386369847857068,0.04251207729468598
groot_l10_500,r6p3v2_groot_l10_500_A_r1,r6p3v2_groot_l10_500_A_r1:eval:1:1,2,1,1,40,200,A,False,4953.633,4956.173,ok,,0.08510638297872342,0.033488372093023244,0.07547169811320764,20,2,5,48,0.7555555555555555,8.588172690879196,0.1470125786163522
groot_l10_500,r6p3v2_groot_l10_500_A_r1,r6p3v2_groot_l10_500_A_r1:eval:1:1,2,1,1,42,210,A,False,4657.631,4660.48,ok,,0.08333333333333337,0.007256235827664326,0.07547169811320753,20,2,5,48,0.8,8.991613173085648,0.047222222222222165
groot_l10_500,r6p3v2_groot_l10_500_A_r1,r6p3v2_groot_l10_500_A_r1:eval:1:1,2,1,1,44,220,A,False,4779.943,4782.734,ok,,0.08333333333333337,0.005555555555555536,0.07547169811320753,20,2,5,48,0.8333333333333334,8.869535643850163,0.005555555555555647
groot_l10_500,r6p3v2_groot_l10_500_A_r1,r6p3v2_groot_l10_500_A_r1:eval:1:1,2,1,1,46,230,A,False,4695.673,4698.475,ok,,0.1063829787234043,0.03446712018140596,0.07547169811320764,20,2,5,48,0.875,8.502191374636647,0.08333333333333326
groot_l10_500,r6p3v2_groot_l10_500_A_r1,r6p3v2_groot_l10_500_A_r1:eval:2:0,2,2,0,0,0,A,False,43.583,46.445,inactive,warming_up,,,,0,2,5,42,,,
groot_l10_500,r6p3v2_groot_l10_500_A_r1,r6p3v2_groot_l10_500_A_r1:eval:2:0,2,2,0,2,10,A,False,62.431,64.026,inactive,warming_up,,,,0,2,5,42,,,
groot_l10_500,r6p3v2_groot_l10_500_A_r1,r6p3v2_groot_l10_500_A_r1:eval:2:0,2,2,0,4,20,A,False,5836.624,5839.227,ok,,0.08695652173913043,0.012535612535612528,0.07272727272727272,20,2,5,42,0.041666666666666664,8.81048389934793,0.03431372549019607
groot_l10_500,r6p3v2_groot_l10_500_A_r1,r6p3v2_groot_l10_500_A_r1:eval:2:0,2,2,0,6,30,A,True,4219.222,4221.908,ok,,0.0784313725490196,0.006956521739130445,0.07272727272727272,20,2,5,42,0.08695652173913043,7.1372893275515095,0.014229249011857695
groot_l10_500,r6p3v2_groot_l10_500_A_r1,r6p3v2_groot_l10_500_A_r1:eval:2:0,2,2,0,8,40,A,False,4286.056,4288.98,ok,,0.0784313725490196,0.006956521739130445,0.07272727272727272,20,2,5,42,0.08163265306122448,7.199373783763273,0.014229249011857709
groot_l10_500,r6p3v2_groot_l10_500_A_r1,r6p3v2_groot_l10_500_A_r1:eval:2:0,2,2,0,10,50,A,True,4155.179,4157.805,ok,,0.08000000000000002,0.012535612535612528,0.07272727272727272,20,2,5,42,0.17391304347826086,7.516872531666038,0.07821612349914239
groot_l10_500,r6p3v2_groot_l10_500_A_r1,r6p3v2_groot_l10_500_A_r1:eval:2:0,2,2,0,12,60,A,False,4182.196,4184.819,ok,,0.07999999999999999,0.035121025154247754,0.07272727272727272,20,2,5,42,0.19230769230769232,7.091080930578066,0.04664484451718495
groot_l10_500,r6p3v2_groot_l10_500_A_r1,r6p3v2_groot_l10_500_A_r1:eval:2:0,2,2,0,14,70,A,False,4286.044,4288.703,ok,,0.08510638297872339,0.007256235827664437,0.07272727272727272,20,2,5,42,0.23076923076923078,6.879700706129949,0.07692307692307689
groot_l10_500,r6p3v2_groot_l10_500_A_r1,r6p3v2_groot_l10_500_A_r1:eval:2:0,2,2,0,16,80,A,False,4183.91,4192.611,ok,,0.08333333333333331,0.03436988543371522,0.07272727272727272,20,2,5,42,0.2608695652173913,7.496852915339364,0.010033444816053505
groot_l10_500,r6p3v2_groot_l10_500_A_r1,r6p3v2_groot_l10_500_A_r1:eval:2:0,2,2,0,18,90,A,True,4185.207,4188.04,ok,,0.08333333333333331,0.0385947550717467,0.07272727272727275,20,2,5,42,0.2978723404255319,7.774519937932015,0.010033444816053505
groot_l10_500,r6p3v2_groot_l10_500_A_r1,r6p3v2_groot_l10_500_A_r1:eval:2:0,2,2,0,20,100,A,False,4163.124,4165.861,ok,,0.08333333333333337,0.0385947550717467,0.07272727272727275,20,2,5,42,0.34615384615384615,7.559508841232912,0.013986013986013957
groot_l10_500,r6p3v2_groot_l10_500_A_r1,r6p3v2_groot_l10_500_A_r1:eval:2:0,2,2,0,22,110,A,False,4303.824,4321.977,ok,,0.08510638297872336,0.0385947550717467,0.0727272727272727,20,2,5,42,0.375,7.436607198923755,0.0036231884057971175
groot_l10_500,r6p3v2_groot_l10_500_A_r1,r6p3v2_groot_l10_500_A_r1:eval:2:0,2,2,0,24,120,A,False,4192.046,4194.842,ok,,0.08510638297872342,0.034545454545454546,0.0727272727272727,20,2,5,42,0.43478260869565216,8.129471723709015,0.04656862745098034
groot_l10_500,r6p3v2_groot_l10_500_A_r1,r6p3v2_groot_l10_500_A_r1:eval:2:0,2,2,0,26,130,A,True,4243.784,4246.425,ok,,0.08333333333333331,0.008281573498964856,0.0727272727272727,20,2,5,42,0.4782608695652174,8.653945258991536,0.025418060200668835
groot_l10_500,r6p3v2_groot_l10_500_A_r1,r6p3v2_groot_l10_500_A_r1:eval:2:0,2,2,0,28,140,A,False,4290.976,4293.715,ok,,0.08333333333333337,0.01459188326493377,0.0727272727272727,20,2,5,42,0.5,9.205188376985971,0.03695324283559587
groot_l10_500,r6p3v2_groot_l10_500_A_r1,r6p3v2_groot_l10_500_A_r1:eval:2:0,2,2,0,30,150,A,False,4307.035,4309.749,ok,,0.11764705882352944,0.02046035805626606,0.0727272727272727,20,2,5,42,0.5652173913043478,9.550936402185558,0.050434782608695716
groot_l10_500,r6p3v2_groot_l10_500_A_r1,r6p3v2_groot_l10_500_A_r1:eval:2:0,2,2,0,32,160,A,False,4327.753,4330.338,ok,,0.08000000000000007,0.008525149190110937,0.0727272727272727,20,2,5,42,0.6274509803921569,8.9841796270816,0.010033444816053505
groot_l10_500,r6p3v2_groot_l10_500_A_r1,r6p3v2_groot_l10_500_A_r1:eval:2:0,2,2,0,34,170,A,False,4175.54,4178.332,slow_ambiguous,,0.04347826086956519,0.03610675039246458,0.07272727272727264,20,2,5,42,0.7058823529411765,8.221138519945294,0.04589069670421353
groot_l10_500,r6p3v2_groot_l10_500_A_r1,r6p3v2_groot_l10_500_A_r1:eval:2:0,2,2,0,36,180,A,False,4321.357,4324.007,ok,,0.11764705882352933,0.03610675039246469,0.07272727272727275,20,2,5,42,0.7058823529411765,8.273418063862065,0.08156862745098037
groot_l10_500,r6p3v2_groot_l10_500_A_r1,r6p3v2_groot_l10_500_A_r1:eval:2:0,2,2,0,38,190,A,False,4421.385,4437.834,ok,,0.11764705882352944,0.034545454545454546,0.07272727272727264,20,2,5,42,0.7450980392156863,8.55034818546053,0.04656862745098045
groot_l10_500,r6p3v2_groot_l10_500_A_r1,r6p3v2_groot_l10_500_A_r1:eval:2:0,2,2,0,40,200,A,False,4206.874,4209.515,ok,,0.07843137254901966,0.034545454545454546,0.07272727272727275,20,2,5,42,0.8235294117647058,8.831430540438541,0.043333333333333224
groot_l10_500,r6p3v2_groot_l10_500_A_r1,r6p3v2_groot_l10_500_A_r1:eval:2:0,2,2,0,42,210,A,False,4304.24,4306.916,ok,,0.07843137254901966,0.03296703296703296,0.07272727272727264,20,2,5,42,0.84,8.822774024927318,0.039079461571862706
groot_l10_500,r6p3v2_groot_l10_500_A_r1,r6p3v2_groot_l10_500_A_r1:eval:2:0,2,2,0,44,220,A,False,4168.605,4171.456,ok,,0.07999999999999996,0.03380503144654079,0.07272727272727275,20,2,5,42,0.8846153846153846,8.55472517797446,0.04552590266875978
groot_l10_500,r6p3v2_groot_l10_500_A_r1,r6p3v2_groot_l10_500_A_r1:eval:2:0,2,2,0,46,230,A,False,4180.33,4182.947,ok,,0.07999999999999996,0.04251700680272119,0.07272727272727275,20,2,5,42,0.92,8.432959611544943,0.043217286914765896
groot_l10_500,r6p3v2_groot_l10_500_A_r1,r6p3v2_groot_l10_500_A_r1:eval:2:1,2,2,1,0,0,A,False,39.314,42.115,inactive,warming_up,,,,0,2,5,42,,,
groot_l10_500,r6p3v2_groot_l10_500_A_r1,r6p3v2_groot_l10_500_A_r1:eval:2:1,2,2,1,2,10,A,True,30.318,31.844,inactive,warming_up,,,,0,2,5,42,,,
groot_l10_500,r6p3v2_groot_l10_500_A_r1,r6p3v2_groot_l10_500_A_r1:eval:2:1,2,2,1,4,20,A,False,4401.117,4403.442,slow_confirmed,,0.04081632653061224,0.014939309056956118,0.07272727272727272,20,2,5,42,0.0,7.6065122981991005,0.05244755244755245
groot_l10_500,r6p3v2_groot_l10_500_A_r1,r6p3v2_groot_l10_500_A_r1:eval:2:1,2,2,1,6,30,A,False,4413.136,4416.115,ok,,0.08333333333333333,0.007575757575757583,0.07272727272727272,20,2,5,42,0.0,6.42009821887238,0.012477718360071291
groot_l10_500,r6p3v2_groot_l10_500_A_r1,r6p3v2_groot_l10_500_A_r1:eval:2:1,2,2,1,8,40,A,False,4371.783,4374.515,ok,,0.0851063829787234,0.008525149190110826,0.07272727272727272,20,2,5,42,0.04,7.021310266866418,0.11387631975867271
groot_l10_500,r6p3v2_groot_l10_500_A_r1,r6p3v2_groot_l10_500_A_r1:eval:2:1,2,2,1,10,50,A,True,4219.234,4222.193,ok,,0.08,0.007256235827664381,0.07272727272727272,20,2,5,42,0.12244897959183673,7.171180965899565,0.010033444816053505
groot_l10_500,r6p3v2_groot_l10_500_A_r1,r6p3v2_groot_l10_500_A_r1:eval:2:1,2,2,1,12,60,A,False,4258.887,4261.651,ok,,0.0816326530612245,0.0392156862745098,0.0727272727272727,20,2,5,42,0.16326530612244897,7.5964790607261,0.04072398190045251
groot_l10_500,r6p3v2_groot_l10_500_A_r1,r6p3v2_groot_l10_500_A_r1:eval:2:1,2,2,1,14,70,A,True,4314.934,4317.585,slow_ambiguous,,0.043478260869565216,0.035121025154247754,0.07272727272727272,20,2,5,42,0.16666666666666666,7.171999571318018,0.04487179487179491
groot_l10_500,r6p3v2_groot_l10_500_A_r1,r6p3v2_groot_l10_500_A_r1:eval:2:1,2,2,1,16,80,A,True,4279.387,4282.036,slow_confirmed,,0.03999999999999998,0.007256235827664437,0.07272727272727272,20,2,5,42,0.23076923076923078,6.941443272855167,0.07692307692307689
groot_l10_500,r6p3v2_groot_l10_500_A_r1,r6p3v2_groot_l10_500_A_r1:eval:2:1,2,2,1,18,90,A,False,4237.446,4240.474,ok,,0.08695652173913043,0.034655371582595296,0.07272727272727272,20,2,5,42,0.25,7.268048815069366,0.046568627450980365
groot_l10_500,r6p3v2_groot_l10_500_A_r1,r6p3v2_groot_l10_500_A_r1:eval:2:1,2,2,1,20,100,A,False,4189.64,4192.34,ok,,0.08695652173913043,0.03815439219165928,0.07272727272727272,20,2,5,42,0.2857142857142857,7.008198437365151,0.04656862745098039
groot_l10_500,r6p3v2_groot_l10_500_A_r1,r6p3v2_groot_l10_500_A_r1:eval:2:1,2,2,1,22,110,A,False,4381.711,4384.398,ok,,0.0784313725490196,0.022028985507246322,0.07272727272727272,20,2,5,42,0.34782608695652173,7.131614675860997,0.0492424242424242
groot_l10_500,r6p3v2_groot_l10_500_A_r1,r6p3v2_groot_l10_500_A_r1:eval:2:1,2,2,1,24,120,A,False,4261.113,4263.888,ok,,0.08333333333333331,0.021614319486659872,0.0727272727272727,20,2,5,42,0.4090909090909091,8.27350947805675,0.04072398190045247
groot_l10_500,r6p3v2_groot_l10_500_A_r1,r6p3v2_groot_l10_500_A_r1:eval:2:1,2,2,1,26,130,A,True,4341.257,4343.999,ok,,0.08510638297872342,0.021614319486659872,0.0727272727272727,20,2,5,42,0.46808510638297873,8.500090968828063,0.039215686274509734
groot_l10_500,r6p3v2_groot_l10_500_A_r1,r6p3v2_groot_l10_500_A_r1:eval:2:1,2,2,1,28,140,A,False,4165.673,4168.382,ok,,0.08510638297872342,0.008525149190110826,0.0727272727272727,20,2,5,42,0.47058823529411764,8.96964793498738,0.016100178890876615
groot_l10_500,r6p3v2_groot_l10_500_A_r1,r6p3v2_groot_l10_500_A_r1:eval:2:1,2,2,1,30,150,A,False,4232.735,4235.312,ok,,0.07843137254901966,0.011390602752728962,0.0727272727272727,20,2,5,42,0.5098039215686274,8.635046359852486,0.01103230890464929
groot_l10_500,r6p3v2_groot_l10_500_A_r1,r6p3v2_groot_l10_500_A_r1:eval:2:1,2,2,1,32,160,A,False,4300.103,4302.909,ok,,0.07843137254901955,0.011390602752728962,0.0727272727272727,20,2,5,42,0.5490196078431373,8.520274789122022,0.011032308904649346
groot_l10_500,r6p3v2_groot_l10_500_A_r1,r6p3v2_groot_l10_500_A_r1:eval:2:1,2,2,1,34,170,A,True,4390.685,4393.404,ok,,0.08333333333333326,0.014939309056956118,0.07272727272727264,20,2,5,42,0.5957446808510638,8.125097894885544,0.05073649754500831
groot_l10_500,r6p3v2_groot_l10_500_A_r1,r6p3v2_groot_l10_500_A_r1:eval:2:1,2,2,1,36,180,A,False,4381.813,4384.538,ok,,0.11764705882352944,0.014939309056956118,0.07272727272727264,20,2,5,42,0.64,8.08711291824463,0.05641025641025654
groot_l10_500,r6p3v2_groot_l10_500_A_r1,r6p3v2_groot_l10_500_A_r1:eval:2:1,2,2,1,38,190,A,False,4144.339,4147.036,ok,,0.12,0.03610675039246469,0.07272727272727275,20,2,5,42,0.68,8.033538514182323,0.07437641723356014
groot_l10_500,r6p3v2_groot_l10_500_A_r1,r6p3v2_groot_l10_500_A_r1:eval:2:1,2,2,1,40,200,A,False,4182.451,4184.955,ok,,0.08163265306122447,0.03996598639455784,0.07272727272727264,20,2,5,42,0.76,8.19642893897471,0.04646464646464654
groot_l10_500,r6p3v2_groot_l10_500_A_r1,r6p3v2_groot_l10_500_A_r1:eval:2:1,2,2,1,42,210,A,False,4301.114,4303.849,ok,,0.07999999999999996,0.017802865827181935,0.07272727272727275,20,2,5,42,0.8,9.029805682271505,0.048072562358276616
groot_l10_500,r6p3v2_groot_l10_500_A_r1,r6p3v2_groot_l10_500_A_r1:eval:2:1,2,2,1,44,220,A,False,4202.438,4205.137,ok,,0.08695652173913049,0.022108843537415046,0.07272727272727275,20,2,5,42,0.84,9.87804281048037,0.04499999999999993
groot_l10_500,r6p3v2_groot_l10_500_A_r1,r6p3v2_groot_l10_500_A_r1:eval:2:1,2,2,1,46,230,A,False,4245.691,4248.34,ok,,0.08333333333333337,0.03587818105965779,0.07272727272727275,20,2,5,42,0.8695652173913043,10.500369061366682,0.0699300699300699
groot_l10_500,r6p3v2_groot_l10_500_A_r1,r6p3v2_groot_l10_500_A_r1:eval:2:1,2,2,1,48,240,A,False,4251.183,4253.785,slow_ambiguous,,0.045454545454545414,0.03152088258471242,0.07272727272727264,20,2,5,42,0.9387755102040817,10.765263642405877,0.03525641025641024
groot_l10_500,r6p3v2_groot_l10_500_A_r1,r6p3v2_groot_l10_500_A_r1:eval:3:0,2,3,0,0,0,A,False,48.379,51.308,inactive,warming_up,,,,0,2,5,48,,,
groot_l10_500,r6p3v2_groot_l10_500_A_r1,r6p3v2_groot_l10_500_A_r1:eval:3:0,2,3,0,2,10,A,False,30.03,31.727,inactive,warming_up,,,,0,2,5,48,,,
groot_l10_500,r6p3v2_groot_l10_500_A_r1,r6p3v2_groot_l10_500_A_r1:eval:3:0,2,3,0,4,20,A,False,6283.754,6286.207,ok,,0.08695652173913043,0.008672086720867223,0.08163265306122448,20,2,5,48,0.0,9.448579640185372,0.03419972640218878
groot_l10_500,r6p3v2_groot_l10_500_A_r1,r6p3v2_groot_l10_500_A_r1:eval:3:0,2,3,0,6,30,A,False,4838.01,4840.865,ok,,0.0909090909090909,0.006066734074823055,0.0816326530612245,20,2,5,48,0.043478260869565216,8.055100772062941,0.0463768115942029
groot_l10_500,r6p3v2_groot_l10_500_A_r1,r6p3v2_groot_l10_500_A_r1:eval:3:0,2,3,0,8,40,A,False,4765.999,4768.624,ok,,0.09090909090909091,0.004537719795802614,0.0816326530612245,20,2,5,48,0.09090909090909091,8.162995586822312,0.03419972640218878
groot_l10_500,r6p3v2_groot_l10_500_A_r1,r6p3v2_groot_l10_500_A_r1:eval:3:0,2,3,0,10,50,A,True,4550.24,4552.708,ok,,0.08888888888888888,0.004537719795802614,0.08163265306122448,20,2,5,48,0.13333333333333333,8.344462134558055,0.01459188326493388
groot_l10_500,r6p3v2_groot_l10_500_A_r1,r6p3v2_groot_l10_500_A_r1:eval:3:0,2,3,0,12,60,A,False,4619.173,4621.79,ok,,0.09090909090909088,0.006976744186046491,0.08163265306122452,20,2,5,48,0.17777777777777778,8.771008627136398,0.006066734074823055
groot_l10_500,r6p3v2_groot_l10_500_A_r1,r6p3v2_groot_l10_500_A_r1:eval:3:0,2,3,0,14,70,A,False,4591.597,4594.23,ok,,0.09090909090909091,0.006506180871828221,0.08163265306122452,20,2,5,48,0.22727272727272727,8.295089834014219,0.010604453870625669
groot_l10_500,r6p3v2_groot_l10_500_A_r1,r6p3v2_groot_l10_500_A_r1:eval:3:0,2,3,0,16,80,A,False,4672.338,4674.86,ok,,0.09523809523809523,0.006349206349206382,0.08163265306122447,20,2,5,48,0.2727272727272727,8.723112496298242,0.05745257452574526
groot_l10_500,r6p3v2_groot_l10_500_A_r1,r6p3v2_groot_l10_500_A_r1:eval:3:0,2,3,0,18,90,A,False,4573.633,4576.252,ok,,0.09302325581395349,0.006651884700665245,0.08163265306122452,20,2,5,48,0.32558139534883723,8.539839141371322,0.008672086720867167
groot_l10_500,r6p3v2_groot_l10_500_A_r1,r6p3v2_groot_l10_500_A_r1:eval:3:0,2,3,0,20,100,A,True,4629.582,4632.238,ok,,0.09090909090909088,0.017991004497751095,0.08163265306122447,20,2,5,48,0.37209302325581395,8.343775466549173,0.04857881136950909
groot_l10_500,r6p3v2_groot_l10_500_A_r1,r6p3v2_groot_l10_500_A_r1:eval:3:0,2,3,0,22,110,A,False,4716.717,4719.312,ok,,0.08888888888888885,0.006976744186046463,0.08163265306122452,20,2,5,48,0.4,8.340285711310388,0.007916872835230071
groot_l10_500,r6p3v2_groot_l10_500_A_r1,r6p3v2_groot_l10_500_A_r1:eval:3:0,2,3,0,24,120,A,False,4748.506,4755.801,ok,,0.08510638297872336,0.006976744186046463,0.08163265306122452,20,2,5,48,0.425531914893617,8.381785458229848,0.019129603060736466
groot_l10_500,r6p3v2_groot_l10_500_A_r1,r6p3v2_groot_l10_500_A_r1:eval:3:0,2,3,0,26,130,A,True,4748.963,4751.568,ok,,0.09090909090909088,0.006651884700665189,0.08163265306122452,20,2,5,48,0.46808510638297873,8.33453124855268,0.012454592631032657
groot_l10_500,r6p3v2_groot_l10_500_A_r1,r6p3v2_groot_l10_500_A_r1:eval:3:0,2,3,0,28,140,A,False,4579.456,4582.169,ok,,0.09302325581395354,0.04237726098191219,0.08163265306122447,20,2,5,48,0.5581395348837209,8.48468395646458,0.03254067584480602
groot_l10_500,r6p3v2_groot_l10_500_A_r1,r6p3v2_groot_l10_500_A_r1:eval:3:0,2,3,0,30,150,A,False,4607.46,4610.122,ok,,0.09523809523809523,0.026873385012919908,0.08163265306122447,20,2,5,48,0.6046511627906976,8.21928911393425,0.024623803009575895
groot_l10_500,r6p3v2_groot_l10_500_A_r1,r6p3v2_groot_l10_500_A_r1:eval:3:0,2,3,0,32,160,A,False,4574.502,4576.94,ok,,0.09302325581395343,0.04044489383215377,0.08163265306122447,20,2,5,48,0.6829268292682927,8.197104666503561,0.04994192799070851
groot_l10_500,r6p3v2_groot_l10_500_A_r1,r6p3v2_groot_l10_500_A_r1:eval:3:0,2,3,0,34,170,A,False,4689.098,4691.606,ok,,0.09302325581395343,0.033986928104575265,0.08163265306122458,20,2,5,48,0.7142857142857143,8.835769531050062,0.006349206349206327
groot_l10_500,r6p3v2_groot_l10_500_A_r1,r6p3v2_groot_l10_500_A_r1:eval:3:0,2,3,0,36,180,A,False,4579.032,4581.623,ok,,0.09090909090909094,0.004537719795802531,0.08163265306122447,20,2,5,48,0.7555555555555555,9.486399589487029,0.011904761904761862
groot_l10_500,r6p3v2_groot_l10_500_A_r1,r6p3v2_groot_l10_500_A_r1:eval:3:0,2,3,0,38,190,A,False,4508.512,4511.061,ok,,0.09090909090909094,0.009090909090909038,0.08163265306122458,20,2,5,48,0.8095238095238095,9.276257942371808,0.006349206349206438
groot_l10_500,r6p3v2_groot_l10_500_A_r1,r6p3v2_groot_l10_500_A_r1:eval:3:0,2,3,0,40,200,A,False,4777.863,4780.408,ok,,0.09090909090909094,0.020289855072463836,0.08163265306122452,20,2,5,48,0.8571428571428571,8.171229312332752,0.010131712259371817
groot_l10_500,r6p3v2_groot_l10_500_A_r1,r6p3v2_groot_l10_500_A_r1:eval:3:0,2,3,0,42,210,A,False,4472.182,4474.602,ok,,0.09523809523809523,0.025396825396825307,0.08163265306122447,20,2,5,48,0.9047619047619048,7.224343305473686,0.01749408983451539
groot_l10_500,r6p3v2_groot_l10_500_A_r1,r6p3v2_groot_l10_500_A_r1:eval:3:1,2,3,1,0,0,A,False,38.981,41.827,inactive,warming_up,,,,0,2,5,48,,,
groot_l10_500,r6p3v2_groot_l10_500_A_r1,r6p3v2_groot_l10_500_A_r1:eval:3:1,2,3,1,2,10,A,True,26.671,28.181,inactive,warming_up,,,,0,2,5,48,,,
groot_l10_500,r6p3v2_groot_l10_500_A_r1,r6p3v2_groot_l10_500_A_r1:eval:3:1,2,3,1,4,20,A,False,4658.922,4661.409,ok,,0.09090909090909091,0.004134366925064609,0.08163265306122448,20,2,5,48,0.0,9.344212767909562,0.0082815734989648
groot_l10_500,r6p3v2_groot_l10_500_A_r1,r6p3v2_groot_l10_500_A_r1:eval:3:1,2,3,1,6,30,A,False,4580.443,4582.99,ok,,0.0909090909090909,0.03199343724364233,0.0816326530612245,20,2,5,48,0.044444444444444446,7.817283941698149,0.05590062111801242
groot_l10_500,r6p3v2_groot_l10_500_A_r1,r6p3v2_groot_l10_500_A_r1:eval:3:1,2,3,1,8,40,A,False,4915.317,4918.003,ok,,0.08888888888888889,0.0063492063492063405,0.08163265306122448,20,2,5,48,0.08888888888888889,7.85379377734296,0.016806722689075626
groot_l10_500,r6p3v2_groot_l10_500_A_r1,r6p3v2_groot_l10_500_A_r1:eval:3:1,2,3,1,10,50,A,False,4469.641,4472.173,ok,,0.08888888888888888,0.0063492063492063405,0.08163265306122448,20,2,5,48,0.13333333333333333,7.716686458883061,0.016806722689075626
groot_l10_500,r6p3v2_groot_l10_500_A_r1,r6p3v2_groot_l10_500_A_r1:eval:3:1,2,3,1,12,60,A,False,4518.793,4521.39,ok,,0.08695652173913043,0.008672086720867209,0.0816326530612245,20,2,5,48,0.17777777777777778,7.469423257009667,0.04329004329004327
groot_l10_500,r6p3v2_groot_l10_500_A_r1,r6p3v2_groot_l10_500_A_r1:eval:3:1,2,3,1,14,70,A,False,4569.602,4572.365,slow_ambiguous,,0.07843137254901963,0.008672086720867209,0.0816326530612245,20,2,5,48,0.22727272727272727,7.537555369863424,0.043290043290043295
groot_l10_500,r6p3v2_groot_l10_500_A_r1,r6p3v2_groot_l10_500_A_r1:eval:3:1,2,3,1,16,80,A,False,4583.764,4586.518,ok,,0.09090909090909094,0.006976744186046463,0.08163265306122448,20,2,5,48,0.23809523809523808,7.316024856986232,0.016806722689075626
groot_l10_500,r6p3v2_groot_l10_500_A_r1,r6p3v2_groot_l10_500_A_r1:eval:3:1,2,3,1,18,90,A,False,4702.537,4705.253,ok,,0.09090909090909094,0.007916872835230127,0.08163265306122448,20,2,5,48,0.2857142857142857,7.463583174320472,0.016806722689075626
groot_l10_500,r6p3v2_groot_l10_500_A_r1,r6p3v2_groot_l10_500_A_r1:eval:3:1,2,3,1,20,100,A,False,4530.695,4533.351,ok,,0.09302325581395349,0.006976744186046463,0.08163265306122448,20,2,5,48,0.3333333333333333,7.571782176430808,0.016806722689075626
groot_l10_500,r6p3v2_groot_l10_500_A_r1,r6p3v2_groot_l10_500_A_r1:eval:3:1,2,3,1,22,110,A,True,4537.781,4540.216,ok,,0.09090909090909088,0.04126984126984126,0.08163265306122447,20,2,5,48,0.4090909090909091,7.716681627245859,0.05104934770277936
groot_l10_500,r6p3v2_groot_l10_500_A_r1,r6p3v2_groot_l10_500_A_r1:eval:3:1,2,3,1,24,120,A,False,4542.454,4545.044,ok,,0.09302325581395349,0.006976744186046463,0.08163265306122452,20,2,5,48,0.45454545454545453,7.943373118269615,0.006651884700665189
groot_l10_500,r6p3v2_groot_l10_500_A_r1,r6p3v2_groot_l10_500_A_r1:eval:3:1,2,3,1,26,130,A,False,5078.639,4694.571,ok,,0.09302325581395343,0.007916872835230127,0.08163265306122452,20,2,5,48,0.5,8.649555981382475,0.004329004329004349
groot_l10_500,r6p3v2_groot_l10_500_A_r1,r6p3v2_groot_l10_500_A_r1:eval:3:1,2,3,1,28,140,A,False,4616.325,4618.95,ok,,0.09302325581395354,0.011111111111111072,0.08163265306122447,20,2,5,48,0.5581395348837209,8.602462973273886,0.04862579281183932
groot_l10_500,r6p3v2_groot_l10_500_A_r1,r6p3v2_groot_l10_500_A_r1:eval:3:1,2,3,1,30,150,A,False,4530.948,4533.716,ok,,0.09302325581395354,0.04329004329004327,0.08163265306122452,20,2,5,48,0.5909090909090909,8.44230421750153,0.0043290043290044045
groot_l10_500,r6p3v2_groot_l10_500_A_r1,r6p3v2_groot_l10_500_A_r1:eval:3:1,2,3,1,32,160,A,False,4501.298,4504.088,ok,,0.09523809523809523,0.008672086720867223,0.08163265306122452,20,2,5,48,0.6341463414634146,8.59196353765576,0.006651884700665134
groot_l10_500,r6p3v2_groot_l10_500_A_r1,r6p3v2_groot_l10_500_A_r1:eval:3:1,2,3,1,34,170,A,False,4769.865,4772.451,ok,,0.09523809523809523,0.033986928104575265,0.08163265306122452,20,2,5,48,0.6976744186046512,8.492000160311598,0.0043290043290042934
groot_l10_500,r6p3v2_groot_l10_500_A_r1,r6p3v2_groot_l10_500_A_r1:eval:3:1,2,3,1,36,180,A,False,4464.223,4466.92,ok,,0.09523809523809523,0.033986928104575265,0.08163265306122458,20,2,5,48,0.7441860465116279,8.761186395280626,0.0043290043290042934
groot_l10_500,r6p3v2_groot_l10_500_A_r1,r6p3v2_groot_l10_500_A_r1:eval:3:1,2,3,1,38,190,A,False,4793.187,4795.884,ok,,0.09523809523809523,0.006976744186046463,0.08163265306122452,20,2,5,48,0.7906976744186046,8.319259994359065,0.00221483942414169
groot_l10_500,r6p3v2_groot_l10_500_A_r1,r6p3v2_groot_l10_500_A_r1:eval:3:1,2,3,1,40,200,A,False,4570.16,4573.096,ok,,0.09302325581395343,0.021943573667711602,0.08163265306122452,20,2,5,48,0.8571428571428571,8.491658089893436,0.008281573498964856
groot_l10_500,r6p3v2_groot_l10_500_A_r1,r6p3v2_groot_l10_500_A_r1:eval:3:1,2,3,1,42,210,A,False,4549.77,4552.408,ok,,0.09523809523809523,0.024500322372662822,0.08163265306122447,20,2,5,48,0.9047619047619048,7.5706020293150145,0.03952569169960474
groot_l10_500,r6p3v2_groot_l10_500_A_r1,r6p3v2_groot_l10_500_A_r1:eval:4:0,2,4,0,0,0,A,False,69.282,72.399,inactive,warming_up,,,,0,2,5,45,,,
groot_l10_500,r6p3v2_groot_l10_500_A_r1,r6p3v2_groot_l10_500_A_r1:eval:4:0,2,4,0,2,10,A,False,31.793,33.552,inactive,warming_up,,,,0,2,5,45,,,
groot_l10_500,r6p3v2_groot_l10_500_A_r1,r6p3v2_groot_l10_500_A_r1:eval:4:0,2,4,0,4,20,A,True,4611.399,4614.265,slow_ambiguous,,0.06779661016949153,0.014227642276422772,0.07843137254901963,20,2,5,45,0.0,9.031455511977157,0.0946969696969697
groot_l10_500,r6p3v2_groot_l10_500_A_r1,r6p3v2_groot_l10_500_A_r1:eval:4:0,2,4,0,6,30,A,False,4427.674,4430.358,ok,,0.08333333333333334,0.03081232492997199,0.0784313725490196,20,2,5,45,0.041666666666666664,8.063569254230075,0.04872646733111849
groot_l10_500,r6p3v2_groot_l10_500_A_r1,r6p3v2_groot_l10_500_A_r1:eval:4:0,2,4,0,8,40,A,False,4326.633,4333.483,ok,,0.09090909090909091,0.01459188326493388,0.0784313725490196,20,2,5,45,0.09090909090909091,8.44834934366343,0.029764365440264576
groot_l10_500,r6p3v2_groot_l10_500_A_r1,r6p3v2_groot_l10_500_A_r1:eval:4:0,2,4,0,10,50,A,False,4240.994,4243.603,ok,,0.09090909090909091,0.013605442176870736,0.0784313725490196,20,2,5,45,0.12244897959183673,8.06645497023381,0.05720338983050849
groot_l10_500,r6p3v2_groot_l10_500_A_r1,r6p3v2_groot_l10_500_A_r1:eval:4:0,2,4,0,12,60,A,False,4498.123,4501.045,ok,,0.09523809523809523,0.014227642276422772,0.0784313725490196,20,2,5,45,0.18181818181818182,8.110047309261631,0.04336734693877553
groot_l10_500,r6p3v2_groot_l10_500_A_r1,r6p3v2_groot_l10_500_A_r1:eval:4:0,2,4,0,14,70,A,False,4314.391,4317.066,ok,,0.08333333333333331,0.011904761904761862,0.0784313725490196,20,2,5,45,0.23809523809523808,8.146210044906612,0.02976436544026459
groot_l10_500,r6p3v2_groot_l10_500_A_r1,r6p3v2_groot_l10_500_A_r1:eval:4:0,2,4,0,16,80,A,True,4503.827,4506.774,ok,,0.09523809523809523,0.0075757575757576245,0.0784313725490196,20,2,5,45,0.2857142857142857,8.42961083622331,0.029764365440264617
groot_l10_500,r6p3v2_groot_l10_500_A_r1,r6p3v2_groot_l10_500_A_r1:eval:4:0,2,4,0,18,90,A,False,4325.164,4327.868,ok,,0.09090909090909088,0.0357142857142857,0.07843137254901963,20,2,5,45,0.2857142857142857,8.129498615630178,0.11824990145841544
groot_l10_500,r6p3v2_groot_l10_500_A_r1,r6p3v2_groot_l10_500_A_r1:eval:4:0,2,4,0,20,100,A,False,4336.483,4339.185,slow_ambiguous,,0.06779661016949151,0.04251207729468598,0.0784313725490196,20,2,5,45,0.32653061224489793,7.564769129163115,0.09408033826638479
groot_l10_500,r6p3v2_groot_l10_500_A_r1,r6p3v2_groot_l10_500_A_r1:eval:4:0,2,4,0,22,110,A,True,4292.459,4294.936,slow_ambiguous,,0.03389830508474573,0.06896551724137934,0.0784313725490196,20,2,5,45,0.37209302325581395,7.398582931769194,0.04651162790697677
groot_l10_500,r6p3v2_groot_l10_500_A_r1,r6p3v2_groot_l10_500_A_r1:eval:4:0,2,4,0,24,120,A,False,4334.082,4336.794,slow_confirmed,,0.0,0.06896551724137923,0.0784313725490196,20,2,5,45,0.4166666666666667,7.5000518619069,0.046511627906976716
groot_l10_500,r6p3v2_groot_l10_500_A_r1,r6p3v2_groot_l10_500_A_r1:eval:4:0,2,4,0,26,130,A,False,4358.587,4361.298,slow_confirmed,,0.0,0.06896551724137934,0.0784313725490196,20,2,5,45,0.4186046511627907,7.395994499224816,0.046511627906976716
groot_l10_500,r6p3v2_groot_l10_500_A_r1,r6p3v2_groot_l10_500_A_r1:eval:4:0,2,4,0,28,140,A,True,4234.662,4237.3,slow_ambiguous,,0.0,0.08163265306122447,0.0784313725490196,20,2,5,45,0.43902439024390244,7.816370064740073,0.045454545454545414
groot_l10_500,r6p3v2_groot_l10_500_A_r1,r6p3v2_groot_l10_500_A_r1:eval:4:0,2,4,0,30,150,A,False,4292.336,4294.983,slow_ambiguous,,0.0,0.08163265306122447,0.0784313725490196,20,2,5,45,0.43902439024390244,7.791160086764594,0.04444444444444445
groot_l10_500,r6p3v2_groot_l10_500_A_r1,r6p3v2_groot_l10_500_A_r1:eval:4:0,2,4,0,32,160,A,True,4509.897,4512.515,slow_ambiguous,,0.04878048780487804,0.0357142857142857,0.07843137254901963,20,2,5,45,0.4489795918367347,8.417554092315166,0.08333333333333331
groot_l10_500,r6p3v2_groot_l10_500_A_r1,r6p3v2_groot_l10_500_A_r1:eval:4:0,2,4,0,34,170,A,False,4271.11,4273.745,slow_ambiguous,,0.04444444444444445,0.03495311167945442,0.07843137254901963,20,2,5,45,0.47058823529411764,8.56738285881085,0.08323329331732691
groot_l10_500,r6p3v2_groot_l10_500_A_r1,r6p3v2_groot_l10_500_A_r1:eval:4:0,2,4,0,36,180,A,False,4306.739,4309.445,ok,,0.08333333333333337,0.006066734074823166,0.07843137254901966,20,2,5,45,0.5,8.761760883140512,0.010457516339869188
groot_l10_500,r6p3v2_groot_l10_500_A_r1,r6p3v2_groot_l10_500_A_r1:eval:4:0,2,4,0,38,190,A,False,4195.101,4197.833,ok,,0.08333333333333326,0.008281573498964856,0.07843137254901966,20,2,5,45,0.5652173913043478,9.222535309521282,0.041501976284585074
groot_l10_500,r6p3v2_groot_l10_500_A_r1,r6p3v2_groot_l10_500_A_r1:eval:4:0,2,4,0,40,200,A,True,4240.393,4243.157,ok,,0.08333333333333337,0.006349206349206327,0.07843137254901955,20,2,5,45,0.6086956521739131,10.151672980378686,0.008525149190110826
groot_l10_500,r6p3v2_groot_l10_500_A_r1,r6p3v2_groot_l10_500_A_r1:eval:4:0,2,4,0,42,210,A,False,4294.043,4296.849,ok,,0.08695652173913038,0.008281573498964745,0.07843137254901955,20,2,5,45,0.6511627906976745,10.609997782915142,0.01459188326493388
groot_l10_500,r6p3v2_groot_l10_500_A_r1,r6p3v2_groot_l10_500_A_r1:eval:4:0,2,4,0,44,220,A,False,4193.433,4196.323,ok,,0.08333333333333326,0.008281573498964745,0.07843137254901955,20,2,5,45,0.6956521739130435,9.709925408859524,0.010457516339869355
groot_l10_500,r6p3v2_groot_l10_500_A_r1,r6p3v2_groot_l10_500_A_r1:eval:4:0,2,4,0,46,230,A,False,4273.393,4276.101,ok,,0.08333333333333337,0.008281573498964745,0.07843137254901955,20,2,5,45,0.7346938775510204,10.400474751209593,0.012477718360071388
groot_l10_500,r6p3v2_groot_l10_500_A_r1,r6p3v2_groot_l10_500_A_r1:eval:4:0,2,4,0,48,240,A,False,4196.784,4199.47,ok,,0.0888888888888889,0.009689922480620172,0.07843137254901966,20,2,5,45,0.7727272727272727,10.464773051717621,0.0513565891472868
groot_l10_500,r6p3v2_groot_l10_500_A_r1,r6p3v2_groot_l10_500_A_r1:eval:4:0,2,4,0,50,250,A,False,4279.162,4281.868,slow_confirmed,,0.04651162790697683,0.009689922480620172,0.07843137254901966,20,2,5,45,0.8163265306122449,11.375196573421206,0.05220692928334136
groot_l10_500,r6p3v2_groot_l10_500_A_r1,r6p3v2_groot_l10_500_A_r1:eval:4:0,2,4,0,52,260,A,False,4284.496,4287.359,ok,,0.08163265306122447,0.008281573498964856,0.07843137254901966,20,2,5,45,0.8163265306122449,10.920798266377117,0.04651162790697683
groot_l10_500,r6p3v2_groot_l10_500_A_r1,r6p3v2_groot_l10_500_A_r1:eval:4:0,2,4,0,54,270,A,False,4213.378,4216.145,ok,,0.08695652173913049,0.008281573498964745,0.07843137254901955,20,2,5,45,0.8571428571428571,10.391894606198148,0.01680672268907568
groot_l10_500,r6p3v2_groot_l10_500_A_r1,r6p3v2_groot_l10_500_A_r1:eval:4:0,2,4,0,56,280,A,False,4290.832,4293.581,ok,,0.08695652173913049,0.011904761904761862,0.07843137254901955,20,2,5,45,0.9130434782608695,9.390374781411454,0.06282513005202084
groot_l10_500,r6p3v2_groot_l10_500_A_r1,r6p3v2_groot_l10_500_A_r1:eval:4:1,2,4,1,0,0,A,False,43.512,46.234,inactive,warming_up,,,,0,2,5,45,,,
groot_l10_500,r6p3v2_groot_l10_500_A_r1,r6p3v2_groot_l10_500_A_r1:eval:4:1,2,4,1,2,10,A,False,29.309,31.116,inactive,warming_up,,,,0,2,5,45,,,
groot_l10_500,r6p3v2_groot_l10_500_A_r1,r6p3v2_groot_l10_500_A_r1:eval:4:1,2,4,1,4,20,A,False,4368.237,4370.878,ok,,0.08333333333333333,0.011904761904761918,0.0784313725490196,20,2,5,45,0.0,9.42520495245144,0.06856702619414483
groot_l10_500,r6p3v2_groot_l10_500_A_r1,r6p3v2_groot_l10_500_A_r1:eval:4:1,2,4,1,6,30,A,True,4230.946,4233.711,ok,,0.09090909090909091,0.015536723163841804,0.0784313725490196,20,2,5,45,0.03389830508474576,8.713178154379948,0.05720338983050846
groot_l10_500,r6p3v2_groot_l10_500_A_r1,r6p3v2_groot_l10_500_A_r1:eval:4:1,2,4,1,8,40,A,False,4226.788,4229.538,ok,,0.08163265306122448,0.027441485068603694,0.0784313725490196,20,2,5,45,0.08163265306122448,8.98519993299032,0.029764365440264576
groot_l10_500,r6p3v2_groot_l10_500_A_r1,r6p3v2_groot_l10_500_A_r1:eval:4:1,2,4,1,10,50,A,False,4267.173,4269.943,ok,,0.09302325581395349,0.01459188326493388,0.0784313725490196,20,2,5,45,0.13043478260869565,9.124061138985018,0.020062262193012784
groot_l10_500,r6p3v2_groot_l10_500_A_r1,r6p3v2_groot_l10_500_A_r1:eval:4:1,2,4,1,12,60,A,True,4166.893,4169.589,ok,,0.09523809523809523,0.035714285714285726,0.0784313725490196,20,2,5,45,0.17777777777777778,9.021739771540494,0.0525783619817998
groot_l10_500,r6p3v2_groot_l10_500_A_r1,r6p3v2_groot_l10_500_A_r1:eval:4:1,2,4,1,14,70,A,False,4244.914,4247.581,ok,,0.08695652173913046,0.036821705426356655,0.0784313725490196,20,2,5,45,0.24390243902439024,9.126247300850913,0.053116531165311676
groot_l10_500,r6p3v2_groot_l10_500_A_r1,r6p3v2_groot_l10_500_A_r1:eval:4:1,2,4,1,16,80,A,False,4396.23,4399.067,ok,,0.09756097560975613,0.011904761904761918,0.07843137254901963,20,2,5,45,0.2916666666666667,8.674710125330208,0.06856702619414484
groot_l10_500,r6p3v2_groot_l10_500_A_r1,r6p3v2_groot_l10_500_A_r1:eval:4:1,2,4,1,18,90,A,False,4230.253,4232.866,ok,,0.09090909090909088,0.011904761904761918,0.07843137254901963,20,2,5,45,0.28,8.48364272564978,0.088550674507091
groot_l10_500,r6p3v2_groot_l10_500_A_r1,r6p3v2_groot_l10_500_A_r1:eval:4:1,2,4,1,20,100,A,False,4357.383,4360.134,ok,,0.08333333333333337,0.024318349299926267,0.07843137254901963,20,2,5,45,0.3448275862068966,8.527543862829647,0.163265306122449
groot_l10_500,r6p3v2_groot_l10_500_A_r1,r6p3v2_groot_l10_500_A_r1:eval:4:1,2,4,1,22,110,A,True,4078.714,4081.379,ok,,0.12244897959183676,0.021346469622331693,0.0784313725490196,20,2,5,45,0.4,10.367456533056808,0.37288135593220334
groot_l10_500,r6p3v2_groot_l10_500_A_r1,r6p3v2_groot_l10_500_A_r1:eval:4:1,2,4,1,24,120,A,True,4211.768,4214.383,ok,,0.07999999999999996,0.03495311167945442,0.0784313725490196,20,2,5,45,0.4166666666666667,11.564021303786783,0.1258503401360545
groot_l10_500,r6p3v2_groot_l10_500_A_r1,r6p3v2_groot_l10_500_A_r1:eval:4:1,2,4,1,26,130,A,False,4238.856,4241.392,ok,,0.12,0.021346469622331693,0.0784313725490196,20,2,5,45,0.4,11.7257667521527,0.19944341372912794
groot_l10_500,r6p3v2_groot_l10_500_A_r1,r6p3v2_groot_l10_500_A_r1:eval:4:1,2,4,1,28,140,A,False,4274.89,4277.767,ok,,0.08163265306122447,0.011904761904761862,0.0784313725490196,20,2,5,45,0.5333333333333333,10.49577556467483,0.0552380952380952
groot_l10_500,r6p3v2_groot_l10_500_A_r1,r6p3v2_groot_l10_500_A_r1:eval:4:1,2,4,1,30,150,A,True,4415.53,4418.46,ok,,0.0888888888888889,0.008281573498964745,0.07843137254901955,20,2,5,45,0.5909090909090909,10.061984673047931,0.013605442176870763
groot_l10_500,r6p3v2_groot_l10_500_A_r1,r6p3v2_groot_l10_500_A_r1:eval:4:1,2,4,1,32,160,A,False,3987.115,3989.808,ok,,0.0888888888888889,0.008281573498964745,0.07843137254901955,20,2,5,45,0.6363636363636364,10.303850850549113,0.013605442176870652
groot_l10_500,r6p3v2_groot_l10_500_A_r1,r6p3v2_groot_l10_500_A_r1:eval:4:1,2,4,1,34,170,A,False,4256.479,4260.765,ok,,0.0888888888888889,0.008281573498964745,0.07843137254901955,20,2,5,45,0.6666666666666666,10.225809702012379,0.013605442176870763
groot_l10_500,r6p3v2_groot_l10_500_A_r1,r6p3v2_groot_l10_500_A_r1:eval:4:1,2,4,1,36,180,A,False,4219.211,4221.851,ok,,0.0888888888888889,0.008281573498964745,0.07843137254901955,20,2,5,45,0.7272727272727273,9.402490925996757,0.013605442176870763
groot_l10_500,r6p3v2_groot_l10_500_A_r1,r6p3v2_groot_l10_500_A_r1:eval:4:1,2,4,1,38,190,A,False,4196.138,4198.729,ok,,0.08333333333333337,0.008281573498964745,0.07843137254901966,20,2,5,45,0.7727272727272727,9.10087422569143,0.00927643784786647
groot_l10_500,r6p3v2_groot_l10_500_A_r1,r6p3v2_groot_l10_500_A_r1:eval:4:1,2,4,1,40,200,A,False,4294.904,4297.71,ok,,0.0888888888888888,0.007575757575757458,0.07843137254901966,20,2,5,45,0.8,9.06193083143787,0.015928322548531604
groot_l10_500,r6p3v2_groot_l10_500_A_r1,r6p3v2_groot_l10_500_A_r1:eval:4:1,2,4,1,42,210,A,False,4335.216,4338.217,ok,,0.09302325581395343,0.006651884700665245,0.07843137254901966,20,2,5,45,0.8292682926829268,8.508931470278972,0.015928322548531604
groot_l10_500,r6p3v2_groot_l10_500_A_r1,r6p3v2_groot_l10_500_A_r1:eval:4:1,2,4,1,44,220,A,False,4360.845,4363.67,ok,,0.09756097560975607,0.011904761904761862,0.07843137254901955,20,2,5,45,0.8780487804878049,8.790331440419848,0.04031007751937987
groot_l10_500,r6p3v2_groot_l10_500_A_r1,r6p3v2_groot_l10_500_A_r1:eval:4:1,2,4,1,46,230,A,False,4421.406,4424.435,ok,,0.09523809523809523,0.028282828282828312,0.07843137254901955,20,2,5,45,0.9047619047619048,8.729901102261474,0.046511627906976716
groot_l10_500,r6p3v2_groot_l10_500_A_r1,r6p3v2_groot_l10_500_A_r1:eval:4:1,2,4,1,48,240,A,True,4324.544,4327.396,slow_confirmed,,0.024390243902439046,0.008281573498964856,0.07843137254901962,20,2,5,45,0.975609756097561,8.428898147761215,0.02436323366555926
groot_l10_500,r6p3v2_groot_l10_500_A_r1,r6p3v2_groot_l10_500_A_r1:eval:4:1,2,4,1,50,250,A,True,4244.693,4247.758,slow_confirmed,,0.0,0.011390602752729073,0.07843137254901962,20,2,5,45,1.0,8.498449001755588,0.040000000000000036
groot_l10_500,r6p3v2_groot_l10_500_A_r1,r6p3v2_groot_l10_500_A_r1:eval:4:1,2,4,1,52,260,A,False,4225.101,4227.75,slow_confirmed,,0.0,0.008281573498964745,0.07843137254901966,20,2,5,45,1.0,8.52372266029876,0.019607843137254943
groot_l10_500,r6p3v2_groot_l10_500_A_r1,r6p3v2_groot_l10_500_A_r1:eval:4:1,2,4,1,54,270,A,True,4232.812,4235.418,slow_confirmed,,0.0,0.011904761904761862,0.07843137254901962,20,2,5,45,1.0,8.512146724244642,0.0
groot_l10_500,r6p3v2_groot_l10_500_A_r1,r6p3v2_groot_l10_500_A_r1:eval:4:1,2,4,1,56,280,A,True,4180.487,4183.161,slow_confirmed,,0.0,0.010604453870625696,0.07843137254901955,20,2,5,45,1.0,8.447691990599424,0.0
groot_l10_500,r6p3v2_groot_l10_500_A_r1,r6p3v2_groot_l10_500_A_r1:eval:4:1,2,4,1,58,290,A,False,4078.672,4081.371,slow_confirmed,,0.0,0.011904761904761862,0.07843137254901962,20,2,5,45,1.0,8.62635777665013,0.0
groot_l10_500,r6p3v2_groot_l10_500_A_r1,r6p3v2_groot_l10_500_A_r1:eval:4:1,2,4,1,60,300,A,True,4213.494,4216.055,slow_confirmed,,0.0,0.011904761904761862,0.07843137254901962,20,2,5,45,1.0,8.667213587498365,0.0
groot_l10_500,r6p3v2_groot_l10_500_A_r1,r6p3v2_groot_l10_500_A_r1:eval:4:1,2,4,1,62,310,A,True,4082.768,4085.472,slow_confirmed,,0.0,0.011904761904761862,0.07843137254901962,20,2,5,45,1.0,8.63312676493816,0.0
groot_l10_500,r6p3v2_groot_l10_500_A_r1,r6p3v2_groot_l10_500_A_r1:eval:4:1,2,4,1,64,320,A,True,3907.24,3909.696,slow_confirmed,,0.0,0.011904761904761862,0.07843137254901962,20,2,5,45,1.0,8.756488807113138,0.0
groot_l10_500,r6p3v2_groot_l10_500_A_r1,r6p3v2_groot_l10_500_A_r1:eval:4:1,2,4,1,66,330,A,True,4165.549,4168.461,slow_confirmed,,0.0,0.011904761904761862,0.07843137254901962,20,2,5,45,1.0,8.818186250627988,0.0
groot_l10_500,r6p3v2_groot_l10_500_A_r1,r6p3v2_groot_l10_500_A_r1:eval:4:1,2,4,1,68,340,A,True,4026.469,4034.373,slow_confirmed,,0.0,0.008281573498964745,0.07843137254901955,20,2,5,45,1.0,9.083799672659358,0.019607843137254943
groot_l10_500,r6p3v2_groot_l10_500_A_r1,r6p3v2_groot_l10_500_A_r1:eval:4:1,2,4,1,70,350,A,False,4246.205,4248.907,slow_confirmed,,0.0,0.008281573498964856,0.07843137254901955,20,2,5,45,1.0,9.741390689083866,0.0
groot_l10_500,r6p3v2_groot_l10_500_A_r1,r6p3v2_groot_l10_500_A_r1:eval:4:1,2,4,1,72,360,A,False,4151.925,4154.559,slow_confirmed,,0.0,0.008281573498964856,0.07843137254901955,20,2,5,45,1.0,10.600875087124288,0.0
groot_l10_500,r6p3v2_groot_l10_500_A_r1,r6p3v2_groot_l10_500_A_r1:eval:4:1,2,4,1,74,370,A,False,4017.69,4020.345,slow_confirmed,,0.0,0.008525149190110826,0.07843137254901955,20,2,5,45,1.0,11.24031698125271,0.023255813953488413
groot_l10_500,r6p3v2_groot_l10_500_A_r1,r6p3v2_groot_l10_500_A_r1:eval:4:1,2,4,1,76,380,A,False,4191.775,4194.329,slow_confirmed,,0.0,0.006349206349206327,0.07843137254901955,20,2,5,45,0.5769230769230769,11.752521198533833,0.0
groot_l10_500,r6p3v2_groot_l10_500_A_r1,r6p3v2_groot_l10_500_A_r1:eval:4:1,2,4,1,78,390,A,True,4043.795,4046.371,slow_confirmed,,0.0,0.010457516339869244,0.07843137254901955,20,2,5,45,0.5769230769230769,11.820583510638889,0.44067796610169496
groot_l10_500,r6p3v2_groot_l10_500_A_r1,r6p3v2_groot_l10_500_A_r1:eval:4:1,2,4,1,80,400,A,False,4254.522,4257.173,slow_confirmed,,0.0,0.006349206349206327,0.07843137254901955,20,2,5,45,0.5423728813559322,11.991119982634961,0.0
groot_l10_500,r6p3v2_groot_l10_500_A_r1,r6p3v2_groot_l10_500_A_r1:eval:4:1,2,4,1,82,410,A,False,4178.786,4181.343,slow_confirmed,,0.0,0.011904761904761862,0.07843137254901955,20,2,5,45,0.5423728813559322,12.201504694539944,0.44067796610169496
groot_l10_500,r6p3v2_groot_l10_500_A_r1,r6p3v2_groot_l10_500_A_r1:eval:4:1,2,4,1,84,420,A,True,3912.268,3914.857,slow_confirmed,,0.0,0.006349206349206327,0.07843137254901955,20,2,5,45,0.5423728813559322,12.472169164119705,0.0
groot_l10_500,r6p3v2_groot_l10_500_A_r1,r6p3v2_groot_l10_500_A_r1:eval:4:1,2,4,1,86,430,A,False,4219.979,4222.553,slow_confirmed,,0.0,0.006349206349206327,0.07843137254901955,20,2,5,45,0.45454545454545453,12.706819120047596,0.0
groot_l10_500,r6p3v2_groot_l10_500_A_r1,r6p3v2_groot_l10_500_A_r1:eval:4:1,2,4,1,88,440,A,False,4142.241,4144.74,slow_confirmed,,0.0,0.008281573498964856,0.07843137254901955,20,2,5,45,0.5423728813559322,12.9584442945579,0.03389830508474578
groot_l10_500,r6p3v2_groot_l10_500_A_r1,r6p3v2_groot_l10_500_A_r1:eval:4:1,2,4,1,90,450,A,True,4226.408,4229.052,slow_confirmed,,0.0,0.006349206349206327,0.07843137254901955,20,2,5,45,0.45454545454545453,13.065074197597028,0.0
groot_l10_500,r6p3v2_groot_l10_500_A_r1,r6p3v2_groot_l10_500_A_r1:eval:4:1,2,4,1,92,460,A,True,4169.034,4171.581,slow_confirmed,,0.0,0.006349206349206327,0.07843137254901955,20,2,5,45,0.5098039215686274,13.170678803718294,0.0
groot_l10_500,r6p3v2_groot_l10_500_A_r1,r6p3v2_groot_l10_500_A_r1:eval:4:1,2,4,1,94,470,A,False,4052.628,4055.124,slow_confirmed,,0.0,0.006349206349206327,0.07843137254901955,20,2,5,45,0.5098039215686274,13.093307272691922,0.0
groot_l10_500,r6p3v2_groot_l10_500_A_r1,r6p3v2_groot_l10_500_A_r1:eval:4:1,2,4,1,96,480,A,True,4183.832,4186.443,slow_confirmed,,0.0,0.006349206349206327,0.07843137254901955,20,2,5,45,0.5098039215686274,13.168848362693298,0.0
groot_l10_500,r6p3v2_groot_l10_500_A_r1,r6p3v2_groot_l10_500_A_r1:eval:4:1,2,4,1,98,490,A,False,4184.855,4187.553,slow_confirmed,,0.0,0.024318349299926267,0.07843137254901955,20,2,5,45,0.5098039215686274,13.159262334662202,0.20338983050847456
groot_l10_500,r6p3v2_groot_l10_500_A_r1,r6p3v2_groot_l10_500_A_r1:eval:4:1,2,4,1,100,500,A,True,4400.37,4403.214,slow_confirmed,,0.0,0.006349206349206327,0.07843137254901955,20,2,5,45,0.5098039215686274,13.356337851957841,0.0
groot_l10_500,r6p3v2_groot_l10_500_A_r1,r6p3v2_groot_l10_500_A_r1:eval:4:1,2,4,1,102,510,A,False,4193.946,4196.328,slow_confirmed,,0.0,0.006349206349206327,0.07843137254901955,20,2,5,45,0.47619047619047616,13.553996256545437,0.0
groot_l10_500,r6p3v2_groot_l10_500_A_r1,r6p3v2_groot_l10_500_A_r1:eval:5:0,2,5,0,0,0,A,False,39.409,42.104,inactive,warming_up,,,,0,2,5,46,,,
groot_l10_500,r6p3v2_groot_l10_500_A_r1,r6p3v2_groot_l10_500_A_r1:eval:5:0,2,5,0,2,10,A,False,26.212,27.649,inactive,warming_up,,,,0,2,5,46,,,
groot_l10_500,r6p3v2_groot_l10_500_A_r1,r6p3v2_groot_l10_500_A_r1:eval:5:0,2,5,0,4,20,A,False,4456.072,4458.898,ok,,0.1142857142857143,0.02028397565922921,0.07407407407407407,20,2,5,46,0.0,8.13484511060654,0.05092592592592593
groot_l10_500,r6p3v2_groot_l10_500_A_r1,r6p3v2_groot_l10_500_A_r1:eval:5:0,2,5,0,6,30,A,False,4188.685,4191.641,ok,,0.10526315789473684,0.03793103448275863,0.07407407407407407,20,2,5,46,0.07407407407407407,7.6246939966759975,0.11342592592592593
groot_l10_500,r6p3v2_groot_l10_500_A_r1,r6p3v2_groot_l10_500_A_r1:eval:5:0,2,5,0,8,40,A,False,4214.732,4217.563,ok,,0.07407407407407407,0.047008547008547,0.07407407407407407,20,2,5,46,0.14285714285714285,8.10629619046376,0.07738095238095238
groot_l10_500,r6p3v2_groot_l10_500_A_r1,r6p3v2_groot_l10_500_A_r1:eval:5:0,2,5,0,10,50,A,False,4171.917,4174.613,ok,,0.125,0.013104013104013101,0.07407407407407407,20,2,5,46,0.21052631578947367,8.666650874548296,0.10075187969924812
groot_l10_500,r6p3v2_groot_l10_500_A_r1,r6p3v2_groot_l10_500_A_r1:eval:5:0,2,5,0,12,60,A,False,4128.459,4131.092,ok,,0.125,0.05207328833172614,0.07407407407407407,20,2,5,46,0.2631578947368421,8.780957317404011,0.05533063427800272
groot_l10_500,r6p3v2_groot_l10_500_A_r1,r6p3v2_groot_l10_500_A_r1:eval:5:0,2,5,0,14,70,A,False,4207.555,4210.28,ok,,0.125,0.0499194847020934,0.07407407407407407,20,2,5,46,0.3125,8.926860440365374,0.02376910016977929
groot_l10_500,r6p3v2_groot_l10_500_A_r1,r6p3v2_groot_l10_500_A_r1:eval:5:0,2,5,0,16,80,A,False,4103.435,4106.161,ok,,0.11111111111111112,0.048120300751879674,0.07407407407407407,20,2,5,46,0.375,9.149076114740724,0.022435897435897467
groot_l10_500,r6p3v2_groot_l10_500_A_r1,r6p3v2_groot_l10_500_A_r1:eval:5:0,2,5,0,18,90,A,True,4206.03,4208.714,ok,,0.125,0.05546218487394956,0.07407407407407407,20,2,5,46,0.4375,8.872576447839508,0.019736842105263094
groot_l10_500,r6p3v2_groot_l10_500_A_r1,r6p3v2_groot_l10_500_A_r1:eval:5:0,2,5,0,20,100,A,False,4095.688,4098.368,ok,,0.11111111111111116,0.03069053708439906,0.07407407407407407,20,2,5,46,0.5,8.451546052885446,0.054824561403508776
groot_l10_500,r6p3v2_groot_l10_500_A_r1,r6p3v2_groot_l10_500_A_r1:eval:5:0,2,5,0,22,110,A,True,4084.514,4087.051,ok,,0.125,0.05514705882352933,0.07407407407407407,20,2,5,46,0.5625,7.610135065329229,0.03379416282642089
groot_l10_500,r6p3v2_groot_l10_500_A_r1,r6p3v2_groot_l10_500_A_r1:eval:5:0,2,5,0,24,120,A,False,4007.473,4010.033,ok,,0.10526315789473684,0.07017543859649122,0.07407407407407407,20,2,5,46,0.5454545454545454,7.399402833486479,0.06048387096774199
groot_l10_500,r6p3v2_groot_l10_500_A_r1,r6p3v2_groot_l10_500_A_r1:eval:5:0,2,5,0,26,130,A,True,4138.135,4140.736,ok,,0.09523809523809523,0.07126436781609191,0.07407407407407407,20,2,5,46,0.6842105263157895,7.3635265642160945,0.06048387096774188
groot_l10_500,r6p3v2_groot_l10_500_A_r1,r6p3v2_groot_l10_500_A_r1:eval:5:0,2,5,0,28,140,A,False,4218.728,4221.227,ok,,0.1428571428571428,0.05313092979127121,0.07407407407407407,20,2,5,46,0.6875,7.346609844514393,0.17982456140350878
groot_l10_500,r6p3v2_groot_l10_500_A_r1,r6p3v2_groot_l10_500_A_r1:eval:5:0,2,5,0,30,150,A,False,4120.903,4123.637,ok,,0.1578947368421053,0.06209150326797386,0.07407407407407407,20,2,5,46,0.8125,7.032681616129359,0.1524122807017544
groot_l10_500,r6p3v2_groot_l10_500_A_r1,r6p3v2_groot_l10_500_A_r1:eval:5:0,2,5,0,32,160,A,False,4038.053,4040.737,ok,,0.11111111111111105,0.06209150326797386,0.07407407407407407,20,2,5,46,0.8421052631578947,6.750375055497346,0.14736842105263148
groot_l10_500,r6p3v2_groot_l10_500_A_r1,r6p3v2_groot_l10_500_A_r1:eval:5:0,2,5,0,34,170,A,True,4210.248,4212.97,slow_ambiguous,,0.05555555555555558,0.07407407407407407,0.07407407407407407,20,2,5,46,0.8947368421052632,7.039832757054211,0.10526315789473684
groot_l10_500,r6p3v2_groot_l10_500_A_r1,r6p3v2_groot_l10_500_A_r1:eval:5:0,2,5,0,36,180,A,False,4153.517,4156.023,ok,,0.10526315789473684,0.06436781609195408,0.07407407407407407,20,2,5,46,0.8095238095238095,6.867826564296476,0.360655737704918
groot_l10_500,r6p3v2_groot_l10_500_A_r1,r6p3v2_groot_l10_500_A_r1:eval:5:0,2,5,0,38,190,A,False,4226.376,4229.063,slow_ambiguous,,0.0,0.07407407407407407,0.07407407407407407,20,2,5,46,0.9411764705882353,7.475106941897518,0.09523809523809523
groot_l10_500,r6p3v2_groot_l10_500_A_r1,r6p3v2_groot_l10_500_A_r1:eval:5:0,2,5,0,40,200,A,True,4085.515,4088.051,slow_ambiguous,,0.03508771929824561,0.07407407407407407,0.07407407407407407,20,2,5,46,0.9411764705882353,7.862179564420859,0.06349206349206349
groot_l10_500,r6p3v2_groot_l10_500_A_r1,r6p3v2_groot_l10_500_A_r1:eval:5:0,2,5,0,42,210,A,True,3999.006,4001.839,slow_confirmed,,0.0,0.05603448275862066,0.07407407407407407,20,2,5,46,0.8648648648648649,8.299945135297344,0.06349206349206349
groot_l10_500,r6p3v2_groot_l10_500_A_r1,r6p3v2_groot_l10_500_A_r1:eval:5:0,2,5,0,44,220,A,False,4211.332,4214.145,slow_confirmed,,0.0,0.07017543859649122,0.07407407407407407,20,2,5,46,0.8695652173913043,8.602863317608621,0.0
groot_l10_500,r6p3v2_groot_l10_500_A_r1,r6p3v2_groot_l10_500_A_r1:eval:5:0,2,5,0,46,230,A,True,4165.698,4168.361,slow_confirmed,,0.0,0.07126436781609191,0.07407407407407407,20,2,5,46,0.9411764705882353,8.864740006692305,0.0
groot_l10_500,r6p3v2_groot_l10_500_A_r1,r6p3v2_groot_l10_500_A_r1:eval:5:0,2,5,0,48,240,A,False,4262.385,4265.096,slow_confirmed,,0.0,0.05882352941176472,0.07407407407407407,20,2,5,46,0.9411764705882353,9.154889532977917,0.07017543859649122
groot_l10_500,r6p3v2_groot_l10_500_A_r1,r6p3v2_groot_l10_500_A_r1:eval:5:0,2,5,0,50,250,A,False,4122.625,4128.269,slow_confirmed,,0.0,0.05882352941176472,0.07407407407407407,20,2,5,46,0.9411764705882353,9.16393013489615,0.07017543859649122
groot_l10_500,r6p3v2_groot_l10_500_A_r1,r6p3v2_groot_l10_500_A_r1:eval:5:0,2,5,0,52,260,A,True,4105.63,4108.802,slow_confirmed,,0.0,0.07017543859649122,0.07407407407407407,20,2,5,46,0.8947368421052632,9.255641290201837,0.04347826086956519
groot_l10_500,r6p3v2_groot_l10_500_A_r1,r6p3v2_groot_l10_500_A_r1:eval:5:0,2,5,0,54,270,A,True,4195.679,4198.418,slow_confirmed,,0.0,0.07017543859649122,0.07407407407407407,20,2,5,46,0.8947368421052632,9.29701893808746,0.0
groot_l10_500,r6p3v2_groot_l10_500_A_r1,r6p3v2_groot_l10_500_A_r1:eval:5:0,2,5,0,56,280,A,True,4054.694,4057.298,slow_confirmed,,0.0,0.07017543859649122,0.07407407407407407,20,2,5,46,0.8695652173913043,9.423699082902326,0.0
groot_l10_500,r6p3v2_groot_l10_500_A_r1,r6p3v2_groot_l10_500_A_r1:eval:5:0,2,5,0,58,290,A,True,4099.413,4102.165,slow_confirmed,,0.0,0.07017543859649122,0.07407407407407407,20,2,5,46,0.8695652173913043,9.61440342717849,0.0
groot_l10_500,r6p3v2_groot_l10_500_A_r1,r6p3v2_groot_l10_500_A_r1:eval:5:0,2,5,0,60,300,A,True,4091.587,4107.798,slow_confirmed,,0.0,0.07017543859649122,0.07407407407407407,20,2,5,46,0.8695652173913043,9.535024555868445,0.0
groot_l10_500,r6p3v2_groot_l10_500_A_r1,r6p3v2_groot_l10_500_A_r1:eval:5:0,2,5,0,62,310,A,True,4096.725,4099.414,slow_confirmed,,0.0,0.060504201680672276,0.07407407407407407,20,2,5,46,0.7719298245614035,9.71318388999786,0.3278688524590164
groot_l10_500,r6p3v2_groot_l10_500_A_r1,r6p3v2_groot_l10_500_A_r1:eval:5:0,2,5,0,64,320,A,True,4032.812,4035.534,slow_confirmed,,0.0,0.07235726399095527,0.07407407407407407,20,2,5,46,0.9180327868852459,9.792884147404555,0.08196721311475408
groot_l10_500,r6p3v2_groot_l10_500_A_r1,r6p3v2_groot_l10_500_A_r1:eval:5:0,2,5,0,66,330,A,False,4168.619,4171.328,slow_ambiguous,,0.0,0.08695652173913049,0.07407407407407407,20,2,5,46,0.9629629629629629,9.793586897030247,0.08196721311475408
groot_l10_500,r6p3v2_groot_l10_500_A_r1,r6p3v2_groot_l10_500_A_r1:eval:5:0,2,5,0,68,340,A,True,4129.034,4131.825,slow_confirmed,,0.0,0.07017543859649122,0.07407407407407407,20,2,5,46,1.0,9.975287615712888,0.03508771929824561
groot_l10_500,r6p3v2_groot_l10_500_A_r1,r6p3v2_groot_l10_500_A_r1:eval:5:0,2,5,0,70,350,A,True,4072.383,4075.093,slow_confirmed,,0.0,0.07235726399095527,0.07407407407407407,20,2,5,46,0.9180327868852459,10.013280756230657,0.08196721311475408
groot_l10_500,r6p3v2_groot_l10_500_A_r1,r6p3v2_groot_l10_500_A_r1:eval:5:1,2,5,1,0,0,A,False,42.993,45.971,inactive,warming_up,,,,0,2,5,46,,,
groot_l10_500,r6p3v2_groot_l10_500_A_r1,r6p3v2_groot_l10_500_A_r1:eval:5:1,2,5,1,2,10,A,False,29.629,31.406,inactive,warming_up,,,,0,2,5,46,,,
groot_l10_500,r6p3v2_groot_l10_500_A_r1,r6p3v2_groot_l10_500_A_r1:eval:5:1,2,5,1,4,20,A,True,4108.219,4110.616,ok,,0.125,0.03379416282642089,0.07407407407407407,20,2,5,46,0.0,8.323933667747973,0.10109289617486338
groot_l10_500,r6p3v2_groot_l10_500_A_r1,r6p3v2_groot_l10_500_A_r1:eval:5:1,2,5,1,6,30,A,True,4247.765,4250.782,ok,,0.11111111111111112,0.03793103448275863,0.07407407407407407,20,2,5,46,0.037037037037037035,7.898578215449665,0.10109289617486339
groot_l10_500,r6p3v2_groot_l10_500_A_r1,r6p3v2_groot_l10_500_A_r1:eval:5:1,2,5,1,8,40,A,False,4211.327,4214.069,ok,,0.11111111111111113,0.02903225806451612,0.07407407407407407,20,2,5,46,0.11428571428571428,8.323618993225544,0.05092592592592593
groot_l10_500,r6p3v2_groot_l10_500_A_r1,r6p3v2_groot_l10_500_A_r1:eval:5:1,2,5,1,10,50,A,False,4190.445,4193.101,ok,,0.09523809523809523,0.016891891891891886,0.07407407407407407,20,2,5,46,0.14814814814814814,8.886743231970117,0.13194444444444442
groot_l10_500,r6p3v2_groot_l10_500_A_r1,r6p3v2_groot_l10_500_A_r1:eval:5:1,2,5,1,12,60,A,True,3939.24,3941.713,ok,,0.1176470588235294,0.03585434173669472,0.07407407407407407,20,2,5,46,0.25,9.504617688752383,0.06944444444444448
groot_l10_500,r6p3v2_groot_l10_500_A_r1,r6p3v2_groot_l10_500_A_r1:eval:5:1,2,5,1,14,70,A,False,4092.506,4095.373,ok,,0.125,0.02437731849496555,0.07407407407407407,20,2,5,46,0.3125,10.082184197198188,0.0964912280701754
groot_l10_500,r6p3v2_groot_l10_500_A_r1,r6p3v2_groot_l10_500_A_r1:eval:5:1,2,5,1,16,80,A,False,4144.956,4147.661,ok,,0.125,0.023486901535682003,0.07407407407407407,20,2,5,46,0.375,10.222702969793511,0.10629514963880288
groot_l10_500,r6p3v2_groot_l10_500_A_r1,r6p3v2_groot_l10_500_A_r1:eval:5:1,2,5,1,18,90,A,False,4025.355,4028.096,ok,,0.11764705882352944,0.029032258064516148,0.07407407407407407,20,2,5,46,0.47058823529411764,9.656415331410164,0.0677555958862674
groot_l10_500,r6p3v2_groot_l10_500_A_r1,r6p3v2_groot_l10_500_A_r1:eval:5:1,2,5,1,20,100,A,False,4187.745,4190.54,ok,,0.12121212121212115,0.029032258064516148,0.07407407407407407,20,2,5,46,0.5,9.348306411977154,0.06775559588626745
groot_l10_500,r6p3v2_groot_l10_500_A_r1,r6p3v2_groot_l10_500_A_r1:eval:5:1,2,5,1,22,110,A,True,4048.277,4050.729,ok,,0.12121212121212122,0.04761904761904767,0.07407407407407407,20,2,5,46,0.5882352941176471,9.060853125749345,0.07126436781609191
groot_l10_500,r6p3v2_groot_l10_500_A_r1,r6p3v2_groot_l10_500_A_r1:eval:5:1,2,5,1,24,120,A,False,4092.158,4094.902,ok,,0.125,0.051785714285714324,0.07407407407407407,20,2,5,46,0.6,8.212491267162987,0.037931034482758585
groot_l10_500,r6p3v2_groot_l10_500_A_r1,r6p3v2_groot_l10_500_A_r1:eval:5:1,2,5,1,26,130,A,False,4087.337,4090.245,ok,,0.13333333333333341,0.045977011494252804,0.07407407407407407,20,2,5,46,0.6875,8.023715087727396,0.12813852813852822
groot_l10_500,r6p3v2_groot_l10_500_A_r1,r6p3v2_groot_l10_500_A_r1:eval:5:1,2,5,1,28,140,A,False,3940.837,3943.487,ok,,0.125,0.06349206349206349,0.07407407407407407,20,2,5,46,0.75,7.671401501895603,0.11624441132637858
groot_l10_500,r6p3v2_groot_l10_500_A_r1,r6p3v2_groot_l10_500_A_r1:eval:5:1,2,5,1,30,150,A,False,4144.7,4147.261,ok,,0.09836065573770486,0.07407407407407407,0.07407407407407407,20,2,5,46,0.8125,7.651496029384572,0.05603448275862066
groot_l10_500,r6p3v2_groot_l10_500_A_r1,r6p3v2_groot_l10_500_A_r1:eval:5:1,2,5,1,32,160,A,True,4051.034,4053.645,slow_ambiguous,,0.0625,0.07407407407407407,0.07407407407407407,20,2,5,46,0.9142857142857143,7.475085960749724,0.16393442622950816
groot_l10_500,r6p3v2_groot_l10_500_A_r1,r6p3v2_groot_l10_500_A_r1:eval:6:0,2,6,0,0,0,A,False,37.686,40.533,inactive,warming_up,,,,0,2,5,39,,,
groot_l10_500,r6p3v2_groot_l10_500_A_r1,r6p3v2_groot_l10_500_A_r1:eval:6:0,2,6,0,2,10,A,False,26.384,27.917,inactive,warming_up,,,,0,2,5,39,,,
groot_l10_500,r6p3v2_groot_l10_500_A_r1,r6p3v2_groot_l10_500_A_r1:eval:6:0,2,6,0,4,20,A,False,4009.202,4011.564,ok,,0.0784313725490196,0.017221584385763503,0.059701492537313425,20,2,5,39,0.0,8.237646185147854,0.04366197183098592
groot_l10_500,r6p3v2_groot_l10_500_A_r1,r6p3v2_groot_l10_500_A_r1:eval:6:0,2,6,0,6,30,A,True,3886.056,3889.288,ok,,0.0784313725490196,0.017221584385763503,0.059701492537313425,20,2,5,39,0.04081632653061224,7.339946915585223,0.04117647058823529
groot_l10_500,r6p3v2_groot_l10_500_A_r1,r6p3v2_groot_l10_500_A_r1:eval:6:0,2,6,0,8,40,A,False,3796.939,3799.763,ok,,0.059701492537313425,0.015437392795883367,0.059701492537313425,20,2,5,39,0.0784313725490196,7.765310867330752,0.025294624892210398
groot_l10_500,r6p3v2_groot_l10_500_A_r1,r6p3v2_groot_l10_500_A_r1:eval:6:0,2,6,0,10,50,A,False,3749.063,3752.064,ok,,0.08888888888888888,0.026923076923076883,0.059701492537313425,20,2,5,39,0.12244897959183673,7.988440374553818,0.0411764705882353
groot_l10_500,r6p3v2_groot_l10_500_A_r1,r6p3v2_groot_l10_500_A_r1:eval:6:0,2,6,0,12,60,A,False,3685.747,3688.344,ok,,0.09090909090909091,0.02284781721746229,0.059701492537313425,20,2,5,39,0.16326530612244897,8.376515706784284,0.05121951219512197
groot_l10_500,r6p3v2_groot_l10_500_A_r1,r6p3v2_groot_l10_500_A_r1:eval:6:0,2,6,0,14,70,A,True,3729.913,3732.572,ok,,0.06451612903225806,0.016806722689075626,0.059701492537313425,20,2,5,39,0.2,8.310252964596062,0.046457607433217196
groot_l10_500,r6p3v2_groot_l10_500_A_r1,r6p3v2_groot_l10_500_A_r1:eval:6:0,2,6,0,16,80,A,False,3861.745,3864.256,ok,,0.05970149253731344,0.035536602700781794,0.05970149253731344,20,2,5,39,0.2857142857142857,9.07726878416364,0.04872646733111852
groot_l10_500,r6p3v2_groot_l10_500_A_r1,r6p3v2_groot_l10_500_A_r1:eval:6:0,2,6,0,18,90,A,False,3701.128,3703.938,ok,,0.08695652173913043,0.015607580824972142,0.05970149253731344,20,2,5,39,0.25,8.979444796115175,0.09907120743034056
groot_l10_500,r6p3v2_groot_l10_500_A_r1,r6p3v2_groot_l10_500_A_r1:eval:6:0,2,6,0,20,100,A,False,3744.32,3747.019,ok,,0.08695652173913043,0.026923076923076883,0.05970149253731344,20,2,5,39,0.30434782608695654,8.469136512925095,0.04643962848297212
groot_l10_500,r6p3v2_groot_l10_500_A_r1,r6p3v2_groot_l10_500_A_r1:eval:6:0,2,6,0,22,110,A,True,3725.475,3728.529,ok,,0.10000000000000005,0.054698457223001484,0.05970149253731344,20,2,5,39,0.35,8.089960025807395,0.0716112531969309
groot_l10_500,r6p3v2_groot_l10_500_A_r1,r6p3v2_groot_l10_500_A_r1:eval:6:0,2,6,0,24,120,A,False,3806.044,3808.917,ok,,0.09756097560975613,0.02738553701326485,0.05970149253731344,20,2,5,39,0.4,7.9634861749730215,0.14450127877237845
groot_l10_500,r6p3v2_groot_l10_500_A_r1,r6p3v2_groot_l10_500_A_r1:eval:6:0,2,6,0,26,130,A,False,3684.606,3687.684,ok,,0.09302325581395343,0.051219512195121886,0.05970149253731344,20,2,5,39,0.45,7.462810116206484,0.12629399585921325
groot_l10_500,r6p3v2_groot_l10_500_A_r1,r6p3v2_groot_l10_500_A_r1:eval:6:0,2,6,0,28,140,A,True,3847.755,3850.645,ok,,0.08163265306122447,0.05970149253731344,0.05970149253731344,20,2,5,39,0.5581395348837209,7.906537176144912,0.04756871035940813
groot_l10_500,r6p3v2_groot_l10_500_A_r1,r6p3v2_groot_l10_500_A_r1:eval:6:0,2,6,0,30,150,A,False,3617.715,3620.632,ok,,0.08695652173913038,0.056338028169014065,0.05970149253731344,20,2,5,39,0.5,8.13719398418524,0.05882352941176466
groot_l10_500,r6p3v2_groot_l10_500_A_r1,r6p3v2_groot_l10_500_A_r1:eval:6:0,2,6,0,32,160,A,False,3782.754,3785.488,ok,,0.08695652173913038,0.04651162790697683,0.05970149253731344,20,2,5,39,0.6046511627906976,7.87752412908173,0.03419972640218888
groot_l10_500,r6p3v2_groot_l10_500_A_r1,r6p3v2_groot_l10_500_A_r1:eval:6:0,2,6,0,34,170,A,True,3801.063,3803.787,ok,,0.09090909090909083,0.06666666666666676,0.05970149253731338,20,2,5,39,0.6956521739130435,8.118789397030195,0.006066734074822944
groot_l10_500,r6p3v2_groot_l10_500_A_r1,r6p3v2_groot_l10_500_A_r1:eval:6:0,2,6,0,36,180,A,False,3730.195,3732.925,ok,,0.12244897959183676,0.02017543859649129,0.059701492537313494,20,2,5,39,0.7391304347826086,8.154639243465965,0.220702234382125
groot_l10_500,r6p3v2_groot_l10_500_A_r1,r6p3v2_groot_l10_500_A_r1:eval:6:0,2,6,0,38,190,A,True,3926.286,3929.061,ok,,0.09302325581395354,0.05494505494505497,0.05970149253731344,20,2,5,39,0.782608695652174,7.805209608665106,0.03375196232339095
groot_l10_500,r6p3v2_groot_l10_500_A_r1,r6p3v2_groot_l10_500_A_r1:eval:6:0,2,6,0,40,200,A,False,3805.448,3808.117,slow_ambiguous,,0.04761904761904756,0.05882352941176472,0.05970149253731344,20,2,5,39,0.8292682926829268,7.5266672627866775,0.054082714740190996
groot_l10_500,r6p3v2_groot_l10_500_A_r1,r6p3v2_groot_l10_500_A_r1:eval:6:0,2,6,0,42,210,A,False,3610.691,3613.454,ok,,0.09302325581395354,0.04994192799070851,0.05970149253731344,20,2,5,39,0.85,7.488789298039933,0.11764705882352944
groot_l10_500,r6p3v2_groot_l10_500_A_r1,r6p3v2_groot_l10_500_A_r1:eval:6:0,2,6,0,44,220,A,False,3818.22,3820.926,ok,,0.07547169811320753,0.041269841269841345,0.05970149253731344,20,2,5,39,0.7924528301886793,7.821230194891798,0.17008663930688558
groot_l10_500,r6p3v2_groot_l10_500_A_r1,r6p3v2_groot_l10_500_A_r1:eval:6:1,2,6,1,0,0,A,False,42.708,45.762,inactive,warming_up,,,,0,2,5,39,,,
groot_l10_500,r6p3v2_groot_l10_500_A_r1,r6p3v2_groot_l10_500_A_r1:eval:6:1,2,6,1,2,10,A,False,28.978,30.684,inactive,warming_up,,,,0,2,5,39,,,
groot_l10_500,r6p3v2_groot_l10_500_A_r1,r6p3v2_groot_l10_500_A_r1:eval:6:1,2,6,1,4,20,A,False,3857.538,3860.134,ok,,0.08888888888888889,0.018367346938775522,0.059701492537313425,20,2,5,39,0.0,7.7650595178041115,0.0380479735318445
groot_l10_500,r6p3v2_groot_l10_500_A_r1,r6p3v2_groot_l10_500_A_r1:eval:6:1,2,6,1,6,30,A,False,3900.537,3903.556,ok,,0.10256410256410257,0.02564102564102566,0.059701492537313425,20,2,5,39,0.044444444444444446,7.288242362739456,0.031111111111111117
groot_l10_500,r6p3v2_groot_l10_500_A_r1,r6p3v2_groot_l10_500_A_r1:eval:6:1,2,6,1,8,40,A,True,3707.687,3710.565,ok,,0.0975609756097561,0.015437392795883367,0.059701492537313425,20,2,5,39,0.0975609756097561,7.717275074698844,0.02256410256410256
groot_l10_500,r6p3v2_groot_l10_500_A_r1,r6p3v2_groot_l10_500_A_r1:eval:6:1,2,6,1,10,50,A,False,3872.46,3875.354,ok,,0.08888888888888888,0.01432880844645551,0.059701492537313425,20,2,5,39,0.12,7.9064254933084674,0.037500000000000006
groot_l10_500,r6p3v2_groot_l10_500_A_r1,r6p3v2_groot_l10_500_A_r1:eval:6:1,2,6,1,12,60,A,False,3734.265,3737.03,ok,,0.08888888888888888,0.024132730015082995,0.059701492537313425,20,2,5,39,0.17777777777777778,7.957990196511556,0.04374057315233788
groot_l10_500,r6p3v2_groot_l10_500_A_r1,r6p3v2_groot_l10_500_A_r1:eval:6:1,2,6,1,14,70,A,False,3890.981,3893.57,slow_ambiguous,,0.05128205128205132,0.01489361702127659,0.059701492537313425,20,2,5,39,0.2222222222222222,7.705254141020107,0.05947712418300655
groot_l10_500,r6p3v2_groot_l10_500_A_r1,r6p3v2_groot_l10_500_A_r1:eval:6:1,2,6,1,16,80,A,True,3796.909,3799.477,ok,,0.09302325581395349,0.024132730015082995,0.059701492537313425,20,2,5,39,0.2926829268292683,8.155152585286583,0.04871794871794878
groot_l10_500,r6p3v2_groot_l10_500_A_r1,r6p3v2_groot_l10_500_A_r1:eval:6:1,2,6,1,18,90,A,False,3797.723,3800.453,ok,,0.10526315789473684,0.034094368340943704,0.059701492537313425,20,2,5,39,0.3076923076923077,8.113867323103268,0.056976744186046535
groot_l10_500,r6p3v2_groot_l10_500_A_r1,r6p3v2_groot_l10_500_A_r1:eval:6:1,2,6,1,20,100,A,True,3779.706,3782.346,ok,,0.09756097560975607,0.05633802816901412,0.059701492537313494,20,2,5,39,0.3684210526315789,8.392490357723977,0.01223990208078335
groot_l10_500,r6p3v2_groot_l10_500_A_r1,r6p3v2_groot_l10_500_A_r1:eval:6:1,2,6,1,22,110,A,False,3810.232,3812.999,ok,,0.09302325581395349,0.054698457223001484,0.05970149253731344,20,2,5,39,0.42105263157894735,8.092589681054159,0.0564826700898588
groot_l10_500,r6p3v2_groot_l10_500_A_r1,r6p3v2_groot_l10_500_A_r1:eval:6:1,2,6,1,24,120,A,False,3730.528,3733.322,ok,,0.09090909090909088,0.054698457223001484,0.05970149253731344,20,2,5,39,0.4186046511627907,7.834385968305298,0.06604747162022707
groot_l10_500,r6p3v2_groot_l10_500_A_r1,r6p3v2_groot_l10_500_A_r1:eval:6:1,2,6,1,26,130,A,False,3710.477,3713.162,ok,,0.09090909090909088,0.04994192799070851,0.05970149253731344,20,2,5,39,0.5,8.412682160002648,0.06604747162022706
groot_l10_500,r6p3v2_groot_l10_500_A_r1,r6p3v2_groot_l10_500_A_r1:eval:6:1,2,6,1,28,140,A,False,3837.766,3840.567,ok,,0.09302325581395349,0.017116524028966407,0.059701492537313404,20,2,5,39,0.46511627906976744,9.030210934564947,0.03508771929824561
groot_l10_500,r6p3v2_groot_l10_500_A_r1,r6p3v2_groot_l10_500_A_r1:eval:6:1,2,6,1,30,150,A,False,3827.641,3830.317,ok,,0.09090909090909094,0.036956521739130443,0.05970149253731344,20,2,5,39,0.5454545454545454,9.351772339024096,0.04643962848297217
groot_l10_500,r6p3v2_groot_l10_500_A_r1,r6p3v2_groot_l10_500_A_r1:eval:6:1,2,6,1,32,160,A,False,3843.514,3846.187,ok,,0.10526315789473684,0.05970149253731344,0.05970149253731344,20,2,5,39,0.6046511627906976,8.91402325066839,0.08474036317298506
groot_l10_500,r6p3v2_groot_l10_500_A_r1,r6p3v2_groot_l10_500_A_r1:eval:6:1,2,6,1,34,170,A,False,3847.071,3849.771,ok,,0.12244897959183676,0.044242768009075395,0.05970149253731338,20,2,5,39,0.7272727272727273,8.84834774537285,0.10909090909090915
groot_l10_500,r6p3v2_groot_l10_500_A_r1,r6p3v2_groot_l10_500_A_r1:eval:6:1,2,6,1,36,180,A,False,3591.499,3594.266,ok,,0.13953488372093026,0.044242768009075395,0.059701492537313494,20,2,5,39,0.7727272727272727,8.282480761234885,0.14164904862579275
groot_l10_500,r6p3v2_groot_l10_500_A_r1,r6p3v2_groot_l10_500_A_r1:eval:6:1,2,6,1,38,190,A,True,3788.713,3791.448,ok,,0.09302325581395343,0.0547945205479452,0.05970149253731344,20,2,5,39,0.8372093023255814,7.967064543464171,0.05790223065970579
groot_l10_500,r6p3v2_groot_l10_500_A_r1,r6p3v2_groot_l10_500_A_r1:eval:6:1,2,6,1,40,200,A,False,3863.473,3866.309,ok,,0.06666666666666665,0.04901960784313719,0.059701492537313494,20,2,5,39,0.9333333333333333,7.642073963666008,0.08402100525131284
groot_l10_500,r6p3v2_groot_l10_500_A_r1,r6p3v2_groot_l10_500_A_r1:eval:7:0,2,7,0,0,0,A,False,36.349,39.242,inactive,warming_up,,,,0,2,5,42,,,
groot_l10_500,r6p3v2_groot_l10_500_A_r1,r6p3v2_groot_l10_500_A_r1:eval:7:0,2,7,0,2,10,A,False,24.868,26.23,inactive,warming_up,,,,0,2,5,42,,,
groot_l10_500,r6p3v2_groot_l10_500_A_r1,r6p3v2_groot_l10_500_A_r1:eval:7:0,2,7,0,4,20,A,False,4454.269,4456.575,ok,,0.07692307692307693,0.03152088258471237,0.07017543859649122,20,2,5,42,0.0,7.698804027275099,0.04333333333333333
groot_l10_500,r6p3v2_groot_l10_500_A_r1,r6p3v2_groot_l10_500_A_r1:eval:7:0,2,7,0,6,30,A,False,4230.202,4232.862,ok,,0.0851063829787234,0.03152088258471237,0.07017543859649122,20,2,5,42,0.0,6.509249792253872,0.054901960784313725
groot_l10_500,r6p3v2_groot_l10_500_A_r1,r6p3v2_groot_l10_500_A_r1:eval:7:0,2,7,0,8,40,A,False,4158.55,4161.141,ok,,0.08510638297872339,0.04163265306122448,0.07017543859649122,20,2,5,42,0.0784313725490196,6.946253185280071,0.04656862745098039
groot_l10_500,r6p3v2_groot_l10_500_A_r1,r6p3v2_groot_l10_500_A_r1:eval:7:0,2,7,0,10,50,A,False,4300.082,4302.6,ok,,0.08333333333333334,0.03152088258471237,0.07017543859649122,20,2,5,42,0.12244897959183673,6.575851724062019,0.16452830188679243
groot_l10_500,r6p3v2_groot_l10_500_A_r1,r6p3v2_groot_l10_500_A_r1:eval:7:0,2,7,0,12,60,A,True,4442.659,4445.419,ok,,0.08510638297872339,0.03547169811320755,0.07017543859649122,20,2,5,42,0.16326530612244897,6.434284657268985,0.3058503401360544
groot_l10_500,r6p3v2_groot_l10_500_A_r1,r6p3v2_groot_l10_500_A_r1:eval:7:0,2,7,0,14,70,A,False,4243.847,4246.306,slow_ambiguous,,0.04166666666666666,0.03547169811320755,0.07017543859649122,20,2,5,42,0.20833333333333334,6.511922894172145,0.15999999999999998
groot_l10_500,r6p3v2_groot_l10_500_A_r1,r6p3v2_groot_l10_500_A_r1:eval:7:0,2,7,0,16,80,A,True,4165.125,4171.148,ok,,0.08163265306122447,0.014229249011857709,0.07017543859649122,20,2,5,42,0.25,7.336453419567834,0.07189542483660129
groot_l10_500,r6p3v2_groot_l10_500_A_r1,r6p3v2_groot_l10_500_A_r1:eval:7:0,2,7,0,18,90,A,False,4167.929,4170.625,ok,,0.12244897959183669,0.03398692810457521,0.07017543859649122,20,2,5,42,0.25,7.789701998095669,0.10559495665878643
groot_l10_500,r6p3v2_groot_l10_500_A_r1,r6p3v2_groot_l10_500_A_r1:eval:7:0,2,7,0,20,100,A,False,4233.278,4236.537,ok,,0.08163265306122452,0.032478632478632474,0.07017543859649122,20,2,5,42,0.2978723404255319,7.83461245812019,0.006675010429703809
groot_l10_500,r6p3v2_groot_l10_500_A_r1,r6p3v2_groot_l10_500_A_r1:eval:7:0,2,7,0,22,110,A,False,4088.314,4091.277,ok,,0.08888888888888885,0.026666666666666727,0.07017543859649122,20,2,5,42,0.35555555555555557,8.16917374000968,0.03601440576230491
groot_l10_500,r6p3v2_groot_l10_500_A_r1,r6p3v2_groot_l10_500_A_r1:eval:7:0,2,7,0,24,120,A,False,4184.827,4187.542,ok,,0.08510638297872336,0.032478632478632474,0.07017543859649122,20,2,5,42,0.3829787234042553,7.55685530757649,0.014591883264933936
groot_l10_500,r6p3v2_groot_l10_500_A_r1,r6p3v2_groot_l10_500_A_r1:eval:7:0,2,7,0,26,130,A,False,4126.474,4129.23,ok,,0.12499999999999996,0.039651837524177946,0.07017543859649122,20,2,5,42,0.4186046511627907,6.8800554444770485,0.10031919744642032
groot_l10_500,r6p3v2_groot_l10_500_A_r1,r6p3v2_groot_l10_500_A_r1:eval:7:0,2,7,0,28,140,A,True,4100.741,4103.462,ok,,0.08163265306122447,0.04440333024976878,0.07017543859649122,20,2,5,42,0.5,7.194072092116493,0.04162812210915823
groot_l10_500,r6p3v2_groot_l10_500_A_r1,r6p3v2_groot_l10_500_A_r1:eval:7:0,2,7,0,30,150,A,False,4358.05,4360.937,ok,,0.08163265306122447,0.01459188326493377,0.07017543859649122,20,2,5,42,0.5490196078431373,7.379844861215129,0.006675010429703865
groot_l10_500,r6p3v2_groot_l10_500_A_r1,r6p3v2_groot_l10_500_A_r1:eval:7:0,2,7,0,32,160,A,False,3999.277,4002.019,ok,,0.08163265306122447,0.01459188326493377,0.07017543859649122,20,2,5,42,0.5957446808510638,7.40751641840644,0.008183306055646544
groot_l10_500,r6p3v2_groot_l10_500_A_r1,r6p3v2_groot_l10_500_A_r1:eval:7:0,2,7,0,34,170,A,False,4230.728,4233.397,ok,,0.08163265306122458,0.01459188326493377,0.07017543859649122,20,2,5,42,0.6382978723404256,7.791899971838659,0.008183306055646544
groot_l10_500,r6p3v2_groot_l10_500_A_r1,r6p3v2_groot_l10_500_A_r1:eval:7:0,2,7,0,36,180,A,False,4082.197,4085.03,ok,,0.08333333333333337,0.010033444816053505,0.07017543859649122,20,2,5,42,0.6666666666666666,7.984038430471821,0.01610017889087645
groot_l10_500,r6p3v2_groot_l10_500_A_r1,r6p3v2_groot_l10_500_A_r1:eval:7:0,2,7,0,38,190,A,False,4149.886,4152.358,ok,,0.0851063829787233,0.007256235827664437,0.07017543859649122,20,2,5,42,0.723404255319149,8.044889131237792,0.06708463949843269
groot_l10_500,r6p3v2_groot_l10_500_A_r1,r6p3v2_groot_l10_500_A_r1:eval:7:0,2,7,0,40,200,A,True,4174.759,4177.42,ok,,0.07843137254901955,0.03465537158259535,0.07017543859649122,20,2,5,42,0.7450980392156863,7.198019699382772,0.04255319148936165
groot_l10_500,r6p3v2_groot_l10_500_A_r1,r6p3v2_groot_l10_500_A_r1:eval:7:0,2,7,0,42,210,A,False,4089.954,4092.758,ok,,0.08163265306122447,0.01459188326493377,0.07017543859649122,20,2,5,42,0.7843137254901961,7.0031259488388455,0.012379110251450665
groot_l10_500,r6p3v2_groot_l10_500_A_r1,r6p3v2_groot_l10_500_A_r1:eval:7:0,2,7,0,44,220,A,False,4182.078,4185.053,ok,,0.07843137254901966,0.03918722786647322,0.07017543859649122,20,2,5,42,0.8235294117647058,7.355822156339108,0.042553191489361764
groot_l10_500,r6p3v2_groot_l10_500_A_r1,r6p3v2_groot_l10_500_A_r1:eval:7:0,2,7,0,46,230,A,True,4085.198,4087.952,ok,,0.07272727272727275,0.023126734505087954,0.0701754385964913,20,2,5,42,0.8837209302325582,7.722632786256804,0.035121025154247865
groot_l10_500,r6p3v2_groot_l10_500_A_r1,r6p3v2_groot_l10_500_A_r1:eval:7:0,2,7,0,48,240,A,False,4143.264,4157.918,slow_ambiguous,,0.04081632653061229,0.03465537158259535,0.0701754385964913,20,2,5,42,0.9166666666666666,7.309055653461354,0.037710437710437694
groot_l10_500,r6p3v2_groot_l10_500_A_r1,r6p3v2_groot_l10_500_A_r1:eval:7:0,2,7,0,50,250,A,False,4205.906,4208.559,slow_ambiguous,,0.03703703703703709,0.0366013071895425,0.07017543859649122,20,2,5,42,0.9629629629629629,7.053544207951503,0.07692307692307687
groot_l10_500,r6p3v2_groot_l10_500_A_r1,r6p3v2_groot_l10_500_A_r1:eval:7:1,2,7,1,0,0,A,False,56.967,59.901,inactive,warming_up,,,,0,2,5,42,,,
groot_l10_500,r6p3v2_groot_l10_500_A_r1,r6p3v2_groot_l10_500_A_r1:eval:7:1,2,7,1,2,10,A,False,27.712,29.271,inactive,warming_up,,,,0,2,5,42,,,
groot_l10_500,r6p3v2_groot_l10_500_A_r1,r6p3v2_groot_l10_500_A_r1:eval:7:1,2,7,1,4,20,A,False,4219.468,4224.214,ok,,0.0784313725490196,0.009276437847866428,0.07017543859649122,20,2,5,42,0.0,7.681873586348169,0.014814814814814822
groot_l10_500,r6p3v2_groot_l10_500_A_r1,r6p3v2_groot_l10_500_A_r1:eval:7:1,2,7,1,6,30,A,False,4080.644,4083.414,ok,,0.08695652173913043,0.014229249011857709,0.07017543859649122,20,2,5,42,0.03773584905660377,6.986487752901234,0.05218787635487754
groot_l10_500,r6p3v2_groot_l10_500_A_r1,r6p3v2_groot_l10_500_A_r1:eval:7:1,2,7,1,8,40,A,True,3985.273,3987.893,ok,,0.08,0.009689922480620158,0.07017543859649122,20,2,5,42,0.08,7.056528788816444,0.01683501683501684
groot_l10_500,r6p3v2_groot_l10_500_A_r1,r6p3v2_groot_l10_500_A_r1:eval:7:1,2,7,1,10,50,A,False,4179.085,4181.803,ok,,0.09090909090909091,0.024521072796934856,0.07017543859649122,20,2,5,42,0.11764705882352941,6.989592188725321,0.10823529411764704
groot_l10_500,r6p3v2_groot_l10_500_A_r1,r6p3v2_groot_l10_500_A_r1:eval:7:1,2,7,1,12,60,A,False,4035.525,4038.153,ok,,0.08510638297872342,0.03676470588235295,0.07017543859649122,20,2,5,42,0.1568627450980392,6.684623916791195,0.05244755244755242
groot_l10_500,r6p3v2_groot_l10_500_A_r1,r6p3v2_groot_l10_500_A_r1:eval:7:1,2,7,1,14,70,A,False,4088.039,4090.749,slow_ambiguous,,0.040816326530612235,0.04163265306122448,0.07017543859649122,20,2,5,42,0.19607843137254902,6.592659704059031,0.04664484451718495
groot_l10_500,r6p3v2_groot_l10_500_A_r1,r6p3v2_groot_l10_500_A_r1:eval:7:1,2,7,1,16,80,A,False,4113.887,4116.303,ok,,0.08333333333333334,0.007916872835230071,0.07017543859649122,20,2,5,42,0.2127659574468085,7.793591858705734,0.01616161616161621
groot_l10_500,r6p3v2_groot_l10_500_A_r1,r6p3v2_groot_l10_500_A_r1:eval:7:1,2,7,1,18,90,A,False,4029.788,4032.453,ok,,0.08510638297872342,0.016781083142639208,0.07017543859649122,20,2,5,42,0.2553191489361702,8.594985270275375,0.08789722785665993
groot_l10_500,r6p3v2_groot_l10_500_A_r1,r6p3v2_groot_l10_500_A_r1:eval:7:1,2,7,1,20,100,A,False,4179.23,4181.891,ok,,0.0784313725490196,0.0053238686779059075,0.07017543859649122,20,2,5,42,0.3076923076923077,8.69355630711221,0.019923371647509597
groot_l10_500,r6p3v2_groot_l10_500_A_r1,r6p3v2_groot_l10_500_A_r1:eval:7:1,2,7,1,22,110,A,False,4095.566,4098.393,ok,,0.0784313725490196,0.007256235827664381,0.07017543859649122,20,2,5,42,0.34615384615384615,8.345340604996027,0.019923371647509514
groot_l10_500,r6p3v2_groot_l10_500_A_r1,r6p3v2_groot_l10_500_A_r1:eval:7:1,2,7,1,24,120,A,True,4061.568,4074.891,ok,,0.0784313725490196,0.039079461571862706,0.07017543859649122,20,2,5,42,0.375,7.68123471173644,0.08333333333333331
groot_l10_500,r6p3v2_groot_l10_500_A_r1,r6p3v2_groot_l10_500_A_r1:eval:7:1,2,7,1,26,130,A,True,4227.616,4230.454,slow_ambiguous,,0.039215686274509776,0.04440333024976867,0.07017543859649122,20,2,5,42,0.43137254901960786,7.303649945781448,0.08333333333333331
groot_l10_500,r6p3v2_groot_l10_500_A_r1,r6p3v2_groot_l10_500_A_r1:eval:7:1,2,7,1,28,140,A,False,4008.362,4010.945,slow_ambiguous,,0.042553191489361764,0.04440333024976878,0.07017543859649122,20,2,5,42,0.47058823529411764,6.873472754109373,0.043948613928329994
groot_l10_500,r6p3v2_groot_l10_500_A_r1,r6p3v2_groot_l10_500_A_r1:eval:7:1,2,7,1,30,150,A,False,4274.68,4277.377,ok,,0.08510638297872342,0.03907946157186276,0.07017543859649122,20,2,5,42,0.4489795918367347,6.578158427726226,0.05348346235045735
groot_l10_500,r6p3v2_groot_l10_500_A_r1,r6p3v2_groot_l10_500_A_r1:eval:7:1,2,7,1,32,160,A,False,4157.851,4160.581,ok,,0.07999999999999996,0.042553191489361764,0.07017543859649122,20,2,5,42,0.5306122448979592,6.69505450421691,0.01614086573734408
groot_l10_500,r6p3v2_groot_l10_500_A_r1,r6p3v2_groot_l10_500_A_r1:eval:7:1,2,7,1,34,170,A,False,4197.603,4200.137,ok,,0.08163265306122447,0.03918722786647322,0.07017543859649122,20,2,5,42,0.5882352941176471,7.056661712589573,0.006675010429703865
groot_l10_500,r6p3v2_groot_l10_500_A_r1,r6p3v2_groot_l10_500_A_r1:eval:7:1,2,7,1,36,180,A,False,4115.512,4118.221,ok,,0.07843137254901966,0.03555555555555556,0.07017543859649122,20,2,5,42,0.6382978723404256,7.58467249717994,0.07348837209302328
groot_l10_500,r6p3v2_groot_l10_500_A_r1,r6p3v2_groot_l10_500_A_r1:eval:7:1,2,7,1,38,190,A,False,4014.512,4017.135,ok,,0.07547169811320764,0.03465537158259535,0.07017543859649122,20,2,5,42,0.6808510638297872,7.205319933372155,0.05047006432459167
groot_l10_500,r6p3v2_groot_l10_500_A_r1,r6p3v2_groot_l10_500_A_r1:eval:7:1,2,7,1,40,200,A,False,4206.494,4209.253,slow_ambiguous,,0.06896551724137934,0.031520882584712306,0.07017543859649122,20,2,5,42,0.723404255319149,6.865199511496012,0.05047006432459178
groot_l10_500,r6p3v2_groot_l10_500_A_r1,r6p3v2_groot_l10_500_A_r1:eval:7:1,2,7,1,42,210,A,False,4096.351,4098.997,ok,,0.07843137254901955,0.00927643784786647,0.07017543859649122,20,2,5,42,0.7450980392156863,7.356377325109822,0.01614086573734408
groot_l10_500,r6p3v2_groot_l10_500_A_r1,r6p3v2_groot_l10_500_A_r1:eval:7:1,2,7,1,44,220,A,False,4181.113,4183.956,ok,,0.08333333333333337,0.01459188326493377,0.07017543859649122,20,2,5,42,0.7755102040816326,7.228535418312785,0.010457516339869133
groot_l10_500,r6p3v2_groot_l10_500_A_r1,r6p3v2_groot_l10_500_A_r1:eval:7:1,2,7,1,46,230,A,False,4049.099,4051.649,ok,,0.08333333333333337,0.026412325752017685,0.07017543859649122,20,2,5,42,0.8163265306122449,7.17504929345538,0.010457516339869244
groot_l10_500,r6p3v2_groot_l10_500_A_r1,r6p3v2_groot_l10_500_A_r1:eval:7:1,2,7,1,48,240,A,False,4037.839,4040.298,ok,,0.08333333333333326,0.03068461427124032,0.07017543859649122,20,2,5,42,0.8837209302325582,7.427754297311744,0.04214559386973182
groot_l10_500,r6p3v2_groot_l10_500_A_r1,r6p3v2_groot_l10_500_A_r1:eval:7:1,2,7,1,50,250,A,False,4221.452,4223.847,ok,,0.07407407407407407,0.03465537158259535,0.0701754385964913,20,2,5,42,0.9259259259259259,7.3284520471528225,0.036821705426356655
groot_l10_500,r6p3v2_groot_l10_500_A_r1,r6p3v2_groot_l10_500_A_r1:eval:8:0,2,8,0,0,0,A,False,45.277,47.906,inactive,warming_up,,,,0,3,5,29,,,
groot_l10_500,r6p3v2_groot_l10_500_A_r1,r6p3v2_groot_l10_500_A_r1:eval:8:0,2,8,0,2,10,A,False,26.409,38.426,inactive,warming_up,,,,0,3,5,29,,,
groot_l10_500,r6p3v2_groot_l10_500_A_r1,r6p3v2_groot_l10_500_A_r1:eval:8:0,2,8,0,4,20,A,False,22.633,24.052,inactive,warming_up,,,,0,3,5,29,,,
groot_l10_500,r6p3v2_groot_l10_500_A_r1,r6p3v2_groot_l10_500_A_r1:eval:8:0,2,8,0,6,30,A,False,4680.969,4684.228,ok,,0.07142857142857142,0.015793714746172444,0.06521739130434782,30,3,5,29,0.0,7.332346303779585,0.017722878625134268
groot_l10_500,r6p3v2_groot_l10_500_A_r1,r6p3v2_groot_l10_500_A_r1:eval:8:0,2,8,0,8,40,A,False,4293.34,4295.871,ok,,0.07142857142857142,0.015793714746172444,0.06521739130434782,30,3,5,29,0.023809523809523808,6.7729373996400986,0.017722878625134268
groot_l10_500,r6p3v2_groot_l10_500_A_r1,r6p3v2_groot_l10_500_A_r1:eval:8:0,2,8,0,10,50,A,False,4292.942,4295.881,ok,,0.07142857142857142,0.01436781609195402,0.06521739130434782,30,3,5,29,0.047619047619047616,7.124273069561554,0.01772287862513426
groot_l10_500,r6p3v2_groot_l10_500_A_r1,r6p3v2_groot_l10_500_A_r1:eval:8:0,2,8,0,12,60,A,False,4209.673,4212.265,ok,,0.07142857142857142,0.03132832080200502,0.06521739130434782,30,3,5,29,0.07142857142857142,7.443148936428746,0.017722878625134268
groot_l10_500,r6p3v2_groot_l10_500_A_r1,r6p3v2_groot_l10_500_A_r1:eval:8:0,2,8,0,14,70,A,False,4256.327,4258.946,ok,,0.06521739130434784,0.03132832080200502,0.06521739130434782,30,3,5,29,0.09523809523809523,7.660499473585773,0.03132832080200502
groot_l10_500,r6p3v2_groot_l10_500_A_r1,r6p3v2_groot_l10_500_A_r1:eval:8:0,2,8,0,16,80,A,False,4190.451,4193.232,slow_ambiguous,,0.06122448979591835,0.040827147401908764,0.06521739130434782,30,3,5,29,0.12987012987012986,7.501000333660559,0.026999316473000662
groot_l10_500,r6p3v2_groot_l10_500_A_r1,r6p3v2_groot_l10_500_A_r1:eval:8:0,2,8,0,18,90,A,True,4370.157,4372.943,slow_ambiguous,,0.05405405405405406,0.029692470837751866,0.06521739130434782,30,3,5,29,0.13793103448275862,7.99196246947028,0.03546910755148741
groot_l10_500,r6p3v2_groot_l10_500_A_r1,r6p3v2_groot_l10_500_A_r1:eval:8:0,2,8,0,20,100,A,False,4175.649,4178.2,ok,,0.07894736842105263,0.027665317139001368,0.06521739130434784,30,3,5,29,0.18421052631578946,7.574433934928967,0.21530612244897962
groot_l10_500,r6p3v2_groot_l10_500_A_r1,r6p3v2_groot_l10_500_A_r1:eval:8:0,2,8,0,22,110,A,True,4222.962,4225.496,slow_ambiguous,,0.05555555555555558,0.027665317139001368,0.06521739130434784,30,3,5,29,0.21052631578947367,7.931564704287929,0.22135007849293561
groot_l10_500,r6p3v2_groot_l10_500_A_r1,r6p3v2_groot_l10_500_A_r1:eval:8:0,2,8,0,24,120,A,False,4191.591,4194.288,ok,,0.09999999999999996,0.0212613473483039,0.06521739130434784,30,3,5,29,0.25,7.483035098640561,0.2396650968079539
groot_l10_500,r6p3v2_groot_l10_500_A_r1,r6p3v2_groot_l10_500_A_r1:eval:8:0,2,8,0,26,130,A,False,4138.131,4140.718,slow_ambiguous,,0.05128205128205132,0.057692307692307654,0.06521739130434784,30,3,5,29,0.2777777777777778,7.566378661557785,0.08333333333333331
groot_l10_500,r6p3v2_groot_l10_500_A_r1,r6p3v2_groot_l10_500_A_r1:eval:8:0,2,8,0,28,140,A,False,4243.296,4245.73,ok,,0.06593406593406595,0.035714285714285705,0.06521739130434778,30,3,5,29,0.3055555555555556,7.650390442705127,0.042517006802721025
groot_l10_500,r6p3v2_groot_l10_500_A_r1,r6p3v2_groot_l10_500_A_r1:eval:8:0,2,8,0,30,150,A,False,4183.838,4186.428,slow_ambiguous,,0.05555555555555558,0.061224489795918324,0.06521739130434778,30,3,5,29,0.3611111111111111,7.717352607434131,0.051923076923076905
groot_l10_500,r6p3v2_groot_l10_500_A_r1,r6p3v2_groot_l10_500_A_r1:eval:8:0,2,8,0,32,160,A,True,4178.481,4181.074,ok,,0.07692307692307693,0.035714285714285705,0.06521739130434778,30,3,5,29,0.3611111111111111,7.962939652514436,0.04523809523809524
groot_l10_500,r6p3v2_groot_l10_500_A_r1,r6p3v2_groot_l10_500_A_r1:eval:8:0,2,8,0,34,170,A,False,4600.77,4293.614,ok,,0.07317073170731708,0.05143160127253443,0.06521739130434778,30,3,5,29,0.36585365853658536,8.216494388723152,0.015698587127158554
groot_l10_500,r6p3v2_groot_l10_500_A_r1,r6p3v2_groot_l10_500_A_r1:eval:8:0,2,8,0,36,180,A,True,4089.842,4092.538,ok,,0.07499999999999996,0.029692470837751866,0.06521739130434778,30,3,5,29,0.3902439024390244,8.242978742742652,0.056422569027611114
groot_l10_500,r6p3v2_groot_l10_500_A_r1,r6p3v2_groot_l10_500_A_r1:eval:8:0,2,8,0,38,190,A,True,4172.125,4174.678,ok,,0.07792207792207789,0.06521739130434784,0.06521739130434784,30,3,5,29,0.36363636363636365,7.958065573185216,0.022689075630252062
groot_l10_500,r6p3v2_groot_l10_500_A_r1,r6p3v2_groot_l10_500_A_r1:eval:8:0,2,8,0,40,200,A,False,4093.234,4095.97,slow_ambiguous,,0.052631578947368425,0.030612244897959162,0.06521739130434784,30,3,5,29,0.4155844155844156,7.870286725642795,0.01864018334606577
groot_l10_500,r6p3v2_groot_l10_500_A_r1,r6p3v2_groot_l10_500_A_r1:eval:8:0,2,8,0,42,210,A,False,4227.832,4230.642,ok,,0.07792207792207789,0.04299149126735334,0.06521739130434778,30,3,5,29,0.4470588235294118,8.061737044548877,0.05442176870748293
groot_l10_500,r6p3v2_groot_l10_500_A_r1,r6p3v2_groot_l10_500_A_r1:eval:8:0,2,8,0,44,220,A,True,4215.732,4218.529,slow_ambiguous,,0.052631578947368425,0.04457527333894028,0.06521739130434778,30,3,5,29,0.4470588235294118,8.110687530259748,0.07370948379351733
groot_l10_500,r6p3v2_groot_l10_500_A_r1,r6p3v2_groot_l10_500_A_r1:eval:8:0,2,8,0,46,230,A,False,4123.77,4126.462,ok,,0.07142857142857145,0.04457527333894028,0.06521739130434778,30,3,5,29,0.4470588235294118,8.162584244109967,0.07683073229291709
groot_l10_500,r6p3v2_groot_l10_500_A_r1,r6p3v2_groot_l10_500_A_r1:eval:8:0,2,8,0,48,240,A,True,4290.534,4293.248,slow_ambiguous,,0.052631578947368474,0.024401064773735492,0.06521739130434778,30,3,5,29,0.49411764705882355,8.276515789638122,0.03457382953181275
groot_l10_500,r6p3v2_groot_l10_500_A_r1,r6p3v2_groot_l10_500_A_r1:eval:8:0,2,8,0,50,250,A,False,4104.753,4107.544,ok,,0.07058823529411762,0.02895111532985284,0.06521739130434778,30,3,5,29,0.49411764705882355,8.119139317972163,0.01772287862513433
groot_l10_500,r6p3v2_groot_l10_500_A_r1,r6p3v2_groot_l10_500_A_r1:eval:8:0,2,8,0,52,260,A,False,4299.627,4302.104,ok,,0.07058823529411762,0.02895111532985284,0.06521739130434778,30,3,5,29,0.5176470588235295,8.106689537021289,0.017722878625134206
groot_l10_500,r6p3v2_groot_l10_500_A_r1,r6p3v2_groot_l10_500_A_r1:eval:8:0,2,8,0,54,270,A,False,4162.151,4164.966,ok,,0.07058823529411772,0.026923076923076945,0.06521739130434778,30,3,5,29,0.5411764705882353,8.221582515648329,0.01772287862513422
groot_l10_500,r6p3v2_groot_l10_500_A_r1,r6p3v2_groot_l10_500_A_r1:eval:8:0,2,8,0,56,280,A,True,4043.207,4045.946,ok,,0.07058823529411762,0.022708618331053296,0.0652173913043479,30,3,5,29,0.5647058823529412,8.21965233111985,0.030166880616174563
groot_l10_500,r6p3v2_groot_l10_500_A_r1,r6p3v2_groot_l10_500_A_r1:eval:8:0,2,8,0,58,290,A,False,4201.118,4203.84,ok,,0.0714285714285715,0.00978260869565227,0.0652173913043479,30,3,5,29,0.5714285714285714,8.24257512677862,0.03796203796203801
groot_l10_500,r6p3v2_groot_l10_500_A_r1,r6p3v2_groot_l10_500_A_r1:eval:8:0,2,8,0,60,300,A,False,4167.912,4170.909,ok,,0.0714285714285714,0.025974025974025983,0.06521739130434778,30,3,5,29,0.5974025974025974,7.709545440695327,0.056017153578129183
groot_l10_500,r6p3v2_groot_l10_500_A_r1,r6p3v2_groot_l10_500_A_r1:eval:8:0,2,8,0,62,310,A,False,4172.817,4175.467,ok,,0.10389610389610393,0.028142589118198988,0.0652173913043479,30,3,5,29,0.6233766233766234,7.50851608977805,0.07524240465416943
groot_l10_500,r6p3v2_groot_l10_500_A_r1,r6p3v2_groot_l10_500_A_r1:eval:8:0,2,8,0,64,320,A,False,4186.048,4188.726,ok,,0.09756097560975618,0.013269339356295928,0.06521739130434778,30,3,5,29,0.6753246753246753,7.431241964420388,0.14585414585414577
groot_l10_500,r6p3v2_groot_l10_500_A_r1,r6p3v2_groot_l10_500_A_r1:eval:8:0,2,8,0,66,330,A,False,4073.604,4076.192,ok,,0.11764705882352944,0.012704686617730054,0.06521739130434778,30,3,5,29,0.6823529411764706,7.419229839480738,0.11846689895470386
groot_l10_500,r6p3v2_groot_l10_500_A_r1,r6p3v2_groot_l10_500_A_r1:eval:8:0,2,8,0,68,340,A,False,4231.742,4234.288,ok,,0.09876543209876543,0.028539361872695235,0.06521739130434778,30,3,5,29,0.7407407407407407,7.637299628839361,0.15074337427278603
groot_l10_500,r6p3v2_groot_l10_500_A_r1,r6p3v2_groot_l10_500_A_r1:eval:8:0,2,8,0,70,350,A,False,4114.497,4117.291,slow_ambiguous,,0.04705882352941171,0.051470588235294046,0.06521739130434778,30,3,5,29,0.7764705882352941,7.857497691278969,0.11816578483245144
groot_l10_500,r6p3v2_groot_l10_500_A_r1,r6p3v2_groot_l10_500_A_r1:eval:8:0,2,8,0,72,360,A,False,4037.675,4040.22,slow_ambiguous,,0.04761904761904756,0.04705882352941182,0.06521739130434778,30,3,5,29,0.8148148148148148,7.846650779675787,0.08636069812540391
groot_l10_500,r6p3v2_groot_l10_500_A_r1,r6p3v2_groot_l10_500_A_r1:eval:8:0,2,8,0,74,370,A,False,4188.098,4190.793,slow_ambiguous,,0.06521739130434778,0.06593406593406592,0.0652173913043479,30,3,5,29,0.8260869565217391,8.087844308124374,0.027472527472527375
groot_l10_500,r6p3v2_groot_l10_500_A_r1,r6p3v2_groot_l10_500_A_r1:eval:8:0,2,8,0,76,380,A,False,3924.628,3927.22,ok,,0.07792207792207785,0.029560201874549344,0.06521739130434778,30,3,5,29,0.8311688311688312,8.583590524809205,0.04649859943977584
groot_l10_500,r6p3v2_groot_l10_500_A_r1,r6p3v2_groot_l10_500_A_r1:eval:8:0,2,8,0,78,390,A,False,4358.815,4361.283,ok,,0.0714285714285715,0.013226263580538494,0.0652173913043479,30,3,5,29,0.8571428571428571,8.787217894195958,0.03289315726290508
groot_l10_500,r6p3v2_groot_l10_500_A_r1,r6p3v2_groot_l10_500_A_r1:eval:8:0,2,8,0,80,400,A,False,4128.228,4130.809,ok,,0.0714285714285714,0.016974389517569924,0.0652173913043479,30,3,5,29,0.8831168831168831,9.003764098284115,0.03289315726290519
groot_l10_500,r6p3v2_groot_l10_500_A_r1,r6p3v2_groot_l10_500_A_r1:eval:8:0,2,8,0,82,410,A,False,4057.535,4059.872,ok,,0.07792207792207795,0.016974389517570035,0.0652173913043479,30,3,5,29,0.9090909090909091,8.912871526151626,0.034013605442176895
groot_l10_500,r6p3v2_groot_l10_500_A_r1,r6p3v2_groot_l10_500_A_r1:eval:8:0,2,8,0,84,420,A,False,4089.629,4104.291,slow_ambiguous,,0.06493506493506496,0.06593406593406592,0.0652173913043479,30,3,5,29,0.935064935064935,8.656354200516853,0.024369747899159577
groot_l10_500,r6p3v2_groot_l10_500_A_r1,r6p3v2_groot_l10_500_A_r1:eval:8:1,2,8,1,0,0,A,False,53.48,56.514,inactive,warming_up,,,,0,3,5,29,,,
groot_l10_500,r6p3v2_groot_l10_500_A_r1,r6p3v2_groot_l10_500_A_r1:eval:8:1,2,8,1,2,10,A,False,26.186,27.714,inactive,warming_up,,,,0,3,5,29,,,
groot_l10_500,r6p3v2_groot_l10_500_A_r1,r6p3v2_groot_l10_500_A_r1:eval:8:1,2,8,1,4,20,A,True,22.476,24.076,inactive,warming_up,,,,0,3,5,29,,,
groot_l10_500,r6p3v2_groot_l10_500_A_r1,r6p3v2_groot_l10_500_A_r1:eval:8:1,2,8,1,6,30,A,False,4503.884,4506.465,ok,,0.07058823529411765,0.019780219780219765,0.06521739130434782,30,3,5,29,0.0,8.567136848563116,0.03546910755148741
groot_l10_500,r6p3v2_groot_l10_500_A_r1,r6p3v2_groot_l10_500_A_r1:eval:8:1,2,8,1,8,40,A,False,4172.344,4182.319,ok,,0.07058823529411765,0.015793714746172444,0.06521739130434782,30,3,5,29,0.023529411764705882,7.972720982121996,0.03546910755148741
groot_l10_500,r6p3v2_groot_l10_500_A_r1,r6p3v2_groot_l10_500_A_r1:eval:8:1,2,8,1,10,50,A,False,4083.011,4085.682,ok,,0.07142857142857142,0.01864018334606568,0.06521739130434782,30,3,5,29,0.047619047619047616,8.30499656799189,0.02096729102599945
groot_l10_500,r6p3v2_groot_l10_500_A_r1,r6p3v2_groot_l10_500_A_r1:eval:8:1,2,8,1,12,60,A,False,3908.697,3911.236,ok,,0.07058823529411765,0.034022257551669294,0.06521739130434782,30,3,5,29,0.07058823529411765,8.587847493454639,0.03499132446500868
groot_l10_500,r6p3v2_groot_l10_500_A_r1,r6p3v2_groot_l10_500_A_r1:eval:8:1,2,8,1,14,70,A,True,4109.0,4111.677,ok,,0.07058823529411765,0.029692470837751866,0.06521739130434782,30,3,5,29,0.1038961038961039,8.327600271572829,0.035469107551487404
groot_l10_500,r6p3v2_groot_l10_500_A_r1,r6p3v2_groot_l10_500_A_r1:eval:8:1,2,8,1,16,80,A,False,3823.523,3826.23,ok,,0.06521739130434782,0.035714285714285705,0.06521739130434781,30,3,5,29,0.12987012987012986,8.118488516224037,0.03188854489164087
groot_l10_500,r6p3v2_groot_l10_500_A_r1,r6p3v2_groot_l10_500_A_r1:eval:8:1,2,8,1,18,90,A,False,4101.051,4103.901,ok,,0.08695652173913043,0.027665317139001368,0.06521739130434784,30,3,5,29,0.15584415584415584,8.206184554418062,0.07823613086770982
groot_l10_500,r6p3v2_groot_l10_500_A_r1,r6p3v2_groot_l10_500_A_r1:eval:8:1,2,8,1,20,100,A,False,4117.267,4119.949,ok,,0.07894736842105263,0.025551684088269445,0.06521739130434781,30,3,5,29,0.18181818181818182,8.501445139757811,0.2357142857142857
groot_l10_500,r6p3v2_groot_l10_500_A_r1,r6p3v2_groot_l10_500_A_r1:eval:8:1,2,8,1,22,110,A,True,3904.945,3907.554,slow_ambiguous,,0.05128205128205126,0.025551684088269445,0.06521739130434781,30,3,5,29,0.23076923076923078,8.483675599769434,0.21750069890970083
groot_l10_500,r6p3v2_groot_l10_500_A_r1,r6p3v2_groot_l10_500_A_r1:eval:8:1,2,8,1,24,120,A,True,3887.224,3889.83,slow_confirmed,,0.02564102564102566,0.022148394241417492,0.06521739130434781,30,3,5,29,0.2564102564102564,8.377378584852156,0.09999999999999996
groot_l10_500,r6p3v2_groot_l10_500_A_r1,r6p3v2_groot_l10_500_A_r1:eval:8:1,2,8,1,26,130,A,True,4092.599,4110.239,slow_confirmed,,0.023255813953488358,0.022148394241417492,0.06521739130434784,30,3,5,29,0.2558139534883721,8.298085258881006,0.07500000000000001
groot_l10_500,r6p3v2_groot_l10_500_A_r1,r6p3v2_groot_l10_500_A_r1:eval:8:1,2,8,1,28,140,A,False,4090.446,4094.627,slow_confirmed,,0.0,0.025811397904421177,0.06521739130434784,30,3,5,29,0.27906976744186046,8.1732186702787,0.04081632653061229
groot_l10_500,r6p3v2_groot_l10_500_A_r1,r6p3v2_groot_l10_500_A_r1:eval:8:1,2,8,1,30,150,A,False,4195.326,4197.892,slow_confirmed,,0.021739130434782594,0.022148394241417492,0.06521739130434784,30,3,5,29,0.375,9.007536635779202,0.07317073170731705
groot_l10_500,r6p3v2_groot_l10_500_A_r1,r6p3v2_groot_l10_500_A_r1:eval:8:1,2,8,1,32,160,A,True,3742.834,3745.483,slow_ambiguous,,0.05128205128205126,0.024291497975708502,0.06521739130434784,30,3,5,29,0.28205128205128205,9.732306146431519,0.07256097560975609
groot_l10_500,r6p3v2_groot_l10_500_A_r1,r6p3v2_groot_l10_500_A_r1:eval:8:1,2,8,1,34,170,A,True,4191.631,4194.291,slow_ambiguous,,0.05128205128205126,0.024291497975708502,0.06521739130434784,30,3,5,29,0.3076923076923077,10.163618233715821,0.08026315789473683
groot_l10_500,r6p3v2_groot_l10_500_A_r1,r6p3v2_groot_l10_500_A_r1:eval:8:1,2,8,1,36,180,A,False,3976.01,3978.665,ok,,0.10256410256410259,0.02173913043478265,0.06521739130434784,30,3,5,29,0.3333333333333333,10.768861143790364,0.11388888888888893
groot_l10_500,r6p3v2_groot_l10_500_A_r1,r6p3v2_groot_l10_500_A_r1:eval:8:1,2,8,1,38,190,A,True,4179.98,4182.477,ok,,0.1111111111111111,0.024390243902438984,0.06521739130434784,30,3,5,29,0.3888888888888889,10.566163031377766,0.05657894736842112
groot_l10_500,r6p3v2_groot_l10_500_A_r1,r6p3v2_groot_l10_500_A_r1:eval:8:1,2,8,1,40,200,A,False,4071.285,4073.914,ok,,0.09411764705882351,0.01772287862513422,0.06521739130434784,30,3,5,29,0.3684210526315789,9.977023583897541,0.024154589371980603
groot_l10_500,r6p3v2_groot_l10_500_A_r1,r6p3v2_groot_l10_500_A_r1:eval:8:1,2,8,1,42,210,A,False,3805.281,3807.772,ok,,0.08163265306122446,0.01713586291309669,0.06521739130434784,30,3,5,29,0.39473684210526316,9.279634139738384,0.0243502051983584
groot_l10_500,r6p3v2_groot_l10_500_A_r1,r6p3v2_groot_l10_500_A_r1:eval:8:1,2,8,1,44,220,A,True,4066.15,4068.641,slow_ambiguous,,0.04761904761904761,0.022368421052631482,0.06521739130434784,30,3,5,29,0.44155844155844154,8.689020467881438,0.0681436210847976
groot_l10_500,r6p3v2_groot_l10_500_A_r1,r6p3v2_groot_l10_500_A_r1:eval:8:1,2,8,1,46,230,A,False,4106.561,4109.216,slow_ambiguous,,0.052631578947368425,0.02497502497502497,0.06521739130434778,30,3,5,29,0.4675324675324675,8.631189716290223,0.07370948379351744
groot_l10_500,r6p3v2_groot_l10_500_A_r1,r6p3v2_groot_l10_500_A_r1:eval:8:1,2,8,1,48,240,A,True,4179.691,4182.361,slow_ambiguous,,0.052631578947368425,0.03457273320287026,0.06521739130434784,30,3,5,29,0.4675324675324675,8.899933421029393,0.07370948379351733
groot_l10_500,r6p3v2_groot_l10_500_A_r1,r6p3v2_groot_l10_500_A_r1:eval:8:1,2,8,1,50,250,A,False,4105.735,4108.251,slow_ambiguous,,0.04878048780487809,0.022368421052631482,0.0652173913043479,30,3,5,29,0.5,9.297530529722705,0.06041784302653869
groot_l10_500,r6p3v2_groot_l10_500_A_r1,r6p3v2_groot_l10_500_A_r1:eval:8:1,2,8,1,52,260,A,False,3924.29,3926.85,slow_ambiguous,,0.061224489795918324,0.0116035455278002,0.06521739130434778,30,3,5,29,0.5194805194805194,9.563049992112747,0.02914159011719991
groot_l10_500,r6p3v2_groot_l10_500_A_r1,r6p3v2_groot_l10_500_A_r1:eval:8:1,2,8,1,54,270,A,False,4072.966,4075.494,ok,,0.07792207792207795,0.018414322250639437,0.06521739130434778,30,3,5,29,0.5128205128205128,9.855048156289433,0.03867871259175604
groot_l10_500,r6p3v2_groot_l10_500_A_r1,r6p3v2_groot_l10_500_A_r1:eval:8:1,2,8,1,56,280,A,False,4087.271,4089.916,ok,,0.07792207792207795,0.013729977116704872,0.06521739130434778,30,3,5,29,0.5609756097560976,9.428758445386256,0.030725372188786862
groot_l10_500,r6p3v2_groot_l10_500_A_r1,r6p3v2_groot_l10_500_A_r1:eval:8:1,2,8,1,58,290,A,False,4056.542,4059.097,ok,,0.07692307692307687,0.01512605042016811,0.06521739130434778,30,3,5,29,0.5813953488372093,9.280742147462595,0.034128662035638815
groot_l10_500,r6p3v2_groot_l10_500_A_r1,r6p3v2_groot_l10_500_A_r1:eval:8:1,2,8,1,60,300,A,True,4132.026,4134.794,ok,,0.07692307692307687,0.019444444444444375,0.0652173913043479,30,3,5,29,0.6097560975609756,8.475703617635002,0.04310833806012471
groot_l10_500,r6p3v2_groot_l10_500_A_r1,r6p3v2_groot_l10_500_A_r1:eval:8:1,2,8,1,62,310,A,False,3994.459,3997.396,ok,,0.07692307692307687,0.010162601626016246,0.0652173913043479,30,3,5,29,0.6341463414634146,8.460041029012661,0.030725372188786917
groot_l10_500,r6p3v2_groot_l10_500_A_r1,r6p3v2_groot_l10_500_A_r1:eval:8:1,2,8,1,64,320,A,True,4131.513,4134.387,ok,,0.07692307692307697,0.03086325439266624,0.0652173913043479,30,3,5,29,0.6585365853658537,8.454140945217217,0.05218377765173009
groot_l10_500,r6p3v2_groot_l10_500_A_r1,r6p3v2_groot_l10_500_A_r1:eval:8:1,2,8,1,66,330,A,False,4128.079,4130.691,slow_ambiguous,,0.051948051948051965,0.03086325439266624,0.0652173913043479,30,3,5,29,0.6829268292682927,8.379729227793135,0.05360493165371215
groot_l10_500,r6p3v2_groot_l10_500_A_r1,r6p3v2_groot_l10_500_A_r1:eval:8:1,2,8,1,68,340,A,True,4181.95,4205.563,slow_confirmed,,0.025974025974025983,0.03457273320287026,0.0652173913043479,30,3,5,29,0.7073170731707317,8.428009437362116,0.05209605209605207
groot_l10_500,r6p3v2_groot_l10_500_A_r1,r6p3v2_groot_l10_500_A_r1:eval:8:1,2,8,1,70,350,A,True,4123.042,4125.837,slow_ambiguous,,0.02197802197802201,0.06593406593406592,0.0652173913043479,30,3,5,29,0.7407407407407407,8.169216806774052,0.025974025974025983
groot_l10_500,r6p3v2_groot_l10_500_A_r1,r6p3v2_groot_l10_500_A_r1:eval:8:1,2,8,1,72,360,A,False,4044.09,4046.797,slow_confirmed,,0.0,0.03457273320287026,0.06521739130434778,30,3,5,29,0.7272727272727273,8.321195305636435,0.15384615384615385
groot_l10_500,r6p3v2_groot_l10_500_A_r1,r6p3v2_groot_l10_500_A_r1:eval:8:1,2,8,1,74,370,A,True,4194.401,4197.129,slow_confirmed,,0.0,0.03457273320287026,0.06521739130434778,30,3,5,29,0.7407407407407407,8.400138366558016,0.13186813186813184
groot_l10_500,r6p3v2_groot_l10_500_A_r1,r6p3v2_groot_l10_500_A_r1:eval:8:1,2,8,1,76,380,A,True,4047.47,4050.156,slow_confirmed,,0.0,0.03457273320287026,0.06521739130434778,30,3,5,29,0.7272727272727273,8.485330732732525,0.13186813186813184
groot_l10_500,r6p3v2_groot_l10_500_A_r1,r6p3v2_groot_l10_500_A_r1:eval:8:1,2,8,1,78,390,A,True,4230.636,4233.24,slow_confirmed,,0.0,0.03457273320287026,0.06521739130434778,30,3,5,29,0.7407407407407407,8.774969492109104,0.07058823529411762
groot_l10_500,r6p3v2_groot_l10_500_A_r1,r6p3v2_groot_l10_500_A_r1:eval:8:1,2,8,1,80,400,A,False,4133.159,4136.061,slow_confirmed,,0.0,0.03001786777843965,0.06521739130434784,30,3,5,29,0.7407407407407407,8.823719739736962,0.0
groot_l10_500,r6p3v2_groot_l10_500_A_r1,r6p3v2_groot_l10_500_A_r1:eval:8:1,2,8,1,82,410,A,True,4015.626,4018.26,slow_ambiguous,,0.0,0.06593406593406592,0.0652173913043479,30,3,5,29,0.7407407407407407,8.975256033749615,0.02564102564102566
groot_l10_500,r6p3v2_groot_l10_500_A_r1,r6p3v2_groot_l10_500_A_r1:eval:8:1,2,8,1,84,420,A,True,4185.072,4187.784,slow_confirmed,,0.0,0.03457273320287026,0.06521739130434778,30,3,5,29,0.7407407407407407,8.962503303061347,0.09411764705882351
groot_l10_500,r6p3v2_groot_l10_500_A_r1,r6p3v2_groot_l10_500_A_r1:eval:8:1,2,8,1,86,430,A,False,4172.912,4175.536,slow_confirmed,,0.0,0.03001786777843965,0.06521739130434784,30,3,5,29,0.7407407407407407,8.826585676131621,0.0
groot_l10_500,r6p3v2_groot_l10_500_A_r1,r6p3v2_groot_l10_500_A_r1:eval:8:1,2,8,1,88,440,A,True,4302.471,4305.379,slow_confirmed,,0.0,0.03001786777843965,0.06521739130434784,30,3,5,29,0.7407407407407407,8.817745799769888,0.0
groot_l10_500,r6p3v2_groot_l10_500_A_r1,r6p3v2_groot_l10_500_A_r1:eval:8:1,2,8,1,90,450,A,True,4121.344,4123.844,slow_confirmed,,0.0,0.03457273320287026,0.06521739130434778,30,3,5,29,0.7407407407407407,9.108324571734514,0.10389610389610393
groot_l10_500,r6p3v2_groot_l10_500_A_r1,r6p3v2_groot_l10_500_A_r1:eval:8:1,2,8,1,92,460,A,False,4028.358,4030.8,ok,,0.10256410256410252,0.03457273320287026,0.06521739130434778,30,3,5,29,0.7407407407407407,9.156159223869922,0.09607843137254891
groot_l10_500,r6p3v2_groot_l10_500_A_r1,r6p3v2_groot_l10_500_A_r1:eval:8:1,2,8,1,94,470,A,False,4226.669,4229.42,ok,,0.12345679012345677,0.03890160183066349,0.06521739130434778,30,3,5,29,0.7407407407407407,9.771463909297582,0.16483516483516478
groot_l10_500,r6p3v2_groot_l10_500_A_r1,r6p3v2_groot_l10_500_A_r1:eval:8:1,2,8,1,96,480,A,False,4141.328,4148.023,ok,,0.11764705882352944,0.03890160183066349,0.06521739130434778,30,3,5,29,0.8235294117647058,10.043652108003222,0.16300366300366298
groot_l10_500,r6p3v2_groot_l10_500_A_r1,r6p3v2_groot_l10_500_A_r1:eval:8:1,2,8,1,98,490,A,True,4236.043,4238.794,ok,,0.07407407407407408,0.03001786777843965,0.06521739130434778,30,3,5,29,0.8571428571428571,10.035444188982877,0.012704686617730054
groot_l10_500,r6p3v2_groot_l10_500_A_r1,r6p3v2_groot_l10_500_A_r1:eval:8:1,2,8,1,100,500,A,False,4134.695,4137.35,ok,,0.07792207792207795,0.013729977116704761,0.06521739130434778,30,3,5,29,0.8809523809523809,10.033953785847212,0.02733686067019403
groot_l10_500,r6p3v2_groot_l10_500_A_r1,r6p3v2_groot_l10_500_A_r1:eval:8:1,2,8,1,102,510,A,False,4177.046,4179.621,ok,,0.07692307692307687,0.013226263580538494,0.06521739130434778,30,3,5,29,0.9047619047619048,9.724190692375563,0.0364145658263305
groot_l10_500,r6p3v2_groot_l10_500_A_r1,r6p3v2_groot_l10_500_A_r1:eval:9:0,2,9,0,0,0,A,False,43.476,46.445,inactive,warming_up,,,,0,2,5,45,,,
groot_l10_500,r6p3v2_groot_l10_500_A_r1,r6p3v2_groot_l10_500_A_r1:eval:9:0,2,9,0,2,10,A,False,29.556,31.172,inactive,warming_up,,,,0,2,5,45,,,
groot_l10_500,r6p3v2_groot_l10_500_A_r1,r6p3v2_groot_l10_500_A_r1:eval:9:0,2,9,0,4,20,A,False,4863.28,4865.653,ok,,0.08,0.011032308904649346,0.058823529411764705,20,2,5,45,0.0,8.22566484080701,0.032474804031354984
groot_l10_500,r6p3v2_groot_l10_500_A_r1,r6p3v2_groot_l10_500_A_r1:eval:9:0,2,9,0,6,30,A,False,4560.199,4563.108,ok,,0.07999999999999999,0.013677811550151964,0.058823529411764705,20,2,5,45,0.04,6.971550363063023,0.006159014557670761
groot_l10_500,r6p3v2_groot_l10_500_A_r1,r6p3v2_groot_l10_500_A_r1:eval:9:0,2,9,0,8,40,A,False,4447.746,4450.378,ok,,0.07894736842105263,0.013677811550151978,0.058823529411764705,20,2,5,45,0.08,7.833680264983003,0.03744680851063831
groot_l10_500,r6p3v2_groot_l10_500_A_r1,r6p3v2_groot_l10_500_A_r1:eval:9:0,2,9,0,10,50,A,False,4445.08,4447.629,ok,,0.08000000000000002,0.010361016674761206,0.05882352941176472,20,2,5,45,0.12,8.583531190233186,0.05531686358754029
groot_l10_500,r6p3v2_groot_l10_500_A_r1,r6p3v2_groot_l10_500_A_r1:eval:9:0,2,9,0,12,60,A,False,4477.693,4480.447,ok,,0.07999999999999999,0.009634684865515858,0.05882352941176472,20,2,5,45,0.16,8.823466956445841,0.08689175769612711
groot_l10_500,r6p3v2_groot_l10_500_A_r1,r6p3v2_groot_l10_500_A_r1:eval:9:0,2,9,0,14,70,A,False,4527.349,4529.954,ok,,0.12,0.009259259259259273,0.05882352941176472,20,2,5,45,0.2,8.416291559793192,0.0768627450980392
groot_l10_500,r6p3v2_groot_l10_500_A_r1,r6p3v2_groot_l10_500_A_r1:eval:9:0,2,9,0,16,80,A,False,4584.797,4587.598,ok,,0.08000000000000002,0.03996983408748117,0.05882352941176472,20,2,5,45,0.25,7.699587483717725,0.03477617462079173
groot_l10_500,r6p3v2_groot_l10_500_A_r1,r6p3v2_groot_l10_500_A_r1:eval:9:0,2,9,0,18,90,A,False,4492.336,4495.059,ok,,0.08000000000000002,0.03547169811320755,0.05882352941176472,20,2,5,45,0.28,7.748240503287367,0.054426229508196755
groot_l10_500,r6p3v2_groot_l10_500_A_r1,r6p3v2_groot_l10_500_A_r1:eval:9:0,2,9,0,20,100,A,True,4522.396,4524.957,ok,,0.07692307692307693,0.012857602057216366,0.05882352941176472,20,2,5,45,0.3076923076923077,7.875579569858317,0.07189542483660134
groot_l10_500,r6p3v2_groot_l10_500_A_r1,r6p3v2_groot_l10_500_A_r1:eval:9:0,2,9,0,22,110,A,True,4476.305,4479.103,slow_confirmed,,0.0,0.03907946157186282,0.0588235294117647,20,2,5,45,0.38461538461538464,8.335745807967239,0.0
groot_l10_500,r6p3v2_groot_l10_500_A_r1,r6p3v2_groot_l10_500_A_r1:eval:9:0,2,9,0,24,120,A,False,4578.342,4580.949,ok,,0.07999999999999996,0.012857602057216366,0.05882352941176472,20,2,5,45,0.34782608695652173,7.9267617129737955,0.07190635451505017
groot_l10_500,r6p3v2_groot_l10_500_A_r1,r6p3v2_groot_l10_500_A_r1:eval:9:0,2,9,0,26,130,A,False,4458.679,4461.397,ok,,0.07999999999999996,0.022675736961451254,0.05882352941176472,20,2,5,45,0.36363636363636365,8.3058371998222,0.20806658130601785
groot_l10_500,r6p3v2_groot_l10_500_A_r1,r6p3v2_groot_l10_500_A_r1:eval:9:0,2,9,0,28,140,A,False,4473.002,4475.733,ok,,0.07692307692307693,0.03199343724364234,0.05882352941176461,20,2,5,45,0.4166666666666667,8.033275523151072,0.0469565217391304
groot_l10_500,r6p3v2_groot_l10_500_A_r1,r6p3v2_groot_l10_500_A_r1:eval:9:0,2,9,0,30,150,A,True,4523.056,4525.668,ok,,0.08333333333333331,0.02795031055900621,0.05882352941176472,20,2,5,45,0.4528301886792453,7.804003546429233,0.047633776678008
groot_l10_500,r6p3v2_groot_l10_500_A_r1,r6p3v2_groot_l10_500_A_r1:eval:9:0,2,9,0,32,160,A,True,4474.167,4476.791,ok,,0.07692307692307687,0.03907946157186282,0.0588235294117647,20,2,5,45,0.48,8.204984141133155,0.025335320417287588
groot_l10_500,r6p3v2_groot_l10_500_A_r1,r6p3v2_groot_l10_500_A_r1:eval:9:0,2,9,0,34,170,A,False,4604.923,4607.574,slow_ambiguous,,0.045454545454545414,0.04078014184397166,0.05882352941176472,20,2,5,45,0.52,9.280593337028767,0.03918722786647322
groot_l10_500,r6p3v2_groot_l10_500_A_r1,r6p3v2_groot_l10_500_A_r1:eval:9:0,2,9,0,36,180,A,True,4464.192,4466.94,slow_confirmed,,0.0,0.03744680851063842,0.05882352941176472,20,2,5,45,0.5652173913043478,10.384343842064354,0.03846153846153855
groot_l10_500,r6p3v2_groot_l10_500_A_r1,r6p3v2_groot_l10_500_A_r1:eval:9:0,2,9,0,38,190,A,True,4562.212,4564.841,slow_confirmed,,0.0,0.04597701149425287,0.05882352941176472,20,2,5,45,0.5652173913043478,10.700818412636742,0.0
groot_l10_500,r6p3v2_groot_l10_500_A_r1,r6p3v2_groot_l10_500_A_r1:eval:9:0,2,9,0,40,200,A,True,4578.339,4580.883,slow_confirmed,,0.0,0.04597701149425287,0.05882352941176472,20,2,5,45,0.5652173913043478,10.799248658209455,0.0
groot_l10_500,r6p3v2_groot_l10_500_A_r1,r6p3v2_groot_l10_500_A_r1:eval:9:0,2,9,0,42,210,A,True,4509.644,4512.483,slow_confirmed,,0.0,0.04597701149425287,0.05882352941176472,20,2,5,45,0.5652173913043478,10.589391305405982,0.0
groot_l10_500,r6p3v2_groot_l10_500_A_r1,r6p3v2_groot_l10_500_A_r1:eval:9:0,2,9,0,44,220,A,True,4437.923,4440.612,slow_confirmed,,0.0,0.04597701149425287,0.05882352941176472,20,2,5,45,0.5652173913043478,10.435421317754269,0.0
groot_l10_500,r6p3v2_groot_l10_500_A_r1,r6p3v2_groot_l10_500_A_r1:eval:9:0,2,9,0,46,230,A,True,4434.003,4436.92,slow_confirmed,,0.0,0.04597701149425287,0.05882352941176472,20,2,5,45,0.6153846153846154,10.404572154036051,0.0
groot_l10_500,r6p3v2_groot_l10_500_A_r1,r6p3v2_groot_l10_500_A_r1:eval:9:0,2,9,0,48,240,A,True,4374.059,4376.914,slow_confirmed,,0.0,0.04597701149425287,0.05882352941176472,20,2,5,45,0.6153846153846154,10.437687482964678,0.0
groot_l10_500,r6p3v2_groot_l10_500_A_r1,r6p3v2_groot_l10_500_A_r1:eval:9:0,2,9,0,50,250,A,True,4428.96,4431.485,slow_confirmed,,0.0,0.04597701149425287,0.05882352941176472,20,2,5,45,0.6153846153846154,10.502476843758961,0.0
groot_l10_500,r6p3v2_groot_l10_500_A_r1,r6p3v2_groot_l10_500_A_r1:eval:9:0,2,9,0,52,260,A,True,4720.756,4723.391,slow_confirmed,,0.0,0.04597701149425287,0.05882352941176472,20,2,5,45,0.6153846153846154,10.704381154094557,0.0
groot_l10_500,r6p3v2_groot_l10_500_A_r1,r6p3v2_groot_l10_500_A_r1:eval:9:0,2,9,0,54,270,A,True,4554.345,4556.831,slow_confirmed,,0.0,0.04597701149425287,0.05882352941176472,20,2,5,45,0.6153846153846154,11.056498086147954,0.0
groot_l10_500,r6p3v2_groot_l10_500_A_r1,r6p3v2_groot_l10_500_A_r1:eval:9:0,2,9,0,56,280,A,False,4382.209,4384.692,slow_confirmed,,0.0,0.04597701149425287,0.05882352941176472,20,2,5,45,0.6153846153846154,11.324713432973821,0.0
groot_l10_500,r6p3v2_groot_l10_500_A_r1,r6p3v2_groot_l10_500_A_r1:eval:9:0,2,9,0,58,290,A,True,4519.65,4522.461,slow_confirmed,,0.0,0.04597701149425287,0.05882352941176472,20,2,5,45,0.6153846153846154,11.318431179536091,0.0
groot_l10_500,r6p3v2_groot_l10_500_A_r1,r6p3v2_groot_l10_500_A_r1:eval:9:0,2,9,0,60,300,A,True,4405.432,4408.022,slow_confirmed,,0.0,0.04597701149425287,0.05882352941176472,20,2,5,45,0.6153846153846154,11.439256411519919,0.0
groot_l10_500,r6p3v2_groot_l10_500_A_r1,r6p3v2_groot_l10_500_A_r1:eval:9:0,2,9,0,62,310,A,True,4583.097,4585.707,slow_confirmed,,0.0,0.023020579002441588,0.05882352941176472,20,2,5,45,0.6153846153846154,11.682804854892396,0.07894736842105265
groot_l10_500,r6p3v2_groot_l10_500_A_r1,r6p3v2_groot_l10_500_A_r1:eval:9:0,2,9,0,64,320,A,True,4480.424,4482.976,slow_confirmed,,0.0,0.023020579002441588,0.05882352941176472,20,2,5,45,0.6153846153846154,11.841413782970905,0.07894736842105265
groot_l10_500,r6p3v2_groot_l10_500_A_r1,r6p3v2_groot_l10_500_A_r1:eval:9:0,2,9,0,66,330,A,True,4539.181,4541.538,slow_confirmed,,0.0,0.04597701149425287,0.05882352941176472,20,2,5,45,0.6153846153846154,11.911075769529132,0.0
groot_l10_500,r6p3v2_groot_l10_500_A_r1,r6p3v2_groot_l10_500_A_r1:eval:9:0,2,9,0,68,340,A,True,4381.484,4384.071,slow_confirmed,,0.0,0.04597701149425287,0.05882352941176472,20,2,5,45,0.6153846153846154,11.909514735130555,0.0
groot_l10_500,r6p3v2_groot_l10_500_A_r1,r6p3v2_groot_l10_500_A_r1:eval:9:0,2,9,0,70,350,A,True,4446.856,4449.426,slow_confirmed,,0.0,0.04597701149425287,0.05882352941176472,20,2,5,45,0.6197183098591549,12.240426492039004,0.0
groot_l10_500,r6p3v2_groot_l10_500_A_r1,r6p3v2_groot_l10_500_A_r1:eval:9:0,2,9,0,72,360,A,False,4606.023,4608.611,slow_confirmed,,0.0,0.015250544662309351,0.05882352941176472,20,2,5,45,0.7058823529411765,12.14098063481692,0.0
groot_l10_500,r6p3v2_groot_l10_500_A_r1,r6p3v2_groot_l10_500_A_r1:eval:9:0,2,9,0,74,370,A,True,4388.481,4391.107,slow_confirmed,,0.0,0.03770739064856721,0.05882352941176472,20,2,5,45,0.6808510638297872,12.062953330760706,0.042553191489361764
groot_l10_500,r6p3v2_groot_l10_500_A_r1,r6p3v2_groot_l10_500_A_r1:eval:9:0,2,9,0,76,380,A,True,4341.104,4343.674,slow_confirmed,,0.0,0.03770739064856721,0.05882352941176472,20,2,5,45,0.6808510638297872,12.822409538785758,0.042553191489361764
groot_l10_500,r6p3v2_groot_l10_500_A_r1,r6p3v2_groot_l10_500_A_r1:eval:9:0,2,9,0,78,390,A,True,4743.623,4746.328,slow_confirmed,,0.0,0.02117647058823524,0.05882352941176472,20,2,5,45,0.7058823529411765,13.4477724932062,0.10344827586206891
groot_l10_500,r6p3v2_groot_l10_500_A_r1,r6p3v2_groot_l10_500_A_r1:eval:9:0,2,9,0,80,400,A,True,4539.517,4541.985,slow_confirmed,,0.0,0.03770739064856721,0.05882352941176472,20,2,5,45,0.6382978723404256,14.69398898780476,0.04255319148936165
groot_l10_500,r6p3v2_groot_l10_500_A_r1,r6p3v2_groot_l10_500_A_r1:eval:9:0,2,9,0,82,410,A,True,4566.109,4568.596,slow_confirmed,,0.0,0.02117647058823524,0.05882352941176472,20,2,5,45,0.7058823529411765,14.626446231265101,0.06896551724137928
groot_l10_500,r6p3v2_groot_l10_500_A_r1,r6p3v2_groot_l10_500_A_r1:eval:9:0,2,9,0,84,420,A,True,4688.407,4691.017,slow_confirmed,,0.0,0.03059581320450888,0.05882352941176472,20,2,5,45,0.6530612244897959,14.829174461222332,0.06896551724137928
groot_l10_500,r6p3v2_groot_l10_500_A_r1,r6p3v2_groot_l10_500_A_r1:eval:9:0,2,9,0,86,430,A,False,4377.454,4380.057,slow_confirmed,,0.0,0.021442495126705707,0.05882352941176472,20,2,5,45,0.7058823529411765,14.570237167781945,0.039215686274509776
groot_l10_500,r6p3v2_groot_l10_500_A_r1,r6p3v2_groot_l10_500_A_r1:eval:9:0,2,9,0,88,440,A,False,4510.833,4513.306,slow_ambiguous,,0.05263157894736836,0.02117647058823524,0.05882352941176472,20,2,5,45,0.723404255319149,15.01289937876441,0.06896551724137934
groot_l10_500,r6p3v2_groot_l10_500_A_r1,r6p3v2_groot_l10_500_A_r1:eval:9:0,2,9,0,90,450,A,False,4637.182,4639.761,ok,,0.08333333333333326,0.028768354809709296,0.05882352941176472,20,2,5,45,0.7407407407407407,15.022143275618136,0.04589069670421353
groot_l10_500,r6p3v2_groot_l10_500_A_r1,r6p3v2_groot_l10_500_A_r1:eval:9:0,2,9,0,92,460,A,False,4408.831,4411.397,ok,,0.11764705882352944,0.03059581320450888,0.05882352941176472,20,2,5,45,0.723404255319149,15.018424482607967,0.08278867102396514
groot_l10_500,r6p3v2_groot_l10_500_A_r1,r6p3v2_groot_l10_500_A_r1:eval:9:0,2,9,0,94,470,A,False,4553.015,4555.353,slow_ambiguous,,0.042553191489361764,0.023020579002441588,0.05882352941176472,20,2,5,45,0.8076923076923077,14.569478230748173,0.07834757834757833
groot_l10_500,r6p3v2_groot_l10_500_A_r1,r6p3v2_groot_l10_500_A_r1:eval:9:0,2,9,0,96,480,A,False,4534.817,4537.227,slow_confirmed,,0.0,0.023020579002441588,0.05882352941176472,20,2,5,45,0.8627450980392157,13.797773659607946,0.12765957446808518
groot_l10_500,r6p3v2_groot_l10_500_A_r1,r6p3v2_groot_l10_500_A_r1:eval:9:0,2,9,0,98,490,A,True,4620.699,4623.406,slow_confirmed,,0.0,0.03059581320450888,0.05882352941176472,20,2,5,45,0.8518518518518519,12.442916519992828,0.08510638297872342
groot_l10_500,r6p3v2_groot_l10_500_A_r1,r6p3v2_groot_l10_500_A_r1:eval:9:0,2,9,0,100,500,A,False,4463.693,4466.322,slow_ambiguous,,0.04255319148936165,0.03059581320450888,0.05882352941176472,20,2,5,45,0.9230769230769231,11.285995580119396,0.08503853308530429
groot_l10_500,r6p3v2_groot_l10_500_A_r1,r6p3v2_groot_l10_500_A_r1:eval:9:0,2,9,0,102,510,A,False,4302.118,4304.701,ok,,0.07999999999999996,0.023020579002441477,0.05882352941176472,20,2,5,45,0.92,10.620595053586579,0.030618493570116367
groot_l10_500,r6p3v2_groot_l10_500_A_r1,r6p3v2_groot_l10_500_A_r1:eval:9:1,2,9,1,0,0,A,False,37.804,40.47,inactive,warming_up,,,,0,2,5,45,,,
groot_l10_500,r6p3v2_groot_l10_500_A_r1,r6p3v2_groot_l10_500_A_r1:eval:9:1,2,9,1,2,10,A,True,27.042,28.765,inactive,warming_up,,,,0,2,5,45,,,
groot_l10_500,r6p3v2_groot_l10_500_A_r1,r6p3v2_groot_l10_500_A_r1:eval:9:1,2,9,1,4,20,A,False,4707.429,4709.87,slow_confirmed,,0.03773584905660377,0.01605888256942123,0.05882352941176472,20,2,5,45,0.0,8.663030476742936,0.05128205128205129
groot_l10_500,r6p3v2_groot_l10_500_A_r1,r6p3v2_groot_l10_500_A_r1:eval:9:1,2,9,1,6,30,A,False,4582.259,4585.113,ok,,0.07142857142857142,0.013677811550151978,0.058823529411764705,20,2,5,45,0.0,7.362545906359524,0.010955569080949482
groot_l10_500,r6p3v2_groot_l10_500_A_r1,r6p3v2_groot_l10_500_A_r1:eval:9:1,2,9,1,8,40,A,False,4580.204,4583.124,ok,,0.07692307692307693,0.011484823625922888,0.058823529411764705,20,2,5,45,0.03773584905660377,7.929620201645871,0.02797657774886142
groot_l10_500,r6p3v2_groot_l10_500_A_r1,r6p3v2_groot_l10_500_A_r1:eval:9:1,2,9,1,10,50,A,True,4477.344,4480.001,ok,,0.07547169811320754,0.01605888256942123,0.05882352941176472,20,2,5,45,0.07547169811320754,8.323183897778794,0.04849498327759197
groot_l10_500,r6p3v2_groot_l10_500_A_r1,r6p3v2_groot_l10_500_A_r1:eval:9:1,2,9,1,12,60,A,False,4375.863,4378.348,ok,,0.07692307692307693,0.01683501683501684,0.05882352941176472,20,2,5,45,0.13636363636363635,8.75273277260594,0.047430830039525695
groot_l10_500,r6p3v2_groot_l10_500_A_r1,r6p3v2_groot_l10_500_A_r1:eval:9:1,2,9,1,14,70,A,False,4791.836,4782.141,ok,,0.08510638297872339,0.009634684865515858,0.05882352941176472,20,2,5,45,0.1702127659574468,8.735292743600693,0.09472049689440998
groot_l10_500,r6p3v2_groot_l10_500_A_r1,r6p3v2_groot_l10_500_A_r1:eval:9:1,2,9,1,16,80,A,False,4736.78,4739.773,ok,,0.08163265306122447,0.011484823625922888,0.0588235294117647,20,2,5,45,0.2222222222222222,8.153538998515101,0.011032308904649346
groot_l10_500,r6p3v2_groot_l10_500_A_r1,r6p3v2_groot_l10_500_A_r1:eval:9:1,2,9,1,18,90,A,True,4589.468,4592.27,ok,,0.07692307692307693,0.04255319148936171,0.05882352941176472,20,2,5,45,0.2608695652173913,7.758059620727032,0.10559495665878643
groot_l10_500,r6p3v2_groot_l10_500_A_r1,r6p3v2_groot_l10_500_A_r1:eval:9:1,2,9,1,20,100,A,False,4403.998,4406.447,ok,,0.08695652173913043,0.04255319148936171,0.05882352941176472,20,2,5,45,0.30434782608695654,7.8178470436577285,0.18455560951918404
groot_l10_500,r6p3v2_groot_l10_500_A_r1,r6p3v2_groot_l10_500_A_r1:eval:9:1,2,9,1,22,110,A,False,4645.468,4648.306,ok,,0.11538461538461542,0.022675736961451254,0.05882352941176472,20,2,5,45,0.3404255319148936,8.000877135924748,0.17352112676056342
groot_l10_500,r6p3v2_groot_l10_500_A_r1,r6p3v2_groot_l10_500_A_r1:eval:9:1,2,9,1,24,120,A,True,4486.003,4488.759,ok,,0.08000000000000002,0.032967032967032905,0.05882352941176472,20,2,5,45,0.4230769230769231,7.716861234492753,0.030618493570116367
groot_l10_500,r6p3v2_groot_l10_500_A_r1,r6p3v2_groot_l10_500_A_r1:eval:9:1,2,9,1,26,130,A,False,4639.571,4642.197,ok,,0.08000000000000007,0.04597701149425287,0.05882352941176466,20,2,5,45,0.47058823529411764,7.521538280568305,0.01683501683501676
groot_l10_500,r6p3v2_groot_l10_500_A_r1,r6p3v2_groot_l10_500_A_r1:eval:9:1,2,9,1,28,140,A,False,4468.782,4471.503,ok,,0.07843137254901966,0.056338028169014065,0.05882352941176466,20,2,5,45,0.5098039215686274,7.163110626652775,0.012882447665056362
groot_l10_500,r6p3v2_groot_l10_500_A_r1,r6p3v2_groot_l10_500_A_r1:eval:9:1,2,9,1,30,150,A,False,4399.79,4402.288,ok,,0.07843137254901955,0.056338028169014065,0.05882352941176466,20,2,5,45,0.5490196078431373,7.167978478950434,0.012882447665056307
groot_l10_500,r6p3v2_groot_l10_500_A_r1,r6p3v2_groot_l10_500_A_r1:eval:9:1,2,9,1,32,160,A,True,4623.141,4625.834,ok,,0.07843137254901955,0.05882352941176466,0.05882352941176466,20,2,5,45,0.5882352941176471,7.3573770347829575,0.012882447665056418
groot_l10_500,r6p3v2_groot_l10_500_A_r1,r6p3v2_groot_l10_500_A_r1:eval:9:1,2,9,1,34,170,A,False,4669.458,4672.216,ok,,0.07999999999999996,0.03059581320450888,0.05882352941176472,20,2,5,45,0.6296296296296297,7.290662366370321,0.05169340463458105
groot_l10_500,r6p3v2_groot_l10_500_A_r1,r6p3v2_groot_l10_500_A_r1:eval:9:1,2,9,1,36,180,A,True,4495.555,4498.332,ok,,0.07999999999999996,0.05633802816901412,0.05882352941176472,20,2,5,45,0.6086956521739131,7.443765500734404,0.02194357366771149
groot_l10_500,r6p3v2_groot_l10_500_A_r1,r6p3v2_groot_l10_500_A_r1:eval:9:1,2,9,1,38,190,A,False,4456.75,4459.379,ok,,0.08163265306122447,0.05633802816901401,0.05882352941176472,20,2,5,45,0.6938775510204082,7.660158876949098,0.012477718360071388
groot_l10_500,r6p3v2_groot_l10_500_A_r1,r6p3v2_groot_l10_500_A_r1:eval:9:1,2,9,1,40,200,A,True,4551.81,4554.349,ok,,0.08333333333333337,0.008525149190110937,0.05882352941176472,20,2,5,45,0.7346938775510204,8.874247919042025,0.008525149190110937
groot_l10_500,r6p3v2_groot_l10_500_A_r1,r6p3v2_groot_l10_500_A_r1:eval:9:1,2,9,1,42,210,A,False,4617.844,4620.626,ok,,0.08333333333333337,0.00786163522012584,0.05882352941176472,20,2,5,45,0.75,8.911872547131969,0.021382751247327136
groot_l10_500,r6p3v2_groot_l10_500_A_r1,r6p3v2_groot_l10_500_A_r1:eval:9:1,2,9,1,44,220,A,True,4799.435,4802.215,ok,,0.07407407407407407,0.011884550084889645,0.05882352941176472,20,2,5,45,0.8085106382978723,8.820312868394085,0.0253353204172877
groot_l10_500,r6p3v2_groot_l10_500_A_r1,r6p3v2_groot_l10_500_A_r1:eval:9:1,2,9,1,46,230,A,False,4487.851,4490.493,ok,,0.07407407407407407,0.04078014184397172,0.05882352941176472,20,2,5,45,0.8571428571428571,8.631938431529283,0.05090909090909079
groot_l10_500,r6p3v2_groot_l10_500_A_r1,r6p3v2_groot_l10_500_A_r1:eval:9:1,2,9,1,48,240,A,False,4563.525,4566.01,ok,,0.07407407407407407,0.023020579002441588,0.05882352941176472,20,2,5,45,0.8888888888888888,8.273551658826932,0.05415499533146584
groot_l10_500,r6p3v2_groot_l10_500_A_r1,r6p3v2_groot_l10_500_A_r1:eval:9:1,2,9,1,50,250,A,False,4688.535,4691.246,ok,,0.07936507936507942,0.02450980392156865,0.05882352941176472,20,2,5,45,0.9206349206349206,7.667456648114296,0.015527950310559091
groot_l10_500,r6p3v2_groot_l10_500_A_r2,r6p3v2_groot_l10_500_A_r2:eval:0:0,1,0,0,0,0,A,False,61.624,64.703,inactive,warming_up,,,,0,2,5,43,,,
groot_l10_500,r6p3v2_groot_l10_500_A_r2,r6p3v2_groot_l10_500_A_r2:eval:0:0,1,0,0,2,10,A,False,25.987,27.474,inactive,warming_up,,,,0,2,5,43,,,
groot_l10_500,r6p3v2_groot_l10_500_A_r2,r6p3v2_groot_l10_500_A_r2:eval:0:0,1,0,0,4,20,A,False,4857.61,4860.628,ok,,0.07407407407407407,0.019916142557652006,0.0625,20,2,5,43,0.0,9.203914227955808,0.03140096618357487
groot_l10_500,r6p3v2_groot_l10_500_A_r2,r6p3v2_groot_l10_500_A_r2:eval:0:0,1,0,0,6,30,A,False,4408.073,4410.592,ok,,0.07547169811320754,0.01340996168582375,0.0625,20,2,5,43,0.038461538461538464,7.627441245240697,0.03508771929824561
groot_l10_500,r6p3v2_groot_l10_500_A_r2,r6p3v2_groot_l10_500_A_r2:eval:0:0,1,0,0,8,40,A,True,4277.536,4280.004,slow_ambiguous,,0.04000000000000001,0.023569023569023573,0.0625,20,2,5,43,0.11538461538461539,7.671235173405875,0.03313840155945419
groot_l10_500,r6p3v2_groot_l10_500_A_r2,r6p3v2_groot_l10_500_A_r2:eval:0:0,1,0,0,10,50,A,False,4386.875,4389.347,ok,,0.0784313725490196,0.025756214435459696,0.0625,20,2,5,43,0.12,7.511139966814184,0.04824561403508773
groot_l10_500,r6p3v2_groot_l10_500_A_r2,r6p3v2_groot_l10_500_A_r2:eval:0:0,1,0,0,12,60,A,False,4420.445,4423.076,ok,,0.0784313725490196,0.025756214435459696,0.0625,20,2,5,43,0.1509433962264151,7.953187959820546,0.054824561403508804
groot_l10_500,r6p3v2_groot_l10_500_A_r2,r6p3v2_groot_l10_500_A_r2:eval:0:0,1,0,0,14,70,A,False,4493.566,4496.141,slow_ambiguous,,0.04081632653061226,0.03485838779956424,0.0625,20,2,5,43,0.19607843137254902,8.003603165345101,0.04629629629629631
groot_l10_500,r6p3v2_groot_l10_500_A_r2,r6p3v2_groot_l10_500_A_r2:eval:0:0,1,0,0,16,80,A,False,4277.246,4279.762,slow_confirmed,,0.040816326530612235,0.006747638326585703,0.0625,20,2,5,43,0.24561403508771928,8.260386066246811,0.07017543859649122
groot_l10_500,r6p3v2_groot_l10_500_A_r2,r6p3v2_groot_l10_500_A_r2:eval:0:0,1,0,0,18,90,A,False,4265.991,4268.547,ok,,0.07407407407407407,0.011484823625922902,0.0625,20,2,5,43,0.23529411764705882,8.70120174796636,0.011457214464733245
groot_l10_500,r6p3v2_groot_l10_500_A_r2,r6p3v2_groot_l10_500_A_r2:eval:0:0,1,0,0,20,100,A,False,4475.991,4478.823,ok,,0.08163265306122447,0.020606060606060572,0.0625,20,2,5,43,0.24489795918367346,8.893710202828746,0.13882532418001528
groot_l10_500,r6p3v2_groot_l10_500_A_r2,r6p3v2_groot_l10_500_A_r2:eval:0:0,1,0,0,22,110,A,False,4568.983,4571.622,ok,,0.08695652173913043,0.020606060606060572,0.0625,20,2,5,43,0.2807017543859649,8.891549158609763,0.19397550479973524
groot_l10_500,r6p3v2_groot_l10_500_A_r2,r6p3v2_groot_l10_500_A_r2:eval:0:0,1,0,0,24,120,A,True,4393.203,4395.812,ok,,0.07547169811320759,0.007861635220125729,0.0625,20,2,5,43,0.33962264150943394,8.385048497060934,0.016781083142639208
groot_l10_500,r6p3v2_groot_l10_500_A_r2,r6p3v2_groot_l10_500_A_r2:eval:0:0,1,0,0,26,130,A,False,4257.441,4260.018,ok,,0.08695652173913043,0.019916142557652006,0.0625,20,2,5,43,0.37735849056603776,8.504474546831329,0.037735849056603765
groot_l10_500,r6p3v2_groot_l10_500_A_r2,r6p3v2_groot_l10_500_A_r2:eval:0:0,1,0,0,28,140,A,False,4444.453,4446.966,ok,,0.07547169811320753,0.012882447665056362,0.0625,20,2,5,43,0.41509433962264153,8.856251324015114,0.04654493376297886
groot_l10_500,r6p3v2_groot_l10_500_A_r2,r6p3v2_groot_l10_500_A_r2:eval:0:0,1,0,0,30,150,A,True,4468.174,4470.563,slow_ambiguous,,0.03508771929824561,0.037010159651669094,0.0625,20,2,5,43,0.5084745762711864,8.660862789738795,0.06779661016949157
groot_l10_500,r6p3v2_groot_l10_500_A_r2,r6p3v2_groot_l10_500_A_r2:eval:0:0,1,0,0,32,160,A,True,4728.732,4731.24,slow_ambiguous,,0.03508771929824561,0.037010159651669094,0.0625,20,2,5,43,0.5098039215686274,8.994089442583501,0.08333333333333337
groot_l10_500,r6p3v2_groot_l10_500_A_r2,r6p3v2_groot_l10_500_A_r2:eval:0:0,1,0,0,34,170,A,False,4378.233,4380.889,ok,,0.07017543859649122,0.037010159651669094,0.0625,20,2,5,43,0.56,8.986887201339806,0.08726415094339623
groot_l10_500,r6p3v2_groot_l10_500_A_r2,r6p3v2_groot_l10_500_A_r2:eval:0:0,1,0,0,36,180,A,False,4536.796,4539.589,ok,,0.10526315789473684,0.034391534391534306,0.0625,20,2,5,43,0.5490196078431373,9.076568403469976,0.04217536071032191
groot_l10_500,r6p3v2_groot_l10_500_A_r2,r6p3v2_groot_l10_500_A_r2:eval:0:0,1,0,0,38,190,A,False,4262.687,4265.29,ok,,0.07547169811320753,0.009634684865515886,0.0625,20,2,5,43,0.5660377358490566,8.672207364622908,0.016781083142639264
groot_l10_500,r6p3v2_groot_l10_500_A_r2,r6p3v2_groot_l10_500_A_r2:eval:0:0,1,0,0,40,200,A,False,4320.22,4322.784,ok,,0.07547169811320753,0.034461152882205526,0.0625,20,2,5,43,0.6274509803921569,8.322637798863058,0.040935672514619825
groot_l10_500,r6p3v2_groot_l10_500_A_r2,r6p3v2_groot_l10_500_A_r2:eval:0:0,1,0,0,42,210,A,False,4406.818,4409.906,ok,,0.08163265306122458,0.03243958953988746,0.0625,20,2,5,43,0.6530612244897959,8.232547968223328,0.12088263511352737
groot_l10_500,r6p3v2_groot_l10_500_A_r2,r6p3v2_groot_l10_500_A_r2:eval:0:0,1,0,0,44,220,A,False,4453.377,4456.29,ok,,0.125,0.022606382978723416,0.0625,20,2,5,43,0.6938775510204082,8.129164289816428,0.11012706969580288
groot_l10_500,r6p3v2_groot_l10_500_A_r2,r6p3v2_groot_l10_500_A_r2:eval:0:0,1,0,0,46,230,A,False,4432.314,4434.88,ok,,0.07547169811320753,0.02645074224021593,0.0625,20,2,5,43,0.7719298245614035,8.633681765127703,0.08163265306122447
groot_l10_500,r6p3v2_groot_l10_500_A_r2,r6p3v2_groot_l10_500_A_r2:eval:0:0,1,0,0,48,240,A,False,4487.65,4490.261,ok,,0.07547169811320753,0.011646866992778948,0.0625,20,2,5,43,0.8070175438596491,8.978390493168165,0.08471313053523288
groot_l10_500,r6p3v2_groot_l10_500_A_r2,r6p3v2_groot_l10_500_A_r2:eval:0:0,1,0,0,50,250,A,False,4738.624,4742.014,ok,,0.08000000000000007,0.02645074224021593,0.0625,20,2,5,43,0.84,8.934498151287407,0.1364522417153996
groot_l10_500,r6p3v2_groot_l10_500_A_r2,r6p3v2_groot_l10_500_A_r2:eval:0:0,1,0,0,52,260,A,False,4343.313,4346.264,ok,,0.07999999999999996,0.01631701631701632,0.0625,20,2,5,43,0.8771929824561403,8.52960103769608,0.04303210857332007
groot_l10_500,r6p3v2_groot_l10_500_A_r2,r6p3v2_groot_l10_500_A_r2:eval:0:0,1,0,0,54,270,A,False,4276.114,4279.224,slow_ambiguous,,0.037735849056603765,0.025756214435459723,0.0625,20,2,5,43,0.9166666666666666,8.024212764697355,0.04965804341361879
groot_l10_500,r6p3v2_groot_l10_500_A_r2,r6p3v2_groot_l10_500_A_r2:eval:0:1,1,0,1,0,0,A,False,46.822,49.89,inactive,warming_up,,,,0,2,5,43,,,
groot_l10_500,r6p3v2_groot_l10_500_A_r2,r6p3v2_groot_l10_500_A_r2:eval:0:1,1,0,1,2,10,A,False,30.469,32.181,inactive,warming_up,,,,0,2,5,43,,,
groot_l10_500,r6p3v2_groot_l10_500_A_r2,r6p3v2_groot_l10_500_A_r2:eval:0:1,1,0,1,4,20,A,False,4652.112,4654.718,ok,,0.0784313725490196,0.006747638326585703,0.0625,20,2,5,43,0.0,8.903469690018843,0.0776470588235294
groot_l10_500,r6p3v2_groot_l10_500_A_r2,r6p3v2_groot_l10_500_A_r2:eval:0:1,1,0,1,6,30,A,True,4465.021,4468.043,ok,,0.0784313725490196,0.009634684865515844,0.0625,20,2,5,43,0.04,6.9380751172747095,0.009824561403508764
groot_l10_500,r6p3v2_groot_l10_500_A_r2,r6p3v2_groot_l10_500_A_r2:eval:0:1,1,0,1,8,40,A,False,4506.291,4509.1,ok,,0.07692307692307693,0.009634684865515844,0.0625,20,2,5,43,0.0784313725490196,7.030366597685877,0.009824561403508777
groot_l10_500,r6p3v2_groot_l10_500_A_r2,r6p3v2_groot_l10_500_A_r2:eval:0:1,1,0,1,10,50,A,True,4404.195,4406.814,ok,,0.08000000000000002,0.013468013468013462,0.0625,20,2,5,43,0.12,7.5608018953610285,0.04331450094161958
groot_l10_500,r6p3v2_groot_l10_500_A_r2,r6p3v2_groot_l10_500_A_r2:eval:0:1,1,0,1,12,60,A,False,4538.674,4541.169,ok,,0.0625,0.020606060606060572,0.0625,20,2,5,43,0.16,8.12084728841158,0.07721280602636534
groot_l10_500,r6p3v2_groot_l10_500_A_r2,r6p3v2_groot_l10_500_A_r2:eval:0:1,1,0,1,14,70,A,False,4627.827,4630.371,slow_confirmed,,0.037037037037037035,0.011484823625922902,0.0625,20,2,5,43,0.21052631578947367,8.299076636764502,0.004912280701754368
groot_l10_500,r6p3v2_groot_l10_500_A_r2,r6p3v2_groot_l10_500_A_r2:eval:0:1,1,0,1,16,80,A,True,4649.641,4652.373,ok,,0.07017543859649122,0.016140865737344107,0.0625,20,2,5,43,0.24,9.12924049532909,0.04139433551198257
groot_l10_500,r6p3v2_groot_l10_500_A_r2,r6p3v2_groot_l10_500_A_r2:eval:0:1,1,0,1,18,90,A,False,4392.722,4395.361,ok,,0.07407407407407407,0.016140865737344107,0.0625,20,2,5,43,0.25925925925925924,9.734784038400573,0.041573393028461775
groot_l10_500,r6p3v2_groot_l10_500_A_r2,r6p3v2_groot_l10_500_A_r2:eval:0:1,1,0,1,20,100,A,False,4436.86,4439.504,slow_confirmed,,0.03508771929824561,0.011484823625922902,0.0625,20,2,5,43,0.28,10.013220249549493,0.006101694915254224
groot_l10_500,r6p3v2_groot_l10_500_A_r2,r6p3v2_groot_l10_500_A_r2:eval:0:1,1,0,1,22,110,A,False,4510.345,4512.816,slow_confirmed,,0.0,0.011646866992778948,0.0625,20,2,5,43,0.3157894736842105,10.793329910960551,0.03921568627450983
groot_l10_500,r6p3v2_groot_l10_500_A_r2,r6p3v2_groot_l10_500_A_r2:eval:0:1,1,0,1,24,120,A,False,4296.072,4298.681,slow_confirmed,,0.0,0.006747638326585703,0.0625,20,2,5,43,0.1568627450980392,11.055039183846993,0.5263157894736842
groot_l10_500,r6p3v2_groot_l10_500_A_r2,r6p3v2_groot_l10_500_A_r2:eval:0:1,1,0,1,26,130,A,False,4620.391,4623.034,ok,,0.07692307692307693,0.009634684865515886,0.0625,20,2,5,43,0.08,10.600826365488805,0.01220338983050849
groot_l10_500,r6p3v2_groot_l10_500_A_r2,r6p3v2_groot_l10_500_A_r2:eval:0:1,1,0,1,28,140,A,True,4408.233,4410.852,ok,,0.08,0.019916142557652006,0.0625,20,2,5,43,0.07692307692307693,11.159674407594652,0.04520917678812417
groot_l10_500,r6p3v2_groot_l10_500_A_r2,r6p3v2_groot_l10_500_A_r2:eval:0:1,1,0,1,30,150,A,False,4431.447,4433.851,ok,,0.07692307692307693,0.019916142557652006,0.0625,20,2,5,43,0.15384615384615385,12.984144072171754,0.040935672514619895
groot_l10_500,r6p3v2_groot_l10_500_A_r2,r6p3v2_groot_l10_500_A_r2:eval:0:1,1,0,1,32,160,A,False,4405.619,4408.295,ok,,0.09523809523809523,0.006747638326585703,0.0625,20,2,5,43,0.15873015873015872,14.094364596450694,0.07811982787156571
groot_l10_500,r6p3v2_groot_l10_500_A_r2,r6p3v2_groot_l10_500_A_r2:eval:0:1,1,0,1,34,170,A,True,4312.243,4314.924,ok,,0.0625,0.012882447665056362,0.0625,20,2,5,43,0.21875,14.136928249525823,0.07017543859649122
groot_l10_500,r6p3v2_groot_l10_500_A_r2,r6p3v2_groot_l10_500_A_r2:eval:0:1,1,0,1,36,180,A,True,4532.938,4535.601,ok,,0.07017543859649122,0.020606060606060572,0.0625,20,2,5,43,0.2553191489361702,12.870778907231097,0.5161544523246651
groot_l10_500,r6p3v2_groot_l10_500_A_r2,r6p3v2_groot_l10_500_A_r2:eval:0:1,1,0,1,38,190,A,False,4439.339,4441.899,slow_confirmed,,0.0,0.020606060606060572,0.0625,20,2,5,43,0.2962962962962963,12.22671060877533,0.5660377358490567
groot_l10_500,r6p3v2_groot_l10_500_A_r2,r6p3v2_groot_l10_500_A_r2:eval:0:1,1,0,1,40,200,A,False,4425.701,4428.157,slow_confirmed,,0.0,0.020606060606060572,0.0625,20,2,5,43,0.2857142857142857,12.208783324557396,0.5555555555555556
groot_l10_500,r6p3v2_groot_l10_500_A_r2,r6p3v2_groot_l10_500_A_r2:eval:0:1,1,0,1,42,210,A,True,4385.95,4388.394,ok,,0.3508771929824561,0.020606060606060572,0.0625,20,2,5,43,0.2807017543859649,12.014496089308636,0.6153846153846154
groot_l10_500,r6p3v2_groot_l10_500_A_r2,r6p3v2_groot_l10_500_A_r2:eval:0:1,1,0,1,44,220,A,True,4528.436,4530.896,slow_confirmed,,0.0,0.017819706498951815,0.0625,20,2,5,43,0.631578947368421,12.22549250921393,0.03508771929824561
groot_l10_500,r6p3v2_groot_l10_500_A_r2,r6p3v2_groot_l10_500_A_r2:eval:0:1,1,0,1,46,230,A,False,4449.591,4452.16,slow_confirmed,,0.03508771929824561,0.020606060606060572,0.0625,20,2,5,43,0.1702127659574468,12.672525395312283,0.5599999999999999
groot_l10_500,r6p3v2_groot_l10_500_A_r2,r6p3v2_groot_l10_500_A_r2:eval:0:1,1,0,1,48,240,A,True,4483.538,4486.059,slow_confirmed,,0.0,0.017819706498951815,0.0625,20,2,5,43,0.72,12.592116406547937,0.037037037037037035
groot_l10_500,r6p3v2_groot_l10_500_A_r2,r6p3v2_groot_l10_500_A_r2:eval:0:1,1,0,1,50,250,A,False,4382.417,4385.038,slow_confirmed,,0.0,0.02645074224021593,0.0625,20,2,5,43,0.6666666666666666,12.392664173538071,0.07407407407407407
groot_l10_500,r6p3v2_groot_l10_500_A_r2,r6p3v2_groot_l10_500_A_r2:eval:0:1,1,0,1,52,260,A,True,4553.289,4560.866,slow_ambiguous,,0.03389830508474578,0.033138401559454245,0.0625,20,2,5,43,0.3333333333333333,12.441562336526177,0.5925925925925926
groot_l10_500,r6p3v2_groot_l10_500_A_r2,r6p3v2_groot_l10_500_A_r2:eval:0:1,1,0,1,54,270,A,False,4575.768,4578.531,slow_confirmed,,0.0,0.036256011838697755,0.0625,20,2,5,43,0.7169811320754716,12.076711533152059,0.40740740740740733
groot_l10_500,r6p3v2_groot_l10_500_A_r2,r6p3v2_groot_l10_500_A_r2:eval:0:1,1,0,1,56,280,A,False,4410.053,4412.564,slow_ambiguous,,0.040000000000000036,0.036256011838697755,0.0625,20,2,5,43,0.7169811320754716,11.398450303635679,0.5798664612223935
groot_l10_500,r6p3v2_groot_l10_500_A_r2,r6p3v2_groot_l10_500_A_r2:eval:0:1,1,0,1,58,290,A,True,4458.83,4461.164,slow_ambiguous,,0.037735849056603876,0.036256011838697755,0.0625,20,2,5,43,0.72,10.779641315743843,0.14035087719298245
groot_l10_500,r6p3v2_groot_l10_500_A_r2,r6p3v2_groot_l10_500_A_r2:eval:0:1,1,0,1,60,300,A,True,4423.798,4426.199,slow_confirmed,,0.0,0.011484823625922846,0.0625,20,2,5,43,0.7878787878787878,11.015637341039943,0.0
groot_l10_500,r6p3v2_groot_l10_500_A_r2,r6p3v2_groot_l10_500_A_r2:eval:0:1,1,0,1,62,310,A,False,4419.072,4421.656,slow_confirmed,,0.0,0.011484823625922846,0.0625,20,2,5,43,0.8070175438596491,10.954045712113682,0.0
groot_l10_500,r6p3v2_groot_l10_500_A_r2,r6p3v2_groot_l10_500_A_r2:eval:0:1,1,0,1,64,320,A,True,4527.837,4530.407,slow_confirmed,,0.0,0.011484823625922846,0.0625,20,2,5,43,0.8070175438596491,11.02538363095252,0.0
groot_l10_500,r6p3v2_groot_l10_500_A_r2,r6p3v2_groot_l10_500_A_r2:eval:0:1,1,0,1,66,330,A,True,4390.656,4393.265,slow_confirmed,,0.0,0.03171390013495279,0.0625,20,2,5,43,0.7924528301886793,11.383014294150437,0.09090909090909094
groot_l10_500,r6p3v2_groot_l10_500_A_r2,r6p3v2_groot_l10_500_A_r2:eval:0:1,1,0,1,68,340,A,False,4414.45,4416.986,slow_confirmed,,0.0,0.036256011838697755,0.0625,20,2,5,43,0.7878787878787878,11.600421489771536,0.40740740740740733
groot_l10_500,r6p3v2_groot_l10_500_A_r2,r6p3v2_groot_l10_500_A_r2:eval:0:1,1,0,1,70,350,A,True,4413.968,4416.494,slow_ambiguous,,0.040000000000000036,0.036256011838697755,0.0625,20,2,5,43,0.72,11.918880236561984,0.5423728813559322
groot_l10_500,r6p3v2_groot_l10_500_A_r2,r6p3v2_groot_l10_500_A_r2:eval:0:1,1,0,1,72,360,A,True,4485.553,4488.166,slow_confirmed,,0.03703703703703709,0.01297169811320753,0.0625,20,2,5,43,0.7407407407407407,11.564249191245743,0.040000000000000036
groot_l10_500,r6p3v2_groot_l10_500_A_r2,r6p3v2_groot_l10_500_A_r2:eval:0:1,1,0,1,74,370,A,True,4460.532,4463.145,slow_ambiguous,,0.037735849056603765,0.02645074224021593,0.0625,20,2,5,43,0.7796610169491526,11.331179234312001,0.06060606060606066
groot_l10_500,r6p3v2_groot_l10_500_A_r2,r6p3v2_groot_l10_500_A_r2:eval:0:1,1,0,1,76,380,A,False,4383.461,4385.836,slow_ambiguous,,0.03389830508474567,0.03171390013495279,0.0625,20,2,5,43,0.7878787878787878,11.567577868054265,0.06060606060606066
groot_l10_500,r6p3v2_groot_l10_500_A_r2,r6p3v2_groot_l10_500_A_r2:eval:0:1,1,0,1,78,390,A,True,4328.353,4330.915,ok,,0.06349206349206349,0.037010159651669094,0.0625,20,2,5,43,0.7777777777777778,12.324723076089834,0.5654416505480335
groot_l10_500,r6p3v2_groot_l10_500_A_r2,r6p3v2_groot_l10_500_A_r2:eval:0:1,1,0,1,80,400,A,False,4662.531,4485.631,ok,,0.07407407407407407,0.037010159651669094,0.0625,20,2,5,43,0.7777777777777778,12.271829297331566,0.5423728813559322
groot_l10_500,r6p3v2_groot_l10_500_A_r2,r6p3v2_groot_l10_500_A_r2:eval:0:1,1,0,1,82,410,A,False,4460.479,4463.396,slow_ambiguous,,0.037735849056603765,0.036256011838697755,0.0625,20,2,5,43,0.7450980392156863,12.775882153867945,0.576271186440678
groot_l10_500,r6p3v2_groot_l10_500_A_r2,r6p3v2_groot_l10_500_A_r2:eval:0:1,1,0,1,84,420,A,True,4441.4,4444.09,slow_ambiguous,,0.037735849056603765,0.036256011838697755,0.0625,20,2,5,43,0.7450980392156863,11.964679114669634,0.33647206528562457
groot_l10_500,r6p3v2_groot_l10_500_A_r2,r6p3v2_groot_l10_500_A_r2:eval:0:1,1,0,1,86,430,A,True,4431.365,4433.897,slow_confirmed,,0.03389830508474567,0.01297169811320753,0.0625,20,2,5,43,0.7777777777777778,11.742412461794155,0.039215686274509776
groot_l10_500,r6p3v2_groot_l10_500_A_r2,r6p3v2_groot_l10_500_A_r2:eval:0:1,1,0,1,88,440,A,False,4521.346,4523.8,slow_ambiguous,,0.03703703703703698,0.02645074224021593,0.0625,20,2,5,43,0.7777777777777778,12.072924734473949,0.06349206349206349
groot_l10_500,r6p3v2_groot_l10_500_A_r2,r6p3v2_groot_l10_500_A_r2:eval:0:1,1,0,1,90,450,A,True,4508.421,4511.089,slow_ambiguous,,0.04255319148936165,0.037010159651669094,0.0625,20,2,5,43,0.7777777777777778,13.075081251996702,0.14814814814814814
groot_l10_500,r6p3v2_groot_l10_500_A_r2,r6p3v2_groot_l10_500_A_r2:eval:0:1,1,0,1,92,460,A,True,4541.84,4544.728,ok,,0.4905660377358491,0.020606060606060572,0.0625,20,2,5,43,0.28125,13.461761110025648,0.5423728813559322
groot_l10_500,r6p3v2_groot_l10_500_A_r2,r6p3v2_groot_l10_500_A_r2:eval:0:1,1,0,1,94,470,A,True,4474.905,4477.463,ok,,0.41666666666666663,0.020606060606060572,0.0625,20,2,5,43,0.27450980392156865,13.89261331329216,0.5385353373840742
groot_l10_500,r6p3v2_groot_l10_500_A_r2,r6p3v2_groot_l10_500_A_r2:eval:0:1,1,0,1,96,480,A,False,4249.355,4252.084,slow_ambiguous,,0.03703703703703709,0.03243958953988746,0.0625,20,2,5,43,0.7450980392156863,12.937445553691482,0.07547169811320753
groot_l10_500,r6p3v2_groot_l10_500_A_r2,r6p3v2_groot_l10_500_A_r2:eval:0:1,1,0,1,98,490,A,True,4340.148,4342.663,slow_ambiguous,,0.03389830508474567,0.03243958953988746,0.0625,20,2,5,43,0.7843137254901961,13.061994913101119,0.12307692307692308
groot_l10_500,r6p3v2_groot_l10_500_A_r2,r6p3v2_groot_l10_500_A_r2:eval:0:1,1,0,1,100,500,A,False,4435.323,4438.155,slow_ambiguous,,0.04255319148936165,0.036256011838697755,0.0625,20,2,5,43,0.7777777777777778,13.450532295139745,0.11994784876140818
groot_l10_500,r6p3v2_groot_l10_500_A_r2,r6p3v2_groot_l10_500_A_r2:eval:0:1,1,0,1,102,510,A,True,4376.629,4379.271,slow_ambiguous,,0.039215686274509776,0.033138401559454245,0.0625,20,2,5,43,0.3333333333333333,13.693111718827973,0.4313725490196079
groot_l10_500,r6p3v2_groot_l10_500_A_r2,r6p3v2_groot_l10_500_A_r2:eval:1:0,1,1,0,0,0,A,False,43.924,46.763,inactive,warming_up,,,,0,2,5,48,,,
groot_l10_500,r6p3v2_groot_l10_500_A_r2,r6p3v2_groot_l10_500_A_r2:eval:1:0,1,1,0,2,10,A,False,28.7,30.305,inactive,warming_up,,,,0,2,5,48,,,
groot_l10_500,r6p3v2_groot_l10_500_A_r2,r6p3v2_groot_l10_500_A_r2:eval:1:0,1,1,0,4,20,A,False,4883.905,4886.376,ok,,0.08888888888888889,0.00888888888888889,0.07547169811320753,20,2,5,48,0.0,8.768362349681388,0.04166666666666667
groot_l10_500,r6p3v2_groot_l10_500_A_r2,r6p3v2_groot_l10_500_A_r2:eval:1:0,1,1,0,6,30,A,False,4764.198,4766.819,ok,,0.08695652173913043,0.005555555555555564,0.07547169811320754,20,2,5,48,0.043478260869565216,8.005215437435288,0.007575757575757555
groot_l10_500,r6p3v2_groot_l10_500_A_r2,r6p3v2_groot_l10_500_A_r2:eval:1:0,1,1,0,8,40,A,False,4782.838,4785.373,ok,,0.08333333333333333,0.005555555555555564,0.07547169811320756,20,2,5,48,0.08333333333333333,7.861961939279361,0.01683501683501684
groot_l10_500,r6p3v2_groot_l10_500_A_r2,r6p3v2_groot_l10_500_A_r2:eval:1:0,1,1,0,10,50,A,False,4684.397,4687.123,ok,,0.08695652173913043,0.005555555555555564,0.07547169811320754,20,2,5,48,0.13043478260869565,7.737602223055224,0.007575757575757569
groot_l10_500,r6p3v2_groot_l10_500_A_r2,r6p3v2_groot_l10_500_A_r2:eval:1:0,1,1,0,12,60,A,False,4624.348,4627.023,ok,,0.08510638297872339,0.005555555555555564,0.07547169811320756,20,2,5,48,0.17391304347826086,7.7534007104688385,0.012882447665056362
groot_l10_500,r6p3v2_groot_l10_500_A_r2,r6p3v2_groot_l10_500_A_r2:eval:1:0,1,1,0,14,70,A,False,4647.843,4650.614,ok,,0.08000000000000002,0.005555555555555564,0.07547169811320753,20,2,5,48,0.20833333333333334,7.591514157478817,0.01288244766505639
groot_l10_500,r6p3v2_groot_l10_500_A_r2,r6p3v2_groot_l10_500_A_r2:eval:1:0,1,1,0,16,80,A,False,4693.245,4695.931,ok,,0.08333333333333331,0.006160954948016939,0.07547169811320759,20,2,5,48,0.2608695652173913,8.001700906518874,0.012882447665056362
groot_l10_500,r6p3v2_groot_l10_500_A_r2,r6p3v2_groot_l10_500_A_r2:eval:1:0,1,1,0,18,90,A,True,4628.278,4634.682,ok,,0.08695652173913043,0.005555555555555591,0.07547169811320759,20,2,5,48,0.3111111111111111,8.551594586041919,0.014814814814814836
groot_l10_500,r6p3v2_groot_l10_500_A_r2,r6p3v2_groot_l10_500_A_r2:eval:1:0,1,1,0,20,100,A,False,4713.41,4715.988,ok,,0.08333333333333331,0.006066734074823055,0.07547169811320759,20,2,5,48,0.35555555555555557,8.612156989936365,0.01481481481481478
groot_l10_500,r6p3v2_groot_l10_500_A_r2,r6p3v2_groot_l10_500_A_r2:eval:1:0,1,1,0,22,110,A,True,4661.721,4664.268,ok,,0.08333333333333331,0.007575757575757569,0.07547169811320753,20,2,5,48,0.4,7.971506046003822,0.01481481481481478
groot_l10_500,r6p3v2_groot_l10_500_A_r2,r6p3v2_groot_l10_500_A_r2:eval:1:0,1,1,0,24,120,A,False,4687.57,4690.027,ok,,0.08333333333333331,0.04255319148936165,0.07547169811320753,20,2,5,48,0.44,7.697456571523385,0.048888888888888926
groot_l10_500,r6p3v2_groot_l10_500_A_r2,r6p3v2_groot_l10_500_A_r2:eval:1:0,1,1,0,26,130,A,False,4615.312,4617.859,ok,,0.08333333333333331,0.007256235827664381,0.07547169811320753,20,2,5,48,0.4583333333333333,7.498057504155195,0.011484823625922846
groot_l10_500,r6p3v2_groot_l10_500_A_r2,r6p3v2_groot_l10_500_A_r2:eval:1:0,1,1,0,28,140,A,False,4673.26,4675.869,ok,,0.08333333333333337,0.03718820861678007,0.07547169811320753,20,2,5,48,0.5,7.804332865114193,0.013417190775681376
groot_l10_500,r6p3v2_groot_l10_500_A_r2,r6p3v2_groot_l10_500_A_r2:eval:1:0,1,1,0,30,150,A,False,4740.512,4743.117,ok,,0.07692307692307687,0.005802707930367468,0.07547169811320759,20,2,5,48,0.5283018867924528,8.247460698163898,0.009259259259259245
groot_l10_500,r6p3v2_groot_l10_500_A_r2,r6p3v2_groot_l10_500_A_r2:eval:1:0,1,1,0,32,160,A,False,4543.755,4546.854,ok,,0.08163265306122458,0.005555555555555536,0.07547169811320753,20,2,5,48,0.5833333333333334,8.437472037531771,0.012882447665056307
groot_l10_500,r6p3v2_groot_l10_500_A_r2,r6p3v2_groot_l10_500_A_r2:eval:1:0,1,1,0,34,170,A,True,4659.581,4662.059,ok,,0.08695652173913038,0.034545454545454546,0.07547169811320764,20,2,5,48,0.6521739130434783,8.171780147107228,0.49777777777777776
groot_l10_500,r6p3v2_groot_l10_500_A_r2,r6p3v2_groot_l10_500_A_r2:eval:1:0,1,1,0,36,180,A,False,4734.795,4737.542,ok,,0.0851063829787233,0.007575757575757569,0.07547169811320753,20,2,5,48,0.7111111111111111,7.3949187962444904,0.007256235827664437
groot_l10_500,r6p3v2_groot_l10_500_A_r2,r6p3v2_groot_l10_500_A_r2:eval:1:0,1,1,0,38,190,A,False,4660.902,4663.24,ok,,0.08510638297872342,0.007575757575757569,0.07547169811320753,20,2,5,48,0.7555555555555555,6.972055636112856,0.007256235827664437
groot_l10_500,r6p3v2_groot_l10_500_A_r2,r6p3v2_groot_l10_500_A_r2:eval:1:0,1,1,0,40,200,A,True,4611.545,4614.452,ok,,0.08695652173913038,0.007575757575757569,0.07547169811320753,20,2,5,48,0.782608695652174,7.482127636495424,0.00927643784786647
groot_l10_500,r6p3v2_groot_l10_500_A_r2,r6p3v2_groot_l10_500_A_r2:eval:1:0,1,1,0,42,210,A,False,4844.23,4846.998,ok,,0.08695652173913038,0.005555555555555536,0.07547169811320753,20,2,5,48,0.8260869565217391,7.915332692765783,0.009276437847866359
groot_l10_500,r6p3v2_groot_l10_500_A_r2,r6p3v2_groot_l10_500_A_r2:eval:1:0,1,1,0,44,220,A,False,4758.979,4761.661,ok,,0.0888888888888889,0.044403330249768835,0.07547169811320753,20,2,5,48,0.8636363636363636,7.844346809991866,0.026382978723404227
groot_l10_500,r6p3v2_groot_l10_500_A_r2,r6p3v2_groot_l10_500_A_r2:eval:1:0,1,1,0,46,230,A,False,4637.292,4639.769,slow_ambiguous,,0.06382978723404253,0.04528985507246375,0.07547169811320753,20,2,5,48,0.9090909090909091,7.432117596127223,0.08499999999999996
groot_l10_500,r6p3v2_groot_l10_500_A_r2,r6p3v2_groot_l10_500_A_r2:eval:1:1,1,1,1,0,0,A,False,43.484,46.181,inactive,warming_up,,,,0,2,5,48,,,
groot_l10_500,r6p3v2_groot_l10_500_A_r2,r6p3v2_groot_l10_500_A_r2:eval:1:1,1,1,1,2,10,A,False,29.345,30.979,inactive,warming_up,,,,0,2,5,48,,,
groot_l10_500,r6p3v2_groot_l10_500_A_r2,r6p3v2_groot_l10_500_A_r2:eval:1:1,1,1,1,4,20,A,True,4698.067,4700.418,ok,,0.08,0.005323868677905949,0.07547169811320759,20,2,5,48,0.0,9.375400691157772,0.013417190775681348
groot_l10_500,r6p3v2_groot_l10_500_A_r2,r6p3v2_groot_l10_500_A_r2:eval:1:1,1,1,1,6,30,A,False,4820.93,4823.663,ok,,0.08163265306122448,0.005802707930367509,0.07547169811320759,20,2,5,48,0.041666666666666664,8.1988366695808,0.01341719077568132
groot_l10_500,r6p3v2_groot_l10_500_A_r2,r6p3v2_groot_l10_500_A_r2:eval:1:1,1,1,1,8,40,A,False,4750.187,4752.921,ok,,0.08,0.005555555555555564,0.07547169811320756,20,2,5,48,0.08,8.10835384055547,0.014814814814814822
groot_l10_500,r6p3v2_groot_l10_500_A_r2,r6p3v2_groot_l10_500_A_r2:eval:1:1,1,1,1,10,50,A,False,4592.686,4595.319,ok,,0.08000000000000002,0.005323868677905949,0.07547169811320759,20,2,5,48,0.12,8.805779786596274,0.014814814814814808
groot_l10_500,r6p3v2_groot_l10_500_A_r2,r6p3v2_groot_l10_500_A_r2:eval:1:1,1,1,1,12,60,A,False,4610.263,4612.882,ok,,0.08000000000000002,0.004134366925064595,0.07547169811320759,20,2,5,48,0.1509433962264151,8.566683223371527,0.04592592592592595
groot_l10_500,r6p3v2_groot_l10_500_A_r2,r6p3v2_groot_l10_500_A_r2:eval:1:1,1,1,1,14,70,A,True,4744.828,4747.549,slow_ambiguous,,0.07547169811320753,0.005323868677905935,0.07547169811320759,20,2,5,48,0.18181818181818182,8.69898248293503,0.016835016835016814
groot_l10_500,r6p3v2_groot_l10_500_A_r2,r6p3v2_groot_l10_500_A_r2:eval:1:1,1,1,1,16,80,A,False,4726.806,4729.331,slow_ambiguous,,0.07547169811320753,0.006160954948016939,0.07547169811320759,20,2,5,48,0.2222222222222222,8.07398425591281,0.014814814814814836
groot_l10_500,r6p3v2_groot_l10_500_A_r2,r6p3v2_groot_l10_500_A_r2:eval:1:1,1,1,1,18,90,A,False,4677.054,4679.778,ok,,0.08333333333333331,0.004134366925064595,0.07547169811320759,20,2,5,48,0.26666666666666666,8.495667675001876,0.014814814814814836
groot_l10_500,r6p3v2_groot_l10_500_A_r2,r6p3v2_groot_l10_500_A_r2:eval:1:1,1,1,1,20,100,A,False,4683.356,4686.157,ok,,0.08333333333333337,0.003952569169960507,0.07547169811320759,20,2,5,48,0.30434782608695654,8.712272141098842,0.014814814814814836
groot_l10_500,r6p3v2_groot_l10_500_A_r2,r6p3v2_groot_l10_500_A_r2:eval:1:1,1,1,1,22,110,A,True,4750.006,4752.639,ok,,0.08333333333333337,0.006066734074823055,0.07547169811320759,20,2,5,48,0.34782608695652173,8.597395047132105,0.01481481481481478
groot_l10_500,r6p3v2_groot_l10_500_A_r2,r6p3v2_groot_l10_500_A_r2:eval:1:1,1,1,1,24,120,A,False,4950.285,4952.986,ok,,0.08333333333333331,0.007575757575757569,0.07547169811320759,20,2,5,48,0.391304347826087,8.023343470972241,0.01481481481481478
groot_l10_500,r6p3v2_groot_l10_500_A_r2,r6p3v2_groot_l10_500_A_r2:eval:1:1,1,1,1,26,130,A,False,4653.926,4656.557,ok,,0.08695652173913043,0.007256235827664437,0.07547169811320759,20,2,5,48,0.43478260869565216,8.14824534540007,0.016835016835016814
groot_l10_500,r6p3v2_groot_l10_500_A_r2,r6p3v2_groot_l10_500_A_r2:eval:1:1,1,1,1,28,140,A,False,4646.601,4649.252,ok,,0.08695652173913038,0.022849462365591322,0.07547169811320764,20,2,5,48,0.4782608695652174,8.320599433211875,0.09554730983302412
groot_l10_500,r6p3v2_groot_l10_500_A_r2,r6p3v2_groot_l10_500_A_r2:eval:1:1,1,1,1,30,150,A,True,4813.504,4816.06,ok,,0.08888888888888885,0.03996598639455784,0.07547169811320764,20,2,5,48,0.4888888888888889,8.310788154776427,0.05786163522012583
groot_l10_500,r6p3v2_groot_l10_500_A_r2,r6p3v2_groot_l10_500_A_r2:eval:1:1,1,1,1,32,160,A,False,4728.163,4730.705,ok,,0.08333333333333326,0.04044489383215366,0.07547169811320753,20,2,5,48,0.5333333333333333,7.940534107445302,0.013417190775681376
groot_l10_500,r6p3v2_groot_l10_500_A_r2,r6p3v2_groot_l10_500_A_r2:eval:1:1,1,1,1,34,170,A,False,4781.988,4784.46,ok,,0.07999999999999996,0.00927643784786647,0.07547169811320753,20,2,5,48,0.6086956521739131,8.032668112287771,0.013417190775681376
groot_l10_500,r6p3v2_groot_l10_500_A_r2,r6p3v2_groot_l10_500_A_r2:eval:1:1,1,1,1,36,180,A,True,4564.243,4566.754,ok,,0.08333333333333337,0.03996598639455784,0.07547169811320764,20,2,5,48,0.6521739130434783,8.2482719301193,0.14520098441345375
groot_l10_500,r6p3v2_groot_l10_500_A_r2,r6p3v2_groot_l10_500_A_r2:eval:1:1,1,1,1,38,190,A,False,4647.066,4649.836,ok,,0.07547169811320753,0.03907946157186282,0.07547169811320753,20,2,5,48,0.7083333333333334,8.373768286140077,0.04528985507246386
groot_l10_500,r6p3v2_groot_l10_500_A_r2,r6p3v2_groot_l10_500_A_r2:eval:1:1,1,1,1,40,200,A,False,4691.337,4694.03,ok,,0.08695652173913049,0.005555555555555536,0.07547169811320753,20,2,5,48,0.7391304347826086,8.48503869009896,0.007256235827664437
groot_l10_500,r6p3v2_groot_l10_500_A_r2,r6p3v2_groot_l10_500_A_r2:eval:1:1,1,1,1,42,210,A,False,4562.94,4565.433,ok,,0.0888888888888888,0.007256235827664326,0.07547169811320753,20,2,5,48,0.7916666666666666,8.915216166531676,0.10897435897435892
groot_l10_500,r6p3v2_groot_l10_500_A_r2,r6p3v2_groot_l10_500_A_r2:eval:1:1,1,1,1,44,220,A,False,4825.365,4828.103,ok,,0.08333333333333337,0.005555555555555536,0.07547169811320753,20,2,5,48,0.8333333333333334,8.829622479859255,0.005555555555555647
groot_l10_500,r6p3v2_groot_l10_500_A_r2,r6p3v2_groot_l10_500_A_r2:eval:1:1,1,1,1,46,230,A,False,4561.06,4563.536,ok,,0.11111111111111116,0.03446712018140596,0.07547169811320753,20,2,5,48,0.8888888888888888,8.917310447545182,0.06028368794326233
groot_l10_500,r6p3v2_groot_l10_500_A_r2,r6p3v2_groot_l10_500_A_r2:eval:1:1,1,1,1,48,240,A,True,4644.776,4647.422,ok,,0.08333333333333337,0.026412325752017685,0.07547169811320753,20,2,5,48,0.9166666666666666,8.912776553493181,0.03821102909248808
groot_l10_500,r6p3v2_groot_l10_500_A_r2,r6p3v2_groot_l10_500_A_r2:eval:2:0,1,2,0,0,0,A,False,63.344,66.471,inactive,warming_up,,,,0,2,5,42,,,
groot_l10_500,r6p3v2_groot_l10_500_A_r2,r6p3v2_groot_l10_500_A_r2:eval:2:0,1,2,0,2,10,A,False,31.953,33.862,inactive,warming_up,,,,0,2,5,42,,,
groot_l10_500,r6p3v2_groot_l10_500_A_r2,r6p3v2_groot_l10_500_A_r2:eval:2:0,1,2,0,4,20,A,False,4471.202,4473.706,ok,,0.09523809523809523,0.012379110251450665,0.0727272727272727,20,2,5,42,0.0392156862745098,8.930328810807682,0.04710144927536232
groot_l10_500,r6p3v2_groot_l10_500_A_r2,r6p3v2_groot_l10_500_A_r2:eval:2:0,1,2,0,6,30,A,True,4442.755,4445.585,ok,,0.0784313725490196,0.007256235827664381,0.07272727272727272,20,2,5,42,0.041666666666666664,7.309475672301962,0.011484823625922874
groot_l10_500,r6p3v2_groot_l10_500_A_r2,r6p3v2_groot_l10_500_A_r2:eval:2:0,1,2,0,8,40,A,False,4330.379,4333.021,ok,,0.0784313725490196,0.007256235827664381,0.07272727272727272,20,2,5,42,0.08163265306122448,7.154041044799605,0.00890538033395176
groot_l10_500,r6p3v2_groot_l10_500_A_r2,r6p3v2_groot_l10_500_A_r2:eval:2:0,1,2,0,10,50,A,True,4288.107,4290.892,ok,,0.08000000000000002,0.0392156862745098,0.07272727272727274,20,2,5,42,0.17391304347826086,7.431308284408012,0.04048027444253863
groot_l10_500,r6p3v2_groot_l10_500_A_r2,r6p3v2_groot_l10_500_A_r2:eval:2:0,1,2,0,12,60,A,False,4260.373,4263.034,ok,,0.07999999999999999,0.034655371582595296,0.07272727272727274,20,2,5,42,0.16666666666666666,7.432751496250073,0.04664484451718498
groot_l10_500,r6p3v2_groot_l10_500_A_r2,r6p3v2_groot_l10_500_A_r2:eval:2:0,1,2,0,14,70,A,False,4282.346,4285.072,ok,,0.08333333333333334,0.007256235827664437,0.07272727272727272,20,2,5,42,0.2553191489361702,7.123906252865496,0.07692307692307689
groot_l10_500,r6p3v2_groot_l10_500_A_r2,r6p3v2_groot_l10_500_A_r2:eval:2:0,1,2,0,16,80,A,False,4285.555,4288.232,ok,,0.08333333333333331,0.0398550724637681,0.07272727272727274,20,2,5,42,0.2692307692307692,7.581236846799921,0.044403330249768724
groot_l10_500,r6p3v2_groot_l10_500_A_r2,r6p3v2_groot_l10_500_A_r2:eval:2:0,1,2,0,18,90,A,False,4232.495,4235.216,ok,,0.08333333333333331,0.0385947550717467,0.07272727272727272,20,2,5,42,0.2978723404255319,7.483789700713167,0.012882447665056362
groot_l10_500,r6p3v2_groot_l10_500_A_r2,r6p3v2_groot_l10_500_A_r2:eval:2:0,1,2,0,20,100,A,False,4232.12,4234.881,ok,,0.08333333333333337,0.0385947550717467,0.0727272727272727,20,2,5,42,0.34782608695652173,7.658287687172018,0.023464458247066944
groot_l10_500,r6p3v2_groot_l10_500_A_r2,r6p3v2_groot_l10_500_A_r2:eval:2:0,1,2,0,22,110,A,False,4287.216,4289.865,ok,,0.08510638297872336,0.03495311167945442,0.0727272727272727,20,2,5,42,0.3829787234042553,7.523320567853941,0.023464458247066944
groot_l10_500,r6p3v2_groot_l10_500_A_r2,r6p3v2_groot_l10_500_A_r2:eval:2:0,1,2,0,24,120,A,False,4257.522,4260.152,ok,,0.08510638297872342,0.035121025154247754,0.07272727272727275,20,2,5,42,0.4230769230769231,7.532345415747931,0.04807692307692307
groot_l10_500,r6p3v2_groot_l10_500_A_r2,r6p3v2_groot_l10_500_A_r2:eval:2:0,1,2,0,26,130,A,True,4279.911,4282.634,ok,,0.08333333333333331,0.008281573498964856,0.0727272727272727,20,2,5,42,0.4583333333333333,8.674394179405462,0.025418060200668835
groot_l10_500,r6p3v2_groot_l10_500_A_r2,r6p3v2_groot_l10_500_A_r2:eval:2:0,1,2,0,28,140,A,False,4234.391,4237.07,ok,,0.08333333333333337,0.010457516339869188,0.0727272727272727,20,2,5,42,0.5217391304347826,8.777927115177848,0.008525149190110937
groot_l10_500,r6p3v2_groot_l10_500_A_r2,r6p3v2_groot_l10_500_A_r2:eval:2:0,1,2,0,30,150,A,False,4200.312,4203.041,ok,,0.08510638297872342,0.012379110251450665,0.07272727272727275,20,2,5,42,0.5882352941176471,8.753581402681204,0.0759803921568627
groot_l10_500,r6p3v2_groot_l10_500_A_r2,r6p3v2_groot_l10_500_A_r2:eval:2:0,1,2,0,32,160,A,False,4273.165,4275.985,ok,,0.07843137254901966,0.0358781810596579,0.0727272727272727,20,2,5,42,0.6274509803921569,7.957593704086086,0.010033444816053505
groot_l10_500,r6p3v2_groot_l10_500_A_r2,r6p3v2_groot_l10_500_A_r2:eval:2:0,1,2,0,34,170,A,False,4197.678,4200.066,ok,,0.07843137254901966,0.03761504601840737,0.07272727272727275,20,2,5,42,0.6666666666666666,7.523110200004967,0.08919803600654663
groot_l10_500,r6p3v2_groot_l10_500_A_r2,r6p3v2_groot_l10_500_A_r2:eval:2:0,1,2,0,36,180,A,False,4196.206,4198.774,ok,,0.07999999999999996,0.04078014184397161,0.07272727272727275,20,2,5,42,0.7058823529411765,7.512393395929011,0.042175360710321685
groot_l10_500,r6p3v2_groot_l10_500_A_r2,r6p3v2_groot_l10_500_A_r2:eval:2:0,1,2,0,38,190,A,False,4251.15,4253.534,ok,,0.07843137254901955,0.032478632478632474,0.07272727272727275,20,2,5,42,0.7450980392156863,7.806135751434186,0.07744680851063823
groot_l10_500,r6p3v2_groot_l10_500_A_r2,r6p3v2_groot_l10_500_A_r2:eval:2:0,1,2,0,40,200,A,False,4220.442,4222.884,ok,,0.08333333333333326,0.030350601779173182,0.07272727272727275,20,2,5,42,0.8085106382978723,8.024270842514015,0.08156862745098037
groot_l10_500,r6p3v2_groot_l10_500_A_r2,r6p3v2_groot_l10_500_A_r2:eval:2:0,1,2,0,42,210,A,False,4312.762,4315.341,ok,,0.07843137254901966,0.009689922480620172,0.07272727272727275,20,2,5,42,0.84,8.385136807921013,0.012379110251450665
groot_l10_500,r6p3v2_groot_l10_500_A_r2,r6p3v2_groot_l10_500_A_r2:eval:2:0,1,2,0,44,220,A,False,4321.245,4323.92,ok,,0.07843137254901955,0.019916142557652027,0.07272727272727264,20,2,5,42,0.88,8.881066416375544,0.0072727272727272085
groot_l10_500,r6p3v2_groot_l10_500_A_r2,r6p3v2_groot_l10_500_A_r2:eval:2:1,1,2,1,0,0,A,False,43.195,46.162,inactive,warming_up,,,,0,2,5,42,,,
groot_l10_500,r6p3v2_groot_l10_500_A_r2,r6p3v2_groot_l10_500_A_r2:eval:2:1,1,2,1,2,10,A,True,29.283,30.884,inactive,warming_up,,,,0,2,5,42,,,
groot_l10_500,r6p3v2_groot_l10_500_A_r2,r6p3v2_groot_l10_500_A_r2:eval:2:1,1,2,1,4,20,A,False,4333.955,4336.48,slow_confirmed,,0.04081632653061224,0.012535612535612528,0.07272727272727272,20,2,5,42,0.0,7.37042756060504,0.09523809523809523
groot_l10_500,r6p3v2_groot_l10_500_A_r2,r6p3v2_groot_l10_500_A_r2:eval:2:1,1,2,1,6,30,A,False,4253.228,4255.896,ok,,0.08333333333333333,0.008525149190110826,0.07272727272727272,20,2,5,42,0.0,6.672045983096595,0.07541478129713425
groot_l10_500,r6p3v2_groot_l10_500_A_r2,r6p3v2_groot_l10_500_A_r2:eval:2:1,1,2,1,8,40,A,True,4206.572,4209.184,ok,,0.08333333333333334,0.007256235827664381,0.07272727272727272,20,2,5,42,0.041666666666666664,7.28430949542404,0.016806722689075626
groot_l10_500,r6p3v2_groot_l10_500_A_r2,r6p3v2_groot_l10_500_A_r2:eval:2:1,1,2,1,10,50,A,False,4409.152,4411.695,ok,,0.0784313725490196,0.007256235827664381,0.07272727272727272,20,2,5,42,0.08,7.739573214602845,0.010033444816053505
groot_l10_500,r6p3v2_groot_l10_500_A_r2,r6p3v2_groot_l10_500_A_r2:eval:2:1,1,2,1,12,60,A,True,4397.775,4400.32,ok,,0.08333333333333334,0.03495311167945442,0.07272727272727274,20,2,5,42,0.125,7.580302747405145,0.04072398190045251
groot_l10_500,r6p3v2_groot_l10_500_A_r2,r6p3v2_groot_l10_500_A_r2:eval:2:1,1,2,1,14,70,A,False,4055.468,4058.023,ok,,0.08333333333333334,0.0392156862745098,0.07272727272727274,20,2,5,42,0.16666666666666666,7.42033450020335,0.04072398190045251
groot_l10_500,r6p3v2_groot_l10_500_A_r2,r6p3v2_groot_l10_500_A_r2:eval:2:1,1,2,1,16,80,A,False,3971.276,3973.82,ok,,0.08000000000000002,0.0398550724637681,0.07272727272727272,20,2,5,42,0.20833333333333334,7.199387515027401,0.04411764705882351
groot_l10_500,r6p3v2_groot_l10_500_A_r2,r6p3v2_groot_l10_500_A_r2:eval:2:1,1,2,1,18,90,A,False,4233.271,4235.953,ok,,0.0784313725490196,0.0385947550717467,0.07272727272727272,20,2,5,42,0.30434782608695654,7.472272507676318,0.010033444816053505
groot_l10_500,r6p3v2_groot_l10_500_A_r2,r6p3v2_groot_l10_500_A_r2:eval:2:1,1,2,1,20,100,A,False,4114.91,4117.702,ok,,0.0784313725490196,0.006160954948016939,0.0727272727272727,20,2,5,42,0.34615384615384615,7.084282371135811,0.01552795031055898
groot_l10_500,r6p3v2_groot_l10_500_A_r2,r6p3v2_groot_l10_500_A_r2:eval:2:1,1,2,1,22,110,A,True,4418.581,4421.296,ok,,0.07843137254901955,0.011965811965811979,0.0727272727272727,20,2,5,42,0.38461538461538464,7.1480102176538365,0.015527950310559036
groot_l10_500,r6p3v2_groot_l10_500_A_r2,r6p3v2_groot_l10_500_A_r2:eval:2:1,1,2,1,24,120,A,True,4197.307,4199.879,ok,,0.07843137254901966,0.0385947550717467,0.0727272727272727,20,2,5,42,0.4,7.531325498303281,0.0064102564102563875
groot_l10_500,r6p3v2_groot_l10_500_A_r2,r6p3v2_groot_l10_500_A_r2:eval:2:1,1,2,1,26,130,A,True,4199.729,4202.35,ok,,0.07843137254901966,0.011965811965811979,0.0727272727272727,20,2,5,42,0.44,7.830437851574818,0.006410256410256443
groot_l10_500,r6p3v2_groot_l10_500_A_r2,r6p3v2_groot_l10_500_A_r2:eval:2:1,1,2,1,28,140,A,False,4279.375,4282.099,ok,,0.07843137254901966,0.011965811965811979,0.0727272727272727,20,2,5,42,0.5,8.123856118386364,0.013986013986014068
groot_l10_500,r6p3v2_groot_l10_500_A_r2,r6p3v2_groot_l10_500_A_r2:eval:2:1,1,2,1,30,150,A,False,4249.437,4251.964,ok,,0.07843137254901966,0.011965811965811979,0.0727272727272727,20,2,5,42,0.52,8.038413281389213,0.008183306055646433
groot_l10_500,r6p3v2_groot_l10_500_A_r2,r6p3v2_groot_l10_500_A_r2:eval:2:1,1,2,1,32,160,A,False,4240.946,4251.013,ok,,0.07843137254901955,0.011390602752728962,0.0727272727272727,20,2,5,42,0.5531914893617021,8.402624039796365,0.01237911025145072
groot_l10_500,r6p3v2_groot_l10_500_A_r2,r6p3v2_groot_l10_500_A_r2:eval:2:1,1,2,1,34,170,A,False,4137.165,4139.535,ok,,0.08510638297872342,0.034545454545454546,0.07272727272727275,20,2,5,42,0.5957446808510638,7.726936672828056,0.079185520361991
groot_l10_500,r6p3v2_groot_l10_500_A_r2,r6p3v2_groot_l10_500_A_r2:eval:2:1,1,2,1,36,180,A,False,4034.103,4036.643,ok,,0.07843137254901966,0.03996598639455784,0.07272727272727275,20,2,5,42,0.6538461538461539,7.661853740387578,0.08321513002364067
groot_l10_500,r6p3v2_groot_l10_500_A_r2,r6p3v2_groot_l10_500_A_r2:eval:2:1,1,2,1,38,190,A,False,4431.153,4433.631,ok,,0.08510638297872342,0.04226415094339625,0.07272727272727264,20,2,5,42,0.6808510638297872,7.66668904680406,0.03695324283559587
groot_l10_500,r6p3v2_groot_l10_500_A_r2,r6p3v2_groot_l10_500_A_r2:eval:2:1,1,2,1,40,200,A,False,4431.311,4434.084,ok,,0.0888888888888889,0.032478632478632474,0.07272727272727275,20,2,5,42,0.7450980392156863,7.6402715085466255,0.08244680851063835
groot_l10_500,r6p3v2_groot_l10_500_A_r2,r6p3v2_groot_l10_500_A_r2:eval:2:1,1,2,1,42,210,A,False,4256.713,4259.314,ok,,0.08333333333333337,0.040784313725490184,0.07272727272727264,20,2,5,42,0.7843137254901961,7.865554923098137,0.010457516339869133
groot_l10_500,r6p3v2_groot_l10_500_A_r2,r6p3v2_groot_l10_500_A_r2:eval:2:1,1,2,1,44,220,A,False,4075.454,4078.089,ok,,0.07843137254901966,0.03380503144654079,0.07272727272727264,20,2,5,42,0.8235294117647058,8.717446238439068,0.04066193853427902
groot_l10_500,r6p3v2_groot_l10_500_A_r2,r6p3v2_groot_l10_500_A_r2:eval:2:1,1,2,1,46,230,A,False,4252.34,4255.108,ok,,0.07843137254901966,0.030065359477124187,0.07272727272727264,20,2,5,42,0.84,9.430479982739657,0.010606060606060619
groot_l10_500,r6p3v2_groot_l10_500_A_r2,r6p3v2_groot_l10_500_A_r2:eval:2:1,1,2,1,48,240,A,True,4365.627,4368.181,ok,,0.07999999999999996,0.030065359477124187,0.07272727272727264,20,2,5,42,0.88,9.466680086874021,0.010606060606060619
groot_l10_500,r6p3v2_groot_l10_500_A_r2,r6p3v2_groot_l10_500_A_r2:eval:3:0,1,3,0,0,0,A,False,42.166,45.06,inactive,warming_up,,,,0,2,5,48,,,
groot_l10_500,r6p3v2_groot_l10_500_A_r2,r6p3v2_groot_l10_500_A_r2:eval:3:0,1,3,0,2,10,A,False,31.604,33.431,inactive,warming_up,,,,0,2,5,48,,,
groot_l10_500,r6p3v2_groot_l10_500_A_r2,r6p3v2_groot_l10_500_A_r2:eval:3:0,1,3,0,4,20,A,False,5059.547,5062.049,ok,,0.09090909090909091,0.007916872835230099,0.08163265306122448,20,2,5,48,0.0,9.09955318516244,0.03419972640218878
groot_l10_500,r6p3v2_groot_l10_500_A_r2,r6p3v2_groot_l10_500_A_r2:eval:3:0,1,3,0,6,30,A,False,4519.996,4522.594,ok,,0.09302325581395349,0.03199343724364233,0.0816326530612245,20,2,5,48,0.0,7.980427753521927,0.051299589603283166
groot_l10_500,r6p3v2_groot_l10_500_A_r2,r6p3v2_groot_l10_500_A_r2:eval:3:0,1,3,0,8,40,A,False,4598.221,4601.105,ok,,0.08695652173913043,0.006066734074823055,0.08163265306122448,20,2,5,48,0.08695652173913043,8.159967201456888,0.01459188326493388
groot_l10_500,r6p3v2_groot_l10_500_A_r2,r6p3v2_groot_l10_500_A_r2:eval:3:0,1,3,0,10,50,A,False,4723.468,4726.507,ok,,0.09090909090909091,0.006976744186046463,0.08163265306122448,20,2,5,48,0.13043478260869565,8.364150828177541,0.024057738572574178
groot_l10_500,r6p3v2_groot_l10_500_A_r2,r6p3v2_groot_l10_500_A_r2:eval:3:0,1,3,0,12,60,A,False,4732.361,4735.083,ok,,0.08695652173913043,0.006976744186046463,0.08163265306122448,20,2,5,48,0.1568627450980392,8.433990592479788,0.02194357366771159
groot_l10_500,r6p3v2_groot_l10_500_A_r2,r6p3v2_groot_l10_500_A_r2:eval:3:0,1,3,0,14,70,A,False,4599.192,4601.925,ok,,0.08695652173913046,0.007916872835230099,0.08163265306122447,20,2,5,48,0.21739130434782608,8.246515528914928,0.02859545836837682
groot_l10_500,r6p3v2_groot_l10_500_A_r2,r6p3v2_groot_l10_500_A_r2:eval:3:0,1,3,0,16,80,A,True,4457.911,4460.925,ok,,0.09090909090909094,0.010131712259371817,0.08163265306122447,20,2,5,48,0.26666666666666666,8.453489699963066,0.05200341005967607
groot_l10_500,r6p3v2_groot_l10_500_A_r2,r6p3v2_groot_l10_500_A_r2:eval:3:0,1,3,0,18,90,A,False,4594.061,4596.675,ok,,0.09090909090909094,0.006651884700665189,0.08163265306122448,20,2,5,48,0.3111111111111111,8.790186280636755,0.02501690331304937
groot_l10_500,r6p3v2_groot_l10_500_A_r2,r6p3v2_groot_l10_500_A_r2:eval:3:0,1,3,0,20,100,A,False,4687.377,4690.064,ok,,0.09090909090909088,0.006976744186046491,0.08163265306122448,20,2,5,48,0.36363636363636365,8.866045671241567,0.019129603060736466
groot_l10_500,r6p3v2_groot_l10_500_A_r2,r6p3v2_groot_l10_500_A_r2:eval:3:0,1,3,0,22,110,A,False,4588.778,4591.488,ok,,0.08888888888888885,0.01459188326493388,0.08163265306122447,20,2,5,48,0.4,8.558578868745956,0.028595458368376847
groot_l10_500,r6p3v2_groot_l10_500_A_r2,r6p3v2_groot_l10_500_A_r2:eval:3:0,1,3,0,24,120,A,False,4534.22,4546.682,ok,,0.0888888888888889,0.004537719795802586,0.08163265306122452,20,2,5,48,0.46511627906976744,8.795591677346183,0.012454592631032713
groot_l10_500,r6p3v2_groot_l10_500_A_r2,r6p3v2_groot_l10_500_A_r2:eval:3:0,1,3,0,26,130,A,False,4375.526,4378.229,ok,,0.09302325581395343,0.006066734074823055,0.08163265306122447,20,2,5,48,0.5116279069767442,9.028135756073672,0.012454592631032657
groot_l10_500,r6p3v2_groot_l10_500_A_r2,r6p3v2_groot_l10_500_A_r2:eval:3:0,1,3,0,28,140,A,False,4626.966,4629.512,ok,,0.09302325581395354,0.041269841269841345,0.08163265306122447,20,2,5,48,0.5581395348837209,9.087953959620599,0.0717563621193158
groot_l10_500,r6p3v2_groot_l10_500_A_r2,r6p3v2_groot_l10_500_A_r2:eval:3:0,1,3,0,30,150,A,False,4688.715,4693.764,ok,,0.09302325581395354,0.04540420819490598,0.08163265306122447,20,2,5,48,0.6046511627906976,8.968546985285393,0.04761904761904767
groot_l10_500,r6p3v2_groot_l10_500_A_r2,r6p3v2_groot_l10_500_A_r2:eval:3:0,1,3,0,32,160,A,True,4656.497,4659.091,ok,,0.09523809523809523,0.033986928104575265,0.08163265306122452,20,2,5,48,0.6666666666666666,8.738967121234102,0.006651884700665134
groot_l10_500,r6p3v2_groot_l10_500_A_r2,r6p3v2_groot_l10_500_A_r2:eval:3:0,1,3,0,34,170,A,False,4485.869,4488.348,ok,,0.09302325581395343,0.03965183752417789,0.08163265306122458,20,2,5,48,0.7142857142857143,9.117723416712503,0.006349206349206327
groot_l10_500,r6p3v2_groot_l10_500_A_r2,r6p3v2_groot_l10_500_A_r2:eval:3:0,1,3,0,36,180,A,False,4332.211,4334.747,ok,,0.09302325581395354,0.004537719795802531,0.08163265306122447,20,2,5,48,0.7619047619047619,9.143637378882653,0.010131712259371817
groot_l10_500,r6p3v2_groot_l10_500_A_r2,r6p3v2_groot_l10_500_A_r2:eval:3:0,1,3,0,38,190,A,False,4614.492,4617.062,ok,,0.09090909090909083,0.0043290043290042934,0.08163265306122447,20,2,5,48,0.8085106382978723,8.955040836474433,0.010131712259371817
groot_l10_500,r6p3v2_groot_l10_500_A_r2,r6p3v2_groot_l10_500_A_r2:eval:3:0,1,3,0,40,200,A,False,4715.845,4718.457,ok,,0.09090909090909094,0.021943573667711602,0.08163265306122452,20,2,5,48,0.851063829787234,8.264710061643262,0.010131712259371817
groot_l10_500,r6p3v2_groot_l10_500_A_r2,r6p3v2_groot_l10_500_A_r2:eval:3:0,1,3,0,42,210,A,False,4601.734,4604.418,ok,,0.09090909090909094,0.025396825396825307,0.08163265306122447,20,2,5,48,0.9047619047619048,7.3832075558989345,0.01749408983451539
groot_l10_500,r6p3v2_groot_l10_500_A_r2,r6p3v2_groot_l10_500_A_r2:eval:3:1,1,3,1,0,0,A,False,38.681,41.496,inactive,warming_up,,,,0,2,5,48,,,
groot_l10_500,r6p3v2_groot_l10_500_A_r2,r6p3v2_groot_l10_500_A_r2:eval:3:1,1,3,1,2,10,A,False,31.01,40.496,inactive,warming_up,,,,0,2,5,48,,,
groot_l10_500,r6p3v2_groot_l10_500_A_r2,r6p3v2_groot_l10_500_A_r2:eval:3:1,1,3,1,4,20,A,False,4834.349,4837.021,ok,,0.09090909090909091,0.007916872835230099,0.08163265306122448,20,2,5,48,0.0,9.189767768052606,0.026272577996715923
groot_l10_500,r6p3v2_groot_l10_500_A_r2,r6p3v2_groot_l10_500_A_r2:eval:3:1,1,3,1,6,30,A,False,4641.484,4644.366,ok,,0.0909090909090909,0.0069767441860465185,0.08163265306122448,20,2,5,48,0.045454545454545456,7.57450500566221,0.026272577996715923
groot_l10_500,r6p3v2_groot_l10_500_A_r2,r6p3v2_groot_l10_500_A_r2:eval:3:1,1,3,1,8,40,A,False,4654.283,4657.204,ok,,0.09090909090909091,0.004537719795802614,0.08163265306122452,20,2,5,48,0.09090909090909091,8.341067342794785,0.0082815734989648
groot_l10_500,r6p3v2_groot_l10_500_A_r2,r6p3v2_groot_l10_500_A_r2:eval:3:1,1,3,1,10,50,A,False,4576.49,4579.346,ok,,0.09090909090909091,0.004537719795802614,0.08163265306122452,20,2,5,48,0.13636363636363635,8.180113315729212,0.0082815734989648
groot_l10_500,r6p3v2_groot_l10_500_A_r2,r6p3v2_groot_l10_500_A_r2:eval:3:1,1,3,1,12,60,A,False,4561.667,4564.59,ok,,0.08888888888888888,0.010131712259371817,0.0816326530612245,20,2,5,48,0.18181818181818182,8.213518465467857,0.047619047619047616
groot_l10_500,r6p3v2_groot_l10_500_A_r2,r6p3v2_groot_l10_500_A_r2:eval:3:1,1,3,1,14,70,A,False,4791.632,4794.301,ok,,0.09523809523809523,0.011484823625922902,0.08163265306122448,20,2,5,48,0.22727272727272727,7.91345332349366,0.028758169934640504
groot_l10_500,r6p3v2_groot_l10_500_A_r2,r6p3v2_groot_l10_500_A_r2:eval:3:1,1,3,1,16,80,A,False,4670.28,4673.006,ok,,0.09090909090909094,0.038176033934252396,0.08163265306122447,20,2,5,48,0.26666666666666666,8.474259028696427,0.05490196078431375
groot_l10_500,r6p3v2_groot_l10_500_A_r2,r6p3v2_groot_l10_500_A_r2:eval:3:1,1,3,1,18,90,A,False,4613.382,4616.069,ok,,0.09090909090909094,0.010131712259371817,0.08163265306122452,20,2,5,48,0.3181818181818182,8.48774918918221,0.0560224089635854
groot_l10_500,r6p3v2_groot_l10_500_A_r2,r6p3v2_groot_l10_500_A_r2:eval:3:1,1,3,1,20,100,A,False,4495.793,4498.644,ok,,0.09090909090909088,0.006976744186046463,0.08163265306122452,20,2,5,48,0.36363636363636365,8.209627265150724,0.016806722689075626
groot_l10_500,r6p3v2_groot_l10_500_A_r2,r6p3v2_groot_l10_500_A_r2:eval:3:1,1,3,1,22,110,A,False,4594.521,4597.205,ok,,0.09090909090909088,0.007916872835230127,0.08163265306122452,20,2,5,48,0.4090909090909091,7.9610229005796675,0.01680672268907568
groot_l10_500,r6p3v2_groot_l10_500_A_r2,r6p3v2_groot_l10_500_A_r2:eval:3:1,1,3,1,24,120,A,False,4634.713,4637.694,ok,,0.09090909090909088,0.007916872835230127,0.08163265306122452,20,2,5,48,0.4444444444444444,7.9442669984641965,0.01459188326493388
groot_l10_500,r6p3v2_groot_l10_500_A_r2,r6p3v2_groot_l10_500_A_r2:eval:3:1,1,3,1,26,130,A,False,4784.11,4786.956,ok,,0.09090909090909094,0.00697674418604656,0.08163265306122452,20,2,5,48,0.4888888888888889,8.72762254086234,0.05793226381461686
groot_l10_500,r6p3v2_groot_l10_500_A_r2,r6p3v2_groot_l10_500_A_r2:eval:3:1,1,3,1,28,140,A,False,4526.717,4529.404,ok,,0.09090909090909094,0.039337474120082705,0.08163265306122452,20,2,5,48,0.5454545454545454,9.04068733534423,0.05064599483204135
groot_l10_500,r6p3v2_groot_l10_500_A_r2,r6p3v2_groot_l10_500_A_r2:eval:3:1,1,3,1,30,150,A,False,4523.984,4530.362,ok,,0.0888888888888889,0.04646464646464654,0.08163265306122447,20,2,5,48,0.6046511627906976,8.74482995293306,0.04651162790697683
groot_l10_500,r6p3v2_groot_l10_500_A_r2,r6p3v2_groot_l10_500_A_r2:eval:3:1,1,3,1,32,160,A,False,4541.751,4544.649,ok,,0.09302325581395343,0.04540420819490598,0.08163265306122447,20,2,5,48,0.6511627906976745,8.91642918865538,0.10189701897018966
groot_l10_500,r6p3v2_groot_l10_500_A_r2,r6p3v2_groot_l10_500_A_r2:eval:3:1,1,3,1,34,170,A,True,4685.627,4696.346,ok,,0.09302325581395343,0.04150197628458496,0.08163265306122458,20,2,5,48,0.6976744186046512,9.407656261962025,0.006349206349206327
groot_l10_500,r6p3v2_groot_l10_500_A_r2,r6p3v2_groot_l10_500_A_r2:eval:3:1,1,3,1,36,180,A,False,4620.946,4623.667,ok,,0.09302325581395354,0.04150197628458496,0.08163265306122458,20,2,5,48,0.7441860465116279,9.663607469653138,0.0043290043290042934
groot_l10_500,r6p3v2_groot_l10_500_A_r2,r6p3v2_groot_l10_500_A_r2:eval:3:1,1,3,1,38,190,A,False,4519.311,4521.994,ok,,0.09302325581395354,0.033986928104575265,0.08163265306122458,20,2,5,48,0.7906976744186046,8.991419602612948,0.0043290043290044045
groot_l10_500,r6p3v2_groot_l10_500_A_r2,r6p3v2_groot_l10_500_A_r2:eval:3:1,1,3,1,40,200,A,False,4531.548,4534.341,ok,,0.09090909090909094,0.03241719520789295,0.08163265306122447,20,2,5,48,0.8571428571428571,7.991525449361823,0.01680672268907568
groot_l10_500,r6p3v2_groot_l10_500_A_r2,r6p3v2_groot_l10_500_A_r2:eval:3:1,1,3,1,42,210,A,False,4623.756,4626.543,ok,,0.09523809523809523,0.025396825396825307,0.08163265306122443,20,2,5,48,0.9019607843137255,7.118088768865349,0.052003410059676125
groot_l10_500,r6p3v2_groot_l10_500_A_r2,r6p3v2_groot_l10_500_A_r2:eval:4:0,2,4,0,0,0,A,False,43.503,46.504,inactive,warming_up,,,,0,2,5,45,,,
groot_l10_500,r6p3v2_groot_l10_500_A_r2,r6p3v2_groot_l10_500_A_r2:eval:4:0,2,4,0,2,10,A,False,29.875,31.689,inactive,warming_up,,,,0,2,5,45,,,
groot_l10_500,r6p3v2_groot_l10_500_A_r2,r6p3v2_groot_l10_500_A_r2:eval:4:0,2,4,0,4,20,A,True,4703.391,4706.06,slow_ambiguous,,0.06779661016949153,0.014227642276422772,0.07843137254901963,20,2,5,45,0.0,9.031455511977157,0.0946969696969697
groot_l10_500,r6p3v2_groot_l10_500_A_r2,r6p3v2_groot_l10_500_A_r2:eval:4:0,2,4,0,6,30,A,False,4298.298,4301.08,ok,,0.08333333333333334,0.03081232492997199,0.0784313725490196,20,2,5,45,0.041666666666666664,8.063569254230075,0.04872646733111849
groot_l10_500,r6p3v2_groot_l10_500_A_r2,r6p3v2_groot_l10_500_A_r2:eval:4:0,2,4,0,8,40,A,False,4183.044,4185.608,ok,,0.09090909090909091,0.01459188326493388,0.0784313725490196,20,2,5,45,0.09090909090909091,8.44834934366343,0.029764365440264576
groot_l10_500,r6p3v2_groot_l10_500_A_r2,r6p3v2_groot_l10_500_A_r2:eval:4:0,2,4,0,10,50,A,False,4365.092,4367.735,ok,,0.09090909090909091,0.013605442176870736,0.0784313725490196,20,2,5,45,0.12244897959183673,8.06645497023381,0.05720338983050849
groot_l10_500,r6p3v2_groot_l10_500_A_r2,r6p3v2_groot_l10_500_A_r2:eval:4:0,2,4,0,12,60,A,False,4526.415,4529.132,ok,,0.09523809523809523,0.014227642276422772,0.0784313725490196,20,2,5,45,0.18181818181818182,8.110047309261631,0.04336734693877553
groot_l10_500,r6p3v2_groot_l10_500_A_r2,r6p3v2_groot_l10_500_A_r2:eval:4:0,2,4,0,14,70,A,False,4261.806,4264.432,ok,,0.08333333333333331,0.011904761904761862,0.0784313725490196,20,2,5,45,0.23809523809523808,8.146210044906612,0.02976436544026459
groot_l10_500,r6p3v2_groot_l10_500_A_r2,r6p3v2_groot_l10_500_A_r2:eval:4:0,2,4,0,16,80,A,True,4176.606,4179.18,ok,,0.09523809523809523,0.0075757575757576245,0.0784313725490196,20,2,5,45,0.2857142857142857,8.42961083622331,0.029764365440264617
groot_l10_500,r6p3v2_groot_l10_500_A_r2,r6p3v2_groot_l10_500_A_r2:eval:4:0,2,4,0,18,90,A,False,4360.751,4363.434,ok,,0.09090909090909088,0.0357142857142857,0.07843137254901963,20,2,5,45,0.2857142857142857,8.129498615630178,0.11824990145841544
groot_l10_500,r6p3v2_groot_l10_500_A_r2,r6p3v2_groot_l10_500_A_r2:eval:4:0,2,4,0,20,100,A,False,4333.074,4335.781,slow_ambiguous,,0.06779661016949151,0.04251207729468598,0.0784313725490196,20,2,5,45,0.32653061224489793,7.564769129163115,0.09408033826638479
groot_l10_500,r6p3v2_groot_l10_500_A_r2,r6p3v2_groot_l10_500_A_r2:eval:4:0,2,4,0,22,110,A,True,4489.291,4491.858,slow_ambiguous,,0.03389830508474573,0.06896551724137934,0.0784313725490196,20,2,5,45,0.37209302325581395,7.398582931769194,0.04651162790697677
groot_l10_500,r6p3v2_groot_l10_500_A_r2,r6p3v2_groot_l10_500_A_r2:eval:4:0,2,4,0,24,120,A,False,4229.052,4231.629,slow_confirmed,,0.0,0.06896551724137923,0.0784313725490196,20,2,5,45,0.4166666666666667,7.5000518619069,0.046511627906976716
groot_l10_500,r6p3v2_groot_l10_500_A_r2,r6p3v2_groot_l10_500_A_r2:eval:4:0,2,4,0,26,130,A,False,4344.4,4346.959,slow_confirmed,,0.0,0.06896551724137934,0.0784313725490196,20,2,5,45,0.4186046511627907,7.395994499224816,0.046511627906976716
groot_l10_500,r6p3v2_groot_l10_500_A_r2,r6p3v2_groot_l10_500_A_r2:eval:4:0,2,4,0,28,140,A,True,4374.758,4377.552,slow_ambiguous,,0.0,0.08163265306122447,0.0784313725490196,20,2,5,45,0.43902439024390244,7.816370064740073,0.045454545454545414
groot_l10_500,r6p3v2_groot_l10_500_A_r2,r6p3v2_groot_l10_500_A_r2:eval:4:0,2,4,0,30,150,A,False,4255.008,4257.628,slow_ambiguous,,0.0,0.08163265306122447,0.0784313725490196,20,2,5,45,0.43902439024390244,7.791160086764594,0.04444444444444445
groot_l10_500,r6p3v2_groot_l10_500_A_r2,r6p3v2_groot_l10_500_A_r2:eval:4:0,2,4,0,32,160,A,True,4484.315,4486.905,slow_ambiguous,,0.04878048780487804,0.0357142857142857,0.07843137254901963,20,2,5,45,0.4489795918367347,8.417554092315166,0.08333333333333331
groot_l10_500,r6p3v2_groot_l10_500_A_r2,r6p3v2_groot_l10_500_A_r2:eval:4:0,2,4,0,34,170,A,False,4259.939,4262.601,slow_ambiguous,,0.04444444444444445,0.03495311167945442,0.07843137254901963,20,2,5,45,0.47058823529411764,8.56738285881085,0.08323329331732691
groot_l10_500,r6p3v2_groot_l10_500_A_r2,r6p3v2_groot_l10_500_A_r2:eval:4:0,2,4,0,36,180,A,False,4401.424,4404.142,ok,,0.08333333333333337,0.006066734074823166,0.07843137254901966,20,2,5,45,0.5,8.761760883140512,0.010457516339869188
groot_l10_500,r6p3v2_groot_l10_500_A_r2,r6p3v2_groot_l10_500_A_r2:eval:4:0,2,4,0,38,190,A,False,4442.709,4445.399,ok,,0.08333333333333326,0.008281573498964856,0.07843137254901966,20,2,5,45,0.5652173913043478,9.222535309521282,0.041501976284585074
groot_l10_500,r6p3v2_groot_l10_500_A_r2,r6p3v2_groot_l10_500_A_r2:eval:4:0,2,4,0,40,200,A,True,4455.593,4458.246,ok,,0.08333333333333337,0.006349206349206327,0.07843137254901955,20,2,5,45,0.6086956521739131,10.151672980378686,0.008525149190110826
groot_l10_500,r6p3v2_groot_l10_500_A_r2,r6p3v2_groot_l10_500_A_r2:eval:4:0,2,4,0,42,210,A,False,4393.77,4396.398,ok,,0.08695652173913038,0.008281573498964745,0.07843137254901955,20,2,5,45,0.6511627906976745,10.609997782915142,0.01459188326493388
groot_l10_500,r6p3v2_groot_l10_500_A_r2,r6p3v2_groot_l10_500_A_r2:eval:4:0,2,4,0,44,220,A,False,4321.163,4323.715,ok,,0.08333333333333326,0.008281573498964745,0.07843137254901955,20,2,5,45,0.6956521739130435,9.709925408859524,0.010457516339869355
groot_l10_500,r6p3v2_groot_l10_500_A_r2,r6p3v2_groot_l10_500_A_r2:eval:4:0,2,4,0,46,230,A,False,4405.842,4408.431,ok,,0.08333333333333337,0.008281573498964745,0.07843137254901955,20,2,5,45,0.7346938775510204,10.400474751209593,0.012477718360071388
groot_l10_500,r6p3v2_groot_l10_500_A_r2,r6p3v2_groot_l10_500_A_r2:eval:4:0,2,4,0,48,240,A,False,4367.107,4369.45,ok,,0.0888888888888889,0.009689922480620172,0.07843137254901966,20,2,5,45,0.7727272727272727,10.464773051717621,0.0513565891472868
groot_l10_500,r6p3v2_groot_l10_500_A_r2,r6p3v2_groot_l10_500_A_r2:eval:4:0,2,4,0,50,250,A,False,4493.767,4496.391,slow_confirmed,,0.04651162790697683,0.009689922480620172,0.07843137254901966,20,2,5,45,0.8163265306122449,11.375196573421206,0.05220692928334136
groot_l10_500,r6p3v2_groot_l10_500_A_r2,r6p3v2_groot_l10_500_A_r2:eval:4:0,2,4,0,52,260,A,False,4372.948,4375.526,ok,,0.08163265306122447,0.008281573498964856,0.07843137254901966,20,2,5,45,0.8163265306122449,10.920798266377117,0.04651162790697683
groot_l10_500,r6p3v2_groot_l10_500_A_r2,r6p3v2_groot_l10_500_A_r2:eval:4:0,2,4,0,54,270,A,False,4307.517,4310.133,ok,,0.08695652173913049,0.008281573498964745,0.07843137254901955,20,2,5,45,0.8571428571428571,10.391894606198148,0.01680672268907568
groot_l10_500,r6p3v2_groot_l10_500_A_r2,r6p3v2_groot_l10_500_A_r2:eval:4:0,2,4,0,56,280,A,False,4377.721,4380.336,ok,,0.08695652173913049,0.011904761904761862,0.07843137254901955,20,2,5,45,0.9130434782608695,9.390374781411454,0.06282513005202084
groot_l10_500,r6p3v2_groot_l10_500_A_r2,r6p3v2_groot_l10_500_A_r2:eval:4:1,2,4,1,0,0,A,False,43.483,46.342,inactive,warming_up,,,,0,2,5,45,,,
groot_l10_500,r6p3v2_groot_l10_500_A_r2,r6p3v2_groot_l10_500_A_r2:eval:4:1,2,4,1,2,10,A,False,29.189,30.942,inactive,warming_up,,,,0,2,5,45,,,
groot_l10_500,r6p3v2_groot_l10_500_A_r2,r6p3v2_groot_l10_500_A_r2:eval:4:1,2,4,1,4,20,A,False,4510.94,4513.677,ok,,0.08333333333333333,0.011904761904761918,0.0784313725490196,20,2,5,45,0.0,9.42520495245144,0.06856702619414483
groot_l10_500,r6p3v2_groot_l10_500_A_r2,r6p3v2_groot_l10_500_A_r2:eval:4:1,2,4,1,6,30,A,True,4470.485,4473.112,ok,,0.09090909090909091,0.015536723163841804,0.0784313725490196,20,2,5,45,0.03389830508474576,8.713178154379948,0.05720338983050846
groot_l10_500,r6p3v2_groot_l10_500_A_r2,r6p3v2_groot_l10_500_A_r2:eval:4:1,2,4,1,8,40,A,False,4360.845,4363.522,ok,,0.08163265306122448,0.027441485068603694,0.0784313725490196,20,2,5,45,0.08163265306122448,8.98519993299032,0.029764365440264576
groot_l10_500,r6p3v2_groot_l10_500_A_r2,r6p3v2_groot_l10_500_A_r2:eval:4:1,2,4,1,10,50,A,False,4339.084,4341.799,ok,,0.09302325581395349,0.01459188326493388,0.0784313725490196,20,2,5,45,0.13043478260869565,9.124061138985018,0.020062262193012784
groot_l10_500,r6p3v2_groot_l10_500_A_r2,r6p3v2_groot_l10_500_A_r2:eval:4:1,2,4,1,12,60,A,True,4320.085,4322.969,ok,,0.09523809523809523,0.035714285714285726,0.0784313725490196,20,2,5,45,0.17777777777777778,9.021739771540494,0.0525783619817998
groot_l10_500,r6p3v2_groot_l10_500_A_r2,r6p3v2_groot_l10_500_A_r2:eval:4:1,2,4,1,14,70,A,False,4274.208,4276.921,ok,,0.08695652173913046,0.036821705426356655,0.0784313725490196,20,2,5,45,0.24390243902439024,9.126247300850913,0.053116531165311676
groot_l10_500,r6p3v2_groot_l10_500_A_r2,r6p3v2_groot_l10_500_A_r2:eval:4:1,2,4,1,16,80,A,False,4182.118,4184.822,ok,,0.09756097560975613,0.011904761904761918,0.07843137254901963,20,2,5,45,0.2916666666666667,8.674710125330208,0.06856702619414484
groot_l10_500,r6p3v2_groot_l10_500_A_r2,r6p3v2_groot_l10_500_A_r2:eval:4:1,2,4,1,18,90,A,False,4266.52,4269.222,ok,,0.09090909090909088,0.011904761904761918,0.07843137254901963,20,2,5,45,0.28,8.48364272564978,0.088550674507091
groot_l10_500,r6p3v2_groot_l10_500_A_r2,r6p3v2_groot_l10_500_A_r2:eval:4:1,2,4,1,20,100,A,False,4328.846,4331.455,ok,,0.08333333333333337,0.024318349299926267,0.07843137254901963,20,2,5,45,0.3448275862068966,8.527543862829647,0.163265306122449
groot_l10_500,r6p3v2_groot_l10_500_A_r2,r6p3v2_groot_l10_500_A_r2:eval:4:1,2,4,1,22,110,A,True,4429.621,4432.302,ok,,0.12244897959183676,0.021346469622331693,0.0784313725490196,20,2,5,45,0.4,10.367456533056808,0.37288135593220334
groot_l10_500,r6p3v2_groot_l10_500_A_r2,r6p3v2_groot_l10_500_A_r2:eval:4:1,2,4,1,24,120,A,True,4559.359,4562.021,ok,,0.07999999999999996,0.03495311167945442,0.0784313725490196,20,2,5,45,0.4166666666666667,11.564021303786783,0.1258503401360545
groot_l10_500,r6p3v2_groot_l10_500_A_r2,r6p3v2_groot_l10_500_A_r2:eval:4:1,2,4,1,26,130,A,False,4194.381,4197.127,ok,,0.12,0.021346469622331693,0.0784313725490196,20,2,5,45,0.4,11.7257667521527,0.19944341372912794
groot_l10_500,r6p3v2_groot_l10_500_A_r2,r6p3v2_groot_l10_500_A_r2:eval:4:1,2,4,1,28,140,A,False,4257.598,4260.228,ok,,0.08163265306122447,0.011904761904761862,0.0784313725490196,20,2,5,45,0.5333333333333333,10.49577556467483,0.0552380952380952
groot_l10_500,r6p3v2_groot_l10_500_A_r2,r6p3v2_groot_l10_500_A_r2:eval:4:1,2,4,1,30,150,A,True,4166.958,4169.729,ok,,0.0888888888888889,0.008281573498964745,0.07843137254901955,20,2,5,45,0.5909090909090909,10.061984673047931,0.013605442176870763
groot_l10_500,r6p3v2_groot_l10_500_A_r2,r6p3v2_groot_l10_500_A_r2:eval:4:1,2,4,1,32,160,A,False,4288.986,4291.456,ok,,0.0888888888888889,0.008281573498964745,0.07843137254901955,20,2,5,45,0.6363636363636364,10.303850850549113,0.013605442176870652
groot_l10_500,r6p3v2_groot_l10_500_A_r2,r6p3v2_groot_l10_500_A_r2:eval:4:1,2,4,1,34,170,A,False,4463.204,4465.722,ok,,0.0888888888888889,0.008281573498964745,0.07843137254901955,20,2,5,45,0.6666666666666666,10.225809702012379,0.013605442176870763
groot_l10_500,r6p3v2_groot_l10_500_A_r2,r6p3v2_groot_l10_500_A_r2:eval:4:1,2,4,1,36,180,A,False,4220.944,4223.774,ok,,0.0888888888888889,0.008281573498964745,0.07843137254901955,20,2,5,45,0.7272727272727273,9.402490925996757,0.013605442176870763
groot_l10_500,r6p3v2_groot_l10_500_A_r2,r6p3v2_groot_l10_500_A_r2:eval:4:1,2,4,1,38,190,A,False,4132.118,4134.762,ok,,0.08333333333333337,0.008281573498964745,0.07843137254901966,20,2,5,45,0.7727272727272727,9.10087422569143,0.00927643784786647
groot_l10_500,r6p3v2_groot_l10_500_A_r2,r6p3v2_groot_l10_500_A_r2:eval:4:1,2,4,1,40,200,A,False,4301.226,4303.8,ok,,0.0888888888888888,0.007575757575757458,0.07843137254901966,20,2,5,45,0.8,9.06193083143787,0.015928322548531604
groot_l10_500,r6p3v2_groot_l10_500_A_r2,r6p3v2_groot_l10_500_A_r2:eval:4:1,2,4,1,42,210,A,False,4348.469,4351.254,ok,,0.09302325581395343,0.006651884700665245,0.07843137254901966,20,2,5,45,0.8292682926829268,8.508931470278972,0.015928322548531604
groot_l10_500,r6p3v2_groot_l10_500_A_r2,r6p3v2_groot_l10_500_A_r2:eval:4:1,2,4,1,44,220,A,False,4572.356,4575.01,ok,,0.09756097560975607,0.011904761904761862,0.07843137254901955,20,2,5,45,0.8780487804878049,8.790331440419848,0.04031007751937987
groot_l10_500,r6p3v2_groot_l10_500_A_r2,r6p3v2_groot_l10_500_A_r2:eval:4:1,2,4,1,46,230,A,False,4297.731,4300.564,ok,,0.09523809523809523,0.028282828282828312,0.07843137254901955,20,2,5,45,0.9047619047619048,8.729901102261474,0.046511627906976716
groot_l10_500,r6p3v2_groot_l10_500_A_r2,r6p3v2_groot_l10_500_A_r2:eval:4:1,2,4,1,48,240,A,True,4184.046,4186.569,slow_confirmed,,0.024390243902439046,0.008281573498964856,0.07843137254901962,20,2,5,45,0.975609756097561,8.428898147761215,0.02436323366555926
groot_l10_500,r6p3v2_groot_l10_500_A_r2,r6p3v2_groot_l10_500_A_r2:eval:4:1,2,4,1,50,250,A,True,4407.147,4410.054,slow_confirmed,,0.0,0.011390602752729073,0.07843137254901962,20,2,5,45,1.0,8.498449001755588,0.040000000000000036
groot_l10_500,r6p3v2_groot_l10_500_A_r2,r6p3v2_groot_l10_500_A_r2:eval:4:1,2,4,1,52,260,A,False,4374.415,4377.023,slow_confirmed,,0.0,0.008281573498964745,0.07843137254901966,20,2,5,45,1.0,8.52372266029876,0.019607843137254943
groot_l10_500,r6p3v2_groot_l10_500_A_r2,r6p3v2_groot_l10_500_A_r2:eval:4:1,2,4,1,54,270,A,True,4354.155,4356.934,slow_confirmed,,0.0,0.011904761904761862,0.07843137254901962,20,2,5,45,1.0,8.512146724244642,0.0
groot_l10_500,r6p3v2_groot_l10_500_A_r2,r6p3v2_groot_l10_500_A_r2:eval:4:1,2,4,1,56,280,A,True,4233.173,4235.694,slow_confirmed,,0.0,0.010604453870625696,0.07843137254901955,20,2,5,45,1.0,8.447691990599424,0.0
groot_l10_500,r6p3v2_groot_l10_500_A_r2,r6p3v2_groot_l10_500_A_r2:eval:4:1,2,4,1,58,290,A,False,4156.191,4158.523,slow_confirmed,,0.0,0.011904761904761862,0.07843137254901962,20,2,5,45,1.0,8.62635777665013,0.0
groot_l10_500,r6p3v2_groot_l10_500_A_r2,r6p3v2_groot_l10_500_A_r2:eval:4:1,2,4,1,60,300,A,True,4329.856,4332.621,slow_confirmed,,0.0,0.011904761904761862,0.07843137254901962,20,2,5,45,1.0,8.667213587498365,0.0
groot_l10_500,r6p3v2_groot_l10_500_A_r2,r6p3v2_groot_l10_500_A_r2:eval:4:1,2,4,1,62,310,A,True,4287.399,4290.118,slow_confirmed,,0.0,0.011904761904761862,0.07843137254901962,20,2,5,45,1.0,8.63312676493816,0.0
groot_l10_500,r6p3v2_groot_l10_500_A_r2,r6p3v2_groot_l10_500_A_r2:eval:4:1,2,4,1,64,320,A,True,4379.839,4382.677,slow_confirmed,,0.0,0.011904761904761862,0.07843137254901962,20,2,5,45,1.0,8.756488807113138,0.0
groot_l10_500,r6p3v2_groot_l10_500_A_r2,r6p3v2_groot_l10_500_A_r2:eval:4:1,2,4,1,66,330,A,True,4287.072,4289.685,slow_confirmed,,0.0,0.011904761904761862,0.07843137254901962,20,2,5,45,1.0,8.818186250627988,0.0
groot_l10_500,r6p3v2_groot_l10_500_A_r2,r6p3v2_groot_l10_500_A_r2:eval:4:1,2,4,1,68,340,A,True,4070.441,4072.872,slow_confirmed,,0.0,0.008281573498964745,0.07843137254901955,20,2,5,45,1.0,9.083799672659358,0.019607843137254943
groot_l10_500,r6p3v2_groot_l10_500_A_r2,r6p3v2_groot_l10_500_A_r2:eval:4:1,2,4,1,70,350,A,False,4421.567,4423.984,slow_confirmed,,0.0,0.008281573498964856,0.07843137254901955,20,2,5,45,1.0,9.741390689083866,0.0
groot_l10_500,r6p3v2_groot_l10_500_A_r2,r6p3v2_groot_l10_500_A_r2:eval:4:1,2,4,1,72,360,A,False,4597.915,4600.513,slow_confirmed,,0.0,0.008281573498964856,0.07843137254901955,20,2,5,45,1.0,10.600875087124288,0.0
groot_l10_500,r6p3v2_groot_l10_500_A_r2,r6p3v2_groot_l10_500_A_r2:eval:4:1,2,4,1,74,370,A,False,4397.349,4399.978,slow_confirmed,,0.0,0.008525149190110826,0.07843137254901955,20,2,5,45,1.0,11.24031698125271,0.023255813953488413
groot_l10_500,r6p3v2_groot_l10_500_A_r2,r6p3v2_groot_l10_500_A_r2:eval:4:1,2,4,1,76,380,A,False,4322.107,4324.465,slow_confirmed,,0.0,0.006349206349206327,0.07843137254901955,20,2,5,45,0.5769230769230769,11.752521198533833,0.0
groot_l10_500,r6p3v2_groot_l10_500_A_r2,r6p3v2_groot_l10_500_A_r2:eval:4:1,2,4,1,78,390,A,True,4345.826,4348.568,slow_confirmed,,0.0,0.010457516339869244,0.07843137254901955,20,2,5,45,0.5769230769230769,11.820583510638889,0.44067796610169496
groot_l10_500,r6p3v2_groot_l10_500_A_r2,r6p3v2_groot_l10_500_A_r2:eval:4:1,2,4,1,80,400,A,False,4326.19,4328.671,slow_confirmed,,0.0,0.006349206349206327,0.07843137254901955,20,2,5,45,0.5423728813559322,11.991119982634961,0.0
groot_l10_500,r6p3v2_groot_l10_500_A_r2,r6p3v2_groot_l10_500_A_r2:eval:4:1,2,4,1,82,410,A,False,4659.846,4662.639,slow_confirmed,,0.0,0.011904761904761862,0.07843137254901955,20,2,5,45,0.5423728813559322,12.201504694539944,0.44067796610169496
groot_l10_500,r6p3v2_groot_l10_500_A_r2,r6p3v2_groot_l10_500_A_r2:eval:4:1,2,4,1,84,420,A,True,4309.997,4312.644,slow_confirmed,,0.0,0.006349206349206327,0.07843137254901955,20,2,5,45,0.5423728813559322,12.472169164119705,0.0
groot_l10_500,r6p3v2_groot_l10_500_A_r2,r6p3v2_groot_l10_500_A_r2:eval:4:1,2,4,1,86,430,A,False,4054.008,4056.696,slow_confirmed,,0.0,0.006349206349206327,0.07843137254901955,20,2,5,45,0.45454545454545453,12.706819120047596,0.0
groot_l10_500,r6p3v2_groot_l10_500_A_r2,r6p3v2_groot_l10_500_A_r2:eval:4:1,2,4,1,88,440,A,False,4333.183,4342.298,slow_confirmed,,0.0,0.008281573498964856,0.07843137254901955,20,2,5,45,0.5423728813559322,12.9584442945579,0.03389830508474578
groot_l10_500,r6p3v2_groot_l10_500_A_r2,r6p3v2_groot_l10_500_A_r2:eval:4:1,2,4,1,90,450,A,True,4363.389,4366.069,slow_confirmed,,0.0,0.006349206349206327,0.07843137254901955,20,2,5,45,0.45454545454545453,13.065074197597028,0.0
groot_l10_500,r6p3v2_groot_l10_500_A_r2,r6p3v2_groot_l10_500_A_r2:eval:4:1,2,4,1,92,460,A,True,4435.801,4438.405,slow_confirmed,,0.0,0.006349206349206327,0.07843137254901955,20,2,5,45,0.5098039215686274,13.170678803718294,0.0
groot_l10_500,r6p3v2_groot_l10_500_A_r2,r6p3v2_groot_l10_500_A_r2:eval:4:1,2,4,1,94,470,A,False,4264.1,4266.572,slow_confirmed,,0.0,0.006349206349206327,0.07843137254901955,20,2,5,45,0.5098039215686274,13.093307272691922,0.0
groot_l10_500,r6p3v2_groot_l10_500_A_r2,r6p3v2_groot_l10_500_A_r2:eval:4:1,2,4,1,96,480,A,True,4203.523,4206.089,slow_confirmed,,0.0,0.006349206349206327,0.07843137254901955,20,2,5,45,0.5098039215686274,13.168848362693298,0.0
groot_l10_500,r6p3v2_groot_l10_500_A_r2,r6p3v2_groot_l10_500_A_r2:eval:4:1,2,4,1,98,490,A,False,4492.352,4494.984,slow_confirmed,,0.0,0.024318349299926267,0.07843137254901955,20,2,5,45,0.5098039215686274,13.159262334662202,0.20338983050847456
groot_l10_500,r6p3v2_groot_l10_500_A_r2,r6p3v2_groot_l10_500_A_r2:eval:4:1,2,4,1,100,500,A,True,4373.982,4376.634,slow_confirmed,,0.0,0.006349206349206327,0.07843137254901955,20,2,5,45,0.5098039215686274,13.356337851957841,0.0
groot_l10_500,r6p3v2_groot_l10_500_A_r2,r6p3v2_groot_l10_500_A_r2:eval:4:1,2,4,1,102,510,A,False,4331.33,4333.99,slow_confirmed,,0.0,0.006349206349206327,0.07843137254901955,20,2,5,45,0.47619047619047616,13.553996256545437,0.0
groot_l10_500,r6p3v2_groot_l10_500_A_r2,r6p3v2_groot_l10_500_A_r2:eval:5:0,1,5,0,0,0,A,False,43.361,46.566,inactive,warming_up,,,,0,2,5,46,,,
groot_l10_500,r6p3v2_groot_l10_500_A_r2,r6p3v2_groot_l10_500_A_r2:eval:5:0,1,5,0,2,10,A,False,30.083,31.897,inactive,warming_up,,,,0,2,5,46,,,
groot_l10_500,r6p3v2_groot_l10_500_A_r2,r6p3v2_groot_l10_500_A_r2:eval:5:0,1,5,0,4,20,A,False,4456.195,4458.766,ok,,0.125,0.04253433761630483,0.07407407407407407,20,2,5,46,0.0,7.781427059098647,0.09735449735449736
groot_l10_500,r6p3v2_groot_l10_500_A_r2,r6p3v2_groot_l10_500_A_r2:eval:5:0,1,5,0,6,30,A,False,4356.21,4358.922,ok,,0.11428571428571428,0.05092592592592593,0.07407407407407407,20,2,5,46,0.07407407407407407,7.41399551308632,0.11342592592592593
groot_l10_500,r6p3v2_groot_l10_500_A_r2,r6p3v2_groot_l10_500_A_r2:eval:5:0,1,5,0,8,40,A,False,4300.011,4302.623,ok,,0.10526315789473684,0.03703703703703706,0.07407407407407407,20,2,5,46,0.14285714285714285,8.01148730654487,0.13035714285714287
groot_l10_500,r6p3v2_groot_l10_500_A_r2,r6p3v2_groot_l10_500_A_r2:eval:5:0,1,5,0,10,50,A,False,4385.723,4388.614,ok,,0.10526315789473684,0.03793103448275863,0.07407407407407407,20,2,5,46,0.22857142857142856,8.588838863447917,0.07188940092165899
groot_l10_500,r6p3v2_groot_l10_500_A_r2,r6p3v2_groot_l10_500_A_r2:eval:5:0,1,5,0,12,60,A,False,4218.216,4220.854,ok,,0.125,0.048711943793911014,0.07407407407407407,20,2,5,46,0.25,8.671945966868568,0.05789473684210528
groot_l10_500,r6p3v2_groot_l10_500_A_r2,r6p3v2_groot_l10_500_A_r2:eval:5:0,1,5,0,14,70,A,False,4232.436,4235.181,ok,,0.11428571428571432,0.04594594594594599,0.07407407407407407,20,2,5,46,0.3125,8.668331222140806,0.02903225806451608
groot_l10_500,r6p3v2_groot_l10_500_A_r2,r6p3v2_groot_l10_500_A_r2:eval:5:0,1,5,0,16,80,A,False,4163.296,4165.959,ok,,0.10526315789473684,0.0499194847020934,0.07407407407407407,20,2,5,46,0.375,8.90726576754733,0.024999999999999953
groot_l10_500,r6p3v2_groot_l10_500_A_r2,r6p3v2_groot_l10_500_A_r2:eval:5:0,1,5,0,18,90,A,True,4209.914,4212.463,ok,,0.11111111111111112,0.05514705882352933,0.07407407407407407,20,2,5,46,0.4375,8.70230036814551,0.022435897435897467
groot_l10_500,r6p3v2_groot_l10_500_A_r2,r6p3v2_groot_l10_500_A_r2:eval:5:0,1,5,0,20,100,A,False,4273.403,4276.004,ok,,0.11111111111111116,0.04253433761630482,0.07407407407407407,20,2,5,46,0.5,8.081778767251352,0.054824561403508776
groot_l10_500,r6p3v2_groot_l10_500_A_r2,r6p3v2_groot_l10_500_A_r2:eval:5:0,1,5,0,22,110,A,False,4141.615,4144.357,ok,,0.10526315789473684,0.06349206349206349,0.07407407407407407,20,2,5,46,0.5625,7.537075746839302,0.03379416282642089
groot_l10_500,r6p3v2_groot_l10_500_A_r2,r6p3v2_groot_l10_500_A_r2:eval:5:0,1,5,0,24,120,A,True,4038.493,4041.025,ok,,0.11428571428571432,0.07126436781609191,0.07407407407407407,20,2,5,46,0.625,7.0573809212024585,0.03379416282642089
groot_l10_500,r6p3v2_groot_l10_500_A_r2,r6p3v2_groot_l10_500_A_r2:eval:5:0,1,5,0,26,130,A,False,4288.573,4290.908,ok,,0.10526315789473684,0.07126436781609191,0.07407407407407407,20,2,5,46,0.6842105263157895,7.230202608904162,0.07834101382488479
groot_l10_500,r6p3v2_groot_l10_500_A_r2,r6p3v2_groot_l10_500_A_r2:eval:5:0,1,5,0,28,140,A,True,4173.418,4176.227,ok,,0.15000000000000002,0.05313092979127143,0.07407407407407407,20,2,5,46,0.7368421052631579,7.2775960943148315,0.1524122807017544
groot_l10_500,r6p3v2_groot_l10_500_A_r2,r6p3v2_groot_l10_500_A_r2:eval:5:0,1,5,0,30,150,A,False,4201.357,4204.017,slow_ambiguous,,0.05263157894736836,0.06209150326797386,0.07407407407407407,20,2,5,46,0.7894736842105263,7.044820821634196,0.1524122807017544
groot_l10_500,r6p3v2_groot_l10_500_A_r2,r6p3v2_groot_l10_500_A_r2:eval:5:0,1,5,0,32,160,A,False,4137.755,4140.186,ok,,0.08571428571428574,0.06557377049180335,0.07407407407407407,20,2,5,46,0.9142857142857143,7.056157708000786,0.12297297297297305
groot_l10_500,r6p3v2_groot_l10_500_A_r2,r6p3v2_groot_l10_500_A_r2:eval:5:0,1,5,0,34,170,A,True,4130.524,4133.124,ok,,0.11111111111111116,0.06236559139784943,0.07407407407407407,20,2,5,46,0.8888888888888888,7.05556963189818,0.19047619047619047
groot_l10_500,r6p3v2_groot_l10_500_A_r2,r6p3v2_groot_l10_500_A_r2:eval:5:0,1,5,0,36,180,A,False,4243.495,4246.059,slow_ambiguous,,0.03508771929824561,0.07407407407407407,0.07407407407407407,20,2,5,46,0.9444444444444444,7.253335383793174,0.05555555555555558
groot_l10_500,r6p3v2_groot_l10_500_A_r2,r6p3v2_groot_l10_500_A_r2:eval:5:0,1,5,0,38,190,A,False,4304.753,4307.587,slow_ambiguous,,0.03508771929824561,0.07017543859649122,0.07407407407407407,20,2,5,46,0.9523809523809523,8.207245600513112,0.13725490196078427
groot_l10_500,r6p3v2_groot_l10_500_A_r2,r6p3v2_groot_l10_500_A_r2:eval:5:0,1,5,0,40,200,A,True,4296.414,4299.251,slow_confirmed,,0.0,0.07126436781609191,0.07407407407407407,20,2,5,46,1.0,8.642119541535743,0.03508771929824561
groot_l10_500,r6p3v2_groot_l10_500_A_r2,r6p3v2_groot_l10_500_A_r2:eval:5:0,1,5,0,42,210,A,True,4156.242,4158.968,slow_confirmed,,0.0,0.07126436781609191,0.07407407407407407,20,2,5,46,1.0,8.742990254118373,0.03508771929824561
groot_l10_500,r6p3v2_groot_l10_500_A_r2,r6p3v2_groot_l10_500_A_r2:eval:5:0,1,5,0,44,220,A,False,4097.766,4100.335,slow_confirmed,,0.0,0.06557377049180324,0.07407407407407407,20,2,5,46,0.9411764705882353,9.039744452473057,0.03508771929824561
groot_l10_500,r6p3v2_groot_l10_500_A_r2,r6p3v2_groot_l10_500_A_r2:eval:5:0,1,5,0,46,230,A,True,4360.955,4363.552,slow_confirmed,,0.0,0.07017543859649122,0.07407407407407407,20,2,5,46,0.9411764705882353,9.486159520887526,0.0
groot_l10_500,r6p3v2_groot_l10_500_A_r2,r6p3v2_groot_l10_500_A_r2:eval:5:0,1,5,0,48,240,A,True,4215.447,4218.169,slow_confirmed,,0.0,0.07017543859649122,0.07407407407407407,20,2,5,46,0.9411764705882353,9.580269477182233,0.0
groot_l10_500,r6p3v2_groot_l10_500_A_r2,r6p3v2_groot_l10_500_A_r2:eval:5:0,1,5,0,50,250,A,False,4193.53,4196.189,slow_confirmed,,0.0,0.07017543859649122,0.07407407407407407,20,2,5,46,0.8695652173913043,9.470873103515906,0.0
groot_l10_500,r6p3v2_groot_l10_500_A_r2,r6p3v2_groot_l10_500_A_r2:eval:5:0,1,5,0,52,260,A,True,4193.463,4196.406,slow_confirmed,,0.0,0.07017543859649122,0.07407407407407407,20,2,5,46,0.8695652173913043,9.614385040979615,0.0
groot_l10_500,r6p3v2_groot_l10_500_A_r2,r6p3v2_groot_l10_500_A_r2:eval:5:0,1,5,0,54,270,A,True,4144.927,4147.561,slow_confirmed,,0.0,0.07017543859649122,0.07407407407407407,20,2,5,46,0.8695652173913043,9.542623017118148,0.03508771929824561
groot_l10_500,r6p3v2_groot_l10_500_A_r2,r6p3v2_groot_l10_500_A_r2:eval:5:0,1,5,0,56,280,A,False,4112.49,4115.187,slow_confirmed,,0.0,0.07017543859649122,0.07407407407407407,20,2,5,46,0.9375,9.52022465096744,0.03508771929824561
groot_l10_500,r6p3v2_groot_l10_500_A_r2,r6p3v2_groot_l10_500_A_r2:eval:5:0,1,5,0,58,290,A,True,4172.5,4175.299,slow_confirmed,,0.0,0.07017543859649122,0.07407407407407407,20,2,5,46,0.9375,9.39191020694006,0.0
groot_l10_500,r6p3v2_groot_l10_500_A_r2,r6p3v2_groot_l10_500_A_r2:eval:5:0,1,5,0,60,300,A,True,4243.437,4246.276,slow_confirmed,,0.0,0.07017543859649122,0.07407407407407407,20,2,5,46,0.9411764705882353,9.357684083284601,0.0
groot_l10_500,r6p3v2_groot_l10_500_A_r2,r6p3v2_groot_l10_500_A_r2:eval:5:0,1,5,0,62,310,A,True,4120.077,4122.735,slow_confirmed,,0.0,0.07017543859649122,0.07407407407407407,20,2,5,46,0.9411764705882353,9.436667622826233,0.0
groot_l10_500,r6p3v2_groot_l10_500_A_r2,r6p3v2_groot_l10_500_A_r2:eval:5:0,1,5,0,64,320,A,True,3987.159,3989.867,slow_confirmed,,0.0,0.07017543859649122,0.07407407407407407,20,2,5,46,0.9411764705882353,9.43669632561175,0.05882352941176472
groot_l10_500,r6p3v2_groot_l10_500_A_r2,r6p3v2_groot_l10_500_A_r2:eval:5:0,1,5,0,66,330,A,True,4223.779,4226.525,slow_confirmed,,0.0,0.07017543859649122,0.07407407407407407,20,2,5,46,0.9411764705882353,9.60942052750002,0.05882352941176472
groot_l10_500,r6p3v2_groot_l10_500_A_r2,r6p3v2_groot_l10_500_A_r2:eval:5:0,1,5,0,68,340,A,True,4161.344,4164.056,slow_confirmed,,0.0,0.07017543859649122,0.07407407407407407,20,2,5,46,0.9565217391304348,9.577254797837153,0.19047619047619047
groot_l10_500,r6p3v2_groot_l10_500_A_r2,r6p3v2_groot_l10_500_A_r2:eval:5:0,1,5,0,70,350,A,True,4347.718,4242.186,slow_confirmed,,0.0,0.07017543859649122,0.07407407407407407,20,2,5,46,0.9565217391304348,9.757186707762136,0.0
groot_l10_500,r6p3v2_groot_l10_500_A_r2,r6p3v2_groot_l10_500_A_r2:eval:5:0,1,5,0,72,360,A,True,4036.628,4039.383,slow_confirmed,,0.0,0.07017543859649122,0.07407407407407407,20,2,5,46,0.9565217391304348,9.79899716155037,0.06349206349206349
groot_l10_500,r6p3v2_groot_l10_500_A_r2,r6p3v2_groot_l10_500_A_r2:eval:5:0,1,5,0,74,370,A,False,4216.668,4219.156,slow_confirmed,,0.0,0.07017543859649122,0.07407407407407407,20,2,5,46,0.9411764705882353,9.978685627653194,0.06349206349206349
groot_l10_500,r6p3v2_groot_l10_500_A_r2,r6p3v2_groot_l10_500_A_r2:eval:5:0,1,5,0,76,380,A,True,4396.462,4399.262,slow_confirmed,,0.0,0.07017543859649122,0.07407407407407407,20,2,5,46,0.9565217391304348,9.960123386616525,0.0
groot_l10_500,r6p3v2_groot_l10_500_A_r2,r6p3v2_groot_l10_500_A_r2:eval:5:0,1,5,0,78,390,A,True,4320.846,4323.501,slow_confirmed,,0.0,0.07017543859649122,0.07407407407407407,20,2,5,46,0.9565217391304348,9.851587112723392,0.0
groot_l10_500,r6p3v2_groot_l10_500_A_r2,r6p3v2_groot_l10_500_A_r2:eval:5:0,1,5,0,80,400,A,True,4217.023,4219.584,slow_confirmed,,0.0,0.05514705882352944,0.07407407407407407,20,2,5,46,0.9411764705882353,9.702284617349733,0.06349206349206349
groot_l10_500,r6p3v2_groot_l10_500_A_r2,r6p3v2_groot_l10_500_A_r2:eval:5:0,1,5,0,82,410,A,True,4209.56,4212.115,slow_confirmed,,0.0,0.07017543859649122,0.07407407407407407,20,2,5,46,0.9565217391304348,9.563624234948001,0.03508771929824561
groot_l10_500,r6p3v2_groot_l10_500_A_r2,r6p3v2_groot_l10_500_A_r2:eval:5:0,1,5,0,84,420,A,True,4211.234,4213.894,slow_confirmed,,0.0,0.07017543859649122,0.07407407407407407,20,2,5,46,0.9565217391304348,9.323585721285362,0.03508771929824561
groot_l10_500,r6p3v2_groot_l10_500_A_r2,r6p3v2_groot_l10_500_A_r2:eval:5:0,1,5,0,86,430,A,True,4237.198,4239.764,slow_confirmed,,0.0,0.07017543859649122,0.07407407407407407,20,2,5,46,0.9565217391304348,9.21716944364583,0.0
groot_l10_500,r6p3v2_groot_l10_500_A_r2,r6p3v2_groot_l10_500_A_r2:eval:5:0,1,5,0,88,440,A,True,4271.385,4274.114,slow_confirmed,,0.0,0.07017543859649122,0.07407407407407407,20,2,5,46,0.9565217391304348,9.204364341638934,0.0
groot_l10_500,r6p3v2_groot_l10_500_A_r2,r6p3v2_groot_l10_500_A_r2:eval:5:0,1,5,0,90,450,A,True,4279.788,4282.485,slow_confirmed,,0.0,0.07017543859649122,0.07407407407407407,20,2,5,46,0.8070175438596491,9.332169177640653,0.0
groot_l10_500,r6p3v2_groot_l10_500_A_r2,r6p3v2_groot_l10_500_A_r2:eval:5:0,1,5,0,92,460,A,False,4098.181,4100.607,slow_confirmed,,0.0,0.07017543859649122,0.07407407407407407,20,2,5,46,0.8070175438596491,9.440679223279561,0.0
groot_l10_500,r6p3v2_groot_l10_500_A_r2,r6p3v2_groot_l10_500_A_r2:eval:5:0,1,5,0,94,470,A,True,4226.474,4235.786,slow_confirmed,,0.0,0.060504201680672276,0.07407407407407407,20,2,5,46,0.8070175438596491,9.523949460060237,0.3606557377049181
groot_l10_500,r6p3v2_groot_l10_500_A_r2,r6p3v2_groot_l10_500_A_r2:eval:5:0,1,5,0,96,480,A,True,4358.909,4361.378,slow_confirmed,,0.0,0.060504201680672276,0.07407407407407407,20,2,5,46,0.8070175438596491,9.590292768276921,0.3606557377049181
groot_l10_500,r6p3v2_groot_l10_500_A_r2,r6p3v2_groot_l10_500_A_r2:eval:5:0,1,5,0,98,490,A,True,4224.32,4226.758,slow_confirmed,,0.0,0.07017543859649122,0.07407407407407407,20,2,5,46,0.8070175438596491,9.59449578412548,0.0
groot_l10_500,r6p3v2_groot_l10_500_A_r2,r6p3v2_groot_l10_500_A_r2:eval:5:0,1,5,0,100,500,A,True,4207.294,4209.679,slow_confirmed,,0.0,0.07017543859649122,0.07407407407407407,20,2,5,46,0.8070175438596491,9.698582371362832,0.0
groot_l10_500,r6p3v2_groot_l10_500_A_r2,r6p3v2_groot_l10_500_A_r2:eval:5:0,1,5,0,102,510,A,False,4017.392,4020.059,slow_confirmed,,0.0,0.07017543859649122,0.07407407407407407,20,2,5,46,0.8070175438596491,9.642456750745103,0.0
groot_l10_500,r6p3v2_groot_l10_500_A_r2,r6p3v2_groot_l10_500_A_r2:eval:5:1,1,5,1,0,0,A,False,46.523,49.897,inactive,warming_up,,,,0,2,5,46,,,
groot_l10_500,r6p3v2_groot_l10_500_A_r2,r6p3v2_groot_l10_500_A_r2:eval:5:1,1,5,1,2,10,A,True,32.436,34.294,inactive,warming_up,,,,0,2,5,46,,,
groot_l10_500,r6p3v2_groot_l10_500_A_r2,r6p3v2_groot_l10_500_A_r2:eval:5:1,1,5,1,4,20,A,False,4485.093,4487.642,ok,,0.125,0.02903225806451612,0.07407407407407407,20,2,5,46,0.0,8.492090744828468,0.07142857142857142
groot_l10_500,r6p3v2_groot_l10_500_A_r2,r6p3v2_groot_l10_500_A_r2:eval:5:1,1,5,1,6,30,A,True,4256.513,4259.062,ok,,0.11764705882352941,0.03793103448275863,0.07407407407407407,20,2,5,46,0.047619047619047616,8.069372711619991,0.10109289617486339
groot_l10_500,r6p3v2_groot_l10_500_A_r2,r6p3v2_groot_l10_500_A_r2:eval:5:1,1,5,1,8,40,A,False,4121.959,4124.291,ok,,0.11111111111111113,0.02903225806451612,0.07407407407407407,20,2,5,46,0.11428571428571428,8.28572954574791,0.05092592592592593
groot_l10_500,r6p3v2_groot_l10_500_A_r2,r6p3v2_groot_l10_500_A_r2:eval:5:1,1,5,1,10,50,A,False,4200.298,4203.057,ok,,0.11764705882352944,0.0268199233716475,0.07407407407407407,20,2,5,46,0.14285714285714285,8.666045490146086,0.13194444444444442
groot_l10_500,r6p3v2_groot_l10_500_A_r2,r6p3v2_groot_l10_500_A_r2:eval:5:1,1,5,1,12,60,A,False,4069.924,4072.465,ok,,0.09523809523809523,0.04144144144144146,0.07407407407407407,20,2,5,46,0.25,9.091131831431788,0.06944444444444448
groot_l10_500,r6p3v2_groot_l10_500_A_r2,r6p3v2_groot_l10_500_A_r2:eval:5:1,1,5,1,14,70,A,True,4205.524,4208.159,ok,,0.1176470588235294,0.029822926374650505,0.07407407407407407,20,2,5,46,0.3125,9.77825941216499,0.029761904761904767
groot_l10_500,r6p3v2_groot_l10_500_A_r2,r6p3v2_groot_l10_500_A_r2:eval:5:1,1,5,1,16,80,A,False,4285.482,4288.094,ok,,0.09523809523809523,0.029032258064516148,0.07407407407407407,20,2,5,46,0.41025641025641024,10.218815159515236,0.0866489832007073
groot_l10_500,r6p3v2_groot_l10_500_A_r2,r6p3v2_groot_l10_500_A_r2:eval:5:1,1,5,1,18,90,A,False,4243.431,4246.047,ok,,0.09523809523809523,0.024999999999999953,0.07407407407407407,20,2,5,46,0.3333333333333333,10.27399268444793,0.08991228070175439
groot_l10_500,r6p3v2_groot_l10_500_A_r2,r6p3v2_groot_l10_500_A_r2:eval:5:1,1,5,1,20,100,A,False,4149.671,4151.957,ok,,0.09523809523809523,0.0268199233716475,0.07407407407407407,20,2,5,46,0.38095238095238093,9.978419540723307,0.054824561403508776
groot_l10_500,r6p3v2_groot_l10_500_A_r2,r6p3v2_groot_l10_500_A_r2:eval:5:1,1,5,1,22,110,A,False,4107.315,4118.837,ok,,0.125,0.03425559947299084,0.07407407407407407,20,2,5,46,0.5,9.382491908792668,0.038095238095238015
groot_l10_500,r6p3v2_groot_l10_500_A_r2,r6p3v2_groot_l10_500_A_r2:eval:5:1,1,5,1,24,120,A,False,4241.298,4243.711,slow_ambiguous,,0.07017543859649122,0.04761904761904767,0.07407407407407407,20,2,5,46,0.6,8.890021003404096,0.07543103448275856
groot_l10_500,r6p3v2_groot_l10_500_A_r2,r6p3v2_groot_l10_500_A_r2:eval:5:1,1,5,1,26,130,A,False,4288.977,4291.654,ok,,0.12121212121212122,0.051785714285714324,0.07407407407407413,20,2,5,46,0.625,8.427023089170463,0.06775559588626734
groot_l10_500,r6p3v2_groot_l10_500_A_r2,r6p3v2_groot_l10_500_A_r2:eval:5:1,1,5,1,28,140,A,False,4269.608,4272.237,ok,,0.125,0.05578047683310834,0.07407407407407407,20,2,5,46,0.6875,7.624675110898611,0.11285266457680254
groot_l10_500,r6p3v2_groot_l10_500_A_r2,r6p3v2_groot_l10_500_A_r2:eval:5:1,1,5,1,30,150,A,False,4178.43,4188.061,ok,,0.13793103448275867,0.06349206349206349,0.07407407407407407,20,2,5,46,0.75,7.612954464677507,0.11624441132637858
groot_l10_500,r6p3v2_groot_l10_500_A_r2,r6p3v2_groot_l10_500_A_r2:eval:5:1,1,5,1,32,160,A,True,4144.887,4147.545,ok,,0.09836065573770492,0.07407407407407407,0.07407407407407407,20,2,5,46,0.896551724137931,7.323567394588824,0.042763157894736836
groot_l10_500,r6p3v2_groot_l10_500_A_r2,r6p3v2_groot_l10_500_A_r2:eval:6:0,1,6,0,0,0,A,False,54.711,57.75,inactive,warming_up,,,,0,2,5,39,,,
groot_l10_500,r6p3v2_groot_l10_500_A_r2,r6p3v2_groot_l10_500_A_r2:eval:6:0,1,6,0,2,10,A,False,30.843,32.654,inactive,warming_up,,,,0,2,5,39,,,
groot_l10_500,r6p3v2_groot_l10_500_A_r2,r6p3v2_groot_l10_500_A_r2:eval:6:0,1,6,0,4,20,A,False,4202.06,4204.599,ok,,0.0784313725490196,0.017221584385763503,0.059701492537313425,20,2,5,39,0.0,8.237646185147854,0.04366197183098592
groot_l10_500,r6p3v2_groot_l10_500_A_r2,r6p3v2_groot_l10_500_A_r2:eval:6:0,1,6,0,6,30,A,True,3670.068,3672.89,ok,,0.0784313725490196,0.017221584385763503,0.059701492537313425,20,2,5,39,0.04081632653061224,7.339946915585223,0.04117647058823529
groot_l10_500,r6p3v2_groot_l10_500_A_r2,r6p3v2_groot_l10_500_A_r2:eval:6:0,1,6,0,8,40,A,False,3882.566,3885.132,ok,,0.059701492537313425,0.015437392795883367,0.059701492537313425,20,2,5,39,0.0784313725490196,7.765310867330752,0.025294624892210398
groot_l10_500,r6p3v2_groot_l10_500_A_r2,r6p3v2_groot_l10_500_A_r2:eval:6:0,1,6,0,10,50,A,False,3738.562,3741.14,ok,,0.08888888888888888,0.026923076923076883,0.059701492537313425,20,2,5,39,0.12244897959183673,7.988440374553818,0.0411764705882353
groot_l10_500,r6p3v2_groot_l10_500_A_r2,r6p3v2_groot_l10_500_A_r2:eval:6:0,1,6,0,12,60,A,False,3672.65,3675.257,ok,,0.09090909090909091,0.02284781721746229,0.059701492537313425,20,2,5,39,0.16326530612244897,8.376515706784284,0.05121951219512197
groot_l10_500,r6p3v2_groot_l10_500_A_r2,r6p3v2_groot_l10_500_A_r2:eval:6:0,1,6,0,14,70,A,True,3844.975,3847.755,ok,,0.06451612903225806,0.016806722689075626,0.059701492537313425,20,2,5,39,0.2,8.310252964596062,0.046457607433217196
groot_l10_500,r6p3v2_groot_l10_500_A_r2,r6p3v2_groot_l10_500_A_r2:eval:6:0,1,6,0,16,80,A,False,3951.866,3954.731,ok,,0.05970149253731344,0.035536602700781794,0.05970149253731344,20,2,5,39,0.2857142857142857,9.07726878416364,0.04872646733111852
groot_l10_500,r6p3v2_groot_l10_500_A_r2,r6p3v2_groot_l10_500_A_r2:eval:6:0,1,6,0,18,90,A,False,3768.424,3771.049,ok,,0.08695652173913043,0.015607580824972142,0.05970149253731344,20,2,5,39,0.25,8.979444796115175,0.09907120743034056
groot_l10_500,r6p3v2_groot_l10_500_A_r2,r6p3v2_groot_l10_500_A_r2:eval:6:0,1,6,0,20,100,A,False,3803.006,3805.608,ok,,0.08695652173913043,0.026923076923076883,0.05970149253731344,20,2,5,39,0.30434782608695654,8.469136512925095,0.04643962848297212
groot_l10_500,r6p3v2_groot_l10_500_A_r2,r6p3v2_groot_l10_500_A_r2:eval:6:0,1,6,0,22,110,A,True,3667.465,3669.788,ok,,0.10000000000000005,0.054698457223001484,0.05970149253731344,20,2,5,39,0.35,8.089960025807395,0.0716112531969309
groot_l10_500,r6p3v2_groot_l10_500_A_r2,r6p3v2_groot_l10_500_A_r2:eval:6:0,1,6,0,24,120,A,False,3830.51,3832.942,ok,,0.09756097560975613,0.02738553701326485,0.05970149253731344,20,2,5,39,0.4,7.9634861749730215,0.14450127877237845
groot_l10_500,r6p3v2_groot_l10_500_A_r2,r6p3v2_groot_l10_500_A_r2:eval:6:0,1,6,0,26,130,A,False,3938.044,3940.773,ok,,0.09302325581395343,0.051219512195121886,0.05970149253731344,20,2,5,39,0.45,7.462810116206484,0.12629399585921325
groot_l10_500,r6p3v2_groot_l10_500_A_r2,r6p3v2_groot_l10_500_A_r2:eval:6:0,1,6,0,28,140,A,True,3781.482,3784.079,ok,,0.08163265306122447,0.05970149253731344,0.05970149253731344,20,2,5,39,0.5581395348837209,7.906537176144912,0.04756871035940813
groot_l10_500,r6p3v2_groot_l10_500_A_r2,r6p3v2_groot_l10_500_A_r2:eval:6:0,1,6,0,30,150,A,False,3858.451,3861.17,ok,,0.08695652173913038,0.056338028169014065,0.05970149253731344,20,2,5,39,0.5,8.13719398418524,0.05882352941176466
groot_l10_500,r6p3v2_groot_l10_500_A_r2,r6p3v2_groot_l10_500_A_r2:eval:6:0,1,6,0,32,160,A,False,3786.426,3789.191,ok,,0.08695652173913038,0.04651162790697683,0.05970149253731344,20,2,5,39,0.6046511627906976,7.87752412908173,0.03419972640218888
groot_l10_500,r6p3v2_groot_l10_500_A_r2,r6p3v2_groot_l10_500_A_r2:eval:6:0,1,6,0,34,170,A,True,3774.297,3791.531,ok,,0.09090909090909083,0.06666666666666676,0.05970149253731338,20,2,5,39,0.6956521739130435,8.118789397030195,0.006066734074822944
groot_l10_500,r6p3v2_groot_l10_500_A_r2,r6p3v2_groot_l10_500_A_r2:eval:6:0,1,6,0,36,180,A,False,3789.647,3792.535,ok,,0.12244897959183676,0.02017543859649129,0.059701492537313494,20,2,5,39,0.7391304347826086,8.154639243465965,0.220702234382125
groot_l10_500,r6p3v2_groot_l10_500_A_r2,r6p3v2_groot_l10_500_A_r2:eval:6:0,1,6,0,38,190,A,True,3866.723,3869.668,ok,,0.09302325581395354,0.05494505494505497,0.05970149253731344,20,2,5,39,0.782608695652174,7.805209608665106,0.03375196232339095
groot_l10_500,r6p3v2_groot_l10_500_A_r2,r6p3v2_groot_l10_500_A_r2:eval:6:0,1,6,0,40,200,A,False,3979.683,3982.65,slow_ambiguous,,0.04761904761904756,0.05882352941176472,0.05970149253731344,20,2,5,39,0.8292682926829268,7.5266672627866775,0.054082714740190996
groot_l10_500,r6p3v2_groot_l10_500_A_r2,r6p3v2_groot_l10_500_A_r2:eval:6:0,1,6,0,42,210,A,False,3731.487,3734.122,ok,,0.09302325581395354,0.04994192799070851,0.05970149253731344,20,2,5,39,0.85,7.488789298039933,0.11764705882352944
groot_l10_500,r6p3v2_groot_l10_500_A_r2,r6p3v2_groot_l10_500_A_r2:eval:6:0,1,6,0,44,220,A,False,3706.7,3709.234,ok,,0.07547169811320753,0.041269841269841345,0.05970149253731344,20,2,5,39,0.7924528301886793,7.821230194891798,0.17008663930688558
groot_l10_500,r6p3v2_groot_l10_500_A_r2,r6p3v2_groot_l10_500_A_r2:eval:6:1,1,6,1,0,0,A,False,43.628,46.788,inactive,warming_up,,,,0,2,5,39,,,
groot_l10_500,r6p3v2_groot_l10_500_A_r2,r6p3v2_groot_l10_500_A_r2:eval:6:1,1,6,1,2,10,A,False,28.107,29.751,inactive,warming_up,,,,0,2,5,39,,,
groot_l10_500,r6p3v2_groot_l10_500_A_r2,r6p3v2_groot_l10_500_A_r2:eval:6:1,1,6,1,4,20,A,False,4008.032,4010.57,ok,,0.08888888888888889,0.018367346938775522,0.059701492537313425,20,2,5,39,0.0,7.7650595178041115,0.0380479735318445
groot_l10_500,r6p3v2_groot_l10_500_A_r2,r6p3v2_groot_l10_500_A_r2:eval:6:1,1,6,1,6,30,A,False,3944.508,3947.177,ok,,0.10256410256410257,0.02564102564102566,0.059701492537313425,20,2,5,39,0.044444444444444446,7.288242362739456,0.031111111111111117
groot_l10_500,r6p3v2_groot_l10_500_A_r2,r6p3v2_groot_l10_500_A_r2:eval:6:1,1,6,1,8,40,A,True,3879.095,3881.808,ok,,0.0975609756097561,0.015437392795883367,0.059701492537313425,20,2,5,39,0.0975609756097561,7.717275074698844,0.02256410256410256
groot_l10_500,r6p3v2_groot_l10_500_A_r2,r6p3v2_groot_l10_500_A_r2:eval:6:1,1,6,1,10,50,A,False,3780.62,3783.378,ok,,0.08888888888888888,0.01432880844645551,0.059701492537313425,20,2,5,39,0.12,7.9064254933084674,0.037500000000000006
groot_l10_500,r6p3v2_groot_l10_500_A_r2,r6p3v2_groot_l10_500_A_r2:eval:6:1,1,6,1,12,60,A,False,3584.222,3587.098,ok,,0.08888888888888888,0.024132730015082995,0.059701492537313425,20,2,5,39,0.17777777777777778,7.957990196511556,0.04374057315233788
groot_l10_500,r6p3v2_groot_l10_500_A_r2,r6p3v2_groot_l10_500_A_r2:eval:6:1,1,6,1,14,70,A,False,4078.672,4081.463,slow_ambiguous,,0.05128205128205132,0.01489361702127659,0.059701492537313425,20,2,5,39,0.2222222222222222,7.705254141020107,0.05947712418300655
groot_l10_500,r6p3v2_groot_l10_500_A_r2,r6p3v2_groot_l10_500_A_r2:eval:6:1,1,6,1,16,80,A,True,3860.05,3862.868,ok,,0.09302325581395349,0.024132730015082995,0.059701492537313425,20,2,5,39,0.2926829268292683,8.155152585286583,0.04871794871794878
groot_l10_500,r6p3v2_groot_l10_500_A_r2,r6p3v2_groot_l10_500_A_r2:eval:6:1,1,6,1,18,90,A,False,3871.637,3874.397,ok,,0.10526315789473684,0.034094368340943704,0.059701492537313425,20,2,5,39,0.3076923076923077,8.113867323103268,0.056976744186046535
groot_l10_500,r6p3v2_groot_l10_500_A_r2,r6p3v2_groot_l10_500_A_r2:eval:6:1,1,6,1,20,100,A,True,3742.018,3744.701,ok,,0.09756097560975607,0.05633802816901412,0.059701492537313494,20,2,5,39,0.3684210526315789,8.392490357723977,0.01223990208078335
groot_l10_500,r6p3v2_groot_l10_500_A_r2,r6p3v2_groot_l10_500_A_r2:eval:6:1,1,6,1,22,110,A,False,3623.847,3626.347,ok,,0.09302325581395349,0.054698457223001484,0.05970149253731344,20,2,5,39,0.42105263157894735,8.092589681054159,0.0564826700898588
groot_l10_500,r6p3v2_groot_l10_500_A_r2,r6p3v2_groot_l10_500_A_r2:eval:6:1,1,6,1,24,120,A,False,3762.169,3764.75,ok,,0.09090909090909088,0.054698457223001484,0.05970149253731344,20,2,5,39,0.4186046511627907,7.834385968305298,0.06604747162022707
groot_l10_500,r6p3v2_groot_l10_500_A_r2,r6p3v2_groot_l10_500_A_r2:eval:6:1,1,6,1,26,130,A,False,3951.423,3953.925,ok,,0.09090909090909088,0.04994192799070851,0.05970149253731344,20,2,5,39,0.5,8.412682160002648,0.06604747162022706
groot_l10_500,r6p3v2_groot_l10_500_A_r2,r6p3v2_groot_l10_500_A_r2:eval:6:1,1,6,1,28,140,A,False,3719.541,3722.104,ok,,0.09302325581395349,0.017116524028966407,0.059701492537313404,20,2,5,39,0.46511627906976744,9.030210934564947,0.03508771929824561
groot_l10_500,r6p3v2_groot_l10_500_A_r2,r6p3v2_groot_l10_500_A_r2:eval:6:1,1,6,1,30,150,A,False,3811.603,3814.336,ok,,0.09090909090909094,0.036956521739130443,0.05970149253731344,20,2,5,39,0.5454545454545454,9.351772339024096,0.04643962848297217
groot_l10_500,r6p3v2_groot_l10_500_A_r2,r6p3v2_groot_l10_500_A_r2:eval:6:1,1,6,1,32,160,A,False,3746.959,3749.794,ok,,0.10526315789473684,0.05970149253731344,0.05970149253731344,20,2,5,39,0.6046511627906976,8.91402325066839,0.08474036317298506
groot_l10_500,r6p3v2_groot_l10_500_A_r2,r6p3v2_groot_l10_500_A_r2:eval:6:1,1,6,1,34,170,A,False,3687.19,3690.01,ok,,0.12244897959183676,0.044242768009075395,0.05970149253731338,20,2,5,39,0.7272727272727273,8.84834774537285,0.10909090909090915
groot_l10_500,r6p3v2_groot_l10_500_A_r2,r6p3v2_groot_l10_500_A_r2:eval:6:1,1,6,1,36,180,A,False,3978.366,3981.089,ok,,0.13953488372093026,0.044242768009075395,0.059701492537313494,20,2,5,39,0.7727272727272727,8.282480761234885,0.14164904862579275
groot_l10_500,r6p3v2_groot_l10_500_A_r2,r6p3v2_groot_l10_500_A_r2:eval:6:1,1,6,1,38,190,A,True,3757.893,3760.571,ok,,0.09302325581395343,0.0547945205479452,0.05970149253731344,20,2,5,39,0.8372093023255814,7.967064543464171,0.05790223065970579
groot_l10_500,r6p3v2_groot_l10_500_A_r2,r6p3v2_groot_l10_500_A_r2:eval:6:1,1,6,1,40,200,A,False,3860.925,3863.618,ok,,0.06666666666666665,0.04901960784313719,0.059701492537313494,20,2,5,39,0.9333333333333333,7.642073963666008,0.08402100525131284
groot_l10_500,r6p3v2_groot_l10_500_A_r2,r6p3v2_groot_l10_500_A_r2:eval:7:0,1,7,0,0,0,A,False,46.932,50.565,inactive,warming_up,,,,0,2,5,42,,,
groot_l10_500,r6p3v2_groot_l10_500_A_r2,r6p3v2_groot_l10_500_A_r2:eval:7:0,1,7,0,2,10,A,False,29.978,31.977,inactive,warming_up,,,,0,2,5,42,,,
groot_l10_500,r6p3v2_groot_l10_500_A_r2,r6p3v2_groot_l10_500_A_r2:eval:7:0,1,7,0,4,20,A,False,4514.496,4517.199,ok,,0.07692307692307693,0.03152088258471237,0.07017543859649122,20,2,5,42,0.0,7.698804027275099,0.04333333333333333
groot_l10_500,r6p3v2_groot_l10_500_A_r2,r6p3v2_groot_l10_500_A_r2:eval:7:0,1,7,0,6,30,A,False,4133.201,4135.883,ok,,0.0851063829787234,0.03152088258471237,0.07017543859649122,20,2,5,42,0.0,6.509249792253872,0.054901960784313725
groot_l10_500,r6p3v2_groot_l10_500_A_r2,r6p3v2_groot_l10_500_A_r2:eval:7:0,1,7,0,8,40,A,False,4140.201,4142.742,ok,,0.08510638297872339,0.04163265306122448,0.07017543859649122,20,2,5,42,0.0784313725490196,6.946253185280071,0.04656862745098039
groot_l10_500,r6p3v2_groot_l10_500_A_r2,r6p3v2_groot_l10_500_A_r2:eval:7:0,1,7,0,10,50,A,False,3963.332,3965.867,ok,,0.08333333333333334,0.03152088258471237,0.07017543859649122,20,2,5,42,0.12244897959183673,6.575851724062019,0.16452830188679243
groot_l10_500,r6p3v2_groot_l10_500_A_r2,r6p3v2_groot_l10_500_A_r2:eval:7:0,1,7,0,12,60,A,True,4160.869,4180.67,ok,,0.08510638297872339,0.03547169811320755,0.07017543859649122,20,2,5,42,0.16326530612244897,6.434284657268985,0.3058503401360544
groot_l10_500,r6p3v2_groot_l10_500_A_r2,r6p3v2_groot_l10_500_A_r2:eval:7:0,1,7,0,14,70,A,False,4067.651,4070.255,slow_ambiguous,,0.04166666666666666,0.03547169811320755,0.07017543859649122,20,2,5,42,0.20833333333333334,6.511922894172145,0.15999999999999998
groot_l10_500,r6p3v2_groot_l10_500_A_r2,r6p3v2_groot_l10_500_A_r2:eval:7:0,1,7,0,16,80,A,True,3968.194,3970.915,ok,,0.08163265306122447,0.014229249011857709,0.07017543859649122,20,2,5,42,0.25,7.336453419567834,0.07189542483660129
groot_l10_500,r6p3v2_groot_l10_500_A_r2,r6p3v2_groot_l10_500_A_r2:eval:7:0,1,7,0,18,90,A,False,4123.963,4126.561,ok,,0.12244897959183669,0.03398692810457521,0.07017543859649122,20,2,5,42,0.25,7.789701998095669,0.10559495665878643
groot_l10_500,r6p3v2_groot_l10_500_A_r2,r6p3v2_groot_l10_500_A_r2:eval:7:0,1,7,0,20,100,A,False,4014.514,4016.985,ok,,0.08163265306122452,0.032478632478632474,0.07017543859649122,20,2,5,42,0.2978723404255319,7.83461245812019,0.006675010429703809
groot_l10_500,r6p3v2_groot_l10_500_A_r2,r6p3v2_groot_l10_500_A_r2:eval:7:0,1,7,0,22,110,A,False,4286.225,4288.926,ok,,0.08888888888888885,0.026666666666666727,0.07017543859649122,20,2,5,42,0.35555555555555557,8.16917374000968,0.03601440576230491
groot_l10_500,r6p3v2_groot_l10_500_A_r2,r6p3v2_groot_l10_500_A_r2:eval:7:0,1,7,0,24,120,A,False,4180.686,4183.371,ok,,0.08510638297872336,0.032478632478632474,0.07017543859649122,20,2,5,42,0.3829787234042553,7.55685530757649,0.014591883264933936
groot_l10_500,r6p3v2_groot_l10_500_A_r2,r6p3v2_groot_l10_500_A_r2:eval:7:0,1,7,0,26,130,A,False,4131.169,4133.939,ok,,0.12499999999999996,0.039651837524177946,0.07017543859649122,20,2,5,42,0.4186046511627907,6.8800554444770485,0.10031919744642032
groot_l10_500,r6p3v2_groot_l10_500_A_r2,r6p3v2_groot_l10_500_A_r2:eval:7:0,1,7,0,28,140,A,True,4290.744,4293.419,ok,,0.08163265306122447,0.04440333024976878,0.07017543859649122,20,2,5,42,0.5,7.194072092116493,0.04162812210915823
groot_l10_500,r6p3v2_groot_l10_500_A_r2,r6p3v2_groot_l10_500_A_r2:eval:7:0,1,7,0,30,150,A,False,4230.248,4237.739,ok,,0.08163265306122447,0.01459188326493377,0.07017543859649122,20,2,5,42,0.5490196078431373,7.379844861215129,0.006675010429703865
groot_l10_500,r6p3v2_groot_l10_500_A_r2,r6p3v2_groot_l10_500_A_r2:eval:7:0,1,7,0,32,160,A,False,4154.038,4156.684,ok,,0.08163265306122447,0.01459188326493377,0.07017543859649122,20,2,5,42,0.5957446808510638,7.40751641840644,0.008183306055646544
groot_l10_500,r6p3v2_groot_l10_500_A_r2,r6p3v2_groot_l10_500_A_r2:eval:7:0,1,7,0,34,170,A,False,4097.426,4099.834,ok,,0.08163265306122458,0.01459188326493377,0.07017543859649122,20,2,5,42,0.6382978723404256,7.791899971838659,0.008183306055646544
groot_l10_500,r6p3v2_groot_l10_500_A_r2,r6p3v2_groot_l10_500_A_r2:eval:7:0,1,7,0,36,180,A,False,4050.034,4052.675,ok,,0.08333333333333337,0.010033444816053505,0.07017543859649122,20,2,5,42,0.6666666666666666,7.984038430471821,0.01610017889087645
groot_l10_500,r6p3v2_groot_l10_500_A_r2,r6p3v2_groot_l10_500_A_r2:eval:7:0,1,7,0,38,190,A,False,4208.272,4210.802,ok,,0.0851063829787233,0.007256235827664437,0.07017543859649122,20,2,5,42,0.723404255319149,8.044889131237792,0.06708463949843269
groot_l10_500,r6p3v2_groot_l10_500_A_r2,r6p3v2_groot_l10_500_A_r2:eval:7:0,1,7,0,40,200,A,True,4185.723,4188.37,ok,,0.07843137254901955,0.03465537158259535,0.07017543859649122,20,2,5,42,0.7450980392156863,7.198019699382772,0.04255319148936165
groot_l10_500,r6p3v2_groot_l10_500_A_r2,r6p3v2_groot_l10_500_A_r2:eval:7:0,1,7,0,42,210,A,False,4193.14,4195.695,ok,,0.08163265306122447,0.01459188326493377,0.07017543859649122,20,2,5,42,0.7843137254901961,7.0031259488388455,0.012379110251450665
groot_l10_500,r6p3v2_groot_l10_500_A_r2,r6p3v2_groot_l10_500_A_r2:eval:7:0,1,7,0,44,220,A,False,4063.391,4066.08,ok,,0.07843137254901966,0.03918722786647322,0.07017543859649122,20,2,5,42,0.8235294117647058,7.355822156339108,0.042553191489361764
groot_l10_500,r6p3v2_groot_l10_500_A_r2,r6p3v2_groot_l10_500_A_r2:eval:7:0,1,7,0,46,230,A,True,4136.161,4138.762,ok,,0.07272727272727275,0.023126734505087954,0.0701754385964913,20,2,5,42,0.8837209302325582,7.722632786256804,0.035121025154247865
groot_l10_500,r6p3v2_groot_l10_500_A_r2,r6p3v2_groot_l10_500_A_r2:eval:7:0,1,7,0,48,240,A,False,4051.25,4054.01,slow_ambiguous,,0.04081632653061229,0.03465537158259535,0.0701754385964913,20,2,5,42,0.9166666666666666,7.309055653461354,0.037710437710437694
groot_l10_500,r6p3v2_groot_l10_500_A_r2,r6p3v2_groot_l10_500_A_r2:eval:7:0,1,7,0,50,250,A,False,4000.382,4003.187,slow_ambiguous,,0.03703703703703709,0.0366013071895425,0.07017543859649122,20,2,5,42,0.9629629629629629,7.053544207951503,0.07692307692307687
groot_l10_500,r6p3v2_groot_l10_500_A_r2,r6p3v2_groot_l10_500_A_r2:eval:7:1,1,7,1,0,0,A,False,43.223,46.359,inactive,warming_up,,,,0,2,5,42,,,
groot_l10_500,r6p3v2_groot_l10_500_A_r2,r6p3v2_groot_l10_500_A_r2:eval:7:1,1,7,1,2,10,A,False,29.55,31.344,inactive,warming_up,,,,0,2,5,42,,,
groot_l10_500,r6p3v2_groot_l10_500_A_r2,r6p3v2_groot_l10_500_A_r2:eval:7:1,1,7,1,4,20,A,False,4255.469,4258.15,ok,,0.0784313725490196,0.009276437847866428,0.07017543859649122,20,2,5,42,0.0,7.681873586348169,0.014814814814814822
groot_l10_500,r6p3v2_groot_l10_500_A_r2,r6p3v2_groot_l10_500_A_r2:eval:7:1,1,7,1,6,30,A,False,4024.788,4027.475,ok,,0.08695652173913043,0.014229249011857709,0.07017543859649122,20,2,5,42,0.03773584905660377,6.986487752901234,0.05218787635487754
groot_l10_500,r6p3v2_groot_l10_500_A_r2,r6p3v2_groot_l10_500_A_r2:eval:7:1,1,7,1,8,40,A,True,4142.333,4145.254,ok,,0.08,0.009689922480620158,0.07017543859649122,20,2,5,42,0.08,7.056528788816444,0.01683501683501684
groot_l10_500,r6p3v2_groot_l10_500_A_r2,r6p3v2_groot_l10_500_A_r2:eval:7:1,1,7,1,10,50,A,False,4062.798,4065.567,ok,,0.09090909090909091,0.024521072796934856,0.07017543859649122,20,2,5,42,0.11764705882352941,6.989592188725321,0.10823529411764704
groot_l10_500,r6p3v2_groot_l10_500_A_r2,r6p3v2_groot_l10_500_A_r2:eval:7:1,1,7,1,12,60,A,False,4157.587,4160.322,ok,,0.08510638297872342,0.03676470588235295,0.07017543859649122,20,2,5,42,0.1568627450980392,6.684623916791195,0.05244755244755242
groot_l10_500,r6p3v2_groot_l10_500_A_r2,r6p3v2_groot_l10_500_A_r2:eval:7:1,1,7,1,14,70,A,False,4056.372,4059.241,slow_ambiguous,,0.040816326530612235,0.04163265306122448,0.07017543859649122,20,2,5,42,0.19607843137254902,6.5922475235775835,0.04664484451718495
groot_l10_500,r6p3v2_groot_l10_500_A_r2,r6p3v2_groot_l10_500_A_r2:eval:7:1,1,7,1,16,80,A,False,4072.199,4074.858,ok,,0.08333333333333334,0.011032308904649332,0.07017543859649122,20,2,5,42,0.2127659574468085,7.835700977306473,0.019923371647509597
groot_l10_500,r6p3v2_groot_l10_500_A_r2,r6p3v2_groot_l10_500_A_r2:eval:7:1,1,7,1,18,90,A,False,4140.36,4143.198,ok,,0.08510638297872342,0.016781083142639208,0.07017543859649122,20,2,5,42,0.2553191489361702,8.593252097804864,0.08789722785665993
groot_l10_500,r6p3v2_groot_l10_500_A_r2,r6p3v2_groot_l10_500_A_r2:eval:7:1,1,7,1,20,100,A,False,4149.402,4152.078,ok,,0.0784313725490196,0.0053238686779059075,0.07017543859649122,20,2,5,42,0.3111111111111111,8.73142082649871,0.019923371647509597
groot_l10_500,r6p3v2_groot_l10_500_A_r2,r6p3v2_groot_l10_500_A_r2:eval:7:1,1,7,1,22,110,A,False,4165.777,4178.937,ok,,0.0784313725490196,0.007256235827664381,0.07017543859649122,20,2,5,42,0.34615384615384615,8.390760105846887,0.019923371647509514
groot_l10_500,r6p3v2_groot_l10_500_A_r2,r6p3v2_groot_l10_500_A_r2:eval:7:1,1,7,1,24,120,A,True,4088.619,4091.496,ok,,0.08888888888888885,0.039079461571862706,0.07017543859649122,20,2,5,42,0.39215686274509803,7.630891587194704,0.05603448275862072
groot_l10_500,r6p3v2_groot_l10_500_A_r2,r6p3v2_groot_l10_500_A_r2:eval:7:1,1,7,1,26,130,A,False,4104.481,4107.176,ok,,0.0888888888888889,0.03676470588235295,0.07017543859649122,20,2,5,42,0.43137254901960786,6.8149185002476065,0.05603448275862068
groot_l10_500,r6p3v2_groot_l10_500_A_r2,r6p3v2_groot_l10_500_A_r2:eval:7:1,1,7,1,28,140,A,False,4157.329,4159.999,ok,,0.08333333333333337,0.03907946157186276,0.07017543859649122,20,2,5,42,0.4489795918367347,6.763327866748658,0.05348346235045735
groot_l10_500,r6p3v2_groot_l10_500_A_r2,r6p3v2_groot_l10_500_A_r2:eval:7:1,1,7,1,30,150,A,True,4063.558,4066.265,ok,,0.07999999999999996,0.042553191489361764,0.07017543859649122,20,2,5,42,0.5306122448979592,6.648804748853763,0.01614086573734408
groot_l10_500,r6p3v2_groot_l10_500_A_r2,r6p3v2_groot_l10_500_A_r2:eval:7:1,1,7,1,32,160,A,False,4070.832,4076.977,ok,,0.08163265306122447,0.03918722786647322,0.07017543859649122,20,2,5,42,0.5882352941176471,7.038476054838267,0.006675010429703865
groot_l10_500,r6p3v2_groot_l10_500_A_r2,r6p3v2_groot_l10_500_A_r2:eval:7:1,1,7,1,34,170,A,False,4064.714,4067.422,ok,,0.07843137254901966,0.008888888888888835,0.07017543859649122,20,2,5,42,0.6382978723404256,7.646072633460743,0.0385947550717467
groot_l10_500,r6p3v2_groot_l10_500_A_r2,r6p3v2_groot_l10_500_A_r2:eval:7:1,1,7,1,36,180,A,False,3959.611,3962.233,ok,,0.07547169811320764,0.031520882584712306,0.07017543859649122,20,2,5,42,0.6923076923076923,7.076974863675897,0.05047006432459167
groot_l10_500,r6p3v2_groot_l10_500_A_r2,r6p3v2_groot_l10_500_A_r2:eval:7:1,1,7,1,38,190,A,False,4064.752,4067.509,slow_ambiguous,,0.04255319148936165,0.03918722786647322,0.07017543859649122,20,2,5,42,0.7547169811320755,7.15590813611064,0.045597484276729494
groot_l10_500,r6p3v2_groot_l10_500_A_r2,r6p3v2_groot_l10_500_A_r2:eval:7:1,1,7,1,40,200,A,True,4157.585,4160.281,ok,,0.07692307692307687,0.01459188326493388,0.07017543859649122,20,2,5,42,0.75,7.067057716831801,0.01614086573734408
groot_l10_500,r6p3v2_groot_l10_500_A_r2,r6p3v2_groot_l10_500_A_r2:eval:7:1,1,7,1,42,210,A,False,4076.421,4078.996,ok,,0.08333333333333337,0.03050397877984079,0.07017543859649122,20,2,5,42,0.7659574468085106,7.212368822262469,0.02652519893899208
groot_l10_500,r6p3v2_groot_l10_500_A_r2,r6p3v2_groot_l10_500_A_r2:eval:7:1,1,7,1,44,220,A,False,4054.826,4057.602,ok,,0.08163265306122447,0.019503546099290836,0.07017543859649122,20,2,5,42,0.8444444444444444,7.41312961516811,0.011965811965811923
groot_l10_500,r6p3v2_groot_l10_500_A_r2,r6p3v2_groot_l10_500_A_r2:eval:7:1,1,7,1,46,230,A,False,4038.088,4040.834,ok,,0.10344827586206895,0.03718820861678007,0.07017543859649122,20,2,5,42,0.8888888888888888,7.546824333501835,0.04656862745098045
groot_l10_500,r6p3v2_groot_l10_500_A_r2,r6p3v2_groot_l10_500_A_r2:eval:7:1,1,7,1,48,240,A,False,4123.027,4125.727,ok,,0.07407407407407407,0.026412325752017685,0.07017543859649122,20,2,5,42,0.9259259259259259,7.187671359836472,0.007957559681697535
groot_l10_500,r6p3v2_groot_l10_500_A_r2,r6p3v2_groot_l10_500_A_r2:eval:8:0,1,8,0,0,0,A,False,44.947,47.858,inactive,warming_up,,,,0,3,5,29,,,
groot_l10_500,r6p3v2_groot_l10_500_A_r2,r6p3v2_groot_l10_500_A_r2:eval:8:0,1,8,0,2,10,A,False,29.535,31.297,inactive,warming_up,,,,0,3,5,29,,,
groot_l10_500,r6p3v2_groot_l10_500_A_r2,r6p3v2_groot_l10_500_A_r2:eval:8:0,1,8,0,4,20,A,False,24.741,26.409,inactive,warming_up,,,,0,3,5,29,,,
groot_l10_500,r6p3v2_groot_l10_500_A_r2,r6p3v2_groot_l10_500_A_r2:eval:8:0,1,8,0,6,30,A,False,4505.945,4508.517,ok,,0.07142857142857142,0.015793714746172444,0.06521739130434782,30,3,5,29,0.0,7.327970212420559,0.017722878625134268
groot_l10_500,r6p3v2_groot_l10_500_A_r2,r6p3v2_groot_l10_500_A_r2:eval:8:0,1,8,0,8,40,A,False,4244.794,4247.231,ok,,0.07058823529411765,0.015793714746172444,0.06521739130434782,30,3,5,29,0.023529411764705882,6.738512841976791,0.017722878625134268
groot_l10_500,r6p3v2_groot_l10_500_A_r2,r6p3v2_groot_l10_500_A_r2:eval:8:0,1,8,0,10,50,A,False,4121.766,4124.523,ok,,0.07142857142857142,0.01436781609195402,0.06521739130434782,30,3,5,29,0.047619047619047616,6.985889776561435,0.01772287862513426
groot_l10_500,r6p3v2_groot_l10_500_A_r2,r6p3v2_groot_l10_500_A_r2:eval:8:0,1,8,0,12,60,A,False,4043.796,4046.587,ok,,0.07142857142857142,0.03132832080200502,0.06521739130434782,30,3,5,29,0.07142857142857142,7.189804127328768,0.017722878625134268
groot_l10_500,r6p3v2_groot_l10_500_A_r2,r6p3v2_groot_l10_500_A_r2:eval:8:0,1,8,0,14,70,A,False,4371.616,4374.23,ok,,0.07792207792207792,0.028488372093023254,0.06521739130434784,30,3,5,29,0.1038961038961039,7.297023761838406,0.038154392191659274
groot_l10_500,r6p3v2_groot_l10_500_A_r2,r6p3v2_groot_l10_500_A_r2:eval:8:0,1,8,0,16,80,A,True,4061.071,4063.831,slow_ambiguous,,0.06122448979591835,0.03132832080200502,0.06521739130434782,30,3,5,29,0.11764705882352941,7.507893415603639,0.03188854489164087
groot_l10_500,r6p3v2_groot_l10_500_A_r2,r6p3v2_groot_l10_500_A_r2:eval:8:0,1,8,0,18,90,A,False,4255.046,4257.626,ok,,0.07792207792207792,0.027665317139001368,0.06521739130434784,30,3,5,29,0.13793103448275862,7.846540383598198,0.07763975155279504
groot_l10_500,r6p3v2_groot_l10_500_A_r2,r6p3v2_groot_l10_500_A_r2:eval:8:0,1,8,0,20,100,A,False,4145.581,4148.221,ok,,0.06593406593406592,0.027665317139001368,0.06521739130434784,30,3,5,29,0.18421052631578946,7.9406438326711575,0.21530612244897956
groot_l10_500,r6p3v2_groot_l10_500_A_r2,r6p3v2_groot_l10_500_A_r2:eval:8:0,1,8,0,22,110,A,False,3976.172,3978.849,slow_ambiguous,,0.052631578947368425,0.027665317139001368,0.06521739130434784,30,3,5,29,0.21052631578947367,7.9379805537067725,0.22135007849293561
groot_l10_500,r6p3v2_groot_l10_500_A_r2,r6p3v2_groot_l10_500_A_r2:eval:8:0,1,8,0,24,120,A,True,4256.916,4259.616,slow_confirmed,,0.02564102564102566,0.0212613473483039,0.06521739130434784,30,3,5,29,0.2564102564102564,7.4505119010752106,0.18367346938775508
groot_l10_500,r6p3v2_groot_l10_500_A_r2,r6p3v2_groot_l10_500_A_r2:eval:8:0,1,8,0,26,130,A,False,4121.183,4123.853,slow_ambiguous,,0.04081632653061229,0.03138528138528135,0.06521739130434784,30,3,5,29,0.2564102564102564,7.594074165311632,0.07500000000000001
groot_l10_500,r6p3v2_groot_l10_500_A_r2,r6p3v2_groot_l10_500_A_r2:eval:8:0,1,8,0,28,140,A,False,4229.888,4232.381,slow_ambiguous,,0.04761904761904761,0.061224489795918324,0.06521739130434784,30,3,5,29,0.28205128205128205,7.684530352193884,0.06593406593406595
groot_l10_500,r6p3v2_groot_l10_500_A_r2,r6p3v2_groot_l10_500_A_r2:eval:8:0,1,8,0,30,150,A,True,4060.456,4063.063,slow_ambiguous,,0.025000000000000022,0.05143160127253449,0.06521739130434781,30,3,5,29,0.2857142857142857,8.526411444026145,0.07692307692307693
groot_l10_500,r6p3v2_groot_l10_500_A_r2,r6p3v2_groot_l10_500_A_r2:eval:8:0,1,8,0,32,160,A,False,3997.221,3999.851,slow_confirmed,,0.025000000000000022,0.024291497975708502,0.06521739130434784,30,3,5,29,0.375,9.782694835845936,0.06521739130434778
groot_l10_500,r6p3v2_groot_l10_500_A_r2,r6p3v2_groot_l10_500_A_r2:eval:8:0,1,8,0,34,170,A,True,4283.719,4286.413,slow_ambiguous,,0.05128205128205132,0.02038472581108236,0.06521739130434784,30,3,5,29,0.375,11.090056401150807,0.09076262083780884
groot_l10_500,r6p3v2_groot_l10_500_A_r2,r6p3v2_groot_l10_500_A_r2:eval:8:0,1,8,0,36,180,A,False,4052.891,4055.53,ok,,0.0869565217391305,0.015793714746172416,0.0652173913043479,30,3,5,29,0.4,12.535180315810475,0.1342105263157895
groot_l10_500,r6p3v2_groot_l10_500_A_r2,r6p3v2_groot_l10_500_A_r2:eval:8:0,1,8,0,38,190,A,False,4261.017,4263.714,ok,,0.10526315789473685,0.01927955352612888,0.06521739130434784,30,3,5,29,0.3684210526315789,13.53959273544483,0.1166007905138339
groot_l10_500,r6p3v2_groot_l10_500_A_r2,r6p3v2_groot_l10_500_A_r2:eval:8:0,1,8,0,40,200,A,False,4085.437,4088.026,ok,,0.06976744186046512,0.026190476190476195,0.06521739130434784,30,3,5,29,0.38961038961038963,14.18402061939336,0.017722878625134275
groot_l10_500,r6p3v2_groot_l10_500_A_r2,r6p3v2_groot_l10_500_A_r2:eval:8:0,1,8,0,42,210,A,False,3976.673,3979.392,slow_ambiguous,,0.051948051948051965,0.026190476190476195,0.06521739130434784,30,3,5,29,0.4473684210526316,13.957528208662085,0.01473922902494329
groot_l10_500,r6p3v2_groot_l10_500_A_r2,r6p3v2_groot_l10_500_A_r2:eval:8:0,1,8,0,44,220,A,False,4162.494,4165.14,ok,,0.06593406593406592,0.01772287862513422,0.06521739130434784,30,3,5,29,0.4418604651162791,14.312964439160094,0.025290498974709467
groot_l10_500,r6p3v2_groot_l10_500_A_r2,r6p3v2_groot_l10_500_A_r2:eval:8:0,1,8,0,46,230,A,True,4119.492,4122.094,slow_ambiguous,,0.04395604395604396,0.027397260273972615,0.06521739130434784,30,3,5,29,0.47368421052631576,14.726395952247131,0.011815252416756135
groot_l10_500,r6p3v2_groot_l10_500_A_r2,r6p3v2_groot_l10_500_A_r2:eval:8:0,1,8,0,48,240,A,True,4381.233,4383.688,slow_confirmed,,0.0,0.021205519244734905,0.0652173913043479,30,3,5,29,0.44155844155844154,14.83679321136177,0.1842105263157895
groot_l10_500,r6p3v2_groot_l10_500_A_r2,r6p3v2_groot_l10_500_A_r2:eval:8:0,1,8,0,50,250,A,False,4081.479,4084.209,slow_confirmed,,0.0,0.026190476190476195,0.06521739130434784,30,3,5,29,0.4473684210526316,14.645367750698435,0.0
groot_l10_500,r6p3v2_groot_l10_500_A_r2,r6p3v2_groot_l10_500_A_r2:eval:8:0,1,8,0,52,260,A,False,4012.411,4015.053,slow_confirmed,,0.025974025974025983,0.026190476190476195,0.06521739130434784,30,3,5,29,0.4473684210526316,14.382573544792013,0.017560512577123932
groot_l10_500,r6p3v2_groot_l10_500_A_r2,r6p3v2_groot_l10_500_A_r2:eval:8:0,1,8,0,54,270,A,False,4316.581,4319.435,slow_ambiguous,,0.051948051948051965,0.026190476190476195,0.06521739130434784,30,3,5,29,0.4418604651162791,14.110613396157277,0.01159951159951162
groot_l10_500,r6p3v2_groot_l10_500_A_r2,r6p3v2_groot_l10_500_A_r2:eval:8:0,1,8,0,56,280,A,False,4056.124,4058.679,ok,,0.07792207792207789,0.018414322250639437,0.06521739130434784,30,3,5,29,0.4418604651162791,14.569742132293445,0.0393772893772894
groot_l10_500,r6p3v2_groot_l10_500_A_r2,r6p3v2_groot_l10_500_A_r2:eval:8:0,1,8,0,58,290,A,True,4254.279,4257.028,slow_ambiguous,,0.052631578947368425,0.02716887928372958,0.06521739130434778,30,3,5,29,0.4675324675324675,14.745876253048424,0.04419493549928338
groot_l10_500,r6p3v2_groot_l10_500_A_r2,r6p3v2_groot_l10_500_A_r2:eval:8:0,1,8,0,60,300,A,False,4101.316,4103.999,slow_ambiguous,,0.052631578947368474,0.01772287862513422,0.06521739130434784,30,3,5,29,0.5,15.242976607236688,0.022455805064500733
groot_l10_500,r6p3v2_groot_l10_500_A_r2,r6p3v2_groot_l10_500_A_r2:eval:8:0,1,8,0,62,310,A,True,4023.777,4026.183,slow_ambiguous,,0.05555555555555547,0.01772287862513422,0.06521739130434784,30,3,5,29,0.5263157894736842,15.604762729603895,0.02126134734830388
groot_l10_500,r6p3v2_groot_l10_500_A_r2,r6p3v2_groot_l10_500_A_r2:eval:8:0,1,8,0,64,320,A,True,4271.428,4273.982,ok,,0.10526315789473685,0.01927955352612888,0.0652173913043479,30,3,5,29,0.475,15.881281448079452,0.08804347826086964
groot_l10_500,r6p3v2_groot_l10_500_A_r2,r6p3v2_groot_l10_500_A_r2:eval:8:0,1,8,0,66,330,A,False,4067.016,4069.75,ok,,0.06521739130434784,0.018414322250639437,0.06521739130434778,30,3,5,29,0.5526315789473685,15.997380446719854,0.03813104189044024
groot_l10_500,r6p3v2_groot_l10_500_A_r2,r6p3v2_groot_l10_500_A_r2:eval:8:0,1,8,0,68,340,A,True,4168.901,4171.554,slow_ambiguous,,0.050000000000000044,0.021205519244734905,0.0652173913043479,30,3,5,29,0.5,15.740042317548507,0.3950811093668237
groot_l10_500,r6p3v2_groot_l10_500_A_r2,r6p3v2_groot_l10_500_A_r2:eval:8:0,1,8,0,70,350,A,True,4099.303,4102.046,ok,,0.10204081632653063,0.03457273320287026,0.06521739130434778,30,3,5,29,0.5494505494505495,15.407674511663238,0.43956043956043966
groot_l10_500,r6p3v2_groot_l10_500_A_r2,r6p3v2_groot_l10_500_A_r2:eval:8:0,1,8,0,72,360,A,True,3951.255,3953.96,ok,,0.0869565217391305,0.03457273320287026,0.06521739130434778,30,3,5,29,0.5217391304347826,14.888934982914424,0.41153846153846163
groot_l10_500,r6p3v2_groot_l10_500_A_r2,r6p3v2_groot_l10_500_A_r2:eval:8:0,1,8,0,74,370,A,False,4229.659,4242.269,slow_ambiguous,,0.05128205128205121,0.03457273320287026,0.06521739130434778,30,3,5,29,0.6190476190476191,14.395502054789308,0.4473684210526316
groot_l10_500,r6p3v2_groot_l10_500_A_r2,r6p3v2_groot_l10_500_A_r2:eval:8:0,1,8,0,76,380,A,True,4030.36,4032.923,slow_confirmed,,0.02631578947368418,0.011640211640211645,0.06521739130434778,30,3,5,29,0.6666666666666666,14.202057048809587,0.029542920847268728
groot_l10_500,r6p3v2_groot_l10_500_A_r2,r6p3v2_groot_l10_500_A_r2:eval:8:0,1,8,0,78,390,A,True,4067.267,4069.943,slow_confirmed,,0.025000000000000022,0.016974389517569924,0.06521739130434778,30,3,5,29,0.6842105263157895,14.162860103453625,0.05128205128205132
groot_l10_500,r6p3v2_groot_l10_500_A_r2,r6p3v2_groot_l10_500_A_r2:eval:8:0,1,8,0,80,400,A,False,4115.299,4117.981,slow_ambiguous,,0.04347826086956519,0.03457273320287026,0.06521739130434778,30,3,5,29,0.7105263157894737,14.753659330639294,0.13186813186813184
groot_l10_500,r6p3v2_groot_l10_500_A_r2,r6p3v2_groot_l10_500_A_r2:eval:8:0,1,8,0,82,410,A,False,4059.213,4061.917,slow_confirmed,,0.04347826086956519,0.018414322250639437,0.06521739130434778,30,3,5,29,0.75,15.42485110439019,0.05421023665382496
groot_l10_500,r6p3v2_groot_l10_500_A_r2,r6p3v2_groot_l10_500_A_r2:eval:8:0,1,8,0,84,420,A,True,4365.526,4368.402,ok,,0.10989010989010994,0.03457273320287026,0.06521739130434778,30,3,5,29,0.6086956521739131,16.076716393015055,0.4842995169082127
groot_l10_500,r6p3v2_groot_l10_500_A_r2,r6p3v2_groot_l10_500_A_r2:eval:8:0,1,8,0,86,430,A,False,4072.428,4075.144,ok,,0.08791208791208792,0.03457273320287026,0.06521739130434778,30,3,5,29,0.6304347826086957,16.390065447040147,0.5194373401534527
groot_l10_500,r6p3v2_groot_l10_500_A_r2,r6p3v2_groot_l10_500_A_r2:eval:8:0,1,8,0,88,440,A,False,4220.993,4223.565,slow_confirmed,,0.0273972602739726,0.03457273320287026,0.06521739130434778,30,3,5,29,0.6521739130434783,16.201720546237738,0.5277777777777779
groot_l10_500,r6p3v2_groot_l10_500_A_r2,r6p3v2_groot_l10_500_A_r2:eval:8:0,1,8,0,90,450,A,False,4124.279,4127.057,slow_confirmed,,0.021739130434782594,0.03457273320287026,0.06521739130434778,30,3,5,29,0.7945205479452054,15.819198845495507,0.605263157894737
groot_l10_500,r6p3v2_groot_l10_500_A_r2,r6p3v2_groot_l10_500_A_r2:eval:8:0,1,8,0,92,460,A,True,4221.159,4223.883,slow_confirmed,,0.0273972602739726,0.021154846540662353,0.06521739130434784,30,3,5,29,0.34210526315789475,15.01950140006602,0.5263157894736843
groot_l10_500,r6p3v2_groot_l10_500_A_r2,r6p3v2_groot_l10_500_A_r2:eval:8:0,1,8,0,94,470,A,False,4289.344,4304.088,slow_confirmed,,0.026315789473684292,0.03457273320287026,0.0652173913043479,30,3,5,29,0.6521739130434783,14.998121284724375,0.06521739130434778
groot_l10_500,r6p3v2_groot_l10_500_A_r2,r6p3v2_groot_l10_500_A_r2:eval:8:0,1,8,0,96,480,A,False,4084.053,4086.722,slow_confirmed,,0.0,0.024390243902438984,0.06521739130434778,30,3,5,29,0.34146341463414637,14.882376713139728,0.04347826086956519
groot_l10_500,r6p3v2_groot_l10_500_A_r2,r6p3v2_groot_l10_500_A_r2:eval:8:0,1,8,0,98,490,A,True,4511.655,4514.289,slow_confirmed,,0.025641025641025605,0.02173913043478265,0.06521739130434784,30,3,5,29,0.33766233766233766,14.449701076914266,0.3116883116883117
groot_l10_500,r6p3v2_groot_l10_500_A_r2,r6p3v2_groot_l10_500_A_r2:eval:8:0,1,8,0,100,500,A,False,4271.621,4274.436,slow_ambiguous,,0.021739130434782594,0.04595791805094131,0.06521739130434784,30,3,5,29,0.2564102564102564,14.590571181764975,0.4285714285714286
groot_l10_500,r6p3v2_groot_l10_500_A_r2,r6p3v2_groot_l10_500_A_r2:eval:8:0,1,8,0,102,510,A,False,4247.056,4249.439,slow_confirmed,,0.0,0.024291497975708502,0.06521739130434784,30,3,5,29,0.2857142857142857,14.451032169488212,0.44999999999999996
groot_l10_500,r6p3v2_groot_l10_500_A_r2,r6p3v2_groot_l10_500_A_r2:eval:8:1,1,8,1,0,0,A,False,43.18,45.938,inactive,warming_up,,,,0,3,5,29,,,
groot_l10_500,r6p3v2_groot_l10_500_A_r2,r6p3v2_groot_l10_500_A_r2:eval:8:1,1,8,1,2,10,A,False,28.869,30.632,inactive,warming_up,,,,0,3,5,29,,,
groot_l10_500,r6p3v2_groot_l10_500_A_r2,r6p3v2_groot_l10_500_A_r2:eval:8:1,1,8,1,4,20,A,False,24.736,26.284,inactive,warming_up,,,,0,3,5,29,,,
groot_l10_500,r6p3v2_groot_l10_500_A_r2,r6p3v2_groot_l10_500_A_r2:eval:8:1,1,8,1,6,30,A,False,4563.325,4565.91,ok,,0.07058823529411765,0.01586368977673326,0.06521739130434782,30,3,5,29,0.0,8.41662454363114,0.03546910755148741
groot_l10_500,r6p3v2_groot_l10_500_A_r2,r6p3v2_groot_l10_500_A_r2:eval:8:1,1,8,1,8,40,A,False,4578.339,4581.66,ok,,0.07058823529411765,0.015793714746172444,0.06521739130434782,30,3,5,29,0.023529411764705882,7.988537927103727,0.03546910755148741
groot_l10_500,r6p3v2_groot_l10_500_A_r2,r6p3v2_groot_l10_500_A_r2:eval:8:1,1,8,1,10,50,A,False,4367.442,4370.166,ok,,0.07142857142857142,0.040827147401908764,0.06521739130434781,30,3,5,29,0.047058823529411764,8.272344738905254,0.025732031943212066
groot_l10_500,r6p3v2_groot_l10_500_A_r2,r6p3v2_groot_l10_500_A_r2:eval:8:1,1,8,1,12,60,A,False,4375.232,4377.992,ok,,0.07058823529411765,0.029692470837751866,0.06521739130434782,30,3,5,29,0.07058823529411765,8.402633100143195,0.03499132446500868
groot_l10_500,r6p3v2_groot_l10_500_A_r2,r6p3v2_groot_l10_500_A_r2:eval:8:1,1,8,1,14,70,A,False,4647.273,4650.004,slow_ambiguous,,0.05194805194805194,0.029692470837751866,0.06521739130434782,30,3,5,29,0.10526315789473684,8.4675575834504,0.035469107551487404
groot_l10_500,r6p3v2_groot_l10_500_A_r2,r6p3v2_groot_l10_500_A_r2:eval:8:1,1,8,1,16,80,A,False,4064.723,4067.416,ok,,0.07058823529411765,0.029692470837751866,0.06521739130434781,30,3,5,29,0.12987012987012986,8.126453740648524,0.03546910755148741
groot_l10_500,r6p3v2_groot_l10_500_A_r2,r6p3v2_groot_l10_500_A_r2:eval:8:1,1,8,1,18,90,A,True,4473.395,4476.147,ok,,0.07792207792207792,0.034022257551669294,0.06521739130434784,30,3,5,29,0.1411764705882353,8.535976220949362,0.04004576659038901
groot_l10_500,r6p3v2_groot_l10_500_A_r2,r6p3v2_groot_l10_500_A_r2:eval:8:1,1,8,1,20,100,A,False,4280.578,4283.27,ok,,0.07792207792207792,0.034022257551669294,0.06521739130434784,30,3,5,29,0.16470588235294117,8.815540565286552,0.04411764705882359
groot_l10_500,r6p3v2_groot_l10_500_A_r2,r6p3v2_groot_l10_500_A_r2:eval:8:1,1,8,1,22,110,A,True,4252.921,4255.578,slow_confirmed,,0.0273972602739726,0.034022257551669294,0.06521739130434784,30,3,5,29,0.21052631578947367,8.583698977558887,0.052631578947368425
groot_l10_500,r6p3v2_groot_l10_500_A_r2,r6p3v2_groot_l10_500_A_r2:eval:8:1,1,8,1,24,120,A,False,4389.894,4392.562,slow_confirmed,,0.0,0.05143160127253443,0.06521739130434784,30,3,5,29,0.2631578947368421,8.51054220058646,0.024999999999999967
groot_l10_500,r6p3v2_groot_l10_500_A_r2,r6p3v2_groot_l10_500_A_r2:eval:8:1,1,8,1,26,130,A,True,4078.362,4081.058,slow_confirmed,,0.0,0.05143160127253443,0.06521739130434781,30,3,5,29,0.2631578947368421,8.332268574139922,0.02597402597402595
groot_l10_500,r6p3v2_groot_l10_500_A_r2,r6p3v2_groot_l10_500_A_r2:eval:8:1,1,8,1,28,140,A,True,4234.14,4236.786,slow_confirmed,,0.0,0.05143160127253443,0.06521739130434781,30,3,5,29,0.2564102564102564,8.265660879124587,0.02597402597402595
groot_l10_500,r6p3v2_groot_l10_500_A_r2,r6p3v2_groot_l10_500_A_r2:eval:8:1,1,8,1,30,150,A,False,4187.976,4190.532,slow_confirmed,,0.0,0.05143160127253443,0.06521739130434781,30,3,5,29,0.2564102564102564,8.440587960099103,0.02597402597402595
groot_l10_500,r6p3v2_groot_l10_500_A_r2,r6p3v2_groot_l10_500_A_r2:eval:8:1,1,8,1,32,160,A,False,4216.488,4223.431,slow_confirmed,,0.0,0.061224489795918324,0.06521739130434784,30,3,5,29,0.2631578947368421,8.513994545708648,0.0
groot_l10_500,r6p3v2_groot_l10_500_A_r2,r6p3v2_groot_l10_500_A_r2:eval:8:1,1,8,1,34,170,A,True,4194.906,4197.687,slow_confirmed,,0.0,0.034022257551669294,0.06521739130434784,30,3,5,29,0.2564102564102564,8.753779337737162,0.05128205128205132
groot_l10_500,r6p3v2_groot_l10_500_A_r2,r6p3v2_groot_l10_500_A_r2:eval:8:1,1,8,1,36,180,A,False,4091.485,4094.081,slow_confirmed,,0.0,0.02115484654066241,0.06521739130434784,30,3,5,29,0.2597402597402597,8.973159994484158,0.26530612244897955
groot_l10_500,r6p3v2_groot_l10_500_A_r2,r6p3v2_groot_l10_500_A_r2:eval:8:1,1,8,1,38,190,A,True,4170.352,4172.809,slow_confirmed,,0.0,0.04595791805094129,0.06521739130434784,30,3,5,29,0.2597402597402597,9.14312566490441,0.051948051948051965
groot_l10_500,r6p3v2_groot_l10_500_A_r2,r6p3v2_groot_l10_500_A_r2:eval:8:1,1,8,1,40,200,A,True,4101.164,4103.968,slow_confirmed,,0.0,0.02173913043478265,0.06521739130434784,30,3,5,29,0.2597402597402597,9.32724701685256,0.26530612244897955
groot_l10_500,r6p3v2_groot_l10_500_A_r2,r6p3v2_groot_l10_500_A_r2:eval:8:1,1,8,1,42,210,A,True,4156.954,4159.567,slow_confirmed,,0.0,0.026190476190476195,0.06521739130434784,30,3,5,29,0.2564102564102564,9.12241842356626,0.0
groot_l10_500,r6p3v2_groot_l10_500_A_r2,r6p3v2_groot_l10_500_A_r2:eval:8:1,1,8,1,44,220,A,True,4232.263,4235.18,slow_confirmed,,0.0,0.05755166931637523,0.06521739130434784,30,3,5,29,0.2564102564102564,8.951041804131625,0.0
groot_l10_500,r6p3v2_groot_l10_500_A_r2,r6p3v2_groot_l10_500_A_r2:eval:8:1,1,8,1,46,230,A,True,4099.252,4101.922,slow_confirmed,,0.0,0.05755166931637523,0.06521739130434784,30,3,5,29,0.2564102564102564,8.828399135406336,0.0
groot_l10_500,r6p3v2_groot_l10_500_A_r2,r6p3v2_groot_l10_500_A_r2:eval:8:1,1,8,1,48,240,A,True,4211.424,4214.267,slow_confirmed,,0.0,0.05755166931637523,0.06521739130434784,30,3,5,29,0.2564102564102564,8.708105890798636,0.0
groot_l10_500,r6p3v2_groot_l10_500_A_r2,r6p3v2_groot_l10_500_A_r2:eval:8:1,1,8,1,50,250,A,True,4103.193,4105.717,slow_confirmed,,0.0,0.029692470837751866,0.06521739130434784,30,3,5,29,0.2564102564102564,8.544743951648869,0.04395604395604394
groot_l10_500,r6p3v2_groot_l10_500_A_r2,r6p3v2_groot_l10_500_A_r2:eval:8:1,1,8,1,52,260,A,True,4119.427,4122.116,slow_confirmed,,0.0,0.061224489795918324,0.06521739130434784,30,3,5,29,0.2564102564102564,8.350312337904635,0.0
groot_l10_500,r6p3v2_groot_l10_500_A_r2,r6p3v2_groot_l10_500_A_r2:eval:8:1,1,8,1,54,270,A,True,4227.769,4230.204,slow_confirmed,,0.0,0.061224489795918324,0.06521739130434784,30,3,5,29,0.2564102564102564,8.30421850140371,0.0
groot_l10_500,r6p3v2_groot_l10_500_A_r2,r6p3v2_groot_l10_500_A_r2:eval:8:1,1,8,1,56,280,A,True,4127.343,4131.285,slow_ambiguous,,0.0,0.06521739130434784,0.06521739130434784,30,3,5,29,0.2564102564102564,8.273559359050607,0.0
groot_l10_500,r6p3v2_groot_l10_500_A_r2,r6p3v2_groot_l10_500_A_r2:eval:8:1,1,8,1,58,290,A,False,4264.271,4267.214,slow_confirmed,,0.0,0.029692470837751866,0.06521739130434784,30,3,5,29,0.2564102564102564,8.065604108611364,0.12244897959183675
groot_l10_500,r6p3v2_groot_l10_500_A_r2,r6p3v2_groot_l10_500_A_r2:eval:8:1,1,8,1,60,300,A,False,4114.606,4117.213,slow_confirmed,,0.0,0.029692470837751866,0.06521739130434784,30,3,5,29,0.2564102564102564,7.883132211992404,0.12244897959183675
groot_l10_500,r6p3v2_groot_l10_500_A_r2,r6p3v2_groot_l10_500_A_r2:eval:8:1,1,8,1,62,310,A,True,4127.221,4129.778,slow_confirmed,,0.0,0.023317788141239186,0.06521739130434784,30,3,5,29,0.2564102564102564,7.444332659238727,0.12244897959183675
groot_l10_500,r6p3v2_groot_l10_500_A_r2,r6p3v2_groot_l10_500_A_r2:eval:8:1,1,8,1,64,320,A,True,4212.707,4215.501,slow_confirmed,,0.0,0.06122448979591837,0.06521739130434784,30,3,5,29,0.2564102564102564,7.453475221940361,0.021978021978021955
groot_l10_500,r6p3v2_groot_l10_500_A_r2,r6p3v2_groot_l10_500_A_r2:eval:8:1,1,8,1,66,330,A,True,4122.185,4136.268,slow_ambiguous,,0.0,0.06521739130434784,0.06521739130434784,30,3,5,29,0.21428571428571427,7.705131690979731,0.023809523809523805
groot_l10_500,r6p3v2_groot_l10_500_A_r2,r6p3v2_groot_l10_500_A_r2:eval:8:1,1,8,1,68,340,A,True,4193.365,4195.688,slow_confirmed,,0.0,0.05143160127253443,0.06521739130434782,30,3,5,29,0.23809523809523808,7.968926234425926,0.0
groot_l10_500,r6p3v2_groot_l10_500_A_r2,r6p3v2_groot_l10_500_A_r2:eval:8:1,1,8,1,70,350,A,False,4100.803,4103.517,slow_ambiguous,,0.0,0.06521739130434784,0.06521739130434784,30,3,5,29,0.23809523809523808,8.111867875803584,0.0
groot_l10_500,r6p3v2_groot_l10_500_A_r2,r6p3v2_groot_l10_500_A_r2:eval:8:1,1,8,1,72,360,A,False,4190.9,4203.624,slow_confirmed,,0.0,0.05143160127253443,0.06521739130434781,30,3,5,29,0.23809523809523808,8.191718901977172,0.02564102564102566
groot_l10_500,r6p3v2_groot_l10_500_A_r2,r6p3v2_groot_l10_500_A_r2:eval:8:1,1,8,1,74,370,A,True,4220.432,4222.972,slow_confirmed,,0.0,0.05143160127253443,0.06521739130434784,30,3,5,29,0.20408163265306123,8.529318820068667,0.020408163265306114
groot_l10_500,r6p3v2_groot_l10_500_A_r2,r6p3v2_groot_l10_500_A_r2:eval:8:1,1,8,1,76,380,A,True,4128.324,4131.395,slow_confirmed,,0.0,0.02716887928372952,0.06521739130434784,30,3,5,29,0.20408163265306123,8.761912586072317,0.043478260869565216
groot_l10_500,r6p3v2_groot_l10_500_A_r2,r6p3v2_groot_l10_500_A_r2:eval:8:1,1,8,1,78,390,A,True,4197.079,4199.648,slow_confirmed,,0.0,0.03760282021151587,0.06521739130434784,30,3,5,29,0.22448979591836735,9.125099596816728,0.043478260869565216
groot_l10_500,r6p3v2_groot_l10_500_A_r2,r6p3v2_groot_l10_500_A_r2:eval:8:1,1,8,1,80,400,A,True,4136.041,4138.685,slow_confirmed,,0.0,0.034552845528455285,0.06521739130434778,30,3,5,29,0.21951219512195122,9.42912829792703,0.043478260869565216
groot_l10_500,r6p3v2_groot_l10_500_A_r2,r6p3v2_groot_l10_500_A_r2:eval:8:1,1,8,1,82,410,A,True,4221.715,4224.418,slow_confirmed,,0.0,0.04595791805094131,0.06521739130434784,30,3,5,29,0.22448979591836735,9.667280098278164,0.20408163265306117
groot_l10_500,r6p3v2_groot_l10_500_A_r2,r6p3v2_groot_l10_500_A_r2:eval:8:1,1,8,1,84,420,A,True,4205.023,4207.579,slow_confirmed,,0.02564102564102566,0.025290498974709447,0.06521739130434784,30,3,5,29,0.1978021978021978,9.801547504024953,0.07317073170731708
groot_l10_500,r6p3v2_groot_l10_500_A_r2,r6p3v2_groot_l10_500_A_r2:eval:8:1,1,8,1,86,430,A,True,4182.518,4185.084,slow_confirmed,,0.0,0.043478260869565244,0.06521739130434784,30,3,5,29,0.23809523809523808,9.83485779949973,0.02564102564102566
groot_l10_500,r6p3v2_groot_l10_500_A_r2,r6p3v2_groot_l10_500_A_r2:eval:8:1,1,8,1,88,440,A,True,4241.721,4244.301,slow_confirmed,,0.0,0.026190476190476195,0.06521739130434784,30,3,5,29,0.23809523809523808,9.822154531024045,0.0
groot_l10_500,r6p3v2_groot_l10_500_A_r2,r6p3v2_groot_l10_500_A_r2:eval:8:1,1,8,1,90,450,A,False,4139.58,4142.006,slow_confirmed,,0.0,0.043478260869565244,0.06521739130434784,30,3,5,29,0.23809523809523808,9.79507687575024,0.02564102564102566
groot_l10_500,r6p3v2_groot_l10_500_A_r2,r6p3v2_groot_l10_500_A_r2:eval:8:1,1,8,1,92,460,A,True,4427.731,4430.407,slow_confirmed,,0.0,0.043478260869565244,0.06521739130434784,30,3,5,29,0.23809523809523808,9.837110088640086,0.02564102564102566
groot_l10_500,r6p3v2_groot_l10_500_A_r2,r6p3v2_groot_l10_500_A_r2:eval:8:1,1,8,1,94,470,A,True,4257.197,4259.794,slow_confirmed,,0.0,0.043478260869565244,0.06521739130434784,30,3,5,29,0.23809523809523808,9.795414112082938,0.02564102564102566
groot_l10_500,r6p3v2_groot_l10_500_A_r2,r6p3v2_groot_l10_500_A_r2:eval:8:1,1,8,1,96,480,A,True,4174.951,4177.577,slow_confirmed,,0.0,0.026190476190476195,0.06521739130434784,30,3,5,29,0.23809523809523808,9.73797670855988,0.0
groot_l10_500,r6p3v2_groot_l10_500_A_r2,r6p3v2_groot_l10_500_A_r2:eval:8:1,1,8,1,98,490,A,True,4220.928,4223.802,slow_confirmed,,0.0,0.026190476190476195,0.06521739130434784,30,3,5,29,0.23809523809523808,9.7501725043319,0.0
groot_l10_500,r6p3v2_groot_l10_500_A_r2,r6p3v2_groot_l10_500_A_r2:eval:8:1,1,8,1,100,500,A,True,4089.909,4092.501,slow_confirmed,,0.0,0.026190476190476195,0.06521739130434784,30,3,5,29,0.23809523809523808,9.692665450085784,0.0
groot_l10_500,r6p3v2_groot_l10_500_A_r2,r6p3v2_groot_l10_500_A_r2:eval:8:1,1,8,1,102,510,A,False,4075.646,4078.169,slow_confirmed,,0.0,0.026190476190476195,0.06521739130434784,30,3,5,29,0.23809523809523808,9.657782337405235,0.0
groot_l10_500,r6p3v2_groot_l10_500_A_r2,r6p3v2_groot_l10_500_A_r2:eval:9:0,1,9,0,0,0,A,False,53.294,56.378,inactive,warming_up,,,,0,2,5,45,,,
groot_l10_500,r6p3v2_groot_l10_500_A_r2,r6p3v2_groot_l10_500_A_r2:eval:9:0,1,9,0,2,10,A,False,29.244,30.949,inactive,warming_up,,,,0,2,5,45,,,
groot_l10_500,r6p3v2_groot_l10_500_A_r2,r6p3v2_groot_l10_500_A_r2:eval:9:0,1,9,0,4,20,A,False,4880.198,4883.095,ok,,0.08,0.011484823625922888,0.058823529411764705,20,2,5,45,0.0,8.042928228453098,0.032474804031354984
groot_l10_500,r6p3v2_groot_l10_500_A_r2,r6p3v2_groot_l10_500_A_r2:eval:9:0,1,9,0,6,30,A,False,4535.711,4538.542,ok,,0.07999999999999999,0.015250544662309365,0.058823529411764705,20,2,5,45,0.04,7.083638005089695,0.03247480403135497
groot_l10_500,r6p3v2_groot_l10_500_A_r2,r6p3v2_groot_l10_500_A_r2:eval:9:0,1,9,0,8,40,A,False,4436.205,4438.827,ok,,0.07894736842105263,0.032967032967032905,0.058823529411764705,20,2,5,45,0.08,7.7110504739073455,0.03744680851063831
groot_l10_500,r6p3v2_groot_l10_500_A_r2,r6p3v2_groot_l10_500_A_r2:eval:9:0,1,9,0,10,50,A,False,4518.793,4521.499,ok,,0.08000000000000002,0.027368421052631584,0.0588235294117647,20,2,5,45,0.12,8.433265658419288,0.02900107411385608
groot_l10_500,r6p3v2_groot_l10_500_A_r2,r6p3v2_groot_l10_500_A_r2:eval:9:0,1,9,0,12,60,A,False,4556.456,4559.116,ok,,0.07999999999999999,0.009634684865515858,0.05882352941176472,20,2,5,45,0.1568627450980392,8.582785953744862,0.09133126934984523
groot_l10_500,r6p3v2_groot_l10_500_A_r2,r6p3v2_groot_l10_500_A_r2:eval:9:0,1,9,0,14,70,A,False,4448.084,4450.781,ok,,0.12,0.009259259259259273,0.05882352941176472,20,2,5,45,0.18867924528301888,8.519742061115283,0.0768627450980392
groot_l10_500,r6p3v2_groot_l10_500_A_r2,r6p3v2_groot_l10_500_A_r2:eval:9:0,1,9,0,16,80,A,False,4480.848,4483.722,ok,,0.08000000000000002,0.013677811550151978,0.0588235294117647,20,2,5,45,0.24,7.9900403014275865,0.009803921568627472
groot_l10_500,r6p3v2_groot_l10_500_A_r2,r6p3v2_groot_l10_500_A_r2:eval:9:0,1,9,0,18,90,A,False,4393.799,4396.513,ok,,0.0784313725490196,0.017309772809231905,0.05882352941176472,20,2,5,45,0.3076923076923077,8.024511896891662,0.08721311475409838
groot_l10_500,r6p3v2_groot_l10_500_A_r2,r6p3v2_groot_l10_500_A_r2:eval:9:0,1,9,0,20,100,A,False,4526.723,4529.378,ok,,0.11267605633802816,0.042328042328042326,0.05882352941176472,20,2,5,45,0.32,7.695157363144261,0.04156862745098039
groot_l10_500,r6p3v2_groot_l10_500_A_r2,r6p3v2_groot_l10_500_A_r2:eval:9:0,1,9,0,22,110,A,False,4465.678,4468.167,ok,,0.07692307692307693,0.03996983408748117,0.05882352941176472,20,2,5,45,0.39215686274509803,7.5306217108092035,0.03833333333333333
groot_l10_500,r6p3v2_groot_l10_500_A_r2,r6p3v2_groot_l10_500_A_r2:eval:9:0,1,9,0,24,120,A,False,4532.66,4535.333,ok,,0.08333333333333331,0.056338028169014065,0.05882352941176466,20,2,5,45,0.41509433962264153,7.278431141846975,0.011484823625922902
groot_l10_500,r6p3v2_groot_l10_500_A_r2,r6p3v2_groot_l10_500_A_r2:eval:9:0,1,9,0,26,130,A,False,4510.631,4520.382,ok,,0.08000000000000007,0.030595813204508826,0.05882352941176472,20,2,5,45,0.41509433962264153,7.292111160863194,0.06775300171526588
groot_l10_500,r6p3v2_groot_l10_500_A_r2,r6p3v2_groot_l10_500_A_r2:eval:9:0,1,9,0,28,140,A,True,4355.703,4358.463,ok,,0.07999999999999996,0.056338028169014065,0.05882352941176466,20,2,5,45,0.49056603773584906,7.13708199914431,0.011484823625922902
groot_l10_500,r6p3v2_groot_l10_500_A_r2,r6p3v2_groot_l10_500_A_r2:eval:9:0,1,9,0,30,150,A,False,4545.225,4547.93,ok,,0.07999999999999996,0.056338028169014065,0.05882352941176472,20,2,5,45,0.5306122448979592,6.973633379877371,0.011484823625922846
groot_l10_500,r6p3v2_groot_l10_500_A_r2,r6p3v2_groot_l10_500_A_r2:eval:9:0,1,9,0,32,160,A,False,4249.553,4252.241,ok,,0.08163265306122447,0.03059581320450888,0.05882352941176472,20,2,5,45,0.5714285714285714,7.047390655676847,0.052003410059676125
groot_l10_500,r6p3v2_groot_l10_500_A_r2,r6p3v2_groot_l10_500_A_r2:eval:9:0,1,9,0,34,170,A,True,4449.217,4452.097,ok,,0.07999999999999996,0.05633802816901412,0.05882352941176472,20,2,5,45,0.6274509803921569,7.321537732303064,0.008525149190110826
groot_l10_500,r6p3v2_groot_l10_500_A_r2,r6p3v2_groot_l10_500_A_r2:eval:9:0,1,9,0,36,180,A,False,4385.138,4387.595,ok,,0.07843137254901966,0.034545454545454435,0.05882352941176461,20,2,5,45,0.6666666666666666,7.454401796962148,0.03996598639455784
groot_l10_500,r6p3v2_groot_l10_500_A_r2,r6p3v2_groot_l10_500_A_r2:eval:9:0,1,9,0,38,190,A,False,4544.937,4553.394,ok,,0.07843137254901955,0.05633802816901412,0.05882352941176472,20,2,5,45,0.7058823529411765,7.484023838859095,0.01605888256942123
groot_l10_500,r6p3v2_groot_l10_500_A_r2,r6p3v2_groot_l10_500_A_r2:eval:9:0,1,9,0,40,200,A,False,4575.084,4577.777,ok,,0.07843137254901955,0.03142857142857136,0.05882352941176472,20,2,5,45,0.7450980392156863,8.21019359169802,0.01605888256942123
groot_l10_500,r6p3v2_groot_l10_500_A_r2,r6p3v2_groot_l10_500_A_r2:eval:9:0,1,9,0,42,210,A,False,4343.795,4346.418,ok,,0.07999999999999996,0.03918722786647311,0.05882352941176472,20,2,5,45,0.7843137254901961,7.985473108802853,0.004901960784313708
groot_l10_500,r6p3v2_groot_l10_500_A_r2,r6p3v2_groot_l10_500_A_r2:eval:9:0,1,9,0,44,220,A,False,5166.414,4592.127,ok,,0.08163265306122447,0.05633802816901412,0.05882352941176472,20,2,5,45,0.8333333333333334,7.3580038827350975,0.004901960784313597
groot_l10_500,r6p3v2_groot_l10_500_A_r2,r6p3v2_groot_l10_500_A_r2:eval:9:0,1,9,0,46,230,A,False,4415.426,4418.094,ok,,0.08163265306122458,0.018796992481202923,0.05882352941176472,20,2,5,45,0.8627450980392157,7.250549496835578,0.04656862745098045
groot_l10_500,r6p3v2_groot_l10_500_A_r2,r6p3v2_groot_l10_500_A_r2:eval:9:0,1,9,0,48,240,A,False,4560.934,4563.808,ok,,0.07999999999999996,0.03199343724364245,0.05882352941176472,20,2,5,45,0.92,7.663972437623451,0.039215686274509776
groot_l10_500,r6p3v2_groot_l10_500_A_r2,r6p3v2_groot_l10_500_A_r2:eval:9:1,1,9,1,0,0,A,False,45.013,48.067,inactive,warming_up,,,,0,2,5,45,,,
groot_l10_500,r6p3v2_groot_l10_500_A_r2,r6p3v2_groot_l10_500_A_r2:eval:9:1,1,9,1,2,10,A,True,31.429,33.175,inactive,warming_up,,,,0,2,5,45,,,
groot_l10_500,r6p3v2_groot_l10_500_A_r2,r6p3v2_groot_l10_500_A_r2:eval:9:1,1,9,1,4,20,A,False,4663.075,4665.987,slow_confirmed,,0.04081632653061224,0.017759562841530074,0.0588235294117647,20,2,5,45,0.0,8.772062463191448,0.04332449160035367
groot_l10_500,r6p3v2_groot_l10_500_A_r2,r6p3v2_groot_l10_500_A_r2:eval:9:1,1,9,1,6,30,A,False,4349.855,4352.624,ok,,0.10169491525423728,0.020146520146520144,0.058823529411764705,20,2,5,45,0.0,7.692916092799307,0.03773584905660378
groot_l10_500,r6p3v2_groot_l10_500_A_r2,r6p3v2_groot_l10_500_A_r2:eval:9:1,1,9,1,8,40,A,False,4325.122,4327.765,ok,,0.07692307692307693,0.022840119165839112,0.058823529411764705,20,2,5,45,0.04081632653061224,8.078455462039704,0.044242029928432014
groot_l10_500,r6p3v2_groot_l10_500_A_r2,r6p3v2_groot_l10_500_A_r2:eval:9:1,1,9,1,10,50,A,True,4564.444,4567.127,ok,,0.07692307692307693,0.01683501683501684,0.0588235294117647,20,2,5,45,0.1016949152542373,8.282212761226562,0.01915991156963892
groot_l10_500,r6p3v2_groot_l10_500_A_r2,r6p3v2_groot_l10_500_A_r2:eval:9:1,1,9,1,12,60,A,False,4393.691,4396.284,ok,,0.0816326530612245,0.011484823625922888,0.0588235294117647,20,2,5,45,0.13043478260869565,8.32274537212787,0.017991004497751123
groot_l10_500,r6p3v2_groot_l10_500_A_r2,r6p3v2_groot_l10_500_A_r2:eval:9:1,1,9,1,14,70,A,False,4332.803,4335.368,ok,,0.0769230769230769,0.011032308904649346,0.05882352941176472,20,2,5,45,0.1724137931034483,8.21173103090795,0.05869405722670579
groot_l10_500,r6p3v2_groot_l10_500_A_r2,r6p3v2_groot_l10_500_A_r2:eval:9:1,1,9,1,16,80,A,False,4521.374,4524.389,ok,,0.08163265306122447,0.04255319148936171,0.05882352941176472,20,2,5,45,0.2222222222222222,7.75411682481928,0.11621966794380587
groot_l10_500,r6p3v2_groot_l10_500_A_r2,r6p3v2_groot_l10_500_A_r2:eval:9:1,1,9,1,18,90,A,False,4391.174,4406.814,ok,,0.07407407407407407,0.04255319148936171,0.05882352941176472,20,2,5,45,0.2692307692307692,7.7903977455531,0.11680911680911682
groot_l10_500,r6p3v2_groot_l10_500_A_r2,r6p3v2_groot_l10_500_A_r2:eval:9:1,1,9,1,20,100,A,False,4707.409,4710.37,ok,,0.07407407407407407,0.04255319148936171,0.05882352941176472,20,2,5,45,0.3333333333333333,7.655102704233777,0.2190383681398737
groot_l10_500,r6p3v2_groot_l10_500_A_r2,r6p3v2_groot_l10_500_A_r2:eval:9:1,1,9,1,22,110,A,False,4224.401,4227.186,ok,,0.07407407407407407,0.021786492374727684,0.05882352941176472,20,2,5,45,0.4166666666666667,7.844949173406545,0.12901408450704221
groot_l10_500,r6p3v2_groot_l10_500_A_r2,r6p3v2_groot_l10_500_A_r2:eval:9:1,1,9,1,24,120,A,True,4349.127,4352.092,ok,,0.08333333333333331,0.03003337041156845,0.05882352941176472,20,2,5,45,0.4074074074074074,7.873046589242045,0.04553734061930788
groot_l10_500,r6p3v2_groot_l10_500_A_r2,r6p3v2_groot_l10_500_A_r2:eval:9:1,1,9,1,26,130,A,False,4418.724,4421.383,ok,,0.08000000000000007,0.03907946157186282,0.05882352941176472,20,2,5,45,0.4583333333333333,7.386286393688806,0.021382751247327136
groot_l10_500,r6p3v2_groot_l10_500_A_r2,r6p3v2_groot_l10_500_A_r2:eval:9:1,1,9,1,28,140,A,False,4429.898,4432.928,ok,,0.07692307692307687,0.034545454545454435,0.05882352941176472,20,2,5,45,0.4782608695652174,7.492690482061827,0.04347826086956519
groot_l10_500,r6p3v2_groot_l10_500_A_r2,r6p3v2_groot_l10_500_A_r2:eval:9:1,1,9,1,30,150,A,False,4475.406,4478.292,ok,,0.08163265306122447,0.056338028169014065,0.05882352941176472,20,2,5,45,0.5217391304347826,7.098630079346833,0.021382751247327192
groot_l10_500,r6p3v2_groot_l10_500_A_r2,r6p3v2_groot_l10_500_A_r2:eval:9:1,1,9,1,32,160,A,False,4265.958,4268.342,ok,,0.07547169811320753,0.042328042328042326,0.05882352941176472,20,2,5,45,0.5555555555555556,7.273330123835476,0.04150197628458496
groot_l10_500,r6p3v2_groot_l10_500_A_r2,r6p3v2_groot_l10_500_A_r2:eval:9:1,1,9,1,34,170,A,True,4295.81,4298.372,ok,,0.08695652173913049,0.05263157894736842,0.05882352941176472,20,2,5,45,0.5925925925925926,6.866323931304724,0.039133473095737226
groot_l10_500,r6p3v2_groot_l10_500_A_r2,r6p3v2_groot_l10_500_A_r2:eval:9:1,1,9,1,36,180,A,False,4486.733,4489.359,ok,,0.07692307692307687,0.05633802816901412,0.05882352941176472,20,2,5,45,0.6415094339622641,7.593068731018161,0.01683501683501676
groot_l10_500,r6p3v2_groot_l10_500_A_r2,r6p3v2_groot_l10_500_A_r2:eval:9:1,1,9,1,38,190,A,True,4564.216,4566.753,ok,,0.07692307692307698,0.01730977280923185,0.05882352941176472,20,2,5,45,0.6923076923076923,8.357470978404434,0.021382751247327025
groot_l10_500,r6p3v2_groot_l10_500_A_r2,r6p3v2_groot_l10_500_A_r2:eval:9:1,1,9,1,40,200,A,False,4454.934,4457.652,ok,,0.06557377049180324,0.015527950310558869,0.05882352941176472,20,2,5,45,0.7307692307692307,8.561622477008159,0.03770739064856721
groot_l10_500,r6p3v2_groot_l10_500_A_r2,r6p3v2_groot_l10_500_A_r2:eval:9:1,1,9,1,42,210,A,False,4516.806,4519.392,ok,,0.0714285714285714,0.008525149190110937,0.05882352941176472,20,2,5,45,0.7547169811320755,8.847662332674203,0.020585048754062862
groot_l10_500,r6p3v2_groot_l10_500_A_r2,r6p3v2_groot_l10_500_A_r2:eval:9:1,1,9,1,44,220,A,True,4530.32,4532.936,ok,,0.06557377049180335,0.012882447665056418,0.05882352941176472,20,2,5,45,0.7924528301886793,8.268563048901143,0.01913366994419341
groot_l10_500,r6p3v2_groot_l10_500_A_r2,r6p3v2_groot_l10_500_A_r2:eval:9:1,1,9,1,46,230,A,False,4322.542,4325.195,ok,,0.07142857142857151,0.012882447665056418,0.05882352941176472,20,2,5,45,0.8214285714285714,8.197645408081913,0.01913366994419341
groot_l10_500,r6p3v2_groot_l10_500_A_r2,r6p3v2_groot_l10_500_A_r2:eval:9:1,1,9,1,48,240,A,False,4326.03,4328.521,ok,,0.07142857142857151,0.02955082742316787,0.05882352941176472,20,2,5,45,0.8571428571428571,8.601843936350276,0.09469696969696972
groot_l10_500,r6p3v2_groot_l10_500_A_r2,r6p3v2_groot_l10_500_A_r2:eval:9:1,1,9,1,50,250,A,False,4464.671,4467.365,ok,,0.07407407407407407,0.02955082742316787,0.05882352941176472,20,2,5,45,0.8888888888888888,8.338787281858577,0.061309030654515206
groot_l10_500,r6p3v2_groot_l10_500_B_r0,r6p3v2_groot_l10_500_B_r0:eval:0:0,1,0,0,0,0,B,False,37.916,40.633,inactive,warming_up,,,,0,2,5,43,,,
groot_l10_500,r6p3v2_groot_l10_500_B_r0,r6p3v2_groot_l10_500_B_r0:eval:0:0,1,0,0,2,10,B,False,26.213,27.824,inactive,warming_up,,,,0,2,5,43,,,
groot_l10_500,r6p3v2_groot_l10_500_B_r0,r6p3v2_groot_l10_500_B_r0:eval:0:0,1,0,0,4,20,B,False,4452.504,4455.004,ok,,0.07407407407407407,0.019916142557652006,0.0625,20,2,5,43,0.0,9.203914227955808,0.03140096618357487
groot_l10_500,r6p3v2_groot_l10_500_B_r0,r6p3v2_groot_l10_500_B_r0:eval:0:0,1,0,0,6,30,B,False,4330.773,4333.603,ok,,0.07547169811320754,0.01340996168582375,0.0625,20,2,5,43,0.038461538461538464,7.627441245240697,0.03508771929824561
groot_l10_500,r6p3v2_groot_l10_500_B_r0,r6p3v2_groot_l10_500_B_r0:eval:0:0,1,0,0,8,40,B,True,4499.576,4502.56,slow_ambiguous,,0.04000000000000001,0.023569023569023573,0.0625,20,2,5,43,0.11538461538461539,7.671235173405875,0.03313840155945419
groot_l10_500,r6p3v2_groot_l10_500_B_r0,r6p3v2_groot_l10_500_B_r0:eval:0:0,1,0,0,10,50,B,False,4246.595,4249.605,ok,,0.0784313725490196,0.023569023569023573,0.0625,20,2,5,43,0.12,7.661237890592467,0.013157894736842118
groot_l10_500,r6p3v2_groot_l10_500_B_r0,r6p3v2_groot_l10_500_B_r0:eval:0:0,1,0,0,12,60,B,False,4301.683,4304.401,ok,,0.07547169811320756,0.01340996168582375,0.0625,20,2,5,43,0.1509433962264151,7.997761979708135,0.09339774557165864
groot_l10_500,r6p3v2_groot_l10_500_B_r0,r6p3v2_groot_l10_500_B_r0:eval:0:0,1,0,0,14,70,B,False,4128.291,4131.2,slow_confirmed,,0.0392156862745098,0.012882447665056362,0.0625,20,2,5,43,0.19230769230769232,8.058853708978466,0.05186880244088485
groot_l10_500,r6p3v2_groot_l10_500_B_r0,r6p3v2_groot_l10_500_B_r0:eval:0:0,1,0,0,16,80,B,False,4232.072,4234.711,slow_confirmed,,0.03921568627450983,0.006747638326585703,0.0625,20,2,5,43,0.23076923076923078,8.363621241397864,0.0682261208576998
groot_l10_500,r6p3v2_groot_l10_500_B_r0,r6p3v2_groot_l10_500_B_r0:eval:0:0,1,0,0,18,90,B,False,4425.621,4428.297,ok,,0.07017543859649122,0.01991614255765197,0.0625,20,2,5,43,0.23076923076923078,8.851261662100029,0.03815439219165928
groot_l10_500,r6p3v2_groot_l10_500_B_r0,r6p3v2_groot_l10_500_B_r0:eval:0:0,1,0,0,20,100,B,False,4256.442,4259.062,ok,,0.08163265306122447,0.020606060606060572,0.0625,20,2,5,43,0.24489795918367346,8.823977780595756,0.13882532418001528
groot_l10_500,r6p3v2_groot_l10_500_B_r0,r6p3v2_groot_l10_500_B_r0:eval:0:0,1,0,0,22,110,B,False,4232.682,4235.336,ok,,0.07547169811320759,0.007861635220125729,0.0625,20,2,5,43,0.3333333333333333,8.827232686189179,0.016781083142639208
groot_l10_500,r6p3v2_groot_l10_500_B_r0,r6p3v2_groot_l10_500_B_r0:eval:0:0,1,0,0,24,120,B,True,4318.084,4320.495,ok,,0.08000000000000002,0.0061609549480169945,0.0625,20,2,5,43,0.36,8.820881298579812,0.012882447665056362
groot_l10_500,r6p3v2_groot_l10_500_B_r0,r6p3v2_groot_l10_500_B_r0:eval:0:0,1,0,0,26,130,B,False,4244.262,4246.91,ok,,0.08163265306122447,0.0327088908712459,0.0625,20,2,5,43,0.4,8.633686521160527,0.04303210857332007
groot_l10_500,r6p3v2_groot_l10_500_B_r0,r6p3v2_groot_l10_500_B_r0:eval:0:0,1,0,0,28,140,B,True,4403.629,4406.308,ok,,0.08000000000000002,0.036256011838697644,0.0625,20,2,5,43,0.43478260869565216,8.463742484068655,0.07017543859649122
groot_l10_500,r6p3v2_groot_l10_500_B_r0,r6p3v2_groot_l10_500_B_r0:eval:0:0,1,0,0,30,150,B,True,4152.899,4155.419,slow_confirmed,,0.03921568627450989,0.019916142557652006,0.0625,20,2,5,43,0.4583333333333333,8.555315910244287,0.041666666666666685
groot_l10_500,r6p3v2_groot_l10_500_B_r0,r6p3v2_groot_l10_500_B_r0:eval:0:0,1,0,0,32,160,B,False,4361.959,4364.728,slow_confirmed,,0.0,0.037010159651669094,0.0625,20,2,5,43,0.5,8.88096996969702,0.08333333333333337
groot_l10_500,r6p3v2_groot_l10_500_B_r0,r6p3v2_groot_l10_500_B_r0:eval:0:0,1,0,0,34,170,B,False,4319.883,4322.688,slow_ambiguous,,0.04081632653061229,0.037010159651669094,0.0625,20,2,5,43,0.5098039215686274,8.674789907163559,0.10169491525423724
groot_l10_500,r6p3v2_groot_l10_500_B_r0,r6p3v2_groot_l10_500_B_r0:eval:0:0,1,0,0,36,180,B,False,4259.014,4261.819,slow_ambiguous,,0.055555555555555525,0.037010159651669094,0.0625,20,2,5,43,0.5263157894736842,8.805763166754415,0.10035087719298252
groot_l10_500,r6p3v2_groot_l10_500_B_r0,r6p3v2_groot_l10_500_B_r0:eval:0:0,1,0,0,38,190,B,False,4446.553,4449.404,ok,,0.07999999999999996,0.00925925925925919,0.0625,20,2,5,43,0.5652173913043478,8.335669723884253,0.016781083142639264
groot_l10_500,r6p3v2_groot_l10_500_B_r0,r6p3v2_groot_l10_500_B_r0:eval:0:0,1,0,0,40,200,B,False,4292.322,4294.987,ok,,0.08333333333333337,0.03313840155945419,0.0625,20,2,5,43,0.6,8.244224120215069,0.04982456140350877
groot_l10_500,r6p3v2_groot_l10_500_B_r0,r6p3v2_groot_l10_500_B_r0:eval:0:0,1,0,0,42,210,B,False,4331.341,4334.146,ok,,0.07843137254901966,0.00925925925925919,0.0625,20,2,5,43,0.6666666666666666,8.3909325217116,0.016781083142639153
groot_l10_500,r6p3v2_groot_l10_500_B_r0,r6p3v2_groot_l10_500_B_r0:eval:0:0,1,0,0,44,220,B,False,4242.93,4246.05,ok,,0.06779661016949157,0.037010159651669094,0.0625,20,2,5,43,0.72,8.005515721943576,0.10331384015594536
groot_l10_500,r6p3v2_groot_l10_500_B_r0,r6p3v2_groot_l10_500_B_r0:eval:0:0,1,0,0,46,230,B,True,4309.527,4314.574,slow_confirmed,,0.0,0.018060200668896242,0.0625,20,2,5,43,0.7777777777777778,8.334500604488717,0.10526315789473684
groot_l10_500,r6p3v2_groot_l10_500_B_r0,r6p3v2_groot_l10_500_B_r0:eval:0:0,1,0,0,48,240,B,False,4350.523,4353.203,ok,,0.06779661016949146,0.011646866992778948,0.0625,20,2,5,43,0.8070175438596491,8.465555839933245,0.08736126029359104
groot_l10_500,r6p3v2_groot_l10_500_B_r0,r6p3v2_groot_l10_500_B_r0:eval:0:0,1,0,0,50,250,B,False,4303.457,4306.339,ok,,0.08000000000000007,0.013157894736842146,0.0625,20,2,5,43,0.8301886792452831,8.640092591938531,0.04303210857332007
groot_l10_500,r6p3v2_groot_l10_500_B_r0,r6p3v2_groot_l10_500_B_r0:eval:0:0,1,0,0,52,260,B,False,4368.145,4370.944,ok,,0.07999999999999996,0.017819706498951815,0.0625,20,2,5,43,0.8771929824561403,8.397443598465754,0.03746654772524527
groot_l10_500,r6p3v2_groot_l10_500_B_r0,r6p3v2_groot_l10_500_B_r0:eval:0:0,1,0,0,54,270,B,False,4182.035,4184.901,slow_ambiguous,,0.039999999999999925,0.024291497975708398,0.0625,20,2,5,43,0.9166666666666666,8.2234132465249,0.04943502824858759
groot_l10_500,r6p3v2_groot_l10_500_B_r0,r6p3v2_groot_l10_500_B_r0:eval:0:0,1,0,0,56,280,B,False,4357.538,4360.124,slow_ambiguous,,0.037735849056603765,0.03059581320450888,0.0625,20,2,5,43,0.9583333333333334,7.891895833365491,0.04166666666666663
groot_l10_500,r6p3v2_groot_l10_500_B_r0,r6p3v2_groot_l10_500_B_r0:eval:0:1,1,0,1,0,0,B,False,45.828,48.998,inactive,warming_up,,,,0,2,5,43,,,
groot_l10_500,r6p3v2_groot_l10_500_B_r0,r6p3v2_groot_l10_500_B_r0:eval:0:1,1,0,1,2,10,B,False,31.836,33.717,inactive,warming_up,,,,0,2,5,43,,,
groot_l10_500,r6p3v2_groot_l10_500_B_r0,r6p3v2_groot_l10_500_B_r0:eval:0:1,1,0,1,4,20,B,False,4459.22,4461.844,ok,,0.0784313725490196,0.006747638326585703,0.0625,20,2,5,43,0.0,8.903469690018843,0.0776470588235294
groot_l10_500,r6p3v2_groot_l10_500_B_r0,r6p3v2_groot_l10_500_B_r0:eval:0:1,1,0,1,6,30,B,True,4341.216,4350.193,ok,,0.0784313725490196,0.009634684865515844,0.0625,20,2,5,43,0.04,6.9380751172747095,0.009824561403508764
groot_l10_500,r6p3v2_groot_l10_500_B_r0,r6p3v2_groot_l10_500_B_r0:eval:0:1,1,0,1,8,40,B,False,4245.999,4248.605,ok,,0.07692307692307693,0.009634684865515844,0.0625,20,2,5,43,0.0784313725490196,7.185936361383426,0.009824561403508777
groot_l10_500,r6p3v2_groot_l10_500_B_r0,r6p3v2_groot_l10_500_B_r0:eval:0:1,1,0,1,10,50,B,False,4280.341,4291.64,ok,,0.07692307692307693,0.012882447665056362,0.0625,20,2,5,43,0.12,7.444067319834466,0.04331450094161958
groot_l10_500,r6p3v2_groot_l10_500_B_r0,r6p3v2_groot_l10_500_B_r0:eval:0:1,1,0,1,12,60,B,True,4327.045,4329.78,ok,,0.07407407407407407,0.028580923894981708,0.0625,20,2,5,43,0.16,7.651892801405825,0.5476694915254238
groot_l10_500,r6p3v2_groot_l10_500_B_r0,r6p3v2_groot_l10_500_B_r0:eval:0:1,1,0,1,14,70,B,True,4234.89,4237.546,slow_ambiguous,,0.03921568627450983,0.03243958953988746,0.0625,20,2,5,43,0.2,8.104237058151076,0.03898635477582846
groot_l10_500,r6p3v2_groot_l10_500_B_r0,r6p3v2_groot_l10_500_B_r0:eval:0:1,1,0,1,16,80,B,False,4366.731,4369.574,ok,,0.0784313725490196,0.019916142557652006,0.0625,20,2,5,43,0.2222222222222222,8.59975874223571,0.03508771929824561
groot_l10_500,r6p3v2_groot_l10_500_B_r0,r6p3v2_groot_l10_500_B_r0:eval:0:1,1,0,1,18,90,B,False,4221.703,4224.541,ok,,0.10526315789473684,0.016140865737344107,0.0625,20,2,5,43,0.25925925925925924,8.88125099991471,0.031189083820662766
groot_l10_500,r6p3v2_groot_l10_500_B_r0,r6p3v2_groot_l10_500_B_r0:eval:0:1,1,0,1,20,100,B,False,4301.963,4304.952,ok,,0.0784313725490196,0.012203389830508504,0.0625,20,2,5,43,0.3018867924528302,8.784010284188886,0.1441102756892231
groot_l10_500,r6p3v2_groot_l10_500_B_r0,r6p3v2_groot_l10_500_B_r0:eval:0:1,1,0,1,22,110,B,False,4321.373,4323.87,ok,,0.07547169811320753,0.011032308904649346,0.0625,20,2,5,43,0.35294117647058826,8.723228251335007,0.008255933952528383
groot_l10_500,r6p3v2_groot_l10_500_B_r0,r6p3v2_groot_l10_500_B_r0:eval:0:1,1,0,1,24,120,B,False,4344.224,4346.711,ok,,0.07547169811320753,0.011484823625922902,0.0625,20,2,5,43,0.37735849056603776,8.978529813758819,0.009259259259259245
groot_l10_500,r6p3v2_groot_l10_500_B_r0,r6p3v2_groot_l10_500_B_r0:eval:0:1,1,0,1,26,130,B,False,4411.239,4414.043,ok,,0.08000000000000002,0.03485838779956424,0.0625,20,2,5,43,0.43137254901960786,9.013776301528596,0.03563941299790359
groot_l10_500,r6p3v2_groot_l10_500_B_r0,r6p3v2_groot_l10_500_B_r0:eval:0:1,1,0,1,28,140,B,False,4419.574,4422.748,ok,,0.07692307692307687,0.011032308904649346,0.0625,20,2,5,43,0.48,8.631923246460191,0.005925925925926001
groot_l10_500,r6p3v2_groot_l10_500_B_r0,r6p3v2_groot_l10_500_B_r0:eval:0:1,1,0,1,30,150,B,True,4485.713,4488.544,ok,,0.07547169811320753,0.03692307692307695,0.0625,20,2,5,43,0.52,7.63693264301936,0.030617283950617247
groot_l10_500,r6p3v2_groot_l10_500_B_r0,r6p3v2_groot_l10_500_B_r0:eval:0:1,1,0,1,32,160,B,False,4324.323,4327.129,ok,,0.07692307692307698,0.020606060606060628,0.0625,20,2,5,43,0.56,7.417268859433977,0.00592592592592589
groot_l10_500,r6p3v2_groot_l10_500_B_r0,r6p3v2_groot_l10_500_B_r0:eval:0:1,1,0,1,34,170,B,False,4283.365,4286.0,ok,,0.07692307692307698,0.03508771929824561,0.0625,20,2,5,43,0.6,7.43494931461692,0.005925925925926001
groot_l10_500,r6p3v2_groot_l10_500_B_r0,r6p3v2_groot_l10_500_B_r0:eval:0:1,1,0,1,36,180,B,False,4397.023,4399.591,ok,,0.07999999999999996,0.036256011838697866,0.0625,20,2,5,43,0.64,7.877963641851481,0.04131054131054124
groot_l10_500,r6p3v2_groot_l10_500_B_r0,r6p3v2_groot_l10_500_B_r0:eval:0:1,1,0,1,38,190,B,False,4312.948,4315.499,ok,,0.07999999999999996,0.03547169811320772,0.0625,20,2,5,43,0.6792452830188679,8.145231140403704,0.04131054131054135
groot_l10_500,r6p3v2_groot_l10_500_B_r0,r6p3v2_groot_l10_500_B_r0:eval:0:1,1,0,1,40,200,B,False,4374.14,4376.69,ok,,0.07547169811320764,0.020606060606060628,0.0625,20,2,5,43,0.7307692307692307,8.628292921537927,0.04296296296296298
groot_l10_500,r6p3v2_groot_l10_500_B_r0,r6p3v2_groot_l10_500_B_r0:eval:0:1,1,0,1,42,210,B,True,4244.095,4246.604,slow_ambiguous,,0.06060606060606066,0.023284313725490224,0.0625,20,2,5,43,0.7777777777777778,8.492536034400848,0.07999999999999996
groot_l10_500,r6p3v2_groot_l10_500_B_r0,r6p3v2_groot_l10_500_B_r0:eval:0:1,1,0,1,44,220,B,False,4352.981,4355.452,ok,,0.07547169811320753,0.012345679012345734,0.0625,20,2,5,43,0.7924528301886793,8.68478301816082,0.019393939393939408
groot_l10_500,r6p3v2_groot_l10_500_B_r0,r6p3v2_groot_l10_500_B_r0:eval:0:1,1,0,1,46,230,B,False,4349.527,4352.105,ok,,0.08333333333333326,0.011646866992778948,0.0625,20,2,5,43,0.8301886792452831,8.605235747842748,0.08906613492854765
groot_l10_500,r6p3v2_groot_l10_500_B_r0,r6p3v2_groot_l10_500_B_r0:eval:0:1,1,0,1,48,240,B,False,4251.037,4253.689,ok,,0.07547169811320753,0.011484823625922846,0.0625,20,2,5,43,0.8627450980392157,8.570221331831078,0.010634762379527984
groot_l10_500,r6p3v2_groot_l10_500_B_r0,r6p3v2_groot_l10_500_B_r0:eval:0:1,1,0,1,50,250,B,False,4365.423,4368.376,ok,,0.07547169811320753,0.011484823625922846,0.0625,20,2,5,43,0.9056603773584906,8.302476925495922,0.015536723163841804
groot_l10_500,r6p3v2_groot_l10_500_B_r0,r6p3v2_groot_l10_500_B_r0:eval:1:0,3,1,0,0,0,B,False,46.642,49.801,inactive,warming_up,,,,0,2,5,48,,,
groot_l10_500,r6p3v2_groot_l10_500_B_r0,r6p3v2_groot_l10_500_B_r0:eval:1:0,3,1,0,2,10,B,False,30.757,32.624,inactive,warming_up,,,,0,2,5,48,,,
groot_l10_500,r6p3v2_groot_l10_500_B_r0,r6p3v2_groot_l10_500_B_r0:eval:1:0,3,1,0,4,20,B,False,4717.971,4720.924,ok,,0.08888888888888889,0.00888888888888889,0.07547169811320753,20,2,5,48,0.0,8.768362349681388,0.04166666666666667
groot_l10_500,r6p3v2_groot_l10_500_B_r0,r6p3v2_groot_l10_500_B_r0:eval:1:0,3,1,0,6,30,B,False,4446.319,4449.129,ok,,0.08695652173913043,0.005555555555555564,0.07547169811320754,20,2,5,48,0.043478260869565216,8.005215437435288,0.007575757575757555
groot_l10_500,r6p3v2_groot_l10_500_B_r0,r6p3v2_groot_l10_500_B_r0:eval:1:0,3,1,0,8,40,B,False,4354.443,4356.942,ok,,0.08333333333333333,0.005555555555555564,0.07547169811320756,20,2,5,48,0.08333333333333333,7.861961939279361,0.01683501683501684
groot_l10_500,r6p3v2_groot_l10_500_B_r0,r6p3v2_groot_l10_500_B_r0:eval:1:0,3,1,0,10,50,B,False,4653.393,4656.083,ok,,0.08695652173913043,0.005555555555555564,0.07547169811320754,20,2,5,48,0.13043478260869565,7.737602223055224,0.007575757575757569
groot_l10_500,r6p3v2_groot_l10_500_B_r0,r6p3v2_groot_l10_500_B_r0:eval:1:0,3,1,0,12,60,B,False,4408.022,4410.643,ok,,0.08510638297872339,0.005555555555555564,0.07547169811320756,20,2,5,48,0.17391304347826086,7.7534007104688385,0.012882447665056362
groot_l10_500,r6p3v2_groot_l10_500_B_r0,r6p3v2_groot_l10_500_B_r0:eval:1:0,3,1,0,14,70,B,False,4425.02,4427.739,ok,,0.08000000000000002,0.005555555555555564,0.07547169811320753,20,2,5,48,0.20833333333333334,7.591514157478817,0.01288244766505639
groot_l10_500,r6p3v2_groot_l10_500_B_r0,r6p3v2_groot_l10_500_B_r0:eval:1:0,3,1,0,16,80,B,False,4625.859,4628.541,ok,,0.08333333333333331,0.006160954948016939,0.07547169811320759,20,2,5,48,0.2608695652173913,8.001700906518874,0.012882447665056362
groot_l10_500,r6p3v2_groot_l10_500_B_r0,r6p3v2_groot_l10_500_B_r0:eval:1:0,3,1,0,18,90,B,True,4487.574,4490.256,ok,,0.08695652173913043,0.005555555555555591,0.07547169811320759,20,2,5,48,0.3111111111111111,8.551594586041919,0.014814814814814836
groot_l10_500,r6p3v2_groot_l10_500_B_r0,r6p3v2_groot_l10_500_B_r0:eval:1:0,3,1,0,20,100,B,False,4523.592,4526.046,ok,,0.08333333333333331,0.006066734074823055,0.07547169811320759,20,2,5,48,0.35555555555555557,8.474976394281084,0.01481481481481478
groot_l10_500,r6p3v2_groot_l10_500_B_r0,r6p3v2_groot_l10_500_B_r0:eval:1:0,3,1,0,22,110,B,True,4473.117,4475.963,ok,,0.08333333333333331,0.007256235827664437,0.07547169811320759,20,2,5,48,0.4,8.037829928895691,0.01481481481481478
groot_l10_500,r6p3v2_groot_l10_500_B_r0,r6p3v2_groot_l10_500_B_r0:eval:1:0,3,1,0,24,120,B,False,4536.548,4539.18,ok,,0.08333333333333331,0.04044489383215366,0.07547169811320753,20,2,5,48,0.4444444444444444,7.307603222183668,0.014814814814814836
groot_l10_500,r6p3v2_groot_l10_500_B_r0,r6p3v2_groot_l10_500_B_r0:eval:1:0,3,1,0,26,130,B,False,4516.165,4518.82,ok,,0.08333333333333331,0.04162812210915823,0.07547169811320753,20,2,5,48,0.45454545454545453,7.248376487363429,0.06228956228956234
groot_l10_500,r6p3v2_groot_l10_500_B_r0,r6p3v2_groot_l10_500_B_r0:eval:1:0,3,1,0,28,140,B,False,4548.213,4550.861,ok,,0.08333333333333337,0.04044489383215366,0.07547169811320753,20,2,5,48,0.5,7.453309856073414,0.013417190775681376
groot_l10_500,r6p3v2_groot_l10_500_B_r0,r6p3v2_groot_l10_500_B_r0:eval:1:0,3,1,0,30,150,B,False,4488.89,4491.601,ok,,0.08333333333333326,0.03718820861678007,0.07547169811320753,20,2,5,48,0.5777777777777777,7.983265119595809,0.013417190775681376
groot_l10_500,r6p3v2_groot_l10_500_B_r0,r6p3v2_groot_l10_500_B_r0:eval:1:0,3,1,0,32,160,B,False,4488.362,4490.976,ok,,0.08695652173913038,0.005555555555555536,0.07547169811320753,20,2,5,48,0.6222222222222222,8.381526041641324,0.013417190775681376
groot_l10_500,r6p3v2_groot_l10_500_B_r0,r6p3v2_groot_l10_500_B_r0:eval:1:0,3,1,0,34,170,B,False,4724.291,4727.084,ok,,0.08333333333333337,0.034545454545454546,0.07547169811320764,20,2,5,48,0.64,8.185821428649753,0.5495283018867925
groot_l10_500,r6p3v2_groot_l10_500_B_r0,r6p3v2_groot_l10_500_B_r0:eval:1:0,3,1,0,36,180,B,True,4435.974,4438.795,ok,,0.0888888888888889,0.04444444444444445,0.07547169811320753,20,2,5,48,0.6956521739130435,7.740463875126071,0.04880212954747121
groot_l10_500,r6p3v2_groot_l10_500_B_r0,r6p3v2_groot_l10_500_B_r0:eval:1:0,3,1,0,38,190,B,False,4732.145,4734.784,ok,,0.08333333333333337,0.025487256371813927,0.07547169811320753,20,2,5,48,0.7659574468085106,8.161720320774082,0.0034737299174989467
groot_l10_500,r6p3v2_groot_l10_500_B_r0,r6p3v2_groot_l10_500_B_r0:eval:1:0,3,1,0,40,200,B,True,4680.359,4682.955,ok,,0.08333333333333326,0.005555555555555536,0.07547169811320753,20,2,5,48,0.7755102040816326,8.385319994264734,0.01090909090909098
groot_l10_500,r6p3v2_groot_l10_500_B_r0,r6p3v2_groot_l10_500_B_r0:eval:1:0,3,1,0,42,210,B,False,4326.034,4328.765,ok,,0.0888888888888889,0.02548725637181415,0.07547169811320753,20,2,5,48,0.8444444444444444,8.718157930666814,0.036666666666666625
groot_l10_500,r6p3v2_groot_l10_500_B_r0,r6p3v2_groot_l10_500_B_r0:eval:1:0,3,1,0,44,220,B,True,4633.488,4636.12,ok,,0.08000000000000007,0.03446712018140596,0.07547169811320764,20,2,5,48,0.9130434782608695,8.300714724856443,0.0815217391304347
groot_l10_500,r6p3v2_groot_l10_500_B_r0,r6p3v2_groot_l10_500_B_r0:eval:1:0,3,1,0,46,230,B,False,4804.229,4806.884,slow_ambiguous,,0.04347826086956519,0.044403330249768835,0.07547169811320753,20,2,5,48,0.9333333333333333,7.887188976883016,0.043333333333333446
groot_l10_500,r6p3v2_groot_l10_500_B_r0,r6p3v2_groot_l10_500_B_r0:eval:1:1,2,1,1,0,0,B,False,43.711,46.607,inactive,warming_up,,,,0,2,5,48,,,
groot_l10_500,r6p3v2_groot_l10_500_B_r0,r6p3v2_groot_l10_500_B_r0:eval:1:1,2,1,1,2,10,B,False,28.721,30.485,inactive,warming_up,,,,0,2,5,48,,,
groot_l10_500,r6p3v2_groot_l10_500_B_r0,r6p3v2_groot_l10_500_B_r0:eval:1:1,2,1,1,4,20,B,True,4795.13,4797.567,ok,,0.08,0.005323868677905949,0.07547169811320759,20,2,5,48,0.0,9.375400691157772,0.013417190775681348
groot_l10_500,r6p3v2_groot_l10_500_B_r0,r6p3v2_groot_l10_500_B_r0:eval:1:1,2,1,1,6,30,B,False,4566.42,4569.4,ok,,0.08163265306122448,0.006066734074823055,0.07547169811320754,20,2,5,48,0.041666666666666664,8.127814129868385,0.01341719077568132
groot_l10_500,r6p3v2_groot_l10_500_B_r0,r6p3v2_groot_l10_500_B_r0:eval:1:1,2,1,1,8,40,B,False,4658.837,4661.55,ok,,0.08,0.006066734074823055,0.07547169811320759,20,2,5,48,0.08,8.281002428713046,0.014814814814814822
groot_l10_500,r6p3v2_groot_l10_500_B_r0,r6p3v2_groot_l10_500_B_r0:eval:1:1,2,1,1,10,50,B,False,4505.103,4508.062,ok,,0.08000000000000002,0.005555555555555564,0.07547169811320754,20,2,5,48,0.12,8.103897728171518,0.009259259259259273
groot_l10_500,r6p3v2_groot_l10_500_B_r0,r6p3v2_groot_l10_500_B_r0:eval:1:1,2,1,1,12,60,B,False,4756.491,4752.177,ok,,0.07999999999999999,0.03555555555555556,0.07547169811320756,20,2,5,48,0.16,7.6087489120297285,0.07029478458049886
groot_l10_500,r6p3v2_groot_l10_500_B_r0,r6p3v2_groot_l10_500_B_r0:eval:1:1,2,1,1,14,70,B,False,4572.313,4574.88,slow_ambiguous,,0.07547169811320753,0.006066734074823055,0.07547169811320756,20,2,5,48,0.18518518518518517,7.888040462464333,0.016835016835016814
groot_l10_500,r6p3v2_groot_l10_500_B_r0,r6p3v2_groot_l10_500_B_r0:eval:1:1,2,1,1,16,80,B,False,4721.549,4724.237,ok,,0.08333333333333331,0.005555555555555536,0.07547169811320764,20,2,5,48,0.2222222222222222,8.478237395935102,0.055107526881720464
groot_l10_500,r6p3v2_groot_l10_500_B_r0,r6p3v2_groot_l10_500_B_r0:eval:1:1,2,1,1,18,90,B,True,4419.565,4422.459,ok,,0.08333333333333331,0.004134366925064595,0.07547169811320759,20,2,5,48,0.2727272727272727,8.912841905649449,0.01683501683501687
groot_l10_500,r6p3v2_groot_l10_500_B_r0,r6p3v2_groot_l10_500_B_r0:eval:1:1,2,1,1,20,100,B,False,4826.214,4829.073,ok,,0.08333333333333331,0.003952569169960507,0.07547169811320759,20,2,5,48,0.3333333333333333,9.292360442605167,0.011032308904649346
groot_l10_500,r6p3v2_groot_l10_500_B_r0,r6p3v2_groot_l10_500_B_r0:eval:1:1,2,1,1,22,110,B,False,4430.361,4433.289,ok,,0.08333333333333337,0.003952569169960507,0.07547169811320759,20,2,5,48,0.34782608695652173,8.718645800847495,0.011965811965811923
groot_l10_500,r6p3v2_groot_l10_500_B_r0,r6p3v2_groot_l10_500_B_r0:eval:1:1,2,1,1,24,120,B,False,4508.43,4511.11,ok,,0.08333333333333331,0.03996598639455784,0.07547169811320764,20,2,5,48,0.4,8.536488045356418,0.056410256410256376
groot_l10_500,r6p3v2_groot_l10_500_B_r0,r6p3v2_groot_l10_500_B_r0:eval:1:1,2,1,1,26,130,B,True,4651.872,4654.74,ok,,0.08000000000000002,0.04066193853427896,0.07547169811320764,20,2,5,48,0.44,8.364801159740464,0.050427350427350415
groot_l10_500,r6p3v2_groot_l10_500_B_r0,r6p3v2_groot_l10_500_B_r0:eval:1:1,2,1,1,28,140,B,False,4803.575,4806.419,ok,,0.08000000000000007,0.03996598639455784,0.07547169811320764,20,2,5,48,0.4897959183673469,8.370005240254107,0.08152173913043481
groot_l10_500,r6p3v2_groot_l10_500_B_r0,r6p3v2_groot_l10_500_B_r0:eval:1:1,2,1,1,30,150,B,False,4649.458,4652.201,ok,,0.0888888888888889,0.04078014184397161,0.07547169811320764,20,2,5,48,0.52,8.263115789157863,0.08666666666666667
groot_l10_500,r6p3v2_groot_l10_500_B_r0,r6p3v2_groot_l10_500_B_r0:eval:1:1,2,1,1,32,160,B,False,4822.103,4824.847,ok,,0.08333333333333337,0.043439716312056675,0.07547169811320753,20,2,5,48,0.5777777777777777,8.097325888193234,0.019923371647509625
groot_l10_500,r6p3v2_groot_l10_500_B_r0,r6p3v2_groot_l10_500_B_r0:eval:1:1,2,1,1,34,170,B,True,4668.537,4671.159,ok,,0.08163265306122458,0.007256235827664437,0.07547169811320753,20,2,5,48,0.6530612244897959,8.097099980703888,0.01992337164750968
groot_l10_500,r6p3v2_groot_l10_500_B_r0,r6p3v2_groot_l10_500_B_r0:eval:1:1,2,1,1,36,180,B,False,4627.611,4630.453,ok,,0.07692307692307687,0.03199343724364234,0.07547169811320764,20,2,5,48,0.6938775510204082,8.119384004315377,0.048072562358276616
groot_l10_500,r6p3v2_groot_l10_500_B_r0,r6p3v2_groot_l10_500_B_r0:eval:1:1,2,1,1,38,190,B,False,4713.298,4716.22,ok,,0.07999999999999996,0.04251207729468609,0.07547169811320764,20,2,5,48,0.75,8.092728930040805,0.0444444444444444
groot_l10_500,r6p3v2_groot_l10_500_B_r0,r6p3v2_groot_l10_500_B_r0:eval:1:1,2,1,1,40,200,B,False,4599.495,4602.264,ok,,0.08695652173913038,0.0053238686779059075,0.07547169811320753,20,2,5,48,0.782608695652174,8.289042533564123,0.008888888888888835
groot_l10_500,r6p3v2_groot_l10_500_B_r0,r6p3v2_groot_l10_500_B_r0:eval:1:1,2,1,1,42,210,B,False,4631.481,4634.579,ok,,0.08163265306122447,0.0053238686779059075,0.07547169811320753,20,2,5,48,0.8163265306122449,8.775570874707947,0.006956521739130417
groot_l10_500,r6p3v2_groot_l10_500_B_r0,r6p3v2_groot_l10_500_B_r0:eval:1:1,2,1,1,44,220,B,False,4573.404,4575.949,ok,,0.08695652173913049,0.033488372093023244,0.07547169811320753,20,2,5,48,0.8571428571428571,8.711407454504586,0.06893617021276588
groot_l10_500,r6p3v2_groot_l10_500_B_r0,r6p3v2_groot_l10_500_B_r0:eval:1:1,2,1,1,46,230,B,False,4575.185,4577.913,ok,,0.08695652173913049,0.034545454545454546,0.07547169811320753,20,2,5,48,0.9130434782608695,8.321416134437897,0.061170212765957466
groot_l10_500,r6p3v2_groot_l10_500_B_r0,r6p3v2_groot_l10_500_B_r0:eval:2:0,1,2,0,0,0,B,False,46.201,49.706,inactive,warming_up,,,,0,2,5,42,,,
groot_l10_500,r6p3v2_groot_l10_500_B_r0,r6p3v2_groot_l10_500_B_r0:eval:2:0,1,2,0,2,10,B,False,31.519,33.377,inactive,warming_up,,,,0,2,5,42,,,
groot_l10_500,r6p3v2_groot_l10_500_B_r0,r6p3v2_groot_l10_500_B_r0:eval:2:0,1,2,0,4,20,B,False,4425.474,4428.224,ok,,0.08695652173913043,0.008281573498964856,0.07272727272727275,20,2,5,42,0.0425531914893617,9.238181960385731,0.023809523809523794
groot_l10_500,r6p3v2_groot_l10_500_B_r0,r6p3v2_groot_l10_500_B_r0:eval:2:0,1,2,0,6,30,B,True,4223.284,4225.955,ok,,0.07547169811320756,0.006956521739130445,0.07272727272727272,20,2,5,42,0.07142857142857142,7.435847078850988,0.015527950310559008
groot_l10_500,r6p3v2_groot_l10_500_B_r0,r6p3v2_groot_l10_500_B_r0:eval:2:0,1,2,0,8,40,B,False,4131.998,4134.712,ok,,0.07692307692307693,0.006956521739130445,0.07272727272727272,20,2,5,42,0.10714285714285714,7.061561249017846,0.015527950310558994
groot_l10_500,r6p3v2_groot_l10_500_B_r0,r6p3v2_groot_l10_500_B_r0:eval:2:0,1,2,0,10,50,B,False,4188.041,4190.654,ok,,0.08000000000000002,0.03436988543371522,0.07272727272727272,20,2,5,42,0.14285714285714285,6.944082765862376,0.0417789757412399
groot_l10_500,r6p3v2_groot_l10_500_B_r0,r6p3v2_groot_l10_500_B_r0:eval:2:0,1,2,0,12,60,B,True,4304.658,4307.463,slow_ambiguous,,0.043478260869565216,0.034655371582595296,0.07272727272727272,20,2,5,42,0.17857142857142858,7.105396905305741,0.047619047619047644
groot_l10_500,r6p3v2_groot_l10_500_B_r0,r6p3v2_groot_l10_500_B_r0:eval:2:0,1,2,0,14,70,B,False,4201.225,4203.877,ok,,0.08333333333333334,0.008525149190110826,0.07272727272727272,20,2,5,42,0.20833333333333334,7.329296990976844,0.11538461538461534
groot_l10_500,r6p3v2_groot_l10_500_B_r0,r6p3v2_groot_l10_500_B_r0:eval:2:0,1,2,0,16,80,B,False,4036.146,4038.954,ok,,0.08695652173913043,0.014939309056956118,0.0727272727272727,20,2,5,42,0.2608695652173913,7.942134841717632,0.0567765567765568
groot_l10_500,r6p3v2_groot_l10_500_B_r0,r6p3v2_groot_l10_500_B_r0:eval:2:0,1,2,0,18,90,B,False,4158.662,4161.345,ok,,0.08333333333333331,0.0385947550717467,0.07272727272727275,20,2,5,42,0.30434782608695654,7.561752971030496,0.018315018315018305
groot_l10_500,r6p3v2_groot_l10_500_B_r0,r6p3v2_groot_l10_500_B_r0:eval:2:0,1,2,0,20,100,B,False,4133.339,4136.187,ok,,0.08333333333333337,0.012535612535612528,0.07272727272727272,20,2,5,42,0.34615384615384615,7.688985362853014,0.08004052684903751
groot_l10_500,r6p3v2_groot_l10_500_B_r0,r6p3v2_groot_l10_500_B_r0:eval:2:0,1,2,0,22,110,B,False,4269.514,4272.426,ok,,0.08510638297872336,0.03495311167945442,0.0727272727272727,20,2,5,42,0.391304347826087,7.814922304570682,0.039215686274509845
groot_l10_500,r6p3v2_groot_l10_500_B_r0,r6p3v2_groot_l10_500_B_r0:eval:2:0,1,2,0,24,120,B,False,4093.755,4104.213,ok,,0.08510638297872342,0.034545454545454546,0.0727272727272727,20,2,5,42,0.43478260869565216,8.188286935564863,0.04656862745098034
groot_l10_500,r6p3v2_groot_l10_500_B_r0,r6p3v2_groot_l10_500_B_r0:eval:2:0,1,2,0,26,130,B,False,4072.109,4074.667,ok,,0.08333333333333331,0.008281573498964856,0.0727272727272727,20,2,5,42,0.4782608695652174,8.679436909379612,0.025418060200668835
groot_l10_500,r6p3v2_groot_l10_500_B_r0,r6p3v2_groot_l10_500_B_r0:eval:2:0,1,2,0,28,140,B,False,4178.137,4180.815,ok,,0.08333333333333337,0.01459188326493377,0.0727272727272727,20,2,5,42,0.5,9.137568778436444,0.03695324283559587
groot_l10_500,r6p3v2_groot_l10_500_B_r0,r6p3v2_groot_l10_500_B_r0:eval:2:0,1,2,0,30,150,B,False,4216.166,4218.951,ok,,0.11538461538461542,0.011390602752729073,0.0727272727272727,20,2,5,42,0.5416666666666666,9.644939824186181,0.04432624113475181
groot_l10_500,r6p3v2_groot_l10_500_B_r0,r6p3v2_groot_l10_500_B_r0:eval:2:0,1,2,0,32,160,B,True,4427.317,4430.257,ok,,0.07843137254901966,0.037487335359675744,0.0727272727272727,20,2,5,42,0.6274509803921569,8.958698346025878,0.04695652173913034
groot_l10_500,r6p3v2_groot_l10_500_B_r0,r6p3v2_groot_l10_500_B_r0:eval:2:0,1,2,0,34,170,B,True,4200.942,4203.845,slow_ambiguous,,0.039215686274509776,0.037487335359675744,0.07272727272727264,20,2,5,42,0.7058823529411765,8.469281778756782,0.04737053392211943
groot_l10_500,r6p3v2_groot_l10_500_B_r0,r6p3v2_groot_l10_500_B_r0:eval:2:0,1,2,0,36,180,B,False,4258.865,4261.821,ok,,0.11764705882352933,0.032478632478632474,0.07272727272727275,20,2,5,42,0.7058823529411765,8.156632205648478,0.11111111111111105
groot_l10_500,r6p3v2_groot_l10_500_B_r0,r6p3v2_groot_l10_500_B_r0:eval:2:0,1,2,0,38,190,B,False,4189.534,4192.371,ok,,0.0888888888888889,0.04078014184397161,0.07272727272727275,20,2,5,42,0.7450980392156863,8.420475443986204,0.041568627450980444
groot_l10_500,r6p3v2_groot_l10_500_B_r0,r6p3v2_groot_l10_500_B_r0:eval:2:0,1,2,0,40,200,B,False,4168.636,4171.407,ok,,0.07692307692307687,0.017802865827181935,0.07272727272727275,20,2,5,42,0.8076923076923077,8.823139513079802,0.04633569739952714
groot_l10_500,r6p3v2_groot_l10_500_B_r0,r6p3v2_groot_l10_500_B_r0:eval:2:0,1,2,0,42,210,B,False,4289.452,4292.249,ok,,0.07843137254901955,0.030065359477124187,0.07272727272727264,20,2,5,42,0.84,8.631598468879984,0.022028985507246523
groot_l10_500,r6p3v2_groot_l10_500_B_r0,r6p3v2_groot_l10_500_B_r0:eval:2:0,1,2,0,44,220,B,False,4211.686,4214.581,ok,,0.07843137254901955,0.032478632478632474,0.07272727272727275,20,2,5,42,0.8846153846153846,8.686668241685169,0.08488612836438936
groot_l10_500,r6p3v2_groot_l10_500_B_r0,r6p3v2_groot_l10_500_B_r0:eval:2:1,1,2,1,0,0,B,False,45.559,49.091,inactive,warming_up,,,,0,2,5,42,,,
groot_l10_500,r6p3v2_groot_l10_500_B_r0,r6p3v2_groot_l10_500_B_r0:eval:2:1,1,2,1,2,10,B,False,25.877,27.39,inactive,warming_up,,,,0,2,5,42,,,
groot_l10_500,r6p3v2_groot_l10_500_B_r0,r6p3v2_groot_l10_500_B_r0:eval:2:1,1,2,1,4,20,B,False,4581.725,4584.739,ok,,0.0851063829787234,0.012535612535612528,0.07272727272727272,20,2,5,42,0.0,7.776622905273687,0.07692307692307693
groot_l10_500,r6p3v2_groot_l10_500_B_r0,r6p3v2_groot_l10_500_B_r0:eval:2:1,1,2,1,6,30,B,False,4122.69,4125.514,ok,,0.0851063829787234,0.007575757575757569,0.07272727272727272,20,2,5,42,0.0,6.380770634104805,0.07541478129713425
groot_l10_500,r6p3v2_groot_l10_500_B_r0,r6p3v2_groot_l10_500_B_r0:eval:2:1,1,2,1,8,40,B,False,4317.843,4320.543,ok,,0.07999999999999999,0.006956521739130445,0.07272727272727272,20,2,5,42,0.0425531914893617,7.134971333589383,0.013986013986013984
groot_l10_500,r6p3v2_groot_l10_500_B_r0,r6p3v2_groot_l10_500_B_r0:eval:2:1,1,2,1,10,50,B,False,4193.002,4195.845,ok,,0.08,0.007256235827664381,0.07272727272727272,20,2,5,42,0.12244897959183673,7.1988575656760645,0.010033444816053505
groot_l10_500,r6p3v2_groot_l10_500_B_r0,r6p3v2_groot_l10_500_B_r0:eval:2:1,1,2,1,12,60,B,False,4232.595,4235.581,ok,,0.0816326530612245,0.034655371582595296,0.07272727272727272,20,2,5,42,0.16326530612244897,7.305242057524286,0.046218487394957986
groot_l10_500,r6p3v2_groot_l10_500_B_r0,r6p3v2_groot_l10_500_B_r0:eval:2:1,1,2,1,14,70,B,True,4305.272,4307.962,ok,,0.0784313725490196,0.012535612535612528,0.07272727272727272,20,2,5,42,0.16666666666666666,7.583582559713192,0.07692307692307696
groot_l10_500,r6p3v2_groot_l10_500_B_r0,r6p3v2_groot_l10_500_B_r0:eval:2:1,1,2,1,16,80,B,True,4088.651,4091.214,ok,,0.08333333333333334,0.005802707930367551,0.07272727272727272,20,2,5,42,0.23529411764705882,7.11144536029703,0.07692307692307689
groot_l10_500,r6p3v2_groot_l10_500_B_r0,r6p3v2_groot_l10_500_B_r0:eval:2:1,1,2,1,18,90,B,False,4382.176,4384.76,ok,,0.09090909090909094,0.0385947550717467,0.0727272727272727,20,2,5,42,0.30434782608695654,7.12782029122673,0.04072398190045251
groot_l10_500,r6p3v2_groot_l10_500_B_r0,r6p3v2_groot_l10_500_B_r0:eval:2:1,1,2,1,20,100,B,False,4152.326,4155.023,ok,,0.09090909090909088,0.0385947550717467,0.0727272727272727,20,2,5,42,0.3333333333333333,7.785834451774979,0.03846153846153845
groot_l10_500,r6p3v2_groot_l10_500_B_r0,r6p3v2_groot_l10_500_B_r0:eval:2:1,1,2,1,22,110,B,False,4135.242,4137.972,ok,,0.08695652173913043,0.021614319486659872,0.0727272727272727,20,2,5,42,0.38461538461538464,8.194846934144248,0.018315018315018305
groot_l10_500,r6p3v2_groot_l10_500_B_r0,r6p3v2_groot_l10_500_B_r0:eval:2:1,1,2,1,24,120,B,True,4237.561,4240.279,ok,,0.09302325581395349,0.014939309056956118,0.0727272727272727,20,2,5,42,0.4186046511627907,8.682008708694843,0.04880212954747115
groot_l10_500,r6p3v2_groot_l10_500_B_r0,r6p3v2_groot_l10_500_B_r0:eval:2:1,1,2,1,26,130,B,False,4095.923,4098.436,ok,,0.08695652173913038,0.011965811965811979,0.0727272727272727,20,2,5,42,0.46511627906976744,8.322440544021642,0.031484794275491945
groot_l10_500,r6p3v2_groot_l10_500_B_r0,r6p3v2_groot_l10_500_B_r0:eval:2:1,1,2,1,28,140,B,False,4279.924,4282.524,ok,,0.08333333333333337,0.011390602752728962,0.0727272727272727,20,2,5,42,0.5,8.303928353367587,0.018949181739879306
groot_l10_500,r6p3v2_groot_l10_500_B_r0,r6p3v2_groot_l10_500_B_r0:eval:2:1,1,2,1,30,150,B,False,4170.048,4172.705,ok,,0.08333333333333337,0.011965811965811979,0.0727272727272727,20,2,5,42,0.5416666666666666,8.110021511848789,0.018949181739879473
groot_l10_500,r6p3v2_groot_l10_500_B_r0,r6p3v2_groot_l10_500_B_r0:eval:2:1,1,2,1,32,160,B,True,4265.568,4268.133,ok,,0.08333333333333326,0.014939309056956118,0.07272727272727275,20,2,5,42,0.6046511627906976,8.35393933886044,0.05456171735241511
groot_l10_500,r6p3v2_groot_l10_500_B_r0,r6p3v2_groot_l10_500_B_r0:eval:2:1,1,2,1,34,170,B,False,4164.806,4167.516,ok,,0.07843137254901966,0.03996598639455784,0.07272727272727275,20,2,5,42,0.6382978723404256,7.996593972265235,0.09078014184397176
groot_l10_500,r6p3v2_groot_l10_500_B_r0,r6p3v2_groot_l10_500_B_r0:eval:2:1,1,2,1,36,180,B,False,4225.785,4238.261,ok,,0.0888888888888889,0.04078014184397161,0.07272727272727275,20,2,5,42,0.6808510638297872,8.082284324448548,0.03431372549019607
groot_l10_500,r6p3v2_groot_l10_500_B_r0,r6p3v2_groot_l10_500_B_r0:eval:2:1,1,2,1,38,190,B,False,4158.513,4161.325,ok,,0.08163265306122447,0.0358781810596579,0.07272727272727275,20,2,5,42,0.7346938775510204,8.390589501333052,0.07320261437908493
groot_l10_500,r6p3v2_groot_l10_500_B_r0,r6p3v2_groot_l10_500_B_r0:eval:2:1,1,2,1,40,200,B,False,4152.273,4155.367,slow_ambiguous,,0.045454545454545414,0.03380503144654079,0.07272727272727275,20,2,5,42,0.8,8.742645838726252,0.048072562358276616
groot_l10_500,r6p3v2_groot_l10_500_B_r0,r6p3v2_groot_l10_500_B_r0:eval:2:1,1,2,1,42,210,B,False,4232.278,4235.002,ok,,0.08333333333333326,0.016945373467112557,0.07272727272727275,20,2,5,42,0.8181818181818182,9.516255305633178,0.04743083003952564
groot_l10_500,r6p3v2_groot_l10_500_B_r0,r6p3v2_groot_l10_500_B_r0:eval:2:1,1,2,1,44,220,B,False,4173.946,4176.495,ok,,0.08695652173913049,0.03215130023640666,0.07272727272727275,20,2,5,42,0.8636363636363636,9.98660704070951,0.04336734693877542
groot_l10_500,r6p3v2_groot_l10_500_B_r0,r6p3v2_groot_l10_500_B_r0:eval:2:1,1,2,1,46,230,B,False,4152.424,4154.939,ok,,0.08695652173913049,0.030065359477124187,0.07272727272727264,20,2,5,42,0.9090909090909091,10.572854071818766,0.018707482993197244
groot_l10_500,r6p3v2_groot_l10_500_B_r0,r6p3v2_groot_l10_500_B_r0:eval:3:0,1,3,0,0,0,B,False,57.913,61.245,inactive,warming_up,,,,0,2,5,48,,,
groot_l10_500,r6p3v2_groot_l10_500_B_r0,r6p3v2_groot_l10_500_B_r0:eval:3:0,1,3,0,2,10,B,False,29.754,31.48,inactive,warming_up,,,,0,2,5,48,,,
groot_l10_500,r6p3v2_groot_l10_500_B_r0,r6p3v2_groot_l10_500_B_r0:eval:3:0,1,3,0,4,20,B,False,4999.53,5002.252,ok,,0.08888888888888889,0.006066734074823055,0.08163265306122448,20,2,5,48,0.0,8.94397799190305,0.03208556149732621
groot_l10_500,r6p3v2_groot_l10_500_B_r0,r6p3v2_groot_l10_500_B_r0:eval:3:0,1,3,0,6,30,B,False,4582.591,4585.703,ok,,0.08888888888888888,0.006066734074823055,0.08163265306122448,20,2,5,48,0.044444444444444446,7.82525772630369,0.006066734074823055
groot_l10_500,r6p3v2_groot_l10_500_B_r0,r6p3v2_groot_l10_500_B_r0:eval:3:0,1,3,0,8,40,B,False,4746.586,4749.683,ok,,0.0909090909090909,0.0063492063492063405,0.08163265306122448,20,2,5,48,0.08695652173913043,7.983806519848234,0.024057738572574178
groot_l10_500,r6p3v2_groot_l10_500_B_r0,r6p3v2_groot_l10_500_B_r0:eval:3:0,1,3,0,10,50,B,True,4527.876,4530.705,ok,,0.08888888888888888,0.004537719795802614,0.08163265306122448,20,2,5,48,0.13043478260869565,8.150156249328772,0.024057738572574178
groot_l10_500,r6p3v2_groot_l10_500_B_r0,r6p3v2_groot_l10_500_B_r0:eval:3:0,1,3,0,12,60,B,False,4603.306,4605.987,ok,,0.08888888888888888,0.006976744186046463,0.08163265306122448,20,2,5,48,0.1568627450980392,8.474492860646285,0.02194357366771159
groot_l10_500,r6p3v2_groot_l10_500_B_r0,r6p3v2_groot_l10_500_B_r0:eval:3:0,1,3,0,14,70,B,True,4474.072,4476.744,ok,,0.09090909090909088,0.007916872835230071,0.08163265306122448,20,2,5,48,0.19607843137254902,7.9571783638876346,0.02859545836837682
groot_l10_500,r6p3v2_groot_l10_500_B_r0,r6p3v2_groot_l10_500_B_r0:eval:3:0,1,3,0,16,80,B,False,4526.613,4529.306,ok,,0.09090909090909094,0.007916872835230071,0.08163265306122448,20,2,5,48,0.26666666666666666,7.695873393124323,0.02859545836837682
groot_l10_500,r6p3v2_groot_l10_500_B_r0,r6p3v2_groot_l10_500_B_r0:eval:3:0,1,3,0,18,90,B,False,4427.473,4430.227,ok,,0.09523809523809523,0.006651884700665189,0.08163265306122448,20,2,5,48,0.3111111111111111,7.848387077804179,0.028595458368376764
groot_l10_500,r6p3v2_groot_l10_500_B_r0,r6p3v2_groot_l10_500_B_r0:eval:3:0,1,3,0,20,100,B,False,4554.887,4561.898,ok,,0.08695652173913043,0.011484823625922902,0.08163265306122447,20,2,5,48,0.34782608695652173,8.50824227494054,0.046457607433217196
groot_l10_500,r6p3v2_groot_l10_500_B_r0,r6p3v2_groot_l10_500_B_r0:eval:3:0,1,3,0,22,110,B,True,4473.334,4476.053,slow_confirmed,,0.04878048780487804,0.010131712259371817,0.08163265306122452,20,2,5,48,0.4,9.028821222462723,0.04857881136950909
groot_l10_500,r6p3v2_groot_l10_500_B_r0,r6p3v2_groot_l10_500_B_r0:eval:3:0,1,3,0,24,120,B,False,4383.091,4394.27,slow_ambiguous,,0.06896551724137928,0.01459188326493388,0.08163265306122447,20,2,5,48,0.4186046511627907,9.610456362690462,0.0583452893352463
groot_l10_500,r6p3v2_groot_l10_500_B_r0,r6p3v2_groot_l10_500_B_r0:eval:3:0,1,3,0,26,130,B,False,4514.959,4517.651,ok,,0.0888888888888889,0.006066734074823055,0.08163265306122447,20,2,5,48,0.46511627906976744,9.99855768277081,0.019129603060736466
groot_l10_500,r6p3v2_groot_l10_500_B_r0,r6p3v2_groot_l10_500_B_r0:eval:3:0,1,3,0,28,140,B,False,4285.185,4287.732,ok,,0.0888888888888889,0.006349206349206327,0.08163265306122447,20,2,5,48,0.5333333333333333,10.08629454485706,0.019129603060736522
groot_l10_500,r6p3v2_groot_l10_500_B_r0,r6p3v2_groot_l10_500_B_r0:eval:3:0,1,3,0,30,150,B,False,4549.225,4551.979,ok,,0.11764705882352944,0.04978354978354982,0.08163265306122447,20,2,5,48,0.5777777777777777,9.630841003492522,0.042424242424242586
groot_l10_500,r6p3v2_groot_l10_500_B_r0,r6p3v2_groot_l10_500_B_r0:eval:3:0,1,3,0,32,160,B,False,4359.776,4375.354,ok,,0.0888888888888889,0.044397463002114224,0.08163265306122447,20,2,5,48,0.6222222222222222,9.18057369406012,0.04646464646464643
groot_l10_500,r6p3v2_groot_l10_500_B_r0,r6p3v2_groot_l10_500_B_r0:eval:3:0,1,3,0,34,170,B,False,4358.791,4361.416,slow_ambiguous,,0.06896551724137923,0.0385947550717467,0.08163265306122447,20,2,5,48,0.6896551724137931,9.593548082589239,0.09090909090909094
groot_l10_500,r6p3v2_groot_l10_500_B_r0,r6p3v2_groot_l10_500_B_r0:eval:3:0,1,3,0,36,180,B,False,4505.655,4508.412,ok,,0.09302325581395343,0.0385947550717467,0.08163265306122447,20,2,5,48,0.6818181818181818,9.604078822398,0.10188087774294674
groot_l10_500,r6p3v2_groot_l10_500_B_r0,r6p3v2_groot_l10_500_B_r0:eval:3:0,1,3,0,38,190,B,False,4656.299,4617.702,ok,,0.09302325581395343,0.028132992327365658,0.08163265306122447,20,2,5,48,0.7391304347826086,9.65801378285711,0.028595458368376736
groot_l10_500,r6p3v2_groot_l10_500_B_r0,r6p3v2_groot_l10_500_B_r0:eval:3:0,1,3,0,40,200,B,False,4641.784,4644.554,ok,,0.08695652173913038,0.006349206349206327,0.08163265306122447,20,2,5,48,0.782608695652174,9.557234641879168,0.028595458368376847
groot_l10_500,r6p3v2_groot_l10_500_B_r0,r6p3v2_groot_l10_500_B_r0:eval:3:0,1,3,0,42,210,B,False,4288.186,4290.909,ok,,0.08695652173913038,0.0041343669250647475,0.08163265306122447,20,2,5,48,0.8260869565217391,9.141325836560732,0.024057738572574094
groot_l10_500,r6p3v2_groot_l10_500_B_r0,r6p3v2_groot_l10_500_B_r0:eval:3:0,1,3,0,44,220,B,False,4457.641,4460.335,ok,,0.08695652173913049,0.026873385012919908,0.08163265306122447,20,2,5,48,0.8627450980392157,8.11779149523541,0.021943573667711602
groot_l10_500,r6p3v2_groot_l10_500_B_r0,r6p3v2_groot_l10_500_B_r0:eval:3:0,1,3,0,46,230,B,False,4398.35,4401.15,ok,,0.0888888888888889,0.03241719520789295,0.08163265306122447,20,2,5,48,0.9019607843137255,7.731476692731362,0.03661553686293917
groot_l10_500,r6p3v2_groot_l10_500_B_r0,r6p3v2_groot_l10_500_B_r0:eval:3:1,1,3,1,0,0,B,False,42.343,45.352,inactive,warming_up,,,,0,2,5,48,,,
groot_l10_500,r6p3v2_groot_l10_500_B_r0,r6p3v2_groot_l10_500_B_r0:eval:3:1,1,3,1,2,10,B,False,24.938,26.367,inactive,warming_up,,,,0,2,5,48,,,
groot_l10_500,r6p3v2_groot_l10_500_B_r0,r6p3v2_groot_l10_500_B_r0:eval:3:1,1,3,1,4,20,B,False,4739.927,4742.379,ok,,0.09090909090909091,0.007916872835230099,0.08163265306122448,20,2,5,48,0.0,9.149644062429717,0.026272577996715923
groot_l10_500,r6p3v2_groot_l10_500_B_r0,r6p3v2_groot_l10_500_B_r0:eval:3:1,1,3,1,6,30,B,False,4543.499,4546.161,ok,,0.0909090909090909,0.0069767441860465185,0.08163265306122448,20,2,5,48,0.045454545454545456,7.627305535316275,0.026272577996715923
groot_l10_500,r6p3v2_groot_l10_500_B_r0,r6p3v2_groot_l10_500_B_r0:eval:3:1,1,3,1,8,40,B,False,4424.088,4426.973,ok,,0.09090909090909091,0.004537719795802614,0.08163265306122448,20,2,5,48,0.09090909090909091,8.049883757654705,0.026272577996715923
groot_l10_500,r6p3v2_groot_l10_500_B_r0,r6p3v2_groot_l10_500_B_r0:eval:3:1,1,3,1,10,50,B,False,4508.382,4511.07,ok,,0.09090909090909091,0.006066734074823055,0.08163265306122448,20,2,5,48,0.14285714285714285,7.67582195699173,0.0082815734989648
groot_l10_500,r6p3v2_groot_l10_500_B_r0,r6p3v2_groot_l10_500_B_r0:eval:3:1,1,3,1,12,60,B,False,4515.438,4518.24,ok,,0.08888888888888888,0.012311901504788003,0.0816326530612245,20,2,5,48,0.19047619047619047,7.626315341077077,0.05602240896358543
groot_l10_500,r6p3v2_groot_l10_500_B_r0,r6p3v2_groot_l10_500_B_r0:eval:3:1,1,3,1,14,70,B,False,4685.305,4688.115,ok,,0.09523809523809523,0.008672086720867209,0.08163265306122448,20,2,5,48,0.22727272727272727,7.327015178973087,0.028758169934640504
groot_l10_500,r6p3v2_groot_l10_500_B_r0,r6p3v2_groot_l10_500_B_r0:eval:3:1,1,3,1,16,80,B,False,4481.636,4484.264,ok,,0.0888888888888889,0.010131712259371817,0.0816326530612245,20,2,5,48,0.26666666666666666,7.820866591114665,0.047619047619047616
groot_l10_500,r6p3v2_groot_l10_500_B_r0,r6p3v2_groot_l10_500_B_r0:eval:3:1,1,3,1,18,90,B,False,4485.04,4487.671,ok,,0.09090909090909094,0.00697674418604656,0.08163265306122452,20,2,5,48,0.3181818181818182,7.997223948113266,0.0560224089635854
groot_l10_500,r6p3v2_groot_l10_500_B_r0,r6p3v2_groot_l10_500_B_r0:eval:3:1,1,3,1,20,100,B,False,4490.204,4505.322,ok,,0.09090909090909088,0.006976744186046463,0.08163265306122452,20,2,5,48,0.35555555555555557,8.3186107448896,0.016806722689075626
groot_l10_500,r6p3v2_groot_l10_500_B_r0,r6p3v2_groot_l10_500_B_r0:eval:3:1,1,3,1,22,110,B,False,4715.739,4718.618,ok,,0.08888888888888885,0.02896007020623087,0.08163265306122447,20,2,5,48,0.4090909090909091,8.419252630870362,0.04540420819490587
groot_l10_500,r6p3v2_groot_l10_500_B_r0,r6p3v2_groot_l10_500_B_r0:eval:3:1,1,3,1,24,120,B,False,4420.075,4422.627,ok,,0.09090909090909088,0.006976744186046463,0.08163265306122452,20,2,5,48,0.45454545454545453,8.265025967886375,0.019129603060736466
groot_l10_500,r6p3v2_groot_l10_500_B_r0,r6p3v2_groot_l10_500_B_r0:eval:3:1,1,3,1,26,130,B,False,4637.917,4640.542,ok,,0.08888888888888885,0.006976744186046463,0.08163265306122452,20,2,5,48,0.4888888888888889,8.494037281297839,0.006066734074823055
groot_l10_500,r6p3v2_groot_l10_500_B_r0,r6p3v2_groot_l10_500_B_r0:eval:3:1,1,3,1,28,140,B,False,4611.458,4614.346,ok,,0.09090909090909094,0.04044489383215369,0.08163265306122447,20,2,5,48,0.5454545454545454,8.260552248525732,0.05064599483204135
groot_l10_500,r6p3v2_groot_l10_500_B_r0,r6p3v2_groot_l10_500_B_r0:eval:3:1,1,3,1,30,150,B,False,4654.231,4656.97,ok,,0.09090909090909083,0.041269841269841345,0.08163265306122447,20,2,5,48,0.5777777777777777,8.357514591099461,0.050793650793650724
groot_l10_500,r6p3v2_groot_l10_500_B_r0,r6p3v2_groot_l10_500_B_r0:eval:3:1,1,3,1,32,160,B,False,4599.728,4602.475,ok,,0.0888888888888889,0.04646464646464654,0.08163265306122447,20,2,5,48,0.6363636363636364,9.035961582466138,0.04872646733111852
groot_l10_500,r6p3v2_groot_l10_500_B_r0,r6p3v2_groot_l10_500_B_r0:eval:3:1,1,3,1,34,170,B,False,4563.637,4566.351,ok,,0.09302325581395343,0.033986928104575265,0.08163265306122458,20,2,5,48,0.6976744186046512,8.714313591322975,0.0043290043290042934
groot_l10_500,r6p3v2_groot_l10_500_B_r0,r6p3v2_groot_l10_500_B_r0:eval:3:1,1,3,1,36,180,B,False,4587.581,4590.395,ok,,0.09302325581395354,0.033986928104575265,0.08163265306122458,20,2,5,48,0.7441860465116279,9.203373007120687,0.0043290043290042934
groot_l10_500,r6p3v2_groot_l10_500_B_r0,r6p3v2_groot_l10_500_B_r0:eval:3:1,1,3,1,38,190,B,False,4397.845,4400.562,ok,,0.09302325581395354,0.008672086720867167,0.08163265306122452,20,2,5,48,0.7906976744186046,8.636471881536893,0.0043290043290044045
groot_l10_500,r6p3v2_groot_l10_500_B_r0,r6p3v2_groot_l10_500_B_r0:eval:3:1,1,3,1,40,200,B,False,4708.048,4711.414,ok,,0.09302325581395343,0.04044489383215366,0.08163265306122443,20,2,5,48,0.8571428571428571,8.535283497380208,0.06442577030812324
groot_l10_500,r6p3v2_groot_l10_500_B_r0,r6p3v2_groot_l10_500_B_r0:eval:3:1,1,3,1,42,210,B,False,4437.328,4439.735,ok,,0.09523809523809523,0.026873385012919908,0.08163265306122443,20,2,5,48,0.9047619047619048,8.305335408844872,0.051948051948051965
groot_l10_500,r6p3v2_groot_l10_500_B_r0,r6p3v2_groot_l10_500_B_r0:eval:4:0,1,4,0,0,0,B,False,39.889,42.826,inactive,warming_up,,,,0,2,5,45,,,
groot_l10_500,r6p3v2_groot_l10_500_B_r0,r6p3v2_groot_l10_500_B_r0:eval:4:0,1,4,0,2,10,B,False,26.292,27.892,inactive,warming_up,,,,0,2,5,45,,,
groot_l10_500,r6p3v2_groot_l10_500_B_r0,r6p3v2_groot_l10_500_B_r0:eval:4:0,1,4,0,4,20,B,True,4725.652,4728.085,slow_ambiguous,,0.06779661016949153,0.014227642276422772,0.07843137254901963,20,2,5,45,0.0,9.031455511977157,0.0946969696969697
groot_l10_500,r6p3v2_groot_l10_500_B_r0,r6p3v2_groot_l10_500_B_r0:eval:4:0,1,4,0,6,30,B,False,4309.496,4278.914,ok,,0.09090909090909091,0.013605442176870736,0.0784313725490196,20,2,5,45,0.041666666666666664,8.244980325302867,0.027441485068603694
groot_l10_500,r6p3v2_groot_l10_500_B_r0,r6p3v2_groot_l10_500_B_r0:eval:4:0,1,4,0,8,40,B,False,4381.617,4384.561,ok,,0.09090909090909091,0.016806722689075626,0.0784313725490196,20,2,5,45,0.09090909090909091,8.783358999674423,0.025226645644461962
groot_l10_500,r6p3v2_groot_l10_500_B_r0,r6p3v2_groot_l10_500_B_r0:eval:4:0,1,4,0,10,50,B,False,4364.984,4367.774,ok,,0.09090909090909091,0.006349206349206327,0.0784313725490196,20,2,5,45,0.13953488372093023,8.95271127709734,0.013023255813953472
groot_l10_500,r6p3v2_groot_l10_500_B_r0,r6p3v2_groot_l10_500_B_r0:eval:4:0,1,4,0,12,60,B,False,4475.501,4478.413,ok,,0.08695652173913043,0.0368217054263566,0.0784313725490196,20,2,5,45,0.18604651162790697,9.47554635551949,0.05220692928334125
groot_l10_500,r6p3v2_groot_l10_500_B_r0,r6p3v2_groot_l10_500_B_r0:eval:4:0,1,4,0,14,70,B,False,4374.366,4376.815,ok,,0.08163265306122447,0.011904761904761918,0.0784313725490196,20,2,5,45,0.23255813953488372,9.060912059749825,0.0583452893352463
groot_l10_500,r6p3v2_groot_l10_500_B_r0,r6p3v2_groot_l10_500_B_r0:eval:4:0,1,4,0,16,80,B,True,4295.778,4298.473,ok,,0.09756097560975613,0.015536723163841804,0.0784313725490196,20,2,5,45,0.2608695652173913,8.760818434029092,0.05043478260869566
groot_l10_500,r6p3v2_groot_l10_500_B_r0,r6p3v2_groot_l10_500_B_r0:eval:4:0,1,4,0,18,90,B,False,4601.05,4603.564,ok,,0.08163265306122452,0.013605442176870763,0.0784313725490196,20,2,5,45,0.3181818181818182,8.819042301569342,0.05104934770277936
groot_l10_500,r6p3v2_groot_l10_500_B_r0,r6p3v2_groot_l10_500_B_r0:eval:4:0,1,4,0,20,100,B,True,4058.064,4060.561,ok,,0.08163265306122447,0.03495311167945442,0.07843137254901963,20,2,5,45,0.3673469387755102,8.505644190075584,0.09302325581395343
groot_l10_500,r6p3v2_groot_l10_500_B_r0,r6p3v2_groot_l10_500_B_r0:eval:4:0,1,4,0,22,110,B,False,4251.022,4253.487,slow_ambiguous,,0.04651162790697677,0.03285216525634649,0.07843137254901963,20,2,5,45,0.37209302325581395,8.230307786802387,0.17391304347826086
groot_l10_500,r6p3v2_groot_l10_500_B_r0,r6p3v2_groot_l10_500_B_r0:eval:4:0,1,4,0,24,120,B,False,4332.029,4334.387,ok,,0.0888888888888889,0.03933747412008293,0.0784313725490196,20,2,5,45,0.4444444444444444,8.030703366079614,0.0905797101449275
groot_l10_500,r6p3v2_groot_l10_500_B_r0,r6p3v2_groot_l10_500_B_r0:eval:4:0,1,4,0,26,130,B,False,4084.242,4086.837,ok,,0.08695652173913049,0.015238095238095273,0.07843137254901955,20,2,5,45,0.5217391304347826,7.853608814559313,0.007256235827664381
groot_l10_500,r6p3v2_groot_l10_500_B_r0,r6p3v2_groot_l10_500_B_r0:eval:4:0,1,4,0,28,140,B,True,4473.294,4475.983,ok,,0.08333333333333326,0.011904761904761862,0.07843137254901955,20,2,5,45,0.5652173913043478,7.974814355946687,0.01680672268907568
groot_l10_500,r6p3v2_groot_l10_500_B_r0,r6p3v2_groot_l10_500_B_r0:eval:4:0,1,4,0,30,150,B,False,4173.014,4175.626,ok,,0.08695652173913038,0.006066734074823166,0.07843137254901955,20,2,5,45,0.6086956521739131,8.627768995735153,0.01680672268907557
groot_l10_500,r6p3v2_groot_l10_500_B_r0,r6p3v2_groot_l10_500_B_r0:eval:4:0,1,4,0,32,160,B,False,4260.804,4263.387,ok,,0.08695652173913038,0.008281573498964745,0.07843137254901955,20,2,5,45,0.6521739130434783,9.222632874813,0.01680672268907557
groot_l10_500,r6p3v2_groot_l10_500_B_r0,r6p3v2_groot_l10_500_B_r0:eval:4:0,1,4,0,34,170,B,False,4290.375,4292.878,ok,,0.08695652173913049,0.008281573498964745,0.07843137254901955,20,2,5,45,0.6938775510204082,9.237790018047159,0.01459188326493388
groot_l10_500,r6p3v2_groot_l10_500_B_r0,r6p3v2_groot_l10_500_B_r0:eval:4:0,1,4,0,36,180,B,False,4297.666,4300.183,ok,,0.08695652173913049,0.008281573498964745,0.07843137254901955,20,2,5,45,0.7346938775510204,9.362055546599322,0.01459188326493388
groot_l10_500,r6p3v2_groot_l10_500_B_r0,r6p3v2_groot_l10_500_B_r0:eval:4:0,1,4,0,38,190,B,False,4448.022,4450.637,ok,,0.07843137254901966,0.008525149190110826,0.07843137254901966,20,2,5,45,0.7843137254901961,9.366306708158325,0.04343434343434349
groot_l10_500,r6p3v2_groot_l10_500_B_r0,r6p3v2_groot_l10_500_B_r0:eval:4:0,1,4,0,40,200,B,True,4221.033,4223.827,ok,,0.08163265306122447,0.008281573498964856,0.07843137254901966,20,2,5,45,0.8181818181818182,9.01371687427973,0.02311248073959926
groot_l10_500,r6p3v2_groot_l10_500_B_r0,r6p3v2_groot_l10_500_B_r0:eval:4:0,1,4,0,42,210,B,False,4294.63,4297.35,ok,,0.0888888888888889,0.011904761904761862,0.07843137254901962,20,2,5,45,0.8627450980392157,8.180999503245996,0.025226645644461865
groot_l10_500,r6p3v2_groot_l10_500_B_r0,r6p3v2_groot_l10_500_B_r0:eval:4:0,1,4,0,44,220,B,False,4215.37,4217.905,ok,,0.08695652173913049,0.011904761904761862,0.07843137254901962,20,2,5,45,0.9019607843137255,7.858970744648846,0.029764365440264506
groot_l10_500,r6p3v2_groot_l10_500_B_r0,r6p3v2_groot_l10_500_B_r0:eval:4:0,1,4,0,46,230,B,False,4403.32,4405.959,slow_ambiguous,,0.05882352941176472,0.029304029304029366,0.07843137254901962,20,2,5,45,0.9411764705882353,7.4512163685144905,0.025551684088269355
groot_l10_500,r6p3v2_groot_l10_500_B_r0,r6p3v2_groot_l10_500_B_r0:eval:4:1,1,4,1,0,0,B,False,73.92,76.642,inactive,warming_up,,,,0,2,5,45,,,
groot_l10_500,r6p3v2_groot_l10_500_B_r0,r6p3v2_groot_l10_500_B_r0:eval:4:1,1,4,1,2,10,B,False,29.556,31.215,inactive,warming_up,,,,0,2,5,45,,,
groot_l10_500,r6p3v2_groot_l10_500_B_r0,r6p3v2_groot_l10_500_B_r0:eval:4:1,1,4,1,4,20,B,False,4284.194,4286.675,ok,,0.08333333333333333,0.011904761904761918,0.0784313725490196,20,2,5,45,0.0,9.42520495245144,0.06856702619414483
groot_l10_500,r6p3v2_groot_l10_500_B_r0,r6p3v2_groot_l10_500_B_r0:eval:4:1,1,4,1,6,30,B,True,4265.858,4268.412,ok,,0.09090909090909091,0.015536723163841804,0.0784313725490196,20,2,5,45,0.03389830508474576,8.713178154379948,0.05720338983050846
groot_l10_500,r6p3v2_groot_l10_500_B_r0,r6p3v2_groot_l10_500_B_r0:eval:4:1,1,4,1,8,40,B,False,4427.849,4430.497,ok,,0.08163265306122448,0.025487256371814093,0.0784313725490196,20,2,5,45,0.08163265306122448,8.950970859891113,0.029764365440264576
groot_l10_500,r6p3v2_groot_l10_500_B_r0,r6p3v2_groot_l10_500_B_r0:eval:4:1,1,4,1,10,50,B,False,4273.975,4276.773,ok,,0.09302325581395349,0.011904761904761918,0.07843137254901963,20,2,5,45,0.13953488372093023,8.917372699076273,0.07854485324514263
groot_l10_500,r6p3v2_groot_l10_500_B_r0,r6p3v2_groot_l10_500_B_r0:eval:4:1,1,4,1,12,60,B,False,4279.345,4282.121,ok,,0.09523809523809523,0.014227642276422772,0.0784313725490196,20,2,5,45,0.17777777777777778,8.843815621834253,0.05590062111801242
groot_l10_500,r6p3v2_groot_l10_500_B_r0,r6p3v2_groot_l10_500_B_r0:eval:4:1,1,4,1,14,70,B,False,4139.834,4142.61,ok,,0.08333333333333331,0.013605442176870763,0.0784313725490196,20,2,5,45,0.24489795918367346,8.966667918979526,0.04424276800907542
groot_l10_500,r6p3v2_groot_l10_500_B_r0,r6p3v2_groot_l10_500_B_r0:eval:4:1,1,4,1,16,80,B,False,4169.052,4171.896,ok,,0.08695652173913043,0.0075757575757576245,0.0784313725490196,20,2,5,45,0.2857142857142857,8.589853852923238,0.015928322548531604
groot_l10_500,r6p3v2_groot_l10_500_B_r0,r6p3v2_groot_l10_500_B_r0:eval:4:1,1,4,1,18,90,B,True,4267.66,4270.212,ok,,0.09090909090909088,0.0357142857142857,0.0784313725490196,20,2,5,45,0.3333333333333333,8.25963778087517,0.061224489795918324
groot_l10_500,r6p3v2_groot_l10_500_B_r0,r6p3v2_groot_l10_500_B_r0:eval:4:1,1,4,1,20,100,B,False,3999.639,4002.418,ok,,0.08163265306122447,0.040108401084010814,0.0784313725490196,20,2,5,45,0.3673469387755102,7.9294048293900055,0.1279693486590039
groot_l10_500,r6p3v2_groot_l10_500_B_r0,r6p3v2_groot_l10_500_B_r0:eval:4:1,1,4,1,22,110,B,False,4195.639,4198.29,slow_ambiguous,,0.04878048780487804,0.0461401952085182,0.0784313725490196,20,2,5,45,0.41379310344827586,8.12250981794934,0.047149894440534856
groot_l10_500,r6p3v2_groot_l10_500_B_r0,r6p3v2_groot_l10_500_B_r0:eval:4:1,1,4,1,24,120,B,True,4132.206,4135.135,ok,,0.08163265306122447,0.03933747412008293,0.07843137254901963,20,2,5,45,0.4583333333333333,8.106966831278232,0.07738095238095238
groot_l10_500,r6p3v2_groot_l10_500_B_r0,r6p3v2_groot_l10_500_B_r0:eval:4:1,1,4,1,26,130,B,False,4222.547,4225.272,ok,,0.08333333333333337,0.0513565891472868,0.0784313725490196,20,2,5,45,0.47619047619047616,7.568973917293061,0.12408163265306121
groot_l10_500,r6p3v2_groot_l10_500_B_r0,r6p3v2_groot_l10_500_B_r0:eval:4:1,1,4,1,28,140,B,False,4216.255,4218.879,ok,,0.08333333333333326,0.009689922480620061,0.07843137254901955,20,2,5,45,0.5238095238095238,7.925980962450319,0.015238095238095162
groot_l10_500,r6p3v2_groot_l10_500_B_r0,r6p3v2_groot_l10_500_B_r0:eval:4:1,1,4,1,30,150,B,False,4232.741,4235.434,ok,,0.09090909090909083,0.006066734074823166,0.07843137254901966,20,2,5,45,0.5909090909090909,8.798399491060295,0.015928322548531604
groot_l10_500,r6p3v2_groot_l10_500_B_r0,r6p3v2_groot_l10_500_B_r0:eval:4:1,1,4,1,32,160,B,False,4207.939,4210.692,ok,,0.0888888888888889,0.008281573498964745,0.07843137254901955,20,2,5,45,0.6222222222222222,9.160496704688212,0.013605442176870652
groot_l10_500,r6p3v2_groot_l10_500_B_r0,r6p3v2_groot_l10_500_B_r0:eval:4:1,1,4,1,34,170,B,False,4192.43,4195.152,ok,,0.09090909090909094,0.008281573498964745,0.07843137254901955,20,2,5,45,0.6818181818181818,9.4339192320545,0.00927643784786647
groot_l10_500,r6p3v2_groot_l10_500_B_r0,r6p3v2_groot_l10_500_B_r0:eval:4:1,1,4,1,36,180,B,False,4191.585,4207.743,ok,,0.0888888888888889,0.006651884700665245,0.07843137254901966,20,2,5,45,0.7111111111111111,8.667515076036706,0.011390602752728962
groot_l10_500,r6p3v2_groot_l10_500_B_r0,r6p3v2_groot_l10_500_B_r0:eval:4:1,1,4,1,38,190,B,False,4286.591,4289.304,ok,,0.0888888888888889,0.008281573498964745,0.07843137254901955,20,2,5,45,0.7727272727272727,8.244279515985907,0.015928322548531604
groot_l10_500,r6p3v2_groot_l10_500_B_r0,r6p3v2_groot_l10_500_B_r0:eval:4:1,1,4,1,40,200,B,False,4037.618,4040.322,ok,,0.09090909090909083,0.011904761904761862,0.07843137254901955,20,2,5,45,0.8095238095238095,7.688090793684225,0.015928322548531604
groot_l10_500,r6p3v2_groot_l10_500_B_r0,r6p3v2_groot_l10_500_B_r0:eval:4:1,1,4,1,42,210,B,False,4368.572,4371.454,ok,,0.09090909090909094,0.02237339380196523,0.07843137254901962,20,2,5,45,0.8571428571428571,7.384636255526005,0.029764365440264617
groot_l10_500,r6p3v2_groot_l10_500_B_r0,r6p3v2_groot_l10_500_B_r0:eval:4:1,1,4,1,44,220,B,False,4086.438,4089.085,ok,,0.09302325581395343,0.028282828282828312,0.07843137254901962,20,2,5,45,0.8979591836734694,7.506269323571232,0.05415460934270355
groot_l10_500,r6p3v2_groot_l10_500_B_r0,r6p3v2_groot_l10_500_B_r0:eval:4:1,1,4,1,46,230,B,False,4309.805,4312.537,slow_ambiguous,,0.04761904761904767,0.03505224132119992,0.07843137254901962,20,2,5,45,0.9387755102040817,7.362501321514725,0.049914917753828614
groot_l10_500,r6p3v2_groot_l10_500_B_r0,r6p3v2_groot_l10_500_B_r0:eval:4:1,1,4,1,48,240,B,True,4162.601,4165.338,slow_confirmed,,0.0,0.03505224132119992,0.07843137254901966,20,2,5,45,1.0,7.477236822825468,0.040000000000000036
groot_l10_500,r6p3v2_groot_l10_500_B_r0,r6p3v2_groot_l10_500_B_r0:eval:4:1,1,4,1,50,250,B,True,4197.796,4200.519,slow_confirmed,,0.0,0.011904761904761862,0.07843137254901955,20,2,5,45,1.0,8.613854495644693,0.040000000000000036
groot_l10_500,r6p3v2_groot_l10_500_B_r0,r6p3v2_groot_l10_500_B_r0:eval:4:1,1,4,1,52,260,B,True,4252.454,4255.494,slow_confirmed,,0.0,0.008281573498964856,0.07843137254901955,20,2,5,45,1.0,9.8682002962867,0.0
groot_l10_500,r6p3v2_groot_l10_500_B_r0,r6p3v2_groot_l10_500_B_r0:eval:4:1,1,4,1,54,270,B,False,4260.826,4263.479,slow_confirmed,,0.0,0.010457516339869133,0.07843137254901955,20,2,5,45,0.92,10.82453591224485,0.04347826086956519
groot_l10_500,r6p3v2_groot_l10_500_B_r0,r6p3v2_groot_l10_500_B_r0:eval:4:1,1,4,1,56,280,B,True,4220.156,4222.867,slow_confirmed,,0.0,0.006349206349206327,0.07843137254901955,20,2,5,45,0.5652173913043478,11.079135139895044,0.0
groot_l10_500,r6p3v2_groot_l10_500_B_r0,r6p3v2_groot_l10_500_B_r0:eval:4:1,1,4,1,58,290,B,False,4088.609,4091.34,slow_confirmed,,0.0,0.006349206349206327,0.07843137254901955,20,2,5,45,0.5423728813559322,11.24393924279797,0.0
groot_l10_500,r6p3v2_groot_l10_500_B_r0,r6p3v2_groot_l10_500_B_r0:eval:4:1,1,4,1,60,300,B,True,4249.228,4257.47,slow_confirmed,,0.0,0.006349206349206327,0.07843137254901955,20,2,5,45,0.5423728813559322,11.549857719550078,0.0
groot_l10_500,r6p3v2_groot_l10_500_B_r0,r6p3v2_groot_l10_500_B_r0:eval:4:1,1,4,1,62,310,B,False,4325.183,4328.008,slow_confirmed,,0.0,0.011904761904761862,0.07843137254901955,20,2,5,45,0.5423728813559322,11.737781929646268,0.44067796610169496
groot_l10_500,r6p3v2_groot_l10_500_B_r0,r6p3v2_groot_l10_500_B_r0:eval:4:1,1,4,1,64,320,B,True,4400.318,4403.258,slow_confirmed,,0.0,0.011904761904761862,0.07843137254901955,20,2,5,45,0.5423728813559322,12.080600093637685,0.44067796610169496
groot_l10_500,r6p3v2_groot_l10_500_B_r0,r6p3v2_groot_l10_500_B_r0:eval:4:1,1,4,1,66,330,B,False,4433.443,4436.353,slow_confirmed,,0.0,0.008281573498964745,0.07843137254901955,20,2,5,45,0.9830508474576272,12.349495579793983,0.0
groot_l10_500,r6p3v2_groot_l10_500_B_r0,r6p3v2_groot_l10_500_B_r0:eval:4:1,1,4,1,68,340,B,False,4221.366,4224.149,slow_confirmed,,0.0,0.008281573498964745,0.07843137254901955,20,2,5,45,0.9830508474576272,12.662176706498238,0.0
groot_l10_500,r6p3v2_groot_l10_500_B_r0,r6p3v2_groot_l10_500_B_r0:eval:4:1,1,4,1,70,350,B,True,4333.491,4344.385,slow_confirmed,,0.0,0.023661638568470846,0.07843137254901955,20,2,5,45,0.9830508474576272,12.953743770747137,0.19230769230769224
groot_l10_500,r6p3v2_groot_l10_500_B_r0,r6p3v2_groot_l10_500_B_r0:eval:4:1,1,4,1,72,360,B,False,4296.181,4298.87,slow_confirmed,,0.0,0.008281573498964745,0.07843137254901955,20,2,5,45,0.9830508474576272,13.430478577285024,0.0
groot_l10_500,r6p3v2_groot_l10_500_B_r0,r6p3v2_groot_l10_500_B_r0:eval:4:1,1,4,1,74,370,B,True,4198.113,4200.811,slow_confirmed,,0.0,0.011904761904761862,0.07843137254901955,20,2,5,45,0.5423728813559322,13.661841233188133,0.44067796610169496
groot_l10_500,r6p3v2_groot_l10_500_B_r0,r6p3v2_groot_l10_500_B_r0:eval:4:1,1,4,1,76,380,B,False,4329.17,4331.806,slow_confirmed,,0.0,0.006349206349206327,0.07843137254901955,20,2,5,45,0.5423728813559322,13.973021529613773,0.0
groot_l10_500,r6p3v2_groot_l10_500_B_r0,r6p3v2_groot_l10_500_B_r0:eval:4:1,1,4,1,78,390,B,True,4156.943,4159.674,slow_confirmed,,0.0,0.023661638568470846,0.07843137254901955,20,2,5,45,1.0,14.032646449868588,0.44067796610169496
groot_l10_500,r6p3v2_groot_l10_500_B_r0,r6p3v2_groot_l10_500_B_r0:eval:4:1,1,4,1,80,400,B,True,4440.405,4443.25,slow_confirmed,,0.0,0.010457516339869244,0.07843137254901955,20,2,5,45,0.5769230769230769,14.215712457610499,0.44067796610169496
groot_l10_500,r6p3v2_groot_l10_500_B_r0,r6p3v2_groot_l10_500_B_r0:eval:4:1,1,4,1,82,410,B,True,4223.769,4226.407,slow_confirmed,,0.0,0.008281573498964856,0.07843137254901955,20,2,5,45,1.0,14.147249665907067,0.0
groot_l10_500,r6p3v2_groot_l10_500_B_r0,r6p3v2_groot_l10_500_B_r0:eval:4:1,1,4,1,84,420,B,True,4125.9,4128.718,slow_confirmed,,0.0,0.023661638568470846,0.07843137254901955,20,2,5,45,1.0,14.254367954415258,0.4782608695652174
groot_l10_500,r6p3v2_groot_l10_500_B_r0,r6p3v2_groot_l10_500_B_r0:eval:4:1,1,4,1,86,430,B,False,4253.954,4256.551,slow_confirmed,,0.0,0.023661638568470846,0.07843137254901955,20,2,5,45,1.0,14.176113193488527,0.4782608695652174
groot_l10_500,r6p3v2_groot_l10_500_B_r0,r6p3v2_groot_l10_500_B_r0:eval:4:1,1,4,1,88,440,B,False,4198.771,4201.524,slow_confirmed,,0.0,0.023661638568470846,0.07843137254901955,20,2,5,45,1.0,14.20664667345892,0.44067796610169496
groot_l10_500,r6p3v2_groot_l10_500_B_r0,r6p3v2_groot_l10_500_B_r0:eval:4:1,1,4,1,90,450,B,True,4266.985,4269.647,slow_confirmed,,0.0,0.008281573498964856,0.07843137254901955,20,2,5,45,1.0,14.28689066986613,0.0
groot_l10_500,r6p3v2_groot_l10_500_B_r0,r6p3v2_groot_l10_500_B_r0:eval:4:1,1,4,1,92,460,B,False,4122.657,4125.164,slow_confirmed,,0.0,0.008281573498964856,0.07843137254901955,20,2,5,45,1.0,14.272005757046804,0.0
groot_l10_500,r6p3v2_groot_l10_500_B_r0,r6p3v2_groot_l10_500_B_r0:eval:4:1,1,4,1,94,470,B,False,4075.576,4077.968,slow_confirmed,,0.0,0.008281573498964856,0.07843137254901955,20,2,5,45,1.0,14.345581945618704,0.0
groot_l10_500,r6p3v2_groot_l10_500_B_r0,r6p3v2_groot_l10_500_B_r0:eval:4:1,1,4,1,96,480,B,False,4397.675,4400.218,slow_confirmed,,0.0,0.008281573498964745,0.07843137254901955,20,2,5,45,0.9830508474576272,14.303229241583999,0.016949152542372836
groot_l10_500,r6p3v2_groot_l10_500_B_r0,r6p3v2_groot_l10_500_B_r0:eval:4:1,1,4,1,98,490,B,False,4140.183,4142.673,slow_confirmed,,0.0,0.023661638568470846,0.07843137254901955,20,2,5,45,0.9830508474576272,14.27805009446965,0.4782608695652174
groot_l10_500,r6p3v2_groot_l10_500_B_r0,r6p3v2_groot_l10_500_B_r0:eval:4:1,1,4,1,100,500,B,True,4396.964,4399.537,slow_confirmed,,0.0,0.008281573498964856,0.07843137254901955,20,2,5,45,1.0,14.22821388841494,0.0
groot_l10_500,r6p3v2_groot_l10_500_B_r0,r6p3v2_groot_l10_500_B_r0:eval:4:1,1,4,1,102,510,B,True,4287.63,4290.346,slow_confirmed,,0.0,0.011904761904761918,0.07843137254901955,20,2,5,45,0.9130434782608695,14.535929133584318,0.5238095238095238
groot_l10_500,r6p3v2_groot_l10_500_B_r0,r6p3v2_groot_l10_500_B_r0:eval:5:0,1,5,0,0,0,B,False,43.616,46.396,inactive,warming_up,,,,0,2,5,46,,,
groot_l10_500,r6p3v2_groot_l10_500_B_r0,r6p3v2_groot_l10_500_B_r0:eval:5:0,1,5,0,2,10,B,False,30.101,31.646,inactive,warming_up,,,,0,2,5,46,,,
groot_l10_500,r6p3v2_groot_l10_500_B_r0,r6p3v2_groot_l10_500_B_r0:eval:5:0,1,5,0,4,20,B,False,4318.296,4320.642,ok,,0.09523809523809523,0.02028397565922921,0.07407407407407407,20,2,5,46,0.037037037037037035,8.08224272387213,0.05092592592592593
groot_l10_500,r6p3v2_groot_l10_500_B_r0,r6p3v2_groot_l10_500_B_r0:eval:5:0,1,5,0,6,30,B,False,4065.567,4068.475,ok,,0.11428571428571428,0.03793103448275863,0.07407407407407407,20,2,5,46,0.07407407407407407,7.724609917620775,0.11342592592592593
groot_l10_500,r6p3v2_groot_l10_500_B_r0,r6p3v2_groot_l10_500_B_r0:eval:5:0,1,5,0,8,40,B,False,4188.375,4191.144,ok,,0.09523809523809523,0.047008547008547,0.07407407407407407,20,2,5,46,0.14285714285714285,7.93219383453462,0.07188940092165899
groot_l10_500,r6p3v2_groot_l10_500_B_r0,r6p3v2_groot_l10_500_B_r0:eval:5:0,1,5,0,10,50,B,False,4212.409,4215.028,ok,,0.1025641025641026,0.03793103448275863,0.07407407407407407,20,2,5,46,0.22857142857142856,8.634271816411996,0.07188940092165899
groot_l10_500,r6p3v2_groot_l10_500_B_r0,r6p3v2_groot_l10_500_B_r0:eval:5:0,1,5,0,12,60,B,False,4157.671,4160.156,ok,,0.12121212121212122,0.048120300751879674,0.07407407407407407,20,2,5,46,0.25,8.734178901784045,0.026468155500413593
groot_l10_500,r6p3v2_groot_l10_500_B_r0,r6p3v2_groot_l10_500_B_r0:eval:5:0,1,5,0,14,70,B,False,4246.793,4249.296,ok,,0.125,0.048120300751879674,0.07407407407407407,20,2,5,46,0.3125,9.151826750044565,0.02376910016977929
groot_l10_500,r6p3v2_groot_l10_500_B_r0,r6p3v2_groot_l10_500_B_r0:eval:5:0,1,5,0,16,80,B,False,4046.115,4048.776,ok,,0.11111111111111112,0.027439024390243927,0.07407407407407407,20,2,5,46,0.41025641025641024,9.644918150086161,0.026468155500413648
groot_l10_500,r6p3v2_groot_l10_500_B_r0,r6p3v2_groot_l10_500_B_r0:eval:5:0,1,5,0,18,90,B,True,4117.849,4120.614,ok,,0.125,0.0499194847020934,0.07407407407407407,20,2,5,46,0.4375,8.970013974864253,0.02376910016977922
groot_l10_500,r6p3v2_groot_l10_500_B_r0,r6p3v2_groot_l10_500_B_r0:eval:5:0,1,5,0,20,100,B,False,4201.457,4204.156,ok,,0.11111111111111116,0.04761904761904756,0.07407407407407407,20,2,5,46,0.5,8.271386287120079,0.0588568194680249
groot_l10_500,r6p3v2_groot_l10_500_B_r0,r6p3v2_groot_l10_500_B_r0:eval:5:0,1,5,0,22,110,B,True,4121.671,4124.278,ok,,0.10526315789473684,0.051785714285714324,0.07407407407407407,20,2,5,46,0.5625,7.677732749901762,0.06653225806451613
groot_l10_500,r6p3v2_groot_l10_500_B_r0,r6p3v2_groot_l10_500_B_r0:eval:5:0,1,5,0,24,120,B,False,4088.495,4091.085,ok,,0.10526315789473684,0.07017543859649122,0.07407407407407407,20,2,5,46,0.625,7.263465965166115,0.06048387096774199
groot_l10_500,r6p3v2_groot_l10_500_B_r0,r6p3v2_groot_l10_500_B_r0:eval:5:0,1,5,0,26,130,B,True,4153.428,4155.885,ok,,0.09523809523809523,0.06349206349206349,0.07407407407407407,20,2,5,46,0.6842105263157895,7.270841225238797,0.10691244239631326
groot_l10_500,r6p3v2_groot_l10_500_B_r0,r6p3v2_groot_l10_500_B_r0:eval:5:0,1,5,0,28,140,B,False,4164.43,4167.086,ok,,0.11428571428571421,0.06209150326797386,0.07407407407407407,20,2,5,46,0.7741935483870968,7.038997399060098,0.15846066779852863
groot_l10_500,r6p3v2_groot_l10_500_B_r0,r6p3v2_groot_l10_500_B_r0:eval:5:0,1,5,0,30,150,B,False,4198.784,4201.401,ok,,0.09999999999999998,0.06209150326797386,0.07407407407407407,20,2,5,46,0.8125,7.310026695415914,0.1524122807017544
groot_l10_500,r6p3v2_groot_l10_500_B_r0,r6p3v2_groot_l10_500_B_r0:eval:5:0,1,5,0,32,160,B,True,4102.483,4105.208,slow_ambiguous,,0.0625,0.06775956284153001,0.07407407407407407,20,2,5,46,0.8888888888888888,7.149014986842906,0.08479532163742687
groot_l10_500,r6p3v2_groot_l10_500_B_r0,r6p3v2_groot_l10_500_B_r0:eval:5:1,2,5,1,0,0,B,False,42.228,45.105,inactive,warming_up,,,,0,2,5,46,,,
groot_l10_500,r6p3v2_groot_l10_500_B_r0,r6p3v2_groot_l10_500_B_r0:eval:5:1,2,5,1,2,10,B,False,29.506,31.226,inactive,warming_up,,,,0,2,5,46,,,
groot_l10_500,r6p3v2_groot_l10_500_B_r0,r6p3v2_groot_l10_500_B_r0:eval:5:1,2,5,1,4,20,B,True,4255.547,4258.162,ok,,0.125,0.02903225806451612,0.07407407407407407,20,2,5,46,0.0,8.589666763912133,0.07142857142857142
groot_l10_500,r6p3v2_groot_l10_500_B_r0,r6p3v2_groot_l10_500_B_r0:eval:5:1,2,5,1,6,30,B,False,4119.72,4122.463,ok,,0.1142857142857143,0.03379416282642089,0.07407407407407407,20,2,5,46,0.047619047619047616,7.9419056342461545,0.10109289617486339
groot_l10_500,r6p3v2_groot_l10_500_B_r0,r6p3v2_groot_l10_500_B_r0:eval:5:1,2,5,1,8,40,B,True,4188.864,4191.38,ok,,0.11111111111111113,0.03703703703703706,0.07407407407407407,20,2,5,46,0.11428571428571428,8.291870378794389,0.09221311475409837
groot_l10_500,r6p3v2_groot_l10_500_B_r0,r6p3v2_groot_l10_500_B_r0:eval:5:1,2,5,1,10,50,B,False,4114.77,4117.376,ok,,0.11111111111111112,0.01764705882352946,0.07407407407407407,20,2,5,46,0.15,8.84436600105573,0.09226190476190477
groot_l10_500,r6p3v2_groot_l10_500_B_r0,r6p3v2_groot_l10_500_B_r0:eval:5:1,2,5,1,12,60,B,False,4182.598,4185.247,ok,,0.09523809523809523,0.029032258064516148,0.07407407407407407,20,2,5,46,0.25,9.837162607815477,0.06209150326797387
groot_l10_500,r6p3v2_groot_l10_500_B_r0,r6p3v2_groot_l10_500_B_r0:eval:5:1,2,5,1,14,70,B,False,4127.452,4130.212,ok,,0.13793103448275862,0.029822926374650505,0.07407407407407407,20,2,5,46,0.3125,9.973182998048395,0.03619909502262446
groot_l10_500,r6p3v2_groot_l10_500_B_r0,r6p3v2_groot_l10_500_B_r0:eval:5:1,2,5,1,16,80,B,False,4426.47,4429.353,ok,,0.14285714285714285,0.04144144144144146,0.07407407407407407,20,2,5,46,0.35294117647058826,9.57003341273508,0.06985294117647056
groot_l10_500,r6p3v2_groot_l10_500_B_r0,r6p3v2_groot_l10_500_B_r0:eval:5:1,2,5,1,18,90,B,False,6576.164,6580.374,ok,,0.11764705882352944,0.029032258064516148,0.07407407407407407,20,2,5,46,0.47058823529411764,9.580683724410727,0.0677555958862674
groot_l10_500,r6p3v2_groot_l10_500_B_r0,r6p3v2_groot_l10_500_B_r0:eval:5:1,2,5,1,20,100,B,False,5158.26,5161.632,ok,,0.125,0.024456521739130432,0.07407407407407407,20,2,5,46,0.5,9.21938818173566,0.07120743034055732
groot_l10_500,r6p3v2_groot_l10_500_B_r0,r6p3v2_groot_l10_500_B_r0:eval:5:1,2,5,1,22,110,B,True,4369.667,4373.095,ok,,0.125,0.051785714285714324,0.07407407407407407,20,2,5,46,0.5625,8.747923752220474,0.03266787658802173
groot_l10_500,r6p3v2_groot_l10_500_B_r0,r6p3v2_groot_l10_500_B_r0:eval:5:1,2,5,1,24,120,B,False,4475.375,4478.234,ok,,0.125,0.063003663003663,0.07407407407407407,20,2,5,46,0.6857142857142857,8.164836755746414,0.07910750507099396
groot_l10_500,r6p3v2_groot_l10_500_B_r0,r6p3v2_groot_l10_500_B_r0:eval:5:1,2,5,1,26,130,B,False,4488.341,4491.333,ok,,0.125,0.05313092979127121,0.07407407407407407,20,2,5,46,0.7058823529411765,8.298242173009099,0.11764705882352947
groot_l10_500,r6p3v2_groot_l10_500_B_r0,r6p3v2_groot_l10_500_B_r0:eval:5:1,2,5,1,28,140,B,True,4527.868,4535.624,ok,,0.125,0.063003663003663,0.07407407407407407,20,2,5,46,0.8,7.986172964243455,0.07321428571428579
groot_l10_500,r6p3v2_groot_l10_500_B_r0,r6p3v2_groot_l10_500_B_r0:eval:5:1,2,5,1,30,150,B,False,4190.854,4193.614,ok,,0.08108108108108103,0.06349206349206349,0.07407407407407407,20,2,5,46,0.8125,8.076079981928183,0.09221311475409832
groot_l10_500,r6p3v2_groot_l10_500_B_r0,r6p3v2_groot_l10_500_B_r0:eval:6:0,1,6,0,0,0,B,False,50.578,53.567,inactive,warming_up,,,,0,2,5,39,,,
groot_l10_500,r6p3v2_groot_l10_500_B_r0,r6p3v2_groot_l10_500_B_r0:eval:6:0,1,6,0,2,10,B,False,42.082,44.622,inactive,warming_up,,,,0,2,5,39,,,
groot_l10_500,r6p3v2_groot_l10_500_B_r0,r6p3v2_groot_l10_500_B_r0:eval:6:0,1,6,0,4,20,B,False,5546.332,5549.363,ok,,0.0784313725490196,0.017221584385763503,0.059701492537313425,20,2,5,39,0.0,8.237646185147854,0.04366197183098592
groot_l10_500,r6p3v2_groot_l10_500_B_r0,r6p3v2_groot_l10_500_B_r0:eval:6:0,1,6,0,6,30,B,True,4090.766,4096.645,ok,,0.0784313725490196,0.017221584385763503,0.059701492537313425,20,2,5,39,0.04081632653061224,7.339946915585223,0.04117647058823529
groot_l10_500,r6p3v2_groot_l10_500_B_r0,r6p3v2_groot_l10_500_B_r0:eval:6:0,1,6,0,8,40,B,False,4069.621,4072.602,ok,,0.09302325581395349,0.018367346938775522,0.059701492537313425,20,2,5,39,0.08955223880597014,7.614902722467703,0.044017607042817125
groot_l10_500,r6p3v2_groot_l10_500_B_r0,r6p3v2_groot_l10_500_B_r0:eval:6:0,1,6,0,10,50,B,True,3661.406,3663.971,ok,,0.08888888888888888,0.015437392795883367,0.05970149253731344,20,2,5,39,0.13333333333333333,8.071742557225248,0.019129603060736494
groot_l10_500,r6p3v2_groot_l10_500_B_r0,r6p3v2_groot_l10_500_B_r0:eval:6:0,1,6,0,12,60,B,False,4178.635,4181.699,ok,,0.09523809523809523,0.02564102564102566,0.05970149253731344,20,2,5,39,0.18604651162790697,8.149666310835213,0.0215686274509804
groot_l10_500,r6p3v2_groot_l10_500_B_r0,r6p3v2_groot_l10_500_B_r0:eval:6:0,1,6,0,14,70,B,True,4184.055,4187.804,ok,,0.09756097560975613,0.03508771929824561,0.05970149253731344,20,2,5,39,0.23255813953488372,7.586194985841625,0.024132730015082968
groot_l10_500,r6p3v2_groot_l10_500_B_r0,r6p3v2_groot_l10_500_B_r0:eval:6:0,1,6,0,16,80,B,False,3735.364,3738.299,ok,,0.09756097560975613,0.03508771929824561,0.05970149253731344,20,2,5,39,0.27906976744186046,7.55267015332655,0.024132730015082926
groot_l10_500,r6p3v2_groot_l10_500_B_r0,r6p3v2_groot_l10_500_B_r0:eval:6:0,1,6,0,18,90,B,True,3929.2,3931.991,ok,,0.09756097560975607,0.03508771929824561,0.05970149253731344,20,2,5,39,0.34146341463414637,8.037848815142238,0.024132730015082995
groot_l10_500,r6p3v2_groot_l10_500_B_r0,r6p3v2_groot_l10_500_B_r0:eval:6:0,1,6,0,20,100,B,False,3937.724,3940.573,ok,,0.09756097560975607,0.03508771929824561,0.05970149253731344,20,2,5,39,0.35,7.681523935497288,0.02156862745098044
groot_l10_500,r6p3v2_groot_l10_500_B_r0,r6p3v2_groot_l10_500_B_r0:eval:6:0,1,6,0,22,110,B,False,3761.583,3764.375,ok,,0.09756097560975613,0.040909090909090895,0.05970149253731344,20,2,5,39,0.4,7.476975796387788,0.11764705882352944
groot_l10_500,r6p3v2_groot_l10_500_B_r0,r6p3v2_groot_l10_500_B_r0:eval:6:0,1,6,0,24,120,B,False,3816.599,3819.572,ok,,0.09756097560975607,0.051219512195121886,0.05970149253731344,20,2,5,39,0.45,7.51634277418102,0.1176470588235295
groot_l10_500,r6p3v2_groot_l10_500_B_r0,r6p3v2_groot_l10_500_B_r0:eval:6:0,1,6,0,26,130,B,True,3891.999,3895.039,ok,,0.09523809523809523,0.06666666666666676,0.05970149253731344,20,2,5,39,0.5365853658536586,7.787382393964246,0.019129603060736522
groot_l10_500,r6p3v2_groot_l10_500_B_r0,r6p3v2_groot_l10_500_B_r0:eval:6:0,1,6,0,28,140,B,False,3825.775,3828.912,ok,,0.09756097560975618,0.056338028169014065,0.05970149253731344,20,2,5,39,0.5714285714285714,8.275293009641793,0.06162464985994398
groot_l10_500,r6p3v2_groot_l10_500_B_r0,r6p3v2_groot_l10_500_B_r0:eval:6:0,1,6,0,30,150,B,False,3836.865,3839.588,ok,,0.09756097560975607,0.0368421052631579,0.05970149253731338,20,2,5,39,0.6190476190476191,8.55707522323405,0.044296788482835026
groot_l10_500,r6p3v2_groot_l10_500_B_r0,r6p3v2_groot_l10_500_B_r0:eval:6:0,1,6,0,32,160,B,False,4090.552,4093.22,ok,,0.09523809523809523,0.0368421052631579,0.05970149253731338,20,2,5,39,0.6666666666666666,8.39343056933613,0.05348837209302326
groot_l10_500,r6p3v2_groot_l10_500_B_r0,r6p3v2_groot_l10_500_B_r0:eval:6:0,1,6,0,34,170,B,False,3940.09,3942.804,ok,,0.09523809523809523,0.030000000000000027,0.059701492537313494,20,2,5,39,0.7441860465116279,7.676359544677296,0.07156862745098047
groot_l10_500,r6p3v2_groot_l10_500_B_r0,r6p3v2_groot_l10_500_B_r0:eval:6:0,1,6,0,36,180,B,False,3974.635,3977.389,ok,,0.13953488372093026,0.05882352941176461,0.05970149253731344,20,2,5,39,0.7619047619047619,7.503554575293937,0.05243902439024395
groot_l10_500,r6p3v2_groot_l10_500_B_r0,r6p3v2_groot_l10_500_B_r0:eval:6:0,1,6,0,38,190,B,False,3650.977,3653.739,ok,,0.09302325581395343,0.05970149253731344,0.05970149253731344,20,2,5,39,0.8292682926829268,7.489813097135958,0.04756097560975614
groot_l10_500,r6p3v2_groot_l10_500_B_r0,r6p3v2_groot_l10_500_B_r0:eval:6:0,1,6,0,40,200,B,False,3837.84,3840.709,slow_ambiguous,,0.04999999999999993,0.04901960784313719,0.059701492537313494,20,2,5,39,0.9,7.5035626039867855,0.07847295864262982
groot_l10_500,r6p3v2_groot_l10_500_B_r0,r6p3v2_groot_l10_500_B_r0:eval:6:1,1,6,1,0,0,B,False,45.115,47.849,inactive,warming_up,,,,0,2,5,39,,,
groot_l10_500,r6p3v2_groot_l10_500_B_r0,r6p3v2_groot_l10_500_B_r0:eval:6:1,1,6,1,2,10,B,False,31.143,32.845,inactive,warming_up,,,,0,2,5,39,,,
groot_l10_500,r6p3v2_groot_l10_500_B_r0,r6p3v2_groot_l10_500_B_r0:eval:6:1,1,6,1,4,20,B,False,3966.659,3969.349,ok,,0.08888888888888889,0.018367346938775522,0.059701492537313425,20,2,5,39,0.0,7.7650595178041115,0.0380479735318445
groot_l10_500,r6p3v2_groot_l10_500_B_r0,r6p3v2_groot_l10_500_B_r0:eval:6:1,1,6,1,6,30,B,False,3857.837,3860.704,ok,,0.10256410256410257,0.02564102564102566,0.059701492537313425,20,2,5,39,0.044444444444444446,7.288242362739456,0.031111111111111117
groot_l10_500,r6p3v2_groot_l10_500_B_r0,r6p3v2_groot_l10_500_B_r0:eval:6:1,1,6,1,8,40,B,True,3881.974,3884.746,ok,,0.0975609756097561,0.015437392795883367,0.059701492537313425,20,2,5,39,0.0975609756097561,7.717275074698844,0.02256410256410256
groot_l10_500,r6p3v2_groot_l10_500_B_r0,r6p3v2_groot_l10_500_B_r0:eval:6:1,1,6,1,10,50,B,False,3946.693,3949.463,ok,,0.08888888888888888,0.01432880844645551,0.059701492537313425,20,2,5,39,0.12,7.845543476024727,0.037500000000000006
groot_l10_500,r6p3v2_groot_l10_500_B_r0,r6p3v2_groot_l10_500_B_r0:eval:6:1,1,6,1,12,60,B,False,3808.902,3811.465,ok,,0.06451612903225806,0.02284781721746229,0.059701492537313425,20,2,5,39,0.17777777777777778,8.594526111752826,0.04878048780487804
groot_l10_500,r6p3v2_groot_l10_500_B_r0,r6p3v2_groot_l10_500_B_r0:eval:6:1,1,6,1,14,70,B,False,3799.907,3802.51,slow_ambiguous,,0.04878048780487804,0.034094368340943704,0.05970149253731344,20,2,5,39,0.24390243902439024,8.294144150011972,0.06631097560975613
groot_l10_500,r6p3v2_groot_l10_500_B_r0,r6p3v2_groot_l10_500_B_r0:eval:6:1,1,6,1,16,80,B,False,3884.887,3887.652,slow_ambiguous,,0.04545454545454547,0.015735641227380026,0.05970149253731344,20,2,5,39,0.24390243902439024,8.483887337539352,0.05909943714821769
groot_l10_500,r6p3v2_groot_l10_500_B_r0,r6p3v2_groot_l10_500_B_r0:eval:6:1,1,6,1,18,90,B,True,3791.228,3793.873,ok,,0.08000000000000002,0.02284781721746229,0.059701492537313425,20,2,5,39,0.2727272727272727,8.064259765336768,0.05909943714821764
groot_l10_500,r6p3v2_groot_l10_500_B_r0,r6p3v2_groot_l10_500_B_r0:eval:6:1,1,6,1,20,100,B,False,3898.037,3900.653,ok,,0.09090909090909094,0.016806722689075626,0.05970149253731344,20,2,5,39,0.3181818181818182,8.80591000099068,0.04029850746268664
groot_l10_500,r6p3v2_groot_l10_500_B_r0,r6p3v2_groot_l10_500_B_r0:eval:6:1,1,6,1,22,110,B,False,3889.629,3892.3,ok,,0.09090909090909094,0.016806722689075626,0.05970149253731344,20,2,5,39,0.32,8.554041759283212,0.037859483072442635
groot_l10_500,r6p3v2_groot_l10_500_B_r0,r6p3v2_groot_l10_500_B_r0:eval:6:1,1,6,1,24,120,B,False,3903.554,3906.145,ok,,0.09090909090909088,0.044242768009075395,0.05970149253731344,20,2,5,39,0.36363636363636365,8.435388996134483,0.09029850746268658
groot_l10_500,r6p3v2_groot_l10_500_B_r0,r6p3v2_groot_l10_500_B_r0:eval:6:1,1,6,1,26,130,B,False,3889.639,3892.411,ok,,0.07999999999999996,0.054698457223001484,0.05970149253731344,20,2,5,39,0.45,7.572846286113093,0.04756871035940807
groot_l10_500,r6p3v2_groot_l10_500_B_r0,r6p3v2_groot_l10_500_B_r0:eval:6:1,1,6,1,28,140,B,False,3836.562,3839.369,ok,,0.09090909090909088,0.05633802816901412,0.05970149253731344,20,2,5,39,0.45454545454545453,7.449520367131847,0.02000000000000003
groot_l10_500,r6p3v2_groot_l10_500_B_r0,r6p3v2_groot_l10_500_B_r0:eval:6:1,1,6,1,30,150,B,True,3919.256,3922.001,ok,,0.08695652173913038,0.04651162790697683,0.05970149253731344,20,2,5,39,0.5,7.728515210273563,0.021568627450980427
groot_l10_500,r6p3v2_groot_l10_500_B_r0,r6p3v2_groot_l10_500_B_r0:eval:6:1,1,6,1,32,160,B,False,3856.576,3859.373,ok,,0.09523809523809523,0.05970149253731338,0.05970149253731338,20,2,5,39,0.5714285714285714,8.149538572915603,0.020000000000000018
groot_l10_500,r6p3v2_groot_l10_500_B_r0,r6p3v2_groot_l10_500_B_r0:eval:6:1,1,6,1,34,170,B,True,3842.763,3845.533,ok,,0.09523809523809523,0.023076923076922995,0.05970149253731338,20,2,5,39,0.6190476190476191,8.41552631588274,0.022564102564102573
groot_l10_500,r6p3v2_groot_l10_500_B_r0,r6p3v2_groot_l10_500_B_r0:eval:6:1,1,6,1,36,180,B,False,3734.528,3737.343,ok,,0.09523809523809523,0.05633802816901401,0.05970149253731338,20,2,5,39,0.6666666666666666,8.404527746024051,0.017457719585379228
groot_l10_500,r6p3v2_groot_l10_500_B_r0,r6p3v2_groot_l10_500_B_r0:eval:6:1,1,6,1,38,190,B,False,3833.883,3836.436,ok,,0.09756097560975607,0.0547945205479452,0.05970149253731338,20,2,5,39,0.7317073170731707,8.129069023757681,0.017457719585379117
groot_l10_500,r6p3v2_groot_l10_500_B_r0,r6p3v2_groot_l10_500_B_r0:eval:6:1,1,6,1,40,200,B,False,3765.697,3768.441,ok,,0.1132075471698114,0.044242768009075395,0.059701492537313494,20,2,5,39,0.7169811320754716,8.334928238292273,0.0926713947990544
groot_l10_500,r6p3v2_groot_l10_500_B_r0,r6p3v2_groot_l10_500_B_r0:eval:6:1,1,6,1,42,210,B,False,3835.388,3838.108,slow_ambiguous,,0.05263157894736836,0.04718137254901955,0.05970149253731344,20,2,5,39,0.7547169811320755,8.914667260332513,0.05103411227504706
groot_l10_500,r6p3v2_groot_l10_500_B_r0,r6p3v2_groot_l10_500_B_r0:eval:6:1,1,6,1,44,220,B,False,3832.046,3834.573,slow_ambiguous,,0.0434782608695653,0.04617330803289055,0.05970149253731346,20,2,5,39,0.8947368421052632,10.03893488608893,0.10526315789473684
groot_l10_500,r6p3v2_groot_l10_500_B_r0,r6p3v2_groot_l10_500_B_r0:eval:7:0,1,7,0,0,0,B,False,41.347,43.797,inactive,warming_up,,,,0,2,5,42,,,
groot_l10_500,r6p3v2_groot_l10_500_B_r0,r6p3v2_groot_l10_500_B_r0:eval:7:0,1,7,0,2,10,B,False,29.644,31.344,inactive,warming_up,,,,0,2,5,42,,,
groot_l10_500,r6p3v2_groot_l10_500_B_r0,r6p3v2_groot_l10_500_B_r0:eval:7:0,1,7,0,4,20,B,False,5747.799,5750.053,ok,,0.07692307692307693,0.03152088258471237,0.07017543859649122,20,2,5,42,0.0,7.698804027275099,0.04333333333333333
groot_l10_500,r6p3v2_groot_l10_500_B_r0,r6p3v2_groot_l10_500_B_r0:eval:7:0,1,7,0,6,30,B,False,4071.442,4074.053,ok,,0.0851063829787234,0.03152088258471237,0.07017543859649122,20,2,5,42,0.0,6.509249792253872,0.054901960784313725
groot_l10_500,r6p3v2_groot_l10_500_B_r0,r6p3v2_groot_l10_500_B_r0:eval:7:0,1,7,0,8,40,B,False,4122.57,4131.205,ok,,0.08510638297872339,0.04163265306122448,0.07017543859649122,20,2,5,42,0.0784313725490196,6.946253185280071,0.04656862745098039
groot_l10_500,r6p3v2_groot_l10_500_B_r0,r6p3v2_groot_l10_500_B_r0:eval:7:0,1,7,0,10,50,B,False,4124.531,4127.327,ok,,0.08333333333333334,0.03152088258471237,0.07017543859649122,20,2,5,42,0.12244897959183673,6.575851724062019,0.16452830188679243
groot_l10_500,r6p3v2_groot_l10_500_B_r0,r6p3v2_groot_l10_500_B_r0:eval:7:0,1,7,0,12,60,B,True,4191.375,4194.004,ok,,0.08510638297872339,0.03547169811320755,0.07017543859649122,20,2,5,42,0.16326530612244897,6.434284657268985,0.3058503401360544
groot_l10_500,r6p3v2_groot_l10_500_B_r0,r6p3v2_groot_l10_500_B_r0:eval:7:0,1,7,0,14,70,B,True,4114.496,4117.165,ok,,0.12499999999999997,0.03152088258471237,0.07017543859649122,20,2,5,42,0.20833333333333334,6.900436759976894,0.18666666666666665
groot_l10_500,r6p3v2_groot_l10_500_B_r0,r6p3v2_groot_l10_500_B_r0:eval:7:0,1,7,0,16,80,B,False,4088.833,4091.537,ok,,0.08163265306122447,0.032478632478632474,0.07017543859649122,20,2,5,42,0.24489795918367346,7.879307878369048,0.0051063829787234005
groot_l10_500,r6p3v2_groot_l10_500_B_r0,r6p3v2_groot_l10_500_B_r0:eval:7:0,1,7,0,18,90,B,False,4181.567,4184.121,ok,,0.08163265306122452,0.013417190775681376,0.07017543859649122,20,2,5,42,0.2857142857142857,8.276251699022964,0.08666666666666673
groot_l10_500,r6p3v2_groot_l10_500_B_r0,r6p3v2_groot_l10_500_B_r0:eval:7:0,1,7,0,20,100,B,True,4134.44,4137.109,ok,,0.08163265306122452,0.006675010429703809,0.07017543859649122,20,2,5,42,0.32653061224489793,8.446490714578838,0.006675010429703809
groot_l10_500,r6p3v2_groot_l10_500_B_r0,r6p3v2_groot_l10_500_B_r0:eval:7:0,1,7,0,22,110,B,False,4266.757,4269.425,ok,,0.08510638297872336,0.029359112065878934,0.07017543859649122,20,2,5,42,0.3829787234042553,8.150380537254305,0.04401760704281714
groot_l10_500,r6p3v2_groot_l10_500_B_r0,r6p3v2_groot_l10_500_B_r0:eval:7:0,1,7,0,24,120,B,False,4202.849,4205.655,ok,,0.08510638297872342,0.043948613928329994,0.07017543859649122,20,2,5,42,0.425531914893617,7.612267445345552,0.0440176070428171
groot_l10_500,r6p3v2_groot_l10_500_B_r0,r6p3v2_groot_l10_500_B_r0:eval:7:0,1,7,0,26,130,B,False,4115.26,4117.905,ok,,0.08510638297872342,0.03985507246376807,0.07017543859649122,20,2,5,42,0.4897959183673469,7.281185946176382,0.00852514919011077
groot_l10_500,r6p3v2_groot_l10_500_B_r0,r6p3v2_groot_l10_500_B_r0:eval:7:0,1,7,0,28,140,B,False,4113.078,4115.672,ok,,0.08163265306122447,0.01459188326493377,0.07017543859649122,20,2,5,42,0.5490196078431373,7.409017225101125,0.006675010429703865
groot_l10_500,r6p3v2_groot_l10_500_B_r0,r6p3v2_groot_l10_500_B_r0:eval:7:0,1,7,0,30,150,B,True,4096.26,4099.048,ok,,0.08163265306122447,0.01459188326493377,0.07017543859649122,20,2,5,42,0.5957446808510638,7.860572643427929,0.006675010429703865
groot_l10_500,r6p3v2_groot_l10_500_B_r0,r6p3v2_groot_l10_500_B_r0:eval:7:0,1,7,0,32,160,B,False,4197.591,4200.33,ok,,0.08510638297872342,0.013417190775681376,0.07017543859649122,20,2,5,42,0.6382978723404256,8.077444865165447,0.040723981900452566
groot_l10_500,r6p3v2_groot_l10_500_B_r0,r6p3v2_groot_l10_500_B_r0:eval:7:0,1,7,0,34,170,B,False,4156.294,4158.892,ok,,0.07843137254901966,0.013417190775681376,0.07017543859649122,20,2,5,42,0.6808510638297872,8.214649537585096,0.0938104448742747
groot_l10_500,r6p3v2_groot_l10_500_B_r0,r6p3v2_groot_l10_500_B_r0:eval:7:0,1,7,0,36,180,B,False,4149.471,4151.936,slow_confirmed,,0.045454545454545525,0.007256235827664437,0.07017543859649122,20,2,5,42,0.7586206896551724,8.091848201672354,0.06708463949843269
groot_l10_500,r6p3v2_groot_l10_500_B_r0,r6p3v2_groot_l10_500_B_r0:eval:7:0,1,7,0,38,190,B,True,4135.993,4138.527,ok,,0.07407407407407407,0.012517006802721165,0.07017543859649122,20,2,5,42,0.8076923076923077,7.98422289921614,0.05456171735241511
groot_l10_500,r6p3v2_groot_l10_500_B_r0,r6p3v2_groot_l10_500_B_r0:eval:7:0,1,7,0,40,200,B,False,4178.736,4181.489,ok,,0.08510638297872342,0.02974983096686956,0.07017543859649122,20,2,5,42,0.8085106382978723,7.443009991527606,0.053585500394011
groot_l10_500,r6p3v2_groot_l10_500_B_r0,r6p3v2_groot_l10_500_B_r0:eval:7:0,1,7,0,42,210,B,False,4004.104,4006.805,ok,,0.08333333333333326,0.03059581320450877,0.07017543859649122,20,2,5,42,0.851063829787234,7.168059539372099,0.01894918173987936
groot_l10_500,r6p3v2_groot_l10_500_B_r0,r6p3v2_groot_l10_500_B_r0:eval:7:0,1,7,0,44,220,B,False,4173.274,4176.011,ok,,0.08510638297872342,0.03050397877984079,0.07017543859649122,20,2,5,42,0.8936170212765957,7.444794290306973,0.03230890464933023
groot_l10_500,r6p3v2_groot_l10_500_B_r0,r6p3v2_groot_l10_500_B_r0:eval:7:1,1,7,1,0,0,B,False,44.092,46.917,inactive,warming_up,,,,0,2,5,42,,,
groot_l10_500,r6p3v2_groot_l10_500_B_r0,r6p3v2_groot_l10_500_B_r0:eval:7:1,1,7,1,2,10,B,False,30.206,31.851,inactive,warming_up,,,,0,2,5,42,,,
groot_l10_500,r6p3v2_groot_l10_500_B_r0,r6p3v2_groot_l10_500_B_r0:eval:7:1,1,7,1,4,20,B,False,4464.983,4467.725,ok,,0.0784313725490196,0.009276437847866428,0.07017543859649122,20,2,5,42,0.0,7.681873586348169,0.014814814814814822
groot_l10_500,r6p3v2_groot_l10_500_B_r0,r6p3v2_groot_l10_500_B_r0:eval:7:1,1,7,1,6,30,B,False,4189.61,4192.32,ok,,0.08695652173913043,0.014229249011857709,0.07017543859649122,20,2,5,42,0.03773584905660377,6.986487752901234,0.05218787635487754
groot_l10_500,r6p3v2_groot_l10_500_B_r0,r6p3v2_groot_l10_500_B_r0:eval:7:1,1,7,1,8,40,B,True,4296.667,4299.48,ok,,0.08,0.009689922480620158,0.07017543859649122,20,2,5,42,0.08,7.056528788816444,0.01683501683501684
groot_l10_500,r6p3v2_groot_l10_500_B_r0,r6p3v2_groot_l10_500_B_r0:eval:7:1,1,7,1,10,50,B,True,4187.414,4201.839,ok,,0.08333333333333334,0.018181818181818174,0.07017543859649122,20,2,5,42,0.13636363636363635,7.062979064286232,0.19348837209302325
groot_l10_500,r6p3v2_groot_l10_500_B_r0,r6p3v2_groot_l10_500_B_r0:eval:7:1,1,7,1,12,60,B,False,4197.548,4200.264,slow_ambiguous,,0.04545454545454544,0.03152088258471237,0.07017543859649122,20,2,5,42,0.13043478260869565,6.571311633499115,0.19744680851063828
groot_l10_500,r6p3v2_groot_l10_500_B_r0,r6p3v2_groot_l10_500_B_r0:eval:7:1,1,7,1,14,70,B,False,4376.825,4379.386,slow_confirmed,,0.0,0.03152088258471237,0.07017543859649122,20,2,5,42,0.17391304347826086,6.754690260486221,0.11320754716981132
groot_l10_500,r6p3v2_groot_l10_500_B_r0,r6p3v2_groot_l10_500_B_r0:eval:7:1,1,7,1,16,80,B,True,4208.152,4210.968,slow_confirmed,,0.0,0.040816326530612235,0.07017543859649122,20,2,5,42,0.2641509433962264,7.782677054014233,0.037735849056603765
groot_l10_500,r6p3v2_groot_l10_500_B_r0,r6p3v2_groot_l10_500_B_r0:eval:7:1,1,7,1,18,90,B,True,4284.754,4287.571,slow_confirmed,,0.0,0.0358781810596579,0.07017543859649122,20,2,5,42,0.2641509433962264,8.399936826138628,0.037735849056603765
groot_l10_500,r6p3v2_groot_l10_500_B_r0,r6p3v2_groot_l10_500_B_r0:eval:7:1,1,7,1,20,100,B,False,4426.366,4429.087,ok,,0.4800000000000001,0.013417190775681376,0.07017543859649122,20,2,5,42,0.27450980392156865,10.030945930599968,0.5490196078431372
groot_l10_500,r6p3v2_groot_l10_500_B_r0,r6p3v2_groot_l10_500_B_r0:eval:7:1,1,7,1,22,110,B,True,4150.278,4153.374,slow_confirmed,,0.0,0.014229249011857764,0.07017543859649122,20,2,5,42,0.17391304347826086,11.17462661378439,0.06896551724137931
groot_l10_500,r6p3v2_groot_l10_500_B_r0,r6p3v2_groot_l10_500_B_r0:eval:7:1,1,7,1,24,120,B,False,4190.511,4192.909,slow_confirmed,,0.0392156862745098,0.00888888888888889,0.07017543859649122,20,2,5,42,0.1276595744680851,11.93649790391052,0.04545454545454547
groot_l10_500,r6p3v2_groot_l10_500_B_r0,r6p3v2_groot_l10_500_B_r0:eval:7:1,1,7,1,26,130,B,True,4317.139,4319.787,slow_confirmed,,0.0,0.00888888888888889,0.07017543859649122,20,2,5,42,0.13043478260869565,11.926282830188384,0.04545454545454547
groot_l10_500,r6p3v2_groot_l10_500_B_r0,r6p3v2_groot_l10_500_B_r0:eval:7:1,1,7,1,28,140,B,True,4233.797,4236.778,slow_confirmed,,0.0,0.007256235827664381,0.07017543859649122,20,2,5,42,0.16326530612244897,12.199691217437719,0.0
groot_l10_500,r6p3v2_groot_l10_500_B_r0,r6p3v2_groot_l10_500_B_r0:eval:7:1,1,7,1,30,150,B,False,4362.488,4369.066,slow_confirmed,,0.0,0.009634684865515886,0.07017543859649122,20,2,5,42,0.17777777777777778,12.312812132694761,0.0392156862745098
groot_l10_500,r6p3v2_groot_l10_500_B_r0,r6p3v2_groot_l10_500_B_r0:eval:7:1,1,7,1,32,160,B,True,4112.399,4115.038,slow_confirmed,,0.0,0.007256235827664381,0.07017543859649122,20,2,5,42,0.17543859649122806,12.249361974630988,0.0
groot_l10_500,r6p3v2_groot_l10_500_B_r0,r6p3v2_groot_l10_500_B_r0:eval:7:1,1,7,1,34,170,B,True,4089.12,4091.805,slow_confirmed,,0.0,0.007256235827664381,0.07017543859649122,20,2,5,42,0.17543859649122806,12.14999239149175,0.0
groot_l10_500,r6p3v2_groot_l10_500_B_r0,r6p3v2_groot_l10_500_B_r0:eval:7:1,1,7,1,36,180,B,True,4159.105,4173.691,slow_confirmed,,0.0,0.014229249011857764,0.07017543859649122,20,2,5,42,0.17777777777777778,12.083219452470248,0.0784313725490196
groot_l10_500,r6p3v2_groot_l10_500_B_r0,r6p3v2_groot_l10_500_B_r0:eval:7:1,1,7,1,38,190,B,False,4121.686,4124.325,slow_confirmed,,0.0,0.014229249011857764,0.07017543859649122,20,2,5,42,0.17777777777777778,12.113671931162196,0.0784313725490196
groot_l10_500,r6p3v2_groot_l10_500_B_r0,r6p3v2_groot_l10_500_B_r0:eval:7:1,1,7,1,40,200,B,False,4318.645,4321.153,slow_confirmed,,0.0,0.00888888888888889,0.07017543859649122,20,2,5,42,0.23529411764705882,12.264800264066016,0.04444444444444445
groot_l10_500,r6p3v2_groot_l10_500_B_r0,r6p3v2_groot_l10_500_B_r0:eval:7:1,1,7,1,42,210,B,True,4092.93,4095.451,slow_confirmed,,0.0,0.03152088258471236,0.07017543859649122,20,2,5,42,0.17543859649122806,12.20731305024595,0.04255319148936171
groot_l10_500,r6p3v2_groot_l10_500_B_r0,r6p3v2_groot_l10_500_B_r0:eval:7:1,1,7,1,44,220,B,False,4203.412,4206.197,slow_confirmed,,0.0,0.009634684865515886,0.07017543859649122,20,2,5,42,0.18604651162790697,12.501706238738427,0.0392156862745098
groot_l10_500,r6p3v2_groot_l10_500_B_r0,r6p3v2_groot_l10_500_B_r0:eval:7:1,1,7,1,46,230,B,True,4185.665,4188.304,slow_confirmed,,0.0392156862745098,0.013417190775681376,0.07017543859649122,20,2,5,42,0.19607843137254902,13.162403007626873,0.1333333333333333
groot_l10_500,r6p3v2_groot_l10_500_B_r0,r6p3v2_groot_l10_500_B_r0:eval:7:1,1,7,1,48,240,B,False,4017.104,4019.659,slow_confirmed,,0.0392156862745098,0.006066734074823055,0.07017543859649122,20,2,5,42,0.19607843137254902,14.161194978270972,0.5714285714285714
groot_l10_500,r6p3v2_groot_l10_500_B_r0,r6p3v2_groot_l10_500_B_r0:eval:7:1,1,7,1,50,250,B,True,4276.88,4279.646,slow_confirmed,,0.0,0.007256235827664381,0.07017543859649122,20,2,5,42,0.19607843137254902,14.685891768143478,0.0
groot_l10_500,r6p3v2_groot_l10_500_B_r0,r6p3v2_groot_l10_500_B_r0:eval:7:1,1,7,1,52,260,B,False,4138.09,4140.76,slow_confirmed,,0.0,0.006066734074823055,0.07017543859649122,20,2,5,42,0.23529411764705882,14.288796995513726,0.6274509803921569
groot_l10_500,r6p3v2_groot_l10_500_B_r0,r6p3v2_groot_l10_500_B_r0:eval:7:1,1,7,1,54,270,B,False,4049.731,4052.133,slow_confirmed,,0.0,0.014229249011857764,0.07017543859649122,20,2,5,42,0.2857142857142857,13.685614238286428,0.20408163265306123
groot_l10_500,r6p3v2_groot_l10_500_B_r0,r6p3v2_groot_l10_500_B_r0:eval:7:1,1,7,1,56,280,B,True,4060.036,4062.67,slow_confirmed,,0.0,0.007256235827664381,0.07017543859649122,20,2,5,42,0.20408163265306123,13.239872618700572,0.0
groot_l10_500,r6p3v2_groot_l10_500_B_r0,r6p3v2_groot_l10_500_B_r0:eval:7:1,1,7,1,58,290,B,True,4052.533,4055.156,slow_confirmed,,0.0,0.007256235827664381,0.07017543859649122,20,2,5,42,0.18867924528301888,13.282478091340854,0.0
groot_l10_500,r6p3v2_groot_l10_500_B_r0,r6p3v2_groot_l10_500_B_r0:eval:7:1,1,7,1,60,300,B,True,4305.709,4308.483,slow_confirmed,,0.0,0.00888888888888889,0.07017543859649122,20,2,5,42,0.18518518518518517,13.626102333341413,0.043478260869565216
groot_l10_500,r6p3v2_groot_l10_500_B_r0,r6p3v2_groot_l10_500_B_r0:eval:7:1,1,7,1,62,310,B,False,4280.446,4283.103,slow_confirmed,,0.0,0.006066734074823055,0.07017543859649122,20,2,5,42,0.19607843137254902,13.981918818071621,0.5882352941176471
groot_l10_500,r6p3v2_groot_l10_500_B_r0,r6p3v2_groot_l10_500_B_r0:eval:7:1,1,7,1,64,320,B,True,4186.141,4188.706,slow_confirmed,,0.0,0.009634684865515886,0.07017543859649122,20,2,5,42,0.18867924528301888,14.432907397083738,0.039215686274509776
groot_l10_500,r6p3v2_groot_l10_500_B_r0,r6p3v2_groot_l10_500_B_r0:eval:7:1,1,7,1,66,330,B,True,4286.36,4288.978,slow_confirmed,,0.0,0.029359112065878934,0.07017543859649122,20,2,5,42,0.7450980392156863,14.486401560965142,0.20408163265306123
groot_l10_500,r6p3v2_groot_l10_500_B_r0,r6p3v2_groot_l10_500_B_r0:eval:7:1,1,7,1,68,340,B,True,4318.945,4322.01,slow_confirmed,,0.0,0.007256235827664381,0.07017543859649122,20,2,5,42,0.18867924528301888,14.374411404759806,0.0
groot_l10_500,r6p3v2_groot_l10_500_B_r0,r6p3v2_groot_l10_500_B_r0:eval:7:1,1,7,1,70,350,B,True,4455.575,4458.242,slow_confirmed,,0.0,0.007256235827664381,0.07017543859649122,20,2,5,42,0.19607843137254902,13.739270839843392,0.0
groot_l10_500,r6p3v2_groot_l10_500_B_r0,r6p3v2_groot_l10_500_B_r0:eval:7:1,1,7,1,72,360,B,False,4087.587,4090.315,slow_confirmed,,0.0,0.00888888888888889,0.07017543859649122,20,2,5,42,0.18604651162790697,14.174035333218491,0.043478260869565216
groot_l10_500,r6p3v2_groot_l10_500_B_r0,r6p3v2_groot_l10_500_B_r0:eval:7:1,1,7,1,74,370,B,True,4148.287,4153.427,slow_confirmed,,0.0,0.03152088258471236,0.07017543859649122,20,2,5,42,0.18604651162790697,14.351625915640426,0.041666666666666685
groot_l10_500,r6p3v2_groot_l10_500_B_r0,r6p3v2_groot_l10_500_B_r0:eval:7:1,1,7,1,76,380,B,False,4226.238,4228.779,ok,,0.5777777777777778,0.006066734074823055,0.07017543859649122,20,2,5,42,0.2222222222222222,14.624118142156918,0.5602067183462531
groot_l10_500,r6p3v2_groot_l10_500_B_r0,r6p3v2_groot_l10_500_B_r0:eval:7:1,1,7,1,78,390,B,False,4213.646,4223.563,ok,,0.41509433962264153,0.006066734074823055,0.07017543859649122,20,2,5,42,0.23529411764705882,14.929189770426989,0.6222222222222222
groot_l10_500,r6p3v2_groot_l10_500_B_r0,r6p3v2_groot_l10_500_B_r0:eval:7:1,1,7,1,80,400,B,True,4228.073,4230.793,ok,,0.12244897959183676,0.029359112065878934,0.07017543859649122,20,2,5,42,0.7659574468085106,15.009854526231827,0.2127659574468085
groot_l10_500,r6p3v2_groot_l10_500_B_r0,r6p3v2_groot_l10_500_B_r0:eval:7:1,1,7,1,82,410,B,False,4107.647,4110.355,ok,,0.12244897959183676,0.006066734074823055,0.07017543859649122,20,2,5,42,0.2222222222222222,14.74860148500435,0.37735849056603776
groot_l10_500,r6p3v2_groot_l10_500_B_r0,r6p3v2_groot_l10_500_B_r0:eval:7:1,1,7,1,84,420,B,True,4053.61,4056.266,slow_confirmed,,0.0,0.007256235827664381,0.07017543859649122,20,2,5,42,0.19607843137254902,14.204870284912005,0.026666666666666672
groot_l10_500,r6p3v2_groot_l10_500_B_r0,r6p3v2_groot_l10_500_B_r0:eval:7:1,1,7,1,86,430,B,False,4075.532,4078.121,slow_confirmed,,0.0,0.006066734074823055,0.07017543859649122,20,2,5,42,0.18604651162790697,13.761593699840153,0.1702127659574468
groot_l10_500,r6p3v2_groot_l10_500_B_r0,r6p3v2_groot_l10_500_B_r0:eval:7:1,1,7,1,88,440,B,False,4157.338,4160.163,slow_confirmed,,0.0,0.006066734074823055,0.07017543859649122,20,2,5,42,0.18604651162790697,13.878358889667695,0.5531914893617021
groot_l10_500,r6p3v2_groot_l10_500_B_r0,r6p3v2_groot_l10_500_B_r0:eval:7:1,1,7,1,90,450,B,False,4176.858,4179.697,ok,,0.5098039215686274,0.006066734074823055,0.07017543859649122,20,2,5,42,0.18604651162790697,14.12201705444042,0.6933333333333334
groot_l10_500,r6p3v2_groot_l10_500_B_r0,r6p3v2_groot_l10_500_B_r0:eval:7:1,1,7,1,92,460,B,True,4141.09,4143.725,ok,,0.18867924528301888,0.006066734074823055,0.07017543859649122,20,2,5,42,0.2222222222222222,14.497300567680453,0.5437908496732025
groot_l10_500,r6p3v2_groot_l10_500_B_r0,r6p3v2_groot_l10_500_B_r0:eval:7:1,1,7,1,94,470,B,True,4330.026,4169.223,ok,,0.20408163265306123,0.006066734074823055,0.07017543859649122,20,2,5,42,0.2222222222222222,14.572145063304854,0.631578947368421
groot_l10_500,r6p3v2_groot_l10_500_B_r0,r6p3v2_groot_l10_500_B_r0:eval:7:1,1,7,1,96,480,B,True,4126.117,4128.855,slow_confirmed,,0.0,0.013417190775681376,0.07017543859649122,20,2,5,42,0.37735849056603776,14.352236549257029,0.6037735849056604
groot_l10_500,r6p3v2_groot_l10_500_B_r0,r6p3v2_groot_l10_500_B_r0:eval:7:1,1,7,1,98,490,B,False,4120.32,4122.715,ok,,0.29333333333333333,0.013417190775681376,0.07017543859649122,20,2,5,42,0.2608695652173913,13.714289758598147,0.7674418604651163
groot_l10_500,r6p3v2_groot_l10_500_B_r0,r6p3v2_groot_l10_500_B_r0:eval:7:1,1,7,1,100,500,B,True,4196.466,4199.471,slow_confirmed,,0.0,0.006066734074823055,0.07017543859649122,20,2,5,42,0.19607843137254902,13.440934348366348,0.31999999999999995
groot_l10_500,r6p3v2_groot_l10_500_B_r0,r6p3v2_groot_l10_500_B_r0:eval:7:1,1,7,1,102,510,B,False,4074.197,4076.865,slow_confirmed,,0.0,0.013417190775681376,0.07017543859649122,20,2,5,42,0.08333333333333333,12.940464525009538,0.08888888888888889
groot_l10_500,r6p3v2_groot_l10_500_B_r0,r6p3v2_groot_l10_500_B_r0:eval:8:0,1,8,0,0,0,B,False,73.101,75.822,inactive,warming_up,,,,0,3,5,29,,,
groot_l10_500,r6p3v2_groot_l10_500_B_r0,r6p3v2_groot_l10_500_B_r0:eval:8:0,1,8,0,2,10,B,False,29.229,30.827,inactive,warming_up,,,,0,3,5,29,,,
groot_l10_500,r6p3v2_groot_l10_500_B_r0,r6p3v2_groot_l10_500_B_r0:eval:8:0,1,8,0,4,20,B,False,22.838,24.235,inactive,warming_up,,,,0,3,5,29,,,
groot_l10_500,r6p3v2_groot_l10_500_B_r0,r6p3v2_groot_l10_500_B_r0:eval:8:0,1,8,0,6,30,B,False,6190.703,6193.24,ok,,0.07142857142857142,0.01436781609195402,0.06521739130434782,30,3,5,29,0.0,7.415462090569179,0.017722878625134268
groot_l10_500,r6p3v2_groot_l10_500_B_r0,r6p3v2_groot_l10_500_B_r0:eval:8:0,1,8,0,8,40,B,False,4475.742,4478.379,ok,,0.07058823529411765,0.015793714746172444,0.06521739130434782,30,3,5,29,0.023529411764705882,6.498526755188519,0.017722878625134268
groot_l10_500,r6p3v2_groot_l10_500_B_r0,r6p3v2_groot_l10_500_B_r0:eval:8:0,1,8,0,10,50,B,False,4405.936,4408.852,ok,,0.07142857142857142,0.01436781609195402,0.06521739130434782,30,3,5,29,0.047619047619047616,6.687340336773897,0.01772287862513426
groot_l10_500,r6p3v2_groot_l10_500_B_r0,r6p3v2_groot_l10_500_B_r0:eval:8:0,1,8,0,12,60,B,False,4316.316,4319.093,ok,,0.07142857142857142,0.03132832080200502,0.06521739130434782,30,3,5,29,0.07142857142857142,6.988874927283089,0.017722878625134268
groot_l10_500,r6p3v2_groot_l10_500_B_r0,r6p3v2_groot_l10_500_B_r0:eval:8:0,1,8,0,14,70,B,False,4434.852,4437.572,ok,,0.07792207792207792,0.022708618331053296,0.06521739130434784,30,3,5,29,0.1038961038961039,7.484604232543806,0.038154392191659274
groot_l10_500,r6p3v2_groot_l10_500_B_r0,r6p3v2_groot_l10_500_B_r0:eval:8:0,1,8,0,16,80,B,True,4385.145,4387.858,ok,,0.07142857142857142,0.025811397904421177,0.06521739130434784,30,3,5,29,0.12987012987012986,7.8697526422794395,0.03815439219165928
groot_l10_500,r6p3v2_groot_l10_500_B_r0,r6p3v2_groot_l10_500_B_r0:eval:8:0,1,8,0,18,90,B,False,4473.641,4476.399,ok,,0.07792207792207792,0.0511904761904762,0.06521739130434781,30,3,5,29,0.13793103448275862,8.270555758423423,0.02573203194321206
groot_l10_500,r6p3v2_groot_l10_500_B_r0,r6p3v2_groot_l10_500_B_r0:eval:8:0,1,8,0,20,100,B,False,4441.947,4444.813,ok,,0.09999999999999996,0.027665317139001368,0.06521739130434784,30,3,5,29,0.16326530612244897,7.9427868380319016,0.19937205651491363
groot_l10_500,r6p3v2_groot_l10_500_B_r0,r6p3v2_groot_l10_500_B_r0:eval:8:0,1,8,0,22,110,B,True,4460.654,4463.292,ok,,0.08695652173913043,0.027665317139001368,0.06521739130434784,30,3,5,29,0.1836734693877551,7.616971300384376,0.21267454350161114
groot_l10_500,r6p3v2_groot_l10_500_B_r0,r6p3v2_groot_l10_500_B_r0:eval:8:0,1,8,0,24,120,B,True,4495.41,4498.231,ok,,0.06593406593406592,0.027665317139001368,0.06521739130434784,30,3,5,29,0.1836734693877551,7.326398034546887,0.22182786157941434
groot_l10_500,r6p3v2_groot_l10_500_B_r0,r6p3v2_groot_l10_500_B_r0:eval:8:0,1,8,0,26,130,B,False,4288.678,4291.265,slow_ambiguous,,0.048780487804878064,0.03138528138528138,0.06521739130434784,30,3,5,29,0.21951219512195122,6.968977092784435,0.04480922803904169
groot_l10_500,r6p3v2_groot_l10_500_B_r0,r6p3v2_groot_l10_500_B_r0:eval:8:0,1,8,0,28,140,B,True,4293.568,4296.222,slow_ambiguous,,0.021739130434782625,0.06122448979591837,0.06521739130434784,30,3,5,29,0.2631578947368421,6.922334662153077,0.02777777777777779
groot_l10_500,r6p3v2_groot_l10_500_B_r0,r6p3v2_groot_l10_500_B_r0:eval:8:0,1,8,0,30,150,B,False,4421.074,4423.862,slow_ambiguous,,0.02631578947368418,0.061224489795918324,0.06521739130434784,30,3,5,29,0.2682926829268293,7.3211904534609475,0.05555555555555558
groot_l10_500,r6p3v2_groot_l10_500_B_r0,r6p3v2_groot_l10_500_B_r0:eval:8:0,1,8,0,32,160,B,False,4121.334,4124.008,slow_ambiguous,,0.04395604395604396,0.029692470837751866,0.06521739130434784,30,3,5,29,0.2391304347826087,7.757357376211028,0.08333333333333336
groot_l10_500,r6p3v2_groot_l10_500_B_r0,r6p3v2_groot_l10_500_B_r0:eval:8:0,1,8,0,34,170,B,True,4089.809,4092.512,ok,,0.06593406593406592,0.029692470837751866,0.06521739130434784,30,3,5,29,0.2894736842105263,8.095619244045928,0.10552513688402193
groot_l10_500,r6p3v2_groot_l10_500_B_r0,r6p3v2_groot_l10_500_B_r0:eval:8:0,1,8,0,36,180,B,False,4293.85,4296.642,ok,,0.08791208791208792,0.02122267975926518,0.06521739130434781,30,3,5,29,0.24390243902439024,8.458355920188598,0.12991538078646095
groot_l10_500,r6p3v2_groot_l10_500_B_r0,r6p3v2_groot_l10_500_B_r0:eval:8:0,1,8,0,38,190,B,True,4369.523,4372.407,ok,,0.07142857142857145,0.02371794871794869,0.06521739130434781,30,3,5,29,0.2857142857142857,8.484133906533838,0.1095072175211548
groot_l10_500,r6p3v2_groot_l10_500_B_r0,r6p3v2_groot_l10_500_B_r0:eval:8:0,1,8,0,40,200,B,False,4449.769,4452.54,ok,,0.0714285714285714,0.035714285714285705,0.06521739130434781,30,3,5,29,0.35294117647058826,8.110116070160347,0.016697588126159624
groot_l10_500,r6p3v2_groot_l10_500_B_r0,r6p3v2_groot_l10_500_B_r0:eval:8:0,1,8,0,42,210,B,False,4233.853,4236.75,ok,,0.07500000000000001,0.05143160127253443,0.06521739130434784,30,3,5,29,0.4146341463414634,7.672416546329426,0.03246753246753242
groot_l10_500,r6p3v2_groot_l10_500_B_r0,r6p3v2_groot_l10_500_B_r0:eval:8:0,1,8,0,44,220,B,True,4444.093,4446.954,slow_ambiguous,,0.061224489795918324,0.06521739130434784,0.06521739130434784,30,3,5,29,0.43902439024390244,7.363818275225912,0.0231707317073171
groot_l10_500,r6p3v2_groot_l10_500_B_r0,r6p3v2_groot_l10_500_B_r0:eval:8:0,1,8,0,46,230,B,False,4368.856,4371.589,slow_ambiguous,,0.04081632653061229,0.05143160127253443,0.06521739130434784,30,3,5,29,0.4473684210526316,7.93258358830389,0.027041357370095435
groot_l10_500,r6p3v2_groot_l10_500_B_r0,r6p3v2_groot_l10_500_B_r0:eval:8:0,1,8,0,48,240,B,True,4504.975,4507.648,slow_ambiguous,,0.0,0.06521739130434784,0.06521739130434784,30,3,5,29,0.4675324675324675,7.592908571005413,0.02380952380952378
groot_l10_500,r6p3v2_groot_l10_500_B_r0,r6p3v2_groot_l10_500_B_r0:eval:8:0,1,8,0,50,250,B,False,4479.697,4482.592,slow_ambiguous,,0.0,0.06521739130434784,0.06521739130434784,30,3,5,29,0.4675324675324675,7.559952170920821,0.025974025974025983
groot_l10_500,r6p3v2_groot_l10_500_B_r0,r6p3v2_groot_l10_500_B_r0:eval:8:0,1,8,0,52,260,B,False,4230.212,4232.877,slow_ambiguous,,0.0519480519480519,0.03243574051407594,0.06521739130434778,30,3,5,29,0.4675324675324675,7.781469431624964,0.0714285714285714
groot_l10_500,r6p3v2_groot_l10_500_B_r0,r6p3v2_groot_l10_500_B_r0:eval:8:0,1,8,0,54,270,B,True,4367.294,4369.854,slow_ambiguous,,0.052631578947368425,0.030612244897959162,0.06521739130434781,30,3,5,29,0.4675324675324675,8.03183746319184,0.0371057513914656
groot_l10_500,r6p3v2_groot_l10_500_B_r0,r6p3v2_groot_l10_500_B_r0:eval:8:0,1,8,0,56,280,B,False,4484.573,4487.243,slow_ambiguous,,0.04705882352941182,0.022368421052631482,0.06521739130434784,30,3,5,29,0.47058823529411764,8.331235895754547,0.059183673469387674
groot_l10_500,r6p3v2_groot_l10_500_B_r0,r6p3v2_groot_l10_500_B_r0:eval:8:0,1,8,0,58,290,B,False,4431.461,4434.153,slow_confirmed,,0.04878048780487798,0.013775510204081687,0.06521739130434784,30,3,5,29,0.5263157894736842,8.59702353058288,0.027941176470588247
groot_l10_500,r6p3v2_groot_l10_500_B_r0,r6p3v2_groot_l10_500_B_r0:eval:8:0,1,8,0,60,300,B,False,4206.639,4209.404,ok,,0.07317073170731701,0.0116035455278002,0.06521739130434784,30,3,5,29,0.5263157894736842,8.69561916729711,0.03132832080200498
groot_l10_500,r6p3v2_groot_l10_500_B_r0,r6p3v2_groot_l10_500_B_r0:eval:8:0,1,8,0,62,310,B,True,4479.503,4482.222,ok,,0.07500000000000005,0.010731975784259773,0.06521739130434784,30,3,5,29,0.5526315789473685,8.758642288721795,0.022689075630252117
groot_l10_500,r6p3v2_groot_l10_500_B_r0,r6p3v2_groot_l10_500_B_r0:eval:8:0,1,8,0,64,320,B,False,4157.236,4159.897,ok,,0.07499999999999996,0.010731975784259773,0.06521739130434784,30,3,5,29,0.5789473684210527,8.800554439477034,0.022689075630252117
groot_l10_500,r6p3v2_groot_l10_500_B_r0,r6p3v2_groot_l10_500_B_r0:eval:8:0,1,8,0,66,330,B,False,4459.604,4462.319,ok,,0.08333333333333336,0.008359133126935037,0.0652173913043479,30,3,5,29,0.6052631578947368,8.615933155198416,0.03383458646616545
groot_l10_500,r6p3v2_groot_l10_500_B_r0,r6p3v2_groot_l10_500_B_r0:eval:8:0,1,8,0,68,340,B,False,4438.253,4440.73,ok,,0.07317073170731701,0.01864018334606571,0.0652173913043479,30,3,5,29,0.631578947368421,8.149780080722913,0.03140096618357492
groot_l10_500,r6p3v2_groot_l10_500_B_r0,r6p3v2_groot_l10_500_B_r0:eval:8:0,1,8,0,70,350,B,False,4455.453,4458.134,slow_ambiguous,,0.05555555555555558,0.028142589118198988,0.0652173913043479,30,3,5,29,0.6578947368421053,7.9076788857726505,0.07433217189314743
groot_l10_500,r6p3v2_groot_l10_500_B_r0,r6p3v2_groot_l10_500_B_r0:eval:8:0,1,8,0,72,360,B,True,4255.19,4257.791,slow_confirmed,,0.02777777777777779,0.028539361872695235,0.06521739130434778,30,3,5,29,0.6829268292682927,7.8742074850344,0.09756097560975606
groot_l10_500,r6p3v2_groot_l10_500_B_r0,r6p3v2_groot_l10_500_B_r0:eval:8:0,1,8,0,74,370,B,True,4388.638,4391.24,slow_confirmed,,0.0,0.028142589118198988,0.0652173913043479,30,3,5,29,0.7073170731707317,7.877889306063355,0.07317073170731714
groot_l10_500,r6p3v2_groot_l10_500_B_r0,r6p3v2_groot_l10_500_B_r0:eval:8:0,1,8,0,76,380,B,True,4401.9,4404.581,slow_ambiguous,,0.0,0.06896551724137928,0.0652173913043479,30,3,5,29,0.7777777777777778,7.823446615118431,0.0
groot_l10_500,r6p3v2_groot_l10_500_B_r0,r6p3v2_groot_l10_500_B_r0:eval:8:0,1,8,0,78,390,B,True,4461.27,4464.215,slow_ambiguous,,0.0,0.06896551724137928,0.06521739130434784,30,3,5,29,0.7777777777777778,7.674460757352354,0.0
groot_l10_500,r6p3v2_groot_l10_500_B_r0,r6p3v2_groot_l10_500_B_r0:eval:8:0,1,8,0,80,400,B,True,4417.448,4420.378,slow_ambiguous,,0.0,0.06593406593406592,0.06521739130434784,30,3,5,29,0.7777777777777778,7.5872629320223695,0.0
groot_l10_500,r6p3v2_groot_l10_500_B_r0,r6p3v2_groot_l10_500_B_r0:eval:8:0,1,8,0,82,410,B,False,4686.21,4689.176,slow_ambiguous,,0.0,0.06593406593406592,0.06521739130434784,30,3,5,29,0.7777777777777778,7.528590704890878,0.0
groot_l10_500,r6p3v2_groot_l10_500_B_r0,r6p3v2_groot_l10_500_B_r0:eval:8:0,1,8,0,84,420,B,True,4418.799,4421.579,slow_ambiguous,,0.0,0.06593406593406592,0.06521739130434784,30,3,5,29,0.7777777777777778,7.5045388221726945,0.0
groot_l10_500,r6p3v2_groot_l10_500_B_r0,r6p3v2_groot_l10_500_B_r0:eval:8:0,1,8,0,86,430,B,True,4277.181,4280.044,slow_ambiguous,,0.0,0.06593406593406592,0.06521739130434784,30,3,5,29,0.7777777777777778,7.501072889666393,0.0
groot_l10_500,r6p3v2_groot_l10_500_B_r0,r6p3v2_groot_l10_500_B_r0:eval:8:0,1,8,0,88,440,B,True,4438.002,4440.812,slow_ambiguous,,0.0,0.06593406593406592,0.06521739130434784,30,3,5,29,0.7160493827160493,7.383982127570559,0.0
groot_l10_500,r6p3v2_groot_l10_500_B_r0,r6p3v2_groot_l10_500_B_r0:eval:8:0,1,8,0,90,450,B,True,4386.842,4389.644,slow_ambiguous,,0.0,0.06593406593406592,0.06521739130434784,30,3,5,29,0.7671232876712328,7.243347127845238,0.0
groot_l10_500,r6p3v2_groot_l10_500_B_r0,r6p3v2_groot_l10_500_B_r0:eval:8:0,1,8,0,92,460,B,False,4382.482,4385.225,slow_ambiguous,,0.0547945205479452,0.051470588235294046,0.06521739130434778,30,3,5,29,0.7671232876712328,7.7193324531472856,0.10380116959064323
groot_l10_500,r6p3v2_groot_l10_500_B_r0,r6p3v2_groot_l10_500_B_r0:eval:8:0,1,8,0,94,470,B,True,4387.072,4389.716,ok,,0.07317073170731701,0.04705882352941182,0.06521739130434778,30,3,5,29,0.7671232876712328,8.240770892854545,0.10233918128654973
groot_l10_500,r6p3v2_groot_l10_500_B_r0,r6p3v2_groot_l10_500_B_r0:eval:8:0,1,8,0,96,480,B,False,4475.738,4478.647,ok,,0.10526315789473685,0.03457273320287026,0.06521739130434778,30,3,5,29,0.7777777777777778,8.692982060124754,0.17753623188405787
groot_l10_500,r6p3v2_groot_l10_500_B_r0,r6p3v2_groot_l10_500_B_r0:eval:8:0,1,8,0,98,490,B,False,4530.719,4533.59,ok,,0.08219178082191782,0.03457273320287026,0.06521739130434778,30,3,5,29,0.821917808219178,9.287358171952441,0.17391304347826086
groot_l10_500,r6p3v2_groot_l10_500_B_r0,r6p3v2_groot_l10_500_B_r0:eval:8:0,1,8,0,100,500,B,True,4495.675,4498.63,ok,,0.08219178082191782,0.03890160183066349,0.06521739130434778,30,3,5,29,0.8333333333333334,9.354163300426329,0.17391304347826086
groot_l10_500,r6p3v2_groot_l10_500_B_r0,r6p3v2_groot_l10_500_B_r0:eval:8:0,1,8,0,102,510,B,False,4380.109,4382.99,ok,,0.07792207792207795,0.018414322250639437,0.06521739130434778,30,3,5,29,0.8767123287671232,9.534520042863907,0.03985507246376796
groot_l10_500,r6p3v2_groot_l10_500_B_r0,r6p3v2_groot_l10_500_B_r0:eval:8:1,1,8,1,0,0,B,False,56.686,59.874,inactive,warming_up,,,,0,3,5,29,,,
groot_l10_500,r6p3v2_groot_l10_500_B_r0,r6p3v2_groot_l10_500_B_r0:eval:8:1,1,8,1,2,10,B,False,26.418,27.963,inactive,warming_up,,,,0,3,5,29,,,
groot_l10_500,r6p3v2_groot_l10_500_B_r0,r6p3v2_groot_l10_500_B_r0:eval:8:1,1,8,1,4,20,B,False,22.545,23.959,inactive,warming_up,,,,0,3,5,29,,,
groot_l10_500,r6p3v2_groot_l10_500_B_r0,r6p3v2_groot_l10_500_B_r0:eval:8:1,1,8,1,6,30,B,False,4817.771,4820.842,ok,,0.07142857142857142,0.015126050420168055,0.06521739130434782,30,3,5,29,0.0,8.669463157628737,0.017722878625134268
groot_l10_500,r6p3v2_groot_l10_500_B_r0,r6p3v2_groot_l10_500_B_r0:eval:8:1,1,8,1,8,40,B,False,4368.74,4371.54,ok,,0.07407407407407408,0.018115942028985504,0.06521739130434782,30,3,5,29,0.023809523809523808,7.721189487509157,0.032893157262905155
groot_l10_500,r6p3v2_groot_l10_500_B_r0,r6p3v2_groot_l10_500_B_r0:eval:8:1,1,8,1,10,50,B,False,4423.358,4426.175,ok,,0.06593406593406592,0.01864018334606568,0.06521739130434781,30,3,5,29,0.047619047619047616,8.257416674002435,0.029564652371669914
groot_l10_500,r6p3v2_groot_l10_500_B_r0,r6p3v2_groot_l10_500_B_r0:eval:8:1,1,8,1,12,60,B,False,4360.535,4363.207,ok,,0.07058823529411765,0.03132832080200502,0.06521739130434782,30,3,5,29,0.07058823529411765,8.289419052957994,0.017722878625134268
groot_l10_500,r6p3v2_groot_l10_500_B_r0,r6p3v2_groot_l10_500_B_r0:eval:8:1,1,8,1,14,70,B,False,4290.908,4293.648,slow_ambiguous,,0.04705882352941176,0.029692470837751866,0.06521739130434782,30,3,5,29,0.10869565217391304,7.975291407411954,0.035469107551487404
groot_l10_500,r6p3v2_groot_l10_500_B_r0,r6p3v2_groot_l10_500_B_r0:eval:8:1,1,8,1,16,80,B,False,4478.136,4480.98,ok,,0.07058823529411765,0.029692470837751866,0.06521739130434781,30,3,5,29,0.12987012987012986,8.226256935651985,0.03546910755148741
groot_l10_500,r6p3v2_groot_l10_500_B_r0,r6p3v2_groot_l10_500_B_r0:eval:8:1,1,8,1,18,90,B,False,4274.286,4277.133,ok,,0.07792207792207792,0.034022257551669294,0.06521739130434784,30,3,5,29,0.1411764705882353,8.530331597651362,0.04004576659038901
groot_l10_500,r6p3v2_groot_l10_500_B_r0,r6p3v2_groot_l10_500_B_r0:eval:8:1,1,8,1,20,100,B,False,4381.675,4384.273,ok,,0.08219178082191782,0.0511904761904762,0.06521739130434784,30,3,5,29,0.16470588235294117,8.798103947581733,0.05389610389610389
groot_l10_500,r6p3v2_groot_l10_500_B_r0,r6p3v2_groot_l10_500_B_r0:eval:8:1,1,8,1,22,110,B,True,4559.383,4562.141,slow_confirmed,,0.02597402597402595,0.034022257551669294,0.06521739130434784,30,3,5,29,0.2077922077922078,8.726401399512987,0.04597701149425288
groot_l10_500,r6p3v2_groot_l10_500_B_r0,r6p3v2_groot_l10_500_B_r0:eval:8:1,1,8,1,24,120,B,False,4405.222,4407.955,slow_confirmed,,0.024999999999999967,0.034022257551669294,0.06521739130434781,30,3,5,29,0.2631578947368421,8.594297036333856,0.06122448979591835
groot_l10_500,r6p3v2_groot_l10_500_B_r0,r6p3v2_groot_l10_500_B_r0:eval:8:1,1,8,1,26,130,B,False,4475.255,4477.886,slow_confirmed,,0.0,0.05143160127253443,0.06521739130434784,30,3,5,29,0.2631578947368421,8.60074654550242,0.02597402597402595
groot_l10_500,r6p3v2_groot_l10_500_B_r0,r6p3v2_groot_l10_500_B_r0:eval:8:1,1,8,1,28,140,B,True,4245.703,4248.346,slow_confirmed,,0.0,0.01301330248698665,0.06521739130434784,30,3,5,29,0.2564102564102564,8.822858095509472,0.02597402597402595
groot_l10_500,r6p3v2_groot_l10_500_B_r0,r6p3v2_groot_l10_500_B_r0:eval:8:1,1,8,1,30,150,B,True,4457.427,4459.842,slow_ambiguous,,0.051948051948051965,0.024291497975708502,0.06521739130434784,30,3,5,29,0.2597402597402597,9.613196832338273,0.2857142857142857
groot_l10_500,r6p3v2_groot_l10_500_B_r0,r6p3v2_groot_l10_500_B_r0:eval:8:1,1,8,1,32,160,B,True,4191.07,4193.537,ok,,0.10526315789473685,0.04595791805094131,0.06521739130434784,30,3,5,29,0.2564102564102564,10.03387128422164,0.30612244897959184
groot_l10_500,r6p3v2_groot_l10_500_B_r0,r6p3v2_groot_l10_500_B_r0:eval:8:1,1,8,1,34,170,B,False,4405.613,4408.302,slow_ambiguous,,0.023809523809523805,0.04595791805094131,0.06521739130434784,30,3,5,29,0.19047619047619047,10.052321278891545,0.125
groot_l10_500,r6p3v2_groot_l10_500_B_r0,r6p3v2_groot_l10_500_B_r0:eval:8:1,1,8,1,36,180,B,True,4432.25,4434.778,slow_ambiguous,,0.04761904761904761,0.024291497975708502,0.06521739130434784,30,3,5,29,0.18604651162790697,9.670723422415902,0.07191994996873051
groot_l10_500,r6p3v2_groot_l10_500_B_r0,r6p3v2_groot_l10_500_B_r0:eval:8:1,1,8,1,38,190,B,False,4492.039,4494.668,slow_ambiguous,,0.04395604395604394,0.024291497975708502,0.06521739130434784,30,3,5,29,0.19047619047619047,9.456858239079121,0.09631019387116947
groot_l10_500,r6p3v2_groot_l10_500_B_r0,r6p3v2_groot_l10_500_B_r0:eval:8:1,1,8,1,40,200,B,True,4323.943,4326.376,ok,,0.08333333333333336,0.025290498974709447,0.06521739130434784,30,3,5,29,0.21428571428571427,9.451210760373613,0.12369337979094078
groot_l10_500,r6p3v2_groot_l10_500_B_r0,r6p3v2_groot_l10_500_B_r0:eval:8:1,1,8,1,42,210,B,False,4353.897,4356.321,ok,,0.0789473684210526,0.02180774748923958,0.06521739130434784,30,3,5,29,0.2823529411764706,9.532199278366843,0.06639566395663953
groot_l10_500,r6p3v2_groot_l10_500_B_r0,r6p3v2_groot_l10_500_B_r0:eval:8:1,1,8,1,44,220,B,True,4481.653,4484.37,ok,,0.10526315789473685,0.0318885448916409,0.06521739130434778,30,3,5,29,0.2894736842105263,9.853580972912827,0.03861788617886179
groot_l10_500,r6p3v2_groot_l10_500_B_r0,r6p3v2_groot_l10_500_B_r0:eval:8:1,1,8,1,46,230,B,False,4370.048,4372.688,ok,,0.07317073170731708,0.01772287862513422,0.06521739130434784,30,3,5,29,0.36585365853658536,9.57642468813535,0.02339181286549708
groot_l10_500,r6p3v2_groot_l10_500_B_r0,r6p3v2_groot_l10_500_B_r0:eval:8:1,1,8,1,48,240,B,True,4410.64,4413.329,ok,,0.10526315789473685,0.021222679759265117,0.0652173913043479,30,3,5,29,0.3684210526315789,9.254162761355571,0.06841938549255627
groot_l10_500,r6p3v2_groot_l10_500_B_r0,r6p3v2_groot_l10_500_B_r0:eval:8:1,1,8,1,50,250,B,False,4332.69,4335.301,ok,,0.07792207792207789,0.01927955352612888,0.06521739130434784,30,3,5,29,0.38961038961038963,8.799748821057218,0.01811594202898552
groot_l10_500,r6p3v2_groot_l10_500_B_r0,r6p3v2_groot_l10_500_B_r0:eval:8:1,1,8,1,52,260,B,False,4431.656,4434.238,ok,,0.07792207792207789,0.02312755737413269,0.06521739130434784,30,3,5,29,0.42105263157894735,8.54061048084652,0.033333333333333375
groot_l10_500,r6p3v2_groot_l10_500_B_r0,r6p3v2_groot_l10_500_B_r0:eval:8:1,1,8,1,54,270,B,False,4532.602,4535.215,slow_ambiguous,,0.052631578947368425,0.026923076923076945,0.06521739130434778,30,3,5,29,0.47368421052631576,8.296147408016727,0.021739130434782594
groot_l10_500,r6p3v2_groot_l10_500_B_r0,r6p3v2_groot_l10_500_B_r0:eval:8:1,1,8,1,56,280,B,True,4230.906,4233.37,ok,,0.07058823529411767,0.02716887928372952,0.06521739130434781,30,3,5,29,0.47368421052631576,8.128089403914583,0.03985507246376817
groot_l10_500,r6p3v2_groot_l10_500_B_r0,r6p3v2_groot_l10_500_B_r0:eval:8:1,1,8,1,58,290,B,False,4444.507,4447.042,ok,,0.07058823529411762,0.02895111532985284,0.06521739130434778,30,3,5,29,0.5,8.125584178303203,0.018115942028985477
groot_l10_500,r6p3v2_groot_l10_500_B_r0,r6p3v2_groot_l10_500_B_r0:eval:8:1,1,8,1,60,300,B,False,4395.419,4398.139,ok,,0.07058823529411762,0.02895111532985284,0.06521739130434778,30,3,5,29,0.5263157894736842,8.148593550151762,0.018115942028985477
groot_l10_500,r6p3v2_groot_l10_500_B_r0,r6p3v2_groot_l10_500_B_r0:eval:8:1,1,8,1,62,310,B,False,4380.375,4382.986,ok,,0.07058823529411762,0.030158730158730163,0.06521739130434778,30,3,5,29,0.5526315789473685,7.857685857110391,0.02339181286549706
groot_l10_500,r6p3v2_groot_l10_500_B_r0,r6p3v2_groot_l10_500_B_r0:eval:8:1,1,8,1,64,320,B,True,4377.386,4380.195,ok,,0.07058823529411772,0.02895111532985284,0.06521739130434778,30,3,5,29,0.5789473684210527,7.9914822158275935,0.023391812865497075
groot_l10_500,r6p3v2_groot_l10_500_B_r0,r6p3v2_groot_l10_500_B_r0:eval:8:1,1,8,1,66,330,B,False,4333.556,4336.264,ok,,0.07894736842105265,0.030612244897959162,0.06521739130434784,30,3,5,29,0.5647058823529412,7.707961289639174,0.022689075630252117
groot_l10_500,r6p3v2_groot_l10_500_B_r0,r6p3v2_groot_l10_500_B_r0:eval:8:1,1,8,1,68,340,B,True,4414.006,4416.796,ok,,0.07058823529411762,0.06521739130434784,0.06521739130434784,30,3,5,29,0.5882352941176471,7.720020478880309,0.030166880616174563
groot_l10_500,r6p3v2_groot_l10_500_B_r0,r6p3v2_groot_l10_500_B_r0:eval:8:1,1,8,1,70,350,B,False,4425.528,4428.14,ok,,0.10526315789473685,0.033411293017039836,0.06521739130434778,30,3,5,29,0.6511627906976745,7.54079980138636,0.045876887340302056
groot_l10_500,r6p3v2_groot_l10_500_B_r0,r6p3v2_groot_l10_500_B_r0:eval:8:1,1,8,1,72,360,B,False,4364.366,4367.129,ok,,0.09523809523809522,0.028142589118198988,0.0652173913043479,30,3,5,29,0.6588235294117647,7.590154156019983,0.06922024623803003
groot_l10_500,r6p3v2_groot_l10_500_B_r0,r6p3v2_groot_l10_500_B_r0:eval:8:1,1,8,1,74,370,B,False,4394.337,4396.848,ok,,0.07894736842105265,0.026455026455026412,0.06521739130434778,30,3,5,29,0.7105263157894737,7.259283793467334,0.09466484268125863
groot_l10_500,r6p3v2_groot_l10_500_B_r0,r6p3v2_groot_l10_500_B_r0:eval:8:1,1,8,1,76,380,B,False,4392.834,4395.548,ok,,0.07894736842105253,0.026455026455026412,0.06521739130434778,30,3,5,29,0.7631578947368421,7.46944454024163,0.0711354309165526
groot_l10_500,r6p3v2_groot_l10_500_B_r0,r6p3v2_groot_l10_500_B_r0:eval:8:1,1,8,1,78,390,B,False,4237.418,4239.959,ok,,0.06976744186046512,0.05228105228105229,0.06521739130434778,30,3,5,29,0.7674418604651163,8.314739748928028,0.10036014405762306
groot_l10_500,r6p3v2_groot_l10_500_B_r0,r6p3v2_groot_l10_500_B_r0:eval:8:1,1,8,1,80,400,B,False,4378.547,4402.083,ok,,0.07058823529411762,0.029560201874549344,0.06521739130434778,30,3,5,29,0.8,8.745672915655263,0.04836455129997208
groot_l10_500,r6p3v2_groot_l10_500_B_r0,r6p3v2_groot_l10_500_B_r0:eval:8:1,1,8,1,82,410,B,False,4458.82,4461.462,ok,,0.07317073170731714,0.06593406593406592,0.0652173913043479,30,3,5,29,0.8292682926829268,9.217248076141763,0.020967291025999382
groot_l10_500,r6p3v2_groot_l10_500_B_r0,r6p3v2_groot_l10_500_B_r0:eval:8:1,1,8,1,84,420,B,True,4470.596,4473.09,ok,,0.07499999999999996,0.03457273320287026,0.06521739130434778,30,3,5,29,0.8536585365853658,9.10423166008944,0.17790594498669032
groot_l10_500,r6p3v2_groot_l10_500_B_r0,r6p3v2_groot_l10_500_B_r0:eval:8:1,1,8,1,86,430,B,False,4461.302,4463.911,ok,,0.07499999999999996,0.027397260273972615,0.06521739130434778,30,3,5,29,0.8780487804878049,9.286724733247492,0.04836455129997208
groot_l10_500,r6p3v2_groot_l10_500_B_r0,r6p3v2_groot_l10_500_B_r0:eval:8:1,1,8,1,88,440,B,False,4419.667,4422.574,ok,,0.07499999999999996,0.023127557374132746,0.06521739130434778,30,3,5,29,0.9041095890410958,9.451331909069731,0.04836455129997208
groot_l10_500,r6p3v2_groot_l10_500_B_r0,r6p3v2_groot_l10_500_B_r0:eval:8:1,1,8,1,90,450,B,False,4435.662,4438.446,ok,,0.07317073170731701,0.013226263580538494,0.06521739130434778,30,3,5,29,0.926829268292683,9.403118396125082,0.03466592116298585
groot_l10_500,r6p3v2_groot_l10_500_B_r0,r6p3v2_groot_l10_500_B_r0:eval:9:0,1,9,0,0,0,B,False,62.028,65.238,inactive,warming_up,,,,0,2,5,45,,,
groot_l10_500,r6p3v2_groot_l10_500_B_r0,r6p3v2_groot_l10_500_B_r0:eval:9:0,1,9,0,2,10,B,False,40.005,42.247,inactive,warming_up,,,,0,2,5,45,,,
groot_l10_500,r6p3v2_groot_l10_500_B_r0,r6p3v2_groot_l10_500_B_r0:eval:9:0,1,9,0,4,20,B,False,6353.695,6356.439,ok,,0.08,0.011484823625922888,0.058823529411764705,20,2,5,45,0.0,8.296287844963935,0.032474804031354984
groot_l10_500,r6p3v2_groot_l10_500_B_r0,r6p3v2_groot_l10_500_B_r0:eval:9:0,1,9,0,6,30,B,False,4670.422,4673.39,ok,,0.07999999999999999,0.011904761904761904,0.058823529411764705,20,2,5,45,0.04,7.425113245415273,0.03247480403135497
groot_l10_500,r6p3v2_groot_l10_500_B_r0,r6p3v2_groot_l10_500_B_r0:eval:9:0,1,9,0,8,40,B,False,4569.201,4571.866,ok,,0.07894736842105263,0.013677811550151978,0.058823529411764705,20,2,5,45,0.08,7.859005121653638,0.03744680851063831
groot_l10_500,r6p3v2_groot_l10_500_B_r0,r6p3v2_groot_l10_500_B_r0:eval:9:0,1,9,0,10,50,B,True,4627.004,4629.763,ok,,0.07547169811320756,0.008525149190110826,0.05882352941176472,20,2,5,45,0.12,8.720588746209325,0.07652173913043478
groot_l10_500,r6p3v2_groot_l10_500_B_r0,r6p3v2_groot_l10_500_B_r0:eval:9:0,1,9,0,12,60,B,False,4525.951,4528.396,ok,,0.07999999999999999,0.03325774754346183,0.0588235294117647,20,2,5,45,0.1568627450980392,9.105839467860832,0.03921568627450983
groot_l10_500,r6p3v2_groot_l10_500_B_r0,r6p3v2_groot_l10_500_B_r0:eval:9:0,1,9,0,14,70,B,False,4505.275,4508.11,ok,,0.12,0.011484823625922902,0.05882352941176472,20,2,5,45,0.18867924528301888,8.755328280798247,0.12060673325934151
groot_l10_500,r6p3v2_groot_l10_500_B_r0,r6p3v2_groot_l10_500_B_r0:eval:9:0,1,9,0,16,80,B,False,4504.331,4506.993,ok,,0.0784313725490196,0.027368421052631597,0.0588235294117647,20,2,5,45,0.2641509433962264,8.116223089390337,0.043333333333333335
groot_l10_500,r6p3v2_groot_l10_500_B_r0,r6p3v2_groot_l10_500_B_r0:eval:9:0,1,9,0,18,90,B,True,4657.758,4670.86,slow_ambiguous,,0.03999999999999998,0.03996983408748117,0.05882352941176472,20,2,5,45,0.3137254901960784,7.7030603833449796,0.03770739064856715
groot_l10_500,r6p3v2_groot_l10_500_B_r0,r6p3v2_groot_l10_500_B_r0:eval:9:0,1,9,0,20,100,B,False,4683.088,4685.853,slow_ambiguous,,0.03921568627450983,0.03907946157186282,0.05882352941176466,20,2,5,45,0.32,7.682536743073624,0.004091653027823217
groot_l10_500,r6p3v2_groot_l10_500_B_r0,r6p3v2_groot_l10_500_B_r0:eval:9:0,1,9,0,22,110,B,True,4547.69,4550.446,slow_confirmed,,0.0,0.05128205128205132,0.05882352941176466,20,2,5,45,0.36,7.716448920267666,0.0
groot_l10_500,r6p3v2_groot_l10_500_B_r0,r6p3v2_groot_l10_500_B_r0:eval:9:0,1,9,0,24,120,B,False,4619.76,4622.269,slow_confirmed,,0.0,0.04597701149425287,0.05882352941176466,20,2,5,45,0.38461538461538464,8.005884684192239,0.0
groot_l10_500,r6p3v2_groot_l10_500_B_r0,r6p3v2_groot_l10_500_B_r0:eval:9:0,1,9,0,26,130,B,False,4664.382,4667.172,ok,,0.11111111111111112,0.034953111679454474,0.05882352941176472,20,2,5,45,0.36363636363636365,8.219078032411998,0.24866310160427807
groot_l10_500,r6p3v2_groot_l10_500_B_r0,r6p3v2_groot_l10_500_B_r0:eval:9:0,1,9,0,28,140,B,False,4580.053,4582.554,ok,,0.11538461538461538,0.009634684865515858,0.05882352941176472,20,2,5,45,0.38461538461538464,8.51097467971826,0.1282539682539683
groot_l10_500,r6p3v2_groot_l10_500_B_r0,r6p3v2_groot_l10_500_B_r0:eval:9:0,1,9,0,30,150,B,True,4565.333,4568.231,ok,,0.07692307692307687,0.03547169811320755,0.05882352941176472,20,2,5,45,0.47058823529411764,8.183869621490516,0.05916305916305914
groot_l10_500,r6p3v2_groot_l10_500_B_r0,r6p3v2_groot_l10_500_B_r0:eval:9:0,1,9,0,32,160,B,False,4496.68,4499.284,ok,,0.06349206349206349,0.038333333333333275,0.05882352941176472,20,2,5,45,0.52,8.339416641735243,0.04296296296296298
groot_l10_500,r6p3v2_groot_l10_500_B_r0,r6p3v2_groot_l10_500_B_r0:eval:9:0,1,9,0,34,170,B,True,4516.987,4519.522,ok,,0.07547169811320753,0.013677811550151908,0.05882352941176461,20,2,5,45,0.5384615384615384,8.223258982532526,0.03297682709447414
groot_l10_500,r6p3v2_groot_l10_500_B_r0,r6p3v2_groot_l10_500_B_r0:eval:9:0,1,9,0,36,180,B,False,4610.197,4612.826,ok,,0.07843137254901955,0.038200339558573826,0.05882352941176461,20,2,5,45,0.5882352941176471,8.093046867523734,0.01683501683501687
groot_l10_500,r6p3v2_groot_l10_500_B_r0,r6p3v2_groot_l10_500_B_r0:eval:9:0,1,9,0,38,190,B,False,4704.359,4706.929,ok,,0.07999999999999996,0.03380503144654079,0.05882352941176461,20,2,5,45,0.6153846153846154,7.9239769037676195,0.036284470246734424
groot_l10_500,r6p3v2_groot_l10_500_B_r0,r6p3v2_groot_l10_500_B_r0:eval:9:0,1,9,0,40,200,B,False,4539.115,4541.662,ok,,0.08695652173913038,0.03380503144654079,0.05882352941176472,20,2,5,45,0.6415094339622641,7.809089933162063,0.04807692307692313
groot_l10_500,r6p3v2_groot_l10_500_B_r0,r6p3v2_groot_l10_500_B_r0:eval:9:0,1,9,0,42,210,B,False,4489.662,4492.325,ok,,0.08333333333333326,0.03152088258471236,0.05882352941176461,20,2,5,45,0.6923076923076923,8.226895646161248,0.013986013986013957
groot_l10_500,r6p3v2_groot_l10_500_B_r0,r6p3v2_groot_l10_500_B_r0:eval:9:0,1,9,0,44,220,B,False,4548.139,4550.76,ok,,0.08333333333333337,0.008183306055646322,0.05882352941176472,20,2,5,45,0.7307692307692307,8.997432437409095,0.013986013986013957
groot_l10_500,r6p3v2_groot_l10_500_B_r0,r6p3v2_groot_l10_500_B_r0:eval:9:0,1,9,0,46,230,B,False,4527.955,4530.577,ok,,0.08333333333333337,0.00786163522012584,0.05882352941176472,20,2,5,45,0.7391304347826086,9.12577296538175,0.025335320417287588
groot_l10_500,r6p3v2_groot_l10_500_B_r0,r6p3v2_groot_l10_500_B_r0:eval:9:0,1,9,0,48,240,B,False,4577.227,4580.072,ok,,0.05882352941176472,0.035471698113207606,0.05882352941176472,20,2,5,45,0.8333333333333334,8.67232235745943,0.04924242424242431
groot_l10_500,r6p3v2_groot_l10_500_B_r0,r6p3v2_groot_l10_500_B_r0:eval:9:0,1,9,0,50,250,B,False,4670.177,4673.006,ok,,0.08333333333333337,0.03240740740740744,0.05882352941176472,20,2,5,45,0.8627450980392157,8.077996442187859,0.106951871657754
groot_l10_500,r6p3v2_groot_l10_500_B_r0,r6p3v2_groot_l10_500_B_r0:eval:9:0,1,9,0,52,260,B,False,4694.555,4697.421,ok,,0.08510638297872342,0.02955082742316787,0.05882352941176472,20,2,5,45,0.8979591836734694,8.309662724826984,0.0579322638146168
groot_l10_500,r6p3v2_groot_l10_500_B_r0,r6p3v2_groot_l10_500_B_r0:eval:9:1,1,9,1,0,0,B,False,63.671,67.016,inactive,warming_up,,,,0,2,5,45,,,
groot_l10_500,r6p3v2_groot_l10_500_B_r0,r6p3v2_groot_l10_500_B_r0:eval:9:1,1,9,1,2,10,B,False,30.855,32.672,inactive,warming_up,,,,0,2,5,45,,,
groot_l10_500,r6p3v2_groot_l10_500_B_r0,r6p3v2_groot_l10_500_B_r0:eval:9:1,1,9,1,4,20,B,False,4790.641,4793.053,slow_ambiguous,,0.0425531914893617,0.017759562841530074,0.05882352941176472,20,2,5,45,0.0,8.855436380737421,0.045787545787545784
groot_l10_500,r6p3v2_groot_l10_500_B_r0,r6p3v2_groot_l10_500_B_r0:eval:9:1,1,9,1,6,30,B,False,4630.852,4633.867,ok,,0.0851063829787234,0.022093344380005507,0.05882352941176472,20,2,5,45,0.0,7.661692071235362,0.07749326145552561
groot_l10_500,r6p3v2_groot_l10_500_B_r0,r6p3v2_groot_l10_500_B_r0:eval:9:1,1,9,1,8,40,B,False,4644.764,4647.695,ok,,0.07692307692307693,0.035878181059657906,0.058823529411764705,20,2,5,45,0.06779661016949153,7.935494022961554,0.0454109370003198
groot_l10_500,r6p3v2_groot_l10_500_B_r0,r6p3v2_groot_l10_500_B_r0:eval:9:1,1,9,1,10,50,B,True,4479.244,4481.801,ok,,0.07692307692307693,0.03325774754346183,0.05882352941176472,20,2,5,45,0.1016949152542373,8.444753150247886,0.03934624697336565
groot_l10_500,r6p3v2_groot_l10_500_B_r0,r6p3v2_groot_l10_500_B_r0:eval:9:1,1,9,1,12,60,B,False,4592.527,4595.211,ok,,0.07692307692307693,0.011484823625922888,0.0588235294117647,20,2,5,45,0.13559322033898305,8.52243747940835,0.017309772809231877
groot_l10_500,r6p3v2_groot_l10_500_B_r0,r6p3v2_groot_l10_500_B_r0:eval:9:1,1,9,1,14,70,B,True,4677.096,4679.676,ok,,0.0816326530612245,0.009634684865515858,0.05882352941176472,20,2,5,45,0.1724137931034483,8.450508532838152,0.06146926536731637
groot_l10_500,r6p3v2_groot_l10_500_B_r0,r6p3v2_groot_l10_500_B_r0:eval:9:1,1,9,1,16,80,B,False,4599.627,4602.289,ok,,0.08695652173913043,0.011032308904649346,0.05882352941176472,20,2,5,45,0.21739130434782608,8.226554847274356,0.055194805194805185
groot_l10_500,r6p3v2_groot_l10_500_B_r0,r6p3v2_groot_l10_500_B_r0:eval:9:1,1,9,1,18,90,B,False,4387.349,4390.154,slow_ambiguous,,0.04545454545454547,0.04255319148936171,0.05882352941176472,20,2,5,45,0.30434782608695654,7.748501487886287,0.08876811594202899
groot_l10_500,r6p3v2_groot_l10_500_B_r0,r6p3v2_groot_l10_500_B_r0:eval:9:1,1,9,1,20,100,B,False,4586.99,4590.477,ok,,0.08695652173913043,0.03996983408748117,0.05882352941176472,20,2,5,45,0.3181818181818182,7.707402828795185,0.039115646258503445
groot_l10_500,r6p3v2_groot_l10_500_B_r0,r6p3v2_groot_l10_500_B_r0:eval:9:1,1,9,1,22,110,B,False,4552.557,4555.347,ok,,0.08695652173913043,0.00927643784786647,0.0588235294117647,20,2,5,45,0.391304347826087,8.424982834261366,0.027417027417027395
groot_l10_500,r6p3v2_groot_l10_500_B_r0,r6p3v2_groot_l10_500_B_r0:eval:9:1,1,9,1,24,120,B,False,4585.587,4588.321,ok,,0.08695652173913043,0.02795031055900621,0.05882352941176472,20,2,5,45,0.4230769230769231,8.347434799442672,0.04981084489281208
groot_l10_500,r6p3v2_groot_l10_500_B_r0,r6p3v2_groot_l10_500_B_r0:eval:9:1,1,9,1,26,130,B,False,4557.2,4560.003,ok,,0.08163265306122447,0.02795031055900621,0.05882352941176472,20,2,5,45,0.5,8.071548642448175,0.0499194847020934
groot_l10_500,r6p3v2_groot_l10_500_B_r0,r6p3v2_groot_l10_500_B_r0:eval:9:1,1,9,1,28,140,B,False,4439.91,4442.636,ok,,0.08163265306122447,0.016333938294010752,0.05882352941176472,20,2,5,45,0.5306122448979592,7.76111616447432,0.04849498327759205
groot_l10_500,r6p3v2_groot_l10_500_B_r0,r6p3v2_groot_l10_500_B_r0:eval:9:1,1,9,1,30,150,B,False,4639.817,4642.934,slow_ambiguous,,0.03703703703703698,0.03142857142857136,0.05882352941176472,20,2,5,45,0.5714285714285714,8.569608728939107,0.009070294784580546
groot_l10_500,r6p3v2_groot_l10_500_B_r0,r6p3v2_groot_l10_500_B_r0:eval:9:1,1,9,1,32,160,B,False,4630.728,4633.399,slow_confirmed,,0.0,0.03199343724364223,0.05882352941176472,20,2,5,45,0.6153846153846154,8.506199843802007,0.038461538461538436
groot_l10_500,r6p3v2_groot_l10_500_B_r0,r6p3v2_groot_l10_500_B_r0:eval:9:1,1,9,1,34,170,B,False,4509.469,4512.028,ok,,0.07142857142857151,0.028801843317972364,0.05882352941176472,20,2,5,45,0.6153846153846154,9.10260924405254,0.08503853308530429
groot_l10_500,r6p3v2_groot_l10_500_B_r0,r6p3v2_groot_l10_500_B_r0:eval:9:1,1,9,1,36,180,B,True,4549.045,4551.768,ok,,0.06349206349206349,0.018734109460725325,0.05882352941176472,20,2,5,45,0.6785714285714286,9.363530086895977,0.11522911051212947
groot_l10_500,r6p3v2_groot_l10_500_B_r0,r6p3v2_groot_l10_500_B_r0:eval:9:1,1,9,1,38,190,B,False,4462.875,4465.476,ok,,0.08333333333333326,0.008525149190110937,0.05882352941176472,20,2,5,45,0.6956521739130435,9.486935603411338,0.031671159029649454
groot_l10_500,r6p3v2_groot_l10_500_B_r0,r6p3v2_groot_l10_500_B_r0:eval:9:1,1,9,1,40,200,B,False,4450.147,4452.858,ok,,0.08000000000000007,0.02117647058823524,0.05882352941176472,20,2,5,45,0.72,9.55875426388893,0.04365079365079361
groot_l10_500,r6p3v2_groot_l10_500_B_r0,r6p3v2_groot_l10_500_B_r0:eval:9:1,1,9,1,42,210,B,False,4465.372,4468.228,ok,,0.07999999999999996,0.02117647058823524,0.05882352941176472,20,2,5,45,0.7755102040816326,9.684142421554474,0.05124223602484479
groot_l10_500,r6p3v2_groot_l10_500_B_r0,r6p3v2_groot_l10_500_B_r0:eval:9:1,1,9,1,44,220,B,False,4584.026,4586.553,ok,,0.07843137254901966,0.021614319486659928,0.05882352941176472,20,2,5,45,0.8,9.586763182311456,0.05124223602484468
groot_l10_500,r6p3v2_groot_l10_500_B_r0,r6p3v2_groot_l10_500_B_r0:eval:9:1,1,9,1,46,230,B,False,4597.477,4600.189,ok,,0.06349206349206349,0.03240740740740744,0.05882352941176472,20,2,5,45,0.8518518518518519,9.093726288967847,0.04139433551198268
groot_l10_500,r6p3v2_groot_l10_500_B_r0,r6p3v2_groot_l10_500_B_r0:eval:9:1,1,9,1,48,240,B,False,4607.574,4610.468,slow_ambiguous,,0.04081632653061229,0.02876835480970922,0.05882352941176472,20,2,5,45,0.8888888888888888,9.45462784141681,0.03369272237196774
groot_l10_500,r6p3v2_groot_l10_500_B_r0,r6p3v2_groot_l10_500_B_r0:eval:9:1,1,9,1,50,250,B,False,4538.51,4541.212,ok,,0.06349206349206349,0.03744680851063842,0.05882352941176472,20,2,5,45,0.9130434782608695,9.54746373473345,0.04459561602418749
groot_l10_500,r6p3v2_groot_l10_500_B_r1,r6p3v2_groot_l10_500_B_r1:eval:0:0,1,0,0,0,0,B,False,49.532,52.558,inactive,warming_up,,,,0,2,5,43,,,
groot_l10_500,r6p3v2_groot_l10_500_B_r1,r6p3v2_groot_l10_500_B_r1:eval:0:0,1,0,0,2,10,B,False,34.8,36.638,inactive,warming_up,,,,0,2,5,43,,,
groot_l10_500,r6p3v2_groot_l10_500_B_r1,r6p3v2_groot_l10_500_B_r1:eval:0:0,1,0,0,4,20,B,False,6049.467,6052.184,ok,,0.07407407407407407,0.019916142557652006,0.0625,20,2,5,43,0.0,9.203914227955808,0.03140096618357487
groot_l10_500,r6p3v2_groot_l10_500_B_r1,r6p3v2_groot_l10_500_B_r1:eval:0:0,1,0,0,6,30,B,False,4310.47,4313.19,ok,,0.07547169811320754,0.01340996168582375,0.0625,20,2,5,43,0.038461538461538464,7.627441245240697,0.03508771929824561
groot_l10_500,r6p3v2_groot_l10_500_B_r1,r6p3v2_groot_l10_500_B_r1:eval:0:0,1,0,0,8,40,B,True,4593.712,4596.25,slow_ambiguous,,0.04000000000000001,0.023569023569023573,0.0625,20,2,5,43,0.11538461538461539,7.671235173405875,0.03313840155945419
groot_l10_500,r6p3v2_groot_l10_500_B_r1,r6p3v2_groot_l10_500_B_r1:eval:0:0,1,0,0,10,50,B,False,4132.067,4134.682,ok,,0.07407407407407407,0.012882447665056362,0.0625,20,2,5,43,0.125,7.555942907593464,0.039855072463768126
groot_l10_500,r6p3v2_groot_l10_500_B_r1,r6p3v2_groot_l10_500_B_r1:eval:0:0,1,0,0,12,60,B,False,4373.874,4376.349,ok,,0.11111111111111112,0.01003344481605356,0.0625,20,2,5,43,0.1509433962264151,7.97924494305562,0.06025934401220445
groot_l10_500,r6p3v2_groot_l10_500_B_r1,r6p3v2_groot_l10_500_B_r1:eval:0:0,1,0,0,14,70,B,False,4462.796,4465.573,ok,,0.07017543859649122,0.036338225017470305,0.0625,20,2,5,43,0.19230769230769232,7.929815595669528,0.048494983277591996
groot_l10_500,r6p3v2_groot_l10_500_B_r1,r6p3v2_groot_l10_500_B_r1:eval:0:0,1,0,0,16,80,B,False,4418.598,4421.173,slow_confirmed,,0.04166666666666663,0.012882447665056362,0.0625,20,2,5,43,0.20408163265306123,8.235716834645437,0.0668016194331984
groot_l10_500,r6p3v2_groot_l10_500_B_r1,r6p3v2_groot_l10_500_B_r1:eval:0:0,1,0,0,18,90,B,False,4344.016,4346.947,ok,,0.07692307692307693,0.012882447665056362,0.0625,20,2,5,43,0.23076923076923078,8.672737653736341,0.0760233918128655
groot_l10_500,r6p3v2_groot_l10_500_B_r1,r6p3v2_groot_l10_500_B_r1:eval:0:0,1,0,0,20,100,B,True,4364.896,4367.549,ok,,0.1176470588235294,0.006747638326585703,0.0625,20,2,5,43,0.24489795918367346,9.002630908480223,0.09698996655518397
groot_l10_500,r6p3v2_groot_l10_500_B_r1,r6p3v2_groot_l10_500_B_r1:eval:0:0,1,0,0,22,110,B,False,4258.379,4260.97,ok,,0.08163265306122452,0.007861635220125729,0.0625,20,2,5,43,0.34782608695652173,8.879242502241251,0.016781083142639208
groot_l10_500,r6p3v2_groot_l10_500_B_r1,r6p3v2_groot_l10_500_B_r1:eval:0:0,1,0,0,24,120,B,True,4181.035,4183.6,ok,,0.0784313725490196,0.006160954948016939,0.0625,20,2,5,43,0.39215686274509803,8.606340391534713,0.016781083142639208
groot_l10_500,r6p3v2_groot_l10_500_B_r1,r6p3v2_groot_l10_500_B_r1:eval:0:0,1,0,0,26,130,B,False,4391.671,4394.273,ok,,0.07843137254901955,0.035612535612535634,0.0625,20,2,5,43,0.43137254901960786,8.620060894903238,0.052273540995345466
groot_l10_500,r6p3v2_groot_l10_500_B_r1,r6p3v2_groot_l10_500_B_r1:eval:0:0,1,0,0,28,140,B,True,4322.167,4324.819,slow_confirmed,,0.039215686274509776,0.007716049382716084,0.0625,20,2,5,43,0.47058823529411764,8.303487503371484,0.04654493376297886
groot_l10_500,r6p3v2_groot_l10_500_B_r1,r6p3v2_groot_l10_500_B_r1:eval:0:0,1,0,0,30,150,B,True,4264.934,4267.533,slow_confirmed,,0.0,0.03561253561253569,0.0625,20,2,5,43,0.5185185185185185,8.178315317989105,0.03921568627450989
groot_l10_500,r6p3v2_groot_l10_500_B_r1,r6p3v2_groot_l10_500_B_r1:eval:0:0,1,0,0,32,160,B,False,4265.675,4268.374,ok,,0.07843137254901966,0.036256011838697644,0.0625,20,2,5,43,0.5098039215686274,8.423664044904314,0.06444683136412455
groot_l10_500,r6p3v2_groot_l10_500_B_r1,r6p3v2_groot_l10_500_B_r1:eval:0:0,1,0,0,34,170,B,False,4339.766,4342.406,ok,,0.08333333333333337,0.037010159651669094,0.0625,20,2,5,43,0.52,8.155846609373796,0.08479532163742692
groot_l10_500,r6p3v2_groot_l10_500_B_r1,r6p3v2_groot_l10_500_B_r1:eval:0:0,1,0,0,36,180,B,False,4348.603,4351.307,ok,,0.07017543859649122,0.03996598639455784,0.0625,20,2,5,43,0.5614035087719298,7.996380920171645,0.027777777777777735
groot_l10_500,r6p3v2_groot_l10_500_B_r1,r6p3v2_groot_l10_500_B_r1:eval:0:0,1,0,0,38,190,B,True,4269.25,4271.84,ok,,0.07017543859649122,0.011484823625922957,0.0625,20,2,5,43,0.625,8.109740835005061,0.02777777777777779
groot_l10_500,r6p3v2_groot_l10_500_B_r1,r6p3v2_groot_l10_500_B_r1:eval:0:0,1,0,0,40,200,B,False,4274.9,4277.427,ok,,0.07999999999999996,0.013157894736842146,0.0625,20,2,5,43,0.6666666666666666,8.630416878586765,0.06871345029239773
groot_l10_500,r6p3v2_groot_l10_500_B_r1,r6p3v2_groot_l10_500_B_r1:eval:0:0,1,0,0,42,210,B,False,4154.68,4157.273,ok,,0.06779661016949157,0.036256011838697755,0.0625,20,2,5,43,0.6938775510204082,8.597761335994186,0.10185185185185175
groot_l10_500,r6p3v2_groot_l10_500_B_r1,r6p3v2_groot_l10_500_B_r1:eval:0:0,1,0,0,44,220,B,False,4333.175,4336.06,slow_confirmed,,0.0,0.013157894736842146,0.0625,20,2,5,43,0.7777777777777778,8.88984693225566,0.07017543859649122
groot_l10_500,r6p3v2_groot_l10_500_B_r1,r6p3v2_groot_l10_500_B_r1:eval:0:0,1,0,0,46,230,B,False,4365.226,4367.881,ok,,0.07017543859649122,0.011484823625922846,0.0625,20,2,5,43,0.7924528301886793,8.62383895269751,0.043896804004620704
groot_l10_500,r6p3v2_groot_l10_500_B_r1,r6p3v2_groot_l10_500_B_r1:eval:0:0,1,0,0,48,240,B,False,4237.195,4239.779,ok,,0.07547169811320753,0.011032308904649346,0.0625,20,2,5,43,0.8301886792452831,8.690402189832655,0.052273540995345424
groot_l10_500,r6p3v2_groot_l10_500_B_r1,r6p3v2_groot_l10_500_B_r1:eval:0:0,1,0,0,50,250,B,False,4345.363,4347.951,ok,,0.07547169811320753,0.011979634621144042,0.0625,20,2,5,43,0.8679245283018868,9.029471735725174,0.022727272727272707
groot_l10_500,r6p3v2_groot_l10_500_B_r1,r6p3v2_groot_l10_500_B_r1:eval:0:0,1,0,0,52,260,B,False,4182.534,4193.528,ok,,0.07547169811320753,0.017819706498951815,0.0625,20,2,5,43,0.9056603773584906,8.990784727609128,0.04307909604519766
groot_l10_500,r6p3v2_groot_l10_500_B_r1,r6p3v2_groot_l10_500_B_r1:eval:0:1,1,0,1,0,0,B,False,43.25,46.219,inactive,warming_up,,,,0,2,5,43,,,
groot_l10_500,r6p3v2_groot_l10_500_B_r1,r6p3v2_groot_l10_500_B_r1:eval:0:1,1,0,1,2,10,B,False,29.37,31.134,inactive,warming_up,,,,0,2,5,43,,,
groot_l10_500,r6p3v2_groot_l10_500_B_r1,r6p3v2_groot_l10_500_B_r1:eval:0:1,1,0,1,4,20,B,False,4379.127,4381.718,ok,,0.0784313725490196,0.006747638326585703,0.0625,20,2,5,43,0.0,8.903469690018843,0.0776470588235294
groot_l10_500,r6p3v2_groot_l10_500_B_r1,r6p3v2_groot_l10_500_B_r1:eval:0:1,1,0,1,6,30,B,True,4379.122,4381.695,ok,,0.0784313725490196,0.009634684865515844,0.0625,20,2,5,43,0.04,6.9380751172747095,0.009824561403508764
groot_l10_500,r6p3v2_groot_l10_500_B_r1,r6p3v2_groot_l10_500_B_r1:eval:0:1,1,0,1,8,40,B,False,4324.002,4326.673,ok,,0.07692307692307693,0.009634684865515844,0.0625,20,2,5,43,0.0784313725490196,7.167012075622444,0.009824561403508777
groot_l10_500,r6p3v2_groot_l10_500_B_r1,r6p3v2_groot_l10_500_B_r1:eval:0:1,1,0,1,10,50,B,False,4290.83,4293.551,ok,,0.07692307692307693,0.011484823625922874,0.0625,20,2,5,43,0.12,7.541808875120218,0.012203389830508476
groot_l10_500,r6p3v2_groot_l10_500_B_r1,r6p3v2_groot_l10_500_B_r1:eval:0:1,1,0,1,12,60,B,True,4330.184,4332.82,slow_ambiguous,,0.0392156862745098,0.025756214435459696,0.0625,20,2,5,43,0.16,7.810624078803623,0.046101694915254204
groot_l10_500,r6p3v2_groot_l10_500_B_r1,r6p3v2_groot_l10_500_B_r1:eval:0:1,1,0,1,14,70,B,False,4358.954,4361.546,slow_confirmed,,0.03921568627450983,0.019916142557652006,0.0625,20,2,5,43,0.1875,8.61594111384204,0.03898635477582846
groot_l10_500,r6p3v2_groot_l10_500_B_r1,r6p3v2_groot_l10_500_B_r1:eval:0:1,1,0,1,16,80,B,True,4393.791,4396.49,ok,,0.07547169811320753,0.007861635220125784,0.0625,20,2,5,43,0.2222222222222222,9.081013581438468,0.054824561403508776
groot_l10_500,r6p3v2_groot_l10_500_B_r1,r6p3v2_groot_l10_500_B_r1:eval:0:1,1,0,1,18,90,B,False,4236.537,4239.092,ok,,0.06779661016949151,0.007861635220125784,0.0625,20,2,5,43,0.24561403508771928,9.382143124494188,0.05866228070175439
groot_l10_500,r6p3v2_groot_l10_500_B_r1,r6p3v2_groot_l10_500_B_r1:eval:0:1,1,0,1,20,100,B,True,4262.993,4265.655,ok,,0.06896551724137931,0.020606060606060572,0.0625,20,2,5,43,0.2413793103448276,9.003261305640208,0.42105263157894735
groot_l10_500,r6p3v2_groot_l10_500_B_r1,r6p3v2_groot_l10_500_B_r1:eval:0:1,1,0,1,22,110,B,True,4358.739,4361.314,slow_confirmed,,0.03448275862068967,0.01288244766505639,0.0625,20,2,5,43,0.17857142857142858,8.692795899884288,0.008654886404615952
groot_l10_500,r6p3v2_groot_l10_500_B_r1,r6p3v2_groot_l10_500_B_r1:eval:0:1,1,0,1,24,120,B,True,4484.798,4487.216,ok,,0.06779661016949154,0.006747638326585703,0.0625,20,2,5,43,0.2127659574468085,9.090552784718769,0.1694915254237288
groot_l10_500,r6p3v2_groot_l10_500_B_r1,r6p3v2_groot_l10_500_B_r1:eval:0:1,1,0,1,26,130,B,False,4319.182,4321.604,slow_confirmed,,0.040000000000000036,0.020606060606060572,0.0625,20,2,5,43,0.21428571428571427,9.242931583484575,0.16767554479418884
groot_l10_500,r6p3v2_groot_l10_500_B_r1,r6p3v2_groot_l10_500_B_r1:eval:0:1,1,0,1,28,140,B,True,4230.68,4233.096,ok,,0.06779661016949157,0.01340996168582375,0.0625,20,2,5,43,0.25,9.454115620185114,0.04428571428571432
groot_l10_500,r6p3v2_groot_l10_500_B_r1,r6p3v2_groot_l10_500_B_r1:eval:0:1,1,0,1,30,150,B,False,4196.618,4199.185,ok,,0.07547169811320759,0.014294996751137101,0.0625,20,2,5,43,0.28,9.390640800851065,0.033068783068783095
groot_l10_500,r6p3v2_groot_l10_500_B_r1,r6p3v2_groot_l10_500_B_r1:eval:0:1,1,0,1,32,160,B,False,4297.368,4299.966,ok,,0.08000000000000002,0.019916142557652006,0.0625,20,2,5,43,0.31746031746031744,9.784147819119974,0.043650793650793676
groot_l10_500,r6p3v2_groot_l10_500_B_r1,r6p3v2_groot_l10_500_B_r1:eval:0:1,1,0,1,34,170,B,False,4386.522,4389.123,ok,,0.08000000000000002,0.020606060606060572,0.0625,20,2,5,43,0.3492063492063492,9.940119264877994,0.34391534391534384
groot_l10_500,r6p3v2_groot_l10_500_B_r1,r6p3v2_groot_l10_500_B_r1:eval:0:1,1,0,1,36,180,B,False,4175.62,4177.998,ok,,0.14814814814814814,0.037010159651669094,0.0625,20,2,5,43,0.4,10.36756815583615,0.11489361702127654
groot_l10_500,r6p3v2_groot_l10_500_B_r1,r6p3v2_groot_l10_500_B_r1:eval:0:1,1,0,1,38,190,B,False,4263.301,4265.852,ok,,0.15999999999999998,0.036256011838697644,0.0625,20,2,5,43,0.48148148148148145,9.842776269918403,0.051851851851851816
groot_l10_500,r6p3v2_groot_l10_500_B_r1,r6p3v2_groot_l10_500_B_r1:eval:0:1,1,0,1,40,200,B,False,4126.855,4129.241,ok,,0.07407407407407407,0.03313840155945419,0.0625,20,2,5,43,0.5925925925925926,9.349133559314152,0.04969696969696957
groot_l10_500,r6p3v2_groot_l10_500_B_r1,r6p3v2_groot_l10_500_B_r1:eval:0:1,1,0,1,42,210,B,False,4348.466,4350.712,ok,,0.07407407407407407,0.00925925925925919,0.0625,20,2,5,43,0.6296296296296297,8.374333101513963,0.019393939393939408
groot_l10_500,r6p3v2_groot_l10_500_B_r1,r6p3v2_groot_l10_500_B_r1:eval:0:1,1,0,1,44,220,B,False,4297.601,4300.073,ok,,0.07407407407407407,0.011484823625922846,0.0625,20,2,5,43,0.6666666666666666,8.302576330505923,0.019393939393939408
groot_l10_500,r6p3v2_groot_l10_500_B_r1,r6p3v2_groot_l10_500_B_r1:eval:0:1,1,0,1,46,230,B,False,4260.206,4262.783,ok,,0.07692307692307687,0.006675010429703865,0.0625,20,2,5,43,0.68,8.632079174310379,0.052601486563750854
groot_l10_500,r6p3v2_groot_l10_500_B_r1,r6p3v2_groot_l10_500_B_r1:eval:0:1,1,0,1,48,240,B,True,4322.499,4325.129,slow_confirmed,,0.039215686274509776,0.022606382978723416,0.0625,20,2,5,43,0.72,8.479080278367089,0.07617051013277432
groot_l10_500,r6p3v2_groot_l10_500_B_r1,r6p3v2_groot_l10_500_B_r1:eval:0:1,1,0,1,50,250,B,False,4341.35,4344.009,ok,,0.07692307692307687,0.011979634621144042,0.0625,20,2,5,43,0.7777777777777778,8.618282724991483,0.01683501683501687
groot_l10_500,r6p3v2_groot_l10_500_B_r1,r6p3v2_groot_l10_500_B_r1:eval:0:1,1,0,1,52,260,B,False,4228.136,4230.559,ok,,0.1132075471698113,0.02645074224021593,0.0625,20,2,5,43,0.7924528301886793,9.150511651426608,0.08604954367666229
groot_l10_500,r6p3v2_groot_l10_500_B_r1,r6p3v2_groot_l10_500_B_r1:eval:0:1,1,0,1,54,270,B,False,4327.372,4330.14,ok,,0.07547169811320753,0.011979634621144042,0.0625,20,2,5,43,0.8679245283018868,9.263067351731754,0.015536723163841804
groot_l10_500,r6p3v2_groot_l10_500_B_r1,r6p3v2_groot_l10_500_B_r1:eval:0:1,1,0,1,56,280,B,False,4472.47,4474.998,ok,,0.07407407407407407,0.024291497975708398,0.0625,20,2,5,43,0.9152542372881356,9.095529319621564,0.04943502824858759
groot_l10_500,r6p3v2_groot_l10_500_B_r1,r6p3v2_groot_l10_500_B_r1:eval:0:1,1,0,1,58,290,B,True,4226.999,4229.506,slow_ambiguous,,0.05660377358490565,0.04122861265718406,0.0625,20,2,5,43,0.9259259259259259,9.153625472366647,0.04551724137931035
groot_l10_500,r6p3v2_groot_l10_500_B_r1,r6p3v2_groot_l10_500_B_r1:eval:1:0,1,1,0,0,0,B,False,43.091,45.961,inactive,warming_up,,,,0,2,5,48,,,
groot_l10_500,r6p3v2_groot_l10_500_B_r1,r6p3v2_groot_l10_500_B_r1:eval:1:0,1,1,0,2,10,B,False,26.412,27.934,inactive,warming_up,,,,0,2,5,48,,,
groot_l10_500,r6p3v2_groot_l10_500_B_r1,r6p3v2_groot_l10_500_B_r1:eval:1:0,1,1,0,4,20,B,False,6338.236,6340.789,ok,,0.08888888888888889,0.00888888888888889,0.07547169811320753,20,2,5,48,0.0,8.768362349681388,0.04166666666666667
groot_l10_500,r6p3v2_groot_l10_500_B_r1,r6p3v2_groot_l10_500_B_r1:eval:1:0,1,1,0,6,30,B,False,4672.915,4675.737,ok,,0.08695652173913043,0.005555555555555564,0.07547169811320754,20,2,5,48,0.043478260869565216,8.005215437435288,0.007575757575757555
groot_l10_500,r6p3v2_groot_l10_500_B_r1,r6p3v2_groot_l10_500_B_r1:eval:1:0,1,1,0,8,40,B,False,4652.557,4655.466,ok,,0.08333333333333333,0.005555555555555564,0.07547169811320756,20,2,5,48,0.08333333333333333,7.861961939279361,0.01683501683501684
groot_l10_500,r6p3v2_groot_l10_500_B_r1,r6p3v2_groot_l10_500_B_r1:eval:1:0,1,1,0,10,50,B,False,4530.375,4533.066,ok,,0.08695652173913043,0.005555555555555564,0.07547169811320754,20,2,5,48,0.13043478260869565,7.737602223055224,0.007575757575757569
groot_l10_500,r6p3v2_groot_l10_500_B_r1,r6p3v2_groot_l10_500_B_r1:eval:1:0,1,1,0,12,60,B,False,4570.982,4573.702,ok,,0.08510638297872339,0.005555555555555564,0.07547169811320756,20,2,5,48,0.17391304347826086,7.7534007104688385,0.012882447665056362
groot_l10_500,r6p3v2_groot_l10_500_B_r1,r6p3v2_groot_l10_500_B_r1:eval:1:0,1,1,0,14,70,B,False,4711.415,4714.15,ok,,0.08000000000000002,0.005555555555555564,0.07547169811320753,20,2,5,48,0.20833333333333334,7.591514157478817,0.01288244766505639
groot_l10_500,r6p3v2_groot_l10_500_B_r1,r6p3v2_groot_l10_500_B_r1:eval:1:0,1,1,0,16,80,B,False,4553.866,4556.559,ok,,0.08333333333333331,0.006160954948016939,0.07547169811320759,20,2,5,48,0.2608695652173913,7.995029688135795,0.012882447665056362
groot_l10_500,r6p3v2_groot_l10_500_B_r1,r6p3v2_groot_l10_500_B_r1:eval:1:0,1,1,0,18,90,B,True,4526.574,4529.29,ok,,0.08695652173913043,0.003952569169960507,0.07547169811320759,20,2,5,48,0.3111111111111111,8.558371806623095,0.014814814814814836
groot_l10_500,r6p3v2_groot_l10_500_B_r1,r6p3v2_groot_l10_500_B_r1:eval:1:0,1,1,0,20,100,B,False,4596.671,4599.441,ok,,0.08333333333333331,0.006066734074823055,0.07547169811320759,20,2,5,48,0.35555555555555557,8.519479537555986,0.01481481481481478
groot_l10_500,r6p3v2_groot_l10_500_B_r1,r6p3v2_groot_l10_500_B_r1:eval:1:0,1,1,0,22,110,B,True,4686.605,4689.37,ok,,0.08333333333333331,0.007256235827664437,0.07547169811320759,20,2,5,48,0.4,8.032739551176993,0.01481481481481478
groot_l10_500,r6p3v2_groot_l10_500_B_r1,r6p3v2_groot_l10_500_B_r1:eval:1:0,1,1,0,24,120,B,False,4432.4,4435.054,ok,,0.08333333333333331,0.04255319148936165,0.07547169811320753,20,2,5,48,0.43478260869565216,7.406697477807188,0.04695652173913045
groot_l10_500,r6p3v2_groot_l10_500_B_r1,r6p3v2_groot_l10_500_B_r1:eval:1:0,1,1,0,26,130,B,False,4494.55,4497.122,ok,,0.08333333333333337,0.03815439219165928,0.07547169811320753,20,2,5,48,0.4583333333333333,7.414845472205092,0.06228956228956234
groot_l10_500,r6p3v2_groot_l10_500_B_r1,r6p3v2_groot_l10_500_B_r1:eval:1:0,1,1,0,28,140,B,False,4472.278,4474.79,ok,,0.08333333333333337,0.04251700680272108,0.07547169811320753,20,2,5,48,0.5,7.94201878725482,0.06089193825042882
groot_l10_500,r6p3v2_groot_l10_500_B_r1,r6p3v2_groot_l10_500_B_r1:eval:1:0,1,1,0,30,150,B,False,4701.704,4708.637,ok,,0.0888888888888889,0.007575757575757569,0.07547169811320753,20,2,5,48,0.5777777777777777,8.580685390951054,0.031574894108586826
groot_l10_500,r6p3v2_groot_l10_500_B_r1,r6p3v2_groot_l10_500_B_r1:eval:1:0,1,1,0,32,160,B,False,4809.416,4812.084,ok,,0.08695652173913038,0.005555555555555647,0.07547169811320753,20,2,5,48,0.6222222222222222,8.618395607680595,0.013417190775681376
groot_l10_500,r6p3v2_groot_l10_500_B_r1,r6p3v2_groot_l10_500_B_r1:eval:1:0,1,1,0,34,170,B,False,4649.177,4651.787,slow_ambiguous,,0.04166666666666663,0.04078014184397161,0.07547169811320764,20,2,5,48,0.68,8.04212921629764,0.5314285714285716
groot_l10_500,r6p3v2_groot_l10_500_B_r1,r6p3v2_groot_l10_500_B_r1:eval:1:0,1,1,0,36,180,B,False,4760.204,4762.904,ok,,0.08333333333333337,0.044403330249768835,0.07547169811320753,20,2,5,48,0.6938775510204082,7.377311365657984,0.038367346938775526
groot_l10_500,r6p3v2_groot_l10_500_B_r1,r6p3v2_groot_l10_500_B_r1:eval:1:0,1,1,0,38,190,B,False,4707.192,4709.843,ok,,0.08510638297872342,0.044403330249768835,0.07547169811320753,20,2,5,48,0.7346938775510204,7.848121378504981,0.04336734693877553
groot_l10_500,r6p3v2_groot_l10_500_B_r1,r6p3v2_groot_l10_500_B_r1:eval:1:0,1,1,0,40,200,B,True,4466.891,4469.666,ok,,0.08510638297872342,0.005555555555555536,0.07547169811320753,20,2,5,48,0.8,8.15007935080399,0.00927643784786647
groot_l10_500,r6p3v2_groot_l10_500_B_r1,r6p3v2_groot_l10_500_B_r1:eval:1:0,1,1,0,42,210,B,False,4470.785,4473.504,ok,,0.0888888888888889,0.03907946157186282,0.07547169811320753,20,2,5,48,0.8444444444444444,8.415234488532036,0.03911564625850339
groot_l10_500,r6p3v2_groot_l10_500_B_r1,r6p3v2_groot_l10_500_B_r1:eval:1:0,1,1,0,44,220,B,False,4695.057,4697.646,ok,,0.09090909090909094,0.03815439219165928,0.07547169811320753,20,2,5,48,0.8636363636363636,7.8639294644576445,0.08666666666666656
groot_l10_500,r6p3v2_groot_l10_500_B_r1,r6p3v2_groot_l10_500_B_r1:eval:1:1,1,1,1,0,0,B,False,44.98,48.049,inactive,warming_up,,,,0,2,5,48,,,
groot_l10_500,r6p3v2_groot_l10_500_B_r1,r6p3v2_groot_l10_500_B_r1:eval:1:1,1,1,1,2,10,B,False,31.373,33.147,inactive,warming_up,,,,0,2,5,48,,,
groot_l10_500,r6p3v2_groot_l10_500_B_r1,r6p3v2_groot_l10_500_B_r1:eval:1:1,1,1,1,4,20,B,True,4746.586,4750.559,ok,,0.08,0.005323868677905949,0.07547169811320759,20,2,5,48,0.0,9.375400691157772,0.013417190775681348
groot_l10_500,r6p3v2_groot_l10_500_B_r1,r6p3v2_groot_l10_500_B_r1:eval:1:1,1,1,1,6,30,B,False,4827.479,4683.376,ok,,0.08163265306122448,0.006066734074823055,0.07547169811320754,20,2,5,48,0.041666666666666664,8.085960687223567,0.01341719077568132
groot_l10_500,r6p3v2_groot_l10_500_B_r1,r6p3v2_groot_l10_500_B_r1:eval:1:1,1,1,1,8,40,B,False,4798.849,4801.571,ok,,0.08,0.005555555555555564,0.07547169811320759,20,2,5,48,0.08,8.234945759947788,0.013417190775681348
groot_l10_500,r6p3v2_groot_l10_500_B_r1,r6p3v2_groot_l10_500_B_r1:eval:1:1,1,1,1,10,50,B,False,4689.439,4692.091,ok,,0.08000000000000002,0.005555555555555564,0.07547169811320754,20,2,5,48,0.12,7.9749355060729314,0.009259259259259273
groot_l10_500,r6p3v2_groot_l10_500_B_r1,r6p3v2_groot_l10_500_B_r1:eval:1:1,1,1,1,12,60,B,False,4629.188,4631.789,ok,,0.07547169811320756,0.008183306055646489,0.07547169811320756,20,2,5,48,0.1509433962264151,7.86632575134589,0.04629629629629631
groot_l10_500,r6p3v2_groot_l10_500_B_r1,r6p3v2_groot_l10_500_B_r1:eval:1:1,1,1,1,14,70,B,True,4570.25,4572.918,ok,,0.08000000000000002,0.005555555555555564,0.07547169811320756,20,2,5,48,0.18518518518518517,7.97031990016934,0.016835016835016814
groot_l10_500,r6p3v2_groot_l10_500_B_r1,r6p3v2_groot_l10_500_B_r1:eval:1:1,1,1,1,16,80,B,False,4576.078,4578.654,slow_ambiguous,,0.07407407407407407,0.003952569169960507,0.07547169811320759,20,2,5,48,0.2222222222222222,8.472277018714168,0.014367816091954005
groot_l10_500,r6p3v2_groot_l10_500_B_r1,r6p3v2_groot_l10_500_B_r1:eval:1:1,1,1,1,18,90,B,False,4646.106,4648.66,ok,,0.08333333333333331,0.005555555555555591,0.07547169811320759,20,2,5,48,0.26666666666666666,8.776646715411118,0.014814814814814836
groot_l10_500,r6p3v2_groot_l10_500_B_r1,r6p3v2_groot_l10_500_B_r1:eval:1:1,1,1,1,20,100,B,True,4775.568,4778.151,ok,,0.08333333333333337,0.003952569169960507,0.07547169811320759,20,2,5,48,0.3333333333333333,8.891617034828581,0.0092592592592593
groot_l10_500,r6p3v2_groot_l10_500_B_r1,r6p3v2_groot_l10_500_B_r1:eval:1:1,1,1,1,22,110,B,False,4592.004,4594.756,ok,,0.08333333333333337,0.005555555555555536,0.07547169811320759,20,2,5,48,0.34782608695652173,8.351769855521022,0.01481481481481478
groot_l10_500,r6p3v2_groot_l10_500_B_r1,r6p3v2_groot_l10_500_B_r1:eval:1:1,1,1,1,24,120,B,False,4432.279,4434.762,ok,,0.08333333333333331,0.006956521739130417,0.07547169811320759,20,2,5,48,0.391304347826087,8.107957962799572,0.01481481481481478
groot_l10_500,r6p3v2_groot_l10_500_B_r1,r6p3v2_groot_l10_500_B_r1:eval:1:1,1,1,1,26,130,B,True,4652.556,4654.972,ok,,0.08333333333333331,0.007575757575757569,0.07547169811320753,20,2,5,48,0.43478260869565216,7.984679075927505,0.014814814814814836
groot_l10_500,r6p3v2_groot_l10_500_B_r1,r6p3v2_groot_l10_500_B_r1:eval:1:1,1,1,1,28,140,B,False,4692.688,4695.342,ok,,0.08333333333333331,0.04081632653061218,0.07547169811320764,20,2,5,48,0.4782608695652174,8.155111481792565,0.050427350427350415
groot_l10_500,r6p3v2_groot_l10_500_B_r1,r6p3v2_groot_l10_500_B_r1:eval:1:1,1,1,1,30,150,B,True,4618.354,4620.926,ok,,0.08163265306122447,0.007575757575757569,0.07547169811320759,20,2,5,48,0.4897959183673469,8.174780695822998,0.010033444816053616
groot_l10_500,r6p3v2_groot_l10_500_B_r1,r6p3v2_groot_l10_500_B_r1:eval:1:1,1,1,1,32,160,B,False,4581.919,4584.461,ok,,0.08510638297872342,0.005555555555555536,0.07547169811320759,20,2,5,48,0.5531914893617021,8.436326802773468,0.011965811965812034
groot_l10_500,r6p3v2_groot_l10_500_B_r1,r6p3v2_groot_l10_500_B_r1:eval:1:1,1,1,1,34,170,B,False,4505.023,4507.67,ok,,0.08333333333333337,0.005802707930367468,0.07547169811320753,20,2,5,48,0.5777777777777777,8.33891358612024,0.008888888888888946
groot_l10_500,r6p3v2_groot_l10_500_B_r1,r6p3v2_groot_l10_500_B_r1:eval:1:1,1,1,1,36,180,B,True,4516.075,4518.651,ok,,0.08333333333333337,0.0039525691699604515,0.07547169811320753,20,2,5,48,0.6530612244897959,8.412344160382846,0.008888888888888835
groot_l10_500,r6p3v2_groot_l10_500_B_r1,r6p3v2_groot_l10_500_B_r1:eval:1:1,1,1,1,38,190,B,False,4569.08,4571.726,ok,,0.08333333333333326,0.008888888888888835,0.07547169811320753,20,2,5,48,0.7083333333333334,8.336469678511127,0.014814814814814836
groot_l10_500,r6p3v2_groot_l10_500_B_r1,r6p3v2_groot_l10_500_B_r1:eval:1:1,1,1,1,40,200,B,False,4448.24,4450.895,slow_ambiguous,,0.038461538461538436,0.03965183752417789,0.07547169811320753,20,2,5,48,0.6792452830188679,8.890525372720573,0.04629629629629628
groot_l10_500,r6p3v2_groot_l10_500_B_r1,r6p3v2_groot_l10_500_B_r1:eval:1:1,1,1,1,42,210,B,False,4596.496,4598.996,ok,,0.08333333333333337,0.005555555555555536,0.07547169811320753,20,2,5,48,0.782608695652174,9.853993814857779,0.15064102564102566
groot_l10_500,r6p3v2_groot_l10_500_B_r1,r6p3v2_groot_l10_500_B_r1:eval:1:1,1,1,1,44,220,B,False,4465.187,4467.843,ok,,0.08333333333333326,0.005555555555555536,0.07547169811320753,20,2,5,48,0.8260869565217391,10.318316058958766,0.006956521739130417
groot_l10_500,r6p3v2_groot_l10_500_B_r1,r6p3v2_groot_l10_500_B_r1:eval:1:1,1,1,1,46,230,B,False,4526.432,4528.996,ok,,0.08695652173913038,0.019503546099290836,0.07547169811320753,20,2,5,48,0.8695652173913043,10.339045296884146,0.06048387096774188
groot_l10_500,r6p3v2_groot_l10_500_B_r1,r6p3v2_groot_l10_500_B_r1:eval:1:1,1,1,1,48,240,B,False,4479.504,4482.016,ok,,0.08695652173913049,0.033488372093023244,0.07547169811320753,20,2,5,48,0.9130434782608695,9.926578819734408,0.062904717853839
groot_l10_500,r6p3v2_groot_l10_500_B_r1,r6p3v2_groot_l10_500_B_r1:eval:2:0,1,2,0,0,0,B,False,44.089,46.838,inactive,warming_up,,,,0,2,5,42,,,
groot_l10_500,r6p3v2_groot_l10_500_B_r1,r6p3v2_groot_l10_500_B_r1:eval:2:0,1,2,0,2,10,B,False,27.825,29.391,inactive,warming_up,,,,0,2,5,42,,,
groot_l10_500,r6p3v2_groot_l10_500_B_r1,r6p3v2_groot_l10_500_B_r1:eval:2:0,1,2,0,4,20,B,False,5613.169,5615.815,ok,,0.08695652173913043,0.012535612535612528,0.07272727272727272,20,2,5,42,0.041666666666666664,8.81048389934793,0.03431372549019607
groot_l10_500,r6p3v2_groot_l10_500_B_r1,r6p3v2_groot_l10_500_B_r1:eval:2:0,1,2,0,6,30,B,True,4264.425,4267.125,ok,,0.0784313725490196,0.006956521739130445,0.07272727272727272,20,2,5,42,0.08695652173913043,7.1372893275515095,0.014229249011857695
groot_l10_500,r6p3v2_groot_l10_500_B_r1,r6p3v2_groot_l10_500_B_r1:eval:2:0,1,2,0,8,40,B,False,4125.185,4127.856,ok,,0.07692307692307693,0.006956521739130445,0.07272727272727272,20,2,5,42,0.10714285714285714,7.146073095344383,0.015527950310558994
groot_l10_500,r6p3v2_groot_l10_500_B_r1,r6p3v2_groot_l10_500_B_r1:eval:2:0,1,2,0,10,50,B,False,3934.082,3936.984,ok,,0.08000000000000002,0.012535612535612528,0.07272727272727272,20,2,5,42,0.17391304347826086,7.457370350920851,0.07821612349914239
groot_l10_500,r6p3v2_groot_l10_500_B_r1,r6p3v2_groot_l10_500_B_r1:eval:2:0,1,2,0,12,60,B,True,3918.643,3921.393,ok,,0.07999999999999999,0.012535612535612528,0.07272727272727272,20,2,5,42,0.17857142857142858,7.535865458626307,0.07967032967032969
groot_l10_500,r6p3v2_groot_l10_500_B_r1,r6p3v2_groot_l10_500_B_r1:eval:2:0,1,2,0,14,70,B,False,4065.969,4068.605,ok,,0.08510638297872342,0.03495311167945442,0.0727272727272727,20,2,5,42,0.2553191489361702,6.945211769868926,0.03846153846153845
groot_l10_500,r6p3v2_groot_l10_500_B_r1,r6p3v2_groot_l10_500_B_r1:eval:2:0,1,2,0,16,80,B,False,4054.924,4060.624,ok,,0.08510638297872342,0.014939309056956118,0.0727272727272727,20,2,5,42,0.2857142857142857,7.648608113352864,0.0567765567765568
groot_l10_500,r6p3v2_groot_l10_500_B_r1,r6p3v2_groot_l10_500_B_r1:eval:2:0,1,2,0,18,90,B,False,4135.265,4137.985,ok,,0.08510638297872342,0.03495311167945436,0.0727272727272727,20,2,5,42,0.3333333333333333,7.516244963171577,0.018315018315018305
groot_l10_500,r6p3v2_groot_l10_500_B_r1,r6p3v2_groot_l10_500_B_r1:eval:2:0,1,2,0,20,100,B,False,3972.9,3975.644,ok,,0.08510638297872342,0.011965811965811979,0.0727272727272727,20,2,5,42,0.34782608695652173,8.048311556218465,0.013986013986013957
groot_l10_500,r6p3v2_groot_l10_500_B_r1,r6p3v2_groot_l10_500_B_r1:eval:2:0,1,2,0,22,110,B,False,3995.379,3997.905,ok,,0.07843137254901966,0.011965811965811979,0.0727272727272727,20,2,5,42,0.425531914893617,7.957050444009989,0.008183306055646433
groot_l10_500,r6p3v2_groot_l10_500_B_r1,r6p3v2_groot_l10_500_B_r1:eval:2:0,1,2,0,24,120,B,False,4139.585,4142.234,ok,,0.08510638297872342,0.034545454545454546,0.0727272727272727,20,2,5,42,0.46808510638297873,8.330009793633131,0.04656862745098034
groot_l10_500,r6p3v2_groot_l10_500_B_r1,r6p3v2_groot_l10_500_B_r1:eval:2:0,1,2,0,26,130,B,False,4079.496,4082.121,ok,,0.08333333333333331,0.008525149190110826,0.0727272727272727,20,2,5,42,0.5098039215686274,9.147360560564954,0.006675010429703865
groot_l10_500,r6p3v2_groot_l10_500_B_r1,r6p3v2_groot_l10_500_B_r1:eval:2:0,1,2,0,28,140,B,False,4109.351,4111.975,ok,,0.07999999999999996,0.008525149190110937,0.0727272727272727,20,2,5,42,0.5384615384615384,9.34152969348603,0.008183306055646433
groot_l10_500,r6p3v2_groot_l10_500_B_r1,r6p3v2_groot_l10_500_B_r1:eval:2:0,1,2,0,30,150,B,False,4042.357,4045.206,ok,,0.08333333333333337,0.010457516339869188,0.0727272727272727,20,2,5,42,0.5882352941176471,9.35965178623888,0.008525149190110826
groot_l10_500,r6p3v2_groot_l10_500_B_r1,r6p3v2_groot_l10_500_B_r1:eval:2:0,1,2,0,32,160,B,False,4075.573,4078.163,ok,,0.07843137254901966,0.03996598639455784,0.07272727272727275,20,2,5,42,0.6382978723404256,8.846881132805814,0.04589069670421353
groot_l10_500,r6p3v2_groot_l10_500_B_r1,r6p3v2_groot_l10_500_B_r1:eval:2:0,1,2,0,34,170,B,False,4100.4,4103.171,ok,,0.07843137254901966,0.03610675039246469,0.07272727272727275,20,2,5,42,0.6808510638297872,8.085549193548099,0.08844388819357529
groot_l10_500,r6p3v2_groot_l10_500_B_r1,r6p3v2_groot_l10_500_B_r1:eval:2:0,1,2,0,36,180,B,False,4173.915,4176.671,ok,,0.0851063829787233,0.016980435585086773,0.07272727272727275,20,2,5,42,0.7058823529411765,8.023710865665022,0.12666666666666682
groot_l10_500,r6p3v2_groot_l10_500_B_r1,r6p3v2_groot_l10_500_B_r1:eval:2:0,1,2,0,38,190,B,False,4017.349,4020.225,ok,,0.07843137254901955,0.030350601779173182,0.07272727272727275,20,2,5,42,0.7450980392156863,8.014060722953227,0.07744680851063823
groot_l10_500,r6p3v2_groot_l10_500_B_r1,r6p3v2_groot_l10_500_B_r1:eval:2:0,1,2,0,40,200,B,True,4127.168,4129.965,ok,,0.08333333333333326,0.029761904761904767,0.07272727272727275,20,2,5,42,0.8085106382978723,8.52074192505006,0.11918367346938785
groot_l10_500,r6p3v2_groot_l10_500_B_r1,r6p3v2_groot_l10_500_B_r1:eval:2:0,1,2,0,42,210,B,False,3944.768,3947.416,ok,,0.08163265306122447,0.034655371582595296,0.07272727272727264,20,2,5,42,0.84,8.562079692094537,0.006675010429703754
groot_l10_500,r6p3v2_groot_l10_500_B_r1,r6p3v2_groot_l10_500_B_r1:eval:2:0,1,2,0,44,220,B,False,4065.024,4067.525,ok,,0.08163265306122458,0.04078014184397161,0.07272727272727275,20,2,5,42,0.88,8.41457213638153,0.040723981900452455
groot_l10_500,r6p3v2_groot_l10_500_B_r1,r6p3v2_groot_l10_500_B_r1:eval:2:0,1,2,0,46,230,B,False,4243.848,4246.563,slow_confirmed,,0.039999999999999925,0.030350601779173182,0.07272727272727275,20,2,5,42,0.92,8.02943326430379,0.05957767722473606
groot_l10_500,r6p3v2_groot_l10_500_B_r1,r6p3v2_groot_l10_500_B_r1:eval:2:1,1,2,1,0,0,B,False,43.196,45.96,inactive,warming_up,,,,0,2,5,42,,,
groot_l10_500,r6p3v2_groot_l10_500_B_r1,r6p3v2_groot_l10_500_B_r1:eval:2:1,1,2,1,2,10,B,True,28.808,30.621,inactive,warming_up,,,,0,2,5,42,,,
groot_l10_500,r6p3v2_groot_l10_500_B_r1,r6p3v2_groot_l10_500_B_r1:eval:2:1,1,2,1,4,20,B,False,4145.085,4147.727,ok,,0.08163265306122448,0.011965811965811965,0.07272727272727274,20,2,5,42,0.0,7.540465202083109,0.038461538461538464
groot_l10_500,r6p3v2_groot_l10_500_B_r1,r6p3v2_groot_l10_500_B_r1:eval:2:1,1,2,1,6,30,B,True,4141.694,4144.444,ok,,0.08888888888888888,0.007575757575757569,0.07272727272727272,20,2,5,42,0.038461538461538464,6.052679158270032,0.07692307692307693
groot_l10_500,r6p3v2_groot_l10_500_B_r1,r6p3v2_groot_l10_500_B_r1:eval:2:1,1,2,1,8,40,B,False,3956.814,3959.788,ok,,0.08163265306122448,0.006956521739130445,0.07272727272727272,20,2,5,42,0.08695652173913043,7.092696008166775,0.011965811965811965
groot_l10_500,r6p3v2_groot_l10_500_B_r1,r6p3v2_groot_l10_500_B_r1:eval:2:1,1,2,1,10,50,B,False,4052.919,4055.341,ok,,0.0816326530612245,0.012477718360071277,0.07272727272727272,20,2,5,42,0.13636363636363635,7.480923883440851,0.05079365079365078
groot_l10_500,r6p3v2_groot_l10_500_B_r1,r6p3v2_groot_l10_500_B_r1:eval:2:1,1,2,1,12,60,B,False,4167.381,4170.003,ok,,0.08695652173913043,0.029249011857707563,0.07272727272727274,20,2,5,42,0.17391304347826086,7.844887570021117,0.046218487394957986
groot_l10_500,r6p3v2_groot_l10_500_B_r1,r6p3v2_groot_l10_500_B_r1:eval:2:1,1,2,1,14,70,B,True,4241.043,4243.811,ok,,0.08333333333333334,0.007256235827664437,0.07272727272727272,20,2,5,42,0.17857142857142858,7.637070974230017,0.079185520361991
groot_l10_500,r6p3v2_groot_l10_500_B_r1,r6p3v2_groot_l10_500_B_r1:eval:2:1,1,2,1,16,80,B,False,4111.186,4113.93,ok,,0.07692307692307693,0.0392156862745098,0.07272727272727272,20,2,5,42,0.23529411764705882,7.217382670987696,0.04411764705882351
groot_l10_500,r6p3v2_groot_l10_500_B_r1,r6p3v2_groot_l10_500_B_r1:eval:2:1,1,2,1,18,90,B,False,4037.589,4040.197,ok,,0.09090909090909094,0.0385947550717467,0.07272727272727274,20,2,5,42,0.27450980392156865,7.430612892035394,0.046218487394957986
groot_l10_500,r6p3v2_groot_l10_500_B_r1,r6p3v2_groot_l10_500_B_r1:eval:2:1,1,2,1,20,100,B,False,4094.519,4097.138,ok,,0.0784313725490196,0.03495311167945442,0.0727272727272727,20,2,5,42,0.3333333333333333,7.5565974934428715,0.02380952380952378
groot_l10_500,r6p3v2_groot_l10_500_B_r1,r6p3v2_groot_l10_500_B_r1:eval:2:1,1,2,1,22,110,B,False,4134.82,4137.446,ok,,0.07843137254901955,0.021794871794871773,0.0727272727272727,20,2,5,42,0.38461538461538464,7.892705990541974,0.04978354978354982
groot_l10_500,r6p3v2_groot_l10_500_B_r1,r6p3v2_groot_l10_500_B_r1:eval:2:1,1,2,1,24,120,B,True,4004.635,4007.287,ok,,0.07692307692307693,0.034655371582595296,0.0727272727272727,20,2,5,42,0.4230769230769231,8.053271426600398,0.037878787878787845
groot_l10_500,r6p3v2_groot_l10_500_B_r1,r6p3v2_groot_l10_500_B_r1:eval:2:1,1,2,1,26,130,B,True,4139.55,4142.3,ok,,0.08000000000000002,0.011965811965811979,0.0727272727272727,20,2,5,42,0.46153846153846156,8.324006013724981,0.013986013986014012
groot_l10_500,r6p3v2_groot_l10_500_B_r1,r6p3v2_groot_l10_500_B_r1:eval:2:1,1,2,1,28,140,B,False,4021.55,4024.184,ok,,0.07843137254901966,0.011390602752728962,0.0727272727272727,20,2,5,42,0.5,8.554771282421006,0.013986013986014068
groot_l10_500,r6p3v2_groot_l10_500_B_r1,r6p3v2_groot_l10_500_B_r1:eval:2:1,1,2,1,30,150,B,False,4090.216,4092.877,ok,,0.07843137254901955,0.011965811965811923,0.0727272727272727,20,2,5,42,0.52,8.677027778345915,0.007272727272727264
groot_l10_500,r6p3v2_groot_l10_500_B_r1,r6p3v2_groot_l10_500_B_r1:eval:2:1,1,2,1,32,160,B,False,4225.648,4228.386,ok,,0.07843137254901955,0.012477718360071277,0.0727272727272727,20,2,5,42,0.56,8.341287274895619,0.007272727272727264
groot_l10_500,r6p3v2_groot_l10_500_B_r1,r6p3v2_groot_l10_500_B_r1:eval:2:1,1,2,1,34,170,B,False,4019.804,4022.626,ok,,0.08510638297872342,0.04226415094339625,0.07272727272727264,20,2,5,42,0.5957446808510638,7.940901131096748,0.044919786096256686
groot_l10_500,r6p3v2_groot_l10_500_B_r1,r6p3v2_groot_l10_500_B_r1:eval:2:1,1,2,1,36,180,B,False,4155.182,4157.859,ok,,0.08695652173913049,0.03996598639455784,0.07272727272727275,20,2,5,42,0.6382978723404256,7.871701869011811,0.08510638297872342
groot_l10_500,r6p3v2_groot_l10_500_B_r1,r6p3v2_groot_l10_500_B_r1:eval:2:1,1,2,1,38,190,B,False,4012.845,4015.394,ok,,0.125,0.034545454545454546,0.07272727272727275,20,2,5,42,0.7083333333333334,7.535079444607015,0.08823529411764719
groot_l10_500,r6p3v2_groot_l10_500_B_r1,r6p3v2_groot_l10_500_B_r1:eval:2:1,1,2,1,40,200,B,False,4134.276,4136.802,ok,,0.0888888888888888,0.040784313725490184,0.07272727272727275,20,2,5,42,0.75,7.736772544550256,0.04656862745098045
groot_l10_500,r6p3v2_groot_l10_500_B_r1,r6p3v2_groot_l10_500_B_r1:eval:2:1,1,2,1,42,210,B,False,4088.667,4091.315,ok,,0.07843137254901966,0.017802865827181935,0.07272727272727264,20,2,5,42,0.8333333333333334,8.25761694717234,0.04874274661508704
groot_l10_500,r6p3v2_groot_l10_500_B_r1,r6p3v2_groot_l10_500_B_r1:eval:2:1,1,2,1,44,220,B,False,4123.069,4125.674,ok,,0.07843137254901966,0.010457516339869188,0.07272727272727264,20,2,5,42,0.8363636363636363,9.203105769765912,0.012379110251450665
groot_l10_500,r6p3v2_groot_l10_500_B_r1,r6p3v2_groot_l10_500_B_r1:eval:2:1,1,2,1,46,230,B,True,4248.658,4251.363,ok,,0.07272727272727275,0.02955082742316787,0.07272727272727264,20,2,5,42,0.8571428571428571,9.246903354308378,0.02179487179487183
groot_l10_500,r6p3v2_groot_l10_500_B_r1,r6p3v2_groot_l10_500_B_r1:eval:3:0,1,3,0,0,0,B,False,51.381,54.637,inactive,warming_up,,,,0,2,5,48,,,
groot_l10_500,r6p3v2_groot_l10_500_B_r1,r6p3v2_groot_l10_500_B_r1:eval:3:0,1,3,0,2,10,B,False,31.862,33.65,inactive,warming_up,,,,0,2,5,48,,,
groot_l10_500,r6p3v2_groot_l10_500_B_r1,r6p3v2_groot_l10_500_B_r1:eval:3:0,1,3,0,4,20,B,False,6111.739,6114.331,ok,,0.08695652173913043,0.008672086720867223,0.08163265306122448,20,2,5,48,0.0,9.448579640185372,0.03419972640218878
groot_l10_500,r6p3v2_groot_l10_500_B_r1,r6p3v2_groot_l10_500_B_r1:eval:3:0,1,3,0,6,30,B,False,4669.136,4672.019,ok,,0.0909090909090909,0.006066734074823055,0.0816326530612245,20,2,5,48,0.043478260869565216,8.055100772062941,0.0463768115942029
groot_l10_500,r6p3v2_groot_l10_500_B_r1,r6p3v2_groot_l10_500_B_r1:eval:3:0,1,3,0,8,40,B,False,4562.242,4564.99,ok,,0.09090909090909091,0.004537719795802614,0.0816326530612245,20,2,5,48,0.09090909090909091,8.162995586822312,0.03419972640218878
groot_l10_500,r6p3v2_groot_l10_500_B_r1,r6p3v2_groot_l10_500_B_r1:eval:3:0,1,3,0,10,50,B,True,4418.701,4421.657,ok,,0.08888888888888888,0.004537719795802614,0.08163265306122448,20,2,5,48,0.13333333333333333,8.344462134558055,0.01459188326493388
groot_l10_500,r6p3v2_groot_l10_500_B_r1,r6p3v2_groot_l10_500_B_r1:eval:3:0,1,3,0,12,60,B,False,4416.843,4419.66,ok,,0.09090909090909088,0.004537719795802614,0.08163265306122452,20,2,5,48,0.17777777777777778,8.508261928239023,0.006066734074823055
groot_l10_500,r6p3v2_groot_l10_500_B_r1,r6p3v2_groot_l10_500_B_r1:eval:3:0,1,3,0,14,70,B,False,4568.937,4571.796,ok,,0.09090909090909091,0.0063492063492063405,0.08163265306122452,20,2,5,48,0.22727272727272727,7.949705448139778,0.008672086720867223
groot_l10_500,r6p3v2_groot_l10_500_B_r1,r6p3v2_groot_l10_500_B_r1:eval:3:0,1,3,0,16,80,B,False,4608.575,4611.296,ok,,0.09302325581395349,0.006506180871828221,0.08163265306122452,20,2,5,48,0.27906976744186046,8.458602331128773,0.012454592631032713
groot_l10_500,r6p3v2_groot_l10_500_B_r1,r6p3v2_groot_l10_500_B_r1:eval:3:0,1,3,0,18,90,B,False,4355.844,4358.468,ok,,0.09302325581395349,0.006506180871828221,0.08163265306122452,20,2,5,48,0.32558139534883723,8.507000782247044,0.012454592631032657
groot_l10_500,r6p3v2_groot_l10_500_B_r1,r6p3v2_groot_l10_500_B_r1:eval:3:0,1,3,0,20,100,B,False,4440.204,4442.967,ok,,0.09090909090909088,0.007916872835230071,0.08163265306122452,20,2,5,48,0.36363636363636365,8.305010705644646,0.03419972640218877
groot_l10_500,r6p3v2_groot_l10_500_B_r1,r6p3v2_groot_l10_500_B_r1:eval:3:0,1,3,0,22,110,B,True,4648.968,4651.779,ok,,0.09090909090909088,0.006976744186046463,0.08163265306122448,20,2,5,48,0.4,7.57963992671872,0.012454592631032713
groot_l10_500,r6p3v2_groot_l10_500_B_r1,r6p3v2_groot_l10_500_B_r1:eval:3:0,1,3,0,24,120,B,False,4557.534,4560.323,ok,,0.09090909090909088,0.006976744186046463,0.08163265306122448,20,2,5,48,0.425531914893617,7.66891041439812,0.012454592631032713
groot_l10_500,r6p3v2_groot_l10_500_B_r1,r6p3v2_groot_l10_500_B_r1:eval:3:0,1,3,0,26,130,B,True,4598.309,4601.312,ok,,0.09302325581395343,0.04126984126984126,0.08163265306122447,20,2,5,48,0.46808510638297873,7.8177570699681596,0.05125725338491299
groot_l10_500,r6p3v2_groot_l10_500_B_r1,r6p3v2_groot_l10_500_B_r1:eval:3:0,1,3,0,28,140,B,False,4504.492,4507.24,ok,,0.09302325581395354,0.04044489383215369,0.08163265306122447,20,2,5,48,0.5581395348837209,8.162929790395944,0.05775075987841949
groot_l10_500,r6p3v2_groot_l10_500_B_r1,r6p3v2_groot_l10_500_B_r1:eval:3:0,1,3,0,30,150,B,True,4456.71,4459.503,ok,,0.09302325581395354,0.04540420819490598,0.08163265306122447,20,2,5,48,0.5777777777777777,8.692419539032056,0.11430955360867756
groot_l10_500,r6p3v2_groot_l10_500_B_r1,r6p3v2_groot_l10_500_B_r1:eval:3:0,1,3,0,32,160,B,False,4547.309,4550.067,ok,,0.09756097560975607,0.04646464646464654,0.08163265306122443,20,2,5,48,0.6511627906976745,9.15193234085195,0.06383948928408578
groot_l10_500,r6p3v2_groot_l10_500_B_r1,r6p3v2_groot_l10_500_B_r1:eval:3:0,1,3,0,34,170,B,False,4628.196,4630.971,ok,,0.09523809523809523,0.028132992327365658,0.08163265306122447,20,2,5,48,0.7142857142857143,9.642938582857774,0.07175636211931591
groot_l10_500,r6p3v2_groot_l10_500_B_r1,r6p3v2_groot_l10_500_B_r1:eval:3:0,1,3,0,36,180,B,False,4655.22,4657.829,ok,,0.09302325581395354,0.004537719795802531,0.08163265306122447,20,2,5,48,0.7804878048780488,9.186711116878618,0.008672086720867278
groot_l10_500,r6p3v2_groot_l10_500_B_r1,r6p3v2_groot_l10_500_B_r1:eval:3:0,1,3,0,38,190,B,False,4482.046,4484.914,ok,,0.09523809523809523,0.021943573667711602,0.08163265306122447,20,2,5,48,0.8292682926829268,8.689475857672898,0.04031007751937987
groot_l10_500,r6p3v2_groot_l10_500_B_r1,r6p3v2_groot_l10_500_B_r1:eval:3:0,1,3,0,40,200,B,False,4593.362,4596.259,ok,,0.09756097560975607,0.026873385012919908,0.08163265306122447,20,2,5,48,0.8780487804878049,7.701390524074625,0.03809523809523807
groot_l10_500,r6p3v2_groot_l10_500_B_r1,r6p3v2_groot_l10_500_B_r1:eval:3:1,1,3,1,0,0,B,False,58.212,72.982,inactive,warming_up,,,,0,2,5,48,,,
groot_l10_500,r6p3v2_groot_l10_500_B_r1,r6p3v2_groot_l10_500_B_r1:eval:3:1,1,3,1,2,10,B,True,31.159,32.96,inactive,warming_up,,,,0,2,5,48,,,
groot_l10_500,r6p3v2_groot_l10_500_B_r1,r6p3v2_groot_l10_500_B_r1:eval:3:1,1,3,1,4,20,B,False,4708.543,4711.088,ok,,0.09090909090909091,0.006066734074823055,0.08163265306122448,20,2,5,48,0.0,8.980035185892115,0.026272577996715923
groot_l10_500,r6p3v2_groot_l10_500_B_r1,r6p3v2_groot_l10_500_B_r1:eval:3:1,1,3,1,6,30,B,False,4641.708,4644.666,ok,,0.0909090909090909,0.014893617021276603,0.0816326530612245,20,2,5,48,0.045454545454545456,7.479197467892123,0.05590062111801242
groot_l10_500,r6p3v2_groot_l10_500_B_r1,r6p3v2_groot_l10_500_B_r1:eval:3:1,1,3,1,8,40,B,False,4528.55,4531.388,ok,,0.09090909090909091,0.004537719795802614,0.08163265306122448,20,2,5,48,0.09090909090909091,8.109361294873242,0.0063492063492063405
groot_l10_500,r6p3v2_groot_l10_500_B_r1,r6p3v2_groot_l10_500_B_r1:eval:3:1,1,3,1,10,50,B,False,4559.259,4562.204,ok,,0.08888888888888888,0.006066734074823055,0.08163265306122448,20,2,5,48,0.13333333333333333,7.814884134103896,0.0082815734989648
groot_l10_500,r6p3v2_groot_l10_500_B_r1,r6p3v2_groot_l10_500_B_r1:eval:3:1,1,3,1,12,60,B,False,4661.273,4663.946,ok,,0.09090909090909088,0.004537719795802614,0.08163265306122448,20,2,5,48,0.18181818181818182,7.915920533482759,0.01060445387062564
groot_l10_500,r6p3v2_groot_l10_500_B_r1,r6p3v2_groot_l10_500_B_r1:eval:3:1,1,3,1,14,70,B,False,4801.023,4803.857,ok,,0.0888888888888889,0.006976744186046463,0.08163265306122448,20,2,5,48,0.2222222222222222,7.704827500959816,0.0168067226890756
groot_l10_500,r6p3v2_groot_l10_500_B_r1,r6p3v2_groot_l10_500_B_r1:eval:3:1,1,3,1,16,80,B,True,4669.795,4672.376,ok,,0.0888888888888889,0.012311901504788003,0.0816326530612245,20,2,5,48,0.2727272727272727,7.860322454360425,0.04994192799070851
groot_l10_500,r6p3v2_groot_l10_500_B_r1,r6p3v2_groot_l10_500_B_r1:eval:3:1,1,3,1,18,90,B,False,4491.134,4493.722,slow_ambiguous,,0.0784313725490196,0.02405773857257415,0.08163265306122447,20,2,5,48,0.3181818181818182,8.22558129830406,0.04439746300211417
groot_l10_500,r6p3v2_groot_l10_500_B_r1,r6p3v2_groot_l10_500_B_r1:eval:3:1,1,3,1,20,100,B,False,4595.975,4598.775,ok,,0.09090909090909088,0.006976744186046463,0.08163265306122452,20,2,5,48,0.36363636363636365,8.02526201909234,0.019129603060736466
groot_l10_500,r6p3v2_groot_l10_500_B_r1,r6p3v2_groot_l10_500_B_r1:eval:3:1,1,3,1,22,110,B,False,4890.542,4893.06,ok,,0.09090909090909088,0.007916872835230127,0.08163265306122448,20,2,5,48,0.4090909090909091,7.638630065573083,0.019129603060736522
groot_l10_500,r6p3v2_groot_l10_500_B_r1,r6p3v2_groot_l10_500_B_r1:eval:3:1,1,3,1,24,120,B,True,4790.011,4792.904,ok,,0.09090909090909088,0.006651884700665245,0.08163265306122452,20,2,5,48,0.45454545454545453,7.738275066071258,0.008672086720867167
groot_l10_500,r6p3v2_groot_l10_500_B_r1,r6p3v2_groot_l10_500_B_r1:eval:3:1,1,3,1,26,130,B,False,4618.244,4621.218,ok,,0.09090909090909094,0.006976744186046463,0.08163265306122452,20,2,5,48,0.5,8.388133954622445,0.008672086720867223
groot_l10_500,r6p3v2_groot_l10_500_B_r1,r6p3v2_groot_l10_500_B_r1:eval:3:1,1,3,1,28,140,B,False,4478.179,4481.078,ok,,0.09090909090909094,0.02405773857257415,0.08163265306122447,20,2,5,48,0.5581395348837209,8.52500350586594,0.046511627906976716
groot_l10_500,r6p3v2_groot_l10_500_B_r1,r6p3v2_groot_l10_500_B_r1:eval:3:1,1,3,1,30,150,B,False,4619.08,4621.835,ok,,0.09090909090909083,0.05348837209302326,0.08163265306122447,20,2,5,48,0.6046511627906976,8.463716474764203,0.04540420819490598
groot_l10_500,r6p3v2_groot_l10_500_B_r1,r6p3v2_groot_l10_500_B_r1:eval:3:1,1,3,1,32,160,B,False,4838.328,4841.058,ok,,0.09302325581395343,0.04150197628458496,0.08163265306122452,20,2,5,48,0.6363636363636364,8.810433095517647,0.006349206349206327
groot_l10_500,r6p3v2_groot_l10_500_B_r1,r6p3v2_groot_l10_500_B_r1:eval:3:1,1,3,1,34,170,B,False,4782.219,4785.075,ok,,0.09302325581395343,0.033986928104575265,0.08163265306122452,20,2,5,48,0.6976744186046512,8.57523553200164,0.0043290043290042934
groot_l10_500,r6p3v2_groot_l10_500_B_r1,r6p3v2_groot_l10_500_B_r1:eval:3:1,1,3,1,36,180,B,False,4561.437,4564.153,ok,,0.09302325581395354,0.033986928104575265,0.08163265306122458,20,2,5,48,0.7441860465116279,9.122380410620723,0.0043290043290042934
groot_l10_500,r6p3v2_groot_l10_500_B_r1,r6p3v2_groot_l10_500_B_r1:eval:3:1,1,3,1,38,190,B,False,4499.54,4502.306,ok,,0.09523809523809523,0.009090909090909038,0.08163265306122458,20,2,5,48,0.7906976744186046,8.672959577675599,0.00221483942414169
groot_l10_500,r6p3v2_groot_l10_500_B_r1,r6p3v2_groot_l10_500_B_r1:eval:3:1,1,3,1,40,200,B,False,4643.328,4645.96,ok,,0.09090909090909094,0.03241719520789295,0.08163265306122447,20,2,5,48,0.8571428571428571,7.9053685108331235,0.01680672268907568
groot_l10_500,r6p3v2_groot_l10_500_B_r1,r6p3v2_groot_l10_500_B_r1:eval:3:1,1,3,1,42,210,B,False,4486.196,4488.864,ok,,0.09523809523809523,0.020289855072463836,0.08163265306122443,20,2,5,48,0.9019607843137255,7.4919803901703546,0.052003410059676125
groot_l10_500,r6p3v2_groot_l10_500_B_r1,r6p3v2_groot_l10_500_B_r1:eval:4:0,1,4,0,0,0,B,False,57.532,60.32,inactive,warming_up,,,,0,2,5,45,,,
groot_l10_500,r6p3v2_groot_l10_500_B_r1,r6p3v2_groot_l10_500_B_r1:eval:4:0,1,4,0,2,10,B,False,33.071,35.05,inactive,warming_up,,,,0,2,5,45,,,
groot_l10_500,r6p3v2_groot_l10_500_B_r1,r6p3v2_groot_l10_500_B_r1:eval:4:0,1,4,0,4,20,B,True,5526.607,5529.42,slow_ambiguous,,0.06779661016949153,0.014227642276422772,0.07843137254901963,20,2,5,45,0.0,9.031455511977157,0.0946969696969697
groot_l10_500,r6p3v2_groot_l10_500_B_r1,r6p3v2_groot_l10_500_B_r1:eval:4:0,1,4,0,6,30,B,False,4319.984,4322.712,ok,,0.09090909090909091,0.013605442176870736,0.0784313725490196,20,2,5,45,0.046511627906976744,8.311673709488126,0.025226645644461948
groot_l10_500,r6p3v2_groot_l10_500_B_r1,r6p3v2_groot_l10_500_B_r1:eval:4:0,1,4,0,8,40,B,True,4375.537,4378.174,ok,,0.09090909090909091,0.016806722689075626,0.0784313725490196,20,2,5,45,0.09302325581395349,8.959726797432081,0.046511627906976744
groot_l10_500,r6p3v2_groot_l10_500_B_r1,r6p3v2_groot_l10_500_B_r1:eval:4:0,1,4,0,10,50,B,True,4347.929,4350.516,ok,,0.09090909090909091,0.006349206349206327,0.0784313725490196,20,2,5,45,0.13636363636363635,9.32132708117666,0.013023255813953472
groot_l10_500,r6p3v2_groot_l10_500_B_r1,r6p3v2_groot_l10_500_B_r1:eval:4:0,1,4,0,12,60,B,False,4268.71,4271.259,ok,,0.0816326530612245,0.0368217054263566,0.0784313725490196,20,2,5,45,0.18604651162790697,9.453003243450501,0.05220692928334125
groot_l10_500,r6p3v2_groot_l10_500_B_r1,r6p3v2_groot_l10_500_B_r1:eval:4:0,1,4,0,14,70,B,False,4053.14,4055.844,ok,,0.09302325581395351,0.015536723163841804,0.0784313725490196,20,2,5,45,0.22727272727272727,9.0918442152282,0.056363636363636366
groot_l10_500,r6p3v2_groot_l10_500_B_r1,r6p3v2_groot_l10_500_B_r1:eval:4:0,1,4,0,16,80,B,True,4383.157,4385.819,ok,,0.09302325581395349,0.013605442176870763,0.0784313725490196,20,2,5,45,0.24489795918367346,8.954308648316058,0.042448979591836744
groot_l10_500,r6p3v2_groot_l10_500_B_r1,r6p3v2_groot_l10_500_B_r1:eval:4:0,1,4,0,18,90,B,False,4263.447,4266.057,ok,,0.07999999999999996,0.01190476190476189,0.0784313725490196,20,2,5,45,0.2857142857142857,8.734350574702587,0.0495449949443883
groot_l10_500,r6p3v2_groot_l10_500_B_r1,r6p3v2_groot_l10_500_B_r1:eval:4:0,1,4,0,20,100,B,True,4258.007,4260.655,ok,,0.08000000000000002,0.015536723163841804,0.0784313725490196,20,2,5,45,0.32558139534883723,8.583529238983607,0.0522069292833412
groot_l10_500,r6p3v2_groot_l10_500_B_r1,r6p3v2_groot_l10_500_B_r1:eval:4:0,1,4,0,22,110,B,False,4197.871,4200.508,ok,,0.08695652173913043,0.03495311167945442,0.07843137254901963,20,2,5,45,0.37209302325581395,8.470826668702575,0.08961845607808344
groot_l10_500,r6p3v2_groot_l10_500_B_r1,r6p3v2_groot_l10_500_B_r1:eval:4:0,1,4,0,24,120,B,True,4334.394,4337.255,slow_confirmed,,0.040816326530612235,0.024318349299926267,0.07843137254901963,20,2,5,45,0.4186046511627907,8.480411175900619,0.17391304347826086
groot_l10_500,r6p3v2_groot_l10_500_B_r1,r6p3v2_groot_l10_500_B_r1:eval:4:0,1,4,0,26,130,B,False,4304.806,4307.381,slow_ambiguous,,0.04651162790697677,0.03285216525634649,0.07843137254901963,20,2,5,45,0.4782608695652174,8.713691269146553,0.08653846153846151
groot_l10_500,r6p3v2_groot_l10_500_B_r1,r6p3v2_groot_l10_500_B_r1:eval:4:0,1,4,0,28,140,B,False,4391.517,4393.942,ok,,0.08695652173913038,0.015238095238095273,0.0784313725490196,20,2,5,45,0.5,8.507194727245619,0.0495449949443883
groot_l10_500,r6p3v2_groot_l10_500_B_r1,r6p3v2_groot_l10_500_B_r1:eval:4:0,1,4,0,30,150,B,False,4222.938,4225.631,ok,,0.08695652173913049,0.011390602752728962,0.07843137254901955,20,2,5,45,0.5454545454545454,8.792503890502934,0.04954499494438813
groot_l10_500,r6p3v2_groot_l10_500_B_r1,r6p3v2_groot_l10_500_B_r1:eval:4:0,1,4,0,32,160,B,True,4180.466,4183.075,ok,,0.09302325581395354,0.006349206349206327,0.07843137254901966,20,2,5,45,0.5581395348837209,9.096309204209515,0.010604453870625585
groot_l10_500,r6p3v2_groot_l10_500_B_r1,r6p3v2_groot_l10_500_B_r1:eval:4:0,1,4,0,34,170,B,False,4248.25,4250.803,ok,,0.09090909090909094,0.006066734074823166,0.07843137254901955,20,2,5,45,0.6222222222222222,9.45705396959226,0.029764365440264617
groot_l10_500,r6p3v2_groot_l10_500_B_r1,r6p3v2_groot_l10_500_B_r1:eval:4:0,1,4,0,36,180,B,True,4341.536,4344.176,ok,,0.09090909090909094,0.006066734074823166,0.07843137254901955,20,2,5,45,0.6818181818181818,9.448638143603743,0.025226645644461865
groot_l10_500,r6p3v2_groot_l10_500_B_r1,r6p3v2_groot_l10_500_B_r1:eval:4:0,1,4,0,38,190,B,False,4422.021,4424.516,ok,,0.08333333333333326,0.008281573498964856,0.07843137254901966,20,2,5,45,0.7111111111111111,9.666491909732573,0.044397463002114224
groot_l10_500,r6p3v2_groot_l10_500_B_r1,r6p3v2_groot_l10_500_B_r1:eval:4:0,1,4,0,40,200,B,False,4286.155,4288.79,ok,,0.08333333333333337,0.008281573498964745,0.07843137254901955,20,2,5,45,0.7755102040816326,10.054658089948909,0.012477718360071277
groot_l10_500,r6p3v2_groot_l10_500_B_r1,r6p3v2_groot_l10_500_B_r1:eval:4:0,1,4,0,42,210,B,True,4154.74,4157.278,ok,,0.08333333333333337,0.008281573498964856,0.07843137254901966,20,2,5,45,0.7916666666666666,9.86960587849414,0.04743083003952564
groot_l10_500,r6p3v2_groot_l10_500_B_r1,r6p3v2_groot_l10_500_B_r1:eval:4:0,1,4,0,44,220,B,False,4287.189,4289.832,ok,,0.08333333333333326,0.008281573498964856,0.07843137254901955,20,2,5,45,0.8260869565217391,9.258462381587142,0.0053238686779059075
groot_l10_500,r6p3v2_groot_l10_500_B_r1,r6p3v2_groot_l10_500_B_r1:eval:4:0,1,4,0,46,230,B,False,4419.136,4421.919,ok,,0.08333333333333337,0.008281573498964745,0.07843137254901955,20,2,5,45,0.8571428571428571,8.165289911084031,0.011390602752728851
groot_l10_500,r6p3v2_groot_l10_500_B_r1,r6p3v2_groot_l10_500_B_r1:eval:4:0,1,4,0,48,240,B,False,4424.138,4426.902,ok,,0.08695652173913049,0.01718907987866536,0.07843137254901962,20,2,5,45,0.9130434782608695,8.255742290978443,0.04166666666666663
groot_l10_500,r6p3v2_groot_l10_500_B_r1,r6p3v2_groot_l10_500_B_r1:eval:4:1,1,4,1,0,0,B,False,37.263,40.006,inactive,warming_up,,,,0,2,5,45,,,
groot_l10_500,r6p3v2_groot_l10_500_B_r1,r6p3v2_groot_l10_500_B_r1:eval:4:1,1,4,1,2,10,B,False,25.252,26.83,inactive,warming_up,,,,0,2,5,45,,,
groot_l10_500,r6p3v2_groot_l10_500_B_r1,r6p3v2_groot_l10_500_B_r1:eval:4:1,1,4,1,4,20,B,False,4532.366,4534.725,ok,,0.08333333333333333,0.011904761904761918,0.0784313725490196,20,2,5,45,0.0,9.42520495245144,0.06856702619414483
groot_l10_500,r6p3v2_groot_l10_500_B_r1,r6p3v2_groot_l10_500_B_r1:eval:4:1,1,4,1,6,30,B,True,4433.899,4436.629,ok,,0.09090909090909091,0.015536723163841804,0.0784313725490196,20,2,5,45,0.03389830508474576,8.713178154379948,0.05720338983050846
groot_l10_500,r6p3v2_groot_l10_500_B_r1,r6p3v2_groot_l10_500_B_r1:eval:4:1,1,4,1,8,40,B,False,4363.45,4365.919,ok,,0.08163265306122448,0.027441485068603694,0.0784313725490196,20,2,5,45,0.08163265306122448,9.034262335681424,0.029764365440264576
groot_l10_500,r6p3v2_groot_l10_500_B_r1,r6p3v2_groot_l10_500_B_r1:eval:4:1,1,4,1,10,50,B,False,4310.152,4325.075,ok,,0.09523809523809523,0.014227642276422772,0.07843137254901963,20,2,5,45,0.13333333333333333,9.108393741366447,0.07854485324514263
groot_l10_500,r6p3v2_groot_l10_500_B_r1,r6p3v2_groot_l10_500_B_r1:eval:4:1,1,4,1,12,60,B,False,3883.165,3885.716,ok,,0.08888888888888888,0.0075757575757576245,0.0784313725490196,20,2,5,45,0.17777777777777778,8.901128003709655,0.01422764227642273
groot_l10_500,r6p3v2_groot_l10_500_B_r1,r6p3v2_groot_l10_500_B_r1:eval:4:1,1,4,1,14,70,B,False,4312.227,4314.899,ok,,0.08695652173913046,0.0075757575757576245,0.0784313725490196,20,2,5,45,0.23255813953488372,9.037573316944522,0.013605442176870763
groot_l10_500,r6p3v2_groot_l10_500_B_r1,r6p3v2_groot_l10_500_B_r1:eval:4:1,1,4,1,16,80,B,False,4395.986,4398.745,ok,,0.08695652173913043,0.0075757575757576245,0.0784313725490196,20,2,5,45,0.2857142857142857,8.47969121085548,0.015928322548531604
groot_l10_500,r6p3v2_groot_l10_500_B_r1,r6p3v2_groot_l10_500_B_r1:eval:4:1,1,4,1,18,90,B,False,4240.377,4243.088,ok,,0.09523809523809523,0.04251207729468598,0.0784313725490196,20,2,5,45,0.32653061224489793,7.9779234956563885,0.042448979591836744
groot_l10_500,r6p3v2_groot_l10_500_B_r1,r6p3v2_groot_l10_500_B_r1:eval:4:1,1,4,1,20,100,B,True,4268.14,4270.846,ok,,0.08163265306122447,0.04646464646464643,0.0784313725490196,20,2,5,45,0.3902439024390244,7.742331798910279,0.11764705882352944
groot_l10_500,r6p3v2_groot_l10_500_B_r1,r6p3v2_groot_l10_500_B_r1:eval:4:1,1,4,1,22,110,B,False,4004.808,4007.675,ok,,0.12244897959183669,0.06896551724137923,0.0784313725490196,20,2,5,45,0.4489795918367347,7.946824663713952,0.04656862745098039
groot_l10_500,r6p3v2_groot_l10_500_B_r1,r6p3v2_groot_l10_500_B_r1:eval:4:1,1,4,1,24,120,B,True,4328.113,4330.622,ok,,0.12,0.03933747412008293,0.07843137254901955,20,2,5,45,0.4489795918367347,8.02085589585392,0.12670068027210885
groot_l10_500,r6p3v2_groot_l10_500_B_r1,r6p3v2_groot_l10_500_B_r1:eval:4:1,1,4,1,26,130,B,False,4350.005,4352.613,ok,,0.08333333333333326,0.006066734074823166,0.07843137254901966,20,2,5,45,0.5714285714285714,8.476666224782695,0.013605442176870763
groot_l10_500,r6p3v2_groot_l10_500_B_r1,r6p3v2_groot_l10_500_B_r1:eval:4:1,1,4,1,28,140,B,True,4411.096,4413.851,ok,,0.08333333333333337,0.008281573498964745,0.07843137254901955,20,2,5,45,0.6122448979591837,9.057613715668714,0.013605442176870763
groot_l10_500,r6p3v2_groot_l10_500_B_r1,r6p3v2_groot_l10_500_B_r1:eval:4:1,1,4,1,30,150,B,False,4340.162,4345.838,ok,,0.0888888888888889,0.008281573498964745,0.07843137254901955,20,2,5,45,0.6222222222222222,9.668784642129355,0.013605442176870652
groot_l10_500,r6p3v2_groot_l10_500_B_r1,r6p3v2_groot_l10_500_B_r1:eval:4:1,1,4,1,32,160,B,False,4259.855,4262.448,ok,,0.09090909090909094,0.008281573498964745,0.07843137254901955,20,2,5,45,0.6818181818181818,9.349061767843494,0.011390602752728962
groot_l10_500,r6p3v2_groot_l10_500_B_r1,r6p3v2_groot_l10_500_B_r1:eval:4:1,1,4,1,34,170,B,False,4287.452,4290.205,ok,,0.0888888888888889,0.006651884700665245,0.07843137254901966,20,2,5,45,0.7111111111111111,8.798427599375096,0.011390602752728962
groot_l10_500,r6p3v2_groot_l10_500_B_r1,r6p3v2_groot_l10_500_B_r1:eval:4:1,1,4,1,36,180,B,False,4375.404,4378.206,ok,,0.0888888888888889,0.007575757575757458,0.07843137254901955,20,2,5,45,0.7727272727272727,8.349373310511446,0.015928322548531604
groot_l10_500,r6p3v2_groot_l10_500_B_r1,r6p3v2_groot_l10_500_B_r1:eval:4:1,1,4,1,38,190,B,False,4371.043,4373.83,ok,,0.0888888888888888,0.007256235827664437,0.07843137254901966,20,2,5,45,0.8163265306122449,8.636154711292093,0.015928322548531604
groot_l10_500,r6p3v2_groot_l10_500_B_r1,r6p3v2_groot_l10_500_B_r1:eval:4:1,1,4,1,40,200,B,False,4446.868,4449.523,ok,,0.08163265306122458,0.013023255813953472,0.07843137254901962,20,2,5,45,0.8444444444444444,8.10995973427904,0.029764365440264617
groot_l10_500,r6p3v2_groot_l10_500_B_r1,r6p3v2_groot_l10_500_B_r1:eval:4:1,1,4,1,42,210,B,False,4314.392,4317.11,ok,,0.11111111111111116,0.024057738572574094,0.07843137254901962,20,2,5,45,0.8780487804878049,7.972777600890281,0.11666666666666659
groot_l10_500,r6p3v2_groot_l10_500_B_r1,r6p3v2_groot_l10_500_B_r1:eval:5:0,1,5,0,0,0,B,False,43.245,46.376,inactive,warming_up,,,,0,2,5,46,,,
groot_l10_500,r6p3v2_groot_l10_500_B_r1,r6p3v2_groot_l10_500_B_r1:eval:5:0,1,5,0,2,10,B,False,29.753,31.464,inactive,warming_up,,,,0,2,5,46,,,
groot_l10_500,r6p3v2_groot_l10_500_B_r1,r6p3v2_groot_l10_500_B_r1:eval:5:0,1,5,0,4,20,B,False,4947.983,4950.539,ok,,0.1142857142857143,0.02028397565922921,0.07407407407407407,20,2,5,46,0.0,8.13484511060654,0.05092592592592593
groot_l10_500,r6p3v2_groot_l10_500_B_r1,r6p3v2_groot_l10_500_B_r1:eval:5:0,1,5,0,6,30,B,False,4091.096,4093.742,ok,,0.10526315789473684,0.03793103448275863,0.07407407407407407,20,2,5,46,0.07407407407407407,7.6246939966759975,0.11342592592592593
groot_l10_500,r6p3v2_groot_l10_500_B_r1,r6p3v2_groot_l10_500_B_r1:eval:5:0,1,5,0,8,40,B,False,4444.719,4447.342,ok,,0.07407407407407407,0.047008547008547,0.07407407407407407,20,2,5,46,0.14285714285714285,8.10629619046376,0.07738095238095238
groot_l10_500,r6p3v2_groot_l10_500_B_r1,r6p3v2_groot_l10_500_B_r1:eval:5:0,1,5,0,10,50,B,False,4263.915,4266.516,ok,,0.125,0.013104013104013101,0.07407407407407407,20,2,5,46,0.21052631578947367,8.666650874548296,0.10075187969924812
groot_l10_500,r6p3v2_groot_l10_500_B_r1,r6p3v2_groot_l10_500_B_r1:eval:5:0,1,5,0,12,60,B,False,4143.789,4146.438,ok,,0.125,0.05207328833172614,0.07407407407407407,20,2,5,46,0.2631578947368421,8.780957317404011,0.05533063427800272
groot_l10_500,r6p3v2_groot_l10_500_B_r1,r6p3v2_groot_l10_500_B_r1:eval:5:0,1,5,0,14,70,B,False,4290.299,4293.063,ok,,0.125,0.0499194847020934,0.07407407407407407,20,2,5,46,0.3125,8.926860440365374,0.02376910016977929
groot_l10_500,r6p3v2_groot_l10_500_B_r1,r6p3v2_groot_l10_500_B_r1:eval:5:0,1,5,0,16,80,B,False,4338.499,4341.161,ok,,0.11111111111111112,0.048120300751879674,0.07407407407407407,20,2,5,46,0.375,9.149076114740724,0.022435897435897467
groot_l10_500,r6p3v2_groot_l10_500_B_r1,r6p3v2_groot_l10_500_B_r1:eval:5:0,1,5,0,18,90,B,True,4211.715,4214.286,ok,,0.125,0.05546218487394956,0.07407407407407407,20,2,5,46,0.4375,8.872576447839508,0.019736842105263094
groot_l10_500,r6p3v2_groot_l10_500_B_r1,r6p3v2_groot_l10_500_B_r1:eval:5:0,1,5,0,20,100,B,True,3973.562,3976.267,ok,,0.11111111111111116,0.03069053708439906,0.07407407407407407,20,2,5,46,0.5,8.332291910184551,0.054824561403508776
groot_l10_500,r6p3v2_groot_l10_500_B_r1,r6p3v2_groot_l10_500_B_r1:eval:5:0,1,5,0,22,110,B,False,4130.456,4133.184,ok,,0.11111111111111116,0.06349206349206349,0.07407407407407407,20,2,5,46,0.5,7.379175374855613,0.03379416282642089
groot_l10_500,r6p3v2_groot_l10_500_B_r1,r6p3v2_groot_l10_500_B_r1:eval:5:0,1,5,0,24,120,B,True,4045.175,4048.097,ok,,0.11428571428571432,0.07126436781609191,0.07407407407407407,20,2,5,46,0.625,6.896433112662028,0.03379416282642089
groot_l10_500,r6p3v2_groot_l10_500_B_r1,r6p3v2_groot_l10_500_B_r1:eval:5:0,1,5,0,26,130,B,False,4243.264,4246.358,ok,,0.09523809523809523,0.07126436781609191,0.07407407407407407,20,2,5,46,0.6875,6.970630379277172,0.06048387096774188
groot_l10_500,r6p3v2_groot_l10_500_B_r1,r6p3v2_groot_l10_500_B_r1:eval:5:0,1,5,0,28,140,B,True,4276.268,4279.007,ok,,0.125,0.06775956284153001,0.07407407407407407,20,2,5,46,0.7368421052631579,7.213989972528046,0.09198672356567095
groot_l10_500,r6p3v2_groot_l10_500_B_r1,r6p3v2_groot_l10_500_B_r1:eval:5:0,1,5,0,30,150,B,False,4028.966,4031.636,ok,,0.08108108108108103,0.06209150326797386,0.07407407407407407,20,2,5,46,0.7894736842105263,7.215441605696138,0.1524122807017544
groot_l10_500,r6p3v2_groot_l10_500_B_r1,r6p3v2_groot_l10_500_B_r1:eval:5:0,1,5,0,32,160,B,True,4083.868,4086.642,ok,,0.11764705882352944,0.06209150326797386,0.07407407407407407,20,2,5,46,0.875,7.1908735493826805,0.12297297297297305
groot_l10_500,r6p3v2_groot_l10_500_B_r1,r6p3v2_groot_l10_500_B_r1:eval:5:1,1,5,1,0,0,B,False,44.349,47.415,inactive,warming_up,,,,0,2,5,46,,,
groot_l10_500,r6p3v2_groot_l10_500_B_r1,r6p3v2_groot_l10_500_B_r1:eval:5:1,1,5,1,2,10,B,False,30.447,32.153,inactive,warming_up,,,,0,2,5,46,,,
groot_l10_500,r6p3v2_groot_l10_500_B_r1,r6p3v2_groot_l10_500_B_r1:eval:5:1,1,5,1,4,20,B,True,4504.271,4506.793,ok,,0.125,0.03379416282642089,0.07407407407407407,20,2,5,46,0.0,8.323933667747973,0.10109289617486338
groot_l10_500,r6p3v2_groot_l10_500_B_r1,r6p3v2_groot_l10_500_B_r1:eval:5:1,1,5,1,6,30,B,False,4319.305,4322.068,ok,,0.1142857142857143,0.03379416282642089,0.07407407407407407,20,2,5,46,0.047619047619047616,7.837476660351364,0.10109289617486339
groot_l10_500,r6p3v2_groot_l10_500_B_r1,r6p3v2_groot_l10_500_B_r1:eval:5:1,1,5,1,8,40,B,False,4179.542,4182.529,ok,,0.11111111111111113,0.042763157894736836,0.07407407407407407,20,2,5,46,0.11428571428571428,7.911331411317696,0.05092592592592593
groot_l10_500,r6p3v2_groot_l10_500_B_r1,r6p3v2_groot_l10_500_B_r1:eval:5:1,1,5,1,10,50,B,False,4100.018,4102.968,ok,,0.11111111111111112,0.03379416282642089,0.07407407407407407,20,2,5,46,0.125,8.394094459702478,0.11732456140350878
groot_l10_500,r6p3v2_groot_l10_500_B_r1,r6p3v2_groot_l10_500_B_r1:eval:5:1,1,5,1,12,60,B,False,4370.951,4373.756,slow_ambiguous,,0.07017543859649122,0.042763157894736836,0.07407407407407407,20,2,5,46,0.25,9.02278699181555,0.06209150326797387
groot_l10_500,r6p3v2_groot_l10_500_B_r1,r6p3v2_groot_l10_500_B_r1:eval:5:1,1,5,1,14,70,B,False,4161.122,4163.79,ok,,0.125,0.016891891891891886,0.07407407407407407,20,2,5,46,0.3125,9.622333200094326,0.11165845648604272
groot_l10_500,r6p3v2_groot_l10_500_B_r1,r6p3v2_groot_l10_500_B_r1:eval:5:1,1,5,1,16,80,B,False,4235.455,4238.542,ok,,0.125,0.024999999999999953,0.07407407407407407,20,2,5,46,0.3125,10.208163178310702,0.07638888888888888
groot_l10_500,r6p3v2_groot_l10_500_B_r1,r6p3v2_groot_l10_500_B_r1:eval:5:1,1,5,1,18,90,B,False,4261.594,4264.543,ok,,0.125,0.022222222222222143,0.07407407407407407,20,2,5,46,0.4375,10.356532195741426,0.042692939244663386
groot_l10_500,r6p3v2_groot_l10_500_B_r1,r6p3v2_groot_l10_500_B_r1:eval:5:1,1,5,1,20,100,B,True,4226.974,4229.841,ok,,0.11764705882352944,0.022222222222222143,0.07407407407407407,20,2,5,46,0.4666666666666667,9.827089749322283,0.037931034482758696
groot_l10_500,r6p3v2_groot_l10_500_B_r1,r6p3v2_groot_l10_500_B_r1:eval:5:1,1,5,1,22,110,B,False,4201.216,4204.078,ok,,0.12121212121212122,0.0499194847020934,0.07407407407407407,20,2,5,46,0.5333333333333333,9.016729108337378,0.02364532019704424
groot_l10_500,r6p3v2_groot_l10_500_B_r1,r6p3v2_groot_l10_500_B_r1:eval:5:1,1,5,1,24,120,B,False,4080.075,4082.791,ok,,0.125,0.04643962848297212,0.07407407407407407,20,2,5,46,0.625,8.469095206108408,0.020283975659229236
groot_l10_500,r6p3v2_groot_l10_500_B_r1,r6p3v2_groot_l10_500_B_r1:eval:5:1,1,5,1,26,130,B,False,4388.091,4390.848,ok,,0.11764705882352933,0.041287188828172505,0.07407407407407407,20,2,5,46,0.7058823529411765,8.199844259691176,0.10246305418719204
groot_l10_500,r6p3v2_groot_l10_500_B_r1,r6p3v2_groot_l10_500_B_r1:eval:5:1,1,5,1,28,140,B,False,4138.299,4141.079,ok,,0.125,0.06349206349206349,0.07407407407407407,20,2,5,46,0.7647058823529411,7.794271164979494,0.11285266457680254
groot_l10_500,r6p3v2_groot_l10_500_B_r1,r6p3v2_groot_l10_500_B_r1:eval:5:1,1,5,1,30,150,B,True,4267.652,4270.589,ok,,0.13793103448275867,0.06557377049180335,0.07407407407407407,20,2,5,46,0.8235294117647058,7.5367389051640545,0.17658079625292733
groot_l10_500,r6p3v2_groot_l10_500_B_r1,r6p3v2_groot_l10_500_B_r1:eval:5:1,1,5,1,32,160,B,False,4418.473,4421.379,slow_ambiguous,,0.06557377049180324,0.07407407407407407,0.07407407407407407,20,2,5,46,0.896551724137931,7.302335731021973,0.04462474645030423
groot_l10_500,r6p3v2_groot_l10_500_B_r1,r6p3v2_groot_l10_500_B_r1:eval:6:0,1,6,0,0,0,B,False,43.929,46.716,inactive,warming_up,,,,0,2,5,39,,,
groot_l10_500,r6p3v2_groot_l10_500_B_r1,r6p3v2_groot_l10_500_B_r1:eval:6:0,1,6,0,2,10,B,False,29.441,31.33,inactive,warming_up,,,,0,2,5,39,,,
groot_l10_500,r6p3v2_groot_l10_500_B_r1,r6p3v2_groot_l10_500_B_r1:eval:6:0,1,6,0,4,20,B,False,4130.312,4132.835,ok,,0.0784313725490196,0.017221584385763503,0.059701492537313425,20,2,5,39,0.0,8.237646185147854,0.04366197183098592
groot_l10_500,r6p3v2_groot_l10_500_B_r1,r6p3v2_groot_l10_500_B_r1:eval:6:0,1,6,0,6,30,B,True,3721.486,3725.89,ok,,0.0784313725490196,0.017221584385763503,0.059701492537313425,20,2,5,39,0.04081632653061224,7.339946915585223,0.04117647058823529
groot_l10_500,r6p3v2_groot_l10_500_B_r1,r6p3v2_groot_l10_500_B_r1:eval:6:0,1,6,0,8,40,B,False,3781.182,3783.826,ok,,0.09302325581395349,0.018367346938775522,0.059701492537313425,20,2,5,39,0.08955223880597014,7.707225297688216,0.044017607042817125
groot_l10_500,r6p3v2_groot_l10_500_B_r1,r6p3v2_groot_l10_500_B_r1:eval:6:0,1,6,0,10,50,B,False,3673.024,3693.575,ok,,0.09302325581395349,0.015437392795883367,0.05970149253731344,20,2,5,39,0.14634146341463414,8.197462027415312,0.019129603060736494
groot_l10_500,r6p3v2_groot_l10_500_B_r1,r6p3v2_groot_l10_500_B_r1:eval:6:0,1,6,0,12,60,B,False,3909.695,3912.474,ok,,0.09302325581395349,0.02284781721746229,0.059701492537313425,20,2,5,39,0.1951219512195122,8.123686788987898,0.047560975609756084
groot_l10_500,r6p3v2_groot_l10_500_B_r1,r6p3v2_groot_l10_500_B_r1:eval:6:0,1,6,0,14,70,B,True,3720.418,3723.089,ok,,0.09302325581395351,0.014893617021276631,0.059701492537313425,20,2,5,39,0.23255813953488372,7.894655221739924,0.05238095238095236
groot_l10_500,r6p3v2_groot_l10_500_B_r1,r6p3v2_groot_l10_500_B_r1:eval:6:0,1,6,0,16,80,B,False,3877.079,3879.675,ok,,0.09756097560975613,0.03508771929824561,0.05970149253731344,20,2,5,39,0.27906976744186046,7.7535195444427245,0.024132730015082926
groot_l10_500,r6p3v2_groot_l10_500_B_r1,r6p3v2_groot_l10_500_B_r1:eval:6:0,1,6,0,18,90,B,False,3759.939,3762.74,ok,,0.09756097560975607,0.03508771929824561,0.05970149253731344,20,2,5,39,0.34146341463414637,8.047659951287164,0.024132730015082995
groot_l10_500,r6p3v2_groot_l10_500_B_r1,r6p3v2_groot_l10_500_B_r1:eval:6:0,1,6,0,20,100,B,False,3904.706,3907.452,ok,,0.10000000000000005,0.0369565217391305,0.05970149253731344,20,2,5,39,0.35,7.7737936514021575,0.03921568627450983
groot_l10_500,r6p3v2_groot_l10_500_B_r1,r6p3v2_groot_l10_500_B_r1:eval:6:0,1,6,0,22,110,B,False,3816.005,3818.675,ok,,0.09756097560975613,0.040909090909090895,0.05970149253731344,20,2,5,39,0.4,7.2812874538989645,0.11764705882352944
groot_l10_500,r6p3v2_groot_l10_500_B_r1,r6p3v2_groot_l10_500_B_r1:eval:6:0,1,6,0,24,120,B,False,3801.416,3804.083,ok,,0.09523809523809523,0.056338028169014065,0.05970149253731344,20,2,5,39,0.47619047619047616,7.475752182641599,0.06078431372549027
groot_l10_500,r6p3v2_groot_l10_500_B_r1,r6p3v2_groot_l10_500_B_r1:eval:6:0,1,6,0,26,130,B,False,3833.958,3836.745,ok,,0.09523809523809523,0.06666666666666676,0.05970149253731344,20,2,5,39,0.5365853658536586,7.55401673390849,0.019129603060736522
groot_l10_500,r6p3v2_groot_l10_500_B_r1,r6p3v2_groot_l10_500_B_r1:eval:6:0,1,6,0,28,140,B,False,3739.184,3741.714,ok,,0.09523809523809523,0.0369565217391305,0.05970149253731344,20,2,5,39,0.5714285714285714,7.950659726371671,0.02413273001508287
groot_l10_500,r6p3v2_groot_l10_500_B_r1,r6p3v2_groot_l10_500_B_r1:eval:6:0,1,6,0,30,150,B,False,3788.191,3790.945,ok,,0.09523809523809523,0.06451612903225801,0.05970149253731338,20,2,5,39,0.6341463414634146,7.998915898520572,0.015607580824972045
groot_l10_500,r6p3v2_groot_l10_500_B_r1,r6p3v2_groot_l10_500_B_r1:eval:6:0,1,6,0,32,160,B,False,3682.445,3685.081,ok,,0.09523809523809523,0.06666666666666676,0.05970149253731338,20,2,5,39,0.6829268292682927,7.918861531823379,0.014893617021276673
groot_l10_500,r6p3v2_groot_l10_500_B_r1,r6p3v2_groot_l10_500_B_r1:eval:6:0,1,6,0,34,170,B,False,3817.016,3819.971,ok,,0.09302325581395354,0.056338028169014065,0.05970149253731344,20,2,5,39,0.7450980392156863,7.695594257203134,0.021568627450980427
groot_l10_500,r6p3v2_groot_l10_500_B_r1,r6p3v2_groot_l10_500_B_r1:eval:6:0,1,6,0,36,180,B,False,3770.181,3784.801,ok,,0.09756097560975607,0.05882352941176461,0.05970149253731344,20,2,5,39,0.7906976744186046,7.472301837681052,0.05590062111801253
groot_l10_500,r6p3v2_groot_l10_500_B_r1,r6p3v2_groot_l10_500_B_r1:eval:6:0,1,6,0,38,190,B,False,3894.985,3897.398,ok,,0.09302325581395343,0.04901960784313719,0.05970149253731344,20,2,5,39,0.8372093023255814,7.749461416642043,0.09285714285714275
groot_l10_500,r6p3v2_groot_l10_500_B_r1,r6p3v2_groot_l10_500_B_r1:eval:6:0,1,6,0,40,200,B,False,3670.101,3672.534,ok,,0.09523809523809523,0.05633802816901401,0.05970149253731338,20,2,5,39,0.9,9.037541302317626,0.03499469777306463
groot_l10_500,r6p3v2_groot_l10_500_B_r1,r6p3v2_groot_l10_500_B_r1:eval:6:0,1,6,0,42,210,B,True,3829.086,3831.66,slow_ambiguous,,0.05660377358490565,0.05104934770277936,0.05970149253731346,20,2,5,39,0.9433962264150944,11.501610005929924,0.05652173913043479
groot_l10_500,r6p3v2_groot_l10_500_B_r1,r6p3v2_groot_l10_500_B_r1:eval:6:0,1,6,0,44,220,B,True,3779.055,3781.755,slow_ambiguous,,0.02564102564102566,0.04617330803289055,0.05970149253731346,20,2,5,39,0.9743589743589743,13.762266926431698,0.06976744186046513
groot_l10_500,r6p3v2_groot_l10_500_B_r1,r6p3v2_groot_l10_500_B_r1:eval:6:0,1,6,0,46,230,B,True,3889.192,3891.857,slow_confirmed,,0.0,0.042763157894736836,0.05970149253731346,20,2,5,39,1.0,15.64939775208091,0.15068493150684936
groot_l10_500,r6p3v2_groot_l10_500_B_r1,r6p3v2_groot_l10_500_B_r1:eval:6:0,1,6,0,48,240,B,False,3803.234,3805.996,slow_confirmed,,0.0,0.042763157894736836,0.05970149253731346,20,2,5,39,1.0,15.490377187857732,0.3125
groot_l10_500,r6p3v2_groot_l10_500_B_r1,r6p3v2_groot_l10_500_B_r1:eval:6:0,1,6,0,50,250,B,True,3895.101,3897.735,slow_ambiguous,,0.0,0.0625,0.05970149253731338,20,2,5,39,1.0,15.270613635416751,0.013698630136986356
groot_l10_500,r6p3v2_groot_l10_500_B_r1,r6p3v2_groot_l10_500_B_r1:eval:6:0,1,6,0,52,260,B,True,3854.767,3857.477,slow_ambiguous,,0.0,0.0625,0.05970149253731338,20,2,5,39,1.0,15.505756339352109,0.0
groot_l10_500,r6p3v2_groot_l10_500_B_r1,r6p3v2_groot_l10_500_B_r1:eval:6:0,1,6,0,54,270,B,True,3831.649,3834.227,slow_ambiguous,,0.0,0.0625,0.05970149253731338,20,2,5,39,1.0,15.54039937289181,0.013698630136986356
groot_l10_500,r6p3v2_groot_l10_500_B_r1,r6p3v2_groot_l10_500_B_r1:eval:6:0,1,6,0,56,280,B,True,3688.777,3691.352,slow_ambiguous,,0.0,0.0625,0.05970149253731338,20,2,5,39,1.0,15.685703285406694,0.0
groot_l10_500,r6p3v2_groot_l10_500_B_r1,r6p3v2_groot_l10_500_B_r1:eval:6:0,1,6,0,58,290,B,False,3668.158,3670.73,slow_ambiguous,,0.0,0.0625,0.05970149253731338,20,2,5,39,1.0,15.469279518326331,0.013698630136986356
groot_l10_500,r6p3v2_groot_l10_500_B_r1,r6p3v2_groot_l10_500_B_r1:eval:6:0,1,6,0,60,300,B,True,3849.182,3851.766,slow_confirmed,,0.0,0.044242768009075395,0.05970149253731346,20,2,5,39,1.0,15.528591623647879,0.09589041095890416
groot_l10_500,r6p3v2_groot_l10_500_B_r1,r6p3v2_groot_l10_500_B_r1:eval:6:0,1,6,0,62,310,B,True,3935.712,3938.391,slow_confirmed,,0.0,0.042763157894736836,0.05970149253731346,20,2,5,39,1.0,15.67201717032201,0.30000000000000004
groot_l10_500,r6p3v2_groot_l10_500_B_r1,r6p3v2_groot_l10_500_B_r1:eval:6:0,1,6,0,64,320,B,True,3745.532,3748.215,slow_confirmed,,0.0,0.042763157894736836,0.05970149253731346,20,2,5,39,1.0,15.73367959395163,0.30000000000000004
groot_l10_500,r6p3v2_groot_l10_500_B_r1,r6p3v2_groot_l10_500_B_r1:eval:6:0,1,6,0,66,330,B,False,3783.457,3786.152,slow_confirmed,,0.0,0.0547945205479452,0.05970149253731346,20,2,5,39,1.0,15.486679230684297,0.0625
groot_l10_500,r6p3v2_groot_l10_500_B_r1,r6p3v2_groot_l10_500_B_r1:eval:6:0,1,6,0,68,340,B,True,3660.421,3663.154,slow_confirmed,,0.0,0.04212860310421296,0.05970149253731346,20,2,5,39,1.0,15.46544888852524,0.0821917808219178
groot_l10_500,r6p3v2_groot_l10_500_B_r1,r6p3v2_groot_l10_500_B_r1:eval:6:0,1,6,0,70,350,B,True,3877.647,3880.344,slow_confirmed,,0.0,0.042763157894736836,0.05970149253731346,20,2,5,39,1.0,15.386045776456632,0.3125
groot_l10_500,r6p3v2_groot_l10_500_B_r1,r6p3v2_groot_l10_500_B_r1:eval:6:0,1,6,0,72,360,B,True,3603.728,3606.153,slow_confirmed,,0.0,0.042763157894736836,0.05970149253731346,20,2,5,39,1.0,15.61510842951566,0.28125
groot_l10_500,r6p3v2_groot_l10_500_B_r1,r6p3v2_groot_l10_500_B_r1:eval:6:0,1,6,0,74,370,B,False,3845.277,3847.837,slow_confirmed,,0.0,0.0547945205479452,0.05970149253731338,20,2,5,39,1.0,16.54329963393725,0.0273972602739726
groot_l10_500,r6p3v2_groot_l10_500_B_r1,r6p3v2_groot_l10_500_B_r1:eval:6:0,1,6,0,76,380,B,False,3782.296,3784.745,slow_ambiguous,,0.0,0.0625,0.05970149253731338,20,2,5,39,1.0,17.505884278772488,0.0
groot_l10_500,r6p3v2_groot_l10_500_B_r1,r6p3v2_groot_l10_500_B_r1:eval:6:0,1,6,0,78,390,B,True,3817.593,3820.176,slow_ambiguous,,0.0,0.0625,0.05970149253731338,20,2,5,39,1.0,18.27371708481618,0.0
groot_l10_500,r6p3v2_groot_l10_500_B_r1,r6p3v2_groot_l10_500_B_r1:eval:6:0,1,6,0,80,400,B,True,3851.024,3794.919,slow_confirmed,,0.0,0.0547945205479452,0.05970149253731338,20,2,5,39,1.0,18.43113636343025,0.0273972602739726
groot_l10_500,r6p3v2_groot_l10_500_B_r1,r6p3v2_groot_l10_500_B_r1:eval:6:0,1,6,0,82,410,B,True,3906.665,3909.332,slow_confirmed,,0.0,0.042763157894736836,0.05970149253731346,20,2,5,39,1.0,18.289854491107505,0.25
groot_l10_500,r6p3v2_groot_l10_500_B_r1,r6p3v2_groot_l10_500_B_r1:eval:6:0,1,6,0,84,420,B,True,3693.808,3696.327,slow_ambiguous,,0.0,0.0625,0.05970149253731338,20,2,5,39,1.0,18.62344584143271,0.0
groot_l10_500,r6p3v2_groot_l10_500_B_r1,r6p3v2_groot_l10_500_B_r1:eval:6:0,1,6,0,86,430,B,True,3672.453,3675.028,slow_ambiguous,,0.0,0.0625,0.05970149253731338,20,2,5,39,1.0,18.819322029163125,0.0
groot_l10_500,r6p3v2_groot_l10_500_B_r1,r6p3v2_groot_l10_500_B_r1:eval:6:0,1,6,0,88,440,B,True,3594.845,3597.915,slow_ambiguous,,0.0,0.0625,0.05970149253731338,20,2,5,39,1.0,19.137251099213653,0.0
groot_l10_500,r6p3v2_groot_l10_500_B_r1,r6p3v2_groot_l10_500_B_r1:eval:6:0,1,6,0,90,450,B,False,3787.687,3790.063,slow_ambiguous,,0.0,0.0625,0.05970149253731338,20,2,5,39,1.0,18.780177407544098,0.0
groot_l10_500,r6p3v2_groot_l10_500_B_r1,r6p3v2_groot_l10_500_B_r1:eval:6:0,1,6,0,92,460,B,False,3841.308,3843.701,slow_ambiguous,,0.0,0.0625,0.05970149253731338,20,2,5,39,1.0,19.858589035912075,0.0
groot_l10_500,r6p3v2_groot_l10_500_B_r1,r6p3v2_groot_l10_500_B_r1:eval:6:0,1,6,0,94,470,B,True,3638.448,3641.044,slow_confirmed,,0.0,0.042763157894736836,0.05970149253731346,20,2,5,39,1.0,20.42893215468089,0.21875
groot_l10_500,r6p3v2_groot_l10_500_B_r1,r6p3v2_groot_l10_500_B_r1:eval:6:0,1,6,0,96,480,B,True,3664.918,3667.584,slow_confirmed,,0.0,0.04212860310421296,0.05970149253731346,20,2,5,39,0.9230769230769231,20.65307100669182,0.07692307692307687
groot_l10_500,r6p3v2_groot_l10_500_B_r1,r6p3v2_groot_l10_500_B_r1:eval:6:0,1,6,0,98,490,B,False,3707.903,3710.59,slow_confirmed,,0.0,0.0547945205479452,0.05970149253731346,20,2,5,39,1.0,19.56824569668598,0.0625
groot_l10_500,r6p3v2_groot_l10_500_B_r1,r6p3v2_groot_l10_500_B_r1:eval:6:0,1,6,0,100,500,B,True,3762.343,3764.785,slow_confirmed,,0.0,0.0547945205479452,0.05970149253731346,20,2,5,39,1.0,18.879308083342902,0.0547945205479452
groot_l10_500,r6p3v2_groot_l10_500_B_r1,r6p3v2_groot_l10_500_B_r1:eval:6:0,1,6,0,102,510,B,False,3631.089,3633.796,slow_confirmed,,0.0,0.042763157894736836,0.05970149253731346,20,2,5,39,1.0,18.372036468575107,0.34883720930232553
groot_l10_500,r6p3v2_groot_l10_500_B_r1,r6p3v2_groot_l10_500_B_r1:eval:6:1,1,6,1,0,0,B,False,46.291,49.438,inactive,warming_up,,,,0,2,5,39,,,
groot_l10_500,r6p3v2_groot_l10_500_B_r1,r6p3v2_groot_l10_500_B_r1:eval:6:1,1,6,1,2,10,B,False,30.52,32.401,inactive,warming_up,,,,0,2,5,39,,,
groot_l10_500,r6p3v2_groot_l10_500_B_r1,r6p3v2_groot_l10_500_B_r1:eval:6:1,1,6,1,4,20,B,False,3798.16,3800.905,ok,,0.08888888888888889,0.018367346938775522,0.059701492537313425,20,2,5,39,0.0,7.7650595178041115,0.0380479735318445
groot_l10_500,r6p3v2_groot_l10_500_B_r1,r6p3v2_groot_l10_500_B_r1:eval:6:1,1,6,1,6,30,B,False,3829.386,3832.087,ok,,0.10256410256410257,0.02564102564102566,0.059701492537313425,20,2,5,39,0.044444444444444446,7.288242362739456,0.031111111111111117
groot_l10_500,r6p3v2_groot_l10_500_B_r1,r6p3v2_groot_l10_500_B_r1:eval:6:1,1,6,1,8,40,B,True,3727.862,3730.561,ok,,0.0975609756097561,0.015437392795883367,0.059701492537313425,20,2,5,39,0.0975609756097561,7.717275074698844,0.02256410256410256
groot_l10_500,r6p3v2_groot_l10_500_B_r1,r6p3v2_groot_l10_500_B_r1:eval:6:1,1,6,1,10,50,B,False,3730.755,3733.567,ok,,0.08888888888888888,0.02564102564102566,0.059701492537313425,20,2,5,39,0.12,7.740172123832271,0.037500000000000006
groot_l10_500,r6p3v2_groot_l10_500_B_r1,r6p3v2_groot_l10_500_B_r1:eval:6:1,1,6,1,12,60,B,False,3575.252,3577.866,ok,,0.08888888888888888,0.02564102564102566,0.05970149253731344,20,2,5,39,0.17777777777777778,8.410401602945141,0.03506097560975607
groot_l10_500,r6p3v2_groot_l10_500_B_r1,r6p3v2_groot_l10_500_B_r1:eval:6:1,1,6,1,14,70,B,False,3651.979,3654.695,ok,,0.0888888888888889,0.024132730015082995,0.059701492537313425,20,2,5,39,0.24390243902439024,8.261610424269234,0.04878048780487809
groot_l10_500,r6p3v2_groot_l10_500_B_r1,r6p3v2_groot_l10_500_B_r1:eval:6:1,1,6,1,16,80,B,False,3459.849,3462.415,ok,,0.07692307692307693,0.016806722689075626,0.05970149253731344,20,2,5,39,0.2564102564102564,8.466615544615847,0.05378361475922451
groot_l10_500,r6p3v2_groot_l10_500_B_r1,r6p3v2_groot_l10_500_B_r1:eval:6:1,1,6,1,18,90,B,False,3682.536,3684.956,ok,,0.09756097560975613,0.024132730015082995,0.059701492537313425,20,2,5,39,0.2926829268292683,8.169198664342586,0.050468637346791634
groot_l10_500,r6p3v2_groot_l10_500_B_r1,r6p3v2_groot_l10_500_B_r1:eval:6:1,1,6,1,20,100,B,True,3639.591,3642.379,ok,,0.09756097560975607,0.02564102564102566,0.059701492537313494,20,2,5,39,0.30434782608695654,8.279227444429464,0.02015677491601342
groot_l10_500,r6p3v2_groot_l10_500_B_r1,r6p3v2_groot_l10_500_B_r1:eval:6:1,1,6,1,22,110,B,False,3670.834,3673.675,ok,,0.09756097560975607,0.03512102515424774,0.05970149253731344,20,2,5,39,0.3902439024390244,7.839128459982288,0.018306636155606404
groot_l10_500,r6p3v2_groot_l10_500_B_r1,r6p3v2_groot_l10_500_B_r1:eval:6:1,1,6,1,24,120,B,True,3728.901,3731.496,ok,,0.09302325581395349,0.05526315789473692,0.05970149253731344,20,2,5,39,0.43902439024390244,7.928782798882941,0.06178489702517172
groot_l10_500,r6p3v2_groot_l10_500_B_r1,r6p3v2_groot_l10_500_B_r1:eval:6:1,1,6,1,26,130,B,True,3679.585,3682.046,slow_ambiguous,,0.046511627906976716,0.03725490196078435,0.05970149253731344,20,2,5,39,0.4878048780487805,7.653408578560932,0.09090909090909088
groot_l10_500,r6p3v2_groot_l10_500_B_r1,r6p3v2_groot_l10_500_B_r1:eval:6:1,1,6,1,28,140,B,False,3679.281,3681.826,slow_ambiguous,,0.04651162790697677,0.05526315789473692,0.05970149253731344,20,2,5,39,0.5454545454545454,7.724736668739223,0.04756871035940813
groot_l10_500,r6p3v2_groot_l10_500_B_r1,r6p3v2_groot_l10_500_B_r1:eval:6:1,1,6,1,30,150,B,False,3788.732,3791.462,ok,,0.13333333333333336,0.0430232558139535,0.059701492537313494,20,2,5,39,0.5581395348837209,8.518401909522213,0.16784630940343775
groot_l10_500,r6p3v2_groot_l10_500_B_r1,r6p3v2_groot_l10_500_B_r1:eval:6:1,1,6,1,32,160,B,False,3626.314,3629.035,ok,,0.0888888888888889,0.02472089314194581,0.05970149253731338,20,2,5,39,0.6511627906976745,8.436086915449698,0.023630504833512367
groot_l10_500,r6p3v2_groot_l10_500_B_r1,r6p3v2_groot_l10_500_B_r1:eval:6:1,1,6,1,34,170,B,False,3651.218,3653.587,ok,,0.0888888888888889,0.023076923076922995,0.05970149253731338,20,2,5,39,0.6956521739130435,8.526846471960171,0.023630504833512367
groot_l10_500,r6p3v2_groot_l10_500_B_r1,r6p3v2_groot_l10_500_B_r1:eval:6:1,1,6,1,36,180,B,True,3798.08,3800.43,ok,,0.10526315789473684,0.0368421052631579,0.05970149253731338,20,2,5,39,0.7391304347826086,8.279649884600689,0.04637681159420293
groot_l10_500,r6p3v2_groot_l10_500_B_r1,r6p3v2_groot_l10_500_B_r1:eval:6:1,1,6,1,38,190,B,False,3727.241,3729.753,ok,,0.13636363636363646,0.02017543859649129,0.059701492537313494,20,2,5,39,0.75,8.208952642818064,0.11304347826086958
groot_l10_500,r6p3v2_groot_l10_500_B_r1,r6p3v2_groot_l10_500_B_r1:eval:6:1,1,6,1,40,200,B,True,3527.409,3540.609,ok,,0.1333333333333333,0.04901960784313719,0.05970149253731344,20,2,5,39,0.8,7.803143039782879,0.09736842105263144
groot_l10_500,r6p3v2_groot_l10_500_B_r1,r6p3v2_groot_l10_500_B_r1:eval:6:1,1,6,1,42,210,B,True,3639.638,3642.166,ok,,0.10256410256410253,0.02785265049415986,0.05970149253731344,20,2,5,39,0.8888888888888888,8.09030323142055,0.16279069767441856
groot_l10_500,r6p3v2_groot_l10_500_B_r1,r6p3v2_groot_l10_500_B_r1:eval:7:0,1,7,0,0,0,B,False,45.532,48.68,inactive,warming_up,,,,0,2,5,42,,,
groot_l10_500,r6p3v2_groot_l10_500_B_r1,r6p3v2_groot_l10_500_B_r1:eval:7:0,1,7,0,2,10,B,False,27.911,29.616,inactive,warming_up,,,,0,2,5,42,,,
groot_l10_500,r6p3v2_groot_l10_500_B_r1,r6p3v2_groot_l10_500_B_r1:eval:7:0,1,7,0,4,20,B,False,4452.674,4456.272,ok,,0.07692307692307693,0.03152088258471237,0.07017543859649122,20,2,5,42,0.0,7.698804027275099,0.04333333333333333
groot_l10_500,r6p3v2_groot_l10_500_B_r1,r6p3v2_groot_l10_500_B_r1:eval:7:0,1,7,0,6,30,B,False,4084.226,4086.924,ok,,0.0851063829787234,0.03152088258471237,0.07017543859649122,20,2,5,42,0.0,6.509249792253872,0.054901960784313725
groot_l10_500,r6p3v2_groot_l10_500_B_r1,r6p3v2_groot_l10_500_B_r1:eval:7:0,1,7,0,8,40,B,False,3786.248,3788.847,ok,,0.08510638297872339,0.04163265306122448,0.07017543859649122,20,2,5,42,0.0784313725490196,6.946253185280071,0.04656862745098039
groot_l10_500,r6p3v2_groot_l10_500_B_r1,r6p3v2_groot_l10_500_B_r1:eval:7:0,1,7,0,10,50,B,False,4019.79,4022.642,ok,,0.08333333333333334,0.03152088258471237,0.07017543859649122,20,2,5,42,0.12244897959183673,6.575851724062019,0.16452830188679243
groot_l10_500,r6p3v2_groot_l10_500_B_r1,r6p3v2_groot_l10_500_B_r1:eval:7:0,1,7,0,12,60,B,True,3938.171,3941.007,ok,,0.08510638297872339,0.03547169811320755,0.07017543859649122,20,2,5,42,0.16326530612244897,6.434284657268985,0.3058503401360544
groot_l10_500,r6p3v2_groot_l10_500_B_r1,r6p3v2_groot_l10_500_B_r1:eval:7:0,1,7,0,14,70,B,True,3847.657,3850.366,ok,,0.08510638297872339,0.03152088258471237,0.07017543859649122,20,2,5,42,0.20833333333333334,6.823360262004766,0.18666666666666665
groot_l10_500,r6p3v2_groot_l10_500_B_r1,r6p3v2_groot_l10_500_B_r1:eval:7:0,1,7,0,16,80,B,False,4008.455,4011.151,ok,,0.08163265306122447,0.0358781810596579,0.07017543859649122,20,2,5,42,0.24489795918367346,7.784102063913423,0.04807692307692307
groot_l10_500,r6p3v2_groot_l10_500_B_r1,r6p3v2_groot_l10_500_B_r1:eval:7:0,1,7,0,18,90,B,False,3892.279,3895.023,ok,,0.08163265306122452,0.016781083142639208,0.07017543859649122,20,2,5,42,0.2857142857142857,8.073827105429531,0.08666666666666673
groot_l10_500,r6p3v2_groot_l10_500_B_r1,r6p3v2_groot_l10_500_B_r1:eval:7:0,1,7,0,20,100,B,True,4020.656,4023.436,ok,,0.08163265306122452,0.007256235827664381,0.07017543859649122,20,2,5,42,0.32653061224489793,8.24883462076951,0.006675010429703809
groot_l10_500,r6p3v2_groot_l10_500_B_r1,r6p3v2_groot_l10_500_B_r1:eval:7:0,1,7,0,22,110,B,False,3833.22,3836.045,ok,,0.08510638297872336,0.03291850662384588,0.07017543859649122,20,2,5,42,0.3673469387755102,8.156910445051048,0.03764705882352938
groot_l10_500,r6p3v2_groot_l10_500_B_r1,r6p3v2_groot_l10_500_B_r1:eval:7:0,1,7,0,24,120,B,False,3912.402,3914.99,ok,,0.08510638297872342,0.03907946157186282,0.07017543859649122,20,2,5,42,0.425531914893617,7.712065892769265,0.04922820191906546
groot_l10_500,r6p3v2_groot_l10_500_B_r1,r6p3v2_groot_l10_500_B_r1:eval:7:0,1,7,0,26,130,B,False,4032.35,4035.033,ok,,0.08510638297872342,0.07017543859649122,0.07017543859649122,20,2,5,42,0.46808510638297873,7.164490380100951,0.0415686274509804
groot_l10_500,r6p3v2_groot_l10_500_B_r1,r6p3v2_groot_l10_500_B_r1:eval:7:0,1,7,0,28,140,B,False,3951.074,3953.727,ok,,0.08163265306122447,0.01459188326493377,0.07017543859649122,20,2,5,42,0.5531914893617021,7.521817995797979,0.006675010429703865
groot_l10_500,r6p3v2_groot_l10_500_B_r1,r6p3v2_groot_l10_500_B_r1:eval:7:0,1,7,0,30,150,B,False,4235.391,4237.858,ok,,0.08163265306122447,0.01459188326493377,0.07017543859649122,20,2,5,42,0.5882352941176471,7.876441044010014,0.006675010429703865
groot_l10_500,r6p3v2_groot_l10_500_B_r1,r6p3v2_groot_l10_500_B_r1:eval:7:0,1,7,0,32,160,B,False,3896.349,3899.047,ok,,0.08163265306122447,0.02762224710712946,0.07017543859649122,20,2,5,42,0.6382978723404256,8.431823193360895,0.0385947550717467
groot_l10_500,r6p3v2_groot_l10_500_B_r1,r6p3v2_groot_l10_500_B_r1:eval:7:0,1,7,0,34,170,B,False,3959.131,3961.692,ok,,0.07843137254901966,0.010033444816053616,0.07017543859649122,20,2,5,42,0.6666666666666666,8.716125464470776,0.05220692928334114
groot_l10_500,r6p3v2_groot_l10_500_B_r1,r6p3v2_groot_l10_500_B_r1:eval:7:0,1,7,0,36,180,B,True,4019.885,4022.72,ok,,0.07843137254901955,0.005106382978723456,0.07017543859649122,20,2,5,42,0.7083333333333334,8.12993007077754,0.054545454545454675
groot_l10_500,r6p3v2_groot_l10_500_B_r1,r6p3v2_groot_l10_500_B_r1:eval:7:0,1,7,0,38,190,B,False,4012.401,4015.088,ok,,0.07272727272727264,0.01610017889087645,0.07017543859649122,20,2,5,42,0.7659574468085106,7.4902077791977435,0.04394861392832983
groot_l10_500,r6p3v2_groot_l10_500_B_r1,r6p3v2_groot_l10_500_B_r1:eval:7:0,1,7,0,40,200,B,False,4006.445,4009.101,ok,,0.08163265306122447,0.03050397877984079,0.07017543859649122,20,2,5,42,0.7659574468085106,7.181839205624594,0.0307210031347962
groot_l10_500,r6p3v2_groot_l10_500_B_r1,r6p3v2_groot_l10_500_B_r1:eval:7:0,1,7,0,42,210,B,False,4042.679,4045.405,ok,,0.08163265306122447,0.026412325752017685,0.07017543859649122,20,2,5,42,0.8163265306122449,7.311350873617467,0.012379110251450665
groot_l10_500,r6p3v2_groot_l10_500_B_r1,r6p3v2_groot_l10_500_B_r1:eval:7:0,1,7,0,44,220,B,False,4027.829,4030.676,ok,,0.0980392156862745,0.04440333024976878,0.07017543859649122,20,2,5,42,0.8837209302325582,7.387484420058196,0.04922820191906552
groot_l10_500,r6p3v2_groot_l10_500_B_r1,r6p3v2_groot_l10_500_B_r1:eval:7:1,1,7,1,0,0,B,False,45.52,48.824,inactive,warming_up,,,,0,2,5,42,,,
groot_l10_500,r6p3v2_groot_l10_500_B_r1,r6p3v2_groot_l10_500_B_r1:eval:7:1,1,7,1,2,10,B,False,38.236,40.039,inactive,warming_up,,,,0,2,5,42,,,
groot_l10_500,r6p3v2_groot_l10_500_B_r1,r6p3v2_groot_l10_500_B_r1:eval:7:1,1,7,1,4,20,B,False,4210.171,4212.628,ok,,0.0784313725490196,0.009276437847866428,0.07017543859649122,20,2,5,42,0.0,7.681873586348169,0.014814814814814822
groot_l10_500,r6p3v2_groot_l10_500_B_r1,r6p3v2_groot_l10_500_B_r1:eval:7:1,1,7,1,6,30,B,False,3798.887,3801.283,ok,,0.08695652173913043,0.014229249011857709,0.07017543859649122,20,2,5,42,0.03773584905660377,6.986487752901234,0.05218787635487754
groot_l10_500,r6p3v2_groot_l10_500_B_r1,r6p3v2_groot_l10_500_B_r1:eval:7:1,1,7,1,8,40,B,True,4205.068,4207.677,ok,,0.08,0.009689922480620158,0.07017543859649122,20,2,5,42,0.08,7.056528788816444,0.01683501683501684
groot_l10_500,r6p3v2_groot_l10_500_B_r1,r6p3v2_groot_l10_500_B_r1:eval:7:1,1,7,1,10,50,B,True,4001.058,4003.77,ok,,0.08333333333333334,0.024521072796934856,0.07017543859649122,20,2,5,42,0.13636363636363635,7.03534058374892,0.19348837209302325
groot_l10_500,r6p3v2_groot_l10_500_B_r1,r6p3v2_groot_l10_500_B_r1:eval:7:1,1,7,1,12,60,B,False,4081.086,4083.695,slow_ambiguous,,0.043478260869565216,0.03152088258471237,0.07017543859649122,20,2,5,42,0.13043478260869565,6.6150042646266,0.24
groot_l10_500,r6p3v2_groot_l10_500_B_r1,r6p3v2_groot_l10_500_B_r1:eval:7:1,1,7,1,14,70,B,False,4103.649,4106.431,slow_confirmed,,0.0,0.03152088258471237,0.07017543859649122,20,2,5,42,0.17391304347826086,6.767388710936474,0.08000000000000002
groot_l10_500,r6p3v2_groot_l10_500_B_r1,r6p3v2_groot_l10_500_B_r1:eval:7:1,1,7,1,16,80,B,True,3907.274,3909.824,slow_confirmed,,0.0,0.024521072796934856,0.07017543859649122,20,2,5,42,0.17391304347826086,7.177205549097646,0.11320754716981132
groot_l10_500,r6p3v2_groot_l10_500_B_r1,r6p3v2_groot_l10_500_B_r1:eval:7:1,1,7,1,18,90,B,False,4081.935,4084.54,slow_confirmed,,0.0,0.030595813204508854,0.07017543859649122,20,2,5,42,0.17391304347826086,8.99329671889914,0.06896551724137931
groot_l10_500,r6p3v2_groot_l10_500_B_r1,r6p3v2_groot_l10_500_B_r1:eval:7:1,1,7,1,20,100,B,True,3946.816,3949.324,slow_confirmed,,0.0,0.014229249011857764,0.07017543859649122,20,2,5,42,0.1724137931034483,10.404616704441851,0.06896551724137931
groot_l10_500,r6p3v2_groot_l10_500_B_r1,r6p3v2_groot_l10_500_B_r1:eval:7:1,1,7,1,22,110,B,False,4094.599,4097.336,slow_confirmed,,0.0392156862745098,0.00888888888888889,0.07017543859649122,20,2,5,42,0.13636363636363635,11.388327311014338,0.04545454545454547
groot_l10_500,r6p3v2_groot_l10_500_B_r1,r6p3v2_groot_l10_500_B_r1:eval:7:1,1,7,1,24,120,B,False,4162.326,4164.907,slow_confirmed,,0.0,0.016781083142639208,0.07017543859649122,20,2,5,42,0.1276595744680851,11.709594601657665,0.0784313725490196
groot_l10_500,r6p3v2_groot_l10_500_B_r1,r6p3v2_groot_l10_500_B_r1:eval:7:1,1,7,1,26,130,B,True,3863.782,3866.327,slow_confirmed,,0.0,0.007256235827664381,0.07017543859649122,20,2,5,42,0.17543859649122806,12.056126923749057,0.0
groot_l10_500,r6p3v2_groot_l10_500_B_r1,r6p3v2_groot_l10_500_B_r1:eval:7:1,1,7,1,28,140,B,True,4115.54,4118.183,slow_confirmed,,0.0,0.007256235827664381,0.07017543859649122,20,2,5,42,0.20408163265306123,12.256776947201415,0.0
groot_l10_500,r6p3v2_groot_l10_500_B_r1,r6p3v2_groot_l10_500_B_r1:eval:7:1,1,7,1,30,150,B,False,3973.335,3975.859,slow_confirmed,,0.0,0.007256235827664381,0.07017543859649122,20,2,5,42,0.20408163265306123,12.273407266979852,0.0
groot_l10_500,r6p3v2_groot_l10_500_B_r1,r6p3v2_groot_l10_500_B_r1:eval:7:1,1,7,1,32,160,B,True,4124.346,4127.083,slow_confirmed,,0.0,0.007256235827664381,0.07017543859649122,20,2,5,42,0.17543859649122806,12.280646608556461,0.0
groot_l10_500,r6p3v2_groot_l10_500_B_r1,r6p3v2_groot_l10_500_B_r1:eval:7:1,1,7,1,34,170,B,True,4077.337,4079.815,slow_confirmed,,0.0,0.006956521739130472,0.07017543859649122,20,2,5,42,0.2553191489361702,12.3477929994937,0.0
groot_l10_500,r6p3v2_groot_l10_500_B_r1,r6p3v2_groot_l10_500_B_r1:eval:7:1,1,7,1,36,180,B,False,4047.623,4050.207,slow_confirmed,,0.0,0.00888888888888889,0.07017543859649122,20,2,5,42,0.2222222222222222,12.300268877187259,0.04444444444444445
groot_l10_500,r6p3v2_groot_l10_500_B_r1,r6p3v2_groot_l10_500_B_r1:eval:7:1,1,7,1,38,190,B,True,4165.357,4167.906,slow_confirmed,,0.0,0.00888888888888889,0.07017543859649122,20,2,5,42,0.2553191489361702,12.355258759805594,0.04255319148936171
groot_l10_500,r6p3v2_groot_l10_500_B_r1,r6p3v2_groot_l10_500_B_r1:eval:7:1,1,7,1,40,200,B,False,3963.58,3966.026,slow_confirmed,,0.0,0.006956521739130472,0.07017543859649122,20,2,5,42,0.2553191489361702,12.27921357070901,0.0
groot_l10_500,r6p3v2_groot_l10_500_B_r1,r6p3v2_groot_l10_500_B_r1:eval:7:1,1,7,1,42,210,B,True,4015.181,4017.86,slow_confirmed,,0.0,0.006956521739130472,0.07017543859649122,20,2,5,42,0.23529411764705882,12.71104548829494,0.0
groot_l10_500,r6p3v2_groot_l10_500_B_r1,r6p3v2_groot_l10_500_B_r1:eval:7:1,1,7,1,44,220,B,True,4090.446,4093.001,slow_confirmed,,0.0,0.007256235827664381,0.07017543859649122,20,2,5,42,0.19607843137254902,12.673732192019742,0.0
groot_l10_500,r6p3v2_groot_l10_500_B_r1,r6p3v2_groot_l10_500_B_r1:eval:7:1,1,7,1,46,230,B,True,4128.972,4131.434,slow_confirmed,,0.0,0.013417190775681376,0.07017543859649122,20,2,5,42,0.19607843137254902,12.698460303571943,0.10666666666666669
groot_l10_500,r6p3v2_groot_l10_500_B_r1,r6p3v2_groot_l10_500_B_r1:eval:7:1,1,7,1,48,240,B,False,4157.127,4159.635,slow_confirmed,,0.0,0.009634684865515886,0.07017543859649122,20,2,5,42,0.18867924528301888,13.09684253156693,0.0392156862745098
groot_l10_500,r6p3v2_groot_l10_500_B_r1,r6p3v2_groot_l10_500_B_r1:eval:7:1,1,7,1,50,250,B,False,4005.247,4007.687,slow_confirmed,,0.0392156862745098,0.00888888888888889,0.07017543859649122,20,2,5,42,0.19607843137254902,14.144533980386242,0.046511627906976744
groot_l10_500,r6p3v2_groot_l10_500_B_r1,r6p3v2_groot_l10_500_B_r1:eval:7:1,1,7,1,52,260,B,True,4019.882,4022.505,slow_confirmed,,0.0,0.006066734074823055,0.07017543859649122,20,2,5,42,0.19607843137254902,15.016703171128137,0.5098039215686274
groot_l10_500,r6p3v2_groot_l10_500_B_r1,r6p3v2_groot_l10_500_B_r1:eval:7:1,1,7,1,54,270,B,True,4187.605,4190.363,slow_confirmed,,0.0,0.006066734074823055,0.07017543859649122,20,2,5,42,0.23255813953488372,15.412067031966538,0.5581395348837209
groot_l10_500,r6p3v2_groot_l10_500_B_r1,r6p3v2_groot_l10_500_B_r1:eval:7:1,1,7,1,56,280,B,False,4104.918,4107.584,slow_confirmed,,0.0,0.006066734074823055,0.07017543859649122,20,2,5,42,0.19607843137254902,14.921495178456935,0.5882352941176471
groot_l10_500,r6p3v2_groot_l10_500_B_r1,r6p3v2_groot_l10_500_B_r1:eval:7:1,1,7,1,58,290,B,True,4158.698,4161.337,slow_confirmed,,0.0,0.006956521739130472,0.07017543859649122,20,2,5,42,0.2222222222222222,14.390295170262398,0.0
groot_l10_500,r6p3v2_groot_l10_500_B_r1,r6p3v2_groot_l10_500_B_r1:eval:7:1,1,7,1,60,300,B,True,4045.505,4047.985,slow_confirmed,,0.0,0.006066734074823055,0.07017543859649122,20,2,5,42,0.18604651162790697,14.118045555074852,0.4897959183673469
groot_l10_500,r6p3v2_groot_l10_500_B_r1,r6p3v2_groot_l10_500_B_r1:eval:7:1,1,7,1,62,310,B,False,3998.466,4001.06,slow_confirmed,,0.0,0.006066734074823055,0.07017543859649122,20,2,5,42,0.18604651162790697,14.380660180317065,0.5531914893617021
groot_l10_500,r6p3v2_groot_l10_500_B_r1,r6p3v2_groot_l10_500_B_r1:eval:7:1,1,7,1,64,320,B,True,4191.88,4194.506,slow_confirmed,,0.0,0.009634684865515886,0.07017543859649122,20,2,5,42,0.18604651162790697,14.86460300731968,0.0392156862745098
groot_l10_500,r6p3v2_groot_l10_500_B_r1,r6p3v2_groot_l10_500_B_r1:eval:7:1,1,7,1,66,330,B,False,4144.746,4147.288,ok,,0.07407407407407407,0.027298850574712596,0.07017543859649122,20,2,5,42,0.6938775510204082,14.780072938372724,0.5777777777777778
groot_l10_500,r6p3v2_groot_l10_500_B_r1,r6p3v2_groot_l10_500_B_r1:eval:7:1,1,7,1,68,340,B,False,4172.331,4174.862,slow_ambiguous,,0.06896551724137934,0.028149190710766936,0.07017543859649122,20,2,5,42,0.6938775510204082,14.543276073149988,0.12244897959183676
groot_l10_500,r6p3v2_groot_l10_500_B_r1,r6p3v2_groot_l10_500_B_r1:eval:7:1,1,7,1,70,350,B,True,4149.485,4152.138,slow_confirmed,,0.03703703703703698,0.029359112065878934,0.07017543859649122,20,2,5,42,0.7659574468085106,14.414614210335928,0.04255319148936165
groot_l10_500,r6p3v2_groot_l10_500_B_r1,r6p3v2_groot_l10_500_B_r1:eval:7:1,1,7,1,72,360,B,False,4169.902,4172.203,slow_confirmed,,0.0,0.006066734074823055,0.07017543859649122,20,2,5,42,0.18604651162790697,14.075402898894358,0.44827586206896547
groot_l10_500,r6p3v2_groot_l10_500_B_r1,r6p3v2_groot_l10_500_B_r1:eval:7:1,1,7,1,74,370,B,True,4098.01,4100.57,slow_confirmed,,0.0,0.006066734074823055,0.07017543859649122,20,2,5,42,0.18604651162790697,13.865254490418792,0.44827586206896547
groot_l10_500,r6p3v2_groot_l10_500_B_r1,r6p3v2_groot_l10_500_B_r1:eval:7:1,1,7,1,76,380,B,False,4149.623,4152.291,slow_confirmed,,0.0,0.006066734074823055,0.07017543859649122,20,2,5,42,0.2127659574468085,13.776369360061329,0.41509433962264153
groot_l10_500,r6p3v2_groot_l10_500_B_r1,r6p3v2_groot_l10_500_B_r1:eval:7:1,1,7,1,78,390,B,True,4141.211,4143.921,slow_confirmed,,0.0,0.013417190775681376,0.07017543859649122,20,2,5,42,0.2222222222222222,14.060878695231644,0.0784313725490196
groot_l10_500,r6p3v2_groot_l10_500_B_r1,r6p3v2_groot_l10_500_B_r1:eval:7:1,1,7,1,80,400,B,False,4143.31,4146.145,slow_confirmed,,0.04444444444444445,0.006066734074823055,0.07017543859649122,20,2,5,42,0.2222222222222222,14.426035254099872,0.07017543859649122
groot_l10_500,r6p3v2_groot_l10_500_B_r1,r6p3v2_groot_l10_500_B_r1:eval:7:1,1,7,1,82,410,B,False,4166.561,4169.319,slow_confirmed,,0.046511627906976744,0.006066734074823055,0.07017543859649122,20,2,5,42,0.20833333333333334,14.72891910942626,0.6666666666666666
groot_l10_500,r6p3v2_groot_l10_500_B_r1,r6p3v2_groot_l10_500_B_r1:eval:7:1,1,7,1,84,420,B,True,4245.4,4248.128,slow_confirmed,,0.0,0.013417190775681376,0.07017543859649122,20,2,5,42,0.26666666666666666,14.662053520679676,0.75
groot_l10_500,r6p3v2_groot_l10_500_B_r1,r6p3v2_groot_l10_500_B_r1:eval:7:1,1,7,1,86,430,B,False,4099.97,4102.461,slow_confirmed,,0.0,0.013417190775681376,0.07017543859649122,20,2,5,42,0.26666666666666666,14.230392889873947,0.4545454545454546
groot_l10_500,r6p3v2_groot_l10_500_B_r1,r6p3v2_groot_l10_500_B_r1:eval:7:1,1,7,1,88,440,B,True,4192.761,4195.478,slow_confirmed,,0.0,0.027298850574712596,0.07017543859649122,20,2,5,42,0.4897959183673469,13.76250865960681,0.4545454545454546
groot_l10_500,r6p3v2_groot_l10_500_B_r1,r6p3v2_groot_l10_500_B_r1:eval:7:1,1,7,1,90,450,B,False,4122.664,4125.378,slow_confirmed,,0.0,0.009634684865515886,0.07017543859649122,20,2,5,42,0.6956521739130435,13.51352220508158,0.0
groot_l10_500,r6p3v2_groot_l10_500_B_r1,r6p3v2_groot_l10_500_B_r1:eval:7:1,1,7,1,92,460,B,True,3898.896,3901.46,slow_confirmed,,0.0,0.027298850574712596,0.07017543859649122,20,2,5,42,0.6938775510204082,13.964363408330627,0.6530612244897959
groot_l10_500,r6p3v2_groot_l10_500_B_r1,r6p3v2_groot_l10_500_B_r1:eval:7:1,1,7,1,94,470,B,True,4153.263,4155.869,slow_confirmed,,0.04444444444444445,0.013417190775681376,0.07017543859649122,20,2,5,42,0.6938775510204082,14.288472477987339,0.09090909090909094
groot_l10_500,r6p3v2_groot_l10_500_B_r1,r6p3v2_groot_l10_500_B_r1:eval:7:1,1,7,1,96,480,B,False,4109.782,4112.385,slow_ambiguous,,0.04444444444444445,0.029359112065878934,0.07017543859649122,20,2,5,42,0.7272727272727273,14.735926675466999,0.09090909090909094
groot_l10_500,r6p3v2_groot_l10_500_B_r1,r6p3v2_groot_l10_500_B_r1:eval:7:1,1,7,1,98,490,B,True,4189.646,4192.173,slow_confirmed,,0.0,0.013417190775681376,0.07017543859649122,20,2,5,42,0.26666666666666666,14.659807267672164,0.75
groot_l10_500,r6p3v2_groot_l10_500_B_r1,r6p3v2_groot_l10_500_B_r1:eval:7:1,1,7,1,100,500,B,False,4116.963,4119.737,slow_confirmed,,0.0,0.013417190775681376,0.07017543859649122,20,2,5,42,0.2727272727272727,14.58325802092481,0.4545454545454546
groot_l10_500,r6p3v2_groot_l10_500_B_r1,r6p3v2_groot_l10_500_B_r1:eval:7:1,1,7,1,102,510,B,True,4101.549,4104.256,slow_confirmed,,0.0,0.009634684865515886,0.07017543859649122,20,2,5,42,0.7272727272727273,14.140370086252863,0.0
groot_l10_500,r6p3v2_groot_l10_500_B_r1,r6p3v2_groot_l10_500_B_r1:eval:8:0,1,8,0,0,0,B,False,56.807,59.931,inactive,warming_up,,,,0,3,5,29,,,
groot_l10_500,r6p3v2_groot_l10_500_B_r1,r6p3v2_groot_l10_500_B_r1:eval:8:0,1,8,0,2,10,B,False,29.462,31.023,inactive,warming_up,,,,0,3,5,29,,,
groot_l10_500,r6p3v2_groot_l10_500_B_r1,r6p3v2_groot_l10_500_B_r1:eval:8:0,1,8,0,4,20,B,False,24.578,26.086,inactive,warming_up,,,,0,3,5,29,,,
groot_l10_500,r6p3v2_groot_l10_500_B_r1,r6p3v2_groot_l10_500_B_r1:eval:8:0,1,8,0,6,30,B,False,4814.731,4817.412,ok,,0.07142857142857142,0.015793714746172444,0.06521739130434782,30,3,5,29,0.0,7.332346303779585,0.017722878625134268
groot_l10_500,r6p3v2_groot_l10_500_B_r1,r6p3v2_groot_l10_500_B_r1:eval:8:0,1,8,0,8,40,B,False,4226.976,4229.708,ok,,0.07142857142857142,0.015793714746172444,0.06521739130434782,30,3,5,29,0.023809523809523808,6.7729373996400986,0.017722878625134268
groot_l10_500,r6p3v2_groot_l10_500_B_r1,r6p3v2_groot_l10_500_B_r1:eval:8:0,1,8,0,10,50,B,False,4299.668,4302.561,ok,,0.07142857142857142,0.01436781609195402,0.06521739130434782,30,3,5,29,0.047619047619047616,7.124273069561554,0.01772287862513426
groot_l10_500,r6p3v2_groot_l10_500_B_r1,r6p3v2_groot_l10_500_B_r1:eval:8:0,1,8,0,12,60,B,False,4221.511,4224.319,ok,,0.07142857142857142,0.03132832080200502,0.06521739130434782,30,3,5,29,0.07142857142857142,7.443148936428746,0.017722878625134268
groot_l10_500,r6p3v2_groot_l10_500_B_r1,r6p3v2_groot_l10_500_B_r1:eval:8:0,1,8,0,14,70,B,False,4119.7,4122.339,ok,,0.06521739130434784,0.03132832080200502,0.06521739130434782,30,3,5,29,0.09523809523809523,7.660499473585773,0.03132832080200502
groot_l10_500,r6p3v2_groot_l10_500_B_r1,r6p3v2_groot_l10_500_B_r1:eval:8:0,1,8,0,16,80,B,False,4453.412,4456.323,slow_ambiguous,,0.06122448979591835,0.040827147401908764,0.06521739130434782,30,3,5,29,0.12987012987012986,7.501000333660559,0.026999316473000662
groot_l10_500,r6p3v2_groot_l10_500_B_r1,r6p3v2_groot_l10_500_B_r1:eval:8:0,1,8,0,18,90,B,True,4065.831,4075.933,slow_ambiguous,,0.05405405405405406,0.029692470837751866,0.06521739130434782,30,3,5,29,0.13793103448275862,7.99196246947028,0.03546910755148741
groot_l10_500,r6p3v2_groot_l10_500_B_r1,r6p3v2_groot_l10_500_B_r1:eval:8:0,1,8,0,20,100,B,False,4259.081,4261.723,ok,,0.07894736842105263,0.027665317139001368,0.06521739130434781,30,3,5,29,0.18421052631578946,7.9863460636281935,0.23015873015873015
groot_l10_500,r6p3v2_groot_l10_500_B_r1,r6p3v2_groot_l10_500_B_r1:eval:8:0,1,8,0,22,110,B,True,4121.278,4123.54,ok,,0.1111111111111111,0.027665317139001368,0.06521739130434784,30,3,5,29,0.21052631578947367,7.551459477205515,0.21978021978021978
groot_l10_500,r6p3v2_groot_l10_500_B_r1,r6p3v2_groot_l10_500_B_r1:eval:8:0,1,8,0,24,120,B,False,4212.54,4227.282,ok,,0.1111111111111111,0.027665317139001368,0.06521739130434784,30,3,5,29,0.1836734693877551,7.373682480726514,0.2126745435016111
groot_l10_500,r6p3v2_groot_l10_500_B_r1,r6p3v2_groot_l10_500_B_r1:eval:8:0,1,8,0,26,130,B,False,4261.216,4263.841,ok,,0.07894736842105265,0.028538812785388112,0.06521739130434784,30,3,5,29,0.25,7.404260856642944,0.08040739748056822
groot_l10_500,r6p3v2_groot_l10_500_B_r1,r6p3v2_groot_l10_500_B_r1:eval:8:0,1,8,0,28,140,B,True,3959.128,3961.622,ok,,0.0789473684210526,0.057692307692307654,0.06521739130434784,30,3,5,29,0.28205128205128205,7.971402412598407,0.06639566395663953
groot_l10_500,r6p3v2_groot_l10_500_B_r1,r6p3v2_groot_l10_500_B_r1:eval:8:0,1,8,0,30,150,B,False,4365.82,4368.605,ok,,0.10389610389610393,0.034022257551669294,0.06521739130434784,30,3,5,29,0.2926829268292683,8.491176608253188,0.06072672971627673
groot_l10_500,r6p3v2_groot_l10_500_B_r1,r6p3v2_groot_l10_500_B_r1:eval:8:0,1,8,0,32,160,B,False,4215.119,4217.683,ok,,0.0789473684210526,0.02716887928372952,0.06521739130434784,30,3,5,29,0.34210526315789475,8.600417979598026,0.036336485813837686
groot_l10_500,r6p3v2_groot_l10_500_B_r1,r6p3v2_groot_l10_500_B_r1:eval:8:0,1,8,0,34,170,B,True,4117.387,4119.828,ok,,0.07792207792207789,0.030612244897959162,0.06521739130434784,30,3,5,29,0.3902439024390244,8.10469719496299,0.02210884353741499
groot_l10_500,r6p3v2_groot_l10_500_B_r1,r6p3v2_groot_l10_500_B_r1:eval:8:0,1,8,0,36,180,B,False,4459.478,4462.099,ok,,0.0789473684210526,0.030612244897959162,0.06521739130434781,30,3,5,29,0.4146341463414634,8.087891864106274,0.036336485813837804
groot_l10_500,r6p3v2_groot_l10_500_B_r1,r6p3v2_groot_l10_500_B_r1:eval:8:0,1,8,0,38,190,B,True,4197.194,4199.865,ok,,0.07894736842105265,0.029692470837751866,0.06521739130434778,30,3,5,29,0.42105263157894735,7.817971136285635,0.043290043290043316
groot_l10_500,r6p3v2_groot_l10_500_B_r1,r6p3v2_groot_l10_500_B_r1:eval:8:0,1,8,0,40,200,B,False,4345.094,4347.755,ok,,0.07792207792207789,0.061224489795918324,0.06521739130434778,30,3,5,29,0.44155844155844154,7.5478036720111366,0.05175983436853003
groot_l10_500,r6p3v2_groot_l10_500_B_r1,r6p3v2_groot_l10_500_B_r1:eval:8:0,1,8,0,42,210,B,False,3936.369,3939.004,ok,,0.07894736842105271,0.02716887928372952,0.06521739130434778,30,3,5,29,0.47368421052631576,7.835469074518835,0.05175983436853003
groot_l10_500,r6p3v2_groot_l10_500_B_r1,r6p3v2_groot_l10_500_B_r1:eval:8:0,1,8,0,44,220,B,True,4482.761,4485.709,ok,,0.07058823529411762,0.030612244897959162,0.06521739130434784,30,3,5,29,0.47058823529411764,7.7394507310130365,0.01772287862513433
groot_l10_500,r6p3v2_groot_l10_500_B_r1,r6p3v2_groot_l10_500_B_r1:eval:8:0,1,8,0,46,230,B,False,4417.11,4419.614,ok,,0.07058823529411762,0.06521739130434784,0.06521739130434784,30,3,5,29,0.49411764705882355,7.449800086693495,0.01772287862513433
groot_l10_500,r6p3v2_groot_l10_500_B_r1,r6p3v2_groot_l10_500_B_r1:eval:8:0,1,8,0,48,240,B,True,4382.96,4385.517,ok,,0.07058823529411762,0.030612244897959162,0.06521739130434778,30,3,5,29,0.5176470588235295,7.863250373359447,0.017722878625134206
groot_l10_500,r6p3v2_groot_l10_500_B_r1,r6p3v2_groot_l10_500_B_r1:eval:8:0,1,8,0,50,250,B,False,4313.573,4315.941,ok,,0.07058823529411772,0.02895111532985284,0.06521739130434778,30,3,5,29,0.5411764705882353,7.9601727219588065,0.01772287862513422
groot_l10_500,r6p3v2_groot_l10_500_B_r1,r6p3v2_groot_l10_500_B_r1:eval:8:0,1,8,0,52,260,B,False,4343.028,4345.681,ok,,0.07058823529411762,0.06521739130434784,0.06521739130434784,30,3,5,29,0.5647058823529412,7.839976143263764,0.030166880616174563
groot_l10_500,r6p3v2_groot_l10_500_B_r1,r6p3v2_groot_l10_500_B_r1:eval:8:0,1,8,0,54,270,B,False,4488.427,4490.944,ok,,0.0714285714285715,0.06521739130434784,0.06521739130434784,30,3,5,29,0.5882352941176471,7.817507262901101,0.013729977116704761
groot_l10_500,r6p3v2_groot_l10_500_B_r1,r6p3v2_groot_l10_500_B_r1:eval:8:0,1,8,0,56,280,B,False,4242.223,4244.859,ok,,0.10526315789473685,0.023317788141239186,0.06521739130434778,30,3,5,29,0.611764705882353,7.311319169885441,0.16770186335403736
groot_l10_500,r6p3v2_groot_l10_500_B_r1,r6p3v2_groot_l10_500_B_r1:eval:8:0,1,8,0,58,290,B,False,4346.145,4348.838,ok,,0.09523809523809522,0.026455026455026412,0.0652173913043479,30,3,5,29,0.6585365853658537,7.048931424299089,0.07748538011695906
groot_l10_500,r6p3v2_groot_l10_500_B_r1,r6p3v2_groot_l10_500_B_r1:eval:8:0,1,8,0,60,300,B,False,4329.042,4331.751,ok,,0.0714285714285714,0.026455026455026412,0.06521739130434778,30,3,5,29,0.7073170731707317,7.030535412303879,0.09439124487004102
groot_l10_500,r6p3v2_groot_l10_500_B_r1,r6p3v2_groot_l10_500_B_r1:eval:8:0,1,8,0,62,310,B,False,4346.862,4349.475,slow_ambiguous,,0.04761904761904767,0.03243574051407594,0.06521739130434778,30,3,5,29,0.7317073170731707,7.0233220787647355,0.04964131994261123
groot_l10_500,r6p3v2_groot_l10_500_B_r1,r6p3v2_groot_l10_500_B_r1:eval:8:0,1,8,0,64,320,B,False,4481.62,4484.282,ok,,0.07317073170731701,0.028539361872695235,0.06521739130434778,30,3,5,29,0.7560975609756098,7.579603367823924,0.07170868347338931
groot_l10_500,r6p3v2_groot_l10_500_B_r1,r6p3v2_groot_l10_500_B_r1:eval:8:0,1,8,0,66,330,B,False,4114.429,4117.197,ok,,0.07058823529411762,0.051470588235294046,0.06521739130434778,30,3,5,29,0.7674418604651163,8.191996336081115,0.12244897959183676
groot_l10_500,r6p3v2_groot_l10_500_B_r1,r6p3v2_groot_l10_500_B_r1:eval:8:0,1,8,0,68,340,B,True,4302.76,4305.602,ok,,0.07317073170731701,0.027397260273972615,0.06521739130434778,30,3,5,29,0.8,8.868078681768312,0.04836455129997208
groot_l10_500,r6p3v2_groot_l10_500_B_r1,r6p3v2_groot_l10_500_B_r1:eval:8:0,1,8,0,70,350,B,False,4305.196,4309.75,ok,,0.07317073170731714,0.027397260273972615,0.06521739130434778,30,3,5,29,0.8235294117647058,9.251212689049668,0.05958904109589036
groot_l10_500,r6p3v2_groot_l10_500_B_r1,r6p3v2_groot_l10_500_B_r1:eval:8:0,1,8,0,72,360,B,False,4258.718,4261.315,ok,,0.07499999999999996,0.06593406593406592,0.06521739130434778,30,3,5,29,0.8536585365853658,9.300203804962537,0.016974389517569924
groot_l10_500,r6p3v2_groot_l10_500_B_r1,r6p3v2_groot_l10_500_B_r1:eval:8:0,1,8,0,74,370,B,False,4409.305,4411.858,ok,,0.07499999999999996,0.03001786777843965,0.06521739130434778,30,3,5,29,0.8780487804878049,9.649202512642365,0.016974389517569924
groot_l10_500,r6p3v2_groot_l10_500_B_r1,r6p3v2_groot_l10_500_B_r1:eval:8:0,1,8,0,76,380,B,False,4253.046,4255.418,ok,,0.07317073170731701,0.012745098039215738,0.06521739130434778,30,3,5,29,0.9024390243902439,9.53426858629754,0.032191780821917884
groot_l10_500,r6p3v2_groot_l10_500_B_r1,r6p3v2_groot_l10_500_B_r1:eval:8:0,1,8,0,78,390,B,False,4331.662,4334.081,ok,,0.07317073170731701,0.012745098039215738,0.06521739130434778,30,3,5,29,0.926829268292683,9.516027688890869,0.03219178082191777
groot_l10_500,r6p3v2_groot_l10_500_B_r1,r6p3v2_groot_l10_500_B_r1:eval:8:1,1,8,1,0,0,B,False,42.95,45.942,inactive,warming_up,,,,0,3,5,29,,,
groot_l10_500,r6p3v2_groot_l10_500_B_r1,r6p3v2_groot_l10_500_B_r1:eval:8:1,1,8,1,2,10,B,False,28.941,30.691,inactive,warming_up,,,,0,3,5,29,,,
groot_l10_500,r6p3v2_groot_l10_500_B_r1,r6p3v2_groot_l10_500_B_r1:eval:8:1,1,8,1,4,20,B,False,28.647,30.364,inactive,warming_up,,,,0,3,5,29,,,
groot_l10_500,r6p3v2_groot_l10_500_B_r1,r6p3v2_groot_l10_500_B_r1:eval:8:1,1,8,1,6,30,B,False,4478.559,4481.009,ok,,0.07058823529411765,0.019780219780219765,0.06521739130434782,30,3,5,29,0.0,8.55446336081218,0.03546910755148741
groot_l10_500,r6p3v2_groot_l10_500_B_r1,r6p3v2_groot_l10_500_B_r1:eval:8:1,1,8,1,8,40,B,False,4330.914,4333.611,ok,,0.07058823529411765,0.015793714746172444,0.06521739130434782,30,3,5,29,0.023529411764705882,7.852233913293757,0.03546910755148741
groot_l10_500,r6p3v2_groot_l10_500_B_r1,r6p3v2_groot_l10_500_B_r1:eval:8:1,1,8,1,10,50,B,False,4229.291,4231.848,ok,,0.07142857142857142,0.015793714746172444,0.06521739130434782,30,3,5,29,0.047619047619047616,8.192700492430388,0.02096729102599945
groot_l10_500,r6p3v2_groot_l10_500_B_r1,r6p3v2_groot_l10_500_B_r1:eval:8:1,1,8,1,12,60,B,False,4283.983,4286.497,ok,,0.07058823529411765,0.01864018334606568,0.06521739130434782,30,3,5,29,0.07058823529411765,8.536002219262,0.017722878625134268
groot_l10_500,r6p3v2_groot_l10_500_B_r1,r6p3v2_groot_l10_500_B_r1:eval:8:1,1,8,1,14,70,B,False,4338.125,4333.729,slow_ambiguous,,0.06122448979591836,0.029692470837751866,0.06521739130434782,30,3,5,29,0.1038961038961039,8.2617653379533,0.035469107551487404
groot_l10_500,r6p3v2_groot_l10_500_B_r1,r6p3v2_groot_l10_500_B_r1:eval:8:1,1,8,1,16,80,B,False,4350.113,4352.858,slow_ambiguous,,0.05405405405405406,0.035714285714285705,0.06521739130434781,30,3,5,29,0.12987012987012986,8.025919961027913,0.03188854489164087
groot_l10_500,r6p3v2_groot_l10_500_B_r1,r6p3v2_groot_l10_500_B_r1:eval:8:1,1,8,1,18,90,B,True,4360.862,4363.418,ok,,0.07058823529411765,0.027665317139001368,0.06521739130434784,30,3,5,29,0.15584415584415584,8.184726031576337,0.07823613086770982
groot_l10_500,r6p3v2_groot_l10_500_B_r1,r6p3v2_groot_l10_500_B_r1:eval:8:1,1,8,1,20,100,B,False,4262.899,4265.698,ok,,0.07894736842105263,0.025551684088269445,0.06521739130434781,30,3,5,29,0.15584415584415584,8.462597113639466,0.2510869565217391
groot_l10_500,r6p3v2_groot_l10_500_B_r1,r6p3v2_groot_l10_500_B_r1:eval:8:1,1,8,1,22,110,B,False,4226.097,4228.74,ok,,0.07692307692307693,0.025551684088269445,0.06521739130434781,30,3,5,29,0.19047619047619047,8.550305042510395,0.19727891156462582
groot_l10_500,r6p3v2_groot_l10_500_B_r1,r6p3v2_groot_l10_500_B_r1:eval:8:1,1,8,1,24,120,B,False,4335.616,4338.224,slow_confirmed,,0.02564102564102566,0.025551684088269445,0.06521739130434781,30,3,5,29,0.21428571428571427,8.444554210235802,0.22108843537414963
groot_l10_500,r6p3v2_groot_l10_500_B_r1,r6p3v2_groot_l10_500_B_r1:eval:8:1,1,8,1,26,130,B,False,4357.423,4362.4,slow_ambiguous,,0.04081632653061229,0.02716887928372952,0.06521739130434784,30,3,5,29,0.2564102564102564,8.253146490851007,0.04999999999999998
groot_l10_500,r6p3v2_groot_l10_500_B_r1,r6p3v2_groot_l10_500_B_r1:eval:8:1,1,8,1,28,140,B,True,4296.456,4299.046,slow_ambiguous,,0.04081632653061229,0.025811397904421177,0.06521739130434784,30,3,5,29,0.28205128205128205,8.186654583965122,0.042124542124542114
groot_l10_500,r6p3v2_groot_l10_500_B_r1,r6p3v2_groot_l10_500_B_r1:eval:8:1,1,8,1,30,150,B,False,4272.505,4275.234,ok,,0.07692307692307693,0.02371794871794869,0.06521739130434781,30,3,5,29,0.28205128205128205,8.409861789087794,0.0848901098901099
groot_l10_500,r6p3v2_groot_l10_500_B_r1,r6p3v2_groot_l10_500_B_r1:eval:8:1,1,8,1,32,160,B,False,4262.334,4265.209,ok,,0.08695652173913038,0.021222679759265117,0.0652173913043479,30,3,5,29,0.375,9.263835187443949,0.07823129251700683
groot_l10_500,r6p3v2_groot_l10_500_B_r1,r6p3v2_groot_l10_500_B_r1:eval:8:1,1,8,1,34,170,B,False,4228.473,4231.015,ok,,0.0869565217391305,0.01927955352612888,0.06521739130434784,30,3,5,29,0.375,9.326476552783628,0.16226978596316588
groot_l10_500,r6p3v2_groot_l10_500_B_r1,r6p3v2_groot_l10_500_B_r1:eval:8:1,1,8,1,36,180,B,False,4317.088,4319.709,ok,,0.08333333333333336,0.0318885448916409,0.06521739130434784,30,3,5,29,0.4,9.070169242178235,0.030263157894736895
groot_l10_500,r6p3v2_groot_l10_500_B_r1,r6p3v2_groot_l10_500_B_r1:eval:8:1,1,8,1,38,190,B,True,4197.744,4200.461,slow_ambiguous,,0.05555555555555558,0.024401064773735492,0.06521739130434784,30,3,5,29,0.4722222222222222,8.430540900921082,0.03695652173913052
groot_l10_500,r6p3v2_groot_l10_500_B_r1,r6p3v2_groot_l10_500_B_r1:eval:8:1,1,8,1,40,200,B,True,4138.85,4141.282,slow_ambiguous,,0.04347826086956519,0.027015250544662327,0.06521739130434778,30,3,5,29,0.5,7.910535503486257,0.030555555555555558
groot_l10_500,r6p3v2_groot_l10_500_B_r1,r6p3v2_groot_l10_500_B_r1:eval:8:1,1,8,1,42,210,B,True,4309.827,4312.736,slow_ambiguous,,0.052631578947368425,0.022045855379188684,0.06521739130434778,30,3,5,29,0.47368421052631576,8.691624619594483,0.09723889555822324
groot_l10_500,r6p3v2_groot_l10_500_B_r1,r6p3v2_groot_l10_500_B_r1:eval:8:1,1,8,1,44,220,B,False,4228.363,4233.854,ok,,0.07058823529411767,0.021222679759265117,0.0652173913043479,30,3,5,29,0.4470588235294118,10.064884126181752,0.08418367346938771
groot_l10_500,r6p3v2_groot_l10_500_B_r1,r6p3v2_groot_l10_500_B_r1:eval:8:1,1,8,1,46,230,B,False,4263.73,4266.342,ok,,0.07142857142857145,0.024291497975708502,0.0652173913043479,30,3,5,29,0.47058823529411764,10.869299534947054,0.06377551020408168
groot_l10_500,r6p3v2_groot_l10_500_B_r1,r6p3v2_groot_l10_500_B_r1:eval:8:1,1,8,1,48,240,B,True,4242.466,4245.176,ok,,0.0714285714285715,0.027397260273972615,0.06521739130434784,30,3,5,29,0.49411764705882355,11.618991579083023,0.016697588126159568
groot_l10_500,r6p3v2_groot_l10_500_B_r1,r6p3v2_groot_l10_500_B_r1:eval:8:1,1,8,1,50,250,B,True,4220.852,4223.381,ok,,0.0714285714285714,0.027397260273972615,0.06521739130434784,30,3,5,29,0.5176470588235295,11.655160286797486,0.016697588126159568
groot_l10_500,r6p3v2_groot_l10_500_B_r1,r6p3v2_groot_l10_500_B_r1:eval:8:1,1,8,1,52,260,B,False,4214.914,4217.551,ok,,0.0714285714285714,0.03001786777843965,0.06521739130434784,30,3,5,29,0.5238095238095238,11.121532703567187,0.016257714887851896
groot_l10_500,r6p3v2_groot_l10_500_B_r1,r6p3v2_groot_l10_500_B_r1:eval:8:1,1,8,1,54,270,B,False,4248.094,4250.838,ok,,0.0714285714285714,0.03001786777843965,0.06521739130434784,30,3,5,29,0.5476190476190477,10.702413710501506,0.011988011988012026
groot_l10_500,r6p3v2_groot_l10_500_B_r1,r6p3v2_groot_l10_500_B_r1:eval:8:1,1,8,1,56,280,B,True,4260.6,4263.223,ok,,0.09756097560975606,0.018414322250639437,0.0652173913043479,30,3,5,29,0.5882352941176471,10.408978938444736,0.06393606393606399
groot_l10_500,r6p3v2_groot_l10_500_B_r1,r6p3v2_groot_l10_500_B_r1:eval:8:1,1,8,1,58,290,B,False,4209.363,4218.514,ok,,0.09756097560975606,0.02038472581108236,0.0652173913043479,30,3,5,29,0.611764705882353,10.250185550814543,0.07524240465416931
groot_l10_500,r6p3v2_groot_l10_500_B_r1,r6p3v2_groot_l10_500_B_r1:eval:8:1,1,8,1,60,300,B,False,4338.859,4341.674,ok,,0.07317073170731701,0.018414322250639437,0.06521739130434778,30,3,5,29,0.6352941176470588,9.93029622859023,0.06285253827558424
groot_l10_500,r6p3v2_groot_l10_500_B_r1,r6p3v2_groot_l10_500_B_r1:eval:8:1,1,8,1,62,310,B,True,4289.82,4292.497,ok,,0.06593406593406592,0.03457273320287026,0.06521739130434778,30,3,5,29,0.7073170731707317,9.919186546771607,0.11764705882352944
groot_l10_500,r6p3v2_groot_l10_500_B_r1,r6p3v2_groot_l10_500_B_r1:eval:8:1,1,8,1,64,320,B,False,4294.708,4297.44,ok,,0.06976744186046512,0.03890160183066349,0.06521739130434778,30,3,5,29,0.7407407407407407,9.905580131052858,0.19780219780219788
groot_l10_500,r6p3v2_groot_l10_500_B_r1,r6p3v2_groot_l10_500_B_r1:eval:8:1,1,8,1,66,330,B,False,4300.386,4302.985,ok,,0.07058823529411762,0.03890160183066349,0.06521739130434778,30,3,5,29,0.7397260273972602,10.164781681801601,0.15129056989522102
groot_l10_500,r6p3v2_groot_l10_500_B_r1,r6p3v2_groot_l10_500_B_r1:eval:8:1,1,8,1,68,340,B,False,4305.424,4307.96,ok,,0.07317073170731701,0.025048923679060767,0.06521739130434778,30,3,5,29,0.7674418604651163,10.286664573951725,0.12803475594173264
groot_l10_500,r6p3v2_groot_l10_500_B_r1,r6p3v2_groot_l10_500_B_r1:eval:8:1,1,8,1,70,350,B,False,4232.97,4235.733,ok,,0.06976744186046512,0.013226263580538494,0.06521739130434778,30,3,5,29,0.813953488372093,10.357431640699007,0.03235440517670472
groot_l10_500,r6p3v2_groot_l10_500_B_r1,r6p3v2_groot_l10_500_B_r1:eval:8:1,1,8,1,72,360,B,False,4221.633,4224.379,ok,,0.06593406593406603,0.013226263580538494,0.06521739130434778,30,3,5,29,0.8478260869565217,10.50911824064264,0.031798766018034996
groot_l10_500,r6p3v2_groot_l10_500_B_r1,r6p3v2_groot_l10_500_B_r1:eval:8:1,1,8,1,74,370,B,False,4223.384,4226.082,ok,,0.07317073170731714,0.013226263580538494,0.06521739130434778,30,3,5,29,0.8536585365853658,10.660735594148797,0.03289315726290508
groot_l10_500,r6p3v2_groot_l10_500_B_r1,r6p3v2_groot_l10_500_B_r1:eval:8:1,1,8,1,76,380,B,False,4208.344,4211.107,ok,,0.07317073170731701,0.016974389517569924,0.06521739130434778,30,3,5,29,0.8780487804878049,10.572082545110998,0.03289315726290519
groot_l10_500,r6p3v2_groot_l10_500_B_r1,r6p3v2_groot_l10_500_B_r1:eval:8:1,1,8,1,78,390,B,False,4176.252,4178.793,ok,,0.07058823529411762,0.03001786777843965,0.06521739130434778,30,3,5,29,0.9024390243902439,10.319372746543838,0.016697588126159624
groot_l10_500,r6p3v2_groot_l10_500_B_r1,r6p3v2_groot_l10_500_B_r1:eval:8:1,1,8,1,80,400,B,True,4327.319,4329.824,slow_ambiguous,,0.061224489795918324,0.012543554006968716,0.06521739130434778,30,3,5,29,0.9387755102040817,10.009820976434003,0.03086325439266613
groot_l10_500,r6p3v2_groot_l10_500_B_r1,r6p3v2_groot_l10_500_B_r1:eval:8:1,1,8,1,82,410,B,True,4231.196,4233.734,slow_confirmed,,0.04878048780487809,0.012745098039215738,0.06521739130434778,30,3,5,29,0.9512195121951219,10.276813853876916,0.029640947288006148
groot_l10_500,r6p3v2_groot_l10_500_B_r1,r6p3v2_groot_l10_500_B_r1:eval:8:1,1,8,1,84,420,B,True,4241.079,4245.101,slow_confirmed,,0.02857142857142858,0.03001786777843965,0.06521739130434778,30,3,5,29,0.9714285714285714,10.785016643449847,0.01570522500755056
groot_l10_500,r6p3v2_groot_l10_500_B_r1,r6p3v2_groot_l10_500_B_r1:eval:8:1,1,8,1,86,430,B,False,4281.15,4284.092,slow_confirmed,,0.0,0.03001786777843965,0.06521739130434778,30,3,5,29,1.0,11.351708791522928,0.0117647058823529
groot_l10_500,r6p3v2_groot_l10_500_B_r1,r6p3v2_groot_l10_500_B_r1:eval:8:1,1,8,1,88,440,B,True,4322.072,4324.779,slow_confirmed,,0.0,0.03001786777843965,0.06521739130434778,30,3,5,29,1.0,11.649874474920324,0.0
groot_l10_500,r6p3v2_groot_l10_500_B_r1,r6p3v2_groot_l10_500_B_r1:eval:8:1,1,8,1,90,450,B,True,4389.49,4392.014,slow_confirmed,,0.0,0.03001786777843965,0.06521739130434778,30,3,5,29,1.0,11.845652031113163,0.0
groot_l10_500,r6p3v2_groot_l10_500_B_r1,r6p3v2_groot_l10_500_B_r1:eval:8:1,1,8,1,92,460,B,False,4253.702,4256.33,slow_confirmed,,0.0,0.03001786777843965,0.06521739130434778,30,3,5,29,1.0,12.19464475977745,0.0
groot_l10_500,r6p3v2_groot_l10_500_B_r1,r6p3v2_groot_l10_500_B_r1:eval:8:1,1,8,1,94,470,B,True,4228.025,4230.717,slow_confirmed,,0.0,0.012745098039215738,0.06521739130434778,30,3,5,29,1.0,12.40774750611628,0.02564102564102566
groot_l10_500,r6p3v2_groot_l10_500_B_r1,r6p3v2_groot_l10_500_B_r1:eval:8:1,1,8,1,96,480,B,False,4313.066,4315.752,slow_confirmed,,0.0,0.03001786777843965,0.06521739130434778,30,3,5,29,1.0,12.864571982992342,0.012987012987012991
groot_l10_500,r6p3v2_groot_l10_500_B_r1,r6p3v2_groot_l10_500_B_r1:eval:8:1,1,8,1,98,490,B,True,4343.04,4345.648,slow_confirmed,,0.0,0.03001786777843965,0.06521739130434778,30,3,5,29,1.0,13.940543403047297,0.012987012987012991
groot_l10_500,r6p3v2_groot_l10_500_B_r1,r6p3v2_groot_l10_500_B_r1:eval:8:1,1,8,1,100,500,B,False,4364.247,4367.054,slow_confirmed,,0.0,0.03001786777843965,0.06521739130434778,30,3,5,29,0.9882352941176471,14.601973756843073,0.012987012987012991
groot_l10_500,r6p3v2_groot_l10_500_B_r1,r6p3v2_groot_l10_500_B_r1:eval:8:1,1,8,1,102,510,B,False,4250.117,4252.653,slow_confirmed,,0.0,0.03001786777843965,0.06521739130434778,30,3,5,29,0.9795918367346939,15.297377537868094,0.0
groot_l10_500,r6p3v2_groot_l10_500_B_r1,r6p3v2_groot_l10_500_B_r1:eval:9:0,1,9,0,0,0,B,False,44.755,47.991,inactive,warming_up,,,,0,2,5,45,,,
groot_l10_500,r6p3v2_groot_l10_500_B_r1,r6p3v2_groot_l10_500_B_r1:eval:9:0,1,9,0,2,10,B,False,29.496,31.226,inactive,warming_up,,,,0,2,5,45,,,
groot_l10_500,r6p3v2_groot_l10_500_B_r1,r6p3v2_groot_l10_500_B_r1:eval:9:0,1,9,0,4,20,B,False,5021.113,5023.62,ok,,0.08,0.011032308904649346,0.058823529411764705,20,2,5,45,0.0,8.22566484080701,0.032474804031354984
groot_l10_500,r6p3v2_groot_l10_500_B_r1,r6p3v2_groot_l10_500_B_r1:eval:9:0,1,9,0,6,30,B,False,4487.333,4490.054,ok,,0.07999999999999999,0.013677811550151964,0.058823529411764705,20,2,5,45,0.04,6.971550363063023,0.006159014557670761
groot_l10_500,r6p3v2_groot_l10_500_B_r1,r6p3v2_groot_l10_500_B_r1:eval:9:0,1,9,0,8,40,B,False,4559.108,4561.935,ok,,0.07894736842105263,0.013677811550151978,0.058823529411764705,20,2,5,45,0.08,7.833680264983003,0.03744680851063831
groot_l10_500,r6p3v2_groot_l10_500_B_r1,r6p3v2_groot_l10_500_B_r1:eval:9:0,1,9,0,10,50,B,False,4396.798,4405.704,ok,,0.08000000000000002,0.010361016674761206,0.05882352941176472,20,2,5,45,0.12,8.583531190233186,0.05531686358754029
groot_l10_500,r6p3v2_groot_l10_500_B_r1,r6p3v2_groot_l10_500_B_r1:eval:9:0,1,9,0,12,60,B,False,4493.999,4496.76,ok,,0.07999999999999999,0.009634684865515858,0.05882352941176472,20,2,5,45,0.16,8.823466956445841,0.08689175769612711
groot_l10_500,r6p3v2_groot_l10_500_B_r1,r6p3v2_groot_l10_500_B_r1:eval:9:0,1,9,0,14,70,B,False,4548.454,4551.368,ok,,0.12,0.009259259259259273,0.05882352941176472,20,2,5,45,0.2,8.416291559793192,0.0768627450980392
groot_l10_500,r6p3v2_groot_l10_500_B_r1,r6p3v2_groot_l10_500_B_r1:eval:9:0,1,9,0,16,80,B,False,4529.626,4532.549,ok,,0.08000000000000002,0.03996983408748117,0.05882352941176472,20,2,5,45,0.25,7.699587483717725,0.03477617462079173
groot_l10_500,r6p3v2_groot_l10_500_B_r1,r6p3v2_groot_l10_500_B_r1:eval:9:0,1,9,0,18,90,B,False,4585.886,4588.57,ok,,0.08000000000000002,0.03547169811320755,0.05882352941176472,20,2,5,45,0.28,7.748240503287367,0.054426229508196755
groot_l10_500,r6p3v2_groot_l10_500_B_r1,r6p3v2_groot_l10_500_B_r1:eval:9:0,1,9,0,20,100,B,True,4438.025,4453.282,ok,,0.07692307692307693,0.012857602057216366,0.05882352941176472,20,2,5,45,0.3076923076923077,7.875579569858317,0.07189542483660134
groot_l10_500,r6p3v2_groot_l10_500_B_r1,r6p3v2_groot_l10_500_B_r1:eval:9:0,1,9,0,22,110,B,True,4523.841,4526.516,slow_confirmed,,0.0,0.01552795031055898,0.05882352941176472,20,2,5,45,0.38461538461538464,8.33268406071123,0.20588235294117654
groot_l10_500,r6p3v2_groot_l10_500_B_r1,r6p3v2_groot_l10_500_B_r1:eval:9:0,1,9,0,24,120,B,False,4615.203,4618.002,ok,,0.07999999999999996,0.009634684865515858,0.05882352941176472,20,2,5,45,0.34782608695652173,8.40259222044113,0.07190635451505017
groot_l10_500,r6p3v2_groot_l10_500_B_r1,r6p3v2_groot_l10_500_B_r1:eval:9:0,1,9,0,26,130,B,False,4611.154,4613.796,ok,,0.11538461538461542,0.011484823625922902,0.05882352941176472,20,2,5,45,0.375,11.145448526828469,0.07666666666666672
groot_l10_500,r6p3v2_groot_l10_500_B_r1,r6p3v2_groot_l10_500_B_r1:eval:9:0,1,9,0,28,140,B,True,4437.484,4440.188,slow_ambiguous,,0.041666666666666685,0.023020579002441588,0.05882352941176472,20,2,5,45,0.46153846153846156,13.560638127038116,0.08000000000000007
groot_l10_500,r6p3v2_groot_l10_500_B_r1,r6p3v2_groot_l10_500_B_r1:eval:9:0,1,9,0,30,150,B,True,4477.859,4480.653,slow_ambiguous,,0.038461538461538436,0.028801843317972364,0.05882352941176472,20,2,5,45,0.5,15.258420240812242,0.08333333333333331
groot_l10_500,r6p3v2_groot_l10_500_B_r1,r6p3v2_groot_l10_500_B_r1:eval:9:0,1,9,0,32,160,B,False,4478.014,4480.629,ok,,0.07692307692307687,0.023020579002441588,0.05882352941176472,20,2,5,45,0.5,14.542055656236053,0.1639344262295082
groot_l10_500,r6p3v2_groot_l10_500_B_r1,r6p3v2_groot_l10_500_B_r1:eval:9:0,1,9,0,34,170,B,True,4408.576,4411.326,ok,,0.0655737704918033,0.041527623285131654,0.05882352941176472,20,2,5,45,0.5384615384615384,14.10329155470181,0.040695523492415786
groot_l10_500,r6p3v2_groot_l10_500_B_r1,r6p3v2_groot_l10_500_B_r1:eval:9:0,1,9,0,36,180,B,False,4581.686,4584.313,ok,,0.11538461538461542,0.039129371484470515,0.05882352941176472,20,2,5,45,0.5769230769230769,13.552309062258884,0.052582740488710145
groot_l10_500,r6p3v2_groot_l10_500_B_r1,r6p3v2_groot_l10_500_B_r1:eval:9:0,1,9,0,38,190,B,False,4532.211,4534.792,ok,,0.08695652173913038,0.028768354809709296,0.05882352941176472,20,2,5,45,0.6,13.859012809130158,0.07384615384615378
groot_l10_500,r6p3v2_groot_l10_500_B_r1,r6p3v2_groot_l10_500_B_r1:eval:9:0,1,9,0,40,200,B,True,4507.566,4510.107,slow_ambiguous,,0.042553191489361764,0.03199343724364245,0.05882352941176472,20,2,5,45,0.6808510638297872,14.625878937816736,0.044117647058823595
groot_l10_500,r6p3v2_groot_l10_500_B_r1,r6p3v2_groot_l10_500_B_r1:eval:9:0,1,9,0,42,210,B,False,4406.555,4409.239,slow_confirmed,,0.0,0.021442495126705707,0.05882352941176472,20,2,5,45,0.7083333333333334,15.402773253461467,0.039215686274509776
groot_l10_500,r6p3v2_groot_l10_500_B_r1,r6p3v2_groot_l10_500_B_r1:eval:9:0,1,9,0,44,220,B,False,4417.436,4420.054,ok,,0.07843137254901955,0.034858387799564294,0.05882352941176472,20,2,5,45,0.75,15.37122586018864,0.04807692307692313
groot_l10_500,r6p3v2_groot_l10_500_B_r1,r6p3v2_groot_l10_500_B_r1:eval:9:0,1,9,0,46,230,B,True,4441.775,4444.514,ok,,0.07843137254901966,0.02117647058823524,0.05882352941176472,20,2,5,45,0.7843137254901961,14.796481458847742,0.5188235294117648
groot_l10_500,r6p3v2_groot_l10_500_B_r1,r6p3v2_groot_l10_500_B_r1:eval:9:0,1,9,0,48,240,B,False,4625.105,4627.593,ok,,0.05882352941176472,0.04347826086956519,0.05882352941176472,20,2,5,45,0.851063829787234,14.026258587552043,0.042264150943396306
groot_l10_500,r6p3v2_groot_l10_500_B_r1,r6p3v2_groot_l10_500_B_r1:eval:9:0,1,9,0,50,250,B,False,4498.847,4501.351,ok,,0.11764705882352933,0.021614319486659928,0.05882352941176472,20,2,5,45,0.8518518518518519,13.521026621467753,0.06617647058823528
groot_l10_500,r6p3v2_groot_l10_500_B_r1,r6p3v2_groot_l10_500_B_r1:eval:9:0,1,9,0,52,260,B,False,4361.31,4363.826,ok,,0.07999999999999996,0.041480820695807274,0.05882352941176472,20,2,5,45,0.92,13.804166046947811,0.058562555456965426
groot_l10_500,r6p3v2_groot_l10_500_B_r1,r6p3v2_groot_l10_500_B_r1:eval:9:0,1,9,0,54,270,B,True,4487.6,4490.378,slow_ambiguous,,0.040000000000000036,0.043896804004620704,0.05882352941176472,20,2,5,45,0.96,14.311164830709606,0.0050167224080267525
groot_l10_500,r6p3v2_groot_l10_500_B_r1,r6p3v2_groot_l10_500_B_r1:eval:9:0,1,9,0,56,280,B,True,4531.764,4534.28,slow_confirmed,,0.0,0.043896804004620704,0.05882352941176472,20,2,5,45,1.0,15.301669477006984,0.0
groot_l10_500,r6p3v2_groot_l10_500_B_r1,r6p3v2_groot_l10_500_B_r1:eval:9:0,1,9,0,58,290,B,True,4524.194,4526.893,slow_confirmed,,0.0,0.043896804004620704,0.05882352941176472,20,2,5,45,1.0,15.817365354225494,0.0
groot_l10_500,r6p3v2_groot_l10_500_B_r1,r6p3v2_groot_l10_500_B_r1:eval:9:0,1,9,0,60,300,B,True,4423.192,4425.91,slow_confirmed,,0.0,0.04263937746508899,0.05882352941176472,20,2,5,45,1.0,15.987365538927245,0.08045977011494254
groot_l10_500,r6p3v2_groot_l10_500_B_r1,r6p3v2_groot_l10_500_B_r1:eval:9:0,1,9,0,62,310,B,True,4257.29,4259.754,slow_confirmed,,0.0,0.04263937746508899,0.05882352941176472,20,2,5,45,1.0,15.949590383905926,0.08045977011494254
groot_l10_500,r6p3v2_groot_l10_500_B_r1,r6p3v2_groot_l10_500_B_r1:eval:9:0,1,9,0,64,320,B,True,4435.531,4438.128,slow_confirmed,,0.0,0.043896804004620704,0.05882352941176472,20,2,5,45,1.0,16.03825576862602,0.0
groot_l10_500,r6p3v2_groot_l10_500_B_r1,r6p3v2_groot_l10_500_B_r1:eval:9:0,1,9,0,66,330,B,True,4491.515,4494.019,slow_confirmed,,0.0,0.043896804004620704,0.05882352941176472,20,2,5,45,1.0,15.940959745883324,0.0
groot_l10_500,r6p3v2_groot_l10_500_B_r1,r6p3v2_groot_l10_500_B_r1:eval:9:0,1,9,0,68,340,B,True,4569.271,4572.024,slow_confirmed,,0.0,0.043896804004620704,0.05882352941176472,20,2,5,45,1.0,15.797369768055134,0.0
groot_l10_500,r6p3v2_groot_l10_500_B_r1,r6p3v2_groot_l10_500_B_r1:eval:9:0,1,9,0,70,350,B,True,4224.864,4241.506,slow_confirmed,,0.0,0.043896804004620704,0.05882352941176472,20,2,5,45,1.0,15.715380291802154,0.0
groot_l10_500,r6p3v2_groot_l10_500_B_r1,r6p3v2_groot_l10_500_B_r1:eval:9:0,1,9,0,72,360,B,True,4346.923,4349.656,slow_confirmed,,0.0,0.043896804004620704,0.05882352941176472,20,2,5,45,1.0,15.84305432294416,0.0
groot_l10_500,r6p3v2_groot_l10_500_B_r1,r6p3v2_groot_l10_500_B_r1:eval:9:0,1,9,0,74,370,B,True,4587.98,4590.685,slow_confirmed,,0.0,0.043896804004620704,0.05882352941176472,20,2,5,45,1.0,16.137087103457503,0.0
groot_l10_500,r6p3v2_groot_l10_500_B_r1,r6p3v2_groot_l10_500_B_r1:eval:9:0,1,9,0,76,380,B,True,4534.091,4536.838,slow_confirmed,,0.0,0.043896804004620704,0.05882352941176472,20,2,5,45,1.0,16.342290374914956,0.0
groot_l10_500,r6p3v2_groot_l10_500_B_r1,r6p3v2_groot_l10_500_B_r1:eval:9:0,1,9,0,78,390,B,True,4465.091,4467.756,slow_confirmed,,0.0,0.043896804004620704,0.05882352941176472,20,2,5,45,1.0,16.330484024197045,0.0
groot_l10_500,r6p3v2_groot_l10_500_B_r1,r6p3v2_groot_l10_500_B_r1:eval:9:0,1,9,0,80,400,B,False,4456.674,4459.291,slow_confirmed,,0.0,0.043896804004620704,0.05882352941176472,20,2,5,45,1.0,16.52284720545696,0.0
groot_l10_500,r6p3v2_groot_l10_500_B_r1,r6p3v2_groot_l10_500_B_r1:eval:9:0,1,9,0,82,410,B,False,4539.755,4542.527,slow_confirmed,,0.0,0.04263937746508899,0.05882352941176472,20,2,5,45,1.0,16.56204850818541,0.06896551724137934
groot_l10_500,r6p3v2_groot_l10_500_B_r1,r6p3v2_groot_l10_500_B_r1:eval:9:0,1,9,0,84,420,B,True,4540.511,4543.185,slow_confirmed,,0.0,0.04263937746508899,0.05882352941176472,20,2,5,45,1.0,16.81958538343895,0.06896551724137934
groot_l10_500,r6p3v2_groot_l10_500_B_r1,r6p3v2_groot_l10_500_B_r1:eval:9:0,1,9,0,86,430,B,True,4535.953,4538.611,slow_confirmed,,0.0,0.043896804004620704,0.05882352941176472,20,2,5,45,1.0,17.023026632996007,0.0
groot_l10_500,r6p3v2_groot_l10_500_B_r1,r6p3v2_groot_l10_500_B_r1:eval:9:0,1,9,0,88,440,B,False,4330.914,4333.685,slow_confirmed,,0.0,0.043896804004620704,0.05882352941176472,20,2,5,45,1.0,17.254201914156692,0.0
groot_l10_500,r6p3v2_groot_l10_500_B_r1,r6p3v2_groot_l10_500_B_r1:eval:9:0,1,9,0,90,450,B,True,4289.618,4292.072,slow_confirmed,,0.0,0.043896804004620704,0.05882352941176472,20,2,5,45,1.0,17.329308061987895,0.0
groot_l10_500,r6p3v2_groot_l10_500_B_r1,r6p3v2_groot_l10_500_B_r1:eval:9:0,1,9,0,92,460,B,True,4618.518,4621.135,slow_confirmed,,0.0,0.043896804004620704,0.05882352941176472,20,2,5,45,1.0,17.480608694612524,0.0
groot_l10_500,r6p3v2_groot_l10_500_B_r1,r6p3v2_groot_l10_500_B_r1:eval:9:0,1,9,0,94,470,B,True,4402.269,4404.921,slow_confirmed,,0.0,0.043896804004620704,0.05882352941176472,20,2,5,45,1.0,17.63406015638586,0.0
groot_l10_500,r6p3v2_groot_l10_500_B_r1,r6p3v2_groot_l10_500_B_r1:eval:9:0,1,9,0,96,480,B,True,4518.526,4521.039,slow_confirmed,,0.0,0.043896804004620704,0.05882352941176472,20,2,5,45,1.0,17.69893758842382,0.0
groot_l10_500,r6p3v2_groot_l10_500_B_r1,r6p3v2_groot_l10_500_B_r1:eval:9:0,1,9,0,98,490,B,True,4328.713,4331.237,slow_confirmed,,0.0,0.043896804004620704,0.05882352941176472,20,2,5,45,1.0,17.898889422083283,0.0
groot_l10_500,r6p3v2_groot_l10_500_B_r1,r6p3v2_groot_l10_500_B_r1:eval:9:0,1,9,0,100,500,B,True,4487.506,4495.008,slow_confirmed,,0.0,0.043896804004620704,0.05882352941176472,20,2,5,45,1.0,17.90203115110641,0.0
groot_l10_500,r6p3v2_groot_l10_500_B_r1,r6p3v2_groot_l10_500_B_r1:eval:9:0,1,9,0,102,510,B,True,4599.751,4602.571,slow_confirmed,,0.0,0.043896804004620704,0.05882352941176472,20,2,5,45,1.0,18.001187472025716,0.0
groot_l10_500,r6p3v2_groot_l10_500_B_r1,r6p3v2_groot_l10_500_B_r1:eval:9:1,1,9,1,0,0,B,False,50.104,69.631,inactive,warming_up,,,,0,2,5,45,,,
groot_l10_500,r6p3v2_groot_l10_500_B_r1,r6p3v2_groot_l10_500_B_r1:eval:9:1,1,9,1,2,10,B,True,31.211,32.932,inactive,warming_up,,,,0,2,5,45,,,
groot_l10_500,r6p3v2_groot_l10_500_B_r1,r6p3v2_groot_l10_500_B_r1:eval:9:1,1,9,1,4,20,B,False,4722.426,4724.843,ok,,0.06896551724137931,0.01605888256942123,0.05882352941176472,20,2,5,45,0.0,9.111401133938175,0.04559748427672956
groot_l10_500,r6p3v2_groot_l10_500_B_r1,r6p3v2_groot_l10_500_B_r1:eval:9:1,1,9,1,6,30,B,True,4314.918,4317.885,ok,,0.08695652173913043,0.012210012210012201,0.05882352941176472,20,2,5,45,0.0,8.18078852743693,0.07399186089530152
groot_l10_500,r6p3v2_groot_l10_500_B_r1,r6p3v2_groot_l10_500_B_r1:eval:9:1,1,9,1,8,40,B,False,4562.359,4574.042,ok,,0.08333333333333333,0.025451559934318524,0.05882352941176472,20,2,5,45,0.06896551724137931,8.46040204385143,0.044242029928432014
groot_l10_500,r6p3v2_groot_l10_500_B_r1,r6p3v2_groot_l10_500_B_r1:eval:9:1,1,9,1,10,50,B,True,4600.433,4603.206,ok,,0.07547169811320756,0.013677811550151978,0.0588235294117647,20,2,5,45,0.1016949152542373,8.94415721134485,0.0231124807395994
groot_l10_500,r6p3v2_groot_l10_500_B_r1,r6p3v2_groot_l10_500_B_r1:eval:9:1,1,9,1,12,60,B,False,4524.674,4527.401,ok,,0.08450704225352111,0.009634684865515858,0.05882352941176472,20,2,5,45,0.13043478260869565,8.655394318774652,0.05720338983050846
groot_l10_500,r6p3v2_groot_l10_500_B_r1,r6p3v2_groot_l10_500_B_r1:eval:9:1,1,9,1,14,70,B,True,4434.31,4436.925,ok,,0.10344827586206895,0.027368421052631584,0.05882352941176472,20,2,5,45,0.17391304347826086,8.436148147765003,0.04532839962997226
groot_l10_500,r6p3v2_groot_l10_500_B_r1,r6p3v2_groot_l10_500_B_r1:eval:9:1,1,9,1,16,80,B,False,4666.399,4668.782,ok,,0.06896551724137931,0.027368421052631597,0.0588235294117647,20,2,5,45,0.21739130434782608,8.021792056950218,0.04440333024976875
groot_l10_500,r6p3v2_groot_l10_500_B_r1,r6p3v2_groot_l10_500_B_r1:eval:9:1,1,9,1,18,90,B,False,4538.044,4540.49,ok,,0.06779661016949151,0.02795031055900621,0.05882352941176472,20,2,5,45,0.3404255319148936,8.215853950023112,0.05062362435803375
groot_l10_500,r6p3v2_groot_l10_500_B_r1,r6p3v2_groot_l10_500_B_r1:eval:9:1,1,9,1,20,100,B,False,4596.671,4599.449,ok,,0.11538461538461542,0.04511278195488727,0.0588235294117647,20,2,5,45,0.3404255319148936,8.316696983402164,0.04070305272895469
groot_l10_500,r6p3v2_groot_l10_500_B_r1,r6p3v2_groot_l10_500_B_r1:eval:9:1,1,9,1,22,110,B,False,4538.432,4541.427,ok,,0.08510638297872336,0.04597701149425287,0.05882352941176466,20,2,5,45,0.425531914893617,8.016100663173352,0.008525149190110881
groot_l10_500,r6p3v2_groot_l10_500_B_r1,r6p3v2_groot_l10_500_B_r1:eval:9:1,1,9,1,24,120,B,True,4494.338,4497.113,ok,,0.08000000000000007,0.056338028169014065,0.05882352941176466,20,2,5,45,0.47058823529411764,7.428105435153945,0.012882447665056307
groot_l10_500,r6p3v2_groot_l10_500_B_r1,r6p3v2_groot_l10_500_B_r1:eval:9:1,1,9,1,26,130,B,False,4514.465,4517.103,ok,,0.07999999999999996,0.056338028169014065,0.05882352941176466,20,2,5,45,0.5106382978723404,7.0697236043578044,0.012882447665056362
groot_l10_500,r6p3v2_groot_l10_500_B_r1,r6p3v2_groot_l10_500_B_r1:eval:9:1,1,9,1,28,140,B,True,4666.432,4669.064,ok,,0.07843137254901955,0.05882352941176472,0.05882352941176472,20,2,5,45,0.5490196078431373,6.932533516891428,0.01614086573734408
groot_l10_500,r6p3v2_groot_l10_500_B_r1,r6p3v2_groot_l10_500_B_r1:eval:9:1,1,9,1,30,150,B,False,4598.41,4600.993,ok,,0.08695652173913049,0.024276377217553657,0.05882352941176472,20,2,5,45,0.5531914893617021,7.19837917026566,0.04922820191906552
groot_l10_500,r6p3v2_groot_l10_500_B_r1,r6p3v2_groot_l10_500_B_r1:eval:9:1,1,9,1,32,160,B,False,4520.075,4522.749,ok,,0.07999999999999996,0.03059581320450888,0.05882352941176472,20,2,5,45,0.6037735849056604,7.126043801484545,0.07065435568044964
groot_l10_500,r6p3v2_groot_l10_500_B_r1,r6p3v2_groot_l10_500_B_r1:eval:9:1,1,9,1,34,170,B,False,4445.778,4448.25,ok,,0.07999999999999996,0.05882352941176466,0.05882352941176466,20,2,5,45,0.6521739130434783,7.139087942306863,0.01799100449775104
groot_l10_500,r6p3v2_groot_l10_500_B_r1,r6p3v2_groot_l10_500_B_r1:eval:9:1,1,9,1,36,180,B,True,4332.353,4334.77,ok,,0.08000000000000007,0.05633802816901412,0.05882352941176472,20,2,5,45,0.7058823529411765,7.380015980844708,0.01799100449775115
groot_l10_500,r6p3v2_groot_l10_500_B_r1,r6p3v2_groot_l10_500_B_r1:eval:9:1,1,9,1,38,190,B,False,4599.137,4601.773,ok,,0.07843137254901955,0.011884550084889645,0.05882352941176472,20,2,5,45,0.7407407407407407,8.435696073793219,0.01799100449775115
groot_l10_500,r6p3v2_groot_l10_500_B_r1,r6p3v2_groot_l10_500_B_r1:eval:9:1,1,9,1,40,200,B,False,4560.015,4562.576,ok,,0.08333333333333337,0.00786163522012584,0.05882352941176472,20,2,5,45,0.782608695652174,8.828149791302513,0.01799100449775104
groot_l10_500,r6p3v2_groot_l10_500_B_r1,r6p3v2_groot_l10_500_B_r1:eval:9:1,1,9,1,42,210,B,False,4511.249,4513.877,ok,,0.08695652173913038,0.035471698113207606,0.05882352941176472,20,2,5,45,0.8260869565217391,8.878804881953839,0.04659498207885315
groot_l10_500,r6p3v2_groot_l10_500_B_r1,r6p3v2_groot_l10_500_B_r1:eval:9:1,1,9,1,44,220,B,False,4448.238,4450.794,ok,,0.07999999999999996,0.019916142557652027,0.05882352941176472,20,2,5,45,0.88,7.7785043326088426,0.07337526205450728
groot_l10_500,r6p3v2_groot_l10_500_B_r1,r6p3v2_groot_l10_500_B_r1:eval:9:1,1,9,1,46,230,B,False,4427.849,4430.562,ok,,0.08510638297872342,0.02450980392156865,0.05882352941176472,20,2,5,45,0.9130434782608695,8.194720862357022,0.03457106274007682
groot_l10_500,r6p3v2_groot_l10_500_B_r2,r6p3v2_groot_l10_500_B_r2:eval:0:0,1,0,0,0,0,B,False,44.463,47.451,inactive,warming_up,,,,0,2,5,43,,,
groot_l10_500,r6p3v2_groot_l10_500_B_r2,r6p3v2_groot_l10_500_B_r2:eval:0:0,1,0,0,2,10,B,False,30.478,32.247,inactive,warming_up,,,,0,2,5,43,,,
groot_l10_500,r6p3v2_groot_l10_500_B_r2,r6p3v2_groot_l10_500_B_r2:eval:0:0,1,0,0,4,20,B,False,4648.361,4650.896,ok,,0.07407407407407407,0.019916142557652006,0.0625,20,2,5,43,0.0,9.203914227955808,0.03140096618357487
groot_l10_500,r6p3v2_groot_l10_500_B_r2,r6p3v2_groot_l10_500_B_r2:eval:0:0,1,0,0,6,30,B,False,4462.766,4465.462,ok,,0.07547169811320754,0.01340996168582375,0.0625,20,2,5,43,0.038461538461538464,7.627441245240697,0.03508771929824561
groot_l10_500,r6p3v2_groot_l10_500_B_r2,r6p3v2_groot_l10_500_B_r2:eval:0:0,1,0,0,8,40,B,True,4477.911,4480.731,slow_ambiguous,,0.04000000000000001,0.023569023569023573,0.0625,20,2,5,43,0.11538461538461539,7.671235173405875,0.03313840155945419
groot_l10_500,r6p3v2_groot_l10_500_B_r2,r6p3v2_groot_l10_500_B_r2:eval:0:0,1,0,0,10,50,B,False,4505.996,4448.422,ok,,0.0784313725490196,0.023569023569023573,0.0625,20,2,5,43,0.12,7.523019940931101,0.013157894736842118
groot_l10_500,r6p3v2_groot_l10_500_B_r2,r6p3v2_groot_l10_500_B_r2:eval:0:0,1,0,0,12,60,B,False,4270.357,4273.092,ok,,0.11111111111111112,0.01003344481605356,0.0625,20,2,5,43,0.15384615384615385,7.861977512127219,0.06025934401220445
groot_l10_500,r6p3v2_groot_l10_500_B_r2,r6p3v2_groot_l10_500_B_r2:eval:0:0,1,0,0,14,70,B,False,4454.347,4457.01,ok,,0.07017543859649122,0.036338225017470305,0.0625,20,2,5,43,0.19230769230769232,7.850778022463527,0.048494983277591996
groot_l10_500,r6p3v2_groot_l10_500_B_r2,r6p3v2_groot_l10_500_B_r2:eval:0:0,1,0,0,16,80,B,False,4320.267,4323.126,ok,,0.07017543859649122,0.006747638326585703,0.0625,20,2,5,43,0.20408163265306123,8.162669428924088,0.0668016194331984
groot_l10_500,r6p3v2_groot_l10_500_B_r2,r6p3v2_groot_l10_500_B_r2:eval:0:0,1,0,0,18,90,B,False,4410.686,4413.471,ok,,0.07407407407407407,0.01340996168582375,0.0625,20,2,5,43,0.24561403508771928,8.507089059800473,0.04654493376297886
groot_l10_500,r6p3v2_groot_l10_500_B_r2,r6p3v2_groot_l10_500_B_r2:eval:0:0,1,0,0,20,100,B,False,4451.452,4454.199,ok,,0.07692307692307693,0.006747638326585703,0.0625,20,2,5,43,0.2692307692307692,8.671748830033062,0.10373760488176964
groot_l10_500,r6p3v2_groot_l10_500_B_r2,r6p3v2_groot_l10_500_B_r2:eval:0:0,1,0,0,22,110,B,False,4267.989,4270.573,ok,,0.0784313725490196,0.009634684865515886,0.0625,20,2,5,43,0.35294117647058826,8.80343201548777,0.01915991156963892
groot_l10_500,r6p3v2_groot_l10_500_B_r2,r6p3v2_groot_l10_500_B_r2:eval:0:0,1,0,0,24,120,B,False,4283.403,4286.156,ok,,0.0784313725490196,0.006160954948016939,0.0625,20,2,5,43,0.39215686274509803,8.50639531826833,0.016781083142639208
groot_l10_500,r6p3v2_groot_l10_500_B_r2,r6p3v2_groot_l10_500_B_r2:eval:0:0,1,0,0,26,130,B,False,4389.411,4392.019,ok,,0.07843137254901955,0.02974983096686956,0.0625,20,2,5,43,0.43137254901960786,8.3178782916779,0.052273540995345466
groot_l10_500,r6p3v2_groot_l10_500_B_r2,r6p3v2_groot_l10_500_B_r2:eval:0:0,1,0,0,28,140,B,False,4359.236,4361.868,ok,,0.07017543859649122,0.03485838779956435,0.0625,20,2,5,43,0.4528301886792453,8.14689444276924,0.04654493376297886
groot_l10_500,r6p3v2_groot_l10_500_B_r2,r6p3v2_groot_l10_500_B_r2:eval:0:0,1,0,0,30,150,B,False,4383.152,4385.814,slow_confirmed,,0.0,0.035612535612535634,0.0625,20,2,5,43,0.5098039215686274,8.19634814114315,0.04081632653061229
groot_l10_500,r6p3v2_groot_l10_500_B_r2,r6p3v2_groot_l10_500_B_r2:eval:0:0,1,0,0,32,160,B,True,4308.456,4310.916,slow_ambiguous,,0.03921568627450989,0.037010159651669094,0.0625,20,2,5,43,0.5098039215686274,8.628251978828613,0.10526315789473684
groot_l10_500,r6p3v2_groot_l10_500_B_r2,r6p3v2_groot_l10_500_B_r2:eval:0:0,1,0,0,34,170,B,False,4213.337,4215.771,ok,,0.10526315789473684,0.03291850662384577,0.0625,20,2,5,43,0.5263157894736842,8.430933479690157,0.125
groot_l10_500,r6p3v2_groot_l10_500_B_r2,r6p3v2_groot_l10_500_B_r2:eval:0:0,1,0,0,36,180,B,False,4467.6,4470.055,slow_ambiguous,,0.039999999999999925,0.03313840155945419,0.0625,20,2,5,43,0.56,8.06329786889493,0.04824561403508776
groot_l10_500,r6p3v2_groot_l10_500_B_r2,r6p3v2_groot_l10_500_B_r2:eval:0:0,1,0,0,38,190,B,True,4411.734,4414.232,ok,,0.07017543859649122,0.036256011838697866,0.0625,20,2,5,43,0.5833333333333334,7.4519049686290115,0.027777777777777735
groot_l10_500,r6p3v2_groot_l10_500_B_r2,r6p3v2_groot_l10_500_B_r2:eval:0:0,1,0,0,40,200,B,False,4435.78,4438.828,ok,,0.07407407407407407,0.011484823625922957,0.0625,20,2,5,43,0.6296296296296297,7.88906625240249,0.013157894736842146
groot_l10_500,r6p3v2_groot_l10_500_B_r2,r6p3v2_groot_l10_500_B_r2:eval:0:0,1,0,0,42,210,B,False,4397.585,4400.169,ok,,0.07407407407407407,0.03703703703703709,0.0625,20,2,5,43,0.6666666666666666,7.964178585504574,0.11850380668652771
groot_l10_500,r6p3v2_groot_l10_500_B_r2,r6p3v2_groot_l10_500_B_r2:eval:0:0,1,0,0,44,220,B,False,4117.989,4120.587,ok,,0.07547169811320764,0.022606382978723416,0.0625,20,2,5,43,0.6938775510204082,8.162498135390088,0.11012706969580288
groot_l10_500,r6p3v2_groot_l10_500_B_r2,r6p3v2_groot_l10_500_B_r2:eval:0:0,1,0,0,46,230,B,False,4265.052,4267.646,ok,,0.06779661016949146,0.022606382978723416,0.0625,20,2,5,43,0.76,8.40683789893166,0.10526315789473684
groot_l10_500,r6p3v2_groot_l10_500_B_r2,r6p3v2_groot_l10_500_B_r2:eval:0:0,1,0,0,48,240,B,False,4338.378,4355.045,ok,,0.07547169811320753,0.011032308904649346,0.0625,20,2,5,43,0.8,8.301655357209322,0.04654493376297886
groot_l10_500,r6p3v2_groot_l10_500_B_r2,r6p3v2_groot_l10_500_B_r2:eval:0:0,1,0,0,50,250,B,False,4378.229,4380.742,ok,,0.07547169811320753,0.010033444816053616,0.0625,20,2,5,43,0.8235294117647058,8.24477647485625,0.052273540995345424
groot_l10_500,r6p3v2_groot_l10_500_B_r2,r6p3v2_groot_l10_500_B_r2:eval:0:0,1,0,0,52,260,B,False,4210.646,4213.214,ok,,0.07547169811320753,0.011484823625922846,0.0625,20,2,5,43,0.8627450980392157,8.464990154789936,0.013836042891732903
groot_l10_500,r6p3v2_groot_l10_500_B_r2,r6p3v2_groot_l10_500_B_r2:eval:0:0,1,0,0,54,270,B,True,4408.397,4410.915,ok,,0.07017543859649122,0.024291497975708398,0.0625,20,2,5,43,0.9056603773584906,8.487881312312789,0.03996598639455784
groot_l10_500,r6p3v2_groot_l10_500_B_r2,r6p3v2_groot_l10_500_B_r2:eval:0:1,1,0,1,0,0,B,False,44.58,47.627,inactive,warming_up,,,,0,2,5,43,,,
groot_l10_500,r6p3v2_groot_l10_500_B_r2,r6p3v2_groot_l10_500_B_r2:eval:0:1,1,0,1,2,10,B,False,40.467,42.307,inactive,warming_up,,,,0,2,5,43,,,
groot_l10_500,r6p3v2_groot_l10_500_B_r2,r6p3v2_groot_l10_500_B_r2:eval:0:1,1,0,1,4,20,B,False,4372.776,4375.625,ok,,0.0784313725490196,0.006747638326585703,0.0625,20,2,5,43,0.0,8.903469690018843,0.0776470588235294
groot_l10_500,r6p3v2_groot_l10_500_B_r2,r6p3v2_groot_l10_500_B_r2:eval:0:1,1,0,1,6,30,B,True,4380.149,4383.016,ok,,0.0784313725490196,0.009634684865515844,0.0625,20,2,5,43,0.04,6.9380751172747095,0.009824561403508764
groot_l10_500,r6p3v2_groot_l10_500_B_r2,r6p3v2_groot_l10_500_B_r2:eval:0:1,1,0,1,8,40,B,False,4348.66,4351.432,ok,,0.07692307692307693,0.009634684865515844,0.0625,20,2,5,43,0.0784313725490196,7.163496459277717,0.009824561403508777
groot_l10_500,r6p3v2_groot_l10_500_B_r2,r6p3v2_groot_l10_500_B_r2:eval:0:1,1,0,1,10,50,B,False,4345.282,4348.08,ok,,0.08000000000000002,0.01991614255765197,0.0625,20,2,5,43,0.12,7.629804028424631,0.04331450094161958
groot_l10_500,r6p3v2_groot_l10_500_B_r2,r6p3v2_groot_l10_500_B_r2:eval:0:1,1,0,1,12,60,B,True,4098.732,4101.459,ok,,0.07692307692307693,0.028580923894981708,0.0625,20,2,5,43,0.16,7.856324527370053,0.07721280602636534
groot_l10_500,r6p3v2_groot_l10_500_B_r2,r6p3v2_groot_l10_500_B_r2:eval:0:1,1,0,1,14,70,B,False,4374.14,4386.404,slow_confirmed,,0.03921568627450983,0.019916142557652006,0.0625,20,2,5,43,0.21052631578947367,8.43091238251821,0.03898635477582846
groot_l10_500,r6p3v2_groot_l10_500_B_r2,r6p3v2_groot_l10_500_B_r2:eval:0:1,1,0,1,16,80,B,False,4266.003,4268.686,ok,,0.07017543859649122,0.009634684865515886,0.0625,20,2,5,43,0.24,9.115585583956582,0.0682261208576998
groot_l10_500,r6p3v2_groot_l10_500_B_r2,r6p3v2_groot_l10_500_B_r2:eval:0:1,1,0,1,18,90,B,False,4627.869,4630.721,ok,,0.07142857142857145,0.020606060606060572,0.0625,20,2,5,43,0.25,9.81931770112928,0.16635279347143753
groot_l10_500,r6p3v2_groot_l10_500_B_r2,r6p3v2_groot_l10_500_B_r2:eval:0:1,1,0,1,20,100,B,False,4282.637,4285.625,slow_confirmed,,0.03921568627450983,0.012203389830508504,0.0625,20,2,5,43,0.3137254901960784,10.218390237000802,0.13440380612548322
groot_l10_500,r6p3v2_groot_l10_500_B_r2,r6p3v2_groot_l10_500_B_r2:eval:0:1,1,0,1,22,110,B,True,4367.195,4370.039,ok,,0.07017543859649122,0.019916142557652006,0.0625,20,2,5,43,0.0784313725490196,10.342468927448351,0.04453306746427384
groot_l10_500,r6p3v2_groot_l10_500_B_r2,r6p3v2_groot_l10_500_B_r2:eval:0:1,1,0,1,24,120,B,False,4337.321,4340.148,ok,,0.11538461538461539,0.025462962962962965,0.0625,20,2,5,43,0.07692307692307693,9.50383151987693,0.03865596193874517
groot_l10_500,r6p3v2_groot_l10_500_B_r2,r6p3v2_groot_l10_500_B_r2:eval:0:1,1,0,1,26,130,B,True,4297.839,4300.557,ok,,0.09523809523809523,0.01991614255765197,0.0625,20,2,5,43,0.15384615384615385,9.448561767466707,0.03383458646616541
groot_l10_500,r6p3v2_groot_l10_500_B_r2,r6p3v2_groot_l10_500_B_r2:eval:0:1,1,0,1,28,140,B,False,4342.239,4344.951,slow_confirmed,,0.03508771929824561,0.006747638326585703,0.0625,20,2,5,43,0.20833333333333334,9.994159527425877,0.08333333333333334
groot_l10_500,r6p3v2_groot_l10_500_B_r2,r6p3v2_groot_l10_500_B_r2:eval:0:1,1,0,1,30,150,B,False,4368.379,4371.037,ok,,0.07017543859649122,0.012882447665056362,0.0625,20,2,5,43,0.2222222222222222,10.149789048051279,0.0760233918128655
groot_l10_500,r6p3v2_groot_l10_500_B_r2,r6p3v2_groot_l10_500_B_r2:eval:0:1,1,0,1,32,160,B,False,4032.267,4034.932,ok,,0.08163265306122447,0.016140865737344107,0.0625,20,2,5,43,0.25,9.813092349181659,0.03508771929824561
groot_l10_500,r6p3v2_groot_l10_500_B_r2,r6p3v2_groot_l10_500_B_r2:eval:0:1,1,0,1,34,170,B,False,4442.608,4445.245,ok,,0.07547169811320759,0.01340996168582375,0.0625,20,2,5,43,0.3018867924528302,10.015057513400423,0.04177109440267335
groot_l10_500,r6p3v2_groot_l10_500_B_r2,r6p3v2_groot_l10_500_B_r2:eval:0:1,1,0,1,36,180,B,True,4282.661,4285.365,ok,,0.07407407407407407,0.020606060606060572,0.0625,20,2,5,43,0.3492063492063492,9.509214940823307,0.34391534391534384
groot_l10_500,r6p3v2_groot_l10_500_B_r2,r6p3v2_groot_l10_500_B_r2:eval:0:1,1,0,1,38,190,B,False,4328.496,4331.2,ok,,0.07547169811320753,0.009634684865515886,0.0625,20,2,5,43,0.4,9.937266668575754,0.01650793650793647
groot_l10_500,r6p3v2_groot_l10_500_B_r2,r6p3v2_groot_l10_500_B_r2:eval:0:1,1,0,1,40,200,B,False,4377.906,4380.576,ok,,0.08000000000000002,0.037010159651669094,0.0625,20,2,5,43,0.44,10.112061653204732,0.12088263511352726
groot_l10_500,r6p3v2_groot_l10_500_B_r2,r6p3v2_groot_l10_500_B_r2:eval:0:1,1,0,1,42,210,B,True,4000.572,4003.105,ok,,0.13559322033898302,0.037010159651669094,0.0625,20,2,5,43,0.5084745762711864,9.478247397231678,0.08341608738828199
groot_l10_500,r6p3v2_groot_l10_500_B_r2,r6p3v2_groot_l10_500_B_r2:eval:0:1,1,0,1,44,220,B,False,4318.481,4321.309,ok,,0.06779661016949146,0.03142857142857147,0.0625,20,2,5,43,0.5614035087719298,8.872402722833113,0.0406955234924159
groot_l10_500,r6p3v2_groot_l10_500_B_r2,r6p3v2_groot_l10_500_B_r2:eval:0:1,1,0,1,46,230,B,True,4300.42,4302.964,ok,,0.07547169811320753,0.037010159651669094,0.0625,20,2,5,43,0.5490196078431373,8.021098910188416,0.07407407407407407
groot_l10_500,r6p3v2_groot_l10_500_B_r2,r6p3v2_groot_l10_500_B_r2:eval:0:1,1,0,1,48,240,B,False,4302.122,4304.913,ok,,0.07547169811320753,0.03508771929824561,0.0625,20,2,5,43,0.5925925925925926,7.701902446768771,0.005925925925926001
groot_l10_500,r6p3v2_groot_l10_500_B_r2,r6p3v2_groot_l10_500_B_r2:eval:0:1,1,0,1,50,250,B,False,4152.852,4155.389,ok,,0.07843137254901966,0.03508771929824561,0.0625,20,2,5,43,0.6296296296296297,7.906814813599605,0.00592592592592589
groot_l10_500,r6p3v2_groot_l10_500_B_r2,r6p3v2_groot_l10_500_B_r2:eval:0:1,1,0,1,52,260,B,False,4117.068,4119.759,ok,,0.07843137254901966,0.034461152882205526,0.0625,20,2,5,43,0.6666666666666666,7.955887379682018,0.00592592592592589
groot_l10_500,r6p3v2_groot_l10_500_B_r2,r6p3v2_groot_l10_500_B_r2:eval:0:1,1,0,1,54,270,B,False,4402.766,4405.37,ok,,0.07547169811320753,0.037010159651669094,0.0625,20,2,5,43,0.7037037037037037,7.986888093860496,0.07399186089530163
groot_l10_500,r6p3v2_groot_l10_500_B_r2,r6p3v2_groot_l10_500_B_r2:eval:0:1,1,0,1,56,280,B,False,4308.129,4310.906,slow_ambiguous,,0.03703703703703709,0.03547169811320772,0.0625,20,2,5,43,0.76,8.118002429092392,0.040000000000000036
groot_l10_500,r6p3v2_groot_l10_500_B_r2,r6p3v2_groot_l10_500_B_r2:eval:0:1,1,0,1,58,290,B,True,4397.073,4399.743,slow_confirmed,,0.039999999999999925,0.011032308904649346,0.0625,20,2,5,43,0.7924528301886793,8.356756383368685,0.042264150943396195
groot_l10_500,r6p3v2_groot_l10_500_B_r2,r6p3v2_groot_l10_500_B_r2:eval:0:1,1,0,1,60,300,B,False,4372.239,4374.937,ok,,0.11111111111111105,0.012345679012345734,0.0625,20,2,5,43,0.7924528301886793,8.602002393962932,0.044528301886792465
groot_l10_500,r6p3v2_groot_l10_500_B_r2,r6p3v2_groot_l10_500_B_r2:eval:0:1,1,0,1,62,310,B,False,4261.554,4264.258,ok,,0.08000000000000007,0.013157894736842146,0.0625,20,2,5,43,0.84,8.531160353288927,0.07686932215234099
groot_l10_500,r6p3v2_groot_l10_500_B_r2,r6p3v2_groot_l10_500_B_r2:eval:0:1,1,0,1,64,320,B,False,4427.521,4430.345,ok,,0.07547169811320753,0.011484823625922846,0.0625,20,2,5,43,0.8888888888888888,8.845635363208896,0.0092592592592593
groot_l10_500,r6p3v2_groot_l10_500_B_r2,r6p3v2_groot_l10_500_B_r2:eval:0:1,1,0,1,66,330,B,False,4351.853,4354.549,slow_ambiguous,,0.037735849056603765,0.028508771929824595,0.0625,20,2,5,43,0.9166666666666666,7.935174041739501,0.04824561403508776
groot_l10_500,r6p3v2_groot_l10_500_B_r2,r6p3v2_groot_l10_500_B_r2:eval:1:0,1,1,0,0,0,B,False,43.731,46.461,inactive,warming_up,,,,0,2,5,48,,,
groot_l10_500,r6p3v2_groot_l10_500_B_r2,r6p3v2_groot_l10_500_B_r2:eval:1:0,1,1,0,2,10,B,False,29.322,31.177,inactive,warming_up,,,,0,2,5,48,,,
groot_l10_500,r6p3v2_groot_l10_500_B_r2,r6p3v2_groot_l10_500_B_r2:eval:1:0,1,1,0,4,20,B,False,4819.088,4821.754,ok,,0.08888888888888889,0.00888888888888889,0.07547169811320753,20,2,5,48,0.0,8.768362349681388,0.04166666666666667
groot_l10_500,r6p3v2_groot_l10_500_B_r2,r6p3v2_groot_l10_500_B_r2:eval:1:0,1,1,0,6,30,B,False,4556.253,4558.9,ok,,0.08695652173913043,0.005555555555555564,0.07547169811320754,20,2,5,48,0.043478260869565216,8.005215437435288,0.007575757575757555
groot_l10_500,r6p3v2_groot_l10_500_B_r2,r6p3v2_groot_l10_500_B_r2:eval:1:0,1,1,0,8,40,B,False,4729.087,4731.797,ok,,0.08333333333333333,0.005555555555555564,0.07547169811320756,20,2,5,48,0.08333333333333333,7.861961939279361,0.01683501683501684
groot_l10_500,r6p3v2_groot_l10_500_B_r2,r6p3v2_groot_l10_500_B_r2:eval:1:0,1,1,0,10,50,B,False,4601.96,4604.579,ok,,0.08695652173913043,0.005555555555555564,0.07547169811320754,20,2,5,48,0.13043478260869565,7.737602223055224,0.007575757575757569
groot_l10_500,r6p3v2_groot_l10_500_B_r2,r6p3v2_groot_l10_500_B_r2:eval:1:0,1,1,0,12,60,B,False,4704.823,4707.415,ok,,0.08510638297872339,0.005555555555555564,0.07547169811320756,20,2,5,48,0.17391304347826086,7.7534007104688385,0.012882447665056362
groot_l10_500,r6p3v2_groot_l10_500_B_r2,r6p3v2_groot_l10_500_B_r2:eval:1:0,1,1,0,14,70,B,False,4467.241,4470.081,ok,,0.08000000000000002,0.005555555555555564,0.07547169811320753,20,2,5,48,0.20833333333333334,7.591514157478817,0.01288244766505639
groot_l10_500,r6p3v2_groot_l10_500_B_r2,r6p3v2_groot_l10_500_B_r2:eval:1:0,1,1,0,16,80,B,False,4631.252,4633.632,ok,,0.08333333333333331,0.006160954948016939,0.07547169811320759,20,2,5,48,0.2608695652173913,8.001700906518874,0.012882447665056362
groot_l10_500,r6p3v2_groot_l10_500_B_r2,r6p3v2_groot_l10_500_B_r2:eval:1:0,1,1,0,18,90,B,True,4644.807,4647.372,ok,,0.08695652173913043,0.005555555555555591,0.07547169811320759,20,2,5,48,0.3111111111111111,8.551594586041919,0.014814814814814836
groot_l10_500,r6p3v2_groot_l10_500_B_r2,r6p3v2_groot_l10_500_B_r2:eval:1:0,1,1,0,20,100,B,False,4593.167,4595.822,ok,,0.08333333333333331,0.006066734074823055,0.07547169811320759,20,2,5,48,0.35555555555555557,8.548776352813443,0.01481481481481478
groot_l10_500,r6p3v2_groot_l10_500_B_r2,r6p3v2_groot_l10_500_B_r2:eval:1:0,1,1,0,22,110,B,True,4606.202,4609.008,ok,,0.08333333333333331,0.007256235827664381,0.07547169811320759,20,2,5,48,0.4,8.108937984145541,0.01481481481481478
groot_l10_500,r6p3v2_groot_l10_500_B_r2,r6p3v2_groot_l10_500_B_r2:eval:1:0,1,1,0,24,120,B,False,4833.239,4836.069,ok,,0.08333333333333331,0.007575757575757569,0.07547169811320753,20,2,5,48,0.43478260869565216,7.55500450067998,0.014814814814814836
groot_l10_500,r6p3v2_groot_l10_500_B_r2,r6p3v2_groot_l10_500_B_r2:eval:1:0,1,1,0,26,130,B,False,4814.025,4822.201,ok,,0.08333333333333337,0.007256235827664381,0.07547169811320753,20,2,5,48,0.4782608695652174,7.536328634263043,0.011965811965811923
groot_l10_500,r6p3v2_groot_l10_500_B_r2,r6p3v2_groot_l10_500_B_r2:eval:1:0,1,1,0,28,140,B,False,4590.593,4593.108,ok,,0.08333333333333337,0.04251207729468609,0.07547169811320753,20,2,5,48,0.5,7.451683935332561,0.05786163522012583
groot_l10_500,r6p3v2_groot_l10_500_B_r2,r6p3v2_groot_l10_500_B_r2:eval:1:0,1,1,0,30,150,B,False,4624.381,4627.321,ok,,0.08333333333333337,0.03718820861678007,0.07547169811320753,20,2,5,48,0.5777777777777777,7.932702345731364,0.013417190775681376
groot_l10_500,r6p3v2_groot_l10_500_B_r2,r6p3v2_groot_l10_500_B_r2:eval:1:0,1,1,0,32,160,B,False,4620.042,4622.538,ok,,0.0888888888888889,0.03199343724364234,0.07547169811320764,20,2,5,48,0.6222222222222222,8.298692001707858,0.04952830188679247
groot_l10_500,r6p3v2_groot_l10_500_B_r2,r6p3v2_groot_l10_500_B_r2:eval:1:0,1,1,0,34,170,B,True,4867.529,4870.07,ok,,0.07999999999999996,0.04078014184397161,0.07547169811320753,20,2,5,48,0.6666666666666666,8.59837208461767,0.048072562358276616
groot_l10_500,r6p3v2_groot_l10_500_B_r2,r6p3v2_groot_l10_500_B_r2:eval:1:0,1,1,0,36,180,B,False,4642.95,4645.474,ok,,0.08333333333333337,0.03965183752417789,0.07547169811320764,20,2,5,48,0.7111111111111111,8.349727688848297,0.047222222222222276
groot_l10_500,r6p3v2_groot_l10_500_B_r2,r6p3v2_groot_l10_500_B_r2:eval:1:0,1,1,0,38,190,B,False,4614.151,4616.686,ok,,0.08695652173913049,0.033488372093023244,0.07547169811320753,20,2,5,48,0.7391304347826086,8.913102153696485,0.0805555555555556
groot_l10_500,r6p3v2_groot_l10_500_B_r2,r6p3v2_groot_l10_500_B_r2:eval:1:0,1,1,0,40,200,B,False,4491.848,4494.582,ok,,0.08510638297872342,0.005555555555555536,0.07547169811320753,20,2,5,48,0.8,8.671452827309722,0.00927643784786647
groot_l10_500,r6p3v2_groot_l10_500_B_r2,r6p3v2_groot_l10_500_B_r2:eval:1:0,1,1,0,42,210,B,False,4677.039,4679.674,ok,,0.0888888888888889,0.006066734074823055,0.07547169811320753,20,2,5,48,0.8444444444444444,9.12131009121165,0.0424489795918368
groot_l10_500,r6p3v2_groot_l10_500_B_r2,r6p3v2_groot_l10_500_B_r2:eval:1:0,1,1,0,44,220,B,False,4783.323,4785.852,ok,,0.08695652173913049,0.034545454545454546,0.07547169811320764,20,2,5,48,0.8571428571428571,8.350362134909204,0.08666666666666656
groot_l10_500,r6p3v2_groot_l10_500_B_r2,r6p3v2_groot_l10_500_B_r2:eval:1:0,1,1,0,46,230,B,True,4580.82,4583.297,slow_ambiguous,,0.06666666666666665,0.044403330249768835,0.07547169811320753,20,2,5,48,0.9333333333333333,7.986055459813765,0.03985507246376818
groot_l10_500,r6p3v2_groot_l10_500_B_r2,r6p3v2_groot_l10_500_B_r2:eval:1:1,1,1,1,0,0,B,False,45.369,48.804,inactive,warming_up,,,,0,2,5,48,,,
groot_l10_500,r6p3v2_groot_l10_500_B_r2,r6p3v2_groot_l10_500_B_r2:eval:1:1,1,1,1,2,10,B,False,28.325,29.898,inactive,warming_up,,,,0,2,5,48,,,
groot_l10_500,r6p3v2_groot_l10_500_B_r2,r6p3v2_groot_l10_500_B_r2:eval:1:1,1,1,1,4,20,B,True,4701.016,4706.11,ok,,0.08,0.005323868677905949,0.07547169811320759,20,2,5,48,0.0,9.375400691157772,0.013417190775681348
groot_l10_500,r6p3v2_groot_l10_500_B_r2,r6p3v2_groot_l10_500_B_r2:eval:1:1,1,1,1,6,30,B,False,4745.866,4748.591,ok,,0.08163265306122448,0.006066734074823055,0.07547169811320754,20,2,5,48,0.041666666666666664,8.095452398382838,0.01341719077568132
groot_l10_500,r6p3v2_groot_l10_500_B_r2,r6p3v2_groot_l10_500_B_r2:eval:1:1,1,1,1,8,40,B,False,4665.669,4668.263,ok,,0.08,0.005555555555555564,0.07547169811320759,20,2,5,48,0.08,8.254938462922125,0.013417190775681348
groot_l10_500,r6p3v2_groot_l10_500_B_r2,r6p3v2_groot_l10_500_B_r2:eval:1:1,1,1,1,10,50,B,False,4621.126,4623.658,ok,,0.08000000000000002,0.005555555555555564,0.07547169811320754,20,2,5,48,0.12,8.081931699940235,0.009259259259259273
groot_l10_500,r6p3v2_groot_l10_500_B_r2,r6p3v2_groot_l10_500_B_r2:eval:1:1,1,1,1,12,60,B,False,4593.854,4596.451,ok,,0.07547169811320756,0.008183306055646489,0.07547169811320756,20,2,5,48,0.1509433962264151,7.8169388459663525,0.04629629629629631
groot_l10_500,r6p3v2_groot_l10_500_B_r2,r6p3v2_groot_l10_500_B_r2:eval:1:1,1,1,1,14,70,B,True,4390.041,4392.581,slow_ambiguous,,0.07547169811320753,0.005555555555555536,0.07547169811320754,20,2,5,48,0.18867924528301888,7.745649012162294,0.009259259259259273
groot_l10_500,r6p3v2_groot_l10_500_B_r2,r6p3v2_groot_l10_500_B_r2:eval:1:1,1,1,1,16,80,B,False,4679.779,4682.39,slow_ambiguous,,0.07547169811320753,0.005555555555555591,0.07547169811320759,20,2,5,48,0.2222222222222222,8.28163149746285,0.014814814814814836
groot_l10_500,r6p3v2_groot_l10_500_B_r2,r6p3v2_groot_l10_500_B_r2:eval:1:1,1,1,1,18,90,B,False,4557.167,4559.827,ok,,0.08333333333333331,0.005555555555555591,0.07547169811320759,20,2,5,48,0.26666666666666666,8.939237702232099,0.014814814814814836
groot_l10_500,r6p3v2_groot_l10_500_B_r2,r6p3v2_groot_l10_500_B_r2:eval:1:1,1,1,1,20,100,B,False,4559.396,4562.046,ok,,0.08333333333333337,0.005555555555555591,0.07547169811320759,20,2,5,48,0.30434782608695654,8.964029131633035,0.014814814814814836
groot_l10_500,r6p3v2_groot_l10_500_B_r2,r6p3v2_groot_l10_500_B_r2:eval:1:1,1,1,1,22,110,B,False,4595.312,4597.839,ok,,0.08333333333333337,0.006066734074823055,0.07547169811320759,20,2,5,48,0.34782608695652173,8.526512188245272,0.01481481481481478
groot_l10_500,r6p3v2_groot_l10_500_B_r2,r6p3v2_groot_l10_500_B_r2:eval:1:1,1,1,1,24,120,B,False,4722.509,4724.991,ok,,0.08333333333333331,0.007256235827664437,0.07547169811320753,20,2,5,48,0.391304347826087,7.965472482485043,0.01481481481481478
groot_l10_500,r6p3v2_groot_l10_500_B_r2,r6p3v2_groot_l10_500_B_r2:eval:1:1,1,1,1,26,130,B,True,4714.235,4716.835,ok,,0.08333333333333331,0.04255319148936165,0.07547169811320753,20,2,5,48,0.4444444444444444,7.7580880168411115,0.04807256235827667
groot_l10_500,r6p3v2_groot_l10_500_B_r2,r6p3v2_groot_l10_500_B_r2:eval:1:1,1,1,1,28,140,B,False,4493.713,4496.446,slow_ambiguous,,0.04081632653061229,0.043439716312056675,0.07547169811320753,20,2,5,48,0.46153846153846156,8.003639937481957,0.04347826086956519
groot_l10_500,r6p3v2_groot_l10_500_B_r2,r6p3v2_groot_l10_500_B_r2:eval:1:1,1,1,1,30,150,B,False,4662.972,4665.498,slow_ambiguous,,0.0434782608695653,0.043439716312056675,0.07547169811320753,20,2,5,48,0.5217391304347826,7.741559972926635,0.043171114599686033
groot_l10_500,r6p3v2_groot_l10_500_B_r2,r6p3v2_groot_l10_500_B_r2:eval:1:1,1,1,1,32,160,B,True,4589.341,4591.897,ok,,0.08163265306122447,0.04044489383215366,0.07547169811320753,20,2,5,48,0.5531914893617021,7.614237967449488,0.01799100449775115
groot_l10_500,r6p3v2_groot_l10_500_B_r2,r6p3v2_groot_l10_500_B_r2:eval:1:1,1,1,1,34,170,B,False,4707.267,4709.782,ok,,0.08163265306122447,0.04166666666666663,0.07547169811320753,20,2,5,48,0.5909090909090909,8.200331331221554,0.021943573667711547
groot_l10_500,r6p3v2_groot_l10_500_B_r2,r6p3v2_groot_l10_500_B_r2:eval:1:1,1,1,1,36,180,B,False,4666.217,4668.935,ok,,0.0888888888888889,0.04044489383215366,0.07547169811320753,20,2,5,48,0.6222222222222222,7.973923376325401,0.021943573667711713
groot_l10_500,r6p3v2_groot_l10_500_B_r2,r6p3v2_groot_l10_500_B_r2:eval:1:1,1,1,1,38,190,B,False,4521.198,4523.803,ok,,0.08695652173913038,0.04444444444444445,0.07547169811320753,20,2,5,48,0.6666666666666666,7.482290081420476,0.046335697399527254
groot_l10_500,r6p3v2_groot_l10_500_B_r2,r6p3v2_groot_l10_500_B_r2:eval:1:1,1,1,1,40,200,B,False,4560.531,4563.178,ok,,0.08695652173913049,0.04444444444444445,0.07547169811320753,20,2,5,48,0.7111111111111111,7.811265527126602,0.046335697399527254
groot_l10_500,r6p3v2_groot_l10_500_B_r2,r6p3v2_groot_l10_500_B_r2:eval:1:1,1,1,1,42,210,B,False,4693.066,4695.718,ok,,0.08695652173913049,0.005555555555555536,0.07547169811320753,20,2,5,48,0.7555555555555555,8.460565449096576,0.005555555555555536
groot_l10_500,r6p3v2_groot_l10_500_B_r2,r6p3v2_groot_l10_500_B_r2:eval:1:1,1,1,1,44,220,B,False,4702.169,4704.751,ok,,0.08695652173913038,0.031027253668763022,0.07547169811320753,20,2,5,48,0.8163265306122449,8.744690644842052,0.6603028308097433
groot_l10_500,r6p3v2_groot_l10_500_B_r2,r6p3v2_groot_l10_500_B_r2:eval:1:1,1,1,1,46,230,B,False,4493.506,4496.267,ok,,0.08695652173913038,0.03446712018140596,0.07547169811320764,20,2,5,48,0.8695652173913043,8.59458459989529,0.06314344543582695
groot_l10_500,r6p3v2_groot_l10_500_B_r2,r6p3v2_groot_l10_500_B_r2:eval:1:1,1,1,1,48,240,B,False,4493.221,4495.771,ok,,0.08163265306122447,0.037878787878787956,0.07547169811320753,20,2,5,48,0.9130434782608695,8.29615913346957,0.025059101654846372
groot_l10_500,r6p3v2_groot_l10_500_B_r2,r6p3v2_groot_l10_500_B_r2:eval:2:0,1,2,0,0,0,B,False,54.448,57.328,inactive,warming_up,,,,0,2,5,42,,,
groot_l10_500,r6p3v2_groot_l10_500_B_r2,r6p3v2_groot_l10_500_B_r2:eval:2:0,1,2,0,2,10,B,False,30.045,31.771,inactive,warming_up,,,,0,2,5,42,,,
groot_l10_500,r6p3v2_groot_l10_500_B_r2,r6p3v2_groot_l10_500_B_r2:eval:2:0,1,2,0,4,20,B,False,4474.948,4477.586,ok,,0.09523809523809523,0.012379110251450665,0.0727272727272727,20,2,5,42,0.0392156862745098,8.930328810807682,0.04710144927536232
groot_l10_500,r6p3v2_groot_l10_500_B_r2,r6p3v2_groot_l10_500_B_r2:eval:2:0,1,2,0,6,30,B,True,4192.244,4194.812,ok,,0.0784313725490196,0.007256235827664381,0.07272727272727272,20,2,5,42,0.041666666666666664,7.310431576864363,0.011484823625922874
groot_l10_500,r6p3v2_groot_l10_500_B_r2,r6p3v2_groot_l10_500_B_r2:eval:2:0,1,2,0,8,40,B,False,4026.226,4028.925,ok,,0.0784313725490196,0.007256235827664381,0.07272727272727272,20,2,5,42,0.08163265306122448,7.387559482018641,0.011484823625922888
groot_l10_500,r6p3v2_groot_l10_500_B_r2,r6p3v2_groot_l10_500_B_r2:eval:2:0,1,2,0,10,50,B,False,4189.396,4192.038,ok,,0.08333333333333334,0.007256235827664437,0.07272727272727272,20,2,5,42,0.17391304347826086,7.730082995441259,0.07402031930333819
groot_l10_500,r6p3v2_groot_l10_500_B_r2,r6p3v2_groot_l10_500_B_r2:eval:2:0,1,2,0,12,60,B,False,4131.769,4134.441,slow_ambiguous,,0.043478260869565216,0.029249011857707563,0.07272727272727274,20,2,5,42,0.21739130434782608,7.491275914482471,0.05124223602484476
groot_l10_500,r6p3v2_groot_l10_500_B_r2,r6p3v2_groot_l10_500_B_r2:eval:2:0,1,2,0,14,70,B,False,4107.71,4110.303,ok,,0.07692307692307693,0.008525149190110826,0.07272727272727272,20,2,5,42,0.21428571428571427,7.392081063037435,0.11036789297658858
groot_l10_500,r6p3v2_groot_l10_500_B_r2,r6p3v2_groot_l10_500_B_r2:eval:2:0,1,2,0,16,80,B,False,4105.572,4108.375,ok,,0.08695652173913043,0.009689922480620172,0.07272727272727272,20,2,5,42,0.2692307692307692,7.20704868800316,0.07190635451505023
groot_l10_500,r6p3v2_groot_l10_500_B_r2,r6p3v2_groot_l10_500_B_r2:eval:2:0,1,2,0,18,90,B,False,3980.214,3982.807,ok,,0.08333333333333331,0.009689922480620172,0.07272727272727272,20,2,5,42,0.30434782608695654,7.07501415603713,0.05521048999309869
groot_l10_500,r6p3v2_groot_l10_500_B_r2,r6p3v2_groot_l10_500_B_r2:eval:2:0,1,2,0,20,100,B,False,4280.232,4282.92,ok,,0.08333333333333337,0.022028985507246322,0.07272727272727272,20,2,5,42,0.3492063492063492,7.176363104830064,0.05415499533146591
groot_l10_500,r6p3v2_groot_l10_500_B_r2,r6p3v2_groot_l10_500_B_r2:eval:2:0,1,2,0,22,110,B,False,4051.168,4053.743,ok,,0.07843137254901955,0.0385947550717467,0.0727272727272727,20,2,5,42,0.4230769230769231,7.515914674712088,0.011904761904761918
groot_l10_500,r6p3v2_groot_l10_500_B_r2,r6p3v2_groot_l10_500_B_r2:eval:2:0,1,2,0,24,120,B,False,4101.704,4104.585,ok,,0.08333333333333331,0.011965811965811979,0.0727272727272727,20,2,5,42,0.46808510638297873,7.782089832786132,0.006675010429703754
groot_l10_500,r6p3v2_groot_l10_500_B_r2,r6p3v2_groot_l10_500_B_r2:eval:2:0,1,2,0,26,130,B,True,4126.537,4129.239,ok,,0.07843137254901966,0.011965811965811979,0.0727272727272727,20,2,5,42,0.5098039215686274,7.996307829313538,0.006675010429703865
groot_l10_500,r6p3v2_groot_l10_500_B_r2,r6p3v2_groot_l10_500_B_r2:eval:2:0,1,2,0,28,140,B,False,3995.229,3997.82,ok,,0.07999999999999996,0.011965811965811979,0.0727272727272727,20,2,5,42,0.52,7.966932301784619,0.006675010429703865
groot_l10_500,r6p3v2_groot_l10_500_B_r2,r6p3v2_groot_l10_500_B_r2:eval:2:0,1,2,0,30,150,B,False,4240.19,4242.905,ok,,0.11764705882352944,0.02251082251082248,0.07272727272727275,20,2,5,42,0.5769230769230769,8.453811703370915,0.0507364975450082
groot_l10_500,r6p3v2_groot_l10_500_B_r2,r6p3v2_groot_l10_500_B_r2:eval:2:0,1,2,0,32,160,B,False,4097.433,4100.184,ok,,0.07692307692307687,0.04226415094339625,0.07272727272727264,20,2,5,42,0.6274509803921569,7.907843366738743,0.04589069670421353
groot_l10_500,r6p3v2_groot_l10_500_B_r2,r6p3v2_groot_l10_500_B_r2:eval:2:0,1,2,0,34,170,B,False,4233.67,4236.446,slow_ambiguous,,0.039215686274509776,0.040784313725490184,0.07272727272727275,20,2,5,42,0.7058823529411765,7.713326413698925,0.04664484451718487
groot_l10_500,r6p3v2_groot_l10_500_B_r2,r6p3v2_groot_l10_500_B_r2:eval:2:0,1,2,0,36,180,B,False,4189.196,4191.801,ok,,0.07999999999999996,0.034545454545454546,0.07272727272727275,20,2,5,42,0.7058823529411765,8.04034686195883,0.07509386733416767
groot_l10_500,r6p3v2_groot_l10_500_B_r2,r6p3v2_groot_l10_500_B_r2:eval:2:0,1,2,0,38,190,B,False,4132.544,4135.132,ok,,0.11764705882352944,0.032478632478632474,0.07272727272727275,20,2,5,42,0.7450980392156863,7.876287408947487,0.11129296235679209
groot_l10_500,r6p3v2_groot_l10_500_B_r2,r6p3v2_groot_l10_500_B_r2:eval:2:0,1,2,0,40,200,B,False,4079.951,4082.721,ok,,0.07843137254901966,0.032478632478632474,0.07272727272727275,20,2,5,42,0.7916666666666666,8.138973857858815,0.1215384615384616
groot_l10_500,r6p3v2_groot_l10_500_B_r2,r6p3v2_groot_l10_500_B_r2:eval:2:0,1,2,0,42,210,B,False,4022.115,4024.807,ok,,0.07843137254901966,0.03296703296703296,0.07272727272727275,20,2,5,42,0.8461538461538461,8.127562897502129,0.01610017889087645
groot_l10_500,r6p3v2_groot_l10_500_B_r2,r6p3v2_groot_l10_500_B_r2:eval:2:0,1,2,0,44,220,B,False,3855.987,3858.775,ok,,0.07843137254901955,0.03380503144654079,0.07272727272727264,20,2,5,42,0.8846153846153846,8.537284595156365,0.038461538461538436
groot_l10_500,r6p3v2_groot_l10_500_B_r2,r6p3v2_groot_l10_500_B_r2:eval:2:0,1,2,0,46,230,B,False,4275.963,4278.633,ok,,0.07692307692307687,0.027128427128427113,0.07272727272727264,20,2,5,42,0.9230769230769231,8.207529029714754,0.0524475524475525
groot_l10_500,r6p3v2_groot_l10_500_B_r2,r6p3v2_groot_l10_500_B_r2:eval:2:1,1,2,1,0,0,B,False,45.237,48.401,inactive,warming_up,,,,0,2,5,42,,,
groot_l10_500,r6p3v2_groot_l10_500_B_r2,r6p3v2_groot_l10_500_B_r2:eval:2:1,1,2,1,2,10,B,True,34.032,36.157,inactive,warming_up,,,,0,2,5,42,,,
groot_l10_500,r6p3v2_groot_l10_500_B_r2,r6p3v2_groot_l10_500_B_r2:eval:2:1,1,2,1,4,20,B,False,4313.915,4324.695,ok,,0.08888888888888889,0.010131712259371844,0.07272727272727274,20,2,5,42,0.0,7.714051603775357,0.03375196232339091
groot_l10_500,r6p3v2_groot_l10_500_B_r2,r6p3v2_groot_l10_500_B_r2:eval:2:1,1,2,1,6,30,B,True,4197.206,4200.001,ok,,0.12244897959183673,0.007575757575757569,0.07272727272727272,20,2,5,42,0.0,6.5815529649426,0.06688963210702342
groot_l10_500,r6p3v2_groot_l10_500_B_r2,r6p3v2_groot_l10_500_B_r2:eval:2:1,1,2,1,8,40,B,False,4112.592,4115.237,ok,,0.0816326530612245,0.006956521739130445,0.07272727272727272,20,2,5,42,0.08695652173913043,7.501719377287395,0.011965811965811965
groot_l10_500,r6p3v2_groot_l10_500_B_r2,r6p3v2_groot_l10_500_B_r2:eval:2:1,1,2,1,10,50,B,True,4091.435,4094.072,ok,,0.08695652173913043,0.010131712259371817,0.0727272727272727,20,2,5,42,0.13043478260869565,7.894810600683662,0.013986013986013984
groot_l10_500,r6p3v2_groot_l10_500_B_r2,r6p3v2_groot_l10_500_B_r2:eval:2:1,1,2,1,12,60,B,False,4272.853,4275.514,ok,,0.08695652173913043,0.035121025154247754,0.07272727272727274,20,2,5,42,0.17391304347826086,7.580711122530379,0.046218487394957986
groot_l10_500,r6p3v2_groot_l10_500_B_r2,r6p3v2_groot_l10_500_B_r2:eval:2:1,1,2,1,14,70,B,False,3998.189,4000.707,ok,,0.08695652173913046,0.0398550724637681,0.0727272727272727,20,2,5,42,0.21739130434782608,6.9310957650541125,0.04072398190045251
groot_l10_500,r6p3v2_groot_l10_500_B_r2,r6p3v2_groot_l10_500_B_r2:eval:2:1,1,2,1,16,80,B,False,4165.316,4167.852,ok,,0.08695652173913043,0.03495311167945442,0.0727272727272727,20,2,5,42,0.2608695652173913,6.952272504359274,0.03846153846153845
groot_l10_500,r6p3v2_groot_l10_500_B_r2,r6p3v2_groot_l10_500_B_r2:eval:2:1,1,2,1,18,90,B,False,4021.73,4024.35,ok,,0.08163265306122452,0.03436988543371522,0.0727272727272727,20,2,5,42,0.30434782608695654,6.643741313600146,0.04150197628458496
groot_l10_500,r6p3v2_groot_l10_500_B_r2,r6p3v2_groot_l10_500_B_r2:eval:2:1,1,2,1,20,100,B,False,3859.499,3862.058,ok,,0.08695652173913043,0.022028985507246322,0.07272727272727272,20,2,5,42,0.34782608695652173,6.661389848338494,0.050092764378478594
groot_l10_500,r6p3v2_groot_l10_500_B_r2,r6p3v2_groot_l10_500_B_r2:eval:2:1,1,2,1,22,110,B,False,4169.568,4172.286,ok,,0.08695652173913043,0.03495311167945442,0.0727272727272727,20,2,5,42,0.391304347826087,7.608334712199475,0.03431372549019608
groot_l10_500,r6p3v2_groot_l10_500_B_r2,r6p3v2_groot_l10_500_B_r2:eval:2:1,1,2,1,24,120,B,False,4150.217,4152.898,ok,,0.08695652173913043,0.0358781810596579,0.07272727272727275,20,2,5,42,0.42857142857142855,7.845855721728847,0.044326241134751754
groot_l10_500,r6p3v2_groot_l10_500_B_r2,r6p3v2_groot_l10_500_B_r2:eval:2:1,1,2,1,26,130,B,False,4174.103,4176.821,ok,,0.08695652173913038,0.011965811965811979,0.0727272727272727,20,2,5,42,0.4782608695652174,7.9154714767904375,0.007256235827664326
groot_l10_500,r6p3v2_groot_l10_500_B_r2,r6p3v2_groot_l10_500_B_r2:eval:2:1,1,2,1,28,140,B,True,3969.348,3971.862,ok,,0.08333333333333337,0.011965811965811979,0.0727272727272727,20,2,5,42,0.5,8.184707669361634,0.011965811965812034
groot_l10_500,r6p3v2_groot_l10_500_B_r2,r6p3v2_groot_l10_500_B_r2:eval:2:1,1,2,1,30,150,B,False,3976.695,3979.35,ok,,0.07843137254901955,0.011390602752728962,0.0727272727272727,20,2,5,42,0.5384615384615384,8.537546095491562,0.011965811965811923
groot_l10_500,r6p3v2_groot_l10_500_B_r2,r6p3v2_groot_l10_500_B_r2:eval:2:1,1,2,1,32,160,B,False,4195.548,4198.378,ok,,0.08163265306122447,0.04078014184397161,0.0727272727272727,20,2,5,42,0.5769230769230769,8.023194958286467,0.038461538461538436
groot_l10_500,r6p3v2_groot_l10_500_B_r2,r6p3v2_groot_l10_500_B_r2:eval:2:1,1,2,1,34,170,B,False,4190.543,4193.108,ok,,0.07692307692307687,0.03996598639455784,0.07272727272727275,20,2,5,42,0.6274509803921569,7.960603250049224,0.07989578810247511
groot_l10_500,r6p3v2_groot_l10_500_B_r2,r6p3v2_groot_l10_500_B_r2:eval:2:1,1,2,1,36,180,B,True,4262.751,4265.309,ok,,0.08163265306122458,0.039215686274509776,0.0727272727272727,20,2,5,42,0.6666666666666666,7.658313798321378,0.011965811965812034
groot_l10_500,r6p3v2_groot_l10_500_B_r2,r6p3v2_groot_l10_500_B_r2:eval:2:1,1,2,1,38,190,B,False,3911.325,3913.897,ok,,0.08333333333333326,0.0358781810596579,0.07272727272727275,20,2,5,42,0.7083333333333334,7.357417687050327,0.05490196078431375
groot_l10_500,r6p3v2_groot_l10_500_B_r2,r6p3v2_groot_l10_500_B_r2:eval:2:1,1,2,1,40,200,B,False,4123.842,4126.326,ok,,0.08333333333333337,0.039215686274509776,0.07272727272727275,20,2,5,42,0.7659574468085106,7.552320170680782,0.010457516339869244
groot_l10_500,r6p3v2_groot_l10_500_B_r2,r6p3v2_groot_l10_500_B_r2:eval:2:1,1,2,1,42,210,B,False,4329.207,4331.951,ok,,0.08163265306122447,0.0358781810596579,0.07272727272727264,20,2,5,42,0.8235294117647058,7.891241510059895,0.05042735042735047
groot_l10_500,r6p3v2_groot_l10_500_B_r2,r6p3v2_groot_l10_500_B_r2:eval:2:1,1,2,1,44,220,B,False,4316.242,4318.755,ok,,0.07843137254901955,0.010457516339869188,0.07272727272727264,20,2,5,42,0.8461538461538461,8.812033032893332,0.010606060606060508
groot_l10_500,r6p3v2_groot_l10_500_B_r2,r6p3v2_groot_l10_500_B_r2:eval:2:1,1,2,1,46,230,B,True,4364.17,4367.461,ok,,0.07843137254901955,0.02955082742316787,0.07272727272727264,20,2,5,42,0.8846153846153846,9.177899272005472,0.010606060606060619
groot_l10_500,r6p3v2_groot_l10_500_B_r2,r6p3v2_groot_l10_500_B_r2:eval:3:0,1,3,0,0,0,B,False,55.018,57.813,inactive,warming_up,,,,0,2,5,48,,,
groot_l10_500,r6p3v2_groot_l10_500_B_r2,r6p3v2_groot_l10_500_B_r2:eval:3:0,1,3,0,2,10,B,False,29.487,31.243,inactive,warming_up,,,,0,2,5,48,,,
groot_l10_500,r6p3v2_groot_l10_500_B_r2,r6p3v2_groot_l10_500_B_r2:eval:3:0,1,3,0,4,20,B,False,4679.215,4681.909,ok,,0.09090909090909091,0.007916872835230099,0.08163265306122448,20,2,5,48,0.0,9.09955318516244,0.03419972640218878
groot_l10_500,r6p3v2_groot_l10_500_B_r2,r6p3v2_groot_l10_500_B_r2:eval:3:0,1,3,0,6,30,B,False,4886.828,4889.783,ok,,0.09302325581395349,0.03199343724364233,0.0816326530612245,20,2,5,48,0.0,7.980427753521927,0.051299589603283166
groot_l10_500,r6p3v2_groot_l10_500_B_r2,r6p3v2_groot_l10_500_B_r2:eval:3:0,1,3,0,8,40,B,False,4556.295,4558.96,ok,,0.08695652173913043,0.006066734074823055,0.08163265306122448,20,2,5,48,0.08695652173913043,8.159967201456888,0.01459188326493388
groot_l10_500,r6p3v2_groot_l10_500_B_r2,r6p3v2_groot_l10_500_B_r2:eval:3:0,1,3,0,10,50,B,False,4592.486,4595.411,ok,,0.09090909090909091,0.006976744186046463,0.08163265306122448,20,2,5,48,0.13043478260869565,8.364150828177541,0.024057738572574178
groot_l10_500,r6p3v2_groot_l10_500_B_r2,r6p3v2_groot_l10_500_B_r2:eval:3:0,1,3,0,12,60,B,False,4585.958,4588.703,ok,,0.08695652173913043,0.006976744186046463,0.08163265306122448,20,2,5,48,0.1568627450980392,8.433990592479788,0.02194357366771159
groot_l10_500,r6p3v2_groot_l10_500_B_r2,r6p3v2_groot_l10_500_B_r2:eval:3:0,1,3,0,14,70,B,False,4711.014,4713.749,ok,,0.08695652173913046,0.007916872835230099,0.08163265306122447,20,2,5,48,0.21739130434782608,8.246515528914928,0.02859545836837682
groot_l10_500,r6p3v2_groot_l10_500_B_r2,r6p3v2_groot_l10_500_B_r2:eval:3:0,1,3,0,16,80,B,True,4673.282,4676.1,ok,,0.09090909090909094,0.010131712259371817,0.08163265306122447,20,2,5,48,0.26666666666666666,8.453489699963066,0.05200341005967607
groot_l10_500,r6p3v2_groot_l10_500_B_r2,r6p3v2_groot_l10_500_B_r2:eval:3:0,1,3,0,18,90,B,False,4573.487,4586.374,ok,,0.0888888888888889,0.006506180871828221,0.08163265306122448,20,2,5,48,0.3111111111111111,8.76982510571609,0.019129603060736466
groot_l10_500,r6p3v2_groot_l10_500_B_r2,r6p3v2_groot_l10_500_B_r2:eval:3:0,1,3,0,20,100,B,False,4510.865,4513.668,ok,,0.08888888888888885,0.007916872835230071,0.08163265306122448,20,2,5,48,0.35555555555555557,9.008191816845216,0.01459188326493388
groot_l10_500,r6p3v2_groot_l10_500_B_r2,r6p3v2_groot_l10_500_B_r2:eval:3:0,1,3,0,22,110,B,False,4608.626,4611.365,ok,,0.08888888888888885,0.006651884700665189,0.08163265306122452,20,2,5,48,0.4,8.545877537005998,0.019129603060736522
groot_l10_500,r6p3v2_groot_l10_500_B_r2,r6p3v2_groot_l10_500_B_r2:eval:3:0,1,3,0,24,120,B,False,4805.599,4808.181,ok,,0.0888888888888889,0.006976744186046463,0.08163265306122452,20,2,5,48,0.4444444444444444,8.372051825781691,0.019129603060736466
groot_l10_500,r6p3v2_groot_l10_500_B_r2,r6p3v2_groot_l10_500_B_r2:eval:3:0,1,3,0,26,130,B,True,4518.245,4520.906,ok,,0.09302325581395343,0.006976744186046463,0.08163265306122452,20,2,5,48,0.5116279069767442,8.405071468463602,0.019129603060736522
groot_l10_500,r6p3v2_groot_l10_500_B_r2,r6p3v2_groot_l10_500_B_r2:eval:3:0,1,3,0,28,140,B,False,4614.043,4616.932,ok,,0.09523809523809523,0.039651837524178,0.08163265306122447,20,2,5,48,0.5581395348837209,8.431156725070545,0.0717563621193158
groot_l10_500,r6p3v2_groot_l10_500_B_r2,r6p3v2_groot_l10_500_B_r2:eval:3:0,1,3,0,30,150,B,False,4367.812,4370.891,ok,,0.09302325581395354,0.04444444444444451,0.08163265306122447,20,2,5,48,0.6046511627906976,8.591997740752348,0.07320261437908493
groot_l10_500,r6p3v2_groot_l10_500_B_r2,r6p3v2_groot_l10_500_B_r2:eval:3:0,1,3,0,32,160,B,False,4681.411,4684.167,ok,,0.09302325581395343,0.039651837524178,0.08163265306122447,20,2,5,48,0.6274509803921569,8.491477496750234,0.05602240896358546
groot_l10_500,r6p3v2_groot_l10_500_B_r2,r6p3v2_groot_l10_500_B_r2:eval:3:0,1,3,0,34,170,B,False,4824.564,4827.367,ok,,0.09302325581395343,0.044397463002114224,0.08163265306122447,20,2,5,48,0.6976744186046512,9.155596074209868,0.03409090909090906
groot_l10_500,r6p3v2_groot_l10_500_B_r2,r6p3v2_groot_l10_500_B_r2:eval:3:0,1,3,0,36,180,B,False,4496.19,4498.847,ok,,0.09090909090909094,0.006349206349206327,0.08163265306122447,20,2,5,48,0.7619047619047619,9.931772925732963,0.011904761904761862
groot_l10_500,r6p3v2_groot_l10_500_B_r2,r6p3v2_groot_l10_500_B_r2:eval:3:0,1,3,0,38,190,B,False,4674.506,4677.281,ok,,0.09090909090909083,0.008672086720867167,0.08163265306122447,20,2,5,48,0.8095238095238095,9.655469563351078,0.008281573498964856
groot_l10_500,r6p3v2_groot_l10_500_B_r2,r6p3v2_groot_l10_500_B_r2:eval:3:0,1,3,0,40,200,B,False,4363.362,4365.873,ok,,0.09523809523809523,0.010604453870625696,0.08163265306122447,20,2,5,48,0.8292682926829268,9.345788437373864,0.04940711462450598
groot_l10_500,r6p3v2_groot_l10_500_B_r2,r6p3v2_groot_l10_500_B_r2:eval:3:0,1,3,0,42,210,B,False,4681.575,4684.38,ok,,0.09302325581395343,0.03241719520789295,0.08163265306122452,20,2,5,48,0.8837209302325582,8.407389747614317,0.007916872835230016
groot_l10_500,r6p3v2_groot_l10_500_B_r2,r6p3v2_groot_l10_500_B_r2:eval:3:1,1,3,1,0,0,B,False,45.961,49.121,inactive,warming_up,,,,0,2,5,48,,,
groot_l10_500,r6p3v2_groot_l10_500_B_r2,r6p3v2_groot_l10_500_B_r2:eval:3:1,1,3,1,2,10,B,False,31.351,33.138,inactive,warming_up,,,,0,2,5,48,,,
groot_l10_500,r6p3v2_groot_l10_500_B_r2,r6p3v2_groot_l10_500_B_r2:eval:3:1,1,3,1,4,20,B,False,4808.258,4810.894,ok,,0.09090909090909091,0.007916872835230099,0.08163265306122448,20,2,5,48,0.0,9.189767768052606,0.026272577996715923
groot_l10_500,r6p3v2_groot_l10_500_B_r2,r6p3v2_groot_l10_500_B_r2:eval:3:1,1,3,1,6,30,B,False,4707.209,4710.083,ok,,0.0909090909090909,0.0069767441860465185,0.08163265306122448,20,2,5,48,0.045454545454545456,7.57450500566221,0.026272577996715923
groot_l10_500,r6p3v2_groot_l10_500_B_r2,r6p3v2_groot_l10_500_B_r2:eval:3:1,1,3,1,8,40,B,False,4641.883,4644.526,ok,,0.09090909090909091,0.004537719795802614,0.08163265306122452,20,2,5,48,0.09090909090909091,8.341067342794785,0.0082815734989648
groot_l10_500,r6p3v2_groot_l10_500_B_r2,r6p3v2_groot_l10_500_B_r2:eval:3:1,1,3,1,10,50,B,False,4711.098,4713.741,ok,,0.09090909090909091,0.004537719795802614,0.08163265306122452,20,2,5,48,0.13636363636363635,8.180113315729212,0.0082815734989648
groot_l10_500,r6p3v2_groot_l10_500_B_r2,r6p3v2_groot_l10_500_B_r2:eval:3:1,1,3,1,12,60,B,False,4452.604,4455.616,ok,,0.08888888888888888,0.010131712259371817,0.0816326530612245,20,2,5,48,0.18181818181818182,8.213518465467857,0.047619047619047616
groot_l10_500,r6p3v2_groot_l10_500_B_r2,r6p3v2_groot_l10_500_B_r2:eval:3:1,1,3,1,14,70,B,False,4690.792,4694.233,ok,,0.09523809523809523,0.011484823625922902,0.08163265306122448,20,2,5,48,0.22727272727272727,7.91345332349366,0.028758169934640504
groot_l10_500,r6p3v2_groot_l10_500_B_r2,r6p3v2_groot_l10_500_B_r2:eval:3:1,1,3,1,16,80,B,False,4487.417,4490.179,ok,,0.09090909090909094,0.038176033934252396,0.08163265306122447,20,2,5,48,0.26666666666666666,8.474259028696427,0.05490196078431375
groot_l10_500,r6p3v2_groot_l10_500_B_r2,r6p3v2_groot_l10_500_B_r2:eval:3:1,1,3,1,18,90,B,False,4828.472,4831.274,ok,,0.09090909090909094,0.010131712259371817,0.08163265306122452,20,2,5,48,0.3181818181818182,8.48774918918221,0.0560224089635854
groot_l10_500,r6p3v2_groot_l10_500_B_r2,r6p3v2_groot_l10_500_B_r2:eval:3:1,1,3,1,20,100,B,False,4491.233,4493.992,ok,,0.09090909090909088,0.006976744186046463,0.08163265306122452,20,2,5,48,0.36363636363636365,8.209627265150724,0.016806722689075626
groot_l10_500,r6p3v2_groot_l10_500_B_r2,r6p3v2_groot_l10_500_B_r2:eval:3:1,1,3,1,22,110,B,False,4534.67,4537.479,ok,,0.09090909090909088,0.007916872835230127,0.08163265306122452,20,2,5,48,0.4090909090909091,7.9610229005796675,0.01680672268907568
groot_l10_500,r6p3v2_groot_l10_500_B_r2,r6p3v2_groot_l10_500_B_r2:eval:3:1,1,3,1,24,120,B,False,4825.646,4828.41,ok,,0.09090909090909088,0.007916872835230127,0.08163265306122452,20,2,5,48,0.4444444444444444,7.9442669984641965,0.01459188326493388
groot_l10_500,r6p3v2_groot_l10_500_B_r2,r6p3v2_groot_l10_500_B_r2:eval:3:1,1,3,1,26,130,B,False,4656.663,4659.37,ok,,0.09090909090909094,0.00697674418604656,0.08163265306122452,20,2,5,48,0.4888888888888889,8.72762254086234,0.05793226381461686
groot_l10_500,r6p3v2_groot_l10_500_B_r2,r6p3v2_groot_l10_500_B_r2:eval:3:1,1,3,1,28,140,B,False,4972.237,4974.609,ok,,0.09090909090909094,0.039337474120082705,0.08163265306122452,20,2,5,48,0.5454545454545454,9.04068733534423,0.05064599483204135
groot_l10_500,r6p3v2_groot_l10_500_B_r2,r6p3v2_groot_l10_500_B_r2:eval:3:1,1,3,1,30,150,B,False,4419.542,4422.026,ok,,0.0888888888888889,0.04646464646464654,0.08163265306122447,20,2,5,48,0.6046511627906976,8.74482995293306,0.04651162790697683
groot_l10_500,r6p3v2_groot_l10_500_B_r2,r6p3v2_groot_l10_500_B_r2:eval:3:1,1,3,1,32,160,B,False,4648.927,4651.749,ok,,0.09302325581395343,0.04540420819490598,0.08163265306122447,20,2,5,48,0.6511627906976745,8.91642918865538,0.10189701897018966
groot_l10_500,r6p3v2_groot_l10_500_B_r2,r6p3v2_groot_l10_500_B_r2:eval:3:1,1,3,1,34,170,B,True,4796.384,4799.967,ok,,0.09302325581395343,0.04150197628458496,0.08163265306122458,20,2,5,48,0.6976744186046512,9.407656261962025,0.006349206349206327
groot_l10_500,r6p3v2_groot_l10_500_B_r2,r6p3v2_groot_l10_500_B_r2:eval:3:1,1,3,1,36,180,B,False,4647.115,4649.772,ok,,0.09302325581395354,0.03965183752417789,0.08163265306122458,20,2,5,48,0.7441860465116279,9.90154245054647,0.006066734074823055
groot_l10_500,r6p3v2_groot_l10_500_B_r2,r6p3v2_groot_l10_500_B_r2:eval:3:1,1,3,1,38,190,B,False,4537.902,4540.566,ok,,0.09302325581395354,0.008672086720867167,0.08163265306122447,20,2,5,48,0.7906976744186046,9.427999435047028,0.008281573498964856
groot_l10_500,r6p3v2_groot_l10_500_B_r2,r6p3v2_groot_l10_500_B_r2:eval:3:1,1,3,1,40,200,B,False,4640.521,4643.154,ok,,0.09302325581395343,0.024500322372662822,0.08163265306122447,20,2,5,48,0.85,8.136072547024419,0.013043478260869601
groot_l10_500,r6p3v2_groot_l10_500_B_r2,r6p3v2_groot_l10_500_B_r2:eval:3:1,1,3,1,42,210,B,False,4684.557,4687.239,ok,,0.09523809523809523,0.020289855072463836,0.08163265306122443,20,2,5,48,0.9019607843137255,7.354971053505561,0.052003410059676125
groot_l10_500,r6p3v2_groot_l10_500_B_r2,r6p3v2_groot_l10_500_B_r2:eval:4:0,1,4,0,0,0,B,False,39.762,42.491,inactive,warming_up,,,,0,2,5,45,,,
groot_l10_500,r6p3v2_groot_l10_500_B_r2,r6p3v2_groot_l10_500_B_r2:eval:4:0,1,4,0,2,10,B,False,47.972,49.692,inactive,warming_up,,,,0,2,5,45,,,
groot_l10_500,r6p3v2_groot_l10_500_B_r2,r6p3v2_groot_l10_500_B_r2:eval:4:0,1,4,0,4,20,B,True,4695.436,4698.182,slow_ambiguous,,0.06779661016949153,0.014227642276422772,0.07843137254901963,20,2,5,45,0.0,9.031455511977157,0.0946969696969697
groot_l10_500,r6p3v2_groot_l10_500_B_r2,r6p3v2_groot_l10_500_B_r2:eval:4:0,1,4,0,6,30,B,False,4505.583,4508.252,ok,,0.09090909090909091,0.013605442176870736,0.0784313725490196,20,2,5,45,0.041666666666666664,8.366931967570194,0.027441485068603694
groot_l10_500,r6p3v2_groot_l10_500_B_r2,r6p3v2_groot_l10_500_B_r2:eval:4:0,1,4,0,8,40,B,False,4263.642,4266.253,ok,,0.09090909090909091,0.015536723163841804,0.0784313725490196,20,2,5,45,0.09090909090909091,8.86035024084274,0.025226645644461962
groot_l10_500,r6p3v2_groot_l10_500_B_r2,r6p3v2_groot_l10_500_B_r2:eval:4:0,1,4,0,10,50,B,False,4442.498,4445.455,ok,,0.09090909090909091,0.027441485068603694,0.0784313725490196,20,2,5,45,0.13636363636363635,9.030166834458372,0.044999999999999984
groot_l10_500,r6p3v2_groot_l10_500_B_r2,r6p3v2_groot_l10_500_B_r2:eval:4:0,1,4,0,12,60,B,False,4358.727,4361.463,ok,,0.08695652173913043,0.035714285714285726,0.0784313725490196,20,2,5,45,0.18604651162790697,9.168767705244948,0.05220692928334125
groot_l10_500,r6p3v2_groot_l10_500_B_r2,r6p3v2_groot_l10_500_B_r2:eval:4:0,1,4,0,14,70,B,True,4336.948,4339.571,ok,,0.09302325581395351,0.015536723163841804,0.0784313725490196,20,2,5,45,0.23255813953488372,9.150278725513,0.056744649079143894
groot_l10_500,r6p3v2_groot_l10_500_B_r2,r6p3v2_groot_l10_500_B_r2:eval:4:0,1,4,0,16,80,B,False,4172.876,4175.629,ok,,0.12244897959183676,0.011904761904761918,0.07843137254901963,20,2,5,45,0.24489795918367346,8.778471414466862,0.06634146341463415
groot_l10_500,r6p3v2_groot_l10_500_B_r2,r6p3v2_groot_l10_500_B_r2:eval:4:0,1,4,0,18,90,B,False,4261.176,4263.979,ok,,0.09756097560975607,0.014227642276422772,0.07843137254901963,20,2,5,45,0.32558139534883723,8.59299753560658,0.1575700047460845
groot_l10_500,r6p3v2_groot_l10_500_B_r2,r6p3v2_groot_l10_500_B_r2:eval:4:0,1,4,0,20,100,B,True,4375.542,4378.476,ok,,0.09302325581395349,0.03495311167945442,0.07843137254901963,20,2,5,45,0.37209302325581395,8.451354224034079,0.07366849178695865
groot_l10_500,r6p3v2_groot_l10_500_B_r2,r6p3v2_groot_l10_500_B_r2:eval:4:0,1,4,0,22,110,B,True,4225.323,4233.821,slow_confirmed,,0.03999999999999998,0.0357142857142857,0.07843137254901963,20,2,5,45,0.4186046511627907,8.571541032939459,0.08695652173913043
groot_l10_500,r6p3v2_groot_l10_500_B_r2,r6p3v2_groot_l10_500_B_r2:eval:4:0,1,4,0,24,120,B,True,4242.707,4245.451,slow_confirmed,,0.0,0.027441485068603694,0.0784313725490196,20,2,5,45,0.4444444444444444,8.777965247592247,0.040816326530612235
groot_l10_500,r6p3v2_groot_l10_500_B_r2,r6p3v2_groot_l10_500_B_r2:eval:4:0,1,4,0,26,130,B,False,4274.706,4277.75,slow_ambiguous,,0.04651162790697677,0.0378787878787879,0.0784313725490196,20,2,5,45,0.46511627906976744,8.841856054237573,0.11978704525288375
groot_l10_500,r6p3v2_groot_l10_500_B_r2,r6p3v2_groot_l10_500_B_r2:eval:4:0,1,4,0,28,140,B,False,4271.937,4274.636,ok,,0.08695652173913038,0.011904761904761918,0.07843137254901963,20,2,5,45,0.4782608695652174,8.80188372720058,0.08666666666666673
groot_l10_500,r6p3v2_groot_l10_500_B_r2,r6p3v2_groot_l10_500_B_r2:eval:4:0,1,4,0,30,150,B,False,4455.361,4458.46,ok,,0.08695652173913049,0.006349206349206327,0.07843137254901966,20,2,5,45,0.5217391304347826,8.866192116269191,0.010909090909090924
groot_l10_500,r6p3v2_groot_l10_500_B_r2,r6p3v2_groot_l10_500_B_r2:eval:4:0,1,4,0,32,160,B,False,4386.864,4389.804,ok,,0.08695652173913049,0.006066734074823166,0.07843137254901966,20,2,5,45,0.5652173913043478,8.657943268730733,0.013023255813953472
groot_l10_500,r6p3v2_groot_l10_500_B_r2,r6p3v2_groot_l10_500_B_r2:eval:4:0,1,4,0,34,170,B,False,4485.488,4488.377,ok,,0.0888888888888889,0.006349206349206327,0.07843137254901955,20,2,5,45,0.6086956521739131,9.27640007614878,0.011904761904761862
groot_l10_500,r6p3v2_groot_l10_500_B_r2,r6p3v2_groot_l10_500_B_r2:eval:4:0,1,4,0,36,180,B,False,4332.833,4335.599,ok,,0.0888888888888889,0.008281573498964745,0.07843137254901955,20,2,5,45,0.6666666666666666,9.200328141932,0.011904761904761862
groot_l10_500,r6p3v2_groot_l10_500_B_r2,r6p3v2_groot_l10_500_B_r2:eval:4:0,1,4,0,38,190,B,False,4496.277,4499.153,ok,,0.0888888888888889,0.008281573498964745,0.07843137254901955,20,2,5,45,0.7083333333333334,9.243150496634643,0.011904761904761973
groot_l10_500,r6p3v2_groot_l10_500_B_r2,r6p3v2_groot_l10_500_B_r2:eval:4:0,1,4,0,40,200,B,False,4408.461,4411.222,slow_ambiguous,,0.07843137254901955,0.008525149190110826,0.07843137254901966,20,2,5,45,0.75,9.1534312414979,0.03888888888888886
groot_l10_500,r6p3v2_groot_l10_500_B_r2,r6p3v2_groot_l10_500_B_r2:eval:4:0,1,4,0,42,210,B,False,4435.078,4437.941,ok,,0.07843137254901966,0.008281573498964856,0.07843137254901966,20,2,5,45,0.7843137254901961,9.491605649055396,0.045454545454545525
groot_l10_500,r6p3v2_groot_l10_500_B_r2,r6p3v2_groot_l10_500_B_r2:eval:4:0,1,4,0,44,220,B,False,4313.852,4316.511,ok,,0.08163265306122447,0.011904761904761862,0.07843137254901955,20,2,5,45,0.8181818181818182,9.68149925567958,0.02311248073959926
groot_l10_500,r6p3v2_groot_l10_500_B_r2,r6p3v2_groot_l10_500_B_r2:eval:4:0,1,4,0,46,230,B,False,4280.85,4283.558,ok,,0.09090909090909094,0.008281573498964745,0.07843137254901966,20,2,5,45,0.8372093023255814,8.901120378603773,0.014591883264933991
groot_l10_500,r6p3v2_groot_l10_500_B_r2,r6p3v2_groot_l10_500_B_r2:eval:4:0,1,4,0,48,240,B,False,4408.853,4411.622,ok,,0.09756097560975607,0.011904761904761862,0.07843137254901962,20,2,5,45,0.8780487804878049,8.340863901604289,0.04351984696317557
groot_l10_500,r6p3v2_groot_l10_500_B_r2,r6p3v2_groot_l10_500_B_r2:eval:4:0,1,4,0,50,250,B,False,4318.984,4321.573,slow_ambiguous,,0.07317073170731703,0.023661638568470846,0.07843137254901962,20,2,5,45,0.926829268292683,7.798355713599896,0.06543161214032323
groot_l10_500,r6p3v2_groot_l10_500_B_r2,r6p3v2_groot_l10_500_B_r2:eval:4:1,1,4,1,0,0,B,False,43.948,46.85,inactive,warming_up,,,,0,2,5,45,,,
groot_l10_500,r6p3v2_groot_l10_500_B_r2,r6p3v2_groot_l10_500_B_r2:eval:4:1,1,4,1,2,10,B,False,32.377,34.436,inactive,warming_up,,,,0,2,5,45,,,
groot_l10_500,r6p3v2_groot_l10_500_B_r2,r6p3v2_groot_l10_500_B_r2:eval:4:1,1,4,1,4,20,B,False,4679.585,4581.209,ok,,0.08333333333333333,0.011904761904761918,0.0784313725490196,20,2,5,45,0.0,9.42520495245144,0.06856702619414483
groot_l10_500,r6p3v2_groot_l10_500_B_r2,r6p3v2_groot_l10_500_B_r2:eval:4:1,1,4,1,6,30,B,True,4347.789,4350.667,ok,,0.09090909090909091,0.015536723163841804,0.0784313725490196,20,2,5,45,0.03389830508474576,8.713178154379948,0.05720338983050846
groot_l10_500,r6p3v2_groot_l10_500_B_r2,r6p3v2_groot_l10_500_B_r2:eval:4:1,1,4,1,8,40,B,False,4311.432,4314.165,ok,,0.08163265306122448,0.027441485068603694,0.0784313725490196,20,2,5,45,0.08163265306122448,9.026606124937247,0.029764365440264576
groot_l10_500,r6p3v2_groot_l10_500_B_r2,r6p3v2_groot_l10_500_B_r2:eval:4:1,1,4,1,10,50,B,False,4401.654,4404.561,ok,,0.08888888888888888,0.027441485068603694,0.0784313725490196,20,2,5,45,0.13333333333333333,9.025854229653829,0.02976436544026459
groot_l10_500,r6p3v2_groot_l10_500_B_r2,r6p3v2_groot_l10_500_B_r2:eval:4:1,1,4,1,12,60,B,False,4276.404,4279.15,ok,,0.08888888888888888,0.011904761904761918,0.07843137254901963,20,2,5,45,0.17391304347826086,8.784699526225252,0.07506053268765131
groot_l10_500,r6p3v2_groot_l10_500_B_r2,r6p3v2_groot_l10_500_B_r2:eval:4:1,1,4,1,14,70,B,True,4381.125,4383.765,ok,,0.09302325581395351,0.009689922480620172,0.0784313725490196,20,2,5,45,0.23529411764705882,8.629326713866782,0.019129603060736522
groot_l10_500,r6p3v2_groot_l10_500_B_r2,r6p3v2_groot_l10_500_B_r2:eval:4:1,1,4,1,16,80,B,False,4315.743,4318.317,ok,,0.08333333333333331,0.0075757575757576245,0.0784313725490196,20,2,5,45,0.2916666666666667,8.30128207952971,0.029764365440264617
groot_l10_500,r6p3v2_groot_l10_500_B_r2,r6p3v2_groot_l10_500_B_r2:eval:4:1,1,4,1,18,90,B,False,4508.965,4511.776,ok,,0.12244897959183676,0.03285216525634649,0.07843137254901963,20,2,5,45,0.32558139534883723,8.11537002251435,0.14637904468412943
groot_l10_500,r6p3v2_groot_l10_500_B_r2,r6p3v2_groot_l10_500_B_r2:eval:4:1,1,4,1,20,100,B,True,4117.195,4119.835,ok,,0.08000000000000002,0.03285216525634649,0.07843137254901963,20,2,5,45,0.3673469387755102,8.187687242148153,0.1552621048419368
groot_l10_500,r6p3v2_groot_l10_500_B_r2,r6p3v2_groot_l10_500_B_r2:eval:4:1,1,4,1,22,110,B,False,4276.312,4279.104,ok,,0.10344827586206895,0.03495311167945442,0.07843137254901963,20,2,5,45,0.4489795918367347,8.357722299629556,0.08666666666666673
groot_l10_500,r6p3v2_groot_l10_500_B_r2,r6p3v2_groot_l10_500_B_r2:eval:4:1,1,4,1,24,120,B,False,4390.358,4392.994,ok,,0.163265306122449,0.04044489383215366,0.0784313725490196,20,2,5,45,0.4166666666666667,8.091532029178703,0.11309523809523808
groot_l10_500,r6p3v2_groot_l10_500_B_r2,r6p3v2_groot_l10_500_B_r2:eval:4:1,1,4,1,26,130,B,False,4413.757,4416.472,ok,,0.08163265306122447,0.008281573498964745,0.07843137254901966,20,2,5,45,0.5714285714285714,8.150711982567431,0.015238095238095162
groot_l10_500,r6p3v2_groot_l10_500_B_r2,r6p3v2_groot_l10_500_B_r2:eval:4:1,1,4,1,28,140,B,False,4385.153,4387.994,ok,,0.08333333333333337,0.008281573498964745,0.07843137254901955,20,2,5,45,0.6122448979591837,9.26450361698551,0.015928322548531604
groot_l10_500,r6p3v2_groot_l10_500_B_r2,r6p3v2_groot_l10_500_B_r2:eval:4:1,1,4,1,30,150,B,True,4248.335,4251.325,ok,,0.0888888888888889,0.008281573498964745,0.07843137254901955,20,2,5,45,0.6363636363636364,9.847147472118273,0.013605442176870652
groot_l10_500,r6p3v2_groot_l10_500_B_r2,r6p3v2_groot_l10_500_B_r2:eval:4:1,1,4,1,32,160,B,False,4464.325,4466.857,ok,,0.09090909090909094,0.008281573498964745,0.07843137254901955,20,2,5,45,0.6666666666666666,10.265314650366024,0.013605442176870763
groot_l10_500,r6p3v2_groot_l10_500_B_r2,r6p3v2_groot_l10_500_B_r2:eval:4:1,1,4,1,34,170,B,False,4383.413,4386.061,ok,,0.0888888888888889,0.008281573498964745,0.07843137254901955,20,2,5,45,0.7272727272727273,9.542353748066946,0.00927643784786647
groot_l10_500,r6p3v2_groot_l10_500_B_r2,r6p3v2_groot_l10_500_B_r2:eval:4:1,1,4,1,36,180,B,False,4389.318,4391.954,ok,,0.09090909090909094,0.008281573498964745,0.07843137254901966,20,2,5,45,0.7555555555555555,8.84504390765658,0.015928322548531604
groot_l10_500,r6p3v2_groot_l10_500_B_r2,r6p3v2_groot_l10_500_B_r2:eval:4:1,1,4,1,38,190,B,True,4370.566,4373.634,ok,,0.09302325581395354,0.007575757575757458,0.07843137254901955,20,2,5,45,0.7906976744186046,8.409045098619815,0.015928322548531604
groot_l10_500,r6p3v2_groot_l10_500_B_r2,r6p3v2_groot_l10_500_B_r2:eval:4:1,1,4,1,40,200,B,False,4440.976,4443.727,ok,,0.09523809523809523,0.010604453870625696,0.07843137254901955,20,2,5,45,0.8292682926829268,7.809279266068628,0.015928322548531604
groot_l10_500,r6p3v2_groot_l10_500_B_r2,r6p3v2_groot_l10_500_B_r2:eval:4:1,1,4,1,42,210,B,False,4395.185,4397.782,ok,,0.09523809523809523,0.02114164904862581,0.07843137254901962,20,2,5,45,0.8780487804878049,7.991196181322221,0.05415460934270355
groot_l10_500,r6p3v2_groot_l10_500_B_r2,r6p3v2_groot_l10_500_B_r2:eval:4:1,1,4,1,44,220,B,False,4244.968,4247.575,slow_ambiguous,,0.07317073170731703,0.011904761904761862,0.07843137254901962,20,2,5,45,0.926829268292683,7.885326911027865,0.025470653377630104
groot_l10_500,r6p3v2_groot_l10_500_B_r2,r6p3v2_groot_l10_500_B_r2:eval:4:1,1,4,1,46,230,B,True,4378.994,4381.919,slow_confirmed,,0.023255813953488413,0.03241719520789295,0.07843137254901962,20,2,5,45,0.9767441860465116,7.728883174052704,0.04761904761904767
groot_l10_500,r6p3v2_groot_l10_500_B_r2,r6p3v2_groot_l10_500_B_r2:eval:4:1,1,4,1,48,240,B,True,4411.595,4414.517,slow_confirmed,,0.0,0.010604453870625807,0.07843137254901955,20,2,5,45,1.0,9.131583446775924,0.0
groot_l10_500,r6p3v2_groot_l10_500_B_r2,r6p3v2_groot_l10_500_B_r2:eval:4:1,1,4,1,50,250,B,False,4561.351,4564.072,slow_confirmed,,0.0,0.008281573498964856,0.07843137254901955,20,2,5,45,1.0,10.347656563016308,0.0
groot_l10_500,r6p3v2_groot_l10_500_B_r2,r6p3v2_groot_l10_500_B_r2:eval:4:1,1,4,1,52,260,B,False,4331.795,4334.692,slow_confirmed,,0.0,0.008281573498964856,0.07843137254901955,20,2,5,45,1.0,11.299019094042693,0.0
groot_l10_500,r6p3v2_groot_l10_500_B_r2,r6p3v2_groot_l10_500_B_r2:eval:4:1,1,4,1,54,270,B,False,4269.302,4272.029,slow_confirmed,,0.0,0.010457516339869244,0.07843137254901955,20,2,5,45,0.5652173913043478,11.39674178472439,0.20338983050847456
groot_l10_500,r6p3v2_groot_l10_500_B_r2,r6p3v2_groot_l10_500_B_r2:eval:4:1,1,4,1,56,280,B,True,4401.967,4404.965,slow_confirmed,,0.0,0.011904761904761862,0.07843137254901955,20,2,5,45,0.5423728813559322,11.579947945104564,0.11538461538461531
groot_l10_500,r6p3v2_groot_l10_500_B_r2,r6p3v2_groot_l10_500_B_r2:eval:4:1,1,4,1,58,290,B,True,4230.033,4233.106,slow_confirmed,,0.0,0.011904761904761862,0.07843137254901955,20,2,5,45,0.5423728813559322,11.740139908856198,0.19230769230769224
groot_l10_500,r6p3v2_groot_l10_500_B_r2,r6p3v2_groot_l10_500_B_r2:eval:4:1,1,4,1,60,300,B,False,4658.893,4670.066,slow_confirmed,,0.0,0.006349206349206327,0.07843137254901955,20,2,5,45,0.5769230769230769,11.759489425112237,0.0
groot_l10_500,r6p3v2_groot_l10_500_B_r2,r6p3v2_groot_l10_500_B_r2:eval:4:1,1,4,1,62,310,B,False,4267.8,4270.739,slow_confirmed,,0.0,0.006349206349206327,0.07843137254901955,20,2,5,45,0.5423728813559322,11.83090989808096,0.0
groot_l10_500,r6p3v2_groot_l10_500_B_r2,r6p3v2_groot_l10_500_B_r2:eval:4:1,1,4,1,64,320,B,True,4317.249,4320.044,slow_confirmed,,0.0,0.011904761904761862,0.07843137254901955,20,2,5,45,0.5423728813559322,12.106838661479577,0.44067796610169496
groot_l10_500,r6p3v2_groot_l10_500_B_r2,r6p3v2_groot_l10_500_B_r2:eval:4:1,1,4,1,66,330,B,True,4424.596,4427.516,slow_confirmed,,0.0,0.024318349299926267,0.0784313725490196,20,2,5,45,0.4186046511627907,12.546674162975657,0.44067796610169496
groot_l10_500,r6p3v2_groot_l10_500_B_r2,r6p3v2_groot_l10_500_B_r2:eval:4:1,1,4,1,68,340,B,False,4372.338,4375.113,slow_confirmed,,0.0,0.0378787878787879,0.07843137254901955,20,2,5,45,0.46153846153846156,12.916037540906402,0.11538461538461531
groot_l10_500,r6p3v2_groot_l10_500_B_r2,r6p3v2_groot_l10_500_B_r2:eval:4:1,1,4,1,70,350,B,True,4448.15,4468.939,slow_confirmed,,0.0,0.021346469622331693,0.0784313725490196,20,2,5,45,0.4090909090909091,13.255311261470341,0.1538461538461538
groot_l10_500,r6p3v2_groot_l10_500_B_r2,r6p3v2_groot_l10_500_B_r2:eval:4:1,1,4,1,72,360,B,False,4299.667,4302.298,slow_confirmed,,0.0,0.021346469622331693,0.0784313725490196,20,2,5,45,0.4090909090909091,13.51632862735311,0.44067796610169496
groot_l10_500,r6p3v2_groot_l10_500_B_r2,r6p3v2_groot_l10_500_B_r2:eval:4:1,1,4,1,74,370,B,False,4330.589,4333.317,slow_confirmed,,0.0,0.008281573498964856,0.07843137254901955,20,2,5,45,0.5384615384615384,13.575702396620606,0.038461538461538436
groot_l10_500,r6p3v2_groot_l10_500_B_r2,r6p3v2_groot_l10_500_B_r2:eval:4:1,1,4,1,76,380,B,False,4362.499,4374.431,slow_confirmed,,0.0,0.006349206349206327,0.07843137254901955,20,2,5,45,0.5769230769230769,13.685610727788033,0.0
groot_l10_500,r6p3v2_groot_l10_500_B_r2,r6p3v2_groot_l10_500_B_r2:eval:4:1,1,4,1,78,390,B,False,4239.393,4242.037,slow_confirmed,,0.0,0.008281573498964745,0.07843137254901955,20,2,5,45,0.9130434782608695,13.873004980124113,0.0
groot_l10_500,r6p3v2_groot_l10_500_B_r2,r6p3v2_groot_l10_500_B_r2:eval:4:1,1,4,1,80,400,B,True,4434.669,4437.311,slow_confirmed,,0.0,0.008281573498964745,0.07843137254901955,20,2,5,45,0.9130434782608695,13.926711430315564,0.0
groot_l10_500,r6p3v2_groot_l10_500_B_r2,r6p3v2_groot_l10_500_B_r2:eval:4:1,1,4,1,82,410,B,False,4268.619,4271.133,slow_confirmed,,0.0,0.008281573498964745,0.07843137254901955,20,2,5,45,0.9130434782608695,14.110406403773737,0.0
groot_l10_500,r6p3v2_groot_l10_500_B_r2,r6p3v2_groot_l10_500_B_r2:eval:4:1,1,4,1,84,420,B,False,4224.206,4226.99,slow_confirmed,,0.0,0.011904761904761862,0.07843137254901955,20,2,5,45,0.5423728813559322,14.205258582687774,0.44067796610169496
groot_l10_500,r6p3v2_groot_l10_500_B_r2,r6p3v2_groot_l10_500_B_r2:eval:4:1,1,4,1,86,430,B,False,4268.737,4271.294,slow_confirmed,,0.0,0.008281573498964745,0.07843137254901955,20,2,5,45,0.9130434782608695,14.387036027263681,0.0
groot_l10_500,r6p3v2_groot_l10_500_B_r2,r6p3v2_groot_l10_500_B_r2:eval:4:1,1,4,1,88,440,B,True,4183.772,4195.611,slow_confirmed,,0.0,0.006349206349206327,0.07843137254901955,20,2,5,45,0.5769230769230769,14.402334963240662,0.0
groot_l10_500,r6p3v2_groot_l10_500_B_r2,r6p3v2_groot_l10_500_B_r2:eval:4:1,1,4,1,90,450,B,True,4281.387,4283.917,slow_confirmed,,0.0,0.008281573498964856,0.07843137254901955,20,2,5,45,0.5769230769230769,14.410972388899403,0.016949152542372836
groot_l10_500,r6p3v2_groot_l10_500_B_r2,r6p3v2_groot_l10_500_B_r2:eval:4:1,1,4,1,92,460,B,False,4257.301,4259.76,slow_confirmed,,0.0,0.006349206349206327,0.07843137254901955,20,2,5,45,0.5384615384615384,14.701399623299347,0.0
groot_l10_500,r6p3v2_groot_l10_500_B_r2,r6p3v2_groot_l10_500_B_r2:eval:4:1,1,4,1,94,470,B,False,4357.009,4359.425,slow_confirmed,,0.0,0.024318349299926267,0.0784313725490196,20,2,5,45,0.4230769230769231,15.002505860045858,0.6440677966101696
groot_l10_500,r6p3v2_groot_l10_500_B_r2,r6p3v2_groot_l10_500_B_r2:eval:4:1,1,4,1,96,480,B,False,4168.832,4171.478,slow_confirmed,,0.04545454545454547,0.011904761904761918,0.07843137254901955,20,2,5,45,0.47619047619047616,15.362498070755775,0.5238095238095238
groot_l10_500,r6p3v2_groot_l10_500_B_r2,r6p3v2_groot_l10_500_B_r2:eval:4:1,1,4,1,98,490,B,True,4398.981,4401.682,slow_confirmed,,0.0,0.024318349299926267,0.0784313725490196,20,2,5,45,0.4230769230769231,15.47249285180515,0.20338983050847456
groot_l10_500,r6p3v2_groot_l10_500_B_r2,r6p3v2_groot_l10_500_B_r2:eval:4:1,1,4,1,100,500,B,True,4247.562,4250.263,slow_confirmed,,0.0,0.024318349299926267,0.0784313725490196,20,2,5,45,0.4090909090909091,15.428479402488582,0.06779661016949151
groot_l10_500,r6p3v2_groot_l10_500_B_r2,r6p3v2_groot_l10_500_B_r2:eval:4:1,1,4,1,102,510,B,False,4216.373,4218.873,slow_confirmed,,0.0,0.010457516339869133,0.0784313725490196,20,2,5,45,0.4090909090909091,14.859339205119317,0.04347826086956519
groot_l10_500,r6p3v2_groot_l10_500_B_r2,r6p3v2_groot_l10_500_B_r2:eval:5:0,1,5,0,0,0,B,False,44.963,47.737,inactive,warming_up,,,,0,2,5,46,,,
groot_l10_500,r6p3v2_groot_l10_500_B_r2,r6p3v2_groot_l10_500_B_r2:eval:5:0,1,5,0,2,10,B,False,43.681,45.515,inactive,warming_up,,,,0,2,5,46,,,
groot_l10_500,r6p3v2_groot_l10_500_B_r2,r6p3v2_groot_l10_500_B_r2:eval:5:0,1,5,0,4,20,B,False,4584.759,4587.411,ok,,0.125,0.04253433761630483,0.07407407407407407,20,2,5,46,0.0,7.781427059098647,0.09735449735449736
groot_l10_500,r6p3v2_groot_l10_500_B_r2,r6p3v2_groot_l10_500_B_r2:eval:5:0,1,5,0,6,30,B,False,4139.031,4141.641,ok,,0.11428571428571428,0.05092592592592593,0.07407407407407407,20,2,5,46,0.07407407407407407,7.41399551308632,0.11342592592592593
groot_l10_500,r6p3v2_groot_l10_500_B_r2,r6p3v2_groot_l10_500_B_r2:eval:5:0,1,5,0,8,40,B,False,4079.506,4106.848,ok,,0.10526315789473684,0.03703703703703706,0.07407407407407407,20,2,5,46,0.14285714285714285,8.01148730654487,0.13035714285714287
groot_l10_500,r6p3v2_groot_l10_500_B_r2,r6p3v2_groot_l10_500_B_r2:eval:5:0,1,5,0,10,50,B,False,4128.425,4131.144,ok,,0.10526315789473684,0.03793103448275863,0.07407407407407407,20,2,5,46,0.22857142857142856,8.588838863447917,0.07188940092165899
groot_l10_500,r6p3v2_groot_l10_500_B_r2,r6p3v2_groot_l10_500_B_r2:eval:5:0,1,5,0,12,60,B,False,4145.393,4148.201,ok,,0.125,0.048711943793911014,0.07407407407407407,20,2,5,46,0.25,8.671945966868568,0.05789473684210528
groot_l10_500,r6p3v2_groot_l10_500_B_r2,r6p3v2_groot_l10_500_B_r2:eval:5:0,1,5,0,14,70,B,False,4229.14,4231.884,ok,,0.11428571428571432,0.04594594594594599,0.07407407407407407,20,2,5,46,0.3125,8.668331222140806,0.02903225806451608
groot_l10_500,r6p3v2_groot_l10_500_B_r2,r6p3v2_groot_l10_500_B_r2:eval:5:0,1,5,0,16,80,B,False,4116.168,4118.994,ok,,0.10526315789473684,0.0499194847020934,0.07407407407407407,20,2,5,46,0.375,8.90726576754733,0.024999999999999953
groot_l10_500,r6p3v2_groot_l10_500_B_r2,r6p3v2_groot_l10_500_B_r2:eval:5:0,1,5,0,18,90,B,True,4161.889,4174.399,ok,,0.11111111111111112,0.05514705882352933,0.07407407407407407,20,2,5,46,0.4375,8.70230036814551,0.022435897435897467
groot_l10_500,r6p3v2_groot_l10_500_B_r2,r6p3v2_groot_l10_500_B_r2:eval:5:0,1,5,0,20,100,B,False,4084.085,4086.86,ok,,0.11111111111111116,0.04253433761630482,0.07407407407407407,20,2,5,46,0.5,8.1877178307951,0.054824561403508776
groot_l10_500,r6p3v2_groot_l10_500_B_r2,r6p3v2_groot_l10_500_B_r2:eval:5:0,1,5,0,22,110,B,False,4187.062,4189.741,ok,,0.10526315789473684,0.05514705882352933,0.07407407407407407,20,2,5,46,0.5625,7.623091327485528,0.03379416282642089
groot_l10_500,r6p3v2_groot_l10_500_B_r2,r6p3v2_groot_l10_500_B_r2:eval:5:0,1,5,0,24,120,B,True,4166.048,4168.927,ok,,0.11428571428571432,0.07126436781609191,0.07407407407407407,20,2,5,46,0.625,7.05211094505718,0.03379416282642089
groot_l10_500,r6p3v2_groot_l10_500_B_r2,r6p3v2_groot_l10_500_B_r2:eval:5:0,1,5,0,26,130,B,True,4090.322,4092.935,ok,,0.09523809523809523,0.07126436781609191,0.07407407407407407,20,2,5,46,0.6875,7.0401161940724455,0.06048387096774188
groot_l10_500,r6p3v2_groot_l10_500_B_r2,r6p3v2_groot_l10_500_B_r2:eval:5:0,1,5,0,28,140,B,False,4086.761,4089.521,ok,,0.1428571428571428,0.06349206349206349,0.07407407407407407,20,2,5,46,0.75,7.371794185808283,0.11732456140350878
groot_l10_500,r6p3v2_groot_l10_500_B_r2,r6p3v2_groot_l10_500_B_r2:eval:5:0,1,5,0,30,150,B,False,4096.208,4098.997,ok,,0.125,0.06209150326797386,0.07407407407407407,20,2,5,46,0.8125,7.329932694418265,0.16491228070175448
groot_l10_500,r6p3v2_groot_l10_500_B_r2,r6p3v2_groot_l10_500_B_r2:eval:5:0,1,5,0,32,160,B,True,4241.109,4243.782,ok,,0.125,0.07407407407407407,0.07407407407407407,20,2,5,46,0.8333333333333334,7.509046419793553,0.10416666666666663
groot_l10_500,r6p3v2_groot_l10_500_B_r2,r6p3v2_groot_l10_500_B_r2:eval:5:1,1,5,1,0,0,B,False,43.967,46.671,inactive,warming_up,,,,0,2,5,46,,,
groot_l10_500,r6p3v2_groot_l10_500_B_r2,r6p3v2_groot_l10_500_B_r2:eval:5:1,1,5,1,2,10,B,True,29.727,31.535,inactive,warming_up,,,,0,2,5,46,,,
groot_l10_500,r6p3v2_groot_l10_500_B_r2,r6p3v2_groot_l10_500_B_r2:eval:5:1,1,5,1,4,20,B,False,4134.177,4136.721,ok,,0.125,0.027329192546583864,0.07407407407407407,20,2,5,46,0.0,8.320463881585807,0.07142857142857142
groot_l10_500,r6p3v2_groot_l10_500_B_r2,r6p3v2_groot_l10_500_B_r2:eval:5:1,1,5,1,6,30,B,False,4263.451,4266.073,ok,,0.09999999999999999,0.03793103448275863,0.07407407407407407,20,2,5,46,0.05,8.118154659922194,0.07235726399095535
groot_l10_500,r6p3v2_groot_l10_500_B_r2,r6p3v2_groot_l10_500_B_r2:eval:5:1,1,5,1,8,40,B,False,4121.053,4123.807,ok,,0.11428571428571428,0.023645320197044337,0.07407407407407407,20,2,5,46,0.1,8.380047151914075,0.042692939244663386
groot_l10_500,r6p3v2_groot_l10_500_B_r2,r6p3v2_groot_l10_500_B_r2:eval:5:1,1,5,1,10,50,B,False,4237.544,4240.292,ok,,0.1,0.016891891891891886,0.07407407407407407,20,2,5,46,0.14285714285714285,9.030656932473109,0.1286764705882353
groot_l10_500,r6p3v2_groot_l10_500_B_r2,r6p3v2_groot_l10_500_B_r2:eval:5:1,1,5,1,12,60,B,False,4267.068,4269.848,ok,,0.1176470588235294,0.03266787658802178,0.07407407407407407,20,2,5,46,0.23529411764705882,9.351671797153188,0.029761904761904767
groot_l10_500,r6p3v2_groot_l10_500_B_r2,r6p3v2_groot_l10_500_B_r2:eval:5:1,1,5,1,14,70,B,True,4151.96,4154.715,ok,,0.09999999999999998,0.03266787658802178,0.07407407407407407,20,2,5,46,0.25,9.596169646277831,0.05942622950819673
groot_l10_500,r6p3v2_groot_l10_500_B_r2,r6p3v2_groot_l10_500_B_r2:eval:5:1,1,5,1,16,80,B,False,4175.502,4178.296,ok,,0.09523809523809523,0.029822926374650505,0.07407407407407407,20,2,5,46,0.3125,9.754495768503537,0.06617647058823528
groot_l10_500,r6p3v2_groot_l10_500_B_r2,r6p3v2_groot_l10_500_B_r2:eval:5:1,1,5,1,18,90,B,False,4056.777,4059.87,ok,,0.10000000000000005,0.023486901535682003,0.07407407407407407,20,2,5,46,0.35294117647058826,9.897368453466791,0.11764705882352938
groot_l10_500,r6p3v2_groot_l10_500_B_r2,r6p3v2_groot_l10_500_B_r2:eval:5:1,1,5,1,20,100,B,False,4208.198,4210.778,ok,,0.11764705882352944,0.0268199233716475,0.07407407407407407,20,2,5,46,0.4375,9.917656456818479,0.029761904761904767
groot_l10_500,r6p3v2_groot_l10_500_B_r2,r6p3v2_groot_l10_500_B_r2:eval:5:1,1,5,1,22,110,B,True,4318.933,4321.892,ok,,0.125,0.04594594594594599,0.07407407407407407,20,2,5,46,0.5,9.331663437073333,0.01388888888888884
groot_l10_500,r6p3v2_groot_l10_500_B_r2,r6p3v2_groot_l10_500_B_r2:eval:5:1,1,5,1,24,120,B,False,4273.778,4276.466,ok,,0.11764705882352944,0.03069053708439906,0.07407407407407407,20,2,5,46,0.5625,8.616108140681817,0.05833333333333335
groot_l10_500,r6p3v2_groot_l10_500_B_r2,r6p3v2_groot_l10_500_B_r2:eval:5:1,1,5,1,26,130,B,False,4147.499,4150.324,ok,,0.125,0.04761904761904756,0.07407407407407407,20,2,5,46,0.625,7.979658987364947,0.03266787658802173
groot_l10_500,r6p3v2_groot_l10_500_B_r2,r6p3v2_groot_l10_500_B_r2:eval:5:1,1,5,1,28,140,B,False,4156.245,4159.008,ok,,0.125,0.050980392156862786,0.07407407407407407,20,2,5,46,0.7058823529411765,8.15660746430622,0.12100840336134458
groot_l10_500,r6p3v2_groot_l10_500_B_r2,r6p3v2_groot_l10_500_B_r2:eval:5:1,1,5,1,30,150,B,False,4185.465,4188.248,ok,,0.125,0.06775956284153001,0.07407407407407407,20,2,5,46,0.75,7.5323954208819925,0.08442622950819673
groot_l10_500,r6p3v2_groot_l10_500_B_r2,r6p3v2_groot_l10_500_B_r2:eval:5:1,1,5,1,32,160,B,False,4297.398,4300.367,ok,,0.08571428571428574,0.07017543859649122,0.07407407407407407,20,2,5,46,0.8125,7.260222908300055,0.05942622950819676
groot_l10_500,r6p3v2_groot_l10_500_B_r2,r6p3v2_groot_l10_500_B_r2:eval:6:0,1,6,0,0,0,B,False,40.897,43.517,inactive,warming_up,,,,0,2,5,39,,,
groot_l10_500,r6p3v2_groot_l10_500_B_r2,r6p3v2_groot_l10_500_B_r2:eval:6:0,1,6,0,2,10,B,False,27.49,29.029,inactive,warming_up,,,,0,2,5,39,,,
groot_l10_500,r6p3v2_groot_l10_500_B_r2,r6p3v2_groot_l10_500_B_r2:eval:6:0,1,6,0,4,20,B,False,4327.248,4329.887,ok,,0.0784313725490196,0.017221584385763503,0.059701492537313425,20,2,5,39,0.0,8.237646185147854,0.04366197183098592
groot_l10_500,r6p3v2_groot_l10_500_B_r2,r6p3v2_groot_l10_500_B_r2:eval:6:0,1,6,0,6,30,B,True,4042.554,4045.261,ok,,0.0784313725490196,0.017221584385763503,0.059701492537313425,20,2,5,39,0.04081632653061224,7.339946915585223,0.04117647058823529
groot_l10_500,r6p3v2_groot_l10_500_B_r2,r6p3v2_groot_l10_500_B_r2:eval:6:0,1,6,0,8,40,B,False,3840.946,3843.517,ok,,0.09302325581395349,0.018367346938775522,0.059701492537313425,20,2,5,39,0.08955223880597014,7.753907629576719,0.044017607042817125
groot_l10_500,r6p3v2_groot_l10_500_B_r2,r6p3v2_groot_l10_500_B_r2:eval:6:0,1,6,0,10,50,B,True,3763.393,3765.903,ok,,0.09302325581395349,0.015437392795883367,0.05970149253731344,20,2,5,39,0.14634146341463414,8.072557669660164,0.019129603060736494
groot_l10_500,r6p3v2_groot_l10_500_B_r2,r6p3v2_groot_l10_500_B_r2:eval:6:0,1,6,0,12,60,B,False,3866.684,3869.509,ok,,0.09302325581395351,0.02564102564102566,0.05970149253731344,20,2,5,39,0.1951219512195122,8.12016252929504,0.019129603060736466
groot_l10_500,r6p3v2_groot_l10_500_B_r2,r6p3v2_groot_l10_500_B_r2:eval:6:0,1,6,0,14,70,B,False,3808.438,3811.08,ok,,0.09523809523809523,0.029650884744141515,0.05970149253731344,20,2,5,39,0.21739130434782608,7.903347544534323,0.021568627450980343
groot_l10_500,r6p3v2_groot_l10_500_B_r2,r6p3v2_groot_l10_500_B_r2:eval:6:0,1,6,0,16,80,B,False,3867.25,3870.099,ok,,0.08695652173913043,0.0369565217391305,0.05970149253731344,20,2,5,39,0.25,7.878974295920295,0.04117647058823528
groot_l10_500,r6p3v2_groot_l10_500_B_r2,r6p3v2_groot_l10_500_B_r2:eval:6:0,1,6,0,18,90,B,False,3946.213,3948.8,ok,,0.09756097560975607,0.0369565217391305,0.05970149253731344,20,2,5,39,0.3,8.073882386127712,0.04117647058823533
groot_l10_500,r6p3v2_groot_l10_500_B_r2,r6p3v2_groot_l10_500_B_r2:eval:6:0,1,6,0,20,100,B,False,3750.562,3753.158,ok,,0.09756097560975607,0.0369565217391305,0.05970149253731344,20,2,5,39,0.3902439024390244,8.058666378196834,0.045328399629972205
groot_l10_500,r6p3v2_groot_l10_500_B_r2,r6p3v2_groot_l10_500_B_r2:eval:6:0,1,6,0,22,110,B,True,3864.968,3867.843,ok,,0.09999999999999998,0.014893617021276617,0.05970149253731344,20,2,5,39,0.43902439024390244,7.949572013366769,0.12513255567338277
groot_l10_500,r6p3v2_groot_l10_500_B_r2,r6p3v2_groot_l10_500_B_r2:eval:6:0,1,6,0,24,120,B,False,3850.823,3853.34,ok,,0.09756097560975607,0.054698457223001484,0.05970149253731344,20,2,5,39,0.4878048780487805,7.610194646557027,0.08165429480381753
groot_l10_500,r6p3v2_groot_l10_500_B_r2,r6p3v2_groot_l10_500_B_r2:eval:6:0,1,6,0,26,130,B,True,3897.833,3900.433,ok,,0.09523809523809523,0.05970149253731344,0.05970149253731344,20,2,5,39,0.5365853658536586,7.444987705017695,0.05348837209302326
groot_l10_500,r6p3v2_groot_l10_500_B_r2,r6p3v2_groot_l10_500_B_r2:eval:6:0,1,6,0,28,140,B,False,3916.783,3919.618,ok,,0.09756097560975618,0.056338028169014065,0.05970149253731344,20,2,5,39,0.5581395348837209,7.747740091834125,0.024623803009575784
groot_l10_500,r6p3v2_groot_l10_500_B_r2,r6p3v2_groot_l10_500_B_r2:eval:6:0,1,6,0,30,150,B,True,3799.936,3802.752,ok,,0.09302325581395343,0.0547945205479452,0.05970149253731338,20,2,5,39,0.6341463414634146,8.01164790829532,0.01912960306073641
groot_l10_500,r6p3v2_groot_l10_500_B_r2,r6p3v2_groot_l10_500_B_r2:eval:6:0,1,6,0,32,160,B,False,3776.58,3779.211,ok,,0.08510638297872342,0.041269841269841345,0.05970149253731344,20,2,5,39,0.6976744186046512,7.912526140140578,0.03785948307244269
groot_l10_500,r6p3v2_groot_l10_500_B_r2,r6p3v2_groot_l10_500_B_r2:eval:6:0,1,6,0,34,170,B,False,3921.898,3924.885,ok,,0.12244897959183676,0.05494505494505497,0.05970149253731344,20,2,5,39,0.7391304347826086,7.792252952256374,0.044296788482835026
groot_l10_500,r6p3v2_groot_l10_500_B_r2,r6p3v2_groot_l10_500_B_r2:eval:6:0,1,6,0,36,180,B,False,3902.893,3905.53,ok,,0.13043478260869557,0.05882352941176461,0.05970149253731344,20,2,5,39,0.7906976744186046,7.472649751317213,0.03953488372093028
groot_l10_500,r6p3v2_groot_l10_500_B_r2,r6p3v2_groot_l10_500_B_r2:eval:6:0,1,6,0,38,190,B,True,4122.369,4125.055,slow_ambiguous,,0.046511627906976716,0.05882352941176472,0.05970149253731344,20,2,5,39,0.8695652173913043,7.138778963763438,0.05918367346938769
groot_l10_500,r6p3v2_groot_l10_500_B_r2,r6p3v2_groot_l10_500_B_r2:eval:6:0,1,6,0,40,200,B,False,3848.922,3851.773,ok,,0.08695652173913049,0.05494505494505497,0.05970149253731344,20,2,5,39,0.9130434782608695,7.5858849739752054,0.04133961276818421
groot_l10_500,r6p3v2_groot_l10_500_B_r2,r6p3v2_groot_l10_500_B_r2:eval:6:1,1,6,1,0,0,B,False,42.953,45.932,inactive,warming_up,,,,0,2,5,39,,,
groot_l10_500,r6p3v2_groot_l10_500_B_r2,r6p3v2_groot_l10_500_B_r2:eval:6:1,1,6,1,2,10,B,False,29.489,31.276,inactive,warming_up,,,,0,2,5,39,,,
groot_l10_500,r6p3v2_groot_l10_500_B_r2,r6p3v2_groot_l10_500_B_r2:eval:6:1,1,6,1,4,20,B,False,4116.599,4119.58,ok,,0.08888888888888889,0.018367346938775522,0.059701492537313425,20,2,5,39,0.0,7.7650595178041115,0.0380479735318445
groot_l10_500,r6p3v2_groot_l10_500_B_r2,r6p3v2_groot_l10_500_B_r2:eval:6:1,1,6,1,6,30,B,False,3865.447,3868.139,ok,,0.10256410256410257,0.02564102564102566,0.059701492537313425,20,2,5,39,0.044444444444444446,7.288242362739456,0.031111111111111117
groot_l10_500,r6p3v2_groot_l10_500_B_r2,r6p3v2_groot_l10_500_B_r2:eval:6:1,1,6,1,8,40,B,True,3885.815,3888.483,ok,,0.0975609756097561,0.015437392795883367,0.059701492537313425,20,2,5,39,0.0975609756097561,7.717275074698844,0.02256410256410256
groot_l10_500,r6p3v2_groot_l10_500_B_r2,r6p3v2_groot_l10_500_B_r2:eval:6:1,1,6,1,10,50,B,False,4032.56,4035.423,ok,,0.08888888888888888,0.01432880844645551,0.059701492537313425,20,2,5,39,0.12,7.841997422081824,0.037500000000000006
groot_l10_500,r6p3v2_groot_l10_500_B_r2,r6p3v2_groot_l10_500_B_r2:eval:6:1,1,6,1,12,60,B,False,3727.249,3729.876,ok,,0.09756097560975607,0.024132730015082995,0.059701492537313425,20,2,5,39,0.1951219512195122,8.352130763102565,0.0400641025641026
groot_l10_500,r6p3v2_groot_l10_500_B_r2,r6p3v2_groot_l10_500_B_r2:eval:6:1,1,6,1,14,70,B,False,3958.521,3961.077,ok,,0.09302325581395351,0.02284781721746229,0.059701492537313425,20,2,5,39,0.23255813953488372,8.175477110025293,0.053981106612685514
groot_l10_500,r6p3v2_groot_l10_500_B_r2,r6p3v2_groot_l10_500_B_r2:eval:6:1,1,6,1,16,80,B,True,3929.806,3932.883,ok,,0.09302325581395349,0.04756097560975614,0.059701492537313425,20,2,5,39,0.27906976744186046,7.806698259323551,0.07786589762076424
groot_l10_500,r6p3v2_groot_l10_500_B_r2,r6p3v2_groot_l10_500_B_r2:eval:6:1,1,6,1,18,90,B,False,3857.902,3860.569,ok,,0.10000000000000005,0.02156862745098037,0.059701492537313425,20,2,5,39,0.3076923076923077,8.216365817230235,0.050468637346791634
groot_l10_500,r6p3v2_groot_l10_500_B_r2,r6p3v2_groot_l10_500_B_r2:eval:6:1,1,6,1,20,100,B,False,4050.757,4053.423,ok,,0.10000000000000005,0.059701492537313494,0.059701492537313494,20,2,5,39,0.358974358974359,8.441577691707943,0.01223990208078335
groot_l10_500,r6p3v2_groot_l10_500_B_r2,r6p3v2_groot_l10_500_B_r2:eval:6:1,1,6,1,22,110,B,True,3728.224,3731.069,ok,,0.09302325581395349,0.054698457223001484,0.05970149253731344,20,2,5,39,0.37209302325581395,8.042585198641484,0.06304347826086959
groot_l10_500,r6p3v2_groot_l10_500_B_r2,r6p3v2_groot_l10_500_B_r2:eval:6:1,1,6,1,24,120,B,False,3772.923,3775.293,ok,,0.09090909090909088,0.05526315789473692,0.05970149253731344,20,2,5,39,0.45,8.1598405879246,0.05875152998776019
groot_l10_500,r6p3v2_groot_l10_500_B_r2,r6p3v2_groot_l10_500_B_r2:eval:6:1,1,6,1,26,130,B,True,4009.672,4012.414,ok,,0.09090909090909088,0.04756097560975614,0.05970149253731344,20,2,5,39,0.5,8.1057306336679,0.06604747162022706
groot_l10_500,r6p3v2_groot_l10_500_B_r2,r6p3v2_groot_l10_500_B_r2:eval:6:1,1,6,1,28,140,B,False,3896.534,3899.343,ok,,0.09999999999999998,0.06451612903225801,0.059701492537313494,20,2,5,39,0.5,8.413494910501308,0.024132730015083093
groot_l10_500,r6p3v2_groot_l10_500_B_r2,r6p3v2_groot_l10_500_B_r2:eval:6:1,1,6,1,30,150,B,True,3806.581,3809.128,ok,,0.09999999999999998,0.05633802816901412,0.05970149253731338,20,2,5,39,0.5641025641025641,8.5641066529326,0.022564102564102573
groot_l10_500,r6p3v2_groot_l10_500_B_r2,r6p3v2_groot_l10_500_B_r2:eval:6:1,1,6,1,32,160,B,False,3806.617,3809.2,ok,,0.08163265306122447,0.02472089314194581,0.059701492537313494,20,2,5,39,0.6190476190476191,8.715635498251835,0.02709240445089489
groot_l10_500,r6p3v2_groot_l10_500_B_r2,r6p3v2_groot_l10_500_B_r2:eval:6:1,1,6,1,34,170,B,False,3847.202,3849.811,ok,,0.08510638297872342,0.020000000000000018,0.05970149253731338,20,2,5,39,0.6666666666666666,9.082527681382189,0.027092404450895113
groot_l10_500,r6p3v2_groot_l10_500_B_r2,r6p3v2_groot_l10_500_B_r2:eval:6:1,1,6,1,36,180,B,True,3833.166,3835.625,ok,,0.10256410256410253,0.0368421052631579,0.05970149253731344,20,2,5,39,0.7391304347826086,8.91469257350378,0.04532839962997226
groot_l10_500,r6p3v2_groot_l10_500_B_r2,r6p3v2_groot_l10_500_B_r2:eval:6:1,1,6,1,38,190,B,False,4020.509,4023.264,ok,,0.1132075471698114,0.02017543859649129,0.059701492537313494,20,2,5,39,0.7169811320754716,8.085906883928823,0.0926713947990544
groot_l10_500,r6p3v2_groot_l10_500_B_r2,r6p3v2_groot_l10_500_B_r2:eval:6:1,1,6,1,40,200,B,False,3860.476,3863.211,ok,,0.0888888888888889,0.05882352941176461,0.05970149253731344,20,2,5,39,0.7547169811320755,7.340946179851566,0.057446808510638214
groot_l10_500,r6p3v2_groot_l10_500_B_r2,r6p3v2_groot_l10_500_B_r2:eval:6:1,1,6,1,42,210,B,False,3952.613,3955.281,ok,,0.06666666666666665,0.033488372093023355,0.059701492537313494,20,2,5,39,0.9,7.2139149393781095,0.06774193548387097
groot_l10_500,r6p3v2_groot_l10_500_B_r2,r6p3v2_groot_l10_500_B_r2:eval:7:0,1,7,0,0,0,B,False,43.965,46.804,inactive,warming_up,,,,0,2,5,42,,,
groot_l10_500,r6p3v2_groot_l10_500_B_r2,r6p3v2_groot_l10_500_B_r2:eval:7:0,1,7,0,2,10,B,False,28.97,30.637,inactive,warming_up,,,,0,2,5,42,,,
groot_l10_500,r6p3v2_groot_l10_500_B_r2,r6p3v2_groot_l10_500_B_r2:eval:7:0,1,7,0,4,20,B,False,4422.359,4424.849,ok,,0.07692307692307693,0.03152088258471237,0.07017543859649122,20,2,5,42,0.0,7.698804027275099,0.04333333333333333
groot_l10_500,r6p3v2_groot_l10_500_B_r2,r6p3v2_groot_l10_500_B_r2:eval:7:0,1,7,0,6,30,B,False,4289.713,4292.583,ok,,0.0851063829787234,0.03152088258471237,0.07017543859649122,20,2,5,42,0.0,6.509249792253872,0.054901960784313725
groot_l10_500,r6p3v2_groot_l10_500_B_r2,r6p3v2_groot_l10_500_B_r2:eval:7:0,1,7,0,8,40,B,False,4242.285,4244.889,ok,,0.08510638297872339,0.04163265306122448,0.07017543859649122,20,2,5,42,0.0784313725490196,6.946253185280071,0.04656862745098039
groot_l10_500,r6p3v2_groot_l10_500_B_r2,r6p3v2_groot_l10_500_B_r2:eval:7:0,1,7,0,10,50,B,False,4237.05,4239.731,ok,,0.08333333333333334,0.03152088258471237,0.07017543859649122,20,2,5,42,0.12244897959183673,6.575851724062019,0.16452830188679243
groot_l10_500,r6p3v2_groot_l10_500_B_r2,r6p3v2_groot_l10_500_B_r2:eval:7:0,1,7,0,12,60,B,True,4067.405,4070.069,ok,,0.08510638297872339,0.03547169811320755,0.07017543859649122,20,2,5,42,0.16326530612244897,6.434284657268985,0.3058503401360544
groot_l10_500,r6p3v2_groot_l10_500_B_r2,r6p3v2_groot_l10_500_B_r2:eval:7:0,1,7,0,14,70,B,True,4371.409,4374.296,ok,,0.08510638297872339,0.03152088258471237,0.07017543859649122,20,2,5,42,0.20833333333333334,6.858648867722944,0.18666666666666665
groot_l10_500,r6p3v2_groot_l10_500_B_r2,r6p3v2_groot_l10_500_B_r2:eval:7:0,1,7,0,16,80,B,False,4118.412,4121.288,ok,,0.08163265306122447,0.03744680851063831,0.07017543859649122,20,2,5,42,0.24489795918367346,7.786812531877213,0.04336734693877553
groot_l10_500,r6p3v2_groot_l10_500_B_r2,r6p3v2_groot_l10_500_B_r2:eval:7:0,1,7,0,18,90,B,False,4082.926,4085.608,ok,,0.08163265306122452,0.016781083142639208,0.07017543859649122,20,2,5,42,0.2857142857142857,8.07142350686714,0.08666666666666673
groot_l10_500,r6p3v2_groot_l10_500_B_r2,r6p3v2_groot_l10_500_B_r2:eval:7:0,1,7,0,20,100,B,False,4149.822,4152.85,ok,,0.08163265306122452,0.007256235827664381,0.07017543859649122,20,2,5,42,0.32653061224489793,8.363869428411848,0.006675010429703809
groot_l10_500,r6p3v2_groot_l10_500_B_r2,r6p3v2_groot_l10_500_B_r2:eval:7:0,1,7,0,22,110,B,False,4105.151,4107.72,ok,,0.08163265306122447,0.007916872835230071,0.07017543859649122,20,2,5,42,0.3829787234042553,8.158492483891001,0.006675010429703865
groot_l10_500,r6p3v2_groot_l10_500_B_r2,r6p3v2_groot_l10_500_B_r2:eval:7:0,1,7,0,24,120,B,False,3988.616,3991.184,slow_ambiguous,,0.04255319148936165,0.043439716312056675,0.07017543859649122,20,2,5,42,0.425531914893617,7.668075261281402,0.004262574595055413
groot_l10_500,r6p3v2_groot_l10_500_B_r2,r6p3v2_groot_l10_500_B_r2:eval:7:0,1,7,0,26,130,B,False,4042.536,4044.903,ok,,0.08695652173913043,0.039651837524177946,0.07017543859649122,20,2,5,42,0.43478260869565216,6.993988195738197,0.10031919744642032
groot_l10_500,r6p3v2_groot_l10_500_B_r2,r6p3v2_groot_l10_500_B_r2:eval:7:0,1,7,0,28,140,B,True,3979.561,3982.175,ok,,0.08510638297872342,0.043948613928329994,0.07017543859649122,20,2,5,42,0.5,7.25260085476129,0.04401760704281703
groot_l10_500,r6p3v2_groot_l10_500_B_r2,r6p3v2_groot_l10_500_B_r2:eval:7:0,1,7,0,30,150,B,False,4021.392,4023.742,ok,,0.08163265306122447,0.03918722786647322,0.07017543859649122,20,2,5,42,0.5490196078431373,7.181095944015585,0.006675010429703865
groot_l10_500,r6p3v2_groot_l10_500_B_r2,r6p3v2_groot_l10_500_B_r2:eval:7:0,1,7,0,32,160,B,False,4166.747,4127.76,ok,,0.08163265306122447,0.01610017889087645,0.07017543859649122,20,2,5,42,0.5957446808510638,7.312425400990492,0.008183306055646544
groot_l10_500,r6p3v2_groot_l10_500_B_r2,r6p3v2_groot_l10_500_B_r2:eval:7:0,1,7,0,34,170,B,False,4019.318,4021.911,ok,,0.08163265306122447,0.026412325752017463,0.07017543859649122,20,2,5,42,0.6274509803921569,7.656996918549424,0.0064102564102564985
groot_l10_500,r6p3v2_groot_l10_500_B_r2,r6p3v2_groot_l10_500_B_r2:eval:7:0,1,7,0,36,180,B,False,4096.797,4109.497,ok,,0.08163265306122458,0.010033444816053505,0.07017543859649122,20,2,5,42,0.6666666666666666,8.046834149081686,0.01610017889087645
groot_l10_500,r6p3v2_groot_l10_500_B_r2,r6p3v2_groot_l10_500_B_r2:eval:7:0,1,7,0,38,190,B,True,4096.907,4099.493,ok,,0.07843137254901955,0.010457516339869355,0.07017543859649122,20,2,5,42,0.7083333333333334,7.983428409757011,0.016140865737343968
groot_l10_500,r6p3v2_groot_l10_500_B_r2,r6p3v2_groot_l10_500_B_r2:eval:7:0,1,7,0,40,200,B,False,4001.615,4004.001,ok,,0.07272727272727264,0.010457516339869133,0.07017543859649122,20,2,5,42,0.7659574468085106,7.614226839608077,0.04394861392832983
groot_l10_500,r6p3v2_groot_l10_500_B_r2,r6p3v2_groot_l10_500_B_r2:eval:7:0,1,7,0,42,210,B,False,4117.578,4120.104,ok,,0.07843137254901966,0.01459188326493377,0.07017543859649122,20,2,5,42,0.7843137254901961,7.17661906754093,0.012379110251450665
groot_l10_500,r6p3v2_groot_l10_500_B_r2,r6p3v2_groot_l10_500_B_r2:eval:7:0,1,7,0,44,220,B,False,4041.181,4043.76,ok,,0.07843137254901966,0.026412325752017685,0.07017543859649122,20,2,5,42,0.8235294117647058,7.237107133564482,0.012379110251450665
groot_l10_500,r6p3v2_groot_l10_500_B_r2,r6p3v2_groot_l10_500_B_r2:eval:7:0,1,7,0,46,230,B,False,4116.397,4119.112,ok,,0.08163265306122458,0.01459188326493377,0.07017543859649122,20,2,5,42,0.8627450980392157,7.801024893515493,0.01459188326493388
groot_l10_500,r6p3v2_groot_l10_500_B_r2,r6p3v2_groot_l10_500_B_r2:eval:7:0,1,7,0,48,240,B,False,4084.686,4087.261,slow_ambiguous,,0.04166666666666674,0.03068461427124032,0.0701754385964913,20,2,5,42,0.9259259259259259,7.592186607485637,0.03898635477582846
groot_l10_500,r6p3v2_groot_l10_500_B_r2,r6p3v2_groot_l10_500_B_r2:eval:7:1,1,7,1,0,0,B,False,44.856,48.029,inactive,warming_up,,,,0,2,5,42,,,
groot_l10_500,r6p3v2_groot_l10_500_B_r2,r6p3v2_groot_l10_500_B_r2:eval:7:1,1,7,1,2,10,B,False,36.249,38.024,inactive,warming_up,,,,0,2,5,42,,,
groot_l10_500,r6p3v2_groot_l10_500_B_r2,r6p3v2_groot_l10_500_B_r2:eval:7:1,1,7,1,4,20,B,False,4258.164,4269.047,ok,,0.0784313725490196,0.009276437847866428,0.07017543859649122,20,2,5,42,0.0,7.681873586348169,0.014814814814814822
groot_l10_500,r6p3v2_groot_l10_500_B_r2,r6p3v2_groot_l10_500_B_r2:eval:7:1,1,7,1,6,30,B,False,4082.982,4085.345,ok,,0.08695652173913043,0.014229249011857709,0.07017543859649122,20,2,5,42,0.03773584905660377,6.986487752901234,0.05218787635487754
groot_l10_500,r6p3v2_groot_l10_500_B_r2,r6p3v2_groot_l10_500_B_r2:eval:7:1,1,7,1,8,40,B,True,4001.363,4004.042,ok,,0.08,0.009689922480620158,0.07017543859649122,20,2,5,42,0.08,7.056528788816444,0.01683501683501684
groot_l10_500,r6p3v2_groot_l10_500_B_r2,r6p3v2_groot_l10_500_B_r2:eval:7:1,1,7,1,10,50,B,True,4174.79,4177.823,ok,,0.08510638297872342,0.018181818181818174,0.07017543859649122,20,2,5,42,0.13636363636363635,7.056045113689874,0.19348837209302325
groot_l10_500,r6p3v2_groot_l10_500_B_r2,r6p3v2_groot_l10_500_B_r2:eval:7:1,1,7,1,12,60,B,False,3930.919,3933.836,slow_ambiguous,,0.04255319148936171,0.03547169811320755,0.07017543859649122,20,2,5,42,0.1509433962264151,6.617219231218809,0.24
groot_l10_500,r6p3v2_groot_l10_500_B_r2,r6p3v2_groot_l10_500_B_r2:eval:7:1,1,7,1,14,70,B,True,4141.813,4144.562,slow_confirmed,,0.0,0.03547169811320755,0.07017543859649122,20,2,5,42,0.17391304347826086,6.635070044740876,0.11320754716981132
groot_l10_500,r6p3v2_groot_l10_500_B_r2,r6p3v2_groot_l10_500_B_r2:eval:7:1,1,7,1,16,80,B,True,4074.178,4076.87,slow_confirmed,,0.0,0.025487256371814093,0.07017543859649122,20,2,5,42,0.17391304347826086,6.906224641692606,0.11320754716981132
groot_l10_500,r6p3v2_groot_l10_500_B_r2,r6p3v2_groot_l10_500_B_r2:eval:7:1,1,7,1,18,90,B,False,4176.501,4179.2,slow_confirmed,,0.0,0.036106750392464665,0.07017543859649122,20,2,5,42,0.2641509433962264,7.988269059087845,0.037735849056603765
groot_l10_500,r6p3v2_groot_l10_500_B_r2,r6p3v2_groot_l10_500_B_r2:eval:7:1,1,7,1,20,100,B,True,4205.45,4208.301,slow_confirmed,,0.0,0.0358781810596579,0.07017543859649122,20,2,5,42,0.2641509433962264,8.350578000345498,0.037735849056603765
groot_l10_500,r6p3v2_groot_l10_500_B_r2,r6p3v2_groot_l10_500_B_r2:eval:7:1,1,7,1,22,110,B,False,4041.338,4043.984,slow_confirmed,,0.0,0.006956521739130472,0.07017543859649122,20,2,5,42,0.27450980392156865,8.59296737272492,0.0
groot_l10_500,r6p3v2_groot_l10_500_B_r2,r6p3v2_groot_l10_500_B_r2:eval:7:1,1,7,1,24,120,B,False,3991.463,3994.135,slow_confirmed,,0.0,0.007916872835230071,0.07017543859649122,20,2,5,42,0.27450980392156865,8.354325900656272,0.0
groot_l10_500,r6p3v2_groot_l10_500_B_r2,r6p3v2_groot_l10_500_B_r2:eval:7:1,1,7,1,26,130,B,False,4105.577,4108.228,slow_confirmed,,0.0,0.007916872835230071,0.07017543859649122,20,2,5,42,0.2641509433962264,8.475175230139184,0.04444444444444445
groot_l10_500,r6p3v2_groot_l10_500_B_r2,r6p3v2_groot_l10_500_B_r2:eval:7:1,1,7,1,28,140,B,False,4127.922,4139.637,ok,,0.0784313725490196,0.013417190775681376,0.07017543859649122,20,2,5,42,0.20833333333333334,9.57356186622147,0.07157894736842103
groot_l10_500,r6p3v2_groot_l10_500_B_r2,r6p3v2_groot_l10_500_B_r2:eval:7:1,1,7,1,30,150,B,False,4455.969,4458.947,ok,,0.0888888888888889,0.013417190775681376,0.07017543859649122,20,2,5,42,0.26666666666666666,10.600655627007734,0.08736126029359108
groot_l10_500,r6p3v2_groot_l10_500_B_r2,r6p3v2_groot_l10_500_B_r2:eval:7:1,1,7,1,32,160,B,True,4109.83,4128.203,ok,,0.07999999999999996,0.0053238686779059075,0.07017543859649122,20,2,5,42,0.2978723404255319,11.384109608293237,0.011032308904649346
groot_l10_500,r6p3v2_groot_l10_500_B_r2,r6p3v2_groot_l10_500_B_r2:eval:7:1,1,7,1,34,170,B,False,4084.436,4096.441,ok,,0.08510638297872342,0.013417190775681376,0.07017543859649122,20,2,5,42,0.3829787234042553,11.044537072030707,0.4030501089324619
groot_l10_500,r6p3v2_groot_l10_500_B_r2,r6p3v2_groot_l10_500_B_r2:eval:7:1,1,7,1,36,180,B,False,4081.972,4084.621,ok,,0.08510638297872336,0.014229249011857764,0.07017543859649122,20,2,5,42,0.35294117647058826,10.777297280859907,0.553256704980843
groot_l10_500,r6p3v2_groot_l10_500_B_r2,r6p3v2_groot_l10_500_B_r2:eval:7:1,1,7,1,38,190,B,True,4137.827,4140.63,ok,,0.07407407407407407,0.014229249011857764,0.07017543859649122,20,2,5,42,0.4489795918367347,9.962779666659983,0.5655172413793104
groot_l10_500,r6p3v2_groot_l10_500_B_r2,r6p3v2_groot_l10_500_B_r2:eval:7:1,1,7,1,40,200,B,True,4108.105,4111.013,slow_ambiguous,,0.03703703703703709,0.03398692810457521,0.07017543859649122,20,2,5,42,0.5098039215686274,9.309208367845171,0.08163265306122452
groot_l10_500,r6p3v2_groot_l10_500_B_r2,r6p3v2_groot_l10_500_B_r2:eval:7:1,1,7,1,42,210,B,False,4132.973,4142.039,ok,,0.07407407407407407,0.03291850662384588,0.07017543859649122,20,2,5,42,0.5384615384615384,8.484330517920663,0.042416966786714694
groot_l10_500,r6p3v2_groot_l10_500_B_r2,r6p3v2_groot_l10_500_B_r2:eval:7:1,1,7,1,44,220,B,False,4124.545,4127.359,ok,,0.07843137254901955,0.007256235827664381,0.07017543859649122,20,2,5,42,0.5416666666666666,8.18349801969402,0.014367816091954033
groot_l10_500,r6p3v2_groot_l10_500_B_r2,r6p3v2_groot_l10_500_B_r2:eval:7:1,1,7,1,46,230,B,False,4201.671,4204.26,ok,,0.08163265306122447,0.031520882584712306,0.07017543859649122,20,2,5,42,0.5882352941176471,8.25372396354136,0.048069345941686326
groot_l10_500,r6p3v2_groot_l10_500_B_r2,r6p3v2_groot_l10_500_B_r2:eval:7:1,1,7,1,48,240,B,False,4091.834,4094.505,ok,,0.08510638297872342,0.022138364779874187,0.07017543859649122,20,2,5,42,0.6538461538461539,8.035224814995523,0.04131054131054135
groot_l10_500,r6p3v2_groot_l10_500_B_r2,r6p3v2_groot_l10_500_B_r2:eval:7:1,1,7,1,50,250,B,False,4186.527,4189.253,ok,,0.0888888888888889,0.011034482758620734,0.07017543859649122,20,2,5,42,0.6923076923076923,7.674157952571364,0.044528301886792354
groot_l10_500,r6p3v2_groot_l10_500_B_r2,r6p3v2_groot_l10_500_B_r2:eval:7:1,1,7,1,52,260,B,True,4277.521,4289.817,ok,,0.07692307692307687,0.01459188326493388,0.07017543859649122,20,2,5,42,0.7555555555555555,7.457017541524659,0.01992337164750968
groot_l10_500,r6p3v2_groot_l10_500_B_r2,r6p3v2_groot_l10_500_B_r2:eval:7:1,1,7,1,54,270,B,False,4186.23,4188.859,ok,,0.08333333333333337,0.01459188326493388,0.07017543859649122,20,2,5,42,0.8,7.632450390194754,0.019923371647509458
groot_l10_500,r6p3v2_groot_l10_500_B_r2,r6p3v2_groot_l10_500_B_r2:eval:7:1,1,7,1,56,280,B,False,4151.946,4154.68,ok,,0.08333333333333337,0.01459188326493377,0.07017543859649122,20,2,5,42,0.8444444444444444,7.997786279875339,0.01992337164750957
groot_l10_500,r6p3v2_groot_l10_500_B_r2,r6p3v2_groot_l10_500_B_r2:eval:7:1,1,7,1,58,290,B,False,4059.327,4062.212,ok,,0.07692307692307698,0.018305504019789844,0.07017543859649122,20,2,5,42,0.8888888888888888,8.218079412995316,0.04214559386973182
groot_l10_500,r6p3v2_groot_l10_500_B_r2,r6p3v2_groot_l10_500_B_r2:eval:7:1,1,7,1,60,300,B,True,4228.897,4231.974,ok,,0.07407407407407407,0.03572366692934074,0.07017543859649122,20,2,5,42,0.9230769230769231,8.08769318628084,0.048850574712643646
groot_l10_500,r6p3v2_groot_l10_500_B_r2,r6p3v2_groot_l10_500_B_r2:eval:8:0,1,8,0,0,0,B,False,39.009,41.581,inactive,warming_up,,,,0,3,5,29,,,
groot_l10_500,r6p3v2_groot_l10_500_B_r2,r6p3v2_groot_l10_500_B_r2:eval:8:0,1,8,0,2,10,B,False,25.937,27.369,inactive,warming_up,,,,0,3,5,29,,,
groot_l10_500,r6p3v2_groot_l10_500_B_r2,r6p3v2_groot_l10_500_B_r2:eval:8:0,1,8,0,4,20,B,False,22.083,23.491,inactive,warming_up,,,,0,3,5,29,,,
groot_l10_500,r6p3v2_groot_l10_500_B_r2,r6p3v2_groot_l10_500_B_r2:eval:8:0,1,8,0,6,30,B,False,4830.004,4832.534,ok,,0.07142857142857142,0.015793714746172444,0.06521739130434782,30,3,5,29,0.0,7.327970212420559,0.017722878625134268
groot_l10_500,r6p3v2_groot_l10_500_B_r2,r6p3v2_groot_l10_500_B_r2:eval:8:0,1,8,0,8,40,B,False,4510.153,4513.102,ok,,0.07058823529411765,0.015793714746172444,0.06521739130434782,30,3,5,29,0.023529411764705882,6.738512841976791,0.017722878625134268
groot_l10_500,r6p3v2_groot_l10_500_B_r2,r6p3v2_groot_l10_500_B_r2:eval:8:0,1,8,0,10,50,B,False,4347.254,4349.964,ok,,0.07142857142857142,0.01436781609195402,0.06521739130434782,30,3,5,29,0.047619047619047616,6.985889776561435,0.01772287862513426
groot_l10_500,r6p3v2_groot_l10_500_B_r2,r6p3v2_groot_l10_500_B_r2:eval:8:0,1,8,0,12,60,B,False,4650.077,4652.946,ok,,0.07142857142857142,0.03132832080200502,0.06521739130434782,30,3,5,29,0.07142857142857142,7.189804127328768,0.017722878625134268
groot_l10_500,r6p3v2_groot_l10_500_B_r2,r6p3v2_groot_l10_500_B_r2:eval:8:0,1,8,0,14,70,B,False,4333.561,4344.881,ok,,0.07792207792207792,0.028488372093023254,0.06521739130434784,30,3,5,29,0.1038961038961039,7.297023761838406,0.038154392191659274
groot_l10_500,r6p3v2_groot_l10_500_B_r2,r6p3v2_groot_l10_500_B_r2:eval:8:0,1,8,0,16,80,B,True,4305.346,4307.82,slow_ambiguous,,0.06122448979591835,0.03132832080200502,0.06521739130434782,30,3,5,29,0.11764705882352941,7.507893415603639,0.03188854489164087
groot_l10_500,r6p3v2_groot_l10_500_B_r2,r6p3v2_groot_l10_500_B_r2:eval:8:0,1,8,0,18,90,B,False,4387.545,4390.138,ok,,0.07792207792207792,0.040827147401908764,0.06521739130434781,30,3,5,29,0.13793103448275862,7.868860662455797,0.02573203194321206
groot_l10_500,r6p3v2_groot_l10_500_B_r2,r6p3v2_groot_l10_500_B_r2:eval:8:0,1,8,0,20,100,B,False,4482.587,4485.189,ok,,0.07894736842105263,0.027665317139001368,0.06521739130434781,30,3,5,29,0.18421052631578946,7.995056997561183,0.2140240711669283
groot_l10_500,r6p3v2_groot_l10_500_B_r2,r6p3v2_groot_l10_500_B_r2:eval:8:0,1,8,0,22,110,B,True,4469.962,4472.81,ok,,0.125,0.027665317139001368,0.06521739130434784,30,3,5,29,0.21052631578947367,7.716114499406423,0.21978021978021978
groot_l10_500,r6p3v2_groot_l10_500_B_r2,r6p3v2_groot_l10_500_B_r2:eval:8:0,1,8,0,24,120,B,False,4339.799,4342.578,ok,,0.07894736842105263,0.0212613473483039,0.06521739130434784,30,3,5,29,0.23684210526315788,7.667539097492098,0.21402407116692823
groot_l10_500,r6p3v2_groot_l10_500_B_r2,r6p3v2_groot_l10_500_B_r2:eval:8:0,1,8,0,26,130,B,False,4269.399,4271.973,ok,,0.07894736842105265,0.03138528138528135,0.06521739130434784,30,3,5,29,0.2564102564102564,7.641091719571826,0.07295482295482295
groot_l10_500,r6p3v2_groot_l10_500_B_r2,r6p3v2_groot_l10_500_B_r2:eval:8:0,1,8,0,28,140,B,False,4386.569,4389.199,ok,,0.0789473684210526,0.05143160127253443,0.06521739130434778,30,3,5,29,0.28205128205128205,8.171606748784232,0.016483516483516522
groot_l10_500,r6p3v2_groot_l10_500_B_r2,r6p3v2_groot_l10_500_B_r2:eval:8:0,1,8,0,30,150,B,True,4608.838,4611.494,ok,,0.07692307692307693,0.05755166931637523,0.06521739130434784,30,3,5,29,0.3076923076923077,8.862988350531056,0.017399267399267393
groot_l10_500,r6p3v2_groot_l10_500_B_r2,r6p3v2_groot_l10_500_B_r2:eval:8:0,1,8,0,32,160,B,False,4315.13,4317.658,ok,,0.08333333333333331,0.02716887928372952,0.06521739130434784,30,3,5,29,0.34210526315789475,8.772634481960495,0.040924592648730565
groot_l10_500,r6p3v2_groot_l10_500_B_r2,r6p3v2_groot_l10_500_B_r2:eval:8:0,1,8,0,34,170,B,True,4378.969,4381.634,ok,,0.08695652173913043,0.029692470837751866,0.06521739130434784,30,3,5,29,0.3448275862068966,8.60559685479658,0.048681541582150156
groot_l10_500,r6p3v2_groot_l10_500_B_r2,r6p3v2_groot_l10_500_B_r2:eval:8:0,1,8,0,36,180,B,True,4491.999,4494.74,ok,,0.08163265306122446,0.030612244897959162,0.06521739130434778,30,3,5,29,0.38961038961038963,8.290192149994386,0.01619556913674562
groot_l10_500,r6p3v2_groot_l10_500_B_r2,r6p3v2_groot_l10_500_B_r2:eval:8:0,1,8,0,38,190,B,False,4320.589,4323.157,ok,,0.07792207792207789,0.06521739130434784,0.06521739130434784,30,3,5,29,0.44155844155844154,7.779897916923328,0.016415261756876617
groot_l10_500,r6p3v2_groot_l10_500_B_r2,r6p3v2_groot_l10_500_B_r2:eval:8:0,1,8,0,40,200,B,True,4466.983,4469.468,slow_ambiguous,,0.061224489795918435,0.04457527333894028,0.06521739130434778,30,3,5,29,0.4470588235294118,7.9370829682597375,0.07792207792207789
groot_l10_500,r6p3v2_groot_l10_500_B_r2,r6p3v2_groot_l10_500_B_r2:eval:8:0,1,8,0,42,210,B,False,4321.795,4324.353,slow_ambiguous,,0.051948051948051965,0.018518518518518504,0.06521739130434778,30,3,5,29,0.44155844155844154,8.105181085710335,0.100360144057623
groot_l10_500,r6p3v2_groot_l10_500_B_r2,r6p3v2_groot_l10_500_B_r2:eval:8:0,1,8,0,44,220,B,True,4292.247,4294.585,slow_ambiguous,,0.04705882352941171,0.02716887928372952,0.06521739130434781,30,3,5,29,0.49411764705882355,8.150235394647126,0.03710575139146571
groot_l10_500,r6p3v2_groot_l10_500_B_r2,r6p3v2_groot_l10_500_B_r2:eval:8:0,1,8,0,46,230,B,False,4423.974,4426.647,ok,,0.07058823529411762,0.02895111532985284,0.06521739130434778,30,3,5,29,0.49411764705882355,8.119351451057197,0.011946241911398689
groot_l10_500,r6p3v2_groot_l10_500_B_r2,r6p3v2_groot_l10_500_B_r2:eval:8:0,1,8,0,48,240,B,False,4322.976,4325.564,ok,,0.0714285714285714,0.024401064773735492,0.06521739130434778,30,3,5,29,0.5176470588235295,8.212793201346686,0.03289315726290519
groot_l10_500,r6p3v2_groot_l10_500_B_r2,r6p3v2_groot_l10_500_B_r2:eval:8:0,1,8,0,50,250,B,False,4516.337,4519.016,ok,,0.0714285714285714,0.026923076923076945,0.06521739130434778,30,3,5,29,0.5411764705882353,8.167949206020431,0.016415261756876798
groot_l10_500,r6p3v2_groot_l10_500_B_r2,r6p3v2_groot_l10_500_B_r2:eval:8:0,1,8,0,52,260,B,True,4293.059,4295.592,ok,,0.0714285714285714,0.029141590117199967,0.06521739130434784,30,3,5,29,0.5714285714285714,8.170435023386037,0.18784838350055746
groot_l10_500,r6p3v2_groot_l10_500_B_r2,r6p3v2_groot_l10_500_B_r2:eval:8:0,1,8,0,54,270,B,False,4452.189,4454.803,ok,,0.07792207792207795,0.028142589118198988,0.0652173913043479,30,3,5,29,0.627906976744186,7.375242774588502,0.06499701848539063
groot_l10_500,r6p3v2_groot_l10_500_B_r2,r6p3v2_groot_l10_500_B_r2:eval:8:0,1,8,0,56,280,B,False,4233.551,4236.139,ok,,0.0714285714285714,0.028142589118198988,0.0652173913043479,30,3,5,29,0.6511627906976745,7.0365530239830605,0.05261405261405261
groot_l10_500,r6p3v2_groot_l10_500_B_r2,r6p3v2_groot_l10_500_B_r2:eval:8:0,1,8,0,58,290,B,False,4411.4,4414.051,ok,,0.07407407407407408,0.028142589118198988,0.06521739130434778,30,3,5,29,0.6666666666666666,6.801515430296668,0.04910158334815873
groot_l10_500,r6p3v2_groot_l10_500_B_r2,r6p3v2_groot_l10_500_B_r2:eval:8:0,1,8,0,60,300,B,False,4393.336,4395.865,ok,,0.0714285714285714,0.013269339356295928,0.06521739130434778,30,3,5,29,0.6923076923076923,6.887403623744753,0.10467571644042228
groot_l10_500,r6p3v2_groot_l10_500_B_r2,r6p3v2_groot_l10_500_B_r2:eval:8:0,1,8,0,62,310,B,False,4357.923,4360.571,slow_ambiguous,,0.05128205128205132,0.028539361872695235,0.06521739130434778,30,3,5,29,0.7160493827160493,6.780567379709481,0.106340718105424
groot_l10_500,r6p3v2_groot_l10_500_B_r2,r6p3v2_groot_l10_500_B_r2:eval:8:0,1,8,0,64,320,B,False,4374.744,4377.373,ok,,0.07407407407407408,0.026455026455026412,0.06521739130434778,30,3,5,29,0.7272727272727273,6.859363963200225,0.0800865800865801
groot_l10_500,r6p3v2_groot_l10_500_B_r2,r6p3v2_groot_l10_500_B_r2:eval:8:0,1,8,0,66,330,B,False,4328.874,4331.467,ok,,0.10256410256410252,0.0218953130345535,0.06521739130434778,30,3,5,29,0.7294117647058823,6.8915537102845885,0.1428571428571428
groot_l10_500,r6p3v2_groot_l10_500_B_r2,r6p3v2_groot_l10_500_B_r2:eval:8:0,1,8,0,68,340,B,False,4520.905,4523.542,ok,,0.09411764705882351,0.029141590117199967,0.06521739130434778,30,3,5,29,0.7764705882352941,7.289409133430104,0.11728395061728392
groot_l10_500,r6p3v2_groot_l10_500_B_r2,r6p3v2_groot_l10_500_B_r2:eval:8:0,1,8,0,70,350,B,False,4388.381,4391.015,ok,,0.07792207792207785,0.051470588235294046,0.06521739130434778,30,3,5,29,0.8311688311688312,7.974393148362046,0.14109347442680772
groot_l10_500,r6p3v2_groot_l10_500_B_r2,r6p3v2_groot_l10_500_B_r2:eval:8:0,1,8,0,72,360,B,False,4151.087,4153.623,ok,,0.07407407407407408,0.04527177959791516,0.06521739130434778,30,3,5,29,0.8571428571428571,8.464288171803608,0.05741360089186176
groot_l10_500,r6p3v2_groot_l10_500_B_r2,r6p3v2_groot_l10_500_B_r2:eval:8:0,1,8,0,74,370,B,False,4414.094,4416.571,ok,,0.07407407407407408,0.06593406593406592,0.0652173913043479,30,3,5,29,0.8809523809523809,8.649374313744907,0.012704686617730054
groot_l10_500,r6p3v2_groot_l10_500_B_r2,r6p3v2_groot_l10_500_B_r2:eval:8:0,1,8,0,76,380,B,False,4313.555,4316.243,ok,,0.07692307692307687,0.030158730158730163,0.0652173913043479,30,3,5,29,0.9047619047619048,8.715555808145808,0.030020703933747325
groot_l10_500,r6p3v2_groot_l10_500_B_r2,r6p3v2_groot_l10_500_B_r2:eval:8:1,1,8,1,0,0,B,False,39.025,41.919,inactive,warming_up,,,,0,3,5,29,,,
groot_l10_500,r6p3v2_groot_l10_500_B_r2,r6p3v2_groot_l10_500_B_r2:eval:8:1,1,8,1,2,10,B,False,26.484,27.999,inactive,warming_up,,,,0,3,5,29,,,
groot_l10_500,r6p3v2_groot_l10_500_B_r2,r6p3v2_groot_l10_500_B_r2:eval:8:1,1,8,1,4,20,B,False,22.135,23.465,inactive,warming_up,,,,0,3,5,29,,,
groot_l10_500,r6p3v2_groot_l10_500_B_r2,r6p3v2_groot_l10_500_B_r2:eval:8:1,1,8,1,6,30,B,False,4359.542,4361.891,ok,,0.07058823529411765,0.01586368977673326,0.06521739130434782,30,3,5,29,0.0,8.41662454363114,0.03546910755148741
groot_l10_500,r6p3v2_groot_l10_500_B_r2,r6p3v2_groot_l10_500_B_r2:eval:8:1,1,8,1,8,40,B,False,4099.308,4102.239,ok,,0.07058823529411765,0.015793714746172444,0.06521739130434782,30,3,5,29,0.023529411764705882,7.988537927103727,0.03546910755148741
groot_l10_500,r6p3v2_groot_l10_500_B_r2,r6p3v2_groot_l10_500_B_r2:eval:8:1,1,8,1,10,50,B,False,4170.461,4173.224,ok,,0.07142857142857142,0.040827147401908764,0.06521739130434781,30,3,5,29,0.047058823529411764,8.272344738905254,0.025732031943212066
groot_l10_500,r6p3v2_groot_l10_500_B_r2,r6p3v2_groot_l10_500_B_r2:eval:8:1,1,8,1,12,60,B,False,4122.529,4125.305,ok,,0.07058823529411765,0.029692470837751866,0.06521739130434782,30,3,5,29,0.07058823529411765,8.402633100143195,0.03499132446500868
groot_l10_500,r6p3v2_groot_l10_500_B_r2,r6p3v2_groot_l10_500_B_r2:eval:8:1,1,8,1,14,70,B,False,4334.078,4336.709,slow_ambiguous,,0.05194805194805194,0.029692470837751866,0.06521739130434782,30,3,5,29,0.10526315789473684,8.4675575834504,0.035469107551487404
groot_l10_500,r6p3v2_groot_l10_500_B_r2,r6p3v2_groot_l10_500_B_r2:eval:8:1,1,8,1,16,80,B,False,4381.799,4384.343,ok,,0.07058823529411765,0.029692470837751866,0.06521739130434781,30,3,5,29,0.12987012987012986,8.126453740648524,0.03546910755148741
groot_l10_500,r6p3v2_groot_l10_500_B_r2,r6p3v2_groot_l10_500_B_r2:eval:8:1,1,8,1,18,90,B,True,4255.919,4258.426,ok,,0.07792207792207792,0.034022257551669294,0.06521739130434784,30,3,5,29,0.1411764705882353,8.535976220949362,0.04004576659038901
groot_l10_500,r6p3v2_groot_l10_500_B_r2,r6p3v2_groot_l10_500_B_r2:eval:8:1,1,8,1,20,100,B,False,4121.251,4125.987,ok,,0.07792207792207792,0.034022257551669294,0.06521739130434784,30,3,5,29,0.16470588235294117,8.731132276019592,0.04411764705882359
groot_l10_500,r6p3v2_groot_l10_500_B_r2,r6p3v2_groot_l10_500_B_r2:eval:8:1,1,8,1,22,110,B,False,4410.113,4412.726,slow_ambiguous,,0.0519480519480519,0.034022257551669294,0.06521739130434784,30,3,5,29,0.21052631578947367,8.496829399185174,0.03382722952194575
groot_l10_500,r6p3v2_groot_l10_500_B_r2,r6p3v2_groot_l10_500_B_r2:eval:8:1,1,8,1,24,120,B,True,4351.726,4354.432,slow_confirmed,,0.024999999999999967,0.034022257551669294,0.06521739130434781,30,3,5,29,0.2631578947368421,8.596601923571187,0.06122448979591835
groot_l10_500,r6p3v2_groot_l10_500_B_r2,r6p3v2_groot_l10_500_B_r2:eval:8:1,1,8,1,26,130,B,False,4305.306,4307.889,slow_confirmed,,0.0,0.02122267975926518,0.06521739130434781,30,3,5,29,0.2564102564102564,8.380069687002123,0.18367346938775508
groot_l10_500,r6p3v2_groot_l10_500_B_r2,r6p3v2_groot_l10_500_B_r2:eval:8:1,1,8,1,28,140,B,True,4253.501,4256.079,slow_confirmed,,0.0,0.02122267975926518,0.06521739130434781,30,3,5,29,0.2564102564102564,8.405791356785864,0.18367346938775508
groot_l10_500,r6p3v2_groot_l10_500_B_r2,r6p3v2_groot_l10_500_B_r2:eval:8:1,1,8,1,30,150,B,True,4233.634,4236.325,slow_confirmed,,0.0,0.023317788141239186,0.06521739130434781,30,3,5,29,0.2564102564102564,8.406135050098726,0.14285714285714285
groot_l10_500,r6p3v2_groot_l10_500_B_r2,r6p3v2_groot_l10_500_B_r2:eval:8:1,1,8,1,32,160,B,True,4324.229,4326.992,slow_confirmed,,0.0,0.025811397904421177,0.06521739130434784,30,3,5,29,0.2564102564102564,8.0983025733033,0.04395604395604394
groot_l10_500,r6p3v2_groot_l10_500_B_r2,r6p3v2_groot_l10_500_B_r2:eval:8:1,1,8,1,34,170,B,True,4449.293,4451.913,slow_ambiguous,,0.0,0.06521739130434784,0.06521739130434784,30,3,5,29,0.2564102564102564,7.9743346326046485,0.021739130434782625
groot_l10_500,r6p3v2_groot_l10_500_B_r2,r6p3v2_groot_l10_500_B_r2:eval:8:1,1,8,1,36,180,B,False,4225.475,4228.11,slow_confirmed,,0.02564102564102566,0.035714285714285705,0.06521739130434781,30,3,5,29,0.1978021978021978,7.964536627762784,0.028372324539571885
groot_l10_500,r6p3v2_groot_l10_500_B_r2,r6p3v2_groot_l10_500_B_r2:eval:8:1,1,8,1,38,190,B,False,4469.347,4471.97,slow_ambiguous,,0.02197802197802198,0.057692307692307654,0.06521739130434784,30,3,5,29,0.1978021978021978,7.893345225207234,0.06521739130434784
groot_l10_500,r6p3v2_groot_l10_500_B_r2,r6p3v2_groot_l10_500_B_r2:eval:8:1,1,8,1,40,200,B,False,4215.663,4218.282,slow_confirmed,,0.024390243902439015,0.029692470837751866,0.06521739130434784,30,3,5,29,0.21951219512195122,8.03474178023307,0.06593406593406595
groot_l10_500,r6p3v2_groot_l10_500_B_r2,r6p3v2_groot_l10_500_B_r2:eval:8:1,1,8,1,42,210,B,False,4328.463,4331.211,slow_confirmed,,0.0,0.029692470837751866,0.06521739130434784,30,3,5,29,0.24390243902439024,8.00983858309312,0.05555555555555558
groot_l10_500,r6p3v2_groot_l10_500_B_r2,r6p3v2_groot_l10_500_B_r2:eval:8:1,1,8,1,44,220,B,True,4386.976,4389.601,slow_confirmed,,0.0,0.05143160127253443,0.06521739130434781,30,3,5,29,0.2391304347826087,8.244490595346925,0.02564102564102566
groot_l10_500,r6p3v2_groot_l10_500_B_r2,r6p3v2_groot_l10_500_B_r2:eval:8:1,1,8,1,46,230,B,False,4230.607,4232.937,slow_confirmed,,0.04347826086956519,0.02115484654066241,0.06521739130434781,30,3,5,29,0.2391304347826087,8.586432281910026,0.10154305624688902
groot_l10_500,r6p3v2_groot_l10_500_B_r2,r6p3v2_groot_l10_500_B_r2:eval:8:1,1,8,1,48,240,B,False,4474.94,4477.322,slow_ambiguous,,0.04705882352941176,0.03760282021151587,0.06521739130434784,30,3,5,29,0.2823529411764706,9.014506099069532,0.06907378335949768
groot_l10_500,r6p3v2_groot_l10_500_B_r2,r6p3v2_groot_l10_500_B_r2:eval:8:1,1,8,1,50,250,B,False,4190.992,4193.702,ok,,0.07692307692307693,0.03760282021151587,0.06521739130434784,30,3,5,29,0.27586206896551724,9.168460548104795,0.06665074056378403
groot_l10_500,r6p3v2_groot_l10_500_B_r2,r6p3v2_groot_l10_500_B_r2:eval:8:1,1,8,1,52,260,B,True,4078.566,4081.144,ok,,0.07058823529411762,0.040827147401908764,0.06521739130434784,30,3,5,29,0.3058823529411765,8.75163289383718,0.021022455805064455
groot_l10_500,r6p3v2_groot_l10_500_B_r2,r6p3v2_groot_l10_500_B_r2:eval:8:1,1,8,1,54,270,B,False,4448.449,4451.022,ok,,0.06593406593406592,0.02716887928372952,0.06521739130434784,30,3,5,29,0.32941176470588235,8.722121201848022,0.03513295729250606
groot_l10_500,r6p3v2_groot_l10_500_B_r2,r6p3v2_groot_l10_500_B_r2:eval:8:1,1,8,1,56,280,B,False,4237.732,4240.415,ok,,0.07792207792207789,0.013775510204081687,0.06521739130434784,30,3,5,29,0.36363636363636365,8.664259533543234,0.028900255754475676
groot_l10_500,r6p3v2_groot_l10_500_B_r2,r6p3v2_groot_l10_500_B_r2:eval:8:1,1,8,1,58,290,B,False,4457.669,4460.132,ok,,0.08163265306122446,0.057692307692307654,0.06521739130434784,30,3,5,29,0.38961038961038963,8.345014568974488,0.053830227743271175
groot_l10_500,r6p3v2_groot_l10_500_B_r2,r6p3v2_groot_l10_500_B_r2:eval:8:1,1,8,1,60,300,B,False,4269.417,4198.397,ok,,0.06521739130434784,0.029692470837751866,0.06521739130434778,30,3,5,29,0.4155844155844156,7.984646908697323,0.043290043290043316
groot_l10_500,r6p3v2_groot_l10_500_B_r2,r6p3v2_groot_l10_500_B_r2:eval:8:1,1,8,1,62,310,B,True,4058.585,4061.288,slow_ambiguous,,0.04347826086956519,0.06521739130434784,0.06521739130434784,30,3,5,29,0.44155844155844154,7.670303099056021,0.027210884353741464
groot_l10_500,r6p3v2_groot_l10_500_B_r2,r6p3v2_groot_l10_500_B_r2:eval:8:1,1,8,1,64,320,B,True,4408.655,4411.276,slow_ambiguous,,0.02352941176470591,0.06521739130434784,0.06521739130434784,30,3,5,29,0.47619047619047616,7.919974501859233,0.005565862708719838
groot_l10_500,r6p3v2_groot_l10_500_B_r2,r6p3v2_groot_l10_500_B_r2:eval:8:1,1,8,1,66,330,B,False,4363.212,4365.724,slow_ambiguous,,0.04705882352941171,0.026923076923076945,0.06521739130434778,30,3,5,29,0.49411764705882355,8.288518738371097,0.011815252416756294
groot_l10_500,r6p3v2_groot_l10_500_B_r2,r6p3v2_groot_l10_500_B_r2:eval:8:1,1,8,1,68,340,B,False,4562.278,4564.986,ok,,0.07058823529411762,0.026923076923076945,0.06521739130434778,30,3,5,29,0.49411764705882355,8.311431380629998,0.011946241911398689
groot_l10_500,r6p3v2_groot_l10_500_B_r2,r6p3v2_groot_l10_500_B_r2:eval:8:1,1,8,1,70,350,B,True,4206.926,4209.557,ok,,0.0714285714285714,0.024401064773735492,0.06521739130434778,30,3,5,29,0.5176470588235295,8.171445596236119,0.03289315726290519
groot_l10_500,r6p3v2_groot_l10_500_B_r2,r6p3v2_groot_l10_500_B_r2:eval:8:1,1,8,1,72,360,B,True,4394.01,4396.569,ok,,0.08163265306122458,0.027015250544662327,0.06521739130434778,30,3,5,29,0.5411764705882353,8.13301309589153,0.030020703933747436
groot_l10_500,r6p3v2_groot_l10_500_B_r2,r6p3v2_groot_l10_500_B_r2:eval:8:1,1,8,1,74,370,B,False,4259.756,4262.439,ok,,0.06521739130434778,0.02895111532985284,0.06521739130434778,30,3,5,29,0.5647058823529412,8.01550876048032,0.022648083623693305
groot_l10_500,r6p3v2_groot_l10_500_B_r2,r6p3v2_groot_l10_500_B_r2:eval:8:1,1,8,1,76,380,B,False,4390.377,4392.847,ok,,0.07317073170731701,0.010162601626016246,0.0652173913043479,30,3,5,29,0.611764705882353,8.501792231243384,0.038107416879795464
groot_l10_500,r6p3v2_groot_l10_500_B_r2,r6p3v2_groot_l10_500_B_r2:eval:8:1,1,8,1,78,390,B,True,4308.557,4311.29,ok,,0.09411764705882351,0.013269339356295928,0.06521739130434778,30,3,5,29,0.627906976744186,7.815747621664523,0.11736694677871151
groot_l10_500,r6p3v2_groot_l10_500_B_r2,r6p3v2_groot_l10_500_B_r2:eval:8:1,1,8,1,80,400,B,False,4308.857,4311.362,ok,,0.0869565217391305,0.013269339356295928,0.06521739130434778,30,3,5,29,0.6511627906976745,7.68664895145072,0.1034813925570229
groot_l10_500,r6p3v2_groot_l10_500_B_r2,r6p3v2_groot_l10_500_B_r2:eval:8:1,1,8,1,82,410,B,True,4510.343,4512.897,ok,,0.06976744186046512,0.04964131994261123,0.06521739130434778,30,3,5,29,0.7529411764705882,7.263367950384452,0.10348139255702282
groot_l10_500,r6p3v2_groot_l10_500_B_r2,r6p3v2_groot_l10_500_B_r2:eval:8:1,1,8,1,84,420,B,False,4243.869,4246.331,ok,,0.08219178082191782,0.06593406593406592,0.0652173913043479,30,3,5,29,0.7764705882352941,7.466387957851978,0.01517027863777086
groot_l10_500,r6p3v2_groot_l10_500_B_r2,r6p3v2_groot_l10_500_B_r2:eval:8:1,1,8,1,86,430,B,True,4614.683,4617.205,ok,,0.09411764705882351,0.03457273320287026,0.06521739130434778,30,3,5,29,0.8,7.819841997235931,0.06611078022632522
groot_l10_500,r6p3v2_groot_l10_500_B_r2,r6p3v2_groot_l10_500_B_r2:eval:8:1,1,8,1,88,440,B,False,4292.058,4294.579,ok,,0.07894736842105265,0.023790430366212187,0.0652173913043479,30,3,5,29,0.8421052631578947,8.302343379295188,0.03289315726290508
groot_l10_500,r6p3v2_groot_l10_500_B_r2,r6p3v2_groot_l10_500_B_r2:eval:8:1,1,8,1,90,450,B,True,4298.974,4301.552,ok,,0.07058823529411762,0.06593406593406592,0.0652173913043479,30,3,5,29,0.8705882352941177,8.652009326133497,0.020967291025999382
groot_l10_500,r6p3v2_groot_l10_500_B_r2,r6p3v2_groot_l10_500_B_r2:eval:8:1,1,8,1,92,460,B,False,4334.037,4336.499,ok,,0.0652173913043479,0.023127557374132746,0.0652173913043479,30,3,5,29,0.896551724137931,8.754940120829945,0.04137545429130564
groot_l10_500,r6p3v2_groot_l10_500_B_r2,r6p3v2_groot_l10_500_B_r2:eval:8:1,1,8,1,94,470,B,False,4323.612,4326.251,ok,,0.08045977011494254,0.02212602212602212,0.0652173913043479,30,3,5,29,0.9183673469387755,8.98528948200574,0.03289315726290519
groot_l10_500,r6p3v2_groot_l10_500_B_r2,r6p3v2_groot_l10_500_B_r2:eval:9:0,1,9,0,0,0,B,False,39.961,42.977,inactive,warming_up,,,,0,2,5,45,,,
groot_l10_500,r6p3v2_groot_l10_500_B_r2,r6p3v2_groot_l10_500_B_r2:eval:9:0,1,9,0,2,10,B,False,27.383,29.06,inactive,warming_up,,,,0,2,5,45,,,
groot_l10_500,r6p3v2_groot_l10_500_B_r2,r6p3v2_groot_l10_500_B_r2:eval:9:0,1,9,0,4,20,B,False,4834.175,4836.526,ok,,0.08,0.011484823625922888,0.058823529411764705,20,2,5,45,0.0,8.035465660606762,0.032474804031354984
groot_l10_500,r6p3v2_groot_l10_500_B_r2,r6p3v2_groot_l10_500_B_r2:eval:9:0,1,9,0,6,30,B,False,4650.392,4652.885,ok,,0.07999999999999999,0.020146520146520144,0.058823529411764705,20,2,5,45,0.04,7.185209870329651,0.03247480403135497
groot_l10_500,r6p3v2_groot_l10_500_B_r2,r6p3v2_groot_l10_500_B_r2:eval:9:0,1,9,0,8,40,B,False,4652.814,4655.502,ok,,0.07894736842105263,0.013677811550151978,0.058823529411764705,20,2,5,45,0.08,7.849623361779798,0.03744680851063831
groot_l10_500,r6p3v2_groot_l10_500_B_r2,r6p3v2_groot_l10_500_B_r2:eval:9:0,1,9,0,10,50,B,False,4536.05,4538.828,ok,,0.08000000000000002,0.01683501683501684,0.0588235294117647,20,2,5,45,0.12,8.606497758350049,0.02900107411385608
groot_l10_500,r6p3v2_groot_l10_500_B_r2,r6p3v2_groot_l10_500_B_r2:eval:9:0,1,9,0,12,60,B,False,4538.295,4541.074,ok,,0.07999999999999999,0.009634684865515858,0.05882352941176472,20,2,5,45,0.1568627450980392,8.675231369349435,0.09133126934984523
groot_l10_500,r6p3v2_groot_l10_500_B_r2,r6p3v2_groot_l10_500_B_r2:eval:9:0,1,9,0,14,70,B,False,4506.163,4508.785,ok,,0.12,0.009259259259259273,0.05882352941176472,20,2,5,45,0.18867924528301888,8.543535175861457,0.0768627450980392
groot_l10_500,r6p3v2_groot_l10_500_B_r2,r6p3v2_groot_l10_500_B_r2:eval:9:0,1,9,0,16,80,B,False,4444.908,4447.456,ok,,0.08000000000000002,0.04255319148936171,0.05882352941176472,20,2,5,45,0.24,7.642033823165764,0.0980392156862745
groot_l10_500,r6p3v2_groot_l10_500_B_r2,r6p3v2_groot_l10_500_B_r2:eval:9:0,1,9,0,18,90,B,False,4610.74,4613.389,slow_ambiguous,,0.03999999999999998,0.04255319148936171,0.05882352941176472,20,2,5,45,0.29508196721311475,7.6436922390941815,0.1176470588235294
groot_l10_500,r6p3v2_groot_l10_500_B_r2,r6p3v2_groot_l10_500_B_r2:eval:9:0,1,9,0,20,100,B,False,4419.167,4421.588,ok,,0.0784313725490196,0.01605888256942123,0.05882352941176472,20,2,5,45,0.32,7.935242923029397,0.05054644808743175
groot_l10_500,r6p3v2_groot_l10_500_B_r2,r6p3v2_groot_l10_500_B_r2:eval:9:0,1,9,0,22,110,B,False,4492.785,4495.229,ok,,0.0784313725490196,0.01145858200047739,0.05882352941176472,20,2,5,45,0.36,7.829386927145722,0.05878750765462337
groot_l10_500,r6p3v2_groot_l10_500_B_r2,r6p3v2_groot_l10_500_B_r2:eval:9:0,1,9,0,24,120,B,True,4561.113,4563.732,slow_ambiguous,,0.043478260869565244,0.04511278195488727,0.05882352941176472,20,2,5,45,0.4,7.749911896914164,0.042264150943396195
groot_l10_500,r6p3v2_groot_l10_500_B_r2,r6p3v2_groot_l10_500_B_r2:eval:9:0,1,9,0,26,130,B,False,4655.038,4657.535,ok,,0.08333333333333331,0.030595813204508826,0.05882352941176472,20,2,5,45,0.41509433962264153,7.220411514564162,0.06775300171526588
groot_l10_500,r6p3v2_groot_l10_500_B_r2,r6p3v2_groot_l10_500_B_r2:eval:9:0,1,9,0,28,140,B,False,4513.139,4515.86,ok,,0.08333333333333331,0.03059581320450888,0.05882352941176472,20,2,5,45,0.4583333333333333,7.056892534399659,0.0544262295081967
groot_l10_500,r6p3v2_groot_l10_500_B_r2,r6p3v2_groot_l10_500_B_r2:eval:9:0,1,9,0,30,150,B,True,4655.059,4660.133,ok,,0.07843137254901955,0.056338028169014065,0.05882352941176472,20,2,5,45,0.5,6.958388124805777,0.015437392795883353
groot_l10_500,r6p3v2_groot_l10_500_B_r2,r6p3v2_groot_l10_500_B_r2:eval:9:0,1,9,0,32,160,B,False,4547.529,4550.369,ok,,0.08333333333333337,0.056338028169014065,0.05882352941176472,20,2,5,45,0.5416666666666666,6.960494778685039,0.025335320417287643
groot_l10_500,r6p3v2_groot_l10_500_B_r2,r6p3v2_groot_l10_500_B_r2:eval:9:0,1,9,0,34,170,B,True,4536.208,4538.942,ok,,0.08333333333333326,0.051282051282051266,0.05882352941176461,20,2,5,45,0.5833333333333334,7.399205575546667,0.0253353204172877
groot_l10_500,r6p3v2_groot_l10_500_B_r2,r6p3v2_groot_l10_500_B_r2:eval:9:0,1,9,0,36,180,B,False,4553.88,4556.632,ok,,0.08333333333333337,0.05633802816901401,0.05882352941176461,20,2,5,45,0.625,7.793438610240717,0.025335320417287588
groot_l10_500,r6p3v2_groot_l10_500_B_r2,r6p3v2_groot_l10_500_B_r2:eval:9:0,1,9,0,38,190,B,False,4506.97,4509.547,ok,,0.08510638297872342,0.03142857142857136,0.05882352941176472,20,2,5,45,0.6666666666666666,8.355383340314079,0.012477718360071277
groot_l10_500,r6p3v2_groot_l10_500_B_r2,r6p3v2_groot_l10_500_B_r2:eval:9:0,1,9,0,40,200,B,False,4571.631,4574.237,ok,,0.08333333333333326,0.008183306055646322,0.05882352941176472,20,2,5,45,0.7058823529411765,9.000915149199104,0.013986013986013957
groot_l10_500,r6p3v2_groot_l10_500_B_r2,r6p3v2_groot_l10_500_B_r2:eval:9:0,1,9,0,42,210,B,False,4555.481,4557.932,ok,,0.08695652173913049,0.021442495126705596,0.05882352941176472,20,2,5,45,0.7450980392156863,9.133135617123708,0.040723981900452566
groot_l10_500,r6p3v2_groot_l10_500_B_r2,r6p3v2_groot_l10_500_B_r2:eval:9:0,1,9,0,44,220,B,False,4520.441,4523.08,slow_ambiguous,,0.045454545454545525,0.015527950310558869,0.05882352941176472,20,2,5,45,0.7843137254901961,8.722787464036715,0.03833333333333322
groot_l10_500,r6p3v2_groot_l10_500_B_r2,r6p3v2_groot_l10_500_B_r2:eval:9:0,1,9,0,46,230,B,False,4509.714,4512.392,slow_ambiguous,,0.04255319148936165,0.03199343724364234,0.05882352941176472,20,2,5,45,0.851063829787234,8.562787926290113,0.05090909090909079
groot_l10_500,r6p3v2_groot_l10_500_B_r2,r6p3v2_groot_l10_500_B_r2:eval:9:0,1,9,0,48,240,B,False,4565.568,4568.353,ok,,0.07999999999999996,0.03059581320450888,0.05882352941176472,20,2,5,45,0.88,7.929612371575256,0.09558823529411764
groot_l10_500,r6p3v2_groot_l10_500_B_r2,r6p3v2_groot_l10_500_B_r2:eval:9:0,1,9,0,50,250,B,False,4554.93,4557.477,ok,,0.07407407407407407,0.02876835480970922,0.05882352941176472,20,2,5,45,0.9259259259259259,7.733820103905327,0.02450980392156865
groot_l10_500,r6p3v2_groot_l10_500_B_r2,r6p3v2_groot_l10_500_B_r2:eval:9:1,1,9,1,0,0,B,False,47.017,50.284,inactive,warming_up,,,,0,2,5,45,,,
groot_l10_500,r6p3v2_groot_l10_500_B_r2,r6p3v2_groot_l10_500_B_r2:eval:9:1,1,9,1,2,10,B,True,31.566,33.452,inactive,warming_up,,,,0,2,5,45,,,
groot_l10_500,r6p3v2_groot_l10_500_B_r2,r6p3v2_groot_l10_500_B_r2:eval:9:1,1,9,1,4,20,B,False,4851.422,4865.124,ok,,0.06896551724137931,0.01605888256942123,0.05882352941176472,20,2,5,45,0.0,9.170528920856638,0.04559748427672956
groot_l10_500,r6p3v2_groot_l10_500_B_r2,r6p3v2_groot_l10_500_B_r2:eval:9:1,1,9,1,6,30,B,True,4528.373,4531.078,ok,,0.08695652173913043,0.012210012210012201,0.05882352941176472,20,2,5,45,0.0,8.205560932785623,0.07749326145552561
groot_l10_500,r6p3v2_groot_l10_500_B_r2,r6p3v2_groot_l10_500_B_r2:eval:9:1,1,9,1,8,40,B,False,4624.143,4626.676,ok,,0.08695652173913043,0.0196078431372549,0.05882352941176472,20,2,5,45,0.045454545454545456,8.43480544758374,0.044242029928432014
groot_l10_500,r6p3v2_groot_l10_500_B_r2,r6p3v2_groot_l10_500_B_r2:eval:9:1,1,9,1,10,50,B,True,4537.441,4540.381,ok,,0.07547169811320756,0.011032308904649346,0.0588235294117647,20,2,5,45,0.1016949152542373,8.790349413231374,0.0231124807395994
groot_l10_500,r6p3v2_groot_l10_500_B_r2,r6p3v2_groot_l10_500_B_r2:eval:9:1,1,9,1,12,60,B,False,4578.165,4581.099,ok,,0.07692307692307693,0.01683501683501684,0.05882352941176472,20,2,5,45,0.13043478260869565,8.80099233635641,0.04487944616853662
groot_l10_500,r6p3v2_groot_l10_500_B_r2,r6p3v2_groot_l10_500_B_r2:eval:9:1,1,9,1,14,70,B,True,4650.852,4653.489,ok,,0.10344827586206895,0.027368421052631584,0.05882352941176472,20,2,5,45,0.17391304347826086,8.430505085130598,0.04532839962997226
groot_l10_500,r6p3v2_groot_l10_500_B_r2,r6p3v2_groot_l10_500_B_r2:eval:9:1,1,9,1,16,80,B,False,4513.166,4515.83,ok,,0.06896551724137931,0.027368421052631597,0.0588235294117647,20,2,5,45,0.21739130434782608,8.05790506437602,0.04440333024976875
groot_l10_500,r6p3v2_groot_l10_500_B_r2,r6p3v2_groot_l10_500_B_r2:eval:9:1,1,9,1,18,90,B,True,4560.846,4563.517,ok,,0.08163265306122452,0.03547169811320755,0.05882352941176472,20,2,5,45,0.2857142857142857,8.056856680778898,0.08090185676392571
groot_l10_500,r6p3v2_groot_l10_500_B_r2,r6p3v2_groot_l10_500_B_r2:eval:9:1,1,9,1,20,100,B,False,4488.791,4500.326,ok,,0.08695652173913043,0.021786492374727684,0.05882352941176472,20,2,5,45,0.32,7.9753950783528245,0.09103448275862064
groot_l10_500,r6p3v2_groot_l10_500_B_r2,r6p3v2_groot_l10_500_B_r2:eval:9:1,1,9,1,22,110,B,False,4527.426,4535.363,ok,,0.08333333333333331,0.03296703296703296,0.0588235294117647,20,2,5,45,0.4166666666666667,8.072322379954352,0.013986013986013957
groot_l10_500,r6p3v2_groot_l10_500_B_r2,r6p3v2_groot_l10_500_B_r2:eval:9:1,1,9,1,24,120,B,True,4574.145,4576.718,ok,,0.08000000000000007,0.011032308904649346,0.05882352941176472,20,2,5,45,0.4230769230769231,7.827966455818101,0.06565656565656575
groot_l10_500,r6p3v2_groot_l10_500_B_r2,r6p3v2_groot_l10_500_B_r2:eval:9:1,1,9,1,26,130,B,False,4609.292,4612.032,ok,,0.07999999999999996,0.02795031055900621,0.05882352941176472,20,2,5,45,0.46808510638297873,7.289064345180461,0.052473763118440764
groot_l10_500,r6p3v2_groot_l10_500_B_r2,r6p3v2_groot_l10_500_B_r2:eval:9:1,1,9,1,28,140,B,False,4632.961,4635.455,ok,,0.08510638297872342,0.056338028169014065,0.05882352941176472,20,2,5,45,0.5106382978723404,6.7827643399190185,0.02501690331304944
groot_l10_500,r6p3v2_groot_l10_500_B_r2,r6p3v2_groot_l10_500_B_r2:eval:9:1,1,9,1,30,150,B,False,4559.202,4561.639,ok,,0.08510638297872342,0.056338028169014065,0.05882352941176472,20,2,5,45,0.5531914893617021,7.054190101871423,0.0250169033130494
groot_l10_500,r6p3v2_groot_l10_500_B_r2,r6p3v2_groot_l10_500_B_r2:eval:9:1,1,9,1,32,160,B,False,4644.883,4647.543,ok,,0.08510638297872342,0.05128205128205121,0.05882352941176472,20,2,5,45,0.6086956521739131,7.592195830160928,0.008525149190110826
groot_l10_500,r6p3v2_groot_l10_500_B_r2,r6p3v2_groot_l10_500_B_r2:eval:9:1,1,9,1,34,170,B,True,4587.766,4590.45,ok,,0.11267605633802813,0.03240740740740744,0.05882352941176472,20,2,5,45,0.6382978723404256,8.254886743765233,0.09043478260869564
groot_l10_500,r6p3v2_groot_l10_500_B_r2,r6p3v2_groot_l10_500_B_r2:eval:9:1,1,9,1,36,180,B,False,4513.683,4516.231,ok,,0.08510638297872342,0.03152088258471236,0.05882352941176461,20,2,5,45,0.6808510638297872,8.263706573906134,0.030618493570116256
groot_l10_500,r6p3v2_groot_l10_500_B_r2,r6p3v2_groot_l10_500_B_r2:eval:9:1,1,9,1,38,190,B,False,4477.181,4479.572,ok,,0.08163265306122447,0.011884550084889645,0.05882352941176472,20,2,5,45,0.723404255319149,8.584692567362476,0.021614319486659817
groot_l10_500,r6p3v2_groot_l10_500_B_r2,r6p3v2_groot_l10_500_B_r2:eval:9:1,1,9,1,40,200,B,False,4509.571,4517.449,ok,,0.06779661016949157,0.00927643784786647,0.05882352941176472,20,2,5,45,0.7659574468085106,8.455776206210679,0.028768354809709407
groot_l10_500,r6p3v2_groot_l10_500_B_r2,r6p3v2_groot_l10_500_B_r2:eval:9:1,1,9,1,42,210,B,False,4569.412,4572.093,ok,,0.07407407407407407,0.011884550084889645,0.05882352941176472,20,2,5,45,0.8148148148148148,8.899317561521435,0.021614319486659928
groot_l10_500,r6p3v2_groot_l10_500_B_r2,r6p3v2_groot_l10_500_B_r2:eval:9:1,1,9,1,44,220,B,True,4363.095,4365.505,ok,,0.06349206349206349,0.0358781810596579,0.05882352941176472,20,2,5,45,0.8571428571428571,9.537030526035702,0.03325774754346178
groot_l10_500,r6p3v2_groot_l10_500_B_r2,r6p3v2_groot_l10_500_B_r2:eval:9:1,1,9,1,46,230,B,False,4477.351,4479.924,ok,,0.07407407407407407,0.027298850574712596,0.05882352941176472,20,2,5,45,0.8936170212765957,9.430667876041701,0.0567741935483872
groot_l10_500,r6p3v2_groot_l10_500_B_r2,r6p3v2_groot_l10_500_B_r2:eval:9:1,1,9,1,48,240,B,False,4613.289,4615.969,ok,,0.07407407407407407,0.0358781810596579,0.05882352941176472,20,2,5,45,0.9259259259259259,9.489102315390992,0.026282853566958697
