cell,input,uid,task,step,observe_cpu_ms,observe_wall_ms,incremental_controller_cpu_ms,incremental_controller_wall_ms,full_controller_cpu_ms,full_controller_wall_ms,capture_overhead_cpu_ms
groot_l10_50,raw,r6c_cal_groot_l10_50:eval:0:8,0,0,2.044239,2.040556,2.17785,2.174189,4.695197,4.688245,0.0
groot_l10_50,raw,r6c_cal_groot_l10_50:eval:0:8,0,2,1.518319,1.515623,1.614017,1.614241,3.39984,3.396496,0.0
groot_l10_50,raw,r6c_cal_groot_l10_50:eval:0:8,0,4,2.269302,2.265969,2.386183,2.386774,4.024558,4.021152,0.0
groot_l10_50,raw,r6c_cal_groot_l10_50:eval:0:8,0,6,1.590432,1.587374,1.664345,1.664745,3.182075,3.178996,0.0
groot_l10_50,raw,r6c_cal_groot_l10_50:eval:0:8,0,8,1.222689,1.219882,1.310022,1.310712,2.643873,2.640861,0.0
groot_l10_50,raw,r6c_cal_groot_l10_50:eval:0:8,0,10,1.419257,1.416112,1.509848,1.509955,2.93243,2.929044,0.0
groot_l10_50,raw,r6c_cal_groot_l10_50:eval:0:8,0,12,1.23675,1.233398,1.364384,1.363979,2.664525,2.660822,0.0
groot_l10_50,raw,r6c_cal_groot_l10_50:eval:0:8,0,14,1.315399,1.3535,1.454786,1.496194,2.925423,2.963506,0.0
groot_l10_50,raw,r6c_cal_groot_l10_50:eval:0:8,0,16,1.446796,1.443259,1.544921,1.544737,3.10343,3.100075,0.0
groot_l10_50,raw,r6c_cal_groot_l10_50:eval:0:8,0,18,1.456009,1.452785,1.553848,1.553845,3.017917,3.01451,0.0
groot_l10_50,raw,r6c_cal_groot_l10_50:eval:0:8,0,20,1.314308,1.311417,1.398666,1.398577,2.809861,2.806426,0.0
groot_l10_50,raw,r6c_cal_groot_l10_50:eval:0:8,0,22,1.268677,1.265565,1.368043,1.368166,2.657885,2.654775,0.0
groot_l10_50,raw,r6c_cal_groot_l10_50:eval:0:8,0,24,1.28369,1.280284,1.39284,1.392745,2.827624,2.82439,0.0
groot_l10_50,raw,r6c_cal_groot_l10_50:eval:0:8,0,26,1.271483,1.268414,1.372803,1.372954,2.683294,2.680001,0.0
groot_l10_50,raw,r6c_cal_groot_l10_50:eval:0:8,0,28,1.236028,1.233338,1.316528,1.316556,2.605029,2.602025,0.0
groot_l10_50,raw,r6c_cal_groot_l10_50:eval:0:8,0,30,1.40913,1.406004,1.542612,1.54237,3.126607,3.122315,0.0
groot_l10_50,raw,r6c_cal_groot_l10_50:eval:0:8,0,32,1.537849,1.529427,1.62378,1.623836,3.15563,3.152363,0.0
groot_l10_50,raw,r6c_cal_groot_l10_50:eval:0:8,0,34,1.374976,1.371978,1.460589,1.460522,2.933423,2.930125,0.0
groot_l10_50,raw,r6c_cal_groot_l10_50:eval:0:8,0,36,1.394979,1.391835,1.479132,1.486884,2.780874,2.777622,0.0
groot_l10_50,raw,r6c_cal_groot_l10_50:eval:0:8,0,38,1.261273,1.258205,1.351376,1.351397,2.754416,2.751153,0.0
groot_l10_50,raw,r6c_cal_groot_l10_50:eval:0:8,0,40,1.399541,1.396644,1.482653,1.482707,2.820359,2.817202,0.0
groot_l10_50,raw,r6c_cal_groot_l10_50:eval:0:8,0,42,1.274592,1.27173,1.360133,1.360033,2.613786,2.610439,0.0
groot_l10_50,raw,r6c_cal_groot_l10_50:eval:0:8,0,44,1.285831,1.282875,1.374077,1.38622,2.883593,2.88044,0.0
groot_l10_50,raw,r6c_cal_groot_l10_50:eval:0:8,0,46,1.481264,1.47765,1.572911,1.572796,3.129112,3.125885,0.0
groot_l10_50,raw,r6c_cal_groot_l10_50:eval:0:8,0,48,1.407825,1.404714,1.491332,1.491116,2.905105,2.901842,0.0
groot_l10_50,raw,r6c_cal_groot_l10_50:eval:0:8,0,50,1.514959,1.511887,1.590658,1.590807,2.873576,2.870507,0.0
groot_l10_50,raw,r6c_cal_groot_l10_50:eval:0:8,0,52,1.289852,1.28686,1.37277,1.37299,2.665107,2.662179,0.0
groot_l10_50,raw,r6c_cal_groot_l10_50:eval:0:8,0,54,1.437638,1.434716,1.522972,1.523093,2.954841,2.95177,0.0
groot_l10_50,raw,r6c_cal_groot_l10_50:eval:0:8,0,56,1.245097,1.242132,1.330444,1.33069,2.595307,2.592158,0.0
groot_l10_50,raw,r6c_cal_groot_l10_50:eval:0:8,0,58,1.250101,1.247109,1.335628,1.339171,2.605034,2.601746,0.0
groot_l10_50,raw,r6c_cal_groot_l10_50:eval:0:8,0,60,1.301671,1.29779,1.403871,1.414653,2.940679,2.93713,0.0
groot_l10_50,raw,r6c_cal_groot_l10_50:eval:0:8,0,62,1.483407,1.480298,1.59714,1.596567,3.011039,3.007338,0.0
groot_l10_50,raw,r6c_cal_groot_l10_50:eval:0:8,0,64,1.404202,1.40115,1.487415,1.487165,2.858582,2.85522,0.0
groot_l10_50,raw,r6c_cal_groot_l10_50:eval:0:8,0,66,1.277108,1.273914,1.365656,1.365137,2.646124,2.642484,0.0
groot_l10_50,raw,r6c_cal_groot_l10_50:eval:0:8,0,68,1.293128,1.289983,1.376598,1.376378,2.79228,2.789055,0.0
groot_l10_50,raw,r6c_cal_groot_l10_50:eval:0:8,0,70,1.237125,1.234393,1.33027,1.330307,2.63431,2.63103,0.0
groot_l10_50,raw,r6c_cal_groot_l10_50:eval:0:8,0,72,1.262839,1.259846,1.331722,1.331643,2.595298,2.592454,0.0
groot_l10_50,raw,r6c_cal_groot_l10_50:eval:0:8,0,74,1.250915,1.247823,1.339548,1.339667,2.942232,2.939192,0.0
groot_l10_50,raw,r6c_cal_groot_l10_50:eval:0:8,0,76,1.522271,1.519025,1.610632,1.610242,3.168684,3.165331,0.0
groot_l10_50,raw,r6c_cal_groot_l10_50:eval:0:8,0,78,1.326986,1.323845,1.414291,1.41414,2.96369,2.960372,0.0
groot_l10_50,raw,r6c_cal_groot_l10_50:eval:0:8,0,80,1.328455,1.325367,1.429203,1.429121,2.716676,2.713391,0.0
groot_l10_50,raw,r6c_cal_groot_l10_50:eval:0:8,0,82,1.284842,1.281859,1.367788,1.368076,2.717956,2.714972,0.0
groot_l10_50,raw,r6c_cal_groot_l10_50:eval:0:8,0,84,1.4583,1.454973,1.556606,1.556678,2.844871,2.841689,0.0
groot_l10_50,raw,r6c_cal_groot_l10_50:eval:0:8,0,86,1.241981,1.238941,1.324602,1.324273,2.607103,2.603971,0.0
groot_l10_50,raw,r6c_cal_groot_l10_50:eval:0:8,0,88,1.266479,1.263221,1.363551,1.363529,2.636953,2.633774,0.0
groot_l10_50,raw,r6c_cal_groot_l10_50:eval:0:8,0,90,1.343381,1.340134,1.434957,1.434894,2.984753,2.981604,0.0
groot_l10_50,raw,r6c_cal_groot_l10_50:eval:0:8,0,92,1.463591,1.460375,1.558335,1.552421,2.962278,2.953147,0.0
groot_l10_50,raw,r6c_cal_groot_l10_50:eval:0:8,0,94,1.434823,1.431716,1.519903,1.519321,2.882553,2.878889,0.0
groot_l10_50,raw,r6c_cal_groot_l10_50:eval:0:8,0,96,1.293766,1.290578,1.393969,1.393772,2.69519,2.691747,0.0
groot_l10_50,raw,r6c_cal_groot_l10_50:eval:0:8,0,98,1.410251,1.407082,1.497753,1.497565,2.895266,2.892009,0.0
groot_l10_50,raw,r6c_cal_groot_l10_50:eval:0:8,0,100,1.262207,1.259066,1.346945,1.346762,2.64901,2.64588,0.0
groot_l10_50,raw,r6c_cal_groot_l10_50:eval:0:8,0,102,1.191328,1.188209,1.273889,1.273208,2.526484,2.523041,0.0
groot_l10_50,raw,r6c_cal_groot_l10_50:eval:1:8,1,0,0.891926,0.8895,1.00059,0.999808,2.355802,2.351982,0.0
groot_l10_50,raw,r6c_cal_groot_l10_50:eval:1:8,1,2,0.994962,0.992364,1.075358,1.075172,2.698955,2.695816,0.0
groot_l10_50,raw,r6c_cal_groot_l10_50:eval:1:8,1,4,1.896922,1.893908,1.986409,1.986546,3.506367,3.503088,0.0
groot_l10_50,raw,r6c_cal_groot_l10_50:eval:1:8,1,6,1.41577,1.412635,1.502759,1.502777,2.836612,2.833365,0.0
groot_l10_50,raw,r6c_cal_groot_l10_50:eval:1:8,1,8,1.173522,1.170618,1.26723,1.266952,2.680083,2.676831,0.0
groot_l10_50,raw,r6c_cal_groot_l10_50:eval:1:8,1,10,1.36443,1.361359,1.479064,1.478194,2.634842,2.631142,0.0
groot_l10_50,raw,r6c_cal_groot_l10_50:eval:1:8,1,12,1.252754,1.249743,1.339135,1.3389,2.631742,2.628417,0.0
groot_l10_50,raw,r6c_cal_groot_l10_50:eval:1:8,1,14,1.261705,1.258825,1.358765,1.358681,2.657998,2.654483,0.0
groot_l10_50,raw,r6c_cal_groot_l10_50:eval:1:8,1,15,1.454786,1.451643,1.571582,1.571542,3.072937,3.069243,0.0
groot_l10_50,raw,r6c_cal_groot_l10_50:eval:1:8,1,17,1.500771,1.497647,1.578919,1.579013,3.051929,3.048812,0.0
groot_l10_50,raw,r6c_cal_groot_l10_50:eval:1:8,1,19,1.391135,1.387951,1.476935,1.477194,2.891386,2.888397,0.0
groot_l10_50,raw,r6c_cal_groot_l10_50:eval:1:8,1,21,1.179658,1.176564,1.276059,1.276088,2.690884,2.68767,0.0
groot_l10_50,raw,r6c_cal_groot_l10_50:eval:1:8,1,23,1.34071,1.337176,1.425307,1.425208,2.948417,2.945137,0.0
groot_l10_50,raw,r6c_cal_groot_l10_50:eval:1:8,1,25,1.221641,1.218278,1.311126,1.311476,2.707004,2.703832,0.0
groot_l10_50,raw,r6c_cal_groot_l10_50:eval:1:8,1,27,1.251086,1.248176,1.318376,1.318186,2.585789,2.582899,0.0
groot_l10_50,raw,r6c_cal_groot_l10_50:eval:1:8,1,29,1.416955,1.414182,1.507226,1.507153,3.023082,3.019818,0.0
groot_l10_50,raw,r6c_cal_groot_l10_50:eval:1:8,1,31,1.555423,1.552008,1.653839,1.646263,3.331836,3.321275,0.0
groot_l10_50,raw,r6c_cal_groot_l10_50:eval:1:8,1,33,1.478767,1.475598,1.567135,1.567125,3.120598,3.117296,0.0
groot_l10_50,raw,r6c_cal_groot_l10_50:eval:1:8,1,34,1.32376,1.32059,1.409872,1.409841,2.676159,2.672978,0.0
groot_l10_50,raw,r6c_cal_groot_l10_50:eval:1:8,1,36,1.263328,1.260365,1.349989,1.361266,2.861962,2.858876,0.0
groot_l10_50,raw,r6c_cal_groot_l10_50:eval:1:8,1,38,1.249816,1.246435,1.321146,1.320817,2.563346,2.560156,0.0
groot_l10_50,raw,r6c_cal_groot_l10_50:eval:1:8,1,40,1.126857,1.123648,1.210082,1.209916,2.509537,2.547708,0.0
groot_l10_50,raw,r6c_cal_groot_l10_50:eval:1:8,1,42,1.151481,1.148558,1.241718,1.24308,2.668238,2.664795,0.0
groot_l10_50,raw,r6c_cal_groot_l10_50:eval:1:8,1,43,1.329414,1.326041,1.420352,1.420157,2.991187,2.987832,0.0
groot_l10_50,raw,r6c_cal_groot_l10_50:eval:1:8,1,45,1.446283,1.443244,1.530709,1.530467,3.117932,3.114745,0.0
groot_l10_50,raw,r6c_cal_groot_l10_50:eval:1:8,1,47,1.26637,1.263724,1.346266,1.346082,2.733047,2.729967,0.0
groot_l10_50,raw,r6c_cal_groot_l10_50:eval:1:8,1,49,1.184632,1.181353,1.270953,1.271316,2.618241,2.614774,0.0
groot_l10_50,raw,r6c_cal_groot_l10_50:eval:1:8,1,51,1.418406,1.415433,1.489295,1.489206,2.956237,2.953356,0.0
groot_l10_50,raw,r6c_cal_groot_l10_50:eval:1:8,1,53,1.245816,1.242791,1.318722,1.318876,2.703226,2.700365,0.0
groot_l10_50,raw,r6c_cal_groot_l10_50:eval:1:8,1,55,1.155295,1.15251,1.240787,1.240668,2.619293,2.616222,0.0
groot_l10_50,raw,r6c_cal_groot_l10_50:eval:1:8,1,56,1.411915,1.408795,1.509678,1.502394,3.039503,3.028692,0.0
groot_l10_50,raw,r6c_cal_groot_l10_50:eval:2:4,2,0,1.07936,1.076721,1.151645,1.151348,2.486175,2.482899,0.0
groot_l10_50,raw,r6c_cal_groot_l10_50:eval:2:4,2,2,1.030108,1.027687,1.112658,1.11293,2.428311,2.425265,0.0
groot_l10_50,raw,r6c_cal_groot_l10_50:eval:2:4,2,4,1.693674,1.690566,1.766061,1.76634,3.099311,3.096475,0.0
groot_l10_50,raw,r6c_cal_groot_l10_50:eval:2:4,2,6,1.153873,1.15106,1.234733,1.234661,2.609989,2.606882,0.0
groot_l10_50,raw,r6c_cal_groot_l10_50:eval:2:4,2,8,1.404826,1.401871,1.475857,1.475368,2.685383,2.682334,0.0
groot_l10_50,raw,r6c_cal_groot_l10_50:eval:2:4,2,10,1.284696,1.279757,1.370424,1.370687,2.620467,2.617579,0.0
groot_l10_50,raw,r6c_cal_groot_l10_50:eval:2:4,2,12,1.197001,1.194054,1.280033,1.28013,2.57009,2.567006,0.0
groot_l10_50,raw,r6c_cal_groot_l10_50:eval:2:4,2,14,1.515053,1.511743,1.606533,1.606702,3.166055,3.162813,0.0
groot_l10_50,raw,r6c_cal_groot_l10_50:eval:2:4,2,16,1.448127,1.444669,1.539659,1.539495,3.172339,3.168962,0.0
groot_l10_50,raw,r6c_cal_groot_l10_50:eval:2:4,2,18,1.241311,1.238554,1.332477,1.332558,2.606658,2.603403,0.0
groot_l10_50,raw,r6c_cal_groot_l10_50:eval:2:4,2,20,1.263233,1.260117,1.333679,1.333562,2.505068,2.502228,0.0
groot_l10_50,raw,r6c_cal_groot_l10_50:eval:2:4,2,22,1.509891,1.500308,1.577781,1.57836,2.90736,2.904921,0.0
groot_l10_50,raw,r6c_cal_groot_l10_50:eval:2:4,2,24,1.210905,1.208111,1.295732,1.296322,2.556028,2.553184,0.0
groot_l10_50,raw,r6c_cal_groot_l10_50:eval:2:4,2,26,1.20109,1.197983,1.277087,1.27626,2.447997,2.444253,0.0
groot_l10_50,raw,r6c_cal_groot_l10_50:eval:2:4,2,28,1.220237,1.216969,1.317248,1.316997,2.857192,2.853821,0.0
groot_l10_50,raw,r6c_cal_groot_l10_50:eval:2:4,2,30,1.479851,1.47674,1.570656,1.570662,3.156256,3.153084,0.0
groot_l10_50,raw,r6c_cal_groot_l10_50:eval:2:4,2,32,1.444176,1.441039,1.525084,1.524532,2.813095,2.809621,0.0
groot_l10_50,raw,r6c_cal_groot_l10_50:eval:2:4,2,34,1.237962,1.234649,1.307362,1.307211,2.619204,2.615977,0.0
groot_l10_50,raw,r6c_cal_groot_l10_50:eval:2:4,2,35,1.150391,1.147696,1.229946,1.229872,2.600128,2.597039,0.0
groot_l10_50,raw,r6c_cal_groot_l10_50:eval:2:4,2,37,1.434897,1.431873,1.523806,1.523307,2.918135,2.91466,0.0
groot_l10_50,raw,r6c_cal_groot_l10_50:eval:2:4,2,39,1.21332,1.210327,1.31459,1.314407,2.68908,2.685684,0.0
groot_l10_50,raw,r6c_cal_groot_l10_50:eval:2:4,2,41,1.197418,1.194212,1.293431,1.293326,2.70654,2.703263,0.0
groot_l10_50,raw,r6c_cal_groot_l10_50:eval:2:4,2,43,1.553494,1.550457,1.657204,1.656896,3.330575,3.32696,0.0
groot_l10_50,raw,r6c_cal_groot_l10_50:eval:2:4,2,45,1.493512,1.490342,1.581515,1.580936,3.133273,3.129893,0.0
groot_l10_50,raw,r6c_cal_groot_l10_50:eval:2:4,2,47,1.313543,1.310307,1.403615,1.403244,2.782067,2.778652,0.0
groot_l10_50,raw,r6c_cal_groot_l10_50:eval:2:4,2,49,1.225987,1.222838,1.40996,1.409563,2.760094,2.756538,0.0
groot_l10_50,raw,r6c_cal_groot_l10_50:eval:3:2,3,0,1.004897,1.002164,1.089177,1.088781,2.377656,2.374154,0.0
groot_l10_50,raw,r6c_cal_groot_l10_50:eval:3:2,3,2,0.838771,0.835942,0.899362,0.89949,2.110583,2.107857,0.0
groot_l10_50,raw,r6c_cal_groot_l10_50:eval:3:2,3,4,1.510447,1.507565,1.580259,1.580868,2.894282,2.891764,0.0
groot_l10_50,raw,r6c_cal_groot_l10_50:eval:3:2,3,6,1.148914,1.146133,1.23932,1.239794,2.908072,2.905051,0.0
groot_l10_50,raw,r6c_cal_groot_l10_50:eval:3:2,3,8,1.418699,1.415541,1.51129,1.511145,3.089656,3.086261,0.0
groot_l10_50,raw,r6c_cal_groot_l10_50:eval:3:2,3,10,1.41548,1.412325,1.499754,1.499918,2.860818,2.857648,0.0
groot_l10_50,raw,r6c_cal_groot_l10_50:eval:3:2,3,11,1.212413,1.209715,1.296335,1.296308,2.510142,2.507035,0.0
groot_l10_50,raw,r6c_cal_groot_l10_50:eval:3:2,3,13,1.16788,1.16459,1.251442,1.250995,2.828462,2.825109,0.0
groot_l10_50,raw,r6c_cal_groot_l10_50:eval:3:2,3,15,1.447669,1.444584,1.55964,1.558973,2.922508,2.919017,0.0
groot_l10_50,raw,r6c_cal_groot_l10_50:eval:3:2,3,17,1.220241,1.217452,1.28561,1.28592,2.559552,2.556564,0.0
groot_l10_50,raw,r6c_cal_groot_l10_50:eval:3:2,3,19,1.151607,1.14893,1.233155,1.232886,2.596153,2.593149,0.0
groot_l10_50,raw,r6c_cal_groot_l10_50:eval:3:2,3,20,1.410071,1.406779,1.500838,1.509327,2.945136,2.941758,0.0
groot_l10_50,raw,r6c_cal_groot_l10_50:eval:3:2,3,22,1.540192,1.536608,1.619562,1.619218,3.134903,3.131385,0.0
groot_l10_50,raw,r6c_cal_groot_l10_50:eval:3:2,3,24,1.295525,1.292518,1.379344,1.379468,2.702588,2.699541,0.0
groot_l10_50,raw,r6c_cal_groot_l10_50:eval:3:2,3,26,1.208185,1.205111,1.274587,1.274865,2.520082,2.517252,0.0
groot_l10_50,raw,r6c_cal_groot_l10_50:eval:3:2,3,28,1.395431,1.392339,1.49544,1.495988,2.89832,2.895555,0.0
groot_l10_50,raw,r6c_cal_groot_l10_50:eval:3:2,3,30,1.256415,1.253449,1.339346,1.340056,2.595418,2.592435,0.0
groot_l10_50,raw,r6c_cal_groot_l10_50:eval:3:2,3,32,1.207457,1.204486,1.316624,1.316023,2.542758,2.539225,0.0
groot_l10_50,raw,r6c_cal_groot_l10_50:eval:3:2,3,34,1.238799,1.23542,1.374164,1.374145,2.749753,2.74653,0.0
groot_l10_50,raw,r6c_cal_groot_l10_50:eval:3:2,3,36,1.390044,1.386625,1.499806,1.499647,3.049729,3.046364,0.0
groot_l10_50,raw,r6c_cal_groot_l10_50:eval:3:2,3,38,1.452125,1.449028,1.525538,1.525253,2.857904,2.854984,0.0
groot_l10_50,raw,r6c_cal_groot_l10_50:eval:3:2,3,40,1.306648,1.302788,1.38567,1.386151,2.68892,2.686292,0.0
groot_l10_50,raw,r6c_cal_groot_l10_50:eval:3:2,3,42,1.216038,1.213371,1.319275,1.31945,2.794114,2.791,0.0
groot_l10_50,raw,r6c_cal_groot_l10_50:eval:3:2,3,44,1.502025,1.498987,1.58969,1.590012,2.854428,2.851358,0.0
groot_l10_50,raw,r6c_cal_groot_l10_50:eval:4:9,4,0,0.867143,0.864446,0.926418,0.926385,2.064861,2.062029,0.0
groot_l10_50,raw,r6c_cal_groot_l10_50:eval:4:9,4,2,0.831315,0.829207,0.903701,0.903775,2.153251,2.150264,0.0
groot_l10_50,raw,r6c_cal_groot_l10_50:eval:4:9,4,4,1.542037,1.533204,1.645192,1.644497,3.230821,3.22679,0.0
groot_l10_50,raw,r6c_cal_groot_l10_50:eval:4:9,4,6,1.513031,1.509289,1.60648,1.606746,3.170989,3.167682,0.0
groot_l10_50,raw,r6c_cal_groot_l10_50:eval:4:9,4,7,1.405486,1.402373,1.492717,1.492301,2.88753,2.884146,0.0
groot_l10_50,raw,r6c_cal_groot_l10_50:eval:4:9,4,9,1.249522,1.246285,1.365427,1.365053,2.775951,2.772427,0.0
groot_l10_50,raw,r6c_cal_groot_l10_50:eval:4:9,4,11,1.248774,1.245435,1.333029,1.333149,3.028548,3.02534,0.0
groot_l10_50,raw,r6c_cal_groot_l10_50:eval:4:9,4,13,1.300666,1.297486,1.366946,1.366729,2.681511,2.678721,0.0
groot_l10_50,raw,r6c_cal_groot_l10_50:eval:4:9,4,15,1.279545,1.276566,1.361101,1.361464,2.700203,2.697304,0.0
groot_l10_50,raw,r6c_cal_groot_l10_50:eval:4:9,4,17,1.192763,1.190015,1.320176,1.320261,2.769867,2.767026,0.0
groot_l10_50,raw,r6c_cal_groot_l10_50:eval:4:9,4,19,1.33261,1.328992,1.458895,1.458833,3.129222,3.125671,0.0
groot_l10_50,raw,r6c_cal_groot_l10_50:eval:4:9,4,21,1.444717,1.441479,1.546969,1.546624,3.129915,3.126388,0.0
groot_l10_50,raw,r6c_cal_groot_l10_50:eval:4:9,4,23,1.735189,1.732035,1.822512,1.822225,3.432873,3.429614,0.0
groot_l10_50,raw,r6c_cal_groot_l10_50:eval:4:9,4,25,1.468444,1.465644,1.567428,1.567631,3.139072,3.136215,0.0
groot_l10_50,raw,r6c_cal_groot_l10_50:eval:4:9,4,27,1.30171,1.299147,1.393416,1.394255,2.868759,2.865897,0.0
groot_l10_50,raw,r6c_cal_groot_l10_50:eval:4:9,4,29,1.192811,1.190042,1.27956,1.279373,2.794431,2.791275,0.0
groot_l10_50,raw,r6c_cal_groot_l10_50:eval:4:9,4,31,1.266803,1.263871,1.362393,1.362014,2.971232,2.967868,0.0
groot_l10_50,raw,r6c_cal_groot_l10_50:eval:4:9,4,33,1.321595,1.318428,1.419139,1.419137,3.10653,3.103248,0.0
groot_l10_50,raw,r6c_cal_groot_l10_50:eval:4:9,4,35,1.463091,1.459831,1.548668,1.548373,3.056612,3.053168,0.0
groot_l10_50,raw,r6c_cal_groot_l10_50:eval:4:9,4,37,1.412896,1.409712,1.496262,1.49605,2.957871,2.954488,0.0
groot_l10_50,raw,r6c_cal_groot_l10_50:eval:4:9,4,39,1.502442,1.499085,1.594477,1.594235,3.254082,3.250828,0.0
groot_l10_50,raw,r6c_cal_groot_l10_50:eval:4:9,4,41,1.337107,1.33387,1.414123,1.414267,2.80301,2.799878,0.0
groot_l10_50,raw,r6c_cal_groot_l10_50:eval:4:9,4,43,1.271761,1.268717,1.351594,1.351751,2.725458,2.722706,0.0
groot_l10_50,raw,r6c_cal_groot_l10_50:eval:4:9,4,45,1.214976,1.212343,1.296041,1.296136,2.835806,2.832828,0.0
groot_l10_50,raw,r6c_cal_groot_l10_50:eval:4:9,4,47,1.337843,1.334796,1.436355,1.429581,3.177186,3.166997,0.0
groot_l10_50,raw,r6c_cal_groot_l10_50:eval:4:9,4,49,1.47794,1.474771,1.556189,1.556133,3.038719,3.03585,0.0
groot_l10_50,raw,r6c_cal_groot_l10_50:eval:4:9,4,51,1.318074,1.311546,1.401324,1.401597,2.759819,2.756897,0.0
groot_l10_50,raw,r6c_cal_groot_l10_50:eval:4:9,4,53,1.163707,1.160777,1.245141,1.244933,2.70259,2.699325,0.0
groot_l10_50,raw,r6c_cal_groot_l10_50:eval:4:9,4,55,1.389333,1.385844,1.471733,1.471399,2.830406,2.826971,0.0
groot_l10_50,raw,r6c_cal_groot_l10_50:eval:4:9,4,57,1.120712,1.117377,1.219062,1.219068,2.559093,2.555864,0.0
groot_l10_50,raw,r6c_cal_groot_l10_50:eval:4:9,4,59,1.183367,1.180077,1.321364,1.321465,2.628257,2.62514,0.0
groot_l10_50,raw,r6c_cal_groot_l10_50:eval:4:9,4,61,1.343093,1.340279,1.443676,1.444081,2.814835,2.811653,0.0
groot_l10_50,raw,r6c_cal_groot_l10_50:eval:4:9,4,63,1.428445,1.425161,1.517107,1.517446,3.06265,3.059489,0.0
groot_l10_50,raw,r6c_cal_groot_l10_50:eval:4:9,4,65,1.372489,1.369528,1.461565,1.461712,2.84995,2.846716,0.0
groot_l10_50,raw,r6c_cal_groot_l10_50:eval:4:9,4,67,1.217433,1.213978,1.302095,1.301777,2.684277,2.680883,0.0
groot_l10_50,raw,r6c_cal_groot_l10_50:eval:4:9,4,69,1.309005,1.305766,1.396755,1.397118,2.840702,2.837666,0.0
groot_l10_50,raw,r6c_cal_groot_l10_50:eval:4:9,4,71,1.146951,1.143771,1.235709,1.235851,2.495087,2.49205,0.0
groot_l10_50,raw,r6c_cal_groot_l10_50:eval:4:9,4,73,1.12944,1.12669,1.214755,1.2147,2.508994,2.505941,0.0
groot_l10_50,raw,r6c_cal_groot_l10_50:eval:4:9,4,75,1.105783,1.102382,1.21256,1.212498,2.58871,2.585445,0.0
groot_l10_50,raw,r6c_cal_groot_l10_50:eval:4:9,4,77,1.227475,1.224328,1.325183,1.325529,2.857785,2.85434,0.0
groot_l10_50,raw,r6c_cal_groot_l10_50:eval:4:9,4,79,1.361423,1.35834,1.449207,1.44886,2.889755,2.886268,0.0
groot_l10_50,raw,r6c_cal_groot_l10_50:eval:4:9,4,81,1.20218,1.198937,1.299804,1.299657,2.635577,2.63221,0.0
groot_l10_50,raw,r6c_cal_groot_l10_50:eval:4:9,4,83,1.135494,1.132397,1.218057,1.217544,2.618496,2.615117,0.0
groot_l10_50,raw,r6c_cal_groot_l10_50:eval:4:9,4,85,1.303886,1.300407,1.413631,1.412917,2.767792,2.764311,0.0
groot_l10_50,raw,r6c_cal_groot_l10_50:eval:4:9,4,87,1.160265,1.157123,1.259458,1.259466,2.556823,2.553676,0.0
groot_l10_50,raw,r6c_cal_groot_l10_50:eval:4:9,4,89,1.148289,1.145524,1.232608,1.234261,2.56401,2.561072,0.0
groot_l10_50,raw,r6c_cal_groot_l10_50:eval:4:9,4,91,1.117493,1.114401,1.202496,1.202571,2.758542,2.755448,0.0
groot_l10_50,raw,r6c_cal_groot_l10_50:eval:4:9,4,93,1.277416,1.274176,1.370634,1.370719,3.179019,3.175686,0.0
groot_l10_50,raw,r6c_cal_groot_l10_50:eval:4:9,4,95,1.303155,1.299908,1.38836,1.388203,2.8567,2.853522,0.0
groot_l10_50,raw,r6c_cal_groot_l10_50:eval:4:9,4,97,1.199252,1.196185,1.330028,1.329606,2.687548,2.683971,0.0
groot_l10_50,raw,r6c_cal_groot_l10_50:eval:4:9,4,99,1.269496,1.266413,1.395241,1.395076,2.981268,2.97779,0.0
groot_l10_50,raw,r6c_cal_groot_l10_50:eval:4:9,4,101,1.167481,1.164281,1.257907,1.259091,2.538648,2.535512,0.0
groot_l10_50,raw,r6c_cal_groot_l10_50:eval:4:9,4,103,1.141793,1.138878,1.230894,1.225535,2.565998,2.556966,0.0
groot_l10_50,raw,r6c_cal_groot_l10_50:eval:5:9,5,0,0.780008,0.777425,0.858527,0.858009,2.014197,2.01062,0.0
groot_l10_50,raw,r6c_cal_groot_l10_50:eval:5:9,5,2,0.808766,0.805915,0.9428,0.942312,2.646811,2.642682,0.0
groot_l10_50,raw,r6c_cal_groot_l10_50:eval:5:9,5,4,2.155263,2.15157,2.265318,2.265313,3.842163,3.838668,0.0
groot_l10_50,raw,r6c_cal_groot_l10_50:eval:5:9,5,6,1.257977,1.254967,1.3445,1.356077,2.728297,2.724933,0.0
groot_l10_50,raw,r6c_cal_groot_l10_50:eval:5:9,5,8,1.230932,1.228003,1.319269,1.319634,2.670543,2.667333,0.0
groot_l10_50,raw,r6c_cal_groot_l10_50:eval:5:9,5,10,1.446829,1.443805,1.533453,1.533502,2.928899,2.925555,0.0
groot_l10_50,raw,r6c_cal_groot_l10_50:eval:5:9,5,12,1.135304,1.132209,1.227926,1.227709,2.515869,2.512586,0.0
groot_l10_50,raw,r6c_cal_groot_l10_50:eval:5:9,5,14,1.126894,1.123789,1.215381,1.215258,2.488281,2.48498,0.0
groot_l10_50,raw,r6c_cal_groot_l10_50:eval:5:9,5,16,1.13378,1.130662,1.25849,1.248403,2.651927,2.638695,0.0
groot_l10_50,raw,r6c_cal_groot_l10_50:eval:5:9,5,18,1.619541,1.616364,1.729457,1.72931,3.636918,3.633235,0.0
groot_l10_50,raw,r6c_cal_groot_l10_50:eval:5:9,5,20,1.355783,1.352819,1.448969,1.448704,2.8487,2.845326,0.0
groot_l10_50,raw,r6c_cal_groot_l10_50:eval:5:9,5,22,1.230358,1.227165,1.314828,1.314658,2.628217,2.624967,0.0
groot_l10_50,raw,r6c_cal_groot_l10_50:eval:5:9,5,23,1.411214,1.408137,1.518489,1.51888,2.957954,2.954766,0.0
groot_l10_50,raw,r6c_cal_groot_l10_50:eval:5:9,5,25,1.220413,1.217164,1.30574,1.305898,2.619673,2.616426,0.0
groot_l10_50,raw,r6c_cal_groot_l10_50:eval:5:9,5,27,1.142539,1.139204,1.230467,1.230822,2.508586,2.505232,0.0
groot_l10_50,raw,r6c_cal_groot_l10_50:eval:5:9,5,29,1.112534,1.10947,1.199473,1.199647,2.509209,2.506089,0.0
groot_l10_50,raw,r6c_cal_groot_l10_50:eval:5:9,5,31,1.307828,1.304411,1.420723,1.420609,3.207532,3.203782,0.0
groot_l10_50,raw,r6c_cal_groot_l10_50:eval:5:9,5,33,1.597982,1.594278,1.705321,1.704741,3.208825,3.205024,0.0
groot_l10_50,raw,r6c_cal_groot_l10_50:eval:6:11,6,0,0.909705,0.907013,0.983548,0.983212,2.317017,2.313824,0.0
groot_l10_50,raw,r6c_cal_groot_l10_50:eval:6:11,6,2,0.851421,0.848587,0.965946,0.965799,2.404747,2.401402,0.0
groot_l10_50,raw,r6c_cal_groot_l10_50:eval:6:11,6,4,1.702365,1.699071,1.774397,1.782371,3.421046,3.418161,0.0
groot_l10_50,raw,r6c_cal_groot_l10_50:eval:6:11,6,6,1.389207,1.386108,1.473119,1.473162,2.908952,2.905873,0.0
groot_l10_50,raw,r6c_cal_groot_l10_50:eval:6:11,6,8,1.15751,1.15451,1.239546,1.239375,2.642279,2.639207,0.0
groot_l10_50,raw,r6c_cal_groot_l10_50:eval:6:11,6,10,1.216843,1.213769,1.326415,1.326503,3.175137,3.171506,0.0
groot_l10_50,raw,r6c_cal_groot_l10_50:eval:6:11,6,12,1.784721,1.780704,1.898645,1.898993,3.637315,3.633786,0.0
groot_l10_50,raw,r6c_cal_groot_l10_50:eval:6:11,6,14,1.451267,1.448147,1.543701,1.543449,3.247484,3.244055,0.0
groot_l10_50,raw,r6c_cal_groot_l10_50:eval:6:11,6,16,1.424456,1.420331,1.526616,1.526555,3.192154,3.188462,0.0
groot_l10_50,raw,r6c_cal_groot_l10_50:eval:6:11,6,18,1.370682,1.367842,1.469731,1.469839,2.762628,2.759528,0.0
groot_l10_50,raw,r6c_cal_groot_l10_50:eval:6:11,6,20,1.199384,1.196236,1.28192,1.282242,2.716041,2.713189,0.0
groot_l10_50,raw,r6c_cal_groot_l10_50:eval:6:11,6,22,1.243381,1.240238,1.344648,1.344268,2.593669,2.590037,0.0
groot_l10_50,raw,r6c_cal_groot_l10_50:eval:6:11,6,24,1.441098,1.437635,1.561682,1.561308,3.425822,3.421631,0.0
groot_l10_50,raw,r6c_cal_groot_l10_50:eval:6:11,6,25,1.674452,1.671604,1.765904,1.765591,3.312912,3.309189,0.0
groot_l10_50,raw,r6c_cal_groot_l10_50:eval:6:11,6,27,1.203972,1.200863,1.30998,1.317272,2.741256,2.737959,0.0
groot_l10_50,raw,r6c_cal_groot_l10_50:eval:6:11,6,29,1.234281,1.231139,1.315849,1.316054,2.948575,2.945633,0.0
groot_l10_50,raw,r6c_cal_groot_l10_50:eval:6:11,6,31,1.294091,1.290738,1.390032,1.390066,2.730499,2.727414,0.0
groot_l10_50,raw,r6c_cal_groot_l10_50:eval:6:11,6,33,1.291093,1.288223,1.396452,1.396371,2.832417,2.829092,0.0
groot_l10_50,raw,r6c_cal_groot_l10_50:eval:6:11,6,35,1.115529,1.112384,1.18524,1.185297,2.398481,2.395477,0.0
groot_l10_50,raw,r6c_cal_groot_l10_50:eval:6:11,6,36,1.027243,1.02444,1.134451,1.134224,2.673661,2.670059,0.0
groot_l10_50,raw,r6c_cal_groot_l10_50:eval:6:11,6,38,1.569668,1.566365,1.669947,1.670112,3.655636,3.651986,0.0
groot_l10_50,raw,r6c_cal_groot_l10_50:eval:6:11,6,40,1.331196,1.328283,1.410954,1.411033,2.772646,2.769627,0.0
groot_l10_50,raw,r6c_cal_groot_l10_50:eval:6:11,6,41,1.243438,1.240528,1.322226,1.322123,2.750343,2.746992,0.0
groot_l10_50,raw,r6c_cal_groot_l10_50:eval:6:11,6,43,1.355754,1.352894,1.447647,1.447688,2.836089,2.832945,0.0
groot_l10_50,raw,r6c_cal_groot_l10_50:eval:7:0,7,0,0.86723,0.864149,0.952615,0.952168,2.428962,2.425451,0.0
groot_l10_50,raw,r6c_cal_groot_l10_50:eval:7:0,7,2,0.863438,0.860851,0.937936,0.93785,2.390815,2.387893,0.0
groot_l10_50,raw,r6c_cal_groot_l10_50:eval:7:0,7,4,1.822346,1.819527,1.909593,1.909724,3.550302,3.547154,0.0
groot_l10_50,raw,r6c_cal_groot_l10_50:eval:7:0,7,6,1.247302,1.244271,1.340031,1.340587,2.939434,2.936477,0.0
groot_l10_50,raw,r6c_cal_groot_l10_50:eval:7:0,7,8,1.432678,1.421134,1.52556,1.525882,3.039486,3.036604,0.0
groot_l10_50,raw,r6c_cal_groot_l10_50:eval:7:0,7,10,1.416408,1.413505,1.504404,1.507298,2.960754,2.957927,0.0
groot_l10_50,raw,r6c_cal_groot_l10_50:eval:7:0,7,12,1.313673,1.310607,1.401231,1.401624,2.929826,2.926883,0.0
groot_l10_50,raw,r6c_cal_groot_l10_50:eval:7:0,7,14,1.256552,1.253128,1.350539,1.350759,2.735159,2.732315,0.0
groot_l10_50,raw,r6c_cal_groot_l10_50:eval:7:0,7,16,1.336085,1.332795,1.424639,1.424382,2.897484,2.894242,0.0
groot_l10_50,raw,r6c_cal_groot_l10_50:eval:7:0,7,18,1.268363,1.265173,1.353647,1.353912,2.807472,2.804559,0.0
groot_l10_50,raw,r6c_cal_groot_l10_50:eval:7:0,7,19,1.227602,1.224702,1.323253,1.323206,2.744814,2.741636,0.0
groot_l10_50,raw,r6c_cal_groot_l10_50:eval:7:0,7,21,1.428002,1.424993,1.517427,1.517527,3.078193,3.075079,0.0
groot_l10_50,raw,r6c_cal_groot_l10_50:eval:7:0,7,23,1.504895,1.501703,1.589708,1.589667,3.154387,3.151454,0.0
groot_l10_50,raw,r6c_cal_groot_l10_50:eval:7:0,7,24,1.390332,1.38719,1.481463,1.478816,3.136894,3.131101,0.0
groot_l10_50,raw,r6c_cal_groot_l10_50:eval:7:0,7,26,1.475519,1.472399,1.565303,1.565449,3.072735,3.069772,0.0
groot_l10_50,raw,r6c_cal_groot_l10_50:eval:7:0,7,28,1.44939,1.440827,1.532373,1.533012,2.941888,2.939096,0.0
groot_l10_50,raw,r6c_cal_groot_l10_50:eval:7:0,7,30,1.220223,1.217176,1.311282,1.311593,2.682524,2.679793,0.0
groot_l10_50,raw,r6c_cal_groot_l10_50:eval:7:0,7,32,1.394328,1.391215,1.487674,1.485964,2.900676,2.895747,0.0
groot_l10_50,raw,r6c_cal_groot_l10_50:eval:7:0,7,34,1.368117,1.364937,1.453736,1.453926,3.087498,3.084676,0.0
groot_l10_50,raw,r6c_cal_groot_l10_50:eval:7:0,7,36,1.342477,1.339349,1.433006,1.432936,2.892554,2.889445,0.0
groot_l10_50,raw,r6c_cal_groot_l10_50:eval:7:0,7,38,1.286348,1.283446,1.36504,1.365308,2.646228,2.643374,0.0
groot_l10_50,raw,r6c_cal_groot_l10_50:eval:7:0,7,40,1.242847,1.239853,1.341848,1.32212,2.664926,2.641976,0.0
groot_l10_50,raw,r6c_cal_groot_l10_50:eval:7:0,7,42,1.173699,1.171239,1.256638,1.256826,2.697638,2.694785,0.0
groot_l10_50,raw,r6c_cal_groot_l10_50:eval:7:0,7,43,1.305679,1.302791,1.389249,1.389553,2.854002,2.851149,0.0
groot_l10_50,raw,r6c_cal_groot_l10_50:eval:7:0,7,45,1.221038,1.212026,1.310003,1.309856,2.782124,2.778937,0.0
groot_l10_50,raw,r6c_cal_groot_l10_50:eval:7:0,7,47,1.274998,1.271966,1.364432,1.365753,2.978587,2.975731,0.0
groot_l10_50,raw,r6c_cal_groot_l10_50:eval:7:0,7,49,1.398456,1.395116,1.499255,1.499177,3.005393,3.002165,0.0
groot_l10_50,raw,r6c_cal_groot_l10_50:eval:7:0,7,51,1.36926,1.365936,1.462499,1.452911,2.982001,2.969377,0.0
groot_l10_50,raw,r6c_cal_groot_l10_50:eval:7:0,7,53,1.235061,1.231764,1.321242,1.321456,2.674858,2.671882,0.0
groot_l10_50,raw,r6c_cal_groot_l10_50:eval:7:0,7,55,1.289583,1.28641,1.397798,1.398179,2.831451,2.828385,0.0
groot_l10_50,raw,r6c_cal_groot_l10_50:eval:7:0,7,57,1.305073,1.302152,1.413434,1.413887,2.905612,2.902925,0.0
groot_l10_50,raw,r6c_cal_groot_l10_50:eval:7:0,7,59,1.323226,1.31509,1.408624,1.409004,2.863231,2.860379,0.0
groot_l10_50,raw,r6c_cal_groot_l10_50:eval:7:0,7,61,1.293879,1.290873,1.388574,1.388719,2.972249,2.969313,0.0
groot_l10_50,raw,r6c_cal_groot_l10_50:eval:7:0,7,63,1.547435,1.544401,1.633454,1.63384,3.264409,3.261554,0.0
groot_l10_50,raw,r6c_cal_groot_l10_50:eval:7:0,7,65,1.510457,1.507221,1.60787,1.608022,3.215269,3.212196,0.0
groot_l10_50,raw,r6c_cal_groot_l10_50:eval:7:0,7,67,1.35958,1.356511,1.46593,1.466334,2.854147,2.851279,0.0
groot_l10_50,raw,r6c_cal_groot_l10_50:eval:7:0,7,68,1.327589,1.32458,1.415273,1.415639,2.924096,2.921242,0.0
groot_l10_50,raw,r6c_cal_groot_l10_50:eval:7:0,7,70,1.317927,1.314598,1.410117,1.410555,2.892604,2.889715,0.0
groot_l10_50,raw,r6c_cal_groot_l10_50:eval:7:0,7,72,1.309395,1.306133,1.410748,1.410967,2.890806,2.88792,0.0
groot_l10_50,raw,r6c_cal_groot_l10_50:eval:7:0,7,74,1.246544,1.243479,1.334882,1.334947,2.822614,2.819607,0.0
groot_l10_50,raw,r6c_cal_groot_l10_50:eval:7:0,7,76,1.393107,1.390137,1.484032,1.483917,3.042078,3.038915,0.0
groot_l10_50,raw,r6c_cal_groot_l10_50:eval:7:0,7,78,1.333767,1.330658,1.417632,1.417933,2.902612,2.899827,0.0
groot_l10_50,raw,r6c_cal_groot_l10_50:eval:7:0,7,80,1.357368,1.354437,1.450676,1.450567,2.984833,2.981779,0.0
groot_l10_50,raw,r6c_cal_groot_l10_50:eval:7:0,7,82,1.20618,1.203235,1.317743,1.318087,2.712904,2.710047,0.0
groot_l10_50,raw,r6c_cal_groot_l10_50:eval:7:0,7,84,1.255515,1.252669,1.341015,1.341647,2.823437,2.820581,0.0
groot_l10_50,raw,r6c_cal_groot_l10_50:eval:7:0,7,86,1.279287,1.276285,1.363424,1.363833,2.833215,2.830467,0.0
groot_l10_50,raw,r6c_cal_groot_l10_50:eval:7:0,7,88,1.246267,1.243472,1.335533,1.335727,2.759888,2.756914,0.0
groot_l10_50,raw,r6c_cal_groot_l10_50:eval:7:0,7,90,1.360826,1.357841,1.467558,1.467721,2.938324,2.935349,0.0
groot_l10_50,raw,r6c_cal_groot_l10_50:eval:7:0,7,92,1.361052,1.358136,1.433774,1.434428,2.886956,2.884311,0.0
groot_l10_50,raw,r6c_cal_groot_l10_50:eval:7:0,7,94,1.413221,1.410495,1.516392,1.517215,2.826147,2.823412,0.0
groot_l10_50,raw,r6c_cal_groot_l10_50:eval:7:0,7,96,1.323373,1.320066,1.405105,1.405519,2.786554,2.783658,0.0
groot_l10_50,raw,r6c_cal_groot_l10_50:eval:7:0,7,98,1.256092,1.252641,1.342187,1.342185,2.803344,2.800285,0.0
groot_l10_50,raw,r6c_cal_groot_l10_50:eval:7:0,7,100,1.238939,1.235704,1.321127,1.332686,2.647295,2.644349,0.0
groot_l10_50,raw,r6c_cal_groot_l10_50:eval:7:0,7,102,1.358465,1.355529,1.446284,1.446281,2.820912,2.817673,0.0
groot_l10_50,raw,r6c_cal_groot_l10_50:eval:8:9,8,0,0.923737,0.921096,1.005087,1.004875,2.348312,2.345016,0.0
groot_l10_50,raw,r6c_cal_groot_l10_50:eval:8:9,8,2,0.948608,0.946106,1.029992,1.03041,2.44858,2.445786,0.0
groot_l10_50,raw,r6c_cal_groot_l10_50:eval:8:9,8,4,1.791408,1.788404,1.878021,1.87849,3.505006,3.50224,0.0
groot_l10_50,raw,r6c_cal_groot_l10_50:eval:8:9,8,6,1.429311,1.415764,1.517296,1.517415,3.10966,3.106801,0.0
groot_l10_50,raw,r6c_cal_groot_l10_50:eval:8:9,8,8,1.290812,1.287431,1.380402,1.37339,2.834073,2.823924,0.0
groot_l10_50,raw,r6c_cal_groot_l10_50:eval:8:9,8,10,1.321819,1.315278,1.402352,1.40283,2.848899,2.846224,0.0
groot_l10_50,raw,r6c_cal_groot_l10_50:eval:8:9,8,12,1.301187,1.298202,1.400333,1.400568,3.05226,3.049452,0.0
groot_l10_50,raw,r6c_cal_groot_l10_50:eval:8:9,8,14,1.280435,1.277474,1.370446,1.370761,2.890738,2.887973,0.0
groot_l10_50,raw,r6c_cal_groot_l10_50:eval:8:9,8,15,1.355374,1.352287,1.442269,1.442731,3.049944,3.04698,0.0
groot_l10_50,raw,r6c_cal_groot_l10_50:eval:8:9,8,17,1.349913,1.346792,1.445192,1.462908,3.001364,2.998595,0.0
groot_l10_50,raw,r6c_cal_groot_l10_50:eval:8:9,8,19,1.418192,1.414909,1.501062,1.501584,2.998028,2.995327,0.0
groot_l10_50,raw,r6c_cal_groot_l10_50:eval:8:9,8,21,1.340462,1.337296,1.433204,1.433537,2.862837,2.860162,0.0
groot_l10_50,raw,r6c_cal_groot_l10_50:eval:8:9,8,23,1.240266,1.237315,1.320744,1.320856,2.780928,2.778071,0.0
groot_l10_50,raw,r6c_cal_groot_l10_50:eval:8:9,8,25,1.234231,1.230824,1.404573,1.405895,2.741778,2.738666,0.0
groot_l10_50,raw,r6c_cal_groot_l10_50:eval:8:9,8,27,1.224886,1.221766,1.311768,1.311881,2.77238,2.769357,0.0
groot_l10_50,raw,r6c_cal_groot_l10_50:eval:8:9,8,29,1.405752,1.402674,1.490365,1.49063,2.987773,2.984956,0.0
groot_l10_50,raw,r6c_cal_groot_l10_50:eval:8:9,8,31,1.275125,1.272177,1.359273,1.35936,2.787621,2.784848,0.0
groot_l10_50,raw,r6c_cal_groot_l10_50:eval:8:9,8,33,1.356826,1.354014,1.439153,1.439565,2.781714,2.778982,0.0
groot_l10_50,raw,r6c_cal_groot_l10_50:eval:8:9,8,34,1.474368,1.471441,1.567101,1.567674,3.004511,3.001625,0.0
groot_l10_50,raw,r6c_cal_groot_l10_50:eval:8:9,8,36,1.259351,1.248123,1.341363,1.34173,2.64986,2.647179,0.0
groot_l10_50,raw,r6c_cal_groot_l10_50:eval:8:9,8,38,1.14584,1.142593,1.248885,1.249124,2.536395,2.533485,0.0
groot_l10_50,raw,r6c_cal_groot_l10_50:eval:8:9,8,39,1.098872,1.095901,1.188259,1.188166,2.551115,2.547863,0.0
groot_l10_50,raw,r6c_cal_groot_l10_50:eval:8:9,8,41,1.278205,1.275281,1.366153,1.366363,2.902987,2.90007,0.0
groot_l10_50,raw,r6c_cal_groot_l10_50:eval:8:9,8,43,1.36045,1.358048,1.444065,1.444751,2.840603,2.837837,0.0
groot_l10_50,raw,r6c_cal_groot_l10_50:eval:8:9,8,44,1.28027,1.276968,1.37715,1.377283,2.920975,2.91807,0.0
groot_l10_50,raw,r6c_cal_groot_l10_50:eval:8:9,8,46,1.213919,1.21105,1.293678,1.293941,2.744832,2.742139,0.0
groot_l10_50,raw,r6c_cal_groot_l10_50:eval:8:9,8,48,1.214171,1.211212,1.285852,1.286369,2.554643,2.55198,0.0
groot_l10_50,raw,r6c_cal_groot_l10_50:eval:8:9,8,50,1.15648,1.153786,1.243407,1.244125,2.550027,2.54741,0.0
groot_l10_50,raw,r6c_cal_groot_l10_50:eval:8:9,8,52,1.133868,1.130547,1.228884,1.229169,2.505592,2.502708,0.0
groot_l10_50,raw,r6c_cal_groot_l10_50:eval:8:9,8,53,1.438188,1.435019,1.557072,1.557383,2.967167,2.96429,0.0
groot_l10_50,raw,r6c_cal_groot_l10_50:eval:8:9,8,55,1.37056,1.367438,1.473701,1.473978,2.951041,2.948089,0.0
groot_l10_50,raw,r6c_cal_groot_l10_50:eval:8:9,8,57,1.323316,1.320388,1.418121,1.41825,2.795225,2.792303,0.0
groot_l10_50,raw,r6c_cal_groot_l10_50:eval:8:9,8,58,1.350175,1.347386,1.433666,1.434205,2.902085,2.899434,0.0
groot_l10_50,raw,r6c_cal_groot_l10_50:eval:8:9,8,60,1.415463,1.412689,1.5026,1.503027,2.840234,2.837411,0.0
groot_l10_50,raw,r6c_cal_groot_l10_50:eval:8:9,8,62,1.144806,1.141901,1.229821,1.230905,2.562421,2.559487,0.0
groot_l10_50,raw,r6c_cal_groot_l10_50:eval:8:9,8,64,1.194958,1.191907,1.270484,1.270771,2.53784,2.535197,0.0
groot_l10_50,raw,r6c_cal_groot_l10_50:eval:8:9,8,65,1.178677,1.175932,1.261588,1.26213,2.611502,2.608922,0.0
groot_l10_50,raw,r6c_cal_groot_l10_50:eval:8:9,8,67,1.506973,1.503768,1.62688,1.626918,3.354361,3.350564,0.0
groot_l10_50,raw,r6c_cal_groot_l10_50:eval:8:9,8,69,1.375727,1.372293,1.450717,1.451074,2.869286,2.866583,0.0
groot_l10_50,raw,r6c_cal_groot_l10_50:eval:8:9,8,71,1.241152,1.237082,1.365701,1.348109,2.807979,2.787061,0.0
groot_l10_50,raw,r6c_cal_groot_l10_50:eval:8:9,8,73,1.258841,1.256036,1.351114,1.35154,2.840702,2.837811,0.0
groot_l10_50,raw,r6c_cal_groot_l10_50:eval:8:9,8,74,1.153975,1.151279,1.234872,1.235213,2.537171,2.534518,0.0
groot_l10_50,raw,r6c_cal_groot_l10_50:eval:8:9,8,76,1.190889,1.185925,1.262144,1.262684,2.522406,2.519895,0.0
groot_l10_50,raw,r6c_cal_groot_l10_50:eval:9:2,9,0,0.781927,0.779788,0.851897,0.852249,1.983682,1.981043,0.0
groot_l10_50,raw,r6c_cal_groot_l10_50:eval:9:2,9,2,0.820563,0.818128,0.914259,0.914282,2.546208,2.542629,0.0
groot_l10_50,raw,r6c_cal_groot_l10_50:eval:9:2,9,4,1.968478,1.965111,2.062113,2.062333,3.811585,3.808488,0.0
groot_l10_50,raw,r6c_cal_groot_l10_50:eval:9:2,9,6,1.362577,1.359393,1.451236,1.451456,2.867922,2.864959,0.0
groot_l10_50,raw,r6c_cal_groot_l10_50:eval:9:2,9,8,1.316632,1.313246,1.399916,1.400196,2.857393,2.854587,0.0
groot_l10_50,raw,r6c_cal_groot_l10_50:eval:9:2,9,10,1.34991,1.346544,1.466254,1.462912,2.782291,2.775922,0.0
groot_l10_50,raw,r6c_cal_groot_l10_50:eval:9:2,9,12,1.165171,1.162135,1.251447,1.25153,2.53283,2.529682,0.0
groot_l10_50,raw,r6c_cal_groot_l10_50:eval:9:2,9,14,1.186112,1.182931,1.272005,1.272586,2.542407,2.539641,0.0
groot_l10_50,raw,r6c_cal_groot_l10_50:eval:9:2,9,16,1.172031,1.169222,1.262061,1.265873,2.537911,2.534984,0.0
groot_l10_50,raw,r6c_cal_groot_l10_50:eval:9:2,9,18,1.511164,1.507906,1.643071,1.643194,3.330471,3.326785,0.0
groot_l10_50,raw,r6c_cal_groot_l10_50:eval:9:2,9,19,1.456822,1.45337,1.546958,1.546916,2.996771,2.993521,0.0
groot_l10_50,raw,r6c_cal_groot_l10_50:eval:9:2,9,21,1.257334,1.254023,1.34963,1.349752,2.870747,2.867588,0.0
groot_l10_50,raw,r6c_cal_groot_l10_50:eval:9:2,9,23,1.20946,1.206278,1.296684,1.296776,2.781721,2.778821,0.0
groot_l10_50,raw,r6c_cal_groot_l10_50:eval:9:2,9,25,1.173721,1.170769,1.261899,1.262059,2.552014,2.549054,0.0
groot_l10_50,raw,r6c_cal_groot_l10_50:eval:9:2,9,27,1.175845,1.172977,1.259013,1.259172,2.572671,2.569835,0.0
groot_l10_50,raw,r6c_cal_groot_l10_50:eval:9:2,9,29,1.141389,1.138476,1.224172,1.224473,2.5171,2.514141,0.0
groot_l10_50,raw,r6c_cal_groot_l10_50:eval:9:2,9,30,1.158445,1.154879,1.283993,1.283742,2.958502,2.954889,0.0
groot_l10_50,raw,r6c_cal_groot_l10_50:eval:9:2,9,32,1.41766,1.414294,1.523126,1.5229,3.186114,3.182731,0.0
groot_l10_50,raw,r6c_cal_groot_l10_50:eval:9:2,9,34,1.30824,1.305192,1.40736,1.407548,2.835975,2.832974,0.0
groot_l10_50,raw,r6c_cal_groot_l10_50:eval:9:2,9,35,1.507271,1.503922,1.595686,1.595901,3.003117,3.000169,0.0
groot_l10_50,raw,r6c_cal_groot_l10_50:eval:9:2,9,37,1.373568,1.370308,1.458464,1.458137,2.772914,2.769322,0.0
groot_l10_50,raw,r6c_cal_groot_l10_50:eval:9:2,9,39,1.185197,1.182263,1.256437,1.256725,2.557705,2.554925,0.0
groot_l10_50,raw,r6c_cal_groot_l10_50:eval:9:2,9,41,1.117973,1.114828,1.200994,1.201395,2.513391,2.510736,0.0
groot_l10_50,raw,r6c_cal_groot_l10_50:eval:9:2,9,43,1.128505,1.125631,1.21967,1.21993,2.498753,2.495797,0.0
groot_l10_50,raw,r6c_cal_groot_l10_50:eval:9:2,9,45,1.537914,1.534315,1.693592,1.694216,3.332116,3.328712,0.0
groot_l10_50,raw,r6c_cal_groot_l10_50:eval:9:2,9,46,1.464013,1.460693,1.557313,1.557088,3.005606,3.002201,0.0
groot_l10_50,raw,r6c_cal_groot_l10_50:eval:9:2,9,48,1.23967,1.236715,1.346707,1.347393,2.83227,2.829556,0.0
groot_l10_50,raw,r6c_cal_groot_l10_50:eval:9:2,9,50,1.234291,1.231366,1.321662,1.321561,2.824417,2.821161,0.0
groot_l10_50,raw,r6c_cal_groot_l10_50:eval:9:2,9,52,1.205808,1.202817,1.291476,1.293146,2.596382,2.593391,0.0
groot_l10_50,raw,r6c_cal_groot_l10_50:eval:9:2,9,54,1.164793,1.16171,1.251282,1.25174,2.550151,2.547374,0.0
groot_l10_50,raw,r6c_cal_groot_l10_50:eval:9:2,9,56,1.147151,1.14416,1.23098,1.23115,2.47533,2.472449,0.0
groot_l10_50,raw,r6c_cal_groot_l10_50:eval:9:2,9,58,1.440073,1.437289,1.566334,1.56607,3.101823,3.098278,0.0
groot_l10_50,raw,r6c_cal_groot_l10_50:eval:9:2,9,60,1.809081,1.805308,1.902122,1.901776,3.457767,3.45424,0.0
groot_l10_50,raw,r6c_cal_groot_l10_50:eval:9:2,9,62,1.276056,1.27299,1.360477,1.360955,2.808567,2.805783,0.0
groot_l10_50,raw,r6c_cal_groot_l10_50:eval:9:2,9,64,1.407213,1.403807,1.494255,1.494579,2.936159,2.933264,0.0
groot_l10_50,raw,r6c_cal_groot_l10_50:eval:9:2,9,66,1.212332,1.209077,1.298785,1.298989,2.592215,2.589268,0.0
groot_l10_50,raw,r6c_cal_groot_l10_50:eval:9:2,9,68,1.190465,1.187543,1.275481,1.275882,2.47112,2.46819,0.0
groot_l10_50,raw,r6c_cal_groot_l10_50:eval:9:2,9,70,1.164832,1.161706,1.24028,1.240462,2.436987,2.434311,0.0
groot_l10_50,raw,r6c_cal_groot_l10_50:eval:9:2,9,72,1.056407,1.053618,1.148462,1.149021,2.45313,2.450614,0.0
groot_l10_50,raw,r6c_cal_groot_l10_50:eval:9:2,9,74,1.36021,1.356928,1.45694,1.457456,3.006893,3.003747,0.0
groot_l10_50,raw,r6c_cal_groot_l10_50:eval:9:2,9,76,1.360245,1.356841,1.451643,1.452184,2.902981,2.899956,0.0
groot_l10_50,raw,r6c_cal_groot_l10_50:eval:9:2,9,78,1.255037,1.251862,1.344006,1.344303,2.780994,2.778117,0.0
groot_l10_50,raw,r6c_cal_groot_l10_50:eval:9:2,9,80,1.257928,1.255015,1.377464,1.377293,2.775519,2.772279,0.0
groot_l10_50,raw,r6c_cal_groot_l10_50:eval:9:2,9,82,1.164006,1.161022,1.233133,1.23299,2.505079,2.502154,0.0
groot_l10_50,raw,r6c_cal_groot_l10_50:eval:9:2,9,84,1.075727,1.072972,1.160837,1.161097,2.43172,2.429265,0.0
groot_l10_50,raw,r6c_cal_groot_l10_50:eval:9:2,9,86,1.073998,1.070824,1.170316,1.170916,2.440383,2.43744,0.0
groot_l10_50,raw,r6c_cal_groot_l10_50:eval:9:2,9,87,1.176702,1.173293,1.293147,1.293186,2.70687,2.703837,0.0
groot_l10_50,raw,r6c_cal_groot_l10_50:eval:9:2,9,89,1.244373,1.241253,1.347584,1.347471,2.856273,2.853198,0.0
groot_l10_50,raw,r6c_cal_groot_l10_50:eval:9:2,9,91,1.335452,1.332222,1.42087,1.421163,2.810091,2.807076,0.0
groot_l10_50,raw,r6c_cal_groot_l10_50:eval:9:2,9,93,1.176455,1.173258,1.264153,1.264379,2.725631,2.722624,0.0
groot_l10_50,raw,r6c_cal_groot_l10_50:eval:9:2,9,95,1.215066,1.211978,1.297557,1.297799,2.690645,2.687713,0.0
groot_l10_50,raw,r6c_cal_groot_l10_50:eval:9:2,9,97,1.097443,1.094451,1.181744,1.181759,2.474063,2.471199,0.0
groot_l10_50,raw,r6c_cal_groot_l10_50:eval:9:2,9,99,1.153965,1.137709,1.225024,1.225064,2.422334,2.419589,0.0
groot_l10_50,raw,r6c_cal_groot_l10_50:eval:9:2,9,101,1.187421,1.18424,1.270162,1.270374,2.677126,2.674175,0.0
groot_l10_50,raw,r6c_cal_groot_l10_50:eval:9:2,9,103,1.104018,1.096533,1.188828,1.189103,2.794241,2.791519,0.0
groot_l10_50,code,r6c_cal_groot_l10_50:eval:0:8,0,0,0.038724,0.037235,0.228372,0.226882,2.459101,2.455048,0.081996
groot_l10_50,code,r6c_cal_groot_l10_50:eval:0:8,0,2,0.04515,0.035721,0.185679,0.185503,1.620538,1.617456,0.042854
groot_l10_50,code,r6c_cal_groot_l10_50:eval:0:8,0,4,0.853867,0.850833,1.024831,1.024842,2.276657,2.273721,0.049791
groot_l10_50,code,r6c_cal_groot_l10_50:eval:0:8,0,6,0.535701,0.532836,0.69363,0.693573,2.006996,2.003858,0.040635
groot_l10_50,code,r6c_cal_groot_l10_50:eval:0:8,0,8,0.537494,0.534654,0.666245,0.666124,1.949044,1.946111,0.035089
groot_l10_50,code,r6c_cal_groot_l10_50:eval:0:8,0,10,0.455938,0.452951,0.593252,0.593704,1.986787,1.983918,0.036508
groot_l10_50,code,r6c_cal_groot_l10_50:eval:0:8,0,12,0.438177,0.435288,0.572665,0.572624,1.88798,1.88513,0.037241
groot_l10_50,code,r6c_cal_groot_l10_50:eval:0:8,0,14,0.412583,0.409903,0.582829,0.582643,1.874668,1.871553,0.040107
groot_l10_50,code,r6c_cal_groot_l10_50:eval:0:8,0,16,0.407289,0.404379,0.522718,0.523394,1.766065,1.763282,0.033213
groot_l10_50,code,r6c_cal_groot_l10_50:eval:0:8,0,18,0.358609,0.355985,0.503463,0.505347,1.756478,1.754093,0.05445
groot_l10_50,code,r6c_cal_groot_l10_50:eval:0:8,0,20,0.414924,0.412099,0.534945,0.535602,1.788513,1.785967,0.028718
groot_l10_50,code,r6c_cal_groot_l10_50:eval:0:8,0,22,0.429584,0.426822,0.582152,0.582382,1.800076,1.797082,0.04527
groot_l10_50,code,r6c_cal_groot_l10_50:eval:0:8,0,24,0.446956,0.444084,0.565554,0.566549,1.875032,1.872474,0.027877
groot_l10_50,code,r6c_cal_groot_l10_50:eval:0:8,0,26,0.401317,0.398556,0.535063,0.535483,1.781079,1.778325,0.035221
groot_l10_50,code,r6c_cal_groot_l10_50:eval:0:8,0,28,0.442086,0.439296,0.56835,0.569377,1.938619,1.935769,0.033943
groot_l10_50,code,r6c_cal_groot_l10_50:eval:0:8,0,30,0.37049,0.367998,0.54774,0.548285,1.756192,1.753149,0.033947
groot_l10_50,code,r6c_cal_groot_l10_50:eval:0:8,0,32,0.494519,0.491691,0.650685,0.651034,1.975943,1.972719,0.034141
groot_l10_50,code,r6c_cal_groot_l10_50:eval:0:8,0,34,0.414359,0.411462,0.560742,0.56125,1.854879,1.851814,0.034788
groot_l10_50,code,r6c_cal_groot_l10_50:eval:0:8,0,36,0.353852,0.351301,0.467933,0.469236,1.749607,1.74689,0.034166
groot_l10_50,code,r6c_cal_groot_l10_50:eval:0:8,0,38,0.414187,0.411346,0.537549,0.538159,1.748312,1.745598,0.028321
groot_l10_50,code,r6c_cal_groot_l10_50:eval:0:8,0,40,0.410461,0.407909,0.514819,0.515631,1.795143,1.792569,0.028717
groot_l10_50,code,r6c_cal_groot_l10_50:eval:0:8,0,42,0.423115,0.420458,0.546222,0.546452,1.747057,1.744225,0.028388
groot_l10_50,code,r6c_cal_groot_l10_50:eval:0:8,0,44,0.358027,0.355512,0.485769,0.48646,1.708187,1.705432,0.033707
groot_l10_50,code,r6c_cal_groot_l10_50:eval:0:8,0,46,0.45736,0.454705,0.601294,0.604,1.84536,1.842257,0.032905
groot_l10_50,code,r6c_cal_groot_l10_50:eval:0:8,0,48,0.36112,0.358581,0.471771,0.472998,1.758687,1.756054,0.033104
groot_l10_50,code,r6c_cal_groot_l10_50:eval:0:8,0,50,0.414122,0.411436,0.542324,0.543483,1.795983,1.793506,0.028783
groot_l10_50,code,r6c_cal_groot_l10_50:eval:0:8,0,52,0.413322,0.410634,0.544725,0.545214,1.775022,1.772134,0.03355
groot_l10_50,code,r6c_cal_groot_l10_50:eval:0:8,0,54,0.434255,0.43153,0.580589,0.581206,1.976285,1.973417,0.04868
groot_l10_50,code,r6c_cal_groot_l10_50:eval:0:8,0,56,0.459002,0.455358,0.594552,0.595583,2.017808,2.014963,0.035504
groot_l10_50,code,r6c_cal_groot_l10_50:eval:0:8,0,58,0.427945,0.425092,0.548128,0.548955,1.863286,1.860547,0.034512
groot_l10_50,code,r6c_cal_groot_l10_50:eval:0:8,0,60,0.45361,0.45065,0.580374,0.58098,1.81405,1.811403,0.031661
groot_l10_50,code,r6c_cal_groot_l10_50:eval:0:8,0,62,0.419582,0.416724,0.549148,0.549784,1.767635,1.764721,0.034276
groot_l10_50,code,r6c_cal_groot_l10_50:eval:0:8,0,64,0.371106,0.368494,0.499685,0.500785,1.719278,1.716492,0.035336
groot_l10_50,code,r6c_cal_groot_l10_50:eval:0:8,0,66,0.401671,0.398982,0.515284,0.516707,1.745621,1.743029,0.0326
groot_l10_50,code,r6c_cal_groot_l10_50:eval:0:8,0,68,0.403682,0.401122,0.515303,0.515987,1.685333,1.682585,0.035143
groot_l10_50,code,r6c_cal_groot_l10_50:eval:0:8,0,70,0.4158,0.412955,0.538311,0.539417,1.852832,1.882292,0.028299
groot_l10_50,code,r6c_cal_groot_l10_50:eval:0:8,0,72,0.416292,0.41362,0.536505,0.536964,1.784146,1.781455,0.029159
groot_l10_50,code,r6c_cal_groot_l10_50:eval:0:8,0,74,0.413694,0.411008,0.564402,0.565258,1.998883,1.996006,0.05138
groot_l10_50,code,r6c_cal_groot_l10_50:eval:0:8,0,76,0.506956,0.456825,0.625925,0.626741,1.910596,1.907897,0.028212
groot_l10_50,code,r6c_cal_groot_l10_50:eval:0:8,0,78,0.447929,0.445159,0.581433,0.582314,2.011517,2.008599,0.035086
groot_l10_50,code,r6c_cal_groot_l10_50:eval:0:8,0,80,0.414431,0.41169,0.55392,0.555089,1.88861,1.885803,0.041576
groot_l10_50,code,r6c_cal_groot_l10_50:eval:0:8,0,82,0.444479,0.441216,0.582728,0.583407,1.842044,1.839118,0.03427
groot_l10_50,code,r6c_cal_groot_l10_50:eval:0:8,0,84,0.440214,0.437401,0.576819,0.576702,1.855805,1.852725,0.035572
groot_l10_50,code,r6c_cal_groot_l10_50:eval:0:8,0,86,0.408696,0.406028,0.529463,0.530368,1.764412,1.761733,0.029752
groot_l10_50,code,r6c_cal_groot_l10_50:eval:0:8,0,88,0.358007,0.355487,0.509793,0.510497,1.686414,1.683157,0.036122
groot_l10_50,code,r6c_cal_groot_l10_50:eval:0:8,0,90,0.356174,0.353468,0.466827,0.468411,1.744606,1.742106,0.032963
groot_l10_50,code,r6c_cal_groot_l10_50:eval:0:8,0,92,0.414629,0.411901,0.559041,0.559814,1.849355,1.846754,0.049848
groot_l10_50,code,r6c_cal_groot_l10_50:eval:0:8,0,94,0.432863,0.430238,0.555368,0.55604,1.878016,1.875362,0.028632
groot_l10_50,code,r6c_cal_groot_l10_50:eval:0:8,0,96,0.413785,0.411057,0.54004,0.540405,1.946842,1.944101,0.030481
groot_l10_50,code,r6c_cal_groot_l10_50:eval:0:8,0,98,0.513733,0.510942,0.646511,0.647318,1.947141,1.944469,0.028604
groot_l10_50,code,r6c_cal_groot_l10_50:eval:0:8,0,100,0.437791,0.434455,0.606376,0.606405,1.953032,1.949442,0.035018
groot_l10_50,code,r6c_cal_groot_l10_50:eval:0:8,0,102,0.415355,0.412539,0.565887,0.566763,1.875258,1.871938,0.047758
groot_l10_50,code,r6c_cal_groot_l10_50:eval:1:8,1,0,0.037799,0.03597,0.157715,0.157724,1.289376,1.286549,0.035277
groot_l10_50,code,r6c_cal_groot_l10_50:eval:1:8,1,2,0.037155,0.035185,0.151485,0.152269,1.4264,1.423647,0.033436
groot_l10_50,code,r6c_cal_groot_l10_50:eval:1:8,1,4,0.797941,0.795347,0.910363,0.910585,2.096919,2.094125,0.03358
groot_l10_50,code,r6c_cal_groot_l10_50:eval:1:8,1,6,0.410526,0.407744,0.537676,0.538209,1.826101,1.823368,0.032777
groot_l10_50,code,r6c_cal_groot_l10_50:eval:1:8,1,8,0.443578,0.440604,0.569072,0.569181,1.751685,1.748676,0.03328
groot_l10_50,code,r6c_cal_groot_l10_50:eval:1:8,1,10,0.451454,0.448375,0.582824,0.583211,1.856498,1.853537,0.034846
groot_l10_50,code,r6c_cal_groot_l10_50:eval:1:8,1,12,0.389515,0.386928,0.52119,0.52209,1.768523,1.765569,0.035539
groot_l10_50,code,r6c_cal_groot_l10_50:eval:1:8,1,14,0.446406,0.44356,0.594861,0.59635,1.866662,1.863706,0.051253
groot_l10_50,code,r6c_cal_groot_l10_50:eval:1:8,1,15,0.323138,0.320724,0.448336,0.448886,1.734077,1.731284,0.034313
groot_l10_50,code,r6c_cal_groot_l10_50:eval:1:8,1,17,0.418024,0.415246,0.567432,0.567615,1.995793,1.992387,0.034707
groot_l10_50,code,r6c_cal_groot_l10_50:eval:1:8,1,19,0.412564,0.409846,0.567868,0.56836,1.919256,1.916216,0.034091
groot_l10_50,code,r6c_cal_groot_l10_50:eval:1:8,1,21,0.40877,0.405987,0.53949,0.54037,1.820116,1.817249,0.034786
groot_l10_50,code,r6c_cal_groot_l10_50:eval:1:8,1,23,0.411921,0.409108,0.541095,0.541507,1.843297,1.840119,0.034976
groot_l10_50,code,r6c_cal_groot_l10_50:eval:1:8,1,25,0.417026,0.414289,0.589803,0.590498,1.812789,1.809737,0.076141
groot_l10_50,code,r6c_cal_groot_l10_50:eval:1:8,1,27,0.413701,0.411022,0.522125,0.522809,1.83073,1.828072,0.029227
groot_l10_50,code,r6c_cal_groot_l10_50:eval:1:8,1,29,0.413082,0.410374,0.534635,0.535218,1.799103,1.796506,0.029234
groot_l10_50,code,r6c_cal_groot_l10_50:eval:1:8,1,31,0.435442,0.432594,0.558825,0.55989,1.83203,1.829341,0.028698
groot_l10_50,code,r6c_cal_groot_l10_50:eval:1:8,1,33,0.468368,0.465562,0.597287,0.598032,1.867109,1.864325,0.034878
groot_l10_50,code,r6c_cal_groot_l10_50:eval:1:8,1,34,0.432379,0.429613,0.562486,0.563011,1.792857,1.789791,0.033835
groot_l10_50,code,r6c_cal_groot_l10_50:eval:1:8,1,36,0.427166,0.424319,0.56183,0.562173,1.89183,1.888703,0.033968
groot_l10_50,code,r6c_cal_groot_l10_50:eval:1:8,1,38,0.445635,0.442845,0.597463,0.589912,1.952381,1.949456,0.04311
groot_l10_50,code,r6c_cal_groot_l10_50:eval:1:8,1,40,0.442329,0.439667,0.583334,0.572092,1.869425,1.866351,0.046274
groot_l10_50,code,r6c_cal_groot_l10_50:eval:1:8,1,42,0.407376,0.404491,0.548982,0.54991,1.826968,1.823935,0.033975
groot_l10_50,code,r6c_cal_groot_l10_50:eval:1:8,1,43,0.412693,0.409913,0.539257,0.540083,1.793364,1.790456,0.034151
groot_l10_50,code,r6c_cal_groot_l10_50:eval:1:8,1,45,0.439263,0.436466,0.595628,0.596681,1.852022,1.849351,0.060417
groot_l10_50,code,r6c_cal_groot_l10_50:eval:1:8,1,47,0.412506,0.40982,0.517989,0.51877,1.829578,1.82706,0.03043
groot_l10_50,code,r6c_cal_groot_l10_50:eval:1:8,1,49,0.411592,0.408868,0.529239,0.529748,1.807553,1.804968,0.028369
groot_l10_50,code,r6c_cal_groot_l10_50:eval:1:8,1,51,0.419642,0.417094,0.538952,0.53986,1.953195,1.950543,0.039484
groot_l10_50,code,r6c_cal_groot_l10_50:eval:1:8,1,53,0.430877,0.428146,0.553,0.553914,1.799207,1.796599,0.028732
groot_l10_50,code,r6c_cal_groot_l10_50:eval:1:8,1,55,0.487605,0.478769,0.616153,0.626314,1.912814,1.909977,0.034419
groot_l10_50,code,r6c_cal_groot_l10_50:eval:1:8,1,56,0.421179,0.418476,0.572893,0.573,1.882953,1.880101,0.047373
groot_l10_50,code,r6c_cal_groot_l10_50:eval:2:4,2,0,0.036402,0.034533,0.173088,0.173485,1.436551,1.433611,0.035361
groot_l10_50,code,r6c_cal_groot_l10_50:eval:2:4,2,2,0.036839,0.034972,0.153166,0.15375,1.473057,1.470187,0.034264
groot_l10_50,code,r6c_cal_groot_l10_50:eval:2:4,2,4,0.78366,0.780761,0.914456,0.914544,2.225165,2.222213,0.034232
groot_l10_50,code,r6c_cal_groot_l10_50:eval:2:4,2,6,0.404756,0.402097,0.519586,0.52039,1.848156,1.845281,0.034369
groot_l10_50,code,r6c_cal_groot_l10_50:eval:2:4,2,8,0.407498,0.404651,0.527783,0.528195,1.844361,1.841627,0.030687
groot_l10_50,code,r6c_cal_groot_l10_50:eval:2:4,2,10,0.426532,0.423717,0.554574,0.555027,1.740521,1.737576,0.033964
groot_l10_50,code,r6c_cal_groot_l10_50:eval:2:4,2,12,0.444294,0.441407,0.570469,0.571417,1.845565,1.842815,0.034555
groot_l10_50,code,r6c_cal_groot_l10_50:eval:2:4,2,14,0.475098,0.472193,0.599987,0.601117,1.843993,1.841224,0.034354
groot_l10_50,code,r6c_cal_groot_l10_50:eval:2:4,2,16,0.418191,0.415509,0.548233,0.548982,1.79411,1.791218,0.0343
groot_l10_50,code,r6c_cal_groot_l10_50:eval:2:4,2,18,0.399468,0.396648,0.510307,0.51258,1.731819,1.729245,0.034643
groot_l10_50,code,r6c_cal_groot_l10_50:eval:2:4,2,20,0.435095,0.432203,0.567974,0.581022,1.886147,1.883236,0.035464
groot_l10_50,code,r6c_cal_groot_l10_50:eval:2:4,2,22,0.480698,0.477774,0.646185,0.657503,1.944264,1.941213,0.04987
groot_l10_50,code,r6c_cal_groot_l10_50:eval:2:4,2,24,0.411843,0.408981,0.578149,0.578446,1.923155,1.919626,0.036119
groot_l10_50,code,r6c_cal_groot_l10_50:eval:2:4,2,26,0.410557,0.407785,0.544621,0.545138,1.872464,1.869015,0.03686
groot_l10_50,code,r6c_cal_groot_l10_50:eval:2:4,2,28,0.407963,0.405056,0.539538,0.540443,1.803572,1.800565,0.03522
groot_l10_50,code,r6c_cal_groot_l10_50:eval:2:4,2,30,0.410589,0.407813,0.546951,0.547508,1.851257,1.848415,0.035061
groot_l10_50,code,r6c_cal_groot_l10_50:eval:2:4,2,32,0.407551,0.404699,0.531706,0.532703,1.82936,1.826852,0.030284
groot_l10_50,code,r6c_cal_groot_l10_50:eval:2:4,2,34,0.414029,0.411273,0.542251,0.542774,1.822749,1.819879,0.034322
groot_l10_50,code,r6c_cal_groot_l10_50:eval:2:4,2,35,0.432189,0.429261,0.558408,0.559243,1.870922,1.868121,0.035137
groot_l10_50,code,r6c_cal_groot_l10_50:eval:2:4,2,37,0.425763,0.422907,0.562843,0.563521,1.841053,1.838129,0.034667
groot_l10_50,code,r6c_cal_groot_l10_50:eval:2:4,2,39,0.381426,0.378743,0.518093,0.51879,1.791635,1.788768,0.045778
groot_l10_50,code,r6c_cal_groot_l10_50:eval:2:4,2,41,0.467243,0.464504,0.597591,0.598633,1.920884,1.918103,0.034763
groot_l10_50,code,r6c_cal_groot_l10_50:eval:2:4,2,43,0.506393,0.503681,0.632683,0.633402,1.879958,1.877144,0.034091
groot_l10_50,code,r6c_cal_groot_l10_50:eval:2:4,2,45,0.440104,0.437231,0.589373,0.599429,2.044702,2.041345,0.035382
groot_l10_50,code,r6c_cal_groot_l10_50:eval:2:4,2,47,0.43,0.427028,0.562759,0.563397,1.904764,1.901541,0.034933
groot_l10_50,code,r6c_cal_groot_l10_50:eval:2:4,2,49,0.45422,0.451391,0.585535,0.586431,1.883305,1.880572,0.034658
groot_l10_50,code,r6c_cal_groot_l10_50:eval:3:2,3,0,0.036406,0.03453,0.155865,0.156652,1.283718,1.280616,0.035862
groot_l10_50,code,r6c_cal_groot_l10_50:eval:3:2,3,2,0.030047,0.028549,0.166641,0.166837,1.388779,1.385744,0.029248
groot_l10_50,code,r6c_cal_groot_l10_50:eval:3:2,3,4,0.768166,0.765154,0.898622,0.899083,2.132175,2.129297,0.034168
groot_l10_50,code,r6c_cal_groot_l10_50:eval:3:2,3,6,0.441438,0.438635,0.573556,0.574429,1.804195,1.801225,0.033959
groot_l10_50,code,r6c_cal_groot_l10_50:eval:3:2,3,8,0.39998,0.397272,0.550716,0.55104,1.848943,1.845941,0.04079
groot_l10_50,code,r6c_cal_groot_l10_50:eval:3:2,3,10,0.400891,0.397999,0.532304,0.533109,1.762665,1.759832,0.033172
groot_l10_50,code,r6c_cal_groot_l10_50:eval:3:2,3,11,0.401954,0.399015,0.566227,0.566822,1.816755,1.81376,0.049903
groot_l10_50,code,r6c_cal_groot_l10_50:eval:3:2,3,13,0.355036,0.352323,0.460813,0.462071,1.794515,1.792116,0.030414
groot_l10_50,code,r6c_cal_groot_l10_50:eval:3:2,3,15,0.411723,0.40896,0.564457,0.576482,1.987348,1.984591,0.04976
groot_l10_50,code,r6c_cal_groot_l10_50:eval:3:2,3,17,0.421717,0.418998,0.550987,0.552152,1.939201,1.936253,0.035881
groot_l10_50,code,r6c_cal_groot_l10_50:eval:3:2,3,19,0.400348,0.397628,0.528406,0.528931,1.841319,1.838417,0.035737
groot_l10_50,code,r6c_cal_groot_l10_50:eval:3:2,3,20,0.419354,0.416585,0.545145,0.545282,1.769643,1.766646,0.034118
groot_l10_50,code,r6c_cal_groot_l10_50:eval:3:2,3,22,0.419481,0.416516,0.550276,0.550464,1.793662,1.790463,0.034515
groot_l10_50,code,r6c_cal_groot_l10_50:eval:3:2,3,24,0.42068,0.417717,0.557627,0.558432,1.787477,1.784466,0.034755
groot_l10_50,code,r6c_cal_groot_l10_50:eval:3:2,3,26,0.400481,0.397691,0.541698,0.542363,1.78632,1.783391,0.035513
groot_l10_50,code,r6c_cal_groot_l10_50:eval:3:2,3,28,0.399758,0.396824,0.533122,0.534043,1.811102,1.808372,0.033754
groot_l10_50,code,r6c_cal_groot_l10_50:eval:3:2,3,30,0.400194,0.397496,0.519814,0.520637,1.796831,1.794314,0.028924
groot_l10_50,code,r6c_cal_groot_l10_50:eval:3:2,3,32,0.399049,0.39632,0.527974,0.528668,1.795687,1.792887,0.034731
groot_l10_50,code,r6c_cal_groot_l10_50:eval:3:2,3,34,0.4047,0.401916,0.537932,0.53865,1.955488,1.952466,0.035265
groot_l10_50,code,r6c_cal_groot_l10_50:eval:3:2,3,36,0.424721,0.421918,0.601422,0.602357,1.955098,1.952089,0.035115
groot_l10_50,code,r6c_cal_groot_l10_50:eval:3:2,3,38,0.415862,0.412861,0.557445,0.558282,1.98645,1.983263,0.034535
groot_l10_50,code,r6c_cal_groot_l10_50:eval:3:2,3,40,0.40092,0.398209,0.528565,0.529513,1.822596,1.819653,0.034332
groot_l10_50,code,r6c_cal_groot_l10_50:eval:3:2,3,42,0.420559,0.417803,0.551416,0.551953,1.799144,1.796205,0.03516
groot_l10_50,code,r6c_cal_groot_l10_50:eval:3:2,3,44,0.425186,0.422275,0.557342,0.557913,1.805465,1.802507,0.033444
groot_l10_50,code,r6c_cal_groot_l10_50:eval:4:9,4,0,0.036976,0.035106,0.157358,0.158011,1.273697,1.27064,0.035739
groot_l10_50,code,r6c_cal_groot_l10_50:eval:4:9,4,2,0.037537,0.035702,0.151643,0.152406,1.405471,1.402765,0.033918
groot_l10_50,code,r6c_cal_groot_l10_50:eval:4:9,4,4,0.843694,0.84062,0.970022,0.970839,2.21,2.207195,0.034372
groot_l10_50,code,r6c_cal_groot_l10_50:eval:4:9,4,6,0.413189,0.410463,0.539397,0.540042,1.837227,1.834174,0.034636
groot_l10_50,code,r6c_cal_groot_l10_50:eval:4:9,4,7,0.429444,0.426441,0.560551,0.56107,1.822545,1.819561,0.034709
groot_l10_50,code,r6c_cal_groot_l10_50:eval:4:9,4,9,0.515262,0.512443,0.653104,0.654105,2.04036,2.037545,0.034487
groot_l10_50,code,r6c_cal_groot_l10_50:eval:4:9,4,11,0.487158,0.48428,0.613936,0.614744,1.887065,1.884429,0.034363
groot_l10_50,code,r6c_cal_groot_l10_50:eval:4:9,4,13,0.425553,0.422654,0.572201,0.572792,2.024537,2.021663,0.034735
groot_l10_50,code,r6c_cal_groot_l10_50:eval:4:9,4,15,0.455891,0.453171,0.582018,0.582915,1.885822,1.883037,0.034594
groot_l10_50,code,r6c_cal_groot_l10_50:eval:4:9,4,17,0.441571,0.438676,0.56784,0.568669,1.84316,1.840319,0.034593
groot_l10_50,code,r6c_cal_groot_l10_50:eval:4:9,4,19,0.430519,0.427559,0.559945,0.569275,1.832795,1.830057,0.034012
groot_l10_50,code,r6c_cal_groot_l10_50:eval:4:9,4,21,0.374153,0.371709,0.532022,0.532257,1.804503,1.801227,0.035329
groot_l10_50,code,r6c_cal_groot_l10_50:eval:4:9,4,23,0.406922,0.404072,0.532504,0.532922,1.711841,1.708862,0.032926
groot_l10_50,code,r6c_cal_groot_l10_50:eval:4:9,4,25,0.408241,0.405437,0.543425,0.543977,1.887855,1.884844,0.035074
groot_l10_50,code,r6c_cal_groot_l10_50:eval:4:9,4,27,0.370712,0.368225,0.482043,0.482867,1.766552,1.763967,0.034331
groot_l10_50,code,r6c_cal_groot_l10_50:eval:4:9,4,29,0.422412,0.419515,0.544558,0.545144,1.772776,1.769909,0.028429
groot_l10_50,code,r6c_cal_groot_l10_50:eval:4:9,4,31,0.445954,0.443161,0.566693,0.562874,1.971653,1.964494,0.034753
groot_l10_50,code,r6c_cal_groot_l10_50:eval:4:9,4,33,0.448551,0.445605,0.585603,0.586627,1.857394,1.85467,0.031522
groot_l10_50,code,r6c_cal_groot_l10_50:eval:4:9,4,35,0.436796,0.433885,0.591847,0.592853,1.950516,1.947428,0.047715
groot_l10_50,code,r6c_cal_groot_l10_50:eval:4:9,4,37,0.440575,0.437434,0.568085,0.569079,1.888607,1.893626,0.03579
groot_l10_50,code,r6c_cal_groot_l10_50:eval:4:9,4,39,0.430939,0.428119,0.560808,0.561808,1.846721,1.843976,0.034941
groot_l10_50,code,r6c_cal_groot_l10_50:eval:4:9,4,41,0.424067,0.421205,0.555662,0.556277,1.852755,1.84991,0.034558
groot_l10_50,code,r6c_cal_groot_l10_50:eval:4:9,4,43,0.422729,0.419898,0.558294,0.558911,1.860533,1.857533,0.034845
groot_l10_50,code,r6c_cal_groot_l10_50:eval:4:9,4,45,0.420763,0.41827,0.550358,0.551042,1.823541,1.820612,0.034591
groot_l10_50,code,r6c_cal_groot_l10_50:eval:4:9,4,47,0.410104,0.407237,0.535496,0.538084,1.807749,1.804759,0.032973
groot_l10_50,code,r6c_cal_groot_l10_50:eval:4:9,4,49,0.407509,0.404626,0.538035,0.538638,1.802997,1.799961,0.034211
groot_l10_50,code,r6c_cal_groot_l10_50:eval:4:9,4,51,0.412623,0.409776,0.539011,0.539682,1.72957,1.726794,0.034912
groot_l10_50,code,r6c_cal_groot_l10_50:eval:4:9,4,53,0.411119,0.408359,0.536353,0.537187,1.848341,1.845609,0.034771
groot_l10_50,code,r6c_cal_groot_l10_50:eval:4:9,4,55,0.415017,0.412294,0.538485,0.5389,1.751636,1.748767,0.03309
groot_l10_50,code,r6c_cal_groot_l10_50:eval:4:9,4,57,0.434264,0.43131,0.564136,0.564973,1.921492,1.918535,0.033825
groot_l10_50,code,r6c_cal_groot_l10_50:eval:4:9,4,59,0.438222,0.435476,0.579993,0.581056,1.899183,1.896286,0.045572
groot_l10_50,code,r6c_cal_groot_l10_50:eval:4:9,4,61,0.422845,0.420198,0.558909,0.559837,1.841444,1.838738,0.035014
groot_l10_50,code,r6c_cal_groot_l10_50:eval:4:9,4,63,0.342605,0.340103,0.489995,0.490782,1.735359,1.732178,0.033964
groot_l10_50,code,r6c_cal_groot_l10_50:eval:4:9,4,65,0.406397,0.403641,0.536953,0.537936,1.823794,1.821079,0.034598
groot_l10_50,code,r6c_cal_groot_l10_50:eval:4:9,4,67,0.370329,0.367713,0.480277,0.483243,1.655775,1.652594,0.033503
groot_l10_50,code,r6c_cal_groot_l10_50:eval:4:9,4,69,0.415256,0.412517,0.551763,0.552296,1.826014,1.823482,0.028841
groot_l10_50,code,r6c_cal_groot_l10_50:eval:4:9,4,71,0.420651,0.417661,0.554231,0.554602,1.848637,1.845594,0.034221
groot_l10_50,code,r6c_cal_groot_l10_50:eval:4:9,4,73,0.420611,0.417732,0.55037,0.551402,1.811613,1.808863,0.030716
groot_l10_50,code,r6c_cal_groot_l10_50:eval:4:9,4,75,0.463901,0.461018,0.585495,0.585814,1.84517,1.842246,0.029982
groot_l10_50,code,r6c_cal_groot_l10_50:eval:4:9,4,77,0.420255,0.417527,0.551681,0.551929,1.864973,1.862114,0.035048
groot_l10_50,code,r6c_cal_groot_l10_50:eval:4:9,4,79,0.430952,0.428181,0.562589,0.581948,1.962094,1.959252,0.034672
groot_l10_50,code,r6c_cal_groot_l10_50:eval:4:9,4,81,0.434106,0.431418,0.566288,0.566818,1.878162,1.875055,0.034851
groot_l10_50,code,r6c_cal_groot_l10_50:eval:4:9,4,83,0.476746,0.474036,0.604435,0.605213,1.912921,1.909955,0.034688
groot_l10_50,code,r6c_cal_groot_l10_50:eval:4:9,4,85,0.374587,0.372078,0.528931,0.529262,1.81859,1.81542,0.034743
groot_l10_50,code,r6c_cal_groot_l10_50:eval:4:9,4,87,0.409258,0.406324,0.534619,0.535235,1.782316,1.779504,0.033308
groot_l10_50,code,r6c_cal_groot_l10_50:eval:4:9,4,89,0.399829,0.397194,0.531349,0.532219,1.731539,1.728778,0.034192
groot_l10_50,code,r6c_cal_groot_l10_50:eval:4:9,4,91,0.46678,0.463843,0.58734,0.587761,1.873227,1.870566,0.029119
groot_l10_50,code,r6c_cal_groot_l10_50:eval:4:9,4,93,0.408246,0.405396,0.538542,0.538904,1.851795,1.848863,0.03477
groot_l10_50,code,r6c_cal_groot_l10_50:eval:4:9,4,95,0.402722,0.399761,0.533484,0.534132,1.709929,1.706944,0.033904
groot_l10_50,code,r6c_cal_groot_l10_50:eval:4:9,4,97,0.405215,0.402599,0.546961,0.536505,1.765651,1.751492,0.034807
groot_l10_50,code,r6c_cal_groot_l10_50:eval:4:9,4,99,0.421051,0.418291,0.547241,0.548335,1.960917,1.958152,0.033987
groot_l10_50,code,r6c_cal_groot_l10_50:eval:4:9,4,101,0.434375,0.43156,0.566065,0.566714,1.888566,1.885694,0.035115
groot_l10_50,code,r6c_cal_groot_l10_50:eval:4:9,4,103,0.429504,0.426828,0.567105,0.567743,1.872121,1.869171,0.034716
groot_l10_50,code,r6c_cal_groot_l10_50:eval:5:9,5,0,0.036848,0.03493,0.172844,0.173633,1.304496,1.301568,0.047265
groot_l10_50,code,r6c_cal_groot_l10_50:eval:5:9,5,2,0.036777,0.034947,0.153977,0.154703,1.407581,1.4049,0.033385
groot_l10_50,code,r6c_cal_groot_l10_50:eval:5:9,5,4,0.616089,0.613286,0.764424,0.773116,1.984681,1.981438,0.03222
groot_l10_50,code,r6c_cal_groot_l10_50:eval:5:9,5,6,0.397278,0.394627,0.523108,0.523873,1.709414,1.706555,0.033082
groot_l10_50,code,r6c_cal_groot_l10_50:eval:5:9,5,8,0.405087,0.40239,0.514372,0.515073,1.663912,1.661359,0.032933
groot_l10_50,code,r6c_cal_groot_l10_50:eval:5:9,5,10,0.427641,0.424805,0.548858,0.549446,1.772197,1.769568,0.028245
groot_l10_50,code,r6c_cal_groot_l10_50:eval:5:9,5,12,0.341645,0.339012,0.469911,0.470403,1.657207,1.65409,0.034157
groot_l10_50,code,r6c_cal_groot_l10_50:eval:5:9,5,14,0.365218,0.362511,0.483464,0.484739,1.653226,1.650597,0.035357
groot_l10_50,code,r6c_cal_groot_l10_50:eval:5:9,5,16,0.417855,0.414972,0.552739,0.553075,1.839631,1.837149,0.028738
groot_l10_50,code,r6c_cal_groot_l10_50:eval:5:9,5,18,0.40371,0.400374,0.546302,0.546443,1.716674,1.713753,0.03323
groot_l10_50,code,r6c_cal_groot_l10_50:eval:5:9,5,20,0.415176,0.412445,0.546925,0.547416,1.80403,1.801158,0.034755
groot_l10_50,code,r6c_cal_groot_l10_50:eval:5:9,5,22,0.427895,0.424945,0.55559,0.556582,1.851107,1.84831,0.034014
groot_l10_50,code,r6c_cal_groot_l10_50:eval:5:9,5,23,0.413663,0.410717,0.544466,0.544738,1.82259,1.819586,0.03513
groot_l10_50,code,r6c_cal_groot_l10_50:eval:5:9,5,25,0.375318,0.372356,0.5255,0.526009,1.774529,1.771381,0.034734
groot_l10_50,code,r6c_cal_groot_l10_50:eval:5:9,5,27,0.332685,0.330228,0.451114,0.451972,1.725998,1.723339,0.034831
groot_l10_50,code,r6c_cal_groot_l10_50:eval:5:9,5,29,0.405867,0.402983,0.54316,0.543531,1.75641,1.753676,0.030062
groot_l10_50,code,r6c_cal_groot_l10_50:eval:5:9,5,31,0.433341,0.426459,0.538867,0.539599,1.756748,1.754366,0.030418
groot_l10_50,code,r6c_cal_groot_l10_50:eval:5:9,5,33,0.400608,0.397947,0.521958,0.522226,1.826858,1.824253,0.028064
groot_l10_50,code,r6c_cal_groot_l10_50:eval:6:11,6,0,0.047703,0.045961,0.149626,0.150703,1.219958,1.263273,0.034921
groot_l10_50,code,r6c_cal_groot_l10_50:eval:6:11,6,2,0.03694,0.035057,0.144557,0.144148,1.380207,1.377614,0.029331
groot_l10_50,code,r6c_cal_groot_l10_50:eval:6:11,6,4,0.820646,0.8175,0.950819,0.957596,2.194096,2.191096,0.03352
groot_l10_50,code,r6c_cal_groot_l10_50:eval:6:11,6,6,0.395178,0.392684,0.532837,0.533097,1.748048,1.745169,0.046292
groot_l10_50,code,r6c_cal_groot_l10_50:eval:6:11,6,8,0.447213,0.444474,0.588704,0.589315,1.924674,1.921703,0.049002
groot_l10_50,code,r6c_cal_groot_l10_50:eval:6:11,6,10,0.454728,0.45195,0.582813,0.583665,1.850056,1.847177,0.034396
groot_l10_50,code,r6c_cal_groot_l10_50:eval:6:11,6,12,0.397765,0.395035,0.533049,0.528782,1.792073,1.784166,0.034879
groot_l10_50,code,r6c_cal_groot_l10_50:eval:6:11,6,14,0.390193,0.387234,0.518142,0.519065,1.778474,1.775438,0.034582
groot_l10_50,code,r6c_cal_groot_l10_50:eval:6:11,6,16,0.406536,0.403863,0.539527,0.540372,1.76479,1.761988,0.03214
groot_l10_50,code,r6c_cal_groot_l10_50:eval:6:11,6,18,0.399428,0.396534,0.523807,0.524138,1.760063,1.757257,0.030088
groot_l10_50,code,r6c_cal_groot_l10_50:eval:6:11,6,20,0.528773,0.525926,0.655898,0.655897,1.842593,1.839376,0.033846
groot_l10_50,code,r6c_cal_groot_l10_50:eval:6:11,6,22,0.409648,0.406955,0.569783,0.570171,1.834717,1.831908,0.048128
groot_l10_50,code,r6c_cal_groot_l10_50:eval:6:11,6,24,0.313072,0.310678,0.415822,0.416551,1.548903,1.546366,0.028619
groot_l10_50,code,r6c_cal_groot_l10_50:eval:6:11,6,25,0.402737,0.400055,0.572108,0.572217,1.748435,1.745363,0.03378
groot_l10_50,code,r6c_cal_groot_l10_50:eval:6:11,6,27,0.377277,0.374661,0.536172,0.537517,1.836749,1.834016,0.062441
groot_l10_50,code,r6c_cal_groot_l10_50:eval:6:11,6,29,0.405443,0.402577,0.523701,0.537755,1.936608,1.934024,0.028922
groot_l10_50,code,r6c_cal_groot_l10_50:eval:6:11,6,31,0.419874,0.41695,0.551696,0.551999,1.845515,1.842518,0.034601
groot_l10_50,code,r6c_cal_groot_l10_50:eval:6:11,6,33,0.39871,0.395816,0.539169,0.539753,1.842608,1.839685,0.044241
groot_l10_50,code,r6c_cal_groot_l10_50:eval:6:11,6,35,0.425868,0.422906,0.554356,0.554989,1.826044,1.823013,0.035101
groot_l10_50,code,r6c_cal_groot_l10_50:eval:6:11,6,36,0.386539,0.383614,0.513051,0.513213,1.740187,1.737029,0.034821
groot_l10_50,code,r6c_cal_groot_l10_50:eval:6:11,6,38,0.312139,0.309933,0.431078,0.425044,1.599858,1.590461,0.028831
groot_l10_50,code,r6c_cal_groot_l10_50:eval:6:11,6,40,0.398331,0.395672,0.525423,0.526065,1.730962,1.72788,0.03298
groot_l10_50,code,r6c_cal_groot_l10_50:eval:6:11,6,41,0.409139,0.406491,0.525725,0.526682,1.828228,1.825575,0.035577
groot_l10_50,code,r6c_cal_groot_l10_50:eval:6:11,6,43,0.418099,0.415325,0.535912,0.536347,1.71096,1.70822,0.028651
groot_l10_50,code,r6c_cal_groot_l10_50:eval:7:0,7,0,0.029771,0.028331,0.130385,0.131051,1.194089,1.191355,0.035007
groot_l10_50,code,r6c_cal_groot_l10_50:eval:7:0,7,2,0.036269,0.034436,0.143024,0.15417,1.392587,1.390116,0.028307
groot_l10_50,code,r6c_cal_groot_l10_50:eval:7:0,7,4,0.793653,0.790852,0.922608,0.92312,2.234989,2.231979,0.033564
groot_l10_50,code,r6c_cal_groot_l10_50:eval:7:0,7,6,0.423849,0.420963,0.559484,0.559816,2.081998,2.079135,0.043515
groot_l10_50,code,r6c_cal_groot_l10_50:eval:7:0,7,8,0.41517,0.41243,0.540839,0.541569,1.845467,1.842602,0.034562
groot_l10_50,code,r6c_cal_groot_l10_50:eval:7:0,7,10,0.424877,0.422014,0.555285,0.556025,1.841096,1.838135,0.034511
groot_l10_50,code,r6c_cal_groot_l10_50:eval:7:0,7,12,0.436973,0.434067,0.572459,0.573445,1.831971,1.829157,0.034174
groot_l10_50,code,r6c_cal_groot_l10_50:eval:7:0,7,14,0.437789,0.434994,0.575301,0.575946,1.820699,1.817889,0.035116
groot_l10_50,code,r6c_cal_groot_l10_50:eval:7:0,7,16,0.370078,0.367489,0.528886,0.529288,1.748311,1.744854,0.03472
groot_l10_50,code,r6c_cal_groot_l10_50:eval:7:0,7,18,0.459273,0.456268,0.582323,0.583077,1.74058,1.737783,0.032451
groot_l10_50,code,r6c_cal_groot_l10_50:eval:7:0,7,19,0.346449,0.344032,0.465352,0.466204,1.749035,1.746321,0.042157
groot_l10_50,code,r6c_cal_groot_l10_50:eval:7:0,7,21,0.437588,0.434788,0.557342,0.557687,1.738367,1.73559,0.027667
groot_l10_50,code,r6c_cal_groot_l10_50:eval:7:0,7,23,0.418672,0.415909,0.545822,0.546599,1.794521,1.791809,0.034227
groot_l10_50,code,r6c_cal_groot_l10_50:eval:7:0,7,24,0.406524,0.403888,0.547294,0.547716,1.841437,1.838503,0.04547
groot_l10_50,code,r6c_cal_groot_l10_50:eval:7:0,7,26,0.4471,0.444337,0.57868,0.579517,2.126535,2.123584,0.034254
groot_l10_50,code,r6c_cal_groot_l10_50:eval:7:0,7,28,0.435671,0.43285,0.56627,0.567008,1.839458,1.836305,0.035159
groot_l10_50,code,r6c_cal_groot_l10_50:eval:7:0,7,30,0.458576,0.455859,0.594561,0.595811,1.870617,1.867855,0.034488
groot_l10_50,code,r6c_cal_groot_l10_50:eval:7:0,7,32,0.432786,0.430026,0.562494,0.563342,1.822297,1.819393,0.034537
groot_l10_50,code,r6c_cal_groot_l10_50:eval:7:0,7,34,0.323529,0.321456,0.432709,0.434132,1.690716,1.688144,0.033924
groot_l10_50,code,r6c_cal_groot_l10_50:eval:7:0,7,36,0.413707,0.410985,0.544203,0.545272,1.794633,1.791693,0.034376
groot_l10_50,code,r6c_cal_groot_l10_50:eval:7:0,7,38,0.458513,0.455526,0.580822,0.581078,1.847289,1.844484,0.030567
groot_l10_50,code,r6c_cal_groot_l10_50:eval:7:0,7,40,0.413129,0.4105,0.544885,0.545448,1.741057,1.73816,0.032608
groot_l10_50,code,r6c_cal_groot_l10_50:eval:7:0,7,42,0.412296,0.409508,0.531995,0.532608,1.735734,1.733038,0.028903
groot_l10_50,code,r6c_cal_groot_l10_50:eval:7:0,7,43,0.456866,0.453993,0.585031,0.585434,1.851963,1.848825,0.034517
groot_l10_50,code,r6c_cal_groot_l10_50:eval:7:0,7,45,0.388639,0.385818,0.531259,0.532,1.8952,1.892351,0.03346
groot_l10_50,code,r6c_cal_groot_l10_50:eval:7:0,7,47,0.514396,0.511406,0.651617,0.651811,2.056086,2.052904,0.034482
groot_l10_50,code,r6c_cal_groot_l10_50:eval:7:0,7,49,0.435559,0.432638,0.568715,0.569324,1.872118,1.869092,0.035551
groot_l10_50,code,r6c_cal_groot_l10_50:eval:7:0,7,51,0.431553,0.428791,0.566793,0.567797,1.879111,1.876155,0.033857
groot_l10_50,code,r6c_cal_groot_l10_50:eval:7:0,7,53,0.424301,0.421567,0.554457,0.561864,1.845913,1.843139,0.034285
groot_l10_50,code,r6c_cal_groot_l10_50:eval:7:0,7,55,0.446853,0.44379,0.586222,0.586989,1.935403,1.93241,0.034172
groot_l10_50,code,r6c_cal_groot_l10_50:eval:7:0,7,57,0.433642,0.430771,0.565428,0.566029,1.834547,1.831394,0.034381
groot_l10_50,code,r6c_cal_groot_l10_50:eval:7:0,7,59,0.414941,0.412196,0.584926,0.585622,1.877157,1.874026,0.033532
groot_l10_50,code,r6c_cal_groot_l10_50:eval:7:0,7,61,0.414601,0.411885,0.543003,0.544145,1.783032,1.780325,0.033609
groot_l10_50,code,r6c_cal_groot_l10_50:eval:7:0,7,63,0.387521,0.385021,0.491939,0.500493,1.807618,1.805179,0.028937
groot_l10_50,code,r6c_cal_groot_l10_50:eval:7:0,7,65,0.422667,0.419837,0.561256,0.561772,1.870524,1.867641,0.029292
groot_l10_50,code,r6c_cal_groot_l10_50:eval:7:0,7,67,0.421137,0.418284,0.564719,0.565398,1.874833,1.871963,0.034314
groot_l10_50,code,r6c_cal_groot_l10_50:eval:7:0,7,68,0.435121,0.419342,0.571025,0.571265,2.031258,2.027979,0.039782
groot_l10_50,code,r6c_cal_groot_l10_50:eval:7:0,7,70,0.442725,0.439939,0.574302,0.581258,1.887915,1.885019,0.034412
groot_l10_50,code,r6c_cal_groot_l10_50:eval:7:0,7,72,0.416199,0.413556,0.560823,0.561675,1.881255,1.878426,0.048815
groot_l10_50,code,r6c_cal_groot_l10_50:eval:7:0,7,74,0.41253,0.409819,0.539894,0.540512,1.822209,1.819427,0.033887
groot_l10_50,code,r6c_cal_groot_l10_50:eval:7:0,7,76,0.436613,0.433715,0.567704,0.568624,1.810206,1.807393,0.034965
groot_l10_50,code,r6c_cal_groot_l10_50:eval:7:0,7,78,0.421522,0.418867,0.548678,0.549209,1.891272,1.888383,0.034017
groot_l10_50,code,r6c_cal_groot_l10_50:eval:7:0,7,80,0.445745,0.430298,0.575973,0.577112,1.93257,1.929842,0.034836
groot_l10_50,code,r6c_cal_groot_l10_50:eval:7:0,7,82,0.400522,0.397579,0.537694,0.538298,1.815067,1.812253,0.034548
groot_l10_50,code,r6c_cal_groot_l10_50:eval:7:0,7,84,0.464429,0.461762,0.596211,0.597012,1.851134,1.848215,0.034782
groot_l10_50,code,r6c_cal_groot_l10_50:eval:7:0,7,86,0.518918,0.516269,0.644562,0.645221,1.851935,1.849089,0.033455
groot_l10_50,code,r6c_cal_groot_l10_50:eval:7:0,7,88,0.476322,0.473496,0.604573,0.605336,1.946673,1.943787,0.035404
groot_l10_50,code,r6c_cal_groot_l10_50:eval:7:0,7,90,0.459254,0.456621,0.590804,0.591595,2.042638,2.039752,0.034914
groot_l10_50,code,r6c_cal_groot_l10_50:eval:7:0,7,92,0.438777,0.436099,0.577658,0.578291,1.859252,1.856339,0.034286
groot_l10_50,code,r6c_cal_groot_l10_50:eval:7:0,7,94,0.427671,0.424985,0.565392,0.566134,1.862852,1.859865,0.035873
groot_l10_50,code,r6c_cal_groot_l10_50:eval:7:0,7,96,0.411909,0.409245,0.550881,0.551905,1.820596,1.817895,0.033981
groot_l10_50,code,r6c_cal_groot_l10_50:eval:7:0,7,98,0.409521,0.406714,0.542322,0.543163,1.745846,1.743027,0.03299
groot_l10_50,code,r6c_cal_groot_l10_50:eval:7:0,7,100,0.400046,0.397403,0.504501,0.50529,1.879053,1.87658,0.028578
groot_l10_50,code,r6c_cal_groot_l10_50:eval:7:0,7,102,0.413422,0.41063,0.537122,0.537533,1.865199,1.862372,0.028788
groot_l10_50,code,r6c_cal_groot_l10_50:eval:8:9,8,0,0.064049,0.062114,0.183268,0.183638,1.324922,1.322145,0.035583
groot_l10_50,code,r6c_cal_groot_l10_50:eval:8:9,8,2,0.036519,0.034785,0.148791,0.150194,1.381555,1.379043,0.032156
groot_l10_50,code,r6c_cal_groot_l10_50:eval:8:9,8,4,0.853813,0.850855,0.983684,0.984735,2.281826,2.278995,0.033424
groot_l10_50,code,r6c_cal_groot_l10_50:eval:8:9,8,6,0.459669,0.456791,0.599619,0.601487,1.996835,1.994399,0.057445
groot_l10_50,code,r6c_cal_groot_l10_50:eval:8:9,8,8,0.562886,0.56016,0.697,0.703004,2.008983,2.005911,0.03434
groot_l10_50,code,r6c_cal_groot_l10_50:eval:8:9,8,10,0.465359,0.462488,0.613602,0.614438,1.928297,1.925385,0.043338
groot_l10_50,code,r6c_cal_groot_l10_50:eval:8:9,8,12,0.452274,0.449563,0.593005,0.593343,1.902841,1.89995,0.034993
groot_l10_50,code,r6c_cal_groot_l10_50:eval:8:9,8,14,0.446296,0.443599,0.575303,0.587377,1.854463,1.851726,0.035383
groot_l10_50,code,r6c_cal_groot_l10_50:eval:8:9,8,15,0.447736,0.444992,0.574344,0.574979,1.85368,1.850345,0.035142
groot_l10_50,code,r6c_cal_groot_l10_50:eval:8:9,8,17,0.447356,0.444569,0.618141,0.619226,1.852775,1.849945,0.03947
groot_l10_50,code,r6c_cal_groot_l10_50:eval:8:9,8,19,0.41532,0.412649,0.520681,0.52158,1.868715,1.866179,0.030214
groot_l10_50,code,r6c_cal_groot_l10_50:eval:8:9,8,21,0.444614,0.441873,0.564219,0.5647,1.851127,1.848575,0.030017
groot_l10_50,code,r6c_cal_groot_l10_50:eval:8:9,8,23,0.461265,0.458665,0.572565,0.573052,1.894811,1.892076,0.035246
groot_l10_50,code,r6c_cal_groot_l10_50:eval:8:9,8,25,0.465278,0.462481,0.607733,0.608711,1.834905,1.832246,0.029121
groot_l10_50,code,r6c_cal_groot_l10_50:eval:8:9,8,27,0.446024,0.443295,0.57765,0.577807,1.96828,1.965199,0.034551
groot_l10_50,code,r6c_cal_groot_l10_50:eval:8:9,8,29,0.456721,0.454005,0.61275,0.607657,1.99784,1.98947,0.035128
groot_l10_50,code,r6c_cal_groot_l10_50:eval:8:9,8,31,0.450373,0.447705,0.575805,0.576645,1.890381,1.887382,0.034409
groot_l10_50,code,r6c_cal_groot_l10_50:eval:8:9,8,33,0.451235,0.448464,0.580518,0.581268,1.904675,1.901854,0.035187
groot_l10_50,code,r6c_cal_groot_l10_50:eval:8:9,8,34,0.460283,0.457441,0.592061,0.592733,1.857722,1.854698,0.034921
groot_l10_50,code,r6c_cal_groot_l10_50:eval:8:9,8,36,0.481044,0.478052,0.611187,0.611703,1.904781,1.901825,0.035126
groot_l10_50,code,r6c_cal_groot_l10_50:eval:8:9,8,38,0.437414,0.434661,0.580324,0.580859,1.793435,1.790919,0.029335
groot_l10_50,code,r6c_cal_groot_l10_50:eval:8:9,8,39,0.462823,0.460163,0.592929,0.593719,1.92286,1.920067,0.034819
groot_l10_50,code,r6c_cal_groot_l10_50:eval:8:9,8,41,0.436052,0.433265,0.563706,0.564352,1.805918,1.803002,0.034317
groot_l10_50,code,r6c_cal_groot_l10_50:eval:8:9,8,43,0.460096,0.457405,0.596518,0.608244,1.88881,1.886133,0.043055
groot_l10_50,code,r6c_cal_groot_l10_50:eval:8:9,8,44,0.567776,0.565026,0.703789,0.696364,1.971892,1.960796,0.03343
groot_l10_50,code,r6c_cal_groot_l10_50:eval:8:9,8,46,0.485588,0.482899,0.633219,0.63984,1.94881,1.933601,0.034499
groot_l10_50,code,r6c_cal_groot_l10_50:eval:8:9,8,48,0.547366,0.544579,0.678687,0.679167,2.097716,2.094634,0.034861
groot_l10_50,code,r6c_cal_groot_l10_50:eval:8:9,8,50,0.492452,0.48979,0.62711,0.628006,1.920242,1.91718,0.035218
groot_l10_50,code,r6c_cal_groot_l10_50:eval:8:9,8,52,0.461989,0.459296,0.590691,0.592105,1.896972,1.894037,0.034407
groot_l10_50,code,r6c_cal_groot_l10_50:eval:8:9,8,53,0.463091,0.46042,0.590243,0.591449,1.847176,1.84429,0.03484
groot_l10_50,code,r6c_cal_groot_l10_50:eval:8:9,8,55,0.489068,0.486231,0.618533,0.619691,1.921472,1.918587,0.034355
groot_l10_50,code,r6c_cal_groot_l10_50:eval:8:9,8,57,0.580557,0.578035,0.717881,0.718747,2.002678,1.999851,0.044221
groot_l10_50,code,r6c_cal_groot_l10_50:eval:8:9,8,58,0.476424,0.473563,0.603732,0.604356,1.879062,1.876107,0.034733
groot_l10_50,code,r6c_cal_groot_l10_50:eval:8:9,8,60,0.475508,0.47287,0.606646,0.607335,1.868063,1.864957,0.034491
groot_l10_50,code,r6c_cal_groot_l10_50:eval:8:9,8,62,0.401485,0.39878,0.545784,0.533803,1.828668,1.825732,0.046805
groot_l10_50,code,r6c_cal_groot_l10_50:eval:8:9,8,64,0.505896,0.503181,0.633722,0.635161,2.062331,2.059378,0.034284
groot_l10_50,code,r6c_cal_groot_l10_50:eval:8:9,8,65,0.436043,0.43325,0.58229,0.58292,1.981088,1.978222,0.034541
groot_l10_50,code,r6c_cal_groot_l10_50:eval:8:9,8,67,0.472674,0.46994,0.599571,0.600654,1.962971,1.960157,0.034394
groot_l10_50,code,r6c_cal_groot_l10_50:eval:8:9,8,69,0.464225,0.461515,0.593606,0.594609,1.908238,1.905335,0.034095
groot_l10_50,code,r6c_cal_groot_l10_50:eval:8:9,8,71,0.462507,0.459777,0.59346,0.594454,1.91218,1.90933,0.03423
groot_l10_50,code,r6c_cal_groot_l10_50:eval:8:9,8,73,0.462521,0.459728,0.591492,0.592187,1.902177,1.899319,0.034888
groot_l10_50,code,r6c_cal_groot_l10_50:eval:8:9,8,74,0.449184,0.446339,0.579719,0.581226,1.833187,1.830354,0.03781
groot_l10_50,code,r6c_cal_groot_l10_50:eval:8:9,8,76,0.461607,0.458865,0.591386,0.592007,1.972687,1.969845,0.033794
groot_l10_50,code,r6c_cal_groot_l10_50:eval:9:2,9,0,0.037427,0.035599,0.151305,0.151805,1.278193,1.275258,0.035344
groot_l10_50,code,r6c_cal_groot_l10_50:eval:9:2,9,2,0.061811,0.059659,0.18085,0.180981,1.442149,1.439552,0.033697
groot_l10_50,code,r6c_cal_groot_l10_50:eval:9:2,9,4,0.811094,0.808174,0.952261,0.952813,2.210917,2.208025,0.043998
groot_l10_50,code,r6c_cal_groot_l10_50:eval:9:2,9,6,0.438799,0.422145,0.58001,0.591755,1.950809,1.94798,0.03447
groot_l10_50,code,r6c_cal_groot_l10_50:eval:9:2,9,8,0.44057,0.437696,0.593167,0.593951,1.931167,1.928287,0.047788
groot_l10_50,code,r6c_cal_groot_l10_50:eval:9:2,9,10,0.433203,0.430265,0.576829,0.577809,1.970665,1.967582,0.048128
groot_l10_50,code,r6c_cal_groot_l10_50:eval:9:2,9,12,0.437076,0.434223,0.568426,0.569335,1.854345,1.851531,0.033846
groot_l10_50,code,r6c_cal_groot_l10_50:eval:9:2,9,14,0.433451,0.430725,0.570204,0.570868,1.862898,1.859978,0.03485
groot_l10_50,code,r6c_cal_groot_l10_50:eval:9:2,9,16,0.417157,0.414416,0.547664,0.548417,1.813587,1.810642,0.034156
groot_l10_50,code,r6c_cal_groot_l10_50:eval:9:2,9,18,0.442735,0.440016,0.569522,0.570617,1.861458,1.858559,0.033581
groot_l10_50,code,r6c_cal_groot_l10_50:eval:9:2,9,19,0.3876,0.384828,0.511294,0.51098,1.803596,1.80095,0.035601
groot_l10_50,code,r6c_cal_groot_l10_50:eval:9:2,9,21,0.415733,0.412931,0.548085,0.548922,1.824076,1.82102,0.033237
groot_l10_50,code,r6c_cal_groot_l10_50:eval:9:2,9,23,0.418983,0.416271,0.545117,0.545873,1.845287,1.842887,0.036372
groot_l10_50,code,r6c_cal_groot_l10_50:eval:9:2,9,25,0.418854,0.41598,0.549374,0.55013,1.815091,1.812361,0.03489
groot_l10_50,code,r6c_cal_groot_l10_50:eval:9:2,9,27,0.418406,0.415602,0.579803,0.580201,1.958187,1.955273,0.043559
groot_l10_50,code,r6c_cal_groot_l10_50:eval:9:2,9,29,0.467728,0.464972,0.65602,0.656254,1.975289,1.972209,0.048456
groot_l10_50,code,r6c_cal_groot_l10_50:eval:9:2,9,30,0.434773,0.431919,0.566999,0.566922,1.948854,1.945473,0.034279
groot_l10_50,code,r6c_cal_groot_l10_50:eval:9:2,9,32,0.421753,0.418967,0.570855,0.571589,1.870541,1.867535,0.044948
groot_l10_50,code,r6c_cal_groot_l10_50:eval:9:2,9,34,0.420908,0.418161,0.55161,0.552136,1.8471,1.844262,0.035487
groot_l10_50,code,r6c_cal_groot_l10_50:eval:9:2,9,35,0.418609,0.41584,0.549315,0.550318,1.866269,1.86348,0.034906
groot_l10_50,code,r6c_cal_groot_l10_50:eval:9:2,9,37,0.418489,0.415698,0.545092,0.545664,1.848807,1.846085,0.034438
groot_l10_50,code,r6c_cal_groot_l10_50:eval:9:2,9,39,0.444007,0.441318,0.583512,0.574603,1.901373,1.888852,0.034433
groot_l10_50,code,r6c_cal_groot_l10_50:eval:9:2,9,41,0.436289,0.433527,0.563142,0.563694,1.909974,1.907084,0.034692
groot_l10_50,code,r6c_cal_groot_l10_50:eval:9:2,9,43,0.432103,0.429373,0.56265,0.563394,1.828393,1.825495,0.034486
groot_l10_50,code,r6c_cal_groot_l10_50:eval:9:2,9,45,0.454874,0.45214,0.638663,0.639478,2.084376,2.081342,0.034371
groot_l10_50,code,r6c_cal_groot_l10_50:eval:9:2,9,46,0.424339,0.421618,0.562674,0.562946,1.893999,1.890827,0.042943
groot_l10_50,code,r6c_cal_groot_l10_50:eval:9:2,9,48,0.429631,0.426917,0.564732,0.565405,2.041196,2.038277,0.034644
groot_l10_50,code,r6c_cal_groot_l10_50:eval:9:2,9,50,0.435427,0.432664,0.58009,0.580907,1.987187,1.984337,0.039899
groot_l10_50,code,r6c_cal_groot_l10_50:eval:9:2,9,52,0.421978,0.41896,0.549507,0.550146,1.846714,1.843627,0.034775
groot_l10_50,code,r6c_cal_groot_l10_50:eval:9:2,9,54,0.42271,0.420079,0.55906,0.559808,1.837562,1.834671,0.035562
groot_l10_50,code,r6c_cal_groot_l10_50:eval:9:2,9,56,0.446621,0.443897,0.573907,0.574406,1.833735,1.830645,0.03393
groot_l10_50,code,r6c_cal_groot_l10_50:eval:9:2,9,58,0.380488,0.377786,0.509903,0.510561,1.694605,1.691761,0.034703
groot_l10_50,code,r6c_cal_groot_l10_50:eval:9:2,9,60,0.439304,0.436755,0.572728,0.573351,1.865775,1.862768,0.034732
groot_l10_50,code,r6c_cal_groot_l10_50:eval:9:2,9,62,0.328599,0.326394,0.439414,0.440079,1.682176,1.679469,0.034779
groot_l10_50,code,r6c_cal_groot_l10_50:eval:9:2,9,64,0.419976,0.417319,0.542502,0.542696,1.824182,1.821369,0.029503
groot_l10_50,code,r6c_cal_groot_l10_50:eval:9:2,9,66,0.467514,0.464796,0.6314,0.631803,1.927234,1.92439,0.034087
groot_l10_50,code,r6c_cal_groot_l10_50:eval:9:2,9,68,0.418615,0.415868,0.545535,0.545797,1.868756,1.86571,0.034796
groot_l10_50,code,r6c_cal_groot_l10_50:eval:9:2,9,70,0.42516,0.422321,0.569214,0.564125,1.919438,1.910719,0.042254
groot_l10_50,code,r6c_cal_groot_l10_50:eval:9:2,9,72,0.429777,0.427051,0.566189,0.566354,1.949415,1.946271,0.034279
groot_l10_50,code,r6c_cal_groot_l10_50:eval:9:2,9,74,0.434691,0.431794,0.566289,0.566649,1.867506,1.864414,0.034034
groot_l10_50,code,r6c_cal_groot_l10_50:eval:9:2,9,76,0.420922,0.418155,0.551918,0.552241,1.857293,1.854262,0.034898
groot_l10_50,code,r6c_cal_groot_l10_50:eval:9:2,9,78,0.448655,0.445927,0.585819,0.579481,1.843499,1.840622,0.041042
groot_l10_50,code,r6c_cal_groot_l10_50:eval:9:2,9,80,0.43113,0.428497,0.561678,0.562354,1.823541,1.820556,0.033941
groot_l10_50,code,r6c_cal_groot_l10_50:eval:9:2,9,82,0.45117,0.448171,0.578578,0.579022,1.913109,1.910063,0.034186
groot_l10_50,code,r6c_cal_groot_l10_50:eval:9:2,9,84,0.446592,0.443768,0.577122,0.577953,1.857447,1.85442,0.034376
groot_l10_50,code,r6c_cal_groot_l10_50:eval:9:2,9,86,0.435084,0.432343,0.563468,0.564017,1.840572,1.837497,0.033831
groot_l10_50,code,r6c_cal_groot_l10_50:eval:9:2,9,87,0.510647,0.507883,0.648313,0.64886,1.924223,1.921215,0.035722
groot_l10_50,code,r6c_cal_groot_l10_50:eval:9:2,9,89,0.470105,0.467346,0.603037,0.603538,1.971331,1.968202,0.034329
groot_l10_50,code,r6c_cal_groot_l10_50:eval:9:2,9,91,0.455592,0.452876,0.584986,0.585531,1.972394,1.969334,0.03568
groot_l10_50,code,r6c_cal_groot_l10_50:eval:9:2,9,93,0.451003,0.448144,0.584066,0.584851,2.035747,2.032794,0.035629
groot_l10_50,code,r6c_cal_groot_l10_50:eval:9:2,9,95,0.442209,0.43946,0.570613,0.571246,1.901544,1.89846,0.034677
groot_l10_50,code,r6c_cal_groot_l10_50:eval:9:2,9,97,0.432844,0.430112,0.563445,0.564351,1.83427,1.831362,0.035437
groot_l10_50,code,r6c_cal_groot_l10_50:eval:9:2,9,99,0.447478,0.444712,0.577732,0.578506,1.844937,1.842023,0.033841
groot_l10_50,code,r6c_cal_groot_l10_50:eval:9:2,9,101,0.50443,0.501545,0.630783,0.631242,1.900607,1.897593,0.034558
groot_l10_50,code,r6c_cal_groot_l10_50:eval:9:2,9,103,0.433284,0.430639,0.562963,0.563725,1.903388,1.900435,0.034101
groot_l10_500,raw,r6c_cal_groot_l10_500:eval:0:8,0,0,1.987764,1.984561,2.102995,2.102323,4.880003,4.876155,0.0
groot_l10_500,raw,r6c_cal_groot_l10_500:eval:0:8,0,2,1.239186,1.236688,1.333587,1.333796,3.300742,3.297883,0.0
groot_l10_500,raw,r6c_cal_groot_l10_500:eval:0:8,0,4,3.605463,3.602336,3.789198,3.789268,5.674753,5.671474,0.0
groot_l10_500,raw,r6c_cal_groot_l10_500:eval:0:8,0,6,1.942319,1.939091,2.053931,2.054474,3.887643,3.884685,0.0
groot_l10_500,raw,r6c_cal_groot_l10_500:eval:0:8,0,8,1.678682,1.675809,1.769689,1.770009,3.433738,3.430917,0.0
groot_l10_500,raw,r6c_cal_groot_l10_500:eval:0:8,0,10,2.025499,2.022326,2.126415,2.126392,3.92053,3.917308,0.0
groot_l10_500,raw,r6c_cal_groot_l10_500:eval:0:8,0,11,1.974126,1.971105,2.081334,2.081923,3.894318,3.891386,0.0
groot_l10_500,raw,r6c_cal_groot_l10_500:eval:0:8,0,13,1.719469,1.716425,1.802694,1.803211,3.291305,3.288723,0.0
groot_l10_500,raw,r6c_cal_groot_l10_500:eval:0:8,0,15,1.583132,1.580097,1.679568,1.679962,3.48431,3.481705,0.0
groot_l10_500,raw,r6c_cal_groot_l10_500:eval:0:8,0,17,1.969489,1.966353,2.06138,2.061446,3.854104,3.851143,0.0
groot_l10_500,raw,r6c_cal_groot_l10_500:eval:0:8,0,19,1.726919,1.723817,1.82062,1.821098,3.466131,3.463234,0.0
groot_l10_500,raw,r6c_cal_groot_l10_500:eval:0:8,0,21,1.892685,1.889654,1.991559,1.992416,3.842185,3.839667,0.0
groot_l10_500,raw,r6c_cal_groot_l10_500:eval:0:8,0,23,1.975724,1.972865,2.069828,2.07016,3.702834,3.699806,0.0
groot_l10_500,raw,r6c_cal_groot_l10_500:eval:0:8,0,25,1.672987,1.670023,1.748935,1.749481,3.271921,3.269349,0.0
groot_l10_500,raw,r6c_cal_groot_l10_500:eval:0:8,0,27,1.729325,1.726456,1.821123,1.821753,3.599716,3.597056,0.0
groot_l10_500,raw,r6c_cal_groot_l10_500:eval:0:8,0,29,1.726315,1.723292,1.801061,1.801365,3.336698,3.33405,0.0
groot_l10_500,raw,r6c_cal_groot_l10_500:eval:0:8,0,31,1.715761,1.712826,1.808498,1.809168,3.445277,3.442704,0.0
groot_l10_500,raw,r6c_cal_groot_l10_500:eval:0:8,0,33,1.863494,1.860519,1.964599,1.964621,3.853141,3.850131,0.0
groot_l10_500,raw,r6c_cal_groot_l10_500:eval:0:8,0,35,1.932561,1.92925,2.010151,2.0104,3.610394,3.607724,0.0
groot_l10_500,raw,r6c_cal_groot_l10_500:eval:0:8,0,37,1.645816,1.642903,1.734772,1.735085,3.295773,3.293033,0.0
groot_l10_500,raw,r6c_cal_groot_l10_500:eval:0:8,0,39,1.606983,1.604174,1.695855,1.696097,3.670176,3.667519,0.0
groot_l10_500,raw,r6c_cal_groot_l10_500:eval:0:8,0,41,1.905639,1.893739,2.002153,2.002921,3.692685,3.689956,0.0
groot_l10_500,raw,r6c_cal_groot_l10_500:eval:0:8,0,43,1.813841,1.797254,1.906791,1.908393,3.802188,3.79918,0.0
groot_l10_500,raw,r6c_cal_groot_l10_500:eval:0:8,0,45,1.842011,1.838895,1.951134,1.95183,3.911931,3.909097,0.0
groot_l10_500,raw,r6c_cal_groot_l10_500:eval:0:8,0,47,1.819499,1.81645,1.907704,1.908292,3.428506,3.426033,0.0
groot_l10_500,raw,r6c_cal_groot_l10_500:eval:0:8,0,49,1.638377,1.617833,1.726968,1.727495,3.278562,3.276062,0.0
groot_l10_500,raw,r6c_cal_groot_l10_500:eval:0:8,0,51,1.822983,1.819956,1.907165,1.907757,3.601016,3.598379,0.0
groot_l10_500,raw,r6c_cal_groot_l10_500:eval:0:8,0,53,1.6992,1.696395,1.788071,1.788135,3.391469,3.388203,0.0
groot_l10_500,raw,r6c_cal_groot_l10_500:eval:0:8,0,55,1.709187,1.706092,1.815821,1.81592,3.55609,3.553017,0.0
groot_l10_500,raw,r6c_cal_groot_l10_500:eval:0:8,0,57,1.838982,1.836059,1.938391,1.938618,3.830661,3.827644,0.0
groot_l10_500,raw,r6c_cal_groot_l10_500:eval:0:8,0,59,1.755624,1.752825,1.846754,1.847233,3.426953,3.424227,0.0
groot_l10_500,raw,r6c_cal_groot_l10_500:eval:0:8,0,61,1.713891,1.722524,1.822978,1.835259,3.441743,3.450672,0.0
groot_l10_500,raw,r6c_cal_groot_l10_500:eval:0:8,0,63,1.89229,1.889151,2.00616,2.010449,3.7991,3.786178,0.0
groot_l10_500,raw,r6c_cal_groot_l10_500:eval:0:8,0,65,1.69268,1.689688,1.78283,1.783205,3.398885,3.396011,0.0
groot_l10_500,raw,r6c_cal_groot_l10_500:eval:0:8,0,67,1.761514,1.758486,1.870956,1.871451,3.712896,3.710157,0.0
groot_l10_500,raw,r6c_cal_groot_l10_500:eval:0:8,0,69,1.879427,1.876194,1.971436,1.971865,3.909896,3.906962,0.0
groot_l10_500,raw,r6c_cal_groot_l10_500:eval:0:8,0,71,1.754066,1.751086,1.843433,1.844013,3.498819,3.495862,0.0
groot_l10_500,raw,r6c_cal_groot_l10_500:eval:0:8,0,73,1.68644,1.683249,1.786754,1.786885,3.63251,3.629486,0.0
groot_l10_500,raw,r6c_cal_groot_l10_500:eval:0:8,0,75,2.013727,2.010568,2.10334,2.106549,3.983081,3.980061,0.0
groot_l10_500,raw,r6c_cal_groot_l10_500:eval:0:8,0,77,1.770698,1.76773,1.858118,1.85833,3.572906,3.56988,0.0
groot_l10_500,raw,r6c_cal_groot_l10_500:eval:0:8,0,79,1.80577,1.793263,1.924523,1.907422,3.698154,3.677726,0.0
groot_l10_500,raw,r6c_cal_groot_l10_500:eval:0:8,0,81,1.961389,1.958326,2.056346,2.056832,3.767065,3.764031,0.0
groot_l10_500,raw,r6c_cal_groot_l10_500:eval:0:8,0,83,1.734446,1.731212,1.823358,1.823636,3.359375,3.35641,0.0
groot_l10_500,raw,r6c_cal_groot_l10_500:eval:0:8,0,85,1.63834,1.635097,1.75358,1.754321,3.525392,3.522399,0.0
groot_l10_500,raw,r6c_cal_groot_l10_500:eval:0:8,0,87,1.870958,1.867824,1.965268,1.965413,3.560112,3.557001,0.0
groot_l10_500,raw,r6c_cal_groot_l10_500:eval:0:8,0,89,1.80049,1.797474,1.878686,1.879066,3.556285,3.553565,0.0
groot_l10_500,raw,r6c_cal_groot_l10_500:eval:0:8,0,90,2.055915,2.052925,2.157703,2.158183,3.965259,3.962439,0.0
groot_l10_500,raw,r6c_cal_groot_l10_500:eval:0:8,0,92,1.911694,1.9087,2.002193,2.002796,3.734123,3.731294,0.0
groot_l10_500,raw,r6c_cal_groot_l10_500:eval:0:8,0,94,1.709341,1.70633,1.815925,1.824218,3.401688,3.398584,0.0
groot_l10_500,raw,r6c_cal_groot_l10_500:eval:0:8,0,96,1.945456,1.942339,2.035667,2.035955,3.827209,3.824192,0.0
groot_l10_500,raw,r6c_cal_groot_l10_500:eval:0:8,0,98,1.803538,1.800532,1.904602,1.904913,3.516126,3.512974,0.0
groot_l10_500,raw,r6c_cal_groot_l10_500:eval:0:8,0,100,1.761363,1.758281,1.851709,1.852056,3.552785,3.549841,0.0
groot_l10_500,raw,r6c_cal_groot_l10_500:eval:0:8,0,102,1.786699,1.783658,1.915603,1.915662,3.794787,3.791698,0.0
groot_l10_500,raw,r6c_cal_groot_l10_500:eval:1:8,1,0,1.037939,1.035234,1.111732,1.111702,2.599468,2.596274,0.0
groot_l10_500,raw,r6c_cal_groot_l10_500:eval:1:8,1,2,0.839168,0.836685,0.91216,0.912192,2.338351,2.335547,0.0
groot_l10_500,raw,r6c_cal_groot_l10_500:eval:1:8,1,4,3.850335,3.847196,3.96297,3.963476,5.781371,5.77852,0.0
groot_l10_500,raw,r6c_cal_groot_l10_500:eval:1:8,1,6,1.76914,1.765138,1.860299,1.860877,3.641117,3.638333,0.0
groot_l10_500,raw,r6c_cal_groot_l10_500:eval:1:8,1,8,1.853687,1.85047,1.947893,1.948186,3.734852,3.732001,0.0
groot_l10_500,raw,r6c_cal_groot_l10_500:eval:1:8,1,10,1.92822,1.925089,2.029358,2.029695,3.927579,3.924553,0.0
groot_l10_500,raw,r6c_cal_groot_l10_500:eval:1:8,1,12,1.875446,1.872323,1.968555,1.968987,3.601762,3.598893,0.0
groot_l10_500,raw,r6c_cal_groot_l10_500:eval:1:8,1,14,1.695019,1.691656,1.784604,1.792551,3.405264,3.402201,0.0
groot_l10_500,raw,r6c_cal_groot_l10_500:eval:1:8,1,16,1.849505,1.846258,1.943708,1.944236,3.543417,3.540462,0.0
groot_l10_500,raw,r6c_cal_groot_l10_500:eval:1:8,1,18,1.654398,1.651326,1.748224,1.748796,3.397026,3.394278,0.0
groot_l10_500,raw,r6c_cal_groot_l10_500:eval:1:8,1,20,1.694031,1.691005,1.7871,1.796661,3.555344,3.55235,0.0
groot_l10_500,raw,r6c_cal_groot_l10_500:eval:1:8,1,22,1.943825,1.940848,2.044272,2.044858,3.967364,3.96444,0.0
groot_l10_500,raw,r6c_cal_groot_l10_500:eval:1:8,1,24,1.815543,1.812464,1.908849,1.909122,3.534562,3.531521,0.0
groot_l10_500,raw,r6c_cal_groot_l10_500:eval:1:8,1,26,1.773826,1.770562,1.863601,1.864503,3.632418,3.629581,0.0
groot_l10_500,raw,r6c_cal_groot_l10_500:eval:1:8,1,28,2.112021,2.109145,2.204544,2.204825,3.848082,3.845024,0.0
groot_l10_500,raw,r6c_cal_groot_l10_500:eval:1:8,1,30,2.062656,2.059456,2.155606,2.180713,3.883299,3.88047,0.0
groot_l10_500,raw,r6c_cal_groot_l10_500:eval:1:8,1,32,1.986433,1.983312,2.112105,2.112452,3.890831,3.887726,0.0
groot_l10_500,raw,r6c_cal_groot_l10_500:eval:1:8,1,34,1.970276,1.967247,2.063509,2.063609,3.787083,3.784009,0.0
groot_l10_500,raw,r6c_cal_groot_l10_500:eval:1:8,1,36,1.778376,1.775571,1.890212,1.890653,3.499909,3.497139,0.0
groot_l10_500,raw,r6c_cal_groot_l10_500:eval:1:8,1,38,1.814793,1.811591,1.917996,1.926319,3.798351,3.795482,0.0
groot_l10_500,raw,r6c_cal_groot_l10_500:eval:1:8,1,40,1.726647,1.723439,1.825236,1.825453,3.531221,3.528321,0.0
groot_l10_500,raw,r6c_cal_groot_l10_500:eval:1:8,1,42,1.912558,1.90941,2.005662,2.00589,3.784068,3.781092,0.0
groot_l10_500,raw,r6c_cal_groot_l10_500:eval:1:8,1,44,1.854044,1.851052,1.967445,1.967738,3.812078,3.809246,0.0
groot_l10_500,raw,r6c_cal_groot_l10_500:eval:1:8,1,46,1.922978,1.920029,2.017557,2.017758,3.87988,3.876849,0.0
groot_l10_500,raw,r6c_cal_groot_l10_500:eval:2:4,2,0,0.968791,0.966417,1.042439,1.042202,2.635144,2.631968,0.0
groot_l10_500,raw,r6c_cal_groot_l10_500:eval:2:4,2,2,0.977986,0.975403,1.085161,1.085516,2.864613,2.861545,0.0
groot_l10_500,raw,r6c_cal_groot_l10_500:eval:2:4,2,4,3.401296,3.398209,3.492023,3.492452,5.236313,5.233453,0.0
groot_l10_500,raw,r6c_cal_groot_l10_500:eval:2:4,2,6,1.635114,1.632029,1.732852,1.732884,3.47374,3.470228,0.0
groot_l10_500,raw,r6c_cal_groot_l10_500:eval:2:4,2,8,1.872261,1.86911,1.965795,1.966462,3.841871,3.838968,0.0
groot_l10_500,raw,r6c_cal_groot_l10_500:eval:2:4,2,10,1.703398,1.700215,1.798308,1.798665,3.366973,3.364032,0.0
groot_l10_500,raw,r6c_cal_groot_l10_500:eval:2:4,2,12,1.714733,1.711808,1.805702,1.806672,3.547342,3.544789,0.0
groot_l10_500,raw,r6c_cal_groot_l10_500:eval:2:4,2,14,1.826081,1.822982,1.930105,1.929986,3.519456,3.516157,0.0
groot_l10_500,raw,r6c_cal_groot_l10_500:eval:2:4,2,16,1.783547,1.780463,1.874345,1.874312,3.651904,3.648514,0.0
groot_l10_500,raw,r6c_cal_groot_l10_500:eval:2:4,2,18,1.678027,1.674981,1.776661,1.776826,3.56812,3.56496,0.0
groot_l10_500,raw,r6c_cal_groot_l10_500:eval:2:4,2,20,1.894637,1.891568,1.999828,2.000029,3.884714,3.881583,0.0
groot_l10_500,raw,r6c_cal_groot_l10_500:eval:2:4,2,22,1.630785,1.628067,1.720979,1.729384,3.327805,3.325077,0.0
groot_l10_500,raw,r6c_cal_groot_l10_500:eval:2:4,2,24,1.64122,1.638067,1.732103,1.732298,3.450395,3.447462,0.0
groot_l10_500,raw,r6c_cal_groot_l10_500:eval:2:4,2,26,1.800501,1.797387,1.892298,1.892996,3.343133,3.340293,0.0
groot_l10_500,raw,r6c_cal_groot_l10_500:eval:2:4,2,28,1.637778,1.634687,1.710895,1.711363,3.240558,3.237802,0.0
groot_l10_500,raw,r6c_cal_groot_l10_500:eval:2:4,2,30,1.602187,1.599331,1.692012,1.692494,3.49293,3.490119,0.0
groot_l10_500,raw,r6c_cal_groot_l10_500:eval:2:4,2,32,1.833679,1.830689,1.929858,1.930076,3.733632,3.730667,0.0
groot_l10_500,raw,r6c_cal_groot_l10_500:eval:2:4,2,34,1.745407,1.74254,1.832292,1.832721,3.3583,3.355462,0.0
groot_l10_500,raw,r6c_cal_groot_l10_500:eval:2:4,2,36,1.842705,1.823968,1.936197,1.936411,3.725676,3.722897,0.0
groot_l10_500,raw,r6c_cal_groot_l10_500:eval:2:4,2,38,1.861415,1.858404,1.96146,1.961124,3.44405,3.440459,0.0
groot_l10_500,raw,r6c_cal_groot_l10_500:eval:2:4,2,40,1.852264,1.848969,1.936985,1.93749,3.510011,3.507438,0.0
groot_l10_500,raw,r6c_cal_groot_l10_500:eval:2:4,2,42,1.622171,1.619136,1.723019,1.723428,3.528371,3.525158,0.0
groot_l10_500,raw,r6c_cal_groot_l10_500:eval:2:4,2,44,1.86211,1.859139,1.943185,1.943643,3.687084,3.684248,0.0
groot_l10_500,raw,r6c_cal_groot_l10_500:eval:2:4,2,46,1.684517,1.681822,1.769773,1.77056,3.487558,3.484995,0.0
groot_l10_500,raw,r6c_cal_groot_l10_500:eval:3:2,3,0,0.966944,0.964164,1.054341,1.054569,2.61377,2.61028,0.0
groot_l10_500,raw,r6c_cal_groot_l10_500:eval:3:2,3,2,0.94243,0.939564,1.020957,1.021365,2.673422,2.67049,0.0
groot_l10_500,raw,r6c_cal_groot_l10_500:eval:3:2,3,4,3.579741,3.575555,3.69509,3.69485,5.160684,5.157662,0.0
groot_l10_500,raw,r6c_cal_groot_l10_500:eval:3:2,3,6,1.940177,1.937249,2.036498,2.036646,3.653011,3.649925,0.0
groot_l10_500,raw,r6c_cal_groot_l10_500:eval:3:2,3,8,1.969807,1.966486,2.049505,2.049683,3.788165,3.785454,0.0
groot_l10_500,raw,r6c_cal_groot_l10_500:eval:3:2,3,10,1.689845,1.686732,1.793664,1.794186,3.353326,3.350503,0.0
groot_l10_500,raw,r6c_cal_groot_l10_500:eval:3:2,3,12,1.733845,1.730842,1.821852,1.834592,3.511445,3.508618,0.0
groot_l10_500,raw,r6c_cal_groot_l10_500:eval:3:2,3,14,1.879121,1.876527,1.970929,1.970702,3.453077,3.449864,0.0
groot_l10_500,raw,r6c_cal_groot_l10_500:eval:3:2,3,16,1.948514,1.945531,2.024596,2.025084,3.418044,3.415415,0.0
groot_l10_500,raw,r6c_cal_groot_l10_500:eval:3:2,3,18,1.768111,1.765015,1.868243,1.868723,3.578873,3.576007,0.0
groot_l10_500,raw,r6c_cal_groot_l10_500:eval:3:2,3,20,1.967928,1.964742,2.080406,2.079951,3.825833,3.8227,0.0
groot_l10_500,raw,r6c_cal_groot_l10_500:eval:3:2,3,22,1.707653,1.704234,1.784302,1.784835,3.32858,3.325898,0.0
groot_l10_500,raw,r6c_cal_groot_l10_500:eval:3:2,3,24,1.701816,1.698757,1.778028,1.778912,3.337395,3.335149,0.0
groot_l10_500,raw,r6c_cal_groot_l10_500:eval:3:2,3,26,1.765996,1.763266,1.856163,1.856597,3.357636,3.354771,0.0
groot_l10_500,raw,r6c_cal_groot_l10_500:eval:3:2,3,28,1.872385,1.869116,1.951268,1.951733,3.386111,3.38346,0.0
groot_l10_500,raw,r6c_cal_groot_l10_500:eval:3:2,3,30,1.681027,1.677984,1.786328,1.78681,3.591301,3.588084,0.0
groot_l10_500,raw,r6c_cal_groot_l10_500:eval:3:2,3,32,1.93932,1.936249,2.037956,2.038514,3.834539,3.831638,0.0
groot_l10_500,raw,r6c_cal_groot_l10_500:eval:3:2,3,34,1.770577,1.767588,1.870585,1.870784,3.453704,3.450745,0.0
groot_l10_500,raw,r6c_cal_groot_l10_500:eval:3:2,3,36,1.741959,1.738988,1.832679,1.832793,3.328462,3.325416,0.0
groot_l10_500,raw,r6c_cal_groot_l10_500:eval:3:2,3,38,1.68821,1.684709,1.781698,1.796461,3.224623,3.221537,0.0
groot_l10_500,raw,r6c_cal_groot_l10_500:eval:3:2,3,40,1.664636,1.661471,1.742947,1.743541,3.19837,3.195659,0.0
groot_l10_500,raw,r6c_cal_groot_l10_500:eval:3:2,3,42,1.695694,1.692492,1.808066,1.808271,3.320844,3.317938,0.0
groot_l10_500,raw,r6c_cal_groot_l10_500:eval:4:9,4,0,0.993326,0.990552,1.072601,1.072463,2.755784,2.752467,0.0
groot_l10_500,raw,r6c_cal_groot_l10_500:eval:4:9,4,2,0.972632,0.970063,1.044087,1.04426,2.656724,2.653949,0.0
groot_l10_500,raw,r6c_cal_groot_l10_500:eval:4:9,4,4,3.289275,3.286179,3.413273,3.413429,5.382231,5.379458,0.0
groot_l10_500,raw,r6c_cal_groot_l10_500:eval:4:9,4,6,1.837945,1.83447,1.931508,1.932292,3.431995,3.429201,0.0
groot_l10_500,raw,r6c_cal_groot_l10_500:eval:4:9,4,8,1.802352,1.799189,1.884688,1.879486,3.34369,3.335494,0.0
groot_l10_500,raw,r6c_cal_groot_l10_500:eval:4:9,4,10,1.754573,1.751438,1.849787,1.850495,3.665144,3.66251,0.0
groot_l10_500,raw,r6c_cal_groot_l10_500:eval:4:9,4,12,2.379965,2.376638,2.509162,2.508882,4.35638,4.35291,0.0
groot_l10_500,raw,r6c_cal_groot_l10_500:eval:4:9,4,14,1.798373,1.787202,1.882201,1.882571,3.663806,3.661081,0.0
groot_l10_500,raw,r6c_cal_groot_l10_500:eval:4:9,4,16,1.799168,1.796475,1.890039,1.897073,3.601686,3.598949,0.0
groot_l10_500,raw,r6c_cal_groot_l10_500:eval:4:9,4,18,1.463508,1.460492,1.561018,1.56576,3.152443,3.14954,0.0
groot_l10_500,raw,r6c_cal_groot_l10_500:eval:4:9,4,20,1.655522,1.652517,1.740128,1.740588,3.230194,3.227534,0.0
groot_l10_500,raw,r6c_cal_groot_l10_500:eval:4:9,4,22,1.693859,1.685396,1.79212,1.792344,3.525575,3.52236,0.0
groot_l10_500,raw,r6c_cal_groot_l10_500:eval:4:9,4,24,2.006292,2.002754,2.12982,2.118917,4.056233,4.042077,0.0
groot_l10_500,raw,r6c_cal_groot_l10_500:eval:4:9,4,26,1.936757,1.926588,2.03741,2.038042,3.839733,3.836984,0.0
groot_l10_500,raw,r6c_cal_groot_l10_500:eval:4:9,4,27,2.014875,2.011782,2.107783,2.107855,3.7856,3.782418,0.0
groot_l10_500,raw,r6c_cal_groot_l10_500:eval:4:9,4,29,1.564808,1.561792,1.65706,1.657343,3.411072,3.408264,0.0
groot_l10_500,raw,r6c_cal_groot_l10_500:eval:4:9,4,31,1.641414,1.638479,1.730369,1.731363,3.371284,3.368746,0.0
groot_l10_500,raw,r6c_cal_groot_l10_500:eval:4:9,4,33,1.677489,1.674651,1.777182,1.777718,3.523895,3.521032,0.0
groot_l10_500,raw,r6c_cal_groot_l10_500:eval:4:9,4,35,1.93004,1.926003,2.016876,2.017055,3.765954,3.76327,0.0
groot_l10_500,raw,r6c_cal_groot_l10_500:eval:4:9,4,37,1.650874,1.647551,1.742301,1.742961,3.501517,3.498785,0.0
groot_l10_500,raw,r6c_cal_groot_l10_500:eval:4:9,4,39,1.843529,1.84032,1.919333,1.919715,3.52439,3.521653,0.0
groot_l10_500,raw,r6c_cal_groot_l10_500:eval:4:9,4,41,1.577276,1.561938,1.66737,1.667666,3.380593,3.377699,0.0
groot_l10_500,raw,r6c_cal_groot_l10_500:eval:4:9,4,43,1.515705,1.512533,1.602004,1.602547,3.282335,3.279445,0.0
groot_l10_500,raw,r6c_cal_groot_l10_500:eval:4:9,4,45,1.887611,1.884379,1.990249,1.990265,3.753189,3.749978,0.0
groot_l10_500,raw,r6c_cal_groot_l10_500:eval:4:9,4,47,1.933757,1.930776,2.023198,2.02357,3.696995,3.694116,0.0
groot_l10_500,raw,r6c_cal_groot_l10_500:eval:4:9,4,49,1.691023,1.68805,1.787244,1.787451,3.409706,3.406853,0.0
groot_l10_500,raw,r6c_cal_groot_l10_500:eval:4:9,4,51,1.812987,1.810258,1.902364,1.902737,3.483683,3.480815,0.0
groot_l10_500,raw,r6c_cal_groot_l10_500:eval:4:9,4,52,1.501024,1.498018,1.591365,1.59173,3.221186,3.218276,0.0
groot_l10_500,raw,r6c_cal_groot_l10_500:eval:4:9,4,54,1.605479,1.60245,1.683247,1.683882,3.326156,3.323488,0.0
groot_l10_500,raw,r6c_cal_groot_l10_500:eval:4:9,4,56,1.738399,1.735244,1.832831,1.833627,3.535259,3.532365,0.0
groot_l10_500,raw,r6c_cal_groot_l10_500:eval:4:9,4,58,1.886987,1.883671,1.977874,1.978322,3.741323,3.738452,0.0
groot_l10_500,raw,r6c_cal_groot_l10_500:eval:4:9,4,60,1.776949,1.773705,1.862703,1.863039,3.562185,3.559459,0.0
groot_l10_500,raw,r6c_cal_groot_l10_500:eval:4:9,4,62,1.814862,1.811406,1.910904,1.911367,3.53929,3.536281,0.0
groot_l10_500,raw,r6c_cal_groot_l10_500:eval:4:9,4,64,1.574697,1.571501,1.662491,1.663075,3.270609,3.267956,0.0
groot_l10_500,raw,r6c_cal_groot_l10_500:eval:4:9,4,66,1.537967,1.534673,1.626681,1.627247,3.263279,3.260406,0.0
groot_l10_500,raw,r6c_cal_groot_l10_500:eval:5:9,5,0,0.895942,0.890283,0.9835,0.983485,2.6004,2.596701,0.0
groot_l10_500,raw,r6c_cal_groot_l10_500:eval:5:9,5,2,0.946495,0.943812,1.02655,1.02622,2.759261,2.755806,0.0
groot_l10_500,raw,r6c_cal_groot_l10_500:eval:5:9,5,4,4.515824,4.512698,4.637715,4.638148,6.557208,6.55428,0.0
groot_l10_500,raw,r6c_cal_groot_l10_500:eval:5:9,5,6,1.884522,1.881231,1.966241,1.966709,3.491885,3.489313,0.0
groot_l10_500,raw,r6c_cal_groot_l10_500:eval:5:9,5,8,1.758103,1.754814,1.879804,1.848655,3.534782,3.50016,0.0
groot_l10_500,raw,r6c_cal_groot_l10_500:eval:5:9,5,10,1.696113,1.692876,1.893078,1.893349,3.445958,3.443101,0.0
groot_l10_500,raw,r6c_cal_groot_l10_500:eval:5:9,5,12,1.760372,1.756619,1.851775,1.852556,3.675608,3.672846,0.0
groot_l10_500,raw,r6c_cal_groot_l10_500:eval:5:9,5,14,1.806785,1.803619,1.894086,1.894696,3.375384,3.372577,0.0
groot_l10_500,raw,r6c_cal_groot_l10_500:eval:5:9,5,16,1.877322,1.873937,1.992629,1.992712,3.748543,3.745464,0.0
groot_l10_500,raw,r6c_cal_groot_l10_500:eval:5:9,5,18,1.629251,1.625908,1.721347,1.721806,3.195917,3.193003,0.0
groot_l10_500,raw,r6c_cal_groot_l10_500:eval:5:9,5,20,1.807535,1.804485,1.898782,1.899078,3.372821,3.369979,0.0
groot_l10_500,raw,r6c_cal_groot_l10_500:eval:5:9,5,22,1.68401,1.680605,1.777394,1.777801,3.352663,3.349813,0.0
groot_l10_500,raw,r6c_cal_groot_l10_500:eval:5:9,5,24,1.72143,1.717858,1.824705,1.825338,3.567224,3.564394,0.0
groot_l10_500,raw,r6c_cal_groot_l10_500:eval:5:9,5,26,1.935487,1.932066,2.038226,2.043033,3.680708,3.677598,0.0
groot_l10_500,raw,r6c_cal_groot_l10_500:eval:5:9,5,28,1.892579,1.8896,1.98255,1.983027,3.789643,3.786786,0.0
groot_l10_500,raw,r6c_cal_groot_l10_500:eval:5:9,5,29,1.757487,1.754302,1.874123,1.865281,3.44874,3.435777,0.0
groot_l10_500,raw,r6c_cal_groot_l10_500:eval:5:9,5,31,1.741453,1.738037,1.829336,1.830099,3.36549,3.362812,0.0
groot_l10_500,raw,r6c_cal_groot_l10_500:eval:6:11,6,0,0.989969,0.987123,1.051104,1.051204,2.503615,2.500749,0.0
groot_l10_500,raw,r6c_cal_groot_l10_500:eval:6:11,6,2,0.93486,0.932197,1.013422,1.014006,2.741141,2.73852,0.0
groot_l10_500,raw,r6c_cal_groot_l10_500:eval:6:11,6,4,4.649677,4.646534,4.796944,4.796992,7.388126,7.384961,0.0
groot_l10_500,raw,r6c_cal_groot_l10_500:eval:6:11,6,6,1.954447,1.951315,2.042909,2.043196,3.722717,3.719767,0.0
groot_l10_500,raw,r6c_cal_groot_l10_500:eval:6:11,6,8,1.830269,1.827221,1.917123,1.917381,3.578064,3.575115,0.0
groot_l10_500,raw,r6c_cal_groot_l10_500:eval:6:11,6,10,1.763793,1.760538,1.874352,1.873877,3.513346,3.510281,0.0
groot_l10_500,raw,r6c_cal_groot_l10_500:eval:6:11,6,12,1.869164,1.866021,1.96943,1.970513,3.762246,3.759333,0.0
groot_l10_500,raw,r6c_cal_groot_l10_500:eval:6:11,6,14,1.911972,1.908532,2.028456,2.028858,3.711552,3.708595,0.0
groot_l10_500,raw,r6c_cal_groot_l10_500:eval:6:11,6,16,1.922128,1.919161,2.006823,2.007271,3.857981,3.855196,0.0
groot_l10_500,raw,r6c_cal_groot_l10_500:eval:6:11,6,18,1.712286,1.708962,1.802273,1.803158,3.450543,3.447729,0.0
groot_l10_500,raw,r6c_cal_groot_l10_500:eval:6:11,6,20,1.721437,1.718163,1.81114,1.81161,3.389997,3.387125,0.0
groot_l10_500,raw,r6c_cal_groot_l10_500:eval:6:11,6,22,1.772949,1.769909,1.932285,1.933008,3.430617,3.427474,0.0
groot_l10_500,raw,r6c_cal_groot_l10_500:eval:6:11,6,24,1.761962,1.758412,1.861069,1.861533,3.6693,3.666579,0.0
groot_l10_500,raw,r6c_cal_groot_l10_500:eval:6:11,6,26,1.902988,1.89963,1.991788,1.992091,3.72345,3.720464,0.0
groot_l10_500,raw,r6c_cal_groot_l10_500:eval:6:11,6,28,2.000454,1.997536,2.087026,2.087495,3.835221,3.832228,0.0
groot_l10_500,raw,r6c_cal_groot_l10_500:eval:6:11,6,30,1.750075,1.747219,1.867397,1.868867,3.533868,3.5305,0.0
groot_l10_500,raw,r6c_cal_groot_l10_500:eval:6:11,6,32,1.719355,1.716402,1.804715,1.805124,3.33368,3.330755,0.0
groot_l10_500,raw,r6c_cal_groot_l10_500:eval:6:11,6,34,1.748108,1.74505,1.869462,1.869877,3.520845,3.517502,0.0
groot_l10_500,raw,r6c_cal_groot_l10_500:eval:6:11,6,36,1.765176,1.761441,1.861552,1.861949,3.68473,3.681883,0.0
groot_l10_500,raw,r6c_cal_groot_l10_500:eval:6:11,6,38,1.871307,1.868219,1.962918,1.963745,3.62644,3.623676,0.0
groot_l10_500,raw,r6c_cal_groot_l10_500:eval:6:11,6,40,1.855059,1.852006,1.944943,1.945376,3.661193,3.658352,0.0
groot_l10_500,raw,r6c_cal_groot_l10_500:eval:7:0,7,0,0.834323,0.831783,0.940901,0.940903,2.374005,2.370837,0.0
groot_l10_500,raw,r6c_cal_groot_l10_500:eval:7:0,7,2,0.945772,0.94327,1.034874,1.0355,2.754695,2.75172,0.0
groot_l10_500,raw,r6c_cal_groot_l10_500:eval:7:0,7,4,4.765428,4.762359,4.866106,4.866587,6.778619,6.775768,0.0
groot_l10_500,raw,r6c_cal_groot_l10_500:eval:7:0,7,6,2.072075,2.068861,2.162953,2.163209,3.97657,3.973663,0.0
groot_l10_500,raw,r6c_cal_groot_l10_500:eval:7:0,7,8,1.917834,1.914466,2.004262,2.006341,4.042044,4.039096,0.0
groot_l10_500,raw,r6c_cal_groot_l10_500:eval:7:0,7,10,1.768604,1.765371,1.872775,1.872918,3.485482,3.482403,0.0
groot_l10_500,raw,r6c_cal_groot_l10_500:eval:7:0,7,12,1.754221,1.750844,1.852527,1.847563,3.44,3.431433,0.0
groot_l10_500,raw,r6c_cal_groot_l10_500:eval:7:0,7,14,1.823426,1.820358,1.91635,1.916704,3.534022,3.531231,0.0
groot_l10_500,raw,r6c_cal_groot_l10_500:eval:7:0,7,16,2.019655,2.016244,2.116273,2.116686,3.985825,3.982902,0.0
groot_l10_500,raw,r6c_cal_groot_l10_500:eval:7:0,7,18,1.998668,1.99522,2.095498,2.095688,3.929034,3.926127,0.0
groot_l10_500,raw,r6c_cal_groot_l10_500:eval:7:0,7,20,2.033748,2.030558,2.130561,2.130755,3.870271,3.867394,0.0
groot_l10_500,raw,r6c_cal_groot_l10_500:eval:7:0,7,22,1.695612,1.692523,1.81099,1.8114,3.643444,3.640493,0.0
groot_l10_500,raw,r6c_cal_groot_l10_500:eval:7:0,7,23,1.621746,1.618879,1.71293,1.713078,3.38368,3.380622,0.0
groot_l10_500,raw,r6c_cal_groot_l10_500:eval:7:0,7,25,1.603526,1.600371,1.717098,1.717376,3.611262,3.607848,0.0
groot_l10_500,raw,r6c_cal_groot_l10_500:eval:7:0,7,27,1.921244,1.917655,2.016997,2.017443,4.026474,4.023613,0.0
groot_l10_500,raw,r6c_cal_groot_l10_500:eval:7:0,7,29,2.115287,2.112251,2.208479,2.208642,4.162496,4.159287,0.0
groot_l10_500,raw,r6c_cal_groot_l10_500:eval:7:0,7,31,1.948415,1.945256,2.037791,2.0383,3.685124,3.682363,0.0
groot_l10_500,raw,r6c_cal_groot_l10_500:eval:7:0,7,33,2.249694,2.23957,2.36695,2.366165,3.97054,3.966414,0.0
groot_l10_500,raw,r6c_cal_groot_l10_500:eval:7:0,7,35,1.788443,1.785252,1.892791,1.893219,3.581468,3.578578,0.0
groot_l10_500,raw,r6c_cal_groot_l10_500:eval:7:0,7,37,2.031377,2.01936,2.145411,2.14563,3.989086,3.986126,0.0
groot_l10_500,raw,r6c_cal_groot_l10_500:eval:7:0,7,39,1.992197,1.989098,2.079685,2.079643,4.012742,4.009718,0.0
groot_l10_500,raw,r6c_cal_groot_l10_500:eval:7:0,7,41,2.235766,2.232502,2.312089,2.312756,4.066405,4.063846,0.0
groot_l10_500,raw,r6c_cal_groot_l10_500:eval:7:0,7,43,1.809234,1.806299,1.885036,1.885456,3.735846,3.733339,0.0
groot_l10_500,raw,r6c_cal_groot_l10_500:eval:7:0,7,45,1.688395,1.685583,1.777714,1.778138,3.534132,3.531651,0.0
groot_l10_500,raw,r6c_cal_groot_l10_500:eval:8:9,8,0,0.80869,0.805975,0.890129,0.890369,2.613212,2.610103,0.0
groot_l10_500,raw,r6c_cal_groot_l10_500:eval:8:9,8,2,0.968474,0.965599,1.061554,1.061567,2.988085,2.984952,0.0
groot_l10_500,raw,r6c_cal_groot_l10_500:eval:8:9,8,4,0.977129,0.974571,1.08097,1.138141,2.961007,3.014513,0.0
groot_l10_500,raw,r6c_cal_groot_l10_500:eval:8:9,8,6,5.900526,5.897345,5.995377,5.996009,8.149769,8.146881,0.0
groot_l10_500,raw,r6c_cal_groot_l10_500:eval:8:9,8,8,1.909833,1.906841,1.996603,1.997282,3.929162,3.926428,0.0
groot_l10_500,raw,r6c_cal_groot_l10_500:eval:8:9,8,10,1.764638,1.761595,1.899685,1.899769,3.748371,3.744637,0.0
groot_l10_500,raw,r6c_cal_groot_l10_500:eval:8:9,8,12,2.006614,2.003411,2.098351,2.098742,4.138644,4.135814,0.0
groot_l10_500,raw,r6c_cal_groot_l10_500:eval:8:9,8,14,2.109941,2.106839,2.201022,2.201776,4.179392,4.176616,0.0
groot_l10_500,raw,r6c_cal_groot_l10_500:eval:8:9,8,16,1.854519,1.851282,1.998945,2.010929,3.971936,3.968767,0.0
groot_l10_500,raw,r6c_cal_groot_l10_500:eval:8:9,8,17,2.722682,2.718632,2.849246,2.849914,5.256501,5.252686,0.0
groot_l10_500,raw,r6c_cal_groot_l10_500:eval:8:9,8,19,2.687704,2.68384,2.839835,2.839242,5.351975,5.347304,0.0
groot_l10_500,raw,r6c_cal_groot_l10_500:eval:8:9,8,21,2.661452,2.657616,2.795643,2.796111,5.832816,5.828973,0.0
groot_l10_500,raw,r6c_cal_groot_l10_500:eval:8:9,8,23,2.400183,2.396422,2.547887,2.548168,4.958706,4.954883,0.0
groot_l10_500,raw,r6c_cal_groot_l10_500:eval:8:9,8,25,2.377615,2.37397,2.471863,2.47153,4.50884,4.505643,0.0
groot_l10_500,raw,r6c_cal_groot_l10_500:eval:8:9,8,27,1.720404,1.717144,1.816512,1.816515,3.659584,3.656092,0.0
groot_l10_500,raw,r6c_cal_groot_l10_500:eval:8:9,8,29,2.01559,2.012206,2.101526,2.102114,4.215317,4.212542,0.0
groot_l10_500,raw,r6c_cal_groot_l10_500:eval:8:9,8,30,2.117518,2.114402,2.208271,2.208555,4.09625,4.09297,0.0
groot_l10_500,raw,r6c_cal_groot_l10_500:eval:8:9,8,32,1.869047,1.866215,1.945756,1.946116,3.623612,3.620968,0.0
groot_l10_500,raw,r6c_cal_groot_l10_500:eval:8:9,8,34,1.855661,1.852428,1.958705,1.959902,3.535761,3.532931,0.0
groot_l10_500,raw,r6c_cal_groot_l10_500:eval:8:9,8,36,1.802073,1.798768,1.879936,1.880385,3.484685,3.481941,0.0
groot_l10_500,raw,r6c_cal_groot_l10_500:eval:8:9,8,37,1.880815,1.87728,2.000105,1.999869,3.991608,3.988001,0.0
groot_l10_500,raw,r6c_cal_groot_l10_500:eval:8:9,8,39,2.143561,2.140336,2.237224,2.237758,4.157631,4.154698,0.0
groot_l10_500,raw,r6c_cal_groot_l10_500:eval:8:9,8,41,1.90764,1.904503,1.978936,1.979519,3.610354,3.607897,0.0
groot_l10_500,raw,r6c_cal_groot_l10_500:eval:8:9,8,43,1.693952,1.690804,1.767584,1.767716,3.59056,3.587516,0.0
groot_l10_500,raw,r6c_cal_groot_l10_500:eval:8:9,8,45,1.632634,1.629454,1.721497,1.721884,3.462208,3.459602,0.0
groot_l10_500,raw,r6c_cal_groot_l10_500:eval:8:9,8,47,1.605493,1.602594,1.718794,1.719093,3.353007,3.350007,0.0
groot_l10_500,raw,r6c_cal_groot_l10_500:eval:8:9,8,49,2.048089,2.04482,2.137694,2.138281,4.141002,4.138366,0.0
groot_l10_500,raw,r6c_cal_groot_l10_500:eval:8:9,8,51,2.089032,2.086185,2.167051,2.167458,4.085313,4.082759,0.0
groot_l10_500,raw,r6c_cal_groot_l10_500:eval:8:9,8,52,1.838681,1.835913,1.929862,1.930365,3.593954,3.591358,0.0
groot_l10_500,raw,r6c_cal_groot_l10_500:eval:8:9,8,54,2.00869,2.00547,2.133223,2.134064,3.79502,3.792368,0.0
groot_l10_500,raw,r6c_cal_groot_l10_500:eval:8:9,8,56,1.727692,1.724656,1.802195,1.802785,3.434818,3.432283,0.0
groot_l10_500,raw,r6c_cal_groot_l10_500:eval:8:9,8,58,1.702595,1.69984,1.793411,1.794028,3.7131,3.710205,0.0
groot_l10_500,raw,r6c_cal_groot_l10_500:eval:8:9,8,60,2.09064,2.087504,2.186274,2.186784,4.490609,4.487947,0.0
groot_l10_500,raw,r6c_cal_groot_l10_500:eval:8:9,8,62,2.263639,2.260221,2.35471,2.354993,4.124447,4.121525,0.0
groot_l10_500,raw,r6c_cal_groot_l10_500:eval:8:9,8,64,1.72799,1.725017,1.81445,1.815113,3.728931,3.726253,0.0
groot_l10_500,raw,r6c_cal_groot_l10_500:eval:8:9,8,66,1.674089,1.671071,1.761558,1.761984,3.443544,3.440803,0.0
groot_l10_500,raw,r6c_cal_groot_l10_500:eval:8:9,8,68,1.660571,1.644104,1.776709,1.776684,3.364801,3.361714,0.0
groot_l10_500,raw,r6c_cal_groot_l10_500:eval:8:9,8,70,2.132981,2.129568,2.243955,2.24417,4.253389,4.250442,0.0
groot_l10_500,raw,r6c_cal_groot_l10_500:eval:8:9,8,71,2.199106,2.196111,2.274401,2.274725,4.281003,4.278346,0.0
groot_l10_500,raw,r6c_cal_groot_l10_500:eval:8:9,8,73,1.856542,1.853821,1.942822,1.943206,3.599525,3.596839,0.0
groot_l10_500,raw,r6c_cal_groot_l10_500:eval:8:9,8,75,1.902376,1.898911,2.052204,2.052126,3.67789,3.674566,0.0
groot_l10_500,raw,r6c_cal_groot_l10_500:eval:8:9,8,77,1.825778,1.823303,1.919997,1.920326,3.625234,3.622495,0.0
groot_l10_500,raw,r6c_cal_groot_l10_500:eval:8:9,8,79,1.683842,1.680765,1.794787,1.795734,3.654788,3.652091,0.0
groot_l10_500,raw,r6c_cal_groot_l10_500:eval:8:9,8,81,2.029345,2.025942,2.135496,2.135803,4.214064,4.211073,0.0
groot_l10_500,raw,r6c_cal_groot_l10_500:eval:8:9,8,83,1.929649,1.926836,2.01285,2.013422,3.879052,3.876247,0.0
groot_l10_500,raw,r6c_cal_groot_l10_500:eval:8:9,8,85,1.738007,1.734802,1.827251,1.828055,3.815404,3.812603,0.0
groot_l10_500,raw,r6c_cal_groot_l10_500:eval:8:9,8,87,1.716327,1.713399,1.803396,1.803802,3.542528,3.539696,0.0
groot_l10_500,raw,r6c_cal_groot_l10_500:eval:8:9,8,89,1.82975,1.82674,1.921487,1.92197,3.701716,3.698962,0.0
groot_l10_500,raw,r6c_cal_groot_l10_500:eval:9:2,9,0,1.170558,1.167447,1.273173,1.272609,2.949281,2.945514,0.0
groot_l10_500,raw,r6c_cal_groot_l10_500:eval:9:2,9,2,1.074418,1.07176,1.154155,1.154263,3.020566,3.017488,0.0
groot_l10_500,raw,r6c_cal_groot_l10_500:eval:9:2,9,4,5.621679,5.618618,5.699763,5.700111,7.656595,7.653971,0.0
groot_l10_500,raw,r6c_cal_groot_l10_500:eval:9:2,9,6,1.86316,1.849939,1.957715,1.958322,3.658853,3.656216,0.0
groot_l10_500,raw,r6c_cal_groot_l10_500:eval:9:2,9,8,1.789855,1.786748,1.902676,1.902616,3.50707,3.50412,0.0
groot_l10_500,raw,r6c_cal_groot_l10_500:eval:9:2,9,10,2.000547,1.997167,2.107628,2.108277,3.976379,3.973613,0.0
groot_l10_500,raw,r6c_cal_groot_l10_500:eval:9:2,9,12,2.13222,2.129169,2.221525,2.221734,4.115032,4.112066,0.0
groot_l10_500,raw,r6c_cal_groot_l10_500:eval:9:2,9,14,1.901179,1.897948,2.009506,2.009518,3.659058,3.655936,0.0
groot_l10_500,raw,r6c_cal_groot_l10_500:eval:9:2,9,16,2.193037,2.189852,2.282242,2.282864,4.070853,4.068021,0.0
groot_l10_500,raw,r6c_cal_groot_l10_500:eval:9:2,9,18,1.931816,1.92868,2.013711,2.014092,3.728456,3.725809,0.0
groot_l10_500,raw,r6c_cal_groot_l10_500:eval:9:2,9,20,1.794475,1.791609,1.889601,1.889496,3.673025,3.669477,0.0
groot_l10_500,raw,r6c_cal_groot_l10_500:eval:9:2,9,22,2.12725,2.123654,2.249258,2.249465,4.257266,4.254035,0.0
groot_l10_500,raw,r6c_cal_groot_l10_500:eval:9:2,9,24,2.034056,2.03084,2.108539,2.108825,3.789293,3.786653,0.0
groot_l10_500,raw,r6c_cal_groot_l10_500:eval:9:2,9,26,1.78737,1.784253,1.881769,1.882694,3.692041,3.689418,0.0
groot_l10_500,raw,r6c_cal_groot_l10_500:eval:9:2,9,28,1.925107,1.921837,2.012104,2.012408,3.548286,3.545312,0.0
groot_l10_500,raw,r6c_cal_groot_l10_500:eval:9:2,9,30,1.913823,1.910447,2.007397,2.007501,3.562139,3.559051,0.0
groot_l10_500,raw,r6c_cal_groot_l10_500:eval:9:2,9,32,2.071614,2.068311,2.188643,2.189005,3.963226,3.960195,0.0
groot_l10_500,raw,r6c_cal_groot_l10_500:eval:9:2,9,34,2.10517,2.102119,2.199617,2.199573,3.994319,3.991004,0.0
groot_l10_500,raw,r6c_cal_groot_l10_500:eval:9:2,9,36,1.918535,1.884945,2.016507,2.017245,3.595706,3.593067,0.0
groot_l10_500,raw,r6c_cal_groot_l10_500:eval:9:2,9,38,1.991102,1.987808,2.088973,2.08936,3.737988,3.735043,0.0
groot_l10_500,raw,r6c_cal_groot_l10_500:eval:9:2,9,40,1.750545,1.747282,1.841023,1.841507,3.496279,3.493584,0.0
groot_l10_500,raw,r6c_cal_groot_l10_500:eval:9:2,9,42,1.777373,1.774198,1.890222,1.890776,3.465375,3.462472,0.0
groot_l10_500,raw,r6c_cal_groot_l10_500:eval:9:2,9,44,1.995779,1.99176,2.101201,2.099447,3.993624,3.988191,0.0
groot_l10_500,raw,r6c_cal_groot_l10_500:eval:9:2,9,46,2.050129,2.046955,2.138927,2.139396,3.890399,3.887438,0.0
groot_l10_500,raw,r6c_cal_groot_l10_500:eval:9:2,9,48,1.755454,1.752213,1.856735,1.865805,3.474535,3.471513,0.0
groot_l10_500,raw,r6c_cal_groot_l10_500:eval:9:2,9,50,1.8576,1.85452,1.948457,1.948328,3.604664,3.601289,0.0
groot_l10_500,raw,r6c_cal_groot_l10_500:eval:9:2,9,52,1.736184,1.733214,1.847861,1.847791,3.356506,3.353273,0.0
groot_l10_500,code,r6c_cal_groot_l10_500:eval:0:8,0,0,0.053722,0.051899,0.266554,0.266864,2.96546,2.961466,0.079507
groot_l10_500,code,r6c_cal_groot_l10_500:eval:0:8,0,2,0.048478,0.046413,0.166658,0.167995,1.971955,1.969059,0.034349
groot_l10_500,code,r6c_cal_groot_l10_500:eval:0:8,0,4,3.5473,3.543812,3.688347,3.690847,5.431396,5.428584,0.035377
groot_l10_500,code,r6c_cal_groot_l10_500:eval:0:8,0,6,0.89812,0.895026,1.036614,1.037619,2.57897,2.576046,0.035585
groot_l10_500,code,r6c_cal_groot_l10_500:eval:0:8,0,8,0.944674,0.941771,1.078069,1.079315,2.860258,2.857437,0.033988
groot_l10_500,code,r6c_cal_groot_l10_500:eval:0:8,0,10,1.027973,1.025093,1.169766,1.192164,2.724838,2.722069,0.034716
groot_l10_500,code,r6c_cal_groot_l10_500:eval:0:8,0,11,0.882529,0.879585,1.007416,1.008783,2.655369,2.652401,0.034688
groot_l10_500,code,r6c_cal_groot_l10_500:eval:0:8,0,13,0.841271,0.838053,0.967896,0.969518,2.652728,2.650095,0.028862
groot_l10_500,code,r6c_cal_groot_l10_500:eval:0:8,0,15,0.91543,0.912532,1.08725,1.088415,2.883663,2.880838,0.048343
groot_l10_500,code,r6c_cal_groot_l10_500:eval:0:8,0,17,1.200595,1.196574,1.350385,1.354163,3.393279,3.390073,0.036949
groot_l10_500,code,r6c_cal_groot_l10_500:eval:0:8,0,19,0.904538,0.901389,1.047344,1.04789,2.777282,2.774015,0.038968
groot_l10_500,code,r6c_cal_groot_l10_500:eval:0:8,0,21,0.950717,0.947623,1.082444,1.083309,2.753271,2.750215,0.033102
groot_l10_500,code,r6c_cal_groot_l10_500:eval:0:8,0,23,0.79134,0.788293,0.966087,0.967193,2.667433,2.664507,0.048652
groot_l10_500,code,r6c_cal_groot_l10_500:eval:0:8,0,25,1.178163,1.174919,1.317535,1.318891,3.159573,3.156701,0.034989
groot_l10_500,code,r6c_cal_groot_l10_500:eval:0:8,0,27,0.925974,0.923069,1.078572,1.080448,2.759131,2.756502,0.049806
groot_l10_500,code,r6c_cal_groot_l10_500:eval:0:8,0,29,0.915419,0.912143,1.046586,1.047735,2.739653,2.736818,0.032231
groot_l10_500,code,r6c_cal_groot_l10_500:eval:0:8,0,31,1.179232,1.175711,1.427138,1.420192,3.749086,3.735779,0.048469
groot_l10_500,code,r6c_cal_groot_l10_500:eval:0:8,0,33,0.892838,0.889889,1.04024,1.041845,2.777411,2.774431,0.047525
groot_l10_500,code,r6c_cal_groot_l10_500:eval:0:8,0,35,0.966896,0.964183,1.109262,1.110477,3.068753,3.065689,0.036559
groot_l10_500,code,r6c_cal_groot_l10_500:eval:0:8,0,37,1.014268,1.011195,1.194251,1.195609,2.900853,2.897793,0.033923
groot_l10_500,code,r6c_cal_groot_l10_500:eval:0:8,0,39,1.114486,1.111211,1.254066,1.255803,3.12281,3.119814,0.034896
groot_l10_500,code,r6c_cal_groot_l10_500:eval:0:8,0,41,0.84338,0.840398,0.991566,0.992731,2.847101,2.843953,0.034771
groot_l10_500,code,r6c_cal_groot_l10_500:eval:0:8,0,43,1.051781,1.048446,1.25241,1.253732,3.230656,3.227256,0.035199
groot_l10_500,code,r6c_cal_groot_l10_500:eval:0:8,0,45,1.142438,1.138745,1.308406,1.311222,3.454103,3.450773,0.041368
groot_l10_500,code,r6c_cal_groot_l10_500:eval:0:8,0,47,0.947399,0.944406,1.094492,1.096012,2.82519,2.821998,0.043501
groot_l10_500,code,r6c_cal_groot_l10_500:eval:0:8,0,49,1.140024,1.136957,1.275685,1.276655,3.1862,3.183066,0.035498
groot_l10_500,code,r6c_cal_groot_l10_500:eval:0:8,0,51,0.960861,0.957716,1.110135,1.112601,3.113024,3.11001,0.045224
groot_l10_500,code,r6c_cal_groot_l10_500:eval:0:8,0,53,0.870945,0.867837,1.010104,1.011959,2.965509,2.962599,0.035074
groot_l10_500,code,r6c_cal_groot_l10_500:eval:0:8,0,55,0.856861,0.853872,0.996061,1.000986,2.770152,2.767377,0.034935
groot_l10_500,code,r6c_cal_groot_l10_500:eval:0:8,0,57,1.202685,1.199076,1.356824,1.357275,2.989026,2.985399,0.035361
groot_l10_500,code,r6c_cal_groot_l10_500:eval:0:8,0,59,1.025805,1.022373,1.199237,1.200836,3.386505,3.382906,0.062289
groot_l10_500,code,r6c_cal_groot_l10_500:eval:0:8,0,61,1.077261,1.074272,1.249141,1.250078,3.147853,3.144398,0.034927
groot_l10_500,code,r6c_cal_groot_l10_500:eval:0:8,0,63,0.949943,0.947089,1.086232,1.087992,2.801373,2.798365,0.035616
groot_l10_500,code,r6c_cal_groot_l10_500:eval:0:8,0,65,1.060867,1.058016,1.246205,1.246607,2.963325,2.960543,0.036361
groot_l10_500,code,r6c_cal_groot_l10_500:eval:0:8,0,67,1.14999,1.146694,1.286238,1.287736,3.390685,3.387593,0.037093
groot_l10_500,code,r6c_cal_groot_l10_500:eval:0:8,0,69,0.892931,0.890034,1.105127,1.134277,3.121894,3.118805,0.039024
groot_l10_500,code,r6c_cal_groot_l10_500:eval:0:8,0,71,1.252686,1.249161,1.409695,1.410134,3.433951,3.43023,0.033583
groot_l10_500,code,r6c_cal_groot_l10_500:eval:0:8,0,73,0.992954,0.98992,1.159854,1.161321,3.141514,3.138075,0.047437
groot_l10_500,code,r6c_cal_groot_l10_500:eval:0:8,0,75,0.934267,0.931251,1.065681,1.067364,2.984237,2.981364,0.03255
groot_l10_500,code,r6c_cal_groot_l10_500:eval:0:8,0,77,0.928649,0.914508,1.07899,1.081014,3.100218,3.0972,0.037478
groot_l10_500,code,r6c_cal_groot_l10_500:eval:0:8,0,79,0.926666,0.923283,1.077359,1.082394,2.871683,2.868455,0.031431
groot_l10_500,code,r6c_cal_groot_l10_500:eval:0:8,0,81,0.943848,0.94089,1.127182,1.12824,3.057173,3.053966,0.035666
groot_l10_500,code,r6c_cal_groot_l10_500:eval:0:8,0,83,0.930137,0.926923,1.108611,1.121022,2.805203,2.795353,0.033389
groot_l10_500,code,r6c_cal_groot_l10_500:eval:0:8,0,85,1.157879,1.154392,1.359497,1.361527,3.371866,3.368208,0.037341
groot_l10_500,code,r6c_cal_groot_l10_500:eval:0:8,0,87,0.944315,0.941369,1.113142,1.115551,3.015297,3.011906,0.059695
groot_l10_500,code,r6c_cal_groot_l10_500:eval:0:8,0,89,1.028592,1.025564,1.16517,1.166716,3.074748,3.072103,0.034801
groot_l10_500,code,r6c_cal_groot_l10_500:eval:0:8,0,90,1.048043,1.044926,1.183592,1.185075,2.904621,2.901791,0.031122
groot_l10_500,code,r6c_cal_groot_l10_500:eval:0:8,0,92,0.98892,0.985328,1.16957,1.15815,3.100758,3.084511,0.055805
groot_l10_500,code,r6c_cal_groot_l10_500:eval:0:8,0,94,0.93734,0.934113,1.093156,1.094338,2.947479,2.944316,0.035259
groot_l10_500,code,r6c_cal_groot_l10_500:eval:0:8,0,96,0.992736,0.989602,1.141459,1.143114,3.176821,3.173579,0.034266
groot_l10_500,code,r6c_cal_groot_l10_500:eval:0:8,0,98,1.171409,1.167934,1.353381,1.356812,3.393084,3.389699,0.0524
groot_l10_500,code,r6c_cal_groot_l10_500:eval:0:8,0,100,1.061376,1.058522,1.197126,1.198656,2.889732,2.886849,0.035904
groot_l10_500,code,r6c_cal_groot_l10_500:eval:0:8,0,102,1.004341,1.001089,1.164203,1.164629,3.060396,3.056849,0.035921
groot_l10_500,code,r6c_cal_groot_l10_500:eval:1:8,1,0,0.050561,0.036046,0.16648,0.167637,1.892626,1.889608,0.035771
groot_l10_500,code,r6c_cal_groot_l10_500:eval:1:8,1,2,0.052546,0.050326,0.233062,0.222436,2.051911,2.04874,0.065175
groot_l10_500,code,r6c_cal_groot_l10_500:eval:1:8,1,4,4.14263,4.139587,4.293465,4.294801,5.940398,5.937241,0.045357
groot_l10_500,code,r6c_cal_groot_l10_500:eval:1:8,1,6,1.147521,1.143528,1.331338,1.346561,3.428977,3.425455,0.036658
groot_l10_500,code,r6c_cal_groot_l10_500:eval:1:8,1,8,0.917803,0.914806,1.071629,1.097257,3.055401,3.051984,0.044313
groot_l10_500,code,r6c_cal_groot_l10_500:eval:1:8,1,10,0.979107,0.975898,1.164395,1.152174,2.89758,2.894318,0.057151
groot_l10_500,code,r6c_cal_groot_l10_500:eval:1:8,1,12,0.99051,0.987423,1.129274,1.13136,3.081007,3.078204,0.035012
groot_l10_500,code,r6c_cal_groot_l10_500:eval:1:8,1,14,1.076232,1.067689,1.215382,1.217034,2.980656,2.977564,0.034704
groot_l10_500,code,r6c_cal_groot_l10_500:eval:1:8,1,16,0.895439,0.892285,1.048571,1.04971,2.685998,2.683031,0.049837
groot_l10_500,code,r6c_cal_groot_l10_500:eval:1:8,1,18,0.989306,0.986532,1.174157,1.175016,2.834675,2.831369,0.075328
groot_l10_500,code,r6c_cal_groot_l10_500:eval:1:8,1,20,1.183421,1.179992,1.34641,1.347033,3.022186,3.017714,0.035976
groot_l10_500,code,r6c_cal_groot_l10_500:eval:1:8,1,22,0.898992,0.896145,1.054931,1.058745,2.889355,2.886217,0.051864
groot_l10_500,code,r6c_cal_groot_l10_500:eval:1:8,1,24,0.926961,0.923861,1.068172,1.082817,2.840155,2.83737,0.036512
groot_l10_500,code,r6c_cal_groot_l10_500:eval:1:8,1,26,0.814296,0.811264,0.948922,0.951185,2.395321,2.392616,0.035397
groot_l10_500,code,r6c_cal_groot_l10_500:eval:1:8,1,28,0.859827,0.856683,0.994944,0.996328,2.462327,2.45963,0.035033
groot_l10_500,code,r6c_cal_groot_l10_500:eval:1:8,1,30,0.953506,0.950231,1.131378,1.1329,2.812693,2.809684,0.035181
groot_l10_500,code,r6c_cal_groot_l10_500:eval:1:8,1,32,0.893391,0.890537,1.041452,1.042612,2.631182,2.627893,0.041621
groot_l10_500,code,r6c_cal_groot_l10_500:eval:1:8,1,34,1.095435,1.092336,1.261985,1.263564,2.961581,2.958595,0.028871
groot_l10_500,code,r6c_cal_groot_l10_500:eval:1:8,1,36,0.915327,0.911871,1.056964,1.058519,2.771566,2.768603,0.036083
groot_l10_500,code,r6c_cal_groot_l10_500:eval:1:8,1,38,0.881167,0.878303,1.020277,1.021458,2.619353,2.616276,0.035009
groot_l10_500,code,r6c_cal_groot_l10_500:eval:1:8,1,40,0.814655,0.811815,0.971989,0.972662,2.663959,2.660872,0.034659
groot_l10_500,code,r6c_cal_groot_l10_500:eval:1:8,1,42,0.87535,0.872136,1.01905,1.020445,2.724432,2.721405,0.039323
groot_l10_500,code,r6c_cal_groot_l10_500:eval:1:8,1,44,1.030977,1.018964,1.211475,1.213381,2.738694,2.73587,0.054243
groot_l10_500,code,r6c_cal_groot_l10_500:eval:1:8,1,46,0.916779,0.913684,1.050688,1.052444,2.651983,2.649297,0.032978
groot_l10_500,code,r6c_cal_groot_l10_500:eval:2:4,2,0,0.03684,0.035053,0.158002,0.158738,1.648591,1.64573,0.035885
groot_l10_500,code,r6c_cal_groot_l10_500:eval:2:4,2,2,0.049075,0.047507,0.244455,0.245726,1.785308,1.782548,0.034272
groot_l10_500,code,r6c_cal_groot_l10_500:eval:2:4,2,4,4.154944,4.151629,4.293563,4.29562,6.129305,6.126397,0.034349
groot_l10_500,code,r6c_cal_groot_l10_500:eval:2:4,2,6,0.853886,0.85077,1.027153,1.028705,2.74626,2.743232,0.043153
groot_l10_500,code,r6c_cal_groot_l10_500:eval:2:4,2,8,0.820682,0.817918,0.938225,0.951388,2.687752,2.685268,0.03491
groot_l10_500,code,r6c_cal_groot_l10_500:eval:2:4,2,10,0.918772,0.915759,1.059674,1.062053,2.718195,2.715625,0.036077
groot_l10_500,code,r6c_cal_groot_l10_500:eval:2:4,2,12,0.928993,0.925715,1.098072,1.100989,2.853903,2.85125,0.066651
groot_l10_500,code,r6c_cal_groot_l10_500:eval:2:4,2,14,0.917005,0.913852,1.05418,1.055684,2.739224,2.736314,0.034748
groot_l10_500,code,r6c_cal_groot_l10_500:eval:2:4,2,16,1.018949,1.015678,1.187145,1.18778,2.854387,2.850665,0.035653
groot_l10_500,code,r6c_cal_groot_l10_500:eval:2:4,2,18,0.940605,0.93703,1.095357,1.098148,3.096795,3.093079,0.042224
groot_l10_500,code,r6c_cal_groot_l10_500:eval:2:4,2,20,0.849042,0.845839,1.008846,1.009788,2.572101,2.568935,0.03539
groot_l10_500,code,r6c_cal_groot_l10_500:eval:2:4,2,22,0.890941,0.887618,1.040001,1.041471,2.652419,2.649424,0.035595
groot_l10_500,code,r6c_cal_groot_l10_500:eval:2:4,2,24,0.892273,0.889186,1.028042,1.029095,2.653219,2.650372,0.030168
groot_l10_500,code,r6c_cal_groot_l10_500:eval:2:4,2,26,0.922243,0.905713,1.061061,1.074393,2.861938,2.85898,0.034942
groot_l10_500,code,r6c_cal_groot_l10_500:eval:2:4,2,28,0.812273,0.809489,0.963932,0.964918,2.519291,2.515835,0.034364
groot_l10_500,code,r6c_cal_groot_l10_500:eval:2:4,2,30,0.941971,0.938657,1.087807,1.089144,2.598227,2.595207,0.034782
groot_l10_500,code,r6c_cal_groot_l10_500:eval:2:4,2,32,1.119197,1.115863,1.297809,1.298979,3.26693,3.262679,0.03867
groot_l10_500,code,r6c_cal_groot_l10_500:eval:2:4,2,34,0.843944,0.840753,0.999137,0.99969,2.742715,2.739019,0.050956
groot_l10_500,code,r6c_cal_groot_l10_500:eval:2:4,2,36,0.879396,0.876193,1.079226,1.08031,2.596052,2.592682,0.034656
groot_l10_500,code,r6c_cal_groot_l10_500:eval:2:4,2,38,0.854614,0.851306,0.986936,0.988707,2.620159,2.61714,0.034395
groot_l10_500,code,r6c_cal_groot_l10_500:eval:2:4,2,40,0.845827,0.842917,0.981361,0.982548,2.452676,2.449916,0.034106
groot_l10_500,code,r6c_cal_groot_l10_500:eval:2:4,2,42,0.89722,0.89397,1.024127,1.026332,2.790221,2.787634,0.030089
groot_l10_500,code,r6c_cal_groot_l10_500:eval:2:4,2,44,0.854981,0.851953,0.99106,0.992654,2.541098,2.538286,0.033939
groot_l10_500,code,r6c_cal_groot_l10_500:eval:2:4,2,46,1.013182,1.010151,1.146992,1.148665,2.798339,2.795402,0.034508
groot_l10_500,code,r6c_cal_groot_l10_500:eval:3:2,3,0,0.049653,0.047199,0.219046,0.220513,2.000785,1.996814,0.053587
groot_l10_500,code,r6c_cal_groot_l10_500:eval:3:2,3,2,0.038301,0.036456,0.175453,0.176954,1.903418,1.900125,0.047061
groot_l10_500,code,r6c_cal_groot_l10_500:eval:3:2,3,4,3.421346,3.418356,3.564346,3.565355,5.037865,5.034855,0.033674
groot_l10_500,code,r6c_cal_groot_l10_500:eval:3:2,3,6,0.793831,0.790723,0.930298,0.931773,2.480042,2.477224,0.035722
groot_l10_500,code,r6c_cal_groot_l10_500:eval:3:2,3,8,0.884974,0.881573,1.029514,1.030832,2.576058,2.572888,0.035148
groot_l10_500,code,r6c_cal_groot_l10_500:eval:3:2,3,10,0.803018,0.800157,0.950604,0.951525,2.593426,2.589708,0.03948
groot_l10_500,code,r6c_cal_groot_l10_500:eval:3:2,3,12,0.852742,0.849615,1.017764,1.018133,2.489274,2.485952,0.035011
groot_l10_500,code,r6c_cal_groot_l10_500:eval:3:2,3,14,1.047491,1.044028,1.277694,1.278613,2.931302,2.927596,0.037614
groot_l10_500,code,r6c_cal_groot_l10_500:eval:3:2,3,16,0.818947,0.815427,0.965154,0.967238,2.862317,2.858832,0.038113
groot_l10_500,code,r6c_cal_groot_l10_500:eval:3:2,3,18,0.810702,0.807566,0.965504,0.9673,2.498909,2.496107,0.051099
groot_l10_500,code,r6c_cal_groot_l10_500:eval:3:2,3,20,0.784214,0.781138,0.905235,0.906613,2.424819,2.422138,0.034494
groot_l10_500,code,r6c_cal_groot_l10_500:eval:3:2,3,22,0.834861,0.831793,0.971766,0.973064,2.472712,2.469632,0.033748
groot_l10_500,code,r6c_cal_groot_l10_500:eval:3:2,3,24,0.887036,0.883676,1.03225,1.033769,2.697362,2.694397,0.034566
groot_l10_500,code,r6c_cal_groot_l10_500:eval:3:2,3,26,0.804907,0.801918,0.942505,0.943428,2.424795,2.421941,0.034854
groot_l10_500,code,r6c_cal_groot_l10_500:eval:3:2,3,28,0.898352,0.895303,1.032076,1.033879,2.527772,2.525009,0.033424
groot_l10_500,code,r6c_cal_groot_l10_500:eval:3:2,3,30,1.123546,1.120078,1.310867,1.312226,3.056859,3.053411,0.035286
groot_l10_500,code,r6c_cal_groot_l10_500:eval:3:2,3,32,0.820827,0.817568,0.97992,0.981156,2.827324,2.823495,0.049305
groot_l10_500,code,r6c_cal_groot_l10_500:eval:3:2,3,34,0.823486,0.820533,0.965221,0.966321,2.366064,2.363133,0.035019
groot_l10_500,code,r6c_cal_groot_l10_500:eval:3:2,3,36,0.808708,0.805778,0.939658,0.941022,2.382442,2.379738,0.029299
groot_l10_500,code,r6c_cal_groot_l10_500:eval:3:2,3,38,0.749597,0.746681,0.869068,0.870268,2.362093,2.359491,0.03426
groot_l10_500,code,r6c_cal_groot_l10_500:eval:3:2,3,40,0.940464,0.936844,1.121495,1.138835,2.719561,2.716662,0.028787
groot_l10_500,code,r6c_cal_groot_l10_500:eval:3:2,3,42,0.793453,0.790421,0.935922,0.936801,2.382516,2.379545,0.033456
groot_l10_500,code,r6c_cal_groot_l10_500:eval:4:9,4,0,0.036383,0.034527,0.156522,0.1572,1.587537,1.584293,0.035184
groot_l10_500,code,r6c_cal_groot_l10_500:eval:4:9,4,2,0.0365,0.034668,0.17178,0.186917,1.783779,1.781002,0.04
groot_l10_500,code,r6c_cal_groot_l10_500:eval:4:9,4,4,3.287993,3.284415,3.464651,3.449602,5.406468,5.385866,0.034661
groot_l10_500,code,r6c_cal_groot_l10_500:eval:4:9,4,6,0.80472,0.801432,0.942919,0.944262,2.576619,2.573691,0.036576
groot_l10_500,code,r6c_cal_groot_l10_500:eval:4:9,4,8,0.811115,0.808109,0.948613,0.950803,2.491975,2.488882,0.03405
groot_l10_500,code,r6c_cal_groot_l10_500:eval:4:9,4,10,0.824687,0.821605,0.989469,0.980236,2.4368,2.423483,0.050258
groot_l10_500,code,r6c_cal_groot_l10_500:eval:4:9,4,12,0.790373,0.787332,0.933252,0.934361,2.713766,2.710653,0.036353
groot_l10_500,code,r6c_cal_groot_l10_500:eval:4:9,4,14,0.798813,0.795813,0.945801,0.94673,2.469564,2.466377,0.034745
groot_l10_500,code,r6c_cal_groot_l10_500:eval:4:9,4,16,0.811588,0.808568,0.951743,0.953673,2.547911,2.544984,0.037059
groot_l10_500,code,r6c_cal_groot_l10_500:eval:4:9,4,18,1.159922,1.156355,1.338258,1.339901,3.298885,3.295447,0.034722
groot_l10_500,code,r6c_cal_groot_l10_500:eval:4:9,4,20,0.808254,0.805325,0.953162,0.95516,2.632236,2.62934,0.048389
groot_l10_500,code,r6c_cal_groot_l10_500:eval:4:9,4,22,0.821223,0.81825,0.955755,0.95663,2.498452,2.495547,0.031572
groot_l10_500,code,r6c_cal_groot_l10_500:eval:4:9,4,24,0.794063,0.791107,0.929002,0.930157,2.325788,2.322937,0.032851
groot_l10_500,code,r6c_cal_groot_l10_500:eval:4:9,4,26,0.669798,0.666922,0.804458,0.805018,2.356633,2.353641,0.034722
groot_l10_500,code,r6c_cal_groot_l10_500:eval:4:9,4,27,0.801764,0.798786,0.951252,0.952146,2.820802,2.817745,0.035524
groot_l10_500,code,r6c_cal_groot_l10_500:eval:4:9,4,29,0.773564,0.770742,0.894612,0.895987,2.518409,2.51565,0.034503
groot_l10_500,code,r6c_cal_groot_l10_500:eval:4:9,4,31,0.821418,0.818472,0.978267,0.979467,2.68888,2.685826,0.029293
groot_l10_500,code,r6c_cal_groot_l10_500:eval:4:9,4,33,1.175645,1.172034,1.348243,1.350547,3.510561,3.507097,0.037826
groot_l10_500,code,r6c_cal_groot_l10_500:eval:4:9,4,35,0.813195,0.810285,0.953619,0.955302,2.620534,2.617693,0.048454
groot_l10_500,code,r6c_cal_groot_l10_500:eval:4:9,4,37,0.820064,0.817091,0.966904,0.968013,2.634844,2.631778,0.031801
groot_l10_500,code,r6c_cal_groot_l10_500:eval:4:9,4,39,0.83761,0.834559,0.975117,0.976365,2.63344,2.630602,0.034681
groot_l10_500,code,r6c_cal_groot_l10_500:eval:4:9,4,41,1.010251,1.006388,1.17185,1.172752,2.795804,2.792334,0.045018
groot_l10_500,code,r6c_cal_groot_l10_500:eval:4:9,4,43,0.834866,0.83174,0.970636,0.972369,2.645964,2.642746,0.035337
groot_l10_500,code,r6c_cal_groot_l10_500:eval:4:9,4,45,0.963217,0.959911,1.101244,1.102194,2.6315,2.628487,0.033496
groot_l10_500,code,r6c_cal_groot_l10_500:eval:4:9,4,47,1.085618,1.081315,1.258288,1.259345,3.017432,3.014167,0.034328
groot_l10_500,code,r6c_cal_groot_l10_500:eval:4:9,4,49,0.849709,0.846392,1.013031,1.015695,3.132978,3.129533,0.052004
groot_l10_500,code,r6c_cal_groot_l10_500:eval:4:9,4,51,0.852368,0.849219,0.987601,0.988646,2.63201,2.629196,0.034159
groot_l10_500,code,r6c_cal_groot_l10_500:eval:4:9,4,52,0.803646,0.800608,0.9529,0.953544,2.49545,2.49234,0.035236
groot_l10_500,code,r6c_cal_groot_l10_500:eval:4:9,4,54,0.725077,0.722047,0.858776,0.859971,2.353676,2.350673,0.034701
groot_l10_500,code,r6c_cal_groot_l10_500:eval:4:9,4,56,0.828053,0.825219,0.964508,0.97736,2.678056,2.675285,0.036038
groot_l10_500,code,r6c_cal_groot_l10_500:eval:4:9,4,58,0.820598,0.817561,0.954952,0.956364,2.471258,2.468292,0.034614
groot_l10_500,code,r6c_cal_groot_l10_500:eval:4:9,4,60,0.806614,0.803522,0.945979,0.951917,2.668707,2.665798,0.034956
groot_l10_500,code,r6c_cal_groot_l10_500:eval:4:9,4,62,1.070599,1.066695,1.25675,1.257145,3.087237,3.082934,0.045604
groot_l10_500,code,r6c_cal_groot_l10_500:eval:4:9,4,64,0.836322,0.833184,0.994175,0.995496,2.872029,2.868429,0.051315
groot_l10_500,code,r6c_cal_groot_l10_500:eval:4:9,4,66,0.682145,0.679206,0.832512,0.833616,2.393544,2.390282,0.03569
groot_l10_500,code,r6c_cal_groot_l10_500:eval:5:9,5,0,0.037776,0.035951,0.156488,0.15793,1.561724,1.558915,0.034396
groot_l10_500,code,r6c_cal_groot_l10_500:eval:5:9,5,2,0.038438,0.036586,0.151792,0.152777,1.569375,1.56642,0.032296
groot_l10_500,code,r6c_cal_groot_l10_500:eval:5:9,5,4,2.949653,2.947002,3.074807,3.075988,4.506774,4.50401,0.034327
groot_l10_500,code,r6c_cal_groot_l10_500:eval:5:9,5,6,0.784135,0.781247,0.934424,0.936006,2.389771,2.38722,0.035077
groot_l10_500,code,r6c_cal_groot_l10_500:eval:5:9,5,8,0.697353,0.69452,0.806681,0.808326,2.43146,2.429086,0.029009
groot_l10_500,code,r6c_cal_groot_l10_500:eval:5:9,5,10,1.042927,1.039479,1.208705,1.23828,2.889492,2.886299,0.029284
groot_l10_500,code,r6c_cal_groot_l10_500:eval:5:9,5,12,0.830112,0.827032,0.980771,0.982666,2.846559,2.843301,0.054613
groot_l10_500,code,r6c_cal_groot_l10_500:eval:5:9,5,14,0.648787,0.646493,0.800181,0.801441,2.326462,2.323646,0.032848
groot_l10_500,code,r6c_cal_groot_l10_500:eval:5:9,5,16,0.795427,0.792336,0.934962,0.936567,2.397493,2.394647,0.033624
groot_l10_500,code,r6c_cal_groot_l10_500:eval:5:9,5,18,0.721103,0.718324,0.841824,0.843337,2.240296,2.237624,0.034533
groot_l10_500,code,r6c_cal_groot_l10_500:eval:5:9,5,20,0.858964,0.856014,0.975793,0.97728,2.631851,2.629388,0.028924
groot_l10_500,code,r6c_cal_groot_l10_500:eval:5:9,5,22,0.771408,0.768539,0.901664,0.902872,2.291332,2.288631,0.029236
groot_l10_500,code,r6c_cal_groot_l10_500:eval:5:9,5,24,0.834353,0.831604,0.97237,0.991376,2.436572,2.433724,0.033978
groot_l10_500,code,r6c_cal_groot_l10_500:eval:5:9,5,26,1.034695,1.031505,1.201514,1.202242,2.750041,2.746833,0.028739
groot_l10_500,code,r6c_cal_groot_l10_500:eval:5:9,5,28,0.810851,0.808038,0.972033,0.973506,2.825436,2.82129,0.053221
groot_l10_500,code,r6c_cal_groot_l10_500:eval:5:9,5,29,0.790969,0.787936,0.913642,0.915153,2.401947,2.399169,0.034589
groot_l10_500,code,r6c_cal_groot_l10_500:eval:5:9,5,31,0.763325,0.760389,0.890841,0.891918,2.422317,2.419721,0.029992
groot_l10_500,code,r6c_cal_groot_l10_500:eval:6:11,6,0,0.037455,0.035574,0.1577,0.158469,1.618857,1.615955,0.035844
groot_l10_500,code,r6c_cal_groot_l10_500:eval:6:11,6,2,0.047067,0.04526,0.147011,0.148584,1.604281,1.601888,0.032161
groot_l10_500,code,r6c_cal_groot_l10_500:eval:6:11,6,4,2.984485,2.98119,3.113386,3.116288,4.664869,4.662288,0.029414
groot_l10_500,code,r6c_cal_groot_l10_500:eval:6:11,6,6,0.785498,0.7824,0.90197,0.903247,2.404525,2.401863,0.035337
groot_l10_500,code,r6c_cal_groot_l10_500:eval:6:11,6,8,0.880413,0.877242,1.004315,1.00542,2.465148,2.462345,0.02767
groot_l10_500,code,r6c_cal_groot_l10_500:eval:6:11,6,10,0.776799,0.773811,0.916474,0.917742,2.570118,2.567348,0.035303
groot_l10_500,code,r6c_cal_groot_l10_500:eval:6:11,6,12,0.762376,0.759317,0.911548,0.913146,2.485099,2.482304,0.050408
groot_l10_500,code,r6c_cal_groot_l10_500:eval:6:11,6,14,0.722463,0.719646,0.839372,0.840691,2.411859,2.409153,0.034744
groot_l10_500,code,r6c_cal_groot_l10_500:eval:6:11,6,16,0.666929,0.664015,0.83124,0.832795,2.359273,2.356719,0.036441
groot_l10_500,code,r6c_cal_groot_l10_500:eval:6:11,6,18,0.71499,0.712135,0.833427,0.834942,2.326114,2.323554,0.034438
groot_l10_500,code,r6c_cal_groot_l10_500:eval:6:11,6,20,0.774652,0.771829,0.902944,0.904266,2.539325,2.536724,0.028493
groot_l10_500,code,r6c_cal_groot_l10_500:eval:6:11,6,22,0.8037,0.795164,0.931902,0.932706,2.374694,2.37162,0.035399
groot_l10_500,code,r6c_cal_groot_l10_500:eval:6:11,6,24,0.62462,0.621736,0.753093,0.754166,2.318063,2.315383,0.032449
groot_l10_500,code,r6c_cal_groot_l10_500:eval:6:11,6,26,0.777309,0.774284,0.909861,0.911237,2.685334,2.682449,0.034982
groot_l10_500,code,r6c_cal_groot_l10_500:eval:6:11,6,28,0.766442,0.763477,0.898827,0.900252,2.498494,2.495808,0.035259
groot_l10_500,code,r6c_cal_groot_l10_500:eval:6:11,6,30,0.72588,0.722834,0.850539,0.85182,2.383424,2.380731,0.034027
groot_l10_500,code,r6c_cal_groot_l10_500:eval:6:11,6,32,0.728422,0.725079,0.860992,0.861945,2.329985,2.326764,0.033884
groot_l10_500,code,r6c_cal_groot_l10_500:eval:6:11,6,34,0.709952,0.70694,0.827719,0.829035,2.373826,2.371243,0.034931
groot_l10_500,code,r6c_cal_groot_l10_500:eval:6:11,6,36,0.807975,0.8049,0.932957,0.942966,2.465032,2.462582,0.027548
groot_l10_500,code,r6c_cal_groot_l10_500:eval:6:11,6,38,0.725379,0.722437,0.884777,0.886489,2.400677,2.398107,0.079827
groot_l10_500,code,r6c_cal_groot_l10_500:eval:6:11,6,40,0.652157,0.649117,0.834293,0.834915,2.394654,2.391955,0.083637
groot_l10_500,code,r6c_cal_groot_l10_500:eval:7:0,7,0,0.037667,0.035783,0.189148,0.189808,1.818609,1.815779,0.035396
groot_l10_500,code,r6c_cal_groot_l10_500:eval:7:0,7,2,0.038073,0.036176,0.157127,0.158509,2.007722,2.005092,0.034309
groot_l10_500,code,r6c_cal_groot_l10_500:eval:7:0,7,4,3.522417,3.519218,3.657689,3.658738,5.213441,5.210612,0.033899
groot_l10_500,code,r6c_cal_groot_l10_500:eval:7:0,7,6,0.839972,0.836913,0.992342,0.981297,2.528015,2.513442,0.042858
groot_l10_500,code,r6c_cal_groot_l10_500:eval:7:0,7,8,0.781901,0.7787,0.911817,0.913294,2.385551,2.382532,0.033518
groot_l10_500,code,r6c_cal_groot_l10_500:eval:7:0,7,10,0.942587,0.939463,1.077515,1.07926,2.696745,2.693954,0.032784
groot_l10_500,code,r6c_cal_groot_l10_500:eval:7:0,7,12,0.82963,0.826618,0.959362,0.960723,2.42747,2.424866,0.034444
groot_l10_500,code,r6c_cal_groot_l10_500:eval:7:0,7,14,0.81232,0.809097,0.958855,0.960208,2.491131,2.48845,0.029794
groot_l10_500,code,r6c_cal_groot_l10_500:eval:7:0,7,16,0.939049,0.936053,1.069887,1.071241,2.614138,2.611535,0.031887
groot_l10_500,code,r6c_cal_groot_l10_500:eval:7:0,7,18,0.871308,0.868434,1.009858,1.010865,2.609715,2.606999,0.03491
groot_l10_500,code,r6c_cal_groot_l10_500:eval:7:0,7,20,0.744693,0.741719,0.880208,0.881514,2.47218,2.469255,0.033772
groot_l10_500,code,r6c_cal_groot_l10_500:eval:7:0,7,22,0.808912,0.806091,0.925005,0.925889,2.420023,2.417329,0.034746
groot_l10_500,code,r6c_cal_groot_l10_500:eval:7:0,7,23,0.810648,0.807528,0.939473,0.940888,2.435124,2.432499,0.027261
groot_l10_500,code,r6c_cal_groot_l10_500:eval:7:0,7,25,0.857109,0.854211,0.997197,0.998662,2.7123,2.709361,0.034155
groot_l10_500,code,r6c_cal_groot_l10_500:eval:7:0,7,27,0.791952,0.788968,0.936729,0.937962,2.503159,2.50018,0.034261
groot_l10_500,code,r6c_cal_groot_l10_500:eval:7:0,7,29,0.841559,0.838421,0.972301,0.973823,2.688315,2.685605,0.02916
groot_l10_500,code,r6c_cal_groot_l10_500:eval:7:0,7,31,0.954974,0.95182,1.093922,1.094778,2.86351,2.860467,0.035127
groot_l10_500,code,r6c_cal_groot_l10_500:eval:7:0,7,33,0.868254,0.865476,1.012489,1.014098,2.705855,2.703124,0.035162
groot_l10_500,code,r6c_cal_groot_l10_500:eval:7:0,7,35,0.826658,0.823608,0.953225,0.954572,2.646113,2.643579,0.034737
groot_l10_500,code,r6c_cal_groot_l10_500:eval:7:0,7,37,0.852102,0.842753,0.967063,0.96868,2.621263,2.618892,0.02998
groot_l10_500,code,r6c_cal_groot_l10_500:eval:7:0,7,39,0.806361,0.803566,0.958278,0.95885,2.513657,2.510729,0.029055
groot_l10_500,code,r6c_cal_groot_l10_500:eval:7:0,7,41,0.919819,0.916768,1.061122,1.062648,2.683129,2.680278,0.034837
groot_l10_500,code,r6c_cal_groot_l10_500:eval:7:0,7,43,0.798535,0.788876,0.926485,0.927832,2.544978,2.542459,0.028063
groot_l10_500,code,r6c_cal_groot_l10_500:eval:7:0,7,45,0.697189,0.694267,0.864794,0.865636,2.550091,2.546973,0.046552
groot_l10_500,code,r6c_cal_groot_l10_500:eval:8:9,8,0,0.030389,0.028926,0.156253,0.234726,1.860325,1.934882,0.035666
groot_l10_500,code,r6c_cal_groot_l10_500:eval:8:9,8,2,0.039834,0.037791,0.176688,0.178193,1.933388,1.930637,0.034681
groot_l10_500,code,r6c_cal_groot_l10_500:eval:8:9,8,4,0.03808,0.036201,0.194217,0.195182,1.845572,1.842558,0.034297
groot_l10_500,code,r6c_cal_groot_l10_500:eval:8:9,8,6,3.687482,3.684303,3.82276,3.823962,5.392043,5.389048,0.032956
groot_l10_500,code,r6c_cal_groot_l10_500:eval:8:9,8,8,0.856027,0.85301,0.988915,0.990133,2.584391,2.581322,0.034235
groot_l10_500,code,r6c_cal_groot_l10_500:eval:8:9,8,10,0.825682,0.822665,0.963579,0.964657,2.747885,2.745119,0.03581
groot_l10_500,code,r6c_cal_groot_l10_500:eval:8:9,8,12,0.944519,0.941218,1.078075,1.079842,2.622903,2.619867,0.035099
groot_l10_500,code,r6c_cal_groot_l10_500:eval:8:9,8,14,0.841475,0.838397,0.971976,0.973236,2.552283,2.549369,0.033952
groot_l10_500,code,r6c_cal_groot_l10_500:eval:8:9,8,16,0.851709,0.848714,1.002574,1.003715,2.750671,2.747588,0.035482
groot_l10_500,code,r6c_cal_groot_l10_500:eval:8:9,8,17,0.851701,0.848774,0.989148,0.990481,2.669838,2.667165,0.035428
groot_l10_500,code,r6c_cal_groot_l10_500:eval:8:9,8,19,0.837063,0.833823,0.980009,0.981669,2.733574,2.73079,0.046645
groot_l10_500,code,r6c_cal_groot_l10_500:eval:8:9,8,21,0.817128,0.813851,0.948001,0.949168,2.639473,2.636458,0.033287
groot_l10_500,code,r6c_cal_groot_l10_500:eval:8:9,8,23,0.791484,0.788614,0.923175,0.925143,2.561333,2.558646,0.034407
groot_l10_500,code,r6c_cal_groot_l10_500:eval:8:9,8,25,0.772009,0.769054,0.889592,0.890884,2.753894,2.751159,0.034
groot_l10_500,code,r6c_cal_groot_l10_500:eval:8:9,8,27,0.821326,0.818202,0.950746,0.952733,2.712325,2.709549,0.028852
groot_l10_500,code,r6c_cal_groot_l10_500:eval:8:9,8,29,0.80113,0.797917,0.93821,0.939438,2.746151,2.742975,0.033391
groot_l10_500,code,r6c_cal_groot_l10_500:eval:8:9,8,30,0.876279,0.873019,1.016253,1.017752,2.793111,2.790168,0.035405
groot_l10_500,code,r6c_cal_groot_l10_500:eval:8:9,8,32,0.829505,0.826473,0.997752,0.998418,2.723054,2.71945,0.035656
groot_l10_500,code,r6c_cal_groot_l10_500:eval:8:9,8,34,0.845607,0.842946,0.963078,0.965109,2.543546,2.540968,0.034436
groot_l10_500,code,r6c_cal_groot_l10_500:eval:8:9,8,36,0.876536,0.873321,1.001792,1.003481,2.586984,2.584434,0.028589
groot_l10_500,code,r6c_cal_groot_l10_500:eval:8:9,8,37,0.869696,0.866655,1.046851,1.048017,2.644502,2.641252,0.035604
groot_l10_500,code,r6c_cal_groot_l10_500:eval:8:9,8,39,0.790096,0.787055,0.916478,0.917989,2.728784,2.726143,0.034555
groot_l10_500,code,r6c_cal_groot_l10_500:eval:8:9,8,41,0.85357,0.850678,0.965916,0.967764,2.759933,2.757576,0.02961
groot_l10_500,code,r6c_cal_groot_l10_500:eval:8:9,8,43,0.856857,0.853807,0.982208,0.983738,2.770434,2.767826,0.030022
groot_l10_500,code,r6c_cal_groot_l10_500:eval:8:9,8,45,0.875792,0.872524,1.012843,1.014809,2.930406,2.927535,0.034557
groot_l10_500,code,r6c_cal_groot_l10_500:eval:8:9,8,47,0.861099,0.857998,0.999166,1.000247,2.814168,2.811353,0.035828
groot_l10_500,code,r6c_cal_groot_l10_500:eval:8:9,8,49,0.873771,0.870914,1.010411,1.011745,2.726682,2.723751,0.035584
groot_l10_500,code,r6c_cal_groot_l10_500:eval:8:9,8,51,0.838715,0.835664,0.971615,0.972918,2.613895,2.61116,0.035406
groot_l10_500,code,r6c_cal_groot_l10_500:eval:8:9,8,52,0.850788,0.847519,1.022485,1.024553,2.720026,2.717129,0.035077
groot_l10_500,code,r6c_cal_groot_l10_500:eval:8:9,8,54,0.917266,0.914154,1.050142,1.050979,2.755954,2.752821,0.034705
groot_l10_500,code,r6c_cal_groot_l10_500:eval:8:9,8,56,0.946015,0.942755,1.077726,1.079097,2.748314,2.745468,0.03454
groot_l10_500,code,r6c_cal_groot_l10_500:eval:8:9,8,58,0.848194,0.845146,1.001251,1.00197,2.71758,2.714335,0.034457
groot_l10_500,code,r6c_cal_groot_l10_500:eval:8:9,8,60,0.850343,0.847478,0.984744,0.98625,2.68596,2.683267,0.035021
groot_l10_500,code,r6c_cal_groot_l10_500:eval:8:9,8,62,0.847432,0.844181,0.988989,0.9909,2.666956,2.664109,0.035721
groot_l10_500,code,r6c_cal_groot_l10_500:eval:8:9,8,64,0.868995,0.865761,1.000796,1.002551,2.602989,2.600171,0.033973
groot_l10_500,code,r6c_cal_groot_l10_500:eval:8:9,8,66,0.826001,0.823017,0.947331,0.948826,2.555248,2.552791,0.034927
groot_l10_500,code,r6c_cal_groot_l10_500:eval:8:9,8,68,0.858512,0.855532,0.986689,0.997949,2.792244,2.789536,0.028829
groot_l10_500,code,r6c_cal_groot_l10_500:eval:8:9,8,70,0.862218,0.859061,1.021814,1.023719,2.718715,2.715802,0.055145
groot_l10_500,code,r6c_cal_groot_l10_500:eval:8:9,8,71,0.89565,0.892495,1.033113,1.034524,2.721659,2.718612,0.035762
groot_l10_500,code,r6c_cal_groot_l10_500:eval:8:9,8,73,0.875482,0.872538,1.021183,1.022725,2.88678,2.883958,0.034828
groot_l10_500,code,r6c_cal_groot_l10_500:eval:8:9,8,75,0.839593,0.836724,0.974882,0.975714,2.782813,2.779769,0.035825
groot_l10_500,code,r6c_cal_groot_l10_500:eval:8:9,8,77,0.845285,0.842206,0.973834,0.974717,2.704952,2.702103,0.033913
groot_l10_500,code,r6c_cal_groot_l10_500:eval:8:9,8,79,0.846241,0.843323,0.981442,0.98241,2.737427,2.734439,0.034243
groot_l10_500,code,r6c_cal_groot_l10_500:eval:8:9,8,81,0.982113,0.978704,1.114325,1.115262,2.882547,2.87945,0.034874
groot_l10_500,code,r6c_cal_groot_l10_500:eval:8:9,8,83,0.869306,0.866118,1.012537,1.014159,2.892613,2.889771,0.03508
groot_l10_500,code,r6c_cal_groot_l10_500:eval:8:9,8,85,0.860035,0.857012,1.021158,1.022588,2.874657,2.87189,0.034221
groot_l10_500,code,r6c_cal_groot_l10_500:eval:8:9,8,87,0.865344,0.862367,1.011321,1.012205,2.888362,2.89635,0.047561
groot_l10_500,code,r6c_cal_groot_l10_500:eval:8:9,8,89,0.881041,0.877853,1.018673,1.019733,2.827735,2.824728,0.036794
groot_l10_500,code,r6c_cal_groot_l10_500:eval:9:2,9,0,0.03792,0.03604,0.158129,0.15847,1.684377,1.681186,0.035728
groot_l10_500,code,r6c_cal_groot_l10_500:eval:9:2,9,2,0.037698,0.035929,0.16521,0.156203,1.709464,1.696557,0.033131
groot_l10_500,code,r6c_cal_groot_l10_500:eval:9:2,9,4,3.953215,3.949999,4.109206,4.110227,5.62082,5.617795,0.033354
groot_l10_500,code,r6c_cal_groot_l10_500:eval:9:2,9,6,0.928196,0.925011,1.067377,1.068515,2.687627,2.684461,0.035926
groot_l10_500,code,r6c_cal_groot_l10_500:eval:9:2,9,8,0.926286,0.923303,1.06397,1.065162,2.674941,2.672055,0.03413
groot_l10_500,code,r6c_cal_groot_l10_500:eval:9:2,9,10,0.948621,0.945691,1.086274,1.087453,2.833368,2.830404,0.034838
groot_l10_500,code,r6c_cal_groot_l10_500:eval:9:2,9,12,0.966019,0.962981,1.100408,1.102197,2.653234,2.650427,0.035032
groot_l10_500,code,r6c_cal_groot_l10_500:eval:9:2,9,14,0.911766,0.908638,1.049382,1.050281,2.629793,2.626795,0.035727
groot_l10_500,code,r6c_cal_groot_l10_500:eval:9:2,9,16,0.917167,0.914197,1.050564,1.051782,2.608114,2.605308,0.03451
groot_l10_500,code,r6c_cal_groot_l10_500:eval:9:2,9,18,0.928224,0.92513,1.063718,1.064886,2.55152,2.548703,0.034949
groot_l10_500,code,r6c_cal_groot_l10_500:eval:9:2,9,20,0.92841,0.925381,1.078906,1.07949,2.673221,2.670356,0.034797
groot_l10_500,code,r6c_cal_groot_l10_500:eval:9:2,9,22,0.921424,0.918528,1.061953,1.063082,2.612044,2.609133,0.033615
groot_l10_500,code,r6c_cal_groot_l10_500:eval:9:2,9,24,0.910575,0.907587,1.075117,1.075304,2.666754,2.663445,0.033867
groot_l10_500,code,r6c_cal_groot_l10_500:eval:9:2,9,26,1.034708,1.031487,1.168256,1.169443,2.863804,2.860765,0.03479
groot_l10_500,code,r6c_cal_groot_l10_500:eval:9:2,9,28,0.956006,0.952717,1.091946,1.093242,2.670349,2.667116,0.035957
groot_l10_500,code,r6c_cal_groot_l10_500:eval:9:2,9,30,0.89802,0.894829,1.039478,1.040737,2.598558,2.595532,0.035572
groot_l10_500,code,r6c_cal_groot_l10_500:eval:9:2,9,32,0.918184,0.915208,1.086848,1.087281,2.634499,2.631163,0.034583
groot_l10_500,code,r6c_cal_groot_l10_500:eval:9:2,9,34,0.875416,0.872616,0.996116,0.997363,2.499596,2.496746,0.034846
groot_l10_500,code,r6c_cal_groot_l10_500:eval:9:2,9,36,0.978827,0.97575,1.117689,1.118879,2.758624,2.755782,0.042408
groot_l10_500,code,r6c_cal_groot_l10_500:eval:9:2,9,38,0.991762,0.988754,1.133819,1.135023,2.606541,2.603616,0.034633
groot_l10_500,code,r6c_cal_groot_l10_500:eval:9:2,9,40,1.082139,1.078846,1.287848,1.288936,2.824086,2.821078,0.034529
groot_l10_500,code,r6c_cal_groot_l10_500:eval:9:2,9,42,0.942351,0.93922,1.076588,1.077318,2.773339,2.770074,0.034482
groot_l10_500,code,r6c_cal_groot_l10_500:eval:9:2,9,44,0.927453,0.924301,1.089224,1.091402,2.70945,2.706433,0.058475
groot_l10_500,code,r6c_cal_groot_l10_500:eval:9:2,9,46,0.953423,0.95012,1.088152,1.089189,2.661528,2.658449,0.035021
groot_l10_500,code,r6c_cal_groot_l10_500:eval:9:2,9,48,0.810782,0.807772,0.944566,0.946209,2.480788,2.477865,0.034596
groot_l10_500,code,r6c_cal_groot_l10_500:eval:9:2,9,50,0.915832,0.912683,1.055601,1.057095,2.583957,2.580969,0.035143
groot_l10_500,code,r6c_cal_groot_l10_500:eval:9:2,9,52,1.012974,1.009878,1.151909,1.152832,2.772322,2.769211,0.041005
groot_sp_50,raw,r6c_cal_groot_spatial_50:eval:0:9,0,0,1.717549,1.714387,1.823862,1.822729,3.972962,3.968821,0.0
groot_sp_50,raw,r6c_cal_groot_spatial_50:eval:0:9,0,2,1.022423,1.019682,1.114397,1.114807,2.531213,2.528471,0.0
groot_sp_50,raw,r6c_cal_groot_spatial_50:eval:0:9,0,4,1.390297,1.387203,1.481851,1.482749,2.756333,2.753555,0.0
groot_sp_50,raw,r6c_cal_groot_spatial_50:eval:0:9,0,6,1.190395,1.187017,1.276255,1.276824,2.767012,2.764182,0.0
groot_sp_50,raw,r6c_cal_groot_spatial_50:eval:0:9,0,8,1.229077,1.225904,1.318463,1.318899,2.835301,2.832596,0.0
groot_sp_50,raw,r6c_cal_groot_spatial_50:eval:0:9,0,9,1.190476,1.187456,1.312957,1.300904,2.692973,2.677792,0.0
groot_sp_50,raw,r6c_cal_groot_spatial_50:eval:0:9,0,11,1.186604,1.183582,1.262687,1.263157,2.632087,2.629437,0.0
groot_sp_50,raw,r6c_cal_groot_spatial_50:eval:0:9,0,13,1.082385,1.079052,1.164162,1.164932,2.540709,2.538122,0.0
groot_sp_50,raw,r6c_cal_groot_spatial_50:eval:0:9,0,15,1.082216,1.079091,1.177973,1.178535,2.426368,2.423747,0.0
groot_sp_50,raw,r6c_cal_groot_spatial_50:eval:0:9,0,17,1.053478,1.050788,1.136097,1.136133,2.444962,2.442219,0.0
groot_sp_50,raw,r6c_cal_groot_spatial_50:eval:0:9,0,18,1.113301,1.110216,1.210297,1.227086,2.487498,2.484591,0.0
groot_sp_50,raw,r6c_cal_groot_spatial_50:eval:0:9,0,20,1.049195,1.046372,1.146906,1.147278,2.555372,2.552757,0.0
groot_sp_50,raw,r6c_cal_groot_spatial_50:eval:0:9,0,22,1.188335,1.185178,1.276724,1.276939,2.846072,2.843425,0.0
groot_sp_50,raw,r6c_cal_groot_spatial_50:eval:0:9,0,24,1.214967,1.211632,1.303284,1.303506,2.838235,2.835431,0.0
groot_sp_50,raw,r6c_cal_groot_spatial_50:eval:0:9,0,26,1.323097,1.320058,1.424179,1.42422,2.783787,2.780794,0.0
groot_sp_50,raw,r6c_cal_groot_spatial_50:eval:0:9,0,28,1.118025,1.11491,1.203971,1.204521,2.461498,2.458802,0.0
groot_sp_50,raw,r6c_cal_groot_spatial_50:eval:0:9,0,30,1.084159,1.081179,1.151289,1.152211,2.366235,2.363579,0.0
groot_sp_50,raw,r6c_cal_groot_spatial_50:eval:0:9,0,32,1.072947,1.070026,1.158255,1.15846,2.41081,2.407725,0.0
groot_sp_50,raw,r6c_cal_groot_spatial_50:eval:0:9,0,34,1.101,1.098089,1.222023,1.222007,2.51244,2.509515,0.0
groot_sp_50,raw,r6c_cal_groot_spatial_50:eval:0:9,0,36,1.070013,1.066828,1.164615,1.164861,2.536016,2.533027,0.0
groot_sp_50,raw,r6c_cal_groot_spatial_50:eval:0:9,0,38,1.177461,1.174286,1.270445,1.27083,2.789046,2.786223,0.0
groot_sp_50,raw,r6c_cal_groot_spatial_50:eval:0:9,0,40,1.260728,1.257637,1.353364,1.353657,2.865804,2.862891,0.0
groot_sp_50,raw,r6c_cal_groot_spatial_50:eval:0:9,0,42,1.433242,1.422362,1.518918,1.51943,3.006599,3.00372,0.0
groot_sp_50,raw,r6c_cal_groot_spatial_50:eval:1:6,1,0,0.778084,0.775322,0.849575,0.849517,1.968195,1.965242,0.0
groot_sp_50,raw,r6c_cal_groot_spatial_50:eval:1:6,1,2,0.721389,0.718662,0.803355,0.80349,2.056168,2.053429,0.0
groot_sp_50,raw,r6c_cal_groot_spatial_50:eval:1:6,1,4,1.361676,1.358699,1.446217,1.446612,2.761523,2.758722,0.0
groot_sp_50,raw,r6c_cal_groot_spatial_50:eval:1:6,1,6,1.150461,1.147332,1.263491,1.263771,2.587983,2.584982,0.0
groot_sp_50,raw,r6c_cal_groot_spatial_50:eval:1:6,1,8,1.048687,1.045611,1.166855,1.166964,2.436032,2.433203,0.0
groot_sp_50,raw,r6c_cal_groot_spatial_50:eval:1:6,1,10,1.230003,1.22684,1.334292,1.334924,2.811852,2.809164,0.0
groot_sp_50,raw,r6c_cal_groot_spatial_50:eval:1:6,1,12,1.279323,1.276418,1.366982,1.367109,2.758433,2.755703,0.0
groot_sp_50,raw,r6c_cal_groot_spatial_50:eval:1:6,1,14,1.174806,1.171635,1.260911,1.261221,2.780384,2.777709,0.0
groot_sp_50,raw,r6c_cal_groot_spatial_50:eval:1:6,1,16,1.087186,1.084164,1.171486,1.171987,2.466368,2.463631,0.0
groot_sp_50,raw,r6c_cal_groot_spatial_50:eval:1:6,1,18,1.0918,1.088911,1.177663,1.177668,2.424089,2.421024,0.0
groot_sp_50,raw,r6c_cal_groot_spatial_50:eval:1:6,1,20,1.070332,1.06757,1.155821,1.156381,2.413363,2.410689,0.0
groot_sp_50,raw,r6c_cal_groot_spatial_50:eval:1:6,1,22,1.11825,1.115177,1.199532,1.199885,2.513531,2.510826,0.0
groot_sp_50,raw,r6c_cal_groot_spatial_50:eval:1:6,1,24,1.080592,1.077584,1.16669,1.166986,2.413557,2.4107,0.0
groot_sp_50,raw,r6c_cal_groot_spatial_50:eval:2:5,2,0,0.81873,0.816165,0.903914,0.896469,2.135797,2.125349,0.0
groot_sp_50,raw,r6c_cal_groot_spatial_50:eval:2:5,2,2,0.922251,0.919621,1.001233,1.001289,2.488966,2.486054,0.0
groot_sp_50,raw,r6c_cal_groot_spatial_50:eval:2:5,2,4,1.476055,1.472978,1.568758,1.569256,3.015392,3.012547,0.0
groot_sp_50,raw,r6c_cal_groot_spatial_50:eval:2:5,2,6,1.252443,1.249113,1.334527,1.334832,2.63889,2.636217,0.0
groot_sp_50,raw,r6c_cal_groot_spatial_50:eval:2:5,2,8,1.093395,1.090449,1.174399,1.174886,2.431222,2.428573,0.0
groot_sp_50,raw,r6c_cal_groot_spatial_50:eval:2:5,2,10,1.000074,0.996969,1.092811,1.092904,2.311586,2.308748,0.0
groot_sp_50,raw,r6c_cal_groot_spatial_50:eval:2:5,2,12,1.121921,1.118977,1.187515,1.188142,2.428937,2.426465,0.0
groot_sp_50,raw,r6c_cal_groot_spatial_50:eval:2:5,2,14,1.142419,1.139308,1.228886,1.229342,2.534396,2.531783,0.0
groot_sp_50,raw,r6c_cal_groot_spatial_50:eval:2:5,2,16,1.104409,1.101553,1.201462,1.201949,2.76006,2.757314,0.0
groot_sp_50,raw,r6c_cal_groot_spatial_50:eval:2:5,2,18,1.525623,1.522526,1.615791,1.615935,3.209868,3.206843,0.0
groot_sp_50,raw,r6c_cal_groot_spatial_50:eval:3:0,3,0,0.899289,0.896428,0.973494,0.973907,2.253595,2.250513,0.0
groot_sp_50,raw,r6c_cal_groot_spatial_50:eval:3:0,3,2,0.825557,0.82291,0.903035,0.90345,2.176137,2.173385,0.0
groot_sp_50,raw,r6c_cal_groot_spatial_50:eval:3:0,3,4,1.370051,1.36712,1.458282,1.458805,2.672843,2.670101,0.0
groot_sp_50,raw,r6c_cal_groot_spatial_50:eval:3:0,3,6,1.065361,1.062305,1.15229,1.15299,2.404929,2.402068,0.0
groot_sp_50,raw,r6c_cal_groot_spatial_50:eval:3:0,3,8,1.17258,1.169557,1.258234,1.258671,2.590165,2.587418,0.0
groot_sp_50,raw,r6c_cal_groot_spatial_50:eval:3:0,3,10,1.130288,1.126898,1.235871,1.235669,2.432706,2.42975,0.0
groot_sp_50,raw,r6c_cal_groot_spatial_50:eval:3:0,3,12,1.067867,1.064888,1.165857,1.16629,2.637006,2.633923,0.0
groot_sp_50,raw,r6c_cal_groot_spatial_50:eval:3:0,3,14,1.392619,1.388964,1.484339,1.484748,3.139428,3.136291,0.0
groot_sp_50,raw,r6c_cal_groot_spatial_50:eval:3:0,3,16,1.271668,1.268531,1.355591,1.356147,2.84616,2.843183,0.0
groot_sp_50,raw,r6c_cal_groot_spatial_50:eval:4:11,4,0,0.802469,0.799995,0.87508,0.874995,2.020912,2.017851,0.0
groot_sp_50,raw,r6c_cal_groot_spatial_50:eval:4:11,4,2,0.69586,0.693499,0.77732,0.777396,2.004196,2.001337,0.0
groot_sp_50,raw,r6c_cal_groot_spatial_50:eval:4:11,4,4,1.372769,1.369953,1.454485,1.454175,2.655162,2.652144,0.0
groot_sp_50,raw,r6c_cal_groot_spatial_50:eval:4:11,4,6,1.081844,1.078803,1.168848,1.169104,2.516223,2.513226,0.0
groot_sp_50,raw,r6c_cal_groot_spatial_50:eval:4:11,4,8,1.009287,1.006215,1.093153,1.093558,2.407335,2.404674,0.0
groot_sp_50,raw,r6c_cal_groot_spatial_50:eval:4:11,4,10,0.979807,0.97681,1.072514,1.07247,2.31443,2.311679,0.0
groot_sp_50,raw,r6c_cal_groot_spatial_50:eval:4:11,4,11,1.426076,1.422388,1.528904,1.530165,3.476327,3.47368,0.0
groot_sp_50,raw,r6c_cal_groot_spatial_50:eval:4:11,4,13,1.325189,1.322358,1.410462,1.411013,2.838486,2.835663,0.0
groot_sp_50,raw,r6c_cal_groot_spatial_50:eval:4:11,4,15,1.163734,1.160733,1.245136,1.245035,2.594323,2.591398,0.0
groot_sp_50,raw,r6c_cal_groot_spatial_50:eval:4:11,4,17,1.104886,1.101931,1.176398,1.176729,2.444884,2.442225,0.0
groot_sp_50,raw,r6c_cal_groot_spatial_50:eval:4:11,4,19,1.07164,1.068382,1.15328,1.153669,2.432689,2.430061,0.0
groot_sp_50,raw,r6c_cal_groot_spatial_50:eval:4:11,4,21,1.066604,1.063772,1.136082,1.136256,2.450643,2.448059,0.0
groot_sp_50,raw,r6c_cal_groot_spatial_50:eval:4:11,4,23,1.083297,1.08013,1.16529,1.165798,2.467602,2.465014,0.0
groot_sp_50,raw,r6c_cal_groot_spatial_50:eval:4:11,4,25,1.081763,1.078673,1.167194,1.167557,2.380265,2.377345,0.0
groot_sp_50,raw,r6c_cal_groot_spatial_50:eval:4:11,4,27,1.277671,1.274335,1.433694,1.43407,3.389241,3.385429,0.0
groot_sp_50,raw,r6c_cal_groot_spatial_50:eval:4:11,4,29,1.350502,1.347124,1.449527,1.448822,2.869879,2.865881,0.0
groot_sp_50,raw,r6c_cal_groot_spatial_50:eval:4:11,4,31,1.207887,1.204664,1.289989,1.29028,2.596821,2.593886,0.0
groot_sp_50,raw,r6c_cal_groot_spatial_50:eval:4:11,4,33,1.104532,1.101413,1.191708,1.191747,2.364398,2.36142,0.0
groot_sp_50,raw,r6c_cal_groot_spatial_50:eval:4:11,4,35,1.112987,1.109847,1.195487,1.19572,2.394117,2.391034,0.0
groot_sp_50,raw,r6c_cal_groot_spatial_50:eval:4:11,4,37,1.132777,1.129716,1.218138,1.21825,2.48558,2.482633,0.0
groot_sp_50,raw,r6c_cal_groot_spatial_50:eval:4:11,4,39,1.196115,1.193044,1.278011,1.278075,2.525244,2.522327,0.0
groot_sp_50,raw,r6c_cal_groot_spatial_50:eval:4:11,4,41,1.068593,1.065646,1.167155,1.166982,2.292182,2.289066,0.0
groot_sp_50,raw,r6c_cal_groot_spatial_50:eval:4:11,4,43,1.287099,1.283927,1.399883,1.400311,3.067996,3.064807,0.0
groot_sp_50,raw,r6c_cal_groot_spatial_50:eval:5:9,5,0,0.99166,0.988981,1.074461,1.07447,2.470055,2.466444,0.0
groot_sp_50,raw,r6c_cal_groot_spatial_50:eval:5:9,5,2,0.868272,0.865689,0.931811,0.931749,2.123795,2.121079,0.0
groot_sp_50,raw,r6c_cal_groot_spatial_50:eval:5:9,5,4,1.400645,1.397795,1.471256,1.47185,2.710343,2.707862,0.0
groot_sp_50,raw,r6c_cal_groot_spatial_50:eval:5:9,5,6,0.979116,0.976317,1.062672,1.063108,2.27736,2.274827,0.0
groot_sp_50,raw,r6c_cal_groot_spatial_50:eval:5:9,5,8,0.936108,0.933107,1.02716,1.027304,2.477782,2.474622,0.0
groot_sp_50,raw,r6c_cal_groot_spatial_50:eval:5:9,5,9,1.111513,1.108462,1.199038,1.199643,2.527277,2.524121,0.0
groot_sp_50,raw,r6c_cal_groot_spatial_50:eval:5:9,5,11,1.069236,1.066161,1.16266,1.163413,2.348826,2.345949,0.0
groot_sp_50,raw,r6c_cal_groot_spatial_50:eval:5:9,5,13,1.03191,1.028826,1.137035,1.137167,2.79721,2.793832,0.0
groot_sp_50,raw,r6c_cal_groot_spatial_50:eval:5:9,5,14,1.512346,1.508518,1.637817,1.637798,3.26935,3.265737,0.0
groot_sp_50,raw,r6c_cal_groot_spatial_50:eval:5:9,5,16,1.224032,1.220956,1.323272,1.323705,2.675746,2.672897,0.0
groot_sp_50,raw,r6c_cal_groot_spatial_50:eval:5:9,5,18,1.083853,1.081054,1.168927,1.169148,2.422958,2.420254,0.0
groot_sp_50,raw,r6c_cal_groot_spatial_50:eval:6:9,6,0,0.727022,0.724438,0.788505,0.788601,1.830264,1.827622,0.0
groot_sp_50,raw,r6c_cal_groot_spatial_50:eval:6:9,6,2,0.716143,0.71386,0.779466,0.780126,2.024931,2.022689,0.0
groot_sp_50,raw,r6c_cal_groot_spatial_50:eval:6:9,6,4,1.394426,1.391473,1.460746,1.461325,2.764168,2.761737,0.0
groot_sp_50,raw,r6c_cal_groot_spatial_50:eval:6:9,6,6,1.039727,1.036611,1.108744,1.109178,2.242269,2.240039,0.0
groot_sp_50,raw,r6c_cal_groot_spatial_50:eval:6:9,6,8,0.973793,0.962656,1.081533,1.082062,2.293329,2.290711,0.0
groot_sp_50,raw,r6c_cal_groot_spatial_50:eval:6:9,6,10,1.414999,1.411291,1.512693,1.513247,3.247964,3.244823,0.0
groot_sp_50,raw,r6c_cal_groot_spatial_50:eval:6:9,6,12,1.404403,1.40108,1.478985,1.478737,2.827778,2.824357,0.0
groot_sp_50,raw,r6c_cal_groot_spatial_50:eval:6:9,6,14,1.120088,1.117381,1.215142,1.215207,2.467094,2.464217,0.0
groot_sp_50,raw,r6c_cal_groot_spatial_50:eval:6:9,6,16,0.986935,0.983881,1.068114,1.068693,2.228187,2.225465,0.0
groot_sp_50,raw,r6c_cal_groot_spatial_50:eval:6:9,6,18,1.01222,1.009086,1.103126,1.112999,2.316764,2.313925,0.0
groot_sp_50,raw,r6c_cal_groot_spatial_50:eval:6:9,6,20,1.004873,1.001668,1.100744,1.088331,2.537209,2.521753,0.0
groot_sp_50,raw,r6c_cal_groot_spatial_50:eval:6:9,6,21,1.027661,1.024397,1.096051,1.110136,2.313605,2.31083,0.0
groot_sp_50,raw,r6c_cal_groot_spatial_50:eval:7:0,7,0,0.702046,0.699415,0.760128,0.760308,1.811594,1.809033,0.0
groot_sp_50,raw,r6c_cal_groot_spatial_50:eval:7:0,7,2,0.667662,0.664895,0.762311,0.762832,2.39441,2.391402,0.0
groot_sp_50,raw,r6c_cal_groot_spatial_50:eval:7:0,7,4,1.829185,1.814371,1.908362,1.909031,3.653669,3.650829,0.0
groot_sp_50,raw,r6c_cal_groot_spatial_50:eval:7:0,7,6,1.113517,1.110666,1.197661,1.198266,2.508273,2.505743,0.0
groot_sp_50,raw,r6c_cal_groot_spatial_50:eval:7:0,7,8,1.092414,1.089568,1.158581,1.15865,2.320531,2.317846,0.0
groot_sp_50,raw,r6c_cal_groot_spatial_50:eval:7:0,7,10,0.994282,0.991532,1.058509,1.058788,2.225861,2.223451,0.0
groot_sp_50,raw,r6c_cal_groot_spatial_50:eval:7:0,7,12,1.170789,1.168041,1.262048,1.262731,2.536186,2.533728,0.0
groot_sp_50,raw,r6c_cal_groot_spatial_50:eval:7:0,7,14,1.115055,1.112401,1.180826,1.181176,2.353644,2.351239,0.0
groot_sp_50,raw,r6c_cal_groot_spatial_50:eval:7:0,7,16,1.007358,1.00442,1.086987,1.086994,2.358736,2.356009,0.0
groot_sp_50,raw,r6c_cal_groot_spatial_50:eval:7:0,7,18,0.975164,0.971968,1.070581,1.071325,2.418496,2.415574,0.0
groot_sp_50,raw,r6c_cal_groot_spatial_50:eval:7:0,7,20,1.361776,1.358544,1.48001,1.480702,3.216484,3.213283,0.0
groot_sp_50,raw,r6c_cal_groot_spatial_50:eval:7:0,7,22,1.223789,1.220704,1.307857,1.308343,2.666003,2.663165,0.0
groot_sp_50,raw,r6c_cal_groot_spatial_50:eval:7:0,7,24,1.03764,1.034791,1.121876,1.121841,2.350706,2.347634,0.0
groot_sp_50,raw,r6c_cal_groot_spatial_50:eval:8:9,8,0,0.691737,0.689316,0.76659,0.766479,1.886339,1.883382,0.0
groot_sp_50,raw,r6c_cal_groot_spatial_50:eval:8:9,8,2,0.646876,0.644454,0.737699,0.737107,1.892563,1.889709,0.0
groot_sp_50,raw,r6c_cal_groot_spatial_50:eval:8:9,8,4,1.429809,1.415003,1.522643,1.523231,2.865459,2.862789,0.0
groot_sp_50,raw,r6c_cal_groot_spatial_50:eval:8:9,8,6,1.023269,1.020303,1.110998,1.111604,2.330142,2.327333,0.0
groot_sp_50,raw,r6c_cal_groot_spatial_50:eval:8:9,8,8,0.982132,0.979124,1.075412,1.076109,2.25651,2.253966,0.0
groot_sp_50,raw,r6c_cal_groot_spatial_50:eval:8:9,8,10,1.226826,1.223651,1.344829,1.345236,3.005349,3.002196,0.0
groot_sp_50,raw,r6c_cal_groot_spatial_50:eval:8:9,8,12,1.443326,1.440478,1.520847,1.521185,2.963812,2.961042,0.0
groot_sp_50,raw,r6c_cal_groot_spatial_50:eval:8:9,8,14,1.129597,1.126753,1.213418,1.213793,2.546098,2.54334,0.0
groot_sp_50,raw,r6c_cal_groot_spatial_50:eval:8:9,8,16,1.064984,1.061967,1.137638,1.137784,2.327733,2.325096,0.0
groot_sp_50,raw,r6c_cal_groot_spatial_50:eval:8:9,8,18,1.040506,1.037811,1.124428,1.124708,2.361419,2.358732,0.0
groot_sp_50,raw,r6c_cal_groot_spatial_50:eval:8:9,8,20,1.25031,1.247685,1.327543,1.327949,2.679939,2.677211,0.0
groot_sp_50,raw,r6c_cal_groot_spatial_50:eval:9:2,9,0,0.761778,0.759384,0.827654,0.827701,1.905523,1.90286,0.0
groot_sp_50,raw,r6c_cal_groot_spatial_50:eval:9:2,9,2,0.720986,0.718278,0.793401,0.794094,2.025395,2.022894,0.0
groot_sp_50,raw,r6c_cal_groot_spatial_50:eval:9:2,9,4,1.309438,1.305977,1.440701,1.441332,2.972561,2.96903,0.0
groot_sp_50,raw,r6c_cal_groot_spatial_50:eval:9:2,9,6,1.411914,1.408454,1.505981,1.505792,3.081823,3.078459,0.0
groot_sp_50,raw,r6c_cal_groot_spatial_50:eval:9:2,9,8,1.203293,1.200208,1.272927,1.273537,2.615955,2.613475,0.0
groot_sp_50,raw,r6c_cal_groot_spatial_50:eval:9:2,9,10,1.081091,1.078368,1.159792,1.160509,2.355198,2.352739,0.0
groot_sp_50,raw,r6c_cal_groot_spatial_50:eval:9:2,9,12,1.039416,1.036417,1.124618,1.124885,2.354922,2.35206,0.0
groot_sp_50,raw,r6c_cal_groot_spatial_50:eval:9:2,9,14,1.113749,1.110298,1.220537,1.220306,2.378045,2.37493,0.0
groot_sp_50,raw,r6c_cal_groot_spatial_50:eval:9:2,9,16,1.206293,1.515745,1.274285,1.5871,2.526683,2.836614,0.0
groot_sp_50,raw,r6c_cal_groot_spatial_50:eval:9:2,9,18,1.089906,1.087112,1.175609,1.17645,2.424615,2.422086,0.0
groot_sp_50,raw,r6c_cal_groot_spatial_50:eval:9:2,9,20,1.009311,1.006278,1.126332,1.125719,2.568844,2.565169,0.0
groot_sp_50,raw,r6c_cal_groot_spatial_50:eval:9:2,9,22,1.24035,1.236471,1.334148,1.333753,2.877726,2.874242,0.0
groot_sp_50,code,r6c_cal_groot_spatial_50:eval:0:9,0,0,0.045353,0.043565,0.21539,0.215633,2.224377,2.220685,0.056042
groot_sp_50,code,r6c_cal_groot_spatial_50:eval:0:9,0,2,0.047363,0.045561,0.155286,0.155574,1.786187,1.783704,0.028526
groot_sp_50,code,r6c_cal_groot_spatial_50:eval:0:9,0,4,0.765803,0.762759,0.893089,0.894127,2.208604,2.205859,0.033686
groot_sp_50,code,r6c_cal_groot_spatial_50:eval:0:9,0,6,0.383206,0.380486,0.51041,0.510973,1.787573,1.784612,0.034767
groot_sp_50,code,r6c_cal_groot_spatial_50:eval:0:9,0,8,0.373301,0.370582,0.499369,0.500405,1.782332,1.779389,0.033063
groot_sp_50,code,r6c_cal_groot_spatial_50:eval:0:9,0,9,0.392136,0.389394,0.52101,0.522344,1.911653,1.908913,0.03344
groot_sp_50,code,r6c_cal_groot_spatial_50:eval:0:9,0,11,0.391109,0.388282,0.549018,0.549434,1.790141,1.78726,0.033187
groot_sp_50,code,r6c_cal_groot_spatial_50:eval:0:9,0,13,0.292229,0.289847,0.415181,0.415729,1.677727,1.67491,0.03414
groot_sp_50,code,r6c_cal_groot_spatial_50:eval:0:9,0,15,0.367741,0.365042,0.496869,0.497703,1.692562,1.690155,0.027656
groot_sp_50,code,r6c_cal_groot_spatial_50:eval:0:9,0,17,0.391401,0.388678,0.529161,0.52953,1.745471,1.742908,0.028763
groot_sp_50,code,r6c_cal_groot_spatial_50:eval:0:9,0,18,0.390579,0.387743,0.521223,0.521845,1.837013,1.834329,0.033954
groot_sp_50,code,r6c_cal_groot_spatial_50:eval:0:9,0,20,0.29162,0.289305,0.405387,0.406233,1.625347,1.622527,0.034324
groot_sp_50,code,r6c_cal_groot_spatial_50:eval:0:9,0,22,0.417939,0.415175,0.551999,0.552404,1.753708,1.750747,0.032569
groot_sp_50,code,r6c_cal_groot_spatial_50:eval:0:9,0,24,0.384772,0.381913,0.530206,0.530514,1.87391,1.870987,0.040775
groot_sp_50,code,r6c_cal_groot_spatial_50:eval:0:9,0,26,0.386462,0.383582,0.513747,0.514279,1.847615,1.844818,0.034966
groot_sp_50,code,r6c_cal_groot_spatial_50:eval:0:9,0,28,0.371935,0.369285,0.502774,0.503042,1.826401,1.823579,0.034663
groot_sp_50,code,r6c_cal_groot_spatial_50:eval:0:9,0,30,0.413712,0.410974,0.539486,0.539737,1.824747,1.821904,0.033383
groot_sp_50,code,r6c_cal_groot_spatial_50:eval:0:9,0,32,0.383165,0.380481,0.516952,0.517207,1.810448,1.807904,0.029791
groot_sp_50,code,r6c_cal_groot_spatial_50:eval:0:9,0,34,0.392938,0.390115,0.52438,0.525024,1.883294,1.88065,0.034096
groot_sp_50,code,r6c_cal_groot_spatial_50:eval:0:9,0,36,0.291007,0.288821,0.399278,0.400626,1.57695,1.574452,0.032892
groot_sp_50,code,r6c_cal_groot_spatial_50:eval:0:9,0,38,0.371452,0.368797,0.511718,0.512341,1.761901,1.759108,0.032599
groot_sp_50,code,r6c_cal_groot_spatial_50:eval:0:9,0,40,0.398793,0.395915,0.536908,0.537304,1.905747,1.902906,0.033546
groot_sp_50,code,r6c_cal_groot_spatial_50:eval:0:9,0,42,0.371907,0.369274,0.501238,0.501741,1.732268,1.729438,0.033058
groot_sp_50,code,r6c_cal_groot_spatial_50:eval:1:6,1,0,0.0318,0.030199,0.142769,0.143247,1.298444,1.295887,0.034516
groot_sp_50,code,r6c_cal_groot_spatial_50:eval:1:6,1,2,0.037715,0.03591,0.150995,0.172785,1.63727,1.634591,0.033421
groot_sp_50,code,r6c_cal_groot_spatial_50:eval:1:6,1,4,0.757923,0.754647,0.902462,0.90234,2.282666,2.279534,0.033992
groot_sp_50,code,r6c_cal_groot_spatial_50:eval:1:6,1,6,0.40244,0.399745,0.536005,0.536554,1.974402,1.971507,0.035333
groot_sp_50,code,r6c_cal_groot_spatial_50:eval:1:6,1,8,0.380992,0.378177,0.501613,0.502267,1.772883,1.770269,0.034375
groot_sp_50,code,r6c_cal_groot_spatial_50:eval:1:6,1,10,0.390707,0.387979,0.516457,0.517027,1.839913,1.836974,0.034446
groot_sp_50,code,r6c_cal_groot_spatial_50:eval:1:6,1,12,0.382608,0.379938,0.509507,0.510047,1.755106,1.752322,0.03509
groot_sp_50,code,r6c_cal_groot_spatial_50:eval:1:6,1,14,0.38326,0.380604,0.541479,0.52951,1.752646,1.749833,0.043852
groot_sp_50,code,r6c_cal_groot_spatial_50:eval:1:6,1,16,0.403355,0.400469,0.533743,0.535186,1.802985,1.800266,0.03421
groot_sp_50,code,r6c_cal_groot_spatial_50:eval:1:6,1,18,0.37673,0.374086,0.502143,0.502663,1.780949,1.778346,0.030178
groot_sp_50,code,r6c_cal_groot_spatial_50:eval:1:6,1,20,0.349359,0.346782,0.514383,0.514898,1.814661,1.811829,0.060016
groot_sp_50,code,r6c_cal_groot_spatial_50:eval:1:6,1,22,0.38944,0.386934,0.515397,0.50047,1.766353,1.747307,0.0331
groot_sp_50,code,r6c_cal_groot_spatial_50:eval:1:6,1,24,0.48316,0.480651,0.628764,0.639979,2.038944,2.035985,0.034651
groot_sp_50,code,r6c_cal_groot_spatial_50:eval:2:5,2,0,0.037473,0.035613,0.152036,0.153499,1.31641,1.313444,0.034738
groot_sp_50,code,r6c_cal_groot_spatial_50:eval:2:5,2,2,0.037921,0.036015,0.157092,0.15768,1.601846,1.599142,0.033656
groot_sp_50,code,r6c_cal_groot_spatial_50:eval:2:5,2,4,0.698776,0.695717,0.848971,0.849588,2.112531,2.10963,0.044321
groot_sp_50,code,r6c_cal_groot_spatial_50:eval:2:5,2,6,0.402772,0.399974,0.529179,0.533675,1.82117,1.818413,0.03413
groot_sp_50,code,r6c_cal_groot_spatial_50:eval:2:5,2,8,0.383558,0.38077,0.522271,0.522873,1.892271,1.889412,0.034181
groot_sp_50,code,r6c_cal_groot_spatial_50:eval:2:5,2,10,0.350559,0.347899,0.489873,0.490265,1.80169,1.79901,0.034051
groot_sp_50,code,r6c_cal_groot_spatial_50:eval:2:5,2,12,0.377562,0.374948,0.486091,0.487357,1.710557,1.708152,0.032362
groot_sp_50,code,r6c_cal_groot_spatial_50:eval:2:5,2,14,0.352397,0.349755,0.458794,0.459335,1.759176,1.756948,0.028891
groot_sp_50,code,r6c_cal_groot_spatial_50:eval:2:5,2,16,0.380422,0.377813,0.503052,0.503537,1.811969,1.809545,0.028487
groot_sp_50,code,r6c_cal_groot_spatial_50:eval:2:5,2,18,0.408621,0.405994,0.538291,0.538645,1.825165,1.822446,0.034767
groot_sp_50,code,r6c_cal_groot_spatial_50:eval:3:0,3,0,0.042762,0.041138,0.172721,0.173708,1.335027,1.332403,0.035297
groot_sp_50,code,r6c_cal_groot_spatial_50:eval:3:0,3,2,0.044563,0.0427,0.200765,0.188158,1.556805,1.554198,0.052568
groot_sp_50,code,r6c_cal_groot_spatial_50:eval:3:0,3,4,0.738641,0.735221,0.899124,0.898744,2.243616,2.240303,0.033578
groot_sp_50,code,r6c_cal_groot_spatial_50:eval:3:0,3,6,0.365837,0.362829,0.52709,0.52737,1.863003,1.859352,0.038283
groot_sp_50,code,r6c_cal_groot_spatial_50:eval:3:0,3,8,0.3477,0.345056,0.468983,0.470045,1.77676,1.774204,0.034768
groot_sp_50,code,r6c_cal_groot_spatial_50:eval:3:0,3,10,0.366706,0.364002,0.492051,0.492794,1.820895,1.81823,0.030694
groot_sp_50,code,r6c_cal_groot_spatial_50:eval:3:0,3,12,0.367993,0.365331,0.49399,0.494603,1.845291,1.842603,0.034004
groot_sp_50,code,r6c_cal_groot_spatial_50:eval:3:0,3,14,0.356174,0.353494,0.490385,0.477189,1.689808,1.68711,0.043788
groot_sp_50,code,r6c_cal_groot_spatial_50:eval:3:0,3,16,0.359098,0.356423,0.506614,0.507667,1.758787,1.75571,0.032922
groot_sp_50,code,r6c_cal_groot_spatial_50:eval:4:11,4,0,0.036966,0.035184,0.155558,0.150741,1.213016,1.204517,0.033384
groot_sp_50,code,r6c_cal_groot_spatial_50:eval:4:11,4,2,0.03674,0.034915,0.152784,0.153228,1.521722,1.51909,0.032906
groot_sp_50,code,r6c_cal_groot_spatial_50:eval:4:11,4,4,0.636054,0.633419,0.743842,0.744746,1.927611,1.924902,0.031851
groot_sp_50,code,r6c_cal_groot_spatial_50:eval:4:11,4,6,0.300418,0.298115,0.412469,0.421631,1.823319,1.82043,0.034156
groot_sp_50,code,r6c_cal_groot_spatial_50:eval:4:11,4,8,0.393588,0.390881,0.53693,0.537768,1.892532,1.889723,0.033274
groot_sp_50,code,r6c_cal_groot_spatial_50:eval:4:11,4,10,0.389459,0.38663,0.543031,0.544425,2.000512,1.997433,0.036603
groot_sp_50,code,r6c_cal_groot_spatial_50:eval:4:11,4,11,0.381848,0.379111,0.508526,0.509425,1.770974,1.76817,0.03365
groot_sp_50,code,r6c_cal_groot_spatial_50:eval:4:11,4,13,0.411999,0.40926,0.542281,0.54299,1.882313,1.879501,0.033802
groot_sp_50,code,r6c_cal_groot_spatial_50:eval:4:11,4,15,0.381398,0.378669,0.507553,0.50806,1.809164,1.806529,0.03351
groot_sp_50,code,r6c_cal_groot_spatial_50:eval:4:11,4,17,0.381477,0.37874,0.514884,0.51513,1.854315,1.851508,0.03414
groot_sp_50,code,r6c_cal_groot_spatial_50:eval:4:11,4,19,0.411471,0.408556,0.5352,0.529309,1.775575,1.773069,0.034155
groot_sp_50,code,r6c_cal_groot_spatial_50:eval:4:11,4,21,0.356102,0.353485,0.477491,0.477873,1.699819,1.697255,0.028042
groot_sp_50,code,r6c_cal_groot_spatial_50:eval:4:11,4,23,0.397641,0.394707,0.524333,0.5246,1.927024,1.924211,0.033985
groot_sp_50,code,r6c_cal_groot_spatial_50:eval:4:11,4,25,0.363493,0.360912,0.476276,0.477203,1.694667,1.692143,0.033501
groot_sp_50,code,r6c_cal_groot_spatial_50:eval:4:11,4,27,0.387862,0.376673,0.514242,0.514523,1.840533,1.837182,0.033633
groot_sp_50,code,r6c_cal_groot_spatial_50:eval:4:11,4,29,0.408262,0.405528,0.534968,0.545758,1.931041,1.928506,0.036532
groot_sp_50,code,r6c_cal_groot_spatial_50:eval:4:11,4,31,0.411232,0.408099,0.575587,0.576419,1.87838,1.875464,0.034504
groot_sp_50,code,r6c_cal_groot_spatial_50:eval:4:11,4,33,0.380667,0.377898,0.511427,0.512083,1.814378,1.81131,0.034162
groot_sp_50,code,r6c_cal_groot_spatial_50:eval:4:11,4,35,0.3958,0.393103,0.526441,0.527074,1.850189,1.847442,0.034097
groot_sp_50,code,r6c_cal_groot_spatial_50:eval:4:11,4,37,0.406346,0.403617,0.536522,0.545575,1.758941,1.755974,0.033807
groot_sp_50,code,r6c_cal_groot_spatial_50:eval:4:11,4,39,0.430459,0.427513,0.558303,0.558406,1.87553,1.872605,0.034068
groot_sp_50,code,r6c_cal_groot_spatial_50:eval:4:11,4,41,0.39675,0.39384,0.519166,0.519719,1.72999,1.727302,0.02828
groot_sp_50,code,r6c_cal_groot_spatial_50:eval:4:11,4,43,0.300821,0.29856,0.450738,0.450662,1.752556,1.749284,0.03347
groot_sp_50,code,r6c_cal_groot_spatial_50:eval:5:9,5,0,0.037845,0.036079,0.15523,0.155821,1.36704,1.364152,0.034545
groot_sp_50,code,r6c_cal_groot_spatial_50:eval:5:9,5,2,0.029477,0.028162,0.131532,0.131894,1.356068,1.353625,0.033791
groot_sp_50,code,r6c_cal_groot_spatial_50:eval:5:9,5,4,0.719488,0.716495,0.850053,0.850673,2.151572,2.148574,0.033274
groot_sp_50,code,r6c_cal_groot_spatial_50:eval:5:9,5,6,0.343399,0.34096,0.499543,0.500387,1.830302,1.827245,0.034161
groot_sp_50,code,r6c_cal_groot_spatial_50:eval:5:9,5,8,0.393197,0.390398,0.523199,0.524136,1.982598,1.979619,0.034523
groot_sp_50,code,r6c_cal_groot_spatial_50:eval:5:9,5,9,0.397476,0.394756,0.536859,0.538121,1.879525,1.876588,0.036913
groot_sp_50,code,r6c_cal_groot_spatial_50:eval:5:9,5,11,0.378535,0.375739,0.523612,0.524342,1.805386,1.802666,0.04637
groot_sp_50,code,r6c_cal_groot_spatial_50:eval:5:9,5,13,0.376137,0.373359,0.507614,0.503598,1.844216,1.836584,0.033038
groot_sp_50,code,r6c_cal_groot_spatial_50:eval:5:9,5,14,0.376434,0.373682,0.520968,0.521776,1.835763,1.833088,0.053738
groot_sp_50,code,r6c_cal_groot_spatial_50:eval:5:9,5,16,0.37817,0.375292,0.508041,0.508478,1.73464,1.731738,0.033349
groot_sp_50,code,r6c_cal_groot_spatial_50:eval:5:9,5,18,0.390367,0.387545,0.52039,0.520575,1.704322,1.701394,0.03441
groot_sp_50,code,r6c_cal_groot_spatial_50:eval:6:9,6,0,0.03773,0.035669,0.156622,0.157009,1.282541,1.279637,0.036101
groot_sp_50,code,r6c_cal_groot_spatial_50:eval:6:9,6,2,0.036617,0.034799,0.149421,0.150056,1.485064,1.482407,0.03303
groot_sp_50,code,r6c_cal_groot_spatial_50:eval:6:9,6,4,0.705755,0.702703,0.83089,0.831772,2.055623,2.052901,0.033926
groot_sp_50,code,r6c_cal_groot_spatial_50:eval:6:9,6,6,0.401679,0.398675,0.531848,0.532582,1.822821,1.820045,0.0343
groot_sp_50,code,r6c_cal_groot_spatial_50:eval:6:9,6,8,0.453005,0.450031,0.584061,0.584557,1.892861,1.889936,0.034216
groot_sp_50,code,r6c_cal_groot_spatial_50:eval:6:9,6,10,0.408709,0.405661,0.536784,0.53736,1.838722,1.835947,0.034119
groot_sp_50,code,r6c_cal_groot_spatial_50:eval:6:9,6,12,0.422416,0.419657,0.552854,0.553599,1.913284,1.910473,0.034429
groot_sp_50,code,r6c_cal_groot_spatial_50:eval:6:9,6,14,0.361375,0.358553,0.517099,0.517913,1.788732,1.785721,0.033649
groot_sp_50,code,r6c_cal_groot_spatial_50:eval:6:9,6,16,0.402275,0.399435,0.528551,0.52937,1.799586,1.7968,0.033178
groot_sp_50,code,r6c_cal_groot_spatial_50:eval:6:9,6,18,0.373358,0.370655,0.499091,0.503218,1.758482,1.755538,0.03432
groot_sp_50,code,r6c_cal_groot_spatial_50:eval:6:9,6,20,0.37548,0.372692,0.501009,0.501616,1.745325,1.742331,0.033146
groot_sp_50,code,r6c_cal_groot_spatial_50:eval:6:9,6,21,0.387974,0.385127,0.515576,0.515868,1.822788,1.820072,0.034268
groot_sp_50,code,r6c_cal_groot_spatial_50:eval:7:0,7,0,0.038294,0.036413,0.169548,0.170087,1.409105,1.406282,0.034209
groot_sp_50,code,r6c_cal_groot_spatial_50:eval:7:0,7,2,0.036557,0.034771,0.148963,0.149792,1.413503,1.410721,0.033184
groot_sp_50,code,r6c_cal_groot_spatial_50:eval:7:0,7,4,0.785986,0.783093,0.921685,0.922014,2.151972,2.148979,0.03317
groot_sp_50,code,r6c_cal_groot_spatial_50:eval:7:0,7,6,0.378797,0.376005,0.511944,0.512516,1.860362,1.857503,0.030753
groot_sp_50,code,r6c_cal_groot_spatial_50:eval:7:0,7,8,0.381294,0.378643,0.515525,0.527354,1.921849,1.919036,0.033943
groot_sp_50,code,r6c_cal_groot_spatial_50:eval:7:0,7,10,0.391774,0.389052,0.517588,0.518596,1.932663,1.929944,0.034482
groot_sp_50,code,r6c_cal_groot_spatial_50:eval:7:0,7,12,0.433572,0.430821,0.564169,0.564161,1.89739,1.8944,0.034295
groot_sp_50,code,r6c_cal_groot_spatial_50:eval:7:0,7,14,0.398393,0.395679,0.523628,0.523965,1.953085,1.950172,0.033667
groot_sp_50,code,r6c_cal_groot_spatial_50:eval:7:0,7,16,0.385593,0.38277,0.509957,0.510513,1.890248,1.887536,0.03361
groot_sp_50,code,r6c_cal_groot_spatial_50:eval:7:0,7,18,0.403261,0.400593,0.528154,0.528356,1.7829,1.780019,0.033841
groot_sp_50,code,r6c_cal_groot_spatial_50:eval:7:0,7,20,0.394643,0.391733,0.519836,0.520758,1.823064,1.820323,0.033887
groot_sp_50,code,r6c_cal_groot_spatial_50:eval:7:0,7,22,0.446431,0.443525,0.575462,0.576184,1.871791,1.868815,0.033435
groot_sp_50,code,r6c_cal_groot_spatial_50:eval:7:0,7,24,0.315325,0.312791,0.483373,0.483877,1.754614,1.751531,0.033676
groot_sp_50,code,r6c_cal_groot_spatial_50:eval:8:9,8,0,0.037748,0.035804,0.155843,0.156788,1.293246,1.290323,0.035414
groot_sp_50,code,r6c_cal_groot_spatial_50:eval:8:9,8,2,0.036618,0.034738,0.199992,0.200178,1.530425,1.527404,0.033803
groot_sp_50,code,r6c_cal_groot_spatial_50:eval:8:9,8,4,0.745885,0.74289,0.872092,0.872898,2.22366,2.220848,0.033546
groot_sp_50,code,r6c_cal_groot_spatial_50:eval:8:9,8,6,0.469564,0.475487,0.618979,0.628152,1.922458,1.928133,0.035005
groot_sp_50,code,r6c_cal_groot_spatial_50:eval:8:9,8,8,0.402228,0.399164,0.528985,0.529666,1.817636,1.81475,0.034576
groot_sp_50,code,r6c_cal_groot_spatial_50:eval:8:9,8,10,0.36561,0.362791,0.491076,0.491956,1.825229,1.822473,0.034599
groot_sp_50,code,r6c_cal_groot_spatial_50:eval:8:9,8,12,0.413966,0.411022,0.54238,0.543187,1.993179,1.99041,0.033372
groot_sp_50,code,r6c_cal_groot_spatial_50:eval:8:9,8,14,0.369308,0.366478,0.511496,0.511955,1.763756,1.760633,0.033376
groot_sp_50,code,r6c_cal_groot_spatial_50:eval:8:9,8,16,0.369579,0.366905,0.497903,0.498564,1.743125,1.740399,0.032916
groot_sp_50,code,r6c_cal_groot_spatial_50:eval:8:9,8,18,0.392927,0.390211,0.517003,0.517302,1.824618,1.821991,0.028312
groot_sp_50,code,r6c_cal_groot_spatial_50:eval:8:9,8,20,0.368449,0.365752,0.498511,0.498805,1.832024,1.829088,0.034538
groot_sp_50,code,r6c_cal_groot_spatial_50:eval:9:2,9,0,0.030231,0.02868,0.163322,0.163216,1.266871,1.263714,0.03523
groot_sp_50,code,r6c_cal_groot_spatial_50:eval:9:2,9,2,0.036938,0.035065,0.155755,0.156622,1.591113,1.588464,0.038653
groot_sp_50,code,r6c_cal_groot_spatial_50:eval:9:2,9,4,0.69347,0.690699,0.821511,0.821657,2.200177,2.197336,0.033194
groot_sp_50,code,r6c_cal_groot_spatial_50:eval:9:2,9,6,0.380916,0.378115,0.518892,0.519335,1.826915,1.82401,0.033852
groot_sp_50,code,r6c_cal_groot_spatial_50:eval:9:2,9,8,0.386868,0.384118,0.531093,0.532346,1.880622,1.877874,0.0519
groot_sp_50,code,r6c_cal_groot_spatial_50:eval:9:2,9,10,0.398631,0.395945,0.524679,0.525101,1.819209,1.816444,0.035077
groot_sp_50,code,r6c_cal_groot_spatial_50:eval:9:2,9,12,0.389405,0.386662,0.530245,0.530904,1.841473,1.838677,0.034471
groot_sp_50,code,r6c_cal_groot_spatial_50:eval:9:2,9,14,0.381966,0.379231,0.511543,0.511871,1.800121,1.797296,0.034458
groot_sp_50,code,r6c_cal_groot_spatial_50:eval:9:2,9,16,0.410525,0.407582,0.541228,0.541689,1.807676,1.805012,0.034209
groot_sp_50,code,r6c_cal_groot_spatial_50:eval:9:2,9,18,0.398518,0.395794,0.52674,0.527071,1.791372,1.78863,0.034333
groot_sp_50,code,r6c_cal_groot_spatial_50:eval:9:2,9,20,0.411146,0.408222,0.547986,0.548479,1.896794,1.893866,0.033676
groot_sp_50,code,r6c_cal_groot_spatial_50:eval:9:2,9,22,0.399693,0.39743,0.546883,0.547712,1.808752,1.805773,0.033525
groot_sp_500,raw,r6c_cal_groot_spatial_500:eval:0:9,0,0,2.005543,2.002422,2.114516,2.113607,4.500824,4.496633,0.0
groot_sp_500,raw,r6c_cal_groot_spatial_500:eval:0:9,0,2,1.090917,1.088219,1.182598,1.182955,2.639983,2.637152,0.0
groot_sp_500,raw,r6c_cal_groot_spatial_500:eval:0:9,0,4,2.310332,2.307556,2.445521,2.450174,4.166102,4.163354,0.0
groot_sp_500,raw,r6c_cal_groot_spatial_500:eval:0:9,0,6,1.527973,1.525112,1.625159,1.625468,3.190634,3.187729,0.0
groot_sp_500,raw,r6c_cal_groot_spatial_500:eval:0:9,0,8,1.536365,1.533378,1.629064,1.629585,3.303073,3.300369,0.0
groot_sp_500,raw,r6c_cal_groot_spatial_500:eval:0:9,0,10,1.397046,1.393705,1.487568,1.487966,2.983816,2.981029,0.0
groot_sp_500,raw,r6c_cal_groot_spatial_500:eval:0:9,0,12,1.404555,1.401585,1.506875,1.5073,3.023499,3.020635,0.0
groot_sp_500,raw,r6c_cal_groot_spatial_500:eval:0:9,0,13,1.267094,1.263885,1.353065,1.353396,2.807111,2.804365,0.0
groot_sp_500,raw,r6c_cal_groot_spatial_500:eval:0:9,0,15,1.296092,1.292835,1.371792,1.372106,2.713821,2.711151,0.0
groot_sp_500,raw,r6c_cal_groot_spatial_500:eval:0:9,0,17,1.271727,1.268583,1.416303,1.416332,3.038221,3.03506,0.0
groot_sp_500,raw,r6c_cal_groot_spatial_500:eval:0:9,0,19,1.428597,1.41399,1.520926,1.521421,3.083945,3.081218,0.0
groot_sp_500,raw,r6c_cal_groot_spatial_500:eval:0:9,0,20,1.498462,1.495449,1.593084,1.593775,3.255588,3.252658,0.0
groot_sp_500,raw,r6c_cal_groot_spatial_500:eval:0:9,0,22,1.393887,1.391138,1.493204,1.493761,3.031523,3.028721,0.0
groot_sp_500,raw,r6c_cal_groot_spatial_500:eval:0:9,0,24,1.438773,1.435922,1.530211,1.530695,3.051538,3.0488,0.0
groot_sp_500,raw,r6c_cal_groot_spatial_500:eval:0:9,0,26,1.31198,1.309349,1.397226,1.397865,2.839897,2.837308,0.0
groot_sp_500,raw,r6c_cal_groot_spatial_500:eval:0:9,0,28,1.247644,1.244735,1.335811,1.335884,2.728608,2.725523,0.0
groot_sp_500,raw,r6c_cal_groot_spatial_500:eval:0:9,0,30,1.330219,1.327143,1.417462,1.417908,2.975686,2.972775,0.0
groot_sp_500,raw,r6c_cal_groot_spatial_500:eval:0:9,0,32,1.473971,1.465031,1.584757,1.585083,3.091041,3.088088,0.0
groot_sp_500,raw,r6c_cal_groot_spatial_500:eval:0:9,0,34,1.497405,1.494569,1.587158,1.587642,3.214619,3.211811,0.0
groot_sp_500,raw,r6c_cal_groot_spatial_500:eval:0:9,0,36,1.398304,1.395521,1.477848,1.478414,2.951671,2.948993,0.0
groot_sp_500,raw,r6c_cal_groot_spatial_500:eval:0:9,0,38,1.362765,1.359619,1.433861,1.434536,3.038513,3.036113,0.0
groot_sp_500,raw,r6c_cal_groot_spatial_500:eval:0:9,0,40,1.30043,1.297496,1.391186,1.391275,3.110096,3.107185,0.0
groot_sp_500,raw,r6c_cal_groot_spatial_500:eval:0:9,0,42,1.339719,1.336521,1.432918,1.433216,3.020178,3.0174,0.0
groot_sp_500,raw,r6c_cal_groot_spatial_500:eval:1:6,1,0,1.024106,1.021529,1.097106,1.09713,2.483951,2.480916,0.0
groot_sp_500,raw,r6c_cal_groot_spatial_500:eval:1:6,1,2,0.84886,0.846244,0.929403,0.930014,2.409332,2.406582,0.0
groot_sp_500,raw,r6c_cal_groot_spatial_500:eval:1:6,1,4,2.694007,2.691032,2.800558,2.787637,4.463885,4.4476,0.0
groot_sp_500,raw,r6c_cal_groot_spatial_500:eval:1:6,1,6,1.47858,1.475827,1.577915,1.578506,3.278985,3.276532,0.0
groot_sp_500,raw,r6c_cal_groot_spatial_500:eval:1:6,1,8,1.675291,1.67233,1.772962,1.773251,3.149944,3.147019,0.0
groot_sp_500,raw,r6c_cal_groot_spatial_500:eval:1:6,1,10,1.49178,1.488813,1.584739,1.585349,3.046279,3.043522,0.0
groot_sp_500,raw,r6c_cal_groot_spatial_500:eval:1:6,1,12,1.36012,1.356929,1.472227,1.478081,2.971371,2.968661,0.0
groot_sp_500,raw,r6c_cal_groot_spatial_500:eval:1:6,1,14,1.713105,1.710134,1.82994,1.819912,3.290455,3.277154,0.0
groot_sp_500,raw,r6c_cal_groot_spatial_500:eval:1:6,1,16,1.495724,1.492808,1.590701,1.590794,3.270808,3.267868,0.0
groot_sp_500,raw,r6c_cal_groot_spatial_500:eval:1:6,1,18,1.555475,1.552582,1.662406,1.663134,3.207183,3.204375,0.0
groot_sp_500,raw,r6c_cal_groot_spatial_500:eval:1:6,1,20,1.559828,1.556895,1.651422,1.651953,3.190639,3.187897,0.0
groot_sp_500,raw,r6c_cal_groot_spatial_500:eval:1:6,1,22,1.268176,1.265144,1.365492,1.366364,2.893384,2.890678,0.0
groot_sp_500,raw,r6c_cal_groot_spatial_500:eval:2:5,2,0,0.867818,0.865262,0.929314,0.929476,2.138416,2.135802,0.0
groot_sp_500,raw,r6c_cal_groot_spatial_500:eval:2:5,2,2,0.789158,0.78654,0.861579,0.862041,2.258999,2.25655,0.0
groot_sp_500,raw,r6c_cal_groot_spatial_500:eval:2:5,2,4,2.727284,2.724101,2.826629,2.827202,4.404015,4.401162,0.0
groot_sp_500,raw,r6c_cal_groot_spatial_500:eval:2:5,2,6,1.583147,1.580149,1.676897,1.67747,3.31909,3.316435,0.0
groot_sp_500,raw,r6c_cal_groot_spatial_500:eval:2:5,2,8,1.493248,1.490336,1.609996,1.61012,3.055869,3.052903,0.0
groot_sp_500,raw,r6c_cal_groot_spatial_500:eval:2:5,2,10,1.492298,1.489094,1.581836,1.582023,3.094868,3.092,0.0
groot_sp_500,raw,r6c_cal_groot_spatial_500:eval:2:5,2,12,1.297532,1.294296,1.408445,1.408389,2.779224,2.77607,0.0
groot_sp_500,raw,r6c_cal_groot_spatial_500:eval:2:5,2,14,1.217459,1.214474,1.309669,1.30998,2.648476,2.645723,0.0
groot_sp_500,raw,r6c_cal_groot_spatial_500:eval:2:5,2,16,1.283266,1.280386,1.378271,1.378481,2.84702,2.844302,0.0
groot_sp_500,raw,r6c_cal_groot_spatial_500:eval:2:5,2,18,1.616151,1.613366,1.712506,1.713247,3.176102,3.173546,0.0
groot_sp_500,raw,r6c_cal_groot_spatial_500:eval:3:0,3,0,0.904568,0.90188,0.979291,0.979483,2.423243,2.420446,0.0
groot_sp_500,raw,r6c_cal_groot_spatial_500:eval:3:0,3,2,0.844061,0.841466,0.921617,0.921913,2.316954,2.314153,0.0
groot_sp_500,raw,r6c_cal_groot_spatial_500:eval:3:0,3,4,2.517461,2.514602,2.602414,2.603148,4.079161,4.076474,0.0
groot_sp_500,raw,r6c_cal_groot_spatial_500:eval:3:0,3,6,1.27442,1.271348,1.375239,1.365155,2.724932,2.711675,0.0
groot_sp_500,raw,r6c_cal_groot_spatial_500:eval:3:0,3,8,1.344749,1.341798,1.435615,1.435937,2.777719,2.774932,0.0
groot_sp_500,raw,r6c_cal_groot_spatial_500:eval:3:0,3,10,1.193539,1.190505,1.284909,1.284761,2.704551,2.701616,0.0
groot_sp_500,raw,r6c_cal_groot_spatial_500:eval:3:0,3,12,1.396958,1.393912,1.502688,1.488857,3.149463,3.132411,0.0
groot_sp_500,raw,r6c_cal_groot_spatial_500:eval:3:0,3,14,1.488098,1.485141,1.584398,1.584838,3.245838,3.243005,0.0
groot_sp_500,raw,r6c_cal_groot_spatial_500:eval:3:0,3,16,1.464422,1.461555,1.556921,1.557436,2.995061,2.992404,0.0
groot_sp_500,raw,r6c_cal_groot_spatial_500:eval:4:11,4,0,0.938675,0.926755,1.038234,1.038262,2.398559,2.395424,0.0
groot_sp_500,raw,r6c_cal_groot_spatial_500:eval:4:11,4,2,0.959929,0.957415,1.035359,1.036369,2.415263,2.412515,0.0
groot_sp_500,raw,r6c_cal_groot_spatial_500:eval:4:11,4,4,2.686406,2.68357,2.798249,2.798315,4.139546,4.136604,0.0
groot_sp_500,raw,r6c_cal_groot_spatial_500:eval:4:11,4,6,1.381477,1.378739,1.491901,1.492189,2.950779,2.947981,0.0
groot_sp_500,raw,r6c_cal_groot_spatial_500:eval:4:11,4,8,1.516522,1.513661,1.608417,1.608924,3.205328,3.202564,0.0
groot_sp_500,raw,r6c_cal_groot_spatial_500:eval:4:11,4,10,1.605149,1.601936,1.699238,1.699948,3.439017,3.436368,0.0
groot_sp_500,raw,r6c_cal_groot_spatial_500:eval:4:11,4,12,1.542739,1.539513,1.678916,1.679425,3.210698,3.207829,0.0
groot_sp_500,raw,r6c_cal_groot_spatial_500:eval:4:11,4,14,1.491073,1.488122,1.577584,1.578075,3.150612,3.148003,0.0
groot_sp_500,raw,r6c_cal_groot_spatial_500:eval:4:11,4,16,1.455554,1.452212,1.542615,1.543061,2.966017,2.963199,0.0
groot_sp_500,raw,r6c_cal_groot_spatial_500:eval:4:11,4,18,1.325221,1.322244,1.412364,1.410295,2.766217,2.761313,0.0
groot_sp_500,raw,r6c_cal_groot_spatial_500:eval:4:11,4,20,1.295319,1.29234,1.385921,1.386023,2.973205,2.970287,0.0
groot_sp_500,raw,r6c_cal_groot_spatial_500:eval:4:11,4,22,1.565703,1.56258,1.659675,1.660261,3.211061,3.208367,0.0
groot_sp_500,raw,r6c_cal_groot_spatial_500:eval:4:11,4,24,1.627458,1.624578,1.712994,1.713445,3.339263,3.336627,0.0
groot_sp_500,raw,r6c_cal_groot_spatial_500:eval:5:9,5,0,0.844155,0.841755,0.936025,0.935947,2.155867,2.152881,0.0
groot_sp_500,raw,r6c_cal_groot_spatial_500:eval:5:9,5,2,0.866725,0.864073,0.940873,0.941138,2.327532,2.324611,0.0
groot_sp_500,raw,r6c_cal_groot_spatial_500:eval:5:9,5,4,2.688645,2.685641,2.791729,2.792109,4.164087,4.161251,0.0
groot_sp_500,raw,r6c_cal_groot_spatial_500:eval:5:9,5,6,1.374656,1.371835,1.473237,1.474174,2.762087,2.759472,0.0
groot_sp_500,raw,r6c_cal_groot_spatial_500:eval:5:9,5,8,1.24589,1.24308,1.359383,1.35997,2.859331,2.856775,0.0
groot_sp_500,raw,r6c_cal_groot_spatial_500:eval:5:9,5,10,1.466748,1.463489,1.605346,1.605902,3.155909,3.153101,0.0
groot_sp_500,raw,r6c_cal_groot_spatial_500:eval:5:9,5,12,1.593562,1.590526,1.680737,1.681391,3.333075,3.330468,0.0
groot_sp_500,raw,r6c_cal_groot_spatial_500:eval:5:9,5,14,1.415698,1.412385,1.509575,1.509407,3.015464,3.01249,0.0
groot_sp_500,raw,r6c_cal_groot_spatial_500:eval:5:9,5,16,1.289422,1.285339,1.365532,1.366151,2.846703,2.844155,0.0
groot_sp_500,raw,r6c_cal_groot_spatial_500:eval:5:9,5,18,1.401766,1.398895,1.476253,1.476213,2.773855,2.770992,0.0
groot_sp_500,raw,r6c_cal_groot_spatial_500:eval:6:9,6,0,0.767513,0.764782,0.839292,0.839852,2.037814,2.035143,0.0
groot_sp_500,raw,r6c_cal_groot_spatial_500:eval:6:9,6,2,0.677957,0.675283,0.776832,0.749855,2.038576,2.00878,0.0
groot_sp_500,raw,r6c_cal_groot_spatial_500:eval:6:9,6,4,2.834444,2.831329,2.939053,2.939302,4.487454,4.484283,0.0
groot_sp_500,raw,r6c_cal_groot_spatial_500:eval:6:9,6,6,1.648375,1.645001,1.780984,1.78097,3.437551,3.434283,0.0
groot_sp_500,raw,r6c_cal_groot_spatial_500:eval:6:9,6,8,1.46734,1.464243,1.558478,1.559021,3.278178,3.275449,0.0
groot_sp_500,raw,r6c_cal_groot_spatial_500:eval:6:9,6,10,1.38228,1.378836,1.470569,1.471216,2.922136,2.919414,0.0
groot_sp_500,raw,r6c_cal_groot_spatial_500:eval:6:9,6,12,1.455425,1.452089,1.546817,1.547653,2.862555,2.859742,0.0
groot_sp_500,raw,r6c_cal_groot_spatial_500:eval:6:9,6,14,1.311243,1.307922,1.402713,1.402934,2.78323,2.780466,0.0
groot_sp_500,raw,r6c_cal_groot_spatial_500:eval:6:9,6,16,1.314396,1.311256,1.448409,1.448366,2.906259,2.903143,0.0
groot_sp_500,raw,r6c_cal_groot_spatial_500:eval:6:9,6,18,1.640897,1.637916,1.734652,1.735222,3.241031,3.238284,0.0
groot_sp_500,raw,r6c_cal_groot_spatial_500:eval:6:9,6,20,1.614482,1.611675,1.711229,1.711213,3.284071,3.280882,0.0
groot_sp_500,raw,r6c_cal_groot_spatial_500:eval:7:0,7,0,0.872287,0.869482,0.943428,0.943568,2.37143,2.368608,0.0
groot_sp_500,raw,r6c_cal_groot_spatial_500:eval:7:0,7,2,0.743766,0.741255,0.817394,0.818228,2.422109,2.419547,0.0
groot_sp_500,raw,r6c_cal_groot_spatial_500:eval:7:0,7,4,2.492609,2.749207,2.571221,2.831313,3.98456,4.241648,0.0
groot_sp_500,raw,r6c_cal_groot_spatial_500:eval:7:0,7,6,1.265122,1.262262,1.357175,1.357926,2.715795,2.713244,0.0
groot_sp_500,raw,r6c_cal_groot_spatial_500:eval:7:0,7,8,1.43697,1.434124,1.52383,1.524581,3.123638,3.121175,0.0
groot_sp_500,raw,r6c_cal_groot_spatial_500:eval:7:0,7,10,1.601142,1.598105,1.725825,1.726303,3.393599,3.389946,0.0
groot_sp_500,raw,r6c_cal_groot_spatial_500:eval:7:0,7,12,1.755445,1.75233,1.832822,1.833011,3.352242,3.349448,0.0
groot_sp_500,raw,r6c_cal_groot_spatial_500:eval:7:0,7,14,1.582111,1.579091,1.684967,1.685671,3.221106,3.218514,0.0
groot_sp_500,raw,r6c_cal_groot_spatial_500:eval:7:0,7,16,1.490035,1.486884,1.577651,1.578211,3.114911,3.112109,0.0
groot_sp_500,raw,r6c_cal_groot_spatial_500:eval:7:0,7,18,1.311491,1.308337,1.41729,1.417223,2.764569,2.76157,0.0
groot_sp_500,raw,r6c_cal_groot_spatial_500:eval:7:0,7,20,1.266719,1.26357,1.344254,1.344869,2.653775,2.651362,0.0
groot_sp_500,raw,r6c_cal_groot_spatial_500:eval:7:0,7,22,1.470554,1.467517,1.55672,1.552087,3.10824,3.100448,0.0
groot_sp_500,raw,r6c_cal_groot_spatial_500:eval:7:0,7,24,1.619006,1.615861,1.746066,1.747195,3.695055,3.692179,0.0
groot_sp_500,raw,r6c_cal_groot_spatial_500:eval:8:9,8,0,1.021716,1.018896,1.097819,1.097728,2.494033,2.490676,0.0
groot_sp_500,raw,r6c_cal_groot_spatial_500:eval:8:9,8,2,0.835675,0.832946,0.898222,0.89886,2.463352,2.460928,0.0
groot_sp_500,raw,r6c_cal_groot_spatial_500:eval:8:9,8,4,2.755399,2.752603,2.862834,2.862955,4.233051,4.230316,0.0
groot_sp_500,raw,r6c_cal_groot_spatial_500:eval:8:9,8,6,1.288064,1.284967,1.365331,1.366004,2.679854,2.677403,0.0
groot_sp_500,raw,r6c_cal_groot_spatial_500:eval:8:9,8,8,1.239082,1.236259,1.332664,1.333001,2.730928,2.72824,0.0
groot_sp_500,raw,r6c_cal_groot_spatial_500:eval:8:9,8,10,1.551519,1.548519,1.650246,1.660853,3.312988,3.30974,0.0
groot_sp_500,raw,r6c_cal_groot_spatial_500:eval:8:9,8,12,1.65366,1.650277,1.748879,1.749448,3.645744,3.642729,0.0
groot_sp_500,raw,r6c_cal_groot_spatial_500:eval:8:9,8,14,1.472049,1.469024,1.562044,1.56288,3.210898,3.208226,0.0
groot_sp_500,raw,r6c_cal_groot_spatial_500:eval:8:9,8,16,1.461827,1.458426,1.553256,1.553754,3.25248,3.249733,0.0
groot_sp_500,raw,r6c_cal_groot_spatial_500:eval:8:9,8,18,1.379617,1.376734,1.465267,1.465208,2.858237,2.855185,0.0
groot_sp_500,raw,r6c_cal_groot_spatial_500:eval:9:2,9,0,0.7307,0.728232,0.804851,0.804922,1.989182,1.986108,0.0
groot_sp_500,raw,r6c_cal_groot_spatial_500:eval:9:2,9,2,0.698613,0.696215,0.771136,0.772227,2.171812,2.169139,0.0
groot_sp_500,raw,r6c_cal_groot_spatial_500:eval:9:2,9,4,2.957966,2.954752,3.084424,3.084297,5.018055,5.014241,0.0
groot_sp_500,raw,r6c_cal_groot_spatial_500:eval:9:2,9,6,1.905733,1.902584,2.006386,2.006067,3.694187,3.690387,0.0
groot_sp_500,raw,r6c_cal_groot_spatial_500:eval:9:2,9,8,1.538033,1.534301,1.672364,1.658372,3.317138,3.29937,0.0
groot_sp_500,raw,r6c_cal_groot_spatial_500:eval:9:2,9,10,1.739971,1.723449,1.81346,1.813424,3.180651,3.177699,0.0
groot_sp_500,raw,r6c_cal_groot_spatial_500:eval:9:2,9,12,1.333249,1.330206,1.423677,1.424231,2.798,2.794824,0.0
groot_sp_500,raw,r6c_cal_groot_spatial_500:eval:9:2,9,14,1.274229,1.271279,1.360991,1.361555,2.710905,2.70827,0.0
groot_sp_500,raw,r6c_cal_groot_spatial_500:eval:9:2,9,16,1.630906,1.627741,1.705539,1.705974,3.243342,3.240851,0.0
groot_sp_500,raw,r6c_cal_groot_spatial_500:eval:9:2,9,18,1.787204,1.78424,1.897912,1.899047,3.680105,3.677409,0.0
groot_sp_500,raw,r6c_cal_groot_spatial_500:eval:9:2,9,20,1.695002,1.691966,1.806776,1.807157,3.33596,3.333207,0.0
groot_sp_500,raw,r6c_cal_groot_spatial_500:eval:9:2,9,22,1.613247,1.609711,1.749102,1.749027,3.45299,3.449446,0.0
groot_sp_500,code,r6c_cal_groot_spatial_500:eval:0:9,0,0,0.044239,0.042492,0.233481,0.233471,2.688498,2.684363,0.05956
groot_sp_500,code,r6c_cal_groot_spatial_500:eval:0:9,0,2,0.034949,0.033154,0.187403,0.188756,1.966583,1.963662,0.034919
groot_sp_500,code,r6c_cal_groot_spatial_500:eval:0:9,0,4,1.537195,1.516487,1.708334,1.709036,2.994697,2.991524,0.032393
groot_sp_500,code,r6c_cal_groot_spatial_500:eval:0:9,0,6,0.539002,0.536076,0.675944,0.677363,2.198886,2.195985,0.034977
groot_sp_500,code,r6c_cal_groot_spatial_500:eval:0:9,0,8,0.546916,0.538324,0.680953,0.682696,2.140425,2.13784,0.036493
groot_sp_500,code,r6c_cal_groot_spatial_500:eval:0:9,0,10,0.51416,0.511341,0.650975,0.651651,2.005894,2.002994,0.035215
groot_sp_500,code,r6c_cal_groot_spatial_500:eval:0:9,0,12,0.523312,0.520338,0.645425,0.646751,1.99822,1.995367,0.034077
groot_sp_500,code,r6c_cal_groot_spatial_500:eval:0:9,0,13,0.465293,0.462545,0.57902,0.579919,1.930035,1.927542,0.03179
groot_sp_500,code,r6c_cal_groot_spatial_500:eval:0:9,0,15,0.514627,0.511933,0.641232,0.642181,1.925715,1.923291,0.028583
groot_sp_500,code,r6c_cal_groot_spatial_500:eval:0:9,0,17,0.505435,0.50271,0.619426,0.620568,1.962803,1.960405,0.028673
groot_sp_500,code,r6c_cal_groot_spatial_500:eval:0:9,0,19,0.56396,0.560951,0.73189,0.732764,2.265889,2.263046,0.029837
groot_sp_500,code,r6c_cal_groot_spatial_500:eval:0:9,0,20,0.409624,0.407229,0.577697,0.578359,1.946921,1.94366,0.034414
groot_sp_500,code,r6c_cal_groot_spatial_500:eval:0:9,0,22,0.577075,0.574165,0.707983,0.709685,2.130082,2.127388,0.034001
groot_sp_500,code,r6c_cal_groot_spatial_500:eval:0:9,0,24,0.686623,0.683713,0.835263,0.836585,2.173521,2.170743,0.03556
groot_sp_500,code,r6c_cal_groot_spatial_500:eval:0:9,0,26,0.535736,0.532825,0.669473,0.670882,2.122191,2.119387,0.035071
groot_sp_500,code,r6c_cal_groot_spatial_500:eval:0:9,0,28,0.514148,0.511332,0.656558,0.657612,2.025507,2.022672,0.035296
groot_sp_500,code,r6c_cal_groot_spatial_500:eval:0:9,0,30,0.512304,0.509476,0.642491,0.643391,2.004393,2.00157,0.032925
groot_sp_500,code,r6c_cal_groot_spatial_500:eval:0:9,0,32,0.513052,0.510135,0.663874,0.665397,2.011177,2.008434,0.049643
groot_sp_500,code,r6c_cal_groot_spatial_500:eval:0:9,0,34,0.470656,0.467863,0.592755,0.593607,1.920868,1.918149,0.03464
groot_sp_500,code,r6c_cal_groot_spatial_500:eval:0:9,0,36,0.515649,0.512855,0.686401,0.686854,1.988762,1.985488,0.032487
groot_sp_500,code,r6c_cal_groot_spatial_500:eval:0:9,0,38,0.52044,0.505581,0.652057,0.653008,2.116127,2.113136,0.034002
groot_sp_500,code,r6c_cal_groot_spatial_500:eval:0:9,0,40,0.528958,0.526065,0.663634,0.664789,2.122525,2.119703,0.033905
groot_sp_500,code,r6c_cal_groot_spatial_500:eval:0:9,0,42,0.565365,0.562568,0.688248,0.689254,2.012806,2.010272,0.02853
groot_sp_500,code,r6c_cal_groot_spatial_500:eval:1:6,1,0,0.032349,0.030801,0.133671,0.134317,1.357612,1.354998,0.033207
groot_sp_500,code,r6c_cal_groot_spatial_500:eval:1:6,1,2,0.046998,0.045101,0.160465,0.161091,1.648076,1.645186,0.033935
groot_sp_500,code,r6c_cal_groot_spatial_500:eval:1:6,1,4,1.705256,1.70188,1.852703,1.853801,3.278779,3.275836,0.034524
groot_sp_500,code,r6c_cal_groot_spatial_500:eval:1:6,1,6,0.556099,0.553069,0.68925,0.690032,2.05209,2.049299,0.034318
groot_sp_500,code,r6c_cal_groot_spatial_500:eval:1:6,1,8,0.539293,0.53641,0.672899,0.674339,1.996086,1.993399,0.034404
groot_sp_500,code,r6c_cal_groot_spatial_500:eval:1:6,1,10,0.533953,0.531141,0.687259,0.687595,1.953812,1.950912,0.051878
groot_sp_500,code,r6c_cal_groot_spatial_500:eval:1:6,1,12,0.552058,0.549167,0.682691,0.683827,1.969025,1.966319,0.033463
groot_sp_500,code,r6c_cal_groot_spatial_500:eval:1:6,1,14,0.66031,0.657285,0.796402,0.797501,2.246889,2.244112,0.0344
groot_sp_500,code,r6c_cal_groot_spatial_500:eval:1:6,1,16,0.565324,0.562648,0.680066,0.681209,2.119126,2.116539,0.034168
groot_sp_500,code,r6c_cal_groot_spatial_500:eval:1:6,1,18,0.597384,0.594406,0.739396,0.740435,2.122945,2.120318,0.028818
groot_sp_500,code,r6c_cal_groot_spatial_500:eval:1:6,1,20,0.663219,0.660189,0.798831,0.800429,2.216574,2.213609,0.032118
groot_sp_500,code,r6c_cal_groot_spatial_500:eval:1:6,1,22,0.631451,0.628499,0.77412,0.775551,2.280899,2.278066,0.035538
groot_sp_500,code,r6c_cal_groot_spatial_500:eval:2:5,2,0,0.037111,0.03538,0.151105,0.151798,1.408634,1.405907,0.034805
groot_sp_500,code,r6c_cal_groot_spatial_500:eval:2:5,2,2,0.04795,0.045992,0.156295,0.157655,1.489985,1.487396,0.033392
groot_sp_500,code,r6c_cal_groot_spatial_500:eval:2:5,2,4,1.605601,1.602646,1.721351,1.722435,3.04406,3.041582,0.031102
groot_sp_500,code,r6c_cal_groot_spatial_500:eval:2:5,2,6,0.576442,0.573836,0.687219,0.68878,1.994132,1.991821,0.02943
groot_sp_500,code,r6c_cal_groot_spatial_500:eval:2:5,2,8,0.668432,0.665437,0.82905,0.829851,2.162179,2.159293,0.028342
groot_sp_500,code,r6c_cal_groot_spatial_500:eval:2:5,2,10,0.708433,0.70544,0.842881,0.844272,2.238231,2.235509,0.034875
groot_sp_500,code,r6c_cal_groot_spatial_500:eval:2:5,2,12,0.660704,0.653641,0.804048,0.804753,2.223942,2.2211,0.034182
groot_sp_500,code,r6c_cal_groot_spatial_500:eval:2:5,2,14,0.604479,0.601754,0.724222,0.725303,2.116595,2.113958,0.034562
groot_sp_500,code,r6c_cal_groot_spatial_500:eval:2:5,2,16,0.708854,0.705701,0.836745,0.847444,2.428744,2.425946,0.029206
groot_sp_500,code,r6c_cal_groot_spatial_500:eval:2:5,2,18,0.630988,0.627626,0.769374,0.77046,2.179088,2.176365,0.035198
groot_sp_500,code,r6c_cal_groot_spatial_500:eval:3:0,3,0,0.079503,0.077447,0.197538,0.198385,1.433953,1.431133,0.034767
groot_sp_500,code,r6c_cal_groot_spatial_500:eval:3:0,3,2,0.036989,0.035108,0.153294,0.160976,1.497764,1.494995,0.03347
groot_sp_500,code,r6c_cal_groot_spatial_500:eval:3:0,3,4,1.688928,1.685859,1.808974,1.810236,3.209775,3.207115,0.033238
groot_sp_500,code,r6c_cal_groot_spatial_500:eval:3:0,3,6,0.451623,0.449154,0.625001,0.625205,2.005107,2.001563,0.034397
groot_sp_500,code,r6c_cal_groot_spatial_500:eval:3:0,3,8,0.744344,0.741327,0.908356,0.909496,2.43496,2.432048,0.034426
groot_sp_500,code,r6c_cal_groot_spatial_500:eval:3:0,3,10,0.608722,0.605656,0.771952,0.773173,2.363839,2.360795,0.037469
groot_sp_500,code,r6c_cal_groot_spatial_500:eval:3:0,3,12,0.702464,0.699439,0.842753,0.844154,2.37964,2.37706,0.034612
groot_sp_500,code,r6c_cal_groot_spatial_500:eval:3:0,3,14,0.714598,0.711978,0.886504,0.887243,2.181115,2.178422,0.029808
groot_sp_500,code,r6c_cal_groot_spatial_500:eval:3:0,3,16,0.588481,0.585404,0.733447,0.734747,2.113349,2.110501,0.040817
groot_sp_500,code,r6c_cal_groot_spatial_500:eval:4:11,4,0,0.036547,0.034744,0.163064,0.163772,1.427177,1.424288,0.036825
groot_sp_500,code,r6c_cal_groot_spatial_500:eval:4:11,4,2,0.031719,0.03019,0.169923,0.17074,1.48973,1.486885,0.033843
groot_sp_500,code,r6c_cal_groot_spatial_500:eval:4:11,4,4,2.013312,2.010144,2.152881,2.150432,3.478479,3.475723,0.035253
groot_sp_500,code,r6c_cal_groot_spatial_500:eval:4:11,4,6,0.696475,0.693633,0.827991,0.829334,2.223395,2.220662,0.034892
groot_sp_500,code,r6c_cal_groot_spatial_500:eval:4:11,4,8,0.760025,0.756965,0.9335,0.934365,2.237282,2.234405,0.068718
groot_sp_500,code,r6c_cal_groot_spatial_500:eval:4:11,4,10,0.667611,0.664408,0.801213,0.802464,2.336764,2.333973,0.034661
groot_sp_500,code,r6c_cal_groot_spatial_500:eval:4:11,4,12,0.7258,0.722833,0.889035,0.890021,2.363194,2.360318,0.034285
groot_sp_500,code,r6c_cal_groot_spatial_500:eval:4:11,4,14,0.626005,0.622786,0.760412,0.761911,2.190503,2.187755,0.034339
groot_sp_500,code,r6c_cal_groot_spatial_500:eval:4:11,4,16,0.671428,0.668467,0.812448,0.81908,2.407694,2.404046,0.041655
groot_sp_500,code,r6c_cal_groot_spatial_500:eval:4:11,4,18,0.649788,0.646765,0.797144,0.797439,2.215286,2.211922,0.035191
groot_sp_500,code,r6c_cal_groot_spatial_500:eval:4:11,4,20,0.660672,0.657704,0.798264,0.798941,2.160565,2.157479,0.034551
groot_sp_500,code,r6c_cal_groot_spatial_500:eval:4:11,4,22,0.676384,0.672875,0.83312,0.834232,2.246792,2.244113,0.05284
groot_sp_500,code,r6c_cal_groot_spatial_500:eval:4:11,4,24,0.643075,0.640114,0.777115,0.777962,2.088137,2.085379,0.031931
groot_sp_500,code,r6c_cal_groot_spatial_500:eval:5:9,5,0,0.063222,0.061197,0.168217,0.168545,1.250665,1.248179,0.02842
groot_sp_500,code,r6c_cal_groot_spatial_500:eval:5:9,5,2,0.037195,0.035299,0.14921,0.150542,1.528652,1.526054,0.033097
groot_sp_500,code,r6c_cal_groot_spatial_500:eval:5:9,5,4,1.838287,1.835149,1.992461,1.975319,3.458198,3.437756,0.033367
groot_sp_500,code,r6c_cal_groot_spatial_500:eval:5:9,5,6,0.556068,0.553163,0.694006,0.708195,2.107636,2.104709,0.034576
groot_sp_500,code,r6c_cal_groot_spatial_500:eval:5:9,5,8,0.751461,0.748355,0.904018,0.904947,2.217725,2.2149,0.034456
groot_sp_500,code,r6c_cal_groot_spatial_500:eval:5:9,5,10,0.600384,0.59747,0.794239,0.805099,2.243892,2.241077,0.069628
groot_sp_500,code,r6c_cal_groot_spatial_500:eval:5:9,5,12,0.596253,0.59338,0.738641,0.744157,2.090957,2.088298,0.039599
groot_sp_500,code,r6c_cal_groot_spatial_500:eval:5:9,5,14,0.550987,0.547916,0.687644,0.68844,2.015682,2.012707,0.03313
groot_sp_500,code,r6c_cal_groot_spatial_500:eval:5:9,5,16,0.573946,0.57089,0.710799,0.711819,2.051032,2.048188,0.034364
groot_sp_500,code,r6c_cal_groot_spatial_500:eval:5:9,5,18,0.585226,0.58214,0.722778,0.723765,2.045717,2.042878,0.034612
groot_sp_500,code,r6c_cal_groot_spatial_500:eval:6:9,6,0,0.037392,0.035572,0.154869,0.155518,1.369652,1.366841,0.035922
groot_sp_500,code,r6c_cal_groot_spatial_500:eval:6:9,6,2,0.055998,0.054132,0.16808,0.185406,1.812847,1.810147,0.033993
groot_sp_500,code,r6c_cal_groot_spatial_500:eval:6:9,6,4,2.088978,2.08553,2.266059,2.268012,3.70602,3.703305,0.071579
groot_sp_500,code,r6c_cal_groot_spatial_500:eval:6:9,6,6,0.588977,0.586056,0.719881,0.721235,2.140509,2.137924,0.035379
groot_sp_500,code,r6c_cal_groot_spatial_500:eval:6:9,6,8,0.638277,0.635376,0.771784,0.772789,2.284384,2.28159,0.030447
groot_sp_500,code,r6c_cal_groot_spatial_500:eval:6:9,6,10,0.634774,0.631304,0.774652,0.775752,2.453931,2.450858,0.038183
groot_sp_500,code,r6c_cal_groot_spatial_500:eval:6:9,6,12,0.597132,0.594084,0.724703,0.725622,2.095495,2.092759,0.034965
groot_sp_500,code,r6c_cal_groot_spatial_500:eval:6:9,6,14,0.643762,0.640775,0.809805,0.811268,2.152461,2.149583,0.063424
groot_sp_500,code,r6c_cal_groot_spatial_500:eval:6:9,6,16,0.639255,0.636237,0.772927,0.774067,2.063792,2.060887,0.034564
groot_sp_500,code,r6c_cal_groot_spatial_500:eval:6:9,6,18,0.554866,0.551948,0.687209,0.688451,2.014409,2.011438,0.034012
groot_sp_500,code,r6c_cal_groot_spatial_500:eval:6:9,6,20,0.747664,0.744503,0.90149,0.90266,2.514078,2.510853,0.034316
groot_sp_500,code,r6c_cal_groot_spatial_500:eval:7:0,7,0,0.037419,0.035628,0.153266,0.15421,1.541178,1.538299,0.035974
groot_sp_500,code,r6c_cal_groot_spatial_500:eval:7:0,7,2,0.037557,0.035755,0.161473,0.153457,1.61384,1.611273,0.04373
groot_sp_500,code,r6c_cal_groot_spatial_500:eval:7:0,7,4,1.897593,1.894291,2.051823,2.051758,3.322923,3.319438,0.034601
groot_sp_500,code,r6c_cal_groot_spatial_500:eval:7:0,7,6,0.810325,0.80309,1.004061,1.00626,2.836186,2.83231,0.046638
groot_sp_500,code,r6c_cal_groot_spatial_500:eval:7:0,7,8,0.598422,0.5953,0.734987,0.735681,2.129031,2.125897,0.035918
groot_sp_500,code,r6c_cal_groot_spatial_500:eval:7:0,7,10,0.545106,0.542426,0.665938,0.667268,2.105648,2.102771,0.034816
groot_sp_500,code,r6c_cal_groot_spatial_500:eval:7:0,7,12,0.644555,0.641384,0.779391,0.780567,2.145368,2.142177,0.035044
groot_sp_500,code,r6c_cal_groot_spatial_500:eval:7:0,7,14,0.640046,0.636899,0.776773,0.777866,2.085874,2.083035,0.033599
groot_sp_500,code,r6c_cal_groot_spatial_500:eval:7:0,7,16,0.697952,0.694416,0.875971,0.876927,2.525045,2.521749,0.035299
groot_sp_500,code,r6c_cal_groot_spatial_500:eval:7:0,7,18,0.666027,0.662642,0.816135,0.816895,2.259154,2.255496,0.035988
groot_sp_500,code,r6c_cal_groot_spatial_500:eval:7:0,7,20,0.613904,0.610833,0.764019,0.764993,2.120246,2.117376,0.047653
groot_sp_500,code,r6c_cal_groot_spatial_500:eval:7:0,7,22,0.78961,0.786312,0.96426,0.964475,2.413975,2.410662,0.029687
groot_sp_500,code,r6c_cal_groot_spatial_500:eval:7:0,7,24,0.864888,0.861308,1.010409,1.011892,2.758532,2.75519,0.038359
groot_sp_500,code,r6c_cal_groot_spatial_500:eval:8:9,8,0,0.036984,0.035202,0.162102,0.162759,1.408692,1.405849,0.041466
groot_sp_500,code,r6c_cal_groot_spatial_500:eval:8:9,8,2,0.037868,0.036066,0.156032,0.15704,1.51075,1.508229,0.033474
groot_sp_500,code,r6c_cal_groot_spatial_500:eval:8:9,8,4,1.398134,1.394874,1.530321,1.530877,2.86754,2.864561,0.034761
groot_sp_500,code,r6c_cal_groot_spatial_500:eval:8:9,8,6,0.491177,0.488542,0.609544,0.610808,1.967639,1.965175,0.036342
groot_sp_500,code,r6c_cal_groot_spatial_500:eval:8:9,8,8,0.625428,0.622335,0.764389,0.78,2.234044,2.230913,0.034187
groot_sp_500,code,r6c_cal_groot_spatial_500:eval:8:9,8,10,0.562966,0.56012,0.695893,0.697736,2.234858,2.232056,0.034682
groot_sp_500,code,r6c_cal_groot_spatial_500:eval:8:9,8,12,0.549563,0.546662,0.682242,0.682862,2.127843,2.124768,0.035306
groot_sp_500,code,r6c_cal_groot_spatial_500:eval:8:9,8,14,0.5504,0.547586,0.728719,0.729467,2.0396,2.03639,0.034222
groot_sp_500,code,r6c_cal_groot_spatial_500:eval:8:9,8,16,0.754172,0.750589,0.948987,0.962394,2.549719,2.546411,0.03558
groot_sp_500,code,r6c_cal_groot_spatial_500:eval:8:9,8,18,0.568861,0.565677,0.752643,0.754718,2.443264,2.439425,0.060681
groot_sp_500,code,r6c_cal_groot_spatial_500:eval:9:2,9,0,0.037403,0.035564,0.157045,0.157486,1.400022,1.397113,0.03631
groot_sp_500,code,r6c_cal_groot_spatial_500:eval:9:2,9,2,0.038159,0.036236,0.16258,0.163433,1.501028,1.498238,0.044204
groot_sp_500,code,r6c_cal_groot_spatial_500:eval:9:2,9,4,1.740181,1.736938,1.876188,1.877246,3.216337,3.213541,0.034168
groot_sp_500,code,r6c_cal_groot_spatial_500:eval:9:2,9,6,0.792255,0.789084,0.937222,0.938321,2.313816,2.310972,0.03482
groot_sp_500,code,r6c_cal_groot_spatial_500:eval:9:2,9,8,0.71373,0.710522,0.908351,0.909888,2.569416,2.566017,0.067175
groot_sp_500,code,r6c_cal_groot_spatial_500:eval:9:2,9,10,0.627723,0.624917,0.769224,0.769908,2.269132,2.266076,0.035116
groot_sp_500,code,r6c_cal_groot_spatial_500:eval:9:2,9,12,0.716807,0.713697,0.879216,0.883962,2.26731,2.264478,0.029124
groot_sp_500,code,r6c_cal_groot_spatial_500:eval:9:2,9,14,0.860588,0.857138,1.015096,1.016401,2.726839,2.723265,0.034594
groot_sp_500,code,r6c_cal_groot_spatial_500:eval:9:2,9,16,0.667422,0.66438,0.818232,0.819519,2.450032,2.446034,0.046577
groot_sp_500,code,r6c_cal_groot_spatial_500:eval:9:2,9,18,0.642242,0.639459,0.775815,0.776354,2.136122,2.133232,0.034766
groot_sp_500,code,r6c_cal_groot_spatial_500:eval:9:2,9,20,0.628336,0.625469,0.764438,0.765146,2.148426,2.145588,0.034452
groot_sp_500,code,r6c_cal_groot_spatial_500:eval:9:2,9,22,0.577547,0.574911,0.735458,0.736408,2.113914,2.110968,0.035551
pi05_l10_50,raw,r6c_cal_pi05_l10_50:eval:0:8,0,0,2.045945,2.042806,2.151195,2.15008,4.633794,4.629731,0.0
pi05_l10_50,raw,r6c_cal_pi05_l10_50:eval:0:8,0,2,1.295275,1.292314,1.390207,1.390737,3.110432,3.10777,0.0
pi05_l10_50,raw,r6c_cal_pi05_l10_50:eval:0:8,0,4,1.91537,1.911891,2.006405,2.006878,3.584164,3.581322,0.0
pi05_l10_50,raw,r6c_cal_pi05_l10_50:eval:0:8,0,6,1.313022,1.309721,1.396317,1.396863,2.920754,2.9181,0.0
pi05_l10_50,raw,r6c_cal_pi05_l10_50:eval:0:8,0,8,1.368076,1.364974,1.462209,1.462309,3.121814,3.118871,0.0
pi05_l10_50,raw,r6c_cal_pi05_l10_50:eval:0:8,0,10,1.344155,1.341074,1.426976,1.427317,2.720087,2.717279,0.0
pi05_l10_50,raw,r6c_cal_pi05_l10_50:eval:0:8,0,12,1.173674,1.157549,1.26102,1.258906,2.797011,2.791832,0.0
pi05_l10_50,raw,r6c_cal_pi05_l10_50:eval:0:8,0,14,1.458784,1.455569,1.545197,1.545495,3.000091,2.997073,0.0
pi05_l10_50,raw,r6c_cal_pi05_l10_50:eval:0:8,0,16,1.450415,1.446832,1.536661,1.537261,3.120068,3.117144,0.0
pi05_l10_50,raw,r6c_cal_pi05_l10_50:eval:0:8,0,18,1.480021,1.477063,1.561617,1.561802,3.109391,3.106555,0.0
pi05_l10_50,raw,r6c_cal_pi05_l10_50:eval:0:8,0,20,1.185406,1.182005,1.284818,1.28585,2.760783,2.758241,0.0
pi05_l10_50,raw,r6c_cal_pi05_l10_50:eval:0:8,0,21,1.301155,1.298112,1.39001,1.390683,2.836235,2.833451,0.0
pi05_l10_50,raw,r6c_cal_pi05_l10_50:eval:0:8,0,23,1.301621,1.298233,1.397868,1.399613,2.724712,2.722112,0.0
pi05_l10_50,raw,r6c_cal_pi05_l10_50:eval:0:8,0,25,1.155185,1.152163,1.255734,1.256399,2.657672,2.655103,0.0
pi05_l10_50,raw,r6c_cal_pi05_l10_50:eval:0:8,0,27,1.257425,1.254139,1.355475,1.355361,2.756764,2.753424,0.0
pi05_l10_50,raw,r6c_cal_pi05_l10_50:eval:0:8,0,29,1.268993,1.265785,1.35965,1.360063,2.956087,2.953406,0.0
pi05_l10_50,raw,r6c_cal_pi05_l10_50:eval:0:8,0,31,1.34854,1.345372,1.435166,1.435301,3.029906,3.027096,0.0
pi05_l10_50,raw,r6c_cal_pi05_l10_50:eval:0:8,0,33,1.256443,1.253414,1.333585,1.334083,2.690512,2.687972,0.0
pi05_l10_50,raw,r6c_cal_pi05_l10_50:eval:0:8,0,35,1.377808,1.374872,1.462879,1.463462,3.014043,3.01135,0.0
pi05_l10_50,raw,r6c_cal_pi05_l10_50:eval:0:8,0,37,1.334735,1.331894,1.407623,1.408126,2.73821,2.735829,0.0
pi05_l10_50,raw,r6c_cal_pi05_l10_50:eval:0:8,0,39,1.09742,1.094244,1.197723,1.198574,2.480764,2.478318,0.0
pi05_l10_50,raw,r6c_cal_pi05_l10_50:eval:0:8,0,41,1.234676,1.231546,1.320048,1.320314,2.705027,2.702195,0.0
pi05_l10_50,raw,r6c_cal_pi05_l10_50:eval:0:8,0,43,1.404044,1.401039,1.494548,1.494931,2.915786,2.912916,0.0
pi05_l10_50,raw,r6c_cal_pi05_l10_50:eval:0:8,0,45,1.471171,1.467927,1.555276,1.555446,3.09316,3.090311,0.0
pi05_l10_50,raw,r6c_cal_pi05_l10_50:eval:0:8,0,47,1.401171,1.398021,1.474464,1.475027,2.791436,2.788946,0.0
pi05_l10_50,raw,r6c_cal_pi05_l10_50:eval:0:8,0,49,1.162529,1.159217,1.250743,1.23392,2.682893,2.662894,0.0
pi05_l10_50,raw,r6c_cal_pi05_l10_50:eval:0:8,0,51,1.131211,1.128409,1.215611,1.216103,2.655187,2.652535,0.0
pi05_l10_50,raw,r6c_cal_pi05_l10_50:eval:0:8,0,53,1.185537,1.182542,1.25326,1.253741,2.491979,2.489479,0.0
pi05_l10_50,raw,r6c_cal_pi05_l10_50:eval:0:8,0,55,1.032633,1.029906,1.114203,1.114658,2.439398,2.436916,0.0
pi05_l10_50,raw,r6c_cal_pi05_l10_50:eval:0:8,0,57,1.259578,1.256503,1.400682,1.4007,2.78684,2.783706,0.0
pi05_l10_50,raw,r6c_cal_pi05_l10_50:eval:1:8,1,0,0.82703,0.824222,0.905589,0.905746,2.204135,2.201054,0.0
pi05_l10_50,raw,r6c_cal_pi05_l10_50:eval:1:8,1,2,0.976238,0.973143,1.049677,1.049947,2.491602,2.488935,0.0
pi05_l10_50,raw,r6c_cal_pi05_l10_50:eval:1:8,1,4,1.749439,1.74655,1.833466,1.833855,3.166807,3.164134,0.0
pi05_l10_50,raw,r6c_cal_pi05_l10_50:eval:1:8,1,5,1.193618,1.184302,1.315227,1.315192,2.929415,2.926162,0.0
pi05_l10_50,raw,r6c_cal_pi05_l10_50:eval:1:8,1,7,1.250205,1.246936,1.338317,1.338637,2.824792,2.821936,0.0
pi05_l10_50,raw,r6c_cal_pi05_l10_50:eval:1:8,1,9,1.14141,1.138338,1.219756,1.220085,2.516707,2.513866,0.0
pi05_l10_50,raw,r6c_cal_pi05_l10_50:eval:1:8,1,11,1.106311,1.103037,1.191078,1.191756,2.651246,2.648873,0.0
pi05_l10_50,raw,r6c_cal_pi05_l10_50:eval:1:8,1,13,1.350568,1.347684,1.438189,1.437867,2.802808,2.799831,0.0
pi05_l10_50,raw,r6c_cal_pi05_l10_50:eval:1:8,1,15,1.263392,1.260226,1.355649,1.35603,2.98835,2.985421,0.0
pi05_l10_50,raw,r6c_cal_pi05_l10_50:eval:1:8,1,17,1.278572,1.330714,1.363919,1.419015,2.822476,2.874743,0.0
pi05_l10_50,raw,r6c_cal_pi05_l10_50:eval:1:8,1,19,1.116957,1.113836,1.202678,1.202678,2.512019,2.508955,0.0
pi05_l10_50,raw,r6c_cal_pi05_l10_50:eval:1:8,1,21,1.405317,1.402496,1.536134,1.523537,2.858684,2.842545,0.0
pi05_l10_50,raw,r6c_cal_pi05_l10_50:eval:1:8,1,23,1.323603,1.320359,1.409379,1.409775,2.647666,2.644861,0.0
pi05_l10_50,raw,r6c_cal_pi05_l10_50:eval:1:8,1,25,1.103523,1.100425,1.171734,1.172379,2.39736,2.394906,0.0
pi05_l10_50,raw,r6c_cal_pi05_l10_50:eval:1:8,1,26,1.33915,1.336183,1.419142,1.420185,2.843992,2.841465,0.0
pi05_l10_50,raw,r6c_cal_pi05_l10_50:eval:1:8,1,28,1.265822,1.262293,1.355637,1.356116,2.753221,2.750447,0.0
pi05_l10_50,raw,r6c_cal_pi05_l10_50:eval:1:8,1,30,1.351641,1.348237,1.44422,1.444719,2.937956,2.935061,0.0
pi05_l10_50,raw,r6c_cal_pi05_l10_50:eval:1:8,1,32,1.212838,1.209813,1.317362,1.317211,2.563516,2.560536,0.0
pi05_l10_50,raw,r6c_cal_pi05_l10_50:eval:1:8,1,34,1.160131,1.157211,1.246078,1.246304,2.603742,2.600849,0.0
pi05_l10_50,raw,r6c_cal_pi05_l10_50:eval:1:8,1,36,1.318907,1.315898,1.406694,1.406834,2.865204,2.861789,0.0
pi05_l10_50,raw,r6c_cal_pi05_l10_50:eval:1:8,1,38,1.173379,1.170284,1.261397,1.261445,2.510483,2.507502,0.0
pi05_l10_50,raw,r6c_cal_pi05_l10_50:eval:1:8,1,40,1.166939,1.163765,1.248749,1.250763,2.567613,2.564722,0.0
pi05_l10_50,raw,r6c_cal_pi05_l10_50:eval:1:8,1,42,1.211844,1.208765,1.298604,1.298993,2.704858,2.701882,0.0
pi05_l10_50,raw,r6c_cal_pi05_l10_50:eval:1:8,1,44,1.385158,1.381995,1.476715,1.477005,2.914005,2.910695,0.0
pi05_l10_50,raw,r6c_cal_pi05_l10_50:eval:1:8,1,46,1.42649,1.423495,1.516381,1.516811,2.959604,2.956856,0.0
pi05_l10_50,raw,r6c_cal_pi05_l10_50:eval:2:4,2,0,0.877602,0.874936,0.952617,0.952651,2.260808,2.257958,0.0
pi05_l10_50,raw,r6c_cal_pi05_l10_50:eval:2:4,2,2,0.775525,0.773135,0.847437,0.848628,2.203153,2.200359,0.0
pi05_l10_50,raw,r6c_cal_pi05_l10_50:eval:2:4,2,4,1.807793,1.799297,1.903575,1.904127,3.376641,3.373945,0.0
pi05_l10_50,raw,r6c_cal_pi05_l10_50:eval:2:4,2,5,1.263345,1.260152,1.344063,1.3447,2.860451,2.857823,0.0
pi05_l10_50,raw,r6c_cal_pi05_l10_50:eval:2:4,2,7,1.249651,1.23785,1.339232,1.339615,2.831877,2.82893,0.0
pi05_l10_50,raw,r6c_cal_pi05_l10_50:eval:2:4,2,9,1.287475,1.284567,1.371435,1.371848,2.759629,2.75683,0.0
pi05_l10_50,raw,r6c_cal_pi05_l10_50:eval:2:4,2,10,1.298012,1.294768,1.393444,1.394377,3.128004,3.125209,0.0
pi05_l10_50,raw,r6c_cal_pi05_l10_50:eval:2:4,2,12,1.587719,1.584706,1.699348,1.699844,3.396231,3.393153,0.0
pi05_l10_50,raw,r6c_cal_pi05_l10_50:eval:2:4,2,14,1.23472,1.231595,1.326901,1.327783,2.948541,2.945709,0.0
pi05_l10_50,raw,r6c_cal_pi05_l10_50:eval:2:4,2,16,1.397244,1.393887,1.483029,1.483381,3.022835,3.020024,0.0
pi05_l10_50,raw,r6c_cal_pi05_l10_50:eval:2:4,2,18,1.139201,1.125748,1.225117,1.225387,2.493099,2.489911,0.0
pi05_l10_50,raw,r6c_cal_pi05_l10_50:eval:2:4,2,20,1.422387,1.418889,1.508185,1.508755,3.112991,3.110155,0.0
pi05_l10_50,raw,r6c_cal_pi05_l10_50:eval:2:4,2,22,1.390059,1.387112,1.513016,1.513187,3.26301,3.259489,0.0
pi05_l10_50,raw,r6c_cal_pi05_l10_50:eval:2:4,2,24,1.660966,1.656968,1.754349,1.754904,3.460465,3.45684,0.0
pi05_l10_50,raw,r6c_cal_pi05_l10_50:eval:2:4,2,26,1.363184,1.359788,1.445376,1.44607,2.944888,2.942068,0.0
pi05_l10_50,raw,r6c_cal_pi05_l10_50:eval:2:4,2,28,1.364488,1.360972,1.487505,1.488061,3.136104,3.133024,0.0
pi05_l10_50,raw,r6c_cal_pi05_l10_50:eval:2:4,2,30,1.528693,1.525445,1.611442,1.611653,3.164038,3.161231,0.0
pi05_l10_50,raw,r6c_cal_pi05_l10_50:eval:2:4,2,32,1.286761,1.283478,1.419033,1.418823,2.821662,2.818244,0.0
pi05_l10_50,raw,r6c_cal_pi05_l10_50:eval:2:4,2,34,1.446476,1.443256,1.536484,1.536285,3.313152,3.309745,0.0
pi05_l10_50,raw,r6c_cal_pi05_l10_50:eval:2:4,2,36,1.50195,1.498313,1.638589,1.639047,3.627738,3.623775,0.0
pi05_l10_50,raw,r6c_cal_pi05_l10_50:eval:2:4,2,38,1.631652,1.627853,1.720862,1.720476,3.332538,3.328841,0.0
pi05_l10_50,raw,r6c_cal_pi05_l10_50:eval:2:4,2,40,1.440327,1.437022,1.526641,1.53603,3.189317,3.186262,0.0
pi05_l10_50,raw,r6c_cal_pi05_l10_50:eval:2:4,2,41,1.510524,1.507175,1.609956,1.610356,3.14447,3.141493,0.0
pi05_l10_50,raw,r6c_cal_pi05_l10_50:eval:2:4,2,43,1.461984,1.458807,1.573766,1.574026,3.260865,3.25781,0.0
pi05_l10_50,raw,r6c_cal_pi05_l10_50:eval:2:4,2,45,1.547152,1.543941,1.680494,1.680729,3.411322,3.408278,0.0
pi05_l10_50,raw,r6c_cal_pi05_l10_50:eval:2:4,2,47,1.437542,1.434454,1.525107,1.525078,3.192641,3.189411,0.0
pi05_l10_50,raw,r6c_cal_pi05_l10_50:eval:2:4,2,49,1.489043,1.485871,1.583303,1.583495,3.257463,3.254553,0.0
pi05_l10_50,raw,r6c_cal_pi05_l10_50:eval:3:2,3,0,1.121851,1.119249,1.24233,1.245462,2.68774,2.684357,0.0
pi05_l10_50,raw,r6c_cal_pi05_l10_50:eval:3:2,3,2,1.141583,1.138954,1.239468,1.239558,2.977081,2.974201,0.0
pi05_l10_50,raw,r6c_cal_pi05_l10_50:eval:3:2,3,4,1.800166,1.796845,1.912543,1.895941,3.361843,3.341965,0.0
pi05_l10_50,raw,r6c_cal_pi05_l10_50:eval:3:2,3,6,1.359319,1.356063,1.447658,1.447999,2.829059,2.826177,0.0
pi05_l10_50,raw,r6c_cal_pi05_l10_50:eval:3:2,3,7,1.282997,1.279409,1.364311,1.364802,2.876243,2.873529,0.0
pi05_l10_50,raw,r6c_cal_pi05_l10_50:eval:3:2,3,9,1.434808,1.431073,1.520328,1.520706,3.068618,3.065728,0.0
pi05_l10_50,raw,r6c_cal_pi05_l10_50:eval:3:2,3,11,1.423047,1.419483,1.505626,1.506222,3.235737,3.232835,0.0
pi05_l10_50,raw,r6c_cal_pi05_l10_50:eval:3:2,3,12,1.493421,1.490245,1.574145,1.574633,3.048128,3.045389,0.0
pi05_l10_50,raw,r6c_cal_pi05_l10_50:eval:3:2,3,14,1.398517,1.395341,1.511641,1.514951,3.110354,3.107206,0.0
pi05_l10_50,raw,r6c_cal_pi05_l10_50:eval:3:2,3,16,1.48054,1.477304,1.566059,1.566694,3.056063,3.053549,0.0
pi05_l10_50,raw,r6c_cal_pi05_l10_50:eval:3:2,3,18,1.400687,1.397714,1.482934,1.482752,3.149182,3.145988,0.0
pi05_l10_50,raw,r6c_cal_pi05_l10_50:eval:3:2,3,20,1.467039,1.463735,1.562136,1.562495,3.243499,3.240542,0.0
pi05_l10_50,raw,r6c_cal_pi05_l10_50:eval:3:2,3,22,1.469091,1.465957,1.567764,1.568124,3.064145,3.06116,0.0
pi05_l10_50,raw,r6c_cal_pi05_l10_50:eval:3:2,3,24,1.48967,1.486602,1.578608,1.578825,3.185031,3.182037,0.0
pi05_l10_50,raw,r6c_cal_pi05_l10_50:eval:3:2,3,26,1.578683,1.561299,1.661047,1.661189,3.283328,3.28048,0.0
pi05_l10_50,raw,r6c_cal_pi05_l10_50:eval:3:2,3,28,1.526784,1.523426,1.653881,1.654332,3.403585,3.400571,0.0
pi05_l10_50,raw,r6c_cal_pi05_l10_50:eval:3:2,3,30,1.394718,1.391522,1.491914,1.492237,2.922596,2.91968,0.0
pi05_l10_50,raw,r6c_cal_pi05_l10_50:eval:3:2,3,32,1.214306,1.211247,1.295909,1.296295,2.803316,2.800391,0.0
pi05_l10_50,raw,r6c_cal_pi05_l10_50:eval:3:2,3,34,1.465779,1.445587,1.576791,1.575639,3.097285,3.093085,0.0
pi05_l10_50,raw,r6c_cal_pi05_l10_50:eval:3:2,3,36,1.281567,1.278429,1.377446,1.377672,2.930909,2.927992,0.0
pi05_l10_50,raw,r6c_cal_pi05_l10_50:eval:3:2,3,38,1.559483,1.555894,1.679742,1.67895,3.381622,3.377669,0.0
pi05_l10_50,raw,r6c_cal_pi05_l10_50:eval:3:2,3,40,1.515232,1.511888,1.627557,1.627539,3.298936,3.295492,0.0
pi05_l10_50,raw,r6c_cal_pi05_l10_50:eval:3:2,3,42,1.509796,1.507235,1.615997,1.616604,3.278927,3.276388,0.0
pi05_l10_50,raw,r6c_cal_pi05_l10_50:eval:3:2,3,44,1.424601,1.410752,1.500393,1.500927,3.022306,3.019718,0.0
pi05_l10_50,raw,r6c_cal_pi05_l10_50:eval:3:2,3,46,1.471059,1.457016,1.595588,1.596381,3.147693,3.144556,0.0
pi05_l10_50,raw,r6c_cal_pi05_l10_50:eval:3:2,3,48,1.543667,1.54039,1.636121,1.636262,3.206629,3.203623,0.0
pi05_l10_50,raw,r6c_cal_pi05_l10_50:eval:3:2,3,50,1.531525,1.528291,1.62384,1.624073,3.438992,3.435936,0.0
pi05_l10_50,raw,r6c_cal_pi05_l10_50:eval:3:2,3,52,1.594184,1.590865,1.682585,1.682784,3.435439,3.432399,0.0
pi05_l10_50,raw,r6c_cal_pi05_l10_50:eval:3:2,3,54,1.586415,1.583229,1.680917,1.680973,3.322037,3.319063,0.0
pi05_l10_50,raw,r6c_cal_pi05_l10_50:eval:3:2,3,56,1.541041,1.537724,1.631048,1.631346,3.384913,3.382106,0.0
pi05_l10_50,raw,r6c_cal_pi05_l10_50:eval:3:2,3,57,1.424088,1.421081,1.511029,1.511348,3.01437,3.011536,0.0
pi05_l10_50,raw,r6c_cal_pi05_l10_50:eval:3:2,3,59,1.427101,1.423589,1.511509,1.511862,2.989826,2.986912,0.0
pi05_l10_50,raw,r6c_cal_pi05_l10_50:eval:3:2,3,61,1.293466,1.290058,1.386533,1.386513,2.881078,2.877993,0.0
pi05_l10_50,raw,r6c_cal_pi05_l10_50:eval:4:9,4,0,1.011989,1.009381,1.091406,1.091468,2.490462,2.487428,0.0
pi05_l10_50,raw,r6c_cal_pi05_l10_50:eval:4:9,4,2,0.954012,0.951309,1.026484,1.026788,2.404519,2.40172,0.0
pi05_l10_50,raw,r6c_cal_pi05_l10_50:eval:4:9,4,4,1.588685,1.585464,1.700634,1.700955,3.115731,3.11279,0.0
pi05_l10_50,raw,r6c_cal_pi05_l10_50:eval:4:9,4,6,1.268073,1.265014,1.349678,1.350237,2.813509,2.810782,0.0
pi05_l10_50,raw,r6c_cal_pi05_l10_50:eval:4:9,4,8,1.23834,1.234957,1.358161,1.358433,2.696049,2.693119,0.0
pi05_l10_50,raw,r6c_cal_pi05_l10_50:eval:4:9,4,10,1.272057,1.269001,1.364832,1.365357,2.753916,2.751102,0.0
pi05_l10_50,raw,r6c_cal_pi05_l10_50:eval:4:9,4,12,1.350305,1.347364,1.43659,1.436884,2.904436,2.901635,0.0
pi05_l10_50,raw,r6c_cal_pi05_l10_50:eval:4:9,4,13,1.403031,1.399669,1.522131,1.522004,3.226603,3.223365,0.0
pi05_l10_50,raw,r6c_cal_pi05_l10_50:eval:4:9,4,15,1.506381,1.502875,1.587731,1.588098,3.142984,3.140105,0.0
pi05_l10_50,raw,r6c_cal_pi05_l10_50:eval:4:9,4,17,1.377817,1.374467,1.486719,1.487172,3.039951,3.037052,0.0
pi05_l10_50,raw,r6c_cal_pi05_l10_50:eval:4:9,4,19,1.385255,1.382272,1.492697,1.493048,2.92348,2.920642,0.0
pi05_l10_50,raw,r6c_cal_pi05_l10_50:eval:4:9,4,21,1.406566,1.40304,1.522608,1.523232,2.978161,2.975384,0.0
pi05_l10_50,raw,r6c_cal_pi05_l10_50:eval:4:9,4,23,1.374486,1.37117,1.481602,1.472816,2.995709,2.983321,0.0
pi05_l10_50,raw,r6c_cal_pi05_l10_50:eval:4:9,4,25,1.401501,1.398427,1.48451,1.484782,2.900811,2.897835,0.0
pi05_l10_50,raw,r6c_cal_pi05_l10_50:eval:4:9,4,27,1.324274,1.320959,1.407635,1.408281,3.093231,3.09024,0.0
pi05_l10_50,raw,r6c_cal_pi05_l10_50:eval:4:9,4,29,1.314523,1.302811,1.404824,1.404884,2.958255,2.955208,0.0
pi05_l10_50,raw,r6c_cal_pi05_l10_50:eval:4:9,4,31,1.675816,1.667237,1.757807,1.758189,3.478203,3.475343,0.0
pi05_l10_50,raw,r6c_cal_pi05_l10_50:eval:4:9,4,33,1.364235,1.360801,1.439753,1.431442,2.783808,2.772323,0.0
pi05_l10_50,raw,r6c_cal_pi05_l10_50:eval:4:9,4,35,1.169557,1.166227,1.253391,1.253441,2.520518,2.517383,0.0
pi05_l10_50,raw,r6c_cal_pi05_l10_50:eval:4:9,4,37,1.211733,1.208382,1.308761,1.309293,2.773752,2.77099,0.0
pi05_l10_50,raw,r6c_cal_pi05_l10_50:eval:4:9,4,39,1.312653,1.309155,1.408286,1.408337,2.870038,2.867065,0.0
pi05_l10_50,raw,r6c_cal_pi05_l10_50:eval:4:9,4,41,1.28101,1.277763,1.37534,1.375758,2.953995,2.951167,0.0
pi05_l10_50,raw,r6c_cal_pi05_l10_50:eval:4:9,4,43,1.307618,1.304182,1.391657,1.391915,2.844346,2.841366,0.0
pi05_l10_50,raw,r6c_cal_pi05_l10_50:eval:4:9,4,45,1.24741,1.24431,1.334726,1.335001,2.910402,2.907516,0.0
pi05_l10_50,raw,r6c_cal_pi05_l10_50:eval:4:9,4,47,1.350292,1.347187,1.428612,1.429154,2.724976,2.722241,0.0
pi05_l10_50,raw,r6c_cal_pi05_l10_50:eval:4:9,4,49,1.203655,1.200365,1.285461,1.285479,2.629811,2.626773,0.0
pi05_l10_50,raw,r6c_cal_pi05_l10_50:eval:4:9,4,51,1.194533,1.19135,1.30198,1.30229,2.66576,2.662825,0.0
pi05_l10_50,raw,r6c_cal_pi05_l10_50:eval:4:9,4,53,1.241561,1.238432,1.322967,1.323309,2.75867,2.755821,0.0
pi05_l10_50,raw,r6c_cal_pi05_l10_50:eval:4:9,4,55,6.323882,6.320429,6.554732,6.555146,12.157907,12.15502,0.0
pi05_l10_50,raw,r6c_cal_pi05_l10_50:eval:4:9,4,57,3.23379,3.230487,3.347625,3.347845,5.097966,5.094979,0.0
pi05_l10_50,raw,r6c_cal_pi05_l10_50:eval:4:9,4,59,1.559807,1.556775,1.648515,1.648755,3.126902,3.123922,0.0
pi05_l10_50,raw,r6c_cal_pi05_l10_50:eval:4:9,4,61,1.373255,1.370282,1.462645,1.463146,2.925968,2.923211,0.0
pi05_l10_50,raw,r6c_cal_pi05_l10_50:eval:4:9,4,63,1.487008,1.483887,1.587208,1.587649,3.194438,3.191666,0.0
pi05_l10_50,raw,r6c_cal_pi05_l10_50:eval:4:9,4,65,1.41223,1.408985,1.498141,1.498526,2.967878,2.965087,0.0
pi05_l10_50,raw,r6c_cal_pi05_l10_50:eval:4:9,4,67,1.573125,1.570014,1.660361,1.660687,3.243681,3.240528,0.0
pi05_l10_50,raw,r6c_cal_pi05_l10_50:eval:4:9,4,69,1.285336,1.282125,1.368509,1.369451,2.66927,2.666474,0.0
pi05_l10_50,raw,r6c_cal_pi05_l10_50:eval:4:9,4,71,1.230339,1.227199,1.34075,1.340423,2.835824,2.832688,0.0
pi05_l10_50,raw,r6c_cal_pi05_l10_50:eval:4:9,4,73,1.37113,1.367996,1.457657,1.457741,2.997741,2.994888,0.0
pi05_l10_50,raw,r6c_cal_pi05_l10_50:eval:4:9,4,75,1.219283,1.205713,1.308334,1.308843,2.711864,2.709072,0.0
pi05_l10_50,raw,r6c_cal_pi05_l10_50:eval:4:9,4,77,1.315547,1.312521,1.390644,1.390889,2.884316,2.88158,0.0
pi05_l10_50,raw,r6c_cal_pi05_l10_50:eval:4:9,4,79,1.303382,1.30046,1.395943,1.396439,2.795777,2.793021,0.0
pi05_l10_50,raw,r6c_cal_pi05_l10_50:eval:4:9,4,81,1.427863,1.42493,1.517155,1.517564,3.491316,3.488476,0.0
pi05_l10_50,raw,r6c_cal_pi05_l10_50:eval:4:9,4,83,1.595477,1.592575,1.681894,1.682634,3.1873,3.18438,0.0
pi05_l10_50,raw,r6c_cal_pi05_l10_50:eval:4:9,4,85,1.299803,1.29668,1.387846,1.388478,2.752719,2.74987,0.0
pi05_l10_50,raw,r6c_cal_pi05_l10_50:eval:4:9,4,87,1.424258,1.421175,1.509379,1.520337,2.915148,2.912252,0.0
pi05_l10_50,raw,r6c_cal_pi05_l10_50:eval:4:9,4,89,1.269967,1.257231,1.36467,1.365014,2.734633,2.731642,0.0
pi05_l10_50,raw,r6c_cal_pi05_l10_50:eval:4:9,4,91,1.321427,1.318387,1.438574,1.438639,2.928144,2.925017,0.0
pi05_l10_50,raw,r6c_cal_pi05_l10_50:eval:4:9,4,93,1.277876,1.274885,1.360117,1.360562,2.700774,2.697869,0.0
pi05_l10_50,raw,r6c_cal_pi05_l10_50:eval:4:9,4,95,1.227175,1.224037,1.314429,1.315247,2.731562,2.728748,0.0
pi05_l10_50,raw,r6c_cal_pi05_l10_50:eval:4:9,4,97,1.185581,1.182181,1.26885,1.269121,2.505258,2.502347,0.0
pi05_l10_50,raw,r6c_cal_pi05_l10_50:eval:4:9,4,99,1.086186,1.082993,1.171339,1.171765,2.4398,2.437002,0.0
pi05_l10_50,raw,r6c_cal_pi05_l10_50:eval:4:9,4,101,1.122654,1.119267,1.20898,1.20942,2.531387,2.52849,0.0
pi05_l10_50,raw,r6c_cal_pi05_l10_50:eval:4:9,4,103,1.315276,1.31211,1.407295,1.407533,2.818753,2.815788,0.0
pi05_l10_50,raw,r6c_cal_pi05_l10_50:eval:5:9,5,0,0.905663,0.903154,1.001368,1.001377,2.233045,2.230013,0.0
pi05_l10_50,raw,r6c_cal_pi05_l10_50:eval:5:9,5,2,0.884603,0.881656,0.977131,0.977312,2.475359,2.472401,0.0
pi05_l10_50,raw,r6c_cal_pi05_l10_50:eval:5:9,5,4,1.562081,1.559254,1.643888,1.644195,3.046034,3.043081,0.0
pi05_l10_50,raw,r6c_cal_pi05_l10_50:eval:5:9,5,6,1.178763,1.168465,1.290141,1.290454,2.772121,2.769455,0.0
pi05_l10_50,raw,r6c_cal_pi05_l10_50:eval:5:9,5,8,1.263901,1.260643,1.337675,1.337677,2.603887,2.600993,0.0
pi05_l10_50,raw,r6c_cal_pi05_l10_50:eval:5:9,5,10,1.089133,1.086251,1.178961,1.179143,2.440005,2.437258,0.0
pi05_l10_50,raw,r6c_cal_pi05_l10_50:eval:5:9,5,12,1.049107,1.045971,1.131318,1.131862,2.49822,2.495678,0.0
pi05_l10_50,raw,r6c_cal_pi05_l10_50:eval:5:9,5,14,1.228068,1.20761,1.312209,1.312759,2.636129,2.633521,0.0
pi05_l10_50,raw,r6c_cal_pi05_l10_50:eval:5:9,5,16,1.182854,1.179715,1.273154,1.273141,2.656658,2.65376,0.0
pi05_l10_50,raw,r6c_cal_pi05_l10_50:eval:5:9,5,18,1.311697,1.308682,1.398137,1.398229,2.827193,2.824324,0.0
pi05_l10_50,raw,r6c_cal_pi05_l10_50:eval:5:9,5,20,1.169986,1.166745,1.255524,1.255744,2.559645,2.556611,0.0
pi05_l10_50,raw,r6c_cal_pi05_l10_50:eval:5:9,5,22,1.179727,1.176507,1.276177,1.277031,2.784093,2.781266,0.0
pi05_l10_50,raw,r6c_cal_pi05_l10_50:eval:5:9,5,24,1.288982,1.285682,1.375218,1.375237,2.648641,2.645599,0.0
pi05_l10_50,raw,r6c_cal_pi05_l10_50:eval:5:9,5,26,1.038968,1.035702,1.128812,1.129002,2.335338,2.33226,0.0
pi05_l10_50,raw,r6c_cal_pi05_l10_50:eval:5:9,5,28,1.089695,1.086611,1.174208,1.174283,2.563941,2.561068,0.0
pi05_l10_50,raw,r6c_cal_pi05_l10_50:eval:5:9,5,30,1.182096,1.178977,1.253704,1.253821,2.456508,2.453798,0.0
pi05_l10_50,raw,r6c_cal_pi05_l10_50:eval:6:11,6,0,0.767493,0.764977,0.858425,0.858583,2.192698,2.189698,0.0
pi05_l10_50,raw,r6c_cal_pi05_l10_50:eval:6:11,6,2,0.869718,0.866954,0.947878,0.948063,2.498831,2.495739,0.0
pi05_l10_50,raw,r6c_cal_pi05_l10_50:eval:6:11,6,4,1.594308,1.591336,1.680086,1.680373,3.087083,3.084142,0.0
pi05_l10_50,raw,r6c_cal_pi05_l10_50:eval:6:11,6,6,1.17558,1.172339,1.263704,1.264153,2.65394,2.651058,0.0
pi05_l10_50,raw,r6c_cal_pi05_l10_50:eval:6:11,6,8,1.308421,1.30542,1.416515,1.415979,2.640873,2.637527,0.0
pi05_l10_50,raw,r6c_cal_pi05_l10_50:eval:6:11,6,10,1.089277,1.086176,1.178683,1.178864,2.438806,2.435861,0.0
pi05_l10_50,raw,r6c_cal_pi05_l10_50:eval:6:11,6,12,1.067693,1.064821,1.190403,1.190001,2.4782,2.475062,0.0
pi05_l10_50,raw,r6c_cal_pi05_l10_50:eval:6:11,6,14,1.291277,1.288117,1.380231,1.380502,2.746725,2.743829,0.0
pi05_l10_50,raw,r6c_cal_pi05_l10_50:eval:6:11,6,16,1.032478,1.024987,1.123907,1.123861,2.562795,2.559715,0.0
pi05_l10_50,raw,r6c_cal_pi05_l10_50:eval:6:11,6,18,1.481603,1.478437,1.570294,1.57066,3.221557,3.218616,0.0
pi05_l10_50,raw,r6c_cal_pi05_l10_50:eval:6:11,6,19,1.214953,1.21188,1.304272,1.304639,2.754597,2.751759,0.0
pi05_l10_50,raw,r6c_cal_pi05_l10_50:eval:6:11,6,21,1.308573,1.3054,1.404932,1.405098,2.903883,2.900801,0.0
pi05_l10_50,raw,r6c_cal_pi05_l10_50:eval:6:11,6,23,1.238419,1.234963,1.325084,1.325186,2.533017,2.529787,0.0
pi05_l10_50,raw,r6c_cal_pi05_l10_50:eval:6:11,6,25,1.054232,1.0512,1.137666,1.138174,2.347969,2.345075,0.0
pi05_l10_50,raw,r6c_cal_pi05_l10_50:eval:6:11,6,27,1.185311,1.181849,1.320683,1.320983,2.677286,2.674167,0.0
pi05_l10_50,raw,r6c_cal_pi05_l10_50:eval:6:11,6,29,1.214086,1.211058,1.287178,1.287362,2.51607,2.513513,0.0
pi05_l10_50,raw,r6c_cal_pi05_l10_50:eval:6:11,6,31,1.4234,1.419664,1.604918,1.605724,3.342702,3.338926,0.0
pi05_l10_50,raw,r6c_cal_pi05_l10_50:eval:6:11,6,33,1.57481,1.570836,1.666414,1.665433,3.129035,3.124826,0.0
pi05_l10_50,raw,r6c_cal_pi05_l10_50:eval:6:11,6,35,1.238947,1.235611,1.327358,1.327564,2.800923,2.797982,0.0
pi05_l10_50,raw,r6c_cal_pi05_l10_50:eval:6:11,6,37,1.360286,1.357168,1.443535,1.443615,2.777609,2.774649,0.0
pi05_l10_50,raw,r6c_cal_pi05_l10_50:eval:6:11,6,38,1.126142,1.122887,1.19796,1.198065,2.397923,2.395182,0.0
pi05_l10_50,raw,r6c_cal_pi05_l10_50:eval:6:11,6,40,1.053123,1.05031,1.208308,1.208171,2.429838,2.427053,0.0
pi05_l10_50,raw,r6c_cal_pi05_l10_50:eval:6:11,6,42,1.25131,1.247961,1.328669,1.328634,2.796083,2.793319,0.0
pi05_l10_50,raw,r6c_cal_pi05_l10_50:eval:6:11,6,44,1.185519,1.182526,1.278985,1.279825,2.708821,2.706091,0.0
pi05_l10_50,raw,r6c_cal_pi05_l10_50:eval:6:11,6,46,1.322643,1.31958,1.415544,1.415861,3.077912,3.075091,0.0
pi05_l10_50,raw,r6c_cal_pi05_l10_50:eval:6:11,6,47,1.377864,1.374724,1.483826,1.48408,2.84691,2.844028,0.0
pi05_l10_50,raw,r6c_cal_pi05_l10_50:eval:6:11,6,49,1.26078,1.257705,1.345745,1.346499,2.890852,2.88812,0.0
pi05_l10_50,raw,r6c_cal_pi05_l10_50:eval:6:11,6,51,1.279136,1.276154,1.379006,1.379011,2.653729,2.650773,0.0
pi05_l10_50,raw,r6c_cal_pi05_l10_50:eval:6:11,6,53,1.123289,1.11876,1.210854,1.210865,2.469027,2.465982,0.0
pi05_l10_50,raw,r6c_cal_pi05_l10_50:eval:6:11,6,55,1.077331,1.074122,1.203643,1.203705,2.623292,2.620042,0.0
pi05_l10_50,raw,r6c_cal_pi05_l10_50:eval:6:11,6,57,1.190849,1.187741,1.300655,1.300926,2.611289,2.608536,0.0
pi05_l10_50,raw,r6c_cal_pi05_l10_50:eval:6:11,6,59,1.209474,1.206199,1.311927,1.311817,2.644455,2.641281,0.0
pi05_l10_50,raw,r6c_cal_pi05_l10_50:eval:6:11,6,61,1.327527,1.324398,1.432583,1.432953,2.946731,2.94393,0.0
pi05_l10_50,raw,r6c_cal_pi05_l10_50:eval:6:11,6,63,1.222059,1.218755,1.296687,1.297105,2.783265,2.78057,0.0
pi05_l10_50,raw,r6c_cal_pi05_l10_50:eval:6:11,6,65,1.323934,1.321027,1.403695,1.404398,2.968047,2.965464,0.0
pi05_l10_50,raw,r6c_cal_pi05_l10_50:eval:6:11,6,67,1.154177,1.151036,1.239616,1.239745,2.438826,2.435828,0.0
pi05_l10_50,raw,r6c_cal_pi05_l10_50:eval:6:11,6,69,1.09699,1.093494,1.178583,1.178936,2.431365,2.428574,0.0
pi05_l10_50,raw,r6c_cal_pi05_l10_50:eval:6:11,6,71,1.264251,1.26103,1.348232,1.348396,2.781513,2.778335,0.0
pi05_l10_50,raw,r6c_cal_pi05_l10_50:eval:6:11,6,73,1.116511,1.113494,1.208502,1.208666,2.465831,2.462881,0.0
pi05_l10_50,raw,r6c_cal_pi05_l10_50:eval:6:11,6,75,1.404574,1.401593,1.495437,1.495847,2.876033,2.873187,0.0
pi05_l10_50,raw,r6c_cal_pi05_l10_50:eval:6:11,6,77,1.344675,1.341533,1.433051,1.433418,2.866679,2.863745,0.0
pi05_l10_50,raw,r6c_cal_pi05_l10_50:eval:6:11,6,79,1.192189,1.189164,1.288818,1.289121,2.781547,2.778673,0.0
pi05_l10_50,raw,r6c_cal_pi05_l10_50:eval:6:11,6,81,1.383191,1.37999,1.468195,1.468427,2.906297,2.903422,0.0
pi05_l10_50,raw,r6c_cal_pi05_l10_50:eval:6:11,6,83,1.074823,1.069076,1.159764,1.159931,2.379127,2.376025,0.0
pi05_l10_50,raw,r6c_cal_pi05_l10_50:eval:6:11,6,85,1.108629,1.105696,1.24483,1.219829,2.524338,2.496341,0.0
pi05_l10_50,raw,r6c_cal_pi05_l10_50:eval:6:11,6,87,1.199947,1.196866,1.273933,1.274041,2.718253,2.715471,0.0
pi05_l10_50,raw,r6c_cal_pi05_l10_50:eval:6:11,6,89,1.087956,1.085123,1.207388,1.22742,2.660025,2.657543,0.0
pi05_l10_50,raw,r6c_cal_pi05_l10_50:eval:6:11,6,91,1.181049,1.177914,1.275732,1.276083,2.711656,2.708913,0.0
pi05_l10_50,raw,r6c_cal_pi05_l10_50:eval:6:11,6,93,1.294722,1.291609,1.376978,1.377243,2.8046,2.801751,0.0
pi05_l10_50,raw,r6c_cal_pi05_l10_50:eval:6:11,6,95,1.184786,1.18152,1.295437,1.295792,2.811705,2.808937,0.0
pi05_l10_50,raw,r6c_cal_pi05_l10_50:eval:6:11,6,97,1.250117,1.246898,1.31803,1.317853,2.768354,2.765495,0.0
pi05_l10_50,raw,r6c_cal_pi05_l10_50:eval:6:11,6,99,1.147989,1.145204,1.232413,1.232969,2.535837,2.533165,0.0
pi05_l10_50,raw,r6c_cal_pi05_l10_50:eval:6:11,6,101,1.080832,1.077557,1.185104,1.184801,2.625345,2.622483,0.0
pi05_l10_50,raw,r6c_cal_pi05_l10_50:eval:6:11,6,103,1.309409,1.306233,1.393795,1.394168,2.683712,2.68089,0.0
pi05_l10_50,raw,r6c_cal_pi05_l10_50:eval:7:0,7,0,0.758014,0.756006,0.83273,0.832863,2.206228,2.203576,0.0
pi05_l10_50,raw,r6c_cal_pi05_l10_50:eval:7:0,7,2,0.827115,0.824474,0.905622,0.906269,2.330883,2.328174,0.0
pi05_l10_50,raw,r6c_cal_pi05_l10_50:eval:7:0,7,4,1.688211,1.685233,1.764846,1.765541,3.255107,3.252667,0.0
pi05_l10_50,raw,r6c_cal_pi05_l10_50:eval:7:0,7,6,1.285134,1.282293,1.367008,1.367554,2.781223,2.778469,0.0
pi05_l10_50,raw,r6c_cal_pi05_l10_50:eval:7:0,7,8,1.413216,1.410087,1.498517,1.498774,2.777851,2.774863,0.0
pi05_l10_50,raw,r6c_cal_pi05_l10_50:eval:7:0,7,10,1.159778,1.156469,1.230767,1.23108,2.422974,2.420333,0.0
pi05_l10_50,raw,r6c_cal_pi05_l10_50:eval:7:0,7,12,1.137086,1.134014,1.23304,1.233423,2.625675,2.622664,0.0
pi05_l10_50,raw,r6c_cal_pi05_l10_50:eval:7:0,7,14,1.209745,1.206464,1.299731,1.300329,2.567019,2.564177,0.0
pi05_l10_50,raw,r6c_cal_pi05_l10_50:eval:7:0,7,16,1.163692,1.146895,1.248577,1.248191,2.739543,2.736341,0.0
pi05_l10_50,raw,r6c_cal_pi05_l10_50:eval:7:0,7,17,1.258587,1.255612,1.346971,1.347281,2.810767,2.80774,0.0
pi05_l10_50,raw,r6c_cal_pi05_l10_50:eval:7:0,7,19,1.250062,1.24708,1.324442,1.324552,2.742981,2.740159,0.0
pi05_l10_50,raw,r6c_cal_pi05_l10_50:eval:7:0,7,21,1.415118,1.412097,1.501263,1.502104,3.077395,3.07482,0.0
pi05_l10_50,raw,r6c_cal_pi05_l10_50:eval:7:0,7,23,1.145861,1.1427,1.234701,1.231521,2.501052,2.494458,0.0
pi05_l10_50,raw,r6c_cal_pi05_l10_50:eval:7:0,7,25,1.134331,1.131361,1.2466,1.246124,2.523802,2.52062,0.0
pi05_l10_50,raw,r6c_cal_pi05_l10_50:eval:7:0,7,27,1.261843,1.258483,1.346154,1.346339,2.872592,2.869645,0.0
pi05_l10_50,raw,r6c_cal_pi05_l10_50:eval:7:0,7,29,1.10699,1.103767,1.196186,1.196853,2.471935,2.468807,0.0
pi05_l10_50,raw,r6c_cal_pi05_l10_50:eval:7:0,7,31,1.290674,1.287216,1.384724,1.384653,2.778214,2.775106,0.0
pi05_l10_50,raw,r6c_cal_pi05_l10_50:eval:7:0,7,33,1.328106,1.324957,1.432048,1.426312,2.954839,2.945828,0.0
pi05_l10_50,raw,r6c_cal_pi05_l10_50:eval:7:0,7,35,1.239375,1.236187,1.319865,1.320678,2.832167,2.829383,0.0
pi05_l10_50,raw,r6c_cal_pi05_l10_50:eval:7:0,7,37,1.331696,1.328422,1.44099,1.440936,2.78999,2.786998,0.0
pi05_l10_50,raw,r6c_cal_pi05_l10_50:eval:7:0,7,38,1.168374,1.165141,1.249802,1.250073,2.486208,2.483354,0.0
pi05_l10_50,raw,r6c_cal_pi05_l10_50:eval:7:0,7,40,1.202489,1.1995,1.283687,1.296887,2.596674,2.593788,0.0
pi05_l10_50,raw,r6c_cal_pi05_l10_50:eval:7:0,7,42,1.311587,1.30826,1.417874,1.418258,2.814441,2.81154,0.0
pi05_l10_50,raw,r6c_cal_pi05_l10_50:eval:7:0,7,44,1.140685,1.137316,1.270307,1.271547,2.630355,2.627471,0.0
pi05_l10_50,raw,r6c_cal_pi05_l10_50:eval:7:0,7,46,1.259093,1.256067,1.351196,1.351286,2.784927,2.781782,0.0
pi05_l10_50,raw,r6c_cal_pi05_l10_50:eval:7:0,7,48,1.383396,1.380301,1.471137,1.47135,2.892738,2.889806,0.0
pi05_l10_50,raw,r6c_cal_pi05_l10_50:eval:7:0,7,50,1.339805,1.336936,1.43326,1.429458,2.860898,2.853429,0.0
pi05_l10_50,raw,r6c_cal_pi05_l10_50:eval:7:0,7,52,1.24247,1.23917,1.328418,1.328717,2.60442,2.601444,0.0
pi05_l10_50,raw,r6c_cal_pi05_l10_50:eval:7:0,7,54,1.2417,1.238632,1.322846,1.323344,2.63355,2.630809,0.0
pi05_l10_50,raw,r6c_cal_pi05_l10_50:eval:7:0,7,56,1.30999,1.30699,1.418987,1.41923,2.965728,2.962919,0.0
pi05_l10_50,raw,r6c_cal_pi05_l10_50:eval:7:0,7,58,1.382251,1.378976,1.481006,1.481093,2.848141,2.84504,0.0
pi05_l10_50,raw,r6c_cal_pi05_l10_50:eval:7:0,7,60,1.382847,1.379618,1.480693,1.481154,2.845735,2.84288,0.0
pi05_l10_50,raw,r6c_cal_pi05_l10_50:eval:7:0,7,62,1.367541,1.364579,1.460746,1.460993,2.960123,2.957287,0.0
pi05_l10_50,raw,r6c_cal_pi05_l10_50:eval:7:0,7,64,1.26062,1.257426,1.355928,1.356008,2.955579,2.952635,0.0
pi05_l10_50,raw,r6c_cal_pi05_l10_50:eval:7:0,7,66,1.22942,1.226415,1.325334,1.325824,2.686027,2.683164,0.0
pi05_l10_50,raw,r6c_cal_pi05_l10_50:eval:7:0,7,68,1.131235,1.127804,1.223305,1.224141,2.534432,2.531619,0.0
pi05_l10_50,raw,r6c_cal_pi05_l10_50:eval:7:0,7,70,1.150091,1.147054,1.232103,1.232363,2.532306,2.529506,0.0
pi05_l10_50,raw,r6c_cal_pi05_l10_50:eval:7:0,7,72,1.354083,1.351113,1.433546,1.433841,2.884538,2.881698,0.0
pi05_l10_50,raw,r6c_cal_pi05_l10_50:eval:7:0,7,74,1.159078,1.155598,1.244194,1.244368,2.570713,2.567881,0.0
pi05_l10_50,raw,r6c_cal_pi05_l10_50:eval:7:0,7,76,1.3468,1.343623,1.440162,1.439952,2.872186,2.868903,0.0
pi05_l10_50,raw,r6c_cal_pi05_l10_50:eval:7:0,7,78,1.3906,1.387402,1.482543,1.478675,2.916229,2.909177,0.0
pi05_l10_50,raw,r6c_cal_pi05_l10_50:eval:7:0,7,80,1.332189,1.32883,1.444148,1.444105,2.839173,2.836175,0.0
pi05_l10_50,raw,r6c_cal_pi05_l10_50:eval:7:0,7,82,1.223597,1.220334,1.30703,1.307411,2.592356,2.589572,0.0
pi05_l10_50,raw,r6c_cal_pi05_l10_50:eval:7:0,7,84,1.157684,1.154869,1.2412,1.241863,2.564248,2.561613,0.0
pi05_l10_50,raw,r6c_cal_pi05_l10_50:eval:7:0,7,86,1.155296,1.152165,1.237358,1.237824,2.557033,2.554258,0.0
pi05_l10_50,raw,r6c_cal_pi05_l10_50:eval:7:0,7,88,1.303486,1.300308,1.39212,1.392237,2.664478,2.661172,0.0
pi05_l10_50,raw,r6c_cal_pi05_l10_50:eval:7:0,7,90,1.173112,1.169695,1.271375,1.271753,2.69278,2.690022,0.0
pi05_l10_50,raw,r6c_cal_pi05_l10_50:eval:7:0,7,92,1.234588,1.231426,1.325199,1.325477,2.829049,2.826193,0.0
pi05_l10_50,raw,r6c_cal_pi05_l10_50:eval:7:0,7,93,1.383687,1.380582,1.469161,1.469555,2.942928,2.940053,0.0
pi05_l10_50,raw,r6c_cal_pi05_l10_50:eval:7:0,7,95,1.283344,1.280057,1.366545,1.366997,2.820753,2.817992,0.0
pi05_l10_50,raw,r6c_cal_pi05_l10_50:eval:7:0,7,97,1.189908,1.186789,1.275213,1.275804,2.555864,2.553161,0.0
pi05_l10_50,raw,r6c_cal_pi05_l10_50:eval:7:0,7,99,1.143441,1.14121,1.22551,1.225731,2.508266,2.505602,0.0
pi05_l10_50,raw,r6c_cal_pi05_l10_50:eval:7:0,7,101,1.157846,1.154665,1.245574,1.272962,2.707033,2.704376,0.0
pi05_l10_50,raw,r6c_cal_pi05_l10_50:eval:7:0,7,103,1.252719,1.249606,1.319821,1.320509,2.720077,2.717559,0.0
pi05_l10_50,raw,r6c_cal_pi05_l10_50:eval:8:9,8,0,0.837661,0.832114,0.911126,0.91153,2.377332,2.374508,0.0
pi05_l10_50,raw,r6c_cal_pi05_l10_50:eval:8:9,8,2,0.847407,0.844812,0.924439,0.924719,2.44866,2.445671,0.0
pi05_l10_50,raw,r6c_cal_pi05_l10_50:eval:8:9,8,4,1.905703,1.902761,1.986106,1.986658,3.655797,3.653098,0.0
pi05_l10_50,raw,r6c_cal_pi05_l10_50:eval:8:9,8,6,1.22223,1.219081,1.307823,1.308617,2.718373,2.715539,0.0
pi05_l10_50,raw,r6c_cal_pi05_l10_50:eval:8:9,8,8,1.208356,1.204947,1.294557,1.295086,2.561686,2.558918,0.0
pi05_l10_50,raw,r6c_cal_pi05_l10_50:eval:8:9,8,10,1.155077,1.151964,1.244267,1.244748,2.641469,2.638688,0.0
pi05_l10_50,raw,r6c_cal_pi05_l10_50:eval:8:9,8,12,1.294116,1.29129,1.375192,1.375739,2.807067,2.804221,0.0
pi05_l10_50,raw,r6c_cal_pi05_l10_50:eval:8:9,8,14,1.203864,1.200321,1.284581,1.284934,2.590978,2.588001,0.0
pi05_l10_50,raw,r6c_cal_pi05_l10_50:eval:8:9,8,16,1.446298,1.443152,1.535689,1.536253,2.999145,2.996373,0.0
pi05_l10_50,raw,r6c_cal_pi05_l10_50:eval:8:9,8,18,1.544211,1.841659,1.638723,1.939853,3.331204,3.628966,0.0
pi05_l10_50,raw,r6c_cal_pi05_l10_50:eval:8:9,8,20,1.382829,1.379695,1.467387,1.467661,2.911489,2.908996,0.0
pi05_l10_50,raw,r6c_cal_pi05_l10_50:eval:8:9,8,22,1.23623,1.233209,1.319187,1.319793,2.608634,2.606083,0.0
pi05_l10_50,raw,r6c_cal_pi05_l10_50:eval:8:9,8,24,1.165685,1.162648,1.273226,1.273147,2.518228,2.515165,0.0
pi05_l10_50,raw,r6c_cal_pi05_l10_50:eval:8:9,8,26,1.274742,1.271692,1.362533,1.359395,2.774297,2.767851,0.0
pi05_l10_50,raw,r6c_cal_pi05_l10_50:eval:8:9,8,28,1.278792,1.275735,1.367359,1.368008,2.610373,2.607445,0.0
pi05_l10_50,raw,r6c_cal_pi05_l10_50:eval:8:9,8,30,1.303753,1.300556,1.446788,1.460738,2.812027,2.809099,0.0
pi05_l10_50,raw,r6c_cal_pi05_l10_50:eval:8:9,8,32,1.383749,1.380636,1.475368,1.475853,3.041802,3.038877,0.0
pi05_l10_50,raw,r6c_cal_pi05_l10_50:eval:8:9,8,34,1.369129,1.365985,1.464508,1.465102,2.872246,2.869415,0.0
pi05_l10_50,raw,r6c_cal_pi05_l10_50:eval:8:9,8,36,1.442856,1.440164,1.562215,1.563059,2.892272,2.889214,0.0
pi05_l10_50,raw,r6c_cal_pi05_l10_50:eval:8:9,8,38,1.190392,1.187276,1.279861,1.279798,2.62008,2.616878,0.0
pi05_l10_50,raw,r6c_cal_pi05_l10_50:eval:8:9,8,40,1.189889,1.186877,1.273753,1.274171,2.679286,2.676582,0.0
pi05_l10_50,raw,r6c_cal_pi05_l10_50:eval:8:9,8,42,1.304095,1.300968,1.390162,1.390474,2.771733,2.76876,0.0
pi05_l10_50,raw,r6c_cal_pi05_l10_50:eval:8:9,8,44,1.197154,1.194094,1.287218,1.287585,2.666744,2.663697,0.0
pi05_l10_50,raw,r6c_cal_pi05_l10_50:eval:8:9,8,46,1.300274,1.296788,1.390329,1.390763,2.833526,2.830766,0.0
pi05_l10_50,raw,r6c_cal_pi05_l10_50:eval:8:9,8,48,1.374726,1.371503,1.457174,1.457111,2.915348,2.912164,0.0
pi05_l10_50,raw,r6c_cal_pi05_l10_50:eval:8:9,8,50,1.227339,1.224183,1.315294,1.315346,2.753664,2.750878,0.0
pi05_l10_50,raw,r6c_cal_pi05_l10_50:eval:8:9,8,52,1.217783,1.214982,1.298445,1.298856,2.610251,2.607432,0.0
pi05_l10_50,raw,r6c_cal_pi05_l10_50:eval:8:9,8,54,1.159855,1.156737,1.251478,1.251606,2.427485,2.424485,0.0
pi05_l10_50,raw,r6c_cal_pi05_l10_50:eval:8:9,8,56,1.217002,1.213654,1.311003,1.311016,2.798787,2.795852,0.0
pi05_l10_50,raw,r6c_cal_pi05_l10_50:eval:8:9,8,58,1.331858,1.328804,1.417981,1.418414,2.734375,2.731597,0.0
pi05_l10_50,raw,r6c_cal_pi05_l10_50:eval:8:9,8,60,1.34409,1.341102,1.429771,1.430044,3.0132,3.010187,0.0
pi05_l10_50,raw,r6c_cal_pi05_l10_50:eval:8:9,8,62,1.344922,1.341568,1.476507,1.476512,3.027933,3.062948,0.0
pi05_l10_50,raw,r6c_cal_pi05_l10_50:eval:8:9,8,64,1.460936,1.457682,1.58851,1.587597,2.933911,2.929958,0.0
pi05_l10_50,raw,r6c_cal_pi05_l10_50:eval:8:9,8,66,1.409378,1.406,1.491624,1.491938,2.808672,2.805759,0.0
pi05_l10_50,raw,r6c_cal_pi05_l10_50:eval:8:9,8,68,1.11797,1.114902,1.199752,1.200311,2.494025,2.490762,0.0
pi05_l10_50,raw,r6c_cal_pi05_l10_50:eval:8:9,8,70,1.122875,1.118953,1.239539,1.239329,2.539222,2.535884,0.0
pi05_l10_50,raw,r6c_cal_pi05_l10_50:eval:8:9,8,72,1.389096,1.386067,1.474976,1.475383,2.814077,2.811412,0.0
pi05_l10_50,raw,r6c_cal_pi05_l10_50:eval:9:2,9,0,0.770648,0.767965,0.841987,0.841977,2.113493,2.110578,0.0
pi05_l10_50,raw,r6c_cal_pi05_l10_50:eval:9:2,9,2,0.797786,0.79521,0.876123,0.886283,2.443607,2.440824,0.0
pi05_l10_50,raw,r6c_cal_pi05_l10_50:eval:9:2,9,4,1.728558,1.725436,1.829444,1.82958,3.421804,3.41844,0.0
pi05_l10_50,raw,r6c_cal_pi05_l10_50:eval:9:2,9,6,1.285872,1.282797,1.373544,1.373838,2.751282,2.748352,0.0
pi05_l10_50,raw,r6c_cal_pi05_l10_50:eval:9:2,9,8,1.176511,1.172936,1.260405,1.260961,2.550881,2.548305,0.0
pi05_l10_50,raw,r6c_cal_pi05_l10_50:eval:9:2,9,10,1.079952,1.077169,1.16054,1.161727,2.39618,2.393597,0.0
pi05_l10_50,raw,r6c_cal_pi05_l10_50:eval:9:2,9,12,1.141393,1.138191,1.233875,1.234082,2.584253,2.581197,0.0
pi05_l10_50,raw,r6c_cal_pi05_l10_50:eval:9:2,9,14,1.418829,1.41567,1.500422,1.501021,2.862604,2.859692,0.0
pi05_l10_50,raw,r6c_cal_pi05_l10_50:eval:9:2,9,16,1.183099,1.174543,1.272283,1.272576,2.584841,2.582007,0.0
pi05_l10_50,raw,r6c_cal_pi05_l10_50:eval:9:2,9,18,1.44526,1.441858,1.546151,1.546238,2.959803,2.956524,0.0
pi05_l10_50,raw,r6c_cal_pi05_l10_50:eval:9:2,9,19,1.413172,1.409774,1.504458,1.504944,2.910816,2.907894,0.0
pi05_l10_50,raw,r6c_cal_pi05_l10_50:eval:9:2,9,21,1.216962,1.213872,1.28292,1.282952,2.617364,2.614731,0.0
pi05_l10_50,raw,r6c_cal_pi05_l10_50:eval:9:2,9,23,1.202836,1.199888,1.290309,1.290918,2.50857,2.505895,0.0
pi05_l10_50,raw,r6c_cal_pi05_l10_50:eval:9:2,9,25,1.108318,1.104865,1.190742,1.190891,2.476106,2.473157,0.0
pi05_l10_50,raw,r6c_cal_pi05_l10_50:eval:9:2,9,27,1.141565,1.138529,1.228773,1.229219,2.569252,2.566548,0.0
pi05_l10_50,raw,r6c_cal_pi05_l10_50:eval:9:2,9,29,1.196511,1.193406,1.278603,1.278613,2.564616,2.561791,0.0
pi05_l10_50,raw,r6c_cal_pi05_l10_50:eval:9:2,9,31,1.1782,1.170198,1.263437,1.263831,2.600567,2.5976,0.0
pi05_l10_50,raw,r6c_cal_pi05_l10_50:eval:9:2,9,33,1.27775,1.274446,1.378925,1.379109,2.786196,2.783225,0.0
pi05_l10_50,raw,r6c_cal_pi05_l10_50:eval:9:2,9,35,1.445621,1.442401,1.519066,1.519537,2.980754,2.978178,0.0
pi05_l10_50,raw,r6c_cal_pi05_l10_50:eval:9:2,9,37,1.185006,1.18196,1.257525,1.258194,2.724652,2.722403,0.0
pi05_l10_50,raw,r6c_cal_pi05_l10_50:eval:9:2,9,39,1.099482,1.096559,1.164432,1.16455,2.384067,2.381811,0.0
pi05_l10_50,raw,r6c_cal_pi05_l10_50:eval:9:2,9,41,1.158745,1.155932,1.240658,1.241715,2.411692,2.40919,0.0
pi05_l10_50,raw,r6c_cal_pi05_l10_50:eval:9:2,9,42,1.141819,1.138506,1.222997,1.223364,2.532073,2.529212,0.0
pi05_l10_50,raw,r6c_cal_pi05_l10_50:eval:9:2,9,44,1.326655,1.32367,1.425681,1.426083,2.64802,2.645284,0.0
pi05_l10_50,raw,r6c_cal_pi05_l10_50:eval:9:2,9,46,1.109265,1.106315,1.195112,1.195194,2.493419,2.490445,0.0
pi05_l10_50,raw,r6c_cal_pi05_l10_50:eval:9:2,9,48,1.356223,1.35312,1.467669,1.468034,2.845669,2.842755,0.0
pi05_l10_50,raw,r6c_cal_pi05_l10_50:eval:9:2,9,50,1.400486,1.39732,1.512346,1.512478,2.946897,2.943933,0.0
pi05_l10_50,raw,r6c_cal_pi05_l10_50:eval:9:2,9,52,1.322238,1.319282,1.396037,1.396266,2.673399,2.670818,0.0
pi05_l10_50,code,r6c_cal_pi05_l10_50:eval:0:8,0,0,0.044744,0.043059,0.227717,0.228491,2.62333,2.619582,0.071802
pi05_l10_50,code,r6c_cal_pi05_l10_50:eval:0:8,0,2,0.03714,0.035183,0.155166,0.156019,1.782562,1.779753,0.032472
pi05_l10_50,code,r6c_cal_pi05_l10_50:eval:0:8,0,4,0.896393,0.893387,1.034039,1.034588,2.369884,2.367073,0.033969
pi05_l10_50,code,r6c_cal_pi05_l10_50:eval:0:8,0,6,0.429835,0.427198,0.556635,0.557356,2.010983,2.008078,0.033697
pi05_l10_50,code,r6c_cal_pi05_l10_50:eval:0:8,0,8,0.367764,0.365203,0.48037,0.481568,1.787679,1.78529,0.033033
pi05_l10_50,code,r6c_cal_pi05_l10_50:eval:0:8,0,10,0.328692,0.326561,0.437814,0.438439,1.888314,1.885607,0.034362
pi05_l10_50,code,r6c_cal_pi05_l10_50:eval:0:8,0,12,0.411517,0.408878,0.559054,0.560115,2.001157,1.998848,0.061937
pi05_l10_50,code,r6c_cal_pi05_l10_50:eval:0:8,0,14,0.452779,0.449869,0.610534,0.610651,1.946841,1.943314,0.034406
pi05_l10_50,code,r6c_cal_pi05_l10_50:eval:0:8,0,16,0.456217,0.453494,0.581882,0.582389,1.824085,1.821346,0.034177
pi05_l10_50,code,r6c_cal_pi05_l10_50:eval:0:8,0,18,0.424801,0.422276,0.551789,0.552439,1.75916,1.756576,0.032994
pi05_l10_50,code,r6c_cal_pi05_l10_50:eval:0:8,0,20,0.420748,0.418025,0.54004,0.54055,1.895248,1.892675,0.028255
pi05_l10_50,code,r6c_cal_pi05_l10_50:eval:0:8,0,21,0.430464,0.427853,0.564365,0.565266,1.974066,1.971221,0.033522
pi05_l10_50,code,r6c_cal_pi05_l10_50:eval:0:8,0,23,0.438149,0.435338,0.655485,0.648435,2.033895,2.031067,0.056813
pi05_l10_50,code,r6c_cal_pi05_l10_50:eval:0:8,0,25,0.418702,0.416067,0.563559,0.564152,1.894667,1.891745,0.04595
pi05_l10_50,code,r6c_cal_pi05_l10_50:eval:0:8,0,27,0.418523,0.415891,0.551376,0.552022,1.848564,1.845782,0.033159
pi05_l10_50,code,r6c_cal_pi05_l10_50:eval:0:8,0,29,0.415891,0.413073,0.546184,0.546818,1.840401,1.837772,0.029872
pi05_l10_50,code,r6c_cal_pi05_l10_50:eval:0:8,0,31,0.415496,0.412763,0.544789,0.545159,1.779214,1.776192,0.031755
pi05_l10_50,code,r6c_cal_pi05_l10_50:eval:0:8,0,33,0.401097,0.398306,0.524395,0.525065,1.895355,1.892536,0.029839
pi05_l10_50,code,r6c_cal_pi05_l10_50:eval:0:8,0,35,0.417438,0.414679,0.539717,0.540374,1.951191,1.948696,0.02867
pi05_l10_50,code,r6c_cal_pi05_l10_50:eval:0:8,0,37,0.416531,0.41365,0.53874,0.539675,1.89511,1.892554,0.027832
pi05_l10_50,code,r6c_cal_pi05_l10_50:eval:0:8,0,39,0.405899,0.402996,0.53099,0.53116,1.701429,1.698602,0.032896
pi05_l10_50,code,r6c_cal_pi05_l10_50:eval:0:8,0,41,0.440733,0.437912,0.571112,0.57155,1.913192,1.910318,0.033405
pi05_l10_50,code,r6c_cal_pi05_l10_50:eval:0:8,0,43,0.437209,0.434621,0.572683,0.573206,1.828841,1.826142,0.033766
pi05_l10_50,code,r6c_cal_pi05_l10_50:eval:0:8,0,45,0.441762,0.43913,0.56811,0.569565,1.9067,1.903987,0.034073
pi05_l10_50,code,r6c_cal_pi05_l10_50:eval:0:8,0,47,0.471007,0.468019,0.614658,0.615213,1.936417,1.933634,0.045146
pi05_l10_50,code,r6c_cal_pi05_l10_50:eval:0:8,0,49,0.47657,0.473789,0.604629,0.60556,1.913768,1.910929,0.034195
pi05_l10_50,code,r6c_cal_pi05_l10_50:eval:0:8,0,51,0.493478,0.490868,0.629554,0.631214,1.877462,1.874683,0.034822
pi05_l10_50,code,r6c_cal_pi05_l10_50:eval:0:8,0,53,0.382753,0.380259,0.527237,0.527895,1.815533,1.812473,0.033934
pi05_l10_50,code,r6c_cal_pi05_l10_50:eval:0:8,0,55,0.444278,0.441731,0.593275,0.594358,1.9608,1.957689,0.033035
pi05_l10_50,code,r6c_cal_pi05_l10_50:eval:0:8,0,57,0.425878,0.423169,0.584344,0.58536,1.935238,1.931975,0.03908
pi05_l10_50,code,r6c_cal_pi05_l10_50:eval:1:8,1,0,0.038032,0.036182,0.152064,0.153301,1.377481,1.37457,0.03459
pi05_l10_50,code,r6c_cal_pi05_l10_50:eval:1:8,1,2,0.030097,0.028519,0.159965,0.160067,1.412021,1.409019,0.032498
pi05_l10_50,code,r6c_cal_pi05_l10_50:eval:1:8,1,4,0.785674,0.782559,0.912372,0.913596,2.375562,2.37276,0.03417
pi05_l10_50,code,r6c_cal_pi05_l10_50:eval:1:8,1,5,0.424642,0.419424,0.568651,0.56974,2.109267,2.10659,0.033906
pi05_l10_50,code,r6c_cal_pi05_l10_50:eval:1:8,1,7,0.420476,0.417484,0.584187,0.585093,2.080908,2.078146,0.064968
pi05_l10_50,code,r6c_cal_pi05_l10_50:eval:1:8,1,9,0.414738,0.411962,0.540301,0.541257,1.867977,1.86535,0.033872
pi05_l10_50,code,r6c_cal_pi05_l10_50:eval:1:8,1,11,0.412624,0.410091,0.527699,0.528754,1.82784,1.825156,0.034411
pi05_l10_50,code,r6c_cal_pi05_l10_50:eval:1:8,1,13,0.411664,0.408899,0.539797,0.540487,1.846313,1.843683,0.028232
pi05_l10_50,code,r6c_cal_pi05_l10_50:eval:1:8,1,15,0.456571,0.453725,0.621596,0.621999,1.834936,1.832135,0.033183
pi05_l10_50,code,r6c_cal_pi05_l10_50:eval:1:8,1,17,0.477115,0.474356,0.631299,0.631608,1.89078,1.887908,0.03315
pi05_l10_50,code,r6c_cal_pi05_l10_50:eval:1:8,1,19,0.427268,0.424586,0.558259,0.558266,1.862184,1.859323,0.034363
pi05_l10_50,code,r6c_cal_pi05_l10_50:eval:1:8,1,21,0.436558,0.43374,0.566329,0.566797,1.982661,1.979671,0.033165
pi05_l10_50,code,r6c_cal_pi05_l10_50:eval:1:8,1,23,0.412055,0.40925,0.530193,0.531049,2.059886,2.057362,0.028395
pi05_l10_50,code,r6c_cal_pi05_l10_50:eval:1:8,1,25,0.408307,0.405533,0.535606,0.536257,1.986438,1.983337,0.033716
pi05_l10_50,code,r6c_cal_pi05_l10_50:eval:1:8,1,26,0.420814,0.418063,0.545281,0.545696,1.940561,1.937656,0.033504
pi05_l10_50,code,r6c_cal_pi05_l10_50:eval:1:8,1,28,0.418134,0.41537,0.548272,0.549126,1.93718,1.934309,0.033285
pi05_l10_50,code,r6c_cal_pi05_l10_50:eval:1:8,1,30,0.408828,0.405933,0.540738,0.541737,1.969037,1.966109,0.0388
pi05_l10_50,code,r6c_cal_pi05_l10_50:eval:1:8,1,32,0.418409,0.415571,0.568413,0.569474,1.859419,1.856631,0.035139
pi05_l10_50,code,r6c_cal_pi05_l10_50:eval:1:8,1,34,0.42843,0.425574,0.559205,0.55999,1.89176,1.888989,0.033904
pi05_l10_50,code,r6c_cal_pi05_l10_50:eval:1:8,1,36,0.41999,0.417504,0.551178,0.55232,2.068916,2.066197,0.051466
pi05_l10_50,code,r6c_cal_pi05_l10_50:eval:1:8,1,38,0.408633,0.405732,0.531266,0.531982,1.877721,1.875184,0.028149
pi05_l10_50,code,r6c_cal_pi05_l10_50:eval:1:8,1,40,0.408001,0.405139,0.545078,0.545923,1.993318,1.990535,0.032167
pi05_l10_50,code,r6c_cal_pi05_l10_50:eval:1:8,1,42,0.410514,0.407672,0.533216,0.533814,1.832988,1.83043,0.028178
pi05_l10_50,code,r6c_cal_pi05_l10_50:eval:1:8,1,44,0.407689,0.404869,0.544332,0.537571,1.914871,1.90526,0.033912
pi05_l10_50,code,r6c_cal_pi05_l10_50:eval:1:8,1,46,0.408596,0.405747,0.535343,0.535983,1.92216,1.919425,0.034883
pi05_l10_50,code,r6c_cal_pi05_l10_50:eval:2:4,2,0,0.049368,0.047425,0.178477,0.178748,1.440918,1.437874,0.034391
pi05_l10_50,code,r6c_cal_pi05_l10_50:eval:2:4,2,2,0.037618,0.035664,0.166781,0.167264,1.440972,1.438198,0.033611
pi05_l10_50,code,r6c_cal_pi05_l10_50:eval:2:4,2,4,0.813818,0.810832,0.940422,0.941035,2.221273,2.218581,0.03297
pi05_l10_50,code,r6c_cal_pi05_l10_50:eval:2:4,2,5,0.439329,0.436557,0.579951,0.580707,1.883855,1.881226,0.035673
pi05_l10_50,code,r6c_cal_pi05_l10_50:eval:2:4,2,7,0.381989,0.379372,0.506913,0.512086,1.829271,1.826617,0.045817
pi05_l10_50,code,r6c_cal_pi05_l10_50:eval:2:4,2,9,0.430468,0.427713,0.553664,0.554183,1.900212,1.897806,0.028871
pi05_l10_50,code,r6c_cal_pi05_l10_50:eval:2:4,2,10,0.409468,0.406911,0.523737,0.542103,1.948085,1.945658,0.034714
pi05_l10_50,code,r6c_cal_pi05_l10_50:eval:2:4,2,12,0.410824,0.408096,0.532855,0.533594,1.811861,1.809321,0.028885
pi05_l10_50,code,r6c_cal_pi05_l10_50:eval:2:4,2,14,0.428477,0.425757,0.552532,0.552444,1.754413,1.751029,0.033521
pi05_l10_50,code,r6c_cal_pi05_l10_50:eval:2:4,2,16,0.508967,0.506271,0.637596,0.650128,1.929367,1.926443,0.033636
pi05_l10_50,code,r6c_cal_pi05_l10_50:eval:2:4,2,18,0.413112,0.410469,0.541289,0.542023,1.833067,1.830244,0.033562
pi05_l10_50,code,r6c_cal_pi05_l10_50:eval:2:4,2,20,0.434208,0.431473,0.563923,0.564147,2.091512,2.088641,0.03408
pi05_l10_50,code,r6c_cal_pi05_l10_50:eval:2:4,2,22,0.443071,0.440196,0.576832,0.577972,1.869142,1.866222,0.033161
pi05_l10_50,code,r6c_cal_pi05_l10_50:eval:2:4,2,24,0.456179,0.453392,0.601922,0.603085,1.884698,1.881992,0.033456
pi05_l10_50,code,r6c_cal_pi05_l10_50:eval:2:4,2,26,0.43443,0.431451,0.560674,0.561261,1.88444,1.881484,0.034727
pi05_l10_50,code,r6c_cal_pi05_l10_50:eval:2:4,2,28,0.460262,0.457141,0.600514,0.601409,1.874118,1.87147,0.033832
pi05_l10_50,code,r6c_cal_pi05_l10_50:eval:2:4,2,30,0.426274,0.423442,0.575164,0.576062,1.93256,1.929542,0.045783
pi05_l10_50,code,r6c_cal_pi05_l10_50:eval:2:4,2,32,0.499493,0.496592,0.64095,0.641876,2.082767,2.080011,0.038284
pi05_l10_50,code,r6c_cal_pi05_l10_50:eval:2:4,2,34,0.41454,0.411828,0.54395,0.544646,1.80852,1.80572,0.0336
pi05_l10_50,code,r6c_cal_pi05_l10_50:eval:2:4,2,36,0.474076,0.470874,0.607884,0.601934,1.882197,1.872304,0.03324
pi05_l10_50,code,r6c_cal_pi05_l10_50:eval:2:4,2,38,0.444374,0.441311,0.600484,0.602884,2.056103,2.053402,0.04277
pi05_l10_50,code,r6c_cal_pi05_l10_50:eval:2:4,2,40,0.465159,0.450775,0.593454,0.599771,1.952574,1.949658,0.03398
pi05_l10_50,code,r6c_cal_pi05_l10_50:eval:2:4,2,41,0.444142,0.441203,0.584565,0.585257,1.917702,1.914834,0.043324
pi05_l10_50,code,r6c_cal_pi05_l10_50:eval:2:4,2,43,0.436646,0.433553,0.56852,0.569392,1.87922,1.876279,0.034506
pi05_l10_50,code,r6c_cal_pi05_l10_50:eval:2:4,2,45,0.454981,0.451972,0.582055,0.582819,1.896815,1.893877,0.034314
pi05_l10_50,code,r6c_cal_pi05_l10_50:eval:2:4,2,47,0.413766,0.41095,0.551941,0.552898,1.890231,1.887403,0.035671
pi05_l10_50,code,r6c_cal_pi05_l10_50:eval:2:4,2,49,0.470499,0.467378,0.602338,0.603274,1.888302,1.885514,0.033868
pi05_l10_50,code,r6c_cal_pi05_l10_50:eval:3:2,3,0,0.036707,0.034881,0.161747,0.150685,1.325403,1.310786,0.034208
pi05_l10_50,code,r6c_cal_pi05_l10_50:eval:3:2,3,2,0.037563,0.035722,0.148476,0.149217,1.489865,1.487245,0.028689
pi05_l10_50,code,r6c_cal_pi05_l10_50:eval:3:2,3,4,0.77812,0.775202,0.906118,0.906296,2.262592,2.259814,0.03296
pi05_l10_50,code,r6c_cal_pi05_l10_50:eval:3:2,3,6,0.424049,0.421356,0.559934,0.560857,1.874157,1.871262,0.036023
pi05_l10_50,code,r6c_cal_pi05_l10_50:eval:3:2,3,7,0.418318,0.415545,0.542928,0.543651,1.961513,1.958778,0.033779
pi05_l10_50,code,r6c_cal_pi05_l10_50:eval:3:2,3,9,0.417935,0.415056,0.541054,0.541964,1.892684,1.889906,0.033269
pi05_l10_50,code,r6c_cal_pi05_l10_50:eval:3:2,3,11,0.433127,0.430369,0.560691,0.566205,1.955021,1.952175,0.033528
pi05_l10_50,code,r6c_cal_pi05_l10_50:eval:3:2,3,12,0.435102,0.43221,0.566859,0.567975,1.846302,1.843418,0.039949
pi05_l10_50,code,r6c_cal_pi05_l10_50:eval:3:2,3,14,0.42787,0.425041,0.566542,0.56724,1.826528,1.823837,0.033342
pi05_l10_50,code,r6c_cal_pi05_l10_50:eval:3:2,3,16,0.431964,0.429185,0.557042,0.557801,1.862984,1.860026,0.033356
pi05_l10_50,code,r6c_cal_pi05_l10_50:eval:3:2,3,18,0.448619,0.445779,0.579248,0.580279,1.843484,1.840635,0.034463
pi05_l10_50,code,r6c_cal_pi05_l10_50:eval:3:2,3,20,0.438991,0.436221,0.564177,0.565215,1.933479,1.930661,0.03349
pi05_l10_50,code,r6c_cal_pi05_l10_50:eval:3:2,3,22,0.493434,0.490617,0.621123,0.621906,1.984845,1.982087,0.032839
pi05_l10_50,code,r6c_cal_pi05_l10_50:eval:3:2,3,24,0.427231,0.424665,0.555989,0.556915,1.813793,1.811041,0.033098
pi05_l10_50,code,r6c_cal_pi05_l10_50:eval:3:2,3,26,0.33027,0.324803,0.445736,0.447264,1.672747,1.670032,0.033769
pi05_l10_50,code,r6c_cal_pi05_l10_50:eval:3:2,3,28,0.437415,0.434832,0.584897,0.58638,1.975634,1.973078,0.05486
pi05_l10_50,code,r6c_cal_pi05_l10_50:eval:3:2,3,30,0.41336,0.410753,0.530673,0.542493,1.88945,1.886914,0.033795
pi05_l10_50,code,r6c_cal_pi05_l10_50:eval:3:2,3,32,0.437678,0.434884,0.566434,0.584804,1.989337,1.986677,0.038096
pi05_l10_50,code,r6c_cal_pi05_l10_50:eval:3:2,3,34,0.423042,0.420083,0.551888,0.55271,1.83865,1.83578,0.034262
pi05_l10_50,code,r6c_cal_pi05_l10_50:eval:3:2,3,36,0.419186,0.416401,0.589438,0.575444,1.856517,1.839128,0.045086
pi05_l10_50,code,r6c_cal_pi05_l10_50:eval:3:2,3,38,0.414671,0.411854,0.559652,0.560387,1.851601,1.848694,0.034532
pi05_l10_50,code,r6c_cal_pi05_l10_50:eval:3:2,3,40,0.416008,0.413283,0.561535,0.556976,1.829981,1.82186,0.033272
pi05_l10_50,code,r6c_cal_pi05_l10_50:eval:3:2,3,42,0.416715,0.413987,0.556589,0.571507,1.893838,1.891091,0.033214
pi05_l10_50,code,r6c_cal_pi05_l10_50:eval:3:2,3,44,0.427405,0.424799,0.559402,0.56029,1.856374,1.853562,0.033047
pi05_l10_50,code,r6c_cal_pi05_l10_50:eval:3:2,3,46,0.408996,0.406303,0.538687,0.539112,1.708183,1.705338,0.032869
pi05_l10_50,code,r6c_cal_pi05_l10_50:eval:3:2,3,48,0.446982,0.444073,0.578359,0.57936,1.823515,1.820681,0.033769
pi05_l10_50,code,r6c_cal_pi05_l10_50:eval:3:2,3,50,0.461493,0.458624,0.605815,0.593852,2.031773,2.016179,0.033713
pi05_l10_50,code,r6c_cal_pi05_l10_50:eval:3:2,3,52,0.433814,0.431145,0.565368,0.565854,1.910188,1.907115,0.032915
pi05_l10_50,code,r6c_cal_pi05_l10_50:eval:3:2,3,54,0.454503,0.451709,0.591685,0.592096,2.059283,2.056153,0.033137
pi05_l10_50,code,r6c_cal_pi05_l10_50:eval:3:2,3,56,0.43237,0.429625,0.560599,0.561909,1.829863,1.827154,0.033884
pi05_l10_50,code,r6c_cal_pi05_l10_50:eval:3:2,3,57,0.482065,0.47925,0.610683,0.611867,1.908234,1.905494,0.032866
pi05_l10_50,code,r6c_cal_pi05_l10_50:eval:3:2,3,59,0.434289,0.431577,0.560876,0.56169,1.861491,1.858687,0.033228
pi05_l10_50,code,r6c_cal_pi05_l10_50:eval:3:2,3,61,0.487322,0.48452,0.61825,0.619152,1.885901,1.883176,0.033951
pi05_l10_50,code,r6c_cal_pi05_l10_50:eval:4:9,4,0,0.048123,0.04616,0.186613,0.187176,1.381791,1.37882,0.034739
pi05_l10_50,code,r6c_cal_pi05_l10_50:eval:4:9,4,2,0.03744,0.035597,0.150438,0.150868,1.414674,1.41201,0.032661
pi05_l10_50,code,r6c_cal_pi05_l10_50:eval:4:9,4,4,0.774058,0.770979,0.907967,0.908577,2.200701,2.197924,0.033864
pi05_l10_50,code,r6c_cal_pi05_l10_50:eval:4:9,4,6,0.413121,0.410194,0.543442,0.53978,1.786639,1.779203,0.033073
pi05_l10_50,code,r6c_cal_pi05_l10_50:eval:4:9,4,8,0.440624,0.437905,0.575428,0.576083,1.941259,1.938335,0.039795
pi05_l10_50,code,r6c_cal_pi05_l10_50:eval:4:9,4,10,0.412349,0.409471,0.540097,0.541066,1.925402,1.922633,0.032911
pi05_l10_50,code,r6c_cal_pi05_l10_50:eval:4:9,4,12,0.508701,0.505881,0.635146,0.635725,1.96428,1.961265,0.032554
pi05_l10_50,code,r6c_cal_pi05_l10_50:eval:4:9,4,13,0.4418,0.438746,0.579677,0.580397,1.865027,1.862284,0.045395
pi05_l10_50,code,r6c_cal_pi05_l10_50:eval:4:9,4,15,0.426491,0.423549,0.551053,0.55142,1.865203,1.862358,0.033487
pi05_l10_50,code,r6c_cal_pi05_l10_50:eval:4:9,4,17,0.412592,0.409962,0.553435,0.554461,1.842602,1.83993,0.033926
pi05_l10_50,code,r6c_cal_pi05_l10_50:eval:4:9,4,19,0.371998,0.369334,0.490349,0.491006,1.722727,1.720109,0.03354
pi05_l10_50,code,r6c_cal_pi05_l10_50:eval:4:9,4,21,0.424002,0.421215,0.555446,0.556152,1.8627,1.859667,0.033378
pi05_l10_50,code,r6c_cal_pi05_l10_50:eval:4:9,4,23,0.424464,0.421621,0.555427,0.555854,1.817215,1.81388,0.036021
pi05_l10_50,code,r6c_cal_pi05_l10_50:eval:4:9,4,25,0.397879,0.395134,0.520912,0.520642,1.726535,1.722887,0.031901
pi05_l10_50,code,r6c_cal_pi05_l10_50:eval:4:9,4,27,0.399417,0.396706,0.523064,0.524205,1.781872,1.779123,0.033299
pi05_l10_50,code,r6c_cal_pi05_l10_50:eval:4:9,4,29,0.436886,0.433936,0.580661,0.581164,1.889971,1.887063,0.032873
pi05_l10_50,code,r6c_cal_pi05_l10_50:eval:4:9,4,31,0.40877,0.406122,0.537556,0.538516,1.866793,1.864079,0.033307
pi05_l10_50,code,r6c_cal_pi05_l10_50:eval:4:9,4,33,0.497765,0.494954,0.650052,0.65075,1.968181,1.965693,0.027511
pi05_l10_50,code,r6c_cal_pi05_l10_50:eval:4:9,4,35,0.424985,0.422069,0.554884,0.562892,1.847529,1.844667,0.033726
pi05_l10_50,code,r6c_cal_pi05_l10_50:eval:4:9,4,37,0.414906,0.412281,0.544313,0.545064,1.824152,1.821398,0.033947
pi05_l10_50,code,r6c_cal_pi05_l10_50:eval:4:9,4,39,0.325598,0.323277,0.451013,0.451624,1.678436,1.675693,0.03401
pi05_l10_50,code,r6c_cal_pi05_l10_50:eval:4:9,4,41,0.399856,0.397105,0.524054,0.524362,1.777295,1.774503,0.033683
pi05_l10_50,code,r6c_cal_pi05_l10_50:eval:4:9,4,43,0.449616,0.446762,0.596278,0.596515,1.946658,1.943745,0.043731
pi05_l10_50,code,r6c_cal_pi05_l10_50:eval:4:9,4,45,0.39793,0.395261,0.610871,0.611887,1.789152,1.786525,0.105449
pi05_l10_50,code,r6c_cal_pi05_l10_50:eval:4:9,4,47,0.371169,0.36863,0.484182,0.484648,1.78849,1.785862,0.033679
pi05_l10_50,code,r6c_cal_pi05_l10_50:eval:4:9,4,49,0.410521,0.407825,0.530918,0.531538,1.747479,1.745028,0.029365
pi05_l10_50,code,r6c_cal_pi05_l10_50:eval:4:9,4,51,0.437316,0.434369,0.564951,0.565896,1.968096,1.965319,0.033315
pi05_l10_50,code,r6c_cal_pi05_l10_50:eval:4:9,4,53,0.410568,0.407784,0.541614,0.542352,1.852749,1.849908,0.031549
pi05_l10_50,code,r6c_cal_pi05_l10_50:eval:4:9,4,55,0.487996,0.485268,0.609535,0.611944,1.787641,1.785045,0.028332
pi05_l10_50,code,r6c_cal_pi05_l10_50:eval:4:9,4,57,0.420207,0.417496,0.547774,0.548357,1.91596,1.913052,0.034025
pi05_l10_50,code,r6c_cal_pi05_l10_50:eval:4:9,4,59,0.413619,0.410972,0.550316,0.551182,1.846863,1.844107,0.034427
pi05_l10_50,code,r6c_cal_pi05_l10_50:eval:4:9,4,61,0.39889,0.396076,0.562417,0.562887,1.852978,1.849922,0.033907
pi05_l10_50,code,r6c_cal_pi05_l10_50:eval:4:9,4,63,0.400388,0.397596,0.528867,0.529623,1.803028,1.800221,0.0335
pi05_l10_50,code,r6c_cal_pi05_l10_50:eval:4:9,4,65,0.449568,0.446671,0.615842,0.616577,1.908617,1.905864,0.03357
pi05_l10_50,code,r6c_cal_pi05_l10_50:eval:4:9,4,67,0.36204,0.332739,0.532826,0.533602,1.802039,1.799317,0.033732
pi05_l10_50,code,r6c_cal_pi05_l10_50:eval:4:9,4,69,0.398041,0.395373,0.518411,0.518672,1.70645,1.703661,0.029651
pi05_l10_50,code,r6c_cal_pi05_l10_50:eval:4:9,4,71,0.399649,0.397021,0.516191,0.515165,1.775106,1.772433,0.036128
pi05_l10_50,code,r6c_cal_pi05_l10_50:eval:4:9,4,73,0.508958,0.505888,0.64022,0.641408,2.030942,2.028463,0.028843
pi05_l10_50,code,r6c_cal_pi05_l10_50:eval:4:9,4,75,0.393063,0.390519,0.504045,0.505031,1.87282,1.870406,0.033386
pi05_l10_50,code,r6c_cal_pi05_l10_50:eval:4:9,4,77,0.457009,0.454231,0.604637,0.60541,1.820135,1.817734,0.027654
pi05_l10_50,code,r6c_cal_pi05_l10_50:eval:4:9,4,79,0.569445,0.564701,0.804595,0.840049,2.215724,2.242687,0.044357
pi05_l10_50,code,r6c_cal_pi05_l10_50:eval:4:9,4,81,0.409999,0.407033,0.534891,0.535439,1.840507,1.837715,0.034429
pi05_l10_50,code,r6c_cal_pi05_l10_50:eval:4:9,4,83,0.399702,0.396971,0.513353,0.513834,1.802623,1.800016,0.033162
pi05_l10_50,code,r6c_cal_pi05_l10_50:eval:4:9,4,85,0.428857,0.426059,0.546852,0.547543,1.746533,1.744028,0.028786
pi05_l10_50,code,r6c_cal_pi05_l10_50:eval:4:9,4,87,0.426295,0.423623,0.555329,0.555713,1.913239,1.910436,0.034288
pi05_l10_50,code,r6c_cal_pi05_l10_50:eval:4:9,4,89,0.455693,0.453212,0.571819,0.573029,1.724773,1.722183,0.02682
pi05_l10_50,code,r6c_cal_pi05_l10_50:eval:4:9,4,91,0.330702,0.328088,0.441976,0.442875,1.730726,1.728087,0.033086
pi05_l10_50,code,r6c_cal_pi05_l10_50:eval:4:9,4,93,0.312849,0.310623,0.437978,0.450703,1.734692,1.732428,0.034828
pi05_l10_50,code,r6c_cal_pi05_l10_50:eval:4:9,4,95,0.43491,0.432131,0.552796,0.565421,1.694408,1.691829,0.026554
pi05_l10_50,code,r6c_cal_pi05_l10_50:eval:4:9,4,97,0.408096,0.405276,0.527716,0.528288,1.890601,1.888007,0.028856
pi05_l10_50,code,r6c_cal_pi05_l10_50:eval:4:9,4,99,0.393081,0.390372,0.521911,0.539222,1.746288,1.743429,0.033161
pi05_l10_50,code,r6c_cal_pi05_l10_50:eval:4:9,4,101,0.420259,0.417545,0.556989,0.557673,1.866035,1.863226,0.033651
pi05_l10_50,code,r6c_cal_pi05_l10_50:eval:4:9,4,103,0.420349,0.417734,0.549424,0.550352,1.863614,1.860805,0.033836
pi05_l10_50,code,r6c_cal_pi05_l10_50:eval:5:9,5,0,0.037605,0.035773,0.154969,0.155306,1.307904,1.30492,0.034537
pi05_l10_50,code,r6c_cal_pi05_l10_50:eval:5:9,5,2,0.032639,0.031007,0.135053,0.135797,1.33555,1.333072,0.032013
pi05_l10_50,code,r6c_cal_pi05_l10_50:eval:5:9,5,4,0.772157,0.769414,0.896064,0.903574,2.14,2.136962,0.033026
pi05_l10_50,code,r6c_cal_pi05_l10_50:eval:5:9,5,6,0.306755,0.304636,0.4546,0.454854,1.816229,1.813156,0.034156
pi05_l10_50,code,r6c_cal_pi05_l10_50:eval:5:9,5,8,0.397061,0.394216,0.521396,0.521778,1.765056,1.76219,0.033575
pi05_l10_50,code,r6c_cal_pi05_l10_50:eval:5:9,5,10,0.383584,0.381009,0.506208,0.507123,1.653615,1.651165,0.032812
pi05_l10_50,code,r6c_cal_pi05_l10_50:eval:5:9,5,12,0.387912,0.38513,0.504888,0.505575,1.65782,1.655287,0.028099
pi05_l10_50,code,r6c_cal_pi05_l10_50:eval:5:9,5,14,0.376951,0.374276,0.505644,0.506176,1.788488,1.785513,0.034137
pi05_l10_50,code,r6c_cal_pi05_l10_50:eval:5:9,5,16,0.323797,0.321224,0.433496,0.434119,1.677753,1.675145,0.033123
pi05_l10_50,code,r6c_cal_pi05_l10_50:eval:5:9,5,18,0.401694,0.398797,0.535092,0.5354,1.756184,1.753213,0.033073
pi05_l10_50,code,r6c_cal_pi05_l10_50:eval:5:9,5,20,0.407274,0.404291,0.538551,0.53883,2.063672,2.060604,0.035162
pi05_l10_50,code,r6c_cal_pi05_l10_50:eval:5:9,5,22,0.396432,0.393537,0.523108,0.523998,1.818278,1.815486,0.034275
pi05_l10_50,code,r6c_cal_pi05_l10_50:eval:5:9,5,24,0.366116,0.36357,0.478325,0.479166,1.771291,1.76874,0.033877
pi05_l10_50,code,r6c_cal_pi05_l10_50:eval:5:9,5,26,0.395474,0.392787,0.517512,0.517695,1.665554,1.663117,0.028356
pi05_l10_50,code,r6c_cal_pi05_l10_50:eval:5:9,5,28,0.411354,0.408646,0.536304,0.5374,1.911122,1.908333,0.033562
pi05_l10_50,code,r6c_cal_pi05_l10_50:eval:5:9,5,30,0.400238,0.397465,0.536306,0.537121,1.834124,1.831348,0.044256
pi05_l10_50,code,r6c_cal_pi05_l10_50:eval:6:11,6,0,0.030831,0.029318,0.158826,0.159075,1.246543,1.243973,0.060891
pi05_l10_50,code,r6c_cal_pi05_l10_50:eval:6:11,6,2,0.032822,0.031268,0.158482,0.158741,1.352649,1.349744,0.027634
pi05_l10_50,code,r6c_cal_pi05_l10_50:eval:6:11,6,4,0.564736,0.562269,0.716124,0.716209,1.968433,1.965299,0.032833
pi05_l10_50,code,r6c_cal_pi05_l10_50:eval:6:11,6,6,0.428269,0.425423,0.557152,0.558008,2.069687,2.066769,0.033578
pi05_l10_50,code,r6c_cal_pi05_l10_50:eval:6:11,6,8,0.341285,0.338553,0.452513,0.453447,1.619219,1.616689,0.033011
pi05_l10_50,code,r6c_cal_pi05_l10_50:eval:6:11,6,10,0.426424,0.423445,0.561285,0.562266,1.859215,1.856884,0.03797
pi05_l10_50,code,r6c_cal_pi05_l10_50:eval:6:11,6,12,0.39849,0.395534,0.523317,0.524,1.83139,1.828614,0.030413
pi05_l10_50,code,r6c_cal_pi05_l10_50:eval:6:11,6,14,0.393997,0.391317,0.524468,0.524839,1.828154,1.82558,0.03414
pi05_l10_50,code,r6c_cal_pi05_l10_50:eval:6:11,6,16,0.407897,0.405238,0.535912,0.536046,1.78638,1.783557,0.033121
pi05_l10_50,code,r6c_cal_pi05_l10_50:eval:6:11,6,18,0.431933,0.429238,0.57887,0.571258,1.830102,1.819115,0.03138
pi05_l10_50,code,r6c_cal_pi05_l10_50:eval:6:11,6,19,0.394295,0.391523,0.519083,0.519726,1.805022,1.802095,0.033974
pi05_l10_50,code,r6c_cal_pi05_l10_50:eval:6:11,6,21,0.345088,0.342518,0.487789,0.498103,1.697608,1.694654,0.0325
pi05_l10_50,code,r6c_cal_pi05_l10_50:eval:6:11,6,23,0.307541,0.30527,0.414224,0.414841,1.671315,1.668721,0.0329
pi05_l10_50,code,r6c_cal_pi05_l10_50:eval:6:11,6,25,0.393143,0.390251,0.508298,0.508867,1.698156,1.695652,0.027474
pi05_l10_50,code,r6c_cal_pi05_l10_50:eval:6:11,6,27,0.425911,0.413416,0.595409,0.595915,1.832124,1.82925,0.032957
pi05_l10_50,code,r6c_cal_pi05_l10_50:eval:6:11,6,29,0.397755,0.394925,0.534995,0.535479,1.855654,1.85283,0.04394
pi05_l10_50,code,r6c_cal_pi05_l10_50:eval:6:11,6,31,0.393223,0.390577,0.529292,0.529717,1.723432,1.72069,0.02847
pi05_l10_50,code,r6c_cal_pi05_l10_50:eval:6:11,6,33,0.413728,0.410927,0.543781,0.587978,1.954519,1.951484,0.033256
pi05_l10_50,code,r6c_cal_pi05_l10_50:eval:6:11,6,35,0.403747,0.397323,0.540977,0.541469,1.826892,1.824026,0.033724
pi05_l10_50,code,r6c_cal_pi05_l10_50:eval:6:11,6,37,0.344481,0.34203,0.461377,0.462399,1.752088,1.74938,0.033898
pi05_l10_50,code,r6c_cal_pi05_l10_50:eval:6:11,6,38,0.391851,0.389035,0.535934,0.53671,1.735926,1.733399,0.038862
pi05_l10_50,code,r6c_cal_pi05_l10_50:eval:6:11,6,40,0.419717,0.416943,0.537368,0.537994,1.861383,1.858807,0.02821
pi05_l10_50,code,r6c_cal_pi05_l10_50:eval:6:11,6,42,0.396356,0.393663,0.524108,0.524172,1.696869,1.693892,0.033459
pi05_l10_50,code,r6c_cal_pi05_l10_50:eval:6:11,6,44,0.405111,0.40245,0.528878,0.529933,1.818106,1.815461,0.032948
pi05_l10_50,code,r6c_cal_pi05_l10_50:eval:6:11,6,46,0.347375,0.344728,0.456483,0.457765,1.648373,1.645925,0.033025
pi05_l10_50,code,r6c_cal_pi05_l10_50:eval:6:11,6,47,0.389668,0.386834,0.517964,0.518242,1.719107,1.715826,0.032282
pi05_l10_50,code,r6c_cal_pi05_l10_50:eval:6:11,6,49,0.421837,0.407193,0.565562,0.566525,1.881637,1.87905,0.03246
pi05_l10_50,code,r6c_cal_pi05_l10_50:eval:6:11,6,51,0.393168,0.390475,0.519563,0.519995,1.746474,1.743819,0.031813
pi05_l10_50,code,r6c_cal_pi05_l10_50:eval:6:11,6,53,0.436918,0.423783,0.561424,0.562208,1.817649,1.814827,0.032908
pi05_l10_50,code,r6c_cal_pi05_l10_50:eval:6:11,6,55,0.405237,0.402368,0.535677,0.536042,1.818583,1.815605,0.033664
pi05_l10_50,code,r6c_cal_pi05_l10_50:eval:6:11,6,57,0.40534,0.402497,0.532049,0.532731,1.801421,1.798432,0.033854
pi05_l10_50,code,r6c_cal_pi05_l10_50:eval:6:11,6,59,0.41599,0.413074,0.545342,0.546071,1.794053,1.791359,0.034631
pi05_l10_50,code,r6c_cal_pi05_l10_50:eval:6:11,6,61,0.394324,0.391517,0.510709,0.512448,1.67646,1.673615,0.031937
pi05_l10_50,code,r6c_cal_pi05_l10_50:eval:6:11,6,63,0.392485,0.389662,0.522349,0.522553,1.902812,1.899575,0.033765
pi05_l10_50,code,r6c_cal_pi05_l10_50:eval:6:11,6,65,0.392911,0.390026,0.52943,0.519378,1.886266,1.872718,0.033462
pi05_l10_50,code,r6c_cal_pi05_l10_50:eval:6:11,6,67,0.392343,0.389466,0.537906,0.53837,1.741954,1.738694,0.049708
pi05_l10_50,code,r6c_cal_pi05_l10_50:eval:6:11,6,69,0.389096,0.386465,0.498105,0.491724,1.721929,1.719631,0.034845
pi05_l10_50,code,r6c_cal_pi05_l10_50:eval:6:11,6,71,0.44299,0.440254,0.614456,0.611809,1.920328,1.917669,0.032611
pi05_l10_50,code,r6c_cal_pi05_l10_50:eval:6:11,6,73,0.452003,0.449559,0.57371,0.588387,1.875755,1.87322,0.045471
pi05_l10_50,code,r6c_cal_pi05_l10_50:eval:6:11,6,75,0.405366,0.402356,0.528131,0.528796,1.80821,1.805668,0.028788
pi05_l10_50,code,r6c_cal_pi05_l10_50:eval:6:11,6,77,0.405584,0.402764,0.5417,0.54224,1.901267,1.898405,0.034011
pi05_l10_50,code,r6c_cal_pi05_l10_50:eval:6:11,6,79,0.410059,0.407295,0.540332,0.541134,1.851019,1.958511,0.033892
pi05_l10_50,code,r6c_cal_pi05_l10_50:eval:6:11,6,81,0.394239,0.391503,0.51861,0.519381,1.78779,1.784966,0.03363
pi05_l10_50,code,r6c_cal_pi05_l10_50:eval:6:11,6,83,0.385866,0.382933,0.539208,0.539631,1.823345,1.820141,0.033392
pi05_l10_50,code,r6c_cal_pi05_l10_50:eval:6:11,6,85,0.308808,0.306512,0.416454,0.417305,1.736704,1.734171,0.033218
pi05_l10_50,code,r6c_cal_pi05_l10_50:eval:6:11,6,87,0.410242,0.407553,0.52073,0.521166,1.866615,1.864209,0.027617
pi05_l10_50,code,r6c_cal_pi05_l10_50:eval:6:11,6,89,0.389196,0.386456,0.509071,0.509346,1.707446,1.704861,0.028952
pi05_l10_50,code,r6c_cal_pi05_l10_50:eval:6:11,6,91,0.37207,0.369308,0.49968,0.499692,1.640791,1.637793,0.032926
pi05_l10_50,code,r6c_cal_pi05_l10_50:eval:6:11,6,93,0.400495,0.397741,0.52432,0.525223,1.798856,1.7961,0.032689
pi05_l10_50,code,r6c_cal_pi05_l10_50:eval:6:11,6,95,0.420314,0.417491,0.54944,0.556699,1.993424,1.990427,0.033238
pi05_l10_50,code,r6c_cal_pi05_l10_50:eval:6:11,6,97,0.378856,0.37255,0.514316,0.514332,1.718092,1.715149,0.050082
pi05_l10_50,code,r6c_cal_pi05_l10_50:eval:6:11,6,99,0.403756,0.400855,0.53479,0.535222,1.888507,1.885193,0.033152
pi05_l10_50,code,r6c_cal_pi05_l10_50:eval:6:11,6,101,0.401577,0.39868,0.528106,0.528562,1.835234,1.832109,0.033671
pi05_l10_50,code,r6c_cal_pi05_l10_50:eval:6:11,6,103,0.394579,0.391639,0.534886,0.535439,1.808863,1.805975,0.044707
pi05_l10_50,code,r6c_cal_pi05_l10_50:eval:7:0,7,0,0.037684,0.035925,0.154667,0.154964,1.383966,1.380913,0.034267
pi05_l10_50,code,r6c_cal_pi05_l10_50:eval:7:0,7,2,0.039548,0.037729,0.149905,0.150642,1.623806,1.621193,0.032653
pi05_l10_50,code,r6c_cal_pi05_l10_50:eval:7:0,7,4,0.844414,0.841403,0.98298,0.989618,2.296345,2.293505,0.032669
pi05_l10_50,code,r6c_cal_pi05_l10_50:eval:7:0,7,6,0.384407,0.381855,0.5096,0.525008,1.850466,1.847592,0.033989
pi05_l10_50,code,r6c_cal_pi05_l10_50:eval:7:0,7,8,0.405235,0.402499,0.531976,0.532516,1.843465,1.840485,0.033476
pi05_l10_50,code,r6c_cal_pi05_l10_50:eval:7:0,7,10,0.509552,0.506682,0.641971,0.640423,2.00259,1.999737,0.036268
pi05_l10_50,code,r6c_cal_pi05_l10_50:eval:7:0,7,12,0.438905,0.436096,0.564581,0.565447,2.151008,2.148142,0.033596
pi05_l10_50,code,r6c_cal_pi05_l10_50:eval:7:0,7,14,0.415325,0.412533,0.54546,0.546057,2.058729,2.055846,0.034517
pi05_l10_50,code,r6c_cal_pi05_l10_50:eval:7:0,7,16,0.428636,0.425721,0.5548,0.555467,1.899967,1.897232,0.033274
pi05_l10_50,code,r6c_cal_pi05_l10_50:eval:7:0,7,17,0.428775,0.425906,0.558712,0.56966,1.872498,1.869682,0.034304
pi05_l10_50,code,r6c_cal_pi05_l10_50:eval:7:0,7,19,0.44231,0.43942,0.568764,0.56947,1.85808,1.855092,0.034014
pi05_l10_50,code,r6c_cal_pi05_l10_50:eval:7:0,7,21,0.454409,0.451521,0.601496,0.602514,1.93995,1.937194,0.051668
pi05_l10_50,code,r6c_cal_pi05_l10_50:eval:7:0,7,23,0.434769,0.431985,0.584758,0.579741,2.004512,2.001801,0.041239
pi05_l10_50,code,r6c_cal_pi05_l10_50:eval:7:0,7,25,0.436594,0.433888,0.553317,0.553663,1.896656,1.894089,0.028859
pi05_l10_50,code,r6c_cal_pi05_l10_50:eval:7:0,7,27,0.438699,0.435813,0.567926,0.568336,1.844378,1.841535,0.03282
pi05_l10_50,code,r6c_cal_pi05_l10_50:eval:7:0,7,29,0.42567,0.422841,0.565186,0.565677,1.895636,1.892838,0.033207
pi05_l10_50,code,r6c_cal_pi05_l10_50:eval:7:0,7,31,0.473396,0.47067,0.602637,0.60338,1.936543,1.933792,0.033532
pi05_l10_50,code,r6c_cal_pi05_l10_50:eval:7:0,7,33,0.522384,0.519283,0.677106,0.677838,2.138328,2.135424,0.045122
pi05_l10_50,code,r6c_cal_pi05_l10_50:eval:7:0,7,35,0.479088,0.476392,0.643182,0.643308,1.972689,1.969859,0.033545
pi05_l10_50,code,r6c_cal_pi05_l10_50:eval:7:0,7,37,0.414991,0.412162,0.566569,0.567436,1.887432,1.884701,0.034155
pi05_l10_50,code,r6c_cal_pi05_l10_50:eval:7:0,7,38,0.429584,0.42679,0.555945,0.556701,1.837888,1.835023,0.033598
pi05_l10_50,code,r6c_cal_pi05_l10_50:eval:7:0,7,40,0.463265,0.460378,0.587157,0.587876,1.862798,1.860155,0.032529
pi05_l10_50,code,r6c_cal_pi05_l10_50:eval:7:0,7,42,0.457629,0.454944,0.592455,0.593045,1.907761,1.904981,0.033048
pi05_l10_50,code,r6c_cal_pi05_l10_50:eval:7:0,7,44,0.377358,0.374724,0.501176,0.501604,1.750213,1.747332,0.034037
pi05_l10_50,code,r6c_cal_pi05_l10_50:eval:7:0,7,46,0.439572,0.436804,0.570746,0.571623,1.891442,1.888726,0.034209
pi05_l10_50,code,r6c_cal_pi05_l10_50:eval:7:0,7,48,0.409402,0.406782,0.521729,0.522931,1.705311,1.702875,0.032289
pi05_l10_50,code,r6c_cal_pi05_l10_50:eval:7:0,7,50,0.430942,0.419206,0.563907,0.581904,1.838109,1.835693,0.035636
pi05_l10_50,code,r6c_cal_pi05_l10_50:eval:7:0,7,52,0.501789,0.487407,0.627939,0.62872,1.91464,1.91196,0.031728
pi05_l10_50,code,r6c_cal_pi05_l10_50:eval:7:0,7,54,0.442818,0.440109,0.587319,0.588037,1.897187,1.894583,0.029474
pi05_l10_50,code,r6c_cal_pi05_l10_50:eval:7:0,7,56,0.463664,0.460908,0.617761,0.618587,1.950883,1.948101,0.032956
pi05_l10_50,code,r6c_cal_pi05_l10_50:eval:7:0,7,58,0.412538,0.409581,0.535892,0.536629,1.884028,1.88138,0.031626
pi05_l10_50,code,r6c_cal_pi05_l10_50:eval:7:0,7,60,0.419922,0.417271,0.560194,0.560846,1.856491,1.853765,0.033186
pi05_l10_50,code,r6c_cal_pi05_l10_50:eval:7:0,7,62,0.414457,0.411703,0.544477,0.544807,1.777068,1.774131,0.03288
pi05_l10_50,code,r6c_cal_pi05_l10_50:eval:7:0,7,64,0.476992,0.474334,0.616007,0.628034,1.869707,1.866941,0.033713
pi05_l10_50,code,r6c_cal_pi05_l10_50:eval:7:0,7,66,0.408735,0.406113,0.541708,0.533037,1.765425,1.762569,0.042762
pi05_l10_50,code,r6c_cal_pi05_l10_50:eval:7:0,7,68,0.430223,0.427398,0.561474,0.562194,1.811154,1.8083,0.033285
pi05_l10_50,code,r6c_cal_pi05_l10_50:eval:7:0,7,70,0.326066,0.32382,0.47811,0.479074,1.735937,1.732995,0.049999
pi05_l10_50,code,r6c_cal_pi05_l10_50:eval:7:0,7,72,0.413154,0.410367,0.536445,0.537242,1.766804,1.763944,0.032368
pi05_l10_50,code,r6c_cal_pi05_l10_50:eval:7:0,7,74,0.379958,0.377331,0.484776,0.485418,1.783161,1.780694,0.028003
pi05_l10_50,code,r6c_cal_pi05_l10_50:eval:7:0,7,76,0.414931,0.41218,0.537268,0.538377,1.783233,1.780772,0.028094
pi05_l10_50,code,r6c_cal_pi05_l10_50:eval:7:0,7,78,0.423162,0.4204,0.549181,0.550146,1.830604,1.827975,0.034583
pi05_l10_50,code,r6c_cal_pi05_l10_50:eval:7:0,7,80,0.422247,0.419531,0.551884,0.564174,2.058584,2.055625,0.03374
pi05_l10_50,code,r6c_cal_pi05_l10_50:eval:7:0,7,82,0.416897,0.414189,0.544545,0.545237,1.837978,1.835079,0.034267
pi05_l10_50,code,r6c_cal_pi05_l10_50:eval:7:0,7,84,0.443545,0.440678,0.572738,0.573358,1.841516,1.838618,0.033907
pi05_l10_50,code,r6c_cal_pi05_l10_50:eval:7:0,7,86,0.43288,0.430108,0.557835,0.558665,1.846444,1.843551,0.033867
pi05_l10_50,code,r6c_cal_pi05_l10_50:eval:7:0,7,88,0.48346,0.480657,0.613376,0.614294,1.879627,1.876539,0.034059
pi05_l10_50,code,r6c_cal_pi05_l10_50:eval:7:0,7,90,0.424786,0.421985,0.554081,0.554841,1.817566,1.814596,0.033686
pi05_l10_50,code,r6c_cal_pi05_l10_50:eval:7:0,7,92,0.405688,0.403049,0.543705,0.544669,1.757109,1.754129,0.032849
pi05_l10_50,code,r6c_cal_pi05_l10_50:eval:7:0,7,93,0.417424,0.414552,0.545886,0.546926,1.800201,1.79738,0.032832
pi05_l10_50,code,r6c_cal_pi05_l10_50:eval:7:0,7,95,0.410511,0.407845,0.532959,0.533895,1.818241,1.815572,0.042879
pi05_l10_50,code,r6c_cal_pi05_l10_50:eval:7:0,7,97,0.425802,0.423008,0.549418,0.550276,1.877176,1.874658,0.029677
pi05_l10_50,code,r6c_cal_pi05_l10_50:eval:7:0,7,99,0.414598,0.411907,0.556882,0.557094,1.912126,1.909216,0.033706
pi05_l10_50,code,r6c_cal_pi05_l10_50:eval:7:0,7,101,0.427537,0.424826,0.552112,0.552421,1.952533,1.949704,0.030003
pi05_l10_50,code,r6c_cal_pi05_l10_50:eval:7:0,7,103,0.42425,0.421378,0.550888,0.551289,1.877858,1.874863,0.033939
pi05_l10_50,code,r6c_cal_pi05_l10_50:eval:8:9,8,0,0.047192,0.04524,0.162628,0.162675,1.32438,1.321258,0.034584
pi05_l10_50,code,r6c_cal_pi05_l10_50:eval:8:9,8,2,0.036537,0.034696,0.146915,0.148055,1.550002,1.547373,0.033003
pi05_l10_50,code,r6c_cal_pi05_l10_50:eval:8:9,8,4,0.880267,0.877291,1.013046,1.013648,2.47674,2.473972,0.038921
pi05_l10_50,code,r6c_cal_pi05_l10_50:eval:8:9,8,6,0.429914,0.427091,0.558076,0.559113,1.920881,1.917909,0.033426
pi05_l10_50,code,r6c_cal_pi05_l10_50:eval:8:9,8,8,0.454643,0.451806,0.586403,0.586976,1.839454,1.836464,0.03395
pi05_l10_50,code,r6c_cal_pi05_l10_50:eval:8:9,8,10,0.425044,0.405027,0.600309,0.600908,1.852038,1.848852,0.034212
pi05_l10_50,code,r6c_cal_pi05_l10_50:eval:8:9,8,12,0.480508,0.477581,0.607185,0.608218,1.964122,1.961297,0.033462
pi05_l10_50,code,r6c_cal_pi05_l10_50:eval:8:9,8,14,0.3557,0.353275,0.498865,0.499762,1.874973,1.872077,0.033632
pi05_l10_50,code,r6c_cal_pi05_l10_50:eval:8:9,8,16,0.430042,0.427018,0.564433,0.565125,1.894846,1.8921,0.033389
pi05_l10_50,code,r6c_cal_pi05_l10_50:eval:8:9,8,18,0.452072,0.449305,0.577776,0.578831,1.97268,1.969749,0.033681
pi05_l10_50,code,r6c_cal_pi05_l10_50:eval:8:9,8,20,0.447317,0.444401,0.594433,0.595113,1.904656,1.901743,0.040477
pi05_l10_50,code,r6c_cal_pi05_l10_50:eval:8:9,8,22,0.441231,0.438019,0.567463,0.568683,1.832461,1.829718,0.033965
pi05_l10_50,code,r6c_cal_pi05_l10_50:eval:8:9,8,24,0.470089,0.467278,0.599053,0.599684,1.91432,1.911309,0.0341
pi05_l10_50,code,r6c_cal_pi05_l10_50:eval:8:9,8,26,0.428798,0.425903,0.553879,0.55499,1.798878,1.795932,0.032623
pi05_l10_50,code,r6c_cal_pi05_l10_50:eval:8:9,8,28,0.431419,0.428799,0.537143,0.537959,1.879182,1.876697,0.028554
pi05_l10_50,code,r6c_cal_pi05_l10_50:eval:8:9,8,30,0.429847,0.427185,0.552098,0.552822,1.845264,1.842733,0.028231
pi05_l10_50,code,r6c_cal_pi05_l10_50:eval:8:9,8,32,0.439208,0.436329,0.565666,0.566453,1.863995,1.86122,0.03442
pi05_l10_50,code,r6c_cal_pi05_l10_50:eval:8:9,8,34,0.44445,0.441698,0.563978,0.564643,1.94669,1.943743,0.03001
pi05_l10_50,code,r6c_cal_pi05_l10_50:eval:8:9,8,36,0.450662,0.447932,0.585439,0.586295,1.9287,1.925901,0.033443
pi05_l10_50,code,r6c_cal_pi05_l10_50:eval:8:9,8,38,0.464885,0.462026,0.603536,0.586657,1.966844,1.964336,0.048391
pi05_l10_50,code,r6c_cal_pi05_l10_50:eval:8:9,8,40,0.429127,0.42628,0.558517,0.559419,1.954568,1.951656,0.033873
pi05_l10_50,code,r6c_cal_pi05_l10_50:eval:8:9,8,42,0.433163,0.430374,0.562154,0.563199,1.8429,1.840036,0.033791
pi05_l10_50,code,r6c_cal_pi05_l10_50:eval:8:9,8,44,0.430418,0.427567,0.554956,0.555416,1.82895,1.825948,0.033769
pi05_l10_50,code,r6c_cal_pi05_l10_50:eval:8:9,8,46,0.453965,0.451233,0.579526,0.580432,1.861795,1.858903,0.034731
pi05_l10_50,code,r6c_cal_pi05_l10_50:eval:8:9,8,48,0.441151,0.438134,0.56538,0.566193,1.810176,1.807474,0.033349
pi05_l10_50,code,r6c_cal_pi05_l10_50:eval:8:9,8,50,0.460633,0.457995,0.584802,0.585633,1.870488,1.867621,0.033447
pi05_l10_50,code,r6c_cal_pi05_l10_50:eval:8:9,8,52,0.441067,0.438436,0.565446,0.566274,1.80819,1.805407,0.033637
pi05_l10_50,code,r6c_cal_pi05_l10_50:eval:8:9,8,54,0.437382,0.434576,0.581581,0.582672,1.828157,1.82521,0.033064
pi05_l10_50,code,r6c_cal_pi05_l10_50:eval:8:9,8,56,0.458193,0.455389,0.593235,0.593728,1.921265,1.918288,0.033049
pi05_l10_50,code,r6c_cal_pi05_l10_50:eval:8:9,8,58,0.449314,0.446543,0.613588,0.63236,1.947501,1.944603,0.033551
pi05_l10_50,code,r6c_cal_pi05_l10_50:eval:8:9,8,60,0.522878,0.520269,0.660631,0.661303,1.998153,1.995328,0.04479
pi05_l10_50,code,r6c_cal_pi05_l10_50:eval:8:9,8,62,0.441002,0.43814,0.581018,0.581902,1.868087,1.865091,0.033772
pi05_l10_50,code,r6c_cal_pi05_l10_50:eval:8:9,8,64,0.433272,0.430277,0.583278,0.583831,1.869673,1.866823,0.043421
pi05_l10_50,code,r6c_cal_pi05_l10_50:eval:8:9,8,66,0.437535,0.434858,0.56637,0.567254,1.84316,1.840299,0.034192
pi05_l10_50,code,r6c_cal_pi05_l10_50:eval:8:9,8,68,0.436615,0.433709,0.571033,0.572133,1.961968,1.959233,0.040388
pi05_l10_50,code,r6c_cal_pi05_l10_50:eval:8:9,8,70,0.485096,0.482187,0.633827,0.63437,2.022706,2.019674,0.033764
pi05_l10_50,code,r6c_cal_pi05_l10_50:eval:8:9,8,72,0.514002,0.511041,0.643638,0.644405,2.032938,2.030081,0.033253
pi05_l10_50,code,r6c_cal_pi05_l10_50:eval:9:2,9,0,0.047779,0.04591,0.164419,0.164258,1.393207,1.39015,0.035031
pi05_l10_50,code,r6c_cal_pi05_l10_50:eval:9:2,9,2,0.037151,0.03527,0.152467,0.15329,1.593673,1.590876,0.032294
pi05_l10_50,code,r6c_cal_pi05_l10_50:eval:9:2,9,4,0.850813,0.847857,0.974498,0.975138,2.296131,2.2932,0.032595
pi05_l10_50,code,r6c_cal_pi05_l10_50:eval:9:2,9,6,0.427852,0.424979,0.57257,0.573217,1.959211,1.956476,0.049419
pi05_l10_50,code,r6c_cal_pi05_l10_50:eval:9:2,9,8,0.542244,0.539647,0.694899,0.695385,2.064103,2.061246,0.043296
pi05_l10_50,code,r6c_cal_pi05_l10_50:eval:9:2,9,10,0.439144,0.436306,0.56569,0.566525,1.884013,1.881133,0.03456
pi05_l10_50,code,r6c_cal_pi05_l10_50:eval:9:2,9,12,0.435385,0.432556,0.56018,0.560964,1.884435,1.8816,0.034205
pi05_l10_50,code,r6c_cal_pi05_l10_50:eval:9:2,9,14,0.454473,0.451725,0.578527,0.579237,1.901413,1.898769,0.033342
pi05_l10_50,code,r6c_cal_pi05_l10_50:eval:9:2,9,16,0.419706,0.417043,0.549617,0.5486,1.898639,1.895887,0.03495
pi05_l10_50,code,r6c_cal_pi05_l10_50:eval:9:2,9,18,0.420966,0.418215,0.547014,0.547806,1.910512,1.907738,0.032552
pi05_l10_50,code,r6c_cal_pi05_l10_50:eval:9:2,9,19,0.461929,0.459205,0.580318,0.580879,1.842747,1.84014,0.033997
pi05_l10_50,code,r6c_cal_pi05_l10_50:eval:9:2,9,21,0.433166,0.430309,0.562196,0.562643,1.855363,1.852837,0.030232
pi05_l10_50,code,r6c_cal_pi05_l10_50:eval:9:2,9,23,0.452033,0.449026,0.63119,0.632128,1.960525,1.957622,0.033942
pi05_l10_50,code,r6c_cal_pi05_l10_50:eval:9:2,9,25,0.44751,0.443844,0.592517,0.592961,1.985861,1.983207,0.030151
pi05_l10_50,code,r6c_cal_pi05_l10_50:eval:9:2,9,27,0.419249,0.416589,0.559601,0.560342,1.991219,1.9882,0.036818
pi05_l10_50,code,r6c_cal_pi05_l10_50:eval:9:2,9,29,0.431008,0.428186,0.555511,0.556337,2.021899,2.019051,0.032572
pi05_l10_50,code,r6c_cal_pi05_l10_50:eval:9:2,9,31,0.427137,0.424281,0.556769,0.55735,1.867684,1.864899,0.033827
pi05_l10_50,code,r6c_cal_pi05_l10_50:eval:9:2,9,33,0.462199,0.459408,0.591874,0.592735,1.900219,1.897385,0.034118
pi05_l10_50,code,r6c_cal_pi05_l10_50:eval:9:2,9,35,0.516344,0.513702,0.651926,0.654765,2.107223,2.10452,0.040789
pi05_l10_50,code,r6c_cal_pi05_l10_50:eval:9:2,9,37,0.436553,0.42066,0.582242,0.582529,1.919304,1.916437,0.039897
pi05_l10_50,code,r6c_cal_pi05_l10_50:eval:9:2,9,39,0.345121,0.342641,0.480504,0.481107,1.836407,1.833649,0.057442
pi05_l10_50,code,r6c_cal_pi05_l10_50:eval:9:2,9,41,0.465978,0.463263,0.59266,0.593087,1.873254,1.870595,0.027645
pi05_l10_50,code,r6c_cal_pi05_l10_50:eval:9:2,9,42,0.449297,0.446554,0.573728,0.574704,2.058302,2.055397,0.034068
pi05_l10_50,code,r6c_cal_pi05_l10_50:eval:9:2,9,44,0.480356,0.477581,0.611466,0.608347,1.956591,1.950128,0.033443
pi05_l10_50,code,r6c_cal_pi05_l10_50:eval:9:2,9,46,0.471397,0.462004,0.649312,0.649764,2.063876,2.060944,0.053642
pi05_l10_50,code,r6c_cal_pi05_l10_50:eval:9:2,9,48,0.508043,0.50528,0.670762,0.671963,1.896846,1.894004,0.033431
pi05_l10_50,code,r6c_cal_pi05_l10_50:eval:9:2,9,50,0.419908,0.417104,0.558226,0.558931,1.877086,1.874184,0.041169
pi05_l10_50,code,r6c_cal_pi05_l10_50:eval:9:2,9,52,0.423277,0.420397,0.555072,0.555922,1.851187,1.848223,0.034125
pi05_l10_500,raw,r6c_cal_pi05_l10_500:eval:0:8,0,0,2.02526,2.022083,2.135928,2.135104,5.05319,5.049206,0.0
pi05_l10_500,raw,r6c_cal_pi05_l10_500:eval:0:8,0,2,1.309984,1.307237,1.411998,1.412289,3.303077,3.300224,0.0
pi05_l10_500,raw,r6c_cal_pi05_l10_500:eval:0:8,0,4,4.07393,4.070843,4.200815,4.200925,5.993502,5.990291,0.0
pi05_l10_500,raw,r6c_cal_pi05_l10_500:eval:0:8,0,6,1.792356,1.789342,1.907094,1.908013,3.655554,3.652762,0.0
pi05_l10_500,raw,r6c_cal_pi05_l10_500:eval:0:8,0,8,1.960687,1.957567,2.059001,2.059545,3.762003,3.758992,0.0
pi05_l10_500,raw,r6c_cal_pi05_l10_500:eval:0:8,0,10,2.054295,2.05105,2.162411,2.162973,4.078767,4.075832,0.0
pi05_l10_500,raw,r6c_cal_pi05_l10_500:eval:0:8,0,12,2.088314,2.085101,2.182377,2.182899,3.964086,3.961282,0.0
pi05_l10_500,raw,r6c_cal_pi05_l10_500:eval:0:8,0,14,1.927642,1.924708,2.017502,2.018238,3.616374,3.613403,0.0
pi05_l10_500,raw,r6c_cal_pi05_l10_500:eval:0:8,0,16,1.709041,1.706189,1.80976,1.809805,3.34211,3.33895,0.0
pi05_l10_500,raw,r6c_cal_pi05_l10_500:eval:0:8,0,18,1.722679,1.71988,1.816179,1.816799,3.498692,3.495995,0.0
pi05_l10_500,raw,r6c_cal_pi05_l10_500:eval:0:8,0,20,2.00722,2.066966,2.098965,2.162241,3.788021,3.847981,0.0
pi05_l10_500,raw,r6c_cal_pi05_l10_500:eval:0:8,0,22,1.917114,1.91388,2.01526,2.015416,3.891255,3.888193,0.0
pi05_l10_500,raw,r6c_cal_pi05_l10_500:eval:0:8,0,24,2.06427,2.061174,2.185295,2.176582,3.787635,3.775848,0.0
pi05_l10_500,raw,r6c_cal_pi05_l10_500:eval:0:8,0,26,1.795079,1.791814,1.891393,1.891911,3.410856,3.407857,0.0
pi05_l10_500,raw,r6c_cal_pi05_l10_500:eval:0:8,0,28,1.696124,1.692791,1.790119,1.790458,3.29809,3.295317,0.0
pi05_l10_500,raw,r6c_cal_pi05_l10_500:eval:0:8,0,30,1.806237,1.80349,1.919584,1.920359,3.593803,3.5911,0.0
pi05_l10_500,raw,r6c_cal_pi05_l10_500:eval:0:8,0,32,1.900564,1.897622,1.994378,1.994807,3.86856,3.865615,0.0
pi05_l10_500,raw,r6c_cal_pi05_l10_500:eval:0:8,0,34,1.991755,1.988522,2.091389,2.091701,3.954163,3.951162,0.0
pi05_l10_500,raw,r6c_cal_pi05_l10_500:eval:0:8,0,36,1.864125,1.861069,1.952786,1.953022,3.701364,3.698443,0.0
pi05_l10_500,raw,r6c_cal_pi05_l10_500:eval:0:8,0,38,1.758748,1.75587,1.847598,1.847928,3.351731,3.348837,0.0
pi05_l10_500,raw,r6c_cal_pi05_l10_500:eval:0:8,0,40,1.698943,1.695976,1.77018,1.770169,3.166473,3.163782,0.0
pi05_l10_500,raw,r6c_cal_pi05_l10_500:eval:0:8,0,42,1.975431,1.972544,2.067122,2.067888,3.908171,3.905635,0.0
pi05_l10_500,raw,r6c_cal_pi05_l10_500:eval:0:8,0,44,1.828175,1.825223,1.92746,1.93146,3.785678,3.78255,0.0
pi05_l10_500,raw,r6c_cal_pi05_l10_500:eval:0:8,0,46,2.030597,2.027405,2.111577,2.112052,3.887067,3.884197,0.0
pi05_l10_500,raw,r6c_cal_pi05_l10_500:eval:0:8,0,48,1.809995,1.795288,1.901646,1.90218,3.675852,3.673239,0.0
pi05_l10_500,raw,r6c_cal_pi05_l10_500:eval:0:8,0,50,1.689226,1.686297,1.76564,1.765869,3.256519,3.253742,0.0
pi05_l10_500,raw,r6c_cal_pi05_l10_500:eval:0:8,0,52,1.541454,1.538438,1.670295,1.670861,3.228155,3.225319,0.0
pi05_l10_500,raw,r6c_cal_pi05_l10_500:eval:1:8,1,0,0.973852,0.971463,1.051273,1.05102,2.765302,2.762138,0.0
pi05_l10_500,raw,r6c_cal_pi05_l10_500:eval:1:8,1,2,0.85626,0.853694,0.932631,0.932745,2.395062,2.392222,0.0
pi05_l10_500,raw,r6c_cal_pi05_l10_500:eval:1:8,1,4,3.923364,3.919706,4.030887,4.031245,6.015208,6.012254,0.0
pi05_l10_500,raw,r6c_cal_pi05_l10_500:eval:1:8,1,6,2.060225,2.041524,2.156349,2.156418,3.891753,3.888691,0.0
pi05_l10_500,raw,r6c_cal_pi05_l10_500:eval:1:8,1,8,1.69851,1.695706,1.786969,1.787474,3.264517,3.261612,0.0
pi05_l10_500,raw,r6c_cal_pi05_l10_500:eval:1:8,1,10,1.57684,1.573702,1.742124,1.742403,3.436206,3.433042,0.0
pi05_l10_500,raw,r6c_cal_pi05_l10_500:eval:1:8,1,12,2.054971,2.051899,2.132043,2.132529,3.663208,3.660584,0.0
pi05_l10_500,raw,r6c_cal_pi05_l10_500:eval:1:8,1,14,2.005605,2.002703,2.10387,2.10446,3.864238,3.861534,0.0
pi05_l10_500,raw,r6c_cal_pi05_l10_500:eval:1:8,1,16,2.045541,2.042539,2.130424,2.130911,3.829722,3.826974,0.0
pi05_l10_500,raw,r6c_cal_pi05_l10_500:eval:1:8,1,18,2.03813,2.035085,2.129926,2.130463,3.831367,3.828654,0.0
pi05_l10_500,raw,r6c_cal_pi05_l10_500:eval:1:8,1,20,2.061852,2.05895,2.167483,2.168072,3.906771,3.904005,0.0
pi05_l10_500,raw,r6c_cal_pi05_l10_500:eval:1:8,1,22,2.251107,2.247838,2.356622,2.356652,4.376037,4.373097,0.0
pi05_l10_500,raw,r6c_cal_pi05_l10_500:eval:1:8,1,24,2.218469,2.215471,2.316862,2.317082,4.127974,4.125221,0.0
pi05_l10_500,raw,r6c_cal_pi05_l10_500:eval:1:8,1,26,2.175316,2.172351,2.268026,2.268283,4.094596,4.091563,0.0
pi05_l10_500,raw,r6c_cal_pi05_l10_500:eval:1:8,1,28,2.093782,2.091059,2.198688,2.198122,3.727518,3.724156,0.0
pi05_l10_500,raw,r6c_cal_pi05_l10_500:eval:1:8,1,30,1.687939,1.685061,1.788328,1.788389,3.606231,3.603293,0.0
pi05_l10_500,raw,r6c_cal_pi05_l10_500:eval:1:8,1,32,1.739184,1.736541,1.831432,1.837149,3.793341,3.790471,0.0
pi05_l10_500,raw,r6c_cal_pi05_l10_500:eval:1:8,1,34,2.03157,2.028781,2.128197,2.128689,3.597112,3.594453,0.0
pi05_l10_500,raw,r6c_cal_pi05_l10_500:eval:1:8,1,36,1.872871,1.869778,1.975669,1.975574,3.777764,3.774705,0.0
pi05_l10_500,raw,r6c_cal_pi05_l10_500:eval:1:8,1,38,1.97969,1.976567,2.098265,2.080982,3.857885,3.837198,0.0
pi05_l10_500,raw,r6c_cal_pi05_l10_500:eval:1:8,1,40,1.949242,1.946394,2.024949,2.025338,3.625558,3.622934,0.0
pi05_l10_500,raw,r6c_cal_pi05_l10_500:eval:1:8,1,42,1.715263,1.712422,1.791824,1.792387,3.169798,3.167469,0.0
pi05_l10_500,raw,r6c_cal_pi05_l10_500:eval:1:8,1,44,1.723956,1.720884,1.891848,1.891877,3.707648,3.70456,0.0
pi05_l10_500,raw,r6c_cal_pi05_l10_500:eval:1:8,1,46,1.857595,1.854862,1.949495,1.949471,3.628484,3.625339,0.0
pi05_l10_500,raw,r6c_cal_pi05_l10_500:eval:1:8,1,48,2.069735,2.065946,2.177315,2.177974,4.123309,4.120186,0.0
pi05_l10_500,raw,r6c_cal_pi05_l10_500:eval:2:4,2,0,1.338419,1.335943,1.440317,1.439488,3.435376,3.431696,0.0
pi05_l10_500,raw,r6c_cal_pi05_l10_500:eval:2:4,2,2,1.14199,1.139081,1.222804,1.223054,3.133446,3.130483,0.0
pi05_l10_500,raw,r6c_cal_pi05_l10_500:eval:2:4,2,4,3.874659,3.871543,3.974171,3.974824,6.265545,6.262533,0.0
pi05_l10_500,raw,r6c_cal_pi05_l10_500:eval:2:4,2,6,2.027137,2.02406,2.156863,2.15695,4.336251,4.332634,0.0
pi05_l10_500,raw,r6c_cal_pi05_l10_500:eval:2:4,2,8,2.403788,2.400482,2.502113,2.502217,4.39353,4.390297,0.0
pi05_l10_500,raw,r6c_cal_pi05_l10_500:eval:2:4,2,10,2.188529,2.18529,2.26837,2.268946,4.129292,4.126595,0.0
pi05_l10_500,raw,r6c_cal_pi05_l10_500:eval:2:4,2,12,1.817838,1.814937,1.960288,1.961254,3.761166,3.758484,0.0
pi05_l10_500,raw,r6c_cal_pi05_l10_500:eval:2:4,2,14,1.926909,1.92366,2.02142,2.021895,3.890101,3.887132,0.0
pi05_l10_500,raw,r6c_cal_pi05_l10_500:eval:2:4,2,16,1.944944,1.984065,2.086312,2.128861,3.934529,3.973628,0.0
pi05_l10_500,raw,r6c_cal_pi05_l10_500:eval:2:4,2,18,1.842684,1.839399,1.94902,1.949998,3.931704,3.928788,0.0
pi05_l10_500,raw,r6c_cal_pi05_l10_500:eval:2:4,2,20,1.918678,1.9155,2.005846,2.006228,3.923316,3.920558,0.0
pi05_l10_500,raw,r6c_cal_pi05_l10_500:eval:2:4,2,22,1.684567,1.681466,1.770013,1.770558,3.384186,3.381623,0.0
pi05_l10_500,raw,r6c_cal_pi05_l10_500:eval:2:4,2,24,1.784651,1.781317,1.91826,1.918245,3.667775,3.66456,0.0
pi05_l10_500,raw,r6c_cal_pi05_l10_500:eval:2:4,2,26,1.975554,1.97227,2.108537,2.108817,3.835026,3.832153,0.0
pi05_l10_500,raw,r6c_cal_pi05_l10_500:eval:2:4,2,28,1.821685,1.818677,1.913925,1.914207,3.676585,3.673631,0.0
pi05_l10_500,raw,r6c_cal_pi05_l10_500:eval:2:4,2,30,1.994155,1.991011,2.100706,2.10284,4.065379,4.062536,0.0
pi05_l10_500,raw,r6c_cal_pi05_l10_500:eval:2:4,2,32,1.931019,1.928074,2.030075,2.030622,3.923318,3.920243,0.0
pi05_l10_500,raw,r6c_cal_pi05_l10_500:eval:2:4,2,34,1.870526,1.867842,1.962575,1.962751,3.608141,3.605314,0.0
pi05_l10_500,raw,r6c_cal_pi05_l10_500:eval:2:4,2,36,1.917988,1.914847,2.025847,2.025953,3.8162,3.813036,0.0
pi05_l10_500,raw,r6c_cal_pi05_l10_500:eval:2:4,2,37,2.017631,2.014801,2.131566,2.131643,4.024518,4.021537,0.0
pi05_l10_500,raw,r6c_cal_pi05_l10_500:eval:2:4,2,39,1.755311,1.751832,1.8617,1.862138,3.745965,3.743267,0.0
pi05_l10_500,raw,r6c_cal_pi05_l10_500:eval:2:4,2,41,2.071539,2.068553,2.172316,2.172748,4.287538,4.284727,0.0
pi05_l10_500,raw,r6c_cal_pi05_l10_500:eval:2:4,2,43,2.123468,2.120574,2.25311,2.266259,4.282559,4.279387,0.0
pi05_l10_500,raw,r6c_cal_pi05_l10_500:eval:2:4,2,45,1.96881,1.965804,2.05182,2.052522,3.89491,3.892204,0.0
pi05_l10_500,raw,r6c_cal_pi05_l10_500:eval:2:4,2,47,2.060443,2.057358,2.159475,2.171406,4.199831,4.196906,0.0
pi05_l10_500,raw,r6c_cal_pi05_l10_500:eval:2:4,2,49,1.843361,1.840032,1.976226,1.976719,3.935642,3.932647,0.0
pi05_l10_500,raw,r6c_cal_pi05_l10_500:eval:3:2,3,0,1.29427,1.291757,1.369094,1.368784,3.187419,3.184165,0.0
pi05_l10_500,raw,r6c_cal_pi05_l10_500:eval:3:2,3,2,1.13115,1.117321,1.209831,1.209976,2.990757,2.987784,0.0
pi05_l10_500,raw,r6c_cal_pi05_l10_500:eval:3:2,3,4,3.827013,3.823816,3.930594,3.930938,5.944017,5.941102,0.0
pi05_l10_500,raw,r6c_cal_pi05_l10_500:eval:3:2,3,6,2.12171,2.118637,2.225148,2.225417,3.941798,3.93886,0.0
pi05_l10_500,raw,r6c_cal_pi05_l10_500:eval:3:2,3,8,2.1547,2.151531,2.299787,2.299765,4.022211,4.018385,0.0
pi05_l10_500,raw,r6c_cal_pi05_l10_500:eval:3:2,3,10,2.080721,2.077477,2.177523,2.177762,4.041633,4.038562,0.0
pi05_l10_500,raw,r6c_cal_pi05_l10_500:eval:3:2,3,12,1.945598,1.94239,2.059317,2.072769,3.881107,3.878211,0.0
pi05_l10_500,raw,r6c_cal_pi05_l10_500:eval:3:2,3,14,1.901969,1.898852,1.991453,1.99044,3.736479,3.732346,0.0
pi05_l10_500,raw,r6c_cal_pi05_l10_500:eval:3:2,3,16,1.786924,1.783875,1.884204,1.884483,3.606051,3.603069,0.0
pi05_l10_500,raw,r6c_cal_pi05_l10_500:eval:3:2,3,18,1.769324,1.766061,1.862593,1.863079,3.492154,3.489143,0.0
pi05_l10_500,raw,r6c_cal_pi05_l10_500:eval:3:2,3,20,1.82019,1.816853,1.939598,1.931862,3.892482,3.88141,0.0
pi05_l10_500,raw,r6c_cal_pi05_l10_500:eval:3:2,3,22,1.980055,1.976772,2.079163,2.079746,4.109415,4.106457,0.0
pi05_l10_500,raw,r6c_cal_pi05_l10_500:eval:3:2,3,24,1.924069,1.921245,2.011351,2.011991,3.663182,3.660488,0.0
pi05_l10_500,raw,r6c_cal_pi05_l10_500:eval:3:2,3,26,1.976859,1.973859,2.064873,2.065182,3.851405,3.848387,0.0
pi05_l10_500,raw,r6c_cal_pi05_l10_500:eval:3:2,3,28,1.9643,1.961407,2.094166,2.094294,3.742186,3.739295,0.0
pi05_l10_500,raw,r6c_cal_pi05_l10_500:eval:3:2,3,30,1.867452,1.864074,1.961113,1.961004,3.644514,3.641141,0.0
pi05_l10_500,raw,r6c_cal_pi05_l10_500:eval:3:2,3,32,2.086715,2.083318,2.183762,2.184155,4.118215,4.115241,0.0
pi05_l10_500,raw,r6c_cal_pi05_l10_500:eval:3:2,3,34,2.168215,2.16518,2.269831,2.270194,4.057937,4.054806,0.0
pi05_l10_500,raw,r6c_cal_pi05_l10_500:eval:3:2,3,36,1.897283,1.875779,2.014605,2.014808,3.720721,3.717574,0.0
pi05_l10_500,raw,r6c_cal_pi05_l10_500:eval:3:2,3,38,1.883232,1.880148,2.008977,2.009122,3.85391,3.85081,0.0
pi05_l10_500,raw,r6c_cal_pi05_l10_500:eval:3:2,3,40,2.029742,2.026521,2.12269,2.123229,3.890061,3.887252,0.0
pi05_l10_500,raw,r6c_cal_pi05_l10_500:eval:3:2,3,42,2.000115,1.996729,2.098099,2.098412,3.926826,3.923928,0.0
pi05_l10_500,raw,r6c_cal_pi05_l10_500:eval:3:2,3,44,1.873354,1.869986,1.966933,1.967485,3.860605,3.857579,0.0
pi05_l10_500,raw,r6c_cal_pi05_l10_500:eval:4:9,4,0,1.009007,1.006036,1.08741,1.08737,2.640708,2.637321,0.0
pi05_l10_500,raw,r6c_cal_pi05_l10_500:eval:4:9,4,2,0.964303,0.962009,1.039129,1.039275,2.561273,2.558345,0.0
pi05_l10_500,raw,r6c_cal_pi05_l10_500:eval:4:9,4,4,3.300004,3.296705,3.418387,3.418334,5.111907,5.108486,0.0
pi05_l10_500,raw,r6c_cal_pi05_l10_500:eval:4:9,4,6,1.712525,1.709209,1.820113,1.820119,3.504495,3.501395,0.0
pi05_l10_500,raw,r6c_cal_pi05_l10_500:eval:4:9,4,8,1.898117,1.894973,1.995717,1.996248,3.833706,3.830618,0.0
pi05_l10_500,raw,r6c_cal_pi05_l10_500:eval:4:9,4,10,1.812938,1.809759,1.904492,1.904882,3.524953,3.521949,0.0
pi05_l10_500,raw,r6c_cal_pi05_l10_500:eval:4:9,4,12,1.605202,1.601798,1.698182,1.698921,3.378551,3.375655,0.0
pi05_l10_500,raw,r6c_cal_pi05_l10_500:eval:4:9,4,14,1.543125,1.539982,1.636022,1.636304,3.147451,3.144355,0.0
pi05_l10_500,raw,r6c_cal_pi05_l10_500:eval:4:9,4,16,1.639482,1.636114,1.733131,1.73321,3.347375,3.344144,0.0
pi05_l10_500,raw,r6c_cal_pi05_l10_500:eval:4:9,4,18,1.623731,1.620319,1.716348,1.717042,3.405326,3.402419,0.0
pi05_l10_500,raw,r6c_cal_pi05_l10_500:eval:4:9,4,20,1.841067,1.83786,1.947192,1.94737,3.73965,3.736717,0.0
pi05_l10_500,raw,r6c_cal_pi05_l10_500:eval:4:9,4,22,1.749979,1.746903,1.82615,1.826505,3.475518,3.472757,0.0
pi05_l10_500,raw,r6c_cal_pi05_l10_500:eval:4:9,4,24,1.626417,1.623464,1.717877,1.718397,3.265974,3.263221,0.0
pi05_l10_500,raw,r6c_cal_pi05_l10_500:eval:4:9,4,26,1.571964,1.568903,1.662835,1.663387,3.190214,3.187283,0.0
pi05_l10_500,raw,r6c_cal_pi05_l10_500:eval:4:9,4,28,1.563548,1.56058,1.656066,1.656424,3.276563,3.273581,0.0
pi05_l10_500,raw,r6c_cal_pi05_l10_500:eval:4:9,4,30,1.674948,1.671619,1.770872,1.77145,3.564602,3.561483,0.0
pi05_l10_500,raw,r6c_cal_pi05_l10_500:eval:4:9,4,32,1.720041,1.716433,1.814864,1.815049,3.609611,3.606691,0.0
pi05_l10_500,raw,r6c_cal_pi05_l10_500:eval:4:9,4,34,1.757283,1.747097,1.849176,1.849352,3.601703,3.598721,0.0
pi05_l10_500,raw,r6c_cal_pi05_l10_500:eval:4:9,4,36,1.638765,1.635537,1.731584,1.731809,3.263535,3.260517,0.0
pi05_l10_500,raw,r6c_cal_pi05_l10_500:eval:4:9,4,38,1.540001,1.537,1.635196,1.635572,3.123913,3.120911,0.0
pi05_l10_500,raw,r6c_cal_pi05_l10_500:eval:4:9,4,40,1.559514,1.556231,1.648123,1.648424,3.19109,3.188171,0.0
pi05_l10_500,raw,r6c_cal_pi05_l10_500:eval:4:9,4,42,1.658955,1.655736,1.757913,1.752052,3.33876,3.329658,0.0
pi05_l10_500,raw,r6c_cal_pi05_l10_500:eval:4:9,4,44,1.656957,1.653677,1.766236,1.766322,3.493934,3.490751,0.0
pi05_l10_500,raw,r6c_cal_pi05_l10_500:eval:5:9,5,0,1.036463,1.033843,1.113308,1.112904,2.577426,2.57409,0.0
pi05_l10_500,raw,r6c_cal_pi05_l10_500:eval:5:9,5,2,1.045838,1.043065,1.123921,1.12438,2.612461,2.609582,0.0
pi05_l10_500,raw,r6c_cal_pi05_l10_500:eval:5:9,5,4,2.775321,2.772009,2.870517,2.870799,4.419108,4.416209,0.0
pi05_l10_500,raw,r6c_cal_pi05_l10_500:eval:5:9,5,6,1.490172,1.487138,1.578326,1.578595,3.047189,3.044264,0.0
pi05_l10_500,raw,r6c_cal_pi05_l10_500:eval:5:9,5,8,1.653123,1.650011,1.74506,1.745243,3.293106,3.290095,0.0
pi05_l10_500,raw,r6c_cal_pi05_l10_500:eval:5:9,5,10,1.546503,1.543457,1.642807,1.643283,3.356733,3.353815,0.0
pi05_l10_500,raw,r6c_cal_pi05_l10_500:eval:5:9,5,12,1.78325,1.780312,1.90705,1.907132,3.631447,3.628346,0.0
pi05_l10_500,raw,r6c_cal_pi05_l10_500:eval:5:9,5,14,1.832596,1.829301,1.922605,1.923112,3.48631,3.483335,0.0
pi05_l10_500,raw,r6c_cal_pi05_l10_500:eval:5:9,5,16,1.485315,1.481989,1.5841,1.584591,3.079336,3.076407,0.0
pi05_l10_500,raw,r6c_cal_pi05_l10_500:eval:5:9,5,18,1.506063,1.502921,1.601479,1.60171,3.054982,3.052051,0.0
pi05_l10_500,raw,r6c_cal_pi05_l10_500:eval:5:9,5,20,1.519895,1.516866,1.615045,1.615398,3.415826,3.412983,0.0
pi05_l10_500,raw,r6c_cal_pi05_l10_500:eval:5:9,5,22,1.510964,1.507854,1.602878,1.603249,3.130493,3.127534,0.0
pi05_l10_500,raw,r6c_cal_pi05_l10_500:eval:5:9,5,24,1.613709,1.610356,1.717757,1.718567,3.513338,3.510446,0.0
pi05_l10_500,raw,r6c_cal_pi05_l10_500:eval:5:9,5,26,1.684974,1.682027,1.775234,1.775607,3.465473,3.462509,0.0
pi05_l10_500,raw,r6c_cal_pi05_l10_500:eval:5:9,5,28,1.538539,1.535658,1.610744,1.611273,3.025884,3.023275,0.0
pi05_l10_500,raw,r6c_cal_pi05_l10_500:eval:5:9,5,30,1.420999,1.417822,1.522363,1.523976,2.962457,2.959745,0.0
pi05_l10_500,raw,r6c_cal_pi05_l10_500:eval:6:11,6,0,0.825459,0.822762,0.897661,0.897944,2.244193,2.240891,0.0
pi05_l10_500,raw,r6c_cal_pi05_l10_500:eval:6:11,6,2,0.84996,0.847097,0.936534,0.922919,2.92687,2.909751,0.0
pi05_l10_500,raw,r6c_cal_pi05_l10_500:eval:6:11,6,4,3.559782,3.556572,3.679548,3.66455,5.558515,5.539646,0.0
pi05_l10_500,raw,r6c_cal_pi05_l10_500:eval:6:11,6,6,2.144647,2.141491,2.242334,2.243042,3.923787,3.920863,0.0
pi05_l10_500,raw,r6c_cal_pi05_l10_500:eval:6:11,6,8,1.803525,1.800398,1.896139,1.896455,3.419707,3.416713,0.0
pi05_l10_500,raw,r6c_cal_pi05_l10_500:eval:6:11,6,10,1.663934,1.660896,1.755708,1.756452,3.189867,3.187119,0.0
pi05_l10_500,raw,r6c_cal_pi05_l10_500:eval:6:11,6,12,1.625141,1.621882,1.71841,1.718911,3.462522,3.459506,0.0
pi05_l10_500,raw,r6c_cal_pi05_l10_500:eval:6:11,6,14,1.895181,1.892133,1.997301,1.998008,3.511325,3.508486,0.0
pi05_l10_500,raw,r6c_cal_pi05_l10_500:eval:6:11,6,16,1.866533,1.863391,1.963204,1.963407,3.741054,3.738271,0.0
pi05_l10_500,raw,r6c_cal_pi05_l10_500:eval:6:11,6,18,1.983607,1.980745,2.061984,2.06256,3.648716,3.646059,0.0
pi05_l10_500,raw,r6c_cal_pi05_l10_500:eval:6:11,6,20,1.736053,1.732874,1.830153,1.830737,3.349896,3.347098,0.0
pi05_l10_500,raw,r6c_cal_pi05_l10_500:eval:6:11,6,22,1.690042,1.686743,1.780451,1.781108,3.217935,3.215061,0.0
pi05_l10_500,raw,r6c_cal_pi05_l10_500:eval:6:11,6,24,1.605705,1.602968,1.729133,1.72943,3.535955,3.532931,0.0
pi05_l10_500,raw,r6c_cal_pi05_l10_500:eval:6:11,6,26,1.923479,1.920493,2.034401,2.035044,3.575184,3.572266,0.0
pi05_l10_500,raw,r6c_cal_pi05_l10_500:eval:6:11,6,28,1.842817,1.839705,1.941806,1.942093,3.717015,3.714062,0.0
pi05_l10_500,raw,r6c_cal_pi05_l10_500:eval:6:11,6,30,2.055702,2.052631,2.147384,2.147801,3.785602,3.782675,0.0
pi05_l10_500,raw,r6c_cal_pi05_l10_500:eval:6:11,6,32,1.65252,1.633173,1.746655,1.747443,3.225337,3.222324,0.0
pi05_l10_500,raw,r6c_cal_pi05_l10_500:eval:6:11,6,34,1.669984,1.666752,1.745385,1.74592,3.169457,3.166767,0.0
pi05_l10_500,raw,r6c_cal_pi05_l10_500:eval:6:11,6,36,1.76461,1.761604,1.855653,1.856126,3.440718,3.43792,0.0
pi05_l10_500,raw,r6c_cal_pi05_l10_500:eval:6:11,6,38,2.07601,2.072832,2.17338,2.169577,3.813671,3.806736,0.0
pi05_l10_500,raw,r6c_cal_pi05_l10_500:eval:6:11,6,40,2.049797,2.046707,2.146792,2.146947,3.912878,3.90997,0.0
pi05_l10_500,raw,r6c_cal_pi05_l10_500:eval:6:11,6,42,1.878015,1.87496,1.96887,1.96934,3.581674,3.578896,0.0
pi05_l10_500,raw,r6c_cal_pi05_l10_500:eval:7:0,7,0,0.891691,0.88923,0.969063,0.968521,2.328914,2.325629,0.0
pi05_l10_500,raw,r6c_cal_pi05_l10_500:eval:7:0,7,2,0.82817,0.825653,0.909092,0.909188,2.312423,2.309489,0.0
pi05_l10_500,raw,r6c_cal_pi05_l10_500:eval:7:0,7,4,3.717484,3.714316,3.819664,3.820025,5.642832,5.639918,0.0
pi05_l10_500,raw,r6c_cal_pi05_l10_500:eval:7:0,7,6,1.955985,1.952887,2.058025,2.058345,3.77898,3.776012,0.0
pi05_l10_500,raw,r6c_cal_pi05_l10_500:eval:7:0,7,7,2.037638,2.03435,2.13487,2.135398,3.97263,3.969908,0.0
pi05_l10_500,raw,r6c_cal_pi05_l10_500:eval:7:0,7,9,2.023409,2.020306,2.121683,2.121849,3.999985,3.996929,0.0
pi05_l10_500,raw,r6c_cal_pi05_l10_500:eval:7:0,7,11,1.953543,1.950382,2.030989,2.031229,3.537977,3.535252,0.0
pi05_l10_500,raw,r6c_cal_pi05_l10_500:eval:7:0,7,13,1.72781,1.724848,1.818873,1.819477,3.446632,3.444044,0.0
pi05_l10_500,raw,r6c_cal_pi05_l10_500:eval:7:0,7,15,1.892237,1.889194,1.984887,1.984872,3.86682,3.863799,0.0
pi05_l10_500,raw,r6c_cal_pi05_l10_500:eval:7:0,7,17,1.882259,1.878943,1.987201,1.987504,3.933182,3.929842,0.0
pi05_l10_500,raw,r6c_cal_pi05_l10_500:eval:7:0,7,19,2.120531,2.117031,2.223356,2.22364,4.085475,4.082524,0.0
pi05_l10_500,raw,r6c_cal_pi05_l10_500:eval:7:0,7,21,1.917856,1.914578,2.020493,2.020796,3.667326,3.664423,0.0
pi05_l10_500,raw,r6c_cal_pi05_l10_500:eval:7:0,7,23,1.701227,1.698215,1.78738,1.787823,3.327349,3.324325,0.0
pi05_l10_500,raw,r6c_cal_pi05_l10_500:eval:7:0,7,25,1.94897,1.933987,2.060491,2.059865,3.560965,3.557667,0.0
pi05_l10_500,raw,r6c_cal_pi05_l10_500:eval:7:0,7,27,2.082411,2.079284,2.15777,2.158313,3.746531,3.743868,0.0
pi05_l10_500,raw,r6c_cal_pi05_l10_500:eval:7:0,7,29,1.837474,1.834254,1.935938,1.93692,3.780881,3.778223,0.0
pi05_l10_500,raw,r6c_cal_pi05_l10_500:eval:7:0,7,31,2.129047,2.126006,2.211052,2.211441,4.043466,4.040773,0.0
pi05_l10_500,raw,r6c_cal_pi05_l10_500:eval:7:0,7,33,1.884148,1.874743,1.985243,1.98625,3.627445,3.624908,0.0
pi05_l10_500,raw,r6c_cal_pi05_l10_500:eval:7:0,7,35,1.629505,1.626559,1.720003,1.720985,3.250126,3.247462,0.0
pi05_l10_500,raw,r6c_cal_pi05_l10_500:eval:7:0,7,37,1.813018,1.810147,1.938452,1.938373,3.542901,3.539823,0.0
pi05_l10_500,raw,r6c_cal_pi05_l10_500:eval:7:0,7,39,1.877616,1.874277,1.954473,1.954965,3.481252,3.478703,0.0
pi05_l10_500,raw,r6c_cal_pi05_l10_500:eval:7:0,7,41,2.045783,2.042615,2.148374,2.148594,4.070289,4.067319,0.0
pi05_l10_500,raw,r6c_cal_pi05_l10_500:eval:7:0,7,43,2.089152,2.086145,2.175526,2.176011,3.826227,3.823528,0.0
pi05_l10_500,raw,r6c_cal_pi05_l10_500:eval:7:0,7,45,1.695635,1.692624,1.786912,1.787029,3.273964,3.270935,0.0
pi05_l10_500,raw,r6c_cal_pi05_l10_500:eval:7:0,7,47,1.675715,1.672679,1.761271,1.761095,3.356311,3.352479,0.0
pi05_l10_500,raw,r6c_cal_pi05_l10_500:eval:8:9,8,0,0.847195,0.844837,0.919151,0.919195,2.410499,2.407455,0.0
pi05_l10_500,raw,r6c_cal_pi05_l10_500:eval:8:9,8,2,1.009247,1.006491,1.083395,1.08362,2.934497,2.931505,0.0
pi05_l10_500,raw,r6c_cal_pi05_l10_500:eval:8:9,8,4,0.831005,0.828524,0.921214,0.921549,2.714946,2.712069,0.0
pi05_l10_500,raw,r6c_cal_pi05_l10_500:eval:8:9,8,6,3.827616,3.824294,3.946118,3.945782,6.041883,6.03866,0.0
pi05_l10_500,raw,r6c_cal_pi05_l10_500:eval:8:9,8,8,1.785103,1.782181,1.861242,1.861355,3.575101,3.572293,0.0
pi05_l10_500,raw,r6c_cal_pi05_l10_500:eval:8:9,8,10,1.60321,1.6002,1.701552,1.702179,3.394283,3.391604,0.0
pi05_l10_500,raw,r6c_cal_pi05_l10_500:eval:8:9,8,12,1.624745,1.62178,1.711715,1.712137,3.593815,3.590878,0.0
pi05_l10_500,raw,r6c_cal_pi05_l10_500:eval:8:9,8,14,1.826774,1.823287,1.943658,1.958056,3.771721,3.768364,0.0
pi05_l10_500,raw,r6c_cal_pi05_l10_500:eval:8:9,8,16,2.010757,2.006938,2.104212,2.10477,4.140013,4.137189,0.0
pi05_l10_500,raw,r6c_cal_pi05_l10_500:eval:8:9,8,18,1.896425,1.892991,1.981085,1.981449,3.790357,3.787421,0.0
pi05_l10_500,raw,r6c_cal_pi05_l10_500:eval:8:9,8,20,1.671568,1.668444,1.757294,1.75751,3.384735,3.381725,0.0
pi05_l10_500,raw,r6c_cal_pi05_l10_500:eval:8:9,8,22,1.620131,1.616799,1.694158,1.69438,3.445244,3.442122,0.0
pi05_l10_500,raw,r6c_cal_pi05_l10_500:eval:8:9,8,24,1.740734,1.73778,1.827915,1.828914,3.744282,3.74168,0.0
pi05_l10_500,raw,r6c_cal_pi05_l10_500:eval:8:9,8,26,1.620202,1.617222,1.744016,1.744312,3.788141,3.784577,0.0
pi05_l10_500,raw,r6c_cal_pi05_l10_500:eval:8:9,8,28,2.050443,2.04664,2.145993,2.146255,4.166955,4.16347,0.0
pi05_l10_500,raw,r6c_cal_pi05_l10_500:eval:8:9,8,30,1.810648,1.807404,1.896373,1.896606,3.598437,3.595422,0.0
pi05_l10_500,raw,r6c_cal_pi05_l10_500:eval:8:9,8,32,1.732124,1.729126,1.82027,1.820823,3.438625,3.435636,0.0
pi05_l10_500,raw,r6c_cal_pi05_l10_500:eval:8:9,8,34,1.733296,1.730185,1.822372,1.823142,3.424695,3.421985,0.0
pi05_l10_500,raw,r6c_cal_pi05_l10_500:eval:8:9,8,36,2.02582,2.02273,2.099907,2.100381,3.701112,3.698382,0.0
pi05_l10_500,raw,r6c_cal_pi05_l10_500:eval:8:9,8,38,1.704281,1.701178,1.798532,1.799019,3.706046,3.703207,0.0
pi05_l10_500,raw,r6c_cal_pi05_l10_500:eval:8:9,8,40,2.031549,2.028413,2.103513,2.103805,3.963702,3.960944,0.0
pi05_l10_500,raw,r6c_cal_pi05_l10_500:eval:8:9,8,42,1.722334,1.719309,1.808376,1.809025,3.428409,3.425743,0.0
pi05_l10_500,raw,r6c_cal_pi05_l10_500:eval:8:9,8,44,1.6217,1.618261,1.718418,1.718921,3.270306,3.267288,0.0
pi05_l10_500,raw,r6c_cal_pi05_l10_500:eval:8:9,8,46,1.747374,1.744151,1.818734,1.819223,3.420828,3.418102,0.0
pi05_l10_500,raw,r6c_cal_pi05_l10_500:eval:8:9,8,48,1.995804,1.992612,2.090505,2.090627,3.726821,3.723652,0.0
pi05_l10_500,raw,r6c_cal_pi05_l10_500:eval:8:9,8,50,1.845579,1.842329,1.942289,1.942797,3.920399,3.917603,0.0
pi05_l10_500,raw,r6c_cal_pi05_l10_500:eval:8:9,8,51,1.986171,1.983224,2.071285,2.071315,3.898234,3.895206,0.0
pi05_l10_500,raw,r6c_cal_pi05_l10_500:eval:8:9,8,53,1.720654,1.717417,1.813589,1.813798,3.521677,3.518686,0.0
pi05_l10_500,raw,r6c_cal_pi05_l10_500:eval:8:9,8,55,1.601094,1.598118,1.690557,1.688683,3.442634,3.437697,0.0
pi05_l10_500,raw,r6c_cal_pi05_l10_500:eval:8:9,8,57,1.62123,1.618157,1.711248,1.711426,3.490414,3.487408,0.0
pi05_l10_500,raw,r6c_cal_pi05_l10_500:eval:8:9,8,59,1.787123,1.783916,1.860895,1.861324,3.51961,3.516922,0.0
pi05_l10_500,raw,r6c_cal_pi05_l10_500:eval:8:9,8,61,1.771456,1.768167,1.869985,1.870639,3.92034,3.917648,0.0
pi05_l10_500,raw,r6c_cal_pi05_l10_500:eval:8:9,8,63,1.898041,1.895006,1.968619,1.968899,3.831548,3.828693,0.0
pi05_l10_500,raw,r6c_cal_pi05_l10_500:eval:8:9,8,65,1.730168,1.727295,1.814137,1.81461,3.470541,3.467839,0.0
pi05_l10_500,raw,r6c_cal_pi05_l10_500:eval:8:9,8,67,1.762513,1.759563,1.847286,1.847692,3.511876,3.508982,0.0
pi05_l10_500,raw,r6c_cal_pi05_l10_500:eval:8:9,8,69,1.700378,1.696991,1.784944,1.785339,3.789215,3.786422,0.0
pi05_l10_500,raw,r6c_cal_pi05_l10_500:eval:8:9,8,71,1.676262,1.673119,1.776387,1.776474,3.637307,3.634219,0.0
pi05_l10_500,raw,r6c_cal_pi05_l10_500:eval:8:9,8,73,1.928626,1.925207,2.024634,2.025292,4.060217,4.05738,0.0
pi05_l10_500,raw,r6c_cal_pi05_l10_500:eval:9:2,9,0,1.013089,1.010704,1.090738,1.090924,2.661045,2.658135,0.0
pi05_l10_500,raw,r6c_cal_pi05_l10_500:eval:9:2,9,2,0.947882,0.945309,1.021883,1.022273,2.526159,2.523285,0.0
pi05_l10_500,raw,r6c_cal_pi05_l10_500:eval:9:2,9,4,3.329722,3.326576,3.485463,3.485735,5.102083,5.098994,0.0
pi05_l10_500,raw,r6c_cal_pi05_l10_500:eval:9:2,9,6,1.79972,1.796331,1.890163,1.890248,3.606861,3.60352,0.0
pi05_l10_500,raw,r6c_cal_pi05_l10_500:eval:9:2,9,8,1.634032,1.630739,1.751526,1.75158,3.353951,3.350559,0.0
pi05_l10_500,raw,r6c_cal_pi05_l10_500:eval:9:2,9,10,2.142698,2.139442,2.239649,2.240289,4.121596,4.118661,0.0
pi05_l10_500,raw,r6c_cal_pi05_l10_500:eval:9:2,9,12,1.85062,1.847451,1.937588,1.937874,3.538119,3.535154,0.0
pi05_l10_500,raw,r6c_cal_pi05_l10_500:eval:9:2,9,14,1.672018,1.668875,1.763247,1.763638,3.323481,3.320531,0.0
pi05_l10_500,raw,r6c_cal_pi05_l10_500:eval:9:2,9,16,1.774764,1.771593,1.863417,1.864047,3.450118,3.44722,0.0
pi05_l10_500,raw,r6c_cal_pi05_l10_500:eval:9:2,9,18,1.856923,1.853649,1.945663,1.946238,3.578096,3.574963,0.0
pi05_l10_500,raw,r6c_cal_pi05_l10_500:eval:9:2,9,20,1.74083,1.737656,1.855369,1.855866,3.942799,3.939421,0.0
pi05_l10_500,raw,r6c_cal_pi05_l10_500:eval:9:2,9,22,2.108233,2.104666,2.199856,2.199886,3.945612,3.942316,0.0
pi05_l10_500,raw,r6c_cal_pi05_l10_500:eval:9:2,9,24,1.716418,1.713222,1.802152,1.80272,3.381207,3.378463,0.0
pi05_l10_500,raw,r6c_cal_pi05_l10_500:eval:9:2,9,26,1.63469,1.631273,1.722199,1.722443,3.381154,3.378195,0.0
pi05_l10_500,raw,r6c_cal_pi05_l10_500:eval:9:2,9,28,1.687377,1.684566,1.775847,1.776229,3.261488,3.258558,0.0
pi05_l10_500,raw,r6c_cal_pi05_l10_500:eval:9:2,9,29,1.88774,1.884313,1.977047,1.977344,3.551182,3.548283,0.0
pi05_l10_500,raw,r6c_cal_pi05_l10_500:eval:9:2,9,31,1.829007,1.825297,1.94649,1.947368,3.912051,3.909085,0.0
pi05_l10_500,raw,r6c_cal_pi05_l10_500:eval:9:2,9,33,1.96789,1.964791,2.073345,2.073477,3.793487,3.790392,0.0
pi05_l10_500,raw,r6c_cal_pi05_l10_500:eval:9:2,9,35,1.764213,1.760636,1.854399,1.854752,3.504889,3.502058,0.0
pi05_l10_500,raw,r6c_cal_pi05_l10_500:eval:9:2,9,37,1.611063,1.607942,1.699075,1.699322,3.305504,3.302587,0.0
pi05_l10_500,raw,r6c_cal_pi05_l10_500:eval:9:2,9,39,1.675758,1.672373,1.768013,1.768273,3.266109,3.263055,0.0
pi05_l10_500,raw,r6c_cal_pi05_l10_500:eval:9:2,9,41,1.88198,1.878674,1.972774,1.973186,3.524114,3.521258,0.0
pi05_l10_500,raw,r6c_cal_pi05_l10_500:eval:9:2,9,42,1.756632,1.75334,1.853749,1.854395,3.80396,3.800677,0.0
pi05_l10_500,raw,r6c_cal_pi05_l10_500:eval:9:2,9,44,1.979507,1.976198,2.071,2.071764,3.84267,3.839731,0.0
pi05_l10_500,raw,r6c_cal_pi05_l10_500:eval:9:2,9,46,1.776776,1.773829,1.880384,1.880354,3.494213,3.491162,0.0
pi05_l10_500,raw,r6c_cal_pi05_l10_500:eval:9:2,9,48,1.667911,1.664797,1.75963,1.76052,3.289411,3.286542,0.0
pi05_l10_500,raw,r6c_cal_pi05_l10_500:eval:9:2,9,50,1.70539,1.702365,1.83244,1.832482,3.363904,3.402605,0.0
pi05_l10_500,raw,r6c_cal_pi05_l10_500:eval:9:2,9,52,1.810404,1.807088,1.903334,1.904069,3.493497,3.490557,0.0
pi05_l10_500,raw,r6c_cal_pi05_l10_500:eval:9:2,9,54,2.335136,2.331301,2.436917,2.437534,4.316608,4.313708,0.0
pi05_l10_500,raw,r6c_cal_pi05_l10_500:eval:9:2,9,56,1.924519,1.920945,2.016596,2.016759,3.657123,3.654037,0.0
pi05_l10_500,raw,r6c_cal_pi05_l10_500:eval:9:2,9,58,1.711418,1.708155,1.81637,1.816804,3.342337,3.339511,0.0
pi05_l10_500,raw,r6c_cal_pi05_l10_500:eval:9:2,9,60,1.644328,1.641362,1.743978,1.743931,3.304462,3.301488,0.0
pi05_l10_500,raw,r6c_cal_pi05_l10_500:eval:9:2,9,62,1.578872,1.576264,1.668719,1.669356,3.287016,3.284281,0.0
pi05_l10_500,raw,r6c_cal_pi05_l10_500:eval:9:2,9,64,1.69066,1.687304,1.782747,1.783183,3.35744,3.354423,0.0
pi05_l10_500,raw,r6c_cal_pi05_l10_500:eval:9:2,9,66,1.902682,1.899579,1.999227,1.999501,3.753205,3.750171,0.0
pi05_l10_500,raw,r6c_cal_pi05_l10_500:eval:9:2,9,68,1.963404,1.959979,2.071143,2.064175,3.928581,3.918406,0.0
pi05_l10_500,raw,r6c_cal_pi05_l10_500:eval:9:2,9,70,1.691889,1.678288,1.780081,1.780639,3.356976,3.354218,0.0
pi05_l10_500,raw,r6c_cal_pi05_l10_500:eval:9:2,9,72,1.795087,1.792271,1.885251,1.88603,3.496354,3.493731,0.0
pi05_l10_500,raw,r6c_cal_pi05_l10_500:eval:9:2,9,74,1.640771,1.637632,1.729589,1.730049,3.399646,3.396581,0.0
pi05_l10_500,raw,r6c_cal_pi05_l10_500:eval:9:2,9,76,1.544388,1.541463,1.64652,1.646551,3.246933,3.244037,0.0
pi05_l10_500,raw,r6c_cal_pi05_l10_500:eval:9:2,9,78,1.913536,1.910405,2.011817,2.012372,3.786292,3.783394,0.0
pi05_l10_500,raw,r6c_cal_pi05_l10_500:eval:9:2,9,80,1.955869,1.952857,2.053534,2.054068,3.771464,3.768545,0.0
pi05_l10_500,raw,r6c_cal_pi05_l10_500:eval:9:2,9,82,1.731819,1.728981,1.823343,1.833688,3.459253,3.456644,0.0
pi05_l10_500,raw,r6c_cal_pi05_l10_500:eval:9:2,9,84,1.741717,1.738419,1.833373,1.83365,3.274803,3.271689,0.0
pi05_l10_500,raw,r6c_cal_pi05_l10_500:eval:9:2,9,86,1.660598,1.657422,1.776358,1.776472,3.502663,3.792059,0.0
pi05_l10_500,raw,r6c_cal_pi05_l10_500:eval:9:2,9,88,1.637861,1.634233,1.738246,1.738319,3.337828,3.334802,0.0
pi05_l10_500,raw,r6c_cal_pi05_l10_500:eval:9:2,9,90,2.033331,2.030163,2.130635,2.131362,3.933089,3.930397,0.0
pi05_l10_500,raw,r6c_cal_pi05_l10_500:eval:9:2,9,91,1.937374,1.934068,2.029572,2.029632,3.709136,3.706136,0.0
pi05_l10_500,raw,r6c_cal_pi05_l10_500:eval:9:2,9,93,1.602392,1.599368,1.689884,1.689618,3.559573,3.556387,0.0
pi05_l10_500,raw,r6c_cal_pi05_l10_500:eval:9:2,9,95,1.766691,1.763532,1.857428,1.857792,3.328926,3.326081,0.0
pi05_l10_500,raw,r6c_cal_pi05_l10_500:eval:9:2,9,97,1.729922,1.727125,1.807739,1.808029,3.5226,3.519906,0.0
pi05_l10_500,raw,r6c_cal_pi05_l10_500:eval:9:2,9,99,1.67942,1.676619,1.773457,1.774003,3.379056,3.376382,0.0
pi05_l10_500,raw,r6c_cal_pi05_l10_500:eval:9:2,9,101,1.862003,1.858714,1.963697,1.963814,3.782248,3.77939,0.0
pi05_l10_500,raw,r6c_cal_pi05_l10_500:eval:9:2,9,103,1.878335,1.875416,1.96803,1.96852,3.662951,3.660207,0.0
pi05_l10_500,code,r6c_cal_pi05_l10_500:eval:0:8,0,0,0.046256,0.04427,0.203138,0.203636,2.906186,2.902444,0.052816
pi05_l10_500,code,r6c_cal_pi05_l10_500:eval:0:8,0,2,0.037855,0.035903,0.158413,0.159337,1.852564,1.849964,0.034809
pi05_l10_500,code,r6c_cal_pi05_l10_500:eval:0:8,0,4,3.242169,3.239197,3.391355,3.391965,4.865319,4.862411,0.03432
pi05_l10_500,code,r6c_cal_pi05_l10_500:eval:0:8,0,6,0.823312,0.820411,0.946036,0.947414,2.527786,2.525531,0.041385
pi05_l10_500,code,r6c_cal_pi05_l10_500:eval:0:8,0,8,0.816798,0.813583,0.954516,0.954923,2.37028,2.367138,0.035795
pi05_l10_500,code,r6c_cal_pi05_l10_500:eval:0:8,0,10,0.926123,0.923142,1.0734,1.073826,2.416725,2.413369,0.044756
pi05_l10_500,code,r6c_cal_pi05_l10_500:eval:0:8,0,12,0.848375,0.845245,1.000784,1.001547,2.297584,2.294585,0.046539
pi05_l10_500,code,r6c_cal_pi05_l10_500:eval:0:8,0,14,0.854228,0.851286,0.970339,0.990263,2.557971,2.555609,0.035098
pi05_l10_500,code,r6c_cal_pi05_l10_500:eval:0:8,0,16,1.012953,1.009763,1.139123,1.146032,2.635544,2.632761,0.028764
pi05_l10_500,code,r6c_cal_pi05_l10_500:eval:0:8,0,18,0.987225,0.984253,1.136629,1.137649,2.637306,2.634399,0.044272
pi05_l10_500,code,r6c_cal_pi05_l10_500:eval:0:8,0,20,0.886196,0.883417,1.003751,1.005173,2.450735,2.448264,0.034567
pi05_l10_500,code,r6c_cal_pi05_l10_500:eval:0:8,0,22,0.965189,0.962249,1.108752,1.109849,2.488967,2.486373,0.027761
pi05_l10_500,code,r6c_cal_pi05_l10_500:eval:0:8,0,24,0.873693,0.870637,0.998014,0.999907,2.274265,2.27178,0.02812
pi05_l10_500,code,r6c_cal_pi05_l10_500:eval:0:8,0,26,0.764613,0.761868,0.929759,0.930083,2.352078,2.348979,0.034716
pi05_l10_500,code,r6c_cal_pi05_l10_500:eval:0:8,0,28,0.838866,0.835918,0.971248,0.972398,2.343109,2.340376,0.03365
pi05_l10_500,code,r6c_cal_pi05_l10_500:eval:0:8,0,30,0.951866,0.949079,1.098964,1.09975,2.545999,2.543131,0.044149
pi05_l10_500,code,r6c_cal_pi05_l10_500:eval:0:8,0,32,1.035611,1.021126,1.197852,1.196792,2.687645,2.682077,0.033697
pi05_l10_500,code,r6c_cal_pi05_l10_500:eval:0:8,0,34,0.978862,0.975901,1.168632,1.158356,2.600349,2.585876,0.048797
pi05_l10_500,code,r6c_cal_pi05_l10_500:eval:0:8,0,36,0.935733,0.932689,1.069644,1.070795,2.586477,2.583834,0.035635
pi05_l10_500,code,r6c_cal_pi05_l10_500:eval:0:8,0,38,0.904866,0.901728,1.13445,1.135589,2.532453,2.529571,0.041065
pi05_l10_500,code,r6c_cal_pi05_l10_500:eval:0:8,0,40,0.852722,0.842409,0.985203,0.986256,2.321754,2.318959,0.03329
pi05_l10_500,code,r6c_cal_pi05_l10_500:eval:0:8,0,42,0.897284,0.894427,1.018793,1.017608,2.387967,2.383194,0.03458
pi05_l10_500,code,r6c_cal_pi05_l10_500:eval:0:8,0,44,0.858496,0.855471,1.013145,1.013898,2.351449,2.348669,0.028083
pi05_l10_500,code,r6c_cal_pi05_l10_500:eval:0:8,0,46,0.925674,0.916986,1.064179,1.065068,2.475438,2.472652,0.035526
pi05_l10_500,code,r6c_cal_pi05_l10_500:eval:0:8,0,48,0.958473,0.955419,1.096568,1.097044,2.522338,2.519485,0.034956
pi05_l10_500,code,r6c_cal_pi05_l10_500:eval:0:8,0,50,0.964612,0.96149,1.122809,1.1237,2.767474,2.764548,0.03465
pi05_l10_500,code,r6c_cal_pi05_l10_500:eval:0:8,0,52,0.962927,0.959877,1.09411,1.095241,2.570931,2.568192,0.035914
pi05_l10_500,code,r6c_cal_pi05_l10_500:eval:1:8,1,0,0.037195,0.035437,0.153306,0.153838,1.478488,1.475869,0.032538
pi05_l10_500,code,r6c_cal_pi05_l10_500:eval:1:8,1,2,0.031316,0.029791,0.126525,0.127963,1.409245,1.406904,0.027484
pi05_l10_500,code,r6c_cal_pi05_l10_500:eval:1:8,1,4,2.668841,2.665911,2.859433,2.876783,4.285979,4.283128,0.068995
pi05_l10_500,code,r6c_cal_pi05_l10_500:eval:1:8,1,6,0.802745,0.799688,0.940448,0.941464,2.266868,2.264132,0.034223
pi05_l10_500,code,r6c_cal_pi05_l10_500:eval:1:8,1,8,0.877562,0.875013,1.013262,1.014214,2.331065,2.328255,0.034949
pi05_l10_500,code,r6c_cal_pi05_l10_500:eval:1:8,1,10,0.908167,0.904948,1.11012,1.111071,2.723951,2.721178,0.031023
pi05_l10_500,code,r6c_cal_pi05_l10_500:eval:1:8,1,12,0.966082,0.963045,1.103836,1.10879,2.74874,2.745943,0.033893
pi05_l10_500,code,r6c_cal_pi05_l10_500:eval:1:8,1,14,0.937285,0.934242,1.085015,1.086057,2.539968,2.53692,0.034939
pi05_l10_500,code,r6c_cal_pi05_l10_500:eval:1:8,1,16,0.830416,0.827445,0.968228,0.969572,2.413807,2.410892,0.035428
pi05_l10_500,code,r6c_cal_pi05_l10_500:eval:1:8,1,18,0.947152,0.944305,1.081109,1.082172,2.513299,2.510454,0.034712
pi05_l10_500,code,r6c_cal_pi05_l10_500:eval:1:8,1,20,0.894485,0.891646,1.027712,1.029091,2.408637,2.405849,0.034635
pi05_l10_500,code,r6c_cal_pi05_l10_500:eval:1:8,1,22,0.884837,0.881834,1.027368,1.028182,2.372965,2.37032,0.029147
pi05_l10_500,code,r6c_cal_pi05_l10_500:eval:1:8,1,24,0.837774,0.834668,0.971109,0.972408,2.292198,2.289335,0.03379
pi05_l10_500,code,r6c_cal_pi05_l10_500:eval:1:8,1,26,0.892416,0.889274,1.03756,1.026021,2.523612,2.508508,0.03457
pi05_l10_500,code,r6c_cal_pi05_l10_500:eval:1:8,1,28,0.953073,0.950047,1.125065,1.137021,2.588791,2.586079,0.035087
pi05_l10_500,code,r6c_cal_pi05_l10_500:eval:1:8,1,30,0.932291,0.929167,1.071743,1.072952,2.617443,2.614671,0.034475
pi05_l10_500,code,r6c_cal_pi05_l10_500:eval:1:8,1,32,0.900723,0.897636,1.039773,1.041113,2.515779,2.512952,0.03485
pi05_l10_500,code,r6c_cal_pi05_l10_500:eval:1:8,1,34,0.938471,0.93533,1.106773,1.107867,2.542216,2.539546,0.035814
pi05_l10_500,code,r6c_cal_pi05_l10_500:eval:1:8,1,36,0.793348,0.790463,0.946562,0.947368,2.397184,2.39402,0.034838
pi05_l10_500,code,r6c_cal_pi05_l10_500:eval:1:8,1,38,0.865518,0.862751,0.984668,0.986249,2.34114,2.338606,0.033419
pi05_l10_500,code,r6c_cal_pi05_l10_500:eval:1:8,1,40,0.862544,0.860017,0.972008,0.973232,2.240009,2.237717,0.029027
pi05_l10_500,code,r6c_cal_pi05_l10_500:eval:1:8,1,42,1.072977,1.069954,1.219047,1.22018,2.598515,2.595821,0.029332
pi05_l10_500,code,r6c_cal_pi05_l10_500:eval:1:8,1,44,0.929035,0.926461,1.082793,1.083669,2.641776,2.638795,0.034916
pi05_l10_500,code,r6c_cal_pi05_l10_500:eval:1:8,1,46,0.929289,0.926269,1.068985,1.070455,2.709548,2.706584,0.034906
pi05_l10_500,code,r6c_cal_pi05_l10_500:eval:1:8,1,48,0.918955,0.915994,1.078746,1.080689,2.568469,2.565556,0.059842
pi05_l10_500,code,r6c_cal_pi05_l10_500:eval:2:4,2,0,0.039208,0.037339,0.173582,0.173857,1.505558,1.50265,0.036393
pi05_l10_500,code,r6c_cal_pi05_l10_500:eval:2:4,2,2,0.037047,0.035204,0.154466,0.155303,1.63958,1.636928,0.034476
pi05_l10_500,code,r6c_cal_pi05_l10_500:eval:2:4,2,4,2.634136,2.63111,2.797812,2.798668,4.147363,4.144467,0.032892
pi05_l10_500,code,r6c_cal_pi05_l10_500:eval:2:4,2,6,0.848205,0.845187,0.986798,0.988013,2.361328,2.35861,0.032958
pi05_l10_500,code,r6c_cal_pi05_l10_500:eval:2:4,2,8,0.8592,0.856392,0.976849,0.977756,2.293981,2.291266,0.03335
pi05_l10_500,code,r6c_cal_pi05_l10_500:eval:2:4,2,10,0.92304,0.920054,1.047815,1.048952,2.652643,2.650089,0.030695
pi05_l10_500,code,r6c_cal_pi05_l10_500:eval:2:4,2,12,1.038128,1.035118,1.174533,1.175363,2.599618,2.596521,0.03481
pi05_l10_500,code,r6c_cal_pi05_l10_500:eval:2:4,2,14,0.901898,0.898851,1.050099,1.051261,2.519104,2.516008,0.046493
pi05_l10_500,code,r6c_cal_pi05_l10_500:eval:2:4,2,16,0.88097,0.878073,1.015102,1.016531,2.456577,2.453932,0.036073
pi05_l10_500,code,r6c_cal_pi05_l10_500:eval:2:4,2,18,0.8714,0.868479,1.012002,1.013255,2.515265,2.51231,0.034853
pi05_l10_500,code,r6c_cal_pi05_l10_500:eval:2:4,2,20,0.831842,0.828814,0.993303,0.995048,2.373743,2.371073,0.059844
pi05_l10_500,code,r6c_cal_pi05_l10_500:eval:2:4,2,22,0.851313,0.848627,0.971398,0.972335,2.31534,2.312629,0.035668
pi05_l10_500,code,r6c_cal_pi05_l10_500:eval:2:4,2,24,0.883766,0.880612,1.010591,1.010534,2.411853,2.409401,0.030729
pi05_l10_500,code,r6c_cal_pi05_l10_500:eval:2:4,2,26,0.948162,0.9451,1.088552,1.089765,2.607385,2.604446,0.034615
pi05_l10_500,code,r6c_cal_pi05_l10_500:eval:2:4,2,28,0.824736,0.821671,0.976301,0.977132,2.459315,2.456639,0.043794
pi05_l10_500,code,r6c_cal_pi05_l10_500:eval:2:4,2,30,0.901206,0.898403,1.036896,1.037532,2.633325,2.630365,0.034917
pi05_l10_500,code,r6c_cal_pi05_l10_500:eval:2:4,2,32,0.880891,0.877941,1.018455,1.019463,2.473535,2.4707,0.035429
pi05_l10_500,code,r6c_cal_pi05_l10_500:eval:2:4,2,34,1.009388,1.006494,1.145892,1.147053,2.522138,2.519301,0.033876
pi05_l10_500,code,r6c_cal_pi05_l10_500:eval:2:4,2,36,0.807866,0.804718,0.943836,0.94502,2.304886,2.302147,0.036636
pi05_l10_500,code,r6c_cal_pi05_l10_500:eval:2:4,2,37,0.74837,0.745458,0.866034,0.867252,2.26903,2.266427,0.035558
pi05_l10_500,code,r6c_cal_pi05_l10_500:eval:2:4,2,39,0.885655,0.882403,1.031622,1.033358,2.421355,2.418679,0.033582
pi05_l10_500,code,r6c_cal_pi05_l10_500:eval:2:4,2,41,0.858858,0.855679,0.992788,0.993823,2.288099,2.285327,0.031091
pi05_l10_500,code,r6c_cal_pi05_l10_500:eval:2:4,2,43,0.852696,0.84967,0.987601,0.980894,2.640633,2.63778,0.03754
pi05_l10_500,code,r6c_cal_pi05_l10_500:eval:2:4,2,45,1.058533,1.055272,1.206963,1.207373,2.67699,2.67392,0.048717
pi05_l10_500,code,r6c_cal_pi05_l10_500:eval:2:4,2,47,0.898122,0.895073,1.053033,1.054517,2.510236,2.507347,0.034903
pi05_l10_500,code,r6c_cal_pi05_l10_500:eval:2:4,2,49,0.845951,0.842713,0.982619,0.983812,2.393839,2.391108,0.032654
pi05_l10_500,code,r6c_cal_pi05_l10_500:eval:3:2,3,0,0.030236,0.028787,0.164226,0.164309,1.629735,1.626381,0.035319
pi05_l10_500,code,r6c_cal_pi05_l10_500:eval:3:2,3,2,0.037656,0.035751,0.15204,0.153707,1.49233,1.489857,0.032104
pi05_l10_500,code,r6c_cal_pi05_l10_500:eval:3:2,3,4,2.491247,2.487828,2.629684,2.630385,4.028847,4.025995,0.034101
pi05_l10_500,code,r6c_cal_pi05_l10_500:eval:3:2,3,6,0.788103,0.785254,0.933309,0.933281,2.36568,2.362679,0.03096
pi05_l10_500,code,r6c_cal_pi05_l10_500:eval:3:2,3,8,0.952836,0.949721,1.122525,1.123403,2.538943,2.536161,0.035687
pi05_l10_500,code,r6c_cal_pi05_l10_500:eval:3:2,3,10,0.87825,0.874936,1.016137,1.023079,2.520614,2.517579,0.034938
pi05_l10_500,code,r6c_cal_pi05_l10_500:eval:3:2,3,12,0.90615,0.902876,1.042837,1.044098,2.583462,2.580514,0.035639
pi05_l10_500,code,r6c_cal_pi05_l10_500:eval:3:2,3,14,0.845577,0.842375,0.988637,0.989952,2.453845,2.451084,0.044791
pi05_l10_500,code,r6c_cal_pi05_l10_500:eval:3:2,3,16,0.892142,0.889223,1.049221,1.049721,2.507574,2.504433,0.034887
pi05_l10_500,code,r6c_cal_pi05_l10_500:eval:3:2,3,18,0.831243,0.827852,0.968294,0.969924,2.31737,2.314496,0.034279
pi05_l10_500,code,r6c_cal_pi05_l10_500:eval:3:2,3,20,0.797199,0.794094,0.917721,0.918584,2.35307,2.350362,0.034811
pi05_l10_500,code,r6c_cal_pi05_l10_500:eval:3:2,3,22,0.859181,0.856098,0.989214,0.990763,2.371934,2.36936,0.028302
pi05_l10_500,code,r6c_cal_pi05_l10_500:eval:3:2,3,24,0.858466,0.855464,1.00576,1.006699,2.362457,2.359558,0.034868
pi05_l10_500,code,r6c_cal_pi05_l10_500:eval:3:2,3,26,0.921032,0.917917,1.061391,1.062799,2.628649,2.625934,0.042704
pi05_l10_500,code,r6c_cal_pi05_l10_500:eval:3:2,3,28,1.026323,1.023137,1.16929,1.169932,2.534342,2.531202,0.034626
pi05_l10_500,code,r6c_cal_pi05_l10_500:eval:3:2,3,30,0.893392,0.890342,1.058038,1.059032,2.564469,2.561512,0.034148
pi05_l10_500,code,r6c_cal_pi05_l10_500:eval:3:2,3,32,0.89304,0.889934,1.026558,1.027659,2.517441,2.514613,0.032007
pi05_l10_500,code,r6c_cal_pi05_l10_500:eval:3:2,3,34,0.864108,0.861243,0.990411,0.992104,2.426357,2.423812,0.035119
pi05_l10_500,code,r6c_cal_pi05_l10_500:eval:3:2,3,36,0.880696,0.877664,1.010125,1.011444,2.348834,2.346109,0.028802
pi05_l10_500,code,r6c_cal_pi05_l10_500:eval:3:2,3,38,0.806119,0.802923,0.944242,0.945536,2.325026,2.322302,0.034651
pi05_l10_500,code,r6c_cal_pi05_l10_500:eval:3:2,3,40,0.816291,0.813244,0.936039,0.937468,2.342965,2.340162,0.035204
pi05_l10_500,code,r6c_cal_pi05_l10_500:eval:3:2,3,42,0.919091,0.915774,1.069094,1.070925,2.506097,2.503137,0.034632
pi05_l10_500,code,r6c_cal_pi05_l10_500:eval:3:2,3,44,0.844841,0.841962,0.963337,0.964371,2.378569,2.375735,0.034038
pi05_l10_500,code,r6c_cal_pi05_l10_500:eval:4:9,4,0,0.037295,0.035419,0.157685,0.158563,1.690085,1.686897,0.035888
pi05_l10_500,code,r6c_cal_pi05_l10_500:eval:4:9,4,2,0.038235,0.036348,0.154454,0.15552,1.661431,1.658811,0.034729
pi05_l10_500,code,r6c_cal_pi05_l10_500:eval:4:9,4,4,2.557969,2.554709,2.698091,2.698899,4.126027,4.123164,0.034476
pi05_l10_500,code,r6c_cal_pi05_l10_500:eval:4:9,4,6,0.717501,0.714632,0.876835,0.877431,2.306579,2.303467,0.035061
pi05_l10_500,code,r6c_cal_pi05_l10_500:eval:4:9,4,8,0.801842,0.798792,0.937758,0.939394,2.303179,2.300423,0.033842
pi05_l10_500,code,r6c_cal_pi05_l10_500:eval:4:9,4,10,0.830367,0.814309,0.947868,0.949029,2.280837,2.278198,0.034723
pi05_l10_500,code,r6c_cal_pi05_l10_500:eval:4:9,4,12,0.834162,0.831397,0.966095,0.966999,2.373935,2.371081,0.029682
pi05_l10_500,code,r6c_cal_pi05_l10_500:eval:4:9,4,14,0.842626,0.839581,1.002165,1.003643,2.538018,2.535185,0.05182
pi05_l10_500,code,r6c_cal_pi05_l10_500:eval:4:9,4,16,0.871845,0.868954,1.003597,1.004622,2.428923,2.426182,0.029778
pi05_l10_500,code,r6c_cal_pi05_l10_500:eval:4:9,4,18,0.834058,0.830892,0.982115,0.983035,2.596257,2.593077,0.034798
pi05_l10_500,code,r6c_cal_pi05_l10_500:eval:4:9,4,20,0.846597,0.843655,0.985572,0.986463,2.485572,2.482759,0.03508
pi05_l10_500,code,r6c_cal_pi05_l10_500:eval:4:9,4,22,0.794451,0.791645,0.907743,0.908359,2.307992,2.30527,0.031316
pi05_l10_500,code,r6c_cal_pi05_l10_500:eval:4:9,4,24,0.810469,0.807538,0.948292,0.949223,2.35113,2.347887,0.034632
pi05_l10_500,code,r6c_cal_pi05_l10_500:eval:4:9,4,26,0.806418,0.803423,0.943155,0.944052,2.334969,2.332157,0.034971
pi05_l10_500,code,r6c_cal_pi05_l10_500:eval:4:9,4,28,0.827726,0.824725,0.966375,0.967268,2.38617,2.383336,0.035697
pi05_l10_500,code,r6c_cal_pi05_l10_500:eval:4:9,4,30,0.85682,0.853871,0.994329,0.996558,2.512736,2.509888,0.034036
pi05_l10_500,code,r6c_cal_pi05_l10_500:eval:4:9,4,32,0.828246,0.825106,0.96158,0.962457,2.418888,2.415866,0.034542
pi05_l10_500,code,r6c_cal_pi05_l10_500:eval:4:9,4,34,0.84801,0.844741,0.980863,0.982013,2.484173,2.481285,0.034799
pi05_l10_500,code,r6c_cal_pi05_l10_500:eval:4:9,4,36,0.886949,0.883832,1.040378,1.042101,2.5208,2.526055,0.04953
pi05_l10_500,code,r6c_cal_pi05_l10_500:eval:4:9,4,38,0.808578,0.805621,0.928675,0.930045,2.423368,2.420707,0.035492
pi05_l10_500,code,r6c_cal_pi05_l10_500:eval:4:9,4,40,0.845293,0.842227,0.980652,0.989785,2.38441,2.381309,0.035584
pi05_l10_500,code,r6c_cal_pi05_l10_500:eval:4:9,4,42,0.813394,0.810235,0.950355,0.950594,2.29981,2.296875,0.034966
pi05_l10_500,code,r6c_cal_pi05_l10_500:eval:4:9,4,44,0.827778,0.824623,0.95874,0.959619,2.401007,2.398153,0.029201
pi05_l10_500,code,r6c_cal_pi05_l10_500:eval:5:9,5,0,0.036798,0.034991,0.152193,0.151547,1.436656,1.433667,0.037191
pi05_l10_500,code,r6c_cal_pi05_l10_500:eval:5:9,5,2,0.037543,0.035645,0.151828,0.153298,1.695476,1.692624,0.034337
pi05_l10_500,code,r6c_cal_pi05_l10_500:eval:5:9,5,4,2.13061,2.127659,2.270907,2.284982,3.738225,3.735434,0.042535
pi05_l10_500,code,r6c_cal_pi05_l10_500:eval:5:9,5,6,0.696242,0.693271,0.828643,0.829927,2.406269,2.403353,0.035092
pi05_l10_500,code,r6c_cal_pi05_l10_500:eval:5:9,5,8,0.72327,0.72006,0.862432,0.863517,2.308634,2.305782,0.035522
pi05_l10_500,code,r6c_cal_pi05_l10_500:eval:5:9,5,10,0.685139,0.682154,0.820708,0.82163,2.257757,2.254754,0.03451
pi05_l10_500,code,r6c_cal_pi05_l10_500:eval:5:9,5,12,0.672355,0.669315,0.808033,0.809472,2.161302,2.158494,0.03521
pi05_l10_500,code,r6c_cal_pi05_l10_500:eval:5:9,5,14,0.687937,0.685049,0.824169,0.82952,2.189795,2.18694,0.038704
pi05_l10_500,code,r6c_cal_pi05_l10_500:eval:5:9,5,16,0.740117,0.736792,0.870929,0.871972,2.238427,2.235468,0.032652
pi05_l10_500,code,r6c_cal_pi05_l10_500:eval:5:9,5,18,0.686343,0.683454,0.822591,0.823449,2.176776,2.173752,0.034638
pi05_l10_500,code,r6c_cal_pi05_l10_500:eval:5:9,5,20,0.709299,0.706487,0.837502,0.838522,2.483403,2.480491,0.030593
pi05_l10_500,code,r6c_cal_pi05_l10_500:eval:5:9,5,22,0.743474,0.739609,0.880098,0.881427,2.251859,2.248992,0.035069
pi05_l10_500,code,r6c_cal_pi05_l10_500:eval:5:9,5,24,0.68928,0.686264,0.838124,0.838906,2.268017,2.264995,0.034698
pi05_l10_500,code,r6c_cal_pi05_l10_500:eval:5:9,5,26,0.702755,0.699844,0.848207,0.849513,2.264309,2.261537,0.036025
pi05_l10_500,code,r6c_cal_pi05_l10_500:eval:5:9,5,28,0.657413,0.654455,0.797116,0.798223,2.21827,2.215155,0.042195
pi05_l10_500,code,r6c_cal_pi05_l10_500:eval:5:9,5,30,0.675056,0.671991,0.811104,0.811544,2.166608,2.163427,0.03453
pi05_l10_500,code,r6c_cal_pi05_l10_500:eval:6:11,6,0,0.037228,0.035366,0.150361,0.151038,1.428687,1.425889,0.034228
pi05_l10_500,code,r6c_cal_pi05_l10_500:eval:6:11,6,2,0.037249,0.035474,0.149914,0.151406,1.534955,1.53225,0.033866
pi05_l10_500,code,r6c_cal_pi05_l10_500:eval:6:11,6,4,2.425933,2.42277,2.5825,2.583317,3.963538,3.960689,0.046164
pi05_l10_500,code,r6c_cal_pi05_l10_500:eval:6:11,6,6,0.86897,0.865912,1.012736,1.013701,2.554523,2.551669,0.041333
pi05_l10_500,code,r6c_cal_pi05_l10_500:eval:6:11,6,8,0.829343,0.826272,0.984935,0.985731,2.418742,2.415919,0.041756
pi05_l10_500,code,r6c_cal_pi05_l10_500:eval:6:11,6,10,0.909021,0.906107,1.042451,1.056692,2.6627,2.659844,0.034931
pi05_l10_500,code,r6c_cal_pi05_l10_500:eval:6:11,6,12,0.858533,0.855585,0.995544,0.996613,2.469173,2.466325,0.035583
pi05_l10_500,code,r6c_cal_pi05_l10_500:eval:6:11,6,14,0.818625,0.815539,0.957214,0.958148,2.381949,2.379111,0.035043
pi05_l10_500,code,r6c_cal_pi05_l10_500:eval:6:11,6,16,0.651443,0.64841,0.808053,0.809076,2.220777,2.217543,0.035549
pi05_l10_500,code,r6c_cal_pi05_l10_500:eval:6:11,6,18,0.82078,0.817592,0.953127,0.95415,2.343589,2.340735,0.033956
pi05_l10_500,code,r6c_cal_pi05_l10_500:eval:6:11,6,20,0.801211,0.797994,0.935046,0.93588,2.210674,2.207998,0.033877
pi05_l10_500,code,r6c_cal_pi05_l10_500:eval:6:11,6,22,0.923107,0.911109,1.057358,1.058034,2.460802,2.457748,0.034873
pi05_l10_500,code,r6c_cal_pi05_l10_500:eval:6:11,6,24,0.810922,0.807783,0.945583,0.956692,2.527425,2.524478,0.033891
pi05_l10_500,code,r6c_cal_pi05_l10_500:eval:6:11,6,26,0.782405,0.770526,0.916293,0.917669,2.409104,2.406451,0.03522
pi05_l10_500,code,r6c_cal_pi05_l10_500:eval:6:11,6,28,0.83829,0.83525,0.978245,0.978518,2.622407,2.619587,0.035843
pi05_l10_500,code,r6c_cal_pi05_l10_500:eval:6:11,6,30,0.84013,0.836784,0.973018,0.973992,2.437815,2.435,0.035238
pi05_l10_500,code,r6c_cal_pi05_l10_500:eval:6:11,6,32,0.804981,0.801936,0.954394,0.955075,2.384781,2.381827,0.035282
pi05_l10_500,code,r6c_cal_pi05_l10_500:eval:6:11,6,34,0.690941,0.687893,0.821606,0.822344,2.109893,2.106961,0.033183
pi05_l10_500,code,r6c_cal_pi05_l10_500:eval:6:11,6,36,0.823722,0.820522,0.960869,0.962283,2.349119,2.346023,0.0345
pi05_l10_500,code,r6c_cal_pi05_l10_500:eval:6:11,6,38,0.718344,0.715464,0.836323,0.837297,2.122741,2.120138,0.03268
pi05_l10_500,code,r6c_cal_pi05_l10_500:eval:6:11,6,40,0.939272,0.936023,1.061529,1.062912,2.616166,2.613787,0.029527
pi05_l10_500,code,r6c_cal_pi05_l10_500:eval:6:11,6,42,0.850261,0.847329,0.991041,0.992297,2.429728,2.427226,0.03283
pi05_l10_500,code,r6c_cal_pi05_l10_500:eval:7:0,7,0,0.050572,0.048878,0.158149,0.159055,1.478952,1.476088,0.035726
pi05_l10_500,code,r6c_cal_pi05_l10_500:eval:7:0,7,2,0.037555,0.03554,0.169037,0.157216,1.744991,1.742311,0.052517
pi05_l10_500,code,r6c_cal_pi05_l10_500:eval:7:0,7,4,3.190232,3.187118,3.334558,3.335729,4.784756,4.781876,0.034668
pi05_l10_500,code,r6c_cal_pi05_l10_500:eval:7:0,7,6,0.924446,0.921418,1.061571,1.069675,2.423178,2.420255,0.035393
pi05_l10_500,code,r6c_cal_pi05_l10_500:eval:7:0,7,7,0.820767,0.817723,0.955999,0.956523,2.390395,2.387377,0.035626
pi05_l10_500,code,r6c_cal_pi05_l10_500:eval:7:0,7,9,0.977631,0.974408,1.116031,1.117456,2.463795,2.461014,0.034562
pi05_l10_500,code,r6c_cal_pi05_l10_500:eval:7:0,7,11,1.074422,1.071438,1.300749,1.289735,2.694755,2.678526,0.032254
pi05_l10_500,code,r6c_cal_pi05_l10_500:eval:7:0,7,13,1.072668,1.069615,1.222455,1.223431,2.690945,2.687953,0.035289
pi05_l10_500,code,r6c_cal_pi05_l10_500:eval:7:0,7,15,1.023795,1.02089,1.153917,1.155221,2.536702,2.534058,0.034516
pi05_l10_500,code,r6c_cal_pi05_l10_500:eval:7:0,7,17,1.022735,1.019253,1.195717,1.197152,2.705074,2.70225,0.055392
pi05_l10_500,code,r6c_cal_pi05_l10_500:eval:7:0,7,19,0.986029,0.982935,1.12441,1.125831,2.681055,2.67829,0.035763
pi05_l10_500,code,r6c_cal_pi05_l10_500:eval:7:0,7,21,0.923714,0.920828,1.040272,1.041324,2.356728,2.354159,0.029639
pi05_l10_500,code,r6c_cal_pi05_l10_500:eval:7:0,7,23,0.852217,0.849164,0.980305,0.980938,2.425735,2.423121,0.029765
pi05_l10_500,code,r6c_cal_pi05_l10_500:eval:7:0,7,25,0.90931,0.906281,1.030159,1.032433,2.366188,2.363634,0.034925
pi05_l10_500,code,r6c_cal_pi05_l10_500:eval:7:0,7,27,1.020622,1.017691,1.14621,1.148149,2.477363,2.474875,0.027901
pi05_l10_500,code,r6c_cal_pi05_l10_500:eval:7:0,7,29,0.921562,0.915143,1.101565,1.10772,2.709214,2.706097,0.034766
pi05_l10_500,code,r6c_cal_pi05_l10_500:eval:7:0,7,31,0.997446,0.994566,1.122004,1.123381,2.61903,2.616489,0.034584
pi05_l10_500,code,r6c_cal_pi05_l10_500:eval:7:0,7,33,0.997523,0.994369,1.133397,1.134657,2.786056,2.783364,0.030882
pi05_l10_500,code,r6c_cal_pi05_l10_500:eval:7:0,7,35,0.990759,0.987786,1.131599,1.132307,2.609215,2.606151,0.036202
pi05_l10_500,code,r6c_cal_pi05_l10_500:eval:7:0,7,37,0.950999,0.948021,1.089715,1.090907,2.433681,2.430867,0.034398
pi05_l10_500,code,r6c_cal_pi05_l10_500:eval:7:0,7,39,0.872093,0.869071,1.00906,1.009828,2.356241,2.353288,0.033837
pi05_l10_500,code,r6c_cal_pi05_l10_500:eval:7:0,7,41,0.909176,0.906554,1.027999,1.028888,2.378685,2.376011,0.034196
pi05_l10_500,code,r6c_cal_pi05_l10_500:eval:7:0,7,43,0.996385,0.993181,1.126665,1.127517,2.510653,2.508203,0.028753
pi05_l10_500,code,r6c_cal_pi05_l10_500:eval:7:0,7,45,1.046369,1.043283,1.208116,1.209486,2.793196,2.790126,0.034314
pi05_l10_500,code,r6c_cal_pi05_l10_500:eval:7:0,7,47,1.043834,1.040736,1.183543,1.184887,2.602304,2.59951,0.034676
pi05_l10_500,code,r6c_cal_pi05_l10_500:eval:8:9,8,0,0.038142,0.036416,0.154086,0.154607,1.941618,1.938438,0.035891
pi05_l10_500,code,r6c_cal_pi05_l10_500:eval:8:9,8,2,0.038462,0.036588,0.154472,0.155826,1.786646,1.784023,0.034892
pi05_l10_500,code,r6c_cal_pi05_l10_500:eval:8:9,8,4,0.037398,0.035535,0.151298,0.152415,1.639348,1.636662,0.034811
pi05_l10_500,code,r6c_cal_pi05_l10_500:eval:8:9,8,6,2.695647,2.692779,2.81441,2.815858,4.294209,4.291548,0.033076
pi05_l10_500,code,r6c_cal_pi05_l10_500:eval:8:9,8,8,0.662341,0.659452,0.812262,0.812809,2.313947,2.31085,0.031315
pi05_l10_500,code,r6c_cal_pi05_l10_500:eval:8:9,8,10,0.742754,0.730372,0.888838,0.890228,2.297249,2.294535,0.034323
pi05_l10_500,code,r6c_cal_pi05_l10_500:eval:8:9,8,12,1.02464,1.017702,1.168827,1.169762,2.884588,2.881757,0.043445
pi05_l10_500,code,r6c_cal_pi05_l10_500:eval:8:9,8,14,0.875368,0.872577,1.008107,1.009462,2.672012,2.669169,0.034443
pi05_l10_500,code,r6c_cal_pi05_l10_500:eval:8:9,8,16,1.000897,0.997419,1.140173,1.141661,2.72766,2.724873,0.03428
pi05_l10_500,code,r6c_cal_pi05_l10_500:eval:8:9,8,18,0.866219,0.863106,0.998771,1.0002,2.580748,2.577979,0.035742
pi05_l10_500,code,r6c_cal_pi05_l10_500:eval:8:9,8,20,0.835605,0.832647,0.967209,0.968081,2.535988,2.533148,0.035029
pi05_l10_500,code,r6c_cal_pi05_l10_500:eval:8:9,8,22,0.818881,0.815577,0.951887,0.953004,2.45736,2.454532,0.034491
pi05_l10_500,code,r6c_cal_pi05_l10_500:eval:8:9,8,24,0.84738,0.844217,0.978304,0.979623,2.467541,2.464578,0.034101
pi05_l10_500,code,r6c_cal_pi05_l10_500:eval:8:9,8,26,0.799435,0.782993,0.93522,0.936378,2.324147,2.321262,0.035126
pi05_l10_500,code,r6c_cal_pi05_l10_500:eval:8:9,8,28,0.923354,0.920389,1.050563,1.051256,2.616029,2.613277,0.029923
pi05_l10_500,code,r6c_cal_pi05_l10_500:eval:8:9,8,30,0.832917,0.829932,0.952746,0.954091,2.49905,2.496506,0.035168
pi05_l10_500,code,r6c_cal_pi05_l10_500:eval:8:9,8,32,0.924957,0.921703,1.066315,1.074986,2.713462,2.710831,0.031041
pi05_l10_500,code,r6c_cal_pi05_l10_500:eval:8:9,8,34,0.865064,0.862052,1.043098,1.044162,2.697513,2.694612,0.060611
pi05_l10_500,code,r6c_cal_pi05_l10_500:eval:8:9,8,36,0.833444,0.830509,0.996596,0.997866,2.57517,2.572216,0.046342
pi05_l10_500,code,r6c_cal_pi05_l10_500:eval:8:9,8,38,0.771667,0.768574,0.902028,0.903307,2.369261,2.366429,0.034468
pi05_l10_500,code,r6c_cal_pi05_l10_500:eval:8:9,8,40,0.820087,0.816875,0.975275,0.977748,2.457296,2.454384,0.035186
pi05_l10_500,code,r6c_cal_pi05_l10_500:eval:8:9,8,42,0.737706,0.734687,0.86492,0.86588,2.290393,2.28775,0.032675
pi05_l10_500,code,r6c_cal_pi05_l10_500:eval:8:9,8,44,0.96473,0.961674,1.095799,1.110081,2.755727,2.752814,0.035144
pi05_l10_500,code,r6c_cal_pi05_l10_500:eval:8:9,8,46,0.854671,0.851657,0.997086,0.998073,2.691488,2.688633,0.045777
pi05_l10_500,code,r6c_cal_pi05_l10_500:eval:8:9,8,48,0.861728,0.858527,0.997846,1.016749,2.704884,2.701944,0.034584
pi05_l10_500,code,r6c_cal_pi05_l10_500:eval:8:9,8,50,0.889876,0.886791,1.020671,1.032191,2.650379,2.647605,0.03142
pi05_l10_500,code,r6c_cal_pi05_l10_500:eval:8:9,8,51,0.828525,0.825521,0.989197,0.990023,2.530991,2.527791,0.035598
pi05_l10_500,code,r6c_cal_pi05_l10_500:eval:8:9,8,53,0.785127,0.782011,0.919029,0.919947,2.415685,2.412682,0.034063
pi05_l10_500,code,r6c_cal_pi05_l10_500:eval:8:9,8,55,0.694669,0.691711,0.82369,0.824691,2.339743,2.337001,0.045995
pi05_l10_500,code,r6c_cal_pi05_l10_500:eval:8:9,8,57,0.777251,0.773989,0.911895,0.91282,2.3377,2.334643,0.033907
pi05_l10_500,code,r6c_cal_pi05_l10_500:eval:8:9,8,59,0.914445,0.91165,1.075263,1.075935,2.65201,2.648822,0.034721
pi05_l10_500,code,r6c_cal_pi05_l10_500:eval:8:9,8,61,0.919149,0.915946,1.107786,1.108978,2.774133,2.771016,0.035291
pi05_l10_500,code,r6c_cal_pi05_l10_500:eval:8:9,8,63,0.973623,0.970331,1.124336,1.125982,2.78359,2.780631,0.052178
pi05_l10_500,code,r6c_cal_pi05_l10_500:eval:8:9,8,65,0.882959,0.880098,1.015303,1.016662,2.714831,2.712039,0.034747
pi05_l10_500,code,r6c_cal_pi05_l10_500:eval:8:9,8,67,0.862775,0.85969,0.995036,0.99613,2.563826,2.560995,0.035656
pi05_l10_500,code,r6c_cal_pi05_l10_500:eval:8:9,8,69,0.80609,0.80318,0.923256,0.924763,2.38236,2.379613,0.034636
pi05_l10_500,code,r6c_cal_pi05_l10_500:eval:8:9,8,71,0.792037,0.789673,0.938509,0.939388,2.367176,2.364286,0.029488
pi05_l10_500,code,r6c_cal_pi05_l10_500:eval:8:9,8,73,0.763996,0.7609,0.897974,0.898994,2.361096,2.358163,0.033506
pi05_l10_500,code,r6c_cal_pi05_l10_500:eval:9:2,9,0,0.037103,0.035286,0.147644,0.148457,1.581857,1.579278,0.029737
pi05_l10_500,code,r6c_cal_pi05_l10_500:eval:9:2,9,2,0.037289,0.035645,0.233,0.233895,1.810639,1.807733,0.033476
pi05_l10_500,code,r6c_cal_pi05_l10_500:eval:9:2,9,4,2.66897,2.665878,2.807395,2.808601,4.339911,4.337065,0.03443
pi05_l10_500,code,r6c_cal_pi05_l10_500:eval:9:2,9,6,0.841523,0.838475,0.97543,0.97662,2.551598,2.548694,0.034609
pi05_l10_500,code,r6c_cal_pi05_l10_500:eval:9:2,9,8,0.852662,0.849416,0.99091,0.992721,2.489372,2.486392,0.03499
pi05_l10_500,code,r6c_cal_pi05_l10_500:eval:9:2,9,10,0.829434,0.826321,0.978638,0.967195,2.423431,2.42052,0.046386
pi05_l10_500,code,r6c_cal_pi05_l10_500:eval:9:2,9,12,0.763718,0.760587,0.895491,0.896991,2.27928,2.276429,0.034965
pi05_l10_500,code,r6c_cal_pi05_l10_500:eval:9:2,9,14,0.821714,0.81878,0.93922,0.940258,2.259341,2.256868,0.03466
pi05_l10_500,code,r6c_cal_pi05_l10_500:eval:9:2,9,16,0.803915,0.800669,0.928056,0.929486,2.359649,2.356893,0.027826
pi05_l10_500,code,r6c_cal_pi05_l10_500:eval:9:2,9,18,0.871997,0.86897,1.016895,1.018264,2.484725,2.481774,0.042164
pi05_l10_500,code,r6c_cal_pi05_l10_500:eval:9:2,9,20,0.855648,0.852477,0.983276,0.98458,2.468651,2.465824,0.030637
pi05_l10_500,code,r6c_cal_pi05_l10_500:eval:9:2,9,22,0.826286,0.823411,0.967824,0.946514,2.387577,2.374099,0.04651
pi05_l10_500,code,r6c_cal_pi05_l10_500:eval:9:2,9,24,0.853102,0.850011,0.988394,0.982856,2.615604,2.606288,0.030816
pi05_l10_500,code,r6c_cal_pi05_l10_500:eval:9:2,9,26,0.778878,0.77587,0.898821,0.908734,2.425653,2.422965,0.035003
pi05_l10_500,code,r6c_cal_pi05_l10_500:eval:9:2,9,28,0.809256,0.806123,0.941456,0.942443,2.334134,2.331,0.033148
pi05_l10_500,code,r6c_cal_pi05_l10_500:eval:9:2,9,29,0.776007,0.773268,0.890328,0.891528,2.319837,2.31728,0.034541
pi05_l10_500,code,r6c_cal_pi05_l10_500:eval:9:2,9,31,0.841629,0.838551,0.970985,0.972092,2.375931,2.373281,0.029313
pi05_l10_500,code,r6c_cal_pi05_l10_500:eval:9:2,9,33,0.796717,0.793607,0.929637,0.930305,2.429985,2.427018,0.034647
pi05_l10_500,code,r6c_cal_pi05_l10_500:eval:9:2,9,35,0.882766,0.87966,1.030184,1.031017,2.666593,2.66361,0.045145
pi05_l10_500,code,r6c_cal_pi05_l10_500:eval:9:2,9,37,0.835048,0.832182,0.951959,0.953684,2.474457,2.47177,0.034808
pi05_l10_500,code,r6c_cal_pi05_l10_500:eval:9:2,9,39,0.913348,0.910291,1.050522,1.051715,2.515299,2.512183,0.034579
pi05_l10_500,code,r6c_cal_pi05_l10_500:eval:9:2,9,41,0.912642,0.909516,1.04958,1.050396,2.5499,2.546774,0.035349
pi05_l10_500,code,r6c_cal_pi05_l10_500:eval:9:2,9,42,0.82568,0.822842,0.941902,0.944078,2.397265,2.394497,0.034668
pi05_l10_500,code,r6c_cal_pi05_l10_500:eval:9:2,9,44,0.808548,0.797911,0.951573,0.952318,2.363828,2.360816,0.028664
pi05_l10_500,code,r6c_cal_pi05_l10_500:eval:9:2,9,46,0.78106,0.777994,0.917671,0.918991,2.254097,2.251363,0.034444
pi05_l10_500,code,r6c_cal_pi05_l10_500:eval:9:2,9,48,0.793938,0.791153,0.912,0.913394,2.35117,2.348447,0.034677
pi05_l10_500,code,r6c_cal_pi05_l10_500:eval:9:2,9,50,0.944791,0.930305,1.087957,1.089378,2.481804,2.47929,0.029049
pi05_l10_500,code,r6c_cal_pi05_l10_500:eval:9:2,9,52,0.753445,0.750472,0.925503,0.926633,2.404757,2.401974,0.069525
pi05_l10_500,code,r6c_cal_pi05_l10_500:eval:9:2,9,54,0.826965,0.823558,0.966644,0.967299,2.377893,2.37515,0.042909
pi05_l10_500,code,r6c_cal_pi05_l10_500:eval:9:2,9,56,0.843589,0.840347,0.993341,0.993972,2.541036,2.537895,0.035048
pi05_l10_500,code,r6c_cal_pi05_l10_500:eval:9:2,9,58,0.777376,0.774262,0.91136,0.913048,2.469719,2.466503,0.036151
pi05_l10_500,code,r6c_cal_pi05_l10_500:eval:9:2,9,60,0.741815,0.738857,0.862254,0.863106,2.318202,2.315359,0.035513
pi05_l10_500,code,r6c_cal_pi05_l10_500:eval:9:2,9,62,0.836105,0.832885,0.961337,0.962345,2.358192,2.35541,0.028339
pi05_l10_500,code,r6c_cal_pi05_l10_500:eval:9:2,9,64,0.797141,0.794109,0.932936,0.934006,2.329367,2.32651,0.034461
pi05_l10_500,code,r6c_cal_pi05_l10_500:eval:9:2,9,66,0.839115,0.836042,0.972866,0.973679,2.492911,2.575714,0.035268
pi05_l10_500,code,r6c_cal_pi05_l10_500:eval:9:2,9,68,0.8666,0.86326,1.003897,1.005132,2.533579,2.530814,0.035399
pi05_l10_500,code,r6c_cal_pi05_l10_500:eval:9:2,9,70,0.798714,0.795488,0.949711,0.950093,2.384151,2.380921,0.052882
pi05_l10_500,code,r6c_cal_pi05_l10_500:eval:9:2,9,72,0.990365,0.987441,1.127611,1.131566,2.634986,2.631977,0.034912
pi05_l10_500,code,r6c_cal_pi05_l10_500:eval:9:2,9,74,0.883564,0.880318,1.014145,1.015378,2.489314,2.486306,0.035044
pi05_l10_500,code,r6c_cal_pi05_l10_500:eval:9:2,9,76,0.746223,0.74334,0.882177,0.883402,2.372603,2.369761,0.034025
pi05_l10_500,code,r6c_cal_pi05_l10_500:eval:9:2,9,78,0.84564,0.842495,0.98447,0.985997,2.415061,2.412226,0.040761
pi05_l10_500,code,r6c_cal_pi05_l10_500:eval:9:2,9,80,0.82287,0.819908,0.975918,0.976622,2.354105,2.350823,0.034949
pi05_l10_500,code,r6c_cal_pi05_l10_500:eval:9:2,9,82,0.804171,0.801016,0.937394,0.95094,2.369957,2.366861,0.034882
pi05_l10_500,code,r6c_cal_pi05_l10_500:eval:9:2,9,84,0.76889,0.765933,0.887916,0.889003,2.364523,2.361921,0.035065
pi05_l10_500,code,r6c_cal_pi05_l10_500:eval:9:2,9,86,0.891057,0.887982,1.025154,1.026116,2.565743,2.562498,0.034851
pi05_l10_500,code,r6c_cal_pi05_l10_500:eval:9:2,9,88,0.84023,0.832338,1.009743,1.010511,2.39258,2.389582,0.034894
pi05_l10_500,code,r6c_cal_pi05_l10_500:eval:9:2,9,90,0.848289,0.845264,0.988352,0.990096,2.498111,2.495372,0.034939
pi05_l10_500,code,r6c_cal_pi05_l10_500:eval:9:2,9,91,0.828265,0.825259,0.966514,0.967815,2.458416,2.45563,0.035833
pi05_l10_500,code,r6c_cal_pi05_l10_500:eval:9:2,9,93,0.824068,0.821169,0.957697,0.959089,2.432479,2.429568,0.034539
pi05_l10_500,code,r6c_cal_pi05_l10_500:eval:9:2,9,95,0.805708,0.802944,0.964675,0.965586,2.352835,2.349525,0.034365
pi05_l10_500,code,r6c_cal_pi05_l10_500:eval:9:2,9,97,0.8229,0.819961,0.95952,0.960623,2.395385,2.39251,0.034913
pi05_l10_500,code,r6c_cal_pi05_l10_500:eval:9:2,9,99,0.906525,0.903568,1.056758,1.057847,2.604655,2.601741,0.046432
pi05_l10_500,code,r6c_cal_pi05_l10_500:eval:9:2,9,101,0.869783,0.856618,1.033414,1.034476,2.78169,2.778527,0.034696
pi05_l10_500,code,r6c_cal_pi05_l10_500:eval:9:2,9,103,0.835102,0.832142,0.968221,0.969187,2.525697,2.522832,0.034501
pi05_sp_50,raw,r6c_cal_pi05_spatial_50:eval:0:9,0,0,1.874184,1.87027,2.007727,2.017504,4.68885,4.684725,0.0
pi05_sp_50,raw,r6c_cal_pi05_spatial_50:eval:0:9,0,2,1.259983,1.257555,1.36246,1.362968,3.025954,3.023269,0.0
pi05_sp_50,raw,r6c_cal_pi05_spatial_50:eval:0:9,0,4,1.690361,1.681669,1.793853,1.794069,3.306955,3.303953,0.0
pi05_sp_50,raw,r6c_cal_pi05_spatial_50:eval:0:9,0,6,1.304012,1.300698,1.392804,1.39305,2.819876,2.816977,0.0
pi05_sp_50,raw,r6c_cal_pi05_spatial_50:eval:0:9,0,8,1.067887,1.06478,1.155767,1.156007,2.407954,2.405016,0.0
pi05_sp_50,raw,r6c_cal_pi05_spatial_50:eval:0:9,0,10,1.207353,1.204368,1.299295,1.29965,2.696637,2.693819,0.0
pi05_sp_50,raw,r6c_cal_pi05_spatial_50:eval:0:9,0,12,1.328832,1.32559,1.415155,1.41562,2.813299,2.810508,0.0
pi05_sp_50,raw,r6c_cal_pi05_spatial_50:eval:0:9,0,13,1.037679,1.034583,1.122371,1.122793,2.585434,2.582832,0.0
pi05_sp_50,raw,r6c_cal_pi05_spatial_50:eval:0:9,0,15,1.313534,1.31041,1.435946,1.435663,2.852267,2.848281,0.0
pi05_sp_50,raw,r6c_cal_pi05_spatial_50:eval:0:9,0,17,1.283419,1.280357,1.366361,1.366578,2.805775,2.802747,0.0
pi05_sp_50,raw,r6c_cal_pi05_spatial_50:eval:0:9,0,19,1.28434,1.281185,1.36664,1.367009,2.842876,2.840127,0.0
pi05_sp_50,raw,r6c_cal_pi05_spatial_50:eval:0:9,0,21,1.294747,1.29172,1.378934,1.379519,2.65673,2.654118,0.0
pi05_sp_50,raw,r6c_cal_pi05_spatial_50:eval:0:9,0,23,1.100501,1.097335,1.182774,1.182952,2.494538,2.491581,0.0
pi05_sp_50,raw,r6c_cal_pi05_spatial_50:eval:0:9,0,25,1.142769,1.139483,1.252414,1.252509,2.67575,2.672712,0.0
pi05_sp_50,raw,r6c_cal_pi05_spatial_50:eval:0:9,0,27,1.264024,1.261081,1.356473,1.35689,2.64552,2.64263,0.0
pi05_sp_50,raw,r6c_cal_pi05_spatial_50:eval:0:9,0,29,1.236737,1.233805,1.323004,1.323057,2.765112,2.762164,0.0
pi05_sp_50,raw,r6c_cal_pi05_spatial_50:eval:0:9,0,31,1.153617,1.150274,1.240784,1.241215,2.658544,2.655855,0.0
pi05_sp_50,raw,r6c_cal_pi05_spatial_50:eval:0:9,0,33,1.256682,1.253298,1.350523,1.35083,2.865123,2.862238,0.0
pi05_sp_50,raw,r6c_cal_pi05_spatial_50:eval:0:9,0,35,1.3162,1.313059,1.39572,1.396239,2.820009,2.8172,0.0
pi05_sp_50,raw,r6c_cal_pi05_spatial_50:eval:0:9,0,37,1.100592,1.097636,1.183773,1.183717,2.45351,2.450797,0.0
pi05_sp_50,raw,r6c_cal_pi05_spatial_50:eval:0:9,0,39,1.114586,1.11129,1.197835,1.19823,2.576973,2.574222,0.0
pi05_sp_50,raw,r6c_cal_pi05_spatial_50:eval:0:9,0,41,1.251354,1.248362,1.39968,1.399928,3.037514,3.034568,0.0
pi05_sp_50,raw,r6c_cal_pi05_spatial_50:eval:0:9,0,43,1.14307,1.14009,1.225783,1.225814,2.604958,2.601912,0.0
pi05_sp_50,raw,r6c_cal_pi05_spatial_50:eval:1:6,1,0,0.916076,0.913258,1.001513,1.001029,2.292111,2.288816,0.0
pi05_sp_50,raw,r6c_cal_pi05_spatial_50:eval:1:6,1,2,0.795996,0.793301,0.875753,0.875831,2.306334,2.303317,0.0
pi05_sp_50,raw,r6c_cal_pi05_spatial_50:eval:1:6,1,4,1.524679,1.521773,1.609096,1.60963,3.120868,3.11816,0.0
pi05_sp_50,raw,r6c_cal_pi05_spatial_50:eval:1:6,1,6,1.262569,1.259329,1.344862,1.345471,2.744954,2.742151,0.0
pi05_sp_50,raw,r6c_cal_pi05_spatial_50:eval:1:6,1,8,1.085214,1.081926,1.169066,1.169088,2.409236,2.406256,0.0
pi05_sp_50,raw,r6c_cal_pi05_spatial_50:eval:1:6,1,10,1.289274,1.286186,1.378912,1.379532,2.720129,2.717486,0.0
pi05_sp_50,raw,r6c_cal_pi05_spatial_50:eval:1:6,1,12,1.201911,1.198732,1.283445,1.283683,2.699666,2.696831,0.0
pi05_sp_50,raw,r6c_cal_pi05_spatial_50:eval:1:6,1,14,1.170364,1.167234,1.285082,1.285163,2.624171,2.621136,0.0
pi05_sp_50,raw,r6c_cal_pi05_spatial_50:eval:1:6,1,16,1.220242,1.217196,1.319391,1.319487,2.800154,2.797069,0.0
pi05_sp_50,raw,r6c_cal_pi05_spatial_50:eval:1:6,1,18,1.214618,1.211439,1.302978,1.30346,2.789227,2.786318,0.0
pi05_sp_50,raw,r6c_cal_pi05_spatial_50:eval:1:6,1,20,1.287833,1.284884,1.365917,1.366243,2.786138,2.783464,0.0
pi05_sp_50,raw,r6c_cal_pi05_spatial_50:eval:1:6,1,22,1.085851,1.083094,1.169042,1.168993,2.514073,2.511183,0.0
pi05_sp_50,raw,r6c_cal_pi05_spatial_50:eval:1:6,1,23,1.101443,1.09825,1.221699,1.221877,2.408428,2.405619,0.0
pi05_sp_50,raw,r6c_cal_pi05_spatial_50:eval:2:5,2,0,0.764522,0.761853,0.849396,0.849653,2.031873,2.029209,0.0
pi05_sp_50,raw,r6c_cal_pi05_spatial_50:eval:2:5,2,2,0.801213,0.798739,0.878058,0.878547,2.143206,2.140767,0.0
pi05_sp_50,raw,r6c_cal_pi05_spatial_50:eval:2:5,2,4,1.6166,1.613317,1.698592,1.698877,3.161822,3.158936,0.0
pi05_sp_50,raw,r6c_cal_pi05_spatial_50:eval:2:5,2,6,1.199864,1.196501,1.286902,1.28674,2.673228,2.670126,0.0
pi05_sp_50,raw,r6c_cal_pi05_spatial_50:eval:2:5,2,8,1.197995,1.194944,1.289328,1.289506,2.703345,2.700353,0.0
pi05_sp_50,raw,r6c_cal_pi05_spatial_50:eval:2:5,2,10,1.255195,1.252223,1.350944,1.351222,2.687224,2.684037,0.0
pi05_sp_50,raw,r6c_cal_pi05_spatial_50:eval:2:5,2,11,1.282806,1.271949,1.364171,1.364231,2.800336,2.797389,0.0
pi05_sp_50,raw,r6c_cal_pi05_spatial_50:eval:2:5,2,13,1.050013,1.046683,1.128352,1.128825,2.481553,2.478733,0.0
pi05_sp_50,raw,r6c_cal_pi05_spatial_50:eval:2:5,2,15,1.133715,1.130927,1.218397,1.219221,2.624162,2.621383,0.0
pi05_sp_50,raw,r6c_cal_pi05_spatial_50:eval:2:5,2,17,1.15,1.146781,1.233618,1.233849,2.662785,2.659847,0.0
pi05_sp_50,raw,r6c_cal_pi05_spatial_50:eval:2:5,2,19,1.128495,1.125436,1.274564,1.275066,2.732996,2.730301,0.0
pi05_sp_50,raw,r6c_cal_pi05_spatial_50:eval:3:0,3,0,0.709066,0.706527,0.780512,0.780254,2.171836,2.168812,0.0
pi05_sp_50,raw,r6c_cal_pi05_spatial_50:eval:3:0,3,2,0.818339,0.815723,0.894938,0.895251,2.29789,2.295172,0.0
pi05_sp_50,raw,r6c_cal_pi05_spatial_50:eval:3:0,3,4,1.515076,1.512091,1.634817,1.635003,3.013986,3.010974,0.0
pi05_sp_50,raw,r6c_cal_pi05_spatial_50:eval:3:0,3,6,1.154229,1.151289,1.248776,1.24883,2.590126,2.587335,0.0
pi05_sp_50,raw,r6c_cal_pi05_spatial_50:eval:3:0,3,8,1.053912,1.050554,1.127917,1.128326,2.348413,2.345822,0.0
pi05_sp_50,raw,r6c_cal_pi05_spatial_50:eval:3:0,3,10,1.22841,1.225752,1.331856,1.332539,2.651666,2.649027,0.0
pi05_sp_50,raw,r6c_cal_pi05_spatial_50:eval:3:0,3,12,1.171839,1.16892,1.263911,1.263962,2.545144,2.542036,0.0
pi05_sp_50,raw,r6c_cal_pi05_spatial_50:eval:3:0,3,14,1.277618,1.274626,1.370646,1.370998,2.746659,2.743874,0.0
pi05_sp_50,raw,r6c_cal_pi05_spatial_50:eval:3:0,3,16,1.111989,1.091763,1.198557,1.198875,2.589938,2.586998,0.0
pi05_sp_50,raw,r6c_cal_pi05_spatial_50:eval:4:11,4,0,0.822155,0.819669,0.900228,0.900225,2.127985,2.125065,0.0
pi05_sp_50,raw,r6c_cal_pi05_spatial_50:eval:4:11,4,2,0.875482,0.872958,0.968622,0.967952,2.328764,2.325529,0.0
pi05_sp_50,raw,r6c_cal_pi05_spatial_50:eval:4:11,4,4,1.660755,1.657607,1.746586,1.746854,3.196913,3.193946,0.0
pi05_sp_50,raw,r6c_cal_pi05_spatial_50:eval:4:11,4,6,1.079595,1.076259,1.16073,1.161129,2.388509,2.385911,0.0
pi05_sp_50,raw,r6c_cal_pi05_spatial_50:eval:4:11,4,8,1.233,1.230284,1.314727,1.315356,2.560557,2.558052,0.0
pi05_sp_50,raw,r6c_cal_pi05_spatial_50:eval:4:11,4,10,1.192051,1.188849,1.30199,1.302186,2.619977,2.617018,0.0
pi05_sp_50,raw,r6c_cal_pi05_spatial_50:eval:4:11,4,12,1.353252,1.350411,1.433689,1.434165,2.816798,2.814032,0.0
pi05_sp_50,raw,r6c_cal_pi05_spatial_50:eval:4:11,4,14,1.227219,1.206789,1.309457,1.31011,2.812285,2.809453,0.0
pi05_sp_50,raw,r6c_cal_pi05_spatial_50:eval:4:11,4,16,1.21799,1.214868,1.307573,1.307544,2.705006,2.701942,0.0
pi05_sp_50,raw,r6c_cal_pi05_spatial_50:eval:4:11,4,18,1.223347,1.220325,1.308497,1.309018,2.662956,2.660172,0.0
pi05_sp_50,raw,r6c_cal_pi05_spatial_50:eval:4:11,4,20,1.290305,1.287258,1.359062,1.359079,2.623642,2.620964,0.0
pi05_sp_50,raw,r6c_cal_pi05_spatial_50:eval:4:11,4,22,1.065037,1.062027,1.140411,1.14077,2.396437,2.393587,0.0
pi05_sp_50,raw,r6c_cal_pi05_spatial_50:eval:4:11,4,24,1.127787,1.124842,1.244153,1.24899,2.591602,2.58861,0.0
pi05_sp_50,raw,r6c_cal_pi05_spatial_50:eval:4:11,4,25,1.135882,1.132795,1.263313,1.263428,2.586424,2.583557,0.0
pi05_sp_50,raw,r6c_cal_pi05_spatial_50:eval:4:11,4,27,1.33596,1.333063,1.425174,1.425421,2.891603,2.888923,0.0
pi05_sp_50,raw,r6c_cal_pi05_spatial_50:eval:4:11,4,29,1.118172,1.115216,1.199585,1.199783,2.755702,2.752899,0.0
pi05_sp_50,raw,r6c_cal_pi05_spatial_50:eval:4:11,4,31,1.19287,1.18952,1.282662,1.282987,2.768719,2.765778,0.0
pi05_sp_50,raw,r6c_cal_pi05_spatial_50:eval:4:11,4,33,1.189578,1.186622,1.260715,1.260856,2.592937,2.590283,0.0
pi05_sp_50,raw,r6c_cal_pi05_spatial_50:eval:4:11,4,35,1.273091,1.270035,1.364095,1.364084,2.619966,2.616961,0.0
pi05_sp_50,raw,r6c_cal_pi05_spatial_50:eval:4:11,4,37,1.069173,1.066402,1.150324,1.150484,2.488252,2.485557,0.0
pi05_sp_50,raw,r6c_cal_pi05_spatial_50:eval:4:11,4,39,1.083368,1.074133,1.171666,1.171795,2.469662,2.466722,0.0
pi05_sp_50,raw,r6c_cal_pi05_spatial_50:eval:4:11,4,41,1.150638,1.147437,1.234902,1.232241,2.555789,2.550288,0.0
pi05_sp_50,raw,r6c_cal_pi05_spatial_50:eval:4:11,4,43,1.33335,1.319086,1.41745,1.417719,2.789066,2.786302,0.0
pi05_sp_50,raw,r6c_cal_pi05_spatial_50:eval:5:9,5,0,0.729922,0.727842,0.823069,0.823424,2.002099,1.999214,0.0
pi05_sp_50,raw,r6c_cal_pi05_spatial_50:eval:5:9,5,2,0.937432,0.934814,1.016668,1.016781,2.397674,2.394777,0.0
pi05_sp_50,raw,r6c_cal_pi05_spatial_50:eval:5:9,5,4,1.551838,1.548836,1.631976,1.63256,3.132115,3.129486,0.0
pi05_sp_50,raw,r6c_cal_pi05_spatial_50:eval:5:9,5,6,1.291383,1.288112,1.385618,1.385853,2.650168,2.647327,0.0
pi05_sp_50,raw,r6c_cal_pi05_spatial_50:eval:5:9,5,8,1.060952,1.05793,1.141743,1.142324,2.555608,2.553039,0.0
pi05_sp_50,raw,r6c_cal_pi05_spatial_50:eval:5:9,5,10,1.050715,1.047585,1.139459,1.13984,2.49436,2.491614,0.0
pi05_sp_50,raw,r6c_cal_pi05_spatial_50:eval:5:9,5,12,1.263081,1.260217,1.353317,1.353905,2.506936,2.504291,0.0
pi05_sp_50,raw,r6c_cal_pi05_spatial_50:eval:5:9,5,14,1.371555,1.368496,1.453914,1.454033,2.900283,2.897326,0.0
pi05_sp_50,raw,r6c_cal_pi05_spatial_50:eval:5:9,5,16,1.183074,1.179816,1.263876,1.265408,2.859494,2.856803,0.0
pi05_sp_50,raw,r6c_cal_pi05_spatial_50:eval:5:9,5,18,1.169497,1.166143,1.259721,1.260042,2.658611,2.655734,0.0
pi05_sp_50,raw,r6c_cal_pi05_spatial_50:eval:5:9,5,20,1.398876,1.395837,1.525083,1.510957,2.991175,2.973991,0.0
pi05_sp_50,raw,r6c_cal_pi05_spatial_50:eval:5:9,5,22,1.249771,1.246586,1.317291,1.317304,2.568995,2.56631,0.0
pi05_sp_50,raw,r6c_cal_pi05_spatial_50:eval:5:9,5,24,1.104055,1.101209,1.205264,1.205613,2.57734,2.574582,0.0
pi05_sp_50,raw,r6c_cal_pi05_spatial_50:eval:5:9,5,26,1.233153,1.229934,1.330862,1.331154,2.605578,2.602924,0.0
pi05_sp_50,raw,r6c_cal_pi05_spatial_50:eval:5:9,5,28,1.096641,1.093538,1.218672,1.224348,2.45421,2.4515,0.0
pi05_sp_50,raw,r6c_cal_pi05_spatial_50:eval:5:9,5,30,1.330792,1.327813,1.413104,1.413226,2.744054,2.741184,0.0
pi05_sp_50,raw,r6c_cal_pi05_spatial_50:eval:5:9,5,32,1.253099,1.250031,1.336917,1.336593,2.784001,2.781132,0.0
pi05_sp_50,raw,r6c_cal_pi05_spatial_50:eval:5:9,5,34,1.211734,1.208479,1.297996,1.298525,2.727192,2.724514,0.0
pi05_sp_50,raw,r6c_cal_pi05_spatial_50:eval:5:9,5,36,1.345226,1.342103,1.429523,1.429866,2.807218,2.804451,0.0
pi05_sp_50,raw,r6c_cal_pi05_spatial_50:eval:5:9,5,38,1.05958,1.056443,1.140174,1.140174,2.343627,2.340748,0.0
pi05_sp_50,raw,r6c_cal_pi05_spatial_50:eval:6:9,6,0,0.811071,0.808546,0.882286,0.88254,2.01323,2.010345,0.0
pi05_sp_50,raw,r6c_cal_pi05_spatial_50:eval:6:9,6,2,0.822239,0.819709,0.90503,0.905396,2.231868,2.22911,0.0
pi05_sp_50,raw,r6c_cal_pi05_spatial_50:eval:6:9,6,4,1.433173,1.429358,1.516801,1.516916,2.799297,2.796591,0.0
pi05_sp_50,raw,r6c_cal_pi05_spatial_50:eval:6:9,6,6,1.344042,1.340829,1.438973,1.43918,2.808943,2.806195,0.0
pi05_sp_50,raw,r6c_cal_pi05_spatial_50:eval:6:9,6,8,1.195245,1.191988,1.357692,1.357491,2.655746,2.652718,0.0
pi05_sp_50,raw,r6c_cal_pi05_spatial_50:eval:6:9,6,10,1.155346,1.152395,1.270168,1.269911,2.659361,2.655966,0.0
pi05_sp_50,raw,r6c_cal_pi05_spatial_50:eval:6:9,6,12,1.428895,1.425959,1.515412,1.51565,2.885541,2.882749,0.0
pi05_sp_50,raw,r6c_cal_pi05_spatial_50:eval:6:9,6,14,1.168358,1.165063,1.251421,1.251613,2.56927,2.566275,0.0
pi05_sp_50,raw,r6c_cal_pi05_spatial_50:eval:6:9,6,16,1.225008,1.221712,1.311487,1.311581,2.558749,2.555764,0.0
pi05_sp_50,raw,r6c_cal_pi05_spatial_50:eval:6:9,6,18,1.136991,1.134116,1.221696,1.222271,2.455715,2.452985,0.0
pi05_sp_50,raw,r6c_cal_pi05_spatial_50:eval:6:9,6,20,1.109477,1.106285,1.196371,1.196554,2.434066,2.431176,0.0
pi05_sp_50,raw,r6c_cal_pi05_spatial_50:eval:6:9,6,22,1.513238,1.510379,1.633628,1.634138,2.938254,2.935622,0.0
pi05_sp_50,raw,r6c_cal_pi05_spatial_50:eval:6:9,6,24,1.170107,1.167154,1.282732,1.283301,2.654168,2.651282,0.0
pi05_sp_50,raw,r6c_cal_pi05_spatial_50:eval:6:9,6,26,1.182346,1.179222,1.288488,1.288709,2.718706,2.715794,0.0
pi05_sp_50,raw,r6c_cal_pi05_spatial_50:eval:6:9,6,27,1.312713,1.309617,1.39955,1.399757,2.786737,2.783831,0.0
pi05_sp_50,raw,r6c_cal_pi05_spatial_50:eval:6:9,6,29,1.134242,1.130957,1.220729,1.220839,2.505895,2.502804,0.0
pi05_sp_50,raw,r6c_cal_pi05_spatial_50:eval:6:9,6,31,1.111668,1.10869,1.197662,1.19765,2.474417,2.471563,0.0
pi05_sp_50,raw,r6c_cal_pi05_spatial_50:eval:6:9,6,32,1.126793,1.12349,1.21229,1.21229,2.504008,2.501109,0.0
pi05_sp_50,raw,r6c_cal_pi05_spatial_50:eval:6:9,6,34,1.034982,1.032079,1.12139,1.121706,2.380775,2.378073,0.0
pi05_sp_50,raw,r6c_cal_pi05_spatial_50:eval:6:9,6,36,1.302614,1.299706,1.388337,1.3885,2.753045,2.75023,0.0
pi05_sp_50,raw,r6c_cal_pi05_spatial_50:eval:6:9,6,37,1.098106,1.094905,1.192986,1.184424,2.501567,2.490023,0.0
pi05_sp_50,raw,r6c_cal_pi05_spatial_50:eval:6:9,6,39,1.284473,1.270492,1.378256,1.378597,2.764682,2.761699,0.0
pi05_sp_50,raw,r6c_cal_pi05_spatial_50:eval:6:9,6,41,1.407452,1.404363,1.494183,1.494439,2.896213,2.893417,0.0
pi05_sp_50,raw,r6c_cal_pi05_spatial_50:eval:6:9,6,43,1.178422,1.175516,1.252076,1.253238,2.493508,2.490715,0.0
pi05_sp_50,raw,r6c_cal_pi05_spatial_50:eval:7:0,7,0,0.839516,0.836961,0.927109,0.926504,2.071708,2.068461,0.0
pi05_sp_50,raw,r6c_cal_pi05_spatial_50:eval:7:0,7,2,0.768241,0.765737,0.839682,0.841374,2.160107,2.157482,0.0
pi05_sp_50,raw,r6c_cal_pi05_spatial_50:eval:7:0,7,4,1.370975,1.368118,1.454891,1.454924,2.729535,2.72672,0.0
pi05_sp_50,raw,r6c_cal_pi05_spatial_50:eval:7:0,7,6,1.16725,1.164055,1.240879,1.254266,2.657953,2.655171,0.0
pi05_sp_50,raw,r6c_cal_pi05_spatial_50:eval:7:0,7,8,1.181867,1.178857,1.26072,1.261313,2.562331,2.559581,0.0
pi05_sp_50,raw,r6c_cal_pi05_spatial_50:eval:7:0,7,10,1.229007,1.225635,1.350152,1.350662,2.988977,2.985435,0.0
pi05_sp_50,raw,r6c_cal_pi05_spatial_50:eval:7:0,7,12,1.416208,1.412934,1.500917,1.50061,2.978642,2.975063,0.0
pi05_sp_50,raw,r6c_cal_pi05_spatial_50:eval:7:0,7,14,1.201844,1.198876,1.28577,1.285621,2.637821,2.634903,0.0
pi05_sp_50,raw,r6c_cal_pi05_spatial_50:eval:7:0,7,16,1.200372,1.19726,1.338122,1.338218,2.766413,2.763255,0.0
pi05_sp_50,raw,r6c_cal_pi05_spatial_50:eval:7:0,7,17,1.251872,1.248569,1.322283,1.322506,2.661116,2.658292,0.0
pi05_sp_50,raw,r6c_cal_pi05_spatial_50:eval:7:0,7,19,1.112179,1.109419,1.196384,1.1968,2.5839,2.581175,0.0
pi05_sp_50,raw,r6c_cal_pi05_spatial_50:eval:7:0,7,21,1.236278,1.232965,1.318258,1.318504,2.782344,2.779556,0.0
pi05_sp_50,raw,r6c_cal_pi05_spatial_50:eval:7:0,7,23,1.213222,1.210285,1.29887,1.299121,2.809147,2.806218,0.0
pi05_sp_50,raw,r6c_cal_pi05_spatial_50:eval:8:9,8,0,0.840846,0.838169,0.92377,0.924272,2.635226,2.632243,0.0
pi05_sp_50,raw,r6c_cal_pi05_spatial_50:eval:8:9,8,2,1.021634,1.018626,1.098715,1.099711,2.786126,2.783217,0.0
pi05_sp_50,raw,r6c_cal_pi05_spatial_50:eval:8:9,8,4,1.535863,1.532747,1.617514,1.61789,3.055164,3.052367,0.0
pi05_sp_50,raw,r6c_cal_pi05_spatial_50:eval:8:9,8,6,1.228005,1.225186,1.313019,1.313586,2.732429,2.729468,0.0
pi05_sp_50,raw,r6c_cal_pi05_spatial_50:eval:8:9,8,8,1.183749,1.180365,1.267141,1.267497,2.594657,2.591825,0.0
pi05_sp_50,raw,r6c_cal_pi05_spatial_50:eval:8:9,8,10,1.224482,1.216078,1.326342,1.326529,2.835143,2.832124,0.0
pi05_sp_50,raw,r6c_cal_pi05_spatial_50:eval:8:9,8,12,1.210884,1.194379,1.29528,1.295258,2.803037,2.799959,0.0
pi05_sp_50,raw,r6c_cal_pi05_spatial_50:eval:8:9,8,14,1.31607,1.312853,1.430489,1.430448,2.863368,2.859702,0.0
pi05_sp_50,raw,r6c_cal_pi05_spatial_50:eval:8:9,8,16,1.452454,1.448437,1.554162,1.540593,3.118574,3.101921,0.0
pi05_sp_50,raw,r6c_cal_pi05_spatial_50:eval:8:9,8,18,1.192183,1.188139,1.277337,1.277563,2.7027,2.699677,0.0
pi05_sp_50,raw,r6c_cal_pi05_spatial_50:eval:9:2,9,0,0.848255,0.845487,0.992668,0.991788,2.147501,2.143699,0.0
pi05_sp_50,raw,r6c_cal_pi05_spatial_50:eval:9:2,9,2,0.896923,0.894283,0.978126,0.987145,2.432707,2.430045,0.0
pi05_sp_50,raw,r6c_cal_pi05_spatial_50:eval:9:2,9,4,1.475836,1.472564,1.589717,1.589596,2.967812,2.964482,0.0
pi05_sp_50,raw,r6c_cal_pi05_spatial_50:eval:9:2,9,6,1.660636,1.657577,1.755564,1.755808,3.216763,3.21374,0.0
pi05_sp_50,raw,r6c_cal_pi05_spatial_50:eval:9:2,9,8,1.244618,1.241438,1.387419,1.381787,2.788613,2.779489,0.0
pi05_sp_50,raw,r6c_cal_pi05_spatial_50:eval:9:2,9,10,1.425792,1.422006,1.533969,1.534054,3.347541,3.344224,0.0
pi05_sp_50,raw,r6c_cal_pi05_spatial_50:eval:9:2,9,12,1.427829,1.424485,1.510158,1.510479,2.968568,2.965622,0.0
pi05_sp_50,raw,r6c_cal_pi05_spatial_50:eval:9:2,9,14,1.428945,1.425625,1.528357,1.52836,2.973863,2.970502,0.0
pi05_sp_50,raw,r6c_cal_pi05_spatial_50:eval:9:2,9,16,1.423023,1.4198,1.505187,1.50535,2.866336,2.863356,0.0
pi05_sp_50,raw,r6c_cal_pi05_spatial_50:eval:9:2,9,18,1.09115,1.087913,1.176785,1.177107,2.590489,2.58773,0.0
pi05_sp_50,raw,r6c_cal_pi05_spatial_50:eval:9:2,9,20,1.440549,1.437308,1.524753,1.525454,3.048338,3.045354,0.0
pi05_sp_50,raw,r6c_cal_pi05_spatial_50:eval:9:2,9,22,1.24669,1.243668,1.380851,1.3809,2.674746,2.671386,0.0
pi05_sp_50,raw,r6c_cal_pi05_spatial_50:eval:9:2,9,24,1.656643,1.653145,1.752405,1.753288,3.610124,3.6072,0.0
pi05_sp_50,code,r6c_cal_pi05_spatial_50:eval:0:9,0,0,0.047455,0.045692,0.196332,0.196004,2.621963,2.6177,0.042866
pi05_sp_50,code,r6c_cal_pi05_spatial_50:eval:0:9,0,2,0.038351,0.036489,0.158683,0.159648,1.643444,1.640778,0.037789
pi05_sp_50,code,r6c_cal_pi05_spatial_50:eval:0:9,0,4,0.788366,0.785509,0.935702,0.936117,2.184203,2.181301,0.054235
pi05_sp_50,code,r6c_cal_pi05_spatial_50:eval:0:9,0,6,0.372405,0.369669,0.515887,0.516581,1.839904,1.837071,0.035253
pi05_sp_50,code,r6c_cal_pi05_spatial_50:eval:0:9,0,8,0.370876,0.368161,0.503005,0.503748,1.750675,1.747965,0.036593
pi05_sp_50,code,r6c_cal_pi05_spatial_50:eval:0:9,0,10,0.369988,0.367284,0.503556,0.503918,1.766338,1.763637,0.038888
pi05_sp_50,code,r6c_cal_pi05_spatial_50:eval:0:9,0,12,0.370949,0.368277,0.496651,0.496961,1.732777,1.729871,0.033707
pi05_sp_50,code,r6c_cal_pi05_spatial_50:eval:0:9,0,13,0.394606,0.391939,0.524312,0.524401,1.827594,1.824493,0.034446
pi05_sp_50,code,r6c_cal_pi05_spatial_50:eval:0:9,0,15,0.38497,0.382133,0.520823,0.532661,1.901278,1.898692,0.034438
pi05_sp_50,code,r6c_cal_pi05_spatial_50:eval:0:9,0,17,0.394324,0.389835,0.525745,0.526566,1.777357,1.774617,0.035098
pi05_sp_50,code,r6c_cal_pi05_spatial_50:eval:0:9,0,19,0.365528,0.363191,0.512557,0.509492,1.762123,1.755595,0.034093
pi05_sp_50,code,r6c_cal_pi05_spatial_50:eval:0:9,0,21,0.370202,0.367491,0.513537,0.514313,1.895196,1.892336,0.034502
pi05_sp_50,code,r6c_cal_pi05_spatial_50:eval:0:9,0,23,0.369904,0.36712,0.507384,0.507922,1.820706,1.817843,0.033849
pi05_sp_50,code,r6c_cal_pi05_spatial_50:eval:0:9,0,25,0.369505,0.36679,0.499727,0.500546,1.765525,1.762667,0.034849
pi05_sp_50,code,r6c_cal_pi05_spatial_50:eval:0:9,0,27,0.368193,0.365575,0.494959,0.495563,1.815779,1.812998,0.034361
pi05_sp_50,code,r6c_cal_pi05_spatial_50:eval:0:9,0,29,0.369782,0.36707,0.500052,0.50071,1.779157,1.776306,0.034241
pi05_sp_50,code,r6c_cal_pi05_spatial_50:eval:0:9,0,31,0.410029,0.407066,0.537399,0.537954,1.786948,1.784301,0.034375
pi05_sp_50,code,r6c_cal_pi05_spatial_50:eval:0:9,0,33,0.382128,0.379414,0.513129,0.513909,1.772247,1.769514,0.034741
pi05_sp_50,code,r6c_cal_pi05_spatial_50:eval:0:9,0,35,0.408421,0.405813,0.534622,0.535524,1.803338,1.800543,0.033126
pi05_sp_50,code,r6c_cal_pi05_spatial_50:eval:0:9,0,37,0.483629,0.480954,0.615542,0.616154,1.985623,1.982738,0.034762
pi05_sp_50,code,r6c_cal_pi05_spatial_50:eval:0:9,0,39,0.367668,0.36492,0.506452,0.507185,1.83727,1.834526,0.034256
pi05_sp_50,code,r6c_cal_pi05_spatial_50:eval:0:9,0,41,0.368784,0.366147,0.498093,0.498845,1.750257,1.747594,0.03286
pi05_sp_50,code,r6c_cal_pi05_spatial_50:eval:0:9,0,43,0.419984,0.417309,0.591513,0.592148,1.859819,1.856999,0.045719
pi05_sp_50,code,r6c_cal_pi05_spatial_50:eval:1:6,1,0,0.036741,0.034896,0.160465,0.160498,1.311757,1.308621,0.039927
pi05_sp_50,code,r6c_cal_pi05_spatial_50:eval:1:6,1,2,0.036668,0.03477,0.15043,0.151151,1.417542,1.41497,0.033563
pi05_sp_50,code,r6c_cal_pi05_spatial_50:eval:1:6,1,4,0.750218,0.747311,0.879062,0.879285,2.134802,2.132039,0.03348
pi05_sp_50,code,r6c_cal_pi05_spatial_50:eval:1:6,1,6,0.372888,0.370039,0.499161,0.499885,1.741829,1.739083,0.034085
pi05_sp_50,code,r6c_cal_pi05_spatial_50:eval:1:6,1,8,0.359984,0.35742,0.476539,0.47687,1.744509,1.741778,0.034372
pi05_sp_50,code,r6c_cal_pi05_spatial_50:eval:1:6,1,10,0.416104,0.413242,0.539603,0.540034,1.757806,1.755289,0.029618
pi05_sp_50,code,r6c_cal_pi05_spatial_50:eval:1:6,1,12,0.38785,0.385111,0.523135,0.523778,1.774731,1.772094,0.0343
pi05_sp_50,code,r6c_cal_pi05_spatial_50:eval:1:6,1,14,0.375828,0.373586,0.520799,0.521395,1.81018,1.807293,0.034116
pi05_sp_50,code,r6c_cal_pi05_spatial_50:eval:1:6,1,16,0.391134,0.388447,0.527566,0.527936,1.949346,1.94648,0.034038
pi05_sp_50,code,r6c_cal_pi05_spatial_50:eval:1:6,1,18,0.373893,0.371049,0.510694,0.51147,1.773474,1.770926,0.034271
pi05_sp_50,code,r6c_cal_pi05_spatial_50:eval:1:6,1,20,0.374235,0.371504,0.506503,0.507177,1.756274,1.753446,0.034323
pi05_sp_50,code,r6c_cal_pi05_spatial_50:eval:1:6,1,22,0.412181,0.409465,0.553569,0.554106,2.021725,2.01896,0.033994
pi05_sp_50,code,r6c_cal_pi05_spatial_50:eval:1:6,1,23,0.386974,0.384324,0.526924,0.538148,1.846202,1.843417,0.046839
pi05_sp_50,code,r6c_cal_pi05_spatial_50:eval:2:5,2,0,0.037143,0.035274,0.160678,0.161141,1.285865,1.282855,0.04441
pi05_sp_50,code,r6c_cal_pi05_spatial_50:eval:2:5,2,2,0.036525,0.034619,0.153264,0.154376,1.458309,1.455687,0.032445
pi05_sp_50,code,r6c_cal_pi05_spatial_50:eval:2:5,2,4,0.637357,0.634526,0.776692,0.777031,2.047875,2.045146,0.033586
pi05_sp_50,code,r6c_cal_pi05_spatial_50:eval:2:5,2,6,0.382114,0.379485,0.539936,0.540259,1.904194,1.901334,0.036856
pi05_sp_50,code,r6c_cal_pi05_spatial_50:eval:2:5,2,8,0.370002,0.367271,0.505292,0.505451,1.654313,1.651417,0.033326
pi05_sp_50,code,r6c_cal_pi05_spatial_50:eval:2:5,2,10,0.371593,0.368607,0.498899,0.499498,1.871055,1.86829,0.034054
pi05_sp_50,code,r6c_cal_pi05_spatial_50:eval:2:5,2,11,0.473054,0.470386,0.599009,0.606859,1.946059,1.94328,0.033967
pi05_sp_50,code,r6c_cal_pi05_spatial_50:eval:2:5,2,13,0.400507,0.397831,0.525983,0.526695,1.811762,1.809037,0.033984
pi05_sp_50,code,r6c_cal_pi05_spatial_50:eval:2:5,2,15,0.397894,0.395276,0.526063,0.526773,1.822315,1.819572,0.033568
pi05_sp_50,code,r6c_cal_pi05_spatial_50:eval:2:5,2,17,0.408109,0.405393,0.529032,0.529538,1.945229,1.94244,0.029467
pi05_sp_50,code,r6c_cal_pi05_spatial_50:eval:2:5,2,19,0.38532,0.382477,0.516305,0.517247,1.83382,1.830849,0.034749
pi05_sp_50,code,r6c_cal_pi05_spatial_50:eval:3:0,3,0,0.037165,0.035284,0.151253,0.151986,1.260184,1.257384,0.035031
pi05_sp_50,code,r6c_cal_pi05_spatial_50:eval:3:0,3,2,0.047368,0.045348,0.162649,0.163099,1.469933,1.467213,0.033693
pi05_sp_50,code,r6c_cal_pi05_spatial_50:eval:3:0,3,4,0.719179,0.716464,0.847451,0.847976,2.088538,2.085665,0.032939
pi05_sp_50,code,r6c_cal_pi05_spatial_50:eval:3:0,3,6,0.379652,0.377056,0.511158,0.511668,1.843375,1.840596,0.034402
pi05_sp_50,code,r6c_cal_pi05_spatial_50:eval:3:0,3,8,0.389537,0.38679,0.526624,0.527659,1.768928,1.766241,0.034627
pi05_sp_50,code,r6c_cal_pi05_spatial_50:eval:3:0,3,10,0.308973,0.306553,0.422475,0.430409,1.757801,1.755039,0.033959
pi05_sp_50,code,r6c_cal_pi05_spatial_50:eval:3:0,3,12,0.368227,0.365488,0.520542,0.521537,1.760686,1.757882,0.044248
pi05_sp_50,code,r6c_cal_pi05_spatial_50:eval:3:0,3,14,0.383244,0.380495,0.523472,0.524374,1.934594,1.931768,0.048387
pi05_sp_50,code,r6c_cal_pi05_spatial_50:eval:3:0,3,16,0.368127,0.36547,0.497751,0.498366,1.794017,1.791241,0.034227
pi05_sp_50,code,r6c_cal_pi05_spatial_50:eval:4:11,4,0,0.036767,0.034902,0.150831,0.151528,1.249678,1.246781,0.034698
pi05_sp_50,code,r6c_cal_pi05_spatial_50:eval:4:11,4,2,0.05773,0.055974,0.304695,0.310658,1.611249,1.598854,0.0334
pi05_sp_50,code,r6c_cal_pi05_spatial_50:eval:4:11,4,4,0.699917,0.69708,0.834941,0.832149,2.202329,2.196086,0.033393
pi05_sp_50,code,r6c_cal_pi05_spatial_50:eval:4:11,4,6,0.399859,0.39717,0.54089,0.541605,1.817306,1.814277,0.047208
pi05_sp_50,code,r6c_cal_pi05_spatial_50:eval:4:11,4,8,0.455627,0.452642,0.592075,0.592589,1.877468,1.874712,0.034607
pi05_sp_50,code,r6c_cal_pi05_spatial_50:eval:4:11,4,10,0.411546,0.408897,0.535086,0.535648,1.897004,1.894144,0.032408
pi05_sp_50,code,r6c_cal_pi05_spatial_50:eval:4:11,4,12,0.430915,0.427848,0.558245,0.558957,1.879226,1.876601,0.034231
pi05_sp_50,code,r6c_cal_pi05_spatial_50:eval:4:11,4,14,0.381845,0.379127,0.509687,0.510306,1.878424,1.875781,0.031375
pi05_sp_50,code,r6c_cal_pi05_spatial_50:eval:4:11,4,16,0.396042,0.393148,0.514197,0.514834,1.827737,1.825182,0.03493
pi05_sp_50,code,r6c_cal_pi05_spatial_50:eval:4:11,4,18,0.400899,0.398118,0.528906,0.526892,1.926083,1.920807,0.029107
pi05_sp_50,code,r6c_cal_pi05_spatial_50:eval:4:11,4,20,0.440117,0.437375,0.571393,0.572296,1.848134,1.845278,0.034433
pi05_sp_50,code,r6c_cal_pi05_spatial_50:eval:4:11,4,22,0.414754,0.41217,0.557134,0.542274,1.837688,1.835111,0.048086
pi05_sp_50,code,r6c_cal_pi05_spatial_50:eval:4:11,4,24,0.451378,0.448578,0.578671,0.57945,1.921624,1.918881,0.033827
pi05_sp_50,code,r6c_cal_pi05_spatial_50:eval:4:11,4,25,0.414918,0.41221,0.54725,0.548122,1.846645,1.843799,0.034692
pi05_sp_50,code,r6c_cal_pi05_spatial_50:eval:4:11,4,27,0.400084,0.39734,0.532657,0.533757,1.847481,1.844749,0.035089
pi05_sp_50,code,r6c_cal_pi05_spatial_50:eval:4:11,4,29,0.381466,0.378667,0.550123,0.550991,1.871923,1.869107,0.034765
pi05_sp_50,code,r6c_cal_pi05_spatial_50:eval:4:11,4,31,0.405588,0.402927,0.537378,0.538394,2.065024,2.062142,0.034676
pi05_sp_50,code,r6c_cal_pi05_spatial_50:eval:4:11,4,33,0.458845,0.456085,0.596116,0.597207,2.010916,2.008177,0.043866
pi05_sp_50,code,r6c_cal_pi05_spatial_50:eval:4:11,4,35,0.418158,0.415344,0.559828,0.560209,2.076625,2.073697,0.034918
pi05_sp_50,code,r6c_cal_pi05_spatial_50:eval:4:11,4,37,0.388519,0.385821,0.53687,0.53727,1.950629,1.947852,0.034338
pi05_sp_50,code,r6c_cal_pi05_spatial_50:eval:4:11,4,39,0.420654,0.412752,0.562193,0.563031,1.869093,1.866419,0.045023
pi05_sp_50,code,r6c_cal_pi05_spatial_50:eval:4:11,4,41,0.404008,0.401107,0.538353,0.539002,1.909136,1.906274,0.033394
pi05_sp_50,code,r6c_cal_pi05_spatial_50:eval:4:11,4,43,0.42968,0.426861,0.564776,0.568481,1.937388,1.934719,0.034674
pi05_sp_50,code,r6c_cal_pi05_spatial_50:eval:5:9,5,0,0.037795,0.035856,0.150923,0.151465,1.346166,1.34343,0.031072
pi05_sp_50,code,r6c_cal_pi05_spatial_50:eval:5:9,5,2,0.037631,0.035693,0.152893,0.153575,1.479632,1.476826,0.033696
pi05_sp_50,code,r6c_cal_pi05_spatial_50:eval:5:9,5,4,0.66205,0.659164,0.793527,0.794281,2.058623,2.055882,0.034288
pi05_sp_50,code,r6c_cal_pi05_spatial_50:eval:5:9,5,6,0.403962,0.400948,0.535133,0.535633,1.82598,1.823109,0.03484
pi05_sp_50,code,r6c_cal_pi05_spatial_50:eval:5:9,5,8,0.45729,0.454401,0.595693,0.620783,1.949188,1.94639,0.034184
pi05_sp_50,code,r6c_cal_pi05_spatial_50:eval:5:9,5,10,0.410205,0.40742,0.53556,0.536233,1.811514,1.80876,0.029994
pi05_sp_50,code,r6c_cal_pi05_spatial_50:eval:5:9,5,12,0.393676,0.39077,0.549191,0.549422,1.873281,1.870456,0.032522
pi05_sp_50,code,r6c_cal_pi05_spatial_50:eval:5:9,5,14,0.379624,0.376898,0.505964,0.506741,1.864429,1.861686,0.034826
pi05_sp_50,code,r6c_cal_pi05_spatial_50:eval:5:9,5,16,0.391889,0.389232,0.53247,0.533277,1.869652,1.866893,0.048841
pi05_sp_50,code,r6c_cal_pi05_spatial_50:eval:5:9,5,18,0.502603,0.499611,0.634522,0.635464,1.931208,1.928464,0.034055
pi05_sp_50,code,r6c_cal_pi05_spatial_50:eval:5:9,5,20,0.336871,0.334168,0.504404,0.504973,1.806366,1.803282,0.043586
pi05_sp_50,code,r6c_cal_pi05_spatial_50:eval:5:9,5,22,0.457481,0.454795,0.597961,0.600585,1.968328,1.96558,0.035028
pi05_sp_50,code,r6c_cal_pi05_spatial_50:eval:5:9,5,24,0.380205,0.377336,0.511,0.51182,1.779614,1.776873,0.034166
pi05_sp_50,code,r6c_cal_pi05_spatial_50:eval:5:9,5,26,0.369153,0.366256,0.493501,0.494048,1.771232,1.768357,0.034019
pi05_sp_50,code,r6c_cal_pi05_spatial_50:eval:5:9,5,28,0.404058,0.401264,0.533291,0.533507,1.896776,1.894017,0.033835
pi05_sp_50,code,r6c_cal_pi05_spatial_50:eval:5:9,5,30,0.35025,0.347596,0.465778,0.476944,1.865136,1.862419,0.034239
pi05_sp_50,code,r6c_cal_pi05_spatial_50:eval:5:9,5,32,0.394822,0.392186,0.58733,0.587904,1.934413,1.931619,0.052161
pi05_sp_50,code,r6c_cal_pi05_spatial_50:eval:5:9,5,34,0.397212,0.394498,0.51405,0.514814,1.810701,1.808228,0.034522
pi05_sp_50,code,r6c_cal_pi05_spatial_50:eval:5:9,5,36,0.367704,0.364905,0.51586,0.516535,1.826304,1.823339,0.035696
pi05_sp_50,code,r6c_cal_pi05_spatial_50:eval:5:9,5,38,0.380856,0.378109,0.519118,0.53058,1.882787,1.880099,0.033876
pi05_sp_50,code,r6c_cal_pi05_spatial_50:eval:6:9,6,0,0.038062,0.036202,0.153714,0.154138,1.270507,1.267451,0.035658
pi05_sp_50,code,r6c_cal_pi05_spatial_50:eval:6:9,6,2,0.036914,0.03505,0.184894,0.191403,1.487829,1.485164,0.068927
pi05_sp_50,code,r6c_cal_pi05_spatial_50:eval:6:9,6,4,0.734623,0.731507,0.91649,0.932341,2.230475,2.227329,0.034029
pi05_sp_50,code,r6c_cal_pi05_spatial_50:eval:6:9,6,6,0.393396,0.39054,0.521091,0.521313,1.808884,1.806026,0.034245
pi05_sp_50,code,r6c_cal_pi05_spatial_50:eval:6:9,6,8,0.379264,0.376416,0.522737,0.523121,1.802233,1.79939,0.034682
pi05_sp_50,code,r6c_cal_pi05_spatial_50:eval:6:9,6,10,0.403762,0.401,0.558551,0.559228,1.822823,1.820046,0.03421
pi05_sp_50,code,r6c_cal_pi05_spatial_50:eval:6:9,6,12,0.397727,0.394843,0.528906,0.52932,1.821952,1.818912,0.034727
pi05_sp_50,code,r6c_cal_pi05_spatial_50:eval:6:9,6,14,0.386394,0.38356,0.512085,0.513065,1.827126,1.824398,0.034208
pi05_sp_50,code,r6c_cal_pi05_spatial_50:eval:6:9,6,16,0.45152,0.448883,0.594504,0.595271,1.915089,1.912144,0.034229
pi05_sp_50,code,r6c_cal_pi05_spatial_50:eval:6:9,6,18,0.377337,0.374566,0.518429,0.525066,1.830593,1.827752,0.033893
pi05_sp_50,code,r6c_cal_pi05_spatial_50:eval:6:9,6,20,0.405447,0.389281,0.548071,0.548333,1.859773,1.856907,0.033996
pi05_sp_50,code,r6c_cal_pi05_spatial_50:eval:6:9,6,22,0.405522,0.402848,0.537296,0.537932,1.806541,1.803628,0.034522
pi05_sp_50,code,r6c_cal_pi05_spatial_50:eval:6:9,6,24,0.37449,0.37175,0.517246,0.52325,1.838971,1.832721,0.04308
pi05_sp_50,code,r6c_cal_pi05_spatial_50:eval:6:9,6,26,0.396607,0.393967,0.528551,0.529064,1.846839,1.844174,0.039029
pi05_sp_50,code,r6c_cal_pi05_spatial_50:eval:6:9,6,27,0.375408,0.372529,0.506255,0.506745,1.793491,1.790816,0.03453
pi05_sp_50,code,r6c_cal_pi05_spatial_50:eval:6:9,6,29,0.386417,0.383729,0.517991,0.518768,1.820454,1.81765,0.034487
pi05_sp_50,code,r6c_cal_pi05_spatial_50:eval:6:9,6,31,0.397488,0.394783,0.5387,0.539083,1.807255,1.80447,0.034033
pi05_sp_50,code,r6c_cal_pi05_spatial_50:eval:6:9,6,32,0.410367,0.407565,0.54122,0.542225,1.887473,1.884873,0.034576
pi05_sp_50,code,r6c_cal_pi05_spatial_50:eval:6:9,6,34,0.401647,0.398956,0.53478,0.55331,1.903336,1.900549,0.034518
pi05_sp_50,code,r6c_cal_pi05_spatial_50:eval:6:9,6,36,0.370962,0.368158,0.512054,0.512469,1.873103,1.870399,0.048407
pi05_sp_50,code,r6c_cal_pi05_spatial_50:eval:6:9,6,37,0.393197,0.390458,0.524097,0.524547,1.967926,1.965151,0.034573
pi05_sp_50,code,r6c_cal_pi05_spatial_50:eval:6:9,6,39,0.363883,0.36132,0.500895,0.501653,1.778794,1.775877,0.034357
pi05_sp_50,code,r6c_cal_pi05_spatial_50:eval:6:9,6,41,0.385293,0.382559,0.538201,0.538795,1.818831,1.815959,0.034368
pi05_sp_50,code,r6c_cal_pi05_spatial_50:eval:6:9,6,43,0.403632,0.400912,0.599458,0.600159,1.99063,1.987813,0.034403
pi05_sp_50,code,r6c_cal_pi05_spatial_50:eval:7:0,7,0,0.037631,0.035654,0.156105,0.156695,1.319087,1.316296,0.036104
pi05_sp_50,code,r6c_cal_pi05_spatial_50:eval:7:0,7,2,0.03722,0.035279,0.174524,0.175197,1.53756,1.5349,0.044315
pi05_sp_50,code,r6c_cal_pi05_spatial_50:eval:7:0,7,4,0.723017,0.720165,0.852273,0.852969,2.103377,2.100672,0.033666
pi05_sp_50,code,r6c_cal_pi05_spatial_50:eval:7:0,7,6,0.396079,0.393428,0.521384,0.522197,1.799894,1.797132,0.033876
pi05_sp_50,code,r6c_cal_pi05_spatial_50:eval:7:0,7,8,0.380148,0.377433,0.535822,0.536129,1.81931,1.816425,0.048094
pi05_sp_50,code,r6c_cal_pi05_spatial_50:eval:7:0,7,10,0.413478,0.410615,0.538799,0.539173,1.830383,1.827388,0.033826
pi05_sp_50,code,r6c_cal_pi05_spatial_50:eval:7:0,7,12,0.424894,0.42211,0.549126,0.56038,1.862625,1.859819,0.034019
pi05_sp_50,code,r6c_cal_pi05_spatial_50:eval:7:0,7,14,0.398695,0.39584,0.528245,0.528729,1.860669,1.857834,0.034716
pi05_sp_50,code,r6c_cal_pi05_spatial_50:eval:7:0,7,16,0.388092,0.385238,0.507012,0.507412,1.790239,1.787506,0.034084
pi05_sp_50,code,r6c_cal_pi05_spatial_50:eval:7:0,7,17,0.400497,0.397837,0.553581,0.553704,1.959977,1.957205,0.057405
pi05_sp_50,code,r6c_cal_pi05_spatial_50:eval:7:0,7,19,0.38991,0.387253,0.521237,0.521674,1.88043,1.877772,0.033813
pi05_sp_50,code,r6c_cal_pi05_spatial_50:eval:7:0,7,21,0.387666,0.385072,0.513453,0.51401,1.858239,1.85554,0.034153
pi05_sp_50,code,r6c_cal_pi05_spatial_50:eval:7:0,7,23,0.395844,0.392856,0.536018,0.536718,1.952683,1.95,0.048911
pi05_sp_50,code,r6c_cal_pi05_spatial_50:eval:8:9,8,0,0.038403,0.036499,0.171974,0.172309,1.29149,1.28851,0.035832
pi05_sp_50,code,r6c_cal_pi05_spatial_50:eval:8:9,8,2,0.037514,0.035694,0.154515,0.155064,1.415692,1.412996,0.033752
pi05_sp_50,code,r6c_cal_pi05_spatial_50:eval:8:9,8,4,0.682422,0.67964,0.808047,0.808263,2.065703,2.062893,0.033362
pi05_sp_50,code,r6c_cal_pi05_spatial_50:eval:8:9,8,6,0.378794,0.37608,0.536917,0.537262,1.981646,1.978717,0.034031
pi05_sp_50,code,r6c_cal_pi05_spatial_50:eval:8:9,8,8,0.367427,0.364852,0.480474,0.481193,1.839637,1.836942,0.033934
pi05_sp_50,code,r6c_cal_pi05_spatial_50:eval:8:9,8,10,0.378424,0.375681,0.507719,0.50833,1.910594,1.907913,0.029549
pi05_sp_50,code,r6c_cal_pi05_spatial_50:eval:8:9,8,12,0.389156,0.376964,0.523266,0.523666,1.855128,1.852375,0.033463
pi05_sp_50,code,r6c_cal_pi05_spatial_50:eval:8:9,8,14,0.377527,0.374806,0.501273,0.501808,1.950807,1.94811,0.0326
pi05_sp_50,code,r6c_cal_pi05_spatial_50:eval:8:9,8,16,0.384167,0.381343,0.514327,0.514855,1.80532,1.802439,0.034474
pi05_sp_50,code,r6c_cal_pi05_spatial_50:eval:8:9,8,18,0.385538,0.382764,0.529295,0.529939,1.783158,1.780417,0.047127
pi05_sp_50,code,r6c_cal_pi05_spatial_50:eval:9:2,9,0,0.050277,0.048477,0.227311,0.227818,1.417103,1.413976,0.059515
pi05_sp_50,code,r6c_cal_pi05_spatial_50:eval:9:2,9,2,0.03752,0.035511,0.148526,0.148923,1.501358,1.498674,0.031671
pi05_sp_50,code,r6c_cal_pi05_spatial_50:eval:9:2,9,4,0.68983,0.686953,0.819653,0.820129,2.073178,2.070273,0.034048
pi05_sp_50,code,r6c_cal_pi05_spatial_50:eval:9:2,9,6,0.407253,0.404372,0.537082,0.53743,1.785202,1.782222,0.03426
pi05_sp_50,code,r6c_cal_pi05_spatial_50:eval:9:2,9,8,0.403852,0.401154,0.533674,0.534476,1.893254,1.890573,0.034244
pi05_sp_50,code,r6c_cal_pi05_spatial_50:eval:9:2,9,10,0.43111,0.428446,0.559487,0.55975,1.821744,1.818842,0.033383
pi05_sp_50,code,r6c_cal_pi05_spatial_50:eval:9:2,9,12,0.356585,0.354261,0.51652,0.517253,1.755096,1.752201,0.036336
pi05_sp_50,code,r6c_cal_pi05_spatial_50:eval:9:2,9,14,0.415336,0.412532,0.541894,0.542622,2.141768,2.139035,0.034473
pi05_sp_50,code,r6c_cal_pi05_spatial_50:eval:9:2,9,16,0.454131,0.451419,0.579321,0.586412,2.010692,2.007864,0.034475
pi05_sp_50,code,r6c_cal_pi05_spatial_50:eval:9:2,9,18,0.388274,0.385262,0.516894,0.517673,1.802719,1.800091,0.033624
pi05_sp_50,code,r6c_cal_pi05_spatial_50:eval:9:2,9,20,0.405535,0.402688,0.531197,0.531536,1.824614,1.821722,0.03383
pi05_sp_50,code,r6c_cal_pi05_spatial_50:eval:9:2,9,22,0.444095,0.441402,0.582737,0.583343,2.02083,2.0181,0.034589
pi05_sp_50,code,r6c_cal_pi05_spatial_50:eval:9:2,9,24,0.403636,0.400892,0.536116,0.536704,1.839587,1.836724,0.035325
pi05_sp_500,raw,r6c_cal_pi05_spatial_500:eval:0:9,0,0,2.196879,2.193772,2.390026,2.373865,4.942945,4.923596,0.0
pi05_sp_500,raw,r6c_cal_pi05_spatial_500:eval:0:9,0,2,1.393175,1.390757,1.499652,1.505351,3.246376,3.243389,0.0
pi05_sp_500,raw,r6c_cal_pi05_spatial_500:eval:0:9,0,4,2.671529,2.668183,2.810899,2.811391,4.632425,4.629465,0.0
pi05_sp_500,raw,r6c_cal_pi05_spatial_500:eval:0:9,0,6,1.569714,1.56661,1.689313,1.689702,3.347001,3.343996,0.0
pi05_sp_500,raw,r6c_cal_pi05_spatial_500:eval:0:9,0,8,1.477176,1.474003,1.576166,1.576533,3.230698,3.227949,0.0
pi05_sp_500,raw,r6c_cal_pi05_spatial_500:eval:0:9,0,10,1.559084,1.556067,1.65032,1.650514,3.302548,3.299644,0.0
pi05_sp_500,raw,r6c_cal_pi05_spatial_500:eval:0:9,0,11,1.583209,1.580217,1.666323,1.66677,3.197501,3.194939,0.0
pi05_sp_500,raw,r6c_cal_pi05_spatial_500:eval:0:9,0,13,1.596994,1.593905,1.686926,1.687198,3.343995,3.341127,0.0
pi05_sp_500,raw,r6c_cal_pi05_spatial_500:eval:0:9,0,15,1.640472,1.637698,1.750928,1.751309,3.320916,3.318057,0.0
pi05_sp_500,raw,r6c_cal_pi05_spatial_500:eval:0:9,0,17,1.619031,1.61603,1.712348,1.712783,3.509429,3.506511,0.0
pi05_sp_500,raw,r6c_cal_pi05_spatial_500:eval:0:9,0,18,1.573234,1.570152,1.685719,1.686262,3.283911,3.281107,0.0
pi05_sp_500,raw,r6c_cal_pi05_spatial_500:eval:0:9,0,20,1.776255,1.773079,1.896664,1.897135,3.723558,3.720749,0.0
pi05_sp_500,raw,r6c_cal_pi05_spatial_500:eval:0:9,0,22,1.66416,1.661199,1.757752,1.757985,3.308489,3.305308,0.0
pi05_sp_500,raw,r6c_cal_pi05_spatial_500:eval:0:9,0,24,1.567503,1.564554,1.698151,1.698215,3.211628,3.20856,0.0
pi05_sp_500,raw,r6c_cal_pi05_spatial_500:eval:0:9,0,26,1.666227,1.648806,1.78476,1.78512,3.272846,3.269822,0.0
pi05_sp_500,raw,r6c_cal_pi05_spatial_500:eval:0:9,0,28,1.672275,1.669356,1.766057,1.766496,3.270402,3.267488,0.0
pi05_sp_500,raw,r6c_cal_pi05_spatial_500:eval:0:9,0,30,1.62289,1.619832,1.728339,1.728732,3.222302,3.219307,0.0
pi05_sp_500,raw,r6c_cal_pi05_spatial_500:eval:0:9,0,32,1.593367,1.590067,1.699017,1.699328,3.31546,3.312538,0.0
pi05_sp_500,raw,r6c_cal_pi05_spatial_500:eval:0:9,0,34,1.621199,1.618297,1.722353,1.72291,3.316626,3.313861,0.0
pi05_sp_500,raw,r6c_cal_pi05_spatial_500:eval:0:9,0,36,1.572144,1.569197,1.664869,1.664973,3.350377,3.347314,0.0
pi05_sp_500,raw,r6c_cal_pi05_spatial_500:eval:0:9,0,38,1.340772,1.337691,1.434727,1.435301,3.074375,3.071594,0.0
pi05_sp_500,raw,r6c_cal_pi05_spatial_500:eval:0:9,0,40,1.431192,1.428206,1.5291,1.529612,3.103893,3.101104,0.0
pi05_sp_500,raw,r6c_cal_pi05_spatial_500:eval:0:9,0,42,1.417513,1.414211,1.508662,1.509038,3.022297,3.01947,0.0
pi05_sp_500,raw,r6c_cal_pi05_spatial_500:eval:1:6,1,0,0.822369,0.819841,0.903975,0.903923,2.272918,2.269744,0.0
pi05_sp_500,raw,r6c_cal_pi05_spatial_500:eval:1:6,1,2,0.938121,0.935579,1.013169,1.013602,2.601753,2.598866,0.0
pi05_sp_500,raw,r6c_cal_pi05_spatial_500:eval:1:6,1,4,3.223783,3.220684,3.320117,3.320289,5.231077,5.228046,0.0
pi05_sp_500,raw,r6c_cal_pi05_spatial_500:eval:1:6,1,6,1.7247,1.721576,1.821136,1.821532,3.51518,3.512289,0.0
pi05_sp_500,raw,r6c_cal_pi05_spatial_500:eval:1:6,1,8,1.524301,1.52151,1.618157,1.618548,3.113111,3.110231,0.0
pi05_sp_500,raw,r6c_cal_pi05_spatial_500:eval:1:6,1,10,1.683886,1.680787,1.789169,1.789498,3.362425,3.359454,0.0
pi05_sp_500,raw,r6c_cal_pi05_spatial_500:eval:1:6,1,12,1.631602,1.628503,1.729266,1.73003,3.280333,3.277549,0.0
pi05_sp_500,raw,r6c_cal_pi05_spatial_500:eval:1:6,1,14,1.772496,1.76946,1.866805,1.867185,3.759352,3.75649,0.0
pi05_sp_500,raw,r6c_cal_pi05_spatial_500:eval:1:6,1,16,1.899488,1.896589,1.991969,1.99236,3.662471,3.659672,0.0
pi05_sp_500,raw,r6c_cal_pi05_spatial_500:eval:1:6,1,18,1.660499,1.657404,1.753188,1.75369,3.237424,3.234639,0.0
pi05_sp_500,raw,r6c_cal_pi05_spatial_500:eval:1:6,1,20,1.745319,1.742422,1.834657,1.834993,3.310959,3.308021,0.0
pi05_sp_500,raw,r6c_cal_pi05_spatial_500:eval:2:5,2,0,1.005516,1.002884,1.078519,1.078505,2.511297,2.508356,0.0
pi05_sp_500,raw,r6c_cal_pi05_spatial_500:eval:2:5,2,2,0.934565,0.932047,1.01348,1.013746,2.665875,2.662955,0.0
pi05_sp_500,raw,r6c_cal_pi05_spatial_500:eval:2:5,2,4,2.737556,2.734438,2.841938,2.842619,4.686312,4.683617,0.0
pi05_sp_500,raw,r6c_cal_pi05_spatial_500:eval:2:5,2,6,1.764233,1.761544,1.856071,1.856218,3.427509,3.424741,0.0
pi05_sp_500,raw,r6c_cal_pi05_spatial_500:eval:2:5,2,8,1.594832,1.591806,1.684854,1.685147,3.35064,3.347807,0.0
pi05_sp_500,raw,r6c_cal_pi05_spatial_500:eval:2:5,2,10,1.564533,1.561716,1.661236,1.661873,3.177978,3.175176,0.0
pi05_sp_500,raw,r6c_cal_pi05_spatial_500:eval:2:5,2,12,1.522341,1.511886,1.660425,1.660754,3.163523,3.160594,0.0
pi05_sp_500,raw,r6c_cal_pi05_spatial_500:eval:2:5,2,14,1.448917,1.44589,1.558299,1.550728,3.023164,3.012574,0.0
pi05_sp_500,raw,r6c_cal_pi05_spatial_500:eval:2:5,2,16,1.450181,1.447137,1.547634,1.548142,3.140086,3.137352,0.0
pi05_sp_500,raw,r6c_cal_pi05_spatial_500:eval:2:5,2,18,1.578403,1.575542,1.679548,1.680188,3.156656,3.153772,0.0
pi05_sp_500,raw,r6c_cal_pi05_spatial_500:eval:3:0,3,0,0.892726,0.890249,0.969391,0.969353,2.344494,2.341447,0.0
pi05_sp_500,raw,r6c_cal_pi05_spatial_500:eval:3:0,3,2,0.837327,0.834715,0.911094,0.910853,2.296375,2.293288,0.0
pi05_sp_500,raw,r6c_cal_pi05_spatial_500:eval:3:0,3,4,2.695806,2.692767,2.801535,2.801992,4.327856,4.324995,0.0
pi05_sp_500,raw,r6c_cal_pi05_spatial_500:eval:3:0,3,6,1.535463,1.532433,1.660216,1.660654,3.286095,3.283258,0.0
pi05_sp_500,raw,r6c_cal_pi05_spatial_500:eval:3:0,3,8,1.5777,1.574472,1.671679,1.672116,3.109189,3.106385,0.0
pi05_sp_500,raw,r6c_cal_pi05_spatial_500:eval:3:0,3,10,1.50288,1.499886,1.596696,1.610028,3.104685,3.10186,0.0
pi05_sp_500,raw,r6c_cal_pi05_spatial_500:eval:3:0,3,12,1.43049,1.427513,1.516973,1.517405,2.943579,2.940636,0.0
pi05_sp_500,raw,r6c_cal_pi05_spatial_500:eval:3:0,3,14,1.361119,1.358051,1.447503,1.447955,2.72804,2.725237,0.0
pi05_sp_500,raw,r6c_cal_pi05_spatial_500:eval:3:0,3,16,1.274005,1.270737,1.354691,1.355337,2.610631,2.608043,0.0
pi05_sp_500,raw,r6c_cal_pi05_spatial_500:eval:3:0,3,18,1.33408,1.331242,1.427352,1.428062,2.941291,2.938725,0.0
pi05_sp_500,raw,r6c_cal_pi05_spatial_500:eval:4:11,4,0,0.915709,0.913068,0.986965,0.994015,2.387158,2.384308,0.0
pi05_sp_500,raw,r6c_cal_pi05_spatial_500:eval:4:11,4,2,0.816179,0.813921,0.927795,0.933243,2.209791,2.207016,0.0
pi05_sp_500,raw,r6c_cal_pi05_spatial_500:eval:4:11,4,4,2.968179,2.964603,3.087276,3.087899,4.795739,4.79303,0.0
pi05_sp_500,raw,r6c_cal_pi05_spatial_500:eval:4:11,4,6,1.846464,1.843431,1.940808,1.941204,3.430829,3.428031,0.0
pi05_sp_500,raw,r6c_cal_pi05_spatial_500:eval:4:11,4,8,1.622675,1.61991,1.707759,1.707996,3.184243,3.181563,0.0
pi05_sp_500,raw,r6c_cal_pi05_spatial_500:eval:4:11,4,10,1.529202,1.523283,1.620677,1.620623,3.057358,3.054287,0.0
pi05_sp_500,raw,r6c_cal_pi05_spatial_500:eval:4:11,4,12,1.653247,1.650253,1.747435,1.747817,3.317712,3.314947,0.0
pi05_sp_500,raw,r6c_cal_pi05_spatial_500:eval:4:11,4,14,1.572003,1.569048,1.650543,1.651259,3.085573,3.083174,0.0
pi05_sp_500,raw,r6c_cal_pi05_spatial_500:eval:4:11,4,16,1.610933,1.608161,1.731385,1.731896,3.25983,3.257088,0.0
pi05_sp_500,raw,r6c_cal_pi05_spatial_500:eval:4:11,4,18,1.776512,1.773462,1.858026,1.858429,3.508762,3.506037,0.0
pi05_sp_500,raw,r6c_cal_pi05_spatial_500:eval:4:11,4,20,1.564574,1.561674,1.701242,1.712634,3.40001,3.39725,0.0
pi05_sp_500,raw,r6c_cal_pi05_spatial_500:eval:4:11,4,22,1.655569,1.652443,1.778672,1.778827,3.296642,3.293728,0.0
pi05_sp_500,raw,r6c_cal_pi05_spatial_500:eval:4:11,4,24,1.666264,1.663343,1.764233,1.76485,3.302906,3.300204,0.0
pi05_sp_500,raw,r6c_cal_pi05_spatial_500:eval:5:9,5,0,1.063618,1.060888,1.136611,1.136686,2.618027,2.615044,0.0
pi05_sp_500,raw,r6c_cal_pi05_spatial_500:eval:5:9,5,2,0.891662,0.889068,0.970275,0.970252,2.645142,2.642161,0.0
pi05_sp_500,raw,r6c_cal_pi05_spatial_500:eval:5:9,5,4,2.592589,2.589019,2.685992,2.686307,4.614977,4.611897,0.0
pi05_sp_500,raw,r6c_cal_pi05_spatial_500:eval:5:9,5,6,1.77758,1.774909,1.878586,1.879198,3.460586,3.457933,0.0
pi05_sp_500,raw,r6c_cal_pi05_spatial_500:eval:5:9,5,8,1.437738,1.434821,1.528682,1.529262,2.971976,2.969082,0.0
pi05_sp_500,raw,r6c_cal_pi05_spatial_500:eval:5:9,5,10,1.404207,1.401379,1.519399,1.519446,2.92128,2.918188,0.0
pi05_sp_500,raw,r6c_cal_pi05_spatial_500:eval:5:9,5,12,1.609059,1.606021,1.711242,1.711698,3.145271,3.142299,0.0
pi05_sp_500,raw,r6c_cal_pi05_spatial_500:eval:5:9,5,14,1.385749,1.382975,1.523076,1.523562,2.834201,2.831329,0.0
pi05_sp_500,raw,r6c_cal_pi05_spatial_500:eval:5:9,5,16,1.495997,1.493126,1.602874,1.603428,3.231071,3.228279,0.0
pi05_sp_500,raw,r6c_cal_pi05_spatial_500:eval:5:9,5,17,2.029445,2.026445,2.11061,2.110836,4.000186,3.997463,0.0
pi05_sp_500,raw,r6c_cal_pi05_spatial_500:eval:5:9,5,19,1.590619,1.587736,1.690976,1.673977,3.095018,3.075038,0.0
pi05_sp_500,raw,r6c_cal_pi05_spatial_500:eval:5:9,5,21,1.376415,1.373176,1.448753,1.44916,2.744335,2.741857,0.0
pi05_sp_500,raw,r6c_cal_pi05_spatial_500:eval:5:9,5,23,1.36055,1.357626,1.453767,1.454433,2.993691,2.991099,0.0
pi05_sp_500,raw,r6c_cal_pi05_spatial_500:eval:5:9,5,25,1.495573,1.49238,1.588023,1.588292,2.953933,2.950956,0.0
pi05_sp_500,raw,r6c_cal_pi05_spatial_500:eval:5:9,5,27,1.226354,1.223101,1.31435,1.314949,2.665503,2.662577,0.0
pi05_sp_500,raw,r6c_cal_pi05_spatial_500:eval:5:9,5,29,1.466538,1.463473,1.563338,1.563549,3.165485,3.162363,0.0
pi05_sp_500,raw,r6c_cal_pi05_spatial_500:eval:5:9,5,31,1.557237,1.554199,1.63343,1.633864,3.065398,3.062683,0.0
pi05_sp_500,raw,r6c_cal_pi05_spatial_500:eval:5:9,5,33,1.383832,1.380657,1.480159,1.480348,2.869024,2.866183,0.0
pi05_sp_500,raw,r6c_cal_pi05_spatial_500:eval:5:9,5,35,1.262139,1.259309,1.351903,1.352628,2.636769,2.634116,0.0
pi05_sp_500,raw,r6c_cal_pi05_spatial_500:eval:5:9,5,37,1.208078,1.205047,1.305376,1.305539,2.610104,2.607218,0.0
pi05_sp_500,raw,r6c_cal_pi05_spatial_500:eval:5:9,5,39,1.444511,1.441455,1.538258,1.53827,3.000913,2.997857,0.0
pi05_sp_500,raw,r6c_cal_pi05_spatial_500:eval:5:9,5,41,1.347653,1.344391,1.435692,1.435914,2.85727,2.854309,0.0
pi05_sp_500,raw,r6c_cal_pi05_spatial_500:eval:5:9,5,43,1.574004,1.570564,1.67035,1.670663,3.180639,3.177722,0.0
pi05_sp_500,raw,r6c_cal_pi05_spatial_500:eval:6:9,6,0,1.058512,1.055674,1.120947,1.120803,2.350248,2.347328,0.0
pi05_sp_500,raw,r6c_cal_pi05_spatial_500:eval:6:9,6,2,0.821859,0.819664,0.894182,0.894493,2.21578,2.213256,0.0
pi05_sp_500,raw,r6c_cal_pi05_spatial_500:eval:6:9,6,4,2.426763,2.423516,2.511299,2.511779,3.806426,3.803753,0.0
pi05_sp_500,raw,r6c_cal_pi05_spatial_500:eval:6:9,6,6,1.366677,1.352503,1.44044,1.440894,2.751581,2.749024,0.0
pi05_sp_500,raw,r6c_cal_pi05_spatial_500:eval:6:9,6,8,1.570927,1.555445,1.69798,1.697968,3.222446,3.219558,0.0
pi05_sp_500,raw,r6c_cal_pi05_spatial_500:eval:6:9,6,10,1.290771,1.287609,1.364154,1.364743,2.680039,2.677439,0.0
pi05_sp_500,raw,r6c_cal_pi05_spatial_500:eval:6:9,6,12,1.357991,1.34296,1.452887,1.453722,2.994495,2.991812,0.0
pi05_sp_500,raw,r6c_cal_pi05_spatial_500:eval:6:9,6,14,1.585393,1.582446,1.698992,1.698726,3.181834,3.178764,0.0
pi05_sp_500,raw,r6c_cal_pi05_spatial_500:eval:6:9,6,16,1.428871,1.425662,1.540267,1.540358,2.8954,2.892335,0.0
pi05_sp_500,raw,r6c_cal_pi05_spatial_500:eval:6:9,6,18,1.273457,1.270334,1.36061,1.361161,2.659627,2.65693,0.0
pi05_sp_500,raw,r6c_cal_pi05_spatial_500:eval:6:9,6,20,1.331756,1.328932,1.421274,1.421968,2.653265,2.650436,0.0
pi05_sp_500,raw,r6c_cal_pi05_spatial_500:eval:7:0,7,0,0.866136,0.855634,0.9383,0.938424,2.297054,2.294058,0.0
pi05_sp_500,raw,r6c_cal_pi05_spatial_500:eval:7:0,7,2,0.940165,0.93687,1.021404,1.021972,2.592793,2.589832,0.0
pi05_sp_500,raw,r6c_cal_pi05_spatial_500:eval:7:0,7,4,2.773104,2.769965,2.875181,2.87562,4.601148,4.598328,0.0
pi05_sp_500,raw,r6c_cal_pi05_spatial_500:eval:7:0,7,6,1.667208,1.664115,1.75845,1.758721,3.456523,3.453605,0.0
pi05_sp_500,raw,r6c_cal_pi05_spatial_500:eval:7:0,7,8,1.532528,1.529502,1.623395,1.623857,3.037744,3.034874,0.0
pi05_sp_500,raw,r6c_cal_pi05_spatial_500:eval:7:0,7,10,1.359436,1.356271,1.454956,1.455113,2.763524,2.76042,0.0
pi05_sp_500,raw,r6c_cal_pi05_spatial_500:eval:7:0,7,12,1.391168,1.3884,1.521869,1.522352,2.813886,2.810867,0.0
pi05_sp_500,raw,r6c_cal_pi05_spatial_500:eval:7:0,7,14,1.61153,1.608501,1.704095,1.704321,3.15958,3.15665,0.0
pi05_sp_500,raw,r6c_cal_pi05_spatial_500:eval:7:0,7,16,1.425579,1.422539,1.513304,1.513718,2.859816,2.856949,0.0
pi05_sp_500,raw,r6c_cal_pi05_spatial_500:eval:7:0,7,18,1.471077,1.468228,1.562678,1.562931,2.972092,2.969102,0.0
pi05_sp_500,raw,r6c_cal_pi05_spatial_500:eval:7:0,7,20,1.642009,1.639034,1.740628,1.741157,3.334199,3.331658,0.0
pi05_sp_500,raw,r6c_cal_pi05_spatial_500:eval:7:0,7,22,1.526068,1.523222,1.624269,1.623856,2.954239,2.950964,0.0
pi05_sp_500,raw,r6c_cal_pi05_spatial_500:eval:8:9,8,0,0.775462,0.772929,0.854773,0.854957,2.078759,2.075807,0.0
pi05_sp_500,raw,r6c_cal_pi05_spatial_500:eval:8:9,8,2,0.71871,0.716233,0.794592,0.794503,2.127102,2.124081,0.0
pi05_sp_500,raw,r6c_cal_pi05_spatial_500:eval:8:9,8,4,2.831,2.827762,2.927677,2.928205,4.411448,4.40857,0.0
pi05_sp_500,raw,r6c_cal_pi05_spatial_500:eval:8:9,8,6,1.460544,1.457572,1.534747,1.535244,2.906956,2.90443,0.0
pi05_sp_500,raw,r6c_cal_pi05_spatial_500:eval:8:9,8,8,1.378059,1.375055,1.472117,1.472764,3.037025,3.034226,0.0
pi05_sp_500,raw,r6c_cal_pi05_spatial_500:eval:8:9,8,10,1.575469,1.572262,1.668471,1.668926,3.2774,3.274458,0.0
pi05_sp_500,raw,r6c_cal_pi05_spatial_500:eval:8:9,8,12,1.451346,1.448571,1.539231,1.53951,2.947577,2.944816,0.0
pi05_sp_500,raw,r6c_cal_pi05_spatial_500:eval:8:9,8,14,1.379791,1.376952,1.452229,1.452556,2.726429,2.723989,0.0
pi05_sp_500,raw,r6c_cal_pi05_spatial_500:eval:8:9,8,16,1.351796,1.347522,1.480289,1.48023,2.791614,2.788396,0.0
pi05_sp_500,raw,r6c_cal_pi05_spatial_500:eval:8:9,8,18,1.532492,1.529444,1.630124,1.630972,3.084353,3.08172,0.0
pi05_sp_500,raw,r6c_cal_pi05_spatial_500:eval:9:2,9,0,0.816458,0.813825,0.888017,0.88795,2.177466,2.174335,0.0
pi05_sp_500,raw,r6c_cal_pi05_spatial_500:eval:9:2,9,2,0.756605,0.753942,0.832872,0.833032,2.180569,2.177497,0.0
pi05_sp_500,raw,r6c_cal_pi05_spatial_500:eval:9:2,9,4,2.73138,2.728121,2.829266,2.829888,4.429686,4.426888,0.0
pi05_sp_500,raw,r6c_cal_pi05_spatial_500:eval:9:2,9,6,1.681521,1.678147,1.76994,1.769985,3.261076,3.258081,0.0
pi05_sp_500,raw,r6c_cal_pi05_spatial_500:eval:9:2,9,8,1.479884,1.477046,1.567245,1.56772,2.921823,2.919005,0.0
pi05_sp_500,raw,r6c_cal_pi05_spatial_500:eval:9:2,9,10,1.426439,1.423248,1.517082,1.517305,2.910196,2.907411,0.0
pi05_sp_500,raw,r6c_cal_pi05_spatial_500:eval:9:2,9,12,1.479877,1.476507,1.585133,1.585453,3.022281,3.019478,0.0
pi05_sp_500,raw,r6c_cal_pi05_spatial_500:eval:9:2,9,14,1.474968,1.472059,1.560424,1.560743,2.96193,2.959083,0.0
pi05_sp_500,raw,r6c_cal_pi05_spatial_500:eval:9:2,9,16,1.4267,1.423771,1.515438,1.515783,3.014596,3.011619,0.0
pi05_sp_500,raw,r6c_cal_pi05_spatial_500:eval:9:2,9,18,1.603774,1.600613,1.701867,1.702177,3.324972,3.322046,0.0
pi05_sp_500,raw,r6c_cal_pi05_spatial_500:eval:9:2,9,19,1.548915,1.546011,1.623,1.623634,3.026524,3.024106,0.0
pi05_sp_500,raw,r6c_cal_pi05_spatial_500:eval:9:2,9,21,1.447579,1.444707,1.534024,1.535734,2.867285,2.864724,0.0
pi05_sp_500,raw,r6c_cal_pi05_spatial_500:eval:9:2,9,23,1.361902,1.358852,1.446708,1.446991,2.859024,2.856149,0.0
pi05_sp_500,raw,r6c_cal_pi05_spatial_500:eval:9:2,9,25,1.604066,1.601103,1.697351,1.697868,3.130129,3.127431,0.0
pi05_sp_500,code,r6c_cal_pi05_spatial_500:eval:0:9,0,0,0.044862,0.043059,0.196195,0.205304,2.71335,2.709315,0.044862
pi05_sp_500,code,r6c_cal_pi05_spatial_500:eval:0:9,0,2,0.037792,0.03582,0.157996,0.158681,1.697938,1.69508,0.03439
pi05_sp_500,code,r6c_cal_pi05_spatial_500:eval:0:9,0,4,1.538593,1.535594,1.707177,1.707396,3.047625,3.044413,0.03346
pi05_sp_500,code,r6c_cal_pi05_spatial_500:eval:0:9,0,6,0.578905,0.575975,0.71731,0.717653,2.134645,2.131532,0.034962
pi05_sp_500,code,r6c_cal_pi05_spatial_500:eval:0:9,0,8,0.577352,0.574387,0.713816,0.715697,1.9652,1.962272,0.033973
pi05_sp_500,code,r6c_cal_pi05_spatial_500:eval:0:9,0,10,0.590554,0.587624,0.717131,0.718184,2.040427,2.037808,0.028381
pi05_sp_500,code,r6c_cal_pi05_spatial_500:eval:0:9,0,11,0.580651,0.5777,0.712762,0.741039,2.094017,2.09115,0.03013
pi05_sp_500,code,r6c_cal_pi05_spatial_500:eval:0:9,0,13,0.590903,0.588394,0.721722,0.722275,1.937674,1.934985,0.046767
pi05_sp_500,code,r6c_cal_pi05_spatial_500:eval:0:9,0,15,0.568247,0.565391,0.699791,0.700756,2.058221,2.055569,0.030114
pi05_sp_500,code,r6c_cal_pi05_spatial_500:eval:0:9,0,17,0.492386,0.489809,0.609057,0.610291,1.966113,1.963464,0.033782
pi05_sp_500,code,r6c_cal_pi05_spatial_500:eval:0:9,0,18,0.610439,0.600388,0.776104,0.777261,2.106672,2.10406,0.027897
pi05_sp_500,code,r6c_cal_pi05_spatial_500:eval:0:9,0,20,0.602052,0.599249,0.741329,0.742489,2.105205,2.1024,0.034559
pi05_sp_500,code,r6c_cal_pi05_spatial_500:eval:0:9,0,22,0.581597,0.578819,0.716026,0.717024,2.055005,2.052155,0.034901
pi05_sp_500,code,r6c_cal_pi05_spatial_500:eval:0:9,0,24,0.58405,0.58128,0.732104,0.733235,2.092792,2.090038,0.034607
pi05_sp_500,code,r6c_cal_pi05_spatial_500:eval:0:9,0,26,0.544196,0.541433,0.669463,0.670104,1.913104,1.91041,0.028988
pi05_sp_500,code,r6c_cal_pi05_spatial_500:eval:0:9,0,28,0.584345,0.58172,0.706607,0.70798,2.087854,2.08524,0.038248
pi05_sp_500,code,r6c_cal_pi05_spatial_500:eval:0:9,0,30,0.640748,0.637901,0.766965,0.767965,2.098321,2.09571,0.027888
pi05_sp_500,code,r6c_cal_pi05_spatial_500:eval:0:9,0,32,0.498375,0.495679,0.615892,0.617308,1.990142,1.987629,0.033691
pi05_sp_500,code,r6c_cal_pi05_spatial_500:eval:0:9,0,34,0.501874,0.499263,0.643456,0.612326,2.080405,2.078045,0.061258
pi05_sp_500,code,r6c_cal_pi05_spatial_500:eval:0:9,0,36,0.443945,0.441601,0.555093,0.555758,1.949605,1.947262,0.029226
pi05_sp_500,code,r6c_cal_pi05_spatial_500:eval:0:9,0,38,0.712649,0.709625,0.865718,0.866944,2.130621,2.128081,0.027373
pi05_sp_500,code,r6c_cal_pi05_spatial_500:eval:0:9,0,40,0.599717,0.596865,0.735832,0.736848,2.079607,2.07682,0.035222
pi05_sp_500,code,r6c_cal_pi05_spatial_500:eval:0:9,0,42,0.609195,0.606343,0.782251,0.768744,2.103376,2.08564,0.033613
pi05_sp_500,code,r6c_cal_pi05_spatial_500:eval:1:6,1,0,0.031837,0.030326,0.137075,0.137776,1.368711,1.366093,0.034129
pi05_sp_500,code,r6c_cal_pi05_spatial_500:eval:1:6,1,2,0.037466,0.035593,0.144474,0.145494,1.43413,1.431623,0.028536
pi05_sp_500,code,r6c_cal_pi05_spatial_500:eval:1:6,1,4,1.900248,1.897521,2.016229,2.016896,3.296911,3.294312,0.034357
pi05_sp_500,code,r6c_cal_pi05_spatial_500:eval:1:6,1,6,0.631712,0.628716,0.766083,0.766985,2.046528,2.043994,0.02797
pi05_sp_500,code,r6c_cal_pi05_spatial_500:eval:1:6,1,8,0.513377,0.510558,0.630925,0.631572,2.027107,2.024446,0.033651
pi05_sp_500,code,r6c_cal_pi05_spatial_500:eval:1:6,1,10,0.550935,0.548239,0.72296,0.724473,2.070926,2.068149,0.056809
pi05_sp_500,code,r6c_cal_pi05_spatial_500:eval:1:6,1,12,0.527615,0.524719,0.663795,0.664324,2.054223,2.051195,0.034691
pi05_sp_500,code,r6c_cal_pi05_spatial_500:eval:1:6,1,14,0.66879,0.665839,0.805431,0.80658,2.061503,2.05861,0.032707
pi05_sp_500,code,r6c_cal_pi05_spatial_500:eval:1:6,1,16,0.662376,0.659405,0.826655,0.827609,2.179333,2.176532,0.060536
pi05_sp_500,code,r6c_cal_pi05_spatial_500:eval:1:6,1,18,0.633782,0.630865,0.782695,0.783021,2.133153,2.130382,0.034969
pi05_sp_500,code,r6c_cal_pi05_spatial_500:eval:1:6,1,20,0.620188,0.617217,0.753545,0.755104,2.072097,2.069418,0.034038
pi05_sp_500,code,r6c_cal_pi05_spatial_500:eval:2:5,2,0,0.036746,0.034918,0.162137,0.162612,1.305761,1.302858,0.033901
pi05_sp_500,code,r6c_cal_pi05_spatial_500:eval:2:5,2,2,0.034835,0.032997,0.194305,0.163813,1.604488,1.570599,0.03264
pi05_sp_500,code,r6c_cal_pi05_spatial_500:eval:2:5,2,4,1.699703,1.697074,1.84318,1.843733,3.169682,3.166927,0.033699
pi05_sp_500,code,r6c_cal_pi05_spatial_500:eval:2:5,2,6,0.592132,0.589304,0.731279,0.732123,2.059284,2.056402,0.03416
pi05_sp_500,code,r6c_cal_pi05_spatial_500:eval:2:5,2,8,0.603275,0.600414,0.759239,0.759995,2.035772,2.032775,0.04815
pi05_sp_500,code,r6c_cal_pi05_spatial_500:eval:2:5,2,10,0.63251,0.629782,0.759443,0.760339,2.058503,2.05595,0.045482
pi05_sp_500,code,r6c_cal_pi05_spatial_500:eval:2:5,2,12,0.693307,0.677249,0.894234,0.896065,2.207673,2.205042,0.028936
pi05_sp_500,code,r6c_cal_pi05_spatial_500:eval:2:5,2,14,0.635249,0.632393,0.782215,0.78364,2.142659,2.139796,0.034528
pi05_sp_500,code,r6c_cal_pi05_spatial_500:eval:2:5,2,16,0.66179,0.658851,0.801257,0.801909,2.143509,2.140401,0.035123
pi05_sp_500,code,r6c_cal_pi05_spatial_500:eval:2:5,2,18,0.567676,0.564732,0.703856,0.70463,1.965699,1.962753,0.034248
pi05_sp_500,code,r6c_cal_pi05_spatial_500:eval:3:0,3,0,0.029927,0.02847,0.134394,0.134816,1.294236,1.291422,0.03561
pi05_sp_500,code,r6c_cal_pi05_spatial_500:eval:3:0,3,2,0.036738,0.034972,0.14375,0.144497,1.483138,1.480684,0.028087
pi05_sp_500,code,r6c_cal_pi05_spatial_500:eval:3:0,3,4,1.758447,1.755669,1.9017,1.902547,3.226285,3.22343,0.033369
pi05_sp_500,code,r6c_cal_pi05_spatial_500:eval:3:0,3,6,0.564599,0.561775,0.704751,0.705885,2.02047,2.017792,0.033777
pi05_sp_500,code,r6c_cal_pi05_spatial_500:eval:3:0,3,8,0.557167,0.554221,0.726139,0.726835,2.063558,2.061013,0.028842
pi05_sp_500,code,r6c_cal_pi05_spatial_500:eval:3:0,3,10,0.465882,0.463048,0.580298,0.581435,1.923021,1.920497,0.030026
pi05_sp_500,code,r6c_cal_pi05_spatial_500:eval:3:0,3,12,0.61499,0.612074,0.735534,0.736626,1.976268,1.973972,0.028096
pi05_sp_500,code,r6c_cal_pi05_spatial_500:eval:3:0,3,14,0.579551,0.576828,0.71137,0.712044,2.196723,2.193915,0.032905
pi05_sp_500,code,r6c_cal_pi05_spatial_500:eval:3:0,3,16,0.588508,0.585516,0.727447,0.728174,2.064257,2.061432,0.033644
pi05_sp_500,code,r6c_cal_pi05_spatial_500:eval:3:0,3,18,0.524664,0.521902,0.660926,0.662625,1.905569,1.902798,0.032768
pi05_sp_500,code,r6c_cal_pi05_spatial_500:eval:4:11,4,0,0.036745,0.034982,0.150204,0.150869,1.320693,1.317617,0.03436
pi05_sp_500,code,r6c_cal_pi05_spatial_500:eval:4:11,4,2,0.036942,0.035146,0.14695,0.147481,1.46698,1.464418,0.028347
pi05_sp_500,code,r6c_cal_pi05_spatial_500:eval:4:11,4,4,1.947266,1.944335,2.086509,2.088142,3.467864,3.465034,0.032319
pi05_sp_500,code,r6c_cal_pi05_spatial_500:eval:4:11,4,6,0.583647,0.580798,0.70299,0.703983,2.099286,2.096476,0.033877
pi05_sp_500,code,r6c_cal_pi05_spatial_500:eval:4:11,4,8,0.483747,0.481315,0.668686,0.671044,2.110041,2.107282,0.028183
pi05_sp_500,code,r6c_cal_pi05_spatial_500:eval:4:11,4,10,0.577425,0.574377,0.712892,0.713497,2.0598,2.05696,0.033627
pi05_sp_500,code,r6c_cal_pi05_spatial_500:eval:4:11,4,12,0.686708,0.683822,0.850008,0.850964,2.18987,2.186955,0.03636
pi05_sp_500,code,r6c_cal_pi05_spatial_500:eval:4:11,4,14,0.633263,0.630164,0.828658,0.829499,2.306777,2.303563,0.072172
pi05_sp_500,code,r6c_cal_pi05_spatial_500:eval:4:11,4,16,0.541864,0.539031,0.663729,0.664626,2.066683,2.063944,0.034778
pi05_sp_500,code,r6c_cal_pi05_spatial_500:eval:4:11,4,18,0.608827,0.60583,0.742488,0.743476,2.067207,2.064346,0.03386
pi05_sp_500,code,r6c_cal_pi05_spatial_500:eval:4:11,4,20,0.609671,0.606693,0.744757,0.745606,2.017259,2.01437,0.032833
pi05_sp_500,code,r6c_cal_pi05_spatial_500:eval:4:11,4,22,0.627586,0.624764,0.748139,0.74932,2.197461,2.194728,0.034692
pi05_sp_500,code,r6c_cal_pi05_spatial_500:eval:4:11,4,24,0.629483,0.626369,0.760177,0.76108,2.220403,2.217777,0.029228
pi05_sp_500,code,r6c_cal_pi05_spatial_500:eval:5:9,5,0,0.037335,0.035446,0.154755,0.155332,1.380832,1.377957,0.03794
pi05_sp_500,code,r6c_cal_pi05_spatial_500:eval:5:9,5,2,0.048034,0.046393,0.192083,0.192114,1.645826,1.643037,0.034097
pi05_sp_500,code,r6c_cal_pi05_spatial_500:eval:5:9,5,4,1.641201,1.6383,1.774039,1.774725,3.072159,3.069431,0.033063
pi05_sp_500,code,r6c_cal_pi05_spatial_500:eval:5:9,5,6,0.740688,0.737634,0.874178,0.893267,2.169407,2.166363,0.033745
pi05_sp_500,code,r6c_cal_pi05_spatial_500:eval:5:9,5,8,0.624918,0.621781,0.763904,0.764832,2.138161,2.13535,0.034824
pi05_sp_500,code,r6c_cal_pi05_spatial_500:eval:5:9,5,10,0.603382,0.600501,0.741822,0.743118,2.101395,2.098608,0.034924
pi05_sp_500,code,r6c_cal_pi05_spatial_500:eval:5:9,5,12,0.56398,0.561115,0.69369,0.694702,2.078782,2.07604,0.035976
pi05_sp_500,code,r6c_cal_pi05_spatial_500:eval:5:9,5,14,0.602983,0.6,0.756606,0.757038,2.094098,2.091066,0.029747
pi05_sp_500,code,r6c_cal_pi05_spatial_500:eval:5:9,5,16,0.473329,0.470958,0.632438,0.632827,1.981618,1.978475,0.03471
pi05_sp_500,code,r6c_cal_pi05_spatial_500:eval:5:9,5,17,0.674372,0.660295,0.839264,0.810407,2.305106,2.302227,0.064624
pi05_sp_500,code,r6c_cal_pi05_spatial_500:eval:5:9,5,19,0.621706,0.618721,0.752327,0.753293,2.096448,2.093527,0.033125
pi05_sp_500,code,r6c_cal_pi05_spatial_500:eval:5:9,5,21,0.616178,0.613518,0.734222,0.7354,2.137122,2.134553,0.03479
pi05_sp_500,code,r6c_cal_pi05_spatial_500:eval:5:9,5,23,0.521487,0.518853,0.636106,0.636969,1.965216,1.962814,0.029808
pi05_sp_500,code,r6c_cal_pi05_spatial_500:eval:5:9,5,25,0.696554,0.688167,0.827204,0.828484,2.39166,2.388988,0.028738
pi05_sp_500,code,r6c_cal_pi05_spatial_500:eval:5:9,5,27,0.631779,0.628744,0.776238,0.786144,2.146331,2.143559,0.035313
pi05_sp_500,code,r6c_cal_pi05_spatial_500:eval:5:9,5,29,0.576665,0.573857,0.706193,0.700097,2.128504,2.1187,0.035853
pi05_sp_500,code,r6c_cal_pi05_spatial_500:eval:5:9,5,31,0.604929,0.602001,0.737038,0.737847,2.035499,2.03294,0.02952
pi05_sp_500,code,r6c_cal_pi05_spatial_500:eval:5:9,5,33,0.598906,0.596025,0.733443,0.734265,2.104173,2.101376,0.031032
pi05_sp_500,code,r6c_cal_pi05_spatial_500:eval:5:9,5,35,0.688154,0.685238,0.82663,0.827254,2.130397,2.127208,0.033998
pi05_sp_500,code,r6c_cal_pi05_spatial_500:eval:5:9,5,37,0.621909,0.618909,0.75583,0.767014,2.175106,2.172274,0.034816
pi05_sp_500,code,r6c_cal_pi05_spatial_500:eval:5:9,5,39,0.670349,0.667166,0.807747,0.813579,2.15489,2.151998,0.034726
pi05_sp_500,code,r6c_cal_pi05_spatial_500:eval:5:9,5,41,0.603297,0.600326,0.737123,0.737685,2.016454,2.013405,0.034172
pi05_sp_500,code,r6c_cal_pi05_spatial_500:eval:5:9,5,43,0.611646,0.608808,0.730827,0.731845,2.089483,2.086984,0.029714
pi05_sp_500,code,r6c_cal_pi05_spatial_500:eval:6:9,6,0,0.037959,0.035971,0.157742,0.158574,1.620645,1.617567,0.036319
pi05_sp_500,code,r6c_cal_pi05_spatial_500:eval:6:9,6,2,0.037106,0.035137,0.155397,0.156118,1.544319,1.541371,0.037055
pi05_sp_500,code,r6c_cal_pi05_spatial_500:eval:6:9,6,4,1.746328,1.743079,1.878367,1.879638,3.212747,3.209994,0.033797
pi05_sp_500,code,r6c_cal_pi05_spatial_500:eval:6:9,6,6,0.621586,0.618517,0.754019,0.754574,2.006486,2.003714,0.034402
pi05_sp_500,code,r6c_cal_pi05_spatial_500:eval:6:9,6,8,0.551232,0.548443,0.670946,0.672,2.094374,2.091799,0.034691
pi05_sp_500,code,r6c_cal_pi05_spatial_500:eval:6:9,6,10,0.786264,0.783187,0.922731,0.923509,2.217906,2.215093,0.028248
pi05_sp_500,code,r6c_cal_pi05_spatial_500:eval:6:9,6,12,0.629901,0.626975,0.767622,0.768163,2.150758,2.14784,0.035076
pi05_sp_500,code,r6c_cal_pi05_spatial_500:eval:6:9,6,14,0.585327,0.582422,0.721795,0.722886,2.058063,2.055374,0.03477
pi05_sp_500,code,r6c_cal_pi05_spatial_500:eval:6:9,6,16,0.651377,0.648396,0.796194,0.797058,2.107755,2.105191,0.035045
pi05_sp_500,code,r6c_cal_pi05_spatial_500:eval:6:9,6,18,0.660215,0.657322,0.811626,0.812813,2.114029,2.111592,0.029178
pi05_sp_500,code,r6c_cal_pi05_spatial_500:eval:6:9,6,20,0.624752,0.621777,0.785876,0.786704,2.244288,2.241378,0.031965
pi05_sp_500,code,r6c_cal_pi05_spatial_500:eval:7:0,7,0,0.037282,0.035499,0.152438,0.153326,1.399105,1.396348,0.036166
pi05_sp_500,code,r6c_cal_pi05_spatial_500:eval:7:0,7,2,0.055628,0.053744,0.175264,0.1761,1.4776,1.475099,0.029856
pi05_sp_500,code,r6c_cal_pi05_spatial_500:eval:7:0,7,4,1.873165,1.869961,2.005941,2.006592,3.31874,3.31588,0.033718
pi05_sp_500,code,r6c_cal_pi05_spatial_500:eval:7:0,7,6,0.672677,0.669777,0.803966,0.804769,2.106511,2.103609,0.034343
pi05_sp_500,code,r6c_cal_pi05_spatial_500:eval:7:0,7,8,0.722409,0.719588,0.859927,0.860834,2.364669,2.361844,0.034613
pi05_sp_500,code,r6c_cal_pi05_spatial_500:eval:7:0,7,10,0.677151,0.674066,0.826408,0.827512,2.219519,2.216743,0.033707
pi05_sp_500,code,r6c_cal_pi05_spatial_500:eval:7:0,7,12,0.68294,0.680002,0.821816,0.822803,2.11927,2.11643,0.035437
pi05_sp_500,code,r6c_cal_pi05_spatial_500:eval:7:0,7,14,0.711273,0.708265,0.843831,0.848459,2.138796,2.136104,0.029038
pi05_sp_500,code,r6c_cal_pi05_spatial_500:eval:7:0,7,16,0.790483,0.787422,0.923215,0.937053,2.36679,2.363674,0.033108
pi05_sp_500,code,r6c_cal_pi05_spatial_500:eval:7:0,7,18,0.686105,0.682955,0.829936,0.831392,2.211119,2.208288,0.045078
pi05_sp_500,code,r6c_cal_pi05_spatial_500:eval:7:0,7,20,0.660864,0.657977,0.792632,0.793098,2.247063,2.244117,0.034856
pi05_sp_500,code,r6c_cal_pi05_spatial_500:eval:7:0,7,22,0.645952,0.64309,0.773138,0.774357,2.105616,2.103045,0.033416
pi05_sp_500,code,r6c_cal_pi05_spatial_500:eval:8:9,8,0,0.036785,0.034931,0.166419,0.167185,1.506825,1.503807,0.0355
pi05_sp_500,code,r6c_cal_pi05_spatial_500:eval:8:9,8,2,0.03647,0.034582,0.154538,0.15559,1.50738,1.504763,0.03384
pi05_sp_500,code,r6c_cal_pi05_spatial_500:eval:8:9,8,4,1.785801,1.782785,1.921559,1.92276,3.33675,3.334093,0.03442
pi05_sp_500,code,r6c_cal_pi05_spatial_500:eval:8:9,8,6,0.627279,0.624298,0.755266,0.756088,2.100818,2.098295,0.02876
pi05_sp_500,code,r6c_cal_pi05_spatial_500:eval:8:9,8,8,0.567616,0.564909,0.686643,0.687465,2.071784,2.069146,0.035031
pi05_sp_500,code,r6c_cal_pi05_spatial_500:eval:8:9,8,10,0.547261,0.544472,0.670411,0.672343,2.05665,2.054319,0.029041
pi05_sp_500,code,r6c_cal_pi05_spatial_500:eval:8:9,8,12,0.640809,0.637909,0.776959,0.777702,2.216714,2.213866,0.033977
pi05_sp_500,code,r6c_cal_pi05_spatial_500:eval:8:9,8,14,0.631698,0.6287,0.769684,0.771066,2.141752,2.138943,0.034249
pi05_sp_500,code,r6c_cal_pi05_spatial_500:eval:8:9,8,16,0.634948,0.632089,0.769559,0.770154,2.08841,2.085732,0.034242
pi05_sp_500,code,r6c_cal_pi05_spatial_500:eval:8:9,8,18,0.599284,0.596405,0.721579,0.720235,2.149681,2.147067,0.035423
pi05_sp_500,code,r6c_cal_pi05_spatial_500:eval:9:2,9,0,0.037186,0.035324,0.150211,0.150747,1.459323,1.456334,0.034239
pi05_sp_500,code,r6c_cal_pi05_spatial_500:eval:9:2,9,2,0.037992,0.036159,0.15524,0.156228,1.57263,1.569959,0.03446
pi05_sp_500,code,r6c_cal_pi05_spatial_500:eval:9:2,9,4,1.980226,1.977069,2.112987,2.114347,3.580562,3.577861,0.033981
pi05_sp_500,code,r6c_cal_pi05_spatial_500:eval:9:2,9,6,0.670992,0.668129,0.823425,0.824042,2.231636,2.228752,0.02928
pi05_sp_500,code,r6c_cal_pi05_spatial_500:eval:9:2,9,8,0.644202,0.641069,0.790104,0.790614,2.15629,2.153387,0.034546
pi05_sp_500,code,r6c_cal_pi05_spatial_500:eval:9:2,9,10,0.74053,0.737163,0.90716,0.925925,2.464275,2.461317,0.064325
pi05_sp_500,code,r6c_cal_pi05_spatial_500:eval:9:2,9,12,0.683423,0.680555,0.834935,0.835698,2.223412,2.220587,0.04706
pi05_sp_500,code,r6c_cal_pi05_spatial_500:eval:9:2,9,14,0.634419,0.631276,0.77824,0.779092,2.148374,2.145568,0.034615
pi05_sp_500,code,r6c_cal_pi05_spatial_500:eval:9:2,9,16,0.669652,0.666668,0.801562,0.802475,2.156894,2.153943,0.034269
pi05_sp_500,code,r6c_cal_pi05_spatial_500:eval:9:2,9,18,0.676091,0.67331,0.795134,0.792729,2.244341,2.241757,0.036818
pi05_sp_500,code,r6c_cal_pi05_spatial_500:eval:9:2,9,19,0.847148,0.844294,1.002593,0.986086,2.380765,2.37814,0.054024
pi05_sp_500,code,r6c_cal_pi05_spatial_500:eval:9:2,9,21,0.659293,0.656182,0.812778,0.81371,2.170233,2.167376,0.034303
pi05_sp_500,code,r6c_cal_pi05_spatial_500:eval:9:2,9,23,0.657529,0.654752,0.790429,0.79083,2.149697,2.146779,0.035285
pi05_sp_500,code,r6c_cal_pi05_spatial_500:eval:9:2,9,25,0.634749,0.63207,0.784947,0.785111,2.139455,2.136346,0.034425
